datetime,open,high,low,close,volume
2026-07-05 03:35:00,148.0,148.2,147.88,147.95,26497.99
2026-07-05 03:40:00,147.95,147.95,147.78,147.8,1236.8
2026-07-05 03:45:00,147.8,148.27,147.67,148.26,87132.38
2026-07-05 03:50:00,148.26,148.57,148.2,148.55,26461.58
2026-07-05 03:55:00,148.55,148.64,148.13,148.18,12956.88
2026-07-05 04:00:00,148.18,148.34,148.13,148.19,22617.31
2026-07-05 04:05:00,148.19,148.24,148.16,148.24,53200.83
2026-07-05 04:10:00,148.24,148.33,148.05,148.27,23081.16
2026-07-05 04:15:00,148.27,148.45,148.22,148.41,14752.95
2026-07-05 04:20:00,148.41,148.56,148.27,148.35,113166.15
2026-07-05 04:25:00,148.35,148.39,147.95,148.14,20137.7
2026-07-05 04:30:00,148.14,148.26,148.0,148.24,479.73
2026-07-05 04:35:00,148.24,148.4,148.14,148.37,7713.42
2026-07-05 04:40:00,148.37,148.58,148.33,148.5,2989.86
2026-07-05 04:45:00,148.5,148.5,148.41,148.44,15077.42
2026-07-05 04:50:00,148.44,148.45,148.29,148.36,26208.95
2026-07-05 04:55:00,148.36,148.43,148.24,148.28,4287.71
2026-07-05 05:00:00,148.28,148.58,148.15,148.54,19677.38
2026-07-05 05:05:00,148.54,148.67,148.51,148.64,1685.58
2026-07-05 05:10:00,148.64,148.68,148.38,148.49,20403.6
2026-07-05 05:15:00,148.49,148.58,148.15,148.33,16912.2
2026-07-05 05:20:00,148.33,148.37,148.13,148.32,25322.05
2026-07-05 05:25:00,148.32,148.8,148.29,148.68,2733.92
2026-07-05 05:30:00,148.68,148.79,148.41,148.57,16718.13
2026-07-05 05:35:00,148.57,148.61,148.45,148.55,32979.83
2026-07-05 05:40:00,148.55,148.62,148.39,148.5,58927.78
2026-07-05 05:45:00,148.5,148.71,148.39,148.46,1142.19
2026-07-05 05:50:00,148.46,148.49,148.29,148.36,65621.29
2026-07-05 05:55:00,148.36,148.47,148.32,148.43,6979.02
2026-07-05 06:00:00,148.43,148.46,148.12,148.18,103838.03
2026-07-05 06:05:00,148.18,148.29,148.03,148.26,316734.17
2026-07-05 06:10:00,148.26,148.3,148.13,148.15,38058.68
2026-07-05 06:15:00,148.15,148.56,147.97,148.32,72038.1
2026-07-05 06:20:00,148.32,148.35,148.01,148.16,1530.54
2026-07-05 06:25:00,148.16,148.29,147.88,147.99,12313.89
2026-07-05 06:30:00,147.99,148.43,147.84,148.32,55439.71
2026-07-05 06:35:00,148.32,148.38,148.21,148.28,69659.51
2026-07-05 06:40:00,148.28,148.32,147.98,147.99,66806.06
2026-07-05 06:45:00,147.99,148.04,147.8,147.97,34953.86
2026-07-05 06:50:00,147.97,148.0,147.95,148.0,40925.42
2026-07-05 06:55:00,148.0,148.09,147.61,148.02,31843.31
2026-07-05 07:00:00,148.02,148.19,147.98,148.1,23595.78
2026-07-05 07:05:00,148.1,148.4,147.88,148.0,20240.79
2026-07-05 07:10:00,148.0,148.09,147.8,147.91,11913.29
2026-07-05 07:15:00,147.91,148.04,147.66,147.82,33899.3
2026-07-05 07:20:00,147.82,147.91,147.52,147.57,10006.39
2026-07-05 07:25:00,147.57,148.02,147.55,147.96,163094.37
2026-07-05 07:30:00,147.96,148.0,147.77,147.78,52905.23
2026-07-05 07:35:00,147.78,147.86,147.65,147.86,29868.21
2026-07-05 07:40:00,147.86,147.86,147.48,147.48,63494.37
2026-07-05 07:45:00,147.48,148.0,147.09,147.87,4625.41
2026-07-05 07:50:00,147.87,147.93,147.55,147.68,63065.94
2026-07-05 07:55:00,147.68,147.95,147.6,147.9,49695.05
2026-07-05 08:00:00,147.9,147.97,147.66,147.68,681.39
2026-07-05 08:05:00,147.68,148.19,147.37,148.08,142532.54
2026-07-05 08:10:00,148.08,148.33,147.92,147.99,48305.95
2026-07-05 08:15:00,147.99,148.1,147.63,147.63,80028.5
2026-07-05 08:20:00,147.63,148.0,147.5,147.97,1881.31
2026-07-05 08:25:00,147.97,148.05,147.85,147.89,6875.65
2026-07-05 08:30:00,147.89,148.36,147.59,148.26,207.65
2026-07-05 08:35:00,148.26,148.39,148.2,148.3,90149.83
2026-07-05 08:40:00,148.3,148.64,148.12,148.62,26588.55
2026-07-05 08:45:00,148.62,148.72,148.45,148.68,15781.28
2026-07-05 08:50:00,148.68,149.2,148.26,148.4,424920.23
2026-07-05 08:55:00,148.4,148.74,148.36,148.66,22911.66
2026-07-05 09:00:00,148.66,149.14,148.26,148.34,239646.81
2026-07-05 09:05:00,148.34,148.67,148.31,148.58,59107.23
2026-07-05 09:10:00,148.58,148.73,148.47,148.66,8570.62
2026-07-05 09:15:00,148.66,148.87,148.52,148.76,8166.21
2026-07-05 09:20:00,148.76,149.11,148.7,149.03,53682.7
2026-07-05 09:25:00,149.03,149.5,148.55,148.63,511276.34
2026-07-05 09:30:00,148.63,148.86,148.62,148.74,98759.91
2026-07-05 09:35:00,148.74,148.75,148.64,148.68,20781.73
2026-07-05 09:40:00,148.68,148.93,148.19,148.25,2460.56
2026-07-05 09:45:00,148.25,148.58,148.13,148.52,110525.54
2026-07-05 09:50:00,148.52,148.66,148.29,148.37,48190.87
2026-07-05 09:55:00,148.37,149.0,148.34,148.88,46503.25
2026-07-05 10:00:00,148.88,148.88,148.73,148.78,48192.42
2026-07-05 10:05:00,148.78,149.1,148.41,148.49,41941.5
2026-07-05 10:10:00,148.49,148.57,148.34,148.49,13101.77
2026-07-05 10:15:00,148.49,148.56,148.38,148.4,111161.96
2026-07-05 10:20:00,148.4,148.46,148.22,148.29,123054.19
2026-07-05 10:25:00,148.29,148.41,148.26,148.36,55610.29
2026-07-05 10:30:00,148.36,148.7,148.32,148.57,27817.82
2026-07-05 10:35:00,148.57,148.93,148.03,148.15,356743.44
2026-07-05 10:40:00,148.15,148.39,147.97,147.99,12635.62
2026-07-05 10:45:00,147.99,148.14,147.74,147.77,102741.53
2026-07-05 10:50:00,147.77,148.17,147.36,148.11,35825.28
2026-07-05 10:55:00,148.11,148.28,147.93,148.03,46384.36
2026-07-05 11:00:00,148.03,148.21,147.88,148.16,150200.2
2026-07-05 11:05:00,148.16,148.42,148.15,148.39,3561.02
2026-07-05 11:10:00,148.39,148.64,147.95,148.03,154487.09
2026-07-05 11:15:00,148.03,148.46,147.98,148.31,23703.22
2026-07-05 11:20:00,148.31,148.42,148.19,148.27,99324.17
2026-07-05 11:25:00,148.27,148.5,148.11,148.37,14843.89
2026-07-05 11:30:00,148.37,148.58,148.33,148.56,32145.97
2026-07-05 11:35:00,148.56,148.68,148.52,148.64,50288.77
2026-07-05 11:40:00,148.64,148.81,148.56,148.71,49385.05
2026-07-05 11:45:00,148.71,148.85,148.58,148.6,53232.46
2026-07-05 11:50:00,148.6,148.64,148.45,148.47,7504.44
2026-07-05 11:55:00,148.47,148.65,148.3,148.58,6027.7
2026-07-05 12:00:00,148.58,148.71,148.32,148.39,76881.06
2026-07-05 12:05:00,148.39,148.53,148.1,148.23,86567.72
2026-07-05 12:10:00,148.23,148.43,148.17,148.39,54540.72
2026-07-05 12:15:00,148.39,148.54,148.19,148.4,9193.25
2026-07-05 12:20:00,148.4,148.73,148.37,148.57,37231.5
2026-07-05 12:25:00,148.57,148.58,148.14,148.37,6929.42
2026-07-05 12:30:00,148.37,148.47,148.08,148.33,26030.2
2026-07-05 12:35:00,148.33,148.37,148.04,148.34,39311.5
2026-07-05 12:40:00,148.34,148.43,148.22,148.4,9872.65
2026-07-05 12:45:00,148.4,148.52,147.98,148.12,43331.77
2026-07-05 12:50:00,148.12,148.36,147.72,147.75,5349.63
2026-07-05 12:55:00,147.75,148.23,147.11,148.15,352358.42
2026-07-05 13:00:00,148.15,148.31,147.82,148.22,68744.49
2026-07-05 13:05:00,148.22,148.28,148.13,148.26,3573.96
2026-07-05 13:10:00,148.26,148.39,147.92,148.32,40774.18
2026-07-05 13:15:00,148.32,148.33,148.1,148.19,20502.33
2026-07-05 13:20:00,148.19,148.23,147.75,148.0,29569.32
2026-07-05 13:25:00,148.0,148.17,147.84,147.85,15897.94
2026-07-05 13:30:00,147.85,148.18,147.71,148.09,74547.42
2026-07-05 13:35:00,148.09,148.1,148.08,148.09,94262.01
2026-07-05 13:40:00,148.09,148.1,148.01,148.02,78273.72
2026-07-05 13:45:00,148.02,148.15,148.0,148.13,133024.66
2026-07-05 13:50:00,148.13,148.2,147.99,148.02,23631.39
2026-07-05 13:55:00,148.02,148.09,147.85,148.0,13513.18
2026-07-05 14:00:00,148.0,148.06,147.78,147.85,35835.99
2026-07-05 14:05:00,147.85,148.06,147.78,148.03,2909.85
2026-07-05 14:10:00,148.03,148.19,147.9,148.13,2960.2
2026-07-05 14:15:00,148.13,148.24,148.04,148.22,73572.48
2026-07-05 14:20:00,148.22,148.49,148.21,148.34,3615.46
2026-07-05 14:25:00,148.34,148.39,148.22,148.23,98934.52
2026-07-05 14:30:00,148.23,148.42,148.22,148.31,88890.26
2026-07-05 14:35:00,148.31,148.33,148.23,148.33,77180.36
2026-07-05 14:40:00,148.33,148.36,148.26,148.28,27662.75
2026-07-05 14:45:00,148.28,148.48,148.05,148.09,3110.36
2026-07-05 14:50:00,148.09,148.13,147.94,148.03,6157.53
2026-07-05 14:55:00,148.03,148.11,147.81,148.03,11776.2
2026-07-05 15:00:00,148.03,148.08,147.57,147.68,25658.85
2026-07-05 15:05:00,147.68,147.94,147.21,147.87,110925.8
2026-07-05 15:10:00,147.87,147.87,147.79,147.84,130369.79
2026-07-05 15:15:00,147.84,147.87,147.46,147.48,2377.97
2026-07-05 15:20:00,147.48,147.59,147.35,147.54,60374.13
2026-07-05 15:25:00,147.54,147.79,147.05,147.71,309749.3
2026-07-05 15:30:00,147.71,148.0,147.49,147.55,45278.2
2026-07-05 15:35:00,147.55,147.92,147.08,147.83,9603.1
2026-07-05 15:40:00,147.83,147.89,147.47,147.48,62061.23
2026-07-05 15:45:00,147.48,147.88,147.21,147.78,59162.27
2026-07-05 15:50:00,147.78,147.9,147.75,147.83,15246.33
2026-07-05 15:55:00,147.83,147.86,147.44,147.47,5875.77
2026-07-05 16:00:00,147.47,147.63,147.37,147.52,23477.81
2026-07-05 16:05:00,147.52,147.53,147.15,147.32,65908.14
2026-07-05 16:10:00,147.32,147.43,147.07,147.08,9244.0
2026-07-05 16:15:00,147.08,147.13,147.01,147.11,45065.45
2026-07-05 16:20:00,147.11,147.39,146.78,147.31,32657.42
2026-07-05 16:25:00,147.31,147.64,146.68,147.55,133271.73
2026-07-05 16:30:00,147.55,147.81,147.17,147.67,119174.47
2026-07-05 16:35:00,147.67,148.06,147.55,147.92,32906.14
2026-07-05 16:40:00,147.92,148.0,147.72,147.73,16548.9
2026-07-05 16:45:00,147.73,148.04,147.08,147.99,741275.82
2026-07-05 16:50:00,147.99,148.1,147.64,147.75,40243.14
2026-07-05 16:55:00,147.75,147.93,147.73,147.75,17407.29
2026-07-05 17:00:00,147.75,147.75,147.54,147.71,65036.93
2026-07-05 17:05:00,147.71,148.13,147.4,148.04,358067.79
2026-07-05 17:10:00,148.04,148.16,147.74,147.84,54468.29
2026-07-05 17:15:00,147.84,147.91,147.83,147.91,3437.22
2026-07-05 17:20:00,147.91,148.02,147.77,147.88,45260.32
2026-07-05 17:25:00,147.88,148.0,147.72,147.96,53692.83
2026-07-05 17:30:00,147.96,148.01,147.46,147.64,24190.7
2026-07-05 17:35:00,147.64,148.12,147.13,148.04,345104.02
2026-07-05 17:40:00,148.04,148.12,147.96,148.03,12085.82
2026-07-05 17:45:00,148.03,148.12,147.88,148.05,17906.15
2026-07-05 17:50:00,148.05,148.19,148.02,148.1,84888.86
2026-07-05 17:55:00,148.1,148.31,148.1,148.2,122405.74
2026-07-05 18:00:00,148.2,148.2,148.19,148.2,28849.32
2026-07-05 18:05:00,148.2,148.31,148.05,148.2,46937.76
2026-07-05 18:10:00,148.2,148.37,148.07,148.18,34792.21
2026-07-05 18:15:00,148.18,148.27,148.09,148.13,29865.43
2026-07-05 18:20:00,148.13,148.24,147.86,147.87,54532.08
2026-07-05 18:25:00,147.87,147.94,147.67,147.74,2970.82
2026-07-05 18:30:00,147.74,147.79,147.71,147.78,18684.17
2026-07-05 18:35:00,147.78,147.81,147.65,147.67,8886.04
2026-07-05 18:40:00,147.67,148.21,147.4,148.08,110787.82
2026-07-05 18:45:00,148.08,148.43,147.97,148.38,4455.09
2026-07-05 18:50:00,148.38,148.45,148.09,148.12,163372.12
2026-07-05 18:55:00,148.12,148.2,148.06,148.09,108734.0
2026-07-05 19:00:00,148.09,148.14,147.82,147.94,60785.33
2026-07-05 19:05:00,147.94,148.15,147.9,148.05,51487.9
2026-07-05 19:10:00,148.05,148.13,147.73,147.86,35436.35
2026-07-05 19:15:00,147.86,148.06,147.81,147.97,31662.14
2026-07-05 19:20:00,147.97,148.03,147.87,147.96,14139.42
2026-07-05 19:25:00,147.96,148.01,147.92,147.98,16361.96
2026-07-05 19:30:00,147.98,148.11,147.47,147.5,38703.87
2026-07-05 19:35:00,147.5,147.57,146.94,147.13,10663.59
2026-07-05 19:40:00,147.13,147.32,146.95,147.15,79961.24
2026-07-05 19:45:00,147.15,147.29,146.94,147.17,15438.92
2026-07-05 19:50:00,147.17,147.37,146.97,147.1,19721.53
2026-07-05 19:55:00,147.1,147.12,146.97,147.06,4553.61
2026-07-05 20:00:00,147.06,147.39,146.92,147.3,18955.94
2026-07-05 20:05:00,147.3,147.61,146.98,147.52,240059.8
2026-07-05 20:10:00,147.52,147.64,147.37,147.48,9122.17
2026-07-05 20:15:00,147.48,147.73,147.42,147.58,49498.91
2026-07-05 20:20:00,147.58,147.76,147.57,147.68,8691.74
2026-07-05 20:25:00,147.68,147.69,147.48,147.64,32778.48
2026-07-05 20:30:00,147.64,147.76,147.55,147.72,114688.55
2026-07-05 20:35:00,147.72,147.76,147.28,147.36,22826.0
2026-07-05 20:40:00,147.36,147.4,147.13,147.19,22798.11
2026-07-05 20:45:00,147.19,147.33,147.16,147.29,2056.11
2026-07-05 20:50:00,147.29,147.47,147.28,147.39,67792.68
2026-07-05 20:55:00,147.39,147.56,147.29,147.53,47826.18
2026-07-05 21:00:00,147.53,147.53,147.46,147.52,20633.52
2026-07-05 21:05:00,147.52,147.71,147.36,147.52,40804.09
2026-07-05 21:10:00,147.52,147.84,147.46,147.61,20553.4
2026-07-05 21:15:00,147.61,147.76,147.39,147.7,28135.14
2026-07-05 21:20:00,147.7,148.14,147.64,148.05,63458.93
2026-07-05 21:25:00,148.05,148.08,147.74,147.81,72290.92
2026-07-05 21:30:00,147.81,147.81,147.47,147.49,85463.11
2026-07-05 21:35:00,147.49,147.74,147.49,147.5,7867.97
2026-07-05 21:40:00,147.5,147.74,147.49,147.61,76425.24
2026-07-05 21:45:00,147.61,147.71,147.54,147.67,49515.25
2026-07-05 21:50:00,147.67,148.03,147.51,147.93,94204.33
2026-07-05 21:55:00,147.93,147.94,147.6,147.75,75035.44
2026-07-05 22:00:00,147.75,147.8,147.36,147.56,362.36
2026-07-05 22:05:00,147.56,147.61,147.21,147.25,141952.78
2026-07-05 22:10:00,147.25,147.67,146.97,147.55,25236.32
2026-07-05 22:15:00,147.55,147.69,147.43,147.55,44404.59
2026-07-05 22:20:00,147.55,147.56,147.33,147.37,124679.96
2026-07-05 22:25:00,147.37,147.71,147.35,147.6,206770.64
2026-07-05 22:30:00,147.6,147.95,147.48,147.76,48270.46
2026-07-05 22:35:00,147.76,147.79,147.49,147.61,69876.9
2026-07-05 22:40:00,147.61,147.8,147.55,147.72,15612.12
2026-07-05 22:45:00,147.72,148.1,147.68,147.94,53806.45
2026-07-05 22:50:00,147.94,147.96,147.77,147.87,39118.88
2026-07-05 22:55:00,147.87,148.0,147.77,147.78,22412.64
2026-07-05 23:00:00,147.78,148.25,147.65,148.24,83306.15
2026-07-05 23:05:00,148.24,148.32,148.02,148.19,121923.94
2026-07-05 23:10:00,148.19,148.36,147.69,147.85,120908.91
2026-07-05 23:15:00,147.85,147.9,147.48,147.63,87410.08
2026-07-05 23:20:00,147.63,147.67,147.43,147.43,3535.64
2026-07-05 23:25:00,147.43,147.49,147.01,147.07,127582.63
2026-07-05 23:30:00,147.07,147.42,147.02,147.31,3889.93
2026-07-05 23:35:00,147.31,147.35,147.27,147.29,23024.47
2026-07-05 23:40:00,147.29,147.75,147.14,147.56,7737.41
2026-07-05 23:45:00,147.56,147.56,147.24,147.41,59621.81
2026-07-05 23:50:00,147.41,147.82,147.4,147.81,54787.46
2026-07-05 23:55:00,147.81,147.85,147.62,147.64,34962.64
2026-07-06 00:00:00,147.64,147.7,147.6,147.64,20290.71
2026-07-06 00:05:00,147.64,147.71,147.49,147.68,3975.48
2026-07-06 00:10:00,147.68,147.75,147.47,147.72,57825.1
2026-07-06 00:15:00,147.72,147.76,147.57,147.67,34899.22
2026-07-06 00:20:00,147.67,147.85,147.59,147.67,22797.64
2026-07-06 00:25:00,147.67,148.0,147.56,147.96,46205.35
2026-07-06 00:30:00,147.96,148.01,147.87,147.91,57099.93
2026-07-06 00:35:00,147.91,148.14,147.68,147.85,115762.02
2026-07-06 00:40:00,147.85,148.03,147.73,148.01,90851.99
2026-07-06 00:45:00,148.01,148.11,147.87,147.95,47373.13
2026-07-06 00:50:00,147.95,148.5,147.57,147.69,8970.26
2026-07-06 00:55:00,147.69,147.96,147.69,147.85,97106.94
2026-07-06 01:00:00,147.85,147.94,147.7,147.77,25683.45
2026-07-06 01:05:00,147.77,147.79,147.58,147.73,25181.3
2026-07-06 01:10:00,147.73,147.92,147.73,147.81,18091.73
2026-07-06 01:15:00,147.81,148.04,147.8,147.89,23602.45
2026-07-06 01:20:00,147.89,148.1,147.67,147.97,30983.78
2026-07-06 01:25:00,147.97,148.03,147.63,147.72,151461.23
2026-07-06 01:30:00,147.72,147.9,147.54,147.66,99480.04
2026-07-06 01:35:00,147.66,147.92,147.6,147.88,1036.4
2026-07-06 01:40:00,147.88,148.0,147.76,147.87,20505.34
2026-07-06 01:45:00,147.87,147.92,147.72,147.79,9352.43
2026-07-06 01:50:00,147.79,147.87,147.68,147.83,20057.48
2026-07-06 01:55:00,147.83,147.95,147.67,147.68,71202.27
2026-07-06 02:00:00,147.68,147.68,147.28,147.35,4936.29
2026-07-06 02:05:00,147.35,147.62,147.12,147.53,27902.75
2026-07-06 02:10:00,147.53,147.53,147.44,147.51,199917.37
2026-07-06 02:15:00,147.51,147.83,147.49,147.65,186067.09
2026-07-06 02:20:00,147.65,147.68,147.55,147.63,9383.86
2026-07-06 02:25:00,147.63,147.84,147.6,147.71,37359.92
2026-07-06 02:30:00,147.71,147.77,147.46,147.49,10960.14
2026-07-06 02:35:00,147.49,147.68,147.47,147.61,4740.81
2026-07-06 02:40:00,147.61,147.65,147.43,147.47,11006.63
2026-07-06 02:45:00,147.47,147.54,147.38,147.45,148944.25
2026-07-06 02:50:00,147.45,147.46,147.2,147.37,28477.92
2026-07-06 02:55:00,147.37,147.37,147.17,147.31,40053.76
2026-07-06 03:00:00,147.31,147.39,146.95,147.0,3098.0
2026-07-06 03:05:00,147.0,147.16,146.65,146.77,14826.3
2026-07-06 03:10:00,146.77,147.34,146.21,147.2,943689.07
2026-07-06 03:15:00,147.2,147.26,147.09,147.12,24007.46
2026-07-06 03:20:00,147.12,147.15,146.86,146.88,26566.71
2026-07-06 03:25:00,146.88,147.44,146.23,147.31,40170.76
2026-07-06 03:30:00,147.31,147.79,146.68,147.65,335543.89
2026-07-06 03:35:00,147.65,147.73,147.43,147.46,163.12
2026-07-06 03:40:00,147.46,147.84,147.45,147.79,82322.65
2026-07-06 03:45:00,147.79,147.82,147.64,147.74,106232.98
2026-07-06 03:50:00,147.74,147.76,147.45,147.54,140035.82
2026-07-06 03:55:00,147.54,147.82,147.39,147.68,49643.45
2026-07-06 04:00:00,147.68,147.86,147.55,147.86,3323.49
2026-07-06 04:05:00,147.86,148.1,147.8,148.02,36275.1
2026-07-06 04:10:00,148.02,148.43,147.7,147.83,1968.11
2026-07-06 04:15:00,147.83,148.36,147.82,148.08,57623.08
2026-07-06 04:20:00,148.08,148.45,148.02,148.26,48248.73
2026-07-06 04:25:00,148.26,148.51,147.85,147.93,93083.53
2026-07-06 04:30:00,147.93,148.27,147.71,147.77,27370.07
2026-07-06 04:35:00,147.77,147.79,147.6,147.65,27959.43
2026-07-06 04:40:00,147.65,147.76,147.45,147.58,49671.83
2026-07-06 04:45:00,147.58,147.73,147.34,147.49,192586.88
2026-07-06 04:50:00,147.49,147.67,147.39,147.64,59153.46
2026-07-06 04:55:00,147.64,147.8,147.24,147.38,53275.88
2026-07-06 05:00:00,147.38,147.5,147.31,147.45,6414.23
2026-07-06 05:05:00,147.45,147.51,147.26,147.35,79884.51
2026-07-06 05:10:00,147.35,147.39,147.28,147.35,26844.6
2026-07-06 05:15:00,147.35,147.38,146.84,146.86,9143.73
2026-07-06 05:20:00,146.86,146.87,146.68,146.73,34761.85
2026-07-06 05:25:00,146.73,146.9,146.27,146.3,40918.74
2026-07-06 05:30:00,146.3,146.63,146.28,146.61,23692.69
2026-07-06 05:35:00,146.61,146.84,146.35,146.78,877494.37
2026-07-06 05:40:00,146.78,147.05,146.69,146.97,210392.42
2026-07-06 05:45:00,146.97,147.06,146.53,146.67,65659.18
2026-07-06 05:50:00,146.67,146.72,146.42,146.45,2239.41
2026-07-06 05:55:00,146.45,146.59,146.11,146.2,7956.98
2026-07-06 06:00:00,146.2,146.53,145.96,146.49,133827.11
2026-07-06 06:05:00,146.49,146.9,146.4,146.69,11233.77
2026-07-06 06:10:00,146.69,146.88,146.46,146.49,6320.72
2026-07-06 06:15:00,146.49,146.64,146.34,146.44,79173.65
2026-07-06 06:20:00,146.44,146.52,145.88,146.07,11590.86
2026-07-06 06:25:00,146.07,146.08,145.8,145.85,24809.15
2026-07-06 06:30:00,145.85,146.04,145.31,145.98,144232.2
2026-07-06 06:35:00,145.98,146.34,145.77,146.24,18448.99
2026-07-06 06:40:00,146.24,146.25,146.2,146.24,1419.64
2026-07-06 06:45:00,146.24,146.31,145.78,145.86,6112.36
2026-07-06 06:50:00,145.86,145.94,145.77,145.86,31129.59
2026-07-06 06:55:00,145.86,146.23,145.82,145.93,31909.58
2026-07-06 07:00:00,145.93,145.95,145.71,145.72,2698.18
2026-07-06 07:05:00,145.72,145.79,145.54,145.71,144899.51
2026-07-06 07:10:00,145.71,145.86,145.7,145.81,40084.0
2026-07-06 07:15:00,145.81,146.03,145.81,145.98,33410.26
2026-07-06 07:20:00,145.98,145.98,145.89,145.96,19054.01
2026-07-06 07:25:00,145.96,146.11,145.67,145.77,6171.54
2026-07-06 07:30:00,145.77,146.19,145.48,146.09,28039.16
2026-07-06 07:35:00,146.09,146.21,145.77,145.84,147352.69
2026-07-06 07:40:00,145.84,145.89,145.62,145.74,44445.48
2026-07-06 07:45:00,145.74,145.97,145.28,145.92,152642.47
2026-07-06 07:50:00,145.92,146.02,145.71,145.84,17417.95
2026-07-06 07:55:00,145.84,146.06,145.56,145.66,29561.75
2026-07-06 08:00:00,145.66,146.17,145.25,146.06,399593.85
2026-07-06 08:05:00,146.06,146.17,146.02,146.03,116985.06
2026-07-06 08:10:00,146.03,146.2,145.91,146.17,55294.83
2026-07-06 08:15:00,146.17,146.5,146.07,146.47,9508.29
2026-07-06 08:20:00,146.47,146.76,146.32,146.74,89884.34
2026-07-06 08:25:00,146.74,146.82,146.37,146.38,23296.38
2026-07-06 08:30:00,146.38,146.69,146.24,146.56,18396.36
2026-07-06 08:35:00,146.56,147.04,146.46,146.75,101251.69
2026-07-06 08:40:00,146.75,147.17,146.71,146.88,34759.61
2026-07-06 08:45:00,146.88,147.15,146.8,147.03,52846.18
2026-07-06 08:50:00,147.03,147.08,146.74,146.93,13164.48
2026-07-06 08:55:00,146.93,146.96,146.82,146.84,10723.14
2026-07-06 09:00:00,146.84,146.86,146.73,146.77,14502.79
2026-07-06 09:05:00,146.77,147.05,146.66,146.74,27314.27
2026-07-06 09:10:00,146.74,146.84,146.7,146.71,30865.11
2026-07-06 09:15:00,146.71,146.86,146.53,146.71,8675.41
2026-07-06 09:20:00,146.71,146.88,146.67,146.68,12945.15
2026-07-06 09:25:00,146.68,146.94,146.58,146.77,72342.09
2026-07-06 09:30:00,146.77,147.12,146.71,146.99,70043.93
2026-07-06 09:35:00,146.99,147.0,146.57,146.65,11845.26
2026-07-06 09:40:00,146.65,146.85,146.55,146.72,43936.93
2026-07-06 09:45:00,146.72,146.96,146.71,146.91,47729.41
2026-07-06 09:50:00,146.91,147.22,146.74,147.14,134023.7
2026-07-06 09:55:00,147.14,147.18,146.87,146.99,58874.24
2026-07-06 10:00:00,146.99,147.24,146.74,146.78,11222.25
2026-07-06 10:05:00,146.78,146.85,146.59,146.78,163377.55
2026-07-06 10:10:00,146.78,146.95,146.63,146.77,69665.79
2026-07-06 10:15:00,146.77,146.78,146.41,146.43,98786.58
2026-07-06 10:20:00,146.43,146.51,146.3,146.4,28490.77
2026-07-06 10:25:00,146.4,146.62,146.35,146.45,38823.66
2026-07-06 10:30:00,146.45,146.46,146.17,146.26,16826.07
2026-07-06 10:35:00,146.26,146.33,146.2,146.25,28350.57
2026-07-06 10:40:00,146.25,146.57,146.25,146.49,29059.02
2026-07-06 10:45:00,146.49,146.51,146.19,146.32,13165.71
2026-07-06 10:50:00,146.32,146.81,146.32,146.67,26778.98
2026-07-06 10:55:00,146.67,146.9,146.66,146.84,33026.59
2026-07-06 11:00:00,146.84,146.97,146.78,146.81,120732.94
2026-07-06 11:05:00,146.81,146.94,146.74,146.83,2197.68
2026-07-06 11:10:00,146.83,147.1,146.74,147.02,67538.49
2026-07-06 11:15:00,147.02,147.23,147.0,147.12,41904.46
2026-07-06 11:20:00,147.12,147.13,146.94,147.08,151500.56
2026-07-06 11:25:00,147.08,147.49,146.93,147.37,35337.18
2026-07-06 11:30:00,147.37,147.38,147.14,147.3,60971.65
2026-07-06 11:35:00,147.3,147.39,146.92,147.02,147719.12
2026-07-06 11:40:00,147.02,147.09,146.75,146.83,12621.97
2026-07-06 11:45:00,146.83,146.86,146.74,146.76,40810.42
2026-07-06 11:50:00,146.76,146.79,146.57,146.79,189917.85
2026-07-06 11:55:00,146.79,146.85,146.65,146.71,130321.54
2026-07-06 12:00:00,146.71,146.79,146.6,146.68,182307.27
2026-07-06 12:05:00,146.68,146.78,146.57,146.75,16007.66
2026-07-06 12:10:00,146.75,146.81,146.64,146.72,69899.67
2026-07-06 12:15:00,146.72,147.11,146.71,146.87,40731.04
2026-07-06 12:20:00,146.87,147.07,146.5,146.56,28110.86
2026-07-06 12:25:00,146.56,146.96,146.48,146.78,97448.08
2026-07-06 12:30:00,146.78,146.86,146.59,146.72,12250.98
2026-07-06 12:35:00,146.72,146.82,146.57,146.63,18748.6
2026-07-06 12:40:00,146.63,146.96,146.62,146.81,22810.84
2026-07-06 12:45:00,146.81,146.88,146.55,146.69,16721.23
2026-07-06 12:50:00,146.69,147.03,146.62,146.96,2474.25
2026-07-06 12:55:00,146.96,147.05,146.81,146.95,52848.92
2026-07-06 13:00:00,146.95,147.11,146.9,147.07,84351.93
2026-07-06 13:05:00,147.07,147.18,146.84,146.88,22379.84
2026-07-06 13:10:00,146.88,146.95,146.87,146.94,172300.71
2026-07-06 13:15:00,146.94,147.01,146.79,146.83,20442.14
2026-07-06 13:20:00,146.83,146.83,146.5,146.65,10456.39
2026-07-06 13:25:00,146.65,146.7,146.48,146.58,95792.16
2026-07-06 13:30:00,146.58,146.81,146.55,146.76,10964.96
2026-07-06 13:35:00,146.76,146.83,146.53,146.54,15080.88
2026-07-06 13:40:00,146.54,146.72,146.53,146.67,91566.74
2026-07-06 13:45:00,146.67,146.95,146.59,146.82,22275.02
2026-07-06 13:50:00,146.82,147.07,146.79,147.03,3755.76
2026-07-06 13:55:00,147.03,147.09,146.88,147.06,23860.71
2026-07-06 14:00:00,147.06,147.12,146.87,147.04,26892.63
2026-07-06 14:05:00,147.04,147.04,146.7,146.79,22670.71
2026-07-06 14:10:00,146.79,146.96,146.56,146.56,61702.4
2026-07-06 14:15:00,146.56,146.92,146.42,146.73,13860.37
2026-07-06 14:20:00,146.73,147.15,146.67,147.12,33364.62
2026-07-06 14:25:00,147.12,147.54,146.81,146.93,44766.87
2026-07-06 14:30:00,146.93,147.03,146.74,146.83,62540.67
2026-07-06 14:35:00,146.83,146.88,146.77,146.81,89272.2
2026-07-06 14:40:00,146.81,146.84,146.67,146.74,150628.26
2026-07-06 14:45:00,146.74,146.77,146.5,146.57,240053.54
2026-07-06 14:50:00,146.57,146.67,146.53,146.57,18466.72
2026-07-06 14:55:00,146.57,146.58,146.5,146.55,70364.93
2026-07-06 15:00:00,146.55,146.61,146.3,146.35,24305.82
2026-07-06 15:05:00,146.35,146.47,146.16,146.31,11811.94
2026-07-06 15:10:00,146.31,146.31,146.13,146.28,18411.17
2026-07-06 15:15:00,146.28,146.37,145.88,145.96,66951.35
2026-07-06 15:20:00,145.96,146.13,145.9,146.11,108090.79
2026-07-06 15:25:00,146.11,146.26,146.01,146.21,26999.87
2026-07-06 15:30:00,146.21,146.52,146.17,146.47,12422.46
2026-07-06 15:35:00,146.47,146.66,146.2,146.61,33834.35
2026-07-06 15:40:00,146.61,146.79,146.58,146.69,53395.75
2026-07-06 15:45:00,146.69,146.99,146.6,146.6,70888.13
2026-07-06 15:50:00,146.6,146.65,146.3,146.41,16809.4
2026-07-06 15:55:00,146.41,146.45,146.4,146.42,5497.02
2026-07-06 16:00:00,146.42,146.44,146.14,146.24,302218.66
2026-07-06 16:05:00,146.24,146.66,145.73,146.57,139743.72
2026-07-06 16:10:00,146.57,146.64,146.28,146.4,26303.0
2026-07-06 16:15:00,146.4,146.59,146.39,146.53,10136.73
2026-07-06 16:20:00,146.53,146.55,146.22,146.3,923.86
2026-07-06 16:25:00,146.3,146.31,146.27,146.27,60706.43
2026-07-06 16:30:00,146.27,146.34,146.02,146.1,137876.81
2026-07-06 16:35:00,146.1,146.43,145.66,146.37,201742.53
2026-07-06 16:40:00,146.37,146.54,146.3,146.49,41178.08
2026-07-06 16:45:00,146.49,146.56,146.4,146.45,4584.37
2026-07-06 16:50:00,146.45,146.63,146.42,146.55,24670.61
2026-07-06 16:55:00,146.55,146.57,146.45,146.51,15603.62
2026-07-06 17:00:00,146.51,146.56,146.22,146.34,44401.93
2026-07-06 17:05:00,146.34,146.39,146.25,146.3,18008.48
2026-07-06 17:10:00,146.3,146.34,146.04,146.13,7087.08
2026-07-06 17:15:00,146.13,146.41,145.6,146.33,600747.46
2026-07-06 17:20:00,146.33,146.36,146.27,146.32,16983.15
2026-07-06 17:25:00,146.32,146.38,146.32,146.33,11592.77
2026-07-06 17:30:00,146.33,146.37,145.91,146.01,18462.73
2026-07-06 17:35:00,146.01,146.22,145.79,145.83,75854.47
2026-07-06 17:40:00,145.83,146.31,145.54,146.25,165480.17
2026-07-06 17:45:00,146.25,146.75,146.02,146.64,524906.32
2026-07-06 17:50:00,146.64,146.82,146.61,146.7,79907.54
2026-07-06 17:55:00,146.7,146.9,146.56,146.73,22008.23
2026-07-06 18:00:00,146.73,146.97,146.62,146.74,10645.2
2026-07-06 18:05:00,146.74,146.86,146.52,146.78,114730.0
2026-07-06 18:10:00,146.78,146.9,146.51,146.69,47623.5
2026-07-06 18:15:00,146.69,146.78,146.54,146.62,32348.99
2026-07-06 18:20:00,146.62,146.85,146.59,146.72,8087.51
2026-07-06 18:25:00,146.72,146.75,146.49,146.51,4998.44
2026-07-06 18:30:00,146.51,146.69,146.41,146.52,25685.16
2026-07-06 18:35:00,146.52,146.67,146.49,146.57,83360.74
2026-07-06 18:40:00,146.57,146.61,146.49,146.56,125704.54
2026-07-06 18:45:00,146.56,146.57,146.41,146.55,13174.04
2026-07-06 18:50:00,146.55,146.87,146.43,146.76,80269.24
2026-07-06 18:55:00,146.76,146.81,146.45,146.66,1982.99
2026-07-06 19:00:00,146.66,146.68,146.6,146.64,36331.83
2026-07-06 19:05:00,146.64,146.69,146.53,146.58,62205.75
2026-07-06 19:10:00,146.58,146.74,146.54,146.63,11739.83
2026-07-06 19:15:00,146.63,146.84,146.1,146.15,87535.99
2026-07-06 19:20:00,146.15,146.54,145.92,146.43,287456.35
2026-07-06 19:25:00,146.43,146.52,146.03,146.05,19741.45
2026-07-06 19:30:00,146.05,146.43,145.44,146.36,273618.76
2026-07-06 19:35:00,146.36,146.39,146.23,146.35,20665.31
2026-07-06 19:40:00,146.35,146.35,146.26,146.33,1263.44
2026-07-06 19:45:00,146.33,146.48,146.24,146.25,17065.68
2026-07-06 19:50:00,146.25,146.57,146.23,146.4,142947.16
2026-07-06 19:55:00,146.4,146.62,146.17,146.58,4595.15
2026-07-06 20:00:00,146.58,146.98,146.26,146.33,7759.61
2026-07-06 20:05:00,146.33,146.38,146.17,146.23,78218.14
2026-07-06 20:10:00,146.23,146.25,146.02,146.16,147011.3
2026-07-06 20:15:00,146.16,146.26,146.08,146.25,56272.54
2026-07-06 20:20:00,146.25,146.49,146.1,146.49,58647.64
2026-07-06 20:25:00,146.49,147.02,146.25,146.3,432794.95
2026-07-06 20:30:00,146.3,146.37,146.27,146.28,79191.81
2026-07-06 20:35:00,146.28,146.54,146.09,146.38,93.56
2026-07-06 20:40:00,146.38,146.39,146.15,146.29,4914.94
2026-07-06 20:45:00,146.29,146.55,146.2,146.53,23860.08
2026-07-06 20:50:00,146.53,146.79,146.04,146.1,2586.5
2026-07-06 20:55:00,146.1,146.61,145.73,146.48,106812.29
2026-07-06 21:00:00,146.48,146.61,146.34,146.39,8550.44
2026-07-06 21:05:00,146.39,146.6,146.3,146.37,3383.16
2026-07-06 21:10:00,146.37,146.4,145.96,146.1,4447.35
2026-07-06 21:15:00,146.1,146.26,146.02,146.23,13897.85
2026-07-06 21:20:00,146.23,146.27,146.15,146.21,28539.17
2026-07-06 21:25:00,146.21,146.29,145.77,145.87,32524.67
2026-07-06 21:30:00,145.87,146.15,145.58,145.65,136039.38
2026-07-06 21:35:00,145.65,145.85,145.55,145.74,15978.47
2026-07-06 21:40:00,145.74,145.79,145.71,145.76,37038.37
2026-07-06 21:45:00,145.76,145.79,145.7,145.78,23630.72
2026-07-06 21:50:00,145.78,145.85,145.58,145.7,37990.33
2026-07-06 21:55:00,145.7,145.84,145.64,145.78,14647.46
2026-07-06 22:00:00,145.78,145.85,145.53,145.71,124442.89
2026-07-06 22:05:00,145.71,146.02,145.39,145.92,14020.76
2026-07-06 22:10:00,145.92,146.1,145.91,146.1,81815.27
2026-07-06 22:15:00,146.1,146.57,145.95,146.42,46908.26
2026-07-06 22:20:00,146.42,146.58,146.38,146.57,45436.71
2026-07-06 22:25:00,146.57,146.85,146.47,146.83,58634.3
2026-07-06 22:30:00,146.83,146.96,146.77,146.87,24320.73
2026-07-06 22:35:00,146.87,147.46,146.58,146.67,16435.32
2026-07-06 22:40:00,146.67,146.98,146.64,146.85,69217.87
2026-07-06 22:45:00,146.85,147.08,146.66,146.98,319553.94
2026-07-06 22:50:00,146.98,147.09,146.91,147.05,74444.9
2026-07-06 22:55:00,147.05,147.19,146.82,146.82,39396.51
2026-07-06 23:00:00,146.82,146.9,146.59,146.68,186438.59
2026-07-06 23:05:00,146.68,146.95,146.14,146.24,323969.91
2026-07-06 23:10:00,146.24,146.41,146.06,146.15,28413.2
2026-07-06 23:15:00,146.15,146.25,145.66,145.87,18408.8
2026-07-06 23:20:00,145.87,146.32,145.82,146.17,27748.39
2026-07-06 23:25:00,146.17,146.29,146.0,146.0,38785.04
2026-07-06 23:30:00,146.0,146.49,145.64,146.43,20604.52
2026-07-06 23:35:00,146.43,146.57,146.28,146.32,74548.54
2026-07-06 23:40:00,146.32,146.51,146.24,146.34,75539.54
2026-07-06 23:45:00,146.34,146.51,146.24,146.49,52613.43
2026-07-06 23:50:00,146.49,146.55,146.34,146.41,44544.11
2026-07-06 23:55:00,146.41,146.76,146.29,146.63,22831.65
2026-07-07 00:00:00,146.63,146.68,146.41,146.45,52649.54
2026-07-07 00:05:00,146.45,146.46,146.14,146.32,12505.95
2026-07-07 00:10:00,146.32,146.48,146.21,146.4,97244.09
2026-07-07 00:15:00,146.4,146.78,146.36,146.73,98051.04
2026-07-07 00:20:00,146.73,146.92,146.57,146.84,47394.48
2026-07-07 00:25:00,146.84,147.05,146.66,147.05,143.56
2026-07-07 00:30:00,147.05,147.62,146.67,146.81,51046.84
2026-07-07 00:35:00,146.81,146.81,146.56,146.68,66785.05
2026-07-07 00:40:00,146.68,146.81,146.48,146.62,116281.83
2026-07-07 00:45:00,146.62,146.7,146.54,146.6,46342.94
2026-07-07 00:50:00,146.6,146.72,146.41,146.57,86948.45
2026-07-07 00:55:00,146.57,146.95,146.48,146.93,33606.17
2026-07-07 01:00:00,146.93,146.93,146.87,146.87,14510.9
2026-07-07 01:05:00,146.87,147.03,146.34,146.45,426.13
2026-07-07 01:10:00,146.45,146.66,146.44,146.56,143748.89
2026-07-07 01:15:00,146.56,146.77,146.44,146.75,37365.91
2026-07-07 01:20:00,146.75,146.8,146.55,146.58,30711.54
2026-07-07 01:25:00,146.58,146.61,146.51,146.55,1099.07
2026-07-07 01:30:00,146.55,146.94,146.55,146.82,60572.05
2026-07-07 01:35:00,146.82,147.01,146.78,146.9,93130.78
2026-07-07 01:40:00,146.9,147.24,146.83,147.24,16040.46
2026-07-07 01:45:00,147.24,147.5,147.09,147.48,15314.85
2026-07-07 01:50:00,147.48,148.0,147.14,147.2,722000.17
2026-07-07 01:55:00,147.2,147.27,147.13,147.22,83187.56
2026-07-07 02:00:00,147.22,147.63,146.82,146.9,129359.17
2026-07-07 02:05:00,146.9,147.04,146.77,146.81,21503.88
2026-07-07 02:10:00,146.81,147.0,146.7,146.9,12020.7
2026-07-07 02:15:00,146.9,147.19,146.79,147.04,84007.77
2026-07-07 02:20:00,147.04,147.3,146.81,146.87,194212.18
2026-07-07 02:25:00,146.87,147.09,146.74,147.01,12970.73
2026-07-07 02:30:00,147.01,147.31,146.59,146.66,155580.9
2026-07-07 02:35:00,146.66,146.96,146.59,146.96,116582.58
2026-07-07 02:40:00,146.96,146.99,146.42,146.43,17269.21
2026-07-07 02:45:00,146.43,146.62,146.23,146.44,123360.45
2026-07-07 02:50:00,146.44,146.52,146.33,146.4,132265.39
2026-07-07 02:55:00,146.4,146.48,146.32,146.37,66583.18
2026-07-07 03:00:00,146.37,146.39,146.27,146.33,15025.21
2026-07-07 03:05:00,146.33,146.33,146.29,146.3,28995.6
2026-07-07 03:10:00,146.3,146.41,146.21,146.26,15572.83
2026-07-07 03:15:00,146.26,146.28,146.1,146.18,38602.98
2026-07-07 03:20:00,146.18,146.64,146.12,146.51,115637.0
2026-07-07 03:25:00,146.51,146.66,146.27,146.41,15530.44
2026-07-07 03:30:00,146.41,146.52,145.84,145.94,40836.68
2026-07-07 03:35:00,145.94,146.06,145.45,145.58,17415.06
2026-07-07 03:40:00,145.58,145.84,145.22,145.76,68487.65
2026-07-07 03:45:00,145.76,146.31,145.3,146.17,453394.64
2026-07-07 03:50:00,146.17,146.23,145.97,145.99,89791.63
2026-07-07 03:55:00,145.99,146.33,145.5,146.22,247609.98
2026-07-07 04:00:00,146.22,146.26,146.06,146.15,11361.0
2026-07-07 04:05:00,146.15,146.17,145.87,145.89,164950.19
2026-07-07 04:10:00,145.89,146.04,145.46,145.53,25526.09
2026-07-07 04:15:00,145.53,145.83,145.15,145.73,469354.14
2026-07-07 04:20:00,145.73,146.09,145.66,145.88,574.06
2026-07-07 04:25:00,145.88,146.39,145.49,146.29,105441.66
2026-07-07 04:30:00,146.29,146.47,146.23,146.45,39979.06
2026-07-07 04:35:00,146.45,146.53,146.36,146.36,24630.08
2026-07-07 04:40:00,146.36,146.53,146.18,146.53,38486.54
2026-07-07 04:45:00,146.53,146.53,146.05,146.21,88970.02
2026-07-07 04:50:00,146.21,146.24,146.05,146.09,2456.1
2026-07-07 04:55:00,146.09,146.11,145.9,145.94,16769.2
2026-07-07 05:00:00,145.94,146.29,145.44,146.15,531608.91
2026-07-07 05:05:00,146.15,146.51,146.09,146.42,65200.61
2026-07-07 05:10:00,146.42,146.83,146.33,146.76,20565.96
2026-07-07 05:15:00,146.76,146.93,146.18,146.33,14119.12
2026-07-07 05:20:00,146.33,146.51,146.3,146.49,219801.35
2026-07-07 05:25:00,146.49,146.82,146.42,146.71,24126.67
2026-07-07 05:30:00,146.71,147.03,146.58,146.84,18334.18
2026-07-07 05:35:00,146.84,146.88,146.71,146.87,532.36
2026-07-07 05:40:00,146.87,146.89,146.76,146.78,64434.44
2026-07-07 05:45:00,146.78,146.8,146.68,146.79,20572.25
2026-07-07 05:50:00,146.79,146.88,146.71,146.73,69015.6
2026-07-07 05:55:00,146.73,146.83,146.52,146.78,52844.77
2026-07-07 06:00:00,146.78,146.87,146.5,146.53,28668.1
2026-07-07 06:05:00,146.53,146.6,146.52,146.57,43737.9
2026-07-07 06:10:00,146.57,146.68,146.5,146.61,16813.47
2026-07-07 06:15:00,146.61,146.73,146.4,146.59,19755.35
2026-07-07 06:20:00,146.59,146.82,146.47,146.64,23468.36
2026-07-07 06:25:00,146.64,147.26,146.63,147.21,20002.69
2026-07-07 06:30:00,147.21,147.86,146.79,146.85,285728.69
2026-07-07 06:35:00,146.85,147.21,146.81,147.05,112669.97
2026-07-07 06:40:00,147.05,147.05,146.8,146.91,91092.67
2026-07-07 06:45:00,146.91,146.95,146.84,146.91,97773.13
2026-07-07 06:50:00,146.91,147.07,146.88,146.94,5403.01
2026-07-07 06:55:00,146.94,146.98,146.6,146.8,30699.1
2026-07-07 07:00:00,146.8,146.91,146.51,146.64,8581.04
2026-07-07 07:05:00,146.64,146.75,146.41,146.55,95384.98
2026-07-07 07:10:00,146.55,146.83,146.48,146.78,76021.14
2026-07-07 07:15:00,146.78,147.04,146.44,146.6,19549.76
2026-07-07 07:20:00,146.6,146.72,146.52,146.63,68854.73
2026-07-07 07:25:00,146.63,146.71,146.44,146.49,53971.58
2026-07-07 07:30:00,146.49,146.9,146.49,146.78,30981.08
2026-07-07 07:35:00,146.78,147.41,146.7,146.91,33196.92
2026-07-07 07:40:00,146.91,146.94,146.68,146.81,69878.84
2026-07-07 07:45:00,146.81,146.84,146.49,146.62,65578.89
2026-07-07 07:50:00,146.62,146.82,146.41,146.81,42262.47
2026-07-07 07:55:00,146.81,147.07,146.74,146.97,18672.75
2026-07-07 08:00:00,146.97,147.12,146.81,146.82,86653.36
2026-07-07 08:05:00,146.82,147.02,146.74,146.95,90408.63
2026-07-07 08:10:00,146.95,147.55,146.44,146.56,16185.74
2026-07-07 08:15:00,146.56,146.59,146.26,146.39,49756.14
2026-07-07 08:20:00,146.39,146.61,146.03,146.08,3030.69
2026-07-07 08:25:00,146.08,146.15,145.63,145.69,14125.92
2026-07-07 08:30:00,145.69,146.17,145.25,146.06,112711.47
2026-07-07 08:35:00,146.06,146.13,145.91,145.96,80081.15
2026-07-07 08:40:00,145.96,146.04,145.95,145.96,38196.33
2026-07-07 08:45:00,145.96,146.01,145.83,145.85,5124.9
2026-07-07 08:50:00,145.85,145.9,145.71,145.81,54939.7
2026-07-07 08:55:00,145.81,145.94,145.78,145.87,14277.05
2026-07-07 09:00:00,145.87,145.96,145.85,145.91,6960.83
2026-07-07 09:05:00,145.91,146.14,145.79,145.98,20646.29
2026-07-07 09:10:00,145.98,146.08,145.82,146.03,21490.83
2026-07-07 09:15:00,146.03,146.21,145.99,146.1,44007.25
2026-07-07 09:20:00,146.1,146.21,145.97,145.99,25084.07
2026-07-07 09:25:00,145.99,146.07,145.91,145.91,46078.49
2026-07-07 09:30:00,145.91,146.0,145.52,145.6,20047.76
2026-07-07 09:35:00,145.6,145.62,145.37,145.53,48519.89
2026-07-07 09:40:00,145.53,145.76,145.45,145.76,16136.35
2026-07-07 09:45:00,145.76,145.8,145.68,145.75,2577.82
2026-07-07 09:50:00,145.75,146.14,145.24,146.04,5125.26
2026-07-07 09:55:00,146.04,146.12,145.9,145.94,26370.91
2026-07-07 10:00:00,145.94,146.26,145.86,146.19,692.12
2026-07-07 10:05:00,146.19,146.49,146.14,146.28,66003.91
2026-07-07 10:10:00,146.28,146.52,146.19,146.45,43177.24
2026-07-07 10:15:00,146.45,146.69,146.44,146.63,11483.55
2026-07-07 10:20:00,146.63,146.72,146.49,146.67,89035.79
2026-07-07 10:25:00,146.67,146.72,146.38,146.47,41834.49
2026-07-07 10:30:00,146.47,146.54,146.35,146.52,53456.78
2026-07-07 10:35:00,146.52,146.53,146.5,146.51,32694.8
2026-07-07 10:40:00,146.51,146.7,146.47,146.69,45470.86
2026-07-07 10:45:00,146.69,146.71,146.54,146.56,7566.16
2026-07-07 10:50:00,146.56,146.75,146.5,146.7,25208.19
2026-07-07 10:55:00,146.7,146.97,146.41,146.52,182949.78
2026-07-07 11:00:00,146.52,146.74,146.39,146.68,3516.39
2026-07-07 11:05:00,146.68,146.86,146.32,146.54,4991.4
2026-07-07 11:10:00,146.54,146.67,146.52,146.61,14243.18
2026-07-07 11:15:00,146.61,147.07,146.58,146.89,88108.62
2026-07-07 11:20:00,146.89,147.45,146.72,147.17,14086.29
2026-07-07 11:25:00,147.17,147.23,146.99,147.0,33137.11
2026-07-07 11:30:00,147.0,147.04,146.89,146.94,16538.66
2026-07-07 11:35:00,146.94,147.0,146.63,146.67,79214.7
2026-07-07 11:40:00,146.67,146.89,146.58,146.74,44503.75
2026-07-07 11:45:00,146.74,146.85,146.48,146.76,15803.52
2026-07-07 11:50:00,146.76,146.96,146.66,146.7,27948.57
2026-07-07 11:55:00,146.7,146.85,146.68,146.78,121130.28
2026-07-07 12:00:00,146.78,146.89,146.57,146.6,84961.61
2026-07-07 12:05:00,146.6,146.83,146.55,146.67,107819.61
2026-07-07 12:10:00,146.67,146.82,146.48,146.5,166063.61
2026-07-07 12:15:00,146.5,146.63,146.23,146.38,6135.37
2026-07-07 12:20:00,146.38,146.43,146.03,146.09,33754.52
2026-07-07 12:25:00,146.09,146.1,145.67,145.92,58465.68
2026-07-07 12:30:00,145.92,146.34,145.84,146.3,66430.68
2026-07-07 12:35:00,146.3,146.32,146.25,146.29,5652.83
2026-07-07 12:40:00,146.29,146.3,146.21,146.23,12641.15
2026-07-07 12:45:00,146.23,146.42,146.18,146.24,10629.01
2026-07-07 12:50:00,146.24,146.67,146.14,146.66,111518.86
2026-07-07 12:55:00,146.66,146.73,146.51,146.55,50411.52
2026-07-07 13:00:00,146.55,146.62,146.19,146.19,49939.0
2026-07-07 13:05:00,146.19,146.4,146.16,146.32,40639.52
2026-07-07 13:10:00,146.32,146.44,146.0,146.08,21944.29
2026-07-07 13:15:00,146.08,146.32,145.48,145.7,65254.11
2026-07-07 13:20:00,145.7,146.11,145.58,145.99,10470.56
2026-07-07 13:25:00,145.99,146.11,145.67,145.84,12168.93
2026-07-07 13:30:00,145.84,145.93,145.7,145.92,34475.44
2026-07-07 13:35:00,145.92,146.09,145.59,145.67,129061.19
2026-07-07 13:40:00,145.67,145.76,145.33,145.35,176079.61
2026-07-07 13:45:00,145.35,145.44,144.89,144.99,24602.41
2026-07-07 13:50:00,144.99,145.11,144.92,145.09,47277.08
2026-07-07 13:55:00,145.09,145.2,144.99,145.2,96566.41
2026-07-07 14:00:00,145.2,145.31,145.19,145.31,78559.29
2026-07-07 14:05:00,145.31,145.75,144.84,145.66,4230.98
2026-07-07 14:10:00,145.66,145.78,145.55,145.76,36982.25
2026-07-07 14:15:00,145.76,145.84,145.73,145.75,17655.91
2026-07-07 14:20:00,145.75,145.97,145.62,145.88,21095.7
2026-07-07 14:25:00,145.88,146.1,145.74,146.09,44350.02
2026-07-07 14:30:00,146.09,146.52,145.97,146.37,51132.09
2026-07-07 14:35:00,146.37,146.5,146.24,146.49,173342.45
2026-07-07 14:40:00,146.49,146.57,146.21,146.36,16637.45
2026-07-07 14:45:00,146.36,146.37,146.16,146.23,106218.62
2026-07-07 14:50:00,146.23,146.26,146.02,146.16,1889.12
2026-07-07 14:55:00,146.16,146.56,146.03,146.4,93962.05
2026-07-07 15:00:00,146.4,146.43,146.16,146.2,28493.57
2026-07-07 15:05:00,146.2,146.2,146.1,146.15,3166.38
2026-07-07 15:10:00,146.15,146.17,145.96,145.99,71132.4
2026-07-07 15:15:00,145.99,146.28,145.9,146.16,31914.45
2026-07-07 15:20:00,146.16,146.23,146.01,146.18,23992.19
2026-07-07 15:25:00,146.18,146.63,146.09,146.5,17678.58
2026-07-07 15:30:00,146.5,146.53,145.97,146.17,61738.64
2026-07-07 15:35:00,146.17,146.28,146.1,146.19,25698.33
2026-07-07 15:40:00,146.19,146.42,146.15,146.35,105133.59
2026-07-07 15:45:00,146.35,146.44,146.23,146.3,34725.0
2026-07-07 15:50:00,146.3,146.48,146.29,146.4,310232.32
2026-07-07 15:55:00,146.4,146.51,146.2,146.23,43928.54
2026-07-07 16:00:00,146.23,146.29,146.04,146.11,8493.04
2026-07-07 16:05:00,146.11,146.3,145.95,146.27,5194.51
2026-07-07 16:10:00,146.27,146.5,146.17,146.46,71333.48
2026-07-07 16:15:00,146.46,146.66,145.9,146.01,14195.33
2026-07-07 16:20:00,146.01,146.17,146.0,146.11,96909.78
2026-07-07 16:25:00,146.11,146.36,146.1,146.28,71403.05
2026-07-07 16:30:00,146.28,146.46,146.23,146.45,14491.02
2026-07-07 16:35:00,146.45,146.53,146.4,146.48,1887.76
2026-07-07 16:40:00,146.48,146.89,146.27,146.78,73287.88
2026-07-07 16:45:00,146.78,146.87,146.77,146.85,7106.8
2026-07-07 16:50:00,146.85,147.24,146.46,146.53,118223.63
2026-07-07 16:55:00,146.53,146.65,146.37,146.38,14012.78
2026-07-07 17:00:00,146.38,146.41,146.11,146.21,67608.24
2026-07-07 17:05:00,146.21,146.23,146.01,146.14,21844.95
2026-07-07 17:10:00,146.14,146.33,145.91,146.03,59171.95
2026-07-07 17:15:00,146.03,146.35,146.0,146.09,33680.32
2026-07-07 17:20:00,146.09,146.1,146.06,146.06,66811.84
2026-07-07 17:25:00,146.06,146.12,145.97,146.06,12766.8
2026-07-07 17:30:00,146.06,146.14,146.0,146.1,38438.99
2026-07-07 17:35:00,146.1,146.11,145.77,145.89,222227.65
2026-07-07 17:40:00,145.89,146.02,145.69,145.7,50532.31
2026-07-07 17:45:00,145.7,145.94,145.67,145.89,115129.01
2026-07-07 17:50:00,145.89,146.0,145.54,145.55,153309.73
2026-07-07 17:55:00,145.55,145.65,145.49,145.64,28609.77
2026-07-07 18:00:00,145.64,145.65,145.35,145.53,7919.24
2026-07-07 18:05:00,145.53,145.53,145.28,145.38,2041.91
2026-07-07 18:10:00,145.38,145.45,145.15,145.38,11652.91
2026-07-07 18:15:00,145.38,145.45,145.09,145.15,154073.18
2026-07-07 18:20:00,145.15,145.21,145.07,145.08,2603.64
2026-07-07 18:25:00,145.08,145.52,144.75,145.4,186932.77
2026-07-07 18:30:00,145.4,145.54,144.9,145.01,55243.77
2026-07-07 18:35:00,145.01,145.15,144.81,144.85,203450.4
2026-07-07 18:40:00,144.85,144.92,144.69,144.75,39682.45
2026-07-07 18:45:00,144.75,145.03,144.13,144.92,360950.35
2026-07-07 18:50:00,144.92,145.11,144.63,144.64,5875.16
2026-07-07 18:55:00,144.64,144.73,144.24,144.3,119169.01
2026-07-07 19:00:00,144.3,144.67,144.07,144.54,19543.64
2026-07-07 19:05:00,144.54,145.02,143.96,144.95,304097.66
2026-07-07 19:10:00,144.95,145.38,144.31,145.26,148705.03
2026-07-07 19:15:00,145.26,145.68,145.19,145.47,58124.64
2026-07-07 19:20:00,145.47,145.79,145.4,145.64,7561.49
2026-07-07 19:25:00,145.64,145.7,145.48,145.53,4553.31
2026-07-07 19:30:00,145.53,146.08,145.37,146.07,3426.41
2026-07-07 19:35:00,146.07,146.32,145.96,146.28,2853.98
2026-07-07 19:40:00,146.28,146.48,146.12,146.15,18105.57
2026-07-07 19:45:00,146.15,146.23,146.11,146.13,64813.78
2026-07-07 19:50:00,146.13,146.15,145.8,146.02,19201.73
2026-07-07 19:55:00,146.02,146.17,145.94,146.14,17358.65
2026-07-07 20:00:00,146.14,146.29,146.1,146.27,77100.88
2026-07-07 20:05:00,146.27,146.27,146.25,146.26,36779.86
2026-07-07 20:10:00,146.26,146.61,146.2,146.55,103300.7
2026-07-07 20:15:00,146.55,146.78,146.5,146.76,33362.38
2026-07-07 20:20:00,146.76,147.38,146.32,146.39,5874.5
2026-07-07 20:25:00,146.39,146.7,146.37,146.63,67728.76
2026-07-07 20:30:00,146.63,146.81,146.51,146.56,138457.3
2026-07-07 20:35:00,146.56,146.63,146.49,146.56,27477.46
2026-07-07 20:40:00,146.56,146.83,146.23,146.32,85188.7
2026-07-07 20:45:00,146.32,146.48,146.31,146.45,94502.67
2026-07-07 20:50:00,146.45,146.56,146.35,146.39,92682.45
2026-07-07 20:55:00,146.39,146.53,146.33,146.47,36654.61
2026-07-07 21:00:00,146.47,146.59,146.46,146.48,91630.38
2026-07-07 21:05:00,146.48,146.59,146.39,146.42,46554.01
2026-07-07 21:10:00,146.42,146.67,146.4,146.58,32150.5
2026-07-07 21:15:00,146.58,146.74,146.47,146.69,33959.98
2026-07-07 21:20:00,146.69,146.69,146.43,146.47,31027.42
2026-07-07 21:25:00,146.47,146.74,146.41,146.74,37586.55
2026-07-07 21:30:00,146.74,147.11,146.31,146.45,98856.38
2026-07-07 21:35:00,146.45,146.47,146.07,146.09,74458.82
2026-07-07 21:40:00,146.09,146.18,145.95,146.16,68142.49
2026-07-07 21:45:00,146.16,146.49,146.02,146.42,1753.34
2026-07-07 21:50:00,146.42,146.7,146.09,146.63,23834.77
2026-07-07 21:55:00,146.63,146.84,146.39,146.81,8458.71
2026-07-07 22:00:00,146.81,147.44,146.8,147.29,4412.62
2026-07-07 22:05:00,147.29,147.45,147.22,147.34,85215.38
2026-07-07 22:10:00,147.34,147.8,147.04,147.18,88527.69
2026-07-07 22:15:00,147.18,147.26,146.76,146.88,31325.73
2026-07-07 22:20:00,146.88,147.46,146.63,146.7,145625.11
2026-07-07 22:25:00,146.7,146.76,146.65,146.66,43188.0
2026-07-07 22:30:00,146.66,146.78,146.44,146.71,64532.46
2026-07-07 22:35:00,146.71,147.15,146.41,146.54,210200.01
2026-07-07 22:40:00,146.54,146.54,146.22,146.27,60402.16
2026-07-07 22:45:00,146.27,146.61,146.1,146.39,5203.49
2026-07-07 22:50:00,146.39,146.42,146.14,146.14,14130.53
2026-07-07 22:55:00,146.14,146.46,146.02,146.32,69565.24
2026-07-07 23:00:00,146.32,146.82,146.24,146.77,30191.31
2026-07-07 23:05:00,146.77,147.03,146.24,146.38,43637.43
2026-07-07 23:10:00,146.38,146.54,145.99,146.04,45533.38
2026-07-07 23:15:00,146.04,146.11,145.84,145.94,32750.78
2026-07-07 23:20:00,145.94,146.08,145.81,146.0,16634.37
2026-07-07 23:25:00,146.0,146.12,145.72,145.84,24880.02
2026-07-07 23:30:00,145.84,146.11,145.74,146.08,229.87
2026-07-07 23:35:00,146.08,146.41,146.01,146.31,22808.77
2026-07-07 23:40:00,146.31,146.87,146.19,146.61,89855.23
2026-07-07 23:45:00,146.61,146.76,146.47,146.55,24748.77
2026-07-07 23:50:00,146.55,146.71,146.48,146.7,19297.21
2026-07-07 23:55:00,146.7,146.78,146.44,146.53,197037.44
2026-07-08 00:00:00,146.53,146.6,146.33,146.42,25866.28
2026-07-08 00:05:00,146.42,146.42,146.2,146.28,44351.73
2026-07-08 00:10:00,146.28,146.51,146.2,146.38,104076.87
2026-07-08 00:15:00,146.38,146.68,146.35,146.65,62475.03
2026-07-08 00:20:00,146.65,146.66,146.43,146.61,102961.87
2026-07-08 00:25:00,146.61,146.67,146.26,146.55,30423.15
2026-07-08 00:30:00,146.55,146.73,146.15,146.24,90396.93
2026-07-08 00:35:00,146.24,146.49,146.21,146.45,96416.72
2026-07-08 00:40:00,146.45,146.54,146.37,146.41,29539.29
2026-07-08 00:45:00,146.41,146.53,146.19,146.27,128988.86
2026-07-08 00:50:00,146.27,146.38,146.12,146.3,147274.07
2026-07-08 00:55:00,146.3,146.34,146.17,146.32,12137.59
2026-07-08 01:00:00,146.32,146.77,146.31,146.66,81744.68
2026-07-08 01:05:00,146.66,147.13,146.49,147.03,72988.27
2026-07-08 01:10:00,147.03,147.08,146.9,146.91,18093.52
2026-07-08 01:15:00,146.91,147.06,146.75,147.01,3238.51
2026-07-08 01:20:00,147.01,147.05,146.85,146.94,57050.69
2026-07-08 01:25:00,146.94,147.04,146.92,146.95,22715.8
2026-07-08 01:30:00,146.95,147.01,146.9,146.96,44583.89
2026-07-08 01:35:00,146.96,146.96,146.68,146.85,32954.25
2026-07-08 01:40:00,146.85,147.31,146.76,147.12,76207.82
2026-07-08 01:45:00,147.12,147.38,146.72,146.82,207615.82
2026-07-08 01:50:00,146.82,146.95,146.48,146.58,99346.25
2026-07-08 01:55:00,146.58,146.71,146.46,146.53,23586.18
2026-07-08 02:00:00,146.53,146.54,146.23,146.41,41593.18
2026-07-08 02:05:00,146.41,146.62,146.4,146.6,8160.79
2026-07-08 02:10:00,146.6,146.95,146.43,146.55,61067.32
2026-07-08 02:15:00,146.55,146.95,146.55,146.76,36919.16
2026-07-08 02:20:00,146.76,147.2,146.69,147.07,42727.27
2026-07-08 02:25:00,147.07,147.23,146.96,147.06,16989.89
2026-07-08 02:30:00,147.06,147.39,146.83,146.89,337707.88
2026-07-08 02:35:00,146.89,147.04,146.69,146.8,52538.35
2026-07-08 02:40:00,146.8,147.19,146.78,147.06,30367.76
2026-07-08 02:45:00,147.06,147.15,146.71,146.8,97494.9
2026-07-08 02:50:00,146.8,146.87,146.75,146.84,7910.71
2026-07-08 02:55:00,146.84,146.96,146.61,146.65,1453.87
2026-07-08 03:00:00,146.65,146.88,146.4,146.88,14539.74
2026-07-08 03:05:00,146.88,147.15,146.81,147.0,60332.3
2026-07-08 03:10:00,147.0,147.23,146.88,147.15,142367.53
2026-07-08 03:15:00,147.15,147.48,147.01,147.47,91292.27
2026-07-08 03:20:00,147.47,147.61,147.17,147.19,16888.78
2026-07-08 03:25:00,147.19,147.36,147.05,147.17,1661.55
2026-07-08 03:30:00,147.17,147.25,146.91,147.09,15506.48
2026-07-08 03:35:00,147.09,147.58,147.04,147.41,11592.39
2026-07-08 03:40:00,147.41,147.71,147.33,147.68,69080.81
2026-07-08 03:45:00,147.68,147.8,147.43,147.65,11066.62
2026-07-08 03:50:00,147.65,148.29,147.16,147.26,90025.02
2026-07-08 03:55:00,147.26,147.32,147.12,147.24,14992.68
2026-07-08 04:00:00,147.24,147.56,147.06,147.54,8689.69
2026-07-08 04:05:00,147.54,147.85,147.18,147.31,114917.85
2026-07-08 04:10:00,147.31,147.4,146.82,146.91,28013.36
2026-07-08 04:15:00,146.91,147.01,146.88,146.98,102788.53
2026-07-08 04:20:00,146.98,147.09,146.83,147.09,17490.77
2026-07-08 04:25:00,147.09,147.18,146.84,146.95,35252.84
2026-07-08 04:30:00,146.95,147.01,146.81,146.91,49836.2
2026-07-08 04:35:00,146.91,147.16,146.89,147.1,44357.89
2026-07-08 04:40:00,147.1,147.26,147.02,147.12,19452.8
2026-07-08 04:45:00,147.12,147.17,146.8,146.83,93970.76
2026-07-08 04:50:00,146.83,147.05,146.69,146.73,16903.18
2026-07-08 04:55:00,146.73,146.91,146.7,146.84,46513.81
2026-07-08 05:00:00,146.84,147.0,146.83,146.98,6883.1
2026-07-08 05:05:00,146.98,147.13,146.8,146.92,119189.28
2026-07-08 05:10:00,146.92,147.06,146.81,146.94,54458.95
2026-07-08 05:15:00,146.94,147.35,146.88,147.24,5804.84
2026-07-08 05:20:00,147.24,147.29,147.19,147.28,163945.26
2026-07-08 05:25:00,147.28,147.52,146.93,147.07,219398.75
2026-07-08 05:30:00,147.07,147.14,146.87,146.96,158217.89
2026-07-08 05:35:00,146.96,147.1,146.88,147.06,79669.06
2026-07-08 05:40:00,147.06,147.11,146.98,147.11,114528.57
2026-07-08 05:45:00,147.11,147.19,146.94,146.99,326.14
2026-07-08 05:50:00,146.99,147.18,146.95,147.12,135508.02
2026-07-08 05:55:00,147.12,147.15,146.83,147.0,65135.99
2026-07-08 06:00:00,147.0,147.03,146.8,146.88,7328.96
2026-07-08 06:05:00,146.88,147.0,146.47,146.52,32525.34
2026-07-08 06:10:00,146.52,146.83,146.41,146.61,44580.96
2026-07-08 06:15:00,146.61,146.61,146.49,146.49,150444.77
2026-07-08 06:20:00,146.49,146.82,146.13,146.69,232536.23
2026-07-08 06:25:00,146.69,146.81,146.39,146.58,15601.37
2026-07-08 06:30:00,146.58,146.84,146.3,146.42,89500.4
2026-07-08 06:35:00,146.42,146.59,146.39,146.42,14043.85
2026-07-08 06:40:00,146.42,146.47,145.87,146.18,3774.55
2026-07-08 06:45:00,146.18,146.38,145.95,146.01,31384.93
2026-07-08 06:50:00,146.01,146.32,145.37,146.21,20717.85
2026-07-08 06:55:00,146.21,146.22,145.97,146.0,109597.43
2026-07-08 07:00:00,146.0,146.3,145.98,146.14,56397.26
2026-07-08 07:05:00,146.14,146.2,145.9,146.08,32540.06
2026-07-08 07:10:00,146.08,146.4,145.79,146.32,16663.27
2026-07-08 07:15:00,146.32,146.67,145.76,146.58,524292.61
2026-07-08 07:20:00,146.58,146.7,146.32,146.53,18334.13
2026-07-08 07:25:00,146.53,147.02,145.98,146.93,103043.37
2026-07-08 07:30:00,146.93,147.18,146.74,146.98,7715.33
2026-07-08 07:35:00,146.98,147.27,146.88,147.15,43961.24
2026-07-08 07:40:00,147.15,147.61,147.01,147.55,123300.03
2026-07-08 07:45:00,147.55,147.96,147.22,147.36,40899.53
2026-07-08 07:50:00,147.36,147.39,147.12,147.22,13911.0
2026-07-08 07:55:00,147.22,147.41,147.16,147.4,5514.0
2026-07-08 08:00:00,147.4,147.5,147.36,147.38,70244.1
2026-07-08 08:05:00,147.38,147.46,147.31,147.32,60804.81
2026-07-08 08:10:00,147.32,147.67,147.31,147.59,4294.66
2026-07-08 08:15:00,147.59,147.79,147.53,147.57,18708.54
2026-07-08 08:20:00,147.57,148.15,147.17,147.26,47491.42
2026-07-08 08:25:00,147.26,147.33,147.14,147.15,154905.19
2026-07-08 08:30:00,147.15,147.21,146.71,146.77,20860.7
2026-07-08 08:35:00,146.77,146.82,146.7,146.75,30766.54
2026-07-08 08:40:00,146.75,146.97,146.63,146.96,13457.73
2026-07-08 08:45:00,146.96,147.23,146.89,147.15,25858.98
2026-07-08 08:50:00,147.15,147.23,147.08,147.18,28367.1
2026-07-08 08:55:00,147.18,147.38,146.85,146.85,57001.16
2026-07-08 09:00:00,146.85,146.91,146.61,146.68,34389.42
2026-07-08 09:05:00,146.68,146.85,146.51,146.84,136236.9
2026-07-08 09:10:00,146.84,146.87,146.81,146.83,114028.65
2026-07-08 09:15:00,146.83,147.12,146.75,147.08,9672.57
2026-07-08 09:20:00,147.08,147.45,147.08,147.41,37423.12
2026-07-08 09:25:00,147.41,147.6,147.36,147.6,85158.68
2026-07-08 09:30:00,147.6,148.04,147.6,147.98,9393.82
2026-07-08 09:35:00,147.98,148.04,147.61,147.79,31717.57
2026-07-08 09:40:00,147.79,147.87,147.4,147.44,45894.9
2026-07-08 09:45:00,147.44,147.71,147.35,147.67,19700.91
2026-07-08 09:50:00,147.67,147.78,147.63,147.73,50995.19
2026-07-08 09:55:00,147.73,147.76,147.58,147.65,20078.27
2026-07-08 10:00:00,147.65,148.24,147.27,147.41,132318.47
2026-07-08 10:05:00,147.41,147.53,147.02,147.24,2751.17
2026-07-08 10:10:00,147.24,147.37,146.94,147.0,3377.39
2026-07-08 10:15:00,147.0,147.12,146.91,147.03,13062.94
2026-07-08 10:20:00,147.03,147.13,146.95,147.07,205877.19
2026-07-08 10:25:00,147.07,147.09,146.81,146.87,6096.63
2026-07-08 10:30:00,146.87,147.17,146.8,147.14,48964.5
2026-07-08 10:35:00,147.14,147.25,147.07,147.17,187964.29
2026-07-08 10:40:00,147.17,147.35,147.14,147.25,65327.54
2026-07-08 10:45:00,147.25,147.35,147.03,147.07,113597.43
2026-07-08 10:50:00,147.07,147.3,147.01,147.17,36565.96
2026-07-08 10:55:00,147.17,147.37,147.07,147.28,40251.86
2026-07-08 11:00:00,147.28,147.28,147.08,147.12,11474.95
2026-07-08 11:05:00,147.12,147.25,146.95,147.05,18407.83
2026-07-08 11:10:00,147.05,147.12,146.68,146.82,67001.77
2026-07-08 11:15:00,146.82,147.06,146.82,146.96,25009.2
2026-07-08 11:20:00,146.96,147.29,146.91,147.24,147.03
2026-07-08 11:25:00,147.24,147.57,147.13,147.52,92760.41
2026-07-08 11:30:00,147.52,147.62,147.03,147.24,66157.48
2026-07-08 11:35:00,147.24,147.54,147.08,147.52,51473.25
2026-07-08 11:40:00,147.52,147.53,147.32,147.36,86806.53
2026-07-08 11:45:00,147.36,147.57,147.24,147.26,29944.63
2026-07-08 11:50:00,147.26,147.38,146.98,147.11,78552.63
2026-07-08 11:55:00,147.11,147.37,146.94,147.31,173348.89
2026-07-08 12:00:00,147.31,147.35,146.93,146.98,498.65
2026-07-08 12:05:00,146.98,147.34,146.85,147.22,16805.73
2026-07-08 12:10:00,147.22,147.23,147.05,147.1,18246.89
2026-07-08 12:15:00,147.1,147.21,147.08,147.13,17466.19
2026-07-08 12:20:00,147.13,147.36,147.03,147.25,44719.9
2026-07-08 12:25:00,147.25,147.38,146.96,147.21,46106.71
2026-07-08 12:30:00,147.21,147.39,147.16,147.35,101258.39
2026-07-08 12:35:00,147.35,147.36,147.32,147.33,63925.06
2026-07-08 12:40:00,147.33,147.48,147.2,147.32,40705.7
2026-07-08 12:45:00,147.32,147.37,147.08,147.16,84111.87
2026-07-08 12:50:00,147.16,147.21,146.95,147.06,5987.47
2026-07-08 12:55:00,147.06,147.09,146.95,146.99,27473.91
2026-07-08 13:00:00,146.99,147.0,146.82,146.85,11479.8
2026-07-08 13:05:00,146.85,147.05,146.37,146.54,324591.51
2026-07-08 13:10:00,146.54,146.89,146.53,146.86,11968.22
2026-07-08 13:15:00,146.86,147.21,146.39,147.09,144879.05
2026-07-08 13:20:00,147.09,147.12,146.88,146.96,127791.06
2026-07-08 13:25:00,146.96,147.39,146.91,147.26,118938.36
2026-07-08 13:30:00,147.26,147.49,147.19,147.42,2659.14
2026-07-08 13:35:00,147.42,147.73,147.23,147.66,7450.06
2026-07-08 13:40:00,147.66,147.89,147.31,147.43,19129.66
2026-07-08 13:45:00,147.43,147.55,147.33,147.46,3005.32
2026-07-08 13:50:00,147.46,147.63,147.33,147.6,67369.89
2026-07-08 13:55:00,147.6,147.79,147.45,147.73,25855.42
2026-07-08 14:00:00,147.73,147.98,147.45,147.54,58919.28
2026-07-08 14:05:00,147.54,147.7,147.54,147.63,77715.46
2026-07-08 14:10:00,147.63,147.78,147.61,147.74,48957.34
2026-07-08 14:15:00,147.74,148.37,147.16,147.3,79970.36
2026-07-08 14:20:00,147.3,147.33,147.27,147.28,68650.22
2026-07-08 14:25:00,147.28,147.5,147.2,147.48,16393.94
2026-07-08 14:30:00,147.48,147.54,147.32,147.45,26784.55
2026-07-08 14:35:00,147.45,147.56,147.07,147.19,52079.15
2026-07-08 14:40:00,147.19,147.69,147.15,147.59,34745.26
2026-07-08 14:45:00,147.59,147.69,147.54,147.65,187072.91
2026-07-08 14:50:00,147.65,148.08,147.58,147.97,6369.75
2026-07-08 14:55:00,147.97,148.04,147.46,147.66,31964.03
2026-07-08 15:00:00,147.66,147.95,147.52,147.81,8598.63
2026-07-08 15:05:00,147.81,147.83,147.66,147.73,31593.83
2026-07-08 15:10:00,147.73,147.92,147.73,147.77,42693.52
2026-07-08 15:15:00,147.77,147.88,147.4,147.56,20989.54
2026-07-08 15:20:00,147.56,147.86,147.49,147.73,29273.69
2026-07-08 15:25:00,147.73,147.92,147.55,147.9,36330.05
2026-07-08 15:30:00,147.9,148.1,147.88,148.02,270822.68
2026-07-08 15:35:00,148.02,148.35,147.52,147.6,25775.35
2026-07-08 15:40:00,147.6,147.67,147.49,147.62,68460.61
2026-07-08 15:45:00,147.62,147.84,147.57,147.83,500.08
2026-07-08 15:50:00,147.83,148.14,147.66,148.05,33243.4
2026-07-08 15:55:00,148.05,148.12,147.96,147.98,7631.11
2026-07-08 16:00:00,147.98,148.14,147.8,147.87,17753.06
2026-07-08 16:05:00,147.87,147.96,147.75,147.84,19408.56
2026-07-08 16:10:00,147.84,148.03,147.6,148.02,27123.92
2026-07-08 16:15:00,148.02,148.15,147.85,148.14,2813.89
2026-07-08 16:20:00,148.14,148.41,148.0,148.29,34794.41
2026-07-08 16:25:00,148.29,148.85,147.91,148.03,4052.32
2026-07-08 16:30:00,148.03,148.31,147.96,148.23,83158.5
2026-07-08 16:35:00,148.23,148.6,147.88,148.01,107405.07
2026-07-08 16:40:00,148.01,148.06,147.64,147.69,3410.04
2026-07-08 16:45:00,147.69,147.76,147.56,147.63,62308.21
2026-07-08 16:50:00,147.63,147.91,147.47,147.9,47038.17
2026-07-08 16:55:00,147.9,147.97,147.79,147.94,59531.47
2026-07-08 17:00:00,147.94,148.4,147.45,147.56,64811.13
2026-07-08 17:05:00,147.56,147.56,147.16,147.37,142154.08
2026-07-08 17:10:00,147.37,147.6,147.09,147.2,3078.51
2026-07-08 17:15:00,147.2,147.29,146.83,147.05,4859.16
2026-07-08 17:20:00,147.05,147.24,146.83,146.98,30677.03
2026-07-08 17:25:00,146.98,147.07,146.71,146.87,73074.57
2026-07-08 17:30:00,146.87,146.98,146.67,146.86,92668.86
2026-07-08 17:35:00,146.86,147.0,146.53,146.68,127265.71
2026-07-08 17:40:00,146.68,147.03,146.37,146.97,44589.26
2026-07-08 17:45:00,146.97,147.14,146.9,147.13,17774.68
2026-07-08 17:50:00,147.13,147.17,146.86,147.03,69904.59
2026-07-08 17:55:00,147.03,147.19,147.01,147.15,11076.18
2026-07-08 18:00:00,147.15,147.55,146.98,147.46,256988.93
2026-07-08 18:05:00,147.46,147.53,147.36,147.5,6275.63
2026-07-08 18:10:00,147.5,147.76,147.4,147.68,76145.08
2026-07-08 18:15:00,147.68,147.7,147.34,147.42,17169.5
2026-07-08 18:20:00,147.42,147.45,147.02,147.08,55416.11
2026-07-08 18:25:00,147.08,147.33,146.98,147.21,159713.95
2026-07-08 18:30:00,147.21,147.34,146.97,147.03,12250.43
2026-07-08 18:35:00,147.03,147.13,146.62,146.81,240710.02
2026-07-08 18:40:00,146.81,147.09,146.65,147.08,50158.47
2026-07-08 18:45:00,147.08,147.35,146.99,147.2,26846.24
2026-07-08 18:50:00,147.2,147.52,147.14,147.51,9462.84
2026-07-08 18:55:00,147.51,147.62,147.3,147.34,40716.58
2026-07-08 19:00:00,147.34,147.89,147.16,147.72,55244.54
2026-07-08 19:05:00,147.72,147.76,147.57,147.72,147624.98
2026-07-08 19:10:00,147.72,147.77,147.37,147.54,13993.55
2026-07-08 19:15:00,147.54,147.59,147.35,147.39,4728.97
2026-07-08 19:20:00,147.39,147.39,147.21,147.24,84586.64
2026-07-08 19:25:00,147.24,147.82,147.04,147.64,162129.07
2026-07-08 19:30:00,147.64,147.79,147.41,147.52,8714.06
2026-07-08 19:35:00,147.52,147.8,147.51,147.71,60517.47
2026-07-08 19:40:00,147.71,147.75,147.4,147.54,13337.2
2026-07-08 19:45:00,147.54,147.8,147.51,147.75,75310.9
2026-07-08 19:50:00,147.75,147.77,147.48,147.55,118607.99
2026-07-08 19:55:00,147.55,147.57,147.4,147.52,33152.47
2026-07-08 20:00:00,147.52,147.55,147.07,147.11,52194.84
2026-07-08 20:05:00,147.11,147.17,147.05,147.12,33234.97
2026-07-08 20:10:00,147.12,147.17,147.0,147.04,81177.73
2026-07-08 20:15:00,147.04,147.23,146.68,146.8,17764.78
2026-07-08 20:20:00,146.8,146.8,146.68,146.69,118437.46
2026-07-08 20:25:00,146.69,146.86,146.42,146.49,11996.76
2026-07-08 20:30:00,146.49,146.73,146.23,146.42,83345.96
2026-07-08 20:35:00,146.42,146.83,145.82,146.79,55793.47
2026-07-08 20:40:00,146.79,147.33,146.44,147.22,114474.63
2026-07-08 20:45:00,147.22,147.29,147.08,147.28,19376.07
2026-07-08 20:50:00,147.28,147.45,147.22,147.4,16465.36
2026-07-08 20:55:00,147.4,147.65,147.26,147.62,29590.96
2026-07-08 21:00:00,147.62,148.05,147.6,147.97,157167.55
2026-07-08 21:05:00,147.97,148.14,147.95,148.0,9928.69
2026-07-08 21:10:00,148.0,148.13,147.83,148.11,84027.6
2026-07-08 21:15:00,148.11,148.65,147.55,147.69,7900.15
2026-07-08 21:20:00,147.69,148.11,147.64,147.96,159086.09
2026-07-08 21:25:00,147.96,148.07,147.74,147.8,117599.75
2026-07-08 21:30:00,147.8,148.09,147.77,148.01,7264.06
2026-07-08 21:35:00,148.01,148.13,147.85,147.87,29520.03
2026-07-08 21:40:00,147.87,148.05,147.87,147.95,35996.16
2026-07-08 21:45:00,147.95,148.39,147.91,148.32,14677.45
2026-07-08 21:50:00,148.32,148.87,147.96,148.01,78941.89
2026-07-08 21:55:00,148.01,148.28,147.49,147.61,81412.42
2026-07-08 22:00:00,147.61,147.63,147.54,147.55,86184.24
2026-07-08 22:05:00,147.55,147.6,147.31,147.4,23301.07
2026-07-08 22:10:00,147.4,147.48,147.03,147.1,13405.12
2026-07-08 22:15:00,147.1,147.26,147.03,147.14,18880.74
2026-07-08 22:20:00,147.14,147.2,147.06,147.11,1788.55
2026-07-08 22:25:00,147.11,147.36,147.06,147.27,5624.59
2026-07-08 22:30:00,147.27,147.5,147.07,147.37,75062.4
2026-07-08 22:35:00,147.37,147.67,147.32,147.48,63530.43
2026-07-08 22:40:00,147.48,147.56,147.17,147.23,35529.41
2026-07-08 22:45:00,147.23,147.24,147.16,147.2,90796.55
2026-07-08 22:50:00,147.2,147.57,147.08,147.51,60277.32
2026-07-08 22:55:00,147.51,147.52,147.18,147.36,35242.82
2026-07-08 23:00:00,147.36,147.39,147.22,147.22,3675.18
2026-07-08 23:05:00,147.22,147.23,147.03,147.09,7253.23
2026-07-08 23:10:00,147.09,147.5,146.98,147.35,42628.89
2026-07-08 23:15:00,147.35,147.47,147.19,147.19,10434.25
2026-07-08 23:20:00,147.19,147.27,147.1,147.14,150151.91
2026-07-08 23:25:00,147.14,147.22,146.96,147.09,25066.63
2026-07-08 23:30:00,147.09,147.29,146.93,147.18,97907.86
2026-07-08 23:35:00,147.18,147.25,147.12,147.19,80768.99
2026-07-08 23:40:00,147.19,147.27,147.11,147.15,4804.24
2026-07-08 23:45:00,147.15,147.34,147.11,147.31,89003.81
2026-07-08 23:50:00,147.31,147.5,147.17,147.49,14354.11
2026-07-08 23:55:00,147.49,147.5,147.42,147.44,64372.72
2026-07-09 00:00:00,147.44,147.55,147.42,147.45,101727.37
2026-07-09 00:05:00,147.45,147.85,147.41,147.73,58431.26
2026-07-09 00:10:00,147.73,147.74,147.54,147.7,30208.3
2026-07-09 00:15:00,147.7,147.95,147.63,147.92,14461.01
2026-07-09 00:20:00,147.92,148.01,147.91,147.91,15522.86
2026-07-09 00:25:00,147.91,148.1,147.64,147.86,87803.76
2026-07-09 00:30:00,147.86,147.93,147.82,147.86,23312.09
2026-07-09 00:35:00,147.86,147.88,147.71,147.75,119098.92
2026-07-09 00:40:00,147.75,147.9,147.62,147.71,6534.58
2026-07-09 00:45:00,147.71,147.83,147.62,147.78,19973.41
2026-07-09 00:50:00,147.78,147.79,147.74,147.76,79844.22
2026-07-09 00:55:00,147.76,147.85,147.69,147.69,159179.52
2026-07-09 01:00:00,147.69,147.73,147.59,147.6,110097.07
2026-07-09 01:05:00,147.6,147.64,147.47,147.5,58737.72
2026-07-09 01:10:00,147.5,147.69,147.23,147.31,106695.53
2026-07-09 01:15:00,147.31,147.36,147.25,147.27,61965.87
2026-07-09 01:20:00,147.27,147.4,147.23,147.35,7316.71
2026-07-09 01:25:00,147.35,147.45,147.21,147.25,601.21
2026-07-09 01:30:00,147.25,147.76,147.25,147.68,43252.09
2026-07-09 01:35:00,147.68,147.85,147.57,147.74,145536.94
2026-07-09 01:40:00,147.74,147.88,147.58,147.85,6831.95
2026-07-09 01:45:00,147.85,147.97,147.67,147.96,63820.57
2026-07-09 01:50:00,147.96,148.22,147.85,148.0,35014.14
2026-07-09 01:55:00,148.0,148.17,147.95,148.05,2460.75
2026-07-09 02:00:00,148.05,148.15,147.87,147.88,51045.67
2026-07-09 02:05:00,147.88,148.03,147.88,147.96,104514.6
2026-07-09 02:10:00,147.96,148.09,147.74,147.81,9043.17
2026-07-09 02:15:00,147.81,147.85,147.72,147.79,5072.23
2026-07-09 02:20:00,147.79,147.95,147.75,147.94,88369.48
2026-07-09 02:25:00,147.94,148.17,147.92,148.14,8168.43
2026-07-09 02:30:00,148.14,148.19,147.94,148.1,96422.06
2026-07-09 02:35:00,148.1,148.15,148.09,148.1,79667.84
2026-07-09 02:40:00,148.1,148.34,147.83,147.84,19538.92
2026-07-09 02:45:00,147.84,147.9,147.35,147.46,44399.43
2026-07-09 02:50:00,147.46,147.62,147.33,147.54,132862.54
2026-07-09 02:55:00,147.54,147.55,147.48,147.48,168505.21
2026-07-09 03:00:00,147.48,147.58,147.07,147.24,5891.3
2026-07-09 03:05:00,147.24,147.33,147.22,147.27,132549.75
2026-07-09 03:10:00,147.27,147.41,147.15,147.41,18089.76
2026-07-09 03:15:00,147.41,147.68,147.35,147.61,12128.62
2026-07-09 03:20:00,147.61,147.93,147.61,147.78,80998.35
2026-07-09 03:25:00,147.78,147.88,147.7,147.77,14569.11
2026-07-09 03:30:00,147.77,147.99,147.59,147.73,47235.67
2026-07-09 03:35:00,147.73,147.97,147.62,147.86,63885.08
2026-07-09 03:40:00,147.86,147.98,147.82,147.87,75704.77
2026-07-09 03:45:00,147.87,148.43,147.43,147.5,65206.14
2026-07-09 03:50:00,147.5,147.64,147.37,147.59,3144.0
2026-07-09 03:55:00,147.59,147.77,147.5,147.56,110085.59
2026-07-09 04:00:00,147.56,148.01,147.53,147.98,44956.63
2026-07-09 04:05:00,147.98,148.26,147.95,148.23,21756.34
2026-07-09 04:10:00,148.23,148.31,148.07,148.29,95225.52
2026-07-09 04:15:00,148.29,148.56,148.22,148.36,75981.3
2026-07-09 04:20:00,148.36,148.5,148.3,148.43,33490.69
2026-07-09 04:25:00,148.43,148.5,148.14,148.26,19873.48
2026-07-09 04:30:00,148.26,148.49,147.9,147.98,47883.35
2026-07-09 04:35:00,147.98,148.11,147.91,147.97,137896.02
2026-07-09 04:40:00,147.97,148.39,147.91,148.32,68183.1
2026-07-09 04:45:00,148.32,148.92,148.04,148.19,352486.7
2026-07-09 04:50:00,148.19,148.56,147.87,147.96,99237.51
2026-07-09 04:55:00,147.96,148.29,147.72,147.78,78992.83
2026-07-09 05:00:00,147.78,147.87,147.74,147.78,112003.54
2026-07-09 05:05:00,147.78,147.97,147.67,147.84,21265.28
2026-07-09 05:10:00,147.84,148.24,147.69,148.08,87123.6
2026-07-09 05:15:00,148.08,148.53,147.6,147.72,547574.17
2026-07-09 05:20:00,147.72,147.83,147.67,147.79,1801.03
2026-07-09 05:25:00,147.79,147.85,147.51,147.51,118662.73
2026-07-09 05:30:00,147.51,147.66,147.38,147.45,5690.62
2026-07-09 05:35:00,147.45,147.51,147.22,147.22,79298.41
2026-07-09 05:40:00,147.22,147.27,146.92,147.01,16038.83
2026-07-09 05:45:00,147.01,147.06,146.98,147.0,53303.83
2026-07-09 05:50:00,147.0,147.24,146.36,147.15,487930.82
2026-07-09 05:55:00,147.15,147.26,146.84,147.2,70741.37
2026-07-09 06:00:00,147.2,147.28,147.19,147.26,204971.71
2026-07-09 06:05:00,147.26,147.56,146.61,147.43,342362.98
2026-07-09 06:10:00,147.43,147.51,147.35,147.43,3138.55
2026-07-09 06:15:00,147.43,147.6,147.17,147.57,75777.66
2026-07-09 06:20:00,147.57,147.61,147.35,147.36,9229.57
2026-07-09 06:25:00,147.36,147.39,147.03,147.11,75614.13
2026-07-09 06:30:00,147.11,147.35,146.89,147.24,130944.95
2026-07-09 06:35:00,147.24,147.49,146.8,147.43,159810.14
2026-07-09 06:40:00,147.43,147.89,147.41,147.69,43777.27
2026-07-09 06:45:00,147.69,147.85,147.67,147.84,64133.89
2026-07-09 06:50:00,147.84,148.13,147.79,148.08,60682.81
2026-07-09 06:55:00,148.08,148.74,147.64,147.75,162486.21
2026-07-09 07:00:00,147.75,147.81,147.7,147.73,36928.9
2026-07-09 07:05:00,147.73,147.84,147.71,147.76,60830.64
2026-07-09 07:10:00,147.76,147.81,147.48,147.59,48949.09
2026-07-09 07:15:00,147.59,147.61,147.13,147.28,98172.96
2026-07-09 07:20:00,147.28,147.3,146.95,147.12,72276.26
2026-07-09 07:25:00,147.12,147.4,146.75,147.28,124551.54
2026-07-09 07:30:00,147.28,147.66,146.97,147.59,143430.55
2026-07-09 07:35:00,147.59,147.59,147.52,147.53,127815.2
2026-07-09 07:40:00,147.53,147.6,147.35,147.36,12099.4
2026-07-09 07:45:00,147.36,147.5,147.22,147.44,102789.99
2026-07-09 07:50:00,147.44,147.49,146.98,147.22,17789.34
2026-07-09 07:55:00,147.22,147.67,146.78,147.57,84106.4
2026-07-09 08:00:00,147.57,147.99,147.57,147.73,37893.76
2026-07-09 08:05:00,147.73,147.88,147.52,147.71,16879.88
2026-07-09 08:10:00,147.71,147.93,147.14,147.33,11273.96
2026-07-09 08:15:00,147.33,147.46,147.29,147.29,102967.22
2026-07-09 08:20:00,147.29,147.54,147.15,147.24,108078.46
2026-07-09 08:25:00,147.24,147.63,147.23,147.52,75529.3
2026-07-09 08:30:00,147.52,147.57,147.22,147.3,110043.61
2026-07-09 08:35:00,147.3,147.59,147.12,147.44,44258.21
2026-07-09 08:40:00,147.44,147.69,147.28,147.62,33280.96
2026-07-09 08:45:00,147.62,147.91,147.48,147.82,68032.24
2026-07-09 08:50:00,147.82,148.06,147.71,147.98,43602.83
2026-07-09 08:55:00,147.98,148.12,147.53,147.61,24285.88
2026-07-09 09:00:00,147.61,147.72,147.5,147.55,138453.33
2026-07-09 09:05:00,147.55,147.94,147.47,147.93,56027.41
2026-07-09 09:10:00,147.93,148.03,147.76,147.85,72997.26
2026-07-09 09:15:00,147.85,147.88,147.84,147.86,37232.29
2026-07-09 09:20:00,147.86,148.07,147.82,148.04,24472.43
2026-07-09 09:25:00,148.04,148.11,147.86,148.09,69912.19
2026-07-09 09:30:00,148.09,148.43,147.98,148.41,68621.18
2026-07-09 09:35:00,148.41,148.42,148.37,148.41,114071.21
2026-07-09 09:40:00,148.41,148.61,148.22,148.35,1903.99
2026-07-09 09:45:00,148.35,148.9,147.96,148.1,160241.39
2026-07-09 09:50:00,148.1,148.48,148.02,148.45,114512.35
2026-07-09 09:55:00,148.45,148.5,148.18,148.28,59365.12
2026-07-09 10:00:00,148.28,148.78,148.25,148.64,66414.21
2026-07-09 10:05:00,148.64,148.65,148.49,148.53,60581.2
2026-07-09 10:10:00,148.53,149.13,148.11,148.24,541132.55
2026-07-09 10:15:00,148.24,148.27,148.08,148.08,30283.34
2026-07-09 10:20:00,148.08,148.19,147.9,147.98,86859.19
2026-07-09 10:25:00,147.98,148.04,147.85,147.87,158016.08
2026-07-09 10:30:00,147.87,147.99,147.72,147.73,62003.26
2026-07-09 10:35:00,147.73,147.77,147.61,147.65,25834.73
2026-07-09 10:40:00,147.65,147.7,147.51,147.64,17553.58
2026-07-09 10:45:00,147.64,147.72,147.48,147.6,16201.71
2026-07-09 10:50:00,147.6,147.8,147.3,147.7,37364.42
2026-07-09 10:55:00,147.7,147.94,147.68,147.87,103647.14
2026-07-09 11:00:00,147.87,147.89,147.8,147.86,21147.74
2026-07-09 11:05:00,147.86,147.88,147.7,147.78,90192.87
2026-07-09 11:10:00,147.78,147.9,147.64,147.81,41031.04
2026-07-09 11:15:00,147.81,147.85,147.76,147.84,19938.89
2026-07-09 11:20:00,147.84,148.06,147.7,148.06,14940.91
2026-07-09 11:25:00,148.06,148.2,147.98,147.99,2308.45
2026-07-09 11:30:00,147.99,148.13,147.94,147.95,61745.21
2026-07-09 11:35:00,147.95,148.39,147.91,148.24,8705.62
2026-07-09 11:40:00,148.24,148.47,148.18,148.23,40294.21
2026-07-09 11:45:00,148.23,148.24,148.0,148.03,23046.71
2026-07-09 11:50:00,148.03,148.29,147.73,148.16,33816.17
2026-07-09 11:55:00,148.16,148.59,148.12,148.4,11290.74
2026-07-09 12:00:00,148.4,148.56,148.35,148.36,18430.06
2026-07-09 12:05:00,148.36,148.52,148.28,148.5,82976.41
2026-07-09 12:10:00,148.5,148.59,148.08,148.27,33667.6
2026-07-09 12:15:00,148.27,148.48,148.27,148.4,34936.02
2026-07-09 12:20:00,148.4,148.59,148.13,148.13,450.91
2026-07-09 12:25:00,148.13,148.14,147.89,147.91,54102.9
2026-07-09 12:30:00,147.91,148.09,147.89,148.02,277890.76
2026-07-09 12:35:00,148.02,148.14,147.87,147.95,41851.85
2026-07-09 12:40:00,147.95,148.28,147.91,148.21,16832.07
2026-07-09 12:45:00,148.21,148.24,147.97,148.05,17065.34
2026-07-09 12:50:00,148.05,148.28,147.99,148.27,3356.63
2026-07-09 12:55:00,148.27,148.4,148.02,148.11,73270.35
2026-07-09 13:00:00,148.11,148.2,148.04,148.19,95610.85
2026-07-09 13:05:00,148.19,148.47,147.96,148.38,11529.15
2026-07-09 13:10:00,148.38,148.72,148.06,148.15,53275.51
2026-07-09 13:15:00,148.15,148.29,148.0,148.29,97678.88
2026-07-09 13:20:00,148.29,148.83,148.21,148.73,13950.99
2026-07-09 13:25:00,148.73,148.82,148.44,148.56,97037.55
2026-07-09 13:30:00,148.56,148.99,148.3,148.44,29302.79
2026-07-09 13:35:00,148.44,148.96,147.95,148.02,71041.45
2026-07-09 13:40:00,148.02,148.15,147.9,147.95,115306.55
2026-07-09 13:45:00,147.95,148.15,147.83,148.13,64388.6
2026-07-09 13:50:00,148.13,148.13,147.72,147.97,46642.52
2026-07-09 13:55:00,147.97,148.01,147.91,147.99,11001.82
2026-07-09 14:00:00,147.99,148.01,147.85,147.99,15141.98
2026-07-09 14:05:00,147.99,148.16,147.71,147.88,66331.04
2026-07-09 14:10:00,147.88,147.92,147.5,147.58,231612.46
2026-07-09 14:15:00,147.58,147.71,147.36,147.65,125928.37
2026-07-09 14:20:00,147.65,147.71,147.52,147.7,522.71
2026-07-09 14:25:00,147.7,147.83,147.58,147.76,57188.11
2026-07-09 14:30:00,147.76,148.31,147.62,148.19,230369.15
2026-07-09 14:35:00,148.19,148.47,148.14,148.37,15186.13
2026-07-09 14:40:00,148.37,148.51,147.81,148.12,202741.05
2026-07-09 14:45:00,148.12,148.29,148.07,148.26,28995.52
2026-07-09 14:50:00,148.26,148.39,148.26,148.28,8799.57
2026-07-09 14:55:00,148.28,148.3,148.16,148.16,275464.01
2026-07-09 15:00:00,148.16,148.39,148.14,148.21,19943.14
2026-07-09 15:05:00,148.21,148.26,147.71,147.77,104460.44
2026-07-09 15:10:00,147.77,147.9,147.68,147.86,55200.95
2026-07-09 15:15:00,147.86,148.33,147.73,148.17,161562.07
2026-07-09 15:20:00,148.17,148.51,148.12,148.42,4336.69
2026-07-09 15:25:00,148.42,148.51,148.24,148.36,58838.77
2026-07-09 15:30:00,148.36,148.78,148.15,148.65,1449.43
2026-07-09 15:35:00,148.65,148.78,148.6,148.75,1745.11
2026-07-09 15:40:00,148.75,148.81,148.39,148.46,29561.31
2026-07-09 15:45:00,148.46,149.1,147.97,148.03,115754.4
2026-07-09 15:50:00,148.03,148.19,147.86,148.03,2954.37
2026-07-09 15:55:00,148.03,148.07,147.97,148.01,60698.51
2026-07-09 16:00:00,148.01,148.14,147.88,148.08,19827.91
2026-07-09 16:05:00,148.08,148.3,148.08,148.27,2127.79
2026-07-09 16:10:00,148.27,148.4,148.21,148.37,16175.02
2026-07-09 16:15:00,148.37,148.57,148.36,148.56,14174.95
2026-07-09 16:20:00,148.56,148.58,148.45,148.46,50862.62
2026-07-09 16:25:00,148.46,148.57,148.16,148.33,28372.77
2026-07-09 16:30:00,148.33,148.49,147.98,148.01,58494.6
2026-07-09 16:35:00,148.01,148.08,147.9,148.03,28682.86
2026-07-09 16:40:00,148.03,148.08,147.85,147.9,10999.41
2026-07-09 16:45:00,147.9,147.93,147.85,147.87,46262.25
2026-07-09 16:50:00,147.87,147.98,147.8,147.91,25638.31
2026-07-09 16:55:00,147.91,148.01,147.52,147.71,177222.43
2026-07-09 17:00:00,147.71,148.17,147.3,148.04,82799.47
2026-07-09 17:05:00,148.04,148.38,147.83,148.31,9474.25
2026-07-09 17:10:00,148.31,148.52,148.26,148.33,41519.41
2026-07-09 17:15:00,148.33,148.52,148.26,148.46,31031.87
2026-07-09 17:20:00,148.46,148.5,148.46,148.48,144931.01
2026-07-09 17:25:00,148.48,148.53,148.37,148.4,39069.94
2026-07-09 17:30:00,148.4,148.55,148.17,148.5,9678.62
2026-07-09 17:35:00,148.5,148.87,148.08,148.16,429601.09
2026-07-09 17:40:00,148.16,148.26,148.04,148.11,172505.2
2026-07-09 17:45:00,148.11,148.15,148.07,148.11,42816.17
2026-07-09 17:50:00,148.11,148.23,147.87,147.92,14919.04
2026-07-09 17:55:00,147.92,148.24,147.91,148.23,15893.03
2026-07-09 18:00:00,148.23,148.24,148.05,148.17,7347.2
2026-07-09 18:05:00,148.17,148.42,148.02,148.25,186391.36
2026-07-09 18:10:00,148.25,148.46,148.17,148.35,37491.2
2026-07-09 18:15:00,148.35,148.48,148.2,148.44,18477.44
2026-07-09 18:20:00,148.44,148.97,148.0,148.15,404321.56
2026-07-09 18:25:00,148.15,148.22,147.83,147.86,111221.64
2026-07-09 18:30:00,147.86,147.98,147.83,147.91,36185.89
2026-07-09 18:35:00,147.91,148.18,147.86,148.18,34276.38
2026-07-09 18:40:00,148.18,148.24,147.96,148.24,13389.71
2026-07-09 18:45:00,148.24,148.57,148.13,148.46,36949.17
2026-07-09 18:50:00,148.46,148.67,148.31,148.61,140444.21
2026-07-09 18:55:00,148.61,148.63,148.27,148.33,46206.83
2026-07-09 19:00:00,148.33,148.35,148.2,148.26,9317.98
2026-07-09 19:05:00,148.26,148.26,148.19,148.26,10134.35
2026-07-09 19:10:00,148.26,148.27,148.03,148.15,73063.22
2026-07-09 19:15:00,148.15,148.58,148.02,148.48,52691.62
2026-07-09 19:20:00,148.48,148.86,148.1,148.16,68777.31
2026-07-09 19:25:00,148.16,148.21,147.95,148.14,5589.67
2026-07-09 19:30:00,148.14,148.35,148.11,148.15,17140.86
2026-07-09 19:35:00,148.15,148.44,148.06,148.26,11683.83
2026-07-09 19:40:00,148.26,148.3,147.93,147.98,10050.93
2026-07-09 19:45:00,147.98,148.07,147.59,147.64,288.5
2026-07-09 19:50:00,147.64,147.79,147.63,147.79,98545.63
2026-07-09 19:55:00,147.79,147.85,147.69,147.7,27262.1
2026-07-09 20:00:00,147.7,147.96,147.42,147.82,246289.48
2026-07-09 20:05:00,147.82,147.98,147.79,147.93,116098.6
2026-07-09 20:10:00,147.93,148.15,147.28,148.05,375628.83
2026-07-09 20:15:00,148.05,148.19,147.99,148.12,24414.0
2026-07-09 20:20:00,148.12,148.26,148.1,148.18,22675.42
2026-07-09 20:25:00,148.18,148.34,147.92,147.99,27836.39
2026-07-09 20:30:00,147.99,148.0,147.73,147.76,10147.59
2026-07-09 20:35:00,147.76,148.07,147.37,147.47,161385.05
2026-07-09 20:40:00,147.47,147.73,146.95,147.64,4478.74
2026-07-09 20:45:00,147.64,148.21,147.54,148.05,16684.65
2026-07-09 20:50:00,148.05,148.06,147.88,147.94,90983.78
2026-07-09 20:55:00,147.94,147.98,147.74,147.75,6809.74
2026-07-09 21:00:00,147.75,148.2,147.38,148.1,327320.97
2026-07-09 21:05:00,148.1,148.17,147.9,147.95,36869.98
2026-07-09 21:10:00,147.95,148.23,147.84,148.22,8544.85
2026-07-09 21:15:00,148.22,148.33,148.12,148.13,155757.94
2026-07-09 21:20:00,148.13,148.25,147.97,148.12,31832.8
2026-07-09 21:25:00,148.12,148.33,148.09,148.12,123153.7
2026-07-09 21:30:00,148.12,148.27,148.02,148.1,61559.06
2026-07-09 21:35:00,148.1,148.27,148.1,148.2,3664.76
2026-07-09 21:40:00,148.2,148.31,148.09,148.11,104121.24
2026-07-09 21:45:00,148.11,148.31,148.08,148.29,55701.76
2026-07-09 21:50:00,148.29,148.87,148.24,148.76,21532.44
2026-07-09 21:55:00,148.76,148.97,148.67,148.81,25843.97
2026-07-09 22:00:00,148.81,149.06,148.79,148.81,38778.7
2026-07-09 22:05:00,148.81,149.35,148.78,149.29,139982.49
2026-07-09 22:10:00,149.29,149.69,148.91,149.03,118545.24
2026-07-09 22:15:00,149.03,149.25,148.86,148.94,81285.62
2026-07-09 22:20:00,148.94,148.98,148.92,148.95,100977.52
2026-07-09 22:25:00,148.95,149.11,148.84,149.07,10688.09
2026-07-09 22:30:00,149.07,149.17,148.9,148.93,23012.42
2026-07-09 22:35:00,148.93,149.06,148.86,149.0,47847.18
2026-07-09 22:40:00,149.0,149.06,148.67,148.75,30731.7
2026-07-09 22:45:00,148.75,148.92,148.65,148.83,11266.9
2026-07-09 22:50:00,148.83,149.08,148.56,148.64,80364.89
2026-07-09 22:55:00,148.64,148.76,148.55,148.73,3590.05
2026-07-09 23:00:00,148.73,149.26,148.31,148.38,196471.84
2026-07-09 23:05:00,148.38,148.39,148.23,148.38,271176.31
2026-07-09 23:10:00,148.38,148.43,148.19,148.41,10568.78
2026-07-09 23:15:00,148.41,148.57,148.23,148.24,28848.15
2026-07-09 23:20:00,148.24,148.39,148.05,148.17,169425.69
2026-07-09 23:25:00,148.17,148.24,148.04,148.12,3733.95
2026-07-09 23:30:00,148.12,148.36,148.03,148.14,68246.67
2026-07-09 23:35:00,148.14,148.23,147.91,148.21,43070.73
2026-07-09 23:40:00,148.21,148.26,148.05,148.16,33710.97
2026-07-09 23:45:00,148.16,148.19,147.93,148.01,56476.4
2026-07-09 23:50:00,148.01,148.23,147.96,148.19,69499.05
2026-07-09 23:55:00,148.19,148.21,147.94,148.11,22792.2
2026-07-10 00:00:00,148.11,148.2,148.09,148.11,35571.18
2026-07-10 00:05:00,148.11,148.47,148.05,148.28,11357.38
2026-07-10 00:10:00,148.28,148.38,148.17,148.21,58730.86
2026-07-10 00:15:00,148.21,148.3,147.91,148.09,8783.43
2026-07-10 00:20:00,148.09,148.21,147.97,148.07,157379.2
2026-07-10 00:25:00,148.07,148.31,148.05,148.2,229678.21
2026-07-10 00:30:00,148.2,148.3,148.18,148.27,61631.42
2026-07-10 00:35:00,148.27,148.36,147.96,148.11,2330.68
2026-07-10 00:40:00,148.11,148.37,148.09,148.35,29202.09
2026-07-10 00:45:00,148.35,148.47,148.18,148.46,75060.66
2026-07-10 00:50:00,148.46,148.67,148.26,148.67,71676.32
2026-07-10 00:55:00,148.67,148.67,148.55,148.6,114070.78
2026-07-10 01:00:00,148.6,148.67,148.09,148.32,125583.06
2026-07-10 01:05:00,148.32,148.41,148.12,148.35,57940.61
2026-07-10 01:10:00,148.35,148.78,148.3,148.61,23593.98
2026-07-10 01:15:00,148.61,148.7,148.54,148.54,5879.88
2026-07-10 01:20:00,148.54,148.99,148.36,148.88,11334.92
2026-07-10 01:25:00,148.88,148.94,148.76,148.85,6028.54
2026-07-10 01:30:00,148.85,149.1,148.78,149.03,32728.17
2026-07-10 01:35:00,149.03,149.59,148.66,148.78,46233.37
2026-07-10 01:40:00,148.78,148.81,148.69,148.7,51110.98
2026-07-10 01:45:00,148.7,149.03,148.68,148.87,27813.84
2026-07-10 01:50:00,148.87,149.0,148.86,148.95,68590.27
2026-07-10 01:55:00,148.95,149.07,148.72,148.84,143454.76
2026-07-10 02:00:00,148.84,149.2,148.81,149.12,40851.27
2026-07-10 02:05:00,149.12,149.56,148.57,148.71,253473.04
2026-07-10 02:10:00,148.71,148.77,148.33,148.41,45518.64
2026-07-10 02:15:00,148.41,148.56,148.19,148.23,12812.81
2026-07-10 02:20:00,148.23,148.27,148.05,148.24,140400.94
2026-07-10 02:25:00,148.24,148.41,148.16,148.38,14166.54
2026-07-10 02:30:00,148.38,148.87,148.35,148.83,15768.16
2026-07-10 02:35:00,148.83,149.11,148.68,148.97,48649.35
2026-07-10 02:40:00,148.97,149.02,148.93,148.95,66019.98
2026-07-10 02:45:00,148.95,149.14,148.9,148.96,45062.28
2026-07-10 02:50:00,148.96,149.28,148.82,149.08,47439.33
2026-07-10 02:55:00,149.08,149.16,148.8,148.87,15780.95
2026-07-10 03:00:00,148.87,149.15,148.84,149.0,47561.51
2026-07-10 03:05:00,149.0,149.0,148.72,148.87,53153.46
2026-07-10 03:10:00,148.87,149.01,148.79,148.96,36961.3
2026-07-10 03:15:00,148.96,149.42,148.81,149.24,26286.06
2026-07-10 03:20:00,149.24,149.7,148.91,148.97,163133.07
2026-07-10 03:25:00,148.97,149.32,148.95,149.14,93815.2
2026-07-10 03:30:00,149.14,149.31,149.06,149.16,7702.59
2026-07-10 03:35:00,149.16,149.71,148.62,148.71,600121.55
2026-07-10 03:40:00,148.71,148.84,148.57,148.84,18289.85
2026-07-10 03:45:00,148.84,149.01,148.56,148.71,49427.63
2026-07-10 03:50:00,148.71,148.81,148.54,148.66,106428.85
2026-07-10 03:55:00,148.66,148.98,148.62,148.95,20796.95
2026-07-10 04:00:00,148.95,149.25,148.83,149.13,22179.96
2026-07-10 04:05:00,149.13,149.69,148.71,148.81,137966.14
2026-07-10 04:10:00,148.81,148.98,148.65,148.96,5912.42
2026-07-10 04:15:00,148.96,149.08,148.8,149.06,80705.75
2026-07-10 04:20:00,149.06,149.17,148.86,149.01,22545.28
2026-07-10 04:25:00,149.01,149.02,148.83,148.84,27500.26
2026-07-10 04:30:00,148.84,149.25,148.71,149.03,46685.44
2026-07-10 04:35:00,149.03,149.52,148.65,148.77,240092.69
2026-07-10 04:40:00,148.77,148.92,148.45,148.67,31734.02
2026-07-10 04:45:00,148.67,148.78,148.62,148.7,63259.62
2026-07-10 04:50:00,148.7,148.78,148.51,148.51,18852.36
2026-07-10 04:55:00,148.51,148.59,148.26,148.45,62415.0
2026-07-10 05:00:00,148.45,148.65,148.43,148.63,4778.03
2026-07-10 05:05:00,148.63,148.79,148.54,148.63,109119.63
2026-07-10 05:10:00,148.63,148.76,148.34,148.44,126249.73
2026-07-10 05:15:00,148.44,148.69,148.19,148.26,24625.09
2026-07-10 05:20:00,148.26,148.37,147.87,147.93,9582.58
2026-07-10 05:25:00,147.93,148.29,147.28,148.21,261763.7
2026-07-10 05:30:00,148.21,148.51,148.15,148.43,40870.61
2026-07-10 05:35:00,148.43,148.58,148.25,148.48,21863.32
2026-07-10 05:40:00,148.48,148.54,148.42,148.49,25819.25
2026-07-10 05:45:00,148.49,148.52,148.04,148.32,49454.16
2026-07-10 05:50:00,148.32,148.37,148.19,148.2,118960.69
2026-07-10 05:55:00,148.2,148.45,148.15,148.34,1388.49
2026-07-10 06:00:00,148.34,148.72,148.21,148.69,28339.22
2026-07-10 06:05:00,148.69,148.73,148.63,148.73,24916.92
2026-07-10 06:10:00,148.73,149.03,148.61,148.95,81300.61
2026-07-10 06:15:00,148.95,149.13,148.88,149.11,22279.09
2026-07-10 06:20:00,149.11,149.52,148.9,148.98,109590.16
2026-07-10 06:25:00,148.98,149.33,148.6,148.67,46688.19
2026-07-10 06:30:00,148.67,148.77,148.61,148.75,65798.76
2026-07-10 06:35:00,148.75,148.89,148.72,148.79,534.74
2026-07-10 06:40:00,148.79,148.89,148.78,148.8,11722.95
2026-07-10 06:45:00,148.8,149.13,148.6,148.98,102305.3
2026-07-10 06:50:00,148.98,149.08,148.81,148.87,13894.56
2026-07-10 06:55:00,148.87,149.01,148.67,148.86,586.56
2026-07-10 07:00:00,148.86,148.89,148.71,148.84,18316.85
2026-07-10 07:05:00,148.84,148.92,148.43,148.6,99922.74
2026-07-10 07:10:00,148.6,148.61,148.26,148.52,17808.92
2026-07-10 07:15:00,148.52,148.57,148.31,148.37,38593.1
2026-07-10 07:20:00,148.37,148.68,148.18,148.6,1923.73
2026-07-10 07:25:00,148.6,148.86,148.48,148.79,19560.66
2026-07-10 07:30:00,148.79,148.96,148.5,148.77,97446.67
2026-07-10 07:35:00,148.77,149.0,148.58,148.59,95045.16
2026-07-10 07:40:00,148.59,148.74,148.56,148.72,149039.25
2026-07-10 07:45:00,148.72,149.03,148.58,148.96,233128.78
2026-07-10 07:50:00,148.96,149.05,148.93,149.03,3467.33
2026-07-10 07:55:00,149.03,149.39,148.9,149.27,40666.43
2026-07-10 08:00:00,149.27,149.52,149.04,149.18,2662.61
2026-07-10 08:05:00,149.18,149.76,148.66,148.74,379240.43
2026-07-10 08:10:00,148.74,148.8,148.64,148.65,144503.4
2026-07-10 08:15:00,148.65,148.79,148.51,148.78,209179.36
2026-07-10 08:20:00,148.78,148.81,148.4,148.67,83169.28
2026-07-10 08:25:00,148.67,148.8,148.51,148.68,129294.68
2026-07-10 08:30:00,148.68,148.69,148.53,148.64,327303.49
2026-07-10 08:35:00,148.64,148.83,148.52,148.78,83963.15
2026-07-10 08:40:00,148.78,148.78,148.66,148.77,5024.16
2026-07-10 08:45:00,148.77,149.02,148.76,148.87,7428.26
2026-07-10 08:50:00,148.87,148.94,148.69,148.71,3672.58
2026-07-10 08:55:00,148.71,148.8,148.35,148.5,141605.3
2026-07-10 09:00:00,148.5,148.56,148.35,148.47,107993.93
2026-07-10 09:05:00,148.47,148.6,148.33,148.49,28967.72
2026-07-10 09:10:00,148.49,148.69,148.46,148.68,53194.6
2026-07-10 09:15:00,148.68,148.81,148.67,148.78,2639.89
2026-07-10 09:20:00,148.78,148.78,148.68,148.75,5699.5
2026-07-10 09:25:00,148.75,149.04,148.66,148.99,102090.52
2026-07-10 09:30:00,148.99,149.35,148.87,149.2,53767.7
2026-07-10 09:35:00,149.2,149.53,149.03,149.29,9007.2
2026-07-10 09:40:00,149.29,149.3,148.86,149.07,2485.34
2026-07-10 09:45:00,149.07,149.36,149.06,149.23,594.09
2026-07-10 09:50:00,149.23,149.51,148.81,148.9,264108.29
2026-07-10 09:55:00,148.9,149.04,148.63,148.83,92057.04
2026-07-10 10:00:00,148.83,148.95,148.8,148.93,56745.5
2026-07-10 10:05:00,148.93,149.51,148.66,148.77,14028.56
2026-07-10 10:10:00,148.77,148.77,148.4,148.62,57494.15
2026-07-10 10:15:00,148.62,148.79,148.42,148.47,98627.83
2026-07-10 10:20:00,148.47,148.54,148.36,148.5,51363.8
2026-07-10 10:25:00,148.5,148.83,148.3,148.67,6275.61
2026-07-10 10:30:00,148.67,148.67,148.55,148.6,19229.66
2026-07-10 10:35:00,148.6,148.69,148.17,148.26,272158.07
2026-07-10 10:40:00,148.26,148.3,148.0,148.11,44989.53
2026-07-10 10:45:00,148.11,148.44,147.98,148.17,29066.72
2026-07-10 10:50:00,148.17,148.22,148.14,148.2,14917.74
2026-07-10 10:55:00,148.2,148.67,147.89,148.56,13668.04
2026-07-10 11:00:00,148.56,148.62,148.11,148.34,24977.46
2026-07-10 11:05:00,148.34,148.35,148.04,148.1,3128.37
2026-07-10 11:10:00,148.1,148.34,148.03,148.28,13239.42
2026-07-10 11:15:00,148.28,148.3,148.26,148.29,36932.86
2026-07-10 11:20:00,148.29,148.4,148.11,148.2,15894.03
2026-07-10 11:25:00,148.2,148.51,148.09,148.5,143867.56
2026-07-10 11:30:00,148.5,148.56,148.3,148.39,108695.54
2026-07-10 11:35:00,148.39,148.57,148.37,148.54,67030.8
2026-07-10 11:40:00,148.54,148.55,148.54,148.54,17548.72
2026-07-10 11:45:00,148.54,148.84,148.45,148.67,100906.05
2026-07-10 11:50:00,148.67,148.81,148.54,148.57,10842.09
2026-07-10 11:55:00,148.57,148.61,148.53,148.59,20957.2
2026-07-10 12:00:00,148.59,148.79,148.54,148.61,2480.78
2026-07-10 12:05:00,148.61,148.7,148.31,148.49,87570.67
2026-07-10 12:10:00,148.49,148.61,148.24,148.41,12556.18
2026-07-10 12:15:00,148.41,148.56,148.29,148.32,9651.6
2026-07-10 12:20:00,148.32,148.47,148.23,148.46,15356.28
2026-07-10 12:25:00,148.46,148.63,148.28,148.56,5305.88
2026-07-10 12:30:00,148.56,148.64,148.42,148.58,28432.53
2026-07-10 12:35:00,148.58,148.87,148.4,148.55,201012.52
2026-07-10 12:40:00,148.55,149.21,148.5,149.05,58797.05
2026-07-10 12:45:00,149.05,149.09,148.82,148.91,68409.09
2026-07-10 12:50:00,148.91,149.12,148.83,149.09,24495.25
2026-07-10 12:55:00,149.09,149.46,149.0,149.4,16482.69
2026-07-10 13:00:00,149.4,149.48,149.21,149.38,52293.57
2026-07-10 13:05:00,149.38,149.54,149.22,149.4,195472.55
2026-07-10 13:10:00,149.4,149.85,148.99,149.13,67140.86
2026-07-10 13:15:00,149.13,149.27,149.07,149.23,14628.51
2026-07-10 13:20:00,149.23,149.62,149.17,149.33,80251.74
2026-07-10 13:25:00,149.33,149.46,149.2,149.34,37723.99
2026-07-10 13:30:00,149.34,149.5,149.28,149.43,21747.0
2026-07-10 13:35:00,149.43,149.84,149.02,149.12,40575.19
2026-07-10 13:40:00,149.12,149.52,149.08,149.4,49267.59
2026-07-10 13:45:00,149.4,149.88,149.12,149.21,11543.6
2026-07-10 13:50:00,149.21,149.3,149.08,149.13,58743.46
2026-07-10 13:55:00,149.13,149.42,149.02,149.3,2697.82
2026-07-10 14:00:00,149.3,149.38,149.24,149.28,52763.04
2026-07-10 14:05:00,149.28,149.47,149.04,149.19,149.32
2026-07-10 14:10:00,149.19,149.26,148.95,149.04,62921.11
2026-07-10 14:15:00,149.04,149.18,148.98,149.14,57550.47
2026-07-10 14:20:00,149.14,149.26,148.74,148.74,52358.81
2026-07-10 14:25:00,148.74,148.92,148.7,148.78,28942.31
2026-07-10 14:30:00,148.78,148.95,148.76,148.88,163155.99
2026-07-10 14:35:00,148.88,149.05,148.8,148.96,38604.73
2026-07-10 14:40:00,148.96,149.01,148.73,148.8,62563.56
2026-07-10 14:45:00,148.8,149.06,148.68,148.96,70039.32
2026-07-10 14:50:00,148.96,149.23,148.93,149.13,154922.5
2026-07-10 14:55:00,149.13,149.38,149.12,149.3,5940.74
2026-07-10 15:00:00,149.3,149.54,149.13,149.44,38979.65
2026-07-10 15:05:00,149.44,149.54,149.36,149.41,43904.62
2026-07-10 15:10:00,149.41,150.07,149.03,149.14,453788.29
2026-07-10 15:15:00,149.14,149.17,148.95,149.03,76137.63
2026-07-10 15:20:00,149.03,149.06,148.72,148.73,55214.29
2026-07-10 15:25:00,148.73,148.79,148.62,148.79,39530.3
2026-07-10 15:30:00,148.79,148.97,148.69,148.72,150119.06
2026-07-10 15:35:00,148.72,148.74,148.68,148.72,115067.39
2026-07-10 15:40:00,148.72,148.82,148.5,148.6,137101.04
2026-07-10 15:45:00,148.6,148.98,148.05,148.86,49541.54
2026-07-10 15:50:00,148.86,149.03,148.81,148.82,71261.06
2026-07-10 15:55:00,148.82,148.9,148.78,148.8,16665.2
2026-07-10 16:00:00,148.8,148.89,148.79,148.85,67914.92
2026-07-10 16:05:00,148.85,149.03,148.82,148.92,53076.96
2026-07-10 16:10:00,148.92,148.93,148.75,148.77,8108.8
2026-07-10 16:15:00,148.77,148.82,148.3,148.4,9568.15
2026-07-10 16:20:00,148.4,148.83,148.35,148.62,50794.19
2026-07-10 16:25:00,148.62,148.66,148.46,148.46,116463.93
2026-07-10 16:30:00,148.46,148.69,148.13,148.44,75640.13
2026-07-10 16:35:00,148.44,148.84,147.87,148.75,40406.39
2026-07-10 16:40:00,148.75,149.13,148.75,149.06,33145.61
2026-07-10 16:45:00,149.06,149.12,148.99,149.05,25058.27
2026-07-10 16:50:00,149.05,149.37,149.04,149.29,16400.86
2026-07-10 16:55:00,149.29,149.56,148.92,149.02,1397420.14
2026-07-10 17:00:00,149.02,149.11,148.8,148.94,74400.2
2026-07-10 17:05:00,148.94,149.36,148.88,149.34,2872.44
2026-07-10 17:10:00,149.34,149.42,149.12,149.16,850.89
2026-07-10 17:15:00,149.16,149.37,148.94,149.3,53901.41
2026-07-10 17:20:00,149.3,149.46,149.08,149.14,8180.37
2026-07-10 17:25:00,149.14,149.42,149.0,149.38,142141.35
2026-07-10 17:30:00,149.38,149.68,148.97,149.03,43592.45
2026-07-10 17:35:00,149.03,149.16,148.82,148.86,152062.17
2026-07-10 17:40:00,148.86,148.91,148.74,148.81,23172.76
2026-07-10 17:45:00,148.81,149.09,148.35,148.57,165754.87
2026-07-10 17:50:00,148.57,148.96,147.98,148.84,638660.12
2026-07-10 17:55:00,148.84,149.11,148.72,149.02,101277.53
2026-07-10 18:00:00,149.02,149.18,148.9,149.12,34517.91
2026-07-10 18:05:00,149.12,149.57,149.04,149.5,24662.52
2026-07-10 18:10:00,149.5,150.03,149.27,149.35,33613.75
2026-07-10 18:15:00,149.35,150.02,149.15,149.21,40944.03
2026-07-10 18:20:00,149.21,149.44,148.84,148.98,10588.48
2026-07-10 18:25:00,148.98,149.29,148.87,149.2,13141.35
2026-07-10 18:30:00,149.2,149.55,148.83,148.98,274571.54
2026-07-10 18:35:00,148.98,149.16,148.61,148.64,19241.33
2026-07-10 18:40:00,148.64,149.12,148.61,148.94,70162.78
2026-07-10 18:45:00,148.94,149.03,148.53,148.68,1672.74
2026-07-10 18:50:00,148.68,148.81,148.5,148.5,10696.31
2026-07-10 18:55:00,148.5,148.94,147.84,148.84,286987.3
2026-07-10 19:00:00,148.84,148.95,148.48,148.58,10978.96
2026-07-10 19:05:00,148.58,148.82,148.32,148.34,966.01
2026-07-10 19:10:00,148.34,148.85,148.31,148.57,20965.48
2026-07-10 19:15:00,148.57,149.04,148.24,148.94,21706.16
2026-07-10 19:20:00,148.94,149.38,148.77,149.26,40284.61
2026-07-10 19:25:00,149.26,149.26,149.1,149.12,28172.65
2026-07-10 19:30:00,149.12,149.15,148.92,149.11,48485.46
2026-07-10 19:35:00,149.11,149.22,148.89,149.0,54104.36
2026-07-10 19:40:00,149.0,149.05,148.86,148.93,42225.5
2026-07-10 19:45:00,148.93,149.28,148.81,149.12,76314.18
2026-07-10 19:50:00,149.12,149.22,149.1,149.15,62393.15
2026-07-10 19:55:00,149.15,149.37,149.08,149.28,3273.99
2026-07-10 20:00:00,149.28,149.41,149.25,149.26,132754.52
2026-07-10 20:05:00,149.26,149.63,149.03,149.07,111205.9
2026-07-10 20:10:00,149.07,149.1,148.74,148.87,66598.85
2026-07-10 20:15:00,148.87,149.0,148.44,148.6,65641.15
2026-07-10 20:20:00,148.6,148.63,148.29,148.39,64557.25
2026-07-10 20:25:00,148.39,148.47,148.2,148.27,24792.77
2026-07-10 20:30:00,148.27,148.42,148.22,148.35,29019.4
2026-07-10 20:35:00,148.35,148.79,148.26,148.66,49305.89
2026-07-10 20:40:00,148.66,148.69,148.61,148.62,14451.49
2026-07-10 20:45:00,148.62,148.8,148.56,148.72,14531.68
2026-07-10 20:50:00,148.72,149.03,148.67,149.01,81209.08
2026-07-10 20:55:00,149.01,149.33,148.9,149.22,172610.43
2026-07-10 21:00:00,149.22,149.36,148.79,149.06,26001.15
2026-07-10 21:05:00,149.06,149.13,148.72,148.88,17829.26
2026-07-10 21:10:00,148.88,149.02,148.84,148.86,5262.98
2026-07-10 21:15:00,148.86,149.04,148.83,149.03,26517.5
2026-07-10 21:20:00,149.03,149.22,148.97,149.16,82823.45
2026-07-10 21:25:00,149.16,149.22,149.01,149.22,24109.48
2026-07-10 21:30:00,149.22,149.5,148.93,149.42,91528.52
2026-07-10 21:35:00,149.42,150.0,149.13,149.23,870939.07
2026-07-10 21:40:00,149.23,149.85,148.74,148.83,154815.5
2026-07-10 21:45:00,148.83,149.0,148.8,148.87,2534.74
2026-07-10 21:50:00,148.87,148.93,148.69,148.86,28144.55
2026-07-10 21:55:00,148.86,148.96,148.61,148.7,19375.23
2026-07-10 22:00:00,148.7,148.7,148.59,148.62,65218.57
2026-07-10 22:05:00,148.62,149.14,148.2,149.04,25568.66
2026-07-10 22:10:00,149.04,149.25,148.9,149.13,48816.37
2026-07-10 22:15:00,149.13,149.37,148.99,149.29,35665.41
2026-07-10 22:20:00,149.29,149.29,149.16,149.29,70358.76
2026-07-10 22:25:00,149.29,149.55,149.02,149.44,41916.32
2026-07-10 22:30:00,149.44,149.58,149.27,149.35,2584.49
2026-07-10 22:35:00,149.35,149.36,148.96,149.07,47865.93
2026-07-10 22:40:00,149.07,149.09,148.95,149.07,176269.94
2026-07-10 22:45:00,149.07,149.14,149.02,149.08,33452.39
2026-07-10 22:50:00,149.08,149.24,148.96,149.04,10057.73
2026-07-10 22:55:00,149.04,149.34,148.9,149.13,25392.57
2026-07-10 23:00:00,149.13,149.3,149.04,149.26,50367.79
2026-07-10 23:05:00,149.26,149.74,148.8,148.86,142078.95
2026-07-10 23:10:00,148.86,148.99,148.74,148.91,10525.83
2026-07-10 23:15:00,148.91,149.23,148.89,149.07,2499.56
2026-07-10 23:20:00,149.07,149.12,148.91,149.07,32248.45
2026-07-10 23:25:00,149.07,149.13,148.89,149.1,36213.58
2026-07-10 23:30:00,149.1,149.38,149.02,149.26,73455.26
2026-07-10 23:35:00,149.26,149.66,148.89,149.04,379178.35
2026-07-10 23:40:00,149.04,149.08,148.86,148.95,48622.67
2026-07-10 23:45:00,148.95,149.09,148.83,148.84,49905.93
2026-07-10 23:50:00,148.84,148.86,148.33,148.49,161662.9
2026-07-10 23:55:00,148.49,148.6,148.25,148.42,44937.26
2026-07-11 00:00:00,148.42,148.68,148.21,148.51,94754.59
2026-07-11 00:05:00,148.51,148.54,148.24,148.27,2837.12
2026-07-11 00:10:00,148.27,148.38,147.87,148.03,2350.48
2026-07-11 00:15:00,148.03,148.35,147.84,148.29,26732.07
2026-07-11 00:20:00,148.29,148.74,147.74,148.66,66119.28
2026-07-11 00:25:00,148.66,148.93,148.61,148.77,377.24
2026-07-11 00:30:00,148.77,148.93,148.64,148.64,20423.02
2026-07-11 00:35:00,148.64,148.77,148.62,148.64,16323.81
2026-07-11 00:40:00,148.64,148.82,148.55,148.72,21876.85
2026-07-11 00:45:00,148.72,148.79,148.38,148.39,17985.56
2026-07-11 00:50:00,148.39,148.62,148.25,148.53,14337.78
2026-07-11 00:55:00,148.53,148.89,148.46,148.58,44031.6
2026-07-11 01:00:00,148.58,148.88,148.48,148.74,10161.65
2026-07-11 01:05:00,148.74,148.85,148.6,148.67,29140.82
2026-07-11 01:10:00,148.67,148.67,148.35,148.53,31912.57
2026-07-11 01:15:00,148.53,148.61,148.19,148.38,46957.68
2026-07-11 01:20:00,148.38,148.39,148.12,148.17,27549.79
2026-07-11 01:25:00,148.17,148.21,147.99,148.15,159452.05
2026-07-11 01:30:00,148.15,148.23,148.12,148.19,37304.27
2026-07-11 01:35:00,148.19,148.53,147.59,148.39,369564.89
2026-07-11 01:40:00,148.39,148.57,147.88,147.98,15028.44
2026-07-11 01:45:00,147.98,148.0,147.84,147.9,141070.53
2026-07-11 01:50:00,147.9,147.98,147.75,147.92,60714.29
2026-07-11 01:55:00,147.92,147.99,147.68,147.69,71859.38
2026-07-11 02:00:00,147.69,147.78,147.35,147.42,2453.38
2026-07-11 02:05:00,147.42,147.68,146.79,147.61,83198.09
2026-07-11 02:10:00,147.61,147.94,147.58,147.85,23163.3
2026-07-11 02:15:00,147.85,147.86,147.77,147.84,7371.86
2026-07-11 02:20:00,147.84,147.96,147.61,147.63,43047.94
2026-07-11 02:25:00,147.63,147.88,147.2,147.76,82078.33
2026-07-11 02:30:00,147.76,147.95,147.67,147.91,118238.47
2026-07-11 02:35:00,147.91,148.1,147.89,147.95,28297.7
2026-07-11 02:40:00,147.95,148.03,147.68,147.75,397.52
2026-07-11 02:45:00,147.75,147.97,147.61,147.88,44842.49
2026-07-11 02:50:00,147.88,147.97,147.77,147.82,72042.85
2026-07-11 02:55:00,147.82,147.93,147.6,147.71,24456.9
2026-07-11 03:00:00,147.71,147.72,147.59,147.7,28993.85
2026-07-11 03:05:00,147.7,147.83,147.67,147.68,85490.16
2026-07-11 03:10:00,147.68,148.05,147.54,147.93,16500.39
2026-07-11 03:15:00,147.93,147.97,147.83,147.91,36762.77
2026-07-11 03:20:00,147.91,147.95,147.56,147.6,242053.91
2026-07-11 03:25:00,147.6,147.89,147.53,147.85,42006.53
2026-07-11 03:30:00,147.85,148.35,147.24,148.22,28031.66
2026-07-11 03:35:00,148.22,148.57,148.15,148.4,19163.3
2026-07-11 03:40:00,148.4,148.42,148.27,148.41,128388.49
2026-07-11 03:45:00,148.41,148.44,148.15,148.25,73125.21
2026-07-11 03:50:00,148.25,148.35,148.19,148.22,6911.33
2026-07-11 03:55:00,148.22,148.26,148.13,148.25,20925.93
2026-07-11 04:00:00,148.25,148.31,148.19,148.28,30840.75
2026-07-11 04:05:00,148.28,148.72,148.2,148.5,3070.87
2026-07-11 04:10:00,148.5,148.55,148.37,148.5,10270.28
2026-07-11 04:15:00,148.5,148.69,148.28,148.45,32678.0
2026-07-11 04:20:00,148.45,148.46,148.11,148.22,45512.74
2026-07-11 04:25:00,148.22,148.39,148.13,148.29,24741.49
2026-07-11 04:30:00,148.29,148.35,148.16,148.27,33318.18
2026-07-11 04:35:00,148.27,148.29,148.23,148.25,46557.67
2026-07-11 04:40:00,148.25,148.47,148.17,148.39,11341.68
2026-07-11 04:45:00,148.39,148.45,147.95,148.07,19694.39
2026-07-11 04:50:00,148.07,148.14,147.94,148.13,116586.18
2026-07-11 04:55:00,148.13,148.3,147.95,148.27,42502.31
2026-07-11 05:00:00,148.27,148.46,148.07,148.11,134155.16
2026-07-11 05:05:00,148.11,148.19,147.71,147.91,123083.21
2026-07-11 05:10:00,147.91,148.03,147.59,147.66,37845.78
2026-07-11 05:15:00,147.66,147.82,147.58,147.62,5174.61
2026-07-11 05:20:00,147.62,147.76,147.49,147.53,94013.83
2026-07-11 05:25:00,147.53,147.55,147.25,147.32,132107.96
2026-07-11 05:30:00,147.32,147.66,146.78,147.52,7412.45
2026-07-11 05:35:00,147.52,147.74,146.88,147.67,189498.15
2026-07-11 05:40:00,147.67,147.67,147.64,147.66,37327.73
2026-07-11 05:45:00,147.66,147.82,147.58,147.79,51933.98
2026-07-11 05:50:00,147.79,147.85,147.67,147.76,40779.34
2026-07-11 05:55:00,147.76,148.11,147.66,148.02,230284.02
2026-07-11 06:00:00,148.02,148.36,147.79,148.35,16989.35
2026-07-11 06:05:00,148.35,148.48,148.13,148.21,74301.98
2026-07-11 06:10:00,148.21,148.22,147.95,148.09,46020.0
2026-07-11 06:15:00,148.09,148.2,147.62,147.74,226557.44
2026-07-11 06:20:00,147.74,147.85,147.67,147.82,116510.02
2026-07-11 06:25:00,147.82,148.29,147.8,148.09,79664.15
2026-07-11 06:30:00,148.09,148.12,147.7,147.97,83808.82
2026-07-11 06:35:00,147.97,148.08,147.79,147.9,130959.43
2026-07-11 06:40:00,147.9,148.08,147.83,148.06,82524.74
2026-07-11 06:45:00,148.06,148.12,147.6,147.76,20047.39
2026-07-11 06:50:00,147.76,147.91,147.53,147.88,81670.03
2026-07-11 06:55:00,147.88,148.02,147.81,147.97,153517.9
2026-07-11 07:00:00,147.97,148.02,147.78,148.0,7847.57
2026-07-11 07:05:00,148.0,148.22,147.37,147.38,41099.79
2026-07-11 07:10:00,147.38,147.63,147.03,147.58,111259.63
2026-07-11 07:15:00,147.58,147.6,147.18,147.29,14334.88
2026-07-11 07:20:00,147.29,147.74,146.67,147.61,8216.99
2026-07-11 07:25:00,147.61,148.03,146.97,147.91,2100.93
2026-07-11 07:30:00,147.91,148.06,147.66,148.02,1213.43
2026-07-11 07:35:00,148.02,148.11,147.8,147.84,5278.99
2026-07-11 07:40:00,147.84,147.9,147.64,147.77,62392.88
2026-07-11 07:45:00,147.77,147.96,147.59,147.82,17520.19
2026-07-11 07:50:00,147.82,147.89,147.59,147.6,20165.5
2026-07-11 07:55:00,147.6,147.63,147.35,147.54,3886.99
2026-07-11 08:00:00,147.54,147.8,147.06,147.75,386577.78
2026-07-11 08:05:00,147.75,147.87,147.5,147.65,118268.87
2026-07-11 08:10:00,147.65,147.73,147.11,147.22,14815.59
2026-07-11 08:15:00,147.22,147.57,147.05,147.49,159908.39
2026-07-11 08:20:00,147.49,147.54,147.39,147.51,18360.35
2026-07-11 08:25:00,147.51,147.96,147.18,147.85,30558.37
2026-07-11 08:30:00,147.85,147.89,147.76,147.77,80006.21
2026-07-11 08:35:00,147.77,148.02,147.49,147.92,128388.4
2026-07-11 08:40:00,147.92,148.26,147.85,148.11,64029.15
2026-07-11 08:45:00,148.11,148.34,148.04,148.26,11171.03
2026-07-11 08:50:00,148.26,148.7,147.94,148.06,1288669.59
2026-07-11 08:55:00,148.06,148.27,148.01,148.14,52381.22
2026-07-11 09:00:00,148.14,148.25,148.04,148.05,77119.7
2026-07-11 09:05:00,148.05,148.12,147.82,147.91,5509.76
2026-07-11 09:10:00,147.91,148.15,147.9,147.98,424.18
2026-07-11 09:15:00,147.98,148.02,147.71,147.8,75030.49
2026-07-11 09:20:00,147.8,147.83,147.68,147.76,4022.93
2026-07-11 09:25:00,147.76,147.91,147.72,147.74,39697.11
2026-07-11 09:30:00,147.74,148.09,147.67,148.02,102317.38
2026-07-11 09:35:00,148.02,148.05,147.81,147.96,38227.01
2026-07-11 09:40:00,147.96,148.15,147.76,148.03,36444.65
2026-07-11 09:45:00,148.03,148.15,148.01,148.11,14816.77
2026-07-11 09:50:00,148.11,148.12,147.98,148.01,97984.92
2026-07-11 09:55:00,148.01,148.12,147.99,148.08,31716.18
2026-07-11 10:00:00,148.08,148.11,147.94,148.09,19803.23
2026-07-11 10:05:00,148.09,148.29,148.01,148.19,47999.36
2026-07-11 10:10:00,148.19,148.28,147.9,148.01,68066.03
2026-07-11 10:15:00,148.01,148.25,147.9,147.98,22906.8
2026-07-11 10:20:00,147.98,148.09,147.97,148.02,185621.22
2026-07-11 10:25:00,148.02,148.24,147.97,148.2,50014.51
2026-07-11 10:30:00,148.2,148.69,147.67,147.77,142029.84
2026-07-11 10:35:00,147.77,147.87,147.58,147.59,4917.82
2026-07-11 10:40:00,147.59,147.76,147.55,147.73,50338.03
2026-07-11 10:45:00,147.73,147.84,147.65,147.7,4042.56
2026-07-11 10:50:00,147.7,148.1,147.67,148.03,2999.62
2026-07-11 10:55:00,148.03,148.24,147.91,148.0,67405.0
2026-07-11 11:00:00,148.0,148.31,147.99,148.14,47360.95
2026-07-11 11:05:00,148.14,148.17,148.13,148.14,17834.97
2026-07-11 11:10:00,148.14,148.15,148.09,148.13,20048.36
2026-07-11 11:15:00,148.13,148.2,147.97,147.98,6442.84
2026-07-11 11:20:00,147.98,148.18,147.96,148.14,144107.23
2026-07-11 11:25:00,148.14,148.23,148.04,148.05,87945.27
2026-07-11 11:30:00,148.05,148.18,148.02,148.06,22361.77
2026-07-11 11:35:00,148.06,148.7,147.68,147.77,1376305.48
2026-07-11 11:40:00,147.77,147.92,147.73,147.78,84852.97
2026-07-11 11:45:00,147.78,148.04,147.6,147.91,101291.98
2026-07-11 11:50:00,147.91,148.02,147.75,147.86,19358.61
2026-07-11 11:55:00,147.86,147.99,147.63,147.89,7325.1
2026-07-11 12:00:00,147.89,147.89,147.59,147.63,12003.19
2026-07-11 12:05:00,147.63,147.82,147.63,147.74,47636.25
2026-07-11 12:10:00,147.74,147.82,147.66,147.76,29262.81
2026-07-11 12:15:00,147.76,147.95,147.74,147.86,27856.42
2026-07-11 12:20:00,147.86,147.95,147.75,147.77,3894.19
2026-07-11 12:25:00,147.77,147.82,147.59,147.63,11465.15
2026-07-11 12:30:00,147.63,147.74,147.2,147.35,55599.77
2026-07-11 12:35:00,147.35,147.4,147.19,147.38,26154.99
2026-07-11 12:40:00,147.38,147.43,147.34,147.37,60038.45
2026-07-11 12:45:00,147.37,147.46,147.32,147.36,25142.69
2026-07-11 12:50:00,147.36,147.47,147.16,147.29,29749.2
2026-07-11 12:55:00,147.29,147.43,147.02,147.07,47687.54
2026-07-11 13:00:00,147.07,147.28,146.92,146.97,135249.38
2026-07-11 13:05:00,146.97,147.44,146.91,147.19,39158.06
2026-07-11 13:10:00,147.19,147.55,146.78,147.41,800003.01
2026-07-11 13:15:00,147.41,147.51,147.22,147.42,78450.52
2026-07-11 13:20:00,147.42,147.5,147.27,147.37,64368.02
2026-07-11 13:25:00,147.37,147.72,146.74,147.61,336446.86
2026-07-11 13:30:00,147.61,147.71,147.53,147.71,10683.49
2026-07-11 13:35:00,147.71,148.11,147.67,147.97,9964.83
2026-07-11 13:40:00,147.97,148.04,147.56,147.77,2677.89
2026-07-11 13:45:00,147.77,147.91,147.72,147.8,93705.35
2026-07-11 13:50:00,147.8,147.95,147.62,147.64,75732.54
2026-07-11 13:55:00,147.64,147.99,147.61,147.85,59390.58
2026-07-11 14:00:00,147.85,148.18,147.81,148.15,26034.26
2026-07-11 14:05:00,148.15,148.46,148.1,148.4,17532.96
2026-07-11 14:10:00,148.4,148.87,148.15,148.2,293728.78
2026-07-11 14:15:00,148.2,148.27,148.06,148.11,54190.25
2026-07-11 14:20:00,148.11,148.18,147.93,148.13,22553.43
2026-07-11 14:25:00,148.13,148.24,147.99,148.22,58555.15
2026-07-11 14:30:00,148.22,148.46,148.2,148.21,25914.09
2026-07-11 14:35:00,148.21,148.44,147.7,147.8,35281.9
2026-07-11 14:40:00,147.8,148.17,147.73,148.09,11884.74
2026-07-11 14:45:00,148.09,148.64,147.55,147.67,82359.04
2026-07-11 14:50:00,147.67,147.81,147.6,147.8,102118.41
2026-07-11 14:55:00,147.8,147.86,147.57,147.61,8930.52
2026-07-11 15:00:00,147.61,147.73,147.43,147.45,29103.63
2026-07-11 15:05:00,147.45,147.6,147.33,147.58,24204.85
2026-07-11 15:10:00,147.58,147.58,147.4,147.44,65481.16
2026-07-11 15:15:00,147.44,147.62,147.32,147.57,163901.01
2026-07-11 15:20:00,147.57,147.63,147.55,147.56,65288.74
2026-07-11 15:25:00,147.56,147.64,147.36,147.46,38843.93
2026-07-11 15:30:00,147.46,147.64,147.27,147.48,23752.79
2026-07-11 15:35:00,147.48,147.72,147.38,147.7,18709.41
2026-07-11 15:40:00,147.7,147.77,147.14,147.15,40344.32
2026-07-11 15:45:00,147.15,147.58,146.81,147.45,134527.44
2026-07-11 15:50:00,147.45,147.59,147.37,147.51,35427.88
2026-07-11 15:55:00,147.51,147.73,147.37,147.65,113306.97
2026-07-11 16:00:00,147.65,148.05,147.54,147.97,3882.98
2026-07-11 16:05:00,147.97,148.21,147.89,148.04,52141.26
2026-07-11 16:10:00,148.04,148.56,147.88,148.35,34567.95
2026-07-11 16:15:00,148.35,148.47,148.34,148.43,141851.92
2026-07-11 16:20:00,148.43,148.58,148.33,148.47,5633.11
2026-07-11 16:25:00,148.47,148.72,148.03,148.1,591505.55
2026-07-11 16:30:00,148.1,148.36,148.01,148.23,142209.51
2026-07-11 16:35:00,148.23,148.42,147.8,147.88,14892.66
2026-07-11 16:40:00,147.88,148.04,147.85,148.02,128505.2
2026-07-11 16:45:00,148.02,148.31,147.94,148.18,4259.14
2026-07-11 16:50:00,148.18,148.49,147.94,148.28,58659.36
2026-07-11 16:55:00,148.28,148.57,147.78,147.87,154830.54
2026-07-11 17:00:00,147.87,147.89,147.51,147.58,39302.76
2026-07-11 17:05:00,147.58,148.14,147.57,147.91,11041.39
2026-07-11 17:10:00,147.91,147.99,147.77,147.78,6160.43
2026-07-11 17:15:00,147.78,148.08,147.68,148.04,52829.78
2026-07-11 17:20:00,148.04,148.48,147.97,148.36,19259.64
2026-07-11 17:25:00,148.36,148.59,148.26,148.57,149235.14
2026-07-11 17:30:00,148.57,148.62,148.3,148.4,35990.92
2026-07-11 17:35:00,148.4,148.43,147.92,147.99,5821.44
2026-07-11 17:40:00,147.99,148.01,147.71,147.84,60463.95
2026-07-11 17:45:00,147.84,147.86,147.82,147.85,56674.54
2026-07-11 17:50:00,147.85,148.07,147.8,147.98,42971.52
2026-07-11 17:55:00,147.98,148.06,147.87,147.93,11046.84
2026-07-11 18:00:00,147.93,148.09,147.92,148.02,88985.03
2026-07-11 18:05:00,148.02,148.11,147.9,147.9,6164.6
2026-07-11 18:10:00,147.9,147.92,147.84,147.87,64202.1
2026-07-11 18:15:00,147.87,147.93,147.68,147.83,112581.79
2026-07-11 18:20:00,147.83,148.04,147.79,147.98,16917.64
2026-07-11 18:25:00,147.98,148.07,147.7,147.8,71353.57
2026-07-11 18:30:00,147.8,147.93,147.65,147.7,95851.57
2026-07-11 18:35:00,147.7,147.98,147.67,147.78,50537.78
2026-07-11 18:40:00,147.78,147.99,147.62,147.99,10761.34
2026-07-11 18:45:00,147.99,148.18,147.79,147.95,70760.61
2026-07-11 18:50:00,147.95,148.25,147.77,148.16,7427.02
2026-07-11 18:55:00,148.16,148.34,148.01,148.09,65904.56
2026-07-11 19:00:00,148.09,148.14,147.68,147.9,62646.11
2026-07-11 19:05:00,147.9,148.08,147.59,147.79,16991.14
2026-07-11 19:10:00,147.79,148.08,147.68,148.02,82626.25
2026-07-11 19:15:00,148.02,148.07,147.7,147.74,8965.47
2026-07-11 19:20:00,147.74,147.74,147.44,147.44,70842.89
2026-07-11 19:25:00,147.44,147.58,147.37,147.47,62900.95
2026-07-11 19:30:00,147.47,147.71,147.4,147.61,40214.89
2026-07-11 19:35:00,147.61,147.8,147.56,147.64,45263.21
2026-07-11 19:40:00,147.64,147.67,147.56,147.58,143773.17
2026-07-11 19:45:00,147.58,148.02,147.5,147.73,103609.22
2026-07-11 19:50:00,147.73,147.77,147.5,147.51,77453.04
2026-07-11 19:55:00,147.51,147.64,147.43,147.63,56727.49
2026-07-11 20:00:00,147.63,147.79,147.44,147.66,18530.17
2026-07-11 20:05:00,147.66,147.77,147.44,147.73,7450.87
2026-07-11 20:10:00,147.73,147.86,147.49,147.57,42473.19
2026-07-11 20:15:00,147.57,147.63,147.32,147.53,35690.49
2026-07-11 20:20:00,147.53,147.54,147.27,147.44,73125.23
2026-07-11 20:25:00,147.44,147.48,147.21,147.27,27622.68
2026-07-11 20:30:00,147.27,147.36,147.26,147.35,34208.66
2026-07-11 20:35:00,147.35,147.73,147.07,147.59,101883.22
2026-07-11 20:40:00,147.59,147.86,147.52,147.75,13036.08
2026-07-11 20:45:00,147.75,147.87,147.68,147.81,215868.27
2026-07-11 20:50:00,147.81,147.83,147.43,147.56,8933.18
2026-07-11 20:55:00,147.56,147.7,147.42,147.65,20626.9
2026-07-11 21:00:00,147.65,147.75,147.6,147.61,16378.12
2026-07-11 21:05:00,147.61,147.75,147.59,147.64,3251.11
2026-07-11 21:10:00,147.64,147.69,147.58,147.63,22123.14
2026-07-11 21:15:00,147.63,147.81,147.46,147.51,16631.15
2026-07-11 21:20:00,147.51,147.69,147.48,147.68,41105.44
2026-07-11 21:25:00,147.68,147.85,147.46,147.53,42743.45
2026-07-11 21:30:00,147.53,147.55,147.4,147.52,39640.23
2026-07-11 21:35:00,147.52,147.57,147.27,147.36,139095.74
2026-07-11 21:40:00,147.36,147.4,146.87,147.06,49591.26
2026-07-11 21:45:00,147.06,147.23,146.82,146.96,116540.33
2026-07-11 21:50:00,146.96,147.12,146.83,147.06,85399.82
2026-07-11 21:55:00,147.06,147.33,146.98,147.21,7892.71
2026-07-11 22:00:00,147.21,147.21,147.19,147.2,27761.92
2026-07-11 22:05:00,147.2,147.46,147.19,147.39,107720.76
2026-07-11 22:10:00,147.39,147.66,147.36,147.55,33094.65
2026-07-11 22:15:00,147.55,147.6,147.39,147.5,33812.33
2026-07-11 22:20:00,147.5,147.81,147.48,147.69,49971.73
2026-07-11 22:25:00,147.69,147.74,147.5,147.58,36951.67
2026-07-11 22:30:00,147.58,147.63,147.03,147.19,20303.06
2026-07-11 22:35:00,147.19,147.56,146.57,147.44,30948.19
2026-07-11 22:40:00,147.44,147.69,147.13,147.64,17170.75
2026-07-11 22:45:00,147.64,147.7,147.15,147.31,26132.21
2026-07-11 22:50:00,147.31,147.64,146.99,147.59,497718.35
2026-07-11 22:55:00,147.59,147.74,147.31,147.54,21209.12
2026-07-11 23:00:00,147.54,147.72,147.45,147.51,191598.42
2026-07-11 23:05:00,147.51,147.66,147.4,147.54,19588.15
2026-07-11 23:10:00,147.54,147.9,147.51,147.89,3695.38
2026-07-11 23:15:00,147.89,147.9,147.84,147.88,19992.58
2026-07-11 23:20:00,147.88,148.09,147.69,147.84,4352.33
2026-07-11 23:25:00,147.84,147.92,147.61,147.74,123075.16
2026-07-11 23:30:00,147.74,147.88,147.66,147.79,44.01
2026-07-11 23:35:00,147.79,147.92,147.54,147.71,23423.1
2026-07-11 23:40:00,147.71,147.75,147.37,147.46,61598.58
2026-07-11 23:45:00,147.46,147.51,147.39,147.49,7640.35
2026-07-11 23:50:00,147.49,147.55,147.24,147.36,2566.76
2026-07-11 23:55:00,147.36,147.7,147.18,147.53,721.04
2026-07-12 00:00:00,147.53,147.66,147.4,147.53,1144.16
2026-07-12 00:05:00,147.53,147.71,147.53,147.67,35764.38
2026-07-12 00:10:00,147.67,147.77,147.34,147.43,101560.45
2026-07-12 00:15:00,147.43,147.46,147.18,147.21,114984.68
2026-07-12 00:20:00,147.21,147.29,147.18,147.29,252824.56
2026-07-12 00:25:00,147.29,147.51,147.1,147.47,25256.67
2026-07-12 00:30:00,147.47,147.48,147.08,147.28,139428.4
2026-07-12 00:35:00,147.28,147.55,147.27,147.5,20541.29
2026-07-12 00:40:00,147.5,148.06,147.3,147.87,98676.52
2026-07-12 00:45:00,147.87,147.97,147.42,147.47,10179.21
2026-07-12 00:50:00,147.47,147.59,147.24,147.34,13039.38
2026-07-12 00:55:00,147.34,147.6,147.14,147.56,28127.81
2026-07-12 01:00:00,147.56,147.66,147.37,147.5,42538.9
2026-07-12 01:05:00,147.5,147.61,147.36,147.36,182955.99
2026-07-12 01:10:00,147.36,147.4,147.24,147.39,11669.94
2026-07-12 01:15:00,147.39,147.43,147.16,147.3,24711.58
2026-07-12 01:20:00,147.3,147.5,147.23,147.45,70756.79
2026-07-12 01:25:00,147.45,147.52,147.0,147.25,34631.67
2026-07-12 01:30:00,147.25,147.78,146.66,147.66,32822.53
2026-07-12 01:35:00,147.66,147.79,147.61,147.63,51347.66
2026-07-12 01:40:00,147.63,148.13,147.12,147.2,367154.4
2026-07-12 01:45:00,147.2,147.57,147.17,147.33,67204.28
2026-07-12 01:50:00,147.33,147.45,147.02,147.06,66904.74
2026-07-12 01:55:00,147.06,147.39,146.63,147.3,31838.28
2026-07-12 02:00:00,147.3,147.39,147.27,147.35,15225.18
2026-07-12 02:05:00,147.35,147.52,147.21,147.46,58449.37
2026-07-12 02:10:00,147.46,147.57,147.26,147.3,67523.04
2026-07-12 02:15:00,147.3,147.61,147.09,147.2,79368.15
2026-07-12 02:20:00,147.2,147.53,146.56,147.47,539877.61
2026-07-12 02:25:00,147.47,147.59,147.3,147.36,17267.42
2026-07-12 02:30:00,147.36,147.38,147.17,147.23,34426.77
2026-07-12 02:35:00,147.23,147.77,146.71,147.64,249348.34
2026-07-12 02:40:00,147.64,147.74,147.39,147.74,9642.13
2026-07-12 02:45:00,147.74,147.74,147.47,147.53,37304.49
2026-07-12 02:50:00,147.53,147.7,147.21,147.29,12592.97
2026-07-12 02:55:00,147.29,147.67,147.25,147.59,14292.19
2026-07-12 03:00:00,147.59,147.62,147.13,147.25,41764.59
2026-07-12 03:05:00,147.25,147.41,147.13,147.14,228114.64
2026-07-12 03:10:00,147.14,147.55,147.03,147.43,12277.12
2026-07-12 03:15:00,147.43,147.47,147.27,147.36,49.59
2026-07-12 03:20:00,147.36,147.54,147.28,147.45,50860.59
2026-07-12 03:25:00,147.45,147.68,147.37,147.63,39329.77
2026-07-12 03:30:00,147.63,147.65,147.51,147.54,52557.75
2026-07-12 03:35:00,147.54,147.63,147.33,147.61,39819.98
2026-07-12 03:40:00,147.61,147.64,147.52,147.55,11176.22
2026-07-12 03:45:00,147.55,147.71,147.4,147.57,1148.09
2026-07-12 03:50:00,147.57,147.63,147.23,147.31,27423.42
2026-07-12 03:55:00,147.31,147.65,146.73,147.51,78975.55
2026-07-12 04:00:00,147.51,147.7,147.5,147.63,45676.51
2026-07-12 04:05:00,147.63,147.77,147.59,147.76,71059.12
2026-07-12 04:10:00,147.76,148.07,147.58,148.01,30236.39
2026-07-12 04:15:00,148.01,148.15,147.8,147.83,17205.77
2026-07-12 04:20:00,147.83,148.43,147.52,147.6,446720.36
2026-07-12 04:25:00,147.6,148.15,147.09,147.2,14203.05
2026-07-12 04:30:00,147.2,147.63,146.71,147.57,122444.52
2026-07-12 04:35:00,147.57,147.85,147.43,147.84,39132.88
2026-07-12 04:40:00,147.84,148.2,147.72,148.03,2397.95
2026-07-12 04:45:00,148.03,148.22,148.02,148.11,61332.08
2026-07-12 04:50:00,148.11,148.65,147.72,147.77,43844.21
2026-07-12 04:55:00,147.77,147.97,147.67,147.87,5692.61
2026-07-12 05:00:00,147.87,148.24,147.85,148.18,3806.95
2026-07-12 05:05:00,148.18,148.22,148.07,148.07,102731.69
2026-07-12 05:10:00,148.07,148.48,147.77,147.86,298601.79
2026-07-12 05:15:00,147.86,148.29,147.54,147.67,429512.89
2026-07-12 05:20:00,147.67,147.76,147.56,147.57,24043.29
2026-07-12 05:25:00,147.57,147.6,147.34,147.4,55070.55
2026-07-12 05:30:00,147.4,147.45,147.07,147.12,18650.99
2026-07-12 05:35:00,147.12,147.4,146.7,147.3,218374.16
2026-07-12 05:40:00,147.3,147.61,147.21,147.44,3936.82
2026-07-12 05:45:00,147.44,147.55,147.03,147.16,22349.63
2026-07-12 05:50:00,147.16,147.19,146.69,146.77,51529.98
2026-07-12 05:55:00,146.77,146.84,146.59,146.61,91342.1
2026-07-12 06:00:00,146.61,146.7,146.21,146.31,166423.65
2026-07-12 06:05:00,146.31,146.63,146.26,146.4,139245.76
2026-07-12 06:10:00,146.4,146.57,146.29,146.44,75315.77
2026-07-12 06:15:00,146.44,146.47,146.31,146.34,4636.97
2026-07-12 06:20:00,146.34,146.71,146.27,146.58,18393.44
2026-07-12 06:25:00,146.58,146.68,146.49,146.62,168311.78
2026-07-12 06:30:00,146.62,146.97,146.23,146.88,362003.25
2026-07-12 06:35:00,146.88,146.92,146.83,146.89,12199.34
2026-07-12 06:40:00,146.89,146.96,146.83,146.93,8468.37
2026-07-12 06:45:00,146.93,146.97,146.62,146.79,47691.45
2026-07-12 06:50:00,146.79,146.91,146.74,146.89,12078.83
2026-07-12 06:55:00,146.89,147.37,146.27,147.31,97904.62
2026-07-12 07:00:00,147.31,147.51,147.23,147.48,11770.79
2026-07-12 07:05:00,147.48,147.52,147.37,147.37,62793.45
2026-07-12 07:10:00,147.37,147.51,147.36,147.5,28072.11
2026-07-12 07:15:00,147.5,147.59,147.13,147.23,228891.64
2026-07-12 07:20:00,147.23,147.39,147.21,147.36,29091.4
2026-07-12 07:25:00,147.36,147.56,147.29,147.42,1162.03
2026-07-12 07:30:00,147.42,147.61,147.38,147.58,35313.91
2026-07-12 07:35:00,147.58,147.74,147.54,147.71,27776.22
2026-07-12 07:40:00,147.71,147.75,147.58,147.63,64335.74
2026-07-12 07:45:00,147.63,148.02,147.58,147.77,80309.26
2026-07-12 07:50:00,147.77,147.83,147.6,147.63,45897.23
2026-07-12 07:55:00,147.63,148.04,147.63,147.83,37230.01
2026-07-12 08:00:00,147.83,148.11,147.64,147.77,87401.07
2026-07-12 08:05:00,147.77,147.91,147.59,147.88,622.02
2026-07-12 08:10:00,147.88,147.93,147.65,147.69,77202.16
2026-07-12 08:15:00,147.69,147.84,147.67,147.82,36782.89
2026-07-12 08:20:00,147.82,148.01,147.8,147.91,19093.32
2026-07-12 08:25:00,147.91,148.31,147.57,147.64,109422.2
2026-07-12 08:30:00,147.64,147.64,147.24,147.4,154044.82
2026-07-12 08:35:00,147.4,147.47,147.31,147.39,3600.62
2026-07-12 08:40:00,147.39,147.5,147.23,147.26,7011.47
2026-07-12 08:45:00,147.26,147.37,147.19,147.32,62782.6
2026-07-12 08:50:00,147.32,147.35,147.25,147.32,7610.21
2026-07-12 08:55:00,147.32,147.45,147.3,147.32,38285.68
2026-07-12 09:00:00,147.32,147.35,146.86,146.91,207472.77
2026-07-12 09:05:00,146.91,146.92,146.69,146.7,22899.1
2026-07-12 09:10:00,146.7,146.78,146.64,146.77,71181.87
2026-07-12 09:15:00,146.77,146.96,146.67,146.85,57818.9
2026-07-12 09:20:00,146.85,146.96,146.79,146.93,137623.95
2026-07-12 09:25:00,146.93,147.28,146.85,147.18,89372.29
2026-07-12 09:30:00,147.18,147.36,147.12,147.28,29299.99
2026-07-12 09:35:00,147.28,147.56,147.16,147.4,56818.96
2026-07-12 09:40:00,147.4,147.45,147.3,147.36,50818.33
2026-07-12 09:45:00,147.36,147.57,147.31,147.55,21505.0
2026-07-12 09:50:00,147.55,147.7,147.32,147.41,18743.95
2026-07-12 09:55:00,147.41,147.54,147.26,147.54,9098.19
2026-07-12 10:00:00,147.54,147.72,147.32,147.45,28567.43
2026-07-12 10:05:00,147.45,147.68,147.38,147.68,197462.88
2026-07-12 10:10:00,147.68,147.94,147.65,147.74,36781.03
2026-07-12 10:15:00,147.74,147.9,147.59,147.86,68422.98
2026-07-12 10:20:00,147.86,148.11,147.8,148.02,801.64
2026-07-12 10:25:00,148.02,148.18,147.95,147.96,72465.34
2026-07-12 10:30:00,147.96,148.26,147.55,147.6,121078.3
2026-07-12 10:35:00,147.6,147.61,147.37,147.42,233583.64
2026-07-12 10:40:00,147.42,147.97,147.36,147.9,27047.81
2026-07-12 10:45:00,147.9,148.17,147.55,147.63,54666.39
2026-07-12 10:50:00,147.63,147.69,147.2,147.25,94250.82
2026-07-12 10:55:00,147.25,147.41,146.69,146.9,93983.63
2026-07-12 11:00:00,146.9,146.91,146.36,146.4,59071.54
2026-07-12 11:05:00,146.4,146.56,146.4,146.53,35744.52
2026-07-12 11:10:00,146.53,146.57,146.25,146.36,12316.61
2026-07-12 11:15:00,146.36,146.5,146.3,146.4,208138.99
2026-07-12 11:20:00,146.4,146.53,146.36,146.39,1924.17
2026-07-12 11:25:00,146.39,146.74,146.31,146.6,60379.89
2026-07-12 11:30:00,146.6,147.0,146.04,146.86,52294.08
2026-07-12 11:35:00,146.86,147.28,146.75,147.12,28759.43
2026-07-12 11:40:00,147.12,147.15,146.96,147.05,37612.37
2026-07-12 11:45:00,147.05,147.2,147.04,147.09,12237.8
2026-07-12 11:50:00,147.09,147.3,147.02,147.15,32827.83
2026-07-12 11:55:00,147.15,147.25,146.9,147.07,141.15
2026-07-12 12:00:00,147.07,147.29,146.8,147.15,96671.9
2026-07-12 12:05:00,147.15,147.66,147.01,147.57,6011.36
2026-07-12 12:10:00,147.57,147.79,147.51,147.57,125131.89
2026-07-12 12:15:00,147.57,147.64,147.27,147.28,78424.18
2026-07-12 12:20:00,147.28,147.28,147.05,147.1,40945.28
2026-07-12 12:25:00,147.1,147.32,146.85,147.07,23491.21
2026-07-12 12:30:00,147.07,147.28,147.0,147.27,50350.8
2026-07-12 12:35:00,147.27,147.28,147.26,147.26,28616.72
2026-07-12 12:40:00,147.26,147.33,147.2,147.32,57954.48
2026-07-12 12:45:00,147.32,147.9,147.18,147.81,37051.98
2026-07-12 12:50:00,147.81,148.18,147.77,148.08,62648.26
2026-07-12 12:55:00,148.08,148.15,148.04,148.09,40486.21
2026-07-12 13:00:00,148.09,148.1,147.86,147.99,4887.07
2026-07-12 13:05:00,147.99,148.11,147.79,147.85,87389.69
2026-07-12 13:10:00,147.85,147.95,147.38,147.62,9774.34
2026-07-12 13:15:00,147.62,148.14,147.56,148.0,24377.55
2026-07-12 13:20:00,148.0,148.04,147.86,147.98,40333.18
2026-07-12 13:25:00,147.98,148.27,147.98,148.1,8926.2
2026-07-12 13:30:00,148.1,148.21,147.93,148.18,123468.57
2026-07-12 13:35:00,148.18,148.44,148.12,148.33,40434.07
2026-07-12 13:40:00,148.33,148.53,148.26,148.43,4248.1
2026-07-12 13:45:00,148.43,148.57,148.27,148.53,4825.85
2026-07-12 13:50:00,148.53,148.78,148.47,148.59,44336.5
2026-07-12 13:55:00,148.59,149.03,148.53,148.9,13806.46
2026-07-12 14:00:00,148.9,148.91,148.8,148.9,185705.38
2026-07-12 14:05:00,148.9,149.54,148.59,148.67,75789.75
2026-07-12 14:10:00,148.67,149.33,148.28,148.36,788193.52
2026-07-12 14:15:00,148.36,148.52,148.13,148.15,158789.2
2026-07-12 14:20:00,148.15,148.4,148.09,148.31,69329.88
2026-07-12 14:25:00,148.31,148.5,148.19,148.41,7433.4
2026-07-12 14:30:00,148.41,148.59,148.17,148.29,20406.48
2026-07-12 14:35:00,148.29,148.3,147.97,148.06,105214.6
2026-07-12 14:40:00,148.06,148.07,147.88,147.9,125555.36
2026-07-12 14:45:00,147.9,148.14,147.75,148.1,49400.98
2026-07-12 14:50:00,148.1,148.14,148.07,148.12,9801.65
2026-07-12 14:55:00,148.12,148.44,148.07,148.3,14551.44
2026-07-12 15:00:00,148.3,148.42,148.07,148.17,67303.94
2026-07-12 15:05:00,148.17,148.3,148.08,148.1,11818.04
2026-07-12 15:10:00,148.1,148.12,148.05,148.06,90376.82
2026-07-12 15:15:00,148.06,148.2,147.94,148.14,103998.46
2026-07-12 15:20:00,148.14,148.48,147.87,147.92,364925.44
2026-07-12 15:25:00,147.92,148.38,147.35,147.49,613304.35
2026-07-12 15:30:00,147.49,147.52,147.1,147.18,6550.24
2026-07-12 15:35:00,147.18,147.65,146.88,147.54,83831.98
2026-07-12 15:40:00,147.54,147.75,147.5,147.59,232.85
2026-07-12 15:45:00,147.59,147.61,147.22,147.26,37658.68
2026-07-12 15:50:00,147.26,147.36,147.04,147.1,1403.77
2026-07-12 15:55:00,147.1,147.34,146.86,146.96,142523.94
2026-07-12 16:00:00,146.96,147.07,146.87,146.91,13309.57
2026-07-12 16:05:00,146.91,147.2,146.76,147.18,28040.49
2026-07-12 16:10:00,147.18,147.32,146.92,147.09,5112.76
2026-07-12 16:15:00,147.09,147.15,146.88,146.94,135607.65
2026-07-12 16:20:00,146.94,146.99,146.67,146.68,163960.09
2026-07-12 16:25:00,146.68,146.92,146.16,146.82,469939.49
2026-07-12 16:30:00,146.82,147.31,146.31,147.17,317972.85
2026-07-12 16:35:00,147.17,147.31,146.96,147.26,31734.29
2026-07-12 16:40:00,147.26,147.3,147.15,147.2,4976.97
2026-07-12 16:45:00,147.2,147.31,147.03,147.09,89153.32
2026-07-12 16:50:00,147.09,147.46,146.99,147.4,74396.06
2026-07-12 16:55:00,147.4,147.64,147.3,147.5,9202.8
2026-07-12 17:00:00,147.5,147.77,147.39,147.74,30591.99
2026-07-12 17:05:00,147.74,147.9,147.52,147.57,43105.55
2026-07-12 17:10:00,147.57,147.64,147.55,147.64,98932.31
2026-07-12 17:15:00,147.64,147.64,147.5,147.61,115626.07
2026-07-12 17:20:00,147.61,147.77,147.6,147.74,2551.01
2026-07-12 17:25:00,147.74,147.85,147.62,147.7,82281.0
2026-07-12 17:30:00,147.7,147.73,147.58,147.59,8713.24
2026-07-12 17:35:00,147.59,148.04,147.44,147.96,32206.62
2026-07-12 17:40:00,147.96,148.17,147.91,148.1,43078.5
2026-07-12 17:45:00,148.1,148.22,147.89,148.13,6193.03
2026-07-12 17:50:00,148.13,148.17,147.71,147.77,39588.29
2026-07-12 17:55:00,147.77,147.87,147.72,147.77,37877.93
2026-07-12 18:00:00,147.77,148.06,147.68,147.75,15929.26
2026-07-12 18:05:00,147.75,147.76,147.67,147.73,11338.91
2026-07-12 18:10:00,147.73,147.8,147.5,147.67,4679.89
2026-07-12 18:15:00,147.67,147.84,147.45,147.54,108872.85
2026-07-12 18:20:00,147.54,147.6,147.51,147.51,176464.17
2026-07-12 18:25:00,147.51,147.52,147.31,147.46,23976.54
2026-07-12 18:30:00,147.46,147.7,147.45,147.65,4116.42
2026-07-12 18:35:00,147.65,147.66,147.42,147.43,114763.82
2026-07-12 18:40:00,147.43,147.45,147.04,147.09,6759.64
2026-07-12 18:45:00,147.09,147.55,146.43,147.5,75119.84
2026-07-12 18:50:00,147.5,147.58,147.36,147.5,5414.05
2026-07-12 18:55:00,147.5,147.51,147.25,147.34,12730.66
2026-07-12 19:00:00,147.34,147.51,147.22,147.3,8374.84
2026-07-12 19:05:00,147.3,147.51,147.22,147.34,118185.77
2026-07-12 19:10:00,147.34,147.79,146.7,147.72,9703.24
2026-07-12 19:15:00,147.72,148.08,147.67,147.92,220354.37
2026-07-12 19:20:00,147.92,147.94,147.8,147.85,35379.56
2026-07-12 19:25:00,147.85,147.9,147.65,147.81,99454.64
2026-07-12 19:30:00,147.81,147.87,147.59,147.61,131883.62
2026-07-12 19:35:00,147.61,148.03,147.52,147.97,26149.23
2026-07-12 19:40:00,147.97,148.24,147.87,148.12,8300.02
2026-07-12 19:45:00,148.12,148.17,147.87,147.91,54759.49
2026-07-12 19:50:00,147.91,147.98,147.74,147.74,11239.02
2026-07-12 19:55:00,147.74,147.96,147.55,147.59,41919.65
2026-07-12 20:00:00,147.59,147.69,147.47,147.59,8763.35
2026-07-12 20:05:00,147.59,147.68,147.57,147.65,4729.56
2026-07-12 20:10:00,147.65,147.76,147.57,147.67,31950.14
2026-07-12 20:15:00,147.67,147.77,147.34,147.37,112225.21
2026-07-12 20:20:00,147.37,147.59,147.34,147.48,325985.11
2026-07-12 20:25:00,147.48,147.87,147.3,147.86,52177.02
2026-07-12 20:30:00,147.86,147.89,147.81,147.81,43128.41
2026-07-12 20:35:00,147.81,148.06,147.35,147.59,10818.01
2026-07-12 20:40:00,147.59,147.8,147.43,147.69,29473.23
2026-07-12 20:45:00,147.69,147.8,147.27,147.41,28085.73
2026-07-12 20:50:00,147.41,147.73,147.34,147.6,15963.87
2026-07-12 20:55:00,147.6,147.74,147.4,147.41,6533.87
2026-07-12 21:00:00,147.41,147.54,147.38,147.5,138743.09
2026-07-12 21:05:00,147.5,147.72,147.43,147.66,33668.79
2026-07-12 21:10:00,147.66,147.87,147.18,147.37,7881.9
2026-07-12 21:15:00,147.37,147.41,147.21,147.35,4281.71
2026-07-12 21:20:00,147.35,147.38,147.02,147.16,29801.38
2026-07-12 21:25:00,147.16,147.23,147.03,147.13,49342.2
2026-07-12 21:30:00,147.13,147.19,147.02,147.13,37528.73
2026-07-12 21:35:00,147.13,147.25,147.12,147.2,69916.05
2026-07-12 21:40:00,147.2,147.53,147.1,147.47,12647.37
2026-07-12 21:45:00,147.47,147.89,147.43,147.75,52310.02
2026-07-12 21:50:00,147.75,147.8,147.71,147.77,19576.35
2026-07-12 21:55:00,147.77,147.79,147.53,147.58,11333.85
2026-07-12 22:00:00,147.58,147.7,147.48,147.63,7587.45
2026-07-12 22:05:00,147.63,147.66,147.21,147.33,67402.66
2026-07-12 22:10:00,147.33,147.7,147.25,147.64,70396.86
2026-07-12 22:15:00,147.64,147.86,147.41,147.45,63164.2
2026-07-12 22:20:00,147.45,147.58,147.34,147.56,24580.29
2026-07-12 22:25:00,147.56,147.67,147.31,147.36,35169.28
2026-07-12 22:30:00,147.36,147.4,147.19,147.21,7907.48
2026-07-12 22:35:00,147.21,147.61,147.2,147.56,47092.06
2026-07-12 22:40:00,147.56,147.67,147.37,147.54,106531.13
2026-07-12 22:45:00,147.54,147.7,147.3,147.3,49573.34
2026-07-12 22:50:00,147.3,147.37,147.25,147.35,15897.99
2026-07-12 22:55:00,147.35,147.46,147.24,147.25,8440.98
2026-07-12 23:00:00,147.25,147.48,147.17,147.39,32308.99
2026-07-12 23:05:00,147.39,147.5,147.19,147.42,58253.61
2026-07-12 23:10:00,147.42,147.43,147.29,147.35,3853.13
2026-07-12 23:15:00,147.35,147.4,147.32,147.4,89309.83
2026-07-12 23:20:00,147.4,147.91,147.29,147.8,131847.49
2026-07-12 23:25:00,147.8,147.96,147.65,147.89,17781.22
2026-07-12 23:30:00,147.89,147.94,147.66,147.73,10736.65
2026-07-12 23:35:00,147.73,147.83,147.52,147.6,129499.36
2026-07-12 23:40:00,147.6,147.78,147.4,147.76,12586.9
2026-07-12 23:45:00,147.76,147.79,147.69,147.72,23183.53
2026-07-12 23:50:00,147.72,147.75,147.44,147.5,132564.09
2026-07-12 23:55:00,147.5,147.6,147.38,147.4,140611.82
2026-07-13 00:00:00,147.4,147.72,147.37,147.67,15323.07
2026-07-13 00:05:00,147.67,147.75,147.59,147.74,15605.94
2026-07-13 00:10:00,147.74,147.86,147.41,147.56,33280.66
2026-07-13 00:15:00,147.56,147.68,147.26,147.4,37855.83
2026-07-13 00:20:00,147.4,147.9,147.29,147.7,4325.93
2026-07-13 00:25:00,147.7,147.95,147.68,147.95,51331.87
2026-07-13 00:30:00,147.95,148.13,147.93,148.01,118707.81
2026-07-13 00:35:00,148.01,148.38,147.95,148.04,47282.63
2026-07-13 00:40:00,148.04,148.29,147.94,148.2,206114.27
2026-07-13 00:45:00,148.2,148.28,148.08,148.27,2022.81
2026-07-13 00:50:00,148.27,148.65,148.2,148.58,48511.74
2026-07-13 00:55:00,148.58,148.62,148.36,148.39,1645.65
2026-07-13 01:00:00,148.39,148.72,148.1,148.21,62713.34
2026-07-13 01:05:00,148.21,148.24,148.03,148.04,6515.8
2026-07-13 01:10:00,148.04,148.07,147.89,148.05,39919.07
2026-07-13 01:15:00,148.05,148.43,148.04,148.32,74759.69
2026-07-13 01:20:00,148.32,148.57,148.18,148.46,89521.88
2026-07-13 01:25:00,148.46,148.5,148.11,148.25,49519.49
2026-07-13 01:30:00,148.25,148.57,148.21,148.46,22645.2
2026-07-13 01:35:00,148.46,148.79,148.37,148.78,18898.75
2026-07-13 01:40:00,148.78,148.88,148.41,148.6,35877.78
2026-07-13 01:45:00,148.6,148.87,148.29,148.34,272635.44
2026-07-13 01:50:00,148.34,148.53,148.2,148.51,2412.6
2026-07-13 01:55:00,148.51,148.91,148.48,148.86,112038.23
2026-07-13 02:00:00,148.86,148.9,148.63,148.74,49204.13
2026-07-13 02:05:00,148.74,149.21,148.7,149.04,29600.63
2026-07-13 02:10:00,149.04,149.31,148.7,148.83,60580.58
2026-07-13 02:15:00,148.83,149.5,148.56,148.62,371345.21
2026-07-13 02:20:00,148.62,148.86,148.61,148.85,33026.28
2026-07-13 02:25:00,148.85,149.06,148.75,148.87,150078.13
2026-07-13 02:30:00,148.87,149.36,148.61,148.69,139890.2
2026-07-13 02:35:00,148.69,148.96,148.23,148.34,171342.9
2026-07-13 02:40:00,148.34,148.55,148.26,148.48,75831.74
2026-07-13 02:45:00,148.48,148.54,148.34,148.4,39257.03
2026-07-13 02:50:00,148.4,148.59,148.23,148.28,23109.36
2026-07-13 02:55:00,148.28,148.51,148.18,148.38,149993.31
2026-07-13 03:00:00,148.38,148.77,148.18,148.52,15653.61
2026-07-13 03:05:00,148.52,148.54,148.44,148.51,12815.02
2026-07-13 03:10:00,148.51,148.59,148.46,148.51,13121.3
2026-07-13 03:15:00,148.51,148.53,148.33,148.49,10133.3
2026-07-13 03:20:00,148.49,148.97,148.04,148.12,13393.07
2026-07-13 03:25:00,148.12,148.27,147.83,148.24,162630.83
2026-07-13 03:30:00,148.24,148.31,148.24,148.26,12833.27
2026-07-13 03:35:00,148.26,148.58,148.24,148.5,131042.7
2026-07-13 03:40:00,148.5,148.76,148.3,148.62,38260.54
2026-07-13 03:45:00,148.62,148.73,148.24,148.25,51446.96
2026-07-13 03:50:00,148.25,148.72,148.2,148.69,12317.1
2026-07-13 03:55:00,148.69,149.0,148.62,148.98,66046.87
2026-07-13 04:00:00,148.98,148.99,148.67,148.74,26964.45
2026-07-13 04:05:00,148.74,149.15,148.33,148.46,2058.61
2026-07-13 04:10:00,148.46,148.76,148.35,148.6,81089.87
2026-07-13 04:15:00,148.6,148.71,148.52,148.69,16588.76
2026-07-13 04:20:00,148.69,148.83,148.6,148.61,42157.97
2026-07-13 04:25:00,148.61,148.99,148.42,148.89,29616.84
2026-07-13 04:30:00,148.89,149.14,148.36,148.51,335377.35
2026-07-13 04:35:00,148.51,148.53,148.35,148.35,221342.36
2026-07-13 04:40:00,148.35,148.47,148.05,148.37,80409.28
2026-07-13 04:45:00,148.37,148.68,148.31,148.42,3247.95
2026-07-13 04:50:00,148.42,148.52,147.95,148.22,6329.44
2026-07-13 04:55:00,148.22,148.26,147.81,147.96,16689.96
2026-07-13 05:00:00,147.96,148.06,147.66,147.76,8158.83
2026-07-13 05:05:00,147.76,148.07,147.7,147.92,18475.16
2026-07-13 05:10:00,147.92,147.94,147.87,147.89,689.39
2026-07-13 05:15:00,147.89,148.3,147.75,148.25,7676.34
2026-07-13 05:20:00,148.25,148.27,148.07,148.17,15772.83
2026-07-13 05:25:00,148.17,148.55,148.1,148.47,63235.01
2026-07-13 05:30:00,148.47,148.6,148.27,148.35,1558.61
2026-07-13 05:35:00,148.35,148.56,148.07,148.11,2877.55
2026-07-13 05:40:00,148.11,148.47,148.03,148.36,71138.03
2026-07-13 05:45:00,148.36,148.77,148.24,148.62,8978.65
2026-07-13 05:50:00,148.62,148.8,148.59,148.67,118412.32
2026-07-13 05:55:00,148.67,148.81,148.35,148.44,61520.54
2026-07-13 06:00:00,148.44,148.81,148.38,148.8,21605.29
2026-07-13 06:05:00,148.8,148.91,148.49,148.71,97010.96
2026-07-13 06:10:00,148.71,148.83,148.65,148.8,16250.44
2026-07-13 06:15:00,148.8,148.88,148.58,148.66,11598.84
2026-07-13 06:20:00,148.66,148.78,148.21,148.43,25813.41
2026-07-13 06:25:00,148.43,148.51,148.18,148.25,28348.18
2026-07-13 06:30:00,148.25,148.56,148.18,148.31,10021.35
2026-07-13 06:35:00,148.31,148.4,148.22,148.22,60844.88
2026-07-13 06:40:00,148.22,148.7,148.12,148.59,220534.53
2026-07-13 06:45:00,148.59,148.69,148.39,148.51,44523.55
2026-07-13 06:50:00,148.51,148.66,148.22,148.42,31429.83
2026-07-13 06:55:00,148.42,148.46,148.31,148.36,96920.99
2026-07-13 07:00:00,148.36,148.38,148.25,148.29,10492.04
2026-07-13 07:05:00,148.29,148.35,148.11,148.12,68438.2
2026-07-13 07:10:00,148.12,148.44,147.92,148.27,59345.01
2026-07-13 07:15:00,148.27,148.44,148.23,148.28,2579.22
2026-07-13 07:20:00,148.28,148.5,147.92,147.98,11289.23
2026-07-13 07:25:00,147.98,148.16,147.61,147.73,66833.89
2026-07-13 07:30:00,147.73,147.79,147.39,147.63,13307.15
2026-07-13 07:35:00,147.63,147.67,147.46,147.47,7705.4
2026-07-13 07:40:00,147.47,147.72,147.35,147.51,74983.85
2026-07-13 07:45:00,147.51,147.58,147.37,147.48,105202.85
2026-07-13 07:50:00,147.48,147.53,147.34,147.37,15787.9
2026-07-13 07:55:00,147.37,147.66,146.89,147.61,49297.15
2026-07-13 08:00:00,147.61,147.73,147.48,147.58,15515.57
2026-07-13 08:05:00,147.58,147.91,147.01,147.77,47071.52
2026-07-13 08:10:00,147.77,148.16,147.42,148.07,89709.47
2026-07-13 08:15:00,148.07,148.21,147.84,148.18,11961.62
2026-07-13 08:20:00,148.18,148.28,147.87,148.02,1612.92
2026-07-13 08:25:00,148.02,148.03,147.3,147.39,40644.21
2026-07-13 08:30:00,147.39,147.76,147.24,147.63,126677.47
2026-07-13 08:35:00,147.63,147.94,147.6,147.84,27752.57
2026-07-13 08:40:00,147.84,148.05,147.18,147.98,580094.16
2026-07-13 08:45:00,147.98,148.1,147.76,147.85,17808.44
2026-07-13 08:50:00,147.85,147.97,147.77,147.97,28454.26
2026-07-13 08:55:00,147.97,148.21,147.95,148.03,4677.89
2026-07-13 09:00:00,148.03,148.1,147.84,147.91,10138.13
2026-07-13 09:05:00,147.91,148.19,147.89,148.09,6579.61
2026-07-13 09:10:00,148.09,148.24,148.09,148.2,65342.08
2026-07-13 09:15:00,148.2,148.27,147.57,147.77,18560.9
2026-07-13 09:20:00,147.77,147.98,147.66,147.82,12554.01
2026-07-13 09:25:00,147.82,148.06,147.81,147.96,13507.29
2026-07-13 09:30:00,147.96,148.0,147.63,147.76,1875.09
2026-07-13 09:35:00,147.76,147.76,147.64,147.64,49151.21
2026-07-13 09:40:00,147.64,147.67,147.36,147.46,33191.22
2026-07-13 09:45:00,147.46,147.89,147.12,147.82,375345.58
2026-07-13 09:50:00,147.82,148.06,147.17,147.97,160315.75
2026-07-13 09:55:00,147.97,148.04,147.85,148.01,16686.23
2026-07-13 10:00:00,148.01,148.26,147.91,148.09,64370.4
2026-07-13 10:05:00,148.09,148.09,148.0,148.02,6040.36
2026-07-13 10:10:00,148.02,148.13,147.97,148.06,85424.4
2026-07-13 10:15:00,148.06,148.16,147.95,148.12,24149.73
2026-07-13 10:20:00,148.12,148.34,148.06,148.24,129248.03
2026-07-13 10:25:00,148.24,148.34,148.16,148.32,63624.95
2026-07-13 10:30:00,148.32,148.36,148.23,148.28,31604.87
2026-07-13 10:35:00,148.28,148.74,148.24,148.51,3269.27
2026-07-13 10:40:00,148.51,148.58,148.33,148.4,107661.29
2026-07-13 10:45:00,148.4,148.54,148.28,148.38,29501.4
2026-07-13 10:50:00,148.38,148.41,147.98,148.05,8448.91
2026-07-13 10:55:00,148.05,148.17,147.83,147.9,74303.12
2026-07-13 11:00:00,147.9,147.9,147.88,147.89,123826.69
2026-07-13 11:05:00,147.89,148.12,147.31,148.06,700.08
2026-07-13 11:10:00,148.06,148.2,147.65,147.88,73679.12
2026-07-13 11:15:00,147.88,147.9,147.71,147.77,18073.16
2026-07-13 11:20:00,147.77,148.15,147.67,148.01,40153.28
2026-07-13 11:25:00,148.01,148.17,147.96,148.03,55046.52
2026-07-13 11:30:00,148.03,148.17,148.0,148.02,20561.62
2026-07-13 11:35:00,148.02,148.07,147.63,147.85,41456.54
2026-07-13 11:40:00,147.85,147.97,147.38,147.63,16275.37
2026-07-13 11:45:00,147.63,147.79,147.59,147.78,114049.09
2026-07-13 11:50:00,147.78,147.86,147.76,147.86,29282.68
2026-07-13 11:55:00,147.86,148.15,147.79,147.98,39406.57
2026-07-13 12:00:00,147.98,148.39,147.9,148.33,28592.74
2026-07-13 12:05:00,148.33,148.54,148.3,148.46,55461.96
2026-07-13 12:10:00,148.46,149.03,148.09,148.16,388993.79
2026-07-13 12:15:00,148.16,148.22,147.93,148.02,14269.16
2026-07-13 12:20:00,148.02,148.06,147.99,148.02,43754.54
2026-07-13 12:25:00,148.02,148.13,148.0,148.03,3194.59
2026-07-13 12:30:00,148.03,148.27,147.49,147.67,44104.04
2026-07-13 12:35:00,147.67,147.76,147.34,147.46,71058.63
2026-07-13 12:40:00,147.46,147.79,146.83,147.73,61817.42
2026-07-13 12:45:00,147.73,147.89,147.6,147.65,62323.55
2026-07-13 12:50:00,147.65,147.96,147.24,147.82,367136.16
2026-07-13 12:55:00,147.82,148.09,147.8,148.0,58.14
2026-07-13 13:00:00,148.0,148.13,147.64,147.67,12987.2
2026-07-13 13:05:00,147.67,147.98,147.66,147.96,103704.56
2026-07-13 13:10:00,147.96,148.1,147.9,147.94,5847.04
2026-07-13 13:15:00,147.94,148.04,147.78,147.87,56282.27
2026-07-13 13:20:00,147.87,148.29,147.72,148.21,42551.35
2026-07-13 13:25:00,148.21,148.24,148.17,148.18,1611.92
2026-07-13 13:30:00,148.18,148.51,148.08,148.39,12015.51
2026-07-13 13:35:00,148.39,148.93,148.06,148.18,399651.55
2026-07-13 13:40:00,148.18,148.42,148.13,148.38,6533.88
2026-07-13 13:45:00,148.38,149.01,148.03,148.17,154031.63
2026-07-13 13:50:00,148.17,148.35,147.92,148.03,70230.75
2026-07-13 13:55:00,148.03,148.08,147.97,148.03,14052.26
2026-07-13 14:00:00,148.03,148.16,147.72,147.79,39869.25
2026-07-13 14:05:00,147.79,147.85,147.67,147.68,2984.85
2026-07-13 14:10:00,147.68,147.85,147.61,147.64,23665.15
2026-07-13 14:15:00,147.64,147.67,147.4,147.47,54303.34
2026-07-13 14:20:00,147.47,147.97,147.0,147.83,363556.91
2026-07-13 14:25:00,147.83,147.88,147.68,147.78,74004.45
2026-07-13 14:30:00,147.78,147.86,147.63,147.83,7482.65
2026-07-13 14:35:00,147.83,148.06,147.73,148.05,1223.02
2026-07-13 14:40:00,148.05,148.09,147.93,147.95,15899.46
2026-07-13 14:45:00,147.95,148.28,147.82,148.14,19385.77
2026-07-13 14:50:00,148.14,148.19,148.0,148.16,38007.69
2026-07-13 14:55:00,148.16,148.48,147.97,148.36,16673.25
2026-07-13 15:00:00,148.36,148.99,148.07,148.13,123137.41
2026-07-13 15:05:00,148.13,148.16,147.99,148.0,126517.63
2026-07-13 15:10:00,148.0,148.3,147.96,148.15,131329.87
2026-07-13 15:15:00,148.15,148.41,148.13,148.28,75755.0
2026-07-13 15:20:00,148.28,148.5,148.21,148.44,3098.12
2026-07-13 15:25:00,148.44,148.71,147.94,148.06,41678.51
2026-07-13 15:30:00,148.06,148.42,147.96,148.38,38604.03
2026-07-13 15:35:00,148.38,148.69,147.9,148.04,116965.4
2026-07-13 15:40:00,148.04,148.11,147.76,147.79,2044.24
2026-07-13 15:45:00,147.79,147.85,147.72,147.78,30397.27
2026-07-13 15:50:00,147.78,147.83,147.19,147.25,16661.91
2026-07-13 15:55:00,147.25,147.46,147.09,147.33,74851.95
2026-07-13 16:00:00,147.33,147.46,147.29,147.3,29053.23
2026-07-13 16:05:00,147.3,147.35,147.13,147.15,99637.33
2026-07-13 16:10:00,147.15,147.26,146.85,147.0,9951.27
2026-07-13 16:15:00,147.0,147.2,146.92,147.12,20959.56
2026-07-13 16:20:00,147.12,147.63,146.75,147.55,263554.19
2026-07-13 16:25:00,147.55,148.11,147.49,148.04,6101.74
2026-07-13 16:30:00,148.04,148.2,147.67,147.85,102364.87
2026-07-13 16:35:00,147.85,147.99,147.77,147.81,100581.14
2026-07-13 16:40:00,147.81,148.04,147.71,147.91,10112.76
2026-07-13 16:45:00,147.91,148.09,147.76,147.9,71145.14
2026-07-13 16:50:00,147.9,148.0,147.64,147.7,14181.59
2026-07-13 16:55:00,147.7,148.13,147.25,147.98,172214.47
2026-07-13 17:00:00,147.98,148.21,147.78,147.93,69911.81
2026-07-13 17:05:00,147.93,148.14,147.6,147.73,36254.37
2026-07-13 17:10:00,147.73,148.05,147.67,148.02,48114.65
2026-07-13 17:15:00,148.02,148.24,147.82,147.9,48700.29
2026-07-13 17:20:00,147.9,147.93,147.44,147.45,35360.87
2026-07-13 17:25:00,147.45,147.54,147.17,147.23,68533.9
2026-07-13 17:30:00,147.23,147.26,147.17,147.19,95323.6
2026-07-13 17:35:00,147.19,147.48,146.76,147.43,30719.12
2026-07-13 17:40:00,147.43,147.83,147.13,147.78,127374.06
2026-07-13 17:45:00,147.78,147.78,147.54,147.56,3962.05
2026-07-13 17:50:00,147.56,148.0,147.24,147.86,218796.46
2026-07-13 17:55:00,147.86,148.04,147.7,147.82,14426.99
2026-07-13 18:00:00,147.82,148.12,147.8,148.01,186829.68
2026-07-13 18:05:00,148.01,148.58,147.98,148.42,53122.83
2026-07-13 18:10:00,148.42,148.68,148.12,148.21,4482.25
2026-07-13 18:15:00,148.21,148.84,147.9,147.96,219571.4
2026-07-13 18:20:00,147.96,148.23,147.88,148.16,16374.52
2026-07-13 18:25:00,148.16,148.6,148.15,148.38,12829.48
2026-07-13 18:30:00,148.38,148.39,148.13,148.22,82352.1
2026-07-13 18:35:00,148.22,148.51,148.13,148.49,69660.03
2026-07-13 18:40:00,148.49,148.74,148.12,148.19,338020.95
2026-07-13 18:45:00,148.19,148.76,147.86,148.0,7744.33
2026-07-13 18:50:00,148.0,148.21,147.86,148.07,26045.26
2026-07-13 18:55:00,148.07,148.13,147.89,148.01,21604.78
2026-07-13 19:00:00,148.01,148.08,147.8,147.94,2624.01
2026-07-13 19:05:00,147.94,148.02,147.66,147.76,23462.95
2026-07-13 19:10:00,147.76,148.06,147.67,148.0,53322.28
2026-07-13 19:15:00,148.0,148.19,147.85,148.12,170889.46
2026-07-13 19:20:00,148.12,148.21,147.92,148.01,16582.92
2026-07-13 19:25:00,148.01,148.05,147.83,147.98,181146.82
2026-07-13 19:30:00,147.98,148.11,147.88,147.95,33583.68
2026-07-13 19:35:00,147.95,147.97,147.75,147.86,72170.04
2026-07-13 19:40:00,147.86,148.24,147.72,148.1,30831.71
2026-07-13 19:45:00,148.1,148.19,148.0,148.15,112631.24
2026-07-13 19:50:00,148.15,148.3,148.11,148.19,27268.98
2026-07-13 19:55:00,148.19,148.3,147.84,147.95,23978.02
2026-07-13 20:00:00,147.95,148.28,147.84,148.12,71369.73
2026-07-13 20:05:00,148.12,148.2,148.08,148.16,94751.07
2026-07-13 20:10:00,148.16,148.51,148.14,148.5,104887.02
2026-07-13 20:15:00,148.5,148.85,148.08,148.18,104268.1
2026-07-13 20:20:00,148.18,148.21,147.78,147.96,4605.57
2026-07-13 20:25:00,147.96,148.09,147.83,148.08,54488.35
2026-07-13 20:30:00,148.08,148.16,148.0,148.11,1749.04
2026-07-13 20:35:00,148.11,148.35,147.75,147.83,10855.9
2026-07-13 20:40:00,147.83,147.84,147.66,147.71,2702.89
2026-07-13 20:45:00,147.71,147.79,147.7,147.73,18848.93
2026-07-13 20:50:00,147.73,147.78,147.65,147.78,193100.24
2026-07-13 20:55:00,147.78,147.88,147.51,147.61,10300.44
2026-07-13 21:00:00,147.61,148.11,147.57,147.91,20854.73
2026-07-13 21:05:00,147.91,148.13,147.76,147.97,128733.63
2026-07-13 21:10:00,147.97,148.28,147.89,148.18,7407.34
2026-07-13 21:15:00,148.18,148.19,147.99,148.14,58944.49
2026-07-13 21:20:00,148.14,148.17,147.75,147.86,45372.93
2026-07-13 21:25:00,147.86,147.88,147.6,147.77,115387.38
2026-07-13 21:30:00,147.77,147.78,147.46,147.58,12314.67
2026-07-13 21:35:00,147.58,147.69,147.24,147.28,5134.28
2026-07-13 21:40:00,147.28,147.78,146.94,147.68,100442.54
2026-07-13 21:45:00,147.68,147.88,147.41,147.55,49510.68
2026-07-13 21:50:00,147.55,147.56,147.41,147.44,61715.61
2026-07-13 21:55:00,147.44,147.53,147.2,147.34,40840.67
2026-07-13 22:00:00,147.34,147.45,147.12,147.25,7670.0
2026-07-13 22:05:00,147.25,147.33,147.04,147.14,77822.23
2026-07-13 22:10:00,147.14,147.25,146.73,146.98,24712.8
2026-07-13 22:15:00,146.98,147.41,146.62,147.26,485.64
2026-07-13 22:20:00,147.26,147.45,147.18,147.42,102536.5
2026-07-13 22:25:00,147.42,147.48,147.16,147.2,80313.21
2026-07-13 22:30:00,147.2,147.49,146.63,147.37,26794.08
2026-07-13 22:35:00,147.37,147.49,147.29,147.41,1067.97
2026-07-13 22:40:00,147.41,147.57,146.8,146.93,127528.31
2026-07-13 22:45:00,146.93,146.98,146.57,146.62,111914.94
2026-07-13 22:50:00,146.62,146.71,146.32,146.42,33276.39
2026-07-13 22:55:00,146.42,146.85,146.24,146.82,44882.65
2026-07-13 23:00:00,146.82,147.24,146.43,147.14,149623.04
2026-07-13 23:05:00,147.14,147.15,147.01,147.1,177822.47
2026-07-13 23:10:00,147.1,147.34,147.04,147.26,48560.42
2026-07-13 23:15:00,147.26,147.35,147.14,147.25,151351.98
2026-07-13 23:20:00,147.25,147.42,147.19,147.33,78580.74
2026-07-13 23:25:00,147.33,147.36,147.01,147.26,88428.85
2026-07-13 23:30:00,147.26,147.29,146.95,146.97,51180.85
2026-07-13 23:35:00,146.97,147.35,146.92,147.02,28600.81
2026-07-13 23:40:00,147.02,147.42,146.98,147.28,14441.54
2026-07-13 23:45:00,147.28,147.39,147.16,147.27,44344.5
2026-07-13 23:50:00,147.27,147.6,147.13,147.58,34881.97
2026-07-13 23:55:00,147.58,147.65,147.47,147.56,65767.1
2026-07-14 00:00:00,147.56,147.97,147.42,147.91,11649.0
2026-07-14 00:05:00,147.91,148.0,147.73,147.92,22581.06
2026-07-14 00:10:00,147.92,147.95,147.5,147.51,923.59
2026-07-14 00:15:00,147.51,147.87,147.48,147.7,86854.93
2026-07-14 00:20:00,147.7,148.13,147.61,148.03,66254.85
2026-07-14 00:25:00,148.03,148.15,147.98,148.06,70891.76
2026-07-14 00:30:00,148.06,148.25,147.96,148.15,66429.8
2026-07-14 00:35:00,148.15,148.37,147.98,148.26,4895.41
2026-07-14 00:40:00,148.26,148.69,147.89,147.98,65686.84
2026-07-14 00:45:00,147.98,148.2,147.85,148.16,39746.08
2026-07-14 00:50:00,148.16,148.28,148.0,148.16,36010.84
2026-07-14 00:55:00,148.16,148.42,147.86,148.42,13678.87
2026-07-14 01:00:00,148.42,148.66,147.96,148.02,344698.09
2026-07-14 01:05:00,148.02,148.21,147.81,147.91,14600.75
2026-07-14 01:10:00,147.91,148.05,147.81,148.04,35611.68
2026-07-14 01:15:00,148.04,148.26,147.65,147.67,143258.26
2026-07-14 01:20:00,147.67,147.7,147.21,147.36,44831.86
2026-07-14 01:25:00,147.36,147.53,147.26,147.31,20682.88
2026-07-14 01:30:00,147.31,147.37,147.13,147.23,23219.29
2026-07-14 01:35:00,147.23,147.28,147.11,147.14,33611.18
2026-07-14 01:40:00,147.14,147.18,147.09,147.12,67044.63
2026-07-14 01:45:00,147.12,147.27,146.87,146.95,33093.71
2026-07-14 01:50:00,146.95,147.07,146.72,146.74,17724.97
2026-07-14 01:55:00,146.74,146.88,146.65,146.81,30123.56
2026-07-14 02:00:00,146.81,146.95,146.71,146.81,144856.2
2026-07-14 02:05:00,146.81,146.93,146.67,146.73,62734.21
2026-07-14 02:10:00,146.73,146.77,146.59,146.68,26381.33
2026-07-14 02:15:00,146.68,146.99,146.42,146.86,208364.24
2026-07-14 02:20:00,146.86,147.1,146.71,147.05,59726.78
2026-07-14 02:25:00,147.05,147.19,146.78,146.85,73800.91
2026-07-14 02:30:00,146.85,146.95,146.73,146.92,38138.3
2026-07-14 02:35:00,146.92,146.98,146.75,146.8,62647.98
2026-07-14 02:40:00,146.8,146.97,146.71,146.95,64156.93
2026-07-14 02:45:00,146.95,147.13,146.75,146.9,50196.99
2026-07-14 02:50:00,146.9,147.11,146.69,146.95,31068.84
2026-07-14 02:55:00,146.95,147.4,146.89,147.29,33265.44
2026-07-14 03:00:00,147.29,147.43,147.01,147.15,36323.89
2026-07-14 03:05:00,147.15,147.25,146.84,146.91,26258.87
2026-07-14 03:10:00,146.91,147.04,146.89,147.04,55958.08
2026-07-14 03:15:00,147.04,147.28,147.01,147.19,36124.04
2026-07-14 03:20:00,147.19,147.23,147.11,147.17,92416.35
2026-07-14 03:25:00,147.17,147.2,146.8,146.9,35289.64
2026-07-14 03:30:00,146.9,146.9,146.72,146.79,58221.78
2026-07-14 03:35:00,146.79,146.95,146.52,146.9,39091.02
2026-07-14 03:40:00,146.9,147.14,146.74,147.13,16064.72
2026-07-14 03:45:00,147.13,147.4,147.0,147.25,68050.19
2026-07-14 03:50:00,147.25,147.25,147.05,147.09,245626.62
2026-07-14 03:55:00,147.09,147.1,146.99,147.08,33106.08
2026-07-14 04:00:00,147.08,147.25,147.0,147.15,15310.85
2026-07-14 04:05:00,147.15,147.37,147.04,147.34,3381.76
2026-07-14 04:10:00,147.34,147.49,147.33,147.41,30578.84
2026-07-14 04:15:00,147.41,147.51,147.19,147.43,24667.49
2026-07-14 04:20:00,147.43,147.47,147.14,147.15,25355.61
2026-07-14 04:25:00,147.15,147.31,147.1,147.22,35431.05
2026-07-14 04:30:00,147.22,147.49,147.15,147.36,31073.92
2026-07-14 04:35:00,147.36,147.51,147.3,147.31,3300.91
2026-07-14 04:40:00,147.31,147.35,146.92,147.04,56839.48
2026-07-14 04:45:00,147.04,147.36,147.0,147.35,28311.64
2026-07-14 04:50:00,147.35,147.66,147.2,147.51,277806.75
2026-07-14 04:55:00,147.51,147.6,147.46,147.56,283.02
2026-07-14 05:00:00,147.56,147.63,147.53,147.62,80026.58
2026-07-14 05:05:00,147.62,147.64,147.43,147.5,10917.88
2026-07-14 05:10:00,147.5,147.58,147.36,147.42,9852.3
2026-07-14 05:15:00,147.42,147.61,147.08,147.24,58989.0
2026-07-14 05:20:00,147.24,147.54,147.19,147.51,29666.11
2026-07-14 05:25:00,147.51,147.66,147.38,147.57,3635.14
2026-07-14 05:30:00,147.57,147.62,147.46,147.6,24197.44
2026-07-14 05:35:00,147.6,147.93,147.49,147.75,95738.99
2026-07-14 05:40:00,147.75,147.77,147.7,147.74,11763.19
2026-07-14 05:45:00,147.74,147.94,147.71,147.78,109928.0
2026-07-14 05:50:00,147.78,147.91,147.42,147.5,9861.65
2026-07-14 05:55:00,147.5,147.76,147.34,147.7,47907.48
2026-07-14 06:00:00,147.7,147.7,147.4,147.49,17820.33
2026-07-14 06:05:00,147.49,147.57,147.41,147.47,90126.2
2026-07-14 06:10:00,147.47,147.5,147.22,147.22,59723.54
2026-07-14 06:15:00,147.22,147.71,147.19,147.5,93000.58
2026-07-14 06:20:00,147.5,147.52,147.38,147.52,70921.05
2026-07-14 06:25:00,147.52,147.59,147.47,147.52,29546.62
2026-07-14 06:30:00,147.52,147.68,147.41,147.53,129713.3
2026-07-14 06:35:00,147.53,147.56,147.49,147.53,11052.27
2026-07-14 06:40:00,147.53,147.65,147.46,147.54,16766.06
2026-07-14 06:45:00,147.54,147.81,147.45,147.8,8927.13
2026-07-14 06:50:00,147.8,147.94,147.79,147.83,10828.28
2026-07-14 06:55:00,147.83,148.1,147.81,148.1,1861.0
2026-07-14 07:00:00,148.1,148.25,147.97,148.16,133628.83
2026-07-14 07:05:00,148.16,148.7,147.61,147.74,770422.66
2026-07-14 07:10:00,147.74,147.8,147.56,147.68,78957.7
2026-07-14 07:15:00,147.68,147.81,147.55,147.55,23455.17
2026-07-14 07:20:00,147.55,147.75,147.47,147.56,42159.48
2026-07-14 07:25:00,147.56,147.65,147.48,147.64,25448.52
2026-07-14 07:30:00,147.64,147.88,147.35,147.42,53409.84
2026-07-14 07:35:00,147.42,147.45,147.23,147.39,46443.63
2026-07-14 07:40:00,147.39,147.5,147.38,147.4,63969.43
2026-07-14 07:45:00,147.4,147.42,147.18,147.25,107276.78
2026-07-14 07:50:00,147.25,147.34,147.02,147.16,3676.7
2026-07-14 07:55:00,147.16,147.34,147.14,147.15,339445.41
2026-07-14 08:00:00,147.15,147.24,146.72,146.97,61384.33
2026-07-14 08:05:00,146.97,147.13,146.85,146.89,8635.94
2026-07-14 08:10:00,146.89,147.27,146.88,147.15,39851.43
2026-07-14 08:15:00,147.15,147.6,147.15,147.38,75557.76
2026-07-14 08:20:00,147.38,147.38,147.27,147.31,28733.59
2026-07-14 08:25:00,147.31,147.51,147.09,147.25,27641.81
2026-07-14 08:30:00,147.25,147.44,147.08,147.12,21496.04
2026-07-14 08:35:00,147.12,147.4,146.46,147.29,13434.13
2026-07-14 08:40:00,147.29,147.39,146.94,147.09,6133.99
2026-07-14 08:45:00,147.09,147.49,146.53,147.35,26811.07
2026-07-14 08:50:00,147.35,147.39,147.02,147.11,22911.73
2026-07-14 08:55:00,147.11,147.32,147.05,147.23,47538.05
2026-07-14 09:00:00,147.23,147.43,147.18,147.25,7802.7
2026-07-14 09:05:00,147.25,147.37,147.21,147.25,49764.77
2026-07-14 09:10:00,147.25,147.28,146.89,146.96,26772.64
2026-07-14 09:15:00,146.96,147.11,146.79,146.84,22176.59
2026-07-14 09:20:00,146.84,147.11,146.68,146.76,15019.66
2026-07-14 09:25:00,146.76,146.96,146.71,146.71,59381.6
2026-07-14 09:30:00,146.71,147.02,146.58,146.78,52654.22
2026-07-14 09:35:00,146.78,146.86,146.49,146.54,7470.68
2026-07-14 09:40:00,146.54,146.57,146.37,146.46,4483.06
2026-07-14 09:45:00,146.46,146.9,146.18,146.85,86084.88
2026-07-14 09:50:00,146.85,147.17,146.22,147.03,19593.91
2026-07-14 09:55:00,147.03,147.18,146.74,146.89,20533.99
2026-07-14 10:00:00,146.89,147.18,146.47,147.12,71618.0
2026-07-14 10:05:00,147.12,147.18,147.08,147.12,13310.87
2026-07-14 10:10:00,147.12,147.44,146.83,147.39,89255.55
2026-07-14 10:15:00,147.39,147.44,147.24,147.31,37907.38
2026-07-14 10:20:00,147.31,147.37,147.18,147.21,173509.57
2026-07-14 10:25:00,147.21,147.51,147.17,147.47,54925.06
2026-07-14 10:30:00,147.47,147.63,147.21,147.31,11542.73
2026-07-14 10:35:00,147.31,147.69,147.21,147.57,29430.99
2026-07-14 10:40:00,147.57,147.63,147.47,147.62,44854.8
2026-07-14 10:45:00,147.62,147.77,147.53,147.7,13340.95
2026-07-14 10:50:00,147.7,147.86,147.55,147.73,19417.37
2026-07-14 10:55:00,147.73,147.96,147.37,147.54,149185.12
2026-07-14 11:00:00,147.54,147.61,147.33,147.34,84265.35
2026-07-14 11:05:00,147.34,147.43,147.06,147.12,22379.01
2026-07-14 11:10:00,147.12,147.41,146.47,147.28,235960.22
2026-07-14 11:15:00,147.28,147.4,147.15,147.24,69887.38
2026-07-14 11:20:00,147.24,147.3,147.23,147.29,222908.14
2026-07-14 11:25:00,147.29,147.38,147.16,147.17,13632.93
2026-07-14 11:30:00,147.17,147.52,146.78,147.45,23136.78
2026-07-14 11:35:00,147.45,147.48,147.32,147.37,68638.07
2026-07-14 11:40:00,147.37,147.5,147.24,147.27,66721.76
2026-07-14 11:45:00,147.27,147.46,147.2,147.32,1751.62
2026-07-14 11:50:00,147.32,147.37,147.14,147.28,8639.48
2026-07-14 11:55:00,147.28,147.46,147.02,147.12,13673.84
2026-07-14 12:00:00,147.12,147.42,146.94,146.96,48705.58
2026-07-14 12:05:00,146.96,147.02,146.68,146.78,104420.24
2026-07-14 12:10:00,146.78,146.87,146.76,146.77,34555.48
2026-07-14 12:15:00,146.77,147.19,146.69,146.94,46070.33
2026-07-14 12:20:00,146.94,147.05,146.86,146.98,1757.87
2026-07-14 12:25:00,146.98,147.17,146.81,146.85,66314.15
2026-07-14 12:30:00,146.85,146.89,146.69,146.74,44701.31
2026-07-14 12:35:00,146.74,146.75,146.49,146.65,2067.75
2026-07-14 12:40:00,146.65,146.93,146.63,146.75,118815.07
2026-07-14 12:45:00,146.75,146.95,146.52,146.9,204866.79
2026-07-14 12:50:00,146.9,146.93,146.67,146.73,29125.72
2026-07-14 12:55:00,146.73,146.79,146.39,146.5,97129.16
2026-07-14 13:00:00,146.5,146.65,146.27,146.34,314928.21
2026-07-14 13:05:00,146.34,146.67,146.0,146.62,745154.85
2026-07-14 13:10:00,146.62,146.72,146.45,146.62,65847.76
2026-07-14 13:15:00,146.62,147.0,146.43,146.98,47498.57
2026-07-14 13:20:00,146.98,147.06,146.86,146.92,12902.29
2026-07-14 13:25:00,146.92,147.14,146.84,147.06,1301.33
2026-07-14 13:30:00,147.06,147.16,146.96,147.05,12964.83
2026-07-14 13:35:00,147.05,147.52,146.91,147.42,8165.83
2026-07-14 13:40:00,147.42,147.59,147.31,147.39,6130.71
2026-07-14 13:45:00,147.39,147.69,147.35,147.59,101073.31
2026-07-14 13:50:00,147.59,147.87,147.47,147.69,17680.53
2026-07-14 13:55:00,147.69,148.34,147.25,147.38,58630.02
2026-07-14 14:00:00,147.38,147.42,147.24,147.41,35748.52
2026-07-14 14:05:00,147.41,147.58,147.23,147.29,13789.44
2026-07-14 14:10:00,147.29,147.33,147.27,147.31,56917.77
2026-07-14 14:15:00,147.31,147.59,147.14,147.54,35897.83
2026-07-14 14:20:00,147.54,147.66,147.5,147.58,35481.59
2026-07-14 14:25:00,147.58,147.61,147.55,147.55,24432.77
2026-07-14 14:30:00,147.55,147.71,147.25,147.32,84825.33
2026-07-14 14:35:00,147.32,147.54,147.26,147.47,107129.2
2026-07-14 14:40:00,147.47,147.56,147.35,147.52,62950.6
2026-07-14 14:45:00,147.52,147.64,147.32,147.33,68797.31
2026-07-14 14:50:00,147.33,147.47,147.17,147.4,250121.18
2026-07-14 14:55:00,147.4,147.8,147.3,147.69,27930.91
2026-07-14 15:00:00,147.69,147.95,147.16,147.3,38710.8
2026-07-14 15:05:00,147.3,147.31,146.79,146.82,72792.02
2026-07-14 15:10:00,146.82,146.89,146.44,146.66,7210.74
2026-07-14 15:15:00,146.66,146.72,146.5,146.54,31971.01
2026-07-14 15:20:00,146.54,146.56,146.4,146.45,6601.18
2026-07-14 15:25:00,146.45,146.5,146.25,146.31,49891.24
2026-07-14 15:30:00,146.31,146.74,145.82,146.64,189605.55
2026-07-14 15:35:00,146.64,147.07,146.57,147.0,80158.66
2026-07-14 15:40:00,147.0,147.2,146.82,146.82,123577.64
2026-07-14 15:45:00,146.82,146.83,146.62,146.76,35243.11
2026-07-14 15:50:00,146.76,146.82,146.69,146.75,58561.02
2026-07-14 15:55:00,146.75,146.79,146.56,146.71,8354.9
2026-07-14 16:00:00,146.71,146.9,146.68,146.79,7348.67
2026-07-14 16:05:00,146.79,146.92,146.66,146.73,7390.64
2026-07-14 16:10:00,146.73,146.78,146.62,146.68,1693.21
2026-07-14 16:15:00,146.68,146.8,146.55,146.66,5765.31
2026-07-14 16:20:00,146.66,146.88,146.65,146.78,12471.79
2026-07-14 16:25:00,146.78,147.09,146.72,147.02,14026.38
2026-07-14 16:30:00,147.02,147.14,146.68,146.85,39380.93
2026-07-14 16:35:00,146.85,147.14,146.81,147.09,74694.3
2026-07-14 16:40:00,147.09,147.3,146.76,146.8,23692.17
2026-07-14 16:45:00,146.8,146.84,146.72,146.78,37617.01
2026-07-14 16:50:00,146.78,146.87,146.65,146.85,9256.66
2026-07-14 16:55:00,146.85,146.93,146.66,146.8,22141.52
2026-07-14 17:00:00,146.8,146.99,146.66,146.86,72067.71
2026-07-14 17:05:00,146.86,146.89,146.82,146.83,2285.04
2026-07-14 17:10:00,146.83,146.93,146.8,146.81,8370.87
2026-07-14 17:15:00,146.81,146.84,146.4,146.53,2036.13
2026-07-14 17:20:00,146.53,146.6,146.27,146.33,47237.96
2026-07-14 17:25:00,146.33,146.42,145.87,145.87,24053.56
2026-07-14 17:30:00,145.87,146.05,145.71,145.86,112963.85
2026-07-14 17:35:00,145.86,146.11,145.83,145.98,18633.15
2026-07-14 17:40:00,145.98,146.23,145.42,146.12,210447.49
2026-07-14 17:45:00,146.12,146.2,146.12,146.19,4586.13
2026-07-14 17:50:00,146.19,146.41,146.08,146.29,45132.85
2026-07-14 17:55:00,146.29,146.64,145.94,146.54,346929.67
2026-07-14 18:00:00,146.54,146.89,146.09,146.81,22553.77
2026-07-14 18:05:00,146.81,146.82,146.65,146.68,30542.99
2026-07-14 18:10:00,146.68,147.02,146.53,146.85,10375.82
2026-07-14 18:15:00,146.85,147.22,146.61,147.2,17731.99
2026-07-14 18:20:00,147.2,147.53,147.15,147.47,400887.13
2026-07-14 18:25:00,147.47,147.63,147.45,147.52,2824.25
2026-07-14 18:30:00,147.52,147.65,147.48,147.56,77961.05
2026-07-14 18:35:00,147.56,147.76,147.55,147.64,59807.02
2026-07-14 18:40:00,147.64,147.87,147.31,147.37,81351.05
2026-07-14 18:45:00,147.37,147.75,147.15,147.72,38405.77
2026-07-14 18:50:00,147.72,147.77,147.6,147.68,27188.14
2026-07-14 18:55:00,147.68,148.14,147.37,147.47,40424.82
2026-07-14 19:00:00,147.47,147.95,147.2,147.3,53198.36
2026-07-14 19:05:00,147.3,147.39,147.17,147.34,60474.49
2026-07-14 19:10:00,147.34,147.47,146.85,147.12,17603.64
2026-07-14 19:15:00,147.12,147.18,146.86,147.09,6722.94
2026-07-14 19:20:00,147.09,147.1,146.95,147.1,69321.46
2026-07-14 19:25:00,147.1,147.15,147.07,147.08,51341.04
2026-07-14 19:30:00,147.08,147.14,146.83,146.87,84802.44
2026-07-14 19:35:00,146.87,146.95,146.78,146.91,50944.78
2026-07-14 19:40:00,146.91,146.99,146.71,146.73,190385.15
2026-07-14 19:45:00,146.73,146.84,146.52,146.54,61550.53
2026-07-14 19:50:00,146.54,146.61,146.53,146.57,33012.82
2026-07-14 19:55:00,146.57,146.68,146.25,146.38,37061.06
2026-07-14 20:00:00,146.38,146.47,146.34,146.37,55569.34
2026-07-14 20:05:00,146.37,146.49,146.29,146.48,25399.07
2026-07-14 20:10:00,146.48,146.76,146.31,146.73,54047.64
2026-07-14 20:15:00,146.73,146.96,146.7,146.78,29622.92
2026-07-14 20:20:00,146.78,146.85,146.76,146.82,5540.69
2026-07-14 20:25:00,146.82,147.0,146.69,146.9,2709.05
2026-07-14 20:30:00,146.9,147.2,146.8,147.1,80232.27
2026-07-14 20:35:00,147.1,147.15,147.03,147.13,20662.84
2026-07-14 20:40:00,147.13,147.36,147.07,147.23,30376.91
2026-07-14 20:45:00,147.23,147.3,146.85,147.0,24273.65
2026-07-14 20:50:00,147.0,147.11,146.8,146.85,21707.71
2026-07-14 20:55:00,146.85,146.94,146.68,146.69,103532.57
2026-07-14 21:00:00,146.69,146.72,146.49,146.6,84579.56
2026-07-14 21:05:00,146.6,146.74,146.53,146.69,2079.95
2026-07-14 21:10:00,146.69,146.7,146.45,146.45,39207.16
2026-07-14 21:15:00,146.45,146.64,146.44,146.55,18706.49
2026-07-14 21:20:00,146.55,146.7,146.53,146.7,82779.71
2026-07-14 21:25:00,146.7,146.9,146.64,146.81,68153.67
2026-07-14 21:30:00,146.81,146.83,146.52,146.72,76732.96
2026-07-14 21:35:00,146.72,146.88,146.69,146.82,44267.04
2026-07-14 21:40:00,146.82,146.9,146.5,146.65,30047.41
2026-07-14 21:45:00,146.65,146.78,146.64,146.75,34019.91
2026-07-14 21:50:00,146.75,146.8,146.73,146.76,6741.2
2026-07-14 21:55:00,146.76,146.8,146.62,146.79,57404.35
2026-07-14 22:00:00,146.79,146.8,146.61,146.73,42131.96
2026-07-14 22:05:00,146.73,146.77,146.5,146.66,52159.13
2026-07-14 22:10:00,146.66,146.69,146.58,146.66,18593.54
2026-07-14 22:15:00,146.66,146.86,146.55,146.72,19789.0
2026-07-14 22:20:00,146.72,147.05,146.72,146.94,117564.72
2026-07-14 22:25:00,146.94,147.02,146.8,147.01,5428.75
2026-07-14 22:30:00,147.01,147.11,146.99,147.07,517.54
2026-07-14 22:35:00,147.07,147.23,146.94,147.15,12186.93
2026-07-14 22:40:00,147.15,147.16,146.91,146.96,22213.9
2026-07-14 22:45:00,146.96,147.1,146.95,147.02,12413.91
2026-07-14 22:50:00,147.02,147.12,147.01,147.1,26442.02
2026-07-14 22:55:00,147.1,147.28,146.98,147.21,14995.99
2026-07-14 23:00:00,147.21,147.27,146.96,147.1,39682.83
2026-07-14 23:05:00,147.1,147.22,147.03,147.08,13819.16
2026-07-14 23:10:00,147.08,147.23,147.0,147.05,5174.22
2026-07-14 23:15:00,147.05,147.37,146.88,147.28,76586.23
2026-07-14 23:20:00,147.28,147.4,147.22,147.36,52591.34
2026-07-14 23:25:00,147.36,147.44,147.07,147.22,136099.87
2026-07-14 23:30:00,147.22,147.29,147.02,147.23,9081.75
2026-07-14 23:35:00,147.23,147.34,147.05,147.09,30417.03
2026-07-14 23:40:00,147.09,147.16,147.07,147.13,112359.76
2026-07-14 23:45:00,147.13,147.66,146.67,146.76,3687.18
2026-07-14 23:50:00,146.76,147.09,146.63,146.92,88290.4
2026-07-14 23:55:00,146.92,146.93,146.74,146.79,89971.24
2026-07-15 00:00:00,146.79,146.81,146.63,146.76,559.86
2026-07-15 00:05:00,146.76,146.79,146.65,146.79,68153.63
2026-07-15 00:10:00,146.79,146.84,146.64,146.65,39185.38
2026-07-15 00:15:00,146.65,146.92,146.53,146.7,10982.96
2026-07-15 00:20:00,146.7,146.88,146.53,146.83,8923.43
2026-07-15 00:25:00,146.83,147.2,146.81,147.09,17286.59
2026-07-15 00:30:00,147.09,147.44,146.71,146.81,28891.7
2026-07-15 00:35:00,146.81,146.9,146.47,146.63,95685.19
2026-07-15 00:40:00,146.63,146.68,146.34,146.37,6242.6
2026-07-15 00:45:00,146.37,146.41,146.1,146.14,17644.23
2026-07-15 00:50:00,146.14,146.43,146.09,146.3,25172.68
2026-07-15 00:55:00,146.3,146.8,146.22,146.63,18556.66
2026-07-15 01:00:00,146.63,146.95,146.61,146.88,94523.48
2026-07-15 01:05:00,146.88,147.07,146.67,146.96,12610.84
2026-07-15 01:10:00,146.96,147.07,146.93,147.02,46988.12
2026-07-15 01:15:00,147.02,147.16,146.81,147.03,8874.87
2026-07-15 01:20:00,147.03,147.19,147.02,147.16,10175.3
2026-07-15 01:25:00,147.16,147.22,147.01,147.2,10525.47
2026-07-15 01:30:00,147.2,147.25,146.82,146.85,118203.79
2026-07-15 01:35:00,146.85,146.97,146.53,146.68,1078.82
2026-07-15 01:40:00,146.68,146.99,146.52,146.56,16198.04
2026-07-15 01:45:00,146.56,146.59,146.01,146.27,52113.09
2026-07-15 01:50:00,146.27,146.39,146.12,146.14,93274.95
2026-07-15 01:55:00,146.14,146.21,146.05,146.11,153357.05
2026-07-15 02:00:00,146.11,146.24,146.01,146.04,24464.55
2026-07-15 02:05:00,146.04,146.05,145.97,146.05,12321.12
2026-07-15 02:10:00,146.05,146.17,145.97,146.13,15142.64
2026-07-15 02:15:00,146.13,146.34,145.76,146.29,740.84
2026-07-15 02:20:00,146.29,146.35,145.98,146.11,30411.72
2026-07-15 02:25:00,146.11,146.31,146.1,146.28,18992.45
2026-07-15 02:30:00,146.28,146.56,146.26,146.49,114568.55
2026-07-15 02:35:00,146.49,146.79,146.1,146.65,392748.49
2026-07-15 02:40:00,146.65,146.89,146.57,146.87,14243.29
2026-07-15 02:45:00,146.87,147.49,146.82,147.24,103654.44
2026-07-15 02:50:00,147.24,147.78,146.83,146.93,50167.81
2026-07-15 02:55:00,146.93,147.19,146.75,147.09,7539.82
2026-07-15 03:00:00,147.09,147.2,147.03,147.03,4552.92
2026-07-15 03:05:00,147.03,147.22,146.95,147.15,39587.51
2026-07-15 03:10:00,147.15,147.4,146.76,146.84,257198.48
2026-07-15 03:15:00,146.84,147.18,146.83,147.17,74232.74
2026-07-15 03:20:00,147.17,147.36,147.16,147.21,14767.58
2026-07-15 03:25:00,147.21,147.28,146.85,146.96,43022.09
2026-07-15 03:30:00,146.96,147.22,146.95,147.17,35678.88
2026-07-15 03:35:00,147.17,147.46,146.93,147.31,8913.56
2026-07-15 03:40:00,147.31,147.44,147.24,147.41,8722.41
2026-07-15 03:45:00,147.41,147.47,147.35,147.38,152397.97
2026-07-15 03:50:00,147.38,147.61,147.25,147.42,135319.78
2026-07-15 03:55:00,147.42,147.53,147.27,147.49,45293.45
2026-07-15 04:00:00,147.49,147.94,147.25,147.31,50655.18
2026-07-15 04:05:00,147.31,147.39,147.19,147.31,24254.7
2026-07-15 04:10:00,147.31,147.86,147.21,147.54,33462.73
2026-07-15 04:15:00,147.54,147.69,147.45,147.6,14941.68
2026-07-15 04:20:00,147.6,148.17,147.15,147.26,249903.17
2026-07-15 04:25:00,147.26,147.32,147.08,147.16,88372.79
2026-07-15 04:30:00,147.16,147.24,146.87,146.98,91347.6
2026-07-15 04:35:00,146.98,147.51,146.74,146.84,120758.22
2026-07-15 04:40:00,146.84,147.0,146.67,146.94,1374.79
2026-07-15 04:45:00,146.94,146.97,146.9,146.93,52048.58
2026-07-15 04:50:00,146.93,147.16,146.68,146.81,26395.09
2026-07-15 04:55:00,146.81,146.86,146.53,146.57,40168.04
2026-07-15 05:00:00,146.57,146.67,146.1,146.17,5273.85
2026-07-15 05:05:00,146.17,146.18,145.92,145.96,15475.62
2026-07-15 05:10:00,145.96,146.28,145.5,146.22,24694.71
2026-07-15 05:15:00,146.22,146.45,146.18,146.21,26652.51
2026-07-15 05:20:00,146.21,146.28,146.01,146.09,45797.07
2026-07-15 05:25:00,146.09,146.23,145.86,145.91,82928.93
2026-07-15 05:30:00,145.91,146.03,145.75,146.02,35847.25
2026-07-15 05:35:00,146.02,146.51,145.45,146.37,288589.52
2026-07-15 05:40:00,146.37,146.41,146.25,146.38,53665.24
2026-07-15 05:45:00,146.38,146.47,146.36,146.42,24295.19
2026-07-15 05:50:00,146.42,146.46,146.02,146.22,63401.0
2026-07-15 05:55:00,146.22,146.36,145.92,145.99,5972.29
2026-07-15 06:00:00,145.99,146.03,145.93,146.01,19729.35
2026-07-15 06:05:00,146.01,146.2,145.8,145.96,8693.48
2026-07-15 06:10:00,145.96,146.39,145.33,146.29,76084.12
2026-07-15 06:15:00,146.29,146.56,145.71,146.45,149292.64
2026-07-15 06:20:00,146.45,146.6,146.45,146.45,55831.26
2026-07-15 06:25:00,146.45,146.71,146.37,146.65,146968.61
2026-07-15 06:30:00,146.65,146.75,146.5,146.53,39154.76
2026-07-15 06:35:00,146.53,146.67,146.4,146.42,74868.39
2026-07-15 06:40:00,146.42,146.58,146.07,146.07,84051.8
2026-07-15 06:45:00,146.07,146.4,145.52,146.31,14198.92
2026-07-15 06:50:00,146.31,146.51,146.26,146.39,51678.49
2026-07-15 06:55:00,146.39,146.41,146.31,146.33,48883.64
2026-07-15 07:00:00,146.33,146.48,146.26,146.47,264596.06
2026-07-15 07:05:00,146.47,146.66,146.33,146.36,15329.89
2026-07-15 07:10:00,146.36,146.42,146.19,146.25,34853.42
2026-07-15 07:15:00,146.25,146.3,146.17,146.27,249666.96
2026-07-15 07:20:00,146.27,146.31,145.99,146.19,61047.76
2026-07-15 07:25:00,146.19,146.33,145.81,146.06,58261.11
2026-07-15 07:30:00,146.06,146.19,145.83,146.05,26459.92
2026-07-15 07:35:00,146.05,146.41,146.04,146.34,130856.07
2026-07-15 07:40:00,146.34,146.61,146.23,146.48,18839.45
2026-07-15 07:45:00,146.48,146.61,146.28,146.51,33142.05
2026-07-15 07:50:00,146.51,146.65,146.35,146.57,21619.78
2026-07-15 07:55:00,146.57,146.96,146.55,146.91,56611.06
2026-07-15 08:00:00,146.91,147.37,146.87,147.14,5952.3
2026-07-15 08:05:00,147.14,147.16,146.9,146.98,67933.21
2026-07-15 08:10:00,146.98,146.98,146.48,146.7,135234.35
2026-07-15 08:15:00,146.7,146.86,146.55,146.86,47243.29
2026-07-15 08:20:00,146.86,146.94,146.57,146.9,17267.15
2026-07-15 08:25:00,146.9,147.02,146.8,146.92,6351.15
2026-07-15 08:30:00,146.92,147.18,146.89,147.09,7571.92
2026-07-15 08:35:00,147.09,147.24,147.03,147.23,146280.56
2026-07-15 08:40:00,147.23,147.23,146.89,147.08,11338.17
2026-07-15 08:45:00,147.08,147.18,147.06,147.16,35661.83
2026-07-15 08:50:00,147.16,147.34,146.71,146.93,14934.12
2026-07-15 08:55:00,146.93,147.46,146.84,147.31,35353.5
2026-07-15 09:00:00,147.31,147.46,147.14,147.44,87604.09
2026-07-15 09:05:00,147.44,147.76,147.18,147.26,9790.25
2026-07-15 09:10:00,147.26,147.68,147.25,147.44,129894.99
2026-07-15 09:15:00,147.44,147.92,146.89,147.0,478866.8
2026-07-15 09:20:00,147.0,147.09,146.93,147.01,8813.22
2026-07-15 09:25:00,147.01,147.01,146.74,146.81,8819.49
2026-07-15 09:30:00,146.81,146.83,146.43,146.54,10395.4
2026-07-15 09:35:00,146.54,146.68,146.47,146.47,98654.67
2026-07-15 09:40:00,146.47,146.6,146.3,146.49,7089.45
2026-07-15 09:45:00,146.49,146.62,146.3,146.36,48168.43
2026-07-15 09:50:00,146.36,146.36,146.32,146.32,218674.16
2026-07-15 09:55:00,146.32,146.63,146.29,146.43,68059.44
2026-07-15 10:00:00,146.43,146.6,146.32,146.59,36717.78
2026-07-15 10:05:00,146.59,146.77,146.37,146.75,16097.6
2026-07-15 10:10:00,146.75,146.81,146.46,146.56,9680.12
2026-07-15 10:15:00,146.56,146.61,146.35,146.51,10451.5
2026-07-15 10:20:00,146.51,146.67,146.44,146.65,157467.63
2026-07-15 10:25:00,146.65,147.0,146.64,146.8,22665.99
2026-07-15 10:30:00,146.8,147.09,146.71,146.97,22660.56
2026-07-15 10:35:00,146.97,147.07,146.77,146.84,1793.22
2026-07-15 10:40:00,146.84,146.88,146.66,146.88,65693.6
2026-07-15 10:45:00,146.88,146.88,146.7,146.81,1118.8
2026-07-15 10:50:00,146.81,147.05,146.75,146.78,31302.78
2026-07-15 10:55:00,146.78,146.9,146.72,146.89,71489.06
2026-07-15 11:00:00,146.89,146.9,146.61,146.77,5895.84
2026-07-15 11:05:00,146.77,146.79,146.68,146.71,3046.06
2026-07-15 11:10:00,146.71,146.8,146.54,146.74,2268.36
2026-07-15 11:15:00,146.74,147.0,146.6,146.96,60278.79
2026-07-15 11:20:00,146.96,147.1,146.94,146.99,376.12
2026-07-15 11:25:00,146.99,147.11,146.6,146.67,52894.26
2026-07-15 11:30:00,146.67,146.9,146.57,146.82,27249.97
2026-07-15 11:35:00,146.82,146.9,146.7,146.76,40808.68
2026-07-15 11:40:00,146.76,146.79,146.63,146.67,58374.73
2026-07-15 11:45:00,146.67,146.8,146.53,146.75,46538.77
2026-07-15 11:50:00,146.75,146.86,146.64,146.79,207824.93
2026-07-15 11:55:00,146.79,146.85,146.55,146.64,12283.68
2026-07-15 12:00:00,146.64,146.77,146.24,146.33,43617.88
2026-07-15 12:05:00,146.33,146.42,146.06,146.11,16395.71
2026-07-15 12:10:00,146.11,146.37,145.99,146.32,24964.36
2026-07-15 12:15:00,146.32,146.79,145.73,146.74,390841.6
2026-07-15 12:20:00,146.74,147.03,146.71,146.92,35535.21
2026-07-15 12:25:00,146.92,147.07,146.7,146.81,142091.04
2026-07-15 12:30:00,146.81,146.88,146.55,146.63,55739.06
2026-07-15 12:35:00,146.63,146.8,146.49,146.67,13372.04
2026-07-15 12:40:00,146.67,146.89,146.58,146.83,22484.62
2026-07-15 12:45:00,146.83,147.07,146.74,146.97,20536.48
2026-07-15 12:50:00,146.97,146.99,146.8,146.91,33154.41
2026-07-15 12:55:00,146.91,146.93,146.68,146.68,155635.31
2026-07-15 13:00:00,146.68,146.8,146.03,146.33,18996.18
2026-07-15 13:05:00,146.33,146.54,145.94,146.01,60624.15
2026-07-15 13:10:00,146.01,146.15,145.88,146.13,14582.81
2026-07-15 13:15:00,146.13,146.51,145.91,146.46,74020.1
2026-07-15 13:20:00,146.46,146.57,146.19,146.43,203810.1
2026-07-15 13:25:00,146.43,146.67,146.02,146.55,123364.89
2026-07-15 13:30:00,146.55,146.9,146.51,146.8,7469.89
2026-07-15 13:35:00,146.8,146.99,146.45,146.69,6875.57
2026-07-15 13:40:00,146.69,146.82,146.48,146.76,1949.37
2026-07-15 13:45:00,146.76,147.12,146.69,147.1,18544.86
2026-07-15 13:50:00,147.1,147.24,147.04,147.05,116812.7
2026-07-15 13:55:00,147.05,147.37,147.02,147.28,5330.2
2026-07-15 14:00:00,147.28,147.28,146.55,146.82,15911.76
2026-07-15 14:05:00,146.82,147.05,146.73,146.88,3562.93
2026-07-15 14:10:00,146.88,146.99,146.87,146.94,62071.48
2026-07-15 14:15:00,146.94,147.04,146.87,147.03,11134.17
2026-07-15 14:20:00,147.03,147.2,146.7,146.88,11878.82
2026-07-15 14:25:00,146.88,146.92,146.7,146.8,5437.42
2026-07-15 14:30:00,146.8,146.89,146.67,146.88,39723.47
2026-07-15 14:35:00,146.88,147.24,146.87,147.22,42758.0
2026-07-15 14:40:00,147.22,147.54,146.91,146.95,246366.23
2026-07-15 14:45:00,146.95,147.15,146.89,146.96,73743.6
2026-07-15 14:50:00,146.96,147.28,146.84,147.13,23111.14
2026-07-15 14:55:00,147.13,147.37,147.06,147.29,20585.94
2026-07-15 15:00:00,147.29,147.71,146.77,146.87,269088.14
2026-07-15 15:05:00,146.87,147.11,146.79,147.08,53702.1
2026-07-15 15:10:00,147.08,147.1,146.9,146.97,13648.08
2026-07-15 15:15:00,146.97,147.04,146.8,147.0,44057.73
2026-07-15 15:20:00,147.0,147.24,146.94,147.09,95887.02
2026-07-15 15:25:00,147.09,147.09,146.87,146.91,3071.83
2026-07-15 15:30:00,146.91,146.98,146.79,146.93,25591.75
2026-07-15 15:35:00,146.93,146.95,146.79,146.81,26283.84
2026-07-15 15:40:00,146.81,147.07,146.79,146.96,2146.38
2026-07-15 15:45:00,146.96,146.97,146.45,146.65,31110.76
2026-07-15 15:50:00,146.65,146.77,146.3,146.41,5981.78
2026-07-15 15:55:00,146.41,146.51,146.35,146.5,48371.84
2026-07-15 16:00:00,146.5,146.61,146.24,146.29,36058.47
2026-07-15 16:05:00,146.29,146.79,146.03,146.67,636575.19
2026-07-15 16:10:00,146.67,146.71,146.54,146.68,3060.59
2026-07-15 16:15:00,146.68,146.72,146.44,146.55,79779.18
2026-07-15 16:20:00,146.55,146.79,146.32,146.42,49486.77
2026-07-15 16:25:00,146.42,146.45,146.38,146.42,34091.68
2026-07-15 16:30:00,146.42,146.97,146.41,146.74,54449.02
2026-07-15 16:35:00,146.74,146.88,146.56,146.62,133953.97
2026-07-15 16:40:00,146.62,146.81,146.62,146.68,47985.28
2026-07-15 16:45:00,146.68,146.85,146.55,146.82,78844.17
2026-07-15 16:50:00,146.82,147.08,146.79,147.03,23838.67
2026-07-15 16:55:00,147.03,147.22,146.89,146.93,64390.53
2026-07-15 17:00:00,146.93,147.04,146.87,146.95,4714.17
2026-07-15 17:05:00,146.95,147.0,146.91,146.98,748.97
2026-07-15 17:10:00,146.98,147.09,146.74,146.79,5818.27
2026-07-15 17:15:00,146.79,146.8,146.45,146.53,85685.05
2026-07-15 17:20:00,146.53,146.65,146.51,146.56,167734.22
2026-07-15 17:25:00,146.56,146.84,146.45,146.74,18412.6
2026-07-15 17:30:00,146.74,146.8,146.43,146.56,78580.42
2026-07-15 17:35:00,146.56,146.56,146.41,146.49,67766.27
2026-07-15 17:40:00,146.49,146.65,146.33,146.55,107064.17
2026-07-15 17:45:00,146.55,146.56,146.36,146.51,6465.12
2026-07-15 17:50:00,146.51,146.84,146.48,146.78,729.21
2026-07-15 17:55:00,146.78,146.95,146.77,146.91,14004.29
2026-07-15 18:00:00,146.91,147.11,146.5,146.75,42042.09
2026-07-15 18:05:00,146.75,146.92,146.6,146.65,24024.38
2026-07-15 18:10:00,146.65,146.93,146.55,146.83,97881.97
2026-07-15 18:15:00,146.83,146.95,146.5,146.59,97420.04
2026-07-15 18:20:00,146.59,146.66,146.28,146.38,40882.89
2026-07-15 18:25:00,146.38,146.52,146.36,146.4,23474.49
2026-07-15 18:30:00,146.4,146.49,146.3,146.48,94041.69
2026-07-15 18:35:00,146.48,146.51,146.25,146.36,9203.98
2026-07-15 18:40:00,146.36,146.56,146.34,146.44,24843.0
2026-07-15 18:45:00,146.44,146.6,146.41,146.41,72406.09
2026-07-15 18:50:00,146.41,146.48,146.11,146.23,88633.62
2026-07-15 18:55:00,146.23,146.43,146.11,146.4,78155.65
2026-07-15 19:00:00,146.4,146.91,146.29,146.76,49968.55
2026-07-15 19:05:00,146.76,147.04,146.61,146.88,225747.66
2026-07-15 19:10:00,146.88,147.2,146.85,147.13,33929.86
2026-07-15 19:15:00,147.13,147.75,146.67,146.75,367657.34
2026-07-15 19:20:00,146.75,146.96,146.74,146.76,25475.69
2026-07-15 19:25:00,146.76,146.81,146.61,146.63,75870.24
2026-07-15 19:30:00,146.63,146.96,146.56,146.87,33570.38
2026-07-15 19:35:00,146.87,147.21,146.7,146.75,37336.81
2026-07-15 19:40:00,146.75,146.99,146.65,146.87,25842.96
2026-07-15 19:45:00,146.87,146.99,146.83,146.84,4220.37
2026-07-15 19:50:00,146.84,147.02,146.78,146.9,55591.59
2026-07-15 19:55:00,146.9,146.95,146.82,146.87,387.67
2026-07-15 20:00:00,146.87,146.89,146.55,146.62,142117.25
2026-07-15 20:05:00,146.62,146.66,146.62,146.62,26751.29
2026-07-15 20:10:00,146.62,146.66,146.46,146.6,75971.46
2026-07-15 20:15:00,146.6,146.61,146.27,146.42,24126.42
2026-07-15 20:20:00,146.42,146.58,146.28,146.45,42178.6
2026-07-15 20:25:00,146.45,146.65,146.29,146.59,4108.77
2026-07-15 20:30:00,146.59,146.75,146.48,146.6,8853.84
2026-07-15 20:35:00,146.6,146.61,146.56,146.59,67812.64
2026-07-15 20:40:00,146.59,146.73,146.43,146.64,92967.62
2026-07-15 20:45:00,146.64,146.97,146.55,146.79,17479.15
2026-07-15 20:50:00,146.79,146.97,146.65,146.71,65801.15
2026-07-15 20:55:00,146.71,146.97,146.67,146.96,101626.53
2026-07-15 21:00:00,146.96,147.33,146.81,147.22,40840.11
2026-07-15 21:05:00,147.22,147.57,147.01,147.06,20888.71
2026-07-15 21:10:00,147.06,147.57,146.87,146.94,68002.02
2026-07-15 21:15:00,146.94,147.23,146.44,146.57,283402.14
2026-07-15 21:20:00,146.57,146.76,146.46,146.75,3691.76
2026-07-15 21:25:00,146.75,146.85,146.52,146.64,35972.41
2026-07-15 21:30:00,146.64,146.69,146.44,146.53,626.53
2026-07-15 21:35:00,146.53,146.6,146.52,146.53,144785.44
2026-07-15 21:40:00,146.53,146.9,146.46,146.77,42953.9
2026-07-15 21:45:00,146.77,147.01,146.61,146.84,33167.41
2026-07-15 21:50:00,146.84,146.9,146.79,146.8,67238.72
2026-07-15 21:55:00,146.8,146.81,146.48,146.49,31291.68
2026-07-15 22:00:00,146.49,146.5,146.11,146.21,29129.57
2026-07-15 22:05:00,146.21,146.62,145.61,146.54,67558.85
2026-07-15 22:10:00,146.54,146.54,146.4,146.49,31831.59
2026-07-15 22:15:00,146.49,146.51,146.3,146.4,9426.6
2026-07-15 22:20:00,146.4,146.57,146.4,146.57,145039.27
2026-07-15 22:25:00,146.57,146.63,146.44,146.48,77140.68
2026-07-15 22:30:00,146.48,146.79,146.47,146.7,24607.46
2026-07-15 22:35:00,146.7,146.76,146.57,146.68,36407.87
2026-07-15 22:40:00,146.68,146.76,146.53,146.71,5426.24
2026-07-15 22:45:00,146.71,146.74,146.6,146.6,31748.23
2026-07-15 22:50:00,146.6,147.13,146.45,147.01,35605.92
2026-07-15 22:55:00,147.01,147.48,146.97,147.23,4768.04
2026-07-15 23:00:00,147.23,147.54,147.16,147.4,20428.77
2026-07-15 23:05:00,147.4,147.99,146.97,147.02,91085.4
2026-07-15 23:10:00,147.02,147.07,146.81,146.95,34770.38
2026-07-15 23:15:00,146.95,147.09,146.79,147.02,2854.41
2026-07-15 23:20:00,147.02,147.13,147.0,147.05,44022.69
2026-07-15 23:25:00,147.05,147.49,146.72,146.77,167339.23
2026-07-15 23:30:00,146.77,146.84,146.65,146.68,58564.99
2026-07-15 23:35:00,146.68,146.91,146.45,146.57,6553.94
2026-07-15 23:40:00,146.57,146.57,146.19,146.3,10048.87
2026-07-15 23:45:00,146.3,146.56,146.26,146.44,7183.68
2026-07-15 23:50:00,146.44,146.57,146.43,146.51,25601.93
2026-07-15 23:55:00,146.51,146.68,146.29,146.42,27041.11
2026-07-16 00:00:00,146.42,146.74,145.83,146.65,85733.47
2026-07-16 00:05:00,146.65,146.69,146.53,146.67,55692.8
2026-07-16 00:10:00,146.67,146.78,146.59,146.61,12820.02
2026-07-16 00:15:00,146.61,146.63,146.49,146.55,13514.02
2026-07-16 00:20:00,146.55,146.9,146.54,146.74,117239.66
2026-07-16 00:25:00,146.74,147.0,146.67,146.85,1628.57
2026-07-16 00:30:00,146.85,146.91,146.79,146.9,27345.52
2026-07-16 00:35:00,146.9,146.92,146.64,146.86,29239.84
2026-07-16 00:40:00,146.86,146.94,146.8,146.94,8851.09
2026-07-16 00:45:00,146.94,147.16,146.88,147.09,87.7
2026-07-16 00:50:00,147.09,147.14,147.01,147.04,23786.51
2026-07-16 00:55:00,147.04,147.1,146.82,147.06,12888.19
2026-07-16 01:00:00,147.06,147.14,147.03,147.12,3908.37
2026-07-16 01:05:00,147.12,147.36,146.93,146.99,43253.24
2026-07-16 01:10:00,146.99,147.12,146.86,146.92,118227.62
2026-07-16 01:15:00,146.92,147.35,146.9,147.33,22090.04
2026-07-16 01:20:00,147.33,147.64,147.29,147.49,57154.16
2026-07-16 01:25:00,147.49,147.59,147.39,147.5,212832.68
2026-07-16 01:30:00,147.5,147.71,147.41,147.51,38134.52
2026-07-16 01:35:00,147.51,147.55,147.29,147.38,81180.65
2026-07-16 01:40:00,147.38,147.66,147.37,147.57,33534.42
2026-07-16 01:45:00,147.57,147.79,147.25,147.32,209350.48
2026-07-16 01:50:00,147.32,147.36,147.03,147.15,12378.25
2026-07-16 01:55:00,147.15,147.42,147.11,147.36,66366.23
2026-07-16 02:00:00,147.36,147.71,147.29,147.64,20224.1
2026-07-16 02:05:00,147.64,147.69,147.29,147.29,36852.42
2026-07-16 02:10:00,147.29,147.47,147.29,147.42,3020.09
2026-07-16 02:15:00,147.42,147.77,147.4,147.7,2104.18
2026-07-16 02:20:00,147.7,147.86,147.57,147.64,36102.07
2026-07-16 02:25:00,147.64,147.81,147.59,147.71,10481.2
2026-07-16 02:30:00,147.71,147.73,147.42,147.64,142841.77
2026-07-16 02:35:00,147.64,147.66,147.41,147.43,52874.72
2026-07-16 02:40:00,147.43,147.66,146.92,147.05,53088.47
2026-07-16 02:45:00,147.05,147.1,146.72,146.8,11693.02
2026-07-16 02:50:00,146.8,147.11,146.75,147.01,4560.45
2026-07-16 02:55:00,147.01,147.07,146.92,147.03,167301.85
2026-07-16 03:00:00,147.03,147.1,146.95,146.99,32132.56
2026-07-16 03:05:00,146.99,147.16,146.96,147.04,8981.29
2026-07-16 03:10:00,147.04,147.17,146.97,147.13,28050.68
2026-07-16 03:15:00,147.13,147.36,146.91,146.97,41541.34
2026-07-16 03:20:00,146.97,147.04,146.87,146.87,44448.2
2026-07-16 03:25:00,146.87,146.88,146.77,146.83,23007.95
2026-07-16 03:30:00,146.83,147.01,146.43,146.51,60597.19
2026-07-16 03:35:00,146.51,146.97,146.02,146.9,170943.91
2026-07-16 03:40:00,146.9,146.99,146.78,146.8,37177.15
2026-07-16 03:45:00,146.8,147.36,146.73,147.17,43896.2
2026-07-16 03:50:00,147.17,147.41,147.16,147.31,20396.24
2026-07-16 03:55:00,147.31,147.42,147.07,147.2,74877.94
2026-07-16 04:00:00,147.2,147.38,147.05,147.08,8559.55
2026-07-16 04:05:00,147.08,147.18,147.04,147.11,48254.14
2026-07-16 04:10:00,147.11,147.35,147.03,147.32,5921.77
2026-07-16 04:15:00,147.32,147.82,147.16,147.78,23149.02
2026-07-16 04:20:00,147.78,147.92,147.61,147.88,171259.41
2026-07-16 04:25:00,147.88,148.31,147.79,148.22,37527.18
2026-07-16 04:30:00,148.22,148.35,148.0,148.1,38950.88
2026-07-16 04:35:00,148.1,148.72,147.82,147.96,84007.77
2026-07-16 04:40:00,147.96,148.14,147.7,147.8,131880.68
2026-07-16 04:45:00,147.8,148.34,147.4,147.45,6040.05
2026-07-16 04:50:00,147.45,147.78,147.13,147.24,306857.02
2026-07-16 04:55:00,147.24,147.37,146.8,146.93,11357.21
2026-07-16 05:00:00,146.93,147.01,146.8,146.91,81852.4
2026-07-16 05:05:00,146.91,147.09,146.68,146.72,15495.9
2026-07-16 05:10:00,146.72,146.93,146.62,146.81,24227.54
2026-07-16 05:15:00,146.81,146.88,146.77,146.87,68954.05
2026-07-16 05:20:00,146.87,147.09,146.86,147.0,10218.22
2026-07-16 05:25:00,147.0,147.19,146.73,146.76,33833.94
2026-07-16 05:30:00,146.76,146.99,146.57,146.6,15284.78
2026-07-16 05:35:00,146.6,146.63,146.58,146.59,131818.98
2026-07-16 05:40:00,146.59,147.11,146.07,146.97,270483.87
2026-07-16 05:45:00,146.97,147.11,146.87,147.06,37591.67
2026-07-16 05:50:00,147.06,147.34,146.87,146.99,39885.23
2026-07-16 05:55:00,146.99,147.11,146.86,146.91,38619.2
2026-07-16 06:00:00,146.91,146.93,146.88,146.89,90567.68
2026-07-16 06:05:00,146.89,147.06,146.76,146.77,15580.79
2026-07-16 06:10:00,146.77,147.33,146.75,147.08,34479.32
2026-07-16 06:15:00,147.08,147.25,146.91,147.0,71767.47
2026-07-16 06:20:00,147.0,147.05,146.95,146.99,55414.77
2026-07-16 06:25:00,146.99,147.09,146.87,147.08,68427.59
2026-07-16 06:30:00,147.08,147.09,146.85,147.01,166187.27
2026-07-16 06:35:00,147.01,147.49,146.83,147.28,120181.44
2026-07-16 06:40:00,147.28,147.44,147.06,147.44,136430.62
2026-07-16 06:45:00,147.44,147.62,147.03,147.21,70.14
2026-07-16 06:50:00,147.21,147.4,146.99,147.08,46137.03
2026-07-16 06:55:00,147.08,147.17,146.86,146.9,131313.79
2026-07-16 07:00:00,146.9,147.01,146.85,147.0,45778.74
2026-07-16 07:05:00,147.0,147.03,146.74,146.89,100121.42
2026-07-16 07:10:00,146.89,147.01,146.54,146.57,38089.4
2026-07-16 07:15:00,146.57,146.67,146.09,146.12,12661.56
2026-07-16 07:20:00,146.12,146.42,145.84,146.35,2849.58
2026-07-16 07:25:00,146.35,146.36,145.92,145.94,34457.98
2026-07-16 07:30:00,145.94,146.37,145.67,146.31,592.04
2026-07-16 07:35:00,146.31,146.52,146.27,146.41,83838.87
2026-07-16 07:40:00,146.41,146.63,146.33,146.58,72838.8
2026-07-16 07:45:00,146.58,146.65,146.22,146.27,66372.99
2026-07-16 07:50:00,146.27,146.35,146.16,146.22,39068.37
2026-07-16 07:55:00,146.22,146.24,146.12,146.16,2717.66
2026-07-16 08:00:00,146.16,146.24,145.98,146.01,29068.78
2026-07-16 08:05:00,146.01,146.4,145.41,146.32,90263.99
2026-07-16 08:10:00,146.32,146.33,146.03,146.25,75999.58
2026-07-16 08:15:00,146.25,146.4,146.17,146.38,3163.51
2026-07-16 08:20:00,146.38,146.56,146.2,146.35,41265.02
2026-07-16 08:25:00,146.35,146.56,146.21,146.36,19841.6
2026-07-16 08:30:00,146.36,146.56,146.32,146.46,34825.49
2026-07-16 08:35:00,146.46,146.78,146.28,146.6,9189.69
2026-07-16 08:40:00,146.6,146.87,146.42,146.75,10962.1
2026-07-16 08:45:00,146.75,146.86,146.4,146.47,52769.12
2026-07-16 08:50:00,146.47,146.8,146.44,146.59,163552.11
2026-07-16 08:55:00,146.59,146.85,146.59,146.74,24615.93
2026-07-16 09:00:00,146.74,146.96,146.69,146.7,34297.37
2026-07-16 09:05:00,146.7,146.72,146.47,146.58,30729.72
2026-07-16 09:10:00,146.58,146.64,146.29,146.43,134271.65
2026-07-16 09:15:00,146.43,146.71,146.43,146.62,24410.4
2026-07-16 09:20:00,146.62,146.84,146.56,146.84,66383.54
2026-07-16 09:25:00,146.84,147.06,146.8,147.05,10496.55
2026-07-16 09:30:00,147.05,147.1,146.95,147.05,3097.01
2026-07-16 09:35:00,147.05,147.11,146.93,147.03,33641.24
2026-07-16 09:40:00,147.03,147.05,146.68,146.78,7886.85
2026-07-16 09:45:00,146.78,147.0,146.74,146.84,19081.06
2026-07-16 09:50:00,146.84,146.99,146.76,146.88,19346.97
2026-07-16 09:55:00,146.88,146.91,146.45,146.58,74085.83
2026-07-16 10:00:00,146.58,146.67,146.47,146.65,20824.34
2026-07-16 10:05:00,146.65,146.65,146.2,146.49,62324.11
2026-07-16 10:10:00,146.49,146.57,146.28,146.3,3280.06
2026-07-16 10:15:00,146.3,146.47,146.24,146.39,41652.04
2026-07-16 10:20:00,146.39,146.52,146.36,146.48,12435.34
2026-07-16 10:25:00,146.48,146.7,146.48,146.64,95544.08
2026-07-16 10:30:00,146.64,146.86,146.47,146.82,78542.57
2026-07-16 10:35:00,146.82,147.02,146.58,146.59,64716.7
2026-07-16 10:40:00,146.59,146.69,146.43,146.55,134249.7
2026-07-16 10:45:00,146.55,146.97,146.38,146.81,147836.39
2026-07-16 10:50:00,146.81,146.9,146.77,146.88,10556.67
2026-07-16 10:55:00,146.88,147.03,146.77,146.94,44761.02
2026-07-16 11:00:00,146.94,147.35,146.91,147.13,27761.96
2026-07-16 11:05:00,147.13,147.2,147.12,147.17,70776.37
2026-07-16 11:10:00,147.17,147.36,147.04,147.35,92527.47
2026-07-16 11:15:00,147.35,147.42,147.18,147.31,20178.13
2026-07-16 11:20:00,147.31,147.6,147.29,147.6,21687.2
2026-07-16 11:25:00,147.6,147.96,147.53,147.55,96581.64
2026-07-16 11:30:00,147.55,147.78,147.42,147.63,90654.48
2026-07-16 11:35:00,147.63,147.66,147.3,147.47,22765.55
2026-07-16 11:40:00,147.47,147.71,147.18,147.19,3543.38
2026-07-16 11:45:00,147.19,147.25,147.12,147.17,41029.22
2026-07-16 11:50:00,147.17,147.4,147.16,147.28,33712.07
2026-07-16 11:55:00,147.28,147.32,147.16,147.17,3637.75
2026-07-16 12:00:00,147.17,147.18,146.96,146.99,90511.48
2026-07-16 12:05:00,146.99,147.08,146.86,146.94,98020.49
2026-07-16 12:10:00,146.94,147.02,146.67,146.77,73149.44
2026-07-16 12:15:00,146.77,146.83,146.73,146.83,188741.11
2026-07-16 12:20:00,146.83,147.02,146.64,147.02,34998.27
2026-07-16 12:25:00,147.02,147.06,146.92,147.05,182277.14
2026-07-16 12:30:00,147.05,147.14,146.55,146.82,24051.47
2026-07-16 12:35:00,146.82,146.86,146.73,146.8,23043.68
2026-07-16 12:40:00,146.8,147.11,146.77,147.05,10552.76
2026-07-16 12:45:00,147.05,147.37,146.88,147.19,41948.11
2026-07-16 12:50:00,147.19,147.24,147.17,147.2,46378.15
2026-07-16 12:55:00,147.2,147.41,147.13,147.38,6305.26
2026-07-16 13:00:00,147.38,147.48,147.23,147.28,35996.91
2026-07-16 13:05:00,147.28,147.48,147.22,147.41,114400.9
2026-07-16 13:10:00,147.41,147.43,147.26,147.35,3320.32
2026-07-16 13:15:00,147.35,147.63,147.21,147.55,199485.05
2026-07-16 13:20:00,147.55,147.78,147.48,147.53,9748.31
2026-07-16 13:25:00,147.53,147.94,146.98,147.1,633314.77
2026-07-16 13:30:00,147.1,147.44,147.02,147.35,14915.96
2026-07-16 13:35:00,147.35,147.74,146.85,146.95,458108.48
2026-07-16 13:40:00,146.95,147.38,146.9,147.16,47758.35
2026-07-16 13:45:00,147.16,147.5,147.04,147.44,32066.05
2026-07-16 13:50:00,147.44,147.75,147.25,147.67,20727.08
2026-07-16 13:55:00,147.67,147.86,147.67,147.84,58070.14
2026-07-16 14:00:00,147.84,148.14,147.65,148.12,28302.42
2026-07-16 14:05:00,148.12,148.34,148.01,148.19,7197.0
2026-07-16 14:10:00,148.19,148.28,147.86,147.98,65787.34
2026-07-16 14:15:00,147.98,148.19,147.89,148.12,178840.1
2026-07-16 14:20:00,148.12,148.27,147.87,147.98,68643.05
2026-07-16 14:25:00,147.98,148.48,147.47,147.58,248945.35
2026-07-16 14:30:00,147.58,147.9,147.0,147.14,57125.66
2026-07-16 14:35:00,147.14,147.15,146.84,146.96,8557.57
2026-07-16 14:40:00,146.96,147.15,146.86,146.99,20999.65
2026-07-16 14:45:00,146.99,147.0,146.58,146.58,61644.02
2026-07-16 14:50:00,146.58,146.67,146.48,146.66,702.65
2026-07-16 14:55:00,146.66,146.67,146.53,146.58,38650.76
2026-07-16 15:00:00,146.58,146.68,146.37,146.41,101211.59
2026-07-16 15:05:00,146.41,146.63,146.29,146.6,42862.91
2026-07-16 15:10:00,146.6,146.79,146.44,146.71,61871.61
2026-07-16 15:15:00,146.71,146.94,146.5,146.91,110660.51
2026-07-16 15:20:00,146.91,147.08,146.84,147.07,38919.96
2026-07-16 15:25:00,147.07,147.16,146.89,146.96,178776.24
2026-07-16 15:30:00,146.96,147.11,146.9,147.04,43059.23
2026-07-16 15:35:00,147.04,147.06,146.64,146.74,6981.85
2026-07-16 15:40:00,146.74,146.99,146.54,146.93,172291.76
2026-07-16 15:45:00,146.93,146.96,146.66,146.79,8933.81
2026-07-16 15:50:00,146.79,146.96,146.68,146.89,29520.64
2026-07-16 15:55:00,146.89,147.22,146.83,147.21,15795.17
2026-07-16 16:00:00,147.21,147.28,147.1,147.16,8936.7
2026-07-16 16:05:00,147.16,147.28,146.77,146.87,16255.15
2026-07-16 16:10:00,146.87,146.91,146.57,146.69,215911.3
2026-07-16 16:15:00,146.69,146.89,146.44,146.78,52159.52
2026-07-16 16:20:00,146.78,147.08,146.66,146.97,89681.91
2026-07-16 16:25:00,146.97,146.99,146.63,146.71,31862.58
2026-07-16 16:30:00,146.71,146.89,146.6,146.78,14820.15
2026-07-16 16:35:00,146.78,146.89,146.76,146.83,68949.31
2026-07-16 16:40:00,146.83,147.06,146.81,146.98,68105.9
2026-07-16 16:45:00,146.98,147.17,146.96,147.15,10912.56
2026-07-16 16:50:00,147.15,147.45,147.06,147.33,43062.79
2026-07-16 16:55:00,147.33,147.57,147.24,147.52,11749.11
2026-07-16 17:00:00,147.52,147.69,147.48,147.49,130643.88
2026-07-16 17:05:00,147.49,147.91,147.38,147.9,62010.23
2026-07-16 17:10:00,147.9,148.17,147.42,147.54,74385.85
2026-07-16 17:15:00,147.54,147.77,147.44,147.65,36241.14
2026-07-16 17:20:00,147.65,147.78,147.57,147.67,18606.45
2026-07-16 17:25:00,147.67,147.83,147.41,147.53,20761.18
2026-07-16 17:30:00,147.53,147.72,147.41,147.47,3977.1
2026-07-16 17:35:00,147.47,147.59,147.35,147.42,50981.35
2026-07-16 17:40:00,147.42,147.57,147.42,147.5,128130.8
2026-07-16 17:45:00,147.5,147.51,147.3,147.32,16538.98
2026-07-16 17:50:00,147.32,147.56,147.31,147.33,23321.76
2026-07-16 17:55:00,147.33,147.45,147.23,147.35,21753.59
2026-07-16 18:00:00,147.35,147.42,147.08,147.14,69197.08
2026-07-16 18:05:00,147.14,147.2,147.11,147.15,39808.29
2026-07-16 18:10:00,147.15,147.31,147.11,147.25,23278.37
2026-07-16 18:15:00,147.25,147.38,146.91,146.95,49514.84
2026-07-16 18:20:00,146.95,146.98,146.75,146.79,33781.11
2026-07-16 18:25:00,146.79,147.21,146.73,147.05,65384.37
2026-07-16 18:30:00,147.05,147.22,146.7,146.82,22519.14
2026-07-16 18:35:00,146.82,146.89,146.56,146.69,8392.34
2026-07-16 18:40:00,146.69,146.73,146.52,146.58,22782.13
2026-07-16 18:45:00,146.58,146.77,146.43,146.54,46407.2
2026-07-16 18:50:00,146.54,146.79,146.47,146.59,72484.58
2026-07-16 18:55:00,146.59,146.59,146.24,146.41,159705.22
2026-07-16 19:00:00,146.41,146.66,146.04,146.57,136141.5
2026-07-16 19:05:00,146.57,146.99,146.25,146.86,54309.45
2026-07-16 19:10:00,146.86,146.89,146.8,146.88,107229.73
2026-07-16 19:15:00,146.88,146.94,146.79,146.84,181770.11
2026-07-16 19:20:00,146.84,147.12,146.84,147.03,178444.44
2026-07-16 19:25:00,147.03,147.08,146.76,146.87,8253.97
2026-07-16 19:30:00,146.87,147.0,146.65,146.7,7229.41
2026-07-16 19:35:00,146.7,147.01,146.56,146.85,9604.75
2026-07-16 19:40:00,146.85,146.87,146.66,146.83,31677.9
2026-07-16 19:45:00,146.83,146.88,146.29,146.34,16760.02
2026-07-16 19:50:00,146.34,146.8,145.78,146.66,171879.33
2026-07-16 19:55:00,146.66,146.73,146.45,146.48,11037.84
2026-07-16 20:00:00,146.48,146.52,146.38,146.51,26502.37
2026-07-16 20:05:00,146.51,146.61,146.32,146.48,10411.75
2026-07-16 20:10:00,146.48,146.52,146.31,146.38,91108.22
2026-07-16 20:15:00,146.38,146.86,146.01,146.8,240955.23
2026-07-16 20:20:00,146.8,147.08,146.61,147.02,2232.04
2026-07-16 20:25:00,147.02,147.18,146.98,147.08,56699.18
2026-07-16 20:30:00,147.08,147.15,147.02,147.02,59933.04
2026-07-16 20:35:00,147.02,147.19,146.78,147.0,4815.91
2026-07-16 20:40:00,147.0,147.03,146.6,146.69,76860.71
2026-07-16 20:45:00,146.69,146.83,146.41,146.83,51532.05
2026-07-16 20:50:00,146.83,146.93,146.71,146.72,8357.8
2026-07-16 20:55:00,146.72,146.83,146.42,146.54,139534.9
2026-07-16 21:00:00,146.54,146.54,146.35,146.44,6921.62
2026-07-16 21:05:00,146.44,146.45,146.34,146.41,47191.57
2026-07-16 21:10:00,146.41,146.42,146.34,146.37,55344.2
2026-07-16 21:15:00,146.37,146.56,146.3,146.44,60985.59
2026-07-16 21:20:00,146.44,146.48,146.19,146.2,37539.89
2026-07-16 21:25:00,146.2,146.37,146.0,146.3,213505.41
2026-07-16 21:30:00,146.3,146.48,145.9,145.96,116660.63
2026-07-16 21:35:00,145.96,146.47,145.71,146.36,195073.82
2026-07-16 21:40:00,146.36,146.78,145.88,146.64,459058.47
2026-07-16 21:45:00,146.64,146.85,146.61,146.7,65029.66
2026-07-16 21:50:00,146.7,146.73,146.44,146.45,2898.3
2026-07-16 21:55:00,146.45,146.88,145.88,146.75,201064.71
2026-07-16 22:00:00,146.75,146.77,146.52,146.59,65980.01
2026-07-16 22:05:00,146.59,146.7,146.51,146.53,15265.26
2026-07-16 22:10:00,146.53,146.97,146.47,146.77,10079.46
2026-07-16 22:15:00,146.77,146.82,146.61,146.64,139062.24
2026-07-16 22:20:00,146.64,146.78,146.55,146.71,9455.93
2026-07-16 22:25:00,146.71,146.77,146.54,146.67,14884.94
2026-07-16 22:30:00,146.67,146.81,146.67,146.75,18793.44
2026-07-16 22:35:00,146.75,147.13,146.72,147.04,330163.96
2026-07-16 22:40:00,147.04,147.46,146.97,147.3,28339.22
2026-07-16 22:45:00,147.3,147.58,147.28,147.49,442.05
2026-07-16 22:50:00,147.49,147.49,147.38,147.4,33927.14
2026-07-16 22:55:00,147.4,147.44,147.18,147.31,163370.18
2026-07-16 23:00:00,147.31,147.38,147.1,147.12,87839.25
2026-07-16 23:05:00,147.12,147.2,147.08,147.18,30264.97
2026-07-16 23:10:00,147.18,147.26,147.05,147.24,59776.99
2026-07-16 23:15:00,147.24,147.36,147.1,147.2,2636.92
2026-07-16 23:20:00,147.2,147.63,147.13,147.39,156.0
2026-07-16 23:25:00,147.39,147.69,147.35,147.61,4258.4
2026-07-16 23:30:00,147.61,147.69,147.19,147.28,106728.72
2026-07-16 23:35:00,147.28,147.55,147.12,147.45,12344.67
2026-07-16 23:40:00,147.45,147.78,147.37,147.66,82636.8
2026-07-16 23:45:00,147.66,147.85,147.34,147.45,15131.82
2026-07-16 23:50:00,147.45,147.62,147.34,147.4,426830.19
2026-07-16 23:55:00,147.4,147.43,147.33,147.34,122010.04
2026-07-17 00:00:00,147.34,147.42,146.99,147.08,52808.82
2026-07-17 00:05:00,147.08,147.19,147.07,147.16,10752.7
2026-07-17 00:10:00,147.16,147.29,146.87,146.96,8614.87
2026-07-17 00:15:00,146.96,147.09,146.92,146.93,16318.11
2026-07-17 00:20:00,146.93,146.95,146.88,146.92,33505.02
2026-07-17 00:25:00,146.92,146.97,146.9,146.94,55096.21
2026-07-17 00:30:00,146.94,147.01,146.69,146.84,30193.37
2026-07-17 00:35:00,146.84,147.11,146.84,147.01,74484.66
2026-07-17 00:40:00,147.01,147.04,146.76,146.83,28528.93
2026-07-17 00:45:00,146.83,147.26,146.83,147.23,1841.57
2026-07-17 00:50:00,147.23,147.37,147.16,147.17,36925.74
2026-07-17 00:55:00,147.17,147.17,147.14,147.16,82512.16
2026-07-17 01:00:00,147.16,147.25,147.05,147.08,83224.58
2026-07-17 01:05:00,147.08,147.14,146.98,147.0,13967.79
2026-07-17 01:10:00,147.0,147.15,146.9,146.97,12340.24
2026-07-17 01:15:00,146.97,147.14,146.9,147.12,57860.12
2026-07-17 01:20:00,147.12,147.3,147.11,147.24,8989.0
2026-07-17 01:25:00,147.24,147.32,147.03,147.13,6929.23
2026-07-17 01:30:00,147.13,147.26,146.85,146.91,12688.78
2026-07-17 01:35:00,146.91,146.98,146.68,146.86,37281.22
2026-07-17 01:40:00,146.86,147.09,146.64,147.02,45234.78
2026-07-17 01:45:00,147.02,147.15,146.98,147.07,25379.17
2026-07-17 01:50:00,147.07,147.24,146.74,146.74,2826.12
2026-07-17 01:55:00,146.74,146.96,146.65,146.81,6976.42
2026-07-17 02:00:00,146.81,146.88,146.56,146.65,41946.44
2026-07-17 02:05:00,146.65,146.9,146.57,146.81,73854.11
2026-07-17 02:10:00,146.81,146.9,146.54,146.81,80193.61
2026-07-17 02:15:00,146.81,146.89,146.6,146.78,48233.07
2026-07-17 02:20:00,146.78,146.92,146.47,146.49,45563.18
2026-07-17 02:25:00,146.49,146.51,146.18,146.19,9857.48
2026-07-17 02:30:00,146.19,146.4,146.18,146.38,256.3
2026-07-17 02:35:00,146.38,146.55,146.36,146.51,28068.77
2026-07-17 02:40:00,146.51,146.58,146.36,146.43,4244.35
2026-07-17 02:45:00,146.43,146.69,146.38,146.61,89175.66
2026-07-17 02:50:00,146.61,146.63,146.52,146.57,42442.31
2026-07-17 02:55:00,146.57,146.85,146.42,146.73,3926.63
2026-07-17 03:00:00,146.73,146.95,146.69,146.74,77539.68
2026-07-17 03:05:00,146.74,146.9,146.51,146.51,9341.85
2026-07-17 03:10:00,146.51,146.61,146.33,146.34,37943.15
2026-07-17 03:15:00,146.34,146.46,146.32,146.42,102603.7
2026-07-17 03:20:00,146.42,146.55,146.24,146.54,16533.54
2026-07-17 03:25:00,146.54,146.84,146.38,146.79,4944.55
2026-07-17 03:30:00,146.79,146.89,146.65,146.69,49289.66
2026-07-17 03:35:00,146.69,147.23,146.62,147.15,84707.14
2026-07-17 03:40:00,147.15,147.5,147.02,147.49,273.3
2026-07-17 03:45:00,147.49,147.89,147.38,147.57,33586.95
2026-07-17 03:50:00,147.57,147.72,147.47,147.54,114762.94
2026-07-17 03:55:00,147.54,147.62,147.19,147.25,3638.02
2026-07-17 04:00:00,147.25,147.46,147.22,147.41,6064.91
2026-07-17 04:05:00,147.41,147.95,147.12,147.26,138354.24
2026-07-17 04:10:00,147.26,147.31,147.16,147.23,69021.02
2026-07-17 04:15:00,147.23,147.72,147.05,147.69,47301.72
2026-07-17 04:20:00,147.69,147.73,147.51,147.57,4839.81
2026-07-17 04:25:00,147.57,148.16,147.28,147.33,38835.41
2026-07-17 04:30:00,147.33,148.06,147.22,147.95,3734.52
2026-07-17 04:35:00,147.95,148.47,147.49,147.61,74827.02
2026-07-17 04:40:00,147.61,147.84,147.49,147.65,123178.97
2026-07-17 04:45:00,147.65,148.1,147.43,147.48,21749.37
2026-07-17 04:50:00,147.48,147.72,147.48,147.71,31909.69
2026-07-17 04:55:00,147.71,148.31,147.7,148.12,44991.68
2026-07-17 05:00:00,148.12,148.54,147.98,148.5,29769.61
2026-07-17 05:05:00,148.5,148.7,148.35,148.61,53927.88
2026-07-17 05:10:00,148.61,148.71,148.16,148.17,2835.65
2026-07-17 05:15:00,148.17,148.39,147.78,147.9,80819.39
2026-07-17 05:20:00,147.9,148.07,147.7,147.93,92982.0
2026-07-17 05:25:00,147.93,148.33,147.66,147.7,279133.21
2026-07-17 05:30:00,147.7,147.75,147.59,147.6,65097.88
2026-07-17 05:35:00,147.6,147.77,147.45,147.46,407.37
2026-07-17 05:40:00,147.46,147.73,147.17,147.73,3507.68
2026-07-17 05:45:00,147.73,147.76,147.67,147.7,37924.72
2026-07-17 05:50:00,147.7,147.87,147.67,147.8,14647.3
2026-07-17 05:55:00,147.8,148.23,147.62,148.23,101676.79
2026-07-17 06:00:00,148.23,148.52,147.77,147.89,296364.14
2026-07-17 06:05:00,147.89,148.13,147.69,147.99,3749.72
2026-07-17 06:10:00,147.99,148.13,147.87,147.93,92761.37
2026-07-17 06:15:00,147.93,148.06,147.42,147.55,90404.64
2026-07-17 06:20:00,147.55,147.78,146.96,147.03,19841.52
2026-07-17 06:25:00,147.03,147.12,147.03,147.1,95455.35
2026-07-17 06:30:00,147.1,147.22,146.67,147.2,18839.33
2026-07-17 06:35:00,147.2,147.47,147.18,147.47,16128.18
2026-07-17 06:40:00,147.47,147.78,147.35,147.55,36833.44
2026-07-17 06:45:00,147.55,147.75,147.54,147.72,46112.07
2026-07-17 06:50:00,147.72,147.73,147.44,147.58,3683.01
2026-07-17 06:55:00,147.58,148.01,147.55,147.87,38795.97
2026-07-17 07:00:00,147.87,148.06,147.59,147.71,104830.81
2026-07-17 07:05:00,147.71,147.74,147.48,147.49,10105.81
2026-07-17 07:10:00,147.49,147.67,147.1,147.26,73414.1
2026-07-17 07:15:00,147.26,147.29,147.15,147.17,62930.81
2026-07-17 07:20:00,147.17,147.63,147.13,147.57,27543.13
2026-07-17 07:25:00,147.57,147.58,147.39,147.41,16031.11
2026-07-17 07:30:00,147.41,147.81,146.88,146.99,476255.22
2026-07-17 07:35:00,146.99,147.36,146.91,147.35,17069.64
2026-07-17 07:40:00,147.35,147.62,147.19,147.52,1921.57
2026-07-17 07:45:00,147.52,147.81,147.42,147.64,33183.02
2026-07-17 07:50:00,147.64,148.15,147.63,148.01,137702.82
2026-07-17 07:55:00,148.01,148.56,147.75,148.29,51917.58
2026-07-17 08:00:00,148.29,148.54,147.87,147.9,34013.77
2026-07-17 08:05:00,147.9,148.08,147.69,148.0,2032.97
2026-07-17 08:10:00,148.0,148.2,147.81,147.91,50001.01
2026-07-17 08:15:00,147.91,147.94,147.84,147.84,161244.4
2026-07-17 08:20:00,147.84,148.36,147.71,148.14,8728.51
2026-07-17 08:25:00,148.14,148.45,147.98,148.06,40220.9
2026-07-17 08:30:00,148.06,148.41,148.04,148.27,170104.83
2026-07-17 08:35:00,148.27,148.43,148.26,148.41,3959.42
2026-07-17 08:40:00,148.41,148.54,147.84,147.94,28338.56
2026-07-17 08:45:00,147.94,148.02,147.82,147.82,19577.22
2026-07-17 08:50:00,147.82,148.29,147.65,148.1,91602.52
2026-07-17 08:55:00,148.1,148.32,147.86,148.07,7395.61
2026-07-17 09:00:00,148.07,148.26,147.85,148.02,33767.82
2026-07-17 09:05:00,148.02,148.2,147.39,147.53,18640.99
2026-07-17 09:10:00,147.53,147.76,147.22,147.32,17008.84
2026-07-17 09:15:00,147.32,147.42,147.09,147.33,122902.48
2026-07-17 09:20:00,147.33,147.54,147.0,147.0,32006.36
2026-07-17 09:25:00,147.0,147.2,146.49,147.12,264692.15
2026-07-17 09:30:00,147.12,147.2,147.02,147.12,95996.26
2026-07-17 09:35:00,147.12,147.65,146.99,147.42,40279.33
2026-07-17 09:40:00,147.42,147.6,147.32,147.59,23767.53
2026-07-17 09:45:00,147.59,147.82,147.31,147.68,86866.89
2026-07-17 09:50:00,147.68,147.99,147.5,147.97,23996.06
2026-07-17 09:55:00,147.97,147.98,147.5,147.71,40703.16
2026-07-17 10:00:00,147.71,147.84,147.52,147.63,73534.19
2026-07-17 10:05:00,147.63,147.67,147.24,147.31,87463.72
2026-07-17 10:10:00,147.31,147.67,147.21,147.53,1159.92
2026-07-17 10:15:00,147.53,147.61,147.35,147.43,230493.68
2026-07-17 10:20:00,147.43,147.73,147.36,147.57,83398.94
2026-07-17 10:25:00,147.57,148.23,147.44,148.19,64857.69
2026-07-17 10:30:00,148.19,148.24,147.88,147.96,154411.36
2026-07-17 10:35:00,147.96,148.32,147.53,147.64,27079.3
2026-07-17 10:40:00,147.64,147.91,147.44,147.84,14005.48
2026-07-17 10:45:00,147.84,148.2,147.77,148.15,55954.85
2026-07-17 10:50:00,148.15,148.55,147.99,148.44,41439.28
2026-07-17 10:55:00,148.44,148.98,148.32,148.78,9015.05
2026-07-17 11:00:00,148.78,148.92,148.72,148.8,66570.66
2026-07-17 11:05:00,148.8,149.18,148.5,148.63,537176.24
2026-07-17 11:10:00,148.63,148.86,148.35,148.41,26260.44
2026-07-17 11:15:00,148.41,148.64,148.12,148.22,153856.03
2026-07-17 11:20:00,148.22,148.5,148.2,148.41,28902.61
2026-07-17 11:25:00,148.41,148.67,147.91,147.97,184686.08
2026-07-17 11:30:00,147.97,148.04,147.59,147.66,107428.93
2026-07-17 11:35:00,147.66,147.7,147.51,147.61,56386.59
2026-07-17 11:40:00,147.61,147.98,147.54,147.56,103561.0
2026-07-17 11:45:00,147.56,148.0,147.5,147.94,108404.47
2026-07-17 11:50:00,147.94,148.02,147.77,147.81,47739.86
2026-07-17 11:55:00,147.81,147.96,147.77,147.85,225944.67
2026-07-17 12:00:00,147.85,148.5,147.81,148.26,33242.37
2026-07-17 12:05:00,148.26,148.45,148.03,148.04,88175.75
2026-07-17 12:10:00,148.04,148.16,147.82,147.84,42835.86
2026-07-17 12:15:00,147.84,147.84,147.81,147.81,2132.74
2026-07-17 12:20:00,147.81,148.09,147.79,147.98,43270.58
2026-07-17 12:25:00,147.98,148.28,147.97,148.28,70052.73
2026-07-17 12:30:00,148.28,148.33,147.95,148.2,170290.63
2026-07-17 12:35:00,148.2,148.35,148.04,148.09,53693.83
2026-07-17 12:40:00,148.09,148.1,147.69,147.94,127124.12
2026-07-17 12:45:00,147.94,147.96,147.83,147.85,2149.74
2026-07-17 12:50:00,147.85,147.89,147.54,147.78,58264.01
2026-07-17 12:55:00,147.78,148.2,147.76,148.15,75544.5
2026-07-17 13:00:00,148.15,148.46,148.0,148.18,18832.26
2026-07-17 13:05:00,148.18,148.39,148.09,148.1,357.06
2026-07-17 13:10:00,148.1,148.45,147.95,148.44,6106.69
2026-07-17 13:15:00,148.44,148.49,148.25,148.37,138136.05
2026-07-17 13:20:00,148.37,148.66,148.18,148.53,26440.56
2026-07-17 13:25:00,148.53,148.93,148.23,148.34,206819.64
2026-07-17 13:30:00,148.34,148.51,148.17,148.39,57817.15
2026-07-17 13:35:00,148.39,149.41,148.2,149.31,122560.6
2026-07-17 13:40:00,149.31,149.37,149.22,149.3,88535.69
2026-07-17 13:45:00,149.3,149.65,149.22,149.6,14084.89
2026-07-17 13:50:00,149.6,149.66,149.41,149.62,73110.74
2026-07-17 13:55:00,149.62,149.9,149.24,149.31,341066.99
2026-07-17 14:00:00,149.31,149.93,149.06,149.17,47801.41
2026-07-17 14:05:00,149.17,149.52,148.93,149.04,41270.02
2026-07-17 14:10:00,149.04,149.51,149.03,149.25,16296.61
2026-07-17 14:15:00,149.25,149.64,149.15,149.51,15786.99
2026-07-17 14:20:00,149.51,149.81,149.44,149.63,17328.02
2026-07-17 14:25:00,149.63,149.89,149.43,149.49,217221.74
2026-07-17 14:30:00,149.49,149.86,148.99,149.12,49073.84
2026-07-17 14:35:00,149.12,149.3,148.58,148.6,119774.13
2026-07-17 14:40:00,148.6,148.68,148.49,148.5,123526.28
2026-07-17 14:45:00,148.5,148.54,148.39,148.53,80412.31
2026-07-17 14:50:00,148.53,149.16,148.04,148.09,5964.07
2026-07-17 14:55:00,148.09,148.6,148.0,148.42,99863.49
2026-07-17 15:00:00,148.42,148.57,148.35,148.47,15566.31
2026-07-17 15:05:00,148.47,148.69,148.22,148.49,15550.85
2026-07-17 15:10:00,148.49,148.54,148.3,148.47,33213.46
2026-07-17 15:15:00,148.47,149.02,148.41,148.9,141913.03
2026-07-17 15:20:00,148.9,149.36,148.83,149.21,33122.65
2026-07-17 15:25:00,149.21,149.27,148.76,148.89,93928.97
2026-07-17 15:30:00,148.89,149.08,148.59,148.77,103337.57
2026-07-17 15:35:00,148.77,149.2,148.69,149.13,1403.17
2026-07-17 15:40:00,149.13,149.15,149.03,149.03,152901.73
2026-07-17 15:45:00,149.03,149.26,149.01,149.2,527.28
2026-07-17 15:50:00,149.2,149.34,149.16,149.3,33168.16
2026-07-17 15:55:00,149.3,149.39,148.75,148.88,41088.16
2026-07-17 16:00:00,148.88,148.95,148.66,148.68,7591.3
2026-07-17 16:05:00,148.68,148.92,148.63,148.65,55447.83
2026-07-17 16:10:00,148.65,149.13,148.41,148.49,47520.95
2026-07-17 16:15:00,148.49,148.49,148.4,148.48,2586.82
2026-07-17 16:20:00,148.48,148.82,148.43,148.64,16932.05
2026-07-17 16:25:00,148.64,148.81,148.58,148.66,113410.46
2026-07-17 16:30:00,148.66,148.8,148.32,148.64,153138.75
2026-07-17 16:35:00,148.64,148.77,148.47,148.52,8211.52
2026-07-17 16:40:00,148.52,148.57,148.32,148.45,20000.84
2026-07-17 16:45:00,148.45,148.79,148.37,148.72,10931.59
2026-07-17 16:50:00,148.72,148.77,148.33,148.37,9930.71
2026-07-17 16:55:00,148.37,148.5,147.8,147.98,18390.79
2026-07-17 17:00:00,147.98,148.09,147.9,147.91,93644.47
2026-07-17 17:05:00,147.91,148.18,147.72,147.82,43629.45
2026-07-17 17:10:00,147.82,148.32,147.59,148.18,698376.91
2026-07-17 17:15:00,148.18,148.22,148.01,148.18,143171.77
2026-07-17 17:20:00,148.18,148.6,147.82,148.05,133120.55
2026-07-17 17:25:00,148.05,148.18,147.89,148.04,94484.08
2026-07-17 17:30:00,148.04,148.1,147.57,147.81,29878.7
2026-07-17 17:35:00,147.81,147.83,147.81,147.81,50958.19
2026-07-17 17:40:00,147.81,148.36,147.65,148.2,80020.65
2026-07-17 17:45:00,148.2,148.37,148.03,148.13,84206.02
2026-07-17 17:50:00,148.13,148.37,148.03,148.28,82591.13
2026-07-17 17:55:00,148.28,148.29,147.91,148.08,2253.94
2026-07-17 18:00:00,148.08,148.15,147.95,148.03,11383.59
2026-07-17 18:05:00,148.03,148.05,147.76,147.87,4917.14
2026-07-17 18:10:00,147.87,148.33,147.74,148.32,8550.94
2026-07-17 18:15:00,148.32,148.38,148.12,148.24,89990.75
2026-07-17 18:20:00,148.24,148.51,148.15,148.44,141668.12
2026-07-17 18:25:00,148.44,148.47,147.91,148.09,16643.45
2026-07-17 18:30:00,148.09,148.35,147.86,147.99,19185.42
2026-07-17 18:35:00,147.99,148.42,147.9,148.34,1119.45
2026-07-17 18:40:00,148.34,148.38,148.11,148.3,1129.44
2026-07-17 18:45:00,148.3,148.73,148.07,148.6,25332.04
2026-07-17 18:50:00,148.6,148.97,148.29,148.78,20450.04
2026-07-17 18:55:00,148.78,148.85,148.67,148.69,28413.04
2026-07-17 19:00:00,148.69,148.75,148.41,148.54,59257.01
2026-07-17 19:05:00,148.54,148.79,148.44,148.67,20149.27
2026-07-17 19:10:00,148.67,148.86,148.63,148.8,23198.67
2026-07-17 19:15:00,148.8,148.98,148.41,148.53,804.26
2026-07-17 19:20:00,148.53,148.54,148.31,148.34,18153.37
2026-07-17 19:25:00,148.34,148.72,148.2,148.63,45240.46
2026-07-17 19:30:00,148.63,148.88,148.32,148.8,54041.86
2026-07-17 19:35:00,148.8,149.06,148.78,148.84,98785.09
2026-07-17 19:40:00,148.84,148.91,148.29,148.31,7150.68
2026-07-17 19:45:00,148.31,148.56,148.26,148.26,37363.17
2026-07-17 19:50:00,148.26,148.41,148.14,148.33,5178.69
2026-07-17 19:55:00,148.33,148.61,148.17,148.51,29185.57
2026-07-17 20:00:00,148.51,148.77,148.32,148.4,76145.94
2026-07-17 20:05:00,148.4,148.6,148.28,148.54,40355.23
2026-07-17 20:10:00,148.54,148.6,148.1,148.18,7757.74
2026-07-17 20:15:00,148.18,148.32,148.01,148.25,9627.21
2026-07-17 20:20:00,148.25,148.59,148.2,148.37,31640.34
2026-07-17 20:25:00,148.37,148.49,148.15,148.4,19483.18
2026-07-17 20:30:00,148.4,148.47,148.07,148.15,38167.4
2026-07-17 20:35:00,148.15,148.25,147.87,148.0,17836.89
2026-07-17 20:40:00,148.0,148.13,147.36,147.67,85465.67
2026-07-17 20:45:00,147.67,147.78,147.18,147.38,87890.31
2026-07-17 20:50:00,147.38,147.89,147.09,147.75,470103.36
2026-07-17 20:55:00,147.75,148.27,147.27,148.19,152213.61
2026-07-17 21:00:00,148.19,148.4,147.91,148.0,110789.84
2026-07-17 21:05:00,148.0,148.01,147.81,147.82,48547.75
2026-07-17 21:10:00,147.82,148.05,147.51,147.63,5600.11
2026-07-17 21:15:00,147.63,148.06,146.98,147.97,276636.88
2026-07-17 21:20:00,147.97,148.11,147.89,148.04,38339.91
2026-07-17 21:25:00,148.04,148.05,147.78,147.8,42941.23
2026-07-17 21:30:00,147.8,148.1,147.77,147.99,66827.58
2026-07-17 21:35:00,147.99,148.25,147.81,148.05,48835.36
2026-07-17 21:40:00,148.05,148.24,148.02,148.18,13084.12
2026-07-17 21:45:00,148.18,148.29,148.11,148.25,26962.24
2026-07-17 21:50:00,148.25,148.82,148.16,148.51,81031.33
2026-07-17 21:55:00,148.51,148.74,148.47,148.71,35648.72
2026-07-17 22:00:00,148.71,148.8,148.36,148.45,25423.08
2026-07-17 22:05:00,148.45,148.65,148.34,148.55,7789.47
2026-07-17 22:10:00,148.55,148.67,148.22,148.4,18033.41
2026-07-17 22:15:00,148.4,148.7,148.31,148.55,5415.99
2026-07-17 22:20:00,148.55,148.95,148.49,148.91,52222.86
2026-07-17 22:25:00,148.91,148.98,148.72,148.82,16613.55
2026-07-17 22:30:00,148.82,148.98,148.6,148.89,43712.78
2026-07-17 22:35:00,148.89,148.93,148.71,148.72,31862.45
2026-07-17 22:40:00,148.72,148.9,148.48,148.83,10275.45
2026-07-17 22:45:00,148.83,148.97,148.77,148.87,83721.54
2026-07-17 22:50:00,148.87,149.11,148.76,148.92,48167.79
2026-07-17 22:55:00,148.92,149.15,148.86,149.11,29454.37
2026-07-17 23:00:00,149.11,149.4,149.02,149.34,12308.14
2026-07-17 23:05:00,149.34,149.49,149.25,149.25,2512.04
2026-07-17 23:10:00,149.25,149.6,148.98,149.05,15993.04
2026-07-17 23:15:00,149.05,149.1,148.57,148.69,141966.28
2026-07-17 23:20:00,148.69,148.82,148.49,148.51,154404.55
2026-07-17 23:25:00,148.51,148.75,148.38,148.71,102438.61
2026-07-17 23:30:00,148.71,148.93,147.8,147.92,44637.96
2026-07-17 23:35:00,147.92,147.95,147.69,147.73,25456.51
2026-07-17 23:40:00,147.73,148.43,147.46,148.23,1883.06
2026-07-17 23:45:00,148.23,148.49,147.96,148.28,66574.35
2026-07-17 23:50:00,148.28,148.36,147.74,147.81,28631.3
2026-07-17 23:55:00,147.81,148.33,147.75,148.27,191074.88
2026-07-18 00:00:00,148.27,148.37,147.93,147.97,25046.75
2026-07-18 00:05:00,147.97,148.08,147.45,147.45,200849.24
2026-07-18 00:10:00,147.45,147.83,146.86,147.72,389099.28
2026-07-18 00:15:00,147.72,148.24,147.71,148.08,150351.18
2026-07-18 00:20:00,148.08,148.34,148.07,148.16,126286.38
2026-07-18 00:25:00,148.16,148.22,148.05,148.18,9276.03
2026-07-18 00:30:00,148.18,148.38,147.99,148.04,128296.92
2026-07-18 00:35:00,148.04,148.16,147.77,147.93,3420.13
2026-07-18 00:40:00,147.93,148.23,147.79,148.15,99527.86
2026-07-18 00:45:00,148.15,148.7,148.0,148.59,133224.89
2026-07-18 00:50:00,148.59,149.21,148.45,149.05,76712.58
2026-07-18 00:55:00,149.05,149.65,148.69,148.8,42100.5
2026-07-18 01:00:00,148.8,148.96,148.73,148.94,1614.95
2026-07-18 01:05:00,148.94,149.63,148.82,149.26,9707.13
2026-07-18 01:10:00,149.26,149.59,148.81,148.91,387230.7
2026-07-18 01:15:00,148.91,149.11,148.82,149.06,8548.23
2026-07-18 01:20:00,149.06,149.66,148.53,148.67,75999.44
2026-07-18 01:25:00,148.67,149.06,148.41,148.91,5635.55
2026-07-18 01:30:00,148.91,149.18,148.74,148.76,26567.53
2026-07-18 01:35:00,148.76,148.88,148.73,148.79,2870.93
2026-07-18 01:40:00,148.79,148.86,148.5,148.7,57466.87
2026-07-18 01:45:00,148.7,148.78,148.53,148.57,48745.89
2026-07-18 01:50:00,148.57,148.61,148.13,148.32,169987.98
2026-07-18 01:55:00,148.32,148.87,148.25,148.74,121740.06
2026-07-18 02:00:00,148.74,149.07,148.7,148.91,38049.22
2026-07-18 02:05:00,148.91,148.96,148.8,148.85,43453.63
2026-07-18 02:10:00,148.85,149.13,148.66,149.13,34484.11
2026-07-18 02:15:00,149.13,149.44,148.57,148.7,216332.74
2026-07-18 02:20:00,148.7,148.73,148.52,148.63,616.21
2026-07-18 02:25:00,148.63,148.67,148.57,148.58,54018.78
2026-07-18 02:30:00,148.58,149.04,148.51,148.85,689.4
2026-07-18 02:35:00,148.85,148.98,148.67,148.81,24824.84
2026-07-18 02:40:00,148.81,148.84,148.43,148.68,325485.09
2026-07-18 02:45:00,148.68,148.97,148.42,148.96,108262.91
2026-07-18 02:50:00,148.96,149.54,148.92,149.2,29676.17
2026-07-18 02:55:00,149.2,149.71,148.96,149.07,383957.19
2026-07-18 03:00:00,149.07,149.42,149.05,149.27,12917.13
2026-07-18 03:05:00,149.27,149.29,149.21,149.24,32612.72
2026-07-18 03:10:00,149.24,149.69,148.67,148.81,3829.41
2026-07-18 03:15:00,148.81,149.04,148.75,148.77,76810.43
2026-07-18 03:20:00,148.77,148.9,148.74,148.75,119478.62
2026-07-18 03:25:00,148.75,148.79,148.73,148.74,62504.8
2026-07-18 03:30:00,148.74,148.93,148.73,148.79,40234.52
2026-07-18 03:35:00,148.79,148.86,148.13,148.59,27279.08
2026-07-18 03:40:00,148.59,148.91,148.56,148.74,18448.57
2026-07-18 03:45:00,148.74,148.75,148.62,148.73,47213.97
2026-07-18 03:50:00,148.73,149.16,148.68,148.98,20395.3
2026-07-18 03:55:00,148.98,149.12,148.86,148.91,70676.36
2026-07-18 04:00:00,148.91,148.99,148.8,148.9,111939.56
2026-07-18 04:05:00,148.9,148.93,148.45,148.67,50964.36
2026-07-18 04:10:00,148.67,148.85,148.42,148.5,51194.63
2026-07-18 04:15:00,148.5,148.65,148.09,148.28,49488.77
2026-07-18 04:20:00,148.28,148.28,147.85,147.87,122189.73
2026-07-18 04:25:00,147.87,148.03,147.47,147.74,58071.92
2026-07-18 04:30:00,147.74,148.19,147.51,148.13,405383.21
2026-07-18 04:35:00,148.13,148.68,147.93,148.67,77776.09
2026-07-18 04:40:00,148.67,149.01,148.17,148.41,41544.26
2026-07-18 04:45:00,148.41,148.69,148.3,148.53,50794.51
2026-07-18 04:50:00,148.53,148.99,148.53,148.75,1309.39
2026-07-18 04:55:00,148.75,148.9,148.55,148.84,29443.6
2026-07-18 05:00:00,148.84,149.12,148.63,148.91,12680.33
2026-07-18 05:05:00,148.91,149.16,148.59,149.06,5694.74
2026-07-18 05:10:00,149.06,149.18,148.95,149.04,121713.16
2026-07-18 05:15:00,149.04,149.23,148.75,149.12,73809.52
2026-07-18 05:20:00,149.12,149.25,149.08,149.22,58335.59
2026-07-18 05:25:00,149.22,149.37,149.07,149.35,142049.1
2026-07-18 05:30:00,149.35,149.38,149.06,149.29,115160.34
2026-07-18 05:35:00,149.29,149.82,148.97,149.06,8100.97
2026-07-18 05:40:00,149.06,149.46,148.63,148.68,238038.65
2026-07-18 05:45:00,148.68,148.93,148.54,148.86,3301.01
2026-07-18 05:50:00,148.86,149.07,148.58,148.71,15.43
2026-07-18 05:55:00,148.71,149.05,148.58,148.6,16905.85
2026-07-18 06:00:00,148.6,148.87,148.48,148.56,5648.2
2026-07-18 06:05:00,148.56,148.6,147.84,147.98,147127.11
2026-07-18 06:10:00,147.98,148.0,147.83,147.98,2438.19
2026-07-18 06:15:00,147.98,148.0,147.7,147.83,71156.42
2026-07-18 06:20:00,147.83,147.85,147.38,147.49,22937.53
2026-07-18 06:25:00,147.49,147.63,147.17,147.46,14144.72
2026-07-18 06:30:00,147.46,147.61,147.44,147.6,29822.8
2026-07-18 06:35:00,147.6,147.96,147.14,147.84,234348.93
2026-07-18 06:40:00,147.84,147.97,147.62,147.7,58189.13
2026-07-18 06:45:00,147.7,148.02,147.26,147.93,405100.94
2026-07-18 06:50:00,147.93,148.59,147.81,148.32,113768.35
2026-07-18 06:55:00,148.32,148.75,148.2,148.73,23445.93
2026-07-18 07:00:00,148.73,148.79,148.59,148.66,122430.83
2026-07-18 07:05:00,148.66,148.77,148.59,148.76,25285.36
2026-07-18 07:10:00,148.76,149.14,148.65,148.95,57686.84
2026-07-18 07:15:00,148.95,149.03,148.84,149.02,25463.5
2026-07-18 07:20:00,149.02,149.15,148.92,149.06,4175.23
2026-07-18 07:25:00,149.06,149.38,148.73,148.83,55941.44
2026-07-18 07:30:00,148.83,149.17,148.55,149.08,3835.11
2026-07-18 07:35:00,149.08,149.11,148.51,148.76,30835.7
2026-07-18 07:40:00,148.76,148.82,148.62,148.8,24840.31
2026-07-18 07:45:00,148.8,148.85,148.66,148.7,76704.1
2026-07-18 07:50:00,148.7,148.84,148.41,148.66,72499.9
2026-07-18 07:55:00,148.66,148.78,148.6,148.74,6384.43
2026-07-18 08:00:00,148.74,149.01,148.72,148.83,159395.77
2026-07-18 08:05:00,148.83,149.2,148.66,148.94,23925.48
2026-07-18 08:10:00,148.94,149.11,148.9,149.05,41832.05
2026-07-18 08:15:00,149.05,149.08,148.74,148.8,103538.25
2026-07-18 08:20:00,148.8,148.99,148.43,148.5,39454.36
2026-07-18 08:25:00,148.5,148.84,148.44,148.82,209813.04
2026-07-18 08:30:00,148.82,148.84,148.78,148.82,82569.92
2026-07-18 08:35:00,148.82,149.05,148.48,148.55,4658.42
2026-07-18 08:40:00,148.55,148.62,148.44,148.5,164943.98
2026-07-18 08:45:00,148.5,148.8,148.29,148.64,40533.34
2026-07-18 08:50:00,148.64,148.91,148.51,148.76,96202.84
2026-07-18 08:55:00,148.76,148.96,148.46,148.92,35059.61
2026-07-18 09:00:00,148.92,148.95,148.7,148.71,206996.88
2026-07-18 09:05:00,148.71,148.82,148.71,148.82,18623.58
2026-07-18 09:10:00,148.82,149.59,148.74,149.18,1593.43
2026-07-18 09:15:00,149.18,149.52,148.73,148.81,2989.55
2026-07-18 09:20:00,148.81,148.95,148.61,148.73,115416.47
2026-07-18 09:25:00,148.73,148.76,148.25,148.48,6123.06
2026-07-18 09:30:00,148.48,148.53,148.4,148.48,46236.54
2026-07-18 09:35:00,148.48,148.57,148.25,148.52,55563.99
2026-07-18 09:40:00,148.52,148.56,148.25,148.41,184623.84
2026-07-18 09:45:00,148.41,148.82,148.37,148.55,2758.41
2026-07-18 09:50:00,148.55,148.62,148.46,148.52,48212.94
2026-07-18 09:55:00,148.52,148.61,148.37,148.51,20556.66
2026-07-18 10:00:00,148.51,149.18,148.42,148.99,57489.95
2026-07-18 10:05:00,148.99,149.12,148.76,148.77,47446.41
2026-07-18 10:10:00,148.77,148.9,148.72,148.79,33469.65
2026-07-18 10:15:00,148.79,149.04,148.72,149.0,67290.61
2026-07-18 10:20:00,149.0,149.15,148.59,148.71,49680.78
2026-07-18 10:25:00,148.71,148.78,148.42,148.44,46985.93
2026-07-18 10:30:00,148.44,148.9,148.05,148.9,50465.63
2026-07-18 10:35:00,148.9,148.92,148.61,148.63,47162.13
2026-07-18 10:40:00,148.63,148.84,148.36,148.83,150220.49
2026-07-18 10:45:00,148.83,149.02,148.39,148.52,306.14
2026-07-18 10:50:00,148.52,148.96,148.36,148.9,118333.7
2026-07-18 10:55:00,148.9,149.16,148.65,149.07,23695.15
2026-07-18 11:00:00,149.07,149.29,148.52,148.64,34174.02
2026-07-18 11:05:00,148.64,148.87,147.97,147.97,105572.86
2026-07-18 11:10:00,147.97,148.53,147.85,148.4,27255.76
2026-07-18 11:15:00,148.4,148.66,147.96,148.04,62024.68
2026-07-18 11:20:00,148.04,148.1,147.57,147.57,28194.96
2026-07-18 11:25:00,147.57,147.97,147.45,147.94,37961.45
2026-07-18 11:30:00,147.94,148.1,147.69,147.94,6402.86
2026-07-18 11:35:00,147.94,148.11,147.94,148.1,146396.16
2026-07-18 11:40:00,148.1,148.32,147.93,148.3,18133.29
2026-07-18 11:45:00,148.3,148.42,148.1,148.35,62845.0
2026-07-18 11:50:00,148.35,148.62,148.14,148.14,6985.84
2026-07-18 11:55:00,148.14,148.24,148.07,148.24,22483.1
2026-07-18 12:00:00,148.24,148.34,148.08,148.12,21522.08
2026-07-18 12:05:00,148.12,148.16,147.84,147.92,40632.05
2026-07-18 12:10:00,147.92,148.24,147.79,148.24,52354.03
2026-07-18 12:15:00,148.24,148.74,147.9,148.48,29924.85
2026-07-18 12:20:00,148.48,149.32,148.46,149.15,93470.87
2026-07-18 12:25:00,149.15,149.74,149.08,149.64,8490.52
2026-07-18 12:30:00,149.64,149.97,149.52,149.57,45112.46
2026-07-18 12:35:00,149.57,149.62,149.16,149.33,29359.51
2026-07-18 12:40:00,149.33,149.57,148.82,148.95,28662.84
2026-07-18 12:45:00,148.95,149.01,148.88,148.95,21422.27
2026-07-18 12:50:00,148.95,149.23,148.71,149.14,16904.98
2026-07-18 12:55:00,149.14,149.73,148.87,148.98,15339.79
2026-07-18 13:00:00,148.98,149.4,148.48,148.62,226575.57
2026-07-18 13:05:00,148.62,149.2,148.56,149.01,21747.14
2026-07-18 13:10:00,149.01,149.43,148.49,148.57,429789.72
2026-07-18 13:15:00,148.57,149.07,148.2,148.89,51928.92
2026-07-18 13:20:00,148.89,149.32,148.61,148.7,169624.75
2026-07-18 13:25:00,148.7,148.71,148.46,148.47,47246.61
2026-07-18 13:30:00,148.47,148.71,148.44,148.57,56147.59
2026-07-18 13:35:00,148.57,149.12,148.37,149.1,81574.62
2026-07-18 13:40:00,149.1,149.21,148.82,148.82,20727.76
2026-07-18 13:45:00,148.82,148.83,148.72,148.72,55135.39
2026-07-18 13:50:00,148.72,148.92,148.36,148.55,48690.25
2026-07-18 13:55:00,148.55,148.78,148.25,148.33,101300.54
2026-07-18 14:00:00,148.33,148.4,148.09,148.22,68230.83
2026-07-18 14:05:00,148.22,148.39,147.71,147.91,48345.69
2026-07-18 14:10:00,147.91,148.03,147.56,147.79,115577.32
2026-07-18 14:15:00,147.79,148.27,147.7,148.06,483169.89
2026-07-18 14:20:00,148.06,148.21,147.68,147.68,13016.67
2026-07-18 14:25:00,147.68,148.38,147.35,148.27,55169.18
2026-07-18 14:30:00,148.27,148.57,148.24,148.4,234567.34
2026-07-18 14:35:00,148.4,148.49,148.38,148.42,59602.18
2026-07-18 14:40:00,148.42,148.5,148.28,148.43,81707.7
2026-07-18 14:45:00,148.43,148.71,148.38,148.67,9761.17
2026-07-18 14:50:00,148.67,149.61,148.64,149.32,108947.73
2026-07-18 14:55:00,149.32,149.78,149.26,149.76,50933.66
2026-07-18 15:00:00,149.76,149.8,149.65,149.74,4883.32
2026-07-18 15:05:00,149.74,149.77,149.49,149.56,91537.4
2026-07-18 15:10:00,149.56,149.72,149.48,149.58,50357.85
2026-07-18 15:15:00,149.58,150.1,149.12,149.17,343881.42
2026-07-18 15:20:00,149.17,149.86,148.79,149.61,25304.75
2026-07-18 15:25:00,149.61,150.13,149.33,149.41,319377.49
2026-07-18 15:30:00,149.41,149.47,149.37,149.44,13977.35
2026-07-18 15:35:00,149.44,149.51,149.32,149.42,31073.93
2026-07-18 15:40:00,149.42,149.93,149.27,149.8,36500.24
2026-07-18 15:45:00,149.8,150.13,149.7,150.0,17710.64
2026-07-18 15:50:00,150.0,150.56,149.67,149.75,385977.39
2026-07-18 15:55:00,149.75,150.08,149.52,150.02,65471.12
2026-07-18 16:00:00,150.02,150.53,149.51,149.65,193268.69
2026-07-18 16:05:00,149.65,149.73,148.99,149.05,31226.4
2026-07-18 16:10:00,149.05,149.38,148.82,149.03,30966.02
2026-07-18 16:15:00,149.03,149.09,148.81,148.85,239161.64
2026-07-18 16:20:00,148.85,149.12,148.64,148.82,11417.0
2026-07-18 16:25:00,148.82,149.25,148.77,149.22,36325.0
2026-07-18 16:30:00,149.22,149.5,148.9,149.03,29392.57
2026-07-18 16:35:00,149.03,149.14,148.94,149.08,6330.09
2026-07-18 16:40:00,149.08,149.17,148.84,148.87,72256.43
2026-07-18 16:45:00,148.87,149.23,148.73,149.03,46122.42
2026-07-18 16:50:00,149.03,149.37,149.01,149.31,49578.96
2026-07-18 16:55:00,149.31,149.76,149.09,149.58,15500.3
2026-07-18 17:00:00,149.58,149.59,149.49,149.54,27433.61
2026-07-18 17:05:00,149.54,149.72,149.42,149.71,4572.23
2026-07-18 17:10:00,149.71,150.04,149.66,149.76,6158.76
2026-07-18 17:15:00,149.76,149.82,149.58,149.67,61045.51
2026-07-18 17:20:00,149.67,150.15,149.33,149.44,16483.07
2026-07-18 17:25:00,149.44,150.25,149.35,150.12,156555.13
2026-07-18 17:30:00,150.12,150.4,149.99,150.32,23993.63
2026-07-18 17:35:00,150.32,150.5,150.09,150.12,25940.1
2026-07-18 17:40:00,150.12,150.22,149.83,150.0,53839.04
2026-07-18 17:45:00,150.0,150.61,149.43,149.58,1274930.05
2026-07-18 17:50:00,149.58,149.63,149.0,149.23,48876.65
2026-07-18 17:55:00,149.23,149.68,148.95,149.59,346.89
2026-07-18 18:00:00,149.59,149.79,149.05,149.09,55391.2
2026-07-18 18:05:00,149.09,149.54,148.94,149.25,2549.95
2026-07-18 18:10:00,149.25,149.63,148.89,148.93,44800.07
2026-07-18 18:15:00,148.93,149.59,148.8,149.28,18798.99
2026-07-18 18:20:00,149.28,149.34,148.85,148.91,5440.33
2026-07-18 18:25:00,148.91,149.11,148.45,148.75,24810.37
2026-07-18 18:30:00,148.75,148.89,148.63,148.88,69111.63
2026-07-18 18:35:00,148.88,148.9,148.79,148.82,9894.37
2026-07-18 18:40:00,148.82,149.02,148.61,148.93,59908.7
2026-07-18 18:45:00,148.93,149.27,148.75,148.78,150455.56
2026-07-18 18:50:00,148.78,149.37,148.67,149.15,43679.13
2026-07-18 18:55:00,149.15,149.24,148.72,148.92,101646.77
2026-07-18 19:00:00,148.92,149.02,148.8,148.99,18005.86
2026-07-18 19:05:00,148.99,148.99,148.81,148.81,770.37
2026-07-18 19:10:00,148.81,149.0,148.75,148.99,10541.1
2026-07-18 19:15:00,148.99,149.57,148.74,149.25,17840.26
2026-07-18 19:20:00,149.25,149.79,149.2,149.76,35593.09
2026-07-18 19:25:00,149.76,150.38,149.47,149.52,115118.89
2026-07-18 19:30:00,149.52,149.7,149.47,149.55,18032.61
2026-07-18 19:35:00,149.55,149.7,148.9,149.1,61396.6
2026-07-18 19:40:00,149.1,149.23,149.01,149.13,7492.24
2026-07-18 19:45:00,149.13,149.29,148.75,149.03,993.39
2026-07-18 19:50:00,149.03,149.09,148.65,148.73,20157.88
2026-07-18 19:55:00,148.73,148.9,148.66,148.86,63968.47
2026-07-18 20:00:00,148.86,149.39,148.55,149.29,422003.01
2026-07-18 20:05:00,149.29,149.72,149.17,149.67,3031.09
2026-07-18 20:10:00,149.67,149.88,149.56,149.72,16671.68
2026-07-18 20:15:00,149.72,149.95,149.7,149.92,13553.15
2026-07-18 20:20:00,149.92,149.94,149.42,149.66,29953.94
2026-07-18 20:25:00,149.66,149.82,149.58,149.78,1521.77
2026-07-18 20:30:00,149.78,149.83,149.25,149.34,131574.03
2026-07-18 20:35:00,149.34,149.51,149.08,149.19,26269.84
2026-07-18 20:40:00,149.19,149.37,149.16,149.26,37124.02
2026-07-18 20:45:00,149.26,149.27,148.8,149.0,52089.7
2026-07-18 20:50:00,149.0,149.11,148.94,148.96,50984.95
2026-07-18 20:55:00,148.96,149.25,148.78,148.82,61185.09
2026-07-18 21:00:00,148.82,149.13,148.5,149.01,174408.42
2026-07-18 21:05:00,149.01,149.1,148.75,148.77,193621.24
2026-07-18 21:10:00,148.77,148.85,148.65,148.66,26960.82
2026-07-18 21:15:00,148.66,148.74,148.62,148.67,14940.75
2026-07-18 21:20:00,148.67,148.83,148.25,148.46,3220.04
2026-07-18 21:25:00,148.46,148.68,148.39,148.57,33432.54
2026-07-18 21:30:00,148.57,148.6,148.36,148.48,62914.51
2026-07-18 21:35:00,148.48,148.91,147.99,148.09,13810.88
2026-07-18 21:40:00,148.09,148.16,147.55,147.57,37489.92
2026-07-18 21:45:00,147.57,147.63,146.93,147.02,15876.38
2026-07-18 21:50:00,147.02,147.35,146.65,147.27,659882.58
2026-07-18 21:55:00,147.27,147.39,147.08,147.17,57910.45
2026-07-18 22:00:00,147.17,147.44,146.81,146.97,48830.18
2026-07-18 22:05:00,146.97,147.23,146.32,147.1,82153.12
2026-07-18 22:10:00,147.1,147.35,147.06,147.32,3677.82
2026-07-18 22:15:00,147.32,147.44,146.91,147.03,51423.06
2026-07-18 22:20:00,147.03,147.11,146.84,146.99,76764.33
2026-07-18 22:25:00,146.99,147.27,146.63,147.15,157.92
2026-07-18 22:30:00,147.15,147.19,147.0,147.06,206891.26
2026-07-18 22:35:00,147.06,147.49,146.67,147.37,84301.4
2026-07-18 22:40:00,147.37,147.73,147.23,147.58,24215.76
2026-07-18 22:45:00,147.58,147.77,147.34,147.7,456486.84
2026-07-18 22:50:00,147.7,148.06,147.12,147.94,115533.2
2026-07-18 22:55:00,147.94,148.43,147.36,148.3,11487.89
2026-07-18 23:00:00,148.3,148.71,147.9,148.6,44311.4
2026-07-18 23:05:00,148.6,149.2,148.44,148.97,76157.67
2026-07-18 23:10:00,148.97,149.07,148.88,149.03,29167.59
2026-07-18 23:15:00,149.03,149.07,148.78,148.79,110764.54
2026-07-18 23:20:00,148.79,149.19,148.2,149.04,229516.1
2026-07-18 23:25:00,149.04,149.52,148.9,149.47,25573.55
2026-07-18 23:30:00,149.47,149.8,149.27,149.64,27809.05
2026-07-18 23:35:00,149.64,149.7,149.37,149.41,92840.39
2026-07-18 23:40:00,149.41,149.72,149.35,149.57,177188.22
2026-07-18 23:45:00,149.57,149.91,149.32,149.73,101884.09
2026-07-18 23:50:00,149.73,150.09,149.59,150.06,78986.34
2026-07-18 23:55:00,150.06,150.27,150.04,150.23,26960.62
2026-07-19 00:00:00,150.23,150.6,149.87,149.94,183402.36
2026-07-19 00:05:00,149.94,150.49,149.38,149.53,356521.2
2026-07-19 00:10:00,149.53,149.54,149.29,149.41,71238.26
2026-07-19 00:15:00,149.41,149.85,149.24,149.77,78443.75
2026-07-19 00:20:00,149.77,150.18,149.55,149.64,218928.03
2026-07-19 00:25:00,149.64,150.11,149.14,149.22,19736.21
2026-07-19 00:30:00,149.22,149.6,149.22,149.39,42626.15
2026-07-19 00:35:00,149.39,150.02,149.37,150.01,28748.91
2026-07-19 00:40:00,150.01,150.54,149.7,149.76,590862.98
2026-07-19 00:45:00,149.76,150.39,149.53,149.61,272404.74
2026-07-19 00:50:00,149.61,149.84,149.35,149.63,222195.37
2026-07-19 00:55:00,149.63,150.19,149.37,149.43,208664.29
2026-07-19 01:00:00,149.43,149.64,149.25,149.27,12896.01
2026-07-19 01:05:00,149.27,149.42,149.1,149.3,36362.67
2026-07-19 01:10:00,149.3,149.41,148.88,148.96,118187.43
2026-07-19 01:15:00,148.96,149.22,148.47,149.08,5478.96
2026-07-19 01:20:00,149.08,149.22,148.98,149.17,12461.4
2026-07-19 01:25:00,149.17,149.66,149.01,149.6,19034.49
2026-07-19 01:30:00,149.6,149.66,149.5,149.57,103426.5
2026-07-19 01:35:00,149.57,149.88,149.56,149.81,3490.84
2026-07-19 01:40:00,149.81,150.08,149.71,149.97,13215.43
2026-07-19 01:45:00,149.97,150.22,149.88,150.17,30924.3
2026-07-19 01:50:00,150.17,150.64,149.98,150.56,27666.39
2026-07-19 01:55:00,150.56,150.86,150.41,150.8,15185.11
2026-07-19 02:00:00,150.8,151.09,150.31,150.45,58134.4
2026-07-19 02:05:00,150.45,150.62,150.13,150.14,6337.2
2026-07-19 02:10:00,150.14,150.49,149.61,149.72,387506.22
2026-07-19 02:15:00,149.72,150.27,149.49,149.59,234906.89
2026-07-19 02:20:00,149.59,149.84,149.39,149.71,244089.85
2026-07-19 02:25:00,149.71,150.11,149.64,149.92,93321.94
2026-07-19 02:30:00,149.92,150.21,149.76,150.08,56743.93
2026-07-19 02:35:00,150.08,150.3,150.06,150.26,7955.94
2026-07-19 02:40:00,150.26,150.37,149.88,150.07,7863.98
2026-07-19 02:45:00,150.07,150.4,149.91,150.39,81307.56
2026-07-19 02:50:00,150.39,151.02,149.83,149.95,35375.99
2026-07-19 02:55:00,149.95,150.07,149.78,149.9,18773.38
2026-07-19 03:00:00,149.9,150.51,149.5,149.63,291137.05
2026-07-19 03:05:00,149.63,150.11,149.58,149.91,30798.18
2026-07-19 03:10:00,149.91,150.35,149.64,149.69,15079.29
2026-07-19 03:15:00,149.69,150.19,149.35,149.45,15534.64
2026-07-19 03:20:00,149.45,149.51,149.24,149.47,202406.2
2026-07-19 03:25:00,149.47,149.56,149.34,149.53,543.79
2026-07-19 03:30:00,149.53,149.67,149.18,149.2,72902.32
2026-07-19 03:35:00,149.2,149.47,148.9,149.39,184125.57
2026-07-19 03:40:00,149.39,149.51,149.11,149.23,44041.54
2026-07-19 03:45:00,149.23,149.5,149.12,149.39,22278.28
2026-07-19 03:50:00,149.39,149.48,149.11,149.27,34568.23
2026-07-19 03:55:00,149.27,149.3,148.87,149.07,7966.75
2026-07-19 04:00:00,149.07,149.49,148.79,149.37,7090.77
2026-07-19 04:05:00,149.37,149.86,149.23,149.68,220081.48
2026-07-19 04:10:00,149.68,149.85,149.63,149.74,47649.7
2026-07-19 04:15:00,149.74,150.23,149.57,150.14,20582.33
2026-07-19 04:20:00,150.14,150.85,150.14,150.66,211342.81
2026-07-19 04:25:00,150.66,150.74,150.5,150.54,7487.43
2026-07-19 04:30:00,150.54,150.66,150.39,150.58,30237.31
2026-07-19 04:35:00,150.58,151.1,150.09,150.14,78566.39
2026-07-19 04:40:00,150.14,150.23,149.99,150.11,93288.21
2026-07-19 04:45:00,150.11,150.28,150.08,150.12,40310.29
2026-07-19 04:50:00,150.12,150.35,150.03,150.27,103325.97
2026-07-19 04:55:00,150.27,150.71,150.2,150.61,8432.71
2026-07-19 05:00:00,150.61,151.23,150.28,150.42,36571.27
2026-07-19 05:05:00,150.42,150.86,150.1,150.85,16986.22
2026-07-19 05:10:00,150.85,151.12,150.65,150.71,12542.91
2026-07-19 05:15:00,150.71,151.3,150.61,151.29,27080.68
2026-07-19 05:20:00,151.29,151.74,151.29,151.72,9025.48
2026-07-19 05:25:00,151.72,152.55,151.67,152.3,2257.86
2026-07-19 05:30:00,152.3,152.42,152.17,152.25,34080.68
2026-07-19 05:35:00,152.25,152.51,151.92,152.03,32420.14
2026-07-19 05:40:00,152.03,152.58,151.61,151.73,504525.24
2026-07-19 05:45:00,151.73,151.87,151.65,151.83,45422.94
2026-07-19 05:50:00,151.83,152.21,151.6,151.87,4949.09
2026-07-19 05:55:00,151.87,152.4,151.56,151.67,92064.53
2026-07-19 06:00:00,151.67,152.08,151.07,151.22,57322.65
2026-07-19 06:05:00,151.22,151.79,150.76,150.81,41217.83
2026-07-19 06:10:00,150.81,151.71,150.64,151.37,4764.94
2026-07-19 06:15:00,151.37,151.83,150.96,151.02,195308.68
2026-07-19 06:20:00,151.02,151.42,150.87,151.37,25886.2
2026-07-19 06:25:00,151.37,151.86,150.95,151.08,640419.77
2026-07-19 06:30:00,151.08,151.26,151.04,151.22,189801.35
2026-07-19 06:35:00,151.22,151.98,151.07,151.94,39389.65
2026-07-19 06:40:00,151.94,152.02,151.82,152.01,9285.85
2026-07-19 06:45:00,152.01,152.32,151.82,152.15,48890.02
2026-07-19 06:50:00,152.15,152.22,152.12,152.15,55851.96
2026-07-19 06:55:00,152.15,152.4,151.98,152.15,24961.13
2026-07-19 07:00:00,152.15,152.54,151.98,152.26,7097.61
2026-07-19 07:05:00,152.26,152.63,151.91,152.06,1006246.74
2026-07-19 07:10:00,152.06,152.17,151.72,151.99,5166.8
2026-07-19 07:15:00,151.99,152.17,151.85,152.06,89774.71
2026-07-19 07:20:00,152.06,152.55,151.87,151.94,97027.16
2026-07-19 07:25:00,151.94,152.25,151.58,151.67,81564.65
2026-07-19 07:30:00,151.67,151.87,151.62,151.76,20020.41
2026-07-19 07:35:00,151.76,151.79,151.29,151.49,114381.36
2026-07-19 07:40:00,151.49,152.04,151.37,151.72,92210.89
2026-07-19 07:45:00,151.72,152.08,151.63,152.05,197274.7
2026-07-19 07:50:00,152.05,152.29,152.02,152.27,54558.15
2026-07-19 07:55:00,152.27,152.83,151.85,151.9,196078.88
2026-07-19 08:00:00,151.9,152.22,151.82,152.2,30655.34
2026-07-19 08:05:00,152.2,152.45,152.13,152.33,56998.73
2026-07-19 08:10:00,152.33,152.5,152.18,152.31,27616.6
2026-07-19 08:15:00,152.31,152.88,152.07,152.15,36325.35
2026-07-19 08:20:00,152.15,152.5,151.96,152.32,11641.26
2026-07-19 08:25:00,152.32,152.68,152.1,152.57,27774.46
2026-07-19 08:30:00,152.57,153.09,152.54,153.01,150002.36
2026-07-19 08:35:00,153.01,153.01,152.8,152.83,50187.82
2026-07-19 08:40:00,152.83,153.3,152.58,153.19,20328.55
2026-07-19 08:45:00,153.19,153.66,152.96,153.04,220275.79
2026-07-19 08:50:00,153.04,153.59,152.95,153.44,34886.84
2026-07-19 08:55:00,153.44,153.79,152.99,153.1,96733.32
2026-07-19 09:00:00,153.1,153.58,152.9,152.95,190715.4
2026-07-19 09:05:00,152.95,153.09,152.85,152.95,125544.31
2026-07-19 09:10:00,152.95,152.99,152.81,152.84,4817.18
2026-07-19 09:15:00,152.84,152.95,152.4,152.44,51892.61
2026-07-19 09:20:00,152.44,152.67,151.94,152.03,178969.85
2026-07-19 09:25:00,152.03,152.08,151.96,152.02,1182.84
2026-07-19 09:30:00,152.02,152.57,151.63,151.76,129220.61
2026-07-19 09:35:00,151.76,151.85,151.39,151.4,40586.64
2026-07-19 09:40:00,151.4,151.44,151.22,151.23,15598.66
2026-07-19 09:45:00,151.23,151.86,151.2,151.75,23041.96
2026-07-19 09:50:00,151.75,151.85,151.16,151.34,81337.27
2026-07-19 09:55:00,151.34,151.55,151.24,151.39,5175.5
2026-07-19 10:00:00,151.39,151.78,151.26,151.69,12675.3
2026-07-19 10:05:00,151.69,152.31,151.62,152.1,143157.97
2026-07-19 10:10:00,152.1,152.72,151.85,151.95,318418.2
2026-07-19 10:15:00,151.95,152.14,151.83,152.13,256003.78
2026-07-19 10:20:00,152.13,152.31,151.98,152.24,20522.03
2026-07-19 10:25:00,152.24,152.87,151.82,151.94,6542.69
2026-07-19 10:30:00,151.94,152.39,151.84,152.06,58712.57
2026-07-19 10:35:00,152.06,152.18,151.98,152.1,29898.63
2026-07-19 10:40:00,152.1,152.49,152.09,152.34,40131.51
2026-07-19 10:45:00,152.34,152.48,152.02,152.18,23678.68
2026-07-19 10:50:00,152.18,152.4,152.02,152.34,11827.34
2026-07-19 10:55:00,152.34,152.72,151.87,151.95,111964.12
2026-07-19 11:00:00,151.95,152.21,150.93,151.31,16315.23
2026-07-19 11:05:00,151.31,151.35,150.94,151.11,130479.47
2026-07-19 11:10:00,151.11,151.32,151.01,151.24,81082.24
2026-07-19 11:15:00,151.24,151.67,151.21,151.6,60628.21
2026-07-19 11:20:00,151.6,151.63,151.4,151.44,10470.36
2026-07-19 11:25:00,151.44,151.88,151.42,151.54,97391.21
2026-07-19 11:30:00,151.54,152.17,151.52,151.91,102819.31
2026-07-19 11:35:00,151.91,151.98,151.46,151.73,102310.77
2026-07-19 11:40:00,151.73,152.06,151.27,151.52,8831.69
2026-07-19 11:45:00,151.52,152.06,151.51,151.73,4275.79
2026-07-19 11:50:00,151.73,152.21,151.64,152.02,24255.56
2026-07-19 11:55:00,152.02,152.19,151.44,151.61,120448.3
2026-07-19 12:00:00,151.61,151.85,151.32,151.75,2247.81
2026-07-19 12:05:00,151.75,151.89,151.45,151.63,955.04
2026-07-19 12:10:00,151.63,152.21,151.42,152.0,15966.07
2026-07-19 12:15:00,152.0,152.43,151.83,152.13,181242.77
2026-07-19 12:20:00,152.13,152.39,152.03,152.03,64247.54
2026-07-19 12:25:00,152.03,152.3,151.96,152.08,87891.34
2026-07-19 12:30:00,152.08,152.7,151.97,152.62,3723.25
2026-07-19 12:35:00,152.62,152.66,152.49,152.66,11489.96
2026-07-19 12:40:00,152.66,152.82,152.54,152.76,84014.16
2026-07-19 12:45:00,152.76,153.22,152.6,153.06,17217.37
2026-07-19 12:50:00,153.06,153.3,152.81,152.97,793.49
2026-07-19 12:55:00,152.97,153.0,152.7,152.78,22011.05
2026-07-19 13:00:00,152.78,153.03,152.57,152.96,106584.19
2026-07-19 13:05:00,152.96,153.02,152.88,152.96,33184.8
2026-07-19 13:10:00,152.96,153.17,152.66,152.88,110625.65
2026-07-19 13:15:00,152.88,153.19,152.85,153.08,4414.43
2026-07-19 13:20:00,153.08,153.13,152.62,152.64,15074.85
2026-07-19 13:25:00,152.64,152.78,152.09,152.49,31445.57
2026-07-19 13:30:00,152.49,152.93,152.48,152.74,81462.84
2026-07-19 13:35:00,152.74,152.84,152.09,152.25,79948.64
2026-07-19 13:40:00,152.25,152.34,151.97,152.14,194375.96
2026-07-19 13:45:00,152.14,152.2,151.99,151.99,94723.73
2026-07-19 13:50:00,151.99,152.83,151.95,152.55,16269.8
2026-07-19 13:55:00,152.55,152.79,152.32,152.73,116608.81
2026-07-19 14:00:00,152.73,153.13,152.68,153.11,217944.24
2026-07-19 14:05:00,153.11,153.53,153.1,153.53,23996.95
2026-07-19 14:10:00,153.53,153.56,153.34,153.42,42421.87
2026-07-19 14:15:00,153.42,153.75,153.2,153.26,97927.67
2026-07-19 14:20:00,153.26,153.41,153.05,153.21,233616.88
2026-07-19 14:25:00,153.21,153.64,152.63,152.75,55028.78
2026-07-19 14:30:00,152.75,152.82,152.66,152.8,4810.22
2026-07-19 14:35:00,152.8,152.86,152.36,152.56,17528.51
2026-07-19 14:40:00,152.56,152.61,152.5,152.58,72695.9
2026-07-19 14:45:00,152.58,153.1,152.36,152.88,5375.43
2026-07-19 14:50:00,152.88,153.2,152.87,153.08,8516.89
2026-07-19 14:55:00,153.08,153.25,153.07,153.23,9173.3
2026-07-19 15:00:00,153.23,153.76,152.99,153.5,1269.19
2026-07-19 15:05:00,153.5,154.15,153.18,153.29,374878.68
2026-07-19 15:10:00,153.29,153.35,153.13,153.28,2278.04
2026-07-19 15:15:00,153.28,153.62,152.97,153.25,13154.48
2026-07-19 15:20:00,153.25,153.73,153.02,153.07,146942.05
2026-07-19 15:25:00,153.07,153.25,152.95,153.01,108829.08
2026-07-19 15:30:00,153.01,153.07,152.65,152.74,29738.59
2026-07-19 15:35:00,152.74,153.13,152.6,153.05,40417.24
2026-07-19 15:40:00,153.05,153.44,152.85,153.43,36610.29
2026-07-19 15:45:00,153.43,153.66,153.17,153.54,75331.07
2026-07-19 15:50:00,153.54,154.36,153.46,154.07,31415.35
2026-07-19 15:55:00,154.07,154.16,153.52,153.54,28003.1
2026-07-19 16:00:00,153.54,153.62,153.35,153.44,57729.45
2026-07-19 16:05:00,153.44,153.97,153.3,153.81,47006.64
2026-07-19 16:10:00,153.81,154.42,153.54,153.6,25395.85
2026-07-19 16:15:00,153.6,154.04,153.17,153.26,191640.6
2026-07-19 16:20:00,153.26,153.49,153.14,153.41,164955.22
2026-07-19 16:25:00,153.41,153.64,153.4,153.58,42997.49
2026-07-19 16:30:00,153.58,154.43,153.44,153.94,177250.48
2026-07-19 16:35:00,153.94,154.12,153.51,154.07,29097.67
2026-07-19 16:40:00,154.07,154.41,153.87,154.21,42699.45
2026-07-19 16:45:00,154.21,154.47,154.13,154.28,1948.13
2026-07-19 16:50:00,154.28,155.0,154.15,154.72,235.6
2026-07-19 16:55:00,154.72,154.87,154.54,154.54,83124.33
2026-07-19 17:00:00,154.54,154.63,154.25,154.47,32224.9
2026-07-19 17:05:00,154.47,154.63,154.3,154.45,13528.26
2026-07-19 17:10:00,154.45,154.82,153.94,154.02,18728.71
2026-07-19 17:15:00,154.02,154.4,153.88,154.16,6464.24
2026-07-19 17:20:00,154.16,154.24,153.99,154.11,629.93
2026-07-19 17:25:00,154.11,154.5,153.64,153.78,74830.49
2026-07-19 17:30:00,153.78,153.81,153.42,153.44,4236.77
2026-07-19 17:35:00,153.44,153.78,153.37,153.48,19716.63
2026-07-19 17:40:00,153.48,153.7,153.43,153.58,4566.92
2026-07-19 17:45:00,153.58,153.77,153.55,153.63,6989.51
2026-07-19 17:50:00,153.63,154.32,153.38,153.46,629641.51
2026-07-19 17:55:00,153.46,153.9,153.07,153.19,40784.21
2026-07-19 18:00:00,153.19,153.31,153.03,153.2,11977.59
2026-07-19 18:05:00,153.2,153.59,153.08,153.57,27905.27
2026-07-19 18:10:00,153.57,153.62,153.22,153.37,1691.16
2026-07-19 18:15:00,153.37,153.89,152.93,153.08,47790.91
2026-07-19 18:20:00,153.08,153.53,152.78,153.44,994.87
2026-07-19 18:25:00,153.44,153.5,153.36,153.46,45895.2
2026-07-19 18:30:00,153.46,153.58,153.18,153.28,36593.97
2026-07-19 18:35:00,153.28,153.55,152.77,152.83,96777.21
2026-07-19 18:40:00,152.83,152.95,152.49,152.55,29496.61
2026-07-19 18:45:00,152.55,152.68,152.41,152.48,19004.22
2026-07-19 18:50:00,152.48,152.56,152.01,152.17,12134.18
2026-07-19 18:55:00,152.17,152.2,151.94,152.05,4482.82
2026-07-19 19:00:00,152.05,152.14,151.97,152.11,18263.45
2026-07-19 19:05:00,152.11,152.22,152.1,152.13,72064.82
2026-07-19 19:10:00,152.13,152.72,152.1,152.68,31290.28
2026-07-19 19:15:00,152.68,152.92,152.46,152.72,66964.37
2026-07-19 19:20:00,152.72,152.99,152.71,152.78,34444.55
2026-07-19 19:25:00,152.78,152.81,152.57,152.68,161542.73
2026-07-19 19:30:00,152.68,152.8,152.16,152.43,5480.55
2026-07-19 19:35:00,152.43,153.07,152.23,152.95,61664.67
2026-07-19 19:40:00,152.95,153.3,152.8,153.21,24559.65
2026-07-19 19:45:00,153.21,153.33,152.88,152.88,11872.67
2026-07-19 19:50:00,152.88,153.44,152.71,153.38,49601.21
2026-07-19 19:55:00,153.38,153.62,153.27,153.5,8795.98
2026-07-19 20:00:00,153.5,153.65,153.34,153.42,16452.54
2026-07-19 20:05:00,153.42,153.64,153.27,153.42,13717.74
2026-07-19 20:10:00,153.42,153.56,153.11,153.14,26938.38
2026-07-19 20:15:00,153.14,153.55,153.07,153.25,93544.97
2026-07-19 20:20:00,153.25,153.51,153.13,153.17,101467.52
2026-07-19 20:25:00,153.17,153.34,153.04,153.05,1642.72
2026-07-19 20:30:00,153.05,153.12,152.7,152.87,54062.61
2026-07-19 20:35:00,152.87,152.9,152.46,152.6,13261.15
2026-07-19 20:40:00,152.6,152.99,152.49,152.85,30780.95
2026-07-19 20:45:00,152.85,153.45,152.84,153.36,15244.55
2026-07-19 20:50:00,153.36,153.46,152.9,152.99,133575.47
2026-07-19 20:55:00,152.99,153.13,152.83,152.96,30386.39
2026-07-19 21:00:00,152.96,152.98,152.45,152.59,41174.58
2026-07-19 21:05:00,152.59,152.78,152.41,152.69,56345.01
2026-07-19 21:10:00,152.69,153.29,152.58,153.01,20010.03
2026-07-19 21:15:00,153.01,153.3,152.98,153.12,9613.19
2026-07-19 21:20:00,153.12,153.47,152.95,153.29,21177.02
2026-07-19 21:25:00,153.29,153.34,152.97,153.17,95.4
2026-07-19 21:30:00,153.17,153.36,152.79,152.83,20192.45
2026-07-19 21:35:00,152.83,153.38,152.55,153.17,19267.91
2026-07-19 21:40:00,153.17,153.24,153.03,153.1,100192.91
2026-07-19 21:45:00,153.1,153.29,152.92,153.26,86882.36
2026-07-19 21:50:00,153.26,153.32,153.06,153.25,138836.63
2026-07-19 21:55:00,153.25,153.28,152.92,153.02,24507.74
2026-07-19 22:00:00,153.02,153.21,152.51,152.7,38917.16
2026-07-19 22:05:00,152.7,152.87,152.44,152.66,12136.72
2026-07-19 22:10:00,152.66,152.85,152.51,152.84,94540.59
2026-07-19 22:15:00,152.84,153.73,152.74,153.44,42859.65
2026-07-19 22:20:00,153.44,153.54,152.91,153.17,64596.93
2026-07-19 22:25:00,153.17,153.27,152.78,152.98,77673.98
2026-07-19 22:30:00,152.98,153.47,152.8,153.38,82649.73
2026-07-19 22:35:00,153.38,153.51,152.85,153.27,55105.89
2026-07-19 22:40:00,153.27,153.28,152.61,152.73,116634.27
2026-07-19 22:45:00,152.73,152.97,152.65,152.72,279820.51
2026-07-19 22:50:00,152.72,152.95,152.66,152.93,15285.54
2026-07-19 22:55:00,152.93,153.06,152.86,152.97,164025.12
2026-07-19 23:00:00,152.97,153.24,152.76,152.97,104926.44
2026-07-19 23:05:00,152.97,153.03,152.9,152.92,61391.91
2026-07-19 23:10:00,152.92,152.95,152.56,152.71,29614.35
2026-07-19 23:15:00,152.71,152.74,152.52,152.53,65329.02
2026-07-19 23:20:00,152.53,152.6,152.49,152.55,44326.34
2026-07-19 23:25:00,152.55,153.45,152.45,153.15,20866.53
2026-07-19 23:30:00,153.15,153.32,152.99,153.22,131191.47
2026-07-19 23:35:00,153.22,153.68,152.86,152.96,60654.05
2026-07-19 23:40:00,152.96,153.07,152.86,152.86,46409.07
2026-07-19 23:45:00,152.86,153.09,152.63,152.69,144322.96
2026-07-19 23:50:00,152.69,153.25,152.6,153.1,142708.11
2026-07-19 23:55:00,153.1,153.26,152.99,153.13,8315.47
2026-07-20 00:00:00,153.13,153.72,153.11,153.65,9172.75
2026-07-20 00:05:00,153.65,153.95,153.36,153.69,47576.91
2026-07-20 00:10:00,153.69,154.2,153.19,153.29,71054.65
2026-07-20 00:15:00,153.29,153.4,153.25,153.37,31639.05
2026-07-20 00:20:00,153.37,153.74,153.31,153.36,2632.61
2026-07-20 00:25:00,153.36,153.65,153.12,153.35,76435.8
2026-07-20 00:30:00,153.35,153.43,153.07,153.18,24712.3
2026-07-20 00:35:00,153.18,153.31,152.95,153.31,65906.09
2026-07-20 00:40:00,153.31,153.39,153.13,153.32,169034.22
2026-07-20 00:45:00,153.32,153.37,153.17,153.32,39699.62
2026-07-20 00:50:00,153.32,153.74,153.06,153.11,146211.91
2026-07-20 00:55:00,153.11,153.34,153.06,153.28,5790.57
2026-07-20 01:00:00,153.28,153.59,152.8,152.98,89303.06
2026-07-20 01:05:00,152.98,153.26,152.81,153.26,24545.59
2026-07-20 01:10:00,153.26,153.37,152.71,152.83,5347.94
2026-07-20 01:15:00,152.83,152.9,152.68,152.78,15526.41
2026-07-20 01:20:00,152.78,153.21,152.5,153.12,24235.67
2026-07-20 01:25:00,153.12,153.5,152.96,153.27,2379.86
2026-07-20 01:30:00,153.27,154.11,153.08,153.91,75978.48
2026-07-20 01:35:00,153.91,154.31,153.77,154.17,5481.9
2026-07-20 01:40:00,154.17,154.33,154.15,154.3,71679.57
2026-07-20 01:45:00,154.3,154.47,154.0,154.02,77563.76
2026-07-20 01:50:00,154.02,154.33,153.9,154.19,6500.54
2026-07-20 01:55:00,154.19,154.32,153.58,153.72,129324.04
2026-07-20 02:00:00,153.72,153.98,153.59,153.8,41172.85
2026-07-20 02:05:00,153.8,154.01,153.72,153.8,89721.19
2026-07-20 02:10:00,153.8,154.05,153.24,153.45,66584.94
2026-07-20 02:15:00,153.45,153.72,152.99,153.13,75982.25
2026-07-20 02:20:00,153.13,153.16,152.89,153.08,58838.77
2026-07-20 02:25:00,153.08,153.28,152.42,152.64,7834.65
2026-07-20 02:30:00,152.64,152.7,152.18,152.23,46138.9
2026-07-20 02:35:00,152.23,152.59,152.0,152.28,41497.34
2026-07-20 02:40:00,152.28,152.64,152.1,152.27,38997.86
2026-07-20 02:45:00,152.27,152.32,151.98,152.15,66964.47
2026-07-20 02:50:00,152.15,152.18,151.58,151.79,52447.18
2026-07-20 02:55:00,151.79,151.8,151.35,151.6,9918.89
2026-07-20 03:00:00,151.6,152.08,151.55,152.08,212418.36
2026-07-20 03:05:00,152.08,152.11,151.82,151.9,25194.41
2026-07-20 03:10:00,151.9,152.39,151.83,152.15,4665.13
2026-07-20 03:15:00,152.15,152.61,151.82,152.53,30755.62
2026-07-20 03:20:00,152.53,152.56,151.8,152.03,8092.92
2026-07-20 03:25:00,152.03,152.5,151.42,152.38,160435.57
2026-07-20 03:30:00,152.38,152.38,152.08,152.2,7178.92
2026-07-20 03:35:00,152.2,152.35,152.13,152.27,40348.85
2026-07-20 03:40:00,152.27,152.45,152.22,152.45,22243.58
2026-07-20 03:45:00,152.45,152.67,152.45,152.66,45201.64
2026-07-20 03:50:00,152.66,152.8,152.58,152.78,59025.0
2026-07-20 03:55:00,152.78,152.97,152.77,152.96,9160.47
2026-07-20 04:00:00,152.96,153.09,152.89,152.93,7026.59
2026-07-20 04:05:00,152.93,152.95,152.72,152.86,6775.02
2026-07-20 04:10:00,152.86,152.93,152.65,152.81,92479.68
2026-07-20 04:15:00,152.81,152.85,152.39,152.47,54915.58
2026-07-20 04:20:00,152.47,152.73,152.46,152.56,48814.37
2026-07-20 04:25:00,152.56,152.9,152.23,152.65,34584.99
2026-07-20 04:30:00,152.65,152.75,152.65,152.74,78572.21
2026-07-20 04:35:00,152.74,152.95,152.64,152.73,139275.11
2026-07-20 04:40:00,152.73,152.99,152.72,152.76,13914.76
2026-07-20 04:45:00,152.76,153.18,152.73,152.88,262.82
2026-07-20 04:50:00,152.88,153.4,152.78,153.11,24822.77
2026-07-20 04:55:00,153.11,153.22,153.02,153.18,56211.91
2026-07-20 05:00:00,153.18,153.68,153.11,153.45,90884.51
2026-07-20 05:05:00,153.45,153.98,153.44,153.75,42815.5
2026-07-20 05:10:00,153.75,153.8,153.5,153.74,53088.92
2026-07-20 05:15:00,153.74,153.98,153.6,153.74,31238.19
2026-07-20 05:20:00,153.74,153.91,153.68,153.88,54300.64
2026-07-20 05:25:00,153.88,154.05,153.63,153.69,32010.51
2026-07-20 05:30:00,153.69,153.87,153.68,153.85,90729.82
2026-07-20 05:35:00,153.85,154.4,153.82,154.09,57430.53
2026-07-20 05:40:00,154.09,154.19,153.9,153.96,63542.56
2026-07-20 05:45:00,153.96,154.01,153.72,153.95,88342.77
2026-07-20 05:50:00,153.95,154.33,153.86,154.0,126104.06
2026-07-20 05:55:00,154.0,154.43,153.93,154.07,8165.93
2026-07-20 06:00:00,154.07,154.55,153.88,153.94,607986.47
2026-07-20 06:05:00,153.94,154.0,153.72,153.86,78055.36
2026-07-20 06:10:00,153.86,154.01,153.76,153.9,56283.74
2026-07-20 06:15:00,153.9,153.99,153.52,153.56,44870.97
2026-07-20 06:20:00,153.56,153.75,153.41,153.7,29459.8
2026-07-20 06:25:00,153.7,153.87,153.48,153.82,950.5
2026-07-20 06:30:00,153.82,153.82,153.33,153.5,69530.12
2026-07-20 06:35:00,153.5,153.66,153.3,153.32,4905.72
2026-07-20 06:40:00,153.32,153.38,152.88,153.07,358.47
2026-07-20 06:45:00,153.07,153.31,152.92,153.03,3311.03
2026-07-20 06:50:00,153.03,153.11,152.81,152.88,30841.95
2026-07-20 06:55:00,152.88,153.48,152.76,153.39,411.27
2026-07-20 07:00:00,153.39,153.96,153.24,153.9,30932.05
2026-07-20 07:05:00,153.9,154.2,153.87,154.13,26175.11
2026-07-20 07:10:00,154.13,154.32,154.11,154.19,232320.57
2026-07-20 07:15:00,154.19,154.67,153.7,153.84,351512.57
2026-07-20 07:20:00,153.84,154.26,153.81,153.96,45307.23
2026-07-20 07:25:00,153.96,154.03,153.86,153.98,98127.07
2026-07-20 07:30:00,153.98,154.3,153.8,154.23,26288.03
2026-07-20 07:35:00,154.23,154.5,153.95,154.2,1943.15
2026-07-20 07:40:00,154.2,154.68,153.91,154.01,316371.47
2026-07-20 07:45:00,154.01,154.29,153.77,153.79,100314.49
2026-07-20 07:50:00,153.79,153.83,153.57,153.73,24632.41
2026-07-20 07:55:00,153.73,153.93,153.46,153.52,122887.61
2026-07-20 08:00:00,153.52,153.63,152.91,153.21,71934.5
2026-07-20 08:05:00,153.21,153.42,152.99,153.28,4528.55
2026-07-20 08:10:00,153.28,153.78,153.09,153.59,42972.41
2026-07-20 08:15:00,153.59,153.81,153.4,153.49,72382.38
2026-07-20 08:20:00,153.49,153.56,153.24,153.31,81936.63
2026-07-20 08:25:00,153.31,153.47,153.31,153.4,92296.02
2026-07-20 08:30:00,153.4,153.57,153.06,153.15,115570.79
2026-07-20 08:35:00,153.15,153.28,153.0,153.17,130.65
2026-07-20 08:40:00,153.17,153.25,152.79,152.8,7600.4
2026-07-20 08:45:00,152.8,153.09,152.77,152.94,68255.34
2026-07-20 08:50:00,152.94,153.21,152.83,153.14,91146.18
2026-07-20 08:55:00,153.14,153.25,153.09,153.19,23411.52
2026-07-20 09:00:00,153.19,153.22,153.1,153.2,282008.42
2026-07-20 09:05:00,153.2,153.31,153.04,153.29,27279.21
2026-07-20 09:10:00,153.29,153.57,153.27,153.55,45434.24
2026-07-20 09:15:00,153.55,153.73,153.37,153.49,103998.54
2026-07-20 09:20:00,153.49,153.81,153.43,153.73,34418.52
2026-07-20 09:25:00,153.73,154.13,153.49,154.06,2764.54
2026-07-20 09:30:00,154.06,154.12,153.77,153.84,47387.97
2026-07-20 09:35:00,153.84,153.98,153.78,153.92,19066.73
2026-07-20 09:40:00,153.92,154.54,153.41,153.46,561191.83
2026-07-20 09:45:00,153.46,153.65,153.18,153.29,65228.28
2026-07-20 09:50:00,153.29,153.59,153.26,153.38,75385.23
2026-07-20 09:55:00,153.38,153.59,153.34,153.39,5159.22
2026-07-20 10:00:00,153.39,153.43,153.22,153.41,913.5
2026-07-20 10:05:00,153.41,153.58,153.35,153.38,166520.89
2026-07-20 10:10:00,153.38,153.78,153.3,153.67,48125.75
2026-07-20 10:15:00,153.67,153.71,153.56,153.67,22056.65
2026-07-20 10:20:00,153.67,154.0,153.0,153.11,51721.22
2026-07-20 10:25:00,153.11,153.52,153.1,153.48,520.62
2026-07-20 10:30:00,153.48,153.63,153.36,153.37,1531.65
2026-07-20 10:35:00,153.37,153.94,153.31,153.6,16130.47
2026-07-20 10:40:00,153.6,153.61,153.4,153.43,64674.9
2026-07-20 10:45:00,153.43,153.47,153.18,153.42,22971.41
2026-07-20 10:50:00,153.42,153.47,152.85,153.09,34634.21
2026-07-20 10:55:00,153.09,153.18,152.86,153.11,47203.62
2026-07-20 11:00:00,153.11,153.3,152.84,153.05,36145.58
2026-07-20 11:05:00,153.05,153.17,152.6,152.7,30009.37
2026-07-20 11:10:00,152.7,152.72,152.44,152.6,94332.59
2026-07-20 11:15:00,152.6,152.66,152.16,152.48,31639.51
2026-07-20 11:20:00,152.48,152.66,152.39,152.48,20664.26
2026-07-20 11:25:00,152.48,152.67,152.11,152.43,24654.21
2026-07-20 11:30:00,152.43,152.64,151.79,151.91,101702.29
2026-07-20 11:35:00,151.91,152.4,151.65,152.25,138116.63
2026-07-20 11:40:00,152.25,152.77,152.23,152.43,74453.07
2026-07-20 11:45:00,152.43,152.49,152.17,152.3,21086.88
2026-07-20 11:50:00,152.3,152.51,152.3,152.51,61848.1
2026-07-20 11:55:00,152.51,152.85,152.48,152.58,3106.37
2026-07-20 12:00:00,152.58,152.62,152.49,152.6,70365.36
2026-07-20 12:05:00,152.6,152.75,152.01,152.27,24369.65
2026-07-20 12:10:00,152.27,152.66,152.0,152.48,64456.02
2026-07-20 12:15:00,152.48,152.69,152.44,152.54,127589.93
2026-07-20 12:20:00,152.54,152.89,152.49,152.67,30437.66
2026-07-20 12:25:00,152.67,152.7,152.23,152.3,54727.06
2026-07-20 12:30:00,152.3,152.32,152.07,152.22,10106.54
2026-07-20 12:35:00,152.22,152.38,152.01,152.27,18463.24
2026-07-20 12:40:00,152.27,152.44,152.09,152.34,380.56
2026-07-20 12:45:00,152.34,152.45,152.16,152.19,46081.42
2026-07-20 12:50:00,152.19,152.78,151.95,152.72,37759.13
2026-07-20 12:55:00,152.72,153.02,152.7,153.01,30784.7
2026-07-20 13:00:00,153.01,153.01,152.85,152.93,69994.81
2026-07-20 13:05:00,152.93,153.54,152.91,153.44,8010.22
2026-07-20 13:10:00,153.44,153.56,153.29,153.4,68581.74
2026-07-20 13:15:00,153.4,153.96,153.31,153.9,77845.19
2026-07-20 13:20:00,153.9,154.11,153.88,153.95,7776.39
2026-07-20 13:25:00,153.95,154.63,153.91,154.49,6168.37
2026-07-20 13:30:00,154.49,154.55,154.07,154.37,21864.68
2026-07-20 13:35:00,154.37,154.74,153.88,154.02,67602.96
2026-07-20 13:40:00,154.02,154.22,154.0,154.1,89505.9
2026-07-20 13:45:00,154.1,154.19,153.9,154.17,14877.94
2026-07-20 13:50:00,154.17,154.71,153.9,153.97,39041.89
2026-07-20 13:55:00,153.97,154.08,153.94,154.0,29724.46
2026-07-20 14:00:00,154.0,154.13,153.69,153.99,41333.43
2026-07-20 14:05:00,153.99,154.49,153.75,153.85,391779.48
2026-07-20 14:10:00,153.85,154.18,153.82,154.18,16800.42
2026-07-20 14:15:00,154.18,154.39,154.17,154.37,55334.02
2026-07-20 14:20:00,154.37,154.51,154.27,154.48,24272.64
2026-07-20 14:25:00,154.48,155.0,154.14,154.24,77435.83
2026-07-20 14:30:00,154.24,154.85,153.7,153.8,34001.2
2026-07-20 14:35:00,153.8,153.87,153.69,153.75,25968.09
2026-07-20 14:40:00,153.75,153.92,153.72,153.84,19792.0
2026-07-20 14:45:00,153.84,153.97,153.69,153.94,7404.65
2026-07-20 14:50:00,153.94,154.23,153.62,153.77,304085.79
2026-07-20 14:55:00,153.77,153.98,153.51,153.92,177969.55
2026-07-20 15:00:00,153.92,154.1,153.84,154.1,113121.99
2026-07-20 15:05:00,154.1,154.35,154.0,154.26,82309.23
2026-07-20 15:10:00,154.26,154.58,154.19,154.54,9417.51
2026-07-20 15:15:00,154.54,154.88,154.15,154.23,60064.89
2026-07-20 15:20:00,154.23,154.35,153.9,154.08,46293.08
2026-07-20 15:25:00,154.08,154.4,153.76,153.83,105067.38
2026-07-20 15:30:00,153.83,154.04,153.5,153.54,11718.57
2026-07-20 15:35:00,153.54,153.71,153.47,153.64,111114.6
2026-07-20 15:40:00,153.64,153.79,152.94,152.97,105862.38
2026-07-20 15:45:00,152.97,153.3,152.93,153.23,533.21
2026-07-20 15:50:00,153.23,153.59,153.0,153.13,6125.35
2026-07-20 15:55:00,153.13,153.4,152.6,152.71,9275.69
2026-07-20 16:00:00,152.71,152.84,152.7,152.72,5160.57
2026-07-20 16:05:00,152.72,152.98,152.71,152.95,5759.58
2026-07-20 16:10:00,152.95,153.07,152.53,152.54,37079.9
2026-07-20 16:15:00,152.54,153.05,152.39,152.97,25999.59
2026-07-20 16:20:00,152.97,153.07,152.66,152.74,59451.03
2026-07-20 16:25:00,152.74,152.89,152.7,152.79,140260.39
2026-07-20 16:30:00,152.79,152.81,152.66,152.76,67418.22
2026-07-20 16:35:00,152.76,153.46,152.66,153.43,23159.95
2026-07-20 16:40:00,153.43,153.78,153.05,153.59,75607.17
2026-07-20 16:45:00,153.59,154.13,153.56,154.04,19368.5
2026-07-20 16:50:00,154.04,154.38,153.73,154.29,6146.39
2026-07-20 16:55:00,154.29,154.54,154.03,154.13,88622.47
2026-07-20 17:00:00,154.13,154.28,153.78,153.92,7695.26
2026-07-20 17:05:00,153.92,154.4,153.88,154.24,30641.04
2026-07-20 17:10:00,154.24,154.79,153.81,153.96,111427.44
2026-07-20 17:15:00,153.96,154.17,153.68,153.98,39235.06
2026-07-20 17:20:00,153.98,154.0,153.83,153.85,407.88
2026-07-20 17:25:00,153.85,154.07,153.67,153.83,13353.7
2026-07-20 17:30:00,153.83,154.37,153.74,154.28,96783.39
2026-07-20 17:35:00,154.28,154.44,154.08,154.13,32035.82
2026-07-20 17:40:00,154.13,154.62,153.89,154.26,3273.45
2026-07-20 17:45:00,154.26,154.5,153.75,153.88,155422.95
2026-07-20 17:50:00,153.88,154.16,153.77,154.03,29358.6
2026-07-20 17:55:00,154.03,154.12,153.67,153.82,12972.18
2026-07-20 18:00:00,153.82,153.98,153.67,153.97,47873.92
2026-07-20 18:05:00,153.97,154.25,153.79,154.15,326805.04
2026-07-20 18:10:00,154.15,154.41,153.91,153.91,42305.66
2026-07-20 18:15:00,153.91,154.32,153.86,154.31,393.26
2026-07-20 18:20:00,154.31,154.62,154.07,154.11,39516.12
2026-07-20 18:25:00,154.11,154.15,153.88,153.98,7198.71
2026-07-20 18:30:00,153.98,154.12,153.39,153.42,12235.9
2026-07-20 18:35:00,153.42,153.84,153.35,153.76,4662.03
2026-07-20 18:40:00,153.76,153.83,153.59,153.83,124905.41
2026-07-20 18:45:00,153.83,154.02,153.8,153.92,81379.92
2026-07-20 18:50:00,153.92,154.02,153.6,153.6,77042.33
2026-07-20 18:55:00,153.6,154.02,153.48,153.75,137350.39
2026-07-20 19:00:00,153.75,153.79,153.12,153.41,246768.91
2026-07-20 19:05:00,153.41,153.6,153.36,153.52,18510.58
2026-07-20 19:10:00,153.52,153.56,152.84,153.02,68080.21
2026-07-20 19:15:00,153.02,153.17,152.99,153.15,80944.17
2026-07-20 19:20:00,153.15,153.18,152.9,152.91,21417.14
2026-07-20 19:25:00,152.91,152.98,152.75,152.79,25153.07
2026-07-20 19:30:00,152.79,153.18,152.75,152.99,4299.43
2026-07-20 19:35:00,152.99,153.14,152.91,153.07,19670.16
2026-07-20 19:40:00,153.07,153.83,152.82,153.6,126789.19
2026-07-20 19:45:00,153.6,153.72,153.53,153.58,74359.94
2026-07-20 19:50:00,153.58,154.04,153.39,153.69,5467.97
2026-07-20 19:55:00,153.69,154.22,153.66,153.85,13257.8
2026-07-20 20:00:00,153.85,154.09,153.66,153.96,42500.45
2026-07-20 20:05:00,153.96,154.03,153.28,153.71,50820.12
2026-07-20 20:10:00,153.71,154.23,153.49,153.99,61739.52
2026-07-20 20:15:00,153.99,154.12,153.57,154.04,91501.59
2026-07-20 20:20:00,154.04,154.36,153.57,153.7,1531.0
2026-07-20 20:25:00,153.7,153.88,153.37,153.85,107668.04
2026-07-20 20:30:00,153.85,154.1,153.83,153.93,136280.52
2026-07-20 20:35:00,153.93,153.98,153.5,153.69,3856.61
2026-07-20 20:40:00,153.69,153.73,152.98,153.14,18005.39
2026-07-20 20:45:00,153.14,153.15,152.98,153.07,28726.14
2026-07-20 20:50:00,153.07,153.35,152.96,153.13,18407.83
2026-07-20 20:55:00,153.13,153.43,153.08,153.2,15061.24
2026-07-20 21:00:00,153.2,153.73,152.9,153.6,23470.45
2026-07-20 21:05:00,153.6,153.78,153.24,153.56,19286.93
2026-07-20 21:10:00,153.56,154.04,153.41,153.87,102228.44
2026-07-20 21:15:00,153.87,154.15,153.61,153.7,13829.77
2026-07-20 21:20:00,153.7,154.26,153.37,153.89,30705.81
2026-07-20 21:25:00,153.89,154.03,153.86,153.9,14815.43
2026-07-20 21:30:00,153.9,153.91,153.53,153.62,32840.65
2026-07-20 21:35:00,153.62,153.66,153.46,153.6,2276.79
2026-07-20 21:40:00,153.6,153.98,153.56,153.82,21333.3
2026-07-20 21:45:00,153.82,153.98,153.77,153.96,22523.1
2026-07-20 21:50:00,153.96,154.33,153.69,154.24,70602.42
2026-07-20 21:55:00,154.24,154.8,153.84,153.92,87627.65
2026-07-20 22:00:00,153.92,154.4,153.89,154.3,6235.55
2026-07-20 22:05:00,154.3,154.54,154.3,154.38,37532.88
2026-07-20 22:10:00,154.38,154.89,154.32,154.85,38484.14
2026-07-20 22:15:00,154.85,154.93,154.16,154.26,51009.51
2026-07-20 22:20:00,154.26,154.93,153.92,154.07,19768.13
2026-07-20 22:25:00,154.07,154.34,153.98,154.33,31777.53
2026-07-20 22:30:00,154.33,154.91,153.94,154.07,74211.08
2026-07-20 22:35:00,154.07,154.12,153.78,154.08,14149.82
2026-07-20 22:40:00,154.08,154.18,153.44,153.55,100122.0
2026-07-20 22:45:00,153.55,153.91,153.2,153.37,17350.42
2026-07-20 22:50:00,153.37,153.92,153.25,153.77,147810.01
2026-07-20 22:55:00,153.77,153.99,153.55,153.78,5385.01
2026-07-20 23:00:00,153.78,153.89,153.44,153.63,27565.32
2026-07-20 23:05:00,153.63,153.68,153.59,153.68,2637.38
2026-07-20 23:10:00,153.68,153.7,153.19,153.31,20280.57
2026-07-20 23:15:00,153.31,153.64,153.05,153.5,175469.58
2026-07-20 23:20:00,153.5,153.5,153.42,153.49,57956.96
2026-07-20 23:25:00,153.49,153.87,153.43,153.69,66069.69
2026-07-20 23:30:00,153.69,154.11,153.63,153.79,125681.34
2026-07-20 23:35:00,153.79,153.83,153.25,153.49,31539.23
2026-07-20 23:40:00,153.49,153.76,153.44,153.57,147286.41
2026-07-20 23:45:00,153.57,153.63,153.44,153.51,72020.96
2026-07-20 23:50:00,153.51,153.76,153.41,153.66,137327.36
2026-07-20 23:55:00,153.66,153.82,153.46,153.56,93500.74
2026-07-21 00:00:00,153.56,153.9,153.45,153.87,149994.51
2026-07-21 00:05:00,153.87,154.03,153.49,153.89,160926.22
2026-07-21 00:10:00,153.89,154.06,153.71,153.93,40718.93
2026-07-21 00:15:00,153.93,154.31,153.91,154.12,114309.02
2026-07-21 00:20:00,154.12,154.27,153.98,154.15,9433.74
2026-07-21 00:25:00,154.15,154.19,153.99,154.13,7023.94
2026-07-21 00:30:00,154.13,154.16,153.85,153.85,55038.29
2026-07-21 00:35:00,153.85,154.03,153.6,153.72,24519.6
2026-07-21 00:40:00,153.72,153.86,153.68,153.79,46589.64
2026-07-21 00:45:00,153.79,154.15,153.58,153.99,30241.17
2026-07-21 00:50:00,153.99,154.01,153.8,153.81,109130.48
2026-07-21 00:55:00,153.81,154.51,153.78,154.49,62056.59
2026-07-21 01:00:00,154.49,154.78,154.36,154.78,7719.83
2026-07-21 01:05:00,154.78,155.04,154.3,154.37,10793.11
2026-07-21 01:10:00,154.37,154.42,154.16,154.31,59388.25
2026-07-21 01:15:00,154.31,154.68,154.08,154.5,2906.69
2026-07-21 01:20:00,154.5,154.91,154.45,154.72,90363.05
2026-07-21 01:25:00,154.72,155.39,154.3,154.36,27626.77
2026-07-21 01:30:00,154.36,154.83,154.29,154.71,10152.63
2026-07-21 01:35:00,154.71,154.98,154.4,154.78,73571.94
2026-07-21 01:40:00,154.78,154.89,154.72,154.82,56483.33
2026-07-21 01:45:00,154.82,155.45,154.44,154.52,147561.67
2026-07-21 01:50:00,154.52,154.65,154.21,154.27,17427.71
2026-07-21 01:55:00,154.27,154.34,153.95,154.07,5578.9
2026-07-21 02:00:00,154.07,154.1,153.93,154.09,12285.18
2026-07-21 02:05:00,154.09,154.24,153.97,154.2,13642.74
2026-07-21 02:10:00,154.2,154.24,153.59,153.74,1129.82
2026-07-21 02:15:00,153.74,153.88,153.64,153.84,88905.74
2026-07-21 02:20:00,153.84,154.29,153.71,154.06,22923.21
2026-07-21 02:25:00,154.06,154.16,153.66,153.71,202018.53
2026-07-21 02:30:00,153.71,153.97,153.35,153.36,31708.98
2026-07-21 02:35:00,153.36,153.58,152.84,153.52,185717.17
2026-07-21 02:40:00,153.52,153.89,152.87,153.01,46989.97
2026-07-21 02:45:00,153.01,153.08,152.64,152.75,17747.84
2026-07-21 02:50:00,152.75,152.81,152.7,152.74,7506.53
2026-07-21 02:55:00,152.74,153.21,152.07,153.07,27636.72
2026-07-21 03:00:00,153.07,153.28,153.06,153.24,27700.26
2026-07-21 03:05:00,153.24,153.75,152.93,153.7,638690.47
2026-07-21 03:10:00,153.7,153.76,153.44,153.45,111083.62
2026-07-21 03:15:00,153.45,153.67,153.35,153.66,31594.02
2026-07-21 03:20:00,153.66,153.97,153.59,153.88,44555.0
2026-07-21 03:25:00,153.88,154.22,153.76,154.15,99773.26
2026-07-21 03:30:00,154.15,154.34,153.84,153.97,44601.03
2026-07-21 03:35:00,153.97,154.08,153.95,153.96,7186.95
2026-07-21 03:40:00,153.96,154.34,153.88,154.21,50598.82
2026-07-21 03:45:00,154.21,154.3,153.96,154.16,7737.79
2026-07-21 03:50:00,154.16,154.25,153.7,153.75,49507.09
2026-07-21 03:55:00,153.75,153.93,153.74,153.93,21238.59
2026-07-21 04:00:00,153.93,154.36,153.8,154.11,41768.08
2026-07-21 04:05:00,154.11,154.19,153.99,154.09,7450.3
2026-07-21 04:10:00,154.09,154.18,153.88,154.18,25334.79
2026-07-21 04:15:00,154.18,154.36,153.97,154.3,74846.17
2026-07-21 04:20:00,154.3,154.6,154.08,154.42,42162.84
2026-07-21 04:25:00,154.42,154.46,154.21,154.23,48291.63
2026-07-21 04:30:00,154.23,154.27,154.21,154.27,47815.25
2026-07-21 04:35:00,154.27,154.66,154.23,154.52,9000.42
2026-07-21 04:40:00,154.52,154.55,154.42,154.53,6469.19
2026-07-21 04:45:00,154.53,154.69,154.46,154.58,3599.75
2026-07-21 04:50:00,154.58,154.82,154.23,154.4,25047.83
2026-07-21 04:55:00,154.4,154.85,154.25,154.52,30933.77
2026-07-21 05:00:00,154.52,154.85,154.31,154.35,21264.18
2026-07-21 05:05:00,154.35,154.37,154.17,154.35,3883.14
2026-07-21 05:10:00,154.35,154.48,153.96,154.02,52264.45
2026-07-21 05:15:00,154.02,154.06,153.94,154.06,11945.29
2026-07-21 05:20:00,154.06,154.08,153.9,154.0,95882.08
2026-07-21 05:25:00,154.0,154.15,153.74,153.78,30978.06
2026-07-21 05:30:00,153.78,154.07,153.38,153.62,12301.47
2026-07-21 05:35:00,153.62,154.11,153.58,153.9,26758.59
2026-07-21 05:40:00,153.9,154.29,153.84,154.05,72768.21
2026-07-21 05:45:00,154.05,154.27,153.85,154.23,49545.32
2026-07-21 05:50:00,154.23,154.3,153.78,153.85,122342.66
2026-07-21 05:55:00,153.85,154.29,153.79,154.2,44953.78
2026-07-21 06:00:00,154.2,154.34,153.79,153.88,6959.24
2026-07-21 06:05:00,153.88,154.22,153.78,154.16,71104.83
2026-07-21 06:10:00,154.16,154.52,154.07,154.27,45536.35
2026-07-21 06:15:00,154.27,154.37,153.67,153.72,4267.35
2026-07-21 06:20:00,153.72,154.38,153.31,154.09,16461.74
2026-07-21 06:25:00,154.09,154.09,153.96,154.07,11650.59
2026-07-21 06:30:00,154.07,154.45,153.87,154.29,11814.83
2026-07-21 06:35:00,154.29,154.47,154.15,154.18,69364.86
2026-07-21 06:40:00,154.18,154.23,153.83,154.01,32193.15
2026-07-21 06:45:00,154.01,154.07,153.87,154.04,33979.48
2026-07-21 06:50:00,154.04,154.14,153.97,154.0,115712.75
2026-07-21 06:55:00,154.0,154.38,153.84,154.36,52178.91
2026-07-21 07:00:00,154.36,154.94,154.33,154.87,53800.66
2026-07-21 07:05:00,154.87,155.18,154.55,154.6,35166.44
2026-07-21 07:10:00,154.6,154.97,154.18,154.23,205633.58
2026-07-21 07:15:00,154.23,154.33,153.96,154.0,2621.04
2026-07-21 07:20:00,154.0,154.59,153.98,154.23,51922.72
2026-07-21 07:25:00,154.23,154.61,154.15,154.3,56853.66
2026-07-21 07:30:00,154.3,154.72,154.19,154.69,8972.92
2026-07-21 07:35:00,154.69,154.72,154.57,154.59,27387.11
2026-07-21 07:40:00,154.59,155.18,154.32,154.41,478830.3
2026-07-21 07:45:00,154.41,154.48,154.18,154.44,26710.35
2026-07-21 07:50:00,154.44,154.45,154.26,154.26,87546.68
2026-07-21 07:55:00,154.26,154.34,154.06,154.31,145703.29
2026-07-21 08:00:00,154.31,154.4,154.21,154.39,1406.13
2026-07-21 08:05:00,154.39,154.52,154.21,154.37,54670.51
2026-07-21 08:10:00,154.37,154.71,154.22,154.68,53574.05
2026-07-21 08:15:00,154.68,154.95,154.39,154.94,22212.71
2026-07-21 08:20:00,154.94,155.18,154.82,155.13,14838.53
2026-07-21 08:25:00,155.13,155.15,154.92,154.96,51510.37
2026-07-21 08:30:00,154.96,155.23,154.4,154.53,108561.45
2026-07-21 08:35:00,154.53,154.69,154.43,154.64,55968.47
2026-07-21 08:40:00,154.64,154.71,154.06,154.14,24748.54
2026-07-21 08:45:00,154.14,154.57,153.97,154.5,119572.13
2026-07-21 08:50:00,154.5,155.0,154.43,154.91,28673.37
2026-07-21 08:55:00,154.91,154.94,154.43,154.5,35401.48
2026-07-21 09:00:00,154.5,154.64,154.41,154.44,75757.68
2026-07-21 09:05:00,154.44,154.74,154.39,154.55,19698.1
2026-07-21 09:10:00,154.55,154.93,154.46,154.57,34762.47
2026-07-21 09:15:00,154.57,154.85,154.06,154.15,19628.59
2026-07-21 09:20:00,154.15,154.29,153.93,154.17,50611.82
2026-07-21 09:25:00,154.17,154.24,153.82,153.91,52641.51
2026-07-21 09:30:00,153.91,154.4,153.62,154.26,274059.72
2026-07-21 09:35:00,154.26,154.46,154.2,154.37,11908.03
2026-07-21 09:40:00,154.37,155.04,154.09,154.77,10927.63
2026-07-21 09:45:00,154.77,154.97,154.6,154.68,63428.55
2026-07-21 09:50:00,154.68,155.25,154.5,155.15,274087.71
2026-07-21 09:55:00,155.15,155.27,154.95,155.03,9708.13
2026-07-21 10:00:00,155.03,155.36,155.02,155.32,8210.02
2026-07-21 10:05:00,155.32,155.42,155.28,155.32,116150.94
2026-07-21 10:10:00,155.32,156.02,154.93,155.01,3821.38
2026-07-21 10:15:00,155.01,155.3,154.81,154.97,13579.71
2026-07-21 10:20:00,154.97,155.22,154.97,154.97,51054.63
2026-07-21 10:25:00,154.97,155.11,154.8,154.99,80561.33
2026-07-21 10:30:00,154.99,155.31,154.96,155.26,27108.73
2026-07-21 10:35:00,155.26,155.51,155.03,155.09,58611.47
2026-07-21 10:40:00,155.09,155.19,154.96,155.02,29698.78
2026-07-21 10:45:00,155.02,155.08,154.8,154.93,56121.75
2026-07-21 10:50:00,154.93,155.29,154.78,155.2,16939.42
2026-07-21 10:55:00,155.2,155.43,155.12,155.41,5030.05
2026-07-21 11:00:00,155.41,155.47,155.28,155.34,65067.6
2026-07-21 11:05:00,155.34,155.83,155.18,155.67,162714.41
2026-07-21 11:10:00,155.67,155.98,155.65,155.9,52891.37
2026-07-21 11:15:00,155.9,156.32,155.54,155.59,456657.98
2026-07-21 11:20:00,155.59,155.74,155.58,155.64,52574.55
2026-07-21 11:25:00,155.64,156.09,155.32,155.38,238500.53
2026-07-21 11:30:00,155.38,155.81,155.3,155.64,118606.66
2026-07-21 11:35:00,155.64,156.19,155.21,155.34,85099.42
2026-07-21 11:40:00,155.34,155.63,155.23,155.35,125983.09
2026-07-21 11:45:00,155.35,155.71,155.35,155.35,25468.27
2026-07-21 11:50:00,155.35,155.66,155.11,155.64,15012.16
2026-07-21 11:55:00,155.64,156.15,155.58,155.99,61233.58
2026-07-21 12:00:00,155.99,156.56,155.68,155.72,274642.89
2026-07-21 12:05:00,155.72,155.91,155.31,155.57,49336.56
2026-07-21 12:10:00,155.57,156.12,155.36,155.79,165935.04
2026-07-21 12:15:00,155.79,156.08,155.73,155.91,67613.12
2026-07-21 12:20:00,155.91,156.06,155.5,155.6,90560.42
2026-07-21 12:25:00,155.6,155.98,155.56,155.8,32566.86
2026-07-21 12:30:00,155.8,156.32,155.55,155.64,290083.09
2026-07-21 12:35:00,155.64,155.7,155.31,155.55,2904.07
2026-07-21 12:40:00,155.55,155.87,155.39,155.58,46891.91
2026-07-21 12:45:00,155.58,155.6,155.25,155.36,32239.4
2026-07-21 12:50:00,155.36,155.55,155.23,155.43,103921.97
2026-07-21 12:55:00,155.43,155.58,155.33,155.38,101865.86
2026-07-21 13:00:00,155.38,155.59,155.32,155.56,69547.49
2026-07-21 13:05:00,155.56,156.28,155.32,155.94,873.46
2026-07-21 13:10:00,155.94,156.41,155.82,156.38,78310.83
2026-07-21 13:15:00,156.38,156.96,155.89,155.94,19625.46
2026-07-21 13:20:00,155.94,156.42,155.84,156.25,36651.53
2026-07-21 13:25:00,156.25,156.65,155.84,155.97,134879.68
2026-07-21 13:30:00,155.97,156.07,155.71,155.8,14874.58
2026-07-21 13:35:00,155.8,155.81,155.66,155.68,46118.23
2026-07-21 13:40:00,155.68,156.05,155.23,155.36,54874.12
2026-07-21 13:45:00,155.36,155.37,155.26,155.34,125422.37
2026-07-21 13:50:00,155.34,155.51,154.85,155.05,114367.17
2026-07-21 13:55:00,155.05,155.16,154.64,154.85,14111.32
2026-07-21 14:00:00,154.85,154.93,154.58,154.67,23507.69
2026-07-21 14:05:00,154.67,154.83,154.45,154.67,15600.6
2026-07-21 14:10:00,154.67,154.81,154.22,154.38,79070.33
2026-07-21 14:15:00,154.38,154.54,154.29,154.29,66058.96
2026-07-21 14:20:00,154.29,154.31,153.88,153.89,5333.12
2026-07-21 14:25:00,153.89,154.28,153.62,154.22,65926.89
2026-07-21 14:30:00,154.22,154.32,153.94,154.02,5219.3
2026-07-21 14:35:00,154.02,154.59,153.38,154.45,81903.08
2026-07-21 14:40:00,154.45,154.8,154.13,154.28,57466.64
2026-07-21 14:45:00,154.28,154.5,154.14,154.46,102377.8
2026-07-21 14:50:00,154.46,154.59,154.27,154.38,16897.64
2026-07-21 14:55:00,154.38,154.44,154.08,154.15,152854.43
2026-07-21 15:00:00,154.15,154.54,154.12,154.44,6332.6
2026-07-21 15:05:00,154.44,154.57,154.32,154.54,1552.75
2026-07-21 15:10:00,154.54,154.84,154.51,154.67,11255.69
2026-07-21 15:15:00,154.67,154.71,154.02,154.16,8034.7
2026-07-21 15:20:00,154.16,154.81,153.88,154.66,14421.53
2026-07-21 15:25:00,154.66,154.84,154.64,154.73,182895.59
2026-07-21 15:30:00,154.73,155.18,154.57,154.95,8948.39
2026-07-21 15:35:00,154.95,155.24,154.88,155.11,62803.65
2026-07-21 15:40:00,155.11,155.32,154.98,155.08,31492.81
2026-07-21 15:45:00,155.08,155.11,154.97,154.98,54651.78
2026-07-21 15:50:00,154.98,155.02,154.58,154.74,95968.5
2026-07-21 15:55:00,154.74,154.79,154.61,154.74,104775.88
2026-07-21 16:00:00,154.74,155.08,154.71,154.9,19905.45
2026-07-21 16:05:00,154.9,155.06,154.34,154.65,27460.49
2026-07-21 16:10:00,154.65,154.69,154.24,154.33,31657.73
2026-07-21 16:15:00,154.33,154.59,153.99,154.01,200827.38
2026-07-21 16:20:00,154.01,154.4,153.77,154.28,114653.86
2026-07-21 16:25:00,154.28,154.49,154.17,154.34,68511.69
2026-07-21 16:30:00,154.34,154.36,153.78,153.99,24479.09
2026-07-21 16:35:00,153.99,154.5,153.68,154.36,219919.96
2026-07-21 16:40:00,154.36,154.99,154.31,154.95,62088.43
2026-07-21 16:45:00,154.95,155.29,154.71,155.23,24008.83
2026-07-21 16:50:00,155.23,155.44,155.1,155.18,44397.07
2026-07-21 16:55:00,155.18,155.47,155.14,155.23,2578.68
2026-07-21 17:00:00,155.23,155.53,155.08,155.44,14843.61
2026-07-21 17:05:00,155.44,155.51,155.36,155.42,9921.74
2026-07-21 17:10:00,155.42,155.72,155.25,155.49,97852.04
2026-07-21 17:15:00,155.49,155.77,155.34,155.67,34045.21
2026-07-21 17:20:00,155.67,156.42,155.57,156.11,53869.33
2026-07-21 17:25:00,156.11,156.32,156.04,156.15,10342.87
2026-07-21 17:30:00,156.15,156.31,156.02,156.3,12284.95
2026-07-21 17:35:00,156.3,156.55,156.1,156.19,1660.4
2026-07-21 17:40:00,156.19,156.6,155.94,156.36,30741.08
2026-07-21 17:45:00,156.36,157.0,155.96,156.04,114.78
2026-07-21 17:50:00,156.04,156.34,155.74,156.05,39503.53
2026-07-21 17:55:00,156.05,156.14,155.97,156.03,32422.2
2026-07-21 18:00:00,156.03,156.27,155.9,156.05,84252.29
2026-07-21 18:05:00,156.05,156.07,155.36,155.62,20048.46
2026-07-21 18:10:00,155.62,155.68,155.51,155.6,83202.29
2026-07-21 18:15:00,155.6,155.62,154.73,155.19,103170.42
2026-07-21 18:20:00,155.19,155.42,154.93,155.21,17955.88
2026-07-21 18:25:00,155.21,155.27,154.96,155.11,24521.21
2026-07-21 18:30:00,155.11,155.46,154.89,155.25,22369.4
2026-07-21 18:35:00,155.25,155.42,155.11,155.35,8293.37
2026-07-21 18:40:00,155.35,155.92,155.24,155.78,15314.91
2026-07-21 18:45:00,155.78,155.94,155.77,155.81,11837.49
2026-07-21 18:50:00,155.81,156.42,155.7,156.16,29680.65
2026-07-21 18:55:00,156.16,156.2,155.64,155.78,88318.04
2026-07-21 19:00:00,155.78,156.02,155.26,155.55,29179.21
2026-07-21 19:05:00,155.55,155.59,155.47,155.53,58195.88
2026-07-21 19:10:00,155.53,155.66,154.98,155.08,6210.78
2026-07-21 19:15:00,155.08,155.34,154.63,154.65,155564.58
2026-07-21 19:20:00,154.65,154.84,154.52,154.68,45883.99
2026-07-21 19:25:00,154.68,154.74,154.51,154.7,35252.61
2026-07-21 19:30:00,154.7,155.19,154.57,154.8,44643.52
2026-07-21 19:35:00,154.8,154.85,154.65,154.72,44138.69
2026-07-21 19:40:00,154.72,154.86,154.71,154.82,150816.95
2026-07-21 19:45:00,154.82,155.32,154.56,155.29,9454.56
2026-07-21 19:50:00,155.29,155.68,154.55,154.67,32587.45
2026-07-21 19:55:00,154.67,155.03,154.47,155.0,29337.35
2026-07-21 20:00:00,155.0,155.07,154.94,154.97,14289.71
2026-07-21 20:05:00,154.97,154.99,154.92,154.95,65058.69
2026-07-21 20:10:00,154.95,155.15,154.84,155.06,61880.58
2026-07-21 20:15:00,155.06,155.16,154.47,154.62,43131.09
2026-07-21 20:20:00,154.62,154.67,154.3,154.34,358.36
2026-07-21 20:25:00,154.34,154.34,153.85,153.94,164963.09
2026-07-21 20:30:00,153.94,154.1,153.93,153.96,30872.42
2026-07-21 20:35:00,153.96,154.33,153.42,154.26,140611.5
2026-07-21 20:40:00,154.26,154.3,154.08,154.14,43165.68
2026-07-21 20:45:00,154.14,154.18,153.84,153.99,16975.63
2026-07-21 20:50:00,153.99,154.24,153.49,154.16,124133.18
2026-07-21 20:55:00,154.16,154.54,153.86,154.36,35629.11
2026-07-21 21:00:00,154.36,154.62,154.25,154.61,104738.06
2026-07-21 21:05:00,154.61,154.65,154.5,154.58,16589.38
2026-07-21 21:10:00,154.58,154.73,154.58,154.7,41747.69
2026-07-21 21:15:00,154.7,154.78,154.58,154.61,6198.56
2026-07-21 21:20:00,154.61,154.63,154.19,154.45,7290.35
2026-07-21 21:25:00,154.45,154.67,154.32,154.49,20421.2
2026-07-21 21:30:00,154.49,154.83,154.22,154.25,64810.27
2026-07-21 21:35:00,154.25,154.31,153.96,154.03,42137.73
2026-07-21 21:40:00,154.03,154.35,153.49,154.22,29386.26
2026-07-21 21:45:00,154.22,154.6,154.04,154.36,196867.05
2026-07-21 21:50:00,154.36,154.74,154.36,154.73,199903.69
2026-07-21 21:55:00,154.73,155.0,154.36,154.62,128930.3
2026-07-21 22:00:00,154.62,154.62,154.26,154.27,133608.13
2026-07-21 22:05:00,154.27,154.66,154.01,154.51,281428.67
2026-07-21 22:10:00,154.51,154.52,154.36,154.37,24650.07
2026-07-21 22:15:00,154.37,154.78,154.27,154.68,16499.44
2026-07-21 22:20:00,154.68,155.1,154.45,155.06,58487.66
2026-07-21 22:25:00,155.06,155.1,154.94,155.09,50621.42
2026-07-21 22:30:00,155.09,155.19,155.0,155.04,44164.35
2026-07-21 22:35:00,155.04,155.48,155.02,155.16,42072.45
2026-07-21 22:40:00,155.16,155.34,155.09,155.25,13455.28
2026-07-21 22:45:00,155.25,155.46,155.02,155.43,115403.1
2026-07-21 22:50:00,155.43,155.6,154.91,155.29,50299.61
2026-07-21 22:55:00,155.29,155.29,155.1,155.19,30538.31
2026-07-21 23:00:00,155.19,155.22,154.83,155.2,3851.87
2026-07-21 23:05:00,155.2,155.61,155.17,155.38,34234.91
2026-07-21 23:10:00,155.38,156.1,155.24,155.81,11146.64
2026-07-21 23:15:00,155.81,155.89,155.39,155.45,5622.95
2026-07-21 23:20:00,155.45,155.85,155.43,155.71,27729.13
2026-07-21 23:25:00,155.71,156.1,155.6,155.97,119826.19
2026-07-21 23:30:00,155.97,156.25,155.84,155.95,21812.34
2026-07-21 23:35:00,155.95,156.69,155.91,156.65,50452.13
2026-07-21 23:40:00,156.65,156.9,156.34,156.7,125297.72
2026-07-21 23:45:00,156.7,157.2,156.64,157.08,65257.82
2026-07-21 23:50:00,157.08,157.26,156.87,157.21,70188.34
2026-07-21 23:55:00,157.21,157.88,156.82,156.89,471188.22
2026-07-22 00:00:00,156.89,157.03,156.83,156.99,11738.01
2026-07-22 00:05:00,156.99,157.27,156.57,157.16,5251.19
2026-07-22 00:10:00,157.16,157.42,157.07,157.34,59372.78
2026-07-22 00:15:00,157.34,157.95,156.91,157.05,213182.84
2026-07-22 00:20:00,157.05,157.34,156.98,157.32,13393.49
2026-07-22 00:25:00,157.32,157.37,156.95,157.13,207443.37
2026-07-22 00:30:00,157.13,157.3,156.88,157.01,154970.31
2026-07-22 00:35:00,157.01,157.03,156.75,156.97,163188.11
2026-07-22 00:40:00,156.97,156.99,156.71,156.85,38135.82
2026-07-22 00:45:00,156.85,157.24,156.77,157.18,111932.52
2026-07-22 00:50:00,157.18,157.44,156.7,156.81,55681.09
2026-07-22 00:55:00,156.81,157.35,156.64,157.21,32817.77
2026-07-22 01:00:00,157.21,157.35,157.02,157.07,23103.69
2026-07-22 01:05:00,157.07,157.22,157.05,157.17,1975.89
2026-07-22 01:10:00,157.17,157.24,156.84,157.13,76411.3
2026-07-22 01:15:00,157.13,157.87,156.69,157.48,31418.53
2026-07-22 01:20:00,157.48,157.67,157.29,157.36,66528.93
2026-07-22 01:25:00,157.36,157.88,157.17,157.87,11675.63
2026-07-22 01:30:00,157.87,158.35,157.55,157.7,62282.43
2026-07-22 01:35:00,157.7,157.98,157.57,157.94,13212.75
2026-07-22 01:40:00,157.94,158.23,157.43,157.49,258737.47
2026-07-22 01:45:00,157.49,158.11,157.24,157.34,217452.04
2026-07-22 01:50:00,157.34,157.58,157.31,157.52,103971.76
2026-07-22 01:55:00,157.52,158.06,157.16,157.3,339076.9
2026-07-22 02:00:00,157.3,157.55,156.78,156.91,5192.64
2026-07-22 02:05:00,156.91,157.69,156.74,157.64,24564.35
2026-07-22 02:10:00,157.64,157.67,157.57,157.65,40194.44
2026-07-22 02:15:00,157.65,157.68,157.32,157.34,5863.96
2026-07-22 02:20:00,157.34,157.48,157.13,157.39,187621.16
2026-07-22 02:25:00,157.39,157.69,157.25,157.53,56699.66
2026-07-22 02:30:00,157.53,157.77,156.7,156.93,147545.92
2026-07-22 02:35:00,156.93,157.27,156.9,157.16,39397.19
2026-07-22 02:40:00,157.16,157.7,157.15,157.67,39809.43
2026-07-22 02:45:00,157.67,157.91,157.62,157.83,14225.05
2026-07-22 02:50:00,157.83,158.61,157.82,158.51,51625.55
2026-07-22 02:55:00,158.51,159.11,158.45,158.85,1461.8
2026-07-22 03:00:00,158.85,159.53,158.38,158.52,618566.3
2026-07-22 03:05:00,158.52,158.61,158.28,158.41,32290.8
2026-07-22 03:10:00,158.41,158.7,157.97,158.06,228914.85
2026-07-22 03:15:00,158.06,158.53,157.57,157.68,317348.52
2026-07-22 03:20:00,157.68,158.07,157.5,157.62,138397.96
2026-07-22 03:25:00,157.62,157.66,157.46,157.58,157234.82
2026-07-22 03:30:00,157.58,157.63,156.97,157.15,12958.92
2026-07-22 03:35:00,157.15,157.48,156.93,157.23,45033.63
2026-07-22 03:40:00,157.23,157.36,157.0,157.33,16437.21
2026-07-22 03:45:00,157.33,157.93,157.3,157.91,90924.02
2026-07-22 03:50:00,157.91,157.92,157.76,157.92,608.62
2026-07-22 03:55:00,157.92,158.01,157.42,157.51,145087.14
2026-07-22 04:00:00,157.51,158.01,157.39,157.92,163369.19
2026-07-22 04:05:00,157.92,158.0,157.7,157.71,14271.7
2026-07-22 04:10:00,157.71,157.9,157.7,157.89,17688.82
2026-07-22 04:15:00,157.89,158.05,157.5,157.91,38429.02
2026-07-22 04:20:00,157.91,158.06,157.8,157.86,45094.75
2026-07-22 04:25:00,157.86,158.21,157.74,158.09,33841.74
2026-07-22 04:30:00,158.09,158.15,157.94,158.0,102458.78
2026-07-22 04:35:00,158.0,158.03,157.57,157.74,130196.97
2026-07-22 04:40:00,157.74,157.87,157.68,157.72,116899.01
2026-07-22 04:45:00,157.72,157.92,157.52,157.91,14817.27
2026-07-22 04:50:00,157.91,158.17,157.89,157.97,47465.06
2026-07-22 04:55:00,157.97,158.23,157.77,158.2,10510.69
2026-07-22 05:00:00,158.2,158.51,158.09,158.39,11964.53
2026-07-22 05:05:00,158.39,158.6,158.33,158.47,144002.11
2026-07-22 05:10:00,158.47,158.48,158.36,158.38,49840.73
2026-07-22 05:15:00,158.38,158.5,158.0,158.03,30844.25
2026-07-22 05:20:00,158.03,158.16,157.99,158.14,97840.49
2026-07-22 05:25:00,158.14,158.38,158.1,158.33,11009.43
2026-07-22 05:30:00,158.33,158.41,158.15,158.31,57310.71
2026-07-22 05:35:00,158.31,158.72,158.2,158.39,130093.51
2026-07-22 05:40:00,158.39,158.7,158.36,158.67,92877.91
2026-07-22 05:45:00,158.67,158.83,158.33,158.45,44176.12
2026-07-22 05:50:00,158.45,158.51,158.02,158.29,51455.55
2026-07-22 05:55:00,158.29,158.33,157.79,157.79,134465.77
2026-07-22 06:00:00,157.79,158.21,157.5,157.98,28533.86
2026-07-22 06:05:00,157.98,158.25,157.9,158.22,7551.43
2026-07-22 06:10:00,158.22,158.27,158.07,158.1,43129.02
2026-07-22 06:15:00,158.1,158.2,157.94,158.15,11057.64
2026-07-22 06:20:00,158.15,158.22,157.92,158.05,5529.01
2026-07-22 06:25:00,158.05,158.28,157.63,157.86,2635.84
2026-07-22 06:30:00,157.86,157.97,157.44,157.6,11769.22
2026-07-22 06:35:00,157.6,158.06,157.5,157.74,2737.75
2026-07-22 06:40:00,157.74,157.86,157.42,157.5,109100.32
2026-07-22 06:45:00,157.5,157.85,156.97,157.33,21513.56
2026-07-22 06:50:00,157.33,157.55,157.14,157.53,15274.81
2026-07-22 06:55:00,157.53,158.15,157.42,157.94,7743.82
2026-07-22 07:00:00,157.94,158.38,157.84,158.11,9670.1
2026-07-22 07:05:00,158.11,158.71,158.03,158.53,29606.54
2026-07-22 07:10:00,158.53,158.87,158.42,158.71,12820.49
2026-07-22 07:15:00,158.71,159.01,158.54,158.75,66102.73
2026-07-22 07:20:00,158.75,158.94,158.67,158.8,8938.56
2026-07-22 07:25:00,158.8,159.38,158.53,158.65,37155.23
2026-07-22 07:30:00,158.65,159.12,158.37,159.03,9479.42
2026-07-22 07:35:00,159.03,159.5,158.88,159.46,31481.64
2026-07-22 07:40:00,159.46,159.48,159.38,159.43,64646.68
2026-07-22 07:45:00,159.43,159.73,159.01,159.15,351025.13
2026-07-22 07:50:00,159.15,159.51,159.14,159.35,24887.2
2026-07-22 07:55:00,159.35,159.64,159.26,159.43,86939.24
2026-07-22 08:00:00,159.43,159.57,159.03,159.13,26572.12
2026-07-22 08:05:00,159.13,160.02,159.07,159.78,121400.8
2026-07-22 08:10:00,159.78,160.27,159.57,159.81,101158.63
2026-07-22 08:15:00,159.81,160.43,159.45,159.56,371694.67
2026-07-22 08:20:00,159.56,159.68,159.22,159.32,45675.5
2026-07-22 08:25:00,159.32,159.83,159.06,159.12,314840.75
2026-07-22 08:30:00,159.12,159.52,158.94,159.37,25697.28
2026-07-22 08:35:00,159.37,159.57,159.07,159.22,36625.57
2026-07-22 08:40:00,159.22,159.43,159.11,159.3,28321.39
2026-07-22 08:45:00,159.3,159.49,159.13,159.16,20258.15
2026-07-22 08:50:00,159.16,159.7,158.63,158.76,202827.39
2026-07-22 08:55:00,158.76,159.06,158.23,158.37,170441.66
2026-07-22 09:00:00,158.37,158.62,158.34,158.46,102265.09
2026-07-22 09:05:00,158.46,158.6,158.19,158.37,45514.67
2026-07-22 09:10:00,158.37,158.46,158.28,158.41,3051.73
2026-07-22 09:15:00,158.41,158.99,158.29,158.79,24451.73
2026-07-22 09:20:00,158.79,158.87,158.58,158.69,51740.1
2026-07-22 09:25:00,158.69,158.79,158.25,158.38,14647.43
2026-07-22 09:30:00,158.38,158.64,158.36,158.46,1118.94
2026-07-22 09:35:00,158.46,158.47,158.25,158.39,18961.0
2026-07-22 09:40:00,158.39,158.6,158.21,158.24,68184.39
2026-07-22 09:45:00,158.24,158.8,158.12,158.63,32836.99
2026-07-22 09:50:00,158.63,158.92,158.25,158.84,62715.55
2026-07-22 09:55:00,158.84,159.33,158.45,158.53,588020.77
2026-07-22 10:00:00,158.53,158.62,158.38,158.53,36766.85
2026-07-22 10:05:00,158.53,158.63,158.41,158.5,32134.62
2026-07-22 10:10:00,158.5,158.76,158.48,158.75,82139.3
2026-07-22 10:15:00,158.75,159.07,158.64,159.03,18726.39
2026-07-22 10:20:00,159.03,159.23,158.65,158.76,60680.9
2026-07-22 10:25:00,158.76,159.01,158.12,158.37,46795.18
2026-07-22 10:30:00,158.37,158.78,158.19,158.71,41266.76
2026-07-22 10:35:00,158.71,159.39,158.51,158.58,116142.36
2026-07-22 10:40:00,158.58,159.35,158.42,159.15,56093.73
2026-07-22 10:45:00,159.15,159.57,158.93,158.99,36606.73
2026-07-22 10:50:00,158.99,159.61,158.94,159.43,62155.62
2026-07-22 10:55:00,159.43,159.58,159.31,159.56,24680.01
2026-07-22 11:00:00,159.56,160.02,159.27,159.38,310785.73
2026-07-22 11:05:00,159.38,159.7,159.21,159.61,32822.3
2026-07-22 11:10:00,159.61,160.09,159.03,159.17,71382.8
2026-07-22 11:15:00,159.17,159.51,158.67,158.78,183043.81
2026-07-22 11:20:00,158.78,159.04,158.71,158.74,73516.81
2026-07-22 11:25:00,158.74,159.03,158.42,158.43,59155.53
2026-07-22 11:30:00,158.43,158.72,158.23,158.25,79091.35
2026-07-22 11:35:00,158.25,158.27,157.9,158.05,49949.15
2026-07-22 11:40:00,158.05,158.31,157.71,158.11,44375.45
2026-07-22 11:45:00,158.11,158.32,158.02,158.26,18730.34
2026-07-22 11:50:00,158.26,158.61,158.25,158.55,91040.14
2026-07-22 11:55:00,158.55,158.7,158.05,158.23,185113.83
2026-07-22 12:00:00,158.23,158.88,158.04,158.44,82246.45
2026-07-22 12:05:00,158.44,158.67,158.06,158.4,12450.65
2026-07-22 12:10:00,158.4,158.49,158.16,158.47,56286.27
2026-07-22 12:15:00,158.47,158.53,158.42,158.44,169.56
2026-07-22 12:20:00,158.44,158.9,158.29,158.57,26877.58
2026-07-22 12:25:00,158.57,158.74,158.27,158.73,30374.32
2026-07-22 12:30:00,158.73,159.05,158.58,159.05,22298.6
2026-07-22 12:35:00,159.05,159.29,158.93,159.06,117570.6
2026-07-22 12:40:00,159.06,159.33,158.98,159.32,25837.63
2026-07-22 12:45:00,159.32,159.59,159.31,159.43,39912.29
2026-07-22 12:50:00,159.43,159.61,159.14,159.22,30165.4
2026-07-22 12:55:00,159.22,159.26,158.94,158.97,6139.36
2026-07-22 13:00:00,158.97,159.33,158.84,159.19,46072.38
2026-07-22 13:05:00,159.19,159.38,159.03,159.29,36285.15
2026-07-22 13:10:00,159.29,159.41,159.0,159.16,45882.2
2026-07-22 13:15:00,159.16,159.23,158.55,158.64,8369.4
2026-07-22 13:20:00,158.64,158.72,158.59,158.68,27161.56
2026-07-22 13:25:00,158.68,158.81,158.61,158.73,35736.98
2026-07-22 13:30:00,158.73,158.86,158.51,158.71,19370.9
2026-07-22 13:35:00,158.71,158.76,157.79,157.99,20781.26
2026-07-22 13:40:00,157.99,158.06,157.62,157.63,37365.42
2026-07-22 13:45:00,157.63,158.03,157.62,157.97,176061.81
2026-07-22 13:50:00,157.97,158.14,157.52,157.59,6912.27
2026-07-22 13:55:00,157.59,158.12,157.15,158.06,133738.56
2026-07-22 14:00:00,158.06,158.19,158.01,158.04,203717.67
2026-07-22 14:05:00,158.04,158.24,157.72,157.87,20339.28
2026-07-22 14:10:00,157.87,158.07,157.52,158.01,2410.54
2026-07-22 14:15:00,158.01,158.44,157.92,158.23,60419.22
2026-07-22 14:20:00,158.23,158.86,157.94,158.64,282.09
2026-07-22 14:25:00,158.64,158.72,158.48,158.71,54078.39
2026-07-22 14:30:00,158.71,158.96,158.62,158.67,13628.73
2026-07-22 14:35:00,158.67,158.67,158.31,158.41,13855.95
2026-07-22 14:40:00,158.41,159.03,158.18,158.78,93920.04
2026-07-22 14:45:00,158.78,159.3,158.77,158.99,5839.08
2026-07-22 14:50:00,158.99,159.3,158.82,158.98,1716.77
2026-07-22 14:55:00,158.98,159.08,158.9,159.04,39485.54
2026-07-22 15:00:00,159.04,159.17,158.96,159.03,2923.05
2026-07-22 15:05:00,159.03,159.05,158.87,158.91,52314.54
2026-07-22 15:10:00,158.91,159.27,158.6,159.26,22165.08
2026-07-22 15:15:00,159.26,159.73,159.26,159.61,98343.0
2026-07-22 15:20:00,159.61,160.29,159.38,159.46,101821.1
2026-07-22 15:25:00,159.46,159.56,159.02,159.14,16172.81
2026-07-22 15:30:00,159.14,159.37,158.83,158.99,179717.5
2026-07-22 15:35:00,158.99,159.41,158.73,159.24,42976.84
2026-07-22 15:40:00,159.24,159.83,159.09,159.42,15563.16
2026-07-22 15:45:00,159.42,159.67,159.02,159.09,23003.23
2026-07-22 15:50:00,159.09,159.4,158.79,158.92,190122.91
2026-07-22 15:55:00,158.92,159.26,158.85,159.25,13319.0
2026-07-22 16:00:00,159.25,159.34,158.79,158.81,51834.18
2026-07-22 16:05:00,158.81,158.93,158.67,158.86,1398.95
2026-07-22 16:10:00,158.86,158.99,158.36,158.48,40890.2
2026-07-22 16:15:00,158.48,158.61,158.19,158.2,39551.62
2026-07-22 16:20:00,158.2,158.57,157.88,158.43,126501.66
2026-07-22 16:25:00,158.43,158.56,158.35,158.41,50819.52
2026-07-22 16:30:00,158.41,158.56,158.25,158.41,65389.45
2026-07-22 16:35:00,158.41,158.54,158.41,158.43,3414.91
2026-07-22 16:40:00,158.43,158.52,158.1,158.14,13681.38
2026-07-22 16:45:00,158.14,158.16,157.7,157.87,29233.03
2026-07-22 16:50:00,157.87,157.99,157.82,157.88,4397.01
2026-07-22 16:55:00,157.88,158.11,157.84,157.96,121995.77
2026-07-22 17:00:00,157.96,158.19,157.74,157.89,85048.12
2026-07-22 17:05:00,157.89,158.35,157.6,158.29,78450.56
2026-07-22 17:10:00,158.29,158.62,158.22,158.32,9815.06
2026-07-22 17:15:00,158.32,158.5,158.03,158.43,75024.09
2026-07-22 17:20:00,158.43,158.62,157.89,157.89,62978.71
2026-07-22 17:25:00,157.89,158.2,157.86,158.19,54791.66
2026-07-22 17:30:00,158.19,158.61,157.98,158.27,22086.09
2026-07-22 17:35:00,158.27,158.42,158.16,158.19,158061.34
2026-07-22 17:40:00,158.19,158.46,158.08,158.19,14453.45
2026-07-22 17:45:00,158.19,158.34,158.03,158.26,3695.5
2026-07-22 17:50:00,158.26,158.83,158.2,158.67,99515.59
2026-07-22 17:55:00,158.67,158.73,158.47,158.51,28161.27
2026-07-22 18:00:00,158.51,159.17,158.44,158.91,785.37
2026-07-22 18:05:00,158.91,158.98,158.6,158.65,87866.96
2026-07-22 18:10:00,158.65,158.73,158.5,158.67,115271.09
2026-07-22 18:15:00,158.67,158.81,158.0,158.08,73011.53
2026-07-22 18:20:00,158.08,158.23,157.98,158.08,4480.36
2026-07-22 18:25:00,158.08,158.27,157.79,158.04,4977.27
2026-07-22 18:30:00,158.04,158.33,157.72,157.76,190612.3
2026-07-22 18:35:00,157.76,157.8,157.63,157.64,34754.48
2026-07-22 18:40:00,157.64,157.71,157.48,157.54,22394.43
2026-07-22 18:45:00,157.54,157.78,157.38,157.57,42935.83
2026-07-22 18:50:00,157.57,157.99,157.01,157.92,82991.34
2026-07-22 18:55:00,157.92,158.33,157.32,157.49,24000.45
2026-07-22 19:00:00,157.49,157.54,157.47,157.54,223699.95
2026-07-22 19:05:00,157.54,157.62,157.26,157.29,26121.8
2026-07-22 19:10:00,157.29,157.64,157.14,157.15,223839.12
2026-07-22 19:15:00,157.15,157.7,156.86,157.62,72491.9
2026-07-22 19:20:00,157.62,158.2,157.11,158.08,21726.94
2026-07-22 19:25:00,158.08,158.67,158.0,158.56,28343.48
2026-07-22 19:30:00,158.56,158.59,158.09,158.42,13380.85
2026-07-22 19:35:00,158.42,158.52,158.24,158.36,201946.73
2026-07-22 19:40:00,158.36,158.44,158.18,158.41,36030.75
2026-07-22 19:45:00,158.41,158.52,157.93,158.04,141780.22
2026-07-22 19:50:00,158.04,158.26,157.9,157.94,101424.37
2026-07-22 19:55:00,157.94,157.95,157.4,157.48,22044.2
2026-07-22 20:00:00,157.48,157.66,157.26,157.51,36687.76
2026-07-22 20:05:00,157.51,157.55,157.4,157.5,2870.76
2026-07-22 20:10:00,157.5,157.7,157.36,157.44,33061.17
2026-07-22 20:15:00,157.44,157.47,156.82,157.0,95919.38
2026-07-22 20:20:00,157.0,157.29,156.43,157.22,700708.21
2026-07-22 20:25:00,157.22,157.25,156.76,156.88,11365.88
2026-07-22 20:30:00,156.88,157.17,156.78,157.11,60121.17
2026-07-22 20:35:00,157.11,157.29,157.02,157.03,48757.49
2026-07-22 20:40:00,157.03,157.49,156.87,157.25,35097.45
2026-07-22 20:45:00,157.25,157.68,157.13,157.51,18666.94
2026-07-22 20:50:00,157.51,157.8,157.04,157.23,81348.31
2026-07-22 20:55:00,157.23,157.43,156.78,157.36,58643.18
2026-07-22 21:00:00,157.36,157.86,156.66,157.73,238701.59
2026-07-22 21:05:00,157.73,158.16,157.64,158.04,58313.15
2026-07-22 21:10:00,158.04,158.14,157.66,157.84,111981.89
2026-07-22 21:15:00,157.84,157.88,157.82,157.85,5041.43
2026-07-22 21:20:00,157.85,157.9,157.65,157.76,106804.18
2026-07-22 21:25:00,157.76,158.03,157.43,157.47,9496.95
2026-07-22 21:30:00,157.47,157.67,157.33,157.59,83919.14
2026-07-22 21:35:00,157.59,157.79,157.35,157.46,40425.13
2026-07-22 21:40:00,157.46,157.69,157.45,157.61,123101.75
2026-07-22 21:45:00,157.61,158.16,157.41,158.08,47077.37
2026-07-22 21:50:00,158.08,158.25,157.96,157.97,148908.72
2026-07-22 21:55:00,157.97,158.29,157.9,158.09,2413.26
2026-07-22 22:00:00,158.09,158.26,157.9,158.07,54491.05
2026-07-22 22:05:00,158.07,158.52,157.99,158.3,15415.41
2026-07-22 22:10:00,158.3,158.37,157.68,158.02,16588.93
2026-07-22 22:15:00,158.02,158.3,157.84,158.22,22882.28
2026-07-22 22:20:00,158.22,158.26,157.93,158.13,13032.85
2026-07-22 22:25:00,158.13,158.86,158.01,158.59,32014.94
2026-07-22 22:30:00,158.59,159.33,158.29,159.29,101391.3
2026-07-22 22:35:00,159.29,159.47,159.13,159.19,175424.16
2026-07-22 22:40:00,159.19,159.32,159.1,159.31,928.66
2026-07-22 22:45:00,159.31,160.01,158.73,158.84,369473.15
2026-07-22 22:50:00,158.84,158.87,158.76,158.79,36678.04
2026-07-22 22:55:00,158.79,158.94,158.62,158.65,41794.5
2026-07-22 23:00:00,158.65,158.74,158.48,158.68,90377.18
2026-07-22 23:05:00,158.68,158.72,158.16,158.48,2982.03
2026-07-22 23:10:00,158.48,158.64,158.27,158.4,51027.25
2026-07-22 23:15:00,158.4,158.52,158.17,158.27,92740.66
2026-07-22 23:20:00,158.27,158.51,158.18,158.28,28669.23
2026-07-22 23:25:00,158.28,158.33,158.15,158.22,42609.97
2026-07-22 23:30:00,158.22,158.3,158.06,158.3,237550.42
2026-07-22 23:35:00,158.3,158.82,158.16,158.62,9723.95
2026-07-22 23:40:00,158.62,158.72,158.3,158.33,106034.29
2026-07-22 23:45:00,158.33,158.9,158.21,158.66,47974.75
2026-07-22 23:50:00,158.66,159.01,158.58,158.96,3948.08
2026-07-22 23:55:00,158.96,159.15,158.94,158.99,4662.78
2026-07-23 00:00:00,158.99,159.15,158.6,158.65,179744.51
2026-07-23 00:05:00,158.65,158.68,158.16,158.47,92652.94
2026-07-23 00:10:00,158.47,159.01,158.42,158.95,48980.09
2026-07-23 00:15:00,158.95,159.45,158.93,159.39,65408.4
2026-07-23 00:20:00,159.39,159.97,158.96,159.11,102934.84
2026-07-23 00:25:00,159.11,159.55,158.6,158.7,784339.6
2026-07-23 00:30:00,158.7,158.84,158.61,158.76,131701.03
2026-07-23 00:35:00,158.76,158.82,158.22,158.54,1500.79
2026-07-23 00:40:00,158.54,158.89,158.32,158.86,68137.92
2026-07-23 00:45:00,158.86,159.06,158.07,158.36,8807.82
2026-07-23 00:50:00,158.36,158.59,158.27,158.29,129993.78
2026-07-23 00:55:00,158.29,158.35,158.03,158.1,10744.54
2026-07-23 01:00:00,158.1,158.18,157.45,157.76,13417.32
2026-07-23 01:05:00,157.76,157.81,157.62,157.76,141375.63
2026-07-23 01:10:00,157.76,157.99,157.43,157.65,16909.61
2026-07-23 01:15:00,157.65,157.67,157.59,157.62,76536.45
2026-07-23 01:20:00,157.62,158.0,157.54,157.68,552.38
2026-07-23 01:25:00,157.68,157.88,157.34,157.81,43871.68
2026-07-23 01:30:00,157.81,158.03,157.49,157.57,97390.78
2026-07-23 01:35:00,157.57,157.88,157.57,157.6,22379.84
2026-07-23 01:40:00,157.6,158.02,157.56,157.7,18157.48
2026-07-23 01:45:00,157.7,157.95,157.54,157.93,38109.36
2026-07-23 01:50:00,157.93,158.1,157.77,157.9,54069.25
2026-07-23 01:55:00,157.9,157.93,157.77,157.85,45901.14
2026-07-23 02:00:00,157.85,157.92,157.64,157.85,7020.14
2026-07-23 02:05:00,157.85,157.93,157.76,157.79,184423.22
2026-07-23 02:10:00,157.79,158.36,157.51,158.11,17322.77
2026-07-23 02:15:00,158.11,158.15,158.06,158.15,2027.89
2026-07-23 02:20:00,158.15,158.29,157.79,158.28,28359.94
2026-07-23 02:25:00,158.28,158.89,158.02,158.32,56898.41
2026-07-23 02:30:00,158.32,158.9,158.31,158.68,3325.87
2026-07-23 02:35:00,158.68,158.7,158.42,158.56,74480.35
2026-07-23 02:40:00,158.56,158.64,158.32,158.35,14668.59
2026-07-23 02:45:00,158.35,158.86,158.25,158.78,56438.01
2026-07-23 02:50:00,158.78,158.97,158.18,158.3,15804.66
2026-07-23 02:55:00,158.3,158.4,157.83,157.92,1330.59
2026-07-23 03:00:00,157.92,157.96,157.64,157.75,41367.66
2026-07-23 03:05:00,157.75,158.17,157.59,157.83,22566.14
2026-07-23 03:10:00,157.83,158.26,157.81,158.14,79626.89
2026-07-23 03:15:00,158.14,158.33,158.12,158.17,18799.65
2026-07-23 03:20:00,158.17,158.23,157.87,157.98,23444.81
2026-07-23 03:25:00,157.98,158.15,157.62,157.98,8937.46
2026-07-23 03:30:00,157.98,158.23,157.74,157.75,113407.65
2026-07-23 03:35:00,157.75,158.27,157.15,158.14,299226.15
2026-07-23 03:40:00,158.14,158.16,157.54,157.64,127671.28
2026-07-23 03:45:00,157.64,157.77,157.55,157.69,212632.17
2026-07-23 03:50:00,157.69,158.21,157.24,158.12,240470.84
2026-07-23 03:55:00,158.12,158.13,158.08,158.11,65860.76
2026-07-23 04:00:00,158.11,158.34,158.02,158.15,14308.67
2026-07-23 04:05:00,158.15,158.17,157.51,157.54,122155.01
2026-07-23 04:10:00,157.54,157.81,157.41,157.75,9426.22
2026-07-23 04:15:00,157.75,157.96,157.13,157.9,350009.68
2026-07-23 04:20:00,157.9,158.37,157.62,157.63,22804.6
2026-07-23 04:25:00,157.63,157.81,157.35,157.51,78583.01
2026-07-23 04:30:00,157.51,157.95,157.49,157.77,22678.54
2026-07-23 04:35:00,157.77,158.42,157.68,158.23,43260.3
2026-07-23 04:40:00,158.23,158.36,158.14,158.3,128344.63
2026-07-23 04:45:00,158.3,158.54,158.21,158.45,13602.47
2026-07-23 04:50:00,158.45,158.89,158.26,158.77,84780.6
2026-07-23 04:55:00,158.77,159.24,158.67,159.09,44472.46
2026-07-23 05:00:00,159.09,159.18,158.75,158.97,13376.34
2026-07-23 05:05:00,158.97,159.21,158.69,159.09,12504.32
2026-07-23 05:10:00,159.09,159.2,159.04,159.07,74197.63
2026-07-23 05:15:00,159.07,159.25,158.93,159.06,6118.2
2026-07-23 05:20:00,159.06,159.19,158.72,159.02,27294.42
2026-07-23 05:25:00,159.02,159.24,158.99,159.04,18384.11
2026-07-23 05:30:00,159.04,159.78,158.71,159.55,11246.11
2026-07-23 05:35:00,159.55,160.09,159.24,159.29,1198.38
2026-07-23 05:40:00,159.29,159.55,159.16,159.4,2484.22
2026-07-23 05:45:00,159.4,159.7,159.1,159.17,305893.56
2026-07-23 05:50:00,159.17,159.27,159.1,159.17,51901.32
2026-07-23 05:55:00,159.17,159.81,158.97,159.03,509323.4
2026-07-23 06:00:00,159.03,159.38,158.91,159.35,3909.74
2026-07-23 06:05:00,159.35,159.8,159.29,159.75,51362.83
2026-07-23 06:10:00,159.75,159.94,159.68,159.84,42793.78
2026-07-23 06:15:00,159.84,160.12,159.82,160.03,9873.89
2026-07-23 06:20:00,160.03,160.21,159.69,159.77,16461.62
2026-07-23 06:25:00,159.77,160.08,159.54,159.59,137540.41
2026-07-23 06:30:00,159.59,160.06,159.53,159.81,24616.97
2026-07-23 06:35:00,159.81,160.39,159.44,160.07,7284.64
2026-07-23 06:40:00,160.07,160.44,159.94,160.36,2536.88
2026-07-23 06:45:00,160.36,160.97,160.34,160.63,22941.76
2026-07-23 06:50:00,160.63,161.04,160.17,160.25,209668.48
2026-07-23 06:55:00,160.25,160.44,160.09,160.33,28355.28
2026-07-23 07:00:00,160.33,160.48,160.07,160.32,42723.68
2026-07-23 07:05:00,160.32,160.87,160.18,160.69,16551.21
2026-07-23 07:10:00,160.69,160.72,160.58,160.67,21373.06
2026-07-23 07:15:00,160.67,160.92,160.27,160.4,299117.99
2026-07-23 07:20:00,160.4,160.77,160.27,160.63,82845.14
2026-07-23 07:25:00,160.63,160.67,160.36,160.44,66541.37
2026-07-23 07:30:00,160.44,160.46,160.15,160.18,220462.93
2026-07-23 07:35:00,160.18,160.36,159.99,160.29,118347.77
2026-07-23 07:40:00,160.29,160.41,160.23,160.37,16593.56
2026-07-23 07:45:00,160.37,160.83,160.01,160.09,30732.14
2026-07-23 07:50:00,160.09,160.14,159.73,160.0,154219.21
2026-07-23 07:55:00,160.0,160.04,159.7,159.83,30806.66
2026-07-23 08:00:00,159.83,160.06,159.65,159.98,1055.46
2026-07-23 08:05:00,159.98,160.56,159.85,160.49,4194.34
2026-07-23 08:10:00,160.49,160.62,160.31,160.57,40021.63
2026-07-23 08:15:00,160.57,161.02,160.5,160.88,58773.15
2026-07-23 08:20:00,160.88,161.01,160.6,160.81,19158.3
2026-07-23 08:25:00,160.81,161.25,160.46,160.55,243046.31
2026-07-23 08:30:00,160.55,160.92,159.99,160.07,77503.83
2026-07-23 08:35:00,160.07,160.11,159.41,159.68,12420.97
2026-07-23 08:40:00,159.68,159.7,159.59,159.61,22903.27
2026-07-23 08:45:00,159.61,159.87,159.54,159.81,112165.73
2026-07-23 08:50:00,159.81,160.09,159.47,159.63,116393.76
2026-07-23 08:55:00,159.63,159.83,159.57,159.77,19257.71
2026-07-23 09:00:00,159.77,159.88,159.76,159.79,29056.2
2026-07-23 09:05:00,159.79,160.03,159.59,159.63,39209.58
2026-07-23 09:10:00,159.63,160.12,159.57,159.92,220499.27
2026-07-23 09:15:00,159.92,160.46,159.85,160.27,128888.07
2026-07-23 09:20:00,160.27,160.49,160.18,160.42,12109.68
2026-07-23 09:25:00,160.42,160.63,160.14,160.24,11434.1
2026-07-23 09:30:00,160.24,160.26,160.04,160.18,51811.42
2026-07-23 09:35:00,160.18,160.39,159.95,160.05,25547.78
2026-07-23 09:40:00,160.05,160.52,159.88,160.3,26577.83
2026-07-23 09:45:00,160.3,160.59,160.06,160.43,43162.05
2026-07-23 09:50:00,160.43,160.9,160.37,160.75,118732.49
2026-07-23 09:55:00,160.75,161.27,160.48,160.54,52979.62
2026-07-23 10:00:00,160.54,160.71,160.43,160.68,28130.45
2026-07-23 10:05:00,160.68,161.21,160.38,160.53,45393.59
2026-07-23 10:10:00,160.53,160.75,160.19,160.23,13007.59
2026-07-23 10:15:00,160.23,160.43,159.94,159.99,205218.91
2026-07-23 10:20:00,159.99,160.32,159.77,160.23,5834.83
2026-07-23 10:25:00,160.23,160.25,160.12,160.2,59876.09
2026-07-23 10:30:00,160.2,160.42,160.14,160.35,33220.87
2026-07-23 10:35:00,160.35,160.49,160.15,160.24,50777.06
2026-07-23 10:40:00,160.24,160.72,160.05,160.61,168843.04
2026-07-23 10:45:00,160.61,160.97,160.14,160.29,88127.07
2026-07-23 10:50:00,160.29,160.44,159.7,159.94,83988.49
2026-07-23 10:55:00,159.94,160.04,159.9,160.01,65453.2
2026-07-23 11:00:00,160.01,160.48,159.95,160.22,22718.19
2026-07-23 11:05:00,160.22,160.74,160.11,160.57,31473.98
2026-07-23 11:10:00,160.57,161.14,160.53,160.92,24403.29
2026-07-23 11:15:00,160.92,161.13,160.47,160.58,14161.44
2026-07-23 11:20:00,160.58,161.19,160.03,160.1,14339.48
2026-07-23 11:25:00,160.1,160.45,160.03,160.19,39837.55
2026-07-23 11:30:00,160.19,160.2,160.1,160.14,13974.27
2026-07-23 11:35:00,160.14,160.17,159.5,159.56,18621.17
2026-07-23 11:40:00,159.56,159.83,159.45,159.53,3640.92
2026-07-23 11:45:00,159.53,159.65,159.48,159.6,22289.41
2026-07-23 11:50:00,159.6,159.73,159.47,159.55,89156.58
2026-07-23 11:55:00,159.55,159.71,158.89,158.9,34018.41
2026-07-23 12:00:00,158.9,159.01,158.79,158.92,42864.45
2026-07-23 12:05:00,158.92,159.08,158.64,158.77,75321.34
2026-07-23 12:10:00,158.77,158.82,158.28,158.39,41728.01
2026-07-23 12:15:00,158.39,158.43,157.94,158.15,56936.85
2026-07-23 12:20:00,158.15,158.27,158.1,158.23,21642.16
2026-07-23 12:25:00,158.23,158.43,158.17,158.28,8744.98
2026-07-23 12:30:00,158.28,158.94,158.19,158.82,130923.5
2026-07-23 12:35:00,158.82,159.44,158.4,159.3,30417.62
2026-07-23 12:40:00,159.3,159.42,159.29,159.39,3836.88
2026-07-23 12:45:00,159.39,159.83,158.85,159.76,134149.83
2026-07-23 12:50:00,159.76,160.05,159.75,160.04,141790.98
2026-07-23 12:55:00,160.04,160.08,159.39,159.7,100513.79
2026-07-23 13:00:00,159.7,159.86,159.25,159.39,35881.71
2026-07-23 13:05:00,159.39,159.67,159.17,159.23,58158.22
2026-07-23 13:10:00,159.23,159.3,158.77,158.99,67349.14
2026-07-23 13:15:00,158.99,159.29,158.62,159.15,109377.73
2026-07-23 13:20:00,159.15,159.54,159.07,159.4,30503.02
2026-07-23 13:25:00,159.4,159.5,158.9,159.07,57334.74
2026-07-23 13:30:00,159.07,159.26,159.04,159.21,20509.46
2026-07-23 13:35:00,159.21,159.25,158.44,158.67,6354.13
2026-07-23 13:40:00,158.67,159.1,158.24,158.99,250608.56
2026-07-23 13:45:00,158.99,159.4,158.61,159.32,52299.59
2026-07-23 13:50:00,159.32,159.8,158.81,159.7,28487.46
2026-07-23 13:55:00,159.7,159.8,159.46,159.5,55506.7
2026-07-23 14:00:00,159.5,159.65,159.28,159.57,919.83
2026-07-23 14:05:00,159.57,160.12,159.51,160.11,12076.36
2026-07-23 14:10:00,160.11,160.19,159.7,159.75,47278.95
2026-07-23 14:15:00,159.75,160.29,159.36,160.22,292576.0
2026-07-23 14:20:00,160.22,160.71,160.05,160.59,14720.34
2026-07-23 14:25:00,160.59,160.98,160.55,160.75,146465.43
2026-07-23 14:30:00,160.75,161.13,160.66,161.04,146536.69
2026-07-23 14:35:00,161.04,161.32,160.89,161.01,18295.34
2026-07-23 14:40:00,161.01,161.43,160.75,160.8,227453.86
2026-07-23 14:45:00,160.8,160.87,160.11,160.33,162882.65
2026-07-23 14:50:00,160.33,160.6,160.12,160.27,10952.92
2026-07-23 14:55:00,160.27,160.35,160.13,160.28,112856.44
2026-07-23 15:00:00,160.28,160.47,160.08,160.38,28283.76
2026-07-23 15:05:00,160.38,160.44,160.01,160.23,90678.0
2026-07-23 15:10:00,160.23,160.39,159.88,160.02,65446.89
2026-07-23 15:15:00,160.02,160.07,159.82,159.85,38907.27
2026-07-23 15:20:00,159.85,160.36,159.54,160.13,46949.09
2026-07-23 15:25:00,160.13,160.19,159.98,160.05,4537.42
2026-07-23 15:30:00,160.05,160.19,159.95,160.14,37982.81
2026-07-23 15:35:00,160.14,160.67,160.1,160.62,146256.74
2026-07-23 15:40:00,160.62,160.95,160.56,160.68,168147.73
2026-07-23 15:45:00,160.68,160.71,160.08,160.25,190308.88
2026-07-23 15:50:00,160.25,160.52,160.14,160.44,9541.23
2026-07-23 15:55:00,160.44,160.69,160.33,160.63,21168.89
2026-07-23 16:00:00,160.63,161.1,160.58,161.04,158849.11
2026-07-23 16:05:00,161.04,161.21,160.62,160.83,64430.98
2026-07-23 16:10:00,160.83,160.98,160.42,160.66,33558.93
2026-07-23 16:15:00,160.66,161.1,160.31,160.97,16958.41
2026-07-23 16:20:00,160.97,161.04,160.85,160.9,71221.52
2026-07-23 16:25:00,160.9,161.51,160.68,160.74,103208.83
2026-07-23 16:30:00,160.74,161.22,160.2,160.34,32833.65
2026-07-23 16:35:00,160.34,160.34,160.18,160.2,43610.64
2026-07-23 16:40:00,160.2,160.59,160.2,160.49,49778.65
2026-07-23 16:45:00,160.49,160.99,160.4,160.74,71693.28
2026-07-23 16:50:00,160.74,160.96,160.72,160.89,51189.15
2026-07-23 16:55:00,160.89,161.59,160.55,160.67,111354.09
2026-07-23 17:00:00,160.67,160.68,160.09,160.33,21241.6
2026-07-23 17:05:00,160.33,160.8,160.14,160.64,123548.84
2026-07-23 17:10:00,160.64,160.98,160.33,160.95,34467.36
2026-07-23 17:15:00,160.95,161.48,160.38,160.53,194619.75
2026-07-23 17:20:00,160.53,160.55,160.24,160.32,15815.77
2026-07-23 17:25:00,160.32,160.48,159.97,160.46,55732.1
2026-07-23 17:30:00,160.46,160.63,160.29,160.47,63082.17
2026-07-23 17:35:00,160.47,161.11,160.37,160.79,83313.19
2026-07-23 17:40:00,160.79,161.03,160.32,160.46,39979.27
2026-07-23 17:45:00,160.46,160.65,160.4,160.53,84501.43
2026-07-23 17:50:00,160.53,160.55,160.32,160.46,21952.6
2026-07-23 17:55:00,160.46,160.76,160.45,160.7,124535.03
2026-07-23 18:00:00,160.7,161.47,160.69,161.45,28223.29
2026-07-23 18:05:00,161.45,161.89,160.99,161.04,169495.98
2026-07-23 18:10:00,161.04,161.52,160.99,161.32,99749.48
2026-07-23 18:15:00,161.32,161.48,161.21,161.3,5544.04
2026-07-23 18:20:00,161.3,161.4,161.14,161.16,33690.66
2026-07-23 18:25:00,161.16,161.27,160.85,160.95,41901.57
2026-07-23 18:30:00,160.95,161.5,160.68,161.39,118634.27
2026-07-23 18:35:00,161.39,161.64,161.21,161.58,9652.2
2026-07-23 18:40:00,161.58,162.15,160.97,161.11,263002.54
2026-07-23 18:45:00,161.11,161.8,160.67,160.73,8073.49
2026-07-23 18:50:00,160.73,161.46,160.62,161.2,40639.89
2026-07-23 18:55:00,161.2,161.32,160.89,160.97,145174.41
2026-07-23 19:00:00,160.97,161.55,160.54,160.7,452106.8
2026-07-23 19:05:00,160.7,161.05,160.51,160.93,14361.05
2026-07-23 19:10:00,160.93,160.97,160.6,160.65,51681.54
2026-07-23 19:15:00,160.65,160.69,160.05,160.2,142638.11
2026-07-23 19:20:00,160.2,160.44,160.11,160.27,35812.5
2026-07-23 19:25:00,160.27,160.63,160.05,160.28,67863.3
2026-07-23 19:30:00,160.28,160.58,160.06,160.43,58783.52
2026-07-23 19:35:00,160.43,160.53,160.1,160.28,82559.02
2026-07-23 19:40:00,160.28,160.53,160.04,160.16,24457.48
2026-07-23 19:45:00,160.16,160.62,159.51,160.51,135388.91
2026-07-23 19:50:00,160.51,160.62,160.36,160.61,10351.2
2026-07-23 19:55:00,160.61,160.91,160.47,160.89,110072.12
2026-07-23 20:00:00,160.89,161.18,160.7,160.7,18669.63
2026-07-23 20:05:00,160.7,160.74,160.24,160.27,14140.71
2026-07-23 20:10:00,160.27,160.36,160.02,160.15,95587.08
2026-07-23 20:15:00,160.15,160.32,159.8,159.82,81867.63
2026-07-23 20:20:00,159.82,160.12,159.26,159.99,53960.8
2026-07-23 20:25:00,159.99,160.13,159.48,159.5,40545.45
2026-07-23 20:30:00,159.5,159.51,159.33,159.48,92850.14
2026-07-23 20:35:00,159.48,160.22,159.36,159.89,1505.15
2026-07-23 20:40:00,159.89,160.29,159.27,160.19,3786.52
2026-07-23 20:45:00,160.19,160.2,159.84,160.1,36002.46
2026-07-23 20:50:00,160.1,160.55,159.52,160.44,469.7
2026-07-23 20:55:00,160.44,160.66,160.34,160.38,106836.2
2026-07-23 21:00:00,160.38,160.43,159.91,160.12,8375.93
2026-07-23 21:05:00,160.12,160.69,159.88,160.58,152369.31
2026-07-23 21:10:00,160.58,160.83,160.46,160.78,49125.87
2026-07-23 21:15:00,160.78,160.94,160.57,160.93,17506.02
2026-07-23 21:20:00,160.93,161.24,160.91,161.11,109346.96
2026-07-23 21:25:00,161.11,161.11,160.66,160.87,19962.25
2026-07-23 21:30:00,160.87,161.32,160.81,161.2,44030.25
2026-07-23 21:35:00,161.2,161.27,160.79,160.9,33506.25
2026-07-23 21:40:00,160.9,161.34,160.37,161.07,1112.09
2026-07-23 21:45:00,161.07,161.21,160.88,160.97,11727.27
2026-07-23 21:50:00,160.97,161.11,160.77,160.82,209906.4
2026-07-23 21:55:00,160.82,160.89,160.37,160.44,38181.73
2026-07-23 22:00:00,160.44,160.81,159.93,160.7,59370.34
2026-07-23 22:05:00,160.7,160.89,160.1,160.61,48656.09
2026-07-23 22:10:00,160.61,160.97,160.58,160.91,22715.45
2026-07-23 22:15:00,160.91,160.98,160.37,160.56,1342.52
2026-07-23 22:20:00,160.56,160.95,160.52,160.81,115560.57
2026-07-23 22:25:00,160.81,161.04,160.53,160.64,3686.26
2026-07-23 22:30:00,160.64,160.8,160.45,160.54,26508.49
2026-07-23 22:35:00,160.54,160.73,160.48,160.61,114691.63
2026-07-23 22:40:00,160.61,160.68,160.1,160.22,217307.1
2026-07-23 22:45:00,160.22,160.82,160.06,160.53,52274.51
2026-07-23 22:50:00,160.53,160.62,160.31,160.38,3075.99
2026-07-23 22:55:00,160.38,160.71,160.07,160.58,242374.98
2026-07-23 23:00:00,160.58,160.75,160.4,160.43,55173.1
2026-07-23 23:05:00,160.43,160.75,160.14,160.62,84797.22
2026-07-23 23:10:00,160.62,160.75,160.35,160.61,94570.95
2026-07-23 23:15:00,160.61,160.99,160.54,160.96,104536.34
2026-07-23 23:20:00,160.96,161.0,160.57,160.67,29010.97
2026-07-23 23:25:00,160.67,160.71,160.32,160.42,2110.52
2026-07-23 23:30:00,160.42,160.8,160.24,160.74,39309.72
2026-07-23 23:35:00,160.74,161.06,160.47,160.99,32929.3
2026-07-23 23:40:00,160.99,161.45,160.64,160.73,89121.55
2026-07-23 23:45:00,160.73,160.93,160.54,160.66,7242.01
2026-07-23 23:50:00,160.66,161.06,160.51,160.88,9899.5
2026-07-23 23:55:00,160.88,160.98,160.43,160.58,54651.33
2026-07-24 00:00:00,160.58,160.74,160.53,160.67,95489.01
2026-07-24 00:05:00,160.67,160.73,160.13,160.52,37384.54
2026-07-24 00:10:00,160.52,160.99,160.49,160.61,33352.21
2026-07-24 00:15:00,160.61,161.28,160.51,161.15,32527.76
2026-07-24 00:20:00,161.15,161.38,161.1,161.18,49969.13
2026-07-24 00:25:00,161.18,161.78,160.77,160.92,253386.73
2026-07-24 00:30:00,160.92,161.54,160.71,160.78,4076.41
2026-07-24 00:35:00,160.78,160.79,160.13,160.27,8950.18
2026-07-24 00:40:00,160.27,160.46,160.11,160.12,133161.91
2026-07-24 00:45:00,160.12,160.41,160.02,160.23,152515.57
2026-07-24 00:50:00,160.23,160.45,160.01,160.45,7941.94
2026-07-24 00:55:00,160.45,160.49,160.01,160.24,13668.6
2026-07-24 01:00:00,160.24,160.99,160.2,160.63,114419.14
2026-07-24 01:05:00,160.63,160.81,160.51,160.59,34675.31
2026-07-24 01:10:00,160.59,160.8,160.58,160.65,10043.75
2026-07-24 01:15:00,160.65,160.67,160.5,160.56,27714.61
2026-07-24 01:20:00,160.56,161.07,160.4,160.89,21042.32
2026-07-24 01:25:00,160.89,161.26,160.85,161.15,19504.85
2026-07-24 01:30:00,161.15,161.84,160.87,160.98,276742.4
2026-07-24 01:35:00,160.98,161.34,160.62,160.74,126163.37
2026-07-24 01:40:00,160.74,160.86,160.71,160.75,19488.64
2026-07-24 01:45:00,160.75,160.85,160.63,160.82,2724.0
2026-07-24 01:50:00,160.82,160.92,160.49,160.69,19948.43
2026-07-24 01:55:00,160.69,161.45,160.58,161.33,55370.07
2026-07-24 02:00:00,161.33,161.43,161.06,161.26,24112.12
2026-07-24 02:05:00,161.26,161.6,160.97,161.02,114582.78
2026-07-24 02:10:00,161.02,161.12,160.57,160.57,80530.62
2026-07-24 02:15:00,160.57,160.67,160.44,160.66,29648.03
2026-07-24 02:20:00,160.66,161.24,160.52,161.06,57397.59
2026-07-24 02:25:00,161.06,161.19,160.8,161.19,34223.52
2026-07-24 02:30:00,161.19,161.55,161.08,161.21,114810.94
2026-07-24 02:35:00,161.21,161.51,160.91,161.49,82518.13
2026-07-24 02:40:00,161.49,161.82,161.44,161.58,76486.66
2026-07-24 02:45:00,161.58,162.21,160.98,161.13,36352.13
2026-07-24 02:50:00,161.13,161.76,160.76,160.87,79166.8
2026-07-24 02:55:00,160.87,161.07,160.46,160.5,72355.35
2026-07-24 03:00:00,160.5,160.57,159.76,159.9,59735.2
2026-07-24 03:05:00,159.9,160.16,159.85,160.11,27585.2
2026-07-24 03:10:00,160.11,160.36,160.08,160.31,46396.64
2026-07-24 03:15:00,160.31,160.53,160.05,160.23,53464.85
2026-07-24 03:20:00,160.23,160.48,160.18,160.43,45261.39
2026-07-24 03:25:00,160.43,160.59,160.41,160.49,12989.55
2026-07-24 03:30:00,160.49,160.51,160.18,160.34,39552.09
2026-07-24 03:35:00,160.34,160.75,160.12,160.67,125473.56
2026-07-24 03:40:00,160.67,160.99,160.51,160.77,164583.51
2026-07-24 03:45:00,160.77,161.17,160.75,161.01,65330.04
2026-07-24 03:50:00,161.01,161.09,160.97,161.05,66387.98
2026-07-24 03:55:00,161.05,161.75,160.75,161.57,58028.01
2026-07-24 04:00:00,161.57,161.81,161.33,161.7,39073.64
2026-07-24 04:05:00,161.7,162.33,161.42,161.48,295893.15
2026-07-24 04:10:00,161.48,161.81,160.95,161.06,220638.58
2026-07-24 04:15:00,161.06,161.15,161.03,161.08,25235.4
2026-07-24 04:20:00,161.08,161.2,160.82,160.85,29825.18
2026-07-24 04:25:00,160.85,161.04,160.78,160.94,9667.69
2026-07-24 04:30:00,160.94,161.4,160.93,161.35,45657.93
2026-07-24 04:35:00,161.35,161.68,160.93,160.98,497040.83
2026-07-24 04:40:00,160.98,161.15,160.68,160.87,32842.58
2026-07-24 04:45:00,160.87,161.46,160.85,161.12,54928.36
2026-07-24 04:50:00,161.12,161.48,161.04,161.47,9300.94
2026-07-24 04:55:00,161.47,161.63,161.37,161.53,58682.16
2026-07-24 05:00:00,161.53,162.21,161.15,161.3,63059.5
2026-07-24 05:05:00,161.3,161.6,161.15,161.44,242537.48
2026-07-24 05:10:00,161.44,161.56,161.29,161.32,30610.79
2026-07-24 05:15:00,161.32,161.35,161.01,161.06,4171.27
2026-07-24 05:20:00,161.06,161.52,161.06,161.47,58015.81
2026-07-24 05:25:00,161.47,161.73,161.22,161.25,18234.31
2026-07-24 05:30:00,161.25,161.3,161.11,161.18,3716.42
2026-07-24 05:35:00,161.18,161.36,161.03,161.06,164881.64
2026-07-24 05:40:00,161.06,161.48,160.8,161.43,6247.94
2026-07-24 05:45:00,161.43,161.5,161.22,161.24,134655.32
2026-07-24 05:50:00,161.24,161.37,160.85,160.88,122384.45
2026-07-24 05:55:00,160.88,160.91,160.8,160.84,19289.84
2026-07-24 06:00:00,160.84,161.02,160.76,160.87,83224.09
2026-07-24 06:05:00,160.87,161.18,160.63,160.73,40054.68
2026-07-24 06:10:00,160.73,161.08,160.44,161.07,91033.16
2026-07-24 06:15:00,161.07,161.43,161.05,161.41,338.83
2026-07-24 06:20:00,161.41,162.06,161.26,161.9,547.66
2026-07-24 06:25:00,161.9,162.48,161.45,161.61,261985.15
2026-07-24 06:30:00,161.61,161.77,161.36,161.66,37282.35
2026-07-24 06:35:00,161.66,162.04,161.13,161.35,109718.61
2026-07-24 06:40:00,161.35,161.83,161.26,161.76,169550.17
2026-07-24 06:45:00,161.76,161.85,161.4,161.52,72297.41
2026-07-24 06:50:00,161.52,161.63,161.51,161.56,77924.47
2026-07-24 06:55:00,161.56,162.26,161.21,161.28,358594.7
2026-07-24 07:00:00,161.28,161.3,161.09,161.11,3387.57
2026-07-24 07:05:00,161.11,161.53,160.92,161.31,129407.56
2026-07-24 07:10:00,161.31,162.15,161.3,162.02,136841.73
2026-07-24 07:15:00,162.02,162.4,162.0,162.25,151032.99
2026-07-24 07:20:00,162.25,162.48,161.63,161.98,15716.98
2026-07-24 07:25:00,161.98,162.31,161.97,162.15,37012.14
2026-07-24 07:30:00,162.15,162.64,161.59,161.67,15856.38
2026-07-24 07:35:00,161.67,161.91,161.56,161.64,229930.73
2026-07-24 07:40:00,161.64,161.67,161.29,161.37,4350.95
2026-07-24 07:45:00,161.37,161.51,160.99,161.05,17297.23
2026-07-24 07:50:00,161.05,161.52,161.0,161.4,155772.77
2026-07-24 07:55:00,161.4,161.59,161.21,161.41,16574.54
2026-07-24 08:00:00,161.41,161.81,161.27,161.73,95622.64
2026-07-24 08:05:00,161.73,161.93,161.5,161.63,78112.6
2026-07-24 08:10:00,161.63,162.29,161.4,162.1,31372.59
2026-07-24 08:15:00,162.1,162.8,161.83,161.9,104280.01
2026-07-24 08:20:00,161.9,162.03,161.66,161.94,6672.68
2026-07-24 08:25:00,161.94,162.39,161.48,161.6,42555.38
2026-07-24 08:30:00,161.6,161.97,161.48,161.93,1419.91
2026-07-24 08:35:00,161.93,162.44,161.46,161.6,45013.05
2026-07-24 08:40:00,161.6,161.88,161.54,161.83,34908.26
2026-07-24 08:45:00,161.83,162.41,161.79,162.26,48981.07
2026-07-24 08:50:00,162.26,162.83,161.97,162.12,450182.02
2026-07-24 08:55:00,162.12,162.37,161.61,161.66,7562.2
2026-07-24 09:00:00,161.66,161.85,161.47,161.61,67062.54
2026-07-24 09:05:00,161.61,162.02,161.07,161.92,56156.85
2026-07-24 09:10:00,161.92,162.55,161.79,162.12,2964.08
2026-07-24 09:15:00,162.12,162.52,161.99,162.51,108321.98
2026-07-24 09:20:00,162.51,163.12,162.16,162.26,53959.89
2026-07-24 09:25:00,162.26,162.3,161.85,162.1,42799.5
2026-07-24 09:30:00,162.1,162.18,161.95,162.13,55556.28
2026-07-24 09:35:00,162.13,162.16,161.94,162.05,81021.32
2026-07-24 09:40:00,162.05,162.56,161.65,161.8,35886.51
2026-07-24 09:45:00,161.8,161.94,161.39,161.62,4726.97
2026-07-24 09:50:00,161.62,161.69,161.47,161.6,56975.89
2026-07-24 09:55:00,161.6,161.74,161.51,161.67,23063.14
2026-07-24 10:00:00,161.67,162.05,161.66,161.91,552.76
2026-07-24 10:05:00,161.91,161.98,161.59,161.72,71740.99
2026-07-24 10:10:00,161.72,162.13,161.49,161.76,15411.76
2026-07-24 10:15:00,161.76,162.12,161.75,161.99,70540.26
2026-07-24 10:20:00,161.99,162.48,161.82,162.29,47656.5
2026-07-24 10:25:00,162.29,162.59,162.05,162.59,36109.17
2026-07-24 10:30:00,162.59,162.74,162.46,162.48,10858.67
2026-07-24 10:35:00,162.48,162.8,161.98,162.04,31146.46
2026-07-24 10:40:00,162.04,162.31,161.9,162.27,30830.5
2026-07-24 10:45:00,162.27,162.44,162.19,162.37,1060.09
2026-07-24 10:50:00,162.37,162.43,162.33,162.35,122034.08
2026-07-24 10:55:00,162.35,162.37,161.8,161.99,80509.1
2026-07-24 11:00:00,161.99,162.34,161.98,162.23,10606.65
2026-07-24 11:05:00,162.23,162.25,161.47,161.67,71409.44
2026-07-24 11:10:00,161.67,161.8,161.43,161.75,17861.98
2026-07-24 11:15:00,161.75,161.98,161.34,161.34,40421.45
2026-07-24 11:20:00,161.34,161.39,161.17,161.26,43918.06
2026-07-24 11:25:00,161.26,161.41,161.09,161.23,50610.62
2026-07-24 11:30:00,161.23,161.32,161.1,161.24,53962.15
2026-07-24 11:35:00,161.24,161.36,161.16,161.19,69156.66
2026-07-24 11:40:00,161.19,161.63,160.87,161.5,360237.88
2026-07-24 11:45:00,161.5,161.58,161.31,161.49,3983.91
2026-07-24 11:50:00,161.49,161.53,160.96,161.24,53560.72
2026-07-24 11:55:00,161.24,161.76,161.17,161.52,9545.16
2026-07-24 12:00:00,161.52,161.64,161.39,161.61,65607.75
2026-07-24 12:05:00,161.61,161.95,161.53,161.88,146867.15
2026-07-24 12:10:00,161.88,162.09,161.76,161.92,72571.94
2026-07-24 12:15:00,161.92,162.13,161.8,161.83,88144.1
2026-07-24 12:20:00,161.83,161.9,161.34,161.47,89569.11
2026-07-24 12:25:00,161.47,161.63,161.34,161.56,22828.03
2026-07-24 12:30:00,161.56,161.73,161.25,161.68,120445.14
2026-07-24 12:35:00,161.68,161.77,161.49,161.55,11305.69
2026-07-24 12:40:00,161.55,161.58,161.05,161.19,2587.31
2026-07-24 12:45:00,161.19,161.34,161.15,161.17,11968.67
2026-07-24 12:50:00,161.17,161.41,160.47,161.31,167017.93
2026-07-24 12:55:00,161.31,161.41,161.2,161.34,16602.12
2026-07-24 13:00:00,161.34,161.72,160.92,161.65,325517.83
2026-07-24 13:05:00,161.65,162.22,161.54,162.13,21062.4
2026-07-24 13:10:00,162.13,162.14,161.91,162.11,39225.05
2026-07-24 13:15:00,162.11,162.28,161.79,161.91,82056.25
2026-07-24 13:20:00,161.91,162.03,161.4,161.52,63577.62
2026-07-24 13:25:00,161.52,162.21,161.37,162.07,49609.94
2026-07-24 13:30:00,162.07,163.12,161.99,162.9,24559.66
2026-07-24 13:35:00,162.9,163.25,162.33,162.43,319483.23
2026-07-24 13:40:00,162.43,162.47,162.2,162.32,27594.02
2026-07-24 13:45:00,162.32,162.52,161.99,162.16,16638.72
2026-07-24 13:50:00,162.16,162.47,162.12,162.18,101396.38
2026-07-24 13:55:00,162.18,162.28,161.82,162.0,113541.62
2026-07-24 14:00:00,162.0,162.18,161.48,161.61,7249.41
2026-07-24 14:05:00,161.61,161.75,161.37,161.6,12603.9
2026-07-24 14:10:00,161.6,161.71,161.24,161.44,38306.33
2026-07-24 14:15:00,161.44,161.64,161.21,161.61,104757.11
2026-07-24 14:20:00,161.61,161.77,161.27,161.28,16821.97
2026-07-24 14:25:00,161.28,161.65,161.25,161.47,15272.8
2026-07-24 14:30:00,161.47,161.97,161.29,161.95,131086.9
2026-07-24 14:35:00,161.95,162.12,161.88,161.95,8183.05
2026-07-24 14:40:00,161.95,162.03,161.9,161.97,977.12
2026-07-24 14:45:00,161.97,162.04,161.68,161.69,22335.09
2026-07-24 14:50:00,161.69,161.83,161.67,161.77,41275.54
2026-07-24 14:55:00,161.77,161.79,161.62,161.71,53485.86
2026-07-24 15:00:00,161.71,161.9,161.59,161.84,22507.15
2026-07-24 15:05:00,161.84,162.01,161.34,161.58,20778.44
2026-07-24 15:10:00,161.58,161.74,161.52,161.73,142827.83
2026-07-24 15:15:00,161.73,161.94,161.69,161.88,14291.91
2026-07-24 15:20:00,161.88,162.22,161.64,162.14,7777.33
2026-07-24 15:25:00,162.14,162.35,161.74,162.32,22151.24
2026-07-24 15:30:00,162.32,162.69,162.12,162.19,59888.45
2026-07-24 15:35:00,162.19,162.34,162.05,162.08,56128.28
2026-07-24 15:40:00,162.08,162.12,161.89,161.98,1103.19
2026-07-24 15:45:00,161.98,162.3,161.46,161.89,46978.23
2026-07-24 15:50:00,161.89,161.96,161.88,161.93,47288.09
2026-07-24 15:55:00,161.93,162.46,161.75,162.37,20886.39
2026-07-24 16:00:00,162.37,162.37,161.8,162.2,29888.94
2026-07-24 16:05:00,162.2,162.49,162.0,162.39,120420.57
2026-07-24 16:10:00,162.39,162.45,162.13,162.16,13051.93
2026-07-24 16:15:00,162.16,162.32,161.74,162.0,10977.93
2026-07-24 16:20:00,162.0,162.07,161.42,161.68,52303.31
2026-07-24 16:25:00,161.68,161.89,161.63,161.85,18436.98
2026-07-24 16:30:00,161.85,162.19,161.85,162.17,30406.37
2026-07-24 16:35:00,162.17,162.21,161.95,161.97,30049.23
2026-07-24 16:40:00,161.97,162.37,161.9,162.12,169248.68
2026-07-24 16:45:00,162.12,162.46,162.11,162.19,8591.55
2026-07-24 16:50:00,162.19,162.51,162.08,162.23,59769.44
2026-07-24 16:55:00,162.23,162.43,161.8,161.94,86816.05
2026-07-24 17:00:00,161.94,162.04,161.86,161.92,57942.04
2026-07-24 17:05:00,161.92,161.94,161.54,161.59,105613.86
2026-07-24 17:10:00,161.59,161.73,161.56,161.61,24587.93
2026-07-24 17:15:00,161.61,162.07,161.54,162.01,48423.4
2026-07-24 17:20:00,162.01,162.13,161.81,162.08,1394.22
2026-07-24 17:25:00,162.08,162.3,161.58,161.6,35845.69
2026-07-24 17:30:00,161.6,161.76,161.11,161.44,119913.44
2026-07-24 17:35:00,161.44,162.04,161.12,161.92,51808.34
2026-07-24 17:40:00,161.92,162.1,161.47,161.6,78265.71
2026-07-24 17:45:00,161.6,162.03,161.58,161.9,30784.76
2026-07-24 17:50:00,161.9,161.97,161.59,161.84,12061.14
2026-07-24 17:55:00,161.84,162.1,161.79,162.08,196104.55
2026-07-24 18:00:00,162.08,162.67,161.81,162.28,12341.57
2026-07-24 18:05:00,162.28,162.31,162.1,162.12,108214.46
2026-07-24 18:10:00,162.12,162.6,162.05,162.22,11919.57
2026-07-24 18:15:00,162.22,162.63,162.14,162.63,129.68
2026-07-24 18:20:00,162.63,162.7,162.43,162.47,3528.01
2026-07-24 18:25:00,162.47,163.05,162.29,162.71,42946.75
2026-07-24 18:30:00,162.71,163.24,162.11,162.23,240125.76
2026-07-24 18:35:00,162.23,162.31,161.57,161.69,7277.96
2026-07-24 18:40:00,161.69,162.23,161.36,162.17,46683.48
2026-07-24 18:45:00,162.17,162.56,162.02,162.35,68177.78
2026-07-24 18:50:00,162.35,162.59,162.31,162.43,47617.34
2026-07-24 18:55:00,162.43,163.03,162.38,162.8,41356.37
2026-07-24 19:00:00,162.8,162.99,162.39,162.58,1721.91
2026-07-24 19:05:00,162.58,162.87,162.38,162.43,79227.67
2026-07-24 19:10:00,162.43,162.46,162.29,162.4,5784.89
2026-07-24 19:15:00,162.4,162.48,162.05,162.22,18782.71
2026-07-24 19:20:00,162.22,162.87,162.17,162.82,72885.53
2026-07-24 19:25:00,162.82,162.95,162.54,162.65,14718.55
2026-07-24 19:30:00,162.65,162.88,162.06,162.27,113902.33
2026-07-24 19:35:00,162.27,162.38,162.26,162.36,7958.82
2026-07-24 19:40:00,162.36,162.41,162.32,162.34,106348.4
2026-07-24 19:45:00,162.34,162.6,162.15,162.6,160865.88
2026-07-24 19:50:00,162.6,162.7,162.36,162.55,66578.87
2026-07-24 19:55:00,162.55,162.82,162.43,162.82,9364.98
2026-07-24 20:00:00,162.82,163.08,162.45,162.56,19892.78
2026-07-24 20:05:00,162.56,162.82,162.06,162.12,423575.72
2026-07-24 20:10:00,162.12,162.69,162.0,162.56,10132.24
2026-07-24 20:15:00,162.56,162.95,162.14,162.27,233069.92
2026-07-24 20:20:00,162.27,162.5,162.03,162.23,23189.63
2026-07-24 20:25:00,162.23,162.25,162.09,162.16,93793.72
2026-07-24 20:30:00,162.16,162.28,162.12,162.14,64581.73
2026-07-24 20:35:00,162.14,162.45,161.82,162.33,5653.26
2026-07-24 20:40:00,162.33,162.61,162.28,162.29,97927.89
2026-07-24 20:45:00,162.29,162.45,162.24,162.45,19215.82
2026-07-24 20:50:00,162.45,162.63,161.87,161.94,13154.51
2026-07-24 20:55:00,161.94,162.17,161.48,161.58,159.38
2026-07-24 21:00:00,161.58,161.65,161.25,161.37,814.55
2026-07-24 21:05:00,161.37,161.43,161.22,161.32,46428.3
2026-07-24 21:10:00,161.32,161.59,161.27,161.48,8524.18
2026-07-24 21:15:00,161.48,161.61,160.99,161.01,57961.34
2026-07-24 21:20:00,161.01,161.36,160.59,161.22,116720.87
2026-07-24 21:25:00,161.22,161.25,160.57,160.88,24489.45
2026-07-24 21:30:00,160.88,161.26,160.51,161.12,681425.18
2026-07-24 21:35:00,161.12,161.22,160.8,160.85,160657.42
2026-07-24 21:40:00,160.85,161.32,160.73,161.28,4818.22
2026-07-24 21:45:00,161.28,161.38,161.05,161.09,145850.48
2026-07-24 21:50:00,161.09,161.63,160.71,161.53,54071.17
2026-07-24 21:55:00,161.53,161.7,161.02,161.23,92327.44
2026-07-24 22:00:00,161.23,161.6,160.6,161.5,11299.08
2026-07-24 22:05:00,161.5,162.05,161.11,161.92,100902.2
2026-07-24 22:10:00,161.92,162.45,161.91,162.42,51457.5
2026-07-24 22:15:00,162.42,162.49,162.11,162.35,17837.33
2026-07-24 22:20:00,162.35,162.38,162.16,162.18,87407.24
2026-07-24 22:25:00,162.18,162.58,162.09,162.56,5946.39
2026-07-24 22:30:00,162.56,162.76,162.54,162.73,123192.61
2026-07-24 22:35:00,162.73,162.79,162.51,162.53,27299.9
2026-07-24 22:40:00,162.53,162.53,162.29,162.38,46133.15
2026-07-24 22:45:00,162.38,162.5,162.02,162.2,1636.33
2026-07-24 22:50:00,162.2,162.65,161.98,162.61,103638.79
2026-07-24 22:55:00,162.61,163.0,162.57,162.76,68105.57
2026-07-24 23:00:00,162.76,163.14,162.73,162.9,20189.92
2026-07-24 23:05:00,162.9,163.57,162.61,162.68,63706.81
2026-07-24 23:10:00,162.68,162.99,162.33,162.41,150009.66
2026-07-24 23:15:00,162.41,162.75,162.3,162.33,718.2
2026-07-24 23:20:00,162.33,162.39,161.84,161.9,22111.03
2026-07-24 23:25:00,161.9,161.92,161.61,161.65,28403.3
2026-07-24 23:30:00,161.65,161.7,161.11,161.38,27811.39
2026-07-24 23:35:00,161.38,161.54,160.95,161.46,115310.01
2026-07-24 23:40:00,161.46,161.9,161.44,161.57,88220.02
2026-07-24 23:45:00,161.57,161.6,161.33,161.38,8704.72
2026-07-24 23:50:00,161.38,161.51,161.05,161.49,32790.64
2026-07-24 23:55:00,161.49,161.87,161.35,161.79,4565.49
2026-07-25 00:00:00,161.79,162.07,161.3,161.43,10037.82
2026-07-25 00:05:00,161.43,161.85,161.43,161.81,142797.85
2026-07-25 00:10:00,161.81,162.14,161.78,161.94,4916.49
2026-07-25 00:15:00,161.94,161.97,161.55,161.65,35994.77
2026-07-25 00:20:00,161.65,161.82,161.42,161.53,32220.79
2026-07-25 00:25:00,161.53,161.8,161.5,161.68,82607.16
2026-07-25 00:30:00,161.68,161.94,161.62,161.82,43414.94
2026-07-25 00:35:00,161.82,162.06,161.37,161.49,106333.8
2026-07-25 00:40:00,161.49,161.62,161.43,161.51,19324.86
2026-07-25 00:45:00,161.51,161.68,161.13,161.2,277.34
2026-07-25 00:50:00,161.2,161.76,161.11,161.76,20580.13
2026-07-25 00:55:00,161.76,162.21,161.6,162.18,3916.29
2026-07-25 01:00:00,162.18,162.19,161.17,161.62,10431.69
2026-07-25 01:05:00,161.62,161.66,161.44,161.53,25908.45
2026-07-25 01:10:00,161.53,161.59,161.3,161.41,15626.41
2026-07-25 01:15:00,161.41,161.76,161.28,161.57,45103.4
2026-07-25 01:20:00,161.57,161.73,161.46,161.62,31726.07
2026-07-25 01:25:00,161.62,161.82,161.55,161.77,34888.28
2026-07-25 01:30:00,161.77,161.97,161.5,161.72,42136.08
2026-07-25 01:35:00,161.72,162.02,161.61,161.95,3555.95
2026-07-25 01:40:00,161.95,162.21,161.75,162.13,36149.31
2026-07-25 01:45:00,162.13,162.22,161.82,162.03,7639.88
2026-07-25 01:50:00,162.03,162.22,161.87,162.22,4787.89
2026-07-25 01:55:00,162.22,162.24,161.93,162.14,6361.33
2026-07-25 02:00:00,162.14,162.39,162.04,162.2,127.39
2026-07-25 02:05:00,162.2,162.34,161.87,161.91,60070.62
2026-07-25 02:10:00,161.91,162.06,161.82,161.9,9141.79
2026-07-25 02:15:00,161.9,161.95,161.48,161.63,162784.5
2026-07-25 02:20:00,161.63,161.77,161.58,161.7,32848.1
2026-07-25 02:25:00,161.7,162.2,161.51,161.7,36555.47
2026-07-25 02:30:00,161.7,161.88,161.67,161.82,181212.68
2026-07-25 02:35:00,161.82,162.27,161.81,161.83,10152.45
2026-07-25 02:40:00,161.83,162.22,161.8,162.19,21759.55
2026-07-25 02:45:00,162.19,162.64,162.03,162.6,47377.53
2026-07-25 02:50:00,162.6,163.06,162.1,162.21,112825.24
2026-07-25 02:55:00,162.21,162.42,161.73,161.82,101034.9
2026-07-25 03:00:00,161.82,161.91,161.71,161.85,28810.22
2026-07-25 03:05:00,161.85,162.35,161.75,162.29,97916.99
2026-07-25 03:10:00,162.29,162.37,162.04,162.09,36905.78
2026-07-25 03:15:00,162.09,162.36,161.98,162.24,26833.35
2026-07-25 03:20:00,162.24,162.52,162.13,162.42,37351.51
2026-07-25 03:25:00,162.42,162.44,162.0,162.16,129487.13
2026-07-25 03:30:00,162.16,162.18,161.86,161.93,20530.58
2026-07-25 03:35:00,161.93,162.01,161.81,161.92,21791.03
2026-07-25 03:40:00,161.92,162.08,161.77,161.78,192055.29
2026-07-25 03:45:00,161.78,161.85,161.56,161.74,7520.52
2026-07-25 03:50:00,161.74,161.91,161.53,161.9,1775.15
2026-07-25 03:55:00,161.9,162.07,161.75,162.06,13825.76
2026-07-25 04:00:00,162.06,162.21,161.63,161.83,87658.07
2026-07-25 04:05:00,161.83,161.98,161.42,161.64,51259.29
2026-07-25 04:10:00,161.64,161.67,161.3,161.41,20768.96
2026-07-25 04:15:00,161.41,161.81,161.07,161.67,590187.88
2026-07-25 04:20:00,161.67,162.08,161.62,162.08,107186.77
2026-07-25 04:25:00,162.08,162.1,161.94,161.99,114249.22
2026-07-25 04:30:00,161.99,162.14,161.95,162.06,193068.8
2026-07-25 04:35:00,162.06,162.18,161.87,161.91,15083.89
2026-07-25 04:40:00,161.91,161.94,161.56,161.62,28510.93
2026-07-25 04:45:00,161.62,161.93,161.39,161.86,16133.9
2026-07-25 04:50:00,161.86,162.22,161.77,162.06,22877.33
2026-07-25 04:55:00,162.06,162.2,161.97,162.16,58065.03
2026-07-25 05:00:00,162.16,162.97,161.99,162.74,43019.65
2026-07-25 05:05:00,162.74,162.74,162.3,162.5,56280.76
2026-07-25 05:10:00,162.5,162.69,162.46,162.46,150617.19
2026-07-25 05:15:00,162.46,162.73,162.46,162.55,29308.61
2026-07-25 05:20:00,162.55,162.87,161.58,161.85,36398.88
2026-07-25 05:25:00,161.85,161.92,161.26,161.46,90609.36
2026-07-25 05:30:00,161.46,161.67,161.41,161.59,73098.99
2026-07-25 05:35:00,161.59,161.63,161.2,161.31,77820.0
2026-07-25 05:40:00,161.31,161.62,160.66,161.53,78444.32
2026-07-25 05:45:00,161.53,161.63,161.34,161.58,53376.88
2026-07-25 05:50:00,161.58,161.86,161.42,161.51,172535.89
2026-07-25 05:55:00,161.51,161.95,161.49,161.78,112822.05
2026-07-25 06:00:00,161.78,161.93,161.66,161.9,73499.01
2026-07-25 06:05:00,161.9,162.07,161.7,161.87,19593.44
2026-07-25 06:10:00,161.87,162.2,161.53,161.73,50959.72
2026-07-25 06:15:00,161.73,161.76,161.2,161.46,10146.14
2026-07-25 06:20:00,161.46,161.88,161.21,161.78,52061.86
2026-07-25 06:25:00,161.78,161.81,161.26,161.6,265940.65
2026-07-25 06:30:00,161.6,161.83,161.17,161.27,24956.35
2026-07-25 06:35:00,161.27,161.66,161.24,161.62,12102.32
2026-07-25 06:40:00,161.62,161.7,161.14,161.44,19727.97
2026-07-25 06:45:00,161.44,161.92,160.9,161.87,305629.25
2026-07-25 06:50:00,161.87,161.94,161.84,161.89,36596.95
2026-07-25 06:55:00,161.89,161.91,161.67,161.76,68880.02
2026-07-25 07:00:00,161.76,161.89,161.71,161.72,20900.37
2026-07-25 07:05:00,161.72,162.24,161.53,162.05,81583.0
2026-07-25 07:10:00,162.05,162.34,161.9,162.27,8552.26
2026-07-25 07:15:00,162.27,162.94,162.2,162.76,26268.83
2026-07-25 07:20:00,162.76,162.95,162.53,162.83,5217.9
2026-07-25 07:25:00,162.83,162.87,162.75,162.77,61396.73
2026-07-25 07:30:00,162.77,163.04,162.51,162.57,15909.34
2026-07-25 07:35:00,162.57,162.96,162.1,162.24,1211742.46
2026-07-25 07:40:00,162.24,162.26,161.93,161.99,32743.28
2026-07-25 07:45:00,161.99,162.15,161.75,162.11,112741.43
2026-07-25 07:50:00,162.11,162.78,161.96,162.7,67769.92
2026-07-25 07:55:00,162.7,162.71,162.14,162.28,29688.44
2026-07-25 08:00:00,162.28,162.95,162.16,162.74,7539.66
2026-07-25 08:05:00,162.74,162.88,162.39,162.86,219572.36
2026-07-25 08:10:00,162.86,163.12,162.32,162.43,184553.6
2026-07-25 08:15:00,162.43,162.44,161.99,162.05,14046.78
2026-07-25 08:20:00,162.05,162.07,161.96,162.07,10282.38
2026-07-25 08:25:00,162.07,162.45,162.07,162.23,41844.45
2026-07-25 08:30:00,162.23,162.45,162.12,162.43,20812.56
2026-07-25 08:35:00,162.43,162.73,162.32,162.55,28894.51
2026-07-25 08:40:00,162.55,163.09,162.16,162.24,230768.25
2026-07-25 08:45:00,162.24,162.46,162.06,162.3,35184.48
2026-07-25 08:50:00,162.3,162.32,161.9,161.96,8418.31
2026-07-25 08:55:00,161.96,162.09,161.82,161.93,65791.95
2026-07-25 09:00:00,161.93,162.07,161.54,161.75,42960.33
2026-07-25 09:05:00,161.75,161.99,161.5,161.84,3947.9
2026-07-25 09:10:00,161.84,162.3,161.73,162.14,60779.9
2026-07-25 09:15:00,162.14,162.17,161.88,162.02,96074.21
2026-07-25 09:20:00,162.02,162.41,161.95,162.19,8157.94
2026-07-25 09:25:00,162.19,162.32,161.6,161.78,61304.38
2026-07-25 09:30:00,161.78,162.31,161.69,161.97,68458.8
2026-07-25 09:35:00,161.97,162.21,161.91,162.14,11547.58
2026-07-25 09:40:00,162.14,162.56,161.98,162.33,53106.82
2026-07-25 09:45:00,162.33,162.8,162.15,162.72,2197.91
2026-07-25 09:50:00,162.72,163.18,162.4,162.53,102791.66
2026-07-25 09:55:00,162.53,162.66,162.41,162.56,54694.9
2026-07-25 10:00:00,162.56,162.65,161.93,162.3,65537.73
2026-07-25 10:05:00,162.3,162.85,162.13,162.67,19601.47
2026-07-25 10:10:00,162.67,162.89,162.57,162.61,126013.55
2026-07-25 10:15:00,162.61,162.81,162.19,162.37,108722.34
2026-07-25 10:20:00,162.37,162.74,162.33,162.67,18859.68
2026-07-25 10:25:00,162.67,162.91,162.02,162.1,22688.58
2026-07-25 10:30:00,162.1,162.33,161.76,161.84,126433.44
2026-07-25 10:35:00,161.84,161.86,161.58,161.67,51981.0
2026-07-25 10:40:00,161.67,161.81,161.57,161.62,12048.57
2026-07-25 10:45:00,161.62,162.12,161.42,161.94,1859.44
2026-07-25 10:50:00,161.94,161.97,161.55,161.72,87627.15
2026-07-25 10:55:00,161.72,162.29,161.67,162.23,41591.15
2026-07-25 11:00:00,162.23,162.39,162.1,162.33,55668.28
2026-07-25 11:05:00,162.33,162.39,162.06,162.17,60998.21
2026-07-25 11:10:00,162.17,162.39,162.09,162.29,2879.74
2026-07-25 11:15:00,162.29,162.47,161.48,161.71,4709.28
2026-07-25 11:20:00,161.71,162.41,161.5,161.92,1074.7
2026-07-25 11:25:00,161.92,162.15,161.9,161.97,145385.91
2026-07-25 11:30:00,161.97,161.98,161.69,161.71,38891.99
2026-07-25 11:35:00,161.71,161.93,161.61,161.74,122668.0
2026-07-25 11:40:00,161.74,161.9,161.24,161.5,87436.81
2026-07-25 11:45:00,161.5,161.54,161.46,161.47,76504.79
2026-07-25 11:50:00,161.47,161.6,161.44,161.55,52062.47
2026-07-25 11:55:00,161.55,161.66,161.24,161.46,28325.94
2026-07-25 12:00:00,161.46,161.74,161.44,161.72,6790.51
2026-07-25 12:05:00,161.72,162.23,161.34,162.13,160088.15
2026-07-25 12:10:00,162.13,162.41,161.97,162.28,101949.22
2026-07-25 12:15:00,162.28,162.35,162.19,162.33,14397.71
2026-07-25 12:20:00,162.33,162.42,162.03,162.06,39932.18
2026-07-25 12:25:00,162.06,162.6,161.86,162.29,70026.04
2026-07-25 12:30:00,162.29,162.79,162.14,162.61,53038.06
2026-07-25 12:35:00,162.61,162.62,161.76,161.8,65283.79
2026-07-25 12:40:00,161.8,161.99,161.51,161.55,107553.32
2026-07-25 12:45:00,161.55,162.07,161.18,162.01,135579.4
2026-07-25 12:50:00,162.01,162.24,161.88,162.19,61247.33
2026-07-25 12:55:00,162.19,162.61,161.98,162.39,23561.01
2026-07-25 13:00:00,162.39,162.41,162.27,162.38,85899.76
2026-07-25 13:05:00,162.38,162.56,162.28,162.5,11394.06
2026-07-25 13:10:00,162.5,162.56,162.43,162.54,41318.15
2026-07-25 13:15:00,162.54,162.6,162.54,162.57,164835.17
2026-07-25 13:20:00,162.57,163.11,162.14,162.19,160129.8
2026-07-25 13:25:00,162.19,162.21,161.91,162.12,65953.43
2026-07-25 13:30:00,162.12,162.65,162.06,162.64,39915.69
2026-07-25 13:35:00,162.64,163.23,162.58,163.16,78439.17
2026-07-25 13:40:00,163.16,163.71,162.97,163.59,159075.68
2026-07-25 13:45:00,163.59,164.3,163.2,163.32,32453.64
2026-07-25 13:50:00,163.32,163.54,162.79,162.89,12967.65
2026-07-25 13:55:00,162.89,163.19,162.83,163.01,32604.05
2026-07-25 14:00:00,163.01,163.08,162.32,162.46,3507.77
2026-07-25 14:05:00,162.46,162.5,162.26,162.35,13628.99
2026-07-25 14:10:00,162.35,162.89,162.3,162.72,89552.42
2026-07-25 14:15:00,162.72,162.93,162.61,162.82,18988.35
2026-07-25 14:20:00,162.82,163.34,162.76,163.28,37299.19
2026-07-25 14:25:00,163.28,163.6,163.01,163.11,427658.86
2026-07-25 14:30:00,163.11,163.55,163.11,163.44,40158.84
2026-07-25 14:35:00,163.44,163.83,163.21,163.81,126381.85
2026-07-25 14:40:00,163.81,163.91,163.65,163.67,18328.57
2026-07-25 14:45:00,163.67,164.01,163.56,163.74,9227.73
2026-07-25 14:50:00,163.74,163.94,163.66,163.78,13758.24
2026-07-25 14:55:00,163.78,164.03,163.47,163.68,18664.0
2026-07-25 15:00:00,163.68,163.98,163.11,163.22,76522.36
2026-07-25 15:05:00,163.22,163.3,162.72,162.94,14760.25
2026-07-25 15:10:00,162.94,163.13,162.73,162.96,38185.04
2026-07-25 15:15:00,162.96,163.41,162.72,162.82,3312.46
2026-07-25 15:20:00,162.82,163.1,162.39,162.44,321500.62
2026-07-25 15:25:00,162.44,162.78,162.2,162.57,30222.29
2026-07-25 15:30:00,162.57,162.65,161.83,161.87,1824.34
2026-07-25 15:35:00,161.87,161.95,161.85,161.94,99207.06
2026-07-25 15:40:00,161.94,162.24,161.68,161.76,428.05
2026-07-25 15:45:00,161.76,161.83,161.61,161.78,14484.35
2026-07-25 15:50:00,161.78,162.24,161.37,162.13,355792.29
2026-07-25 15:55:00,162.13,162.45,162.08,162.36,62085.04
2026-07-25 16:00:00,162.36,162.51,162.13,162.23,31386.04
2026-07-25 16:05:00,162.23,162.41,162.22,162.25,15127.44
2026-07-25 16:10:00,162.25,162.28,162.19,162.22,18665.02
2026-07-25 16:15:00,162.22,162.36,162.05,162.26,120069.78
2026-07-25 16:20:00,162.26,162.5,162.21,162.38,63735.02
2026-07-25 16:25:00,162.38,162.59,162.2,162.33,21501.22
2026-07-25 16:30:00,162.33,162.48,162.11,162.44,42607.39
2026-07-25 16:35:00,162.44,162.46,162.01,162.22,10.0
2026-07-25 16:40:00,162.22,162.76,161.98,162.6,8301.9
2026-07-25 16:45:00,162.6,162.78,161.99,161.99,76676.26
2026-07-25 16:50:00,161.99,162.47,161.95,162.27,69115.48
2026-07-25 16:55:00,162.27,162.42,162.15,162.17,74839.06
2026-07-25 17:00:00,162.17,162.59,161.87,162.46,48150.96
2026-07-25 17:05:00,162.46,162.68,162.21,162.65,126606.97
2026-07-25 17:10:00,162.65,163.24,162.5,163.15,91667.77
2026-07-25 17:15:00,163.15,163.4,162.93,163.0,33082.72
2026-07-25 17:20:00,163.0,163.7,162.95,163.5,14025.54
2026-07-25 17:25:00,163.5,163.73,163.12,163.36,67943.05
2026-07-25 17:30:00,163.36,163.79,163.18,163.71,55171.44
2026-07-25 17:35:00,163.71,164.24,163.25,163.37,483326.54
2026-07-25 17:40:00,163.37,163.43,163.02,163.23,18960.98
2026-07-25 17:45:00,163.23,163.31,163.07,163.28,2649.05
2026-07-25 17:50:00,163.28,163.61,163.07,163.53,39308.27
2026-07-25 17:55:00,163.53,163.79,163.22,163.28,343567.69
2026-07-25 18:00:00,163.28,163.39,163.07,163.38,107186.63
2026-07-25 18:05:00,163.38,163.6,163.34,163.55,16384.44
2026-07-25 18:10:00,163.55,163.91,163.51,163.87,7086.37
2026-07-25 18:15:00,163.87,164.61,163.43,163.53,22040.52
2026-07-25 18:20:00,163.53,164.16,163.08,163.25,232239.04
2026-07-25 18:25:00,163.25,163.3,162.71,162.82,21962.08
2026-07-25 18:30:00,162.82,163.33,162.74,163.23,8023.04
2026-07-25 18:35:00,163.23,163.27,162.98,163.18,5895.55
2026-07-25 18:40:00,163.18,163.23,162.93,163.08,73450.04
2026-07-25 18:45:00,163.08,163.22,162.86,163.11,17794.24
2026-07-25 18:50:00,163.11,163.41,162.83,162.99,96910.95
2026-07-25 18:55:00,162.99,163.41,162.67,163.31,170443.77
2026-07-25 19:00:00,163.31,164.46,163.2,164.3,42443.99
2026-07-25 19:05:00,164.3,165.04,164.16,165.0,65443.39
2026-07-25 19:10:00,165.0,165.05,164.9,165.03,101267.48
2026-07-25 19:15:00,165.03,165.57,164.83,165.16,14428.56
2026-07-25 19:20:00,165.16,165.76,164.92,164.97,59727.1
2026-07-25 19:25:00,164.97,165.42,164.82,165.26,13061.38
2026-07-25 19:30:00,165.26,165.53,165.26,165.46,9186.47
2026-07-25 19:35:00,165.46,165.55,165.33,165.55,32909.22
2026-07-25 19:40:00,165.55,165.93,164.8,165.09,109075.59
2026-07-25 19:45:00,165.09,165.23,165.05,165.21,18738.46
2026-07-25 19:50:00,165.21,165.3,164.95,165.26,9894.16
2026-07-25 19:55:00,165.26,165.6,164.74,164.85,365776.34
2026-07-25 20:00:00,164.85,165.24,164.72,165.18,5916.21
2026-07-25 20:05:00,165.18,165.41,165.11,165.38,46842.99
2026-07-25 20:10:00,165.38,165.43,164.93,164.99,66362.15
2026-07-25 20:15:00,164.99,165.12,164.82,165.0,8884.32
2026-07-25 20:20:00,165.0,165.09,164.71,165.07,7849.29
2026-07-25 20:25:00,165.07,165.35,165.0,165.21,19829.08
2026-07-25 20:30:00,165.21,165.36,164.93,165.13,13117.92
2026-07-25 20:35:00,165.13,165.43,164.78,164.9,85018.75
2026-07-25 20:40:00,164.9,165.38,164.8,165.09,110812.24
2026-07-25 20:45:00,165.09,165.7,165.03,165.52,32603.12
2026-07-25 20:50:00,165.52,166.0,165.22,165.35,8896.04
2026-07-25 20:55:00,165.35,166.08,164.85,164.94,242766.17
2026-07-25 21:00:00,164.94,165.15,164.89,165.11,183860.6
2026-07-25 21:05:00,165.11,165.12,164.77,164.89,116671.52
2026-07-25 21:10:00,164.89,164.97,164.62,164.71,86695.99
2026-07-25 21:15:00,164.71,164.76,164.45,164.6,8303.86
2026-07-25 21:20:00,164.6,164.6,164.37,164.38,83837.79
2026-07-25 21:25:00,164.38,164.45,164.32,164.43,82607.23
2026-07-25 21:30:00,164.43,165.18,164.39,165.01,45477.31
2026-07-25 21:35:00,165.01,165.42,164.72,165.38,1625.18
2026-07-25 21:40:00,165.38,165.41,164.72,164.98,24005.55
2026-07-25 21:45:00,164.98,165.03,164.62,164.8,54238.89
2026-07-25 21:50:00,164.8,165.01,164.26,164.33,130423.04
2026-07-25 21:55:00,164.33,164.51,163.83,164.12,2256.04
2026-07-25 22:00:00,164.12,164.19,164.05,164.07,10821.31
2026-07-25 22:05:00,164.07,164.47,163.86,164.4,3183.88
2026-07-25 22:10:00,164.4,164.74,164.25,164.62,42745.1
2026-07-25 22:15:00,164.62,165.04,164.23,164.95,110966.02
2026-07-25 22:20:00,164.95,165.03,164.6,164.76,137304.62
2026-07-25 22:25:00,164.76,165.55,164.38,165.53,44339.58
2026-07-25 22:30:00,165.53,165.97,165.16,165.23,251395.34
2026-07-25 22:35:00,165.23,165.26,164.72,165.04,32704.05
2026-07-25 22:40:00,165.04,165.77,164.94,165.57,61122.89
2026-07-25 22:45:00,165.57,165.66,165.36,165.4,23366.1
2026-07-25 22:50:00,165.4,165.82,165.25,165.48,81984.34
2026-07-25 22:55:00,165.48,165.55,165.09,165.2,5053.54
2026-07-25 23:00:00,165.2,165.63,165.15,165.41,12896.26
2026-07-25 23:05:00,165.41,165.48,165.19,165.41,12407.63
2026-07-25 23:10:00,165.41,165.57,165.04,165.25,43646.87
2026-07-25 23:15:00,165.25,165.58,165.13,165.57,23626.01
2026-07-25 23:20:00,165.57,166.15,165.17,165.3,56014.45
2026-07-25 23:25:00,165.3,165.5,165.0,165.03,1853.3
2026-07-25 23:30:00,165.03,165.06,164.91,164.96,21574.26
2026-07-25 23:35:00,164.96,165.2,164.72,164.79,56181.4
2026-07-25 23:40:00,164.79,165.03,164.65,164.91,161387.88
2026-07-25 23:45:00,164.91,164.99,164.59,164.63,187188.66
2026-07-25 23:50:00,164.63,164.64,164.39,164.51,11653.19
2026-07-25 23:55:00,164.51,164.53,163.92,164.14,26976.43
2026-07-26 00:00:00,164.14,164.18,163.97,164.07,103328.57
2026-07-26 00:05:00,164.07,164.48,163.66,164.34,35987.95
2026-07-26 00:10:00,164.34,164.84,164.07,164.84,32658.2
2026-07-26 00:15:00,164.84,164.95,164.77,164.86,42664.1
2026-07-26 00:20:00,164.86,165.12,164.64,164.74,33243.23
2026-07-26 00:25:00,164.74,164.88,164.31,164.46,9007.56
2026-07-26 00:30:00,164.46,164.72,164.41,164.68,32025.9
2026-07-26 00:35:00,164.68,164.68,164.32,164.46,65590.67
2026-07-26 00:40:00,164.46,164.62,164.11,164.14,95201.2
2026-07-26 00:45:00,164.14,164.31,163.81,163.93,28785.25
2026-07-26 00:50:00,163.93,164.26,163.79,164.23,7638.83
2026-07-26 00:55:00,164.23,164.31,163.83,164.03,7587.59
2026-07-26 01:00:00,164.03,164.58,163.46,164.49,107649.12
2026-07-26 01:05:00,164.49,165.02,164.22,164.77,7987.66
2026-07-26 01:10:00,164.77,164.86,164.44,164.73,203116.61
2026-07-26 01:15:00,164.73,165.15,164.72,164.81,13611.68
2026-07-26 01:20:00,164.81,165.03,164.67,164.74,6827.23
2026-07-26 01:25:00,164.74,164.87,164.3,164.59,67925.66
2026-07-26 01:30:00,164.59,164.73,164.19,164.2,45124.65
2026-07-26 01:35:00,164.2,164.33,164.03,164.3,45198.47
2026-07-26 01:40:00,164.3,164.34,164.25,164.33,82860.24
2026-07-26 01:45:00,164.33,164.83,163.83,164.7,85888.97
2026-07-26 01:50:00,164.7,164.98,164.64,164.81,24921.69
2026-07-26 01:55:00,164.81,165.05,164.61,164.85,85588.06
2026-07-26 02:00:00,164.85,165.25,164.84,165.22,41496.57
2026-07-26 02:05:00,165.22,165.33,164.91,164.96,45065.95
2026-07-26 02:10:00,164.96,165.62,164.89,165.55,55524.65
2026-07-26 02:15:00,165.55,166.16,165.3,165.77,120071.77
2026-07-26 02:20:00,165.77,166.27,165.16,165.28,276658.32
2026-07-26 02:25:00,165.28,165.49,165.07,165.4,9256.77
2026-07-26 02:30:00,165.4,165.53,165.05,165.15,51964.33
2026-07-26 02:35:00,165.15,165.24,164.31,164.46,26631.56
2026-07-26 02:40:00,164.46,164.79,164.44,164.74,76061.43
2026-07-26 02:45:00,164.74,164.95,164.38,164.47,68682.42
2026-07-26 02:50:00,164.47,164.86,164.38,164.77,6826.72
2026-07-26 02:55:00,164.77,164.83,164.35,164.44,197140.98
2026-07-26 03:00:00,164.44,164.46,164.14,164.26,7366.1
2026-07-26 03:05:00,164.26,164.75,163.52,164.6,355032.65
2026-07-26 03:10:00,164.6,164.63,163.97,164.07,122944.59
2026-07-26 03:15:00,164.07,164.25,163.75,163.79,19423.26
2026-07-26 03:20:00,163.79,164.0,163.09,163.94,469351.42
2026-07-26 03:25:00,163.94,164.37,163.48,164.32,196039.16
2026-07-26 03:30:00,164.32,164.71,164.07,164.57,113852.55
2026-07-26 03:35:00,164.57,164.85,164.22,164.8,40050.12
2026-07-26 03:40:00,164.8,165.11,164.55,164.83,10799.48
2026-07-26 03:45:00,164.83,165.14,164.61,164.96,137691.28
2026-07-26 03:50:00,164.96,165.32,164.85,165.25,119500.33
2026-07-26 03:55:00,165.25,165.38,164.94,165.08,62310.7
2026-07-26 04:00:00,165.08,165.68,165.02,165.62,3482.5
2026-07-26 04:05:00,165.62,165.97,165.02,165.13,169389.18
2026-07-26 04:10:00,165.13,165.25,164.9,164.95,38899.51
2026-07-26 04:15:00,164.95,165.23,164.95,165.03,13824.53
2026-07-26 04:20:00,165.03,165.36,164.81,165.33,156541.66
2026-07-26 04:25:00,165.33,165.35,165.04,165.2,107352.13
2026-07-26 04:30:00,165.2,165.41,165.1,165.32,21271.78
2026-07-26 04:35:00,165.32,165.69,165.2,165.32,25186.29
2026-07-26 04:40:00,165.32,165.73,165.24,165.65,46314.6
2026-07-26 04:45:00,165.65,166.28,165.21,165.28,312770.44
2026-07-26 04:50:00,165.28,165.52,164.86,164.92,80826.29
2026-07-26 04:55:00,164.92,165.26,164.74,165.09,226251.57
2026-07-26 05:00:00,165.09,165.54,164.87,165.43,179367.98
2026-07-26 05:05:00,165.43,165.51,165.16,165.29,230100.25
2026-07-26 05:10:00,165.29,165.59,164.81,165.45,237146.81
2026-07-26 05:15:00,165.45,165.56,165.12,165.25,14891.9
2026-07-26 05:20:00,165.25,165.34,165.02,165.08,94938.93
2026-07-26 05:25:00,165.08,165.25,164.95,165.21,2225.66
2026-07-26 05:30:00,165.21,165.22,164.82,164.92,10682.03
2026-07-26 05:35:00,164.92,165.33,164.8,164.9,266466.95
2026-07-26 05:40:00,164.9,164.97,164.48,164.78,30920.99
2026-07-26 05:45:00,164.78,164.85,164.65,164.84,13249.56
2026-07-26 05:50:00,164.84,164.88,164.73,164.81,13693.99
2026-07-26 05:55:00,164.81,164.9,164.45,164.51,107270.51
2026-07-26 06:00:00,164.51,165.42,164.4,165.23,46244.17
2026-07-26 06:05:00,165.23,165.65,165.16,165.52,30898.77
2026-07-26 06:10:00,165.52,166.08,165.5,166.06,83933.77
2026-07-26 06:15:00,166.06,166.29,165.98,166.08,25398.8
2026-07-26 06:20:00,166.08,166.2,165.96,166.01,12233.6
2026-07-26 06:25:00,166.01,166.5,165.63,165.76,72569.78
2026-07-26 06:30:00,165.76,165.83,165.29,165.43,33126.65
2026-07-26 06:35:00,165.43,166.31,165.29,165.7,85321.84
2026-07-26 06:40:00,165.7,166.28,165.37,165.45,238026.64
2026-07-26 06:45:00,165.45,165.85,164.89,164.98,34591.61
2026-07-26 06:50:00,164.98,165.01,164.74,164.89,92885.77
2026-07-26 06:55:00,164.89,165.23,164.74,165.12,11067.06
2026-07-26 07:00:00,165.12,165.19,164.94,164.96,21662.25
2026-07-26 07:05:00,164.96,165.25,164.9,165.21,90867.25
2026-07-26 07:10:00,165.21,165.46,165.1,165.34,5667.98
2026-07-26 07:15:00,165.34,165.59,164.63,164.65,46789.61
2026-07-26 07:20:00,164.65,165.39,164.57,165.25,171846.57
2026-07-26 07:25:00,165.25,165.5,165.24,165.35,52718.46
2026-07-26 07:30:00,165.35,165.7,165.18,165.27,92115.7
2026-07-26 07:35:00,165.27,165.66,165.27,165.51,15697.55
2026-07-26 07:40:00,165.51,165.95,165.46,165.93,20169.15
2026-07-26 07:45:00,165.93,166.02,165.74,165.75,79814.23
2026-07-26 07:50:00,165.75,166.16,165.5,166.07,4521.3
2026-07-26 07:55:00,166.07,166.27,165.77,165.92,35871.61
2026-07-26 08:00:00,165.92,166.0,165.76,165.76,15957.0
2026-07-26 08:05:00,165.76,166.48,165.38,165.47,102585.64
2026-07-26 08:10:00,165.47,165.51,165.37,165.46,92622.67
2026-07-26 08:15:00,165.46,165.99,165.3,165.86,45147.69
2026-07-26 08:20:00,165.86,166.17,165.8,166.15,241729.09
2026-07-26 08:25:00,166.15,166.21,165.51,165.6,101301.92
2026-07-26 08:30:00,165.6,165.74,165.48,165.71,129207.95
2026-07-26 08:35:00,165.71,165.85,165.31,165.57,17796.38
2026-07-26 08:40:00,165.57,165.71,165.55,165.67,33523.03
2026-07-26 08:45:00,165.67,165.77,165.36,165.59,21696.35
2026-07-26 08:50:00,165.59,165.76,165.57,165.75,35534.48
2026-07-26 08:55:00,165.75,165.92,165.57,165.9,52312.78
2026-07-26 09:00:00,165.9,166.58,165.59,165.68,47736.76
2026-07-26 09:05:00,165.68,165.77,165.57,165.73,76978.58
2026-07-26 09:10:00,165.73,166.05,165.56,165.97,12307.08
2026-07-26 09:15:00,165.97,166.44,165.59,165.67,119696.75
2026-07-26 09:20:00,165.67,166.07,165.43,166.07,30300.47
2026-07-26 09:25:00,166.07,166.49,165.65,165.71,18719.6
2026-07-26 09:30:00,165.71,165.88,165.61,165.73,71151.92
2026-07-26 09:35:00,165.73,166.38,165.61,166.15,67340.36
2026-07-26 09:40:00,166.15,166.78,165.58,165.69,390757.52
2026-07-26 09:45:00,165.69,165.9,165.63,165.66,198106.0
2026-07-26 09:50:00,165.66,165.99,165.64,165.79,14577.44
2026-07-26 09:55:00,165.79,166.32,165.68,165.94,50292.57
2026-07-26 10:00:00,165.94,166.55,165.91,166.38,34734.87
2026-07-26 10:05:00,166.38,166.86,166.11,166.2,743997.25
2026-07-26 10:10:00,166.2,166.49,165.68,165.74,60800.87
2026-07-26 10:15:00,165.74,166.36,165.73,166.17,47529.07
2026-07-26 10:20:00,166.17,166.38,165.92,166.27,48940.2
2026-07-26 10:25:00,166.27,166.3,166.08,166.21,16420.06
2026-07-26 10:30:00,166.21,166.65,165.75,166.03,53146.89
2026-07-26 10:35:00,166.03,166.56,165.68,165.84,4523.65
2026-07-26 10:40:00,165.84,166.03,165.69,165.9,39790.76
2026-07-26 10:45:00,165.9,166.5,165.9,166.18,9762.88
2026-07-26 10:50:00,166.18,166.23,165.95,166.08,36154.76
2026-07-26 10:55:00,166.08,166.13,165.71,165.8,50170.5
2026-07-26 11:00:00,165.8,166.24,165.73,166.03,196398.3
2026-07-26 11:05:00,166.03,166.1,165.86,165.86,34006.14
2026-07-26 11:10:00,165.86,165.9,165.59,165.68,142676.91
2026-07-26 11:15:00,165.68,165.8,165.47,165.47,48150.69
2026-07-26 11:20:00,165.47,165.89,165.31,165.67,12475.72
2026-07-26 11:25:00,165.67,165.8,165.31,165.42,54761.55
2026-07-26 11:30:00,165.42,165.89,165.21,165.81,95096.77
2026-07-26 11:35:00,165.81,165.89,165.36,165.59,2096.31
2026-07-26 11:40:00,165.59,165.73,165.48,165.56,58299.07
2026-07-26 11:45:00,165.56,165.71,165.26,165.41,52476.65
2026-07-26 11:50:00,165.41,165.81,165.32,165.52,58303.9
2026-07-26 11:55:00,165.52,166.08,165.16,165.99,55443.92
2026-07-26 12:00:00,165.99,166.16,165.63,165.69,39865.92
2026-07-26 12:05:00,165.69,166.03,164.97,165.97,136651.33
2026-07-26 12:10:00,165.97,166.14,165.91,165.94,31651.56
2026-07-26 12:15:00,165.94,166.19,165.87,166.15,12159.75
2026-07-26 12:20:00,166.15,166.33,165.81,165.88,4163.35
2026-07-26 12:25:00,165.88,165.95,165.43,165.75,1529.95
2026-07-26 12:30:00,165.75,165.88,165.31,165.54,7510.45
2026-07-26 12:35:00,165.54,165.87,164.94,165.81,2381.32
2026-07-26 12:40:00,165.81,166.01,165.59,165.66,5471.93
2026-07-26 12:45:00,165.66,165.78,165.64,165.75,4472.44
2026-07-26 12:50:00,165.75,166.13,165.53,166.08,37558.68
2026-07-26 12:55:00,166.08,166.39,165.52,165.77,102982.2
2026-07-26 13:00:00,165.77,165.99,165.3,165.54,12308.0
2026-07-26 13:05:00,165.54,165.62,165.46,165.48,24207.93
2026-07-26 13:10:00,165.48,165.6,165.19,165.6,58633.32
2026-07-26 13:15:00,165.6,166.12,165.43,166.04,30150.21
2026-07-26 13:20:00,166.04,166.11,166.0,166.01,20886.64
2026-07-26 13:25:00,166.01,166.02,165.82,165.85,17430.54
2026-07-26 13:30:00,165.85,165.95,165.59,165.72,429.9
2026-07-26 13:35:00,165.72,165.79,165.49,165.67,72367.45
2026-07-26 13:40:00,165.67,165.98,165.08,165.87,107400.02
2026-07-26 13:45:00,165.87,165.94,165.68,165.81,75409.54
2026-07-26 13:50:00,165.81,165.93,165.62,165.84,33803.11
2026-07-26 13:55:00,165.84,166.19,165.7,165.99,80639.47
2026-07-26 14:00:00,165.99,166.02,165.86,165.92,21113.63
2026-07-26 14:05:00,165.92,166.37,165.78,166.26,163863.95
2026-07-26 14:10:00,166.26,166.4,166.11,166.12,46374.5
2026-07-26 14:15:00,166.12,166.63,166.01,166.62,29334.25
2026-07-26 14:20:00,166.62,166.75,166.55,166.68,1262.94
2026-07-26 14:25:00,166.68,167.06,166.6,166.7,15986.3
2026-07-26 14:30:00,166.7,167.1,166.55,167.07,78765.39
2026-07-26 14:35:00,167.07,167.78,167.06,167.64,17398.9
2026-07-26 14:40:00,167.64,167.77,167.26,167.4,47769.59
2026-07-26 14:45:00,167.4,167.51,167.1,167.42,28085.62
2026-07-26 14:50:00,167.42,168.01,167.12,167.75,249915.24
2026-07-26 14:55:00,167.75,168.15,167.5,167.98,1873.9
2026-07-26 15:00:00,167.98,168.16,167.73,167.97,73281.83
2026-07-26 15:05:00,167.97,168.33,167.67,167.74,357143.92
2026-07-26 15:10:00,167.74,167.86,167.6,167.63,56965.72
2026-07-26 15:15:00,167.63,167.68,167.38,167.57,82193.45
2026-07-26 15:20:00,167.57,168.22,167.36,167.43,333579.25
2026-07-26 15:25:00,167.43,167.53,167.24,167.48,7783.42
2026-07-26 15:30:00,167.48,168.02,167.46,167.53,22380.7
2026-07-26 15:35:00,167.53,167.81,167.29,167.69,1870.08
2026-07-26 15:40:00,167.69,168.14,167.55,167.93,16688.54
2026-07-26 15:45:00,167.93,168.3,167.83,168.07,107414.82
2026-07-26 15:50:00,168.07,168.2,167.96,168.1,31302.8
2026-07-26 15:55:00,168.1,168.16,167.66,167.93,14723.12
2026-07-26 16:00:00,167.93,168.1,167.68,168.05,86812.71
2026-07-26 16:05:00,168.05,168.45,167.85,168.25,76387.08
2026-07-26 16:10:00,168.25,168.28,168.04,168.08,18410.99
2026-07-26 16:15:00,168.08,168.34,168.02,168.2,6045.81
2026-07-26 16:20:00,168.2,168.7,167.83,167.93,31518.81
2026-07-26 16:25:00,167.93,168.11,167.27,167.4,5958.86
2026-07-26 16:30:00,167.4,167.62,167.11,167.2,162416.48
2026-07-26 16:35:00,167.2,167.25,167.12,167.18,28652.02
2026-07-26 16:40:00,167.18,167.96,167.12,167.71,22916.82
2026-07-26 16:45:00,167.71,168.09,167.27,167.36,232848.25
2026-07-26 16:50:00,167.36,167.44,167.06,167.16,3620.29
2026-07-26 16:55:00,167.16,167.51,166.86,167.44,54135.56
2026-07-26 17:00:00,167.44,168.18,167.33,167.91,84266.67
2026-07-26 17:05:00,167.91,168.37,167.62,168.11,111118.98
2026-07-26 17:10:00,168.11,168.41,167.68,167.76,222429.61
2026-07-26 17:15:00,167.76,168.45,167.28,167.41,512367.3
2026-07-26 17:20:00,167.41,167.48,167.01,167.24,45726.46
2026-07-26 17:25:00,167.24,167.51,167.24,167.3,125969.63
2026-07-26 17:30:00,167.3,167.45,167.29,167.35,59038.66
2026-07-26 17:35:00,167.35,167.55,166.84,166.99,147310.43
2026-07-26 17:40:00,166.99,167.28,166.83,167.21,206981.28
2026-07-26 17:45:00,167.21,167.4,166.92,167.13,1181.9
2026-07-26 17:50:00,167.13,167.64,166.79,167.54,5973.68
2026-07-26 17:55:00,167.54,167.86,166.48,166.79,37205.99
2026-07-26 18:00:00,166.79,167.08,166.64,167.0,1780.86
2026-07-26 18:05:00,167.0,167.17,166.89,167.03,83648.27
2026-07-26 18:10:00,167.03,167.56,166.92,167.49,89195.46
2026-07-26 18:15:00,167.49,167.66,167.2,167.43,132468.35
2026-07-26 18:20:00,167.43,167.68,167.08,167.35,28999.77
2026-07-26 18:25:00,167.35,167.48,166.91,167.18,33294.47
2026-07-26 18:30:00,167.18,167.26,167.13,167.2,131492.07
2026-07-26 18:35:00,167.2,167.38,166.86,166.99,77288.81
2026-07-26 18:40:00,166.99,167.3,166.42,166.61,145366.64
2026-07-26 18:45:00,166.61,166.91,166.5,166.77,31731.61
2026-07-26 18:50:00,166.77,166.83,166.38,166.64,16254.33
2026-07-26 18:55:00,166.64,167.29,166.58,167.27,42310.78
2026-07-26 19:00:00,167.27,168.05,166.98,167.88,8780.41
2026-07-26 19:05:00,167.88,168.33,167.45,167.54,70232.36
2026-07-26 19:10:00,167.54,167.64,167.28,167.33,16100.91
2026-07-26 19:15:00,167.33,167.65,167.25,167.39,3937.05
2026-07-26 19:20:00,167.39,167.98,167.38,167.95,30822.67
2026-07-26 19:25:00,167.95,168.35,167.47,167.57,57674.69
2026-07-26 19:30:00,167.57,167.87,167.52,167.8,39212.9
2026-07-26 19:35:00,167.8,167.84,167.17,167.38,62410.95
2026-07-26 19:40:00,167.38,167.6,167.07,167.16,16086.75
2026-07-26 19:45:00,167.16,167.38,166.6,166.79,1294.27
2026-07-26 19:50:00,166.79,166.94,166.7,166.87,35002.51
2026-07-26 19:55:00,166.87,167.17,166.6,166.61,97060.31
2026-07-26 20:00:00,166.61,166.65,166.53,166.6,128809.67
2026-07-26 20:05:00,166.6,167.13,166.24,167.06,327369.05
2026-07-26 20:10:00,167.06,167.29,166.84,167.16,6284.22
2026-07-26 20:15:00,167.16,167.39,167.07,167.33,4305.18
2026-07-26 20:20:00,167.33,168.05,167.13,167.67,65892.28
2026-07-26 20:25:00,167.67,168.67,167.45,168.31,82739.57
2026-07-26 20:30:00,168.31,168.54,167.4,167.66,18193.2
2026-07-26 20:35:00,167.66,168.24,167.54,168.22,145616.29
2026-07-26 20:40:00,168.22,168.87,168.03,168.46,25806.75
2026-07-26 20:45:00,168.46,168.94,168.03,168.15,310700.32
2026-07-26 20:50:00,168.15,168.21,167.87,168.0,130729.28
2026-07-26 20:55:00,168.0,168.03,167.35,167.5,1141.21
2026-07-26 21:00:00,167.5,167.65,167.32,167.33,24294.83
2026-07-26 21:05:00,167.33,167.42,166.96,167.05,38409.62
2026-07-26 21:10:00,167.05,167.39,166.95,167.15,105090.1
2026-07-26 21:15:00,167.15,167.26,167.04,167.09,6416.45
2026-07-26 21:20:00,167.09,167.39,167.07,167.24,42845.45
2026-07-26 21:25:00,167.24,167.38,166.94,167.18,35952.12
2026-07-26 21:30:00,167.18,167.31,166.83,166.9,55754.13
2026-07-26 21:35:00,166.9,167.13,166.72,166.84,3530.03
2026-07-26 21:40:00,166.84,167.11,166.51,167.05,183701.93
2026-07-26 21:45:00,167.05,167.2,166.51,166.73,37620.65
2026-07-26 21:50:00,166.73,166.78,166.28,166.37,8466.21
2026-07-26 21:55:00,166.37,166.42,166.28,166.41,120574.95
2026-07-26 22:00:00,166.41,166.59,166.16,166.38,1880.44
2026-07-26 22:05:00,166.38,166.93,166.2,166.72,22385.27
2026-07-26 22:10:00,166.72,166.88,166.6,166.66,8861.35
2026-07-26 22:15:00,166.66,167.05,166.1,166.99,31193.81
2026-07-26 22:20:00,166.99,167.48,166.94,167.32,29108.69
2026-07-26 22:25:00,167.32,167.74,167.22,167.54,43594.51
2026-07-26 22:30:00,167.54,167.67,166.78,166.96,54375.07
2026-07-26 22:35:00,166.96,167.49,166.78,167.13,35155.78
2026-07-26 22:40:00,167.13,167.15,166.77,166.9,13366.68
2026-07-26 22:45:00,166.9,167.08,166.77,166.8,109479.22
2026-07-26 22:50:00,166.8,166.94,166.76,166.81,94942.9
2026-07-26 22:55:00,166.81,167.15,166.15,167.0,266728.16
2026-07-26 23:00:00,167.0,167.53,166.62,166.82,56825.44
2026-07-26 23:05:00,166.82,166.97,166.69,166.89,36535.52
2026-07-26 23:10:00,166.89,167.01,166.63,166.76,5616.41
2026-07-26 23:15:00,166.76,166.85,166.61,166.85,67417.0
2026-07-26 23:20:00,166.85,167.2,166.23,167.06,425900.95
2026-07-26 23:25:00,167.06,167.7,166.97,167.67,58429.01
2026-07-26 23:30:00,167.67,168.03,166.9,167.19,20194.63
2026-07-26 23:35:00,167.19,167.54,167.04,167.27,15542.06
2026-07-26 23:40:00,167.27,167.47,166.94,166.96,17523.65
2026-07-26 23:45:00,166.96,167.13,166.82,166.84,88955.2
2026-07-26 23:50:00,166.84,166.88,166.64,166.85,16748.9
2026-07-26 23:55:00,166.85,167.01,166.73,166.82,22820.75
2026-07-27 00:00:00,166.82,166.98,166.38,166.56,28950.8
2026-07-27 00:05:00,166.56,166.89,166.54,166.87,46040.54
2026-07-27 00:10:00,166.87,167.18,166.8,167.14,68142.27
2026-07-27 00:15:00,167.14,167.22,166.84,166.98,83401.71
2026-07-27 00:20:00,166.98,167.24,166.91,167.16,51395.55
2026-07-27 00:25:00,167.16,167.48,167.08,167.36,8531.71
2026-07-27 00:30:00,167.36,167.66,167.21,167.47,30098.05
2026-07-27 00:35:00,167.47,167.69,167.43,167.49,93598.92
2026-07-27 00:40:00,167.49,168.25,167.42,168.03,98271.79
2026-07-27 00:45:00,168.03,168.47,167.48,167.59,25348.34
2026-07-27 00:50:00,167.59,167.72,167.22,167.34,18825.83
2026-07-27 00:55:00,167.34,168.01,167.16,167.65,12725.36
2026-07-27 01:00:00,167.65,167.67,167.37,167.45,1881.79
2026-07-27 01:05:00,167.45,167.84,167.21,167.65,3735.21
2026-07-27 01:10:00,167.65,167.93,167.38,167.86,6688.26
2026-07-27 01:15:00,167.86,168.08,167.74,168.03,29995.43
2026-07-27 01:20:00,168.03,168.09,167.71,167.91,60328.13
2026-07-27 01:25:00,167.91,168.42,167.74,168.29,9486.39
2026-07-27 01:30:00,168.29,168.84,168.14,168.58,57834.16
2026-07-27 01:35:00,168.58,168.63,168.26,168.28,71894.69
2026-07-27 01:40:00,168.28,168.35,168.15,168.26,17369.38
2026-07-27 01:45:00,168.26,168.56,167.78,167.84,721447.16
2026-07-27 01:50:00,167.84,167.93,167.79,167.87,48539.67
2026-07-27 01:55:00,167.87,168.58,167.6,168.5,14541.24
2026-07-27 02:00:00,168.5,169.25,168.47,169.19,57415.64
2026-07-27 02:05:00,169.19,169.52,168.73,168.9,626805.0
2026-07-27 02:10:00,168.9,169.22,168.38,168.55,439922.06
2026-07-27 02:15:00,168.55,168.76,168.4,168.45,64078.14
2026-07-27 02:20:00,168.45,168.51,168.17,168.32,10292.82
2026-07-27 02:25:00,168.32,168.92,167.72,167.86,191207.16
2026-07-27 02:30:00,167.86,168.45,167.74,168.41,97804.01
2026-07-27 02:35:00,168.41,168.42,168.17,168.4,120647.27
2026-07-27 02:40:00,168.4,168.66,168.08,168.19,14004.69
2026-07-27 02:45:00,168.19,168.53,167.8,167.87,69007.31
2026-07-27 02:50:00,167.87,167.96,167.71,167.96,71469.58
2026-07-27 02:55:00,167.96,168.11,167.66,168.05,28865.74
2026-07-27 03:00:00,168.05,168.09,167.98,168.01,28810.3
2026-07-27 03:05:00,168.01,168.13,167.7,168.0,30057.85
2026-07-27 03:10:00,168.0,168.27,167.78,167.96,35208.94
2026-07-27 03:15:00,167.96,168.11,167.84,168.01,81533.16
2026-07-27 03:20:00,168.01,168.13,167.83,168.09,34297.94
2026-07-27 03:25:00,168.09,168.36,167.95,168.23,41011.18
2026-07-27 03:30:00,168.23,168.92,167.66,167.76,331928.61
2026-07-27 03:35:00,167.76,168.02,167.76,167.85,20255.28
2026-07-27 03:40:00,167.85,168.05,167.74,167.79,30034.02
2026-07-27 03:45:00,167.79,167.98,167.58,167.97,255692.81
2026-07-27 03:50:00,167.97,168.28,167.88,168.27,36785.42
2026-07-27 03:55:00,168.27,168.84,168.13,168.68,10691.65
2026-07-27 04:00:00,168.68,168.71,168.18,168.5,34623.64
2026-07-27 04:05:00,168.5,168.53,168.24,168.46,86440.71
2026-07-27 04:10:00,168.46,168.84,168.12,168.56,14638.81
2026-07-27 04:15:00,168.56,168.66,168.21,168.22,15758.27
2026-07-27 04:20:00,168.22,168.41,167.99,168.04,51508.22
2026-07-27 04:25:00,168.04,168.18,167.67,167.86,37473.32
2026-07-27 04:30:00,167.86,167.9,167.23,167.49,17524.82
2026-07-27 04:35:00,167.49,167.76,167.34,167.62,65096.38
2026-07-27 04:40:00,167.62,167.66,167.47,167.56,29463.18
2026-07-27 04:45:00,167.56,167.94,167.4,167.92,103836.27
2026-07-27 04:50:00,167.92,168.37,167.84,168.32,179502.69
2026-07-27 04:55:00,168.32,168.5,168.19,168.42,146778.51
2026-07-27 05:00:00,168.42,168.73,168.18,168.31,4227.47
2026-07-27 05:05:00,168.31,168.49,168.03,168.38,3383.96
2026-07-27 05:10:00,168.38,168.52,167.74,168.15,2322.71
2026-07-27 05:15:00,168.15,168.31,168.03,168.26,57288.29
2026-07-27 05:20:00,168.26,168.35,167.86,168.08,25882.13
2026-07-27 05:25:00,168.08,168.43,167.89,168.26,34057.17
2026-07-27 05:30:00,168.26,168.53,168.17,168.28,27128.28
2026-07-27 05:35:00,168.28,168.37,168.02,168.13,6027.34
2026-07-27 05:40:00,168.13,168.43,168.11,168.38,13061.41
2026-07-27 05:45:00,168.38,168.53,168.15,168.44,43002.0
2026-07-27 05:50:00,168.44,169.28,168.23,168.97,32225.21
2026-07-27 05:55:00,168.97,169.4,168.6,168.83,70740.55
2026-07-27 06:00:00,168.83,168.99,168.59,168.69,178065.44
2026-07-27 06:05:00,168.69,168.86,168.62,168.84,48167.19
2026-07-27 06:10:00,168.84,169.45,168.77,169.38,15948.99
2026-07-27 06:15:00,169.38,169.83,168.91,169.0,8938.11
2026-07-27 06:20:00,169.0,169.42,168.58,168.68,144107.69
2026-07-27 06:25:00,168.68,169.04,168.55,168.78,13235.43
2026-07-27 06:30:00,168.78,169.08,168.33,168.6,18999.15
2026-07-27 06:35:00,168.6,169.11,168.54,168.86,21356.83
2026-07-27 06:40:00,168.86,168.93,168.81,168.9,194995.77
2026-07-27 06:45:00,168.9,169.51,168.36,168.49,205553.84
2026-07-27 06:50:00,168.49,168.51,167.88,167.93,1798.78
2026-07-27 06:55:00,167.93,168.02,167.66,167.76,15098.83
2026-07-27 07:00:00,167.76,168.63,167.76,168.58,10850.77
2026-07-27 07:05:00,168.58,168.67,168.29,168.48,32062.09
2026-07-27 07:10:00,168.48,168.98,168.43,168.96,53744.6
2026-07-27 07:15:00,168.96,169.42,168.32,168.46,187681.91
2026-07-27 07:20:00,168.46,169.01,168.29,169.0,21102.07
2026-07-27 07:25:00,169.0,169.14,168.69,169.11,632.74
2026-07-27 07:30:00,169.11,169.47,168.51,168.83,55549.01
2026-07-27 07:35:00,168.83,169.58,168.76,169.35,56325.96
2026-07-27 07:40:00,169.35,169.48,168.78,168.91,147669.96
2026-07-27 07:45:00,168.91,168.99,168.84,168.93,32951.88
2026-07-27 07:50:00,168.93,169.28,168.79,169.27,117476.28
2026-07-27 07:55:00,169.27,169.78,168.74,168.91,159284.43
2026-07-27 08:00:00,168.91,169.64,168.71,169.44,8789.0
2026-07-27 08:05:00,169.44,169.72,168.81,168.97,142333.48
2026-07-27 08:10:00,168.97,169.15,168.42,168.72,28209.13
2026-07-27 08:15:00,168.72,169.69,168.56,169.2,6285.69
2026-07-27 08:20:00,169.2,169.24,169.01,169.19,5583.76
2026-07-27 08:25:00,169.19,169.72,168.87,169.64,35585.8
2026-07-27 08:30:00,169.64,170.02,169.17,169.93,89362.27
2026-07-27 08:35:00,169.93,169.94,169.39,169.59,2887.32
2026-07-27 08:40:00,169.59,169.97,169.1,169.23,124664.29
2026-07-27 08:45:00,169.23,169.33,168.95,169.01,169689.58
2026-07-27 08:50:00,169.01,169.33,168.82,169.2,72491.33
2026-07-27 08:55:00,169.2,169.41,168.93,169.4,97575.89
2026-07-27 09:00:00,169.4,169.53,169.39,169.49,59780.27
2026-07-27 09:05:00,169.49,170.14,169.49,170.01,3049.16
2026-07-27 09:10:00,170.01,170.2,169.91,170.1,45486.88
2026-07-27 09:15:00,170.1,170.14,169.51,169.7,231597.86
2026-07-27 09:20:00,169.7,169.72,169.44,169.61,74282.26
2026-07-27 09:25:00,169.61,169.73,169.11,169.3,205220.34
2026-07-27 09:30:00,169.3,169.48,169.19,169.28,35460.23
2026-07-27 09:35:00,169.28,169.53,169.19,169.44,18086.7
2026-07-27 09:40:00,169.44,169.57,168.67,168.69,142776.8
2026-07-27 09:45:00,168.69,168.83,168.3,168.43,35137.66
2026-07-27 09:50:00,168.43,168.84,168.3,168.64,121512.54
2026-07-27 09:55:00,168.64,169.01,168.33,168.9,45836.01
2026-07-27 10:00:00,168.9,169.36,168.85,169.15,40417.52
2026-07-27 10:05:00,169.15,169.24,168.89,168.97,167303.82
2026-07-27 10:10:00,168.97,169.09,168.46,168.78,155832.39
2026-07-27 10:15:00,168.78,169.29,168.7,169.17,204685.79
2026-07-27 10:20:00,169.17,169.21,168.81,169.15,1223.22
2026-07-27 10:25:00,169.15,169.21,168.74,168.76,5781.44
2026-07-27 10:30:00,168.76,169.06,168.49,169.01,6174.89
2026-07-27 10:35:00,169.01,169.17,168.95,169.05,50894.84
2026-07-27 10:40:00,169.05,169.11,168.64,168.7,75510.63
2026-07-27 10:45:00,168.7,168.78,168.14,168.21,136829.01
2026-07-27 10:50:00,168.21,168.53,167.89,168.46,10045.29
2026-07-27 10:55:00,168.46,168.59,167.83,168.08,144.94
2026-07-27 11:00:00,168.08,168.41,168.0,168.25,54914.83
2026-07-27 11:05:00,168.25,168.54,168.0,168.38,104591.83
2026-07-27 11:10:00,168.38,168.39,167.76,168.02,25337.42
2026-07-27 11:15:00,168.02,168.11,167.71,167.74,2576.13
2026-07-27 11:20:00,167.74,167.83,167.22,167.44,40131.99
2026-07-27 11:25:00,167.44,167.53,167.14,167.15,12317.14
2026-07-27 11:30:00,167.15,167.7,167.13,167.42,20808.5
2026-07-27 11:35:00,167.42,167.63,167.36,167.4,40472.35
2026-07-27 11:40:00,167.4,167.46,166.8,167.15,140886.71
2026-07-27 11:45:00,167.15,167.64,166.45,167.53,79212.57
2026-07-27 11:50:00,167.53,167.63,166.91,167.06,140904.97
2026-07-27 11:55:00,167.06,167.5,166.49,167.45,67593.75
2026-07-27 12:00:00,167.45,167.88,167.15,167.77,83394.55
2026-07-27 12:05:00,167.77,168.06,167.59,167.67,15298.25
2026-07-27 12:10:00,167.67,168.2,167.49,168.11,641.54
2026-07-27 12:15:00,168.11,168.2,167.82,168.02,89332.66
2026-07-27 12:20:00,168.02,168.48,168.02,168.35,32127.96
2026-07-27 12:25:00,168.35,168.65,168.34,168.51,93161.76
2026-07-27 12:30:00,168.51,168.52,168.24,168.34,44822.17
2026-07-27 12:35:00,168.34,168.54,168.23,168.4,4063.5
2026-07-27 12:40:00,168.4,168.72,168.36,168.44,25644.69
2026-07-27 12:45:00,168.44,168.86,168.37,168.78,80865.64
2026-07-27 12:50:00,168.78,169.06,168.72,169.05,175132.6
2026-07-27 12:55:00,169.05,169.36,168.48,168.56,89414.24
2026-07-27 13:00:00,168.56,168.75,167.98,168.1,75751.48
2026-07-27 13:05:00,168.1,168.22,168.06,168.19,11684.11
2026-07-27 13:10:00,168.19,168.33,168.12,168.18,42957.26
2026-07-27 13:15:00,168.18,168.45,167.95,168.04,52168.75
2026-07-27 13:20:00,168.04,168.54,168.0,168.5,39617.2
2026-07-27 13:25:00,168.5,168.68,168.44,168.67,76926.04
2026-07-27 13:30:00,168.67,168.99,168.62,168.75,30832.51
2026-07-27 13:35:00,168.75,168.76,168.24,168.33,32059.02
2026-07-27 13:40:00,168.33,168.69,168.12,168.57,83313.94
2026-07-27 13:45:00,168.57,169.06,168.47,168.47,61251.63
2026-07-27 13:50:00,168.47,169.24,168.44,169.1,65665.53
2026-07-27 13:55:00,169.1,169.42,168.96,169.27,9032.31
2026-07-27 14:00:00,169.27,169.45,168.73,168.85,7220.31
2026-07-27 14:05:00,168.85,169.08,168.53,168.96,16247.5
2026-07-27 14:10:00,168.96,169.17,168.75,169.06,147693.5
2026-07-27 14:15:00,169.06,169.14,168.78,168.78,110205.01
2026-07-27 14:20:00,168.78,169.44,168.67,169.11,112487.78
2026-07-27 14:25:00,169.11,169.25,168.96,169.13,50307.91
2026-07-27 14:30:00,169.13,169.41,168.94,169.19,41111.4
2026-07-27 14:35:00,169.19,169.45,168.55,168.7,141441.14
2026-07-27 14:40:00,168.7,169.19,168.45,169.06,48039.63
2026-07-27 14:45:00,169.06,169.15,168.76,168.81,49920.41
2026-07-27 14:50:00,168.81,169.43,168.74,169.26,66249.73
2026-07-27 14:55:00,169.26,169.78,169.23,169.58,67628.61
2026-07-27 15:00:00,169.58,169.91,169.39,169.72,39586.97
2026-07-27 15:05:00,169.72,170.67,169.58,170.51,21990.1
2026-07-27 15:10:00,170.51,171.23,170.25,170.34,168908.07
2026-07-27 15:15:00,170.34,170.86,169.84,169.99,35938.54
2026-07-27 15:20:00,169.99,170.53,169.75,170.2,3813.19
2026-07-27 15:25:00,170.2,170.77,169.66,169.73,595297.6
2026-07-27 15:30:00,169.73,169.83,169.59,169.7,74138.69
2026-07-27 15:35:00,169.7,169.82,168.75,169.12,22079.9
2026-07-27 15:40:00,169.12,169.46,169.05,169.38,7098.06
2026-07-27 15:45:00,169.38,169.49,168.89,169.01,216219.56
2026-07-27 15:50:00,169.01,169.22,168.96,169.07,39102.94
2026-07-27 15:55:00,169.07,169.31,169.04,169.24,37422.6
2026-07-27 16:00:00,169.24,169.71,169.15,169.63,115611.26
2026-07-27 16:05:00,169.63,169.65,169.54,169.6,37724.49
2026-07-27 16:10:00,169.6,169.97,169.47,169.63,42294.68
2026-07-27 16:15:00,169.63,169.66,169.29,169.41,74223.1
2026-07-27 16:20:00,169.41,169.63,169.07,169.55,95014.77
2026-07-27 16:25:00,169.55,169.64,169.21,169.4,13480.92
2026-07-27 16:30:00,169.4,169.86,169.35,169.7,38911.35
2026-07-27 16:35:00,169.7,170.35,169.63,170.23,3474.71
2026-07-27 16:40:00,170.23,170.31,170.12,170.15,23619.63
2026-07-27 16:45:00,170.15,170.47,170.09,170.4,18169.39
2026-07-27 16:50:00,170.4,170.72,169.82,169.96,167829.86
2026-07-27 16:55:00,169.96,169.96,169.86,169.92,12056.55
2026-07-27 17:00:00,169.92,170.33,169.88,170.21,8982.79
2026-07-27 17:05:00,170.21,170.85,169.98,170.65,36492.7
2026-07-27 17:10:00,170.65,171.06,170.43,171.01,12109.75
2026-07-27 17:15:00,171.01,171.08,170.73,170.95,12465.85
2026-07-27 17:20:00,170.95,171.1,170.44,170.57,83628.75
2026-07-27 17:25:00,170.57,170.58,170.12,170.42,9112.02
2026-07-27 17:30:00,170.42,170.96,170.1,170.25,364054.18
2026-07-27 17:35:00,170.25,170.7,170.09,170.55,69686.59
2026-07-27 17:40:00,170.55,170.72,169.97,170.12,5445.89
2026-07-27 17:45:00,170.12,170.29,169.64,169.64,55218.71
2026-07-27 17:50:00,169.64,169.93,169.62,169.63,10233.3
2026-07-27 17:55:00,169.63,169.63,169.3,169.35,54861.86
2026-07-27 18:00:00,169.35,169.7,169.33,169.66,24041.74
2026-07-27 18:05:00,169.66,170.26,169.63,169.9,9245.55
2026-07-27 18:10:00,169.9,169.93,169.75,169.76,22119.78
2026-07-27 18:15:00,169.76,169.86,169.52,169.8,31918.71
2026-07-27 18:20:00,169.8,169.97,169.37,169.61,119281.56
2026-07-27 18:25:00,169.61,169.7,169.47,169.53,7385.74
2026-07-27 18:30:00,169.53,169.79,169.37,169.67,7002.99
2026-07-27 18:35:00,169.67,169.91,169.47,169.5,26743.0
2026-07-27 18:40:00,169.5,169.52,169.03,169.08,60872.14
2026-07-27 18:45:00,169.08,169.2,168.66,168.93,7187.34
2026-07-27 18:50:00,168.93,169.04,168.8,169.0,24327.1
2026-07-27 18:55:00,169.0,169.11,168.94,168.94,11991.56
2026-07-27 19:00:00,168.94,168.95,168.84,168.86,34559.31
2026-07-27 19:05:00,168.86,169.19,168.64,169.13,74759.99
2026-07-27 19:10:00,169.13,169.56,168.98,169.54,43078.53
2026-07-27 19:15:00,169.54,169.85,168.87,169.25,49520.11
2026-07-27 19:20:00,169.25,169.35,168.85,168.97,31927.35
2026-07-27 19:25:00,168.97,169.35,168.87,169.24,182496.61
2026-07-27 19:30:00,169.24,169.25,169.0,169.15,20389.63
2026-07-27 19:35:00,169.15,169.63,169.01,169.44,3324.39
2026-07-27 19:40:00,169.44,169.91,169.42,169.76,7261.78
2026-07-27 19:45:00,169.76,170.1,169.64,169.87,22396.96
2026-07-27 19:50:00,169.87,170.14,169.76,169.99,15660.96
2026-07-27 19:55:00,169.99,170.14,169.89,169.95,25683.48
2026-07-27 20:00:00,169.95,170.17,169.76,170.07,31716.75
2026-07-27 20:05:00,170.07,170.16,169.98,170.09,25387.67
2026-07-27 20:10:00,170.09,170.46,169.98,170.22,24878.52
2026-07-27 20:15:00,170.22,170.6,170.15,170.4,16825.1
2026-07-27 20:20:00,170.4,170.67,170.12,170.16,22393.36
2026-07-27 20:25:00,170.16,170.33,169.9,170.26,6206.17
2026-07-27 20:30:00,170.26,170.39,169.94,170.17,47108.24
2026-07-27 20:35:00,170.17,170.26,170.11,170.19,19820.89
2026-07-27 20:40:00,170.19,170.24,169.88,170.07,4346.55
2026-07-27 20:45:00,170.07,170.11,169.91,170.09,46097.35
2026-07-27 20:50:00,170.09,170.55,169.8,170.34,13372.06
2026-07-27 20:55:00,170.34,170.34,170.23,170.33,1317.45
2026-07-27 21:00:00,170.33,170.36,170.23,170.36,12523.45
2026-07-27 21:05:00,170.36,170.56,170.31,170.41,110903.2
2026-07-27 21:10:00,170.41,170.54,170.33,170.44,55060.05
2026-07-27 21:15:00,170.44,170.7,170.22,170.7,9363.76
2026-07-27 21:20:00,170.7,171.15,170.35,171.03,13334.78
2026-07-27 21:25:00,171.03,171.34,170.72,170.78,358130.49
2026-07-27 21:30:00,170.78,171.07,170.56,171.04,19695.28
2026-07-27 21:35:00,171.04,171.57,170.63,170.74,8833.9
2026-07-27 21:40:00,170.74,171.26,170.57,171.03,69931.41
2026-07-27 21:45:00,171.03,171.23,170.8,170.8,10471.1
2026-07-27 21:50:00,170.8,171.05,170.24,170.36,6387.25
2026-07-27 21:55:00,170.36,170.8,170.29,170.6,32881.82
2026-07-27 22:00:00,170.6,171.22,170.5,171.17,82417.59
2026-07-27 22:05:00,171.17,171.7,170.62,170.75,786525.8
2026-07-27 22:10:00,170.75,170.8,170.68,170.72,50513.89
2026-07-27 22:15:00,170.72,170.83,170.39,170.46,33806.13
2026-07-27 22:20:00,170.46,170.6,170.16,170.32,129083.04
2026-07-27 22:25:00,170.32,170.4,170.26,170.34,20668.8
2026-07-27 22:30:00,170.34,170.59,170.14,170.48,8960.24
2026-07-27 22:35:00,170.48,170.89,170.44,170.62,51.89
2026-07-27 22:40:00,170.62,170.72,170.26,170.42,32591.89
2026-07-27 22:45:00,170.42,170.46,170.19,170.46,65792.52
2026-07-27 22:50:00,170.46,170.7,170.36,170.37,2419.67
2026-07-27 22:55:00,170.37,170.61,169.98,170.3,27462.58
2026-07-27 23:00:00,170.3,170.32,169.82,170.03,106896.43
2026-07-27 23:05:00,170.03,170.47,170.0,170.37,80770.72
2026-07-27 23:10:00,170.37,170.5,169.84,170.07,147982.18
2026-07-27 23:15:00,170.07,170.17,169.93,170.06,126974.14
2026-07-27 23:20:00,170.06,170.34,169.86,170.28,63595.67
2026-07-27 23:25:00,170.28,170.31,170.11,170.2,24475.67
2026-07-27 23:30:00,170.2,170.54,169.82,170.29,141403.7
2026-07-27 23:35:00,170.29,170.37,169.68,170.04,23190.67
2026-07-27 23:40:00,170.04,170.85,169.98,170.77,29525.55
2026-07-27 23:45:00,170.77,171.2,170.51,170.87,93904.54
2026-07-27 23:50:00,170.87,171.07,170.82,171.06,47819.39
2026-07-27 23:55:00,171.06,171.35,171.03,171.11,50059.82
2026-07-28 00:00:00,171.11,171.59,170.87,171.59,69277.92
2026-07-28 00:05:00,171.59,171.72,171.51,171.72,126090.16
2026-07-28 00:10:00,171.72,172.34,171.31,171.46,112311.9
2026-07-28 00:15:00,171.46,171.62,171.15,171.33,82121.35
2026-07-28 00:20:00,171.33,171.58,171.32,171.57,20819.9
2026-07-28 00:25:00,171.57,171.91,171.33,171.41,108962.59
2026-07-28 00:30:00,171.41,172.06,171.18,171.79,33250.66
2026-07-28 00:35:00,171.79,172.11,171.26,171.32,158430.53
2026-07-28 00:40:00,171.32,171.54,170.7,170.73,92549.97
2026-07-28 00:45:00,170.73,170.84,170.7,170.73,36712.48
2026-07-28 00:50:00,170.73,170.86,170.57,170.76,2628.63
2026-07-28 00:55:00,170.76,171.16,170.75,171.0,1440.79
2026-07-28 01:00:00,171.0,171.29,170.59,171.27,32696.45
2026-07-28 01:05:00,171.27,171.76,170.97,171.34,53191.42
2026-07-28 01:10:00,171.34,171.7,171.27,171.58,66683.76
2026-07-28 01:15:00,171.58,171.95,171.46,171.9,31501.78
2026-07-28 01:20:00,171.9,172.02,171.75,171.75,3142.46
2026-07-28 01:25:00,171.75,172.1,171.7,171.74,45224.03
2026-07-28 01:30:00,171.74,171.79,171.35,171.48,51537.91
2026-07-28 01:35:00,171.48,171.69,171.28,171.66,64098.4
2026-07-28 01:40:00,171.66,172.43,171.32,172.2,6227.16
2026-07-28 01:45:00,172.2,172.56,171.88,172.5,13773.6
2026-07-28 01:50:00,172.5,172.51,172.12,172.38,14735.0
2026-07-28 01:55:00,172.38,173.04,172.06,172.98,44750.76
2026-07-28 02:00:00,172.98,173.07,172.46,172.74,2956.73
2026-07-28 02:05:00,172.74,173.2,172.31,172.38,77325.22
2026-07-28 02:10:00,172.38,172.77,172.23,172.6,181784.92
2026-07-28 02:15:00,172.6,173.22,172.03,172.18,7863.68
2026-07-28 02:20:00,172.18,172.72,171.67,171.76,459775.23
2026-07-28 02:25:00,171.76,172.08,171.66,171.98,77211.48
2026-07-28 02:30:00,171.98,172.52,171.78,171.83,635490.47
2026-07-28 02:35:00,171.83,172.28,171.64,172.1,8235.0
2026-07-28 02:40:00,172.1,172.55,171.97,172.23,161875.48
2026-07-28 02:45:00,172.23,172.85,171.65,171.77,705341.98
2026-07-28 02:50:00,171.77,172.22,171.76,172.09,35922.65
2026-07-28 02:55:00,172.09,172.27,171.94,172.09,137188.49
2026-07-28 03:00:00,172.09,172.53,171.84,172.42,246037.87
2026-07-28 03:05:00,172.42,172.92,171.9,171.95,300761.42
2026-07-28 03:10:00,171.95,172.54,171.69,171.78,338413.75
2026-07-28 03:15:00,171.78,171.84,171.35,171.71,27287.42
2026-07-28 03:20:00,171.71,172.44,171.45,171.55,37039.87
2026-07-28 03:25:00,171.55,171.72,171.27,171.43,142294.33
2026-07-28 03:30:00,171.43,171.7,171.13,171.29,328641.33
2026-07-28 03:35:00,171.29,171.39,171.01,171.04,249291.65
2026-07-28 03:40:00,171.04,171.24,170.79,170.89,85220.19
2026-07-28 03:45:00,170.89,171.28,170.82,171.27,63995.79
2026-07-28 03:50:00,171.27,171.52,171.18,171.37,2511.93
2026-07-28 03:55:00,171.37,171.63,171.0,171.1,21691.5
2026-07-28 04:00:00,171.1,171.33,170.42,170.93,25772.89
2026-07-28 04:05:00,170.93,171.01,170.16,170.27,13754.18
2026-07-28 04:10:00,170.27,170.94,170.15,170.64,42919.58
2026-07-28 04:15:00,170.64,170.67,170.45,170.6,149979.57
2026-07-28 04:20:00,170.6,171.24,170.54,171.11,1726.75
2026-07-28 04:25:00,171.11,171.38,171.05,171.16,3075.02
2026-07-28 04:30:00,171.16,171.18,170.95,171.11,33813.91
2026-07-28 04:35:00,171.11,171.31,170.99,171.04,58251.37
2026-07-28 04:40:00,171.04,171.36,170.99,171.25,27495.08
2026-07-28 04:45:00,171.25,171.61,170.92,171.55,91434.96
2026-07-28 04:50:00,171.55,172.12,171.29,172.0,1546.43
2026-07-28 04:55:00,172.0,172.17,171.94,172.05,7846.79
2026-07-28 05:00:00,172.05,172.48,171.97,172.48,44851.25
2026-07-28 05:05:00,172.48,172.67,172.26,172.57,3386.2
2026-07-28 05:10:00,172.57,172.65,172.47,172.64,4828.68
2026-07-28 05:15:00,172.64,173.0,172.52,172.86,19490.75
2026-07-28 05:20:00,172.86,173.29,172.82,173.1,67557.59
2026-07-28 05:25:00,173.1,173.14,172.62,172.85,60317.93
2026-07-28 05:30:00,172.85,173.51,172.68,173.2,200280.04
2026-07-28 05:35:00,173.2,173.49,173.11,173.35,49953.35
2026-07-28 05:40:00,173.35,174.04,173.16,173.8,174684.3
2026-07-28 05:45:00,173.8,173.87,173.44,173.62,36704.01
2026-07-28 05:50:00,173.62,174.26,173.34,173.42,210757.98
2026-07-28 05:55:00,173.42,173.92,172.89,173.03,1017198.88
2026-07-28 06:00:00,173.03,173.17,172.74,172.88,42680.32
2026-07-28 06:05:00,172.88,173.81,172.81,173.52,2868.14
2026-07-28 06:10:00,173.52,174.01,172.97,173.04,53611.3
2026-07-28 06:15:00,173.04,173.17,172.91,173.13,56504.77
2026-07-28 06:20:00,173.13,173.19,172.61,172.8,2431.87
2026-07-28 06:25:00,172.8,172.91,172.77,172.87,9968.43
2026-07-28 06:30:00,172.87,172.99,172.34,172.47,55038.77
2026-07-28 06:35:00,172.47,173.3,172.3,173.17,16635.34
2026-07-28 06:40:00,173.17,173.21,173.01,173.05,23238.8
2026-07-28 06:45:00,173.05,173.79,172.8,173.49,78257.29
2026-07-28 06:50:00,173.49,173.99,173.09,173.17,21043.07
2026-07-28 06:55:00,173.17,173.63,172.92,173.02,374404.66
2026-07-28 07:00:00,173.02,173.28,172.69,172.75,5603.82
2026-07-28 07:05:00,172.75,173.12,172.38,172.53,16999.77
2026-07-28 07:10:00,172.53,172.77,172.41,172.65,13469.87
2026-07-28 07:15:00,172.65,172.91,172.04,172.2,168272.74
2026-07-28 07:20:00,172.2,172.35,171.76,172.05,49187.75
2026-07-28 07:25:00,172.05,172.45,171.85,172.28,26880.44
2026-07-28 07:30:00,172.28,172.57,172.06,172.52,19001.29
2026-07-28 07:35:00,172.52,172.55,171.92,172.06,86153.8
2026-07-28 07:40:00,172.06,172.22,171.28,171.46,138092.47
2026-07-28 07:45:00,171.46,171.66,171.17,171.61,4600.24
2026-07-28 07:50:00,171.61,171.83,171.52,171.58,9645.26
2026-07-28 07:55:00,171.58,171.84,171.37,171.5,105721.1
2026-07-28 08:00:00,171.5,172.17,171.36,172.1,21386.32
2026-07-28 08:05:00,172.1,172.62,171.88,172.5,24123.14
2026-07-28 08:10:00,172.5,172.68,172.49,172.67,69922.61
2026-07-28 08:15:00,172.67,172.68,172.43,172.46,53400.59
2026-07-28 08:20:00,172.46,172.83,172.32,172.76,14770.39
2026-07-28 08:25:00,172.76,172.85,172.25,172.41,27152.82
2026-07-28 08:30:00,172.41,172.61,172.41,172.51,97866.38
2026-07-28 08:35:00,172.51,172.57,171.95,172.39,160413.41
2026-07-28 08:40:00,172.39,172.42,172.01,172.31,53559.93
2026-07-28 08:45:00,172.31,172.36,172.2,172.22,16866.5
2026-07-28 08:50:00,172.22,172.28,171.99,172.0,6287.17
2026-07-28 08:55:00,172.0,172.03,171.74,171.97,104097.3
2026-07-28 09:00:00,171.97,172.12,171.71,171.84,83838.04
2026-07-28 09:05:00,171.84,172.2,171.83,172.08,32259.63
2026-07-28 09:10:00,172.08,172.51,171.99,172.4,37277.15
2026-07-28 09:15:00,172.4,172.58,172.17,172.57,8759.27
2026-07-28 09:20:00,172.57,173.28,172.52,173.16,28234.22
2026-07-28 09:25:00,173.16,173.34,173.12,173.19,19615.34
2026-07-28 09:30:00,173.19,173.33,172.61,172.86,30156.97
2026-07-28 09:35:00,172.86,173.0,172.43,172.59,102034.22
2026-07-28 09:40:00,172.59,172.8,172.26,172.27,52932.84
2026-07-28 09:45:00,172.27,172.43,172.18,172.39,34874.12
2026-07-28 09:50:00,172.39,172.55,172.39,172.39,15318.76
2026-07-28 09:55:00,172.39,172.49,172.16,172.39,175601.51
2026-07-28 10:00:00,172.39,172.91,172.35,172.88,85542.47
2026-07-28 10:05:00,172.88,173.11,172.75,173.07,42939.32
2026-07-28 10:10:00,173.07,173.17,172.69,172.84,17592.53
2026-07-28 10:15:00,172.84,173.07,172.54,172.57,122076.55
2026-07-28 10:20:00,172.57,172.73,172.17,172.36,47787.7
2026-07-28 10:25:00,172.36,172.61,172.21,172.4,25305.38
2026-07-28 10:30:00,172.4,172.86,172.03,172.05,6324.52
2026-07-28 10:35:00,172.05,172.07,171.91,172.05,65445.88
2026-07-28 10:40:00,172.05,172.46,171.97,172.32,40965.2
2026-07-28 10:45:00,172.32,172.47,171.89,172.15,38999.6
2026-07-28 10:50:00,172.15,172.61,171.92,172.52,22648.61
2026-07-28 10:55:00,172.52,172.78,172.44,172.66,114480.18
2026-07-28 11:00:00,172.66,173.04,172.52,172.81,33401.9
2026-07-28 11:05:00,172.81,172.88,172.52,172.63,87925.08
2026-07-28 11:10:00,172.63,172.69,172.01,172.18,103799.27
2026-07-28 11:15:00,172.18,172.61,171.84,172.38,47199.4
2026-07-28 11:20:00,172.38,172.42,171.9,171.96,19136.36
2026-07-28 11:25:00,171.96,172.13,171.53,171.59,13008.05
2026-07-28 11:30:00,171.59,171.99,171.51,171.81,19637.72
2026-07-28 11:35:00,171.81,172.03,171.67,171.83,19886.87
2026-07-28 11:40:00,171.83,172.2,171.81,172.17,116237.11
2026-07-28 11:45:00,172.17,172.56,172.08,172.5,117370.71
2026-07-28 11:50:00,172.5,172.64,172.01,172.32,39782.72
2026-07-28 11:55:00,172.32,172.42,172.29,172.41,118297.23
2026-07-28 12:00:00,172.41,172.56,172.18,172.21,11021.55
2026-07-28 12:05:00,172.21,172.32,172.13,172.14,47070.15
2026-07-28 12:10:00,172.14,172.28,171.95,172.27,689.93
2026-07-28 12:15:00,172.27,172.53,172.18,172.37,16304.26
2026-07-28 12:20:00,172.37,172.66,172.18,172.59,8068.56
2026-07-28 12:25:00,172.59,172.66,172.57,172.61,144225.49
2026-07-28 12:30:00,172.61,172.62,172.48,172.58,45739.73
2026-07-28 12:35:00,172.58,172.61,172.51,172.54,18304.63
2026-07-28 12:40:00,172.54,172.9,172.48,172.73,129752.95
2026-07-28 12:45:00,172.73,173.13,172.7,172.89,113769.28
2026-07-28 12:50:00,172.89,173.15,172.63,172.69,140782.24
2026-07-28 12:55:00,172.69,172.92,172.44,172.87,66937.87
2026-07-28 13:00:00,172.87,173.42,172.25,172.35,24183.87
2026-07-28 13:05:00,172.35,172.79,171.97,172.56,32335.44
2026-07-28 13:10:00,172.56,173.01,172.53,172.74,94825.31
2026-07-28 13:15:00,172.74,172.98,172.3,172.6,8499.61
2026-07-28 13:20:00,172.6,172.66,171.69,171.7,41572.6
2026-07-28 13:25:00,171.7,172.0,171.37,171.84,63301.4
2026-07-28 13:30:00,171.84,172.26,171.6,172.12,64969.44
2026-07-28 13:35:00,172.12,172.22,172.02,172.04,9127.07
2026-07-28 13:40:00,172.04,172.14,171.55,171.59,44148.61
2026-07-28 13:45:00,171.59,171.84,171.49,171.79,45126.92
2026-07-28 13:50:00,171.79,172.11,171.59,172.01,7246.77
2026-07-28 13:55:00,172.01,172.35,171.97,172.24,3794.09
2026-07-28 14:00:00,172.24,172.25,171.89,172.11,58178.22
2026-07-28 14:05:00,172.11,172.49,172.02,172.28,6337.39
2026-07-28 14:10:00,172.28,172.39,172.17,172.33,68768.99
2026-07-28 14:15:00,172.33,172.47,172.24,172.39,10028.11
2026-07-28 14:20:00,172.39,172.59,172.32,172.44,58194.96
2026-07-28 14:25:00,172.44,172.45,172.43,172.44,4370.18
2026-07-28 14:30:00,172.44,172.65,172.39,172.61,29350.91
2026-07-28 14:35:00,172.61,172.86,172.57,172.58,34106.98
2026-07-28 14:40:00,172.58,172.9,172.33,172.6,15427.14
2026-07-28 14:45:00,172.6,172.81,172.25,172.29,40624.58
2026-07-28 14:50:00,172.29,172.49,172.12,172.12,112345.18
2026-07-28 14:55:00,172.12,172.7,172.02,172.42,1001.74
2026-07-28 15:00:00,172.42,172.44,172.09,172.25,60110.02
2026-07-28 15:05:00,172.25,172.3,171.66,172.08,17797.85
2026-07-28 15:10:00,172.08,172.28,171.96,171.99,140419.35
2026-07-28 15:15:00,171.99,172.57,171.78,172.53,8110.32
2026-07-28 15:20:00,172.53,172.6,172.41,172.44,62635.64
2026-07-28 15:25:00,172.44,172.82,172.41,172.79,42390.95
2026-07-28 15:30:00,172.79,172.95,172.69,172.88,138657.74
2026-07-28 15:35:00,172.88,173.36,172.59,172.73,547540.88
2026-07-28 15:40:00,172.73,173.72,172.69,173.61,111385.42
2026-07-28 15:45:00,173.61,173.86,173.5,173.78,121703.96
2026-07-28 15:50:00,173.78,174.45,173.44,173.55,21716.57
2026-07-28 15:55:00,173.55,173.98,173.15,173.3,216087.77
2026-07-28 16:00:00,173.3,173.47,173.17,173.33,43607.27
2026-07-28 16:05:00,173.33,173.43,173.14,173.37,19169.64
2026-07-28 16:10:00,173.37,173.61,173.24,173.6,36704.18
2026-07-28 16:15:00,173.6,174.07,173.57,174.05,13940.93
2026-07-28 16:20:00,174.05,174.33,173.81,173.89,3911.5
2026-07-28 16:25:00,173.89,174.07,173.7,173.71,26434.41
2026-07-28 16:30:00,173.71,173.98,173.51,173.82,117184.92
2026-07-28 16:35:00,173.82,173.97,173.65,173.78,52800.28
2026-07-28 16:40:00,173.78,174.36,173.4,173.55,159507.83
2026-07-28 16:45:00,173.55,174.01,173.51,173.88,197532.6
2026-07-28 16:50:00,173.88,174.03,173.26,173.31,75961.45
2026-07-28 16:55:00,173.31,173.64,172.94,173.0,39830.86
2026-07-28 17:00:00,173.0,173.76,172.46,172.61,167135.99
2026-07-28 17:05:00,172.61,172.91,172.21,172.33,45036.82
2026-07-28 17:10:00,172.33,172.65,172.32,172.48,54435.46
2026-07-28 17:15:00,172.48,172.95,172.47,172.92,14173.0
2026-07-28 17:20:00,172.92,173.26,172.54,172.68,467944.21
2026-07-28 17:25:00,172.68,173.37,172.41,172.53,157506.09
2026-07-28 17:30:00,172.53,172.75,172.38,172.72,16731.53
2026-07-28 17:35:00,172.72,172.87,172.6,172.61,56099.22
2026-07-28 17:40:00,172.61,172.94,172.5,172.9,27228.22
2026-07-28 17:45:00,172.9,173.39,172.37,172.47,24975.95
2026-07-28 17:50:00,172.47,172.76,172.14,172.22,15641.77
2026-07-28 17:55:00,172.22,172.46,172.13,172.33,17446.7
2026-07-28 18:00:00,172.33,172.39,172.26,172.28,61503.26
2026-07-28 18:05:00,172.28,172.38,172.27,172.31,30184.36
2026-07-28 18:10:00,172.31,172.66,172.07,172.59,46754.18
2026-07-28 18:15:00,172.59,173.18,172.56,172.91,13160.0
2026-07-28 18:20:00,172.91,173.09,172.66,172.94,2505.66
2026-07-28 18:25:00,172.94,173.09,172.73,172.88,18419.93
2026-07-28 18:30:00,172.88,173.44,172.51,172.64,570734.96
2026-07-28 18:35:00,172.64,172.94,172.04,172.05,152596.31
2026-07-28 18:40:00,172.05,172.84,171.9,172.7,31893.27
2026-07-28 18:45:00,172.7,172.9,172.53,172.8,14019.01
2026-07-28 18:50:00,172.8,173.26,172.6,173.02,176685.99
2026-07-28 18:55:00,173.02,173.12,171.87,172.24,24286.42
2026-07-28 19:00:00,172.24,172.36,172.09,172.1,105174.5
2026-07-28 19:05:00,172.1,172.48,171.95,172.21,60156.64
2026-07-28 19:10:00,172.21,172.64,171.97,172.11,15820.6
2026-07-28 19:15:00,172.11,172.69,171.9,172.57,47831.2
2026-07-28 19:20:00,172.57,173.3,172.25,172.37,35185.86
2026-07-28 19:25:00,172.37,172.41,171.96,172.19,76326.66
2026-07-28 19:30:00,172.19,172.21,172.03,172.07,28948.68
2026-07-28 19:35:00,172.07,172.77,172.04,172.59,15134.45
2026-07-28 19:40:00,172.59,172.82,172.51,172.51,19081.65
2026-07-28 19:45:00,172.51,172.88,172.33,172.5,8714.33
2026-07-28 19:50:00,172.5,172.68,172.34,172.5,57359.3
2026-07-28 19:55:00,172.5,172.71,172.13,172.15,93552.86
2026-07-28 20:00:00,172.15,172.23,172.01,172.2,9498.39
2026-07-28 20:05:00,172.2,172.35,172.03,172.34,38077.24
2026-07-28 20:10:00,172.34,172.88,171.85,172.77,98633.67
2026-07-28 20:15:00,172.77,173.32,172.62,173.04,106767.05
2026-07-28 20:20:00,173.04,173.37,172.72,173.36,451.68
2026-07-28 20:25:00,173.36,173.41,173.24,173.31,60208.59
2026-07-28 20:30:00,173.31,173.52,173.1,173.14,7616.26
2026-07-28 20:35:00,173.14,173.5,173.1,173.26,93567.84
2026-07-28 20:40:00,173.26,173.38,172.78,172.83,31401.44
2026-07-28 20:45:00,172.83,173.06,171.91,172.18,21914.71
2026-07-28 20:50:00,172.18,172.26,171.89,172.2,8014.3
2026-07-28 20:55:00,172.2,172.3,172.19,172.2,46894.18
2026-07-28 21:00:00,172.2,172.38,171.55,171.89,14855.81
2026-07-28 21:05:00,171.89,172.38,171.56,172.21,689207.89
2026-07-28 21:10:00,172.21,172.65,171.6,172.55,576297.55
2026-07-28 21:15:00,172.55,172.71,172.49,172.51,75561.03
2026-07-28 21:20:00,172.51,172.54,172.4,172.45,35113.41
2026-07-28 21:25:00,172.45,172.82,172.44,172.79,48244.05
2026-07-28 21:30:00,172.79,173.31,172.73,173.17,51191.3
2026-07-28 21:35:00,173.17,173.47,173.06,173.47,7816.96
2026-07-28 21:40:00,173.47,173.73,173.45,173.6,106920.06
2026-07-28 21:45:00,173.6,173.77,173.49,173.68,117988.86
2026-07-28 21:50:00,173.68,174.13,173.63,173.93,112039.52
2026-07-28 21:55:00,173.93,174.1,173.62,173.78,5259.85
2026-07-28 22:00:00,173.78,174.03,173.24,173.62,17606.72
2026-07-28 22:05:00,173.62,173.74,173.48,173.48,72211.75
2026-07-28 22:10:00,173.48,173.77,173.48,173.66,43698.12
2026-07-28 22:15:00,173.66,174.24,173.31,173.93,32004.4
2026-07-28 22:20:00,173.93,174.29,173.36,173.45,24198.72
2026-07-28 22:25:00,173.45,173.75,173.35,173.7,4810.69
2026-07-28 22:30:00,173.7,174.28,173.59,174.0,8324.51
2026-07-28 22:35:00,174.0,174.08,173.75,173.94,106946.47
2026-07-28 22:40:00,173.94,174.35,173.53,173.67,36412.2
2026-07-28 22:45:00,173.67,173.82,173.51,173.53,37975.7
2026-07-28 22:50:00,173.53,173.61,173.1,173.12,437097.87
2026-07-28 22:55:00,173.12,173.62,172.99,173.4,45965.62
2026-07-28 23:00:00,173.4,173.52,173.14,173.16,201993.99
2026-07-28 23:05:00,173.16,173.66,173.0,173.33,39181.37
2026-07-28 23:10:00,173.33,174.2,173.17,173.95,11670.53
2026-07-28 23:15:00,173.95,173.99,173.68,173.85,12769.52
2026-07-28 23:20:00,173.85,174.52,173.23,173.33,295667.84
2026-07-28 23:25:00,173.33,173.61,173.22,173.59,21915.82
2026-07-28 23:30:00,173.59,173.66,173.31,173.56,15863.84
2026-07-28 23:35:00,173.56,174.07,173.35,173.77,48503.11
2026-07-28 23:40:00,173.77,174.1,173.73,173.98,1299.37
2026-07-28 23:45:00,173.98,174.27,173.46,173.57,401079.38
2026-07-28 23:50:00,173.57,173.59,173.11,173.46,2966.49
2026-07-28 23:55:00,173.46,173.54,173.23,173.38,66620.94
2026-07-29 00:00:00,173.38,173.72,173.33,173.69,158129.79
2026-07-29 00:05:00,173.69,174.14,173.31,173.44,278528.96
2026-07-29 00:10:00,173.44,173.71,173.32,173.55,141343.09
2026-07-29 00:15:00,173.55,173.72,173.43,173.45,59698.25
2026-07-29 00:20:00,173.45,173.89,173.22,173.88,83788.25
2026-07-29 00:25:00,173.88,174.08,173.86,173.99,81498.88
2026-07-29 00:30:00,173.99,174.42,173.61,173.73,21424.86
2026-07-29 00:35:00,173.73,174.02,173.69,173.91,112620.95
2026-07-29 00:40:00,173.91,174.56,173.58,173.64,279489.33
2026-07-29 00:45:00,173.64,173.71,173.46,173.63,6380.81
2026-07-29 00:50:00,173.63,173.69,173.23,173.5,142955.36
2026-07-29 00:55:00,173.5,173.65,173.24,173.39,16892.63
2026-07-29 01:00:00,173.39,173.54,173.3,173.52,4525.66
2026-07-29 01:05:00,173.52,173.76,173.01,173.05,46599.39
2026-07-29 01:10:00,173.05,173.12,173.03,173.09,64981.03
2026-07-29 01:15:00,173.09,173.35,173.08,173.11,7613.87
2026-07-29 01:20:00,173.11,173.58,173.0,173.54,123250.46
2026-07-29 01:25:00,173.54,173.75,173.46,173.47,5855.71
2026-07-29 01:30:00,173.47,173.65,173.05,173.12,32011.39
2026-07-29 01:35:00,173.12,173.33,173.1,173.32,64274.63
2026-07-29 01:40:00,173.32,173.82,173.2,173.79,2424.58
2026-07-29 01:45:00,173.79,174.1,173.71,173.87,11016.36
2026-07-29 01:50:00,173.87,175.03,173.67,174.65,15884.55
2026-07-29 01:55:00,174.65,174.84,174.63,174.81,12446.04
2026-07-29 02:00:00,174.81,175.38,174.18,174.33,210199.43
2026-07-29 02:05:00,174.33,174.6,174.05,174.14,646904.74
2026-07-29 02:10:00,174.14,174.67,173.66,173.75,141382.76
2026-07-29 02:15:00,173.75,173.82,173.48,173.74,29080.38
2026-07-29 02:20:00,173.74,174.3,173.48,173.59,15250.1
2026-07-29 02:25:00,173.59,173.97,173.58,173.65,86556.68
2026-07-29 02:30:00,173.65,173.92,173.45,173.47,21100.05
2026-07-29 02:35:00,173.47,173.85,173.17,173.66,26540.88
2026-07-29 02:40:00,173.66,174.17,173.12,173.19,782766.94
2026-07-29 02:45:00,173.19,173.24,172.85,173.08,8771.8
2026-07-29 02:50:00,173.08,173.43,173.08,173.4,46352.1
2026-07-29 02:55:00,173.4,174.01,173.32,173.93,2723.93
2026-07-29 03:00:00,173.93,174.16,173.88,173.99,18012.33
2026-07-29 03:05:00,173.99,174.2,173.74,173.87,1706.75
2026-07-29 03:10:00,173.87,174.21,173.31,173.48,422703.03
2026-07-29 03:15:00,173.48,173.82,173.41,173.65,12945.55
2026-07-29 03:20:00,173.65,174.29,173.46,174.24,131637.54
2026-07-29 03:25:00,174.24,174.39,173.71,173.96,126728.35
2026-07-29 03:30:00,173.96,174.24,173.74,174.02,39054.57
2026-07-29 03:35:00,174.02,174.08,173.96,174.01,24035.31
2026-07-29 03:40:00,174.01,174.32,174.0,174.18,12928.37
2026-07-29 03:45:00,174.18,174.68,174.1,174.34,35699.88
2026-07-29 03:50:00,174.34,174.55,174.04,174.13,49989.06
2026-07-29 03:55:00,174.13,174.24,174.05,174.17,151399.87
2026-07-29 04:00:00,174.17,174.28,173.85,173.96,10484.87
2026-07-29 04:05:00,173.96,174.19,173.84,174.09,67818.76
2026-07-29 04:10:00,174.09,174.66,173.98,174.48,45901.45
2026-07-29 04:15:00,174.48,174.53,174.38,174.52,67435.63
2026-07-29 04:20:00,174.52,174.62,174.46,174.61,1440.47
2026-07-29 04:25:00,174.61,175.13,174.13,174.29,152840.72
2026-07-29 04:30:00,174.29,174.37,174.23,174.24,51276.56
2026-07-29 04:35:00,174.24,174.36,174.03,174.21,13293.35
2026-07-29 04:40:00,174.21,174.25,173.97,173.98,42430.48
2026-07-29 04:45:00,173.98,174.14,173.88,174.03,1557.29
2026-07-29 04:50:00,174.03,174.39,173.95,174.26,4192.42
2026-07-29 04:55:00,174.26,174.4,174.1,174.17,75191.81
2026-07-29 05:00:00,174.17,174.45,173.64,173.7,175837.74
2026-07-29 05:05:00,173.7,174.39,173.67,174.37,35237.87
2026-07-29 05:10:00,174.37,174.58,174.31,174.52,15404.46
2026-07-29 05:15:00,174.52,174.84,174.42,174.68,187326.41
2026-07-29 05:20:00,174.68,175.1,174.13,174.21,700607.42
2026-07-29 05:25:00,174.21,174.29,174.16,174.18,1802.43
2026-07-29 05:30:00,174.18,174.63,174.06,174.46,34489.0
2026-07-29 05:35:00,174.46,174.71,174.43,174.58,360.5
2026-07-29 05:40:00,174.58,174.59,174.32,174.55,25759.23
2026-07-29 05:45:00,174.55,174.99,174.49,174.81,1214.3
2026-07-29 05:50:00,174.81,175.24,174.25,174.41,254116.62
2026-07-29 05:55:00,174.41,174.51,174.32,174.46,62112.52
2026-07-29 06:00:00,174.46,174.48,174.32,174.46,22552.32
2026-07-29 06:05:00,174.46,174.57,174.31,174.39,28287.83
2026-07-29 06:10:00,174.39,174.4,174.27,174.36,12587.63
2026-07-29 06:15:00,174.36,174.46,174.26,174.27,17847.79
2026-07-29 06:20:00,174.27,174.77,174.23,174.48,82990.81
2026-07-29 06:25:00,174.48,174.68,174.43,174.49,60601.12
2026-07-29 06:30:00,174.49,174.8,174.46,174.78,13717.58
2026-07-29 06:35:00,174.78,175.05,174.23,174.34,44577.59
2026-07-29 06:40:00,174.34,174.61,174.32,174.48,126020.43
2026-07-29 06:45:00,174.48,174.52,174.3,174.32,48275.55
2026-07-29 06:50:00,174.32,174.75,174.27,174.63,8586.9
2026-07-29 06:55:00,174.63,174.87,174.45,174.85,74363.18
2026-07-29 07:00:00,174.85,175.5,174.56,175.33,13170.05
2026-07-29 07:05:00,175.33,175.86,174.8,174.96,13702.68
2026-07-29 07:10:00,174.96,175.02,174.18,174.45,1306.54
2026-07-29 07:15:00,174.45,174.52,174.23,174.34,73370.55
2026-07-29 07:20:00,174.34,174.55,174.26,174.44,4324.28
2026-07-29 07:25:00,174.44,174.54,174.16,174.28,22462.6
2026-07-29 07:30:00,174.28,174.33,173.99,174.09,134769.98
2026-07-29 07:35:00,174.09,174.25,173.85,173.9,88637.05
2026-07-29 07:40:00,173.9,174.03,173.6,173.89,39836.49
2026-07-29 07:45:00,173.89,173.93,173.78,173.81,43624.45
2026-07-29 07:50:00,173.81,174.1,173.49,174.03,302714.28
2026-07-29 07:55:00,174.03,174.61,173.63,174.45,157742.97
2026-07-29 08:00:00,174.45,174.58,174.29,174.35,91790.1
2026-07-29 08:05:00,174.35,174.52,173.9,174.03,62153.24
2026-07-29 08:10:00,174.03,174.2,174.02,174.06,117187.31
2026-07-29 08:15:00,174.06,174.08,173.68,173.92,11572.29
2026-07-29 08:20:00,173.92,174.1,173.9,174.1,30237.61
2026-07-29 08:25:00,174.1,174.48,174.0,174.42,11858.23
2026-07-29 08:30:00,174.42,174.61,174.27,174.32,30706.4
2026-07-29 08:35:00,174.32,174.49,174.3,174.47,9257.55
2026-07-29 08:40:00,174.47,175.08,174.43,175.0,12029.05
2026-07-29 08:45:00,175.0,175.12,174.6,174.71,21252.33
2026-07-29 08:50:00,174.71,174.93,174.62,174.81,93778.29
2026-07-29 08:55:00,174.81,175.13,174.65,174.94,12150.97
2026-07-29 09:00:00,174.94,175.02,174.65,174.78,47909.79
2026-07-29 09:05:00,174.78,174.89,174.26,174.63,11528.71
2026-07-29 09:10:00,174.63,174.8,174.14,174.28,18682.4
2026-07-29 09:15:00,174.28,174.67,174.27,174.51,12870.36
2026-07-29 09:20:00,174.51,174.83,174.46,174.8,3464.8
2026-07-29 09:25:00,174.8,174.89,174.65,174.76,143089.52
2026-07-29 09:30:00,174.76,174.83,174.53,174.59,51556.66
2026-07-29 09:35:00,174.59,174.88,174.45,174.79,28021.97
2026-07-29 09:40:00,174.79,174.82,174.44,174.6,7371.22
2026-07-29 09:45:00,174.6,174.73,174.39,174.52,61660.68
2026-07-29 09:50:00,174.52,174.7,174.38,174.62,12583.81
2026-07-29 09:55:00,174.62,174.7,174.29,174.58,125957.54
2026-07-29 10:00:00,174.58,174.88,174.4,174.72,22444.57
2026-07-29 10:05:00,174.72,174.74,174.52,174.53,89068.88
2026-07-29 10:10:00,174.53,174.74,174.26,174.44,123838.66
2026-07-29 10:15:00,174.44,174.5,174.34,174.43,10433.22
2026-07-29 10:20:00,174.43,174.78,174.22,174.66,2751.44
2026-07-29 10:25:00,174.66,174.72,174.23,174.37,93358.35
2026-07-29 10:30:00,174.37,174.39,174.22,174.26,15939.38
2026-07-29 10:35:00,174.26,174.7,173.76,173.86,6982.22
2026-07-29 10:40:00,173.86,174.23,173.58,174.03,16888.54
2026-07-29 10:45:00,174.03,174.39,173.73,174.31,129108.22
2026-07-29 10:50:00,174.31,174.61,174.24,174.47,37459.43
2026-07-29 10:55:00,174.47,174.76,174.42,174.65,127020.68
2026-07-29 11:00:00,174.65,174.91,174.63,174.89,73647.16
2026-07-29 11:05:00,174.89,175.03,174.86,174.94,88587.06
2026-07-29 11:10:00,174.94,175.03,174.64,174.86,5339.19
2026-07-29 11:15:00,174.86,174.99,174.57,174.71,18519.71
2026-07-29 11:20:00,174.71,174.78,174.31,174.42,79790.24
2026-07-29 11:25:00,174.42,174.54,174.37,174.47,56574.7
2026-07-29 11:30:00,174.47,174.65,174.36,174.57,13186.3
2026-07-29 11:35:00,174.57,174.86,174.3,174.83,20996.09
2026-07-29 11:40:00,174.83,175.45,174.48,174.58,106801.78
2026-07-29 11:45:00,174.58,174.98,174.58,174.81,12288.45
2026-07-29 11:50:00,174.81,175.21,174.7,175.02,11603.22
2026-07-29 11:55:00,175.02,175.08,174.88,174.93,26581.48
2026-07-29 12:00:00,174.93,175.24,174.64,174.7,377010.4
2026-07-29 12:05:00,174.7,175.26,174.28,174.36,8585.45
2026-07-29 12:10:00,174.36,174.43,173.99,174.03,10026.33
2026-07-29 12:15:00,174.03,174.09,173.51,173.53,15393.61
2026-07-29 12:20:00,173.53,173.92,173.35,173.75,50059.77
2026-07-29 12:25:00,173.75,173.9,173.59,173.88,9786.47
2026-07-29 12:30:00,173.88,174.24,173.56,174.1,278569.9
2026-07-29 12:35:00,174.1,174.15,173.94,174.07,75129.92
2026-07-29 12:40:00,174.07,174.51,173.35,174.34,140561.13
2026-07-29 12:45:00,174.34,174.69,173.96,174.54,5320.37
2026-07-29 12:50:00,174.54,174.74,174.1,174.29,69200.79
2026-07-29 12:55:00,174.29,174.42,174.27,174.4,11614.58
2026-07-29 13:00:00,174.4,174.68,174.35,174.45,2603.23
2026-07-29 13:05:00,174.45,174.73,174.44,174.52,13522.56
2026-07-29 13:10:00,174.52,174.6,174.28,174.59,9760.42
2026-07-29 13:15:00,174.59,174.62,174.03,174.27,9196.07
2026-07-29 13:20:00,174.27,174.29,174.14,174.17,4940.74
2026-07-29 13:25:00,174.17,174.37,174.12,174.3,11474.84
2026-07-29 13:30:00,174.3,174.43,173.93,174.01,29824.35
2026-07-29 13:35:00,174.01,174.39,173.91,174.19,47975.98
2026-07-29 13:40:00,174.19,174.55,174.12,174.55,101254.54
2026-07-29 13:45:00,174.55,174.91,174.31,174.71,28039.68
2026-07-29 13:50:00,174.71,174.87,174.7,174.76,26992.59
2026-07-29 13:55:00,174.76,175.08,174.36,174.46,11102.1
2026-07-29 14:00:00,174.46,174.57,174.41,174.5,31972.9
2026-07-29 14:05:00,174.5,175.13,174.39,174.89,18928.98
2026-07-29 14:10:00,174.89,174.93,174.45,174.46,94310.77
2026-07-29 14:15:00,174.46,174.58,174.22,174.33,9120.72
2026-07-29 14:20:00,174.33,174.59,174.19,174.49,161811.69
2026-07-29 14:25:00,174.49,174.52,174.44,174.49,24018.53
2026-07-29 14:30:00,174.49,174.72,174.44,174.59,8415.69
2026-07-29 14:35:00,174.59,174.62,174.36,174.4,74099.78
2026-07-29 14:40:00,174.4,174.6,174.22,174.54,59479.85
2026-07-29 14:45:00,174.54,174.77,174.46,174.67,1335.27
2026-07-29 14:50:00,174.67,175.45,174.42,174.48,1070698.84
2026-07-29 14:55:00,174.48,174.58,174.3,174.44,17478.3
2026-07-29 15:00:00,174.44,174.52,174.26,174.45,66198.85
2026-07-29 15:05:00,174.45,174.57,174.33,174.43,69874.24
2026-07-29 15:10:00,174.43,174.83,174.3,174.62,114450.63
2026-07-29 15:15:00,174.62,174.9,174.39,174.73,12240.65
2026-07-29 15:20:00,174.73,175.36,174.04,174.21,152996.32
2026-07-29 15:25:00,174.21,174.33,174.02,174.31,103112.97
2026-07-29 15:30:00,174.31,174.47,174.18,174.18,13912.98
2026-07-29 15:35:00,174.18,174.87,174.04,174.72,48715.14
2026-07-29 15:40:00,174.72,174.79,174.48,174.51,98240.06
2026-07-29 15:45:00,174.51,174.76,174.37,174.69,4236.89
2026-07-29 15:50:00,174.69,175.01,174.33,174.48,121392.44
2026-07-29 15:55:00,174.48,174.64,174.32,174.44,18882.36
2026-07-29 16:00:00,174.44,174.55,174.21,174.4,201016.64
2026-07-29 16:05:00,174.4,174.58,174.35,174.5,12236.87
2026-07-29 16:10:00,174.5,174.51,174.39,174.42,19058.17
2026-07-29 16:15:00,174.42,174.85,174.29,174.79,76368.75
2026-07-29 16:20:00,174.79,175.4,174.46,174.59,18474.49
2026-07-29 16:25:00,174.59,174.62,174.53,174.57,4055.81
2026-07-29 16:30:00,174.57,174.69,174.44,174.59,7771.89
2026-07-29 16:35:00,174.59,174.62,174.12,174.2,49192.46
2026-07-29 16:40:00,174.2,174.3,173.94,173.96,25327.52
2026-07-29 16:45:00,173.96,174.01,173.79,173.89,32834.29
2026-07-29 16:50:00,173.89,174.12,173.72,174.01,78636.55
2026-07-29 16:55:00,174.01,174.44,173.94,174.3,80681.78
2026-07-29 17:00:00,174.3,174.37,173.95,174.11,14374.6
2026-07-29 17:05:00,174.11,174.18,173.78,173.83,86610.74
2026-07-29 17:10:00,173.83,173.89,173.44,173.63,25976.09
2026-07-29 17:15:00,173.63,174.22,173.13,174.12,398219.52
2026-07-29 17:20:00,174.12,174.42,174.11,174.28,38165.18
2026-07-29 17:25:00,174.28,174.35,173.78,173.89,30627.92
2026-07-29 17:30:00,173.89,174.15,173.82,174.09,194484.04
2026-07-29 17:35:00,174.09,174.22,173.94,174.03,16837.99
2026-07-29 17:40:00,174.03,174.1,173.76,173.88,2172.5
2026-07-29 17:45:00,173.88,174.03,173.61,173.79,155.45
2026-07-29 17:50:00,173.79,174.32,173.63,174.23,1971.82
2026-07-29 17:55:00,174.23,174.45,174.17,174.34,7323.01
2026-07-29 18:00:00,174.34,174.69,174.06,174.58,33004.2
2026-07-29 18:05:00,174.58,174.61,173.94,174.1,43410.62
2026-07-29 18:10:00,174.1,174.13,173.85,173.98,63713.19
2026-07-29 18:15:00,173.98,174.08,173.97,174.04,23318.96
2026-07-29 18:20:00,174.04,174.14,173.84,173.93,51968.74
2026-07-29 18:25:00,173.93,174.17,173.79,173.95,67645.64
2026-07-29 18:30:00,173.95,174.11,173.53,173.71,33066.63
2026-07-29 18:35:00,173.71,173.85,173.34,173.37,23432.1
2026-07-29 18:40:00,173.37,173.86,172.75,173.77,399911.36
2026-07-29 18:45:00,173.77,173.81,173.66,173.77,4180.75
2026-07-29 18:50:00,173.77,173.84,173.58,173.69,16463.15
2026-07-29 18:55:00,173.69,173.96,173.4,173.84,38365.25
2026-07-29 19:00:00,173.84,174.17,173.36,173.59,203545.4
2026-07-29 19:05:00,173.59,174.15,172.97,174.09,442012.44
2026-07-29 19:10:00,174.09,174.31,174.03,174.19,143405.24
2026-07-29 19:15:00,174.19,174.22,173.76,174.02,70439.49
2026-07-29 19:20:00,174.02,174.18,173.94,173.96,34750.68
2026-07-29 19:25:00,173.96,174.12,173.84,174.04,42784.36
2026-07-29 19:30:00,174.04,174.38,173.82,174.26,30718.34
2026-07-29 19:35:00,174.26,174.46,174.19,174.33,69351.46
2026-07-29 19:40:00,174.33,174.63,174.28,174.56,10691.17
2026-07-29 19:45:00,174.56,174.61,174.33,174.43,28578.94
2026-07-29 19:50:00,174.43,174.59,174.3,174.55,130178.65
2026-07-29 19:55:00,174.55,175.23,174.17,174.29,30718.81
2026-07-29 20:00:00,174.29,174.41,174.2,174.21,16831.53
2026-07-29 20:05:00,174.21,174.31,174.0,174.28,33161.0
2026-07-29 20:10:00,174.28,174.58,174.27,174.49,19776.74
2026-07-29 20:15:00,174.49,175.1,174.44,175.02,26240.82
2026-07-29 20:20:00,175.02,175.04,174.67,174.74,42466.48
2026-07-29 20:25:00,174.74,174.77,174.45,174.6,87250.79
2026-07-29 20:30:00,174.6,174.97,174.44,174.89,74877.59
2026-07-29 20:35:00,174.89,175.48,174.6,174.74,32566.03
2026-07-29 20:40:00,174.74,175.35,174.34,174.41,215934.76
2026-07-29 20:45:00,174.41,174.54,173.91,174.06,48175.73
2026-07-29 20:50:00,174.06,174.11,173.72,173.75,31613.78
2026-07-29 20:55:00,173.75,174.02,173.64,173.89,70187.69
2026-07-29 21:00:00,173.89,173.99,173.67,173.75,7468.84
2026-07-29 21:05:00,173.75,174.21,173.73,174.19,79158.62
2026-07-29 21:10:00,174.19,174.44,174.15,174.34,102125.73
2026-07-29 21:15:00,174.34,174.57,174.18,174.23,19479.95
2026-07-29 21:20:00,174.23,174.69,174.16,174.6,54505.3
2026-07-29 21:25:00,174.6,174.73,174.46,174.61,54701.49
2026-07-29 21:30:00,174.61,175.26,174.13,174.23,180463.19
2026-07-29 21:35:00,174.23,174.41,174.04,174.32,10550.12
2026-07-29 21:40:00,174.32,174.46,174.21,174.22,69922.75
2026-07-29 21:45:00,174.22,174.4,174.04,174.26,120934.13
2026-07-29 21:50:00,174.26,174.37,173.99,174.0,10290.82
2026-07-29 21:55:00,174.0,174.04,173.5,173.77,73.28
2026-07-29 22:00:00,173.77,173.78,173.59,173.77,111472.43
2026-07-29 22:05:00,173.77,173.95,173.62,173.7,43926.93
2026-07-29 22:10:00,173.7,174.05,173.42,173.92,113773.2
2026-07-29 22:15:00,173.92,173.94,173.79,173.81,4773.49
2026-07-29 22:20:00,173.81,173.97,173.48,173.69,85529.85
2026-07-29 22:25:00,173.69,173.91,173.54,173.55,7086.53
2026-07-29 22:30:00,173.55,173.56,173.18,173.39,28982.01
2026-07-29 22:35:00,173.39,173.99,173.37,173.93,57539.29
2026-07-29 22:40:00,173.93,174.33,173.79,174.3,51826.15
2026-07-29 22:45:00,174.3,174.46,174.26,174.38,22766.41
2026-07-29 22:50:00,174.38,174.46,173.96,174.0,1668.73
2026-07-29 22:55:00,174.0,174.14,173.99,174.01,1666.39
2026-07-29 23:00:00,174.01,174.1,173.98,173.99,22324.07
2026-07-29 23:05:00,173.99,174.39,173.6,174.1,3536.26
2026-07-29 23:10:00,174.1,174.11,173.81,173.91,12871.09
2026-07-29 23:15:00,173.91,174.33,173.83,174.23,51303.45
2026-07-29 23:20:00,174.23,174.26,173.94,173.97,10124.44
2026-07-29 23:25:00,173.97,174.0,173.93,173.99,74487.58
2026-07-29 23:30:00,173.99,174.04,173.47,173.51,156514.21
2026-07-29 23:35:00,173.51,173.74,173.48,173.71,111630.52
2026-07-29 23:40:00,173.71,173.99,173.47,173.97,103179.01
2026-07-29 23:45:00,173.97,174.38,173.96,174.25,603.17
2026-07-29 23:50:00,174.25,174.35,173.94,173.94,10736.24
2026-07-29 23:55:00,173.94,174.04,173.26,173.47,162254.48
2026-07-30 00:00:00,173.47,173.53,173.18,173.36,6630.78
2026-07-30 00:05:00,173.36,173.43,172.93,173.04,82024.02
2026-07-30 00:10:00,173.04,173.05,172.71,172.81,4883.61
2026-07-30 00:15:00,172.81,172.83,172.74,172.81,59122.19
2026-07-30 00:20:00,172.81,172.83,172.67,172.78,8036.67
2026-07-30 00:25:00,172.78,173.14,172.03,173.03,302215.66
2026-07-30 00:30:00,173.03,173.58,172.27,173.45,63127.66
2026-07-30 00:35:00,173.45,173.83,173.13,173.71,217931.73
2026-07-30 00:40:00,173.71,174.26,173.35,174.19,33757.84
2026-07-30 00:45:00,174.19,174.43,173.94,174.01,17453.3
2026-07-30 00:50:00,174.01,174.24,173.73,174.18,101725.27
2026-07-30 00:55:00,174.18,174.29,173.97,174.26,42314.99
2026-07-30 01:00:00,174.26,174.39,174.1,174.17,133349.81
2026-07-30 01:05:00,174.17,174.39,173.91,174.15,19412.24
2026-07-30 01:10:00,174.15,174.28,173.88,173.91,14591.94
2026-07-30 01:15:00,173.91,173.95,173.58,173.81,33125.05
2026-07-30 01:20:00,173.81,173.91,173.54,173.54,57870.88
2026-07-30 01:25:00,173.54,173.69,173.21,173.22,28845.3
2026-07-30 01:30:00,173.22,173.45,172.85,173.18,6060.84
2026-07-30 01:35:00,173.18,173.28,173.12,173.21,57917.58
2026-07-30 01:40:00,173.21,173.23,173.2,173.21,12874.47
2026-07-30 01:45:00,173.21,173.65,172.55,173.55,229664.49
2026-07-30 01:50:00,173.55,173.74,173.43,173.53,39063.4
2026-07-30 01:55:00,173.53,173.83,173.46,173.79,68556.26
2026-07-30 02:00:00,173.79,173.82,173.68,173.72,30047.33
2026-07-30 02:05:00,173.72,174.1,173.28,173.99,18734.45
2026-07-30 02:10:00,173.99,174.03,173.92,173.97,20331.49
2026-07-30 02:15:00,173.97,174.18,173.59,173.61,120887.16
2026-07-30 02:20:00,173.61,174.11,173.53,173.92,2589.52
2026-07-30 02:25:00,173.92,173.95,173.84,173.85,16919.79
2026-07-30 02:30:00,173.85,174.0,173.54,173.55,6963.43
2026-07-30 02:35:00,173.55,173.56,173.29,173.37,1097.29
2026-07-30 02:40:00,173.37,173.42,172.87,173.15,8315.77
2026-07-30 02:45:00,173.15,173.22,172.91,173.08,3841.18
2026-07-30 02:50:00,173.08,173.38,172.66,173.3,162523.16
2026-07-30 02:55:00,173.3,173.61,173.26,173.55,30064.96
2026-07-30 03:00:00,173.55,173.79,172.88,173.72,52434.04
2026-07-30 03:05:00,173.72,174.07,173.32,173.9,800525.14
2026-07-30 03:10:00,173.9,174.21,173.78,174.14,32961.87
2026-07-30 03:15:00,174.14,174.29,174.07,174.18,16845.43
2026-07-30 03:20:00,174.18,174.52,174.14,174.3,119671.72
2026-07-30 03:25:00,174.3,174.31,174.12,174.22,50869.23
2026-07-30 03:30:00,174.22,174.36,173.85,174.03,16609.39
2026-07-30 03:35:00,174.03,174.27,173.85,174.23,27899.26
2026-07-30 03:40:00,174.23,174.48,174.09,174.13,33070.14
2026-07-30 03:45:00,174.13,174.25,173.62,173.7,34388.22
2026-07-30 03:50:00,173.7,174.07,173.45,173.86,90592.12
2026-07-30 03:55:00,173.86,173.93,173.66,173.76,39800.19
2026-07-30 04:00:00,173.76,173.81,173.56,173.67,70887.67
2026-07-30 04:05:00,173.67,174.04,173.46,173.87,11192.22
2026-07-30 04:10:00,173.87,173.92,173.76,173.83,95932.51
2026-07-30 04:15:00,173.83,174.47,173.8,174.35,35227.63
2026-07-30 04:20:00,174.35,174.46,174.14,174.24,6940.98
2026-07-30 04:25:00,174.24,174.51,174.17,174.2,12947.86
2026-07-30 04:30:00,174.2,174.69,173.96,174.02,278151.23
2026-07-30 04:35:00,174.02,174.07,173.92,174.04,130965.98
2026-07-30 04:40:00,174.04,174.06,173.23,173.35,5280.84
2026-07-30 04:45:00,173.35,173.66,173.25,173.51,8441.59
2026-07-30 04:50:00,173.51,173.65,173.45,173.5,36317.7
2026-07-30 04:55:00,173.5,173.66,173.32,173.62,128669.49
2026-07-30 05:00:00,173.62,173.74,173.39,173.74,119161.88
2026-07-30 05:05:00,173.74,174.14,173.7,174.07,17421.25
2026-07-30 05:10:00,174.07,174.36,173.95,174.02,11493.12
2026-07-30 05:15:00,174.02,174.05,173.46,173.77,30116.82
2026-07-30 05:20:00,173.77,173.88,173.54,173.64,9455.61
2026-07-30 05:25:00,173.64,173.99,173.59,173.94,3067.74
2026-07-30 05:30:00,173.94,174.25,173.75,173.76,9603.25
2026-07-30 05:35:00,173.76,173.81,173.24,173.24,3222.78
2026-07-30 05:40:00,173.24,173.52,173.11,173.24,43216.1
2026-07-30 05:45:00,173.24,173.31,173.07,173.13,73952.94
2026-07-30 05:50:00,173.13,173.32,172.95,173.21,305006.34
2026-07-30 05:55:00,173.21,173.35,173.04,173.28,14801.18
2026-07-30 06:00:00,173.28,173.59,173.11,173.5,29743.12
2026-07-30 06:05:00,173.5,173.62,173.4,173.44,58354.38
2026-07-30 06:10:00,173.44,173.44,172.99,173.1,88385.68
2026-07-30 06:15:00,173.1,173.56,172.8,173.41,163149.99
2026-07-30 06:20:00,173.41,173.81,173.3,173.77,146795.05
2026-07-30 06:25:00,173.77,173.86,173.64,173.66,33365.69
2026-07-30 06:30:00,173.66,173.81,173.35,173.4,55027.27
2026-07-30 06:35:00,173.4,173.41,173.27,173.32,56368.17
2026-07-30 06:40:00,173.32,173.37,173.08,173.11,54964.88
2026-07-30 06:45:00,173.11,173.59,172.35,173.53,435761.79
2026-07-30 06:50:00,173.53,173.74,173.34,173.73,95495.34
2026-07-30 06:55:00,173.73,173.77,173.34,173.44,47772.28
2026-07-30 07:00:00,173.44,173.66,173.36,173.57,35594.83
2026-07-30 07:05:00,173.57,173.67,173.18,173.27,13890.65
2026-07-30 07:10:00,173.27,173.42,173.09,173.15,13178.21
2026-07-30 07:15:00,173.15,173.24,173.0,173.12,2302.14
2026-07-30 07:20:00,173.12,173.21,173.06,173.17,19877.4
2026-07-30 07:25:00,173.17,173.35,172.96,173.26,68719.58
2026-07-30 07:30:00,173.26,173.47,173.17,173.34,17972.27
2026-07-30 07:35:00,173.34,173.63,172.81,173.55,78841.63
2026-07-30 07:40:00,173.55,173.62,173.24,173.32,143047.48
2026-07-30 07:45:00,173.32,173.67,172.86,173.52,128835.57
2026-07-30 07:50:00,173.52,173.7,173.49,173.55,62180.88
2026-07-30 07:55:00,173.55,173.65,173.55,173.63,70193.01
2026-07-30 08:00:00,173.63,173.76,173.57,173.7,4867.93
2026-07-30 08:05:00,173.7,174.01,173.58,173.84,155271.57
2026-07-30 08:10:00,173.84,174.05,173.7,173.96,24766.09
2026-07-30 08:15:00,173.96,174.32,173.83,174.2,136146.16
2026-07-30 08:20:00,174.2,174.28,173.9,173.94,42385.49
2026-07-30 08:25:00,173.94,174.17,173.85,174.17,23424.0
2026-07-30 08:30:00,174.17,174.7,173.75,173.82,15601.57
2026-07-30 08:35:00,173.82,173.84,173.37,173.45,152177.99
2026-07-30 08:40:00,173.45,173.98,173.34,173.9,48699.82
2026-07-30 08:45:00,173.9,174.08,173.76,174.06,56871.38
2026-07-30 08:50:00,174.06,174.29,174.0,174.03,69549.45
2026-07-30 08:55:00,174.03,174.78,173.35,173.52,465324.8
2026-07-30 09:00:00,173.52,173.54,173.29,173.38,58130.36
2026-07-30 09:05:00,173.38,173.41,173.02,173.15,63294.49
2026-07-30 09:10:00,173.15,173.34,173.03,173.27,44961.63
2026-07-30 09:15:00,173.27,173.63,172.53,173.52,232080.77
2026-07-30 09:20:00,173.52,173.6,173.16,173.3,5260.47
2026-07-30 09:25:00,173.3,173.55,172.74,173.48,516560.21
2026-07-30 09:30:00,173.48,173.76,173.44,173.67,27885.98
2026-07-30 09:35:00,173.67,173.79,173.45,173.62,681.07
2026-07-30 09:40:00,173.62,173.71,173.44,173.52,23300.29
2026-07-30 09:45:00,173.52,173.94,173.47,173.87,78294.68
2026-07-30 09:50:00,173.87,173.93,173.26,173.44,11415.63
2026-07-30 09:55:00,173.44,173.61,173.22,173.34,59921.01
2026-07-30 10:00:00,173.34,173.64,173.33,173.39,141247.57
2026-07-30 10:05:00,173.39,173.86,172.74,173.78,331722.89
2026-07-30 10:10:00,173.78,173.82,173.76,173.78,55445.62
2026-07-30 10:15:00,173.78,173.97,173.69,173.8,2704.24
2026-07-30 10:20:00,173.8,174.03,173.5,173.58,15119.77
2026-07-30 10:25:00,173.58,173.88,173.28,173.87,74184.14
2026-07-30 10:30:00,173.87,174.38,173.77,174.17,46321.3
2026-07-30 10:35:00,174.17,174.36,174.16,174.22,5558.18
2026-07-30 10:40:00,174.22,174.66,174.0,174.06,75044.0
2026-07-30 10:45:00,174.06,174.08,173.83,173.9,228.28
2026-07-30 10:50:00,173.9,174.27,173.8,174.12,59885.85
2026-07-30 10:55:00,174.12,174.48,174.1,174.4,22964.04
2026-07-30 11:00:00,174.4,174.59,174.34,174.51,61421.08
2026-07-30 11:05:00,174.51,174.81,174.28,174.65,57377.9
2026-07-30 11:10:00,174.65,174.81,174.5,174.65,8747.09
2026-07-30 11:15:00,174.65,174.85,174.43,174.49,3434.41
2026-07-30 11:20:00,174.49,174.89,174.05,174.22,780333.21
2026-07-30 11:25:00,174.22,174.63,174.17,174.42,122703.37
2026-07-30 11:30:00,174.42,175.1,174.06,174.11,344115.59
2026-07-30 11:35:00,174.11,174.15,173.99,174.11,17313.37
2026-07-30 11:40:00,174.11,174.51,173.98,174.38,59049.87
2026-07-30 11:45:00,174.38,174.39,174.14,174.31,26408.11
2026-07-30 11:50:00,174.31,174.95,174.04,174.14,74384.93
2026-07-30 11:55:00,174.14,174.18,174.03,174.06,1094.05
2026-07-30 12:00:00,174.06,174.13,174.02,174.11,84388.39
2026-07-30 12:05:00,174.11,174.28,173.49,173.63,61655.17
2026-07-30 12:10:00,173.63,173.63,173.34,173.43,44983.17
2026-07-30 12:15:00,173.43,173.71,173.0,173.65,22013.05
2026-07-30 12:20:00,173.65,173.8,173.54,173.55,108655.23
2026-07-30 12:25:00,173.55,173.61,173.5,173.58,59160.82
2026-07-30 12:30:00,173.58,173.88,173.54,173.79,11056.34
2026-07-30 12:35:00,173.79,173.93,173.65,173.75,3099.77
2026-07-30 12:40:00,173.75,173.85,173.54,173.67,5548.72
2026-07-30 12:45:00,173.67,174.11,173.59,173.85,30385.41
2026-07-30 12:50:00,173.85,174.04,173.83,173.91,5914.29
2026-07-30 12:55:00,173.91,174.07,173.65,173.94,76679.15
2026-07-30 13:00:00,173.94,174.28,173.78,174.24,80815.03
2026-07-30 13:05:00,174.24,174.37,173.93,174.11,13337.05
2026-07-30 13:10:00,174.11,174.34,173.7,173.9,21807.68
2026-07-30 13:15:00,173.9,173.99,173.66,173.75,6734.13
2026-07-30 13:20:00,173.75,173.79,173.58,173.77,65318.7
2026-07-30 13:25:00,173.77,173.83,173.64,173.67,16550.09
2026-07-30 13:30:00,173.67,173.73,173.43,173.71,46482.55
2026-07-30 13:35:00,173.71,173.95,173.41,173.53,56578.42
2026-07-30 13:40:00,173.53,173.94,173.35,173.72,7709.33
2026-07-30 13:45:00,173.72,174.09,173.6,173.9,28692.0
2026-07-30 13:50:00,173.9,173.93,173.68,173.72,121393.22
2026-07-30 13:55:00,173.72,173.76,173.65,173.69,41452.42
2026-07-30 14:00:00,173.69,173.75,173.3,173.45,220692.83
2026-07-30 14:05:00,173.45,173.57,173.39,173.43,2870.81
2026-07-30 14:10:00,173.43,174.04,173.26,173.63,82004.32
2026-07-30 14:15:00,173.63,173.81,173.61,173.77,33167.22
2026-07-30 14:20:00,173.77,173.84,173.5,173.58,11667.21
2026-07-30 14:25:00,173.58,173.61,173.51,173.55,12762.04
2026-07-30 14:30:00,173.55,173.7,173.28,173.3,54061.77
2026-07-30 14:35:00,173.3,173.45,173.24,173.37,26480.57
2026-07-30 14:40:00,173.37,173.66,173.33,173.42,7021.18
2026-07-30 14:45:00,173.42,173.54,173.14,173.21,22687.81
2026-07-30 14:50:00,173.21,173.71,172.5,173.64,3281.89
2026-07-30 14:55:00,173.64,173.78,173.5,173.62,21970.07
2026-07-30 15:00:00,173.62,173.84,173.61,173.75,29584.06
2026-07-30 15:05:00,173.75,173.98,173.18,173.26,6740.33
2026-07-30 15:10:00,173.26,173.71,172.81,173.62,117023.72
2026-07-30 15:15:00,173.62,173.66,173.5,173.53,5913.57
2026-07-30 15:20:00,173.53,173.63,173.37,173.48,50933.35
2026-07-30 15:25:00,173.48,174.13,173.13,173.98,107974.72
2026-07-30 15:30:00,173.98,174.0,173.94,173.98,99600.98
2026-07-30 15:35:00,173.98,174.12,173.81,173.84,1358.6
2026-07-30 15:40:00,173.84,173.92,173.71,173.91,1117.98
2026-07-30 15:45:00,173.91,174.02,173.88,173.98,18575.32
2026-07-30 15:50:00,173.98,174.08,173.75,173.76,208267.87
2026-07-30 15:55:00,173.76,173.81,173.4,173.44,120206.77
2026-07-30 16:00:00,173.44,173.62,173.31,173.34,18453.32
2026-07-30 16:05:00,173.34,173.62,172.74,173.53,127717.02
2026-07-30 16:10:00,173.53,173.69,173.29,173.33,3295.86
2026-07-30 16:15:00,173.33,173.49,173.28,173.47,16116.5
2026-07-30 16:20:00,173.47,174.06,172.77,173.93,161718.18
2026-07-30 16:25:00,173.93,173.97,173.66,173.74,166678.73
2026-07-30 16:30:00,173.74,173.75,173.34,173.4,3312.17
2026-07-30 16:35:00,173.4,173.44,173.35,173.36,32942.97
2026-07-30 16:40:00,173.36,173.97,172.88,173.8,45170.0
2026-07-30 16:45:00,173.8,173.85,173.34,173.6,6019.09
2026-07-30 16:50:00,173.6,173.99,173.57,173.78,21380.03
2026-07-30 16:55:00,173.78,174.0,173.39,173.47,7198.83
2026-07-30 17:00:00,173.47,173.51,173.25,173.45,8658.18
2026-07-30 17:05:00,173.45,173.93,172.81,173.83,136835.87
2026-07-30 17:10:00,173.83,173.93,173.78,173.83,78401.49
2026-07-30 17:15:00,173.83,174.2,173.68,174.11,69884.0
2026-07-30 17:20:00,174.11,174.13,173.89,173.94,20401.24
2026-07-30 17:25:00,173.94,174.33,173.82,174.07,15934.98
2026-07-30 17:30:00,174.07,174.23,174.02,174.12,2204.99
2026-07-30 17:35:00,174.12,174.29,174.04,174.26,12037.26
2026-07-30 17:40:00,174.26,174.37,173.93,174.31,9239.75
2026-07-30 17:45:00,174.31,174.95,173.94,174.08,35782.23
2026-07-30 17:50:00,174.08,174.26,174.05,174.22,14689.24
2026-07-30 17:55:00,174.22,174.4,173.88,174.0,14382.73
2026-07-30 18:00:00,174.0,174.14,173.92,174.06,7990.0
2026-07-30 18:05:00,174.06,174.65,173.52,173.62,55432.6
2026-07-30 18:10:00,173.62,173.68,173.35,173.54,27272.41
2026-07-30 18:15:00,173.54,173.82,173.18,173.77,35052.14
2026-07-30 18:20:00,173.77,173.87,173.67,173.76,90974.65
2026-07-30 18:25:00,173.76,173.99,173.32,173.46,40653.28
2026-07-30 18:30:00,173.46,173.58,173.3,173.3,41679.19
2026-07-30 18:35:00,173.3,173.4,173.2,173.21,146950.37
2026-07-30 18:40:00,173.21,173.5,173.07,173.23,303165.92
2026-07-30 18:45:00,173.23,173.73,172.69,173.63,394341.51
2026-07-30 18:50:00,173.63,174.11,173.31,173.96,244564.69
2026-07-30 18:55:00,173.96,174.15,173.67,174.11,130044.66
2026-07-30 19:00:00,174.11,174.54,174.05,174.46,10097.81
2026-07-30 19:05:00,174.46,174.49,173.84,174.12,16561.45
2026-07-30 19:10:00,174.12,174.74,173.76,173.93,38179.24
2026-07-30 19:15:00,173.93,174.39,173.75,174.31,70896.06
2026-07-30 19:20:00,174.31,174.34,174.15,174.15,4275.81
2026-07-30 19:25:00,174.15,174.23,173.99,174.17,27361.33
2026-07-30 19:30:00,174.17,174.88,173.74,173.91,94633.53
2026-07-30 19:35:00,173.91,174.39,173.87,174.34,47272.46
2026-07-30 19:40:00,174.34,174.38,174.23,174.37,5511.76
2026-07-30 19:45:00,174.37,175.11,173.93,174.0,118553.07
2026-07-30 19:50:00,174.0,174.09,173.65,173.79,116162.78
2026-07-30 19:55:00,173.79,173.87,173.53,173.71,4247.08
2026-07-30 20:00:00,173.71,173.95,173.65,173.79,41957.16
2026-07-30 20:05:00,173.79,173.93,173.78,173.81,76335.5
2026-07-30 20:10:00,173.81,173.9,173.45,173.49,888.31
2026-07-30 20:15:00,173.49,174.04,172.94,173.91,400932.99
2026-07-30 20:20:00,173.91,173.97,173.68,173.83,5716.07
2026-07-30 20:25:00,173.83,173.96,173.73,173.83,19755.28
2026-07-30 20:30:00,173.83,173.87,173.76,173.86,12338.04
2026-07-30 20:35:00,173.86,174.28,173.84,174.14,77815.41
2026-07-30 20:40:00,174.14,174.37,173.96,174.34,45148.89
2026-07-30 20:45:00,174.34,174.76,174.12,174.19,10238.23
2026-07-30 20:50:00,174.19,174.63,173.93,174.02,125727.74
2026-07-30 20:55:00,174.02,174.22,174.01,174.04,159233.82
2026-07-30 21:00:00,174.04,174.05,173.81,173.82,8339.89
2026-07-30 21:05:00,173.82,174.08,173.77,173.95,22918.21
2026-07-30 21:10:00,173.95,174.01,173.73,173.95,102222.42
2026-07-30 21:15:00,173.95,174.01,173.56,173.61,39721.09
2026-07-30 21:20:00,173.61,173.79,173.43,173.73,9900.01
2026-07-30 21:25:00,173.73,173.82,173.31,173.37,10597.33
2026-07-30 21:30:00,173.37,173.63,173.17,173.43,67811.21
2026-07-30 21:35:00,173.43,173.52,173.39,173.45,59127.37
2026-07-30 21:40:00,173.45,173.54,173.25,173.39,18517.48
2026-07-30 21:45:00,173.39,173.55,173.02,173.14,6388.51
2026-07-30 21:50:00,173.14,173.26,173.07,173.16,11729.53
2026-07-30 21:55:00,173.16,173.54,172.39,173.39,14637.9
2026-07-30 22:00:00,173.39,173.77,173.3,173.7,17073.31
2026-07-30 22:05:00,173.7,174.0,173.63,173.86,14067.15
2026-07-30 22:10:00,173.86,173.97,173.75,173.76,183531.02
2026-07-30 22:15:00,173.76,173.95,173.74,173.89,1149.25
2026-07-30 22:20:00,173.89,174.0,173.69,173.74,214325.32
2026-07-30 22:25:00,173.74,174.0,173.5,174.0,8693.27
2026-07-30 22:30:00,174.0,174.57,173.98,174.37,10818.88
2026-07-30 22:35:00,174.37,174.76,174.06,174.13,92274.83
2026-07-30 22:40:00,174.13,174.17,173.94,174.09,7839.96
2026-07-30 22:45:00,174.09,174.54,173.99,174.43,228627.64
2026-07-30 22:50:00,174.43,174.69,173.94,174.03,173287.61
2026-07-30 22:55:00,174.03,174.33,174.0,174.05,80188.67
2026-07-30 23:00:00,174.05,174.05,173.92,174.0,41619.47
2026-07-30 23:05:00,174.0,174.02,173.59,173.66,42299.2
2026-07-30 23:10:00,173.66,173.84,173.64,173.65,28157.28
2026-07-30 23:15:00,173.65,173.71,173.43,173.7,57316.35
2026-07-30 23:20:00,173.7,174.3,173.57,174.13,8701.62
2026-07-30 23:25:00,174.13,174.35,174.09,174.23,37858.55
2026-07-30 23:30:00,174.23,174.47,174.11,174.45,58231.03
2026-07-30 23:35:00,174.45,174.62,174.39,174.52,14824.46
2026-07-30 23:40:00,174.52,174.71,174.49,174.61,6585.9
2026-07-30 23:45:00,174.61,174.72,174.53,174.71,31397.73
2026-07-30 23:50:00,174.71,174.87,174.43,174.55,962.47
2026-07-30 23:55:00,174.55,174.64,173.95,174.01,51768.63
2026-07-31 00:00:00,174.01,174.4,173.87,174.27,61934.53
2026-07-31 00:05:00,174.27,174.43,174.17,174.28,88903.45
2026-07-31 00:10:00,174.28,174.69,174.26,174.53,103593.86
2026-07-31 00:15:00,174.53,174.87,174.27,174.38,205056.61
2026-07-31 00:20:00,174.38,174.93,174.12,174.18,452815.0
2026-07-31 00:25:00,174.18,174.19,174.07,174.17,8201.62
2026-07-31 00:30:00,174.17,174.68,173.66,173.72,50926.51
2026-07-31 00:35:00,173.72,173.87,173.55,173.74,44587.49
2026-07-31 00:40:00,173.74,173.79,173.53,173.58,17742.11
2026-07-31 00:45:00,173.58,173.63,173.54,173.62,20374.36
2026-07-31 00:50:00,173.62,173.68,173.47,173.54,13821.94
2026-07-31 00:55:00,173.54,173.68,173.48,173.61,73520.6
2026-07-31 01:00:00,173.61,173.71,173.14,173.22,24149.2
2026-07-31 01:05:00,173.22,173.33,173.05,173.33,164207.34
2026-07-31 01:10:00,173.33,173.62,172.98,173.52,356808.89
2026-07-31 01:15:00,173.52,173.55,173.34,173.36,103396.74
2026-07-31 01:20:00,173.36,173.76,173.28,173.72,7635.95
2026-07-31 01:25:00,173.72,173.88,173.66,173.86,43352.43
2026-07-31 01:30:00,173.86,174.11,173.83,173.9,56981.6
2026-07-31 01:35:00,173.9,173.98,173.76,173.91,31167.01
2026-07-31 01:40:00,173.91,174.24,173.88,174.18,170939.55
2026-07-31 01:45:00,174.18,174.53,174.15,174.25,83736.4
2026-07-31 01:50:00,174.25,174.44,174.11,174.38,40802.8
2026-07-31 01:55:00,174.38,174.43,173.88,173.97,30332.26
2026-07-31 02:00:00,173.97,173.98,173.73,173.88,11214.63
2026-07-31 02:05:00,173.88,173.96,173.86,173.87,11439.82
2026-07-31 02:10:00,173.87,174.03,173.46,173.85,6824.54
2026-07-31 02:15:00,173.85,174.12,173.46,173.74,408.91
2026-07-31 02:20:00,173.74,174.02,173.22,173.26,26347.69
2026-07-31 02:25:00,173.26,173.52,173.15,173.47,7177.1
2026-07-31 02:30:00,173.47,173.91,172.89,173.77,478479.84
2026-07-31 02:35:00,173.77,173.8,173.13,173.27,13733.82
2026-07-31 02:40:00,173.27,173.43,173.06,173.3,3076.01
2026-07-31 02:45:00,173.3,173.45,173.15,173.24,156247.95
2026-07-31 02:50:00,173.24,173.68,172.89,173.61,177069.92
2026-07-31 02:55:00,173.61,173.71,173.36,173.53,1297.29
2026-07-31 03:00:00,173.53,173.65,173.23,173.32,5915.67
2026-07-31 03:05:00,173.32,173.68,172.78,173.6,342026.56
2026-07-31 03:10:00,173.6,173.81,173.32,173.34,17963.09
2026-07-31 03:15:00,173.34,173.57,173.06,173.16,81710.2
2026-07-31 03:20:00,173.16,173.43,173.03,173.37,123120.78
2026-07-31 03:25:00,173.37,173.45,173.31,173.35,49493.27
2026-07-31 03:30:00,173.35,173.53,173.3,173.43,3713.74
2026-07-31 03:35:00,173.43,173.65,173.33,173.5,24329.84
2026-07-31 03:40:00,173.5,173.85,173.42,173.82,322.97
2026-07-31 03:45:00,173.82,174.07,173.58,173.97,10707.07
2026-07-31 03:50:00,173.97,174.32,173.82,174.28,168961.32
2026-07-31 03:55:00,174.28,174.45,174.21,174.43,73712.0
2026-07-31 04:00:00,174.43,174.93,174.11,174.25,173721.73
2026-07-31 04:05:00,174.25,174.37,173.95,173.96,75763.25
2026-07-31 04:10:00,173.96,174.41,173.76,174.23,20955.44
2026-07-31 04:15:00,174.23,174.32,174.12,174.17,7614.36
2026-07-31 04:20:00,174.17,174.44,173.98,174.04,54482.13
2026-07-31 04:25:00,174.04,174.05,173.89,173.89,80130.53
2026-07-31 04:30:00,173.89,174.09,173.45,173.61,214812.7
2026-07-31 04:35:00,173.61,173.89,173.54,173.67,69001.69
2026-07-31 04:40:00,173.67,173.75,173.52,173.62,60047.02
2026-07-31 04:45:00,173.62,173.79,173.4,173.48,45440.84
2026-07-31 04:50:00,173.48,173.48,173.34,173.36,18427.55
2026-07-31 04:55:00,173.36,173.67,173.34,173.57,84472.29
2026-07-31 05:00:00,173.57,173.69,173.29,173.45,12869.94
2026-07-31 05:05:00,173.45,174.08,173.32,173.93,120031.61
2026-07-31 05:10:00,173.93,174.36,173.84,174.29,58169.85
2026-07-31 05:15:00,174.29,174.38,174.11,174.37,6176.89
2026-07-31 05:20:00,174.37,174.86,174.06,174.11,63699.86
2026-07-31 05:25:00,174.11,174.14,173.93,173.96,20363.86
2026-07-31 05:30:00,173.96,174.27,173.87,174.1,149097.71
2026-07-31 05:35:00,174.1,174.12,173.76,173.9,76474.08
2026-07-31 05:40:00,173.9,174.07,173.68,173.74,57171.83
2026-07-31 05:45:00,173.74,173.98,173.65,173.7,71906.35
2026-07-31 05:50:00,173.7,173.92,173.23,173.31,70197.03
2026-07-31 05:55:00,173.31,173.87,172.81,173.74,44201.3
2026-07-31 06:00:00,173.74,173.87,173.3,173.44,11481.61
2026-07-31 06:05:00,173.44,173.77,173.06,173.67,31535.7
2026-07-31 06:10:00,173.67,173.73,173.51,173.64,21375.51
2026-07-31 06:15:00,173.64,173.99,173.58,173.75,13944.22
2026-07-31 06:20:00,173.75,173.99,173.48,173.55,38656.17
2026-07-31 06:25:00,173.55,173.58,173.48,173.49,17758.74
2026-07-31 06:30:00,173.49,173.92,173.17,173.83,177907.89
2026-07-31 06:35:00,173.83,174.16,173.71,174.09,16180.09
2026-07-31 06:40:00,174.09,174.15,174.02,174.12,58807.33
2026-07-31 06:45:00,174.12,174.21,173.59,173.73,35924.89
2026-07-31 06:50:00,173.73,173.78,173.29,173.36,71936.61
2026-07-31 06:55:00,173.36,173.6,173.35,173.5,61898.46
2026-07-31 07:00:00,173.5,173.54,173.23,173.38,82246.47
2026-07-31 07:05:00,173.38,173.68,173.36,173.55,41037.96
2026-07-31 07:10:00,173.55,174.03,173.44,173.71,941.74
2026-07-31 07:15:00,173.71,173.82,173.45,173.52,18446.47
2026-07-31 07:20:00,173.52,173.79,173.22,173.26,16430.43
2026-07-31 07:25:00,173.26,173.77,173.15,173.63,218493.82
2026-07-31 07:30:00,173.63,173.84,173.61,173.73,148388.21
2026-07-31 07:35:00,173.73,173.79,173.59,173.72,227086.19
2026-07-31 07:40:00,173.72,173.8,173.55,173.57,78774.66
2026-07-31 07:45:00,173.57,173.72,173.53,173.61,13482.09
2026-07-31 07:50:00,173.61,173.67,173.2,173.45,60877.75
2026-07-31 07:55:00,173.45,173.69,172.73,173.62,91517.47
2026-07-31 08:00:00,173.62,173.81,173.46,173.58,17209.28
2026-07-31 08:05:00,173.58,173.84,173.51,173.72,109420.9
2026-07-31 08:10:00,173.72,173.74,173.48,173.55,24884.36
2026-07-31 08:15:00,173.55,174.11,173.41,173.94,112505.42
2026-07-31 08:20:00,173.94,174.15,173.58,173.72,71806.54
2026-07-31 08:25:00,173.72,173.93,173.58,173.61,38060.22
2026-07-31 08:30:00,173.61,173.94,173.36,173.42,18297.53
2026-07-31 08:35:00,173.42,173.79,172.73,173.69,139763.9
2026-07-31 08:40:00,173.69,173.83,173.65,173.65,84384.29
2026-07-31 08:45:00,173.65,174.1,173.43,173.82,48055.5
2026-07-31 08:50:00,173.82,173.82,173.41,173.48,49532.03
2026-07-31 08:55:00,173.48,173.65,173.31,173.49,48172.03
2026-07-31 09:00:00,173.49,173.95,172.83,173.85,47099.75
2026-07-31 09:05:00,173.85,174.13,173.81,173.88,43249.15
2026-07-31 09:10:00,173.88,174.37,173.79,174.22,26094.21
2026-07-31 09:15:00,174.22,174.54,173.69,173.78,533554.52
2026-07-31 09:20:00,173.78,173.84,173.73,173.81,17140.48
2026-07-31 09:25:00,173.81,173.89,173.46,173.47,41784.59
2026-07-31 09:30:00,173.47,174.07,173.07,173.99,50837.56
2026-07-31 09:35:00,173.99,174.18,173.91,174.14,35137.16
2026-07-31 09:40:00,174.14,174.56,173.55,173.64,349409.21
2026-07-31 09:45:00,173.64,173.85,173.63,173.77,51239.08
2026-07-31 09:50:00,173.77,174.16,173.74,173.96,55694.01
2026-07-31 09:55:00,173.96,174.06,173.72,173.78,3864.13
2026-07-31 10:00:00,173.78,173.84,173.7,173.7,34011.66
2026-07-31 10:05:00,173.7,173.96,173.43,173.92,13169.23
2026-07-31 10:10:00,173.92,174.21,173.82,174.11,51180.68
2026-07-31 10:15:00,174.11,174.59,173.79,173.89,200990.95
2026-07-31 10:20:00,173.89,174.07,173.82,173.91,24730.57
2026-07-31 10:25:00,173.91,173.93,173.59,173.75,32932.5
2026-07-31 10:30:00,173.75,173.88,173.66,173.78,27421.45
2026-07-31 10:35:00,173.78,173.87,173.66,173.67,47139.58
2026-07-31 10:40:00,173.67,173.75,173.56,173.65,79461.89
2026-07-31 10:45:00,173.65,173.86,173.46,173.52,246154.33
2026-07-31 10:50:00,173.52,173.62,173.13,173.29,97393.52
2026-07-31 10:55:00,173.29,173.29,172.99,173.06,58215.7
2026-07-31 11:00:00,173.06,173.52,173.03,173.5,25735.92
2026-07-31 11:05:00,173.5,173.64,173.44,173.56,33931.73
2026-07-31 11:10:00,173.56,173.64,173.37,173.42,871.19
2026-07-31 11:15:00,173.42,173.43,173.26,173.33,53560.84
2026-07-31 11:20:00,173.33,173.41,173.17,173.22,45220.48
2026-07-31 11:25:00,173.22,173.55,172.71,173.44,908923.03
2026-07-31 11:30:00,173.44,173.77,173.27,173.61,48596.8
2026-07-31 11:35:00,173.61,174.01,173.55,173.86,53419.91
2026-07-31 11:40:00,173.86,173.99,173.76,173.95,1748.32
2026-07-31 11:45:00,173.95,174.15,173.76,173.97,62288.37
2026-07-31 11:50:00,173.97,174.03,173.75,173.78,21732.06
2026-07-31 11:55:00,173.78,173.81,173.61,173.75,26238.9
2026-07-31 12:00:00,173.75,173.8,173.23,173.44,23168.07
2026-07-31 12:05:00,173.44,173.47,173.14,173.26,58733.49
2026-07-31 12:10:00,173.26,173.28,173.12,173.24,6611.66
2026-07-31 12:15:00,173.24,173.35,172.98,173.34,3759.71
2026-07-31 12:20:00,173.34,173.58,173.33,173.56,99566.15
2026-07-31 12:25:00,173.56,173.59,173.18,173.36,69395.29
2026-07-31 12:30:00,173.36,173.65,172.61,173.56,697525.76
2026-07-31 12:35:00,173.56,173.79,173.48,173.76,69264.81
2026-07-31 12:40:00,173.76,173.97,173.5,173.64,13943.76
2026-07-31 12:45:00,173.64,173.73,173.4,173.52,11327.69
2026-07-31 12:50:00,173.52,173.54,173.19,173.28,49617.33
2026-07-31 12:55:00,173.28,173.29,173.16,173.27,58699.73
2026-07-31 13:00:00,173.27,173.91,172.81,173.79,9811.32
2026-07-31 13:05:00,173.79,173.9,173.65,173.77,51986.27
2026-07-31 13:10:00,173.77,174.02,173.65,173.92,55590.65
2026-07-31 13:15:00,173.92,174.01,173.8,174.0,44041.62
2026-07-31 13:20:00,174.0,174.66,173.61,173.7,607984.58
2026-07-31 13:25:00,173.7,173.91,173.51,173.82,9472.5
2026-07-31 13:30:00,173.82,174.03,173.75,173.85,20446.49
2026-07-31 13:35:00,173.85,174.04,173.79,173.91,59936.93
2026-07-31 13:40:00,173.91,173.94,173.77,173.88,27350.11
2026-07-31 13:45:00,173.88,174.53,173.7,174.25,548.48
2026-07-31 13:50:00,174.25,174.41,174.01,174.3,24830.46
2026-07-31 13:55:00,174.3,174.36,174.21,174.28,5289.9
2026-07-31 14:00:00,174.28,174.45,174.0,174.21,44746.49
2026-07-31 14:05:00,174.21,174.31,173.94,174.14,18155.34
2026-07-31 14:10:00,174.14,174.66,173.73,173.83,82679.27
2026-07-31 14:15:00,173.83,173.85,173.38,173.39,40969.94
2026-07-31 14:20:00,173.39,173.56,173.21,173.24,7573.75
2026-07-31 14:25:00,173.24,173.27,172.88,173.09,215764.32
2026-07-31 14:30:00,173.09,173.53,173.04,173.26,39846.53
2026-07-31 14:35:00,173.26,173.27,173.16,173.19,28783.69
2026-07-31 14:40:00,173.19,173.22,173.01,173.17,51235.56
2026-07-31 14:45:00,173.17,173.4,172.65,173.32,46918.9
2026-07-31 14:50:00,173.32,173.87,172.81,173.77,12152.47
2026-07-31 14:55:00,173.77,174.02,173.77,173.84,30488.69
2026-07-31 15:00:00,173.84,173.87,173.66,173.74,78276.16
2026-07-31 15:05:00,173.74,173.97,173.54,173.58,23209.76
2026-07-31 15:10:00,173.58,173.91,173.39,173.85,37225.94
2026-07-31 15:15:00,173.85,173.89,173.57,173.76,89776.45
2026-07-31 15:20:00,173.76,173.77,173.38,173.57,52372.93
2026-07-31 15:25:00,173.57,173.7,173.5,173.58,12048.54
2026-07-31 15:30:00,173.58,173.76,173.1,173.14,17267.18
2026-07-31 15:35:00,173.14,173.68,172.63,173.62,204894.87
2026-07-31 15:40:00,173.62,173.69,173.56,173.57,144182.25
2026-07-31 15:45:00,173.57,173.61,173.34,173.36,62522.64
2026-07-31 15:50:00,173.36,173.41,173.22,173.27,27525.2
2026-07-31 15:55:00,173.27,173.28,173.06,173.18,173679.84
2026-07-31 16:00:00,173.18,173.67,172.74,173.52,257312.54
2026-07-31 16:05:00,173.52,173.95,173.49,173.72,18801.74
2026-07-31 16:10:00,173.72,173.93,173.47,173.51,10685.21
2026-07-31 16:15:00,173.51,173.52,173.19,173.3,46896.03
2026-07-31 16:20:00,173.3,173.73,173.26,173.67,25504.11
2026-07-31 16:25:00,173.67,173.92,173.53,173.7,787.69
2026-07-31 16:30:00,173.7,173.84,173.26,173.32,21545.44
2026-07-31 16:35:00,173.32,173.76,173.23,173.67,29870.18
2026-07-31 16:40:00,173.67,174.09,173.59,173.96,55346.12
2026-07-31 16:45:00,173.96,174.5,173.92,174.23,115761.44
2026-07-31 16:50:00,174.23,174.7,173.74,173.83,68183.33
2026-07-31 16:55:00,173.83,173.97,173.66,173.86,45947.87
2026-07-31 17:00:00,173.86,173.93,173.65,173.78,34118.1
2026-07-31 17:05:00,173.78,173.8,173.42,173.54,28846.16
2026-07-31 17:10:00,173.54,173.57,173.39,173.45,47917.6
2026-07-31 17:15:00,173.45,173.62,173.13,173.59,18217.17
2026-07-31 17:20:00,173.59,173.72,172.97,173.17,3017.61
2026-07-31 17:25:00,173.17,173.37,173.06,173.07,104270.75
2026-07-31 17:30:00,173.07,173.3,173.03,173.06,53218.7
2026-07-31 17:35:00,173.06,173.24,172.81,172.93,79975.04
2026-07-31 17:40:00,172.93,173.2,172.82,173.18,7017.83
2026-07-31 17:45:00,173.18,173.21,173.06,173.21,65763.2
2026-07-31 17:50:00,173.21,173.73,172.68,173.61,6391.63
2026-07-31 17:55:00,173.61,173.75,173.55,173.66,17552.52
2026-07-31 18:00:00,173.66,174.05,173.55,173.99,106602.05
2026-07-31 18:05:00,173.99,174.11,173.51,173.59,12520.02
2026-07-31 18:10:00,173.59,173.74,173.53,173.62,1196.11
2026-07-31 18:15:00,173.62,174.11,173.61,174.0,61407.66
2026-07-31 18:20:00,174.0,174.02,173.88,174.0,110785.92
2026-07-31 18:25:00,174.0,174.29,173.45,173.51,179512.76
2026-07-31 18:30:00,173.51,173.71,173.28,173.42,39576.53
2026-07-31 18:35:00,173.42,173.48,173.13,173.2,13611.06
2026-07-31 18:40:00,173.2,173.55,172.57,173.49,84033.2
2026-07-31 18:45:00,173.49,173.71,173.24,173.57,17448.56
2026-07-31 18:50:00,173.57,173.71,173.23,173.44,20829.99
2026-07-31 18:55:00,173.44,173.7,173.11,173.64,527110.73
2026-07-31 19:00:00,173.64,173.65,173.53,173.61,17886.75
2026-07-31 19:05:00,173.61,173.93,173.21,173.29,12618.57
2026-07-31 19:10:00,173.29,173.9,172.7,173.8,162297.32
2026-07-31 19:15:00,173.8,173.99,173.62,173.95,80642.1
2026-07-31 19:20:00,173.95,173.96,173.69,173.72,25413.5
2026-07-31 19:25:00,173.72,173.83,173.5,173.66,27432.41
2026-07-31 19:30:00,173.66,173.96,173.6,173.79,33980.36
2026-07-31 19:35:00,173.79,173.93,173.31,173.37,15635.38
2026-07-31 19:40:00,173.37,173.42,173.25,173.26,17881.28
2026-07-31 19:45:00,173.26,173.57,172.65,173.47,82950.89
2026-07-31 19:50:00,173.47,173.77,173.39,173.67,35200.89
2026-07-31 19:55:00,173.67,173.79,173.62,173.68,45657.1
2026-07-31 20:00:00,173.68,173.9,173.34,173.72,36832.06
2026-07-31 20:05:00,173.72,174.01,173.55,173.81,77503.23
2026-07-31 20:10:00,173.81,174.2,173.76,173.88,80290.15
2026-07-31 20:15:00,173.88,174.01,173.67,173.71,99707.36
2026-07-31 20:20:00,173.71,174.19,173.61,174.02,54535.88
2026-07-31 20:25:00,174.02,174.05,173.82,173.84,50946.91
2026-07-31 20:30:00,173.84,173.91,173.39,173.53,13010.01
2026-07-31 20:35:00,173.53,173.65,173.4,173.42,27869.37
2026-07-31 20:40:00,173.42,173.56,172.97,173.29,3087.18
2026-07-31 20:45:00,173.29,173.49,173.05,173.23,88520.67
2026-07-31 20:50:00,173.23,173.35,173.04,173.13,93721.57
2026-07-31 20:55:00,173.13,173.13,172.75,172.86,1481.74
2026-07-31 21:00:00,172.86,173.02,172.68,172.82,62559.13
2026-07-31 21:05:00,172.82,173.1,172.34,173.02,88921.99
2026-07-31 21:10:00,173.02,173.1,172.8,172.86,46123.73
2026-07-31 21:15:00,172.86,173.13,172.82,173.08,3883.9
2026-07-31 21:20:00,173.08,173.65,172.64,173.51,675671.82
2026-07-31 21:25:00,173.51,173.71,173.35,173.63,1612.19
2026-07-31 21:30:00,173.63,173.94,173.53,173.8,115169.89
2026-07-31 21:35:00,173.8,173.98,173.66,173.87,159230.55
2026-07-31 21:40:00,173.87,174.05,173.81,173.86,107398.8
2026-07-31 21:45:00,173.86,174.01,173.43,173.7,135339.82
2026-07-31 21:50:00,173.7,173.94,173.34,173.58,25825.27
2026-07-31 21:55:00,173.58,173.9,173.52,173.74,62864.08
2026-07-31 22:00:00,173.74,173.88,173.72,173.85,17148.86
2026-07-31 22:05:00,173.85,174.24,173.77,174.04,21734.54
2026-07-31 22:10:00,174.04,174.11,173.8,173.85,57367.19
2026-07-31 22:15:00,173.85,174.01,173.84,173.96,67384.36
2026-07-31 22:20:00,173.96,174.28,173.73,174.07,40325.57
2026-07-31 22:25:00,174.07,174.13,173.67,173.79,30870.83
2026-07-31 22:30:00,173.79,173.8,173.4,173.42,38246.09
2026-07-31 22:35:00,173.42,173.54,172.66,172.93,39531.92
2026-07-31 22:40:00,172.93,173.05,172.79,172.93,169107.42
2026-07-31 22:45:00,172.93,172.98,172.81,172.88,71143.58
2026-07-31 22:50:00,172.88,173.33,172.51,173.24,184172.76
2026-07-31 22:55:00,173.24,173.75,173.07,173.56,64201.2
2026-07-31 23:00:00,173.56,173.62,172.93,173.21,34942.85
2026-07-31 23:05:00,173.21,173.56,172.74,173.43,16393.05
2026-07-31 23:10:00,173.43,173.69,173.23,173.59,21908.12
2026-07-31 23:15:00,173.59,173.78,173.55,173.64,209.23
2026-07-31 23:20:00,173.64,173.66,173.48,173.53,23332.13
2026-07-31 23:25:00,173.53,173.74,173.34,173.41,14137.76
2026-07-31 23:30:00,173.41,173.8,173.39,173.61,13653.37
2026-07-31 23:35:00,173.61,173.89,173.41,173.67,55341.07
2026-07-31 23:40:00,173.67,173.73,173.49,173.61,28756.46
2026-07-31 23:45:00,173.61,173.68,173.43,173.51,11802.08
2026-07-31 23:50:00,173.51,173.89,173.49,173.68,27323.73
2026-07-31 23:55:00,173.68,174.02,173.63,173.8,6618.87
2026-08-01 00:00:00,173.8,173.88,173.78,173.83,90763.9
2026-08-01 00:05:00,173.83,174.58,173.5,173.62,35961.56
2026-08-01 00:10:00,173.62,173.75,173.48,173.53,16426.52
2026-08-01 00:15:00,173.53,173.59,173.35,173.35,2618.82
2026-08-01 00:20:00,173.35,173.51,173.27,173.46,8136.43
2026-08-01 00:25:00,173.46,173.82,173.41,173.68,13796.35
2026-08-01 00:30:00,173.68,173.83,173.66,173.8,85232.08
2026-08-01 00:35:00,173.8,174.43,173.16,173.3,178430.22
2026-08-01 00:40:00,173.3,173.7,173.12,173.54,8584.88
2026-08-01 00:45:00,173.54,173.67,173.42,173.56,78438.47
2026-08-01 00:50:00,173.56,173.65,173.37,173.49,27775.15
2026-08-01 00:55:00,173.49,173.76,173.39,173.7,36060.11
2026-08-01 01:00:00,173.7,174.12,173.44,174.0,4794.21
2026-08-01 01:05:00,174.0,174.07,173.91,173.99,63925.94
2026-08-01 01:10:00,173.99,174.17,173.96,174.16,15856.94
2026-08-01 01:15:00,174.16,174.35,173.94,174.16,11331.74
2026-08-01 01:20:00,174.16,174.31,174.06,174.26,7651.23
2026-08-01 01:25:00,174.26,174.43,174.15,174.34,77380.24
2026-08-01 01:30:00,174.34,174.35,174.11,174.21,41688.25
2026-08-01 01:35:00,174.21,174.57,174.19,174.43,98520.46
2026-08-01 01:40:00,174.43,174.65,174.2,174.26,87741.72
2026-08-01 01:45:00,174.26,174.33,173.89,173.9,67552.53
2026-08-01 01:50:00,173.9,174.02,173.68,173.76,58644.91
2026-08-01 01:55:00,173.76,174.08,173.66,173.94,24039.84
2026-08-01 02:00:00,173.94,174.45,173.9,174.18,49313.3
2026-08-01 02:05:00,174.18,174.65,173.69,173.8,137531.25
2026-08-01 02:10:00,173.8,174.49,173.43,173.52,52112.89
2026-08-01 02:15:00,173.52,173.54,173.29,173.39,7268.9
2026-08-01 02:20:00,173.39,173.93,173.37,173.8,82712.57
2026-08-01 02:25:00,173.8,173.87,173.51,173.61,49713.26
2026-08-01 02:30:00,173.61,173.65,173.43,173.59,6458.01
2026-08-01 02:35:00,173.59,173.64,173.36,173.5,33920.81
2026-08-01 02:40:00,173.5,173.63,173.31,173.61,20963.61
2026-08-01 02:45:00,173.61,173.74,173.55,173.66,78102.64
2026-08-01 02:50:00,173.66,173.91,173.5,173.8,36183.11
2026-08-01 02:55:00,173.8,174.01,173.76,173.89,26339.11
2026-08-01 03:00:00,173.89,173.98,173.88,173.93,70737.85
2026-08-01 03:05:00,173.93,174.08,173.86,173.93,43418.6
2026-08-01 03:10:00,173.93,174.65,173.46,173.59,1000043.06
2026-08-01 03:15:00,173.59,174.01,173.29,173.91,8816.72
2026-08-01 03:20:00,173.91,174.34,173.53,173.62,63493.82
2026-08-01 03:25:00,173.62,173.65,173.22,173.44,100375.23
2026-08-01 03:30:00,173.44,173.55,173.38,173.45,80818.17
2026-08-01 03:35:00,173.45,173.91,173.38,173.88,85441.09
2026-08-01 03:40:00,173.88,173.94,173.54,173.57,49742.49
2026-08-01 03:45:00,173.57,173.94,173.39,173.88,85962.8
2026-08-01 03:50:00,173.88,173.89,173.74,173.77,88120.32
2026-08-01 03:55:00,173.77,173.82,173.57,173.71,59621.41
2026-08-01 04:00:00,173.71,173.92,173.66,173.81,10024.64
2026-08-01 04:05:00,173.81,173.88,173.64,173.76,37712.69
2026-08-01 04:10:00,173.76,174.07,173.68,173.86,40284.83
2026-08-01 04:15:00,173.86,174.13,173.7,174.04,36608.85
2026-08-01 04:20:00,174.04,174.04,173.99,174.0,146256.35
2026-08-01 04:25:00,174.0,174.08,173.83,174.03,28112.14
2026-08-01 04:30:00,174.03,174.17,173.98,174.06,8967.87
2026-08-01 04:35:00,174.06,174.21,173.95,174.18,80589.49
2026-08-01 04:40:00,174.18,174.68,173.84,174.02,61763.02
2026-08-01 04:45:00,174.02,174.1,173.71,173.74,41710.65
2026-08-01 04:50:00,173.74,173.82,173.44,173.51,9705.99
2026-08-01 04:55:00,173.51,173.56,172.75,173.03,13334.78
2026-08-01 05:00:00,173.03,173.43,172.68,173.32,201138.58
2026-08-01 05:05:00,173.32,173.35,173.26,173.3,70735.39
2026-08-01 05:10:00,173.3,173.4,173.09,173.3,46654.53
2026-08-01 05:15:00,173.3,173.35,173.29,173.3,18625.65
2026-08-01 05:20:00,173.3,173.65,173.13,173.55,31396.36
2026-08-01 05:25:00,173.55,173.68,173.51,173.67,144499.91
2026-08-01 05:30:00,173.67,173.87,173.58,173.81,112395.59
2026-08-01 05:35:00,173.81,174.06,173.66,173.89,7281.5
2026-08-01 05:40:00,173.89,174.01,173.72,173.76,26750.78
2026-08-01 05:45:00,173.76,174.15,173.62,174.06,5954.83
2026-08-01 05:50:00,174.06,174.18,173.94,174.11,43688.42
2026-08-01 05:55:00,174.11,174.21,173.95,174.12,67937.62
2026-08-01 06:00:00,174.12,174.16,173.99,174.14,110443.16
2026-08-01 06:05:00,174.14,174.23,173.81,174.22,8596.19
2026-08-01 06:10:00,174.22,174.57,173.82,173.93,179855.51
2026-08-01 06:15:00,173.93,174.01,173.69,173.84,7848.17
2026-08-01 06:20:00,173.84,173.91,173.55,173.79,10918.5
2026-08-01 06:25:00,173.79,173.89,173.57,173.69,6496.15
2026-08-01 06:30:00,173.69,173.86,173.44,173.67,6356.96
2026-08-01 06:35:00,173.67,173.78,173.64,173.69,29531.38
2026-08-01 06:40:00,173.69,173.89,173.57,173.85,290602.38
2026-08-01 06:45:00,173.85,173.95,173.75,173.93,12658.42
2026-08-01 06:50:00,173.93,174.18,173.8,173.94,21022.68
2026-08-01 06:55:00,173.94,174.37,173.89,174.2,37752.29
2026-08-01 07:00:00,174.2,174.25,174.14,174.15,94063.81
2026-08-01 07:05:00,174.15,174.46,174.13,174.17,7916.48
2026-08-01 07:10:00,174.17,174.54,173.86,174.0,215358.09
2026-08-01 07:15:00,174.0,174.07,173.75,173.94,36092.34
2026-08-01 07:20:00,173.94,174.22,173.84,173.86,53605.97
2026-08-01 07:25:00,173.86,173.94,173.33,173.56,132072.13
2026-08-01 07:30:00,173.56,173.79,173.26,173.3,754.44
2026-08-01 07:35:00,173.3,173.56,173.27,173.53,42937.55
2026-08-01 07:40:00,173.53,173.68,173.36,173.48,3983.89
2026-08-01 07:45:00,173.48,173.77,173.44,173.69,64772.34
2026-08-01 07:50:00,173.69,173.93,173.65,173.91,13810.75
2026-08-01 07:55:00,173.91,174.04,173.77,173.95,100152.64
2026-08-01 08:00:00,173.95,174.61,173.41,173.55,177402.1
2026-08-01 08:05:00,173.55,173.8,173.53,173.64,2195.43
2026-08-01 08:10:00,173.64,173.73,173.52,173.66,277539.19
2026-08-01 08:15:00,173.66,173.71,173.4,173.48,122825.55
2026-08-01 08:20:00,173.48,173.64,173.32,173.36,94203.58
2026-08-01 08:25:00,173.36,173.46,173.25,173.32,19831.05
2026-08-01 08:30:00,173.32,173.47,173.21,173.46,211779.73
2026-08-01 08:35:00,173.46,173.57,173.42,173.49,42031.8
2026-08-01 08:40:00,173.49,173.64,173.39,173.6,106315.25
2026-08-01 08:45:00,173.6,173.67,173.38,173.53,60682.54
2026-08-01 08:50:00,173.53,173.87,173.32,173.77,90732.64
2026-08-01 08:55:00,173.77,173.78,173.37,173.43,57183.42
2026-08-01 09:00:00,173.43,173.63,173.41,173.43,18572.02
2026-08-01 09:05:00,173.43,173.52,173.28,173.39,29972.71
2026-08-01 09:10:00,173.39,173.93,173.28,173.81,8644.07
2026-08-01 09:15:00,173.81,173.85,173.48,173.49,91273.93
2026-08-01 09:20:00,173.49,173.73,173.31,173.36,9073.68
2026-08-01 09:25:00,173.36,173.38,173.14,173.34,666.81
2026-08-01 09:30:00,173.34,173.62,173.11,173.52,33207.75
2026-08-01 09:35:00,173.52,173.67,173.49,173.55,93022.48
2026-08-01 09:40:00,173.55,173.81,173.52,173.73,5204.53
2026-08-01 09:45:00,173.73,173.89,173.59,173.77,33989.3
2026-08-01 09:50:00,173.77,173.98,173.66,173.98,1389.88
2026-08-01 09:55:00,173.98,174.15,173.92,174.1,106072.59
2026-08-01 10:00:00,174.1,174.33,174.08,174.24,46739.68
2026-08-01 10:05:00,174.24,174.34,174.13,174.29,14919.72
2026-08-01 10:10:00,174.29,174.4,174.12,174.32,41938.17
2026-08-01 10:15:00,174.32,174.6,174.23,174.52,36751.71
2026-08-01 10:20:00,174.52,174.87,174.03,174.16,163942.15
2026-08-01 10:25:00,174.16,174.49,174.12,174.42,73669.76
2026-08-01 10:30:00,174.42,174.45,174.09,174.21,275343.04
2026-08-01 10:35:00,174.21,174.26,173.93,173.99,53888.21
2026-08-01 10:40:00,173.99,174.05,173.7,173.78,58517.67
2026-08-01 10:45:00,173.78,174.07,173.52,173.9,76074.98
2026-08-01 10:50:00,173.9,174.72,173.86,174.36,17879.44
2026-08-01 10:55:00,174.36,174.4,174.09,174.18,57564.55
2026-08-01 11:00:00,174.18,174.33,173.76,173.83,12256.78
2026-08-01 11:05:00,173.83,173.84,173.5,173.53,20214.32
2026-08-01 11:10:00,173.53,173.59,173.06,173.25,61755.66
2026-08-01 11:15:00,173.25,173.43,173.2,173.32,4312.05
2026-08-01 11:20:00,173.32,173.54,173.21,173.23,50527.53
2026-08-01 11:25:00,173.23,173.38,172.84,172.95,24898.46
2026-08-01 11:30:00,172.95,173.27,172.22,173.14,262.4
2026-08-01 11:35:00,173.14,173.26,172.86,173.11,30840.77
2026-08-01 11:40:00,173.11,173.46,172.38,173.36,251275.92
2026-08-01 11:45:00,173.36,173.72,173.18,173.62,24360.85
2026-08-01 11:50:00,173.62,173.74,173.33,173.38,64611.95
2026-08-01 11:55:00,173.38,173.48,173.29,173.37,17920.01
2026-08-01 12:00:00,173.37,173.46,173.37,173.43,14127.02
2026-08-01 12:05:00,173.43,173.66,173.35,173.5,1776.03
2026-08-01 12:10:00,173.5,173.68,173.21,173.32,103944.68
2026-08-01 12:15:00,173.32,173.49,173.3,173.45,106233.9
2026-08-01 12:20:00,173.45,173.5,173.13,173.16,2725.0
2026-08-01 12:25:00,173.16,173.75,172.61,173.59,17670.64
2026-08-01 12:30:00,173.59,173.64,173.55,173.59,36457.95
2026-08-01 12:35:00,173.59,173.68,173.48,173.65,39590.47
2026-08-01 12:40:00,173.65,173.71,172.95,173.14,60534.24
2026-08-01 12:45:00,173.14,173.51,172.62,173.38,22265.08
2026-08-01 12:50:00,173.38,173.47,173.27,173.45,31566.49
2026-08-01 12:55:00,173.45,173.78,173.32,173.65,3583.15
2026-08-01 13:00:00,173.65,173.85,173.64,173.78,15694.86
2026-08-01 13:05:00,173.78,174.04,173.49,173.86,98013.37
2026-08-01 13:10:00,173.86,173.97,173.63,173.79,117696.39
2026-08-01 13:15:00,173.79,173.84,173.74,173.77,17095.14
2026-08-01 13:20:00,173.77,173.8,173.42,173.47,15530.12
2026-08-01 13:25:00,173.47,173.58,173.34,173.41,84878.46
2026-08-01 13:30:00,173.41,173.64,173.3,173.6,3832.45
2026-08-01 13:35:00,173.6,173.65,173.57,173.59,101925.14
2026-08-01 13:40:00,173.59,174.06,173.59,173.92,87760.86
2026-08-01 13:45:00,173.92,174.05,173.75,173.87,54056.04
2026-08-01 13:50:00,173.87,174.15,173.75,174.02,7087.83
2026-08-01 13:55:00,174.02,174.24,173.99,174.08,486.8
2026-08-01 14:00:00,174.08,174.09,174.0,174.03,61533.49
2026-08-01 14:05:00,174.03,174.2,173.82,173.91,8225.96
2026-08-01 14:10:00,173.91,173.92,173.65,173.69,43989.58
2026-08-01 14:15:00,173.69,173.71,173.51,173.6,29592.2
2026-08-01 14:20:00,173.6,173.76,173.52,173.69,27198.96
2026-08-01 14:25:00,173.69,173.88,173.54,173.6,41894.92
2026-08-01 14:30:00,173.6,173.85,173.49,173.7,383.66
2026-08-01 14:35:00,173.7,173.87,173.58,173.6,21957.44
2026-08-01 14:40:00,173.6,173.69,173.52,173.58,141315.08
2026-08-01 14:45:00,173.58,173.66,173.3,173.5,52734.87
2026-08-01 14:50:00,173.5,173.72,173.32,173.6,114584.89
2026-08-01 14:55:00,173.6,173.65,173.33,173.44,60315.5
2026-08-01 15:00:00,173.44,173.46,172.98,173.07,22892.48
2026-08-01 15:05:00,173.07,173.18,172.97,173.18,20299.9
2026-08-01 15:10:00,173.18,173.46,172.9,173.38,336298.91
2026-08-01 15:15:00,173.38,173.63,173.25,173.51,39872.98
2026-08-01 15:20:00,173.51,173.6,173.05,173.27,11909.59
2026-08-01 15:25:00,173.27,173.82,172.54,173.68,160879.01
2026-08-01 15:30:00,173.68,173.75,173.67,173.72,52721.98
2026-08-01 15:35:00,173.72,173.79,173.63,173.72,18093.16
2026-08-01 15:40:00,173.72,173.77,173.55,173.66,37986.62
2026-08-01 15:45:00,173.66,174.14,173.55,173.94,69221.57
2026-08-01 15:50:00,173.94,174.13,173.64,173.68,45662.25
2026-08-01 15:55:00,173.68,174.05,173.67,173.73,53494.97
2026-08-01 16:00:00,173.73,174.33,173.28,173.37,589303.12
2026-08-01 16:05:00,173.37,173.53,172.98,173.09,3419.17
2026-08-01 16:10:00,173.09,173.71,172.82,173.61,223049.85
2026-08-01 16:15:00,173.61,173.68,173.42,173.45,36387.76
2026-08-01 16:20:00,173.45,173.51,173.25,173.26,43580.75
2026-08-01 16:25:00,173.26,173.4,173.21,173.3,68776.89
2026-08-01 16:30:00,173.3,173.61,172.78,173.48,850.39
2026-08-01 16:35:00,173.48,173.49,173.28,173.42,16953.06
2026-08-01 16:40:00,173.42,173.65,173.41,173.49,11485.91
2026-08-01 16:45:00,173.49,173.75,173.19,173.69,32583.36
2026-08-01 16:50:00,173.69,173.9,173.57,173.86,18431.61
2026-08-01 16:55:00,173.86,173.98,173.85,173.87,24032.04
2026-08-01 17:00:00,173.87,174.13,173.78,173.91,15182.61
2026-08-01 17:05:00,173.91,174.35,173.38,173.46,388378.78
2026-08-01 17:10:00,173.46,174.01,173.35,173.79,61702.82
2026-08-01 17:15:00,173.79,173.83,173.51,173.6,7256.0
2026-08-01 17:20:00,173.6,173.63,173.56,173.59,8494.27
2026-08-01 17:25:00,173.59,173.65,173.34,173.44,7001.23
2026-08-01 17:30:00,173.44,173.49,173.41,173.48,116990.02
2026-08-01 17:35:00,173.48,173.9,173.46,173.81,150375.74
2026-08-01 17:40:00,173.81,174.29,173.39,173.45,173563.26
2026-08-01 17:45:00,173.45,173.63,173.28,173.5,22796.08
2026-08-01 17:50:00,173.5,173.67,173.4,173.63,367724.17
2026-08-01 17:55:00,173.63,173.7,173.5,173.67,112654.4
2026-08-01 18:00:00,173.67,174.07,173.63,173.79,20526.21
2026-08-01 18:05:00,173.79,173.81,173.62,173.67,20456.74
2026-08-01 18:10:00,173.67,173.69,173.39,173.44,6024.27
2026-08-01 18:15:00,173.44,173.57,173.36,173.49,51119.18
2026-08-01 18:20:00,173.49,173.63,173.44,173.61,66400.52
2026-08-01 18:25:00,173.61,173.69,173.54,173.65,3827.27
2026-08-01 18:30:00,173.65,173.73,173.44,173.52,33521.75
2026-08-01 18:35:00,173.52,173.77,173.46,173.66,2977.18
2026-08-01 18:40:00,173.66,173.84,173.3,173.47,3565.44
2026-08-01 18:45:00,173.47,173.93,173.33,173.68,11008.98
2026-08-01 18:50:00,173.68,174.06,173.25,173.35,11339.66
2026-08-01 18:55:00,173.35,173.62,172.77,173.07,77645.66
2026-08-01 19:00:00,173.07,173.42,172.98,173.39,49889.66
2026-08-01 19:05:00,173.39,173.52,173.16,173.51,26352.73
2026-08-01 19:10:00,173.51,173.65,173.3,173.43,20234.7
2026-08-01 19:15:00,173.43,173.44,173.15,173.32,37469.39
2026-08-01 19:20:00,173.32,173.72,172.7,173.63,134212.55
2026-08-01 19:25:00,173.63,173.74,173.58,173.72,20911.95
2026-08-01 19:30:00,173.72,173.82,173.59,173.74,34464.35
2026-08-01 19:35:00,173.74,174.11,173.66,174.08,137530.67
2026-08-01 19:40:00,174.08,174.61,174.06,174.38,72405.18
2026-08-01 19:45:00,174.38,174.48,174.29,174.33,86748.99
2026-08-01 19:50:00,174.33,174.47,174.2,174.33,126840.63
2026-08-01 19:55:00,174.33,174.35,174.01,174.09,119389.16
2026-08-01 20:00:00,174.09,174.71,173.52,173.67,11815.56
2026-08-01 20:05:00,173.67,173.83,173.62,173.71,7493.11
2026-08-01 20:10:00,173.71,173.95,173.65,173.89,9787.86
2026-08-01 20:15:00,173.89,173.94,173.86,173.93,63320.86
2026-08-01 20:20:00,173.93,174.46,173.54,173.63,48514.6
2026-08-01 20:25:00,173.63,174.06,173.1,173.24,370635.44
2026-08-01 20:30:00,173.24,173.28,173.11,173.26,37638.02
2026-08-01 20:35:00,173.26,173.38,173.16,173.21,42301.88
2026-08-01 20:40:00,173.21,173.23,173.0,173.02,19344.55
2026-08-01 20:45:00,173.02,173.1,172.96,173.09,109850.31
2026-08-01 20:50:00,173.09,173.17,172.7,173.05,15148.21
2026-08-01 20:55:00,173.05,173.64,172.57,173.54,35042.6
2026-08-01 21:00:00,173.54,173.68,173.03,173.16,76858.58
2026-08-01 21:05:00,173.16,173.43,173.11,173.13,26973.23
2026-08-01 21:10:00,173.13,173.35,173.09,173.26,11693.14
2026-08-01 21:15:00,173.26,173.43,173.18,173.34,11600.26
2026-08-01 21:20:00,173.34,173.6,173.2,173.54,80538.08
2026-08-01 21:25:00,173.54,173.96,173.45,173.77,88338.78
2026-08-01 21:30:00,173.77,173.9,173.77,173.84,35599.12
2026-08-01 21:35:00,173.84,173.87,173.48,173.78,247511.05
2026-08-01 21:40:00,173.78,174.29,173.43,173.52,183710.13
2026-08-01 21:45:00,173.52,173.66,172.97,173.2,4777.81
2026-08-01 21:50:00,173.2,173.24,172.79,172.85,10317.27
2026-08-01 21:55:00,172.85,173.42,172.31,173.32,214684.17
2026-08-01 22:00:00,173.32,173.66,173.09,173.63,32050.8
2026-08-01 22:05:00,173.63,173.91,173.04,173.18,291018.84
2026-08-01 22:10:00,173.18,173.69,172.72,173.58,304458.8
2026-08-01 22:15:00,173.58,174.08,173.55,173.87,4302.29
2026-08-01 22:20:00,173.87,174.09,173.64,174.0,8543.64
2026-08-01 22:25:00,174.0,174.1,173.93,173.94,35191.86
2026-08-01 22:30:00,173.94,174.08,173.82,174.05,16799.81
2026-08-01 22:35:00,174.05,174.81,173.52,173.68,116122.82
2026-08-01 22:40:00,173.68,173.73,173.41,173.48,236024.47
2026-08-01 22:45:00,173.48,173.51,173.37,173.41,26360.97
2026-08-01 22:50:00,173.41,173.48,173.38,173.39,23047.37
2026-08-01 22:55:00,173.39,173.79,172.62,173.66,144788.2
2026-08-01 23:00:00,173.66,174.18,173.1,173.17,328932.88
2026-08-01 23:05:00,173.17,173.29,172.9,173.04,143426.01
2026-08-01 23:10:00,173.04,173.3,172.88,173.01,32724.29
2026-08-01 23:15:00,173.01,173.1,172.86,173.04,26238.38
2026-08-01 23:20:00,173.04,173.57,172.48,173.49,321793.97
2026-08-01 23:25:00,173.49,173.65,173.42,173.53,47366.85
2026-08-01 23:30:00,173.53,173.92,173.53,173.71,14237.9
2026-08-01 23:35:00,173.71,173.81,172.99,173.27,47106.78
2026-08-01 23:40:00,173.27,173.27,172.94,173.04,45730.77
2026-08-01 23:45:00,173.04,173.66,172.37,173.55,1146679.29
2026-08-01 23:50:00,173.55,173.59,173.29,173.43,44763.18
2026-08-01 23:55:00,173.43,173.55,173.0,173.08,51538.22
2026-08-02 00:00:00,173.08,173.1,172.88,173.1,16078.19
2026-08-02 00:05:00,173.1,173.17,172.89,172.93,108822.22
2026-08-02 00:10:00,172.93,172.98,172.74,172.91,73324.96
2026-08-02 00:15:00,172.91,173.53,172.4,173.39,108282.48
2026-08-02 00:20:00,173.39,173.42,173.05,173.08,59229.38
2026-08-02 00:25:00,173.08,173.27,172.96,173.14,106297.11
2026-08-02 00:30:00,173.14,173.53,172.6,173.44,18970.84
2026-08-02 00:35:00,173.44,173.46,173.33,173.35,13149.31
2026-08-02 00:40:00,173.35,173.51,173.18,173.48,25386.18
2026-08-02 00:45:00,173.48,173.57,173.34,173.45,11359.51
2026-08-02 00:50:00,173.45,173.51,173.22,173.38,35954.67
2026-08-02 00:55:00,173.38,173.44,173.14,173.27,76687.43
2026-08-02 01:00:00,173.27,173.35,173.15,173.21,56747.2
2026-08-02 01:05:00,173.21,173.22,172.97,173.03,1704.48
2026-08-02 01:10:00,173.03,173.19,172.98,173.16,75020.97
2026-08-02 01:15:00,173.16,173.18,172.91,172.97,137123.23
2026-08-02 01:20:00,172.97,173.39,172.86,173.28,58679.88
2026-08-02 01:25:00,173.28,173.58,172.88,172.93,211486.19
2026-08-02 01:30:00,172.93,173.14,172.75,172.99,38515.23
2026-08-02 01:35:00,172.99,173.09,172.94,173.03,87589.45
2026-08-02 01:40:00,173.03,173.05,172.93,172.93,51819.05
2026-08-02 01:45:00,172.93,173.0,172.68,172.7,1731.54
2026-08-02 01:50:00,172.7,172.73,172.51,172.57,34225.69
2026-08-02 01:55:00,172.57,172.81,172.43,172.79,13368.98
2026-08-02 02:00:00,172.79,173.01,172.06,172.93,420837.29
2026-08-02 02:05:00,172.93,173.01,172.81,173.01,21800.24
2026-08-02 02:10:00,173.01,173.46,172.29,173.37,148396.28
2026-08-02 02:15:00,173.37,173.43,173.22,173.39,143769.25
2026-08-02 02:20:00,173.39,173.47,173.31,173.43,34282.11
2026-08-02 02:25:00,173.43,173.49,173.25,173.42,42921.89
2026-08-02 02:30:00,173.42,173.7,173.32,173.33,12179.13
2026-08-02 02:35:00,173.33,173.4,172.87,173.02,116172.25
2026-08-02 02:40:00,173.02,173.13,172.92,172.96,985.95
2026-08-02 02:45:00,172.96,173.15,172.46,172.64,20959.1
2026-08-02 02:50:00,172.64,172.77,172.55,172.64,52658.25
2026-08-02 02:55:00,172.64,172.77,172.5,172.55,49464.69
2026-08-02 03:00:00,172.55,172.82,172.43,172.75,62535.13
2026-08-02 03:05:00,172.75,172.99,172.4,172.48,25422.47
2026-08-02 03:10:00,172.48,172.61,172.25,172.28,19806.24
2026-08-02 03:15:00,172.28,172.6,172.24,172.36,21907.88
2026-08-02 03:20:00,172.36,172.74,171.79,172.67,3121.1
2026-08-02 03:25:00,172.67,173.01,171.97,172.93,47232.2
2026-08-02 03:30:00,172.93,173.14,172.59,173.08,191627.17
2026-08-02 03:35:00,173.08,173.11,172.45,172.49,11605.74
2026-08-02 03:40:00,172.49,172.93,172.4,172.66,87404.65
2026-08-02 03:45:00,172.66,173.2,172.53,173.07,29475.0
2026-08-02 03:50:00,173.07,173.47,173.02,173.21,32479.26
2026-08-02 03:55:00,173.21,173.39,173.14,173.38,86118.28
2026-08-02 04:00:00,173.38,173.4,173.21,173.25,34474.85
2026-08-02 04:05:00,173.25,173.47,173.15,173.42,25275.49
2026-08-02 04:10:00,173.42,173.9,172.95,173.08,101665.59
2026-08-02 04:15:00,173.08,173.1,172.92,173.04,25921.67
2026-08-02 04:20:00,173.04,173.14,172.88,172.92,11202.68
2026-08-02 04:25:00,172.92,173.05,172.62,172.74,1855.77
2026-08-02 04:30:00,172.74,172.8,172.22,172.29,12149.27
2026-08-02 04:35:00,172.29,172.34,171.94,172.08,4285.69
2026-08-02 04:40:00,172.08,172.28,171.84,172.04,34698.94
2026-08-02 04:45:00,172.04,172.4,171.9,172.21,19248.46
2026-08-02 04:50:00,172.21,172.59,171.62,172.54,310265.99
2026-08-02 04:55:00,172.54,173.16,171.98,173.01,114789.35
2026-08-02 05:00:00,173.01,173.22,172.52,172.81,43304.33
2026-08-02 05:05:00,172.81,173.0,172.75,172.87,5990.77
2026-08-02 05:10:00,172.87,173.0,172.68,172.84,11790.78
2026-08-02 05:15:00,172.84,173.05,172.8,173.03,67710.06
2026-08-02 05:20:00,173.03,173.76,172.83,173.67,19368.19
2026-08-02 05:25:00,173.67,174.43,173.29,173.45,53708.93
2026-08-02 05:30:00,173.45,174.0,173.13,173.21,47729.86
2026-08-02 05:35:00,173.21,173.23,173.1,173.11,64731.68
2026-08-02 05:40:00,173.11,173.29,172.91,172.95,138186.13
2026-08-02 05:45:00,172.95,172.99,172.82,172.97,60260.39
2026-08-02 05:50:00,172.97,173.2,172.96,173.09,63572.94
2026-08-02 05:55:00,173.09,173.24,172.86,172.96,26072.02
2026-08-02 06:00:00,172.96,173.16,172.92,173.14,20967.51
2026-08-02 06:05:00,173.14,173.49,173.09,173.27,33238.46
2026-08-02 06:10:00,173.27,173.33,172.94,173.11,17966.66
2026-08-02 06:15:00,173.11,173.21,172.84,172.87,65393.29
2026-08-02 06:20:00,172.87,172.98,172.75,172.8,96938.8
2026-08-02 06:25:00,172.8,172.97,172.43,172.52,30301.05
2026-08-02 06:30:00,172.52,172.53,172.23,172.36,32201.03
2026-08-02 06:35:00,172.36,172.38,172.27,172.32,46402.04
2026-08-02 06:40:00,172.32,172.43,172.04,172.11,3022.52
2026-08-02 06:45:00,172.11,172.12,171.72,171.91,40172.94
2026-08-02 06:50:00,171.91,172.02,171.57,171.8,73404.22
2026-08-02 06:55:00,171.8,172.44,171.42,172.29,154421.42
2026-08-02 07:00:00,172.29,172.74,172.23,172.49,27550.28
2026-08-02 07:05:00,172.49,173.09,171.92,172.93,331691.87
2026-08-02 07:10:00,172.93,173.01,172.9,172.99,46252.5
2026-08-02 07:15:00,172.99,173.09,172.78,173.03,39663.85
2026-08-02 07:20:00,173.03,173.27,172.93,173.27,32873.87
2026-08-02 07:25:00,173.27,173.92,172.64,172.79,200453.77
2026-08-02 07:30:00,172.79,172.89,172.63,172.84,184091.57
2026-08-02 07:35:00,172.84,173.06,172.6,172.69,82584.34
2026-08-02 07:40:00,172.69,172.82,172.57,172.77,114107.35
2026-08-02 07:45:00,172.77,172.92,172.58,172.65,20272.96
2026-08-02 07:50:00,172.65,173.09,172.54,173.08,11107.02
2026-08-02 07:55:00,173.08,173.2,172.83,172.89,2531.36
2026-08-02 08:00:00,172.89,172.95,172.77,172.88,31842.93
2026-08-02 08:05:00,172.88,173.02,172.84,172.9,76137.34
2026-08-02 08:10:00,172.9,173.36,172.9,173.32,117921.57
2026-08-02 08:15:00,173.32,173.48,173.08,173.32,22126.11
2026-08-02 08:20:00,173.32,173.42,173.23,173.31,43462.92
2026-08-02 08:25:00,173.31,173.44,173.29,173.36,2667.99
2026-08-02 08:30:00,173.36,173.92,172.85,172.99,297148.38
2026-08-02 08:35:00,172.99,173.19,172.95,172.96,122806.71
2026-08-02 08:40:00,172.96,173.12,172.9,173.04,95027.94
2026-08-02 08:45:00,173.04,173.07,172.88,172.89,6909.66
2026-08-02 08:50:00,172.89,173.27,172.72,173.17,27360.97
2026-08-02 08:55:00,173.17,173.27,173.08,173.22,13517.64
2026-08-02 09:00:00,173.22,173.48,173.2,173.34,42760.13
2026-08-02 09:05:00,173.34,173.38,173.14,173.21,6347.94
2026-08-02 09:10:00,173.21,173.55,173.2,173.52,6995.73
2026-08-02 09:15:00,173.52,174.03,173.44,173.57,176.29
2026-08-02 09:20:00,173.57,173.94,173.04,173.14,115785.4
2026-08-02 09:25:00,173.14,173.32,173.0,173.06,46997.17
2026-08-02 09:30:00,173.06,173.17,173.01,173.1,18221.63
2026-08-02 09:35:00,173.1,173.12,172.74,172.76,2262.19
2026-08-02 09:40:00,172.76,173.04,172.05,172.38,68733.5
2026-08-02 09:45:00,172.38,172.65,172.27,172.54,46732.92
2026-08-02 09:50:00,172.54,172.87,172.41,172.44,30784.23
2026-08-02 09:55:00,172.44,172.73,172.14,172.15,129091.4
2026-08-02 10:00:00,172.15,172.23,172.06,172.13,89368.28
2026-08-02 10:05:00,172.13,172.55,171.63,172.45,5889.87
2026-08-02 10:10:00,172.45,172.78,172.28,172.72,101719.03
2026-08-02 10:15:00,172.72,172.98,172.6,172.93,6551.31
2026-08-02 10:20:00,172.93,173.16,172.69,173.13,14770.06
2026-08-02 10:25:00,173.13,173.33,173.03,173.25,22984.12
2026-08-02 10:30:00,173.25,173.45,173.25,173.36,97377.1
2026-08-02 10:35:00,173.36,173.79,173.13,173.22,88044.74
2026-08-02 10:40:00,173.22,173.22,173.02,173.13,50179.53
2026-08-02 10:45:00,173.13,173.38,172.87,173.32,106174.46
2026-08-02 10:50:00,173.32,173.45,173.12,173.32,133906.11
2026-08-02 10:55:00,173.32,173.48,173.2,173.28,19703.14
2026-08-02 11:00:00,173.28,173.52,173.05,173.34,3626.86
2026-08-02 11:05:00,173.34,173.47,172.99,173.2,30385.2
2026-08-02 11:10:00,173.2,173.45,173.13,173.43,94824.32
2026-08-02 11:15:00,173.43,173.83,173.29,173.59,59113.09
2026-08-02 11:20:00,173.59,173.74,173.58,173.68,14380.2
2026-08-02 11:25:00,173.68,174.24,173.18,173.35,51483.93
2026-08-02 11:30:00,173.35,173.74,173.1,173.47,84667.5
2026-08-02 11:35:00,173.47,173.56,173.34,173.48,24688.32
2026-08-02 11:40:00,173.48,173.71,173.38,173.68,84003.65
2026-08-02 11:45:00,173.68,173.98,173.6,173.92,85736.39
2026-08-02 11:50:00,173.92,174.3,173.79,174.18,24401.78
2026-08-02 11:55:00,174.18,174.47,173.58,173.71,406937.94
2026-08-02 12:00:00,173.71,174.33,173.2,173.35,355682.88
2026-08-02 12:05:00,173.35,173.49,173.05,173.12,58775.47
2026-08-02 12:10:00,173.12,173.13,172.58,172.58,960.19
2026-08-02 12:15:00,172.58,172.8,172.51,172.73,83346.72
2026-08-02 12:20:00,172.73,173.02,172.55,172.85,74813.35
2026-08-02 12:25:00,172.85,172.89,172.7,172.84,62649.92
2026-08-02 12:30:00,172.84,172.84,172.42,172.56,82962.56
2026-08-02 12:35:00,172.56,172.73,172.31,172.4,182593.04
2026-08-02 12:40:00,172.4,172.79,172.03,172.09,113.42
2026-08-02 12:45:00,172.09,172.1,171.8,171.82,3782.25
2026-08-02 12:50:00,171.82,172.11,171.47,171.49,28651.88
2026-08-02 12:55:00,171.49,171.83,170.73,171.67,67034.19
2026-08-02 13:00:00,171.67,171.75,171.35,171.42,12343.73
2026-08-02 13:05:00,171.42,171.97,171.24,171.82,90348.63
2026-08-02 13:10:00,171.82,172.08,171.78,171.95,209005.06
2026-08-02 13:15:00,171.95,172.53,171.49,172.46,278409.6
2026-08-02 13:20:00,172.46,172.79,172.41,172.7,80707.96
2026-08-02 13:25:00,172.7,173.02,172.61,172.78,18096.84
2026-08-02 13:30:00,172.78,172.86,172.4,172.51,49593.83
2026-08-02 13:35:00,172.51,172.66,172.39,172.42,75062.42
2026-08-02 13:40:00,172.42,172.84,172.16,172.72,147425.56
2026-08-02 13:45:00,172.72,173.17,172.61,173.09,20141.07
2026-08-02 13:50:00,173.09,173.23,172.92,173.02,71446.55
2026-08-02 13:55:00,173.02,173.4,172.96,173.3,142383.43
2026-08-02 14:00:00,173.3,173.68,173.28,173.53,24501.53
2026-08-02 14:05:00,173.53,173.77,173.39,173.77,101058.83
2026-08-02 14:10:00,173.77,173.77,173.68,173.69,36447.51
2026-08-02 14:15:00,173.69,173.86,173.13,173.34,1318.92
2026-08-02 14:20:00,173.34,173.49,172.96,172.99,5344.41
2026-08-02 14:25:00,172.99,173.45,172.89,173.38,78418.89
2026-08-02 14:30:00,173.38,174.05,172.98,173.11,40253.52
2026-08-02 14:35:00,173.11,173.48,173.06,173.32,108512.28
2026-08-02 14:40:00,173.32,173.47,173.23,173.28,4245.3
2026-08-02 14:45:00,173.28,173.74,173.06,173.67,18683.51
2026-08-02 14:50:00,173.67,173.75,173.38,173.48,40885.64
2026-08-02 14:55:00,173.48,173.82,173.42,173.77,145833.47
2026-08-02 15:00:00,173.77,174.49,173.51,173.61,112352.39
2026-08-02 15:05:00,173.61,174.08,173.58,173.98,16543.24
2026-08-02 15:10:00,173.98,174.08,173.95,174.04,27593.47
2026-08-02 15:15:00,174.04,174.42,173.7,173.78,258901.95
2026-08-02 15:20:00,173.78,173.78,173.48,173.68,10752.95
2026-08-02 15:25:00,173.68,173.92,173.43,173.65,35857.88
2026-08-02 15:30:00,173.65,173.94,173.13,173.27,244315.19
2026-08-02 15:35:00,173.27,173.83,173.02,173.76,79411.42
2026-08-02 15:40:00,173.76,173.76,173.56,173.59,65150.81
2026-08-02 15:45:00,173.59,173.69,173.45,173.52,47835.54
2026-08-02 15:50:00,173.52,173.79,173.39,173.65,13877.7
2026-08-02 15:55:00,173.65,173.68,173.43,173.49,42744.9
2026-08-02 16:00:00,173.49,174.14,173.47,173.8,43510.0
2026-08-02 16:05:00,173.8,173.99,173.67,173.83,25036.8
2026-08-02 16:10:00,173.83,173.91,173.63,173.88,41406.39
2026-08-02 16:15:00,173.88,174.52,173.65,173.71,262861.85
2026-08-02 16:20:00,173.71,173.82,173.66,173.8,161554.33
2026-08-02 16:25:00,173.8,174.12,173.75,173.87,987.24
2026-08-02 16:30:00,173.87,174.31,173.62,173.72,167917.65
2026-08-02 16:35:00,173.72,173.79,173.65,173.71,139314.59
2026-08-02 16:40:00,173.71,174.04,173.62,174.0,33748.63
2026-08-02 16:45:00,174.0,174.62,173.41,173.58,206820.07
2026-08-02 16:50:00,173.58,173.79,173.39,173.39,28932.83
2026-08-02 16:55:00,173.39,173.5,173.38,173.49,136305.66
2026-08-02 17:00:00,173.49,173.64,173.36,173.49,2385.4
2026-08-02 17:05:00,173.49,173.52,173.36,173.4,20683.6
2026-08-02 17:10:00,173.4,173.47,173.36,173.36,20146.81
2026-08-02 17:15:00,173.36,173.53,173.34,173.43,21764.5
2026-08-02 17:20:00,173.43,173.47,173.03,173.33,54673.91
2026-08-02 17:25:00,173.33,173.78,173.28,173.7,43300.27
2026-08-02 17:30:00,173.7,173.92,173.42,173.53,39254.89
2026-08-02 17:35:00,173.53,173.92,173.36,173.75,49016.24
2026-08-02 17:40:00,173.75,173.82,173.57,173.63,85225.18
2026-08-02 17:45:00,173.63,173.73,173.33,173.5,104990.96
2026-08-02 17:50:00,173.5,173.52,173.43,173.44,76328.67
2026-08-02 17:55:00,173.44,173.51,173.34,173.44,21860.72
2026-08-02 18:00:00,173.44,173.5,173.4,173.5,76123.41
2026-08-02 18:05:00,173.5,173.62,173.43,173.56,16345.96
2026-08-02 18:10:00,173.56,173.62,173.46,173.53,1956.98
2026-08-02 18:15:00,173.53,174.03,173.52,174.0,5390.74
2026-08-02 18:20:00,174.0,174.02,173.63,173.65,993.29
2026-08-02 18:25:00,173.65,173.84,173.55,173.64,168121.8
2026-08-02 18:30:00,173.64,173.91,173.56,173.76,22705.35
2026-08-02 18:35:00,173.76,173.84,173.68,173.78,68118.87
2026-08-02 18:40:00,173.78,174.2,173.77,173.94,119733.35
2026-08-02 18:45:00,173.94,174.06,173.52,173.54,140325.5
2026-08-02 18:50:00,173.54,173.61,173.37,173.57,1468.51
2026-08-02 18:55:00,173.57,173.65,173.51,173.51,23482.98
2026-08-02 19:00:00,173.51,173.69,173.42,173.62,73744.5
2026-08-02 19:05:00,173.62,173.93,173.58,173.88,25999.88
2026-08-02 19:10:00,173.88,174.53,173.68,174.28,30460.94
2026-08-02 19:15:00,174.28,174.56,173.74,173.82,51379.83
2026-08-02 19:20:00,173.82,174.17,173.79,174.04,23492.64
2026-08-02 19:25:00,174.04,174.45,173.52,173.58,898397.72
2026-08-02 19:30:00,173.58,173.98,173.54,173.85,76686.08
2026-08-02 19:35:00,173.85,174.28,173.8,174.16,38455.1
2026-08-02 19:40:00,174.16,174.92,173.83,173.99,675226.26
2026-08-02 19:45:00,173.99,174.03,173.74,173.78,53612.7
2026-08-02 19:50:00,173.78,174.09,173.6,173.93,30811.72
2026-08-02 19:55:00,173.93,174.28,173.83,174.16,639.19
2026-08-02 20:00:00,174.16,174.19,174.0,174.06,8646.9
2026-08-02 20:05:00,174.06,174.35,174.03,174.31,59768.91
2026-08-02 20:10:00,174.31,174.83,173.91,174.08,182265.33
2026-08-02 20:15:00,174.08,174.4,173.97,174.34,230.82
2026-08-02 20:20:00,174.34,174.84,173.86,173.93,184132.38
2026-08-02 20:25:00,173.93,174.29,173.76,174.08,59140.92
2026-08-02 20:30:00,174.08,174.41,173.55,173.66,406790.93
2026-08-02 20:35:00,173.66,173.88,173.56,173.77,8312.81
2026-08-02 20:40:00,173.77,173.95,173.7,173.93,42473.04
2026-08-02 20:45:00,173.93,174.52,173.32,173.45,490566.92
2026-08-02 20:50:00,173.45,173.62,173.09,173.32,33861.95
2026-08-02 20:55:00,173.32,173.6,173.01,173.13,21900.45
2026-08-02 21:00:00,173.13,173.5,172.84,173.36,469333.49
2026-08-02 21:05:00,173.36,173.43,173.17,173.31,19291.77
2026-08-02 21:10:00,173.31,173.64,172.86,173.52,67975.8
2026-08-02 21:15:00,173.52,173.69,173.4,173.63,41783.83
2026-08-02 21:20:00,173.63,173.63,173.5,173.52,28163.12
2026-08-02 21:25:00,173.52,173.64,173.49,173.59,55941.41
2026-08-02 21:30:00,173.59,173.7,173.58,173.69,112256.74
2026-08-02 21:35:00,173.69,174.06,173.69,173.93,20055.74
2026-08-02 21:40:00,173.93,173.96,173.9,173.93,74918.62
2026-08-02 21:45:00,173.93,174.2,173.78,174.19,62123.17
2026-08-02 21:50:00,174.19,174.43,174.11,174.35,4119.41
2026-08-02 21:55:00,174.35,174.52,174.14,174.31,72361.59
2026-08-02 22:00:00,174.31,174.44,174.04,174.08,126626.76
2026-08-02 22:05:00,174.08,174.8,173.52,173.65,581250.07
2026-08-02 22:10:00,173.65,174.0,173.18,173.89,316367.79
2026-08-02 22:15:00,173.89,173.89,173.78,173.84,106209.91
2026-08-02 22:20:00,173.84,173.89,173.6,173.83,129838.12
2026-08-02 22:25:00,173.83,173.94,173.65,173.66,289420.0
2026-08-02 22:30:00,173.66,174.23,172.94,174.15,8026.29
2026-08-02 22:35:00,174.15,174.33,174.01,174.08,14949.5
2026-08-02 22:40:00,174.08,174.16,173.75,173.81,6797.65
2026-08-02 22:45:00,173.81,173.94,173.48,173.52,2025.1
2026-08-02 22:50:00,173.52,173.94,173.11,173.83,344982.4
2026-08-02 22:55:00,173.83,173.87,173.71,173.8,149427.14
2026-08-02 23:00:00,173.8,173.99,173.67,173.98,44850.64
2026-08-02 23:05:00,173.98,174.4,173.87,174.21,78881.32
2026-08-02 23:10:00,174.21,174.63,173.78,173.88,13150.82
2026-08-02 23:15:00,173.88,174.08,173.74,174.06,36313.33
2026-08-02 23:20:00,174.06,174.24,173.98,174.2,103408.2
2026-08-02 23:25:00,174.2,174.6,174.07,174.43,152706.5
2026-08-02 23:30:00,174.43,175.05,174.1,174.24,61514.34
2026-08-02 23:35:00,174.24,174.76,173.8,173.9,101131.94
2026-08-02 23:40:00,173.9,174.06,173.76,173.91,20440.21
2026-08-02 23:45:00,173.91,174.01,173.45,173.54,91385.82
2026-08-02 23:50:00,173.54,173.58,173.04,173.08,79656.45
2026-08-02 23:55:00,173.08,173.46,172.96,173.33,23070.22
2026-08-03 00:00:00,173.33,173.74,172.83,173.65,203386.74
2026-08-03 00:05:00,173.65,174.04,173.3,174.01,97230.77
2026-08-03 00:10:00,174.01,174.34,173.96,174.21,70223.04
2026-08-03 00:15:00,174.21,174.69,173.88,173.97,233388.1
2026-08-03 00:20:00,173.97,174.08,173.84,173.92,350056.48
2026-08-03 00:25:00,173.92,174.08,173.67,174.06,84963.78
2026-08-03 00:30:00,174.06,174.11,173.41,173.69,10598.6
2026-08-03 00:35:00,173.69,173.96,173.57,173.85,20811.12
2026-08-03 00:40:00,173.85,173.91,173.54,173.74,8541.96
2026-08-03 00:45:00,173.74,173.74,173.48,173.57,47496.64
2026-08-03 00:50:00,173.57,174.11,173.48,173.7,79676.73
2026-08-03 00:55:00,173.7,173.86,173.47,173.52,38344.68
2026-08-03 01:00:00,173.52,173.8,173.4,173.74,32321.28
2026-08-03 01:05:00,173.74,173.82,173.54,173.61,10311.43
2026-08-03 01:10:00,173.61,174.0,173.51,173.97,12038.87
2026-08-03 01:15:00,173.97,174.0,173.83,173.92,2617.05
2026-08-03 01:20:00,173.92,174.12,173.66,173.78,117456.16
2026-08-03 01:25:00,173.78,174.3,173.57,174.11,27907.07
2026-08-03 01:30:00,174.11,174.25,173.73,174.01,56331.32
2026-08-03 01:35:00,174.01,174.2,173.99,174.15,93462.33
2026-08-03 01:40:00,174.15,174.52,173.84,174.01,360791.16
2026-08-03 01:45:00,174.01,174.3,173.83,173.84,62031.6
2026-08-03 01:50:00,173.84,174.06,173.74,174.05,43356.76
2026-08-03 01:55:00,174.05,174.2,173.73,173.81,150931.27
2026-08-03 02:00:00,173.81,174.18,173.76,174.06,184160.28
2026-08-03 02:05:00,174.06,174.4,173.99,174.39,29106.53
2026-08-03 02:10:00,174.39,174.46,174.37,174.38,11737.28
2026-08-03 02:15:00,174.38,174.41,174.03,174.15,9148.49
2026-08-03 02:20:00,174.15,174.93,173.58,173.64,80626.86
2026-08-03 02:25:00,173.64,173.92,173.58,173.61,104028.55
2026-08-03 02:30:00,173.61,173.95,173.43,173.89,56283.3
2026-08-03 02:35:00,173.89,173.92,173.82,173.86,226074.32
2026-08-03 02:40:00,173.86,174.08,173.68,173.79,7698.83
2026-08-03 02:45:00,173.79,173.86,173.53,173.66,17479.58
2026-08-03 02:50:00,173.66,173.92,173.65,173.83,28397.1
2026-08-03 02:55:00,173.83,173.91,173.77,173.88,130335.41
2026-08-03 03:00:00,173.88,173.97,173.63,173.7,10591.54
2026-08-03 03:05:00,173.7,173.75,173.66,173.71,78484.59
2026-08-03 03:10:00,173.71,174.0,173.53,173.75,28696.97
2026-08-03 03:15:00,173.75,173.98,173.71,173.81,213452.38
2026-08-03 03:20:00,173.81,173.89,173.51,173.59,57371.24
2026-08-03 03:25:00,173.59,173.88,173.47,173.75,186875.5
2026-08-03 03:30:00,173.75,174.39,173.66,174.32,15487.04
2026-08-03 03:35:00,174.32,174.99,173.83,173.93,147879.05
2026-08-03 03:40:00,173.93,174.08,173.77,173.84,66867.93
2026-08-03 03:45:00,173.84,174.02,173.61,173.94,37056.78
2026-08-03 03:50:00,173.94,174.1,173.72,173.83,24191.6
2026-08-03 03:55:00,173.83,174.1,173.76,173.8,51286.77
2026-08-03 04:00:00,173.8,173.89,173.63,173.85,4730.5
2026-08-03 04:05:00,173.85,174.04,173.35,173.48,36483.75
2026-08-03 04:10:00,173.48,173.85,173.43,173.66,3157.78
2026-08-03 04:15:00,173.66,173.87,173.53,173.76,20364.01
2026-08-03 04:20:00,173.76,174.22,173.62,174.12,4793.7
2026-08-03 04:25:00,174.12,174.13,173.87,174.02,53533.96
2026-08-03 04:30:00,174.02,174.35,173.99,174.34,53076.81
2026-08-03 04:35:00,174.34,174.51,174.26,174.45,48823.36
2026-08-03 04:40:00,174.45,174.72,174.32,174.69,20801.29
2026-08-03 04:45:00,174.69,174.81,174.64,174.71,30696.93
2026-08-03 04:50:00,174.71,175.03,174.62,174.91,65569.17
2026-08-03 04:55:00,174.91,174.93,174.67,174.82,70676.75
2026-08-03 05:00:00,174.82,175.39,174.5,174.63,3754.85
2026-08-03 05:05:00,174.63,174.66,174.36,174.61,904.66
2026-08-03 05:10:00,174.61,175.14,174.13,174.19,279298.36
2026-08-03 05:15:00,174.19,174.25,173.59,173.7,97757.11
2026-08-03 05:20:00,173.7,173.92,173.67,173.68,71630.26
2026-08-03 05:25:00,173.68,173.88,173.47,173.53,78781.19
2026-08-03 05:30:00,173.53,173.72,173.53,173.59,39195.93
2026-08-03 05:35:00,173.59,173.69,173.35,173.37,12812.28
2026-08-03 05:40:00,173.37,173.5,173.37,173.39,36813.78
2026-08-03 05:45:00,173.39,173.68,172.96,173.53,223383.28
2026-08-03 05:50:00,173.53,173.57,173.46,173.47,15343.52
2026-08-03 05:55:00,173.47,173.57,173.14,173.34,39032.94
2026-08-03 06:00:00,173.34,173.9,172.87,173.83,432677.47
2026-08-03 06:05:00,173.83,173.93,173.69,173.72,108.29
2026-08-03 06:10:00,173.72,173.72,173.17,173.21,123262.82
2026-08-03 06:15:00,173.21,173.25,173.03,173.14,67989.36
2026-08-03 06:20:00,173.14,173.55,172.85,173.42,74120.84
2026-08-03 06:25:00,173.42,173.43,173.06,173.31,66641.17
2026-08-03 06:30:00,173.31,173.39,173.07,173.1,22128.72
2026-08-03 06:35:00,173.1,173.19,173.1,173.14,17500.55
2026-08-03 06:40:00,173.14,173.25,172.57,172.76,778.07
2026-08-03 06:45:00,172.76,173.08,172.17,172.98,74421.05
2026-08-03 06:50:00,172.98,173.15,172.46,172.7,71502.58
2026-08-03 06:55:00,172.7,173.15,172.06,173.07,133035.09
2026-08-03 07:00:00,173.07,173.14,172.77,173.09,51427.44
2026-08-03 07:05:00,173.09,173.26,172.99,173.07,2316.62
2026-08-03 07:10:00,173.07,173.15,173.01,173.05,9783.32
2026-08-03 07:15:00,173.05,173.21,172.94,173.18,109888.53
2026-08-03 07:20:00,173.18,173.48,172.9,173.0,35250.61
2026-08-03 07:25:00,173.0,173.26,172.72,173.16,471964.39
2026-08-03 07:30:00,173.16,173.53,173.07,173.46,1964.46
2026-08-03 07:35:00,173.46,173.56,172.78,173.12,351.96
2026-08-03 07:40:00,173.12,173.14,172.77,172.92,63754.71
2026-08-03 07:45:00,172.92,172.97,172.68,172.89,115741.07
2026-08-03 07:50:00,172.89,173.54,172.87,173.36,25108.25
2026-08-03 07:55:00,173.36,173.41,173.17,173.38,29234.68
2026-08-03 08:00:00,173.38,173.54,173.23,173.5,120000.35
2026-08-03 08:05:00,173.5,173.7,173.26,173.32,40842.59
2026-08-03 08:10:00,173.32,173.42,172.83,173.08,34253.2
2026-08-03 08:15:00,173.08,173.1,172.71,172.8,89238.1
2026-08-03 08:20:00,172.8,173.09,172.76,173.07,3374.36
2026-08-03 08:25:00,173.07,173.1,172.88,172.99,56650.85
2026-08-03 08:30:00,172.99,173.65,172.36,173.49,223162.98
2026-08-03 08:35:00,173.49,173.59,173.29,173.33,33715.62
2026-08-03 08:40:00,173.33,173.55,173.3,173.44,10062.28
2026-08-03 08:45:00,173.44,173.47,173.31,173.36,4942.45
2026-08-03 08:50:00,173.36,173.51,173.29,173.37,66178.13
2026-08-03 08:55:00,173.37,173.81,173.33,173.63,16859.27
2026-08-03 09:00:00,173.63,173.73,173.6,173.68,2391.15
2026-08-03 09:05:00,173.68,173.78,173.54,173.55,21880.68
2026-08-03 09:10:00,173.55,173.77,173.3,173.32,132808.89
2026-08-03 09:15:00,173.32,173.48,173.14,173.18,70285.01
2026-08-03 09:20:00,173.18,173.29,173.15,173.28,42153.43
2026-08-03 09:25:00,173.28,173.38,173.04,173.11,2084.41
2026-08-03 09:30:00,173.11,173.39,173.07,173.16,123057.31
2026-08-03 09:35:00,173.16,173.24,173.09,173.15,12590.96
2026-08-03 09:40:00,173.15,173.36,173.01,173.01,68510.33
2026-08-03 09:45:00,173.01,173.19,172.64,172.68,72917.02
2026-08-03 09:50:00,172.68,172.71,172.33,172.59,107972.92
2026-08-03 09:55:00,172.59,173.02,172.32,172.93,121425.56
2026-08-03 10:00:00,172.93,173.57,172.36,173.42,357512.55
2026-08-03 10:05:00,173.42,173.57,172.91,173.09,94694.73
2026-08-03 10:10:00,173.09,173.37,172.97,173.32,122153.77
2026-08-03 10:15:00,173.32,173.45,173.02,173.02,86048.66
2026-08-03 10:20:00,173.02,173.12,172.69,172.75,10860.83
2026-08-03 10:25:00,172.75,172.79,172.52,172.62,7374.05
2026-08-03 10:30:00,172.62,172.89,172.45,172.79,49214.34
2026-08-03 10:35:00,172.79,173.22,172.52,173.11,621.68
2026-08-03 10:40:00,173.11,173.12,172.79,172.85,76000.15
2026-08-03 10:45:00,172.85,173.18,172.35,173.08,215265.2
2026-08-03 10:50:00,173.08,173.31,173.07,173.17,65130.13
2026-08-03 10:55:00,173.17,173.77,172.97,173.42,113618.81
2026-08-03 11:00:00,173.42,173.53,173.24,173.33,47135.66
2026-08-03 11:05:00,173.33,173.41,172.83,172.84,1960.18
2026-08-03 11:10:00,172.84,172.97,172.81,172.91,59806.82
2026-08-03 11:15:00,172.91,173.28,172.42,173.13,653123.67
2026-08-03 11:20:00,173.13,173.2,172.82,172.93,169221.59
2026-08-03 11:25:00,172.93,173.06,172.83,172.98,15841.51
2026-08-03 11:30:00,172.98,173.11,172.55,172.61,9669.73
2026-08-03 11:35:00,172.61,173.03,172.45,173.02,22738.42
2026-08-03 11:40:00,173.02,173.02,172.79,172.87,40008.72
2026-08-03 11:45:00,172.87,172.9,172.57,172.81,107929.05
2026-08-03 11:50:00,172.81,172.96,172.8,172.81,16784.52
2026-08-03 11:55:00,172.81,172.9,172.3,172.4,8362.01
2026-08-03 12:00:00,172.4,172.71,171.81,172.61,86038.35
2026-08-03 12:05:00,172.61,172.84,172.12,172.78,19527.61
2026-08-03 12:10:00,172.78,172.8,172.61,172.71,9345.5
2026-08-03 12:15:00,172.71,172.86,172.68,172.79,1706.56
2026-08-03 12:20:00,172.79,172.87,172.63,172.7,13220.14
2026-08-03 12:25:00,172.7,173.01,172.27,172.91,270571.07
2026-08-03 12:30:00,172.91,173.33,172.81,173.31,60255.56
2026-08-03 12:35:00,173.31,173.43,173.14,173.24,35753.98
2026-08-03 12:40:00,173.24,173.46,172.9,172.99,63535.51
2026-08-03 12:45:00,172.99,173.23,172.83,172.95,145987.57
2026-08-03 12:50:00,172.95,173.3,172.93,173.16,11318.15
2026-08-03 12:55:00,173.16,173.17,173.03,173.09,26669.76
2026-08-03 13:00:00,173.09,173.44,172.99,173.31,2481.1
2026-08-03 13:05:00,173.31,173.52,173.08,173.5,42673.21
2026-08-03 13:10:00,173.5,173.7,173.39,173.56,2694.77
2026-08-03 13:15:00,173.56,174.03,173.3,173.87,5448.47
2026-08-03 13:20:00,173.87,174.18,173.82,174.17,20831.05
2026-08-03 13:25:00,174.17,174.36,173.86,174.04,25475.67
2026-08-03 13:30:00,174.04,174.07,173.86,173.92,6615.41
2026-08-03 13:35:00,173.92,174.3,173.86,174.19,1578.6
2026-08-03 13:40:00,174.19,174.32,173.91,174.04,39249.22
2026-08-03 13:45:00,174.04,174.18,173.76,174.15,21271.32
2026-08-03 13:50:00,174.15,174.46,173.71,173.85,533633.06
2026-08-03 13:55:00,173.85,174.12,173.66,174.1,188378.57
2026-08-03 14:00:00,174.1,174.2,174.05,174.05,278249.22
2026-08-03 14:05:00,174.05,174.7,173.4,173.55,143565.64
2026-08-03 14:10:00,173.55,173.92,173.0,173.16,588527.19
2026-08-03 14:15:00,173.16,173.33,172.6,172.64,15590.41
2026-08-03 14:20:00,172.64,172.83,172.54,172.65,5751.38
2026-08-03 14:25:00,172.65,172.91,172.63,172.71,71897.29
2026-08-03 14:30:00,172.71,173.09,172.37,172.98,44155.37
2026-08-03 14:35:00,172.98,173.17,172.82,173.16,4268.05
2026-08-03 14:40:00,173.16,173.26,172.76,172.97,225586.94
2026-08-03 14:45:00,172.97,173.22,172.86,173.07,51297.83
2026-08-03 14:50:00,173.07,173.17,172.84,172.98,4868.69
2026-08-03 14:55:00,172.98,172.99,172.65,172.7,95142.17
2026-08-03 15:00:00,172.7,173.09,172.26,172.95,60847.91
2026-08-03 15:05:00,172.95,172.96,172.91,172.92,7698.89
2026-08-03 15:10:00,172.92,173.56,172.89,173.44,5015.97
2026-08-03 15:15:00,173.44,173.6,173.27,173.3,38089.01
2026-08-03 15:20:00,173.3,173.4,172.91,173.01,24691.39
2026-08-03 15:25:00,173.01,173.16,172.72,172.75,7705.49
2026-08-03 15:30:00,172.75,172.97,172.66,172.83,223.49
2026-08-03 15:35:00,172.83,173.4,172.79,173.1,19608.09
2026-08-03 15:40:00,173.1,173.84,173.06,173.43,12080.79
2026-08-03 15:45:00,173.43,173.49,173.41,173.48,51535.49
2026-08-03 15:50:00,173.48,173.49,173.23,173.4,9580.47
2026-08-03 15:55:00,173.4,173.68,173.3,173.45,1295.16
2026-08-03 16:00:00,173.45,173.51,173.18,173.5,28317.31
2026-08-03 16:05:00,173.5,173.52,173.07,173.1,2472.93
2026-08-03 16:10:00,173.1,173.24,173.08,173.17,507.61
2026-08-03 16:15:00,173.17,173.26,172.89,173.19,37071.34
2026-08-03 16:20:00,173.19,173.43,173.14,173.3,35262.91
2026-08-03 16:25:00,173.3,173.42,173.02,173.06,203055.4
2026-08-03 16:30:00,173.06,173.13,172.67,172.84,78135.62
2026-08-03 16:35:00,172.84,173.28,172.65,173.17,35794.72
2026-08-03 16:40:00,173.17,173.55,173.01,173.52,30603.27
2026-08-03 16:45:00,173.52,173.65,173.51,173.52,113024.63
2026-08-03 16:50:00,173.52,173.65,173.28,173.49,13392.95
2026-08-03 16:55:00,173.49,173.53,173.22,173.26,71764.44
2026-08-03 17:00:00,173.26,173.57,173.24,173.43,83185.81
2026-08-03 17:05:00,173.43,173.73,173.42,173.57,74521.99
2026-08-03 17:10:00,173.57,174.2,173.47,174.15,19394.92
2026-08-03 17:15:00,174.15,174.84,173.78,173.84,26175.85
2026-08-03 17:20:00,173.84,173.93,173.66,173.81,3654.33
2026-08-03 17:25:00,173.81,174.1,173.44,173.49,39890.49
2026-08-03 17:30:00,173.49,173.72,173.2,173.22,40460.71
2026-08-03 17:35:00,173.22,173.22,172.73,172.82,1943.46
2026-08-03 17:40:00,172.82,172.83,172.66,172.7,123329.23
2026-08-03 17:45:00,172.7,172.72,172.32,172.45,89005.23
2026-08-03 17:50:00,172.45,172.47,172.07,172.1,172232.63
2026-08-03 17:55:00,172.1,172.54,171.74,172.39,29011.23
2026-08-03 18:00:00,172.39,172.82,171.88,172.72,223010.22
2026-08-03 18:05:00,172.72,172.99,172.7,172.85,28069.63
2026-08-03 18:10:00,172.85,172.89,172.85,172.87,264960.15
2026-08-03 18:15:00,172.87,173.11,172.72,172.96,128680.35
2026-08-03 18:20:00,172.96,173.02,172.67,172.76,109753.09
2026-08-03 18:25:00,172.76,173.11,172.75,172.99,37907.92
2026-08-03 18:30:00,172.99,173.14,172.79,173.03,6261.46
2026-08-03 18:35:00,173.03,173.18,172.88,173.1,19360.57
2026-08-03 18:40:00,173.1,173.11,172.59,172.7,26434.01
2026-08-03 18:45:00,172.7,173.12,172.65,173.11,26301.27
2026-08-03 18:50:00,173.11,173.14,172.71,172.76,20124.09
2026-08-03 18:55:00,172.76,173.02,172.7,172.92,60749.03
2026-08-03 19:00:00,172.92,173.33,172.88,173.24,20601.73
2026-08-03 19:05:00,173.24,173.42,172.93,173.13,7141.67
2026-08-03 19:10:00,173.13,173.23,172.97,173.11,8320.84
2026-08-03 19:15:00,173.11,173.15,173.05,173.12,23092.01
2026-08-03 19:20:00,173.12,173.29,173.0,173.17,17882.13
2026-08-03 19:25:00,173.17,173.18,172.85,172.91,7942.13
2026-08-03 19:30:00,172.91,173.17,172.6,172.7,87283.46
2026-08-03 19:35:00,172.7,173.13,172.61,173.05,103493.76
2026-08-03 19:40:00,173.05,173.31,172.99,173.19,132265.8
2026-08-03 19:45:00,173.19,173.42,172.97,173.28,23870.1
2026-08-03 19:50:00,173.28,173.34,173.05,173.19,112.18
2026-08-03 19:55:00,173.19,173.24,172.72,172.92,42550.55
2026-08-03 20:00:00,172.92,173.07,172.61,172.89,38861.14
2026-08-03 20:05:00,172.89,173.22,172.84,173.12,15737.62
2026-08-03 20:10:00,173.12,173.32,173.02,173.2,78407.43
2026-08-03 20:15:00,173.2,173.44,173.11,173.44,157372.11
2026-08-03 20:20:00,173.44,173.65,173.35,173.63,27815.33
2026-08-03 20:25:00,173.63,173.97,173.63,173.77,24674.28
2026-08-03 20:30:00,173.77,173.88,173.56,173.67,140658.62
2026-08-03 20:35:00,173.67,174.28,173.62,174.2,9957.09
2026-08-03 20:40:00,174.2,174.49,174.18,174.36,15573.07
2026-08-03 20:45:00,174.36,175.13,173.89,173.96,4984.27
2026-08-03 20:50:00,173.96,174.29,173.49,173.62,115894.3
2026-08-03 20:55:00,173.62,173.69,173.39,173.51,11298.95
2026-08-03 21:00:00,173.51,173.88,173.28,173.64,23084.27
2026-08-03 21:05:00,173.64,173.82,173.17,173.23,15932.24
2026-08-03 21:10:00,173.23,173.38,173.04,173.15,71790.07
2026-08-03 21:15:00,173.15,173.24,173.05,173.11,38515.06
2026-08-03 21:20:00,173.11,173.21,172.81,172.89,64975.89
2026-08-03 21:25:00,172.89,173.13,172.72,172.98,3929.48
2026-08-03 21:30:00,172.98,173.14,172.78,172.92,14361.68
2026-08-03 21:35:00,172.92,172.93,172.59,172.66,88375.08
2026-08-03 21:40:00,172.66,172.92,172.51,172.91,6132.6
2026-08-03 21:45:00,172.91,173.0,172.74,172.99,21887.88
2026-08-03 21:50:00,172.99,173.23,172.95,173.18,2670.0
2026-08-03 21:55:00,173.18,173.29,172.81,173.07,30437.2
2026-08-03 22:00:00,173.07,173.27,172.89,172.99,123224.81
2026-08-03 22:05:00,172.99,173.23,172.71,172.75,70685.98
2026-08-03 22:10:00,172.75,172.85,172.69,172.84,187312.78
2026-08-03 22:15:00,172.84,173.0,172.73,172.79,84482.78
2026-08-03 22:20:00,172.79,172.9,172.77,172.89,82110.77
2026-08-03 22:25:00,172.89,173.17,172.88,173.09,101045.74
2026-08-03 22:30:00,173.09,173.26,172.88,173.24,52060.0
2026-08-03 22:35:00,173.24,173.3,173.08,173.26,7425.22
2026-08-03 22:40:00,173.26,173.55,173.17,173.47,11113.74
2026-08-03 22:45:00,173.47,173.66,173.31,173.6,13540.54
2026-08-03 22:50:00,173.6,174.2,173.56,174.11,18203.48
2026-08-03 22:55:00,174.11,174.28,174.05,174.22,149907.82
2026-08-03 23:00:00,174.22,174.86,173.71,173.88,83706.56
2026-08-03 23:05:00,173.88,174.37,173.35,173.45,185982.72
2026-08-03 23:10:00,173.45,173.46,172.99,173.01,9900.9
2026-08-03 23:15:00,173.01,173.02,172.58,172.76,28504.81
2026-08-03 23:20:00,172.76,172.86,172.76,172.79,1353.93
2026-08-03 23:25:00,172.79,172.91,172.52,172.59,40671.35
2026-08-03 23:30:00,172.59,172.8,172.33,172.44,54609.71
2026-08-03 23:35:00,172.44,172.74,171.99,172.65,257394.13
2026-08-03 23:40:00,172.65,173.08,172.22,172.96,193917.2
2026-08-03 23:45:00,172.96,173.1,172.84,172.96,308136.89
2026-08-03 23:50:00,172.96,173.47,172.94,173.25,21723.43
2026-08-03 23:55:00,173.25,173.35,173.16,173.19,85991.82
2026-08-04 00:00:00,173.19,173.29,172.9,173.13,39339.37
2026-08-04 00:05:00,173.13,173.2,172.87,173.01,18993.49
2026-08-04 00:10:00,173.01,173.13,172.84,173.03,78520.16
2026-08-04 00:15:00,173.03,173.12,173.02,173.07,58532.03
2026-08-04 00:20:00,173.07,173.29,173.06,173.19,58927.14
2026-08-04 00:25:00,173.19,173.2,173.0,173.07,35319.29
2026-08-04 00:30:00,173.07,173.33,172.92,173.32,46659.22
2026-08-04 00:35:00,173.32,173.76,172.98,173.72,122665.03
2026-08-04 00:40:00,173.72,174.04,173.64,173.88,93228.3
2026-08-04 00:45:00,173.88,174.04,173.71,173.8,39358.18
2026-08-04 00:50:00,173.8,174.0,173.32,173.36,35707.89
2026-08-04 00:55:00,173.36,173.61,173.21,173.55,61266.44
2026-08-04 01:00:00,173.55,173.58,173.12,173.25,35608.04
2026-08-04 01:05:00,173.25,173.57,173.2,173.54,136793.35
2026-08-04 01:10:00,173.54,173.75,173.45,173.51,22511.81
2026-08-04 01:15:00,173.51,173.55,173.11,173.15,14718.06
2026-08-04 01:20:00,173.15,173.21,173.07,173.09,28222.29
2026-08-04 01:25:00,173.09,173.1,172.69,172.79,28416.38
2026-08-04 01:30:00,172.79,172.87,172.47,172.55,15584.15
2026-08-04 01:35:00,172.55,172.83,172.42,172.73,51285.02
2026-08-04 01:40:00,172.73,173.23,172.34,173.13,45378.58
2026-08-04 01:45:00,173.13,173.25,172.94,173.17,17401.4
2026-08-04 01:50:00,173.17,173.24,172.99,173.01,10275.79
2026-08-04 01:55:00,173.01,173.29,172.82,172.88,67371.36
2026-08-04 02:00:00,172.88,172.94,172.66,172.76,9309.91
2026-08-04 02:05:00,172.76,172.95,172.76,172.88,1359.32
2026-08-04 02:10:00,172.88,173.13,172.74,172.92,6660.94
2026-08-04 02:15:00,172.92,173.11,172.6,172.61,99054.92
2026-08-04 02:20:00,172.61,173.07,171.93,172.99,65926.59
2026-08-04 02:25:00,172.99,173.21,172.75,172.79,44458.39
2026-08-04 02:30:00,172.79,172.96,172.53,172.84,2133.57
2026-08-04 02:35:00,172.84,172.91,172.65,172.88,8647.11
2026-08-04 02:40:00,172.88,173.34,172.75,173.2,15903.48
2026-08-04 02:45:00,173.2,173.57,173.0,173.29,12662.73
2026-08-04 02:50:00,173.29,173.47,172.71,172.83,116542.68
2026-08-04 02:55:00,172.83,172.96,172.81,172.84,25423.14
2026-08-04 03:00:00,172.84,172.9,172.69,172.82,5950.32
2026-08-04 03:05:00,172.82,173.33,172.67,173.25,42282.35
2026-08-04 03:10:00,173.25,173.4,173.2,173.37,30588.68
2026-08-04 03:15:00,173.37,173.4,173.36,173.38,66369.29
2026-08-04 03:20:00,173.38,173.55,173.29,173.5,56469.57
2026-08-04 03:25:00,173.5,173.51,173.35,173.38,13070.71
2026-08-04 03:30:00,173.38,173.67,173.26,173.47,32623.35
2026-08-04 03:35:00,173.47,173.92,173.47,173.69,47729.23
2026-08-04 03:40:00,173.69,173.72,173.45,173.61,118152.74
2026-08-04 03:45:00,173.61,173.7,173.24,173.37,65787.27
2026-08-04 03:50:00,173.37,173.52,173.34,173.35,20266.69
2026-08-04 03:55:00,173.35,173.74,173.09,173.55,81103.11
2026-08-04 04:00:00,173.55,174.28,173.02,173.11,50024.01
2026-08-04 04:05:00,173.11,173.21,173.0,173.12,6174.6
2026-08-04 04:10:00,173.12,173.53,173.05,173.41,128687.21
2026-08-04 04:15:00,173.41,173.73,173.22,173.71,18732.69
2026-08-04 04:20:00,173.71,173.88,173.67,173.8,4827.8
2026-08-04 04:25:00,173.8,173.81,173.79,173.79,422.23
2026-08-04 04:30:00,173.79,173.92,173.7,173.72,42891.23
2026-08-04 04:35:00,173.72,173.78,173.55,173.61,244993.81
2026-08-04 04:40:00,173.61,173.67,173.61,173.63,20318.69
2026-08-04 04:45:00,173.63,174.14,173.07,173.19,400972.08
2026-08-04 04:50:00,173.19,173.78,172.96,173.57,9944.96
2026-08-04 04:55:00,173.57,173.7,173.49,173.61,73419.9
2026-08-04 05:00:00,173.61,173.94,173.52,173.8,12769.42
2026-08-04 05:05:00,173.8,173.92,173.77,173.9,114278.39
2026-08-04 05:10:00,173.9,174.57,173.65,173.71,147700.98
2026-08-04 05:15:00,173.71,173.93,173.63,173.86,27774.26
2026-08-04 05:20:00,173.86,173.95,173.63,173.76,15079.38
2026-08-04 05:25:00,173.76,173.87,173.61,173.76,22805.07
2026-08-04 05:30:00,173.76,174.16,173.21,173.33,38363.12
2026-08-04 05:35:00,173.33,173.39,173.0,173.12,22756.31
2026-08-04 05:40:00,173.12,173.28,172.96,173.11,86370.63
2026-08-04 05:45:00,173.11,173.31,172.7,172.74,41301.76
2026-08-04 05:50:00,172.74,173.3,172.71,173.3,20891.28
2026-08-04 05:55:00,173.3,173.33,173.1,173.16,26628.17
2026-08-04 06:00:00,173.16,173.35,173.11,173.2,4561.34
2026-08-04 06:05:00,173.2,173.27,172.81,173.0,65666.71
2026-08-04 06:10:00,173.0,173.04,172.85,172.86,35877.13
2026-08-04 06:15:00,172.86,172.97,172.61,172.69,7103.57
2026-08-04 06:20:00,172.69,173.13,172.49,172.98,2255.8
2026-08-04 06:25:00,172.98,173.17,172.93,173.17,7729.81
2026-08-04 06:30:00,173.17,173.46,173.04,173.32,110594.26
2026-08-04 06:35:00,173.32,173.43,173.17,173.29,16972.05
2026-08-04 06:40:00,173.29,173.82,173.24,173.66,36031.71
2026-08-04 06:45:00,173.66,173.85,173.63,173.78,21432.23
2026-08-04 06:50:00,173.78,174.02,173.75,173.93,191392.84
2026-08-04 06:55:00,173.93,174.15,173.9,174.15,44318.57
2026-08-04 07:00:00,174.15,174.41,174.1,174.38,37839.27
2026-08-04 07:05:00,174.38,174.62,174.38,174.42,44500.4
2026-08-04 07:10:00,174.42,174.83,174.41,174.71,1590.3
2026-08-04 07:15:00,174.71,174.91,174.56,174.87,54726.51
2026-08-04 07:20:00,174.87,175.65,174.48,174.54,11152.31
2026-08-04 07:25:00,174.54,174.64,174.35,174.5,53561.08
2026-08-04 07:30:00,174.5,175.17,174.09,174.26,18280.43
2026-08-04 07:35:00,174.26,174.3,173.82,174.05,9259.26
2026-08-04 07:40:00,174.05,174.24,173.79,174.15,87147.09
2026-08-04 07:45:00,174.15,174.29,174.01,174.03,33305.83
2026-08-04 07:50:00,174.03,174.2,173.97,174.05,84448.33
2026-08-04 07:55:00,174.05,174.14,173.6,173.78,24458.77
2026-08-04 08:00:00,173.78,174.01,173.74,173.93,11933.37
2026-08-04 08:05:00,173.93,173.98,173.41,173.41,25842.55
2026-08-04 08:10:00,173.41,173.6,173.27,173.35,7856.61
2026-08-04 08:15:00,173.35,173.8,173.12,173.78,36844.79
2026-08-04 08:20:00,173.78,173.96,173.49,173.6,2175.79
2026-08-04 08:25:00,173.6,173.95,173.44,173.93,34691.38
2026-08-04 08:30:00,173.93,174.03,173.79,173.86,11565.13
2026-08-04 08:35:00,173.86,173.96,173.78,173.78,36348.28
2026-08-04 08:40:00,173.78,173.89,173.58,173.84,67980.43
2026-08-04 08:45:00,173.84,173.95,173.8,173.94,51050.0
2026-08-04 08:50:00,173.94,174.07,173.94,173.96,10703.49
2026-08-04 08:55:00,173.96,174.13,173.87,174.04,37003.68
2026-08-04 09:00:00,174.04,174.33,173.97,174.16,693.47
2026-08-04 09:05:00,174.16,174.16,173.84,174.05,38384.8
2026-08-04 09:10:00,174.05,174.13,173.8,173.87,49704.03
2026-08-04 09:15:00,173.87,174.31,173.76,174.09,140701.51
2026-08-04 09:20:00,174.09,174.21,173.63,173.83,97783.08
2026-08-04 09:25:00,173.83,173.84,173.64,173.68,120320.54
2026-08-04 09:30:00,173.68,173.68,173.55,173.67,55019.59
2026-08-04 09:35:00,173.67,173.77,173.55,173.73,50647.07
2026-08-04 09:40:00,173.73,173.94,173.71,173.89,17497.03
2026-08-04 09:45:00,173.89,173.94,173.75,173.75,22632.65
2026-08-04 09:50:00,173.75,173.82,173.27,173.56,66218.04
2026-08-04 09:55:00,173.56,173.96,173.41,173.68,67012.89
2026-08-04 10:00:00,173.68,173.8,173.51,173.76,7934.96
2026-08-04 10:05:00,173.76,174.26,173.51,174.05,40923.16
2026-08-04 10:10:00,174.05,174.09,173.84,173.95,15688.22
2026-08-04 10:15:00,173.95,174.06,173.75,173.8,50720.43
2026-08-04 10:20:00,173.8,173.94,173.35,173.43,45675.96
2026-08-04 10:25:00,173.43,173.62,173.23,173.35,235.78
2026-08-04 10:30:00,173.35,173.37,173.12,173.31,34651.99
2026-08-04 10:35:00,173.31,173.71,173.19,173.64,30579.74
2026-08-04 10:40:00,173.64,173.7,173.43,173.5,50071.75
2026-08-04 10:45:00,173.5,174.04,173.36,173.93,61241.3
2026-08-04 10:50:00,173.93,174.07,173.65,174.04,32870.29
2026-08-04 10:55:00,174.04,174.11,173.94,174.03,540.0
2026-08-04 11:00:00,174.03,174.34,174.0,174.14,34995.61
2026-08-04 11:05:00,174.14,174.81,174.05,174.69,52306.32
2026-08-04 11:10:00,174.69,175.2,174.16,174.24,274486.27
2026-08-04 11:15:00,174.24,174.58,174.24,174.5,824.39
2026-08-04 11:20:00,174.5,174.61,174.32,174.56,38466.14
2026-08-04 11:25:00,174.56,174.66,174.52,174.62,180882.91
2026-08-04 11:30:00,174.62,175.34,174.27,174.33,125251.21
2026-08-04 11:35:00,174.33,174.4,173.95,174.11,82785.85
2026-08-04 11:40:00,174.11,174.18,173.93,174.03,31154.57
2026-08-04 11:45:00,174.03,174.17,173.95,174.07,1044.3
2026-08-04 11:50:00,174.07,174.48,173.99,174.37,13693.65
2026-08-04 11:55:00,174.37,174.88,174.04,174.16,149629.23
2026-08-04 12:00:00,174.16,174.17,173.82,173.82,25257.16
2026-08-04 12:05:00,173.82,173.95,173.79,173.8,3967.2
2026-08-04 12:10:00,173.8,173.95,173.73,173.86,2236.42
2026-08-04 12:15:00,173.86,174.05,173.7,173.94,19943.18
2026-08-04 12:20:00,173.94,173.97,173.8,173.9,50890.5
2026-08-04 12:25:00,173.9,174.12,173.54,173.78,136079.57
2026-08-04 12:30:00,173.78,174.32,173.65,174.09,1375.15
2026-08-04 12:35:00,174.09,175.18,174.06,174.84,23236.85
2026-08-04 12:40:00,174.84,174.99,174.65,174.7,86690.75
2026-08-04 12:45:00,174.7,174.81,174.55,174.71,86316.02
2026-08-04 12:50:00,174.71,174.71,174.32,174.54,86831.75
2026-08-04 12:55:00,174.54,174.81,174.29,174.61,9705.18
2026-08-04 13:00:00,174.61,175.16,174.01,174.1,85293.26
2026-08-04 13:05:00,174.1,174.38,173.87,173.9,16874.7
2026-08-04 13:10:00,173.9,174.1,173.88,174.03,36568.35
2026-08-04 13:15:00,174.03,174.05,173.91,173.93,5042.72
2026-08-04 13:20:00,173.93,173.97,173.52,173.85,116019.31
2026-08-04 13:25:00,173.85,174.39,173.77,174.33,3900.62
2026-08-04 13:30:00,174.33,174.34,174.29,174.33,2138.56
2026-08-04 13:35:00,174.33,174.45,174.02,174.06,61686.2
2026-08-04 13:40:00,174.06,174.15,173.98,174.1,11246.09
2026-08-04 13:45:00,174.1,174.12,173.9,173.96,37156.46
2026-08-04 13:50:00,173.96,174.22,173.84,174.15,93305.27
2026-08-04 13:55:00,174.15,174.16,174.09,174.1,253644.34
2026-08-04 14:00:00,174.1,174.13,173.76,173.85,30686.46
2026-08-04 14:05:00,173.85,173.93,173.51,173.53,47192.87
2026-08-04 14:10:00,173.53,173.65,173.11,173.24,8312.37
2026-08-04 14:15:00,173.24,173.69,173.21,173.53,54679.14
2026-08-04 14:20:00,173.53,173.6,173.21,173.26,35536.03
2026-08-04 14:25:00,173.26,173.67,172.93,173.56,10635.19
2026-08-04 14:30:00,173.56,173.84,172.98,173.72,233301.15
2026-08-04 14:35:00,173.72,173.91,173.55,173.72,19216.69
2026-08-04 14:40:00,173.72,173.91,173.51,173.74,47010.35
2026-08-04 14:45:00,173.74,173.83,173.4,173.57,103177.97
2026-08-04 14:50:00,173.57,174.05,172.99,173.98,39334.47
2026-08-04 14:55:00,173.98,174.1,173.95,174.1,10047.09
2026-08-04 15:00:00,174.1,174.11,174.01,174.08,31529.17
2026-08-04 15:05:00,174.08,174.18,174.01,174.04,61021.21
2026-08-04 15:10:00,174.04,174.32,174.02,174.27,58335.81
2026-08-04 15:15:00,174.27,174.53,174.21,174.41,55463.49
2026-08-04 15:20:00,174.41,174.51,174.17,174.25,5550.27
2026-08-04 15:25:00,174.25,174.59,174.1,174.47,35053.35
2026-08-04 15:30:00,174.47,174.76,174.0,174.08,830.89
2026-08-04 15:35:00,174.08,174.32,173.96,174.23,4643.84
2026-08-04 15:40:00,174.23,174.3,174.17,174.27,48354.69
2026-08-04 15:45:00,174.27,174.31,174.0,174.14,93750.87
2026-08-04 15:50:00,174.14,174.33,174.1,174.16,237538.35
2026-08-04 15:55:00,174.16,174.25,173.93,174.05,86497.86
2026-08-04 16:00:00,174.05,174.09,173.83,174.01,29082.87
2026-08-04 16:05:00,174.01,174.3,173.79,174.19,68851.45
2026-08-04 16:10:00,174.19,174.37,173.98,174.26,27417.35
2026-08-04 16:15:00,174.26,174.31,173.99,174.27,84203.47
2026-08-04 16:20:00,174.27,174.44,174.15,174.36,113760.62
2026-08-04 16:25:00,174.36,174.73,174.31,174.68,21911.47
2026-08-04 16:30:00,174.68,175.01,174.16,174.28,274054.25
2026-08-04 16:35:00,174.28,174.31,174.12,174.26,25228.93
2026-08-04 16:40:00,174.26,174.42,174.22,174.27,29173.11
2026-08-04 16:45:00,174.27,174.44,174.18,174.38,59098.76
2026-08-04 16:50:00,174.38,174.47,174.27,174.33,21897.9
2026-08-04 16:55:00,174.33,174.52,174.21,174.28,19902.66
2026-08-04 17:00:00,174.28,174.62,174.22,174.59,12019.14
2026-08-04 17:05:00,174.59,174.82,174.56,174.75,4206.16
2026-08-04 17:10:00,174.75,175.29,174.25,174.38,61510.86
2026-08-04 17:15:00,174.38,174.96,174.2,174.93,11803.2
2026-08-04 17:20:00,174.93,175.05,174.51,174.57,2236.29
2026-08-04 17:25:00,174.57,174.62,174.26,174.43,124286.04
2026-08-04 17:30:00,174.43,174.62,174.4,174.41,133890.82
2026-08-04 17:35:00,174.41,174.78,174.38,174.64,143214.11
2026-08-04 17:40:00,174.64,174.67,174.4,174.65,39037.4
2026-08-04 17:45:00,174.65,174.7,174.38,174.43,13613.24
2026-08-04 17:50:00,174.43,174.76,174.37,174.68,65200.19
2026-08-04 17:55:00,174.68,174.73,174.5,174.71,96889.11
2026-08-04 18:00:00,174.71,175.21,174.38,174.55,104271.88
2026-08-04 18:05:00,174.55,174.8,174.45,174.65,4710.69
2026-08-04 18:10:00,174.65,174.71,174.49,174.61,49624.22
2026-08-04 18:15:00,174.61,174.98,174.27,174.35,178409.23
2026-08-04 18:20:00,174.35,174.45,174.1,174.21,74238.07
2026-08-04 18:25:00,174.21,174.36,174.07,174.34,20996.44
2026-08-04 18:30:00,174.34,174.43,174.19,174.36,10421.78
2026-08-04 18:35:00,174.36,174.71,174.26,174.47,70704.73
2026-08-04 18:40:00,174.47,174.57,174.13,174.18,58325.41
2026-08-04 18:45:00,174.18,174.69,174.18,174.52,120039.1
2026-08-04 18:50:00,174.52,175.15,173.94,174.09,176019.85
2026-08-04 18:55:00,174.09,174.11,173.92,174.05,23153.42
2026-08-04 19:00:00,174.05,174.2,173.87,173.98,28422.99
2026-08-04 19:05:00,173.98,174.12,173.9,174.07,31848.74
2026-08-04 19:10:00,174.07,174.25,174.01,174.19,8906.27
2026-08-04 19:15:00,174.19,174.54,174.02,174.48,143254.97
2026-08-04 19:20:00,174.48,174.93,174.13,174.23,2404.15
2026-08-04 19:25:00,174.23,174.28,173.9,174.13,147688.55
2026-08-04 19:30:00,174.13,174.15,174.03,174.12,23753.46
2026-08-04 19:35:00,174.12,174.5,173.38,174.33,252476.62
2026-08-04 19:40:00,174.33,174.52,174.22,174.37,37961.3
2026-08-04 19:45:00,174.37,174.53,174.36,174.52,28118.12
2026-08-04 19:50:00,174.52,174.65,174.45,174.57,15159.05
2026-08-04 19:55:00,174.57,174.6,174.31,174.46,54591.72
2026-08-04 20:00:00,174.46,174.49,174.29,174.43,161960.09
2026-08-04 20:05:00,174.43,174.62,174.31,174.62,17574.83
2026-08-04 20:10:00,174.62,175.28,174.06,174.21,27893.29
2026-08-04 20:15:00,174.21,174.61,173.46,174.47,8004.09
2026-08-04 20:20:00,174.47,174.55,174.33,174.47,72022.38
2026-08-04 20:25:00,174.47,174.6,174.22,174.53,27386.1
2026-08-04 20:30:00,174.53,174.69,174.36,174.41,28273.53
2026-08-04 20:35:00,174.41,174.87,174.34,174.81,12565.91
2026-08-04 20:40:00,174.81,174.95,174.38,174.6,1522.13
2026-08-04 20:45:00,174.6,174.74,174.57,174.73,140766.9
2026-08-04 20:50:00,174.73,175.08,174.36,174.49,110056.46
2026-08-04 20:55:00,174.49,174.88,174.45,174.62,169477.98
2026-08-04 21:00:00,174.62,174.63,174.59,174.59,26209.56
2026-08-04 21:05:00,174.59,175.13,174.03,174.17,96128.14
2026-08-04 21:10:00,174.17,174.36,174.15,174.28,138680.87
2026-08-04 21:15:00,174.28,174.35,174.08,174.14,31579.0
2026-08-04 21:20:00,174.14,174.21,174.13,174.15,8370.46
2026-08-04 21:25:00,174.15,174.19,174.11,174.17,103748.27
2026-08-04 21:30:00,174.17,174.33,174.04,174.07,8896.47
2026-08-04 21:35:00,174.07,174.24,173.94,174.02,16452.78
2026-08-04 21:40:00,174.02,174.34,173.33,174.24,539472.43
2026-08-04 21:45:00,174.24,174.35,174.2,174.27,43763.43
2026-08-04 21:50:00,174.27,174.8,173.68,174.65,28094.63
2026-08-04 21:55:00,174.65,174.86,174.39,174.48,23015.45
2026-08-04 22:00:00,174.48,174.58,174.26,174.29,20053.32
2026-08-04 22:05:00,174.29,174.56,174.11,174.5,156733.23
2026-08-04 22:10:00,174.5,174.67,174.44,174.58,13847.26
2026-08-04 22:15:00,174.58,175.02,174.03,174.1,124869.34
2026-08-04 22:20:00,174.1,174.15,173.91,174.15,15350.36
2026-08-04 22:25:00,174.15,174.43,173.42,174.36,633112.39
2026-08-04 22:30:00,174.36,174.61,174.09,174.48,66758.0
2026-08-04 22:35:00,174.48,174.63,174.23,174.34,36483.35
2026-08-04 22:40:00,174.34,174.64,174.3,174.57,105416.24
2026-08-04 22:45:00,174.57,174.87,174.51,174.71,62515.58
2026-08-04 22:50:00,174.71,174.77,174.32,174.48,32626.77
2026-08-04 22:55:00,174.48,174.68,174.27,174.66,45773.88
2026-08-04 23:00:00,174.66,174.72,173.97,174.11,29925.02
2026-08-04 23:05:00,174.11,174.18,173.83,173.98,72497.92
2026-08-04 23:10:00,173.98,174.04,173.78,173.99,100566.7
2026-08-04 23:15:00,173.99,174.16,173.72,174.06,17558.91
2026-08-04 23:20:00,174.06,174.25,173.99,174.09,5556.44
2026-08-04 23:25:00,174.09,174.39,173.85,174.17,28790.29
2026-08-04 23:30:00,174.17,174.28,174.06,174.26,93493.89
2026-08-04 23:35:00,174.26,174.28,173.97,174.2,29488.73
2026-08-04 23:40:00,174.2,174.78,173.65,174.69,606893.84
2026-08-04 23:45:00,174.69,174.81,174.43,174.8,35035.85
2026-08-04 23:50:00,174.8,174.88,174.72,174.76,644.2
2026-08-04 23:55:00,174.76,174.85,174.37,174.5,10660.25
2026-08-05 00:00:00,174.5,174.91,174.4,174.89,19551.32
2026-08-05 00:05:00,174.89,174.98,174.76,174.84,5483.94
2026-08-05 00:10:00,174.84,175.01,174.76,174.95,39852.12
2026-08-05 00:15:00,174.95,175.22,174.67,174.79,201999.98
2026-08-05 00:20:00,174.79,175.22,174.35,174.44,306229.44
2026-08-05 00:25:00,174.44,174.53,174.11,174.26,15846.16
2026-08-05 00:30:00,174.26,174.88,173.65,174.77,23553.39
2026-08-05 00:35:00,174.77,175.11,174.76,175.0,8913.74
2026-08-05 00:40:00,175.0,175.31,174.35,174.51,25315.52
2026-08-05 00:45:00,174.51,174.59,174.37,174.4,56340.33
2026-08-05 00:50:00,174.4,174.57,174.29,174.54,32853.35
2026-08-05 00:55:00,174.54,175.08,174.16,174.29,881208.77
2026-08-05 01:00:00,174.29,174.88,173.54,174.71,375012.18
2026-08-05 01:05:00,174.71,174.87,174.5,174.59,14933.42
2026-08-05 01:10:00,174.59,174.63,174.38,174.47,66429.83
2026-08-05 01:15:00,174.47,174.57,174.19,174.38,12450.96
2026-08-05 01:20:00,174.38,174.44,173.92,174.03,67721.38
2026-08-05 01:25:00,174.03,174.04,173.72,173.83,36927.65
2026-08-05 01:30:00,173.83,174.27,173.29,174.11,185393.64
2026-08-05 01:35:00,174.11,174.12,173.96,173.98,1721.63
2026-08-05 01:40:00,173.98,174.44,173.21,174.32,188672.64
2026-08-05 01:45:00,174.32,174.4,173.83,173.96,80541.98
2026-08-05 01:50:00,173.96,174.21,173.82,173.99,57834.23
2026-08-05 01:55:00,173.99,174.21,173.83,173.87,65407.83
2026-08-05 02:00:00,173.87,174.32,173.2,174.19,139633.29
2026-08-05 02:05:00,174.19,174.36,174.14,174.35,95845.46
2026-08-05 02:10:00,174.35,174.52,174.33,174.44,4859.33
2026-08-05 02:15:00,174.44,174.51,174.27,174.35,35449.97
2026-08-05 02:20:00,174.35,174.49,174.27,174.35,12843.39
2026-08-05 02:25:00,174.35,174.43,173.84,174.05,38616.63
2026-08-05 02:30:00,174.05,174.07,173.94,174.03,15781.07
2026-08-05 02:35:00,174.03,174.16,173.68,173.83,64686.48
2026-08-05 02:40:00,173.83,174.29,173.34,174.22,95082.58
2026-08-05 02:45:00,174.22,174.84,173.53,174.72,155221.93
2026-08-05 02:50:00,174.72,174.9,174.33,174.36,1272.85
2026-08-05 02:55:00,174.36,174.45,174.06,174.26,55792.35
2026-08-05 03:00:00,174.26,174.35,174.15,174.25,18798.03
2026-08-05 03:05:00,174.25,174.41,174.1,174.13,121963.66
2026-08-05 03:10:00,174.13,174.28,174.08,174.25,62486.43
2026-08-05 03:15:00,174.25,174.52,173.64,174.43,4242.29
2026-08-05 03:20:00,174.43,174.69,174.31,174.4,12383.25
2026-08-05 03:25:00,174.4,174.62,174.07,174.1,79059.43
2026-08-05 03:30:00,174.1,174.22,173.92,173.92,77226.42
2026-08-05 03:35:00,173.92,173.96,173.77,173.78,84772.72
2026-08-05 03:40:00,173.78,174.08,173.37,173.97,266558.04
2026-08-05 03:45:00,173.97,174.37,173.3,174.25,41027.75
2026-08-05 03:50:00,174.25,174.28,174.01,174.14,56167.16
2026-08-05 03:55:00,174.14,174.2,173.67,173.69,48244.81
2026-08-05 04:00:00,173.69,173.76,173.35,173.37,33673.44
2026-08-05 04:05:00,173.37,173.47,172.97,173.09,4842.25
2026-08-05 04:10:00,173.09,173.73,172.56,173.59,20590.43
2026-08-05 04:15:00,173.59,173.62,173.43,173.6,33468.46
2026-08-05 04:20:00,173.6,173.81,173.11,173.28,40645.97
2026-08-05 04:25:00,173.28,173.32,173.08,173.08,87362.85
2026-08-05 04:30:00,173.08,173.2,172.8,172.84,64933.38
2026-08-05 04:35:00,172.84,172.99,172.66,172.73,15265.69
2026-08-05 04:40:00,172.73,172.95,172.55,172.82,90445.09
2026-08-05 04:45:00,172.82,173.28,172.45,173.16,223762.38
2026-08-05 04:50:00,173.16,173.55,172.38,173.44,11457.91
2026-08-05 04:55:00,173.44,173.49,173.16,173.18,88868.91
2026-08-05 05:00:00,173.18,173.21,173.04,173.1,21108.89
2026-08-05 05:05:00,173.1,173.19,173.01,173.18,32089.56
2026-08-05 05:10:00,173.18,173.39,173.13,173.17,24902.77
2026-08-05 05:15:00,173.17,173.18,172.99,173.0,57734.43
2026-08-05 05:20:00,173.0,173.11,172.97,173.06,41537.95
2026-08-05 05:25:00,173.06,173.7,172.66,173.56,648902.3
2026-08-05 05:30:00,173.56,173.6,173.47,173.47,4797.45
2026-08-05 05:35:00,173.47,173.81,173.45,173.68,113939.23
2026-08-05 05:40:00,173.68,173.77,173.28,173.39,1822.39
2026-08-05 05:45:00,173.39,173.53,173.29,173.37,39506.14
2026-08-05 05:50:00,173.37,173.41,173.27,173.28,1834.15
2026-08-05 05:55:00,173.28,173.41,173.01,173.18,1996.85
2026-08-05 06:00:00,173.18,173.26,173.06,173.23,10263.85
2026-08-05 06:05:00,173.23,173.76,172.57,173.62,368812.26
2026-08-05 06:10:00,173.62,173.66,173.19,173.47,6437.03
2026-08-05 06:15:00,173.47,173.58,173.44,173.53,149097.43
2026-08-05 06:20:00,173.53,173.74,173.19,173.25,1469.11
2026-08-05 06:25:00,173.25,173.39,173.13,173.18,12668.18
2026-08-05 06:30:00,173.18,173.18,173.05,173.12,5985.11
2026-08-05 06:35:00,173.12,173.22,172.95,173.06,16252.11
2026-08-05 06:40:00,173.06,173.34,172.77,172.97,143453.81
2026-08-05 06:45:00,172.97,173.41,172.88,173.4,22829.96
2026-08-05 06:50:00,173.4,173.79,173.35,173.51,53484.06
2026-08-05 06:55:00,173.51,173.95,172.86,173.87,23250.43
2026-08-05 07:00:00,173.87,174.06,173.72,174.04,7378.72
2026-08-05 07:05:00,174.04,174.23,174.02,174.16,38757.74
2026-08-05 07:10:00,174.16,174.29,173.88,173.9,28629.79
2026-08-05 07:15:00,173.9,174.4,173.2,174.31,127049.52
2026-08-05 07:20:00,174.31,174.33,174.0,174.07,5847.18
2026-08-05 07:25:00,174.07,174.23,173.83,174.14,88090.2
2026-08-05 07:30:00,174.14,174.26,173.85,173.94,32412.18
2026-08-05 07:35:00,173.94,174.37,173.82,174.31,23288.27
2026-08-05 07:40:00,174.31,174.44,174.05,174.31,60700.22
2026-08-05 07:45:00,174.31,174.69,174.25,174.57,57238.53
2026-08-05 07:50:00,174.57,175.21,174.2,174.29,69002.51
2026-08-05 07:55:00,174.29,174.58,174.23,174.52,161700.13
2026-08-05 08:00:00,174.52,175.16,173.95,174.09,125754.18
2026-08-05 08:05:00,174.09,174.27,173.51,173.83,44521.14
2026-08-05 08:10:00,173.83,174.18,173.78,174.03,6548.43
2026-08-05 08:15:00,174.03,174.65,173.94,174.49,307317.42
2026-08-05 08:20:00,174.49,174.8,174.46,174.58,3965.58
2026-08-05 08:25:00,174.58,174.67,174.51,174.53,141343.5
2026-08-05 08:30:00,174.53,175.27,174.17,174.23,77906.76
2026-08-05 08:35:00,174.23,174.73,173.79,173.89,154178.33
2026-08-05 08:40:00,173.89,173.9,173.59,173.65,121127.4
2026-08-05 08:45:00,173.65,174.02,173.31,173.44,56081.77
2026-08-05 08:50:00,173.44,173.75,173.38,173.54,30446.94
2026-08-05 08:55:00,173.54,173.74,173.49,173.67,5484.47
2026-08-05 09:00:00,173.67,173.82,173.54,173.57,3189.62
2026-08-05 09:05:00,173.57,173.59,173.34,173.35,74242.92
2026-08-05 09:10:00,173.35,173.54,173.2,173.24,55305.8
2026-08-05 09:15:00,173.24,173.6,173.21,173.28,63997.38
2026-08-05 09:20:00,173.28,173.44,173.04,173.22,48077.76
2026-08-05 09:25:00,173.22,173.27,173.05,173.05,52922.18
2026-08-05 09:30:00,173.05,173.13,172.62,172.82,12440.98
2026-08-05 09:35:00,172.82,172.87,172.71,172.87,6653.98
2026-08-05 09:40:00,172.87,173.17,172.39,173.02,169659.98
2026-08-05 09:45:00,173.02,173.14,172.67,172.73,69944.6
2026-08-05 09:50:00,172.73,173.05,172.67,172.94,69859.25
2026-08-05 09:55:00,172.94,172.98,172.84,172.96,34489.34
2026-08-05 10:00:00,172.96,173.37,172.75,173.14,15237.41
2026-08-05 10:05:00,173.14,173.29,172.7,172.76,18325.42
2026-08-05 10:10:00,172.76,172.83,172.71,172.78,53319.31
2026-08-05 10:15:00,172.78,172.87,172.52,172.56,2173.01
2026-08-05 10:20:00,172.56,172.88,171.99,172.72,15642.58
2026-08-05 10:25:00,172.72,173.3,172.34,173.21,67241.67
2026-08-05 10:30:00,173.21,173.31,173.13,173.21,36164.67
2026-08-05 10:35:00,173.21,173.4,172.97,173.26,80885.39
2026-08-05 10:40:00,173.26,173.31,172.77,172.99,54430.1
2026-08-05 10:45:00,172.99,173.15,172.95,173.05,21753.12
2026-08-05 10:50:00,173.05,173.14,172.86,173.02,1021.25
2026-08-05 10:55:00,173.02,173.05,172.78,172.91,77114.76
2026-08-05 11:00:00,172.91,173.26,172.49,173.12,151241.05
2026-08-05 11:05:00,173.12,173.16,172.84,173.02,37897.89
2026-08-05 11:10:00,173.02,173.46,172.62,173.35,96873.97
2026-08-05 11:15:00,173.35,173.36,173.03,173.03,22301.18
2026-08-05 11:20:00,173.03,173.14,172.81,172.85,16239.29
2026-08-05 11:25:00,172.85,173.01,172.4,172.43,10074.45
2026-08-05 11:30:00,172.43,173.0,172.39,172.72,4059.41
2026-08-05 11:35:00,172.72,172.82,172.26,172.38,33650.68
2026-08-05 11:40:00,172.38,172.72,171.71,172.57,242360.06
2026-08-05 11:45:00,172.57,172.95,172.55,172.85,66708.97
2026-08-05 11:50:00,172.85,173.03,172.62,172.98,13160.08
2026-08-05 11:55:00,172.98,173.05,172.86,172.95,15683.26
2026-08-05 12:00:00,172.95,173.39,172.77,173.37,69352.58
2026-08-05 12:05:00,173.37,173.38,172.88,172.94,17138.87
2026-08-05 12:10:00,172.94,173.09,172.38,172.62,66176.77
2026-08-05 12:15:00,172.62,172.66,172.47,172.58,70879.48
2026-08-05 12:20:00,172.58,172.84,172.01,172.77,254355.07
2026-08-05 12:25:00,172.77,173.18,172.08,173.04,169713.33
2026-08-05 12:30:00,173.04,173.05,172.91,173.03,77014.09
2026-08-05 12:35:00,173.03,173.42,172.94,173.29,2367.52
2026-08-05 12:40:00,173.29,173.64,173.29,173.37,29903.28
2026-08-05 12:45:00,173.37,173.49,173.06,173.14,16349.86
2026-08-05 12:50:00,173.14,173.17,173.03,173.15,26726.13
2026-08-05 12:55:00,173.15,173.27,173.1,173.16,1155.15
2026-08-05 13:00:00,173.16,173.39,173.14,173.3,14941.89
2026-08-05 13:05:00,173.3,173.32,173.25,173.28,879.55
2026-08-05 13:10:00,173.28,173.41,172.79,173.02,35047.96
2026-08-05 13:15:00,173.02,173.38,173.01,173.22,49803.71
2026-08-05 13:20:00,173.22,174.12,173.08,173.99,17599.13
2026-08-05 13:25:00,173.99,174.07,173.82,173.86,63614.17
2026-08-05 13:30:00,173.86,174.04,173.75,174.03,50826.39
2026-08-05 13:35:00,174.03,174.06,173.62,173.74,45051.59
2026-08-05 13:40:00,173.74,173.87,173.52,173.84,32603.04
2026-08-05 13:45:00,173.84,173.97,173.77,173.91,15363.55
2026-08-05 13:50:00,173.91,174.15,173.69,173.94,11491.91
2026-08-05 13:55:00,173.94,174.1,173.55,173.62,84857.11
2026-08-05 14:00:00,173.62,173.67,173.22,173.44,9354.5
2026-08-05 14:05:00,173.44,173.51,172.95,173.08,31292.4
2026-08-05 14:10:00,173.08,173.28,173.03,173.18,91534.83
2026-08-05 14:15:00,173.18,173.27,173.11,173.16,111954.86
2026-08-05 14:20:00,173.16,173.31,172.93,173.24,28987.08
2026-08-05 14:25:00,173.24,173.28,173.02,173.08,62475.84
2026-08-05 14:30:00,173.08,173.23,172.94,173.19,25268.09
2026-08-05 14:35:00,173.19,173.27,173.17,173.19,18276.88
2026-08-05 14:40:00,173.19,173.43,172.9,173.05,120914.98
2026-08-05 14:45:00,173.05,173.61,173.0,173.4,17077.54
2026-08-05 14:50:00,173.4,173.52,173.25,173.45,63299.27
2026-08-05 14:55:00,173.45,173.76,173.41,173.71,26889.58
2026-08-05 15:00:00,173.71,173.92,173.68,173.86,16351.18
2026-08-05 15:05:00,173.86,174.23,173.75,173.88,40716.32
2026-08-05 15:10:00,173.88,174.06,173.75,173.78,62862.87
2026-08-05 15:15:00,173.78,173.81,173.68,173.74,31482.52
2026-08-05 15:20:00,173.74,174.1,173.47,174.02,61718.76
2026-08-05 15:25:00,174.02,174.41,174.01,174.25,113291.04
2026-08-05 15:30:00,174.25,174.52,174.04,174.48,7973.47
2026-08-05 15:35:00,174.48,174.76,174.44,174.6,15798.5
2026-08-05 15:40:00,174.6,174.68,174.1,174.13,52638.84
2026-08-05 15:45:00,174.13,174.42,173.75,173.89,348108.18
2026-08-05 15:50:00,173.89,174.03,173.81,173.97,13029.69
2026-08-05 15:55:00,173.97,174.0,173.7,173.82,113193.17
2026-08-05 16:00:00,173.82,174.01,173.8,173.89,22737.13
2026-08-05 16:05:00,173.89,173.97,173.64,173.73,2426.24
2026-08-05 16:10:00,173.73,173.92,173.63,173.9,828.23
2026-08-05 16:15:00,173.9,174.03,173.82,174.02,69907.63
2026-08-05 16:20:00,174.02,174.03,173.91,173.98,39357.12
2026-08-05 16:25:00,173.98,174.23,173.75,173.99,18826.2
2026-08-05 16:30:00,173.99,174.31,173.87,173.95,117819.09
2026-08-05 16:35:00,173.95,174.19,173.57,173.6,20097.46
2026-08-05 16:40:00,173.6,173.77,173.56,173.63,105635.84
2026-08-05 16:45:00,173.63,174.06,173.58,173.92,36472.41
2026-08-05 16:50:00,173.92,174.21,173.87,174.11,46097.59
2026-08-05 16:55:00,174.11,174.15,174.0,174.1,10125.77
2026-08-05 17:00:00,174.1,174.31,173.31,173.38,147304.81
2026-08-05 17:05:00,173.38,173.5,172.92,173.04,30964.71
2026-08-05 17:10:00,173.04,173.24,172.96,173.0,42773.27
2026-08-05 17:15:00,173.0,173.11,172.87,173.02,21074.55
2026-08-05 17:20:00,173.02,173.37,172.89,173.31,54162.18
2026-08-05 17:25:00,173.31,173.82,173.2,173.6,10581.7
2026-08-05 17:30:00,173.6,173.63,173.32,173.36,11546.01
2026-08-05 17:35:00,173.36,173.71,173.21,173.65,5234.01
2026-08-05 17:40:00,173.65,173.67,173.52,173.63,40182.71
2026-08-05 17:45:00,173.63,173.79,173.57,173.78,33702.23
2026-08-05 17:50:00,173.78,174.04,173.77,173.88,99902.62
2026-08-05 17:55:00,173.88,174.03,173.49,173.49,31759.86
2026-08-05 18:00:00,173.49,173.59,173.46,173.57,12740.96
2026-08-05 18:05:00,173.57,173.81,173.45,173.5,145197.47
2026-08-05 18:10:00,173.5,173.61,173.48,173.59,17868.6
2026-08-05 18:15:00,173.59,173.77,173.38,173.63,39588.03
2026-08-05 18:20:00,173.63,173.74,173.51,173.6,25869.91
2026-08-05 18:25:00,173.6,173.64,173.47,173.52,5298.16
2026-08-05 18:30:00,173.52,173.66,173.39,173.53,236.4
2026-08-05 18:35:00,173.53,173.58,173.3,173.52,42171.62
2026-08-05 18:40:00,173.52,173.68,173.24,173.29,152801.09
2026-08-05 18:45:00,173.29,173.39,172.92,172.99,1855.23
2026-08-05 18:50:00,172.99,173.39,172.89,173.36,35708.31
2026-08-05 18:55:00,173.36,173.52,173.2,173.27,80124.09
2026-08-05 19:00:00,173.27,173.37,172.89,173.0,35297.51
2026-08-05 19:05:00,173.0,173.34,172.86,173.14,21858.3
2026-08-05 19:10:00,173.14,173.47,173.12,173.27,32984.57
2026-08-05 19:15:00,173.27,173.47,172.95,173.09,212297.84
2026-08-05 19:20:00,173.09,173.49,173.07,173.31,11500.37
2026-08-05 19:25:00,173.31,173.33,173.04,173.31,16238.59
2026-08-05 19:30:00,173.31,173.53,173.06,173.19,46164.16
2026-08-05 19:35:00,173.19,173.22,173.09,173.17,9464.14
2026-08-05 19:40:00,173.17,173.71,172.54,173.55,20871.45
2026-08-05 19:45:00,173.55,173.8,173.52,173.75,97878.2
2026-08-05 19:50:00,173.75,173.95,173.16,173.44,55432.42
2026-08-05 19:55:00,173.44,173.44,173.3,173.42,1562.6
2026-08-05 20:00:00,173.42,173.55,173.41,173.42,18770.02
2026-08-05 20:05:00,173.42,173.56,173.26,173.28,5530.72
2026-08-05 20:10:00,173.28,173.56,172.51,173.48,471331.92
2026-08-05 20:15:00,173.48,173.72,173.36,173.6,127073.55
2026-08-05 20:20:00,173.6,173.97,173.57,173.81,17266.37
2026-08-05 20:25:00,173.81,173.84,173.6,173.7,31288.17
2026-08-05 20:30:00,173.7,173.85,173.58,173.73,64281.29
2026-08-05 20:35:00,173.73,174.11,173.66,173.87,23349.03
2026-08-05 20:40:00,173.87,173.97,173.47,173.62,4629.66
2026-08-05 20:45:00,173.62,173.76,173.27,173.47,9850.52
2026-08-05 20:50:00,173.47,173.62,173.14,173.3,25884.18
2026-08-05 20:55:00,173.3,173.64,173.26,173.58,2165.79
2026-08-05 21:00:00,173.58,173.7,173.42,173.67,104295.86
2026-08-05 21:05:00,173.67,174.19,173.61,173.99,102783.7
2026-08-05 21:10:00,173.99,174.12,173.91,173.95,274.65
2026-08-05 21:15:00,173.95,174.06,173.92,173.94,21333.19
2026-08-05 21:20:00,173.94,174.08,173.75,174.04,281647.06
2026-08-05 21:25:00,174.04,174.05,173.71,173.72,14284.39
2026-08-05 21:30:00,173.72,173.83,173.52,173.61,18535.46
2026-08-05 21:35:00,173.61,174.04,173.53,173.82,170940.94
2026-08-05 21:40:00,173.82,173.87,173.64,173.75,29743.92
2026-08-05 21:45:00,173.75,173.83,173.63,173.79,191575.19
2026-08-05 21:50:00,173.79,174.08,173.64,174.0,53261.36
2026-08-05 21:55:00,174.0,174.1,173.86,173.97,46612.83
2026-08-05 22:00:00,173.97,174.16,173.83,174.12,93121.95
2026-08-05 22:05:00,174.12,174.24,173.64,173.87,29780.41
2026-08-05 22:10:00,173.87,173.97,173.5,173.54,27665.37
2026-08-05 22:15:00,173.54,173.88,173.51,173.81,164093.28
2026-08-05 22:20:00,173.81,173.97,173.76,173.8,36740.67
2026-08-05 22:25:00,173.8,173.93,173.63,173.81,7065.38
2026-08-05 22:30:00,173.81,174.03,173.67,173.82,114133.65
2026-08-05 22:35:00,173.82,174.27,173.78,174.14,39357.19
2026-08-05 22:40:00,174.14,174.39,174.0,174.26,124568.72
2026-08-05 22:45:00,174.26,174.43,173.94,173.95,59692.76
2026-08-05 22:50:00,173.95,173.98,173.58,173.61,68955.89
2026-08-05 22:55:00,173.61,173.81,173.48,173.69,19776.96
2026-08-05 23:00:00,173.69,173.86,173.35,173.54,24.85
2026-08-05 23:05:00,173.54,173.82,173.28,173.29,43455.22
2026-08-05 23:10:00,173.29,173.73,172.81,173.66,86013.3
2026-08-05 23:15:00,173.66,173.81,173.65,173.66,27701.42
2026-08-05 23:20:00,173.66,173.66,173.38,173.45,21139.45
2026-08-05 23:25:00,173.45,173.6,173.27,173.38,36514.92
2026-08-05 23:30:00,173.38,173.43,173.12,173.23,853.08
2026-08-05 23:35:00,173.23,173.66,173.21,173.49,84163.41
2026-08-05 23:40:00,173.49,173.62,173.35,173.39,158769.3
2026-08-05 23:45:00,173.39,173.93,173.28,173.75,66772.56
2026-08-05 23:50:00,173.75,173.78,173.53,173.72,22910.27
2026-08-05 23:55:00,173.72,173.75,173.33,173.71,5016.21
2026-08-06 00:00:00,173.71,173.98,173.58,173.6,49559.62
2026-08-06 00:05:00,173.6,173.69,173.48,173.65,7988.88
2026-08-06 00:10:00,173.65,173.92,173.58,173.58,10606.02
2026-08-06 00:15:00,173.58,173.61,173.24,173.32,98003.66
2026-08-06 00:20:00,173.32,173.47,173.0,173.24,3600.74
2026-08-06 00:25:00,173.24,173.45,172.99,173.04,30250.0
2026-08-06 00:30:00,173.04,173.17,172.85,172.92,76524.93
2026-08-06 00:35:00,172.92,173.02,172.84,172.87,24953.76
2026-08-06 00:40:00,172.87,173.41,172.15,173.35,5542.53
2026-08-06 00:45:00,173.35,173.65,172.58,173.49,286525.91
2026-08-06 00:50:00,173.49,174.03,172.78,173.93,382070.12
2026-08-06 00:55:00,173.93,173.98,173.74,173.92,21954.64
2026-08-06 01:00:00,173.92,173.99,173.77,173.98,4450.34
2026-08-06 01:05:00,173.98,174.29,173.72,173.79,276655.47
2026-08-06 01:10:00,173.79,173.92,173.75,173.86,30706.24
2026-08-06 01:15:00,173.86,174.12,173.65,173.99,8614.6
2026-08-06 01:20:00,173.99,174.01,173.7,173.9,24201.4
2026-08-06 01:25:00,173.9,173.96,173.79,173.85,23866.91
2026-08-06 01:30:00,173.85,173.88,173.42,173.62,8510.9
2026-08-06 01:35:00,173.62,173.74,173.27,173.4,34373.34
2026-08-06 01:40:00,173.4,173.83,173.1,173.74,30246.16
2026-08-06 01:45:00,173.74,173.96,173.18,173.19,5651.56
2026-08-06 01:50:00,173.19,173.4,173.17,173.36,13852.31
2026-08-06 01:55:00,173.36,173.55,173.16,173.47,1753.95
2026-08-06 02:00:00,173.47,173.92,173.35,173.89,41540.11
2026-08-06 02:05:00,173.89,174.03,173.76,173.91,14678.88
2026-08-06 02:10:00,173.91,173.99,173.86,173.91,16275.62
2026-08-06 02:15:00,173.91,174.18,173.61,173.63,30627.21
2026-08-06 02:20:00,173.63,173.87,173.53,173.69,39755.68
2026-08-06 02:25:00,173.69,173.91,173.65,173.87,29550.15
2026-08-06 02:30:00,173.87,174.13,173.84,174.07,13076.59
2026-08-06 02:35:00,174.07,174.14,174.07,174.09,50885.28
2026-08-06 02:40:00,174.09,174.37,173.98,174.31,21225.61
2026-08-06 02:45:00,174.31,174.49,174.18,174.36,62439.45
2026-08-06 02:50:00,174.36,174.37,173.86,173.93,11570.72
2026-08-06 02:55:00,173.93,174.2,173.51,173.68,27414.7
2026-08-06 03:00:00,173.68,173.85,173.5,173.6,54595.57
2026-08-06 03:05:00,173.6,173.76,173.5,173.66,36975.93
2026-08-06 03:10:00,173.66,173.69,173.58,173.59,58117.73
2026-08-06 03:15:00,173.59,173.75,173.22,173.32,12621.03
2026-08-06 03:20:00,173.32,173.82,172.97,173.7,48575.11
2026-08-06 03:25:00,173.7,173.85,173.66,173.83,36770.75
2026-08-06 03:30:00,173.83,174.0,173.42,173.64,116097.03
2026-08-06 03:35:00,173.64,173.64,173.46,173.54,28689.78
2026-08-06 03:40:00,173.54,173.74,173.17,173.27,40559.19
2026-08-06 03:45:00,173.27,173.52,173.18,173.35,10337.49
2026-08-06 03:50:00,173.35,173.55,173.29,173.5,9118.1
2026-08-06 03:55:00,173.5,173.78,173.17,173.67,48287.06
2026-08-06 04:00:00,173.67,173.74,173.54,173.64,168722.68
2026-08-06 04:05:00,173.64,173.65,173.26,173.4,88719.79
2026-08-06 04:10:00,173.4,173.58,173.36,173.46,89989.99
2026-08-06 04:15:00,173.46,173.8,173.45,173.7,56068.1
2026-08-06 04:20:00,173.7,173.75,173.24,173.47,151036.27
2026-08-06 04:25:00,173.47,173.49,173.33,173.43,114005.79
2026-08-06 04:30:00,173.43,173.44,173.23,173.34,23926.51
2026-08-06 04:35:00,173.34,173.59,173.26,173.5,88771.56
2026-08-06 04:40:00,173.5,173.59,173.37,173.56,48106.2
2026-08-06 04:45:00,173.56,173.61,173.56,173.58,14423.68
2026-08-06 04:50:00,173.58,174.06,173.36,173.9,5210.53
2026-08-06 04:55:00,173.9,174.26,173.81,174.23,7644.16
2026-08-06 05:00:00,174.23,174.29,174.19,174.19,62885.98
2026-08-06 05:05:00,174.19,174.28,173.89,173.93,32539.13
2026-08-06 05:10:00,173.93,174.14,173.68,173.83,69199.42
2026-08-06 05:15:00,173.83,174.12,173.41,174.07,3421.23
2026-08-06 05:20:00,174.07,174.11,173.64,173.68,22078.18
2026-08-06 05:25:00,173.68,173.77,173.58,173.7,233180.32
2026-08-06 05:30:00,173.7,173.99,173.32,173.85,58702.84
2026-08-06 05:35:00,173.85,174.08,173.85,173.95,45382.91
2026-08-06 05:40:00,173.95,174.27,173.89,173.9,18916.31
2026-08-06 05:45:00,173.9,173.98,173.54,173.74,9100.41
2026-08-06 05:50:00,173.74,173.77,173.6,173.65,22431.74
2026-08-06 05:55:00,173.65,173.92,173.33,173.41,1939.23
2026-08-06 06:00:00,173.41,173.63,173.4,173.48,28271.32
2026-08-06 06:05:00,173.48,173.65,173.3,173.57,4452.11
2026-08-06 06:10:00,173.57,173.59,173.07,173.13,73062.0
2026-08-06 06:15:00,173.13,173.41,172.8,172.83,93684.44
2026-08-06 06:20:00,172.83,172.89,172.78,172.81,92745.97
2026-08-06 06:25:00,172.81,173.34,172.12,173.2,95000.26
2026-08-06 06:30:00,173.2,173.49,173.06,173.41,57304.26
2026-08-06 06:35:00,173.41,174.04,173.33,173.9,119350.93
2026-08-06 06:40:00,173.9,174.04,173.75,173.93,12843.49
2026-08-06 06:45:00,173.93,174.13,173.86,173.89,80755.3
2026-08-06 06:50:00,173.89,174.03,173.84,173.86,7366.7
2026-08-06 06:55:00,173.86,174.13,173.76,174.04,107695.87
2026-08-06 07:00:00,174.04,174.09,173.91,173.92,102113.09
2026-08-06 07:05:00,173.92,174.1,173.71,173.98,101054.39
2026-08-06 07:10:00,173.98,174.03,173.91,173.93,13663.28
2026-08-06 07:15:00,173.93,174.0,173.55,173.64,24304.4
2026-08-06 07:20:00,173.64,173.96,173.61,173.9,124909.4
2026-08-06 07:25:00,173.9,173.94,173.75,173.79,8996.66
2026-08-06 07:30:00,173.79,173.91,173.42,173.62,6938.13
2026-08-06 07:35:00,173.62,173.63,173.33,173.34,21342.01
2026-08-06 07:40:00,173.34,173.41,173.09,173.2,83772.74
2026-08-06 07:45:00,173.2,173.26,173.16,173.24,51760.61
2026-08-06 07:50:00,173.24,173.35,173.23,173.29,58051.26
2026-08-06 07:55:00,173.29,173.49,173.21,173.42,29360.72
2026-08-06 08:00:00,173.42,173.52,173.42,173.45,22477.29
2026-08-06 08:05:00,173.45,173.56,173.21,173.49,60326.74
2026-08-06 08:10:00,173.49,173.56,173.1,173.27,105119.26
2026-08-06 08:15:00,173.27,173.29,172.97,172.99,9300.01
2026-08-06 08:20:00,172.99,173.21,172.95,172.99,52063.66
2026-08-06 08:25:00,172.99,173.46,172.58,173.32,38745.45
2026-08-06 08:30:00,173.32,173.39,173.26,173.31,8623.68
2026-08-06 08:35:00,173.31,173.56,173.29,173.44,150413.94
2026-08-06 08:40:00,173.44,173.65,173.32,173.33,41683.19
2026-08-06 08:45:00,173.33,173.63,173.15,173.45,68759.55
2026-08-06 08:50:00,173.45,173.84,173.35,173.66,5106.69
2026-08-06 08:55:00,173.66,173.69,173.46,173.46,48753.85
2026-08-06 09:00:00,173.46,173.87,173.34,173.78,142204.45
2026-08-06 09:05:00,173.78,174.03,173.76,173.84,8063.58
2026-08-06 09:10:00,173.84,173.87,173.76,173.82,5306.6
2026-08-06 09:15:00,173.82,174.2,173.78,174.18,35.32
2026-08-06 09:20:00,174.18,174.57,173.93,174.0,43218.06
2026-08-06 09:25:00,174.0,174.25,173.88,174.04,92956.8
2026-08-06 09:30:00,174.04,174.11,173.83,173.96,33246.0
2026-08-06 09:35:00,173.96,174.19,173.83,173.99,37385.71
2026-08-06 09:40:00,173.99,174.22,173.94,174.2,19281.54
2026-08-06 09:45:00,174.2,174.63,174.11,174.53,8077.24
2026-08-06 09:50:00,174.53,174.61,174.49,174.59,12024.03
2026-08-06 09:55:00,174.59,174.91,174.05,174.12,45523.96
2026-08-06 10:00:00,174.12,174.22,174.1,174.19,36642.7
2026-08-06 10:05:00,174.19,174.42,174.02,174.31,43966.6
2026-08-06 10:10:00,174.31,174.33,174.07,174.08,40616.42
2026-08-06 10:15:00,174.08,174.63,173.71,173.77,384672.41
2026-08-06 10:20:00,173.77,173.84,173.41,173.44,196481.64
2026-08-06 10:25:00,173.44,173.65,173.36,173.58,44072.65
2026-08-06 10:30:00,173.58,173.7,173.39,173.49,81363.54
2026-08-06 10:35:00,173.49,173.57,173.37,173.46,63704.47
2026-08-06 10:40:00,173.46,173.48,173.32,173.37,32248.84
2026-08-06 10:45:00,173.37,173.48,173.2,173.32,73021.71
2026-08-06 10:50:00,173.32,173.46,173.31,173.46,103596.11
2026-08-06 10:55:00,173.46,173.57,173.29,173.41,42141.69
2026-08-06 11:00:00,173.41,173.76,173.27,173.66,49185.17
2026-08-06 11:05:00,173.66,173.95,173.57,173.72,9535.46
2026-08-06 11:10:00,173.72,173.81,173.54,173.58,56279.12
2026-08-06 11:15:00,173.58,173.83,173.29,173.81,95520.43
2026-08-06 11:20:00,173.81,174.09,173.72,173.9,79049.18
2026-08-06 11:25:00,173.9,174.12,173.76,173.86,10412.44
2026-08-06 11:30:00,173.86,174.09,173.65,173.74,94106.24
2026-08-06 11:35:00,173.74,173.78,173.67,173.71,4971.73
2026-08-06 11:40:00,173.71,173.96,173.52,173.87,45226.53
2026-08-06 11:45:00,173.87,173.94,173.64,173.87,62113.06
2026-08-06 11:50:00,173.87,174.1,173.57,173.71,22931.19
2026-08-06 11:55:00,173.71,173.73,173.55,173.6,5674.19
2026-08-06 12:00:00,173.6,173.8,173.46,173.46,76250.76
2026-08-06 12:05:00,173.46,173.59,173.4,173.49,32063.8
2026-08-06 12:10:00,173.49,173.49,173.45,173.47,18218.97
2026-08-06 12:15:00,173.47,173.58,173.38,173.44,37286.43
2026-08-06 12:20:00,173.44,173.66,173.3,173.47,779.2
2026-08-06 12:25:00,173.47,173.77,173.42,173.77,76696.33
2026-08-06 12:30:00,173.77,173.8,173.63,173.73,28319.3
2026-08-06 12:35:00,173.73,173.94,173.69,173.83,22387.49
2026-08-06 12:40:00,173.83,173.86,173.63,173.7,21919.14
2026-08-06 12:45:00,173.7,173.77,173.18,173.24,52879.31
2026-08-06 12:50:00,173.24,173.54,172.67,173.39,3929.25
2026-08-06 12:55:00,173.39,173.45,173.24,173.26,7136.47
2026-08-06 13:00:00,173.26,173.36,173.21,173.26,9196.73
2026-08-06 13:05:00,173.26,173.33,173.1,173.16,27854.94
2026-08-06 13:10:00,173.16,173.33,172.98,172.99,28863.38
2026-08-06 13:15:00,172.99,173.34,172.71,173.11,10704.42
2026-08-06 13:20:00,173.11,173.21,173.0,173.19,2479.2
2026-08-06 13:25:00,173.19,173.81,172.46,173.7,245102.78
2026-08-06 13:30:00,173.7,174.08,173.62,173.94,54842.4
2026-08-06 13:35:00,173.94,174.32,173.92,174.2,92094.3
2026-08-06 13:40:00,174.2,174.6,174.16,174.32,18792.68
2026-08-06 13:45:00,174.32,174.74,174.02,174.16,47787.36
2026-08-06 13:50:00,174.16,174.51,174.14,174.43,138883.51
2026-08-06 13:55:00,174.43,174.74,173.93,174.03,24523.37
2026-08-06 14:00:00,174.03,174.34,173.96,174.27,1125.44
2026-08-06 14:05:00,174.27,174.31,173.96,174.04,21830.57
2026-08-06 14:10:00,174.04,174.05,173.86,174.01,136092.25
2026-08-06 14:15:00,174.01,174.4,173.92,174.33,95001.01
2026-08-06 14:20:00,174.33,174.41,174.22,174.41,140116.1
2026-08-06 14:25:00,174.41,175.17,174.12,174.26,65150.68
2026-08-06 14:30:00,174.26,174.52,174.17,174.36,146545.4
2026-08-06 14:35:00,174.36,175.05,174.04,174.12,48413.73
2026-08-06 14:40:00,174.12,174.52,174.01,174.4,16720.16
2026-08-06 14:45:00,174.4,174.99,173.97,174.02,4937.42
2026-08-06 14:50:00,174.02,174.04,173.84,173.91,123684.89
2026-08-06 14:55:00,173.91,173.93,173.8,173.88,74079.92
2026-08-06 15:00:00,173.88,173.94,173.26,173.44,38421.8
2026-08-06 15:05:00,173.44,173.56,173.23,173.55,14762.31
2026-08-06 15:10:00,173.55,173.89,173.31,173.86,101403.13
2026-08-06 15:15:00,173.86,174.16,173.82,174.09,120267.7
2026-08-06 15:20:00,174.09,174.33,174.06,174.12,92112.82
2026-08-06 15:25:00,174.12,174.16,173.76,173.94,8947.96
2026-08-06 15:30:00,173.94,173.95,173.65,173.88,30329.0
2026-08-06 15:35:00,173.88,173.98,173.88,173.95,38368.84
2026-08-06 15:40:00,173.95,174.07,173.84,174.01,36380.14
2026-08-06 15:45:00,174.01,174.1,173.8,173.98,15858.58
2026-08-06 15:50:00,173.98,174.01,173.9,173.95,81564.28
2026-08-06 15:55:00,173.95,174.15,173.86,174.02,16578.17
2026-08-06 16:00:00,174.02,174.14,173.88,173.95,49976.33
2026-08-06 16:05:00,173.95,174.25,173.94,174.07,28631.85
2026-08-06 16:10:00,174.07,174.16,174.0,174.13,5461.62
2026-08-06 16:15:00,174.13,174.4,173.57,173.7,8180.28
2026-08-06 16:20:00,173.7,173.83,173.58,173.73,3190.07
2026-08-06 16:25:00,173.73,174.16,173.59,174.02,56173.44
2026-08-06 16:30:00,174.02,174.42,173.8,174.19,5080.5
2026-08-06 16:35:00,174.19,174.54,173.67,173.75,338296.06
2026-08-06 16:40:00,173.75,174.06,173.65,173.77,58857.87
2026-08-06 16:45:00,173.77,174.14,173.69,173.9,90301.09
2026-08-06 16:50:00,173.9,174.1,173.8,174.04,110532.02
2026-08-06 16:55:00,174.04,174.17,173.95,174.03,13115.44
2026-08-06 17:00:00,174.03,174.23,173.98,174.13,71297.96
2026-08-06 17:05:00,174.13,174.31,173.89,174.27,17479.71
2026-08-06 17:10:00,174.27,174.34,174.08,174.22,104511.37
2026-08-06 17:15:00,174.22,174.73,173.94,174.06,33176.14
2026-08-06 17:20:00,174.06,174.07,173.91,174.06,9710.68
2026-08-06 17:25:00,174.06,174.13,173.96,174.07,8150.66
2026-08-06 17:30:00,174.07,174.16,174.04,174.14,18232.91
2026-08-06 17:35:00,174.14,174.42,173.93,173.95,48013.24
2026-08-06 17:40:00,173.95,174.55,173.89,174.24,128322.56
2026-08-06 17:45:00,174.24,174.78,173.64,173.73,102483.61
2026-08-06 17:50:00,173.73,173.81,173.62,173.73,8382.88
2026-08-06 17:55:00,173.73,173.82,173.41,173.43,125598.68
2026-08-06 18:00:00,173.43,173.72,173.4,173.63,17062.66
2026-08-06 18:05:00,173.63,173.73,173.49,173.5,10895.38
2026-08-06 18:10:00,173.5,173.92,173.48,173.85,80169.55
2026-08-06 18:15:00,173.85,173.98,173.3,173.54,17530.27
2026-08-06 18:20:00,173.54,173.62,173.24,173.42,137884.96
2026-08-06 18:25:00,173.42,173.63,173.33,173.53,4751.4
2026-08-06 18:30:00,173.53,173.69,173.51,173.64,104239.93
2026-08-06 18:35:00,173.64,173.99,173.61,173.99,42368.94
2026-08-06 18:40:00,173.99,174.2,173.83,173.86,11334.21
2026-08-06 18:45:00,173.86,174.05,173.57,173.97,911.12
2026-08-06 18:50:00,173.97,174.2,173.93,174.09,7362.85
2026-08-06 18:55:00,174.09,174.33,173.9,174.2,5081.36
2026-08-06 19:00:00,174.2,174.38,174.06,174.35,3400.15
2026-08-06 19:05:00,174.35,174.35,174.04,174.21,33151.58
2026-08-06 19:10:00,174.21,174.33,174.16,174.28,39497.94
2026-08-06 19:15:00,174.28,174.48,174.16,174.3,30194.26
2026-08-06 19:20:00,174.3,174.85,173.84,173.99,281522.84
2026-08-06 19:25:00,173.99,174.0,173.72,173.78,15588.87
2026-08-06 19:30:00,173.78,174.17,173.65,174.1,4257.85
2026-08-06 19:35:00,174.1,174.87,173.65,173.79,85433.23
2026-08-06 19:40:00,173.79,173.92,173.62,173.89,200801.82
2026-08-06 19:45:00,173.89,174.21,173.77,174.16,70213.28
2026-08-06 19:50:00,174.16,174.18,173.79,173.84,32818.93
2026-08-06 19:55:00,173.84,173.94,173.36,173.48,5043.75
2026-08-06 20:00:00,173.48,173.79,173.41,173.78,11485.08
2026-08-06 20:05:00,173.78,173.9,173.7,173.72,20486.68
2026-08-06 20:10:00,173.72,173.84,173.69,173.83,57302.57
2026-08-06 20:15:00,173.83,174.04,173.77,173.86,129611.82
2026-08-06 20:20:00,173.86,174.04,173.68,173.91,18646.3
2026-08-06 20:25:00,173.91,174.25,173.76,173.95,12078.01
2026-08-06 20:30:00,173.95,174.02,173.8,173.99,82156.3
2026-08-06 20:35:00,173.99,174.23,173.87,174.09,1233.68
2026-08-06 20:40:00,174.09,174.53,174.05,174.36,21441.2
2026-08-06 20:45:00,174.36,174.54,174.25,174.45,25799.86
2026-08-06 20:50:00,174.45,174.78,174.37,174.6,3415.17
2026-08-06 20:55:00,174.6,175.33,174.28,174.35,7470.48
2026-08-06 21:00:00,174.35,174.46,174.0,174.1,41101.33
2026-08-06 21:05:00,174.1,174.2,173.93,173.97,42976.35
2026-08-06 21:10:00,173.97,173.99,173.4,173.51,9437.64
2026-08-06 21:15:00,173.51,173.53,173.31,173.51,103661.94
2026-08-06 21:20:00,173.51,173.95,173.28,173.86,58644.77
2026-08-06 21:25:00,173.86,174.14,173.8,173.98,21256.2
2026-08-06 21:30:00,173.98,174.43,173.96,174.33,65391.36
2026-08-06 21:35:00,174.33,174.81,173.96,174.13,41704.31
2026-08-06 21:40:00,174.13,174.71,173.81,173.95,58735.63
2026-08-06 21:45:00,173.95,174.05,173.67,173.76,28707.38
2026-08-06 21:50:00,173.76,174.11,173.62,174.05,92437.73
2026-08-06 21:55:00,174.05,174.18,173.78,173.81,19903.02
2026-08-06 22:00:00,173.81,174.1,173.76,173.77,39541.44
2026-08-06 22:05:00,173.77,174.13,173.32,173.58,39670.97
2026-08-06 22:10:00,173.58,174.18,173.17,174.08,399115.21
2026-08-06 22:15:00,174.08,174.13,173.8,173.94,8578.91
2026-08-06 22:20:00,173.94,173.98,173.59,173.68,78582.68
2026-08-06 22:25:00,173.68,173.99,173.5,173.86,4651.56
2026-08-06 22:30:00,173.86,174.38,173.71,174.14,67907.71
2026-08-06 22:35:00,174.14,174.34,174.1,174.14,75355.95
2026-08-06 22:40:00,174.14,174.24,173.79,173.86,6515.82
2026-08-06 22:45:00,173.86,173.89,173.71,173.79,109198.45
2026-08-06 22:50:00,173.79,173.96,173.73,173.96,45095.27
2026-08-06 22:55:00,173.96,174.01,173.56,173.75,58980.53
2026-08-06 23:00:00,173.75,174.23,173.49,174.07,179404.48
2026-08-06 23:05:00,174.07,174.78,173.64,173.76,227774.32
2026-08-06 23:10:00,173.76,173.81,173.57,173.64,20615.7
2026-08-06 23:15:00,173.64,173.77,173.03,173.09,50579.1
2026-08-06 23:20:00,173.09,173.15,172.75,172.85,453065.82
2026-08-06 23:25:00,172.85,172.93,172.79,172.9,37800.06
2026-08-06 23:30:00,172.9,173.22,172.15,173.15,248635.81
2026-08-06 23:35:00,173.15,173.39,173.1,173.19,25395.31
2026-08-06 23:40:00,173.19,173.71,172.59,173.54,60863.95
2026-08-06 23:45:00,173.54,173.66,172.86,172.96,30814.09
2026-08-06 23:50:00,172.96,173.04,172.65,172.81,62871.72
2026-08-06 23:55:00,172.81,172.92,172.76,172.84,30592.9
2026-08-07 00:00:00,172.84,173.31,172.09,173.15,9437.44
2026-08-07 00:05:00,173.15,173.52,172.39,173.38,65359.89
2026-08-07 00:10:00,173.38,173.71,173.35,173.67,43457.99
2026-08-07 00:15:00,173.67,174.0,173.43,173.5,18560.24
2026-08-07 00:20:00,173.5,173.57,173.45,173.52,255456.66
2026-08-07 00:25:00,173.52,173.53,173.21,173.41,4586.37
2026-08-07 00:30:00,173.41,173.6,172.91,172.99,40990.11
2026-08-07 00:35:00,172.99,173.04,172.49,172.7,6688.66
2026-08-07 00:40:00,172.7,172.71,172.42,172.51,65672.54
2026-08-07 00:45:00,172.51,172.65,172.44,172.5,3989.54
2026-08-07 00:50:00,172.5,172.69,172.32,172.67,75365.05
2026-08-07 00:55:00,172.67,172.73,172.16,172.26,30722.7
2026-08-07 01:00:00,172.26,172.39,172.12,172.21,1013.21
2026-08-07 01:05:00,172.21,172.47,171.56,172.39,19575.62
2026-08-07 01:10:00,172.39,172.65,172.28,172.47,15571.6
2026-08-07 01:15:00,172.47,172.54,172.37,172.43,23105.34
2026-08-07 01:20:00,172.43,172.89,172.06,172.8,18270.51
2026-08-07 01:25:00,172.8,173.03,172.24,172.97,420671.5
2026-08-07 01:30:00,172.97,173.06,172.95,173.05,32131.79
2026-08-07 01:35:00,173.05,173.51,172.89,173.3,56732.69
2026-08-07 01:40:00,173.3,173.73,173.13,173.4,8049.36
2026-08-07 01:45:00,173.4,173.57,173.27,173.33,19551.57
2026-08-07 01:50:00,173.33,173.44,173.04,173.13,52689.37
2026-08-07 01:55:00,173.13,173.2,173.11,173.14,20334.36
2026-08-07 02:00:00,173.14,173.26,173.06,173.07,58667.18
2026-08-07 02:05:00,173.07,173.26,172.72,172.88,21502.56
2026-08-07 02:10:00,172.88,173.08,172.84,173.03,50713.4
2026-08-07 02:15:00,173.03,173.17,172.92,172.95,31899.3
2026-08-07 02:20:00,172.95,173.4,172.6,173.32,117337.58
2026-08-07 02:25:00,173.32,173.48,173.28,173.48,65341.88
2026-08-07 02:30:00,173.48,173.61,173.1,173.17,13363.26
2026-08-07 02:35:00,173.17,173.43,173.17,173.3,45330.56
2026-08-07 02:40:00,173.3,173.66,173.14,173.18,7198.85
2026-08-07 02:45:00,173.18,173.43,172.99,173.12,457.31
2026-08-07 02:50:00,173.12,173.37,172.97,173.23,61386.85
2026-08-07 02:55:00,173.23,173.35,172.97,173.05,51916.86
2026-08-07 03:00:00,173.05,173.11,172.88,173.01,17256.22
2026-08-07 03:05:00,173.01,173.26,172.93,173.08,126052.19
2026-08-07 03:10:00,173.08,173.14,172.95,172.98,3723.63
2026-08-07 03:15:00,172.98,173.11,172.33,172.38,14339.98
2026-08-07 03:20:00,172.38,172.68,171.87,172.53,410889.43
2026-08-07 03:25:00,172.53,172.88,172.52,172.74,129780.16
2026-08-07 03:30:00,172.74,173.03,172.31,172.91,547559.51
2026-08-07 03:35:00,172.91,173.32,172.82,173.01,3584.19
2026-08-07 03:40:00,173.01,173.27,172.96,173.17,27094.05
2026-08-07 03:45:00,173.17,173.37,173.11,173.24,102752.5
2026-08-07 03:50:00,173.24,173.4,173.21,173.34,169762.5
2026-08-07 03:55:00,173.34,173.35,173.16,173.27,39237.74
2026-08-07 04:00:00,173.27,173.41,173.01,173.36,8408.49
2026-08-07 04:05:00,173.36,173.91,173.23,173.82,9432.7
2026-08-07 04:10:00,173.82,174.1,173.48,173.65,119106.08
2026-08-07 04:15:00,173.65,174.08,173.35,173.45,58584.33
2026-08-07 04:20:00,173.45,173.99,172.93,173.03,1212.1
2026-08-07 04:25:00,173.03,173.41,172.99,173.2,38011.11
2026-08-07 04:30:00,173.2,173.48,173.16,173.43,58675.81
2026-08-07 04:35:00,173.43,173.55,173.35,173.42,39823.68
2026-08-07 04:40:00,173.42,173.83,173.03,173.13,21337.33
2026-08-07 04:45:00,173.13,173.42,173.09,173.36,24159.91
2026-08-07 04:50:00,173.36,173.51,173.24,173.42,203915.04
2026-08-07 04:55:00,173.42,174.05,173.01,173.1,268804.32
2026-08-07 05:00:00,173.1,173.53,172.88,173.52,48470.43
2026-08-07 05:05:00,173.52,173.54,173.31,173.37,152906.9
2026-08-07 05:10:00,173.37,173.44,173.26,173.28,19744.05
2026-08-07 05:15:00,173.28,173.37,172.82,172.94,78050.86
2026-08-07 05:20:00,172.94,173.1,172.79,173.09,3883.73
2026-08-07 05:25:00,173.09,173.31,172.84,173.01,80982.94
2026-08-07 05:30:00,173.01,173.08,172.53,172.54,8282.38
2026-08-07 05:35:00,172.54,173.12,172.01,173.02,373573.63
2026-08-07 05:40:00,173.02,173.11,172.86,172.98,40061.31
2026-08-07 05:45:00,172.98,173.11,172.82,172.97,42384.78
2026-08-07 05:50:00,172.97,173.15,172.95,173.14,7553.76
2026-08-07 05:55:00,173.14,173.43,173.03,173.38,29031.75
2026-08-07 06:00:00,173.38,173.5,173.1,173.26,49614.6
2026-08-07 06:05:00,173.26,173.32,173.18,173.2,108.75
2026-08-07 06:10:00,173.2,173.25,173.05,173.09,30899.91
2026-08-07 06:15:00,173.09,173.12,172.6,172.68,18747.86
2026-08-07 06:20:00,172.68,173.06,172.62,172.83,14403.54
2026-08-07 06:25:00,172.83,173.39,172.72,173.19,15023.76
2026-08-07 06:30:00,173.19,173.48,173.18,173.46,53692.67
2026-08-07 06:35:00,173.46,174.07,173.17,173.3,289152.06
2026-08-07 06:40:00,173.3,173.39,173.2,173.25,30652.08
2026-08-07 06:45:00,173.25,173.46,173.01,173.08,70952.68
2026-08-07 06:50:00,173.08,173.15,173.01,173.13,210969.33
2026-08-07 06:55:00,173.13,173.54,173.01,173.51,56875.38
2026-08-07 07:00:00,173.51,173.58,173.24,173.27,96428.05
2026-08-07 07:05:00,173.27,173.59,173.0,173.03,36951.56
2026-08-07 07:10:00,173.03,173.73,172.72,173.5,147086.19
2026-08-07 07:15:00,173.5,173.77,172.99,173.24,30566.03
2026-08-07 07:20:00,173.24,173.3,172.86,172.98,392.91
2026-08-07 07:25:00,172.98,173.06,172.96,173.02,106743.65
2026-08-07 07:30:00,173.02,173.02,172.69,172.87,12839.16
2026-08-07 07:35:00,172.87,173.21,172.79,173.09,217813.69
2026-08-07 07:40:00,173.09,173.4,172.77,173.04,6528.15
2026-08-07 07:45:00,173.04,173.26,172.97,173.23,16930.89
2026-08-07 07:50:00,173.23,173.27,173.14,173.16,13269.03
2026-08-07 07:55:00,173.16,173.28,172.87,172.92,10500.67
2026-08-07 08:00:00,172.92,173.04,172.86,172.93,27025.12
2026-08-07 08:05:00,172.93,172.94,172.63,172.78,73664.68
2026-08-07 08:10:00,172.78,172.93,172.78,172.86,84337.25
2026-08-07 08:15:00,172.86,173.16,172.75,173.01,59435.27
2026-08-07 08:20:00,173.01,173.11,172.89,172.97,1801.71
2026-08-07 08:25:00,172.97,173.06,172.76,172.81,14304.92
2026-08-07 08:30:00,172.81,173.1,172.7,173.02,19728.23
2026-08-07 08:35:00,173.02,173.38,172.98,173.26,56030.29
2026-08-07 08:40:00,173.26,173.38,173.17,173.18,40392.53
2026-08-07 08:45:00,173.18,173.19,172.6,172.71,25748.94
2026-08-07 08:50:00,172.71,173.16,172.2,173.02,99068.25
2026-08-07 08:55:00,173.02,173.03,172.95,173.0,91204.43
2026-08-07 09:00:00,173.0,173.02,172.75,173.0,21545.61
2026-08-07 09:05:00,173.0,173.08,172.85,172.88,245962.1
2026-08-07 09:10:00,172.88,172.91,172.45,172.61,142404.19
2026-08-07 09:15:00,172.61,172.78,172.32,172.65,68462.39
2026-08-07 09:20:00,172.65,172.88,172.57,172.85,8129.1
2026-08-07 09:25:00,172.85,173.05,172.65,172.96,65335.43
2026-08-07 09:30:00,172.96,173.11,172.77,173.05,143310.05
2026-08-07 09:35:00,173.05,173.23,173.02,173.19,18195.44
2026-08-07 09:40:00,173.19,173.53,172.87,173.01,24360.24
2026-08-07 09:45:00,173.01,173.06,172.83,172.9,158262.42
2026-08-07 09:50:00,172.9,173.39,172.75,173.21,8151.23
2026-08-07 09:55:00,173.21,173.24,173.16,173.23,5992.07
2026-08-07 10:00:00,173.23,173.45,173.18,173.39,55366.13
2026-08-07 10:05:00,173.39,173.61,173.29,173.43,24362.69
2026-08-07 10:10:00,173.43,173.45,172.99,173.16,24326.4
2026-08-07 10:15:00,173.16,173.77,173.03,173.68,47781.56
2026-08-07 10:20:00,173.68,173.77,173.51,173.67,44140.8
2026-08-07 10:25:00,173.67,174.19,173.15,173.3,198409.5
2026-08-07 10:30:00,173.3,173.46,173.2,173.25,8202.63
2026-08-07 10:35:00,173.25,173.47,172.91,173.01,22917.86
2026-08-07 10:40:00,173.01,173.1,172.81,172.83,76320.67
2026-08-07 10:45:00,172.83,173.05,172.27,172.97,35850.56
2026-08-07 10:50:00,172.97,173.03,172.75,172.84,6511.25
2026-08-07 10:55:00,172.84,173.23,172.68,173.12,48412.0
2026-08-07 11:00:00,173.12,173.19,173.0,173.05,48972.5
2026-08-07 11:05:00,173.05,173.31,172.97,173.14,104149.48
2026-08-07 11:10:00,173.14,173.33,173.01,173.27,41875.0
2026-08-07 11:15:00,173.27,173.35,173.16,173.28,51240.6
2026-08-07 11:20:00,173.28,174.11,173.22,173.91,60229.73
2026-08-07 11:25:00,173.91,174.03,173.33,173.5,125866.69
2026-08-07 11:30:00,173.5,173.68,173.33,173.52,13346.85
2026-08-07 11:35:00,173.52,173.6,173.29,173.6,8439.63
2026-08-07 11:40:00,173.6,173.79,172.83,173.09,17789.68
2026-08-07 11:45:00,173.09,173.09,172.74,172.84,25738.34
2026-08-07 11:50:00,172.84,173.04,172.3,172.52,95877.36
2026-08-07 11:55:00,172.52,172.76,172.33,172.72,11330.16
2026-08-07 12:00:00,172.72,172.95,172.17,172.24,24461.42
2026-08-07 12:05:00,172.24,172.32,171.94,172.21,77850.04
2026-08-07 12:10:00,172.21,172.6,172.19,172.45,33434.53
2026-08-07 12:15:00,172.45,172.6,172.07,172.07,2244.88
2026-08-07 12:20:00,172.07,172.38,171.44,172.23,150625.92
2026-08-07 12:25:00,172.23,172.4,171.93,171.97,167017.69
2026-08-07 12:30:00,171.97,172.38,171.69,172.21,38100.35
2026-08-07 12:35:00,172.21,172.27,172.07,172.21,2531.13
2026-08-07 12:40:00,172.21,172.34,172.2,172.22,12832.4
2026-08-07 12:45:00,172.22,172.43,172.15,172.38,228234.7
2026-08-07 12:50:00,172.38,172.51,172.27,172.42,101719.82
2026-08-07 12:55:00,172.42,172.47,172.41,172.43,30177.24
2026-08-07 13:00:00,172.43,172.73,172.39,172.56,12949.55
2026-08-07 13:05:00,172.56,172.72,172.31,172.65,51801.55
2026-08-07 13:10:00,172.65,172.95,171.99,172.81,92202.85
2026-08-07 13:15:00,172.81,173.31,172.73,173.19,2843.74
2026-08-07 13:20:00,173.19,173.2,172.88,173.0,255993.04
2026-08-07 13:25:00,173.0,173.1,172.55,172.69,77022.25
2026-08-07 13:30:00,172.69,173.05,172.69,172.93,46444.89
2026-08-07 13:35:00,172.93,172.94,172.47,172.58,16369.67
2026-08-07 13:40:00,172.58,172.72,172.34,172.61,42456.95
2026-08-07 13:45:00,172.61,173.12,171.88,173.07,147195.35
2026-08-07 13:50:00,173.07,173.21,172.77,173.02,20634.99
2026-08-07 13:55:00,173.02,173.14,172.54,172.81,61139.78
2026-08-07 14:00:00,172.81,173.18,172.06,173.06,50078.35
2026-08-07 14:05:00,173.06,173.28,173.04,173.17,5282.88
2026-08-07 14:10:00,173.17,173.3,172.54,172.63,22532.31
2026-08-07 14:15:00,172.63,172.71,172.38,172.43,20782.89
2026-08-07 14:20:00,172.43,172.47,172.27,172.29,32906.26
2026-08-07 14:25:00,172.29,172.61,171.71,172.51,121993.75
2026-08-07 14:30:00,172.51,173.04,171.77,172.93,217323.59
2026-08-07 14:35:00,172.93,172.95,172.7,172.74,50239.26
2026-08-07 14:40:00,172.74,172.8,172.29,172.38,147544.89
2026-08-07 14:45:00,172.38,172.65,172.32,172.53,48961.35
2026-08-07 14:50:00,172.53,172.58,172.21,172.21,3625.28
2026-08-07 14:55:00,172.21,172.43,172.06,172.31,45916.32
2026-08-07 15:00:00,172.31,172.45,171.98,172.0,3733.95
2026-08-07 15:05:00,172.0,172.31,171.44,172.15,9120.55
2026-08-07 15:10:00,172.15,172.26,172.01,172.07,91752.88
2026-08-07 15:15:00,172.07,172.28,171.82,172.0,25150.28
2026-08-07 15:20:00,172.0,172.26,171.93,172.01,73642.46
2026-08-07 15:25:00,172.01,172.02,171.59,171.66,71104.28
2026-08-07 15:30:00,171.66,172.08,171.62,171.89,102067.72
2026-08-07 15:35:00,171.89,172.16,171.78,171.92,13822.0
2026-08-07 15:40:00,171.92,172.14,171.89,172.11,22176.32
2026-08-07 15:45:00,172.11,172.86,171.96,172.67,67257.3
2026-08-07 15:50:00,172.67,172.99,172.47,172.79,15285.61
2026-08-07 15:55:00,172.79,172.88,172.6,172.83,116197.16
2026-08-07 16:00:00,172.83,173.15,172.72,172.97,57241.0
2026-08-07 16:05:00,172.97,173.32,172.96,173.22,15300.22
2026-08-07 16:10:00,173.22,173.27,172.88,173.17,19839.83
2026-08-07 16:15:00,173.17,173.25,172.94,173.15,2580.82
2026-08-07 16:20:00,173.15,173.4,173.02,173.25,8668.55
2026-08-07 16:25:00,173.25,173.41,173.16,173.32,12787.0
2026-08-07 16:30:00,173.32,173.62,173.22,173.56,18709.41
2026-08-07 16:35:00,173.56,173.67,173.53,173.66,45572.05
2026-08-07 16:40:00,173.66,173.84,173.56,173.6,7213.46
2026-08-07 16:45:00,173.6,173.74,173.43,173.72,328.66
2026-08-07 16:50:00,173.72,174.01,173.63,173.84,43088.73
2026-08-07 16:55:00,173.84,174.17,173.71,174.13,15808.89
2026-08-07 17:00:00,174.13,174.74,173.58,173.71,383459.8
2026-08-07 17:05:00,173.71,173.72,173.53,173.68,60189.96
2026-08-07 17:10:00,173.68,173.8,173.5,173.51,8255.09
2026-08-07 17:15:00,173.51,174.12,173.22,173.29,222066.65
2026-08-07 17:20:00,173.29,173.62,172.94,173.07,150480.31
2026-08-07 17:25:00,173.07,173.1,172.89,172.91,29307.67
2026-08-07 17:30:00,172.91,173.06,172.9,172.93,1902.75
2026-08-07 17:35:00,172.93,172.95,172.6,172.64,73670.54
2026-08-07 17:40:00,172.64,172.76,172.5,172.65,13024.73
2026-08-07 17:45:00,172.65,173.08,172.43,172.93,62218.37
2026-08-07 17:50:00,172.93,173.21,172.8,173.19,13002.86
2026-08-07 17:55:00,173.19,173.49,172.68,172.92,110913.59
2026-08-07 18:00:00,172.92,173.35,172.87,173.23,54033.65
2026-08-07 18:05:00,173.23,173.53,173.12,173.45,4287.21
2026-08-07 18:10:00,173.45,173.67,173.12,173.29,68145.91
2026-08-07 18:15:00,173.29,173.36,173.14,173.26,47170.83
2026-08-07 18:20:00,173.26,173.39,173.09,173.26,58440.91
2026-08-07 18:25:00,173.26,173.54,172.89,172.97,43522.63
2026-08-07 18:30:00,172.97,173.0,172.74,172.91,53144.85
2026-08-07 18:35:00,172.91,173.17,172.91,173.01,5432.75
2026-08-07 18:40:00,173.01,173.04,172.69,172.81,57528.07
2026-08-07 18:45:00,172.81,172.82,172.64,172.69,34608.37
2026-08-07 18:50:00,172.69,172.91,172.66,172.76,8253.94
2026-08-07 18:55:00,172.76,172.89,172.28,172.41,13759.67
2026-08-07 19:00:00,172.41,172.57,172.18,172.42,105125.21
2026-08-07 19:05:00,172.42,172.66,172.2,172.59,11000.21
2026-08-07 19:10:00,172.59,172.79,172.59,172.63,46411.21
2026-08-07 19:15:00,172.63,172.8,172.4,172.79,209572.96
2026-08-07 19:20:00,172.79,172.97,172.58,172.88,53693.09
2026-08-07 19:25:00,172.88,173.36,172.73,173.12,42704.24
2026-08-07 19:30:00,173.12,173.31,172.87,172.91,47729.39
2026-08-07 19:35:00,172.91,173.05,172.8,172.92,30801.03
2026-08-07 19:40:00,172.92,173.17,172.78,173.16,106054.92
2026-08-07 19:45:00,173.16,173.22,173.04,173.22,19377.19
2026-08-07 19:50:00,173.22,173.32,172.91,173.0,38250.71
2026-08-07 19:55:00,173.0,173.14,172.96,173.07,38436.16
2026-08-07 20:00:00,173.07,173.24,172.75,172.82,32226.58
2026-08-07 20:05:00,172.82,172.82,172.53,172.72,3363.28
2026-08-07 20:10:00,172.72,172.99,172.55,172.75,76797.72
2026-08-07 20:15:00,172.75,173.02,172.53,172.92,49237.87
2026-08-07 20:20:00,172.92,172.95,172.73,172.9,230545.0
2026-08-07 20:25:00,172.9,172.91,172.55,172.81,26960.63
2026-08-07 20:30:00,172.81,172.96,172.58,172.6,91962.87
2026-08-07 20:35:00,172.6,172.98,172.56,172.84,8122.06
2026-08-07 20:40:00,172.84,173.15,172.7,173.07,5929.2
2026-08-07 20:45:00,173.07,173.21,172.81,172.93,11271.86
2026-08-07 20:50:00,172.93,173.02,172.45,172.53,1327.46
2026-08-07 20:55:00,172.53,173.26,172.38,172.87,43607.35
2026-08-07 21:00:00,172.87,172.93,172.81,172.89,57924.94
2026-08-07 21:05:00,172.89,172.98,172.79,172.97,14507.64
2026-08-07 21:10:00,172.97,173.07,172.84,173.06,3463.1
2026-08-07 21:15:00,173.06,173.17,172.81,172.85,21142.4
2026-08-07 21:20:00,172.85,172.9,172.57,172.6,19495.46
2026-08-07 21:25:00,172.6,172.9,172.29,172.73,111861.41
2026-08-07 21:30:00,172.73,172.97,172.67,172.91,15811.48
2026-08-07 21:35:00,172.91,173.03,172.79,172.83,11357.25
2026-08-07 21:40:00,172.83,173.02,172.81,172.86,6519.45
2026-08-07 21:45:00,172.86,173.13,172.62,173.02,56321.59
2026-08-07 21:50:00,173.02,173.27,172.85,173.04,53594.02
2026-08-07 21:55:00,173.04,173.62,172.96,173.38,27907.55
2026-08-07 22:00:00,173.38,173.8,173.13,173.8,6008.45
2026-08-07 22:05:00,173.8,173.89,173.79,173.85,132355.53
2026-08-07 22:10:00,173.85,173.96,173.48,173.91,77694.26
2026-08-07 22:15:00,173.91,173.99,173.59,173.68,14155.71
2026-08-07 22:20:00,173.68,173.8,173.65,173.68,211513.81
2026-08-07 22:25:00,173.68,173.77,173.25,173.5,24124.84
2026-08-07 22:30:00,173.5,173.63,173.45,173.63,112979.77
2026-08-07 22:35:00,173.63,173.75,173.53,173.56,30632.94
2026-08-07 22:40:00,173.56,173.63,173.21,173.31,64519.03
2026-08-07 22:45:00,173.31,173.76,173.09,173.6,28397.42
2026-08-07 22:50:00,173.6,173.67,173.45,173.48,93905.87
2026-08-07 22:55:00,173.48,173.66,172.85,173.05,8412.92
2026-08-07 23:00:00,173.05,173.57,172.93,173.5,9948.32
2026-08-07 23:05:00,173.5,173.64,173.43,173.56,5460.81
2026-08-07 23:10:00,173.56,173.56,173.2,173.22,179454.86
2026-08-07 23:15:00,173.22,173.3,172.84,172.92,51637.51
2026-08-07 23:20:00,172.92,173.16,172.6,173.09,15547.05
2026-08-07 23:25:00,173.09,173.94,173.06,173.53,99898.42
2026-08-07 23:30:00,173.53,173.65,172.73,172.84,88598.37
2026-08-07 23:35:00,172.84,173.4,172.53,173.32,418148.06
2026-08-07 23:40:00,173.32,173.49,172.85,173.03,4131.38
2026-08-07 23:45:00,173.03,173.25,172.97,173.06,63613.03
2026-08-07 23:50:00,173.06,173.21,172.68,172.73,6814.46
2026-08-07 23:55:00,172.73,172.88,172.45,172.55,145534.03
2026-08-08 00:00:00,172.55,172.8,172.51,172.67,60125.94
2026-08-08 00:05:00,172.67,172.87,172.61,172.72,82433.81
2026-08-08 00:10:00,172.72,173.08,172.44,172.98,1550.6
2026-08-08 00:15:00,172.98,173.17,172.71,172.84,56102.7
2026-08-08 00:20:00,172.84,172.85,172.63,172.8,113293.49
2026-08-08 00:25:00,172.8,173.41,172.12,173.25,347533.53
2026-08-08 00:30:00,173.25,173.59,173.2,173.27,202012.53
2026-08-08 00:35:00,173.27,173.42,172.97,173.19,161868.3
2026-08-08 00:40:00,173.19,173.2,172.78,172.97,40250.97
2026-08-08 00:45:00,172.97,173.01,172.87,172.91,5434.59
2026-08-08 00:50:00,172.91,173.17,172.73,173.05,4330.37
2026-08-08 00:55:00,173.05,173.3,172.83,173.02,12547.37
2026-08-08 01:00:00,173.02,173.22,172.79,173.05,17537.37
2026-08-08 01:05:00,173.05,173.07,172.78,172.97,17789.7
2026-08-08 01:10:00,172.97,173.09,172.77,172.78,141052.35
2026-08-08 01:15:00,172.78,172.83,172.44,172.58,103838.25
2026-08-08 01:20:00,172.58,172.72,172.28,172.5,40236.44
2026-08-08 01:25:00,172.5,172.96,171.95,172.87,88755.67
2026-08-08 01:30:00,172.87,173.04,172.65,172.89,11621.96
2026-08-08 01:35:00,172.89,172.95,172.83,172.89,4235.92
2026-08-08 01:40:00,172.89,173.15,172.47,172.75,29273.42
2026-08-08 01:45:00,172.75,173.33,172.14,173.25,2242.37
2026-08-08 01:50:00,173.25,173.75,172.99,173.72,66512.21
2026-08-08 01:55:00,173.72,174.3,173.62,174.14,168049.92
2026-08-08 02:00:00,174.14,174.43,174.03,174.19,38856.13
2026-08-08 02:05:00,174.19,174.24,173.78,173.91,127092.03
2026-08-08 02:10:00,173.91,174.09,173.9,173.98,97296.3
2026-08-08 02:15:00,173.98,174.04,173.9,173.98,60294.15
2026-08-08 02:20:00,173.98,174.42,173.71,173.78,157208.26
2026-08-08 02:25:00,173.78,174.24,173.77,173.95,72674.66
2026-08-08 02:30:00,173.95,174.38,173.73,173.8,333499.0
2026-08-08 02:35:00,173.8,174.28,173.76,174.17,3427.98
2026-08-08 02:40:00,174.17,174.65,173.65,173.75,294741.42
2026-08-08 02:45:00,173.75,173.81,173.49,173.69,26989.06
2026-08-08 02:50:00,173.69,173.77,173.52,173.62,408559.59
2026-08-08 02:55:00,173.62,173.66,173.58,173.59,45476.19
2026-08-08 03:00:00,173.59,173.61,173.3,173.4,165789.71
2026-08-08 03:05:00,173.4,173.42,173.17,173.36,6373.68
2026-08-08 03:10:00,173.36,173.5,173.34,173.47,80482.8
2026-08-08 03:15:00,173.47,173.66,173.39,173.6,15719.9
2026-08-08 03:20:00,173.6,173.95,173.08,173.15,385562.61
2026-08-08 03:25:00,173.15,173.32,173.04,173.08,81362.57
2026-08-08 03:30:00,173.08,173.27,172.88,173.21,180988.71
2026-08-08 03:35:00,173.21,173.41,172.89,173.17,26950.36
2026-08-08 03:40:00,173.17,173.52,172.79,172.91,14472.31
2026-08-08 03:45:00,172.91,173.37,172.76,173.22,34629.58
2026-08-08 03:50:00,173.22,173.35,173.2,173.31,49592.05
2026-08-08 03:55:00,173.31,173.38,173.15,173.2,209024.06
2026-08-08 04:00:00,173.2,173.57,172.99,173.39,130174.86
2026-08-08 04:05:00,173.39,173.46,173.33,173.35,17869.03
2026-08-08 04:10:00,173.35,173.36,173.04,173.17,164420.08
2026-08-08 04:15:00,173.17,173.27,172.35,172.57,28430.88
2026-08-08 04:20:00,172.57,172.86,172.48,172.8,96024.25
2026-08-08 04:25:00,172.8,173.29,172.16,173.12,74106.77
2026-08-08 04:30:00,173.12,173.14,172.96,173.01,17049.86
2026-08-08 04:35:00,173.01,173.37,172.71,172.92,49415.5
2026-08-08 04:40:00,172.92,173.26,172.87,173.06,27071.29
2026-08-08 04:45:00,173.06,173.18,172.93,172.94,51905.64
2026-08-08 04:50:00,172.94,173.06,172.68,172.77,6376.94
2026-08-08 04:55:00,172.77,172.95,172.64,172.9,59603.19
2026-08-08 05:00:00,172.9,173.02,172.89,172.94,150.59
2026-08-08 05:05:00,172.94,173.41,172.77,173.29,159758.9
2026-08-08 05:10:00,173.29,173.42,173.01,173.16,81320.48
2026-08-08 05:15:00,173.16,173.45,173.1,173.44,17777.83
2026-08-08 05:20:00,173.44,173.47,173.4,173.41,61334.05
2026-08-08 05:25:00,173.41,173.86,173.28,173.75,69686.3
2026-08-08 05:30:00,173.75,173.84,173.65,173.67,56983.11
2026-08-08 05:35:00,173.67,173.82,173.51,173.51,34851.45
2026-08-08 05:40:00,173.51,173.59,173.24,173.27,15188.8
2026-08-08 05:45:00,173.27,173.62,173.24,173.54,288906.71
2026-08-08 05:50:00,173.54,173.63,173.41,173.56,36172.29
2026-08-08 05:55:00,173.56,173.73,173.24,173.36,74759.12
2026-08-08 06:00:00,173.36,173.43,172.84,173.18,42214.12
2026-08-08 06:05:00,173.18,173.45,172.95,173.1,115843.71
2026-08-08 06:10:00,173.1,173.47,172.96,173.23,9036.72
2026-08-08 06:15:00,173.23,173.34,172.8,172.88,111227.72
2026-08-08 06:20:00,172.88,173.3,172.83,173.23,62776.08
2026-08-08 06:25:00,173.23,173.35,173.07,173.28,34263.05
2026-08-08 06:30:00,173.28,173.44,173.14,173.28,55296.76
2026-08-08 06:35:00,173.28,173.43,172.64,172.89,13494.85
2026-08-08 06:40:00,172.89,173.57,172.8,173.52,19013.95
2026-08-08 06:45:00,173.52,173.69,173.5,173.68,40078.07
2026-08-08 06:50:00,173.68,173.91,173.53,173.81,104124.09
2026-08-08 06:55:00,173.81,173.94,173.39,173.56,19143.84
2026-08-08 07:00:00,173.56,173.71,173.54,173.69,9048.77
2026-08-08 07:05:00,173.69,173.98,173.61,173.93,5018.68
2026-08-08 07:10:00,173.93,174.1,173.9,174.03,110832.67
2026-08-08 07:15:00,174.03,174.2,173.88,173.9,18773.23
2026-08-08 07:20:00,173.9,174.05,173.46,173.77,12347.73
2026-08-08 07:25:00,173.77,173.79,173.3,173.48,63809.62
2026-08-08 07:30:00,173.48,173.72,173.42,173.6,34576.05
2026-08-08 07:35:00,173.6,173.66,173.15,173.3,2233.87
2026-08-08 07:40:00,173.3,173.69,173.21,173.59,19197.05
2026-08-08 07:45:00,173.59,173.81,173.47,173.76,6697.93
2026-08-08 07:50:00,173.76,173.89,173.53,173.88,169898.25
2026-08-08 07:55:00,173.88,174.25,173.88,174.18,82083.01
2026-08-08 08:00:00,174.18,174.21,173.68,173.69,34356.53
2026-08-08 08:05:00,173.69,173.7,173.18,173.21,5807.88
2026-08-08 08:10:00,173.21,173.55,173.13,173.48,12327.33
2026-08-08 08:15:00,173.48,173.56,172.99,173.09,46570.28
2026-08-08 08:20:00,173.09,173.26,172.82,172.89,119060.56
2026-08-08 08:25:00,172.89,173.39,172.12,173.25,324408.49
2026-08-08 08:30:00,173.25,173.31,173.18,173.23,2840.2
2026-08-08 08:35:00,173.23,173.25,173.11,173.23,13591.75
2026-08-08 08:40:00,173.23,173.35,172.94,173.08,54653.85
2026-08-08 08:45:00,173.08,173.18,172.87,172.91,86800.72
2026-08-08 08:50:00,172.91,173.37,172.64,173.26,25838.94
2026-08-08 08:55:00,173.26,173.34,173.01,173.03,2848.72
2026-08-08 09:00:00,173.03,173.33,172.76,173.23,41680.07
2026-08-08 09:05:00,173.23,173.39,173.16,173.3,176817.61
2026-08-08 09:10:00,173.3,173.45,173.28,173.38,233275.35
2026-08-08 09:15:00,173.38,173.6,173.29,173.58,14672.73
2026-08-08 09:20:00,173.58,173.77,172.86,172.98,19282.94
2026-08-08 09:25:00,172.98,173.3,172.78,173.28,22386.35
2026-08-08 09:30:00,173.28,173.62,173.11,173.52,11571.24
2026-08-08 09:35:00,173.52,173.53,173.39,173.46,20708.23
2026-08-08 09:40:00,173.46,173.46,173.06,173.28,30726.87
2026-08-08 09:45:00,173.28,173.86,173.27,173.66,9606.15
2026-08-08 09:50:00,173.66,174.12,173.55,173.97,23643.23
2026-08-08 09:55:00,173.97,174.01,173.77,173.86,18605.86
2026-08-08 10:00:00,173.86,173.94,173.84,173.89,355008.0
2026-08-08 10:05:00,173.89,174.18,173.73,174.01,25809.23
2026-08-08 10:10:00,174.01,174.18,173.61,173.94,31113.68
2026-08-08 10:15:00,173.94,174.53,173.66,173.78,30293.95
2026-08-08 10:20:00,173.78,174.25,173.68,174.18,161629.63
2026-08-08 10:25:00,174.18,174.47,173.66,173.81,290489.47
2026-08-08 10:30:00,173.81,173.97,173.68,173.75,41406.99
2026-08-08 10:35:00,173.75,173.83,173.65,173.65,62409.42
2026-08-08 10:40:00,173.65,173.83,173.54,173.71,18019.88
2026-08-08 10:45:00,173.71,173.74,173.28,173.48,987.94
2026-08-08 10:50:00,173.48,173.5,172.84,172.99,108814.58
2026-08-08 10:55:00,172.99,173.27,172.72,172.82,43050.28
2026-08-08 11:00:00,172.82,173.14,172.45,173.05,550474.97
2026-08-08 11:05:00,173.05,173.16,172.97,173.09,23822.6
2026-08-08 11:10:00,173.09,173.4,173.01,173.19,21846.28
2026-08-08 11:15:00,173.19,173.67,173.02,173.6,57416.8
2026-08-08 11:20:00,173.6,173.64,173.36,173.43,36253.06
2026-08-08 11:25:00,173.43,173.56,173.29,173.49,151836.88
2026-08-08 11:30:00,173.49,173.81,173.47,173.73,51659.64
2026-08-08 11:35:00,173.73,173.96,173.64,173.72,7475.7
2026-08-08 11:40:00,173.72,173.92,173.34,173.57,187375.84
2026-08-08 11:45:00,173.57,173.85,173.42,173.8,128085.65
2026-08-08 11:50:00,173.8,173.92,173.47,173.7,17524.97
2026-08-08 11:55:00,173.7,173.89,173.69,173.83,124230.59
2026-08-08 12:00:00,173.83,174.26,173.69,174.24,200233.51
2026-08-08 12:05:00,174.24,174.44,173.86,173.87,8041.21
2026-08-08 12:10:00,173.87,173.92,173.54,173.7,34529.27
2026-08-08 12:15:00,173.7,173.89,173.43,173.55,68274.02
2026-08-08 12:20:00,173.55,173.85,173.42,173.69,199409.12
2026-08-08 12:25:00,173.69,173.84,173.62,173.62,73141.8
2026-08-08 12:30:00,173.62,173.74,173.54,173.59,45755.08
2026-08-08 12:35:00,173.59,173.89,173.53,173.62,24682.31
2026-08-08 12:40:00,173.62,173.84,173.58,173.73,15380.14
2026-08-08 12:45:00,173.73,173.78,173.52,173.7,98964.94
2026-08-08 12:50:00,173.7,173.82,173.41,173.48,57284.01
2026-08-08 12:55:00,173.48,173.5,173.44,173.46,131169.18
2026-08-08 13:00:00,173.46,173.47,173.29,173.46,167264.16
2026-08-08 13:05:00,173.46,173.68,173.32,173.65,29432.39
2026-08-08 13:10:00,173.65,173.86,173.4,173.43,8745.62
2026-08-08 13:15:00,173.43,173.54,173.17,173.2,117568.59
2026-08-08 13:20:00,173.2,173.59,173.05,173.3,57007.32
2026-08-08 13:25:00,173.3,173.43,172.87,173.12,299264.18
2026-08-08 13:30:00,173.12,173.47,172.73,173.3,84286.05
2026-08-08 13:35:00,173.3,173.35,173.19,173.24,61724.2
2026-08-08 13:40:00,173.24,173.28,172.96,173.03,62913.45
2026-08-08 13:45:00,173.03,173.45,172.77,173.35,99703.61
2026-08-08 13:50:00,173.35,173.35,173.25,173.32,34304.18
2026-08-08 13:55:00,173.32,173.33,173.23,173.25,39507.76
2026-08-08 14:00:00,173.25,173.44,172.97,173.18,48637.32
2026-08-08 14:05:00,173.18,173.24,173.14,173.15,55570.11
2026-08-08 14:10:00,173.15,173.34,173.04,173.22,79202.41
2026-08-08 14:15:00,173.22,173.27,172.78,172.79,137042.65
2026-08-08 14:20:00,172.79,173.22,172.24,173.17,110071.87
2026-08-08 14:25:00,173.17,173.56,173.06,173.54,11017.59
2026-08-08 14:30:00,173.54,173.58,173.38,173.42,40507.41
2026-08-08 14:35:00,173.42,173.43,173.22,173.26,224549.06
2026-08-08 14:40:00,173.26,173.59,173.15,173.53,7970.48
2026-08-08 14:45:00,173.53,173.55,173.43,173.48,77437.93
2026-08-08 14:50:00,173.48,173.61,173.41,173.53,114261.34
2026-08-08 14:55:00,173.53,173.59,173.37,173.37,5605.1
2026-08-08 15:00:00,173.37,173.87,173.21,173.75,97023.47
2026-08-08 15:05:00,173.75,173.89,173.69,173.76,49478.0
2026-08-08 15:10:00,173.76,173.8,173.6,173.68,68234.59
2026-08-08 15:15:00,173.68,173.82,173.64,173.76,147490.56
2026-08-08 15:20:00,173.76,173.77,173.68,173.72,26521.33
2026-08-08 15:25:00,173.72,173.8,173.68,173.71,47990.69
2026-08-08 15:30:00,173.71,173.76,173.2,173.28,5829.02
2026-08-08 15:35:00,173.28,173.45,173.11,173.24,20612.19
2026-08-08 15:40:00,173.24,173.53,173.24,173.53,8043.12
2026-08-08 15:45:00,173.53,173.67,173.25,173.3,44457.56
2026-08-08 15:50:00,173.3,173.32,173.26,173.26,79324.35
2026-08-08 15:55:00,173.26,173.3,172.9,173.04,78498.76
2026-08-08 16:00:00,173.04,173.5,172.76,173.38,43989.47
2026-08-08 16:05:00,173.38,173.54,173.3,173.52,13326.82
2026-08-08 16:10:00,173.52,173.76,173.52,173.67,70359.21
2026-08-08 16:15:00,173.67,173.83,173.42,173.44,16606.99
2026-08-08 16:20:00,173.44,173.59,173.21,173.38,8230.56
2026-08-08 16:25:00,173.38,173.57,173.01,173.09,787.89
2026-08-08 16:30:00,173.09,173.45,172.74,173.32,84556.42
2026-08-08 16:35:00,173.32,173.46,173.0,173.1,128670.76
2026-08-08 16:40:00,173.1,173.56,172.59,173.47,34829.07
2026-08-08 16:45:00,173.47,173.55,173.38,173.5,32867.79
2026-08-08 16:50:00,173.5,173.73,173.35,173.67,28818.48
2026-08-08 16:55:00,173.67,174.09,173.57,173.94,45377.49
2026-08-08 17:00:00,173.94,174.07,173.91,174.06,37121.98
2026-08-08 17:05:00,174.06,174.36,174.0,174.1,31588.47
2026-08-08 17:10:00,174.1,174.15,173.62,173.72,103178.37
2026-08-08 17:15:00,173.72,173.88,173.38,173.68,188905.78
2026-08-08 17:20:00,173.68,174.18,173.68,174.08,18201.98
2026-08-08 17:25:00,174.08,174.17,174.02,174.08,10900.61
2026-08-08 17:30:00,174.08,174.12,174.04,174.05,144887.04
2026-08-08 17:35:00,174.05,174.61,173.65,173.8,98227.45
2026-08-08 17:40:00,173.8,173.95,173.42,173.58,20081.38
2026-08-08 17:45:00,173.58,173.65,173.48,173.53,52026.56
2026-08-08 17:50:00,173.53,173.67,173.35,173.38,60129.61
2026-08-08 17:55:00,173.38,173.58,172.88,173.1,14683.79
2026-08-08 18:00:00,173.1,173.3,172.95,173.24,146473.02
2026-08-08 18:05:00,173.24,173.65,173.04,173.61,6346.5
2026-08-08 18:10:00,173.61,173.76,173.45,173.67,127667.93
2026-08-08 18:15:00,173.67,173.74,173.63,173.66,7477.01
2026-08-08 18:20:00,173.66,173.96,173.55,173.83,53827.94
2026-08-08 18:25:00,173.83,174.02,173.63,173.86,58296.85
2026-08-08 18:30:00,173.86,173.97,173.71,173.83,8182.44
2026-08-08 18:35:00,173.83,173.95,173.56,173.58,12899.75
2026-08-08 18:40:00,173.58,173.58,173.47,173.52,18587.14
2026-08-08 18:45:00,173.52,173.66,173.43,173.56,117585.75
2026-08-08 18:50:00,173.56,173.61,173.25,173.43,130798.12
2026-08-08 18:55:00,173.43,173.61,173.14,173.52,36167.14
2026-08-08 19:00:00,173.52,173.57,173.34,173.5,36395.17
2026-08-08 19:05:00,173.5,173.7,173.43,173.66,9898.63
2026-08-08 19:10:00,173.66,173.89,173.6,173.71,32241.41
2026-08-08 19:15:00,173.71,173.87,173.43,173.61,55551.99
2026-08-08 19:20:00,173.61,173.82,173.58,173.74,71860.7
2026-08-08 19:25:00,173.74,173.95,173.1,173.16,210902.6
2026-08-08 19:30:00,173.16,173.17,172.82,172.82,7934.58
2026-08-08 19:35:00,172.82,173.34,172.44,173.2,150469.33
2026-08-08 19:40:00,173.2,173.59,173.05,173.39,112341.23
2026-08-08 19:45:00,173.39,173.44,173.01,173.15,127070.5
2026-08-08 19:50:00,173.15,173.27,173.14,173.18,51189.74
2026-08-08 19:55:00,173.18,173.49,173.06,173.45,20679.19
2026-08-08 20:00:00,173.45,173.6,173.24,173.39,4783.96
2026-08-08 20:05:00,173.39,173.49,173.07,173.22,182105.56
2026-08-08 20:10:00,173.22,173.41,173.01,173.16,35851.46
2026-08-08 20:15:00,173.16,173.76,172.53,173.65,75374.58
2026-08-08 20:20:00,173.65,173.66,173.4,173.45,51909.2
2026-08-08 20:25:00,173.45,173.6,173.22,173.23,46961.39
2026-08-08 20:30:00,173.23,173.3,173.0,173.25,29840.0
2026-08-08 20:35:00,173.25,173.93,173.25,173.75,17640.34
2026-08-08 20:40:00,173.75,173.76,173.54,173.67,19404.03
2026-08-08 20:45:00,173.67,173.73,173.51,173.54,53347.52
2026-08-08 20:50:00,173.54,173.55,172.9,173.01,81785.91
2026-08-08 20:55:00,173.01,173.27,172.92,173.22,37.7
2026-08-08 21:00:00,173.22,173.29,173.01,173.27,75498.66
2026-08-08 21:05:00,173.27,173.44,173.08,173.42,84662.85
2026-08-08 21:10:00,173.42,173.47,173.31,173.42,9858.79
2026-08-08 21:15:00,173.42,173.48,173.24,173.27,124192.85
2026-08-08 21:20:00,173.27,173.29,173.23,173.24,134755.58
2026-08-08 21:25:00,173.24,173.56,173.13,173.52,11002.73
2026-08-08 21:30:00,173.52,173.54,172.89,172.92,57795.36
2026-08-08 21:35:00,172.92,172.93,172.84,172.89,78245.11
2026-08-08 21:40:00,172.89,172.91,172.82,172.9,1781.5
2026-08-08 21:45:00,172.9,173.1,172.27,172.34,20744.11
2026-08-08 21:50:00,172.34,172.42,172.13,172.18,60717.11
2026-08-08 21:55:00,172.18,172.68,171.6,172.58,483834.3
2026-08-08 22:00:00,172.58,172.63,172.24,172.38,17224.82
2026-08-08 22:05:00,172.38,172.94,171.93,172.78,554760.91
2026-08-08 22:10:00,172.78,172.87,172.51,172.64,96224.97
2026-08-08 22:15:00,172.64,172.68,172.64,172.64,246593.06
2026-08-08 22:20:00,172.64,173.18,172.11,173.1,129269.64
2026-08-08 22:25:00,173.1,173.23,172.72,172.88,11921.28
2026-08-08 22:30:00,172.88,173.35,172.54,173.27,44666.73
2026-08-08 22:35:00,173.27,173.5,173.16,173.18,59285.91
2026-08-08 22:40:00,173.18,173.72,173.03,173.71,76988.2
2026-08-08 22:45:00,173.71,173.9,173.44,173.54,60858.75
2026-08-08 22:50:00,173.54,173.74,173.51,173.6,186420.5
2026-08-08 22:55:00,173.6,173.6,173.28,173.6,5409.69
2026-08-08 23:00:00,173.6,173.89,173.54,173.87,4126.86
2026-08-08 23:05:00,173.87,174.21,173.51,173.66,201805.23
2026-08-08 23:10:00,173.66,174.11,173.52,173.9,34729.33
2026-08-08 23:15:00,173.9,174.19,173.59,173.67,107236.59
2026-08-08 23:20:00,173.67,173.76,173.23,173.38,193689.25
2026-08-08 23:25:00,173.38,173.4,173.14,173.27,32250.57
2026-08-08 23:30:00,173.27,173.37,173.14,173.29,68101.7
2026-08-08 23:35:00,173.29,173.41,173.26,173.29,31998.42
2026-08-08 23:40:00,173.29,173.54,173.18,173.38,48248.55
2026-08-08 23:45:00,173.38,173.69,173.36,173.36,90871.61
2026-08-08 23:50:00,173.36,173.46,173.05,173.17,16969.7
2026-08-08 23:55:00,173.17,173.5,173.15,173.43,24344.89
2026-08-09 00:00:00,173.43,173.51,173.26,173.31,49397.96
2026-08-09 00:05:00,173.31,173.47,173.2,173.26,5377.67
2026-08-09 00:10:00,173.26,173.38,173.15,173.26,17233.12
2026-08-09 00:15:00,173.26,173.33,172.99,173.13,4828.88
2026-08-09 00:20:00,173.13,173.23,173.04,173.13,2568.67
2026-08-09 00:25:00,173.13,173.43,173.08,173.33,26798.09
2026-08-09 00:30:00,173.33,173.38,173.32,173.37,37703.95
2026-08-09 00:35:00,173.37,173.38,173.15,173.18,23710.81
2026-08-09 00:40:00,173.18,173.39,172.82,172.87,97451.73
2026-08-09 00:45:00,172.87,172.89,172.77,172.87,134265.69
2026-08-09 00:50:00,172.87,173.04,172.77,172.99,20514.68
2026-08-09 00:55:00,172.99,173.14,172.78,172.86,543.68
2026-08-09 01:00:00,172.86,173.0,172.74,172.9,34685.41
2026-08-09 01:05:00,172.9,173.06,172.65,172.81,50460.37
2026-08-09 01:10:00,172.81,173.59,172.69,173.29,72031.77
2026-08-09 01:15:00,173.29,173.67,173.12,173.49,4673.58
2026-08-09 01:20:00,173.49,173.59,173.39,173.45,110234.63
2026-08-09 01:25:00,173.45,173.52,173.42,173.44,10502.93
2026-08-09 01:30:00,173.44,173.56,173.19,173.22,81246.71
2026-08-09 01:35:00,173.22,173.62,173.2,173.55,124831.39
2026-08-09 01:40:00,173.55,173.76,173.5,173.57,9174.85
2026-08-09 01:45:00,173.57,173.73,173.36,173.61,11661.81
2026-08-09 01:50:00,173.61,173.72,173.21,173.27,13159.63
2026-08-09 01:55:00,173.27,173.35,173.23,173.28,156813.54
2026-08-09 02:00:00,173.28,173.67,173.24,173.63,61.56
2026-08-09 02:05:00,173.63,173.96,173.11,173.17,108710.63
2026-08-09 02:10:00,173.17,173.31,173.17,173.24,39357.8
2026-08-09 02:15:00,173.24,173.37,172.97,173.34,56390.9
2026-08-09 02:20:00,173.34,173.43,173.21,173.43,7047.77
2026-08-09 02:25:00,173.43,173.68,173.37,173.44,49007.46
2026-08-09 02:30:00,173.44,173.62,173.34,173.44,14880.45
2026-08-09 02:35:00,173.44,173.5,173.39,173.48,65304.8
2026-08-09 02:40:00,173.48,173.74,173.01,173.06,12129.53
2026-08-09 02:45:00,173.06,173.3,172.82,173.25,19823.96
2026-08-09 02:50:00,173.25,173.62,173.21,173.61,3480.15
2026-08-09 02:55:00,173.61,173.62,173.3,173.39,10312.05
2026-08-09 03:00:00,173.39,173.41,173.16,173.34,53959.23
2026-08-09 03:05:00,173.34,173.71,173.22,173.57,21816.21
2026-08-09 03:10:00,173.57,174.24,173.19,173.33,797203.89
2026-08-09 03:15:00,173.33,173.51,173.04,173.42,60156.82
2026-08-09 03:20:00,173.42,174.19,173.35,174.07,67333.23
2026-08-09 03:25:00,174.07,174.13,173.84,173.88,12255.82
2026-08-09 03:30:00,173.88,174.35,173.54,173.67,47845.38
2026-08-09 03:35:00,173.67,173.67,173.27,173.29,34571.56
2026-08-09 03:40:00,173.29,173.52,173.03,173.16,45527.86
2026-08-09 03:45:00,173.16,173.24,173.11,173.23,137.81
2026-08-09 03:50:00,173.23,173.68,173.05,173.54,105028.26
2026-08-09 03:55:00,173.54,173.69,173.38,173.46,13350.15
2026-08-09 04:00:00,173.46,173.98,173.37,173.71,13111.99
2026-08-09 04:05:00,173.71,173.82,173.31,173.38,32283.85
2026-08-09 04:10:00,173.38,173.49,173.16,173.29,3821.7
2026-08-09 04:15:00,173.29,173.75,173.11,173.49,3136.86
2026-08-09 04:20:00,173.49,173.61,173.12,173.26,62176.73
2026-08-09 04:25:00,173.26,173.58,172.42,172.78,44611.56
2026-08-09 04:30:00,172.78,172.97,172.68,172.91,48687.14
2026-08-09 04:35:00,172.91,173.25,172.84,172.93,21616.83
2026-08-09 04:40:00,172.93,173.26,172.59,173.18,39026.63
2026-08-09 04:45:00,173.18,173.41,172.98,173.32,169778.83
2026-08-09 04:50:00,173.32,173.43,173.07,173.23,120416.39
2026-08-09 04:55:00,173.23,173.53,173.21,173.37,58073.08
2026-08-09 05:00:00,173.37,173.44,172.78,172.94,13909.67
2026-08-09 05:05:00,172.94,173.46,172.64,173.09,73899.63
2026-08-09 05:10:00,173.09,173.48,172.77,173.38,253437.74
2026-08-09 05:15:00,173.38,173.44,173.3,173.32,71657.32
2026-08-09 05:20:00,173.32,173.53,173.22,173.43,32816.21
2026-08-09 05:25:00,173.43,173.57,173.28,173.34,31108.49
2026-08-09 05:30:00,173.34,173.87,173.27,173.6,31818.42
2026-08-09 05:35:00,173.6,174.09,173.6,173.81,562.37
2026-08-09 05:40:00,173.81,174.07,173.46,173.62,59717.87
2026-08-09 05:45:00,173.62,173.73,173.36,173.38,45774.99
2026-08-09 05:50:00,173.38,173.55,173.36,173.43,71418.71
2026-08-09 05:55:00,173.43,173.43,173.03,173.08,157165.96
2026-08-09 06:00:00,173.08,173.27,173.05,173.13,159874.05
2026-08-09 06:05:00,173.13,173.25,172.92,173.02,117545.43
2026-08-09 06:10:00,173.02,173.33,172.26,173.25,129430.65
2026-08-09 06:15:00,173.25,173.65,173.16,173.49,11295.09
2026-08-09 06:20:00,173.49,173.86,173.46,173.54,291858.49
2026-08-09 06:25:00,173.54,173.55,173.2,173.46,19686.14
2026-08-09 06:30:00,173.46,173.86,173.35,173.67,15542.45
2026-08-09 06:35:00,173.67,174.01,173.42,173.54,10330.17
2026-08-09 06:40:00,173.54,173.67,173.54,173.57,149748.96
2026-08-09 06:45:00,173.57,173.58,173.54,173.56,38502.15
2026-08-09 06:50:00,173.56,173.77,173.34,173.6,28492.28
2026-08-09 06:55:00,173.6,173.75,173.59,173.6,11609.19
2026-08-09 07:00:00,173.6,173.79,173.53,173.56,14682.78
2026-08-09 07:05:00,173.56,173.66,173.45,173.49,51386.38
2026-08-09 07:10:00,173.49,173.64,173.43,173.47,11887.54
2026-08-09 07:15:00,173.47,173.78,173.44,173.67,20520.3
2026-08-09 07:20:00,173.67,173.89,173.54,173.86,22872.86
2026-08-09 07:25:00,173.86,174.37,173.44,173.58,22644.7
2026-08-09 07:30:00,173.58,173.74,173.44,173.69,1034.2
2026-08-09 07:35:00,173.69,173.99,173.3,173.37,172391.61
2026-08-09 07:40:00,173.37,173.47,173.11,173.21,166095.08
2026-08-09 07:45:00,173.21,173.24,172.96,173.21,19399.23
2026-08-09 07:50:00,173.21,173.35,173.06,173.24,14554.25
2026-08-09 07:55:00,173.24,173.29,173.12,173.15,4532.07
2026-08-09 08:00:00,173.15,173.54,173.04,173.33,65936.34
2026-08-09 08:05:00,173.33,173.72,173.32,173.68,25464.41
2026-08-09 08:10:00,173.68,173.99,173.25,173.42,851876.02
2026-08-09 08:15:00,173.42,173.47,173.0,173.03,137900.07
2026-08-09 08:20:00,173.03,173.08,172.8,172.84,76918.16
2026-08-09 08:25:00,172.84,172.89,172.47,172.5,2951.28
2026-08-09 08:30:00,172.5,172.84,172.4,172.73,85521.79
2026-08-09 08:35:00,172.73,172.97,172.46,172.5,2685.68
2026-08-09 08:40:00,172.5,172.87,172.43,172.72,71180.31
2026-08-09 08:45:00,172.72,173.24,172.37,173.14,134724.51
2026-08-09 08:50:00,173.14,173.3,173.03,173.2,172139.24
2026-08-09 08:55:00,173.2,173.22,172.96,173.07,10353.19
2026-08-09 09:00:00,173.07,173.64,172.8,173.52,39707.41
2026-08-09 09:05:00,173.52,174.11,173.07,173.22,891.37
2026-08-09 09:10:00,173.22,173.23,172.9,173.12,194327.59
2026-08-09 09:15:00,173.12,173.65,172.46,173.56,160180.26
2026-08-09 09:20:00,173.56,174.05,173.17,173.29,112122.85
2026-08-09 09:25:00,173.29,173.38,173.18,173.37,17986.98
2026-08-09 09:30:00,173.37,173.55,173.23,173.26,35291.43
2026-08-09 09:35:00,173.26,173.48,173.12,173.36,20560.0
2026-08-09 09:40:00,173.36,173.55,173.3,173.4,17097.92
2026-08-09 09:45:00,173.4,173.53,173.24,173.46,63923.67
2026-08-09 09:50:00,173.46,173.55,173.44,173.53,38547.05
2026-08-09 09:55:00,173.53,173.53,173.52,173.52,178691.6
2026-08-09 10:00:00,173.52,173.83,172.97,173.1,297205.61
2026-08-09 10:05:00,173.1,173.22,172.84,173.02,66113.34
2026-08-09 10:10:00,173.02,173.39,172.74,173.29,74373.88
2026-08-09 10:15:00,173.29,173.36,172.99,173.02,52353.01
2026-08-09 10:20:00,173.02,173.5,172.24,173.4,9301.42
2026-08-09 10:25:00,173.4,173.65,173.31,173.58,180620.66
2026-08-09 10:30:00,173.58,173.67,173.2,173.28,63992.56
2026-08-09 10:35:00,173.28,173.59,173.27,173.58,25546.23
2026-08-09 10:40:00,173.58,173.65,173.31,173.39,188412.67
2026-08-09 10:45:00,173.39,173.91,173.36,173.77,2395.76
2026-08-09 10:50:00,173.77,174.16,173.31,173.44,59571.32
2026-08-09 10:55:00,173.44,173.5,173.0,173.11,169605.61
2026-08-09 11:00:00,173.11,173.39,172.93,173.22,17577.25
2026-08-09 11:05:00,173.22,173.29,172.99,173.12,123.83
2026-08-09 11:10:00,173.12,173.55,173.02,173.18,56213.31
2026-08-09 11:15:00,173.18,173.49,173.05,173.48,25002.13
2026-08-09 11:20:00,173.48,173.96,173.45,173.95,227689.63
2026-08-09 11:25:00,173.95,174.18,173.91,174.14,40479.36
2026-08-09 11:30:00,174.14,174.18,173.92,174.06,8011.62
2026-08-09 11:35:00,174.06,174.21,173.81,174.13,13703.41
2026-08-09 11:40:00,174.13,174.33,173.87,173.95,13015.88
2026-08-09 11:45:00,173.95,174.14,173.93,174.08,79814.81
2026-08-09 11:50:00,174.08,174.41,174.07,174.33,34691.42
2026-08-09 11:55:00,174.33,174.34,173.97,174.06,10354.79
2026-08-09 12:00:00,174.06,174.48,173.67,173.78,197954.81
2026-08-09 12:05:00,173.78,174.15,173.69,173.85,21763.03
2026-08-09 12:10:00,173.85,173.89,173.65,173.76,48854.06
2026-08-09 12:15:00,173.76,173.99,173.6,173.93,74983.97
2026-08-09 12:20:00,173.93,174.07,173.73,173.79,24686.27
2026-08-09 12:25:00,173.79,173.81,173.04,173.36,82101.44
2026-08-09 12:30:00,173.36,173.38,173.02,173.18,17217.19
2026-08-09 12:35:00,173.18,173.29,173.09,173.27,15137.85
2026-08-09 12:40:00,173.27,173.55,173.26,173.35,69502.07
2026-08-09 12:45:00,173.35,173.72,173.31,173.48,2947.08
2026-08-09 12:50:00,173.48,173.92,173.37,173.66,20878.57
2026-08-09 12:55:00,173.66,174.37,173.48,174.02,11233.69
2026-08-09 13:00:00,174.02,174.52,173.6,173.75,253693.06
2026-08-09 13:05:00,173.75,173.79,173.59,173.72,190835.56
2026-08-09 13:10:00,173.72,174.04,173.49,173.81,34108.05
2026-08-09 13:15:00,173.81,174.08,173.62,174.02,32047.61
2026-08-09 13:20:00,174.02,174.13,173.9,174.01,106583.33
2026-08-09 13:25:00,174.01,174.38,174.0,174.35,33459.58
2026-08-09 13:30:00,174.35,174.92,173.86,174.01,202029.47
2026-08-09 13:35:00,174.01,174.61,173.41,173.51,21110.69
2026-08-09 13:40:00,173.51,173.85,173.5,173.67,66742.96
2026-08-09 13:45:00,173.67,174.06,173.5,173.94,41039.01
2026-08-09 13:50:00,173.94,174.64,173.64,173.75,298871.41
2026-08-09 13:55:00,173.75,173.84,173.45,173.54,20419.28
2026-08-09 14:00:00,173.54,173.62,173.37,173.42,147115.11
2026-08-09 14:05:00,173.42,173.48,173.33,173.35,32170.69
2026-08-09 14:10:00,173.35,173.67,173.16,173.58,113408.51
2026-08-09 14:15:00,173.58,173.72,173.4,173.65,4474.77
2026-08-09 14:20:00,173.65,174.07,173.48,174.0,104634.88
2026-08-09 14:25:00,174.0,174.8,173.98,174.53,27838.37
2026-08-09 14:30:00,174.53,174.56,174.41,174.47,57197.76
2026-08-09 14:35:00,174.47,174.56,174.4,174.44,18021.95
2026-08-09 14:40:00,174.44,174.55,174.32,174.44,24690.95
2026-08-09 14:45:00,174.44,174.95,174.38,174.83,5663.92
2026-08-09 14:50:00,174.83,175.03,174.56,174.57,106686.24
2026-08-09 14:55:00,174.57,174.66,174.43,174.49,13930.24
2026-08-09 15:00:00,174.49,174.58,174.22,174.25,205651.17
2026-08-09 15:05:00,174.25,174.56,174.02,174.09,363705.64
2026-08-09 15:10:00,174.09,174.34,173.97,174.18,23579.42
2026-08-09 15:15:00,174.18,174.26,174.02,174.24,21173.17
2026-08-09 15:20:00,174.24,174.66,173.81,173.95,47224.87
2026-08-09 15:25:00,173.95,174.17,173.83,173.83,226459.08
2026-08-09 15:30:00,173.83,173.95,173.52,173.62,16572.51
2026-08-09 15:35:00,173.62,173.69,173.53,173.63,79587.75
2026-08-09 15:40:00,173.63,173.87,173.41,173.42,95840.28
2026-08-09 15:45:00,173.42,173.52,173.33,173.34,2697.63
2026-08-09 15:50:00,173.34,173.6,173.18,173.52,64258.43
2026-08-09 15:55:00,173.52,173.9,173.39,173.79,69535.36
2026-08-09 16:00:00,173.79,173.81,173.45,173.61,29231.88
2026-08-09 16:05:00,173.61,173.68,173.17,173.2,24293.16
2026-08-09 16:10:00,173.2,173.44,172.97,173.44,30286.98
2026-08-09 16:15:00,173.44,173.46,173.15,173.19,289456.96
2026-08-09 16:20:00,173.19,173.22,172.95,173.04,8678.27
2026-08-09 16:25:00,173.04,173.28,172.76,172.85,65790.67
2026-08-09 16:30:00,172.85,173.47,172.47,173.36,342153.44
2026-08-09 16:35:00,173.36,173.99,172.89,173.87,40799.21
2026-08-09 16:40:00,173.87,173.98,173.59,173.6,211062.05
2026-08-09 16:45:00,173.6,173.66,173.33,173.43,11768.04
2026-08-09 16:50:00,173.43,173.85,173.0,173.75,7919.22
2026-08-09 16:55:00,173.75,173.97,173.59,173.63,53119.29
2026-08-09 17:00:00,173.63,173.98,173.63,173.95,69058.99
2026-08-09 17:05:00,173.95,174.23,173.77,174.2,34027.57
2026-08-09 17:10:00,174.2,174.26,174.04,174.25,99160.35
2026-08-09 17:15:00,174.25,174.31,174.09,174.14,50517.44
2026-08-09 17:20:00,174.14,174.54,174.08,174.5,9321.09
2026-08-09 17:25:00,174.5,174.66,174.47,174.53,6238.97
2026-08-09 17:30:00,174.53,175.24,174.19,174.25,45175.28
2026-08-09 17:35:00,174.25,174.4,174.19,174.33,176703.11
2026-08-09 17:40:00,174.33,174.41,174.14,174.34,29119.6
2026-08-09 17:45:00,174.34,174.47,174.16,174.4,90261.23
2026-08-09 17:50:00,174.4,174.66,174.27,174.48,68281.78
2026-08-09 17:55:00,174.48,175.16,174.12,174.23,80023.28
2026-08-09 18:00:00,174.23,174.28,174.14,174.22,101310.9
2026-08-09 18:05:00,174.22,174.35,173.74,173.84,180934.62
2026-08-09 18:10:00,173.84,173.97,173.47,173.72,64291.25
2026-08-09 18:15:00,173.72,173.97,173.5,173.8,45373.95
2026-08-09 18:20:00,173.8,173.88,173.78,173.78,77801.71
2026-08-09 18:25:00,173.78,173.95,173.6,173.71,23885.68
2026-08-09 18:30:00,173.71,174.02,173.55,173.86,125400.07
2026-08-09 18:35:00,173.86,173.94,173.58,173.59,94585.88
2026-08-09 18:40:00,173.59,173.97,173.53,173.88,18381.93
2026-08-09 18:45:00,173.88,173.93,173.72,173.81,17561.93
2026-08-09 18:50:00,173.81,174.08,173.79,174.03,3880.49
2026-08-09 18:55:00,174.03,174.09,173.86,173.98,74656.97
2026-08-09 19:00:00,173.98,174.04,173.92,173.94,49633.72
2026-08-09 19:05:00,173.94,174.19,173.9,173.99,11960.01
2026-08-09 19:10:00,173.99,174.04,173.95,174.01,11702.41
2026-08-09 19:15:00,174.01,174.28,173.91,174.13,94367.74
2026-08-09 19:20:00,174.13,174.51,173.91,174.49,40612.94
2026-08-09 19:25:00,174.49,174.9,173.98,174.11,28882.48
2026-08-09 19:30:00,174.11,174.57,174.09,174.36,15579.07
2026-08-09 19:35:00,174.36,174.59,173.94,174.0,63819.16
2026-08-09 19:40:00,174.0,174.37,173.81,174.29,41628.41
2026-08-09 19:45:00,174.29,174.75,174.18,174.35,83564.93
2026-08-09 19:50:00,174.35,174.47,174.29,174.39,146078.71
2026-08-09 19:55:00,174.39,174.62,174.36,174.55,4957.28
2026-08-09 20:00:00,174.55,174.61,173.94,174.13,9166.97
2026-08-09 20:05:00,174.13,174.32,174.12,174.24,56705.43
2026-08-09 20:10:00,174.24,174.87,174.11,174.74,11616.52
2026-08-09 20:15:00,174.74,174.82,174.29,174.39,108798.86
2026-08-09 20:20:00,174.39,174.51,174.13,174.22,29721.52
2026-08-09 20:25:00,174.22,174.32,174.14,174.27,94460.43
2026-08-09 20:30:00,174.27,174.56,174.18,174.36,30721.59
2026-08-09 20:35:00,174.36,174.53,174.05,174.11,11771.33
2026-08-09 20:40:00,174.11,174.27,173.86,173.97,120988.32
2026-08-09 20:45:00,173.97,174.23,173.73,173.8,44291.14
2026-08-09 20:50:00,173.8,173.92,173.69,173.76,90101.21
2026-08-09 20:55:00,173.76,173.83,173.58,173.59,21183.11
2026-08-09 21:00:00,173.59,173.61,173.35,173.42,175766.15
2026-08-09 21:05:00,173.42,173.63,173.1,173.24,12116.35
2026-08-09 21:10:00,173.24,173.43,173.16,173.38,81544.72
2026-08-09 21:15:00,173.38,173.55,173.23,173.55,5340.23
2026-08-09 21:20:00,173.55,173.76,173.31,173.62,7938.18
2026-08-09 21:25:00,173.62,173.66,173.13,173.18,10348.76
2026-08-09 21:30:00,173.18,173.38,173.01,173.19,22218.73
2026-08-09 21:35:00,173.19,173.44,173.18,173.41,62355.63
2026-08-09 21:40:00,173.41,173.5,173.16,173.19,50663.89
2026-08-09 21:45:00,173.19,173.39,173.14,173.27,18391.99
2026-08-09 21:50:00,173.27,173.5,173.26,173.39,85674.85
2026-08-09 21:55:00,173.39,173.46,173.12,173.33,30499.44
2026-08-09 22:00:00,173.33,173.72,173.19,173.7,11447.34
2026-08-09 22:05:00,173.7,173.78,173.52,173.65,134256.19
2026-08-09 22:10:00,173.65,173.78,173.33,173.42,22845.51
2026-08-09 22:15:00,173.42,173.93,173.29,173.9,1851.71
2026-08-09 22:20:00,173.9,174.1,173.83,173.97,5939.47
2026-08-09 22:25:00,173.97,174.22,173.94,174.1,30992.36
2026-08-09 22:30:00,174.1,174.22,173.86,173.89,105747.64
2026-08-09 22:35:00,173.89,174.04,173.81,173.92,81649.26
2026-08-09 22:40:00,173.92,174.06,173.69,173.85,6063.67
2026-08-09 22:45:00,173.85,174.07,173.83,173.96,17532.51
2026-08-09 22:50:00,173.96,174.19,173.86,173.93,51589.31
2026-08-09 22:55:00,173.93,174.31,173.93,174.27,16844.32
2026-08-09 23:00:00,174.27,174.61,173.66,173.81,865.72
2026-08-09 23:05:00,173.81,174.29,173.75,174.14,17733.63
2026-08-09 23:10:00,174.14,174.62,173.9,174.51,110218.93
2026-08-09 23:15:00,174.51,174.66,174.27,174.41,42927.28
2026-08-09 23:20:00,174.41,174.61,174.27,174.34,25594.62
2026-08-09 23:25:00,174.34,174.83,174.29,174.66,14918.26
2026-08-09 23:30:00,174.66,174.87,174.53,174.78,46956.32
2026-08-09 23:35:00,174.78,175.11,174.34,174.4,75498.84
2026-08-09 23:40:00,174.4,174.72,174.35,174.62,68412.34
2026-08-09 23:45:00,174.62,175.2,174.02,174.15,276982.21
2026-08-09 23:50:00,174.15,174.18,174.01,174.15,41922.63
2026-08-09 23:55:00,174.15,174.23,173.96,174.22,84099.75
2026-08-10 00:00:00,174.22,174.31,174.18,174.25,3347.62
2026-08-10 00:05:00,174.25,174.38,174.15,174.35,8664.42
2026-08-10 00:10:00,174.35,174.53,174.34,174.39,68693.68
2026-08-10 00:15:00,174.39,174.48,174.03,174.1,8227.37
2026-08-10 00:20:00,174.1,174.15,173.68,173.87,14525.49
2026-08-10 00:25:00,173.87,173.99,173.71,173.93,13979.14
2026-08-10 00:30:00,173.93,174.16,173.83,174.09,68176.26
2026-08-10 00:35:00,174.09,174.24,174.06,174.11,22150.12
2026-08-10 00:40:00,174.11,174.3,173.99,174.28,26239.21
2026-08-10 00:45:00,174.28,174.36,174.16,174.32,130578.74
2026-08-10 00:50:00,174.32,174.84,174.21,174.74,22770.71
2026-08-10 00:55:00,174.74,174.84,174.63,174.74,3299.47
2026-08-10 01:00:00,174.74,174.74,174.48,174.49,13367.27
2026-08-10 01:05:00,174.49,174.63,174.34,174.35,6137.28
2026-08-10 01:10:00,174.35,174.57,174.29,174.56,121779.39
2026-08-10 01:15:00,174.56,174.71,174.08,174.09,7711.69
2026-08-10 01:20:00,174.09,174.17,174.02,174.16,68268.97
2026-08-10 01:25:00,174.16,174.19,174.0,174.14,121897.46
2026-08-10 01:30:00,174.14,174.18,174.01,174.05,6016.31
2026-08-10 01:35:00,174.05,174.43,173.96,174.42,121265.53
2026-08-10 01:40:00,174.42,174.45,173.98,174.02,277300.31
2026-08-10 01:45:00,174.02,174.04,173.66,173.79,26338.65
2026-08-10 01:50:00,173.79,173.93,173.42,173.48,98335.77
2026-08-10 01:55:00,173.48,173.59,173.14,173.26,9977.33
2026-08-10 02:00:00,173.26,173.74,173.18,173.74,121762.09
2026-08-10 02:05:00,173.74,173.92,173.46,173.65,6552.46
2026-08-10 02:10:00,173.65,173.97,173.22,173.39,8755.19
2026-08-10 02:15:00,173.39,173.63,173.06,173.53,78966.09
2026-08-10 02:20:00,173.53,173.69,173.53,173.66,148228.6
2026-08-10 02:25:00,173.66,173.72,173.62,173.68,28532.07
2026-08-10 02:30:00,173.68,173.91,173.56,173.73,112767.42
2026-08-10 02:35:00,173.73,173.88,173.65,173.72,160163.71
2026-08-10 02:40:00,173.72,173.84,173.22,173.53,7791.12
2026-08-10 02:45:00,173.53,173.61,173.39,173.6,21399.94
2026-08-10 02:50:00,173.6,174.1,173.58,174.02,3483.41
2026-08-10 02:55:00,174.02,174.04,173.69,173.91,47357.39
2026-08-10 03:00:00,173.91,173.97,173.6,173.8,8406.05
2026-08-10 03:05:00,173.8,173.97,173.54,173.74,3239.02
2026-08-10 03:10:00,173.74,174.07,173.64,173.94,49104.69
2026-08-10 03:15:00,173.94,174.0,173.92,173.97,7096.13
2026-08-10 03:20:00,173.97,174.02,173.85,173.9,3876.68
2026-08-10 03:25:00,173.9,174.05,173.67,174.02,7599.3
2026-08-10 03:30:00,174.02,174.25,173.75,173.91,109690.6
2026-08-10 03:35:00,173.91,174.16,173.84,174.14,46224.1
2026-08-10 03:40:00,174.14,174.41,173.97,174.27,52412.57
2026-08-10 03:45:00,174.27,174.37,174.01,174.08,19143.52
2026-08-10 03:50:00,174.08,174.23,173.83,174.13,12080.54
2026-08-10 03:55:00,174.13,174.38,173.62,173.63,69067.03
2026-08-10 04:00:00,173.63,173.78,173.51,173.64,16750.23
2026-08-10 04:05:00,173.64,173.72,172.98,173.1,51491.85
2026-08-10 04:10:00,173.1,173.28,173.02,173.22,64661.68
2026-08-10 04:15:00,173.22,173.52,173.11,173.15,19868.1
2026-08-10 04:20:00,173.15,173.99,172.85,173.85,57738.17
2026-08-10 04:25:00,173.85,174.01,173.83,173.95,19603.06
2026-08-10 04:30:00,173.95,174.36,173.79,174.14,4338.64
2026-08-10 04:35:00,174.14,174.31,173.42,173.62,52043.18
2026-08-10 04:40:00,173.62,173.63,173.29,173.47,80931.79
2026-08-10 04:45:00,173.47,173.93,172.89,173.86,90689.62
2026-08-10 04:50:00,173.86,174.24,173.5,173.7,54633.2
2026-08-10 04:55:00,173.7,174.19,173.65,173.69,424.53
2026-08-10 05:00:00,173.69,173.76,173.42,173.54,104755.9
2026-08-10 05:05:00,173.54,173.63,173.22,173.61,86339.03
2026-08-10 05:10:00,173.61,173.67,173.3,173.38,59706.81
2026-08-10 05:15:00,173.38,173.81,173.15,173.77,62485.07
2026-08-10 05:20:00,173.77,173.95,173.46,173.68,16818.15
2026-08-10 05:25:00,173.68,173.99,173.36,173.44,11677.92
2026-08-10 05:30:00,173.44,173.96,172.75,173.82,24832.56
2026-08-10 05:35:00,173.82,174.17,173.54,173.78,46736.87
2026-08-10 05:40:00,173.78,174.33,173.65,174.08,3185.04
2026-08-10 05:45:00,174.08,174.49,173.82,174.31,9156.33
2026-08-10 05:50:00,174.31,174.35,174.12,174.17,5740.07
2026-08-10 05:55:00,174.17,174.62,174.09,174.41,11304.3
2026-08-10 06:00:00,174.41,174.6,174.28,174.48,30002.44
2026-08-10 06:05:00,174.48,174.57,174.41,174.52,2461.46
2026-08-10 06:10:00,174.52,175.29,174.26,174.34,38719.33
2026-08-10 06:15:00,174.34,174.66,174.16,174.58,103044.11
2026-08-10 06:20:00,174.58,174.76,174.4,174.57,9836.32
2026-08-10 06:25:00,174.57,175.35,174.08,174.25,69208.21
2026-08-10 06:30:00,174.25,174.36,173.8,173.91,7160.99
2026-08-10 06:35:00,173.91,174.18,173.48,173.51,153236.34
2026-08-10 06:40:00,173.51,173.97,173.08,173.83,79949.15
2026-08-10 06:45:00,173.83,174.03,173.07,173.48,114779.57
2026-08-10 06:50:00,173.48,173.7,173.31,173.36,7396.98
2026-08-10 06:55:00,173.36,173.51,173.0,173.16,20773.12
2026-08-10 07:00:00,173.16,173.62,173.13,173.37,126044.58
2026-08-10 07:05:00,173.37,173.74,172.44,172.74,870.75
2026-08-10 07:10:00,172.74,172.84,172.71,172.75,60876.82
2026-08-10 07:15:00,172.75,173.09,172.73,172.82,8239.1
2026-08-10 07:20:00,172.82,173.23,172.81,173.21,191560.13
2026-08-10 07:25:00,173.21,173.4,172.83,172.96,101789.7
2026-08-10 07:30:00,172.96,173.13,172.65,172.82,53972.13
2026-08-10 07:35:00,172.82,173.24,172.22,173.15,47292.22
2026-08-10 07:40:00,173.15,173.69,173.1,173.64,57000.16
2026-08-10 07:45:00,173.64,173.84,173.61,173.83,117076.24
2026-08-10 07:50:00,173.83,174.13,173.74,173.94,9666.19
2026-08-10 07:55:00,173.94,174.31,173.93,174.09,88213.53
2026-08-10 08:00:00,174.09,174.24,173.73,174.03,39549.43
2026-08-10 08:05:00,174.03,174.26,173.74,174.26,89504.5
2026-08-10 08:10:00,174.26,174.93,173.82,174.77,262177.83
2026-08-10 08:15:00,174.77,174.87,174.32,174.53,9960.25
2026-08-10 08:20:00,174.53,174.53,174.08,174.32,137522.59
2026-08-10 08:25:00,174.32,174.98,173.85,174.0,353045.99
2026-08-10 08:30:00,174.0,174.45,173.73,174.27,106218.07
2026-08-10 08:35:00,174.27,174.59,173.91,174.06,136435.64
2026-08-10 08:40:00,174.06,174.16,173.5,173.75,13440.8
2026-08-10 08:45:00,173.75,173.96,173.51,173.86,52520.93
2026-08-10 08:50:00,173.86,173.89,173.42,173.53,51975.57
2026-08-10 08:55:00,173.53,173.61,172.93,173.24,51023.86
2026-08-10 09:00:00,173.24,173.72,173.05,173.4,7042.14
2026-08-10 09:05:00,173.4,173.48,173.22,173.22,27280.54
2026-08-10 09:10:00,173.22,173.87,173.22,173.81,50990.29
2026-08-10 09:15:00,173.81,173.88,173.65,173.81,23111.06
2026-08-10 09:20:00,173.81,173.94,173.76,173.81,62577.5
2026-08-10 09:25:00,173.81,174.29,173.44,174.19,24542.91
2026-08-10 09:30:00,174.19,174.79,173.93,174.65,64272.37
2026-08-10 09:35:00,174.65,174.74,174.32,174.49,4921.73
2026-08-10 09:40:00,174.49,174.82,174.29,174.34,48621.05
2026-08-10 09:45:00,174.34,174.73,173.79,173.89,224183.12
2026-08-10 09:50:00,173.89,174.46,173.64,174.2,20612.34
2026-08-10 09:55:00,174.2,174.91,174.04,174.72,26282.79
2026-08-10 10:00:00,174.72,175.06,174.16,174.3,705540.83
2026-08-10 10:05:00,174.3,174.6,174.15,174.57,55758.87
2026-08-10 10:10:00,174.57,174.86,174.38,174.77,30879.51
2026-08-10 10:15:00,174.77,175.57,174.76,175.28,986.6
2026-08-10 10:20:00,175.28,175.85,174.96,175.02,22080.22
2026-08-10 10:25:00,175.02,175.54,174.51,174.58,71701.6
2026-08-10 10:30:00,174.58,174.59,173.86,173.86,73201.76
2026-08-10 10:35:00,173.86,173.95,173.36,173.47,30278.27
2026-08-10 10:40:00,173.47,173.69,173.09,173.16,31421.18
2026-08-10 10:45:00,173.16,173.28,172.59,172.82,6318.45
2026-08-10 10:50:00,172.82,173.05,172.76,172.81,45091.05
2026-08-10 10:55:00,172.81,173.11,172.17,172.98,140028.49
2026-08-10 11:00:00,172.98,173.3,172.83,173.02,164309.89
2026-08-10 11:05:00,173.02,173.11,172.83,173.06,53514.49
2026-08-10 11:10:00,173.06,173.31,172.81,172.91,21263.73
2026-08-10 11:15:00,172.91,173.02,172.58,172.73,18284.22
2026-08-10 11:20:00,172.73,173.14,172.61,173.05,20266.13
2026-08-10 11:25:00,173.05,173.33,172.71,173.27,161926.08
2026-08-10 11:30:00,173.27,173.28,173.15,173.24,23360.49
2026-08-10 11:35:00,173.24,173.58,173.07,173.35,11787.47
2026-08-10 11:40:00,173.35,173.89,173.34,173.81,20744.01
2026-08-10 11:45:00,173.81,173.87,172.34,172.65,53596.69
2026-08-10 11:50:00,172.65,172.78,172.55,172.69,5568.12
2026-08-10 11:55:00,172.69,173.06,172.16,172.37,84112.56
2026-08-10 12:00:00,172.37,172.64,172.26,172.48,69800.37
2026-08-10 12:05:00,172.48,173.15,171.77,172.99,208417.97
2026-08-10 12:10:00,172.99,173.29,172.9,173.24,24986.23
2026-08-10 12:15:00,173.24,173.41,172.94,173.14,160901.11
2026-08-10 12:20:00,173.14,173.28,172.74,172.96,35266.77
2026-08-10 12:25:00,172.96,173.51,172.89,173.38,21383.34
2026-08-10 12:30:00,173.38,173.64,173.36,173.51,5464.85
2026-08-10 12:35:00,173.51,173.84,173.4,173.75,26951.22
2026-08-10 12:40:00,173.75,174.09,173.61,174.01,1212.05
2026-08-10 12:45:00,174.01,174.14,173.55,174.07,22282.16
2026-08-10 12:50:00,174.07,174.93,173.87,174.71,37139.11
2026-08-10 12:55:00,174.71,174.76,174.29,174.55,22744.03
2026-08-10 13:00:00,174.55,174.64,174.01,174.23,44666.28
2026-08-10 13:05:00,174.23,174.23,173.9,174.1,16243.79
2026-08-10 13:10:00,174.1,174.22,173.79,174.04,72862.43
2026-08-10 13:15:00,174.04,174.71,173.86,174.57,41645.93
2026-08-10 13:20:00,174.57,174.69,173.95,174.11,341789.52
2026-08-10 13:25:00,174.11,174.54,173.86,174.39,36977.27
2026-08-10 13:30:00,174.39,174.58,174.24,174.43,16811.17
2026-08-10 13:35:00,174.43,174.49,174.1,174.15,36280.73
2026-08-10 13:40:00,174.15,174.66,174.14,174.35,15286.12
2026-08-10 13:45:00,174.35,174.37,173.41,173.54,154114.24
2026-08-10 13:50:00,173.54,173.91,173.28,173.78,27889.1
2026-08-10 13:55:00,173.78,173.94,173.65,173.72,7563.84
2026-08-10 14:00:00,173.72,173.85,173.28,173.59,71611.45
2026-08-10 14:05:00,173.59,173.59,173.11,173.37,152435.37
2026-08-10 14:10:00,173.37,174.27,173.32,174.1,36495.21
2026-08-10 14:15:00,174.1,174.17,173.87,173.93,7043.04
2026-08-10 14:20:00,173.93,173.99,173.64,173.69,47206.62
2026-08-10 14:25:00,173.69,173.86,173.33,173.49,11528.18
2026-08-10 14:30:00,173.49,173.8,173.33,173.46,10506.05
2026-08-10 14:35:00,173.46,173.65,173.33,173.54,55782.94
2026-08-10 14:40:00,173.54,173.83,173.31,173.56,2405.08
2026-08-10 14:45:00,173.56,173.86,173.17,173.29,108998.23
2026-08-10 14:50:00,173.29,173.57,173.25,173.34,46463.4
2026-08-10 14:55:00,173.34,173.48,172.85,173.18,17689.66
2026-08-10 15:00:00,173.18,173.43,173.01,173.03,29016.64
2026-08-10 15:05:00,173.03,173.61,172.93,173.31,83023.42
2026-08-10 15:10:00,173.31,173.5,172.66,172.66,13147.15
2026-08-10 15:15:00,172.66,173.19,171.99,173.05,68512.11
2026-08-10 15:20:00,173.05,173.05,172.75,172.98,24942.85
2026-08-10 15:25:00,172.98,173.4,172.46,173.26,125693.45
2026-08-10 15:30:00,173.26,173.35,172.58,172.88,42465.97
2026-08-10 15:35:00,172.88,172.92,172.61,172.64,19149.13
2026-08-10 15:40:00,172.64,173.23,172.18,172.38,57141.06
2026-08-10 15:45:00,172.38,172.95,172.26,172.7,198515.15
2026-08-10 15:50:00,172.7,173.3,172.41,173.14,119871.16
2026-08-10 15:55:00,173.14,173.42,173.0,173.38,32638.75
2026-08-10 16:00:00,173.38,173.38,173.3,173.34,14711.38
2026-08-10 16:05:00,173.34,173.89,173.31,173.88,182856.11
2026-08-10 16:10:00,173.88,174.19,173.72,173.88,9271.75
2026-08-10 16:15:00,173.88,174.01,173.51,173.53,81851.61
2026-08-10 16:20:00,173.53,173.58,173.34,173.54,10424.86
2026-08-10 16:25:00,173.54,173.54,173.29,173.38,171083.6
2026-08-10 16:30:00,173.38,173.49,172.89,173.06,84391.15
2026-08-10 16:35:00,173.06,173.21,172.92,173.2,59497.64
2026-08-10 16:40:00,173.2,173.4,172.78,173.35,59897.9
2026-08-10 16:45:00,173.35,173.6,172.85,173.08,67034.22
2026-08-10 16:50:00,173.08,173.18,172.79,172.89,38990.35
2026-08-10 16:55:00,172.89,173.06,172.81,172.85,62331.75
2026-08-10 17:00:00,172.85,173.18,172.75,173.11,1337.54
2026-08-10 17:05:00,173.11,173.13,172.83,173.0,159988.12
2026-08-10 17:10:00,173.0,173.16,172.02,172.09,2667.22
2026-08-10 17:15:00,172.09,172.44,171.64,172.33,189352.78
2026-08-10 17:20:00,172.33,172.86,172.04,172.57,49198.28
2026-08-10 17:25:00,172.57,172.99,172.3,172.83,54385.45
2026-08-10 17:30:00,172.83,173.01,172.35,172.64,39172.39
2026-08-10 17:35:00,172.64,173.18,172.03,173.07,35622.98
2026-08-10 17:40:00,173.07,173.44,173.03,173.22,3751.89
2026-08-10 17:45:00,173.22,173.37,172.62,172.72,65903.58
2026-08-10 17:50:00,172.72,172.85,172.6,172.63,10042.18
2026-08-10 17:55:00,172.63,172.95,172.34,172.88,66727.92
2026-08-10 18:00:00,172.88,173.03,172.88,173.0,71635.09
2026-08-10 18:05:00,173.0,173.36,172.79,173.26,204851.08
2026-08-10 18:10:00,173.26,173.33,173.0,173.2,48236.03
2026-08-10 18:15:00,173.2,173.32,173.0,173.17,67352.73
2026-08-10 18:20:00,173.17,173.19,172.39,172.55,24306.06
2026-08-10 18:25:00,172.55,173.2,172.5,173.08,12770.04
2026-08-10 18:30:00,173.08,173.1,172.84,172.86,122878.78
2026-08-10 18:35:00,172.86,173.67,172.55,173.65,14587.23
2026-08-10 18:40:00,173.65,173.66,173.07,173.25,185879.2
2026-08-10 18:45:00,173.25,174.14,173.13,173.77,9411.33
2026-08-10 18:50:00,173.77,174.21,173.62,174.14,56418.5
2026-08-10 18:55:00,174.14,174.25,173.84,174.2,37915.65
2026-08-10 19:00:00,174.2,174.37,173.68,173.71,152650.56
2026-08-10 19:05:00,173.71,173.75,173.28,173.37,203.81
2026-08-10 19:10:00,173.37,173.59,173.17,173.22,84483.3
2026-08-10 19:15:00,173.22,173.48,173.04,173.35,79926.81
2026-08-10 19:20:00,173.35,173.56,173.24,173.42,6196.15
2026-08-10 19:25:00,173.42,174.34,173.07,174.31,15038.88
2026-08-10 19:30:00,174.31,174.61,174.22,174.49,34222.61
2026-08-10 19:35:00,174.49,175.2,174.19,175.03,77131.03
2026-08-10 19:40:00,175.03,175.44,174.81,174.89,93058.08
2026-08-10 19:45:00,174.89,175.26,174.87,174.9,36294.31
2026-08-10 19:50:00,174.9,175.42,174.45,174.55,60655.2
2026-08-10 19:55:00,174.55,174.95,174.49,174.75,7019.64
2026-08-10 20:00:00,174.75,174.87,174.56,174.65,9358.06
2026-08-10 20:05:00,174.65,175.1,174.61,174.99,7791.31
2026-08-10 20:10:00,174.99,175.54,174.74,175.5,86247.14
2026-08-10 20:15:00,175.5,175.72,175.2,175.26,1630.08
2026-08-10 20:20:00,175.26,175.35,175.18,175.2,83768.41
2026-08-10 20:25:00,175.2,175.62,174.97,175.36,27304.41
2026-08-10 20:30:00,175.36,175.83,174.78,174.93,130278.32
2026-08-10 20:35:00,174.93,175.09,174.52,174.55,38193.98
2026-08-10 20:40:00,174.55,174.86,174.07,174.21,7958.55
2026-08-10 20:45:00,174.21,174.39,173.9,174.18,23089.49
2026-08-10 20:50:00,174.18,174.27,173.48,173.49,33228.7
2026-08-10 20:55:00,173.49,173.57,173.45,173.55,8286.98
2026-08-10 21:00:00,173.55,173.86,173.27,173.82,106122.13
2026-08-10 21:05:00,173.82,174.21,173.63,174.21,146610.87
2026-08-10 21:10:00,174.21,174.25,173.72,174.1,99579.31
2026-08-10 21:15:00,174.1,174.14,173.75,174.0,3929.33
2026-08-10 21:20:00,174.0,174.26,173.43,173.52,19962.35
2026-08-10 21:25:00,173.52,173.56,173.24,173.39,121572.26
2026-08-10 21:30:00,173.39,173.6,172.98,173.1,214.48
2026-08-10 21:35:00,173.1,173.1,172.84,173.05,6030.36
2026-08-10 21:40:00,173.05,173.24,173.02,173.09,102876.97
2026-08-10 21:45:00,173.09,173.44,172.77,173.23,56662.52
2026-08-10 21:50:00,173.23,173.29,172.91,173.26,14112.84
2026-08-10 21:55:00,173.26,173.28,173.16,173.17,55237.76
2026-08-10 22:00:00,173.17,173.88,173.03,173.76,56995.85
2026-08-10 22:05:00,173.76,173.95,173.29,173.61,24726.1
2026-08-10 22:10:00,173.61,173.98,173.03,173.11,71601.01
2026-08-10 22:15:00,173.11,173.59,173.08,173.56,16754.56
2026-08-10 22:20:00,173.56,174.03,173.51,173.67,117359.36
2026-08-10 22:25:00,173.67,174.03,173.29,174.03,91589.3
2026-08-10 22:30:00,174.03,174.74,174.01,174.61,257259.79
2026-08-10 22:35:00,174.61,175.0,174.45,174.89,76868.39
2026-08-10 22:40:00,174.89,175.05,174.86,175.01,120911.09
2026-08-10 22:45:00,175.01,175.31,174.92,175.14,40844.2
2026-08-10 22:50:00,175.14,175.7,174.73,174.89,72223.18
2026-08-10 22:55:00,174.89,175.16,174.55,174.62,299465.07
2026-08-10 23:00:00,174.62,175.06,174.48,174.79,67985.05
2026-08-10 23:05:00,174.79,174.94,174.45,174.84,45279.43
2026-08-10 23:10:00,174.84,175.14,174.79,174.94,36398.11
2026-08-10 23:15:00,174.94,174.98,174.82,174.85,39229.61
2026-08-10 23:20:00,174.85,175.53,174.43,174.54,210267.7
2026-08-10 23:25:00,174.54,174.87,174.25,174.39,37110.48
2026-08-10 23:30:00,174.39,174.56,174.07,174.32,33673.83
2026-08-10 23:35:00,174.32,175.05,174.2,174.64,35326.04
2026-08-10 23:40:00,174.64,174.81,174.16,174.4,2218.26
2026-08-10 23:45:00,174.4,174.46,173.42,173.72,209046.2
2026-08-10 23:50:00,173.72,174.08,172.88,172.89,73600.3
2026-08-10 23:55:00,172.89,173.07,172.06,172.19,1405.68
2026-08-11 00:00:00,172.19,172.74,171.64,172.6,364325.34
2026-08-11 00:05:00,172.6,172.63,172.3,172.45,37077.0
2026-08-11 00:10:00,172.45,173.18,172.39,172.69,154.06
2026-08-11 00:15:00,172.69,172.71,172.15,172.3,9153.08
2026-08-11 00:20:00,172.3,172.96,171.86,172.8,71441.61
2026-08-11 00:25:00,172.8,173.16,172.76,173.02,12784.27
2026-08-11 00:30:00,173.02,173.23,172.96,173.09,28160.79
2026-08-11 00:35:00,173.09,173.46,173.0,173.38,8387.72
2026-08-11 00:40:00,173.38,173.9,173.12,173.81,174193.52
2026-08-11 00:45:00,173.81,174.08,173.47,173.67,52014.74
2026-08-11 00:50:00,173.67,173.77,173.3,173.4,8602.54
2026-08-11 00:55:00,173.4,173.44,173.07,173.22,26897.98
2026-08-11 01:00:00,173.22,173.79,172.77,173.71,304629.72
2026-08-11 01:05:00,173.71,173.77,173.59,173.72,17933.59
2026-08-11 01:10:00,173.72,174.45,173.55,174.28,40348.63
2026-08-11 01:15:00,174.28,174.68,174.17,174.56,20706.19
2026-08-11 01:20:00,174.56,174.67,174.01,174.29,130754.9
2026-08-11 01:25:00,174.29,174.39,174.27,174.29,31094.39
2026-08-11 01:30:00,174.29,174.61,173.98,174.05,5046.12
2026-08-11 01:35:00,174.05,174.07,173.71,174.01,44398.63
2026-08-11 01:40:00,174.01,174.44,173.8,174.36,53494.43
2026-08-11 01:45:00,174.36,174.94,174.28,174.65,23998.48
2026-08-11 01:50:00,174.65,174.83,174.62,174.74,17431.66
2026-08-11 01:55:00,174.74,174.78,174.49,174.76,97404.52
2026-08-11 02:00:00,174.76,174.87,174.52,174.57,43405.07
2026-08-11 02:05:00,174.57,174.69,174.24,174.59,26248.75
2026-08-11 02:10:00,174.59,174.81,174.52,174.57,147734.42
2026-08-11 02:15:00,174.57,175.13,174.48,174.84,35732.6
2026-08-11 02:20:00,174.84,175.65,174.65,175.51,45612.56
2026-08-11 02:25:00,175.51,175.73,175.2,175.42,260842.46
2026-08-11 02:30:00,175.42,175.43,174.81,175.22,52522.37
2026-08-11 02:35:00,175.22,175.87,174.89,174.96,121258.93
2026-08-11 02:40:00,174.96,175.03,174.61,174.74,14636.15
2026-08-11 02:45:00,174.74,175.01,174.7,174.95,1115.74
2026-08-11 02:50:00,174.95,175.8,174.5,175.74,37711.44
2026-08-11 02:55:00,175.74,176.48,175.14,175.28,207504.6
2026-08-11 03:00:00,175.28,175.81,175.25,175.46,44301.04
2026-08-11 03:05:00,175.46,175.53,175.02,175.15,4430.81
2026-08-11 03:10:00,175.15,175.79,174.89,175.42,21011.56
2026-08-11 03:15:00,175.42,175.64,175.06,175.61,6289.79
2026-08-11 03:20:00,175.61,176.1,174.99,175.17,86454.0
2026-08-11 03:25:00,175.17,175.25,174.33,174.35,32036.12
2026-08-11 03:30:00,174.35,174.42,173.95,174.02,76747.97
2026-08-11 03:35:00,174.02,174.02,173.68,173.95,161746.4
2026-08-11 03:40:00,173.95,174.13,173.86,174.13,74403.33
2026-08-11 03:45:00,174.13,174.13,173.73,173.92,23813.88
2026-08-11 03:50:00,173.92,174.04,173.55,173.9,64836.98
2026-08-11 03:55:00,173.9,173.97,173.58,173.95,43812.96
2026-08-11 04:00:00,173.95,174.09,173.72,173.73,37339.42
2026-08-11 04:05:00,173.73,174.0,173.73,173.74,148732.23
2026-08-11 04:10:00,173.74,173.96,172.94,173.07,121722.39
2026-08-11 04:15:00,173.07,173.28,172.97,173.16,31028.85
2026-08-11 04:20:00,173.16,173.47,172.84,173.22,3469.31
2026-08-11 04:25:00,173.22,174.2,173.09,173.74,57993.72
2026-08-11 04:30:00,173.74,173.78,173.46,173.76,40506.52
2026-08-11 04:35:00,173.76,173.85,173.55,173.75,14805.35
2026-08-11 04:40:00,173.75,174.04,173.48,173.66,13405.39
2026-08-11 04:45:00,173.66,173.87,173.36,173.6,30814.69
2026-08-11 04:50:00,173.6,173.62,173.21,173.38,8724.18
2026-08-11 04:55:00,173.38,173.72,173.32,173.61,46594.71
2026-08-11 05:00:00,173.61,173.64,173.49,173.58,55604.97
2026-08-11 05:05:00,173.58,173.73,173.4,173.43,67113.71
2026-08-11 05:10:00,173.43,173.8,173.04,173.58,56542.9
2026-08-11 05:15:00,173.58,173.66,173.3,173.63,62474.59
2026-08-11 05:20:00,173.63,173.68,173.33,173.46,39483.26
2026-08-11 05:25:00,173.46,173.66,173.43,173.57,49532.15
2026-08-11 05:30:00,173.57,173.57,173.4,173.45,19482.26
2026-08-11 05:35:00,173.45,173.47,172.9,173.0,11866.5
2026-08-11 05:40:00,173.0,173.42,172.72,173.32,33265.87
2026-08-11 05:45:00,173.32,173.47,173.03,173.41,25926.05
2026-08-11 05:50:00,173.41,173.54,173.16,173.43,82142.76
2026-08-11 05:55:00,173.43,173.82,173.36,173.48,36977.61
2026-08-11 06:00:00,173.48,173.96,173.45,173.83,11283.29
2026-08-11 06:05:00,173.83,174.21,173.44,173.59,62731.62
2026-08-11 06:10:00,173.59,173.97,173.06,173.17,96496.93
2026-08-11 06:15:00,173.17,173.69,172.97,173.51,86225.04
2026-08-11 06:20:00,173.51,173.87,173.41,173.79,49770.22
2026-08-11 06:25:00,173.79,174.2,173.55,174.11,32652.96
2026-08-11 06:30:00,174.11,174.38,173.24,173.5,49356.49
2026-08-11 06:35:00,173.5,173.58,173.35,173.41,11228.64
2026-08-11 06:40:00,173.41,173.54,173.35,173.53,21679.53
2026-08-11 06:45:00,173.53,173.62,173.3,173.46,99151.87
2026-08-11 06:50:00,173.46,173.49,173.3,173.35,8694.51
2026-08-11 06:55:00,173.35,173.45,173.09,173.35,10045.33
2026-08-11 07:00:00,173.35,174.03,173.06,173.87,52643.65
2026-08-11 07:05:00,173.87,174.09,173.17,173.37,13106.63
2026-08-11 07:10:00,173.37,174.04,172.99,174.03,125114.97
2026-08-11 07:15:00,174.03,174.25,173.52,173.7,123113.06
2026-08-11 07:20:00,173.7,173.95,173.68,173.78,32622.91
2026-08-11 07:25:00,173.78,174.09,173.32,173.45,18681.47
2026-08-11 07:30:00,173.45,173.54,173.2,173.21,31840.63
2026-08-11 07:35:00,173.21,173.56,172.58,173.46,109086.46
2026-08-11 07:40:00,173.46,173.77,173.19,173.69,56250.51
2026-08-11 07:45:00,173.69,173.97,173.68,173.89,68407.62
2026-08-11 07:50:00,173.89,174.35,173.84,174.1,5805.94
2026-08-11 07:55:00,174.1,174.75,173.52,173.65,236698.59
2026-08-11 08:00:00,173.65,173.81,173.48,173.5,26551.36
2026-08-11 08:05:00,173.5,173.83,173.48,173.52,38452.26
2026-08-11 08:10:00,173.52,173.7,173.24,173.47,42153.43
2026-08-11 08:15:00,173.47,173.52,172.71,172.86,9958.95
2026-08-11 08:20:00,172.86,173.37,172.39,173.23,175017.03
2026-08-11 08:25:00,173.23,173.26,172.91,172.93,160425.86
2026-08-11 08:30:00,172.93,173.36,171.88,172.39,7656.88
2026-08-11 08:35:00,172.39,172.59,172.31,172.48,37230.08
2026-08-11 08:40:00,172.48,172.61,172.34,172.49,4258.67
2026-08-11 08:45:00,172.49,172.56,172.35,172.51,21009.53
2026-08-11 08:50:00,172.51,172.98,171.92,172.92,483780.79
2026-08-11 08:55:00,172.92,173.3,172.81,173.23,105151.34
2026-08-11 09:00:00,173.23,173.47,172.76,173.06,110588.61
2026-08-11 09:05:00,173.06,173.31,172.51,173.25,55999.83
2026-08-11 09:10:00,173.25,173.74,173.17,173.57,92443.16
2026-08-11 09:15:00,173.57,173.71,173.32,173.42,42444.28
2026-08-11 09:20:00,173.42,174.33,173.33,174.21,35073.08
2026-08-11 09:25:00,174.21,174.83,173.58,173.73,443070.7
2026-08-11 09:30:00,173.73,173.75,173.45,173.56,46453.52
2026-08-11 09:35:00,173.56,173.83,173.53,173.76,14896.38
2026-08-11 09:40:00,173.76,174.27,173.75,174.13,61844.7
2026-08-11 09:45:00,174.13,174.21,173.97,174.15,27772.21
2026-08-11 09:50:00,174.15,174.18,173.8,174.06,27472.29
2026-08-11 09:55:00,174.06,174.61,173.7,173.78,247423.38
2026-08-11 10:00:00,173.78,173.85,173.21,173.37,2318.62
2026-08-11 10:05:00,173.37,174.04,173.3,173.64,14435.88
2026-08-11 10:10:00,173.64,173.74,173.51,173.54,105.49
2026-08-11 10:15:00,173.54,173.99,173.2,173.24,7380.85
2026-08-11 10:20:00,173.24,173.71,172.69,173.6,17574.39
2026-08-11 10:25:00,173.6,173.66,173.42,173.62,1792.75
2026-08-11 10:30:00,173.62,173.73,173.29,173.53,32554.67
2026-08-11 10:35:00,173.53,173.97,173.27,173.76,44959.74
2026-08-11 10:40:00,173.76,174.03,173.42,173.45,15143.75
2026-08-11 10:45:00,173.45,173.48,172.96,173.38,84075.29
2026-08-11 10:50:00,173.38,173.62,173.02,173.42,20405.68
2026-08-11 10:55:00,173.42,173.65,172.94,173.04,60886.0
2026-08-11 11:00:00,173.04,173.2,172.86,172.91,19207.89
2026-08-11 11:05:00,172.91,173.27,172.74,173.15,42457.16
2026-08-11 11:10:00,173.15,173.65,172.89,173.51,14020.81
2026-08-11 11:15:00,173.51,173.63,173.3,173.58,60221.75
2026-08-11 11:20:00,173.58,173.67,172.93,173.25,73031.55
2026-08-11 11:25:00,173.25,173.61,173.25,173.39,1686.56
2026-08-11 11:30:00,173.39,173.48,172.8,173.0,10742.81
2026-08-11 11:35:00,173.0,173.05,172.72,172.89,94016.36
2026-08-11 11:40:00,172.89,172.99,172.43,172.61,25491.85
2026-08-11 11:45:00,172.61,173.15,171.89,171.89,69091.52
2026-08-11 11:50:00,171.89,172.16,171.6,172.07,9340.03
2026-08-11 11:55:00,172.07,172.64,171.42,172.57,202706.63
2026-08-11 12:00:00,172.57,173.07,171.84,172.92,24250.25
2026-08-11 12:05:00,172.92,173.22,172.79,172.98,24062.89
2026-08-11 12:10:00,172.98,173.13,172.76,172.91,29568.92
2026-08-11 12:15:00,172.91,173.18,172.43,172.43,90634.14
2026-08-11 12:20:00,172.43,173.03,171.85,172.9,27575.54
2026-08-11 12:25:00,172.9,173.01,172.78,172.83,85810.35
2026-08-11 12:30:00,172.83,173.42,172.81,173.41,55808.92
2026-08-11 12:35:00,173.41,173.68,173.05,173.17,7364.09
2026-08-11 12:40:00,173.17,173.37,173.06,173.17,4611.28
2026-08-11 12:45:00,173.17,173.17,172.88,172.93,47681.31
2026-08-11 12:50:00,172.93,172.99,172.37,172.47,57629.65
2026-08-11 12:55:00,172.47,172.62,172.34,172.42,91515.76
2026-08-11 13:00:00,172.42,172.79,172.04,172.5,83391.26
2026-08-11 13:05:00,172.5,172.6,172.3,172.48,54487.54
2026-08-11 13:10:00,172.48,172.79,171.89,172.64,424330.57
2026-08-11 13:15:00,172.64,172.96,172.1,172.84,86658.8
2026-08-11 13:20:00,172.84,172.91,172.18,172.59,130502.87
2026-08-11 13:25:00,172.59,173.06,172.2,172.96,48618.88
2026-08-11 13:30:00,172.96,173.15,172.15,172.35,135582.0
2026-08-11 13:35:00,172.35,172.83,172.28,172.4,50470.25
2026-08-11 13:40:00,172.4,172.79,172.06,172.7,32856.09
2026-08-11 13:45:00,172.7,173.09,172.43,172.8,32469.35
2026-08-11 13:50:00,172.8,173.24,172.7,173.15,91141.77
2026-08-11 13:55:00,173.15,173.21,172.79,172.87,17598.47
2026-08-11 14:00:00,172.87,173.41,172.67,173.37,45984.11
2026-08-11 14:05:00,173.37,173.7,173.18,173.52,14895.35
2026-08-11 14:10:00,173.52,173.56,173.22,173.32,111.69
2026-08-11 14:15:00,173.32,173.35,173.09,173.19,3348.06
2026-08-11 14:20:00,173.19,173.34,172.49,172.79,18773.72
2026-08-11 14:25:00,172.79,172.98,172.57,172.68,25697.84
2026-08-11 14:30:00,172.68,172.77,172.37,172.43,81913.06
2026-08-11 14:35:00,172.43,172.62,172.37,172.55,49140.88
2026-08-11 14:40:00,172.55,172.62,171.97,172.43,12147.58
2026-08-11 14:45:00,172.43,172.47,171.97,171.97,76.25
2026-08-11 14:50:00,171.97,172.39,171.93,172.26,242053.2
2026-08-11 14:55:00,172.26,172.39,171.81,172.3,3070.99
2026-08-11 15:00:00,172.3,172.4,172.26,172.34,3746.33
2026-08-11 15:05:00,172.34,172.39,171.72,171.85,18215.07
2026-08-11 15:10:00,171.85,172.28,171.38,172.12,611638.86
2026-08-11 15:15:00,172.12,172.17,171.87,171.93,43923.19
2026-08-11 15:20:00,171.93,172.19,171.87,172.04,96334.64
2026-08-11 15:25:00,172.04,172.51,171.95,172.36,176.55
2026-08-11 15:30:00,172.36,172.79,172.18,172.63,18888.0
2026-08-11 15:35:00,172.63,173.36,172.33,173.19,3382.84
2026-08-11 15:40:00,173.19,173.44,172.5,172.7,14877.63
2026-08-11 15:45:00,172.7,173.1,172.26,172.69,34202.98
2026-08-11 15:50:00,172.69,172.91,172.61,172.76,107183.92
2026-08-11 15:55:00,172.76,172.79,172.68,172.75,50532.57
2026-08-11 16:00:00,172.75,173.55,172.73,173.34,54355.25
2026-08-11 16:05:00,173.34,173.38,173.12,173.21,27146.33
2026-08-11 16:10:00,173.21,173.59,172.88,173.0,75692.89
2026-08-11 16:15:00,173.0,173.42,172.9,173.4,3905.96
2026-08-11 16:20:00,173.4,173.96,173.08,173.22,50752.52
2026-08-11 16:25:00,173.22,173.84,172.7,172.76,102733.38
2026-08-11 16:30:00,172.76,173.13,172.6,173.0,18492.34
2026-08-11 16:35:00,173.0,173.3,172.96,173.06,39613.41
2026-08-11 16:40:00,173.06,173.54,172.59,172.94,6013.27
2026-08-11 16:45:00,172.94,173.13,172.48,172.76,189.01
2026-08-11 16:50:00,172.76,172.9,172.66,172.71,1436.08
2026-08-11 16:55:00,172.71,172.87,172.26,172.33,10929.96
2026-08-11 17:00:00,172.33,172.49,172.07,172.26,160780.62
2026-08-11 17:05:00,172.26,172.91,172.11,172.62,135659.88
2026-08-11 17:10:00,172.62,172.74,172.0,172.34,46246.53
2026-08-11 17:15:00,172.34,172.71,172.19,172.57,31593.51
2026-08-11 17:20:00,172.57,173.37,172.34,173.18,24804.08
2026-08-11 17:25:00,173.18,173.56,172.82,173.33,93084.53
2026-08-11 17:30:00,173.33,173.68,173.13,173.66,17152.17
2026-08-11 17:35:00,173.66,173.74,172.89,173.04,20616.65
2026-08-11 17:40:00,173.04,173.12,172.88,173.01,6778.93
2026-08-11 17:45:00,173.01,173.24,172.0,172.13,54740.92
2026-08-11 17:50:00,172.13,172.27,171.92,172.2,74790.77
2026-08-11 17:55:00,172.2,172.87,172.17,172.57,2242.43
2026-08-11 18:00:00,172.57,172.73,172.24,172.47,18048.42
2026-08-11 18:05:00,172.47,172.54,171.45,171.46,69730.26
2026-08-11 18:10:00,171.46,171.57,171.12,171.26,1393.37
2026-08-11 18:15:00,171.26,171.89,170.56,171.75,87674.85
2026-08-11 18:20:00,171.75,171.9,171.19,171.65,16623.66
2026-08-11 18:25:00,171.65,172.08,171.01,172.0,227833.83
2026-08-11 18:30:00,172.0,172.23,171.99,172.15,35938.89
2026-08-11 18:35:00,172.15,172.67,172.15,172.58,25886.64
2026-08-11 18:40:00,172.58,172.7,172.28,172.34,38752.33
2026-08-11 18:45:00,172.34,172.45,171.8,171.86,69867.67
2026-08-11 18:50:00,171.86,172.02,171.76,171.91,131942.13
2026-08-11 18:55:00,171.91,172.4,171.86,172.2,23250.38
2026-08-11 19:00:00,172.2,172.37,172.03,172.32,1057.1
2026-08-11 19:05:00,172.32,172.62,172.04,172.09,185625.22
2026-08-11 19:10:00,172.09,172.26,171.97,172.17,107872.68
2026-08-11 19:15:00,172.17,172.45,171.83,171.87,27362.27
2026-08-11 19:20:00,171.87,172.48,171.22,172.32,615642.72
2026-08-11 19:25:00,172.32,172.42,171.83,171.97,5248.0
2026-08-11 19:30:00,171.97,172.24,171.25,172.18,149667.76
2026-08-11 19:35:00,172.18,172.81,172.04,172.67,13912.21
2026-08-11 19:40:00,172.67,172.8,171.74,172.16,47044.79
2026-08-11 19:45:00,172.16,172.7,171.99,172.64,165559.08
2026-08-11 19:50:00,172.64,172.71,172.28,172.51,15094.53
2026-08-11 19:55:00,172.51,173.01,171.71,172.0,178292.93
2026-08-11 20:00:00,172.0,172.38,171.73,172.35,14817.94
2026-08-11 20:05:00,172.35,172.4,172.22,172.22,251139.77
2026-08-11 20:10:00,172.22,172.84,172.06,172.51,1522.49
2026-08-11 20:15:00,172.51,172.98,172.47,172.85,58877.01
2026-08-11 20:20:00,172.85,172.93,172.07,172.22,103542.61
2026-08-11 20:25:00,172.22,172.34,172.01,172.15,1385.04
2026-08-11 20:30:00,172.15,172.22,171.89,171.9,43725.82
2026-08-11 20:35:00,171.9,172.23,171.63,171.88,107944.12
2026-08-11 20:40:00,171.88,172.01,171.81,172.0,105206.13
2026-08-11 20:45:00,172.0,172.38,171.99,172.22,41769.67
2026-08-11 20:50:00,172.22,172.46,171.84,171.98,8382.8
2026-08-11 20:55:00,171.98,172.04,171.77,171.88,10815.61
2026-08-11 21:00:00,171.88,172.41,171.77,172.16,25252.05
2026-08-11 21:05:00,172.16,172.32,172.01,172.09,2306.93
2026-08-11 21:10:00,172.09,172.45,171.95,172.37,157274.19
2026-08-11 21:15:00,172.37,172.58,172.23,172.3,4044.24
2026-08-11 21:20:00,172.3,172.61,172.12,172.54,19759.49
2026-08-11 21:25:00,172.54,172.74,172.46,172.63,27203.06
2026-08-11 21:30:00,172.63,172.92,172.63,172.83,4859.41
2026-08-11 21:35:00,172.83,172.92,172.57,172.6,20164.18
2026-08-11 21:40:00,172.6,172.89,172.35,172.52,39989.82
2026-08-11 21:45:00,172.52,172.62,172.33,172.43,93398.46
2026-08-11 21:50:00,172.43,172.62,171.86,171.95,1779.76
2026-08-11 21:55:00,171.95,172.25,171.72,171.85,95632.75
2026-08-11 22:00:00,171.85,172.66,171.72,172.54,28771.34
2026-08-11 22:05:00,172.54,173.3,172.39,172.95,97003.55
2026-08-11 22:10:00,172.95,173.04,172.51,172.89,20858.13
2026-08-11 22:15:00,172.89,172.99,172.54,172.6,59880.6
2026-08-11 22:20:00,172.6,172.66,172.34,172.42,55568.63
2026-08-11 22:25:00,172.42,173.13,172.41,172.91,61932.28
2026-08-11 22:30:00,172.91,172.96,172.54,172.72,15312.49
2026-08-11 22:35:00,172.72,173.23,172.5,172.99,7825.05
2026-08-11 22:40:00,172.99,173.16,172.54,172.58,57219.21
2026-08-11 22:45:00,172.58,172.8,172.23,172.3,145542.85
2026-08-11 22:50:00,172.3,172.38,171.67,171.87,6020.78
2026-08-11 22:55:00,171.87,172.03,171.87,172.02,4064.54
2026-08-11 23:00:00,172.02,172.12,171.83,171.88,12569.59
2026-08-11 23:05:00,171.88,171.97,171.64,171.82,3318.81
2026-08-11 23:10:00,171.82,172.39,171.8,172.17,12264.81
2026-08-11 23:15:00,172.17,172.54,171.95,172.5,73658.91
2026-08-11 23:20:00,172.5,172.51,172.41,172.5,49932.78
2026-08-11 23:25:00,172.5,172.81,171.94,171.99,168793.54
2026-08-11 23:30:00,171.99,172.04,171.56,171.73,3061.14
2026-08-11 23:35:00,171.73,171.8,171.43,171.46,86861.77
2026-08-11 23:40:00,171.46,171.62,171.29,171.5,17845.22
2026-08-11 23:45:00,171.5,172.03,170.86,171.97,302549.95
2026-08-11 23:50:00,171.97,172.06,171.84,171.97,35705.09
2026-08-11 23:55:00,171.97,172.15,171.52,171.6,32509.25
2026-08-12 00:00:00,171.6,172.22,171.3,172.07,375223.2
2026-08-12 00:05:00,172.07,172.36,171.85,172.08,79819.29
2026-08-12 00:10:00,172.08,172.31,171.87,171.9,17644.16
2026-08-12 00:15:00,171.9,172.37,171.19,172.24,47228.04
2026-08-12 00:20:00,172.24,172.78,172.04,172.53,113164.18
2026-08-12 00:25:00,172.53,172.79,172.27,172.71,25696.62
2026-08-12 00:30:00,172.71,173.28,172.33,172.42,156214.25
2026-08-12 00:35:00,172.42,173.08,172.37,172.83,137440.52
2026-08-12 00:40:00,172.83,173.42,172.38,172.52,110932.14
2026-08-12 00:45:00,172.52,172.55,171.8,172.3,21099.79
2026-08-12 00:50:00,172.3,172.65,172.23,172.48,42163.55
2026-08-12 00:55:00,172.48,172.55,171.89,171.95,14055.12
2026-08-12 01:00:00,171.95,172.34,171.61,172.17,19991.05
2026-08-12 01:05:00,172.17,172.24,172.07,172.19,19424.79
2026-08-12 01:10:00,172.19,172.54,172.05,172.35,69124.43
2026-08-12 01:15:00,172.35,172.69,172.33,172.65,48940.28
2026-08-12 01:20:00,172.65,172.8,172.54,172.75,29155.91
2026-08-12 01:25:00,172.75,172.86,172.47,172.52,94612.19
2026-08-12 01:30:00,172.52,172.99,172.42,172.84,83172.03
2026-08-12 01:35:00,172.84,173.18,172.69,173.1,10709.86
2026-08-12 01:40:00,173.1,173.56,172.71,172.82,61109.18
2026-08-12 01:45:00,172.82,173.58,172.71,173.2,52052.28
2026-08-12 01:50:00,173.2,173.66,172.69,172.77,138212.28
2026-08-12 01:55:00,172.77,173.36,172.31,172.45,30926.83
2026-08-12 02:00:00,172.45,172.64,171.69,171.87,35263.81
2026-08-12 02:05:00,171.87,172.09,171.48,171.99,10427.59
2026-08-12 02:10:00,171.99,172.64,171.48,172.47,459744.11
2026-08-12 02:15:00,172.47,172.68,171.91,172.05,46351.91
2026-08-12 02:20:00,172.05,172.52,171.28,172.45,21462.26
2026-08-12 02:25:00,172.45,172.88,172.32,172.83,30923.12
2026-08-12 02:30:00,172.83,172.85,172.37,172.55,67383.18
2026-08-12 02:35:00,172.55,172.56,171.99,172.05,80012.73
2026-08-12 02:40:00,172.05,172.29,171.85,172.13,27055.72
2026-08-12 02:45:00,172.13,172.19,171.79,172.13,44431.71
2026-08-12 02:50:00,172.13,172.37,171.89,171.96,260559.46
2026-08-12 02:55:00,171.96,172.59,171.58,172.42,126351.46
2026-08-12 03:00:00,172.42,172.66,172.33,172.57,11757.33
2026-08-12 03:05:00,172.57,172.61,172.34,172.34,17004.4
2026-08-12 03:10:00,172.34,172.55,172.33,172.52,46217.17
2026-08-12 03:15:00,172.52,172.91,172.08,172.29,36750.88
2026-08-12 03:20:00,172.29,172.41,172.21,172.31,100614.19
2026-08-12 03:25:00,172.31,172.36,171.68,171.71,4422.21
2026-08-12 03:30:00,171.71,171.74,171.2,171.31,44193.13
2026-08-12 03:35:00,171.31,171.56,171.07,171.42,3368.89
2026-08-12 03:40:00,171.42,171.88,170.85,171.76,15246.61
2026-08-12 03:45:00,171.76,171.9,171.39,171.58,81341.35
2026-08-12 03:50:00,171.58,171.98,171.01,171.86,520595.24
2026-08-12 03:55:00,171.86,171.87,171.3,171.55,180589.96
2026-08-12 04:00:00,171.55,171.77,171.46,171.49,20947.29
2026-08-12 04:05:00,171.49,172.1,171.12,171.44,20990.38
2026-08-12 04:10:00,171.44,172.02,170.7,171.91,219083.47
2026-08-12 04:15:00,171.91,172.08,171.21,171.29,43190.25
2026-08-12 04:20:00,171.29,171.83,171.09,171.67,5822.9
2026-08-12 04:25:00,171.67,171.92,170.78,170.79,37753.05
2026-08-12 04:30:00,170.79,170.93,170.25,170.4,34514.44
2026-08-12 04:35:00,170.4,170.48,170.08,170.18,100034.32
2026-08-12 04:40:00,170.18,170.54,169.6,170.39,77553.63
2026-08-12 04:45:00,170.39,170.64,170.23,170.43,85093.18
2026-08-12 04:50:00,170.43,170.83,169.81,169.93,46842.84
2026-08-12 04:55:00,169.93,170.06,169.47,169.97,46197.1
2026-08-12 05:00:00,169.97,170.05,169.76,170.03,203842.66
2026-08-12 05:05:00,170.03,170.44,169.68,170.36,16688.14
2026-08-12 05:10:00,170.36,170.94,169.62,170.83,229186.62
2026-08-12 05:15:00,170.83,171.29,170.15,171.23,159562.41
2026-08-12 05:20:00,171.23,171.68,170.87,171.58,93309.47
2026-08-12 05:25:00,171.58,171.86,171.04,171.17,24716.87
2026-08-12 05:30:00,171.17,171.29,170.67,170.76,40452.76
2026-08-12 05:35:00,170.76,171.08,170.51,171.03,27885.6
2026-08-12 05:40:00,171.03,171.51,170.57,171.36,52028.17
2026-08-12 05:45:00,171.36,171.83,171.06,171.7,112703.68
2026-08-12 05:50:00,171.7,172.19,171.59,171.59,28784.59
2026-08-12 05:55:00,171.59,172.01,171.4,171.8,63479.38
2026-08-12 06:00:00,171.8,172.27,171.56,172.08,92632.54
2026-08-12 06:05:00,172.08,172.2,171.58,171.66,23952.69
2026-08-12 06:10:00,171.66,172.03,171.5,171.63,47616.1
2026-08-12 06:15:00,171.63,171.65,170.64,170.75,4298.85
2026-08-12 06:20:00,170.75,171.01,170.55,170.63,25159.63
2026-08-12 06:25:00,170.63,170.75,169.97,170.18,57912.95
2026-08-12 06:30:00,170.18,170.71,169.84,170.59,283680.73
2026-08-12 06:35:00,170.59,170.89,169.94,170.73,351960.15
2026-08-12 06:40:00,170.73,170.94,170.32,170.87,18357.33
2026-08-12 06:45:00,170.87,171.5,170.82,171.43,82012.44
2026-08-12 06:50:00,171.43,171.6,171.32,171.34,1821.2
2026-08-12 06:55:00,171.34,171.79,170.99,171.65,10148.3
2026-08-12 07:00:00,171.65,171.88,171.52,171.88,14256.84
2026-08-12 07:05:00,171.88,172.28,171.87,172.01,48094.79
2026-08-12 07:10:00,172.01,172.16,171.1,171.31,45860.27
2026-08-12 07:15:00,171.31,171.91,171.28,171.83,95716.35
2026-08-12 07:20:00,171.83,172.64,171.8,172.38,26325.69
2026-08-12 07:25:00,172.38,172.45,172.34,172.34,70508.33
2026-08-12 07:30:00,172.34,172.39,172.26,172.36,6124.73
2026-08-12 07:35:00,172.36,172.97,172.2,172.91,10652.26
2026-08-12 07:40:00,172.91,173.25,172.63,172.73,26202.09
2026-08-12 07:45:00,172.73,172.94,172.24,172.39,89709.33
2026-08-12 07:50:00,172.39,172.65,172.31,172.55,46651.12
2026-08-12 07:55:00,172.55,172.82,172.35,172.4,237476.23
2026-08-12 08:00:00,172.4,172.5,171.96,172.13,30360.64
2026-08-12 08:05:00,172.13,172.87,171.53,171.69,188534.64
2026-08-12 08:10:00,171.69,172.17,171.62,172.06,12311.05
2026-08-12 08:15:00,172.06,172.81,171.66,171.8,407843.27
2026-08-12 08:20:00,171.8,171.91,171.47,171.73,33449.27
2026-08-12 08:25:00,171.73,171.89,171.46,171.71,79259.44
2026-08-12 08:30:00,171.71,172.04,171.56,171.85,41323.19
2026-08-12 08:35:00,171.85,171.91,171.71,171.78,4527.61
2026-08-12 08:40:00,171.78,171.84,171.24,171.55,3330.92
2026-08-12 08:45:00,171.55,171.98,171.36,171.48,18234.35
2026-08-12 08:50:00,171.48,171.96,171.33,171.9,90631.72
2026-08-12 08:55:00,171.9,172.46,171.6,172.04,104299.78
2026-08-12 09:00:00,172.04,172.42,171.48,171.61,323767.01
2026-08-12 09:05:00,171.61,171.89,171.03,171.31,42306.38
2026-08-12 09:10:00,171.31,171.33,170.77,170.97,21426.42
2026-08-12 09:15:00,170.97,171.61,170.86,171.42,16468.34
2026-08-12 09:20:00,171.42,171.48,170.81,171.15,37071.23
2026-08-12 09:25:00,171.15,171.66,170.93,171.4,59507.6
2026-08-12 09:30:00,171.4,171.6,171.15,171.24,55608.27
2026-08-12 09:35:00,171.24,171.25,170.84,170.98,919.56
2026-08-12 09:40:00,170.98,171.11,170.9,171.07,5799.18
2026-08-12 09:45:00,171.07,171.52,171.01,171.39,57374.87
2026-08-12 09:50:00,171.39,171.87,171.13,171.79,25735.02
2026-08-12 09:55:00,171.79,171.93,171.54,171.85,16598.33
2026-08-12 10:00:00,171.85,172.05,170.93,171.5,42058.72
2026-08-12 10:05:00,171.5,171.98,171.39,171.79,61912.78
2026-08-12 10:10:00,171.79,172.28,171.42,172.03,44248.23
2026-08-12 10:15:00,172.03,172.41,171.75,171.77,42833.2
2026-08-12 10:20:00,171.77,172.04,170.76,171.43,28674.65
2026-08-12 10:25:00,171.43,171.47,171.28,171.33,26203.61
2026-08-12 10:30:00,171.33,171.54,170.99,170.99,30409.89
2026-08-12 10:35:00,170.99,171.57,170.92,171.46,114725.79
2026-08-12 10:40:00,171.46,171.66,171.12,171.25,66332.28
2026-08-12 10:45:00,171.25,171.62,170.61,170.8,6294.62
2026-08-12 10:50:00,170.8,171.18,170.52,170.69,75770.4
2026-08-12 10:55:00,170.69,171.39,170.58,171.28,67594.2
2026-08-12 11:00:00,171.28,171.37,171.02,171.18,25233.63
2026-08-12 11:05:00,171.18,171.5,171.13,171.35,57462.79
2026-08-12 11:10:00,171.35,171.42,170.59,170.7,36042.13
2026-08-12 11:15:00,170.7,170.99,170.59,170.8,15294.51
2026-08-12 11:20:00,170.8,170.96,170.68,170.81,49827.44
2026-08-12 11:25:00,170.81,170.96,170.57,170.73,6374.0
2026-08-12 11:30:00,170.73,171.16,170.54,171.01,32857.18
2026-08-12 11:35:00,171.01,171.38,170.68,171.22,268467.45
2026-08-12 11:40:00,171.22,171.38,170.96,171.0,767.22
2026-08-12 11:45:00,171.0,171.18,170.86,170.91,114273.26
2026-08-12 11:50:00,170.91,171.4,170.49,171.24,9850.67
2026-08-12 11:55:00,171.24,171.26,171.07,171.11,15932.1
2026-08-12 12:00:00,171.11,171.16,170.87,170.88,84306.19
2026-08-12 12:05:00,170.88,171.17,170.3,171.03,4068.97
2026-08-12 12:10:00,171.03,171.11,171.02,171.1,81228.51
2026-08-12 12:15:00,171.1,171.52,171.1,171.42,63407.07
2026-08-12 12:20:00,171.42,171.43,170.92,171.2,99495.87
2026-08-12 12:25:00,171.2,171.58,171.15,171.46,53676.75
2026-08-12 12:30:00,171.46,172.42,171.39,172.2,36213.54
2026-08-12 12:35:00,172.2,172.52,172.03,172.12,47498.85
2026-08-12 12:40:00,172.12,172.34,171.85,171.85,74244.03
2026-08-12 12:45:00,171.85,172.03,171.77,171.99,958.77
2026-08-12 12:50:00,171.99,172.28,171.81,171.86,106402.54
2026-08-12 12:55:00,171.86,172.55,171.62,172.54,11201.58
2026-08-12 13:00:00,172.54,172.74,172.23,172.43,1390.35
2026-08-12 13:05:00,172.43,172.67,171.76,172.09,133258.21
2026-08-12 13:10:00,172.09,172.74,172.04,172.38,12714.31
2026-08-12 13:15:00,172.38,172.56,172.31,172.4,46354.67
2026-08-12 13:20:00,172.4,172.67,172.39,172.65,25583.28
2026-08-12 13:25:00,172.65,173.35,171.99,172.15,58692.03
2026-08-12 13:30:00,172.15,173.05,172.05,172.66,133805.83
2026-08-12 13:35:00,172.66,173.36,172.02,172.17,327324.92
2026-08-12 13:40:00,172.17,172.54,172.14,172.16,42251.17
2026-08-12 13:45:00,172.16,172.18,172.03,172.08,8625.08
2026-08-12 13:50:00,172.08,172.25,171.84,172.24,86738.44
2026-08-12 13:55:00,172.24,172.53,171.89,172.11,52555.85
2026-08-12 14:00:00,172.11,172.33,171.94,172.19,97189.74
2026-08-12 14:05:00,172.19,172.6,172.1,172.28,54456.8
2026-08-12 14:10:00,172.28,172.36,171.65,172.09,75211.43
2026-08-12 14:15:00,172.09,172.3,171.99,172.06,30102.85
2026-08-12 14:20:00,172.06,172.38,171.94,172.32,108517.42
2026-08-12 14:25:00,172.32,172.77,172.3,172.47,91938.92
2026-08-12 14:30:00,172.47,172.5,172.31,172.45,21507.56
2026-08-12 14:35:00,172.45,173.0,172.45,172.72,9397.12
2026-08-12 14:40:00,172.72,173.24,172.63,172.92,34305.45
2026-08-12 14:45:00,172.92,173.26,172.76,172.85,85579.82
2026-08-12 14:50:00,172.85,173.23,172.72,173.2,300056.77
2026-08-12 14:55:00,173.2,173.61,172.72,172.88,87149.13
2026-08-12 15:00:00,172.88,173.2,172.6,172.72,3146.24
2026-08-12 15:05:00,172.72,172.76,172.41,172.54,2283.93
2026-08-12 15:10:00,172.54,173.24,172.48,173.03,32692.37
2026-08-12 15:15:00,173.03,173.04,172.9,172.93,34986.76
2026-08-12 15:20:00,172.93,172.99,172.77,172.78,40974.56
2026-08-12 15:25:00,172.78,173.23,172.31,172.44,235656.1
2026-08-12 15:30:00,172.44,172.46,172.33,172.4,48298.32
2026-08-12 15:35:00,172.4,172.57,171.79,172.29,57633.48
2026-08-12 15:40:00,172.29,172.69,172.23,172.55,56033.9
2026-08-12 15:45:00,172.55,172.65,172.42,172.53,97386.3
2026-08-12 15:50:00,172.53,172.54,172.12,172.48,20056.11
2026-08-12 15:55:00,172.48,172.78,171.86,172.29,75314.24
2026-08-12 16:00:00,172.29,172.67,172.23,172.66,77442.19
2026-08-12 16:05:00,172.66,172.94,172.22,172.26,8229.82
2026-08-12 16:10:00,172.26,172.45,171.48,171.62,23861.91
2026-08-12 16:15:00,171.62,171.73,171.2,171.24,44700.09
2026-08-12 16:20:00,171.24,171.36,170.95,170.99,6383.62
2026-08-12 16:25:00,170.99,171.04,170.7,170.93,38657.26
2026-08-12 16:30:00,170.93,171.1,170.82,170.98,10797.49
2026-08-12 16:35:00,170.98,171.18,170.61,170.69,2833.31
2026-08-12 16:40:00,170.69,171.01,170.19,170.91,159742.83
2026-08-12 16:45:00,170.91,171.47,170.52,171.38,60576.14
2026-08-12 16:50:00,171.38,171.54,171.28,171.38,44466.89
2026-08-12 16:55:00,171.38,171.67,171.36,171.54,208019.12
2026-08-12 17:00:00,171.54,171.62,171.08,171.17,31590.9
2026-08-12 17:05:00,171.17,171.65,170.41,171.51,5725.19
2026-08-12 17:10:00,171.51,171.74,171.41,171.64,178018.56
2026-08-12 17:15:00,171.64,172.01,171.64,171.86,36246.81
2026-08-12 17:20:00,171.86,172.69,171.75,172.69,29730.9
2026-08-12 17:25:00,172.69,172.89,172.23,172.62,26950.71
2026-08-12 17:30:00,172.62,172.74,172.15,172.19,59454.65
2026-08-12 17:35:00,172.19,172.49,172.07,172.21,75669.12
2026-08-12 17:40:00,172.21,172.34,172.01,172.05,73720.02
2026-08-12 17:45:00,172.05,172.43,172.01,172.28,111609.24
2026-08-12 17:50:00,172.28,172.36,172.07,172.08,81342.68
2026-08-12 17:55:00,172.08,172.28,171.54,172.16,5459.86
2026-08-12 18:00:00,172.16,172.26,171.57,171.67,203372.12
2026-08-12 18:05:00,171.67,171.82,171.43,171.81,30594.95
2026-08-12 18:10:00,171.81,172.0,171.59,171.83,53171.61
2026-08-12 18:15:00,171.83,172.14,171.7,171.96,10357.01
2026-08-12 18:20:00,171.96,172.24,171.91,172.09,89251.1
2026-08-12 18:25:00,172.09,172.37,172.06,172.32,6668.74
2026-08-12 18:30:00,172.32,172.46,172.06,172.37,94996.35
2026-08-12 18:35:00,172.37,173.08,172.28,172.79,1529.26
2026-08-12 18:40:00,172.79,172.81,172.03,172.37,2734.2
2026-08-12 18:45:00,172.37,172.56,171.93,172.05,131701.2
2026-08-12 18:50:00,172.05,172.27,171.7,171.78,132356.74
2026-08-12 18:55:00,171.78,172.57,171.61,172.56,25439.22
2026-08-12 19:00:00,172.56,172.59,172.22,172.57,79794.47
2026-08-12 19:05:00,172.57,173.21,172.47,172.94,13358.96
2026-08-12 19:10:00,172.94,173.21,172.84,173.12,35427.11
2026-08-12 19:15:00,173.12,173.62,172.57,172.72,414396.28
2026-08-12 19:20:00,172.72,172.93,172.54,172.71,44748.49
2026-08-12 19:25:00,172.71,172.91,172.58,172.88,6980.47
2026-08-12 19:30:00,172.88,172.96,172.19,172.6,20270.24
2026-08-12 19:35:00,172.6,172.68,172.39,172.41,91877.69
2026-08-12 19:40:00,172.41,172.95,172.3,172.93,115892.13
2026-08-12 19:45:00,172.93,173.12,172.57,172.77,27000.01
2026-08-12 19:50:00,172.77,173.52,172.4,172.55,39754.98
2026-08-12 19:55:00,172.55,172.62,172.22,172.24,68694.15
2026-08-12 20:00:00,172.24,172.49,172.04,172.23,40122.2
2026-08-12 20:05:00,172.23,172.55,171.58,171.99,124272.67
2026-08-12 20:10:00,171.99,172.28,171.55,172.22,51142.03
2026-08-12 20:15:00,172.22,172.38,171.89,171.92,10295.09
2026-08-12 20:20:00,171.92,172.58,171.81,172.28,5441.97
2026-08-12 20:25:00,172.28,173.08,172.21,172.82,96503.57
2026-08-12 20:30:00,172.82,172.95,172.66,172.68,57756.21
2026-08-12 20:35:00,172.68,172.92,172.08,172.11,576.95
2026-08-12 20:40:00,172.11,172.34,172.01,172.08,100311.1
2026-08-12 20:45:00,172.08,172.14,171.24,171.49,28805.61
2026-08-12 20:50:00,171.49,171.63,171.44,171.47,53908.67
2026-08-12 20:55:00,171.47,171.48,171.08,171.22,18487.73
2026-08-12 21:00:00,171.22,171.27,170.88,171.19,73140.51
2026-08-12 21:05:00,171.19,171.65,171.03,171.36,7671.6
2026-08-12 21:10:00,171.36,171.6,171.01,171.14,44474.73
2026-08-12 21:15:00,171.14,171.64,171.11,171.48,140344.54
2026-08-12 21:20:00,171.48,172.3,171.34,172.18,4139.13
2026-08-12 21:25:00,172.18,172.26,171.92,172.17,10847.14
2026-08-12 21:30:00,172.17,172.26,171.55,171.62,26703.27
2026-08-12 21:35:00,171.62,171.97,171.52,171.87,4604.97
2026-08-12 21:40:00,171.87,172.76,171.75,172.23,140200.87
2026-08-12 21:45:00,172.23,172.5,172.09,172.26,2792.42
2026-08-12 21:50:00,172.26,172.54,172.09,172.3,7213.19
2026-08-12 21:55:00,172.3,172.46,172.2,172.37,71653.23
2026-08-12 22:00:00,172.37,172.79,171.63,171.76,234762.96
2026-08-12 22:05:00,171.76,172.33,171.43,172.22,57491.38
2026-08-12 22:10:00,172.22,172.31,171.16,171.43,21073.09
2026-08-12 22:15:00,171.43,171.65,171.31,171.54,39784.44
2026-08-12 22:20:00,171.54,171.72,171.16,171.27,19184.99
2026-08-12 22:25:00,171.27,171.58,170.96,171.52,4741.9
2026-08-12 22:30:00,171.52,171.89,171.29,171.55,157683.85
2026-08-12 22:35:00,171.55,171.76,170.74,170.98,20921.29
2026-08-12 22:40:00,170.98,171.16,170.42,170.83,8373.29
2026-08-12 22:45:00,170.83,171.13,170.81,171.03,40049.22
2026-08-12 22:50:00,171.03,171.52,170.79,171.28,33466.14
2026-08-12 22:55:00,171.28,171.86,171.03,171.22,3798.31
2026-08-12 23:00:00,171.22,171.35,170.81,170.87,37055.16
2026-08-12 23:05:00,170.87,171.35,170.85,170.97,76890.04
2026-08-12 23:10:00,170.97,171.02,170.26,170.64,59701.89
2026-08-12 23:15:00,170.64,170.72,170.14,170.48,59116.51
2026-08-12 23:20:00,170.48,170.8,170.18,170.41,167917.95
2026-08-12 23:25:00,170.41,171.09,170.2,170.73,193969.73
2026-08-12 23:30:00,170.73,171.11,170.26,170.96,33678.75
2026-08-12 23:35:00,170.96,171.13,170.92,170.98,110032.47
2026-08-12 23:40:00,170.98,171.25,170.82,171.14,38494.88
2026-08-12 23:45:00,171.14,171.19,171.07,171.18,70950.17
2026-08-12 23:50:00,171.18,171.54,171.14,171.5,103752.06
2026-08-12 23:55:00,171.5,171.81,171.49,171.62,9465.61
2026-08-13 00:00:00,171.62,172.0,171.19,171.28,50927.43
2026-08-13 00:05:00,171.28,171.53,171.21,171.43,119481.04
2026-08-13 00:10:00,171.43,171.64,170.9,171.01,31894.27
2026-08-13 00:15:00,171.01,171.25,170.79,171.07,170349.58
2026-08-13 00:20:00,171.07,171.19,170.87,170.88,136423.92
2026-08-13 00:25:00,170.88,170.97,170.47,170.65,2439.9
2026-08-13 00:30:00,170.65,170.7,170.2,170.42,49777.47
2026-08-13 00:35:00,170.42,170.91,169.91,170.79,127641.2
2026-08-13 00:40:00,170.79,171.01,170.63,170.69,8509.94
2026-08-13 00:45:00,170.69,171.28,170.42,171.19,182270.95
2026-08-13 00:50:00,171.19,171.25,171.06,171.12,43777.01
2026-08-13 00:55:00,171.12,171.45,170.61,171.04,21332.68
2026-08-13 01:00:00,171.04,171.35,170.88,171.3,70489.15
2026-08-13 01:05:00,171.3,171.45,171.03,171.16,33580.84
2026-08-13 01:10:00,171.16,171.61,171.04,171.3,83036.48
2026-08-13 01:15:00,171.3,171.79,171.27,171.71,41339.26
2026-08-13 01:20:00,171.71,171.71,171.05,171.22,16765.07
2026-08-13 01:25:00,171.22,171.27,170.78,170.88,26147.09
2026-08-13 01:30:00,170.88,170.93,170.03,170.28,17142.96
2026-08-13 01:35:00,170.28,170.47,170.01,170.11,754.11
2026-08-13 01:40:00,170.11,170.39,169.62,170.33,100582.15
2026-08-13 01:45:00,170.33,170.89,170.01,170.7,38854.62
2026-08-13 01:50:00,170.7,170.97,170.05,170.26,19789.24
2026-08-13 01:55:00,170.26,170.88,169.61,170.73,86242.93
2026-08-13 02:00:00,170.73,171.3,170.25,171.18,285605.66
2026-08-13 02:05:00,171.18,171.2,170.94,171.15,55810.88
2026-08-13 02:10:00,171.15,171.27,170.31,170.46,205963.91
2026-08-13 02:15:00,170.46,171.1,169.82,170.96,147251.31
2026-08-13 02:20:00,170.96,171.19,170.75,170.9,15845.54
2026-08-13 02:25:00,170.9,171.79,170.79,171.6,171232.68
2026-08-13 02:30:00,171.6,171.81,171.05,171.22,20685.19
2026-08-13 02:35:00,171.22,171.25,171.07,171.1,6411.48
2026-08-13 02:40:00,171.1,171.4,171.07,171.22,168111.11
2026-08-13 02:45:00,171.22,171.29,170.84,171.03,24823.34
2026-08-13 02:50:00,171.03,171.78,170.92,171.76,91603.36
2026-08-13 02:55:00,171.76,172.18,171.61,171.8,53354.26
2026-08-13 03:00:00,171.8,172.81,171.55,172.61,46501.07
2026-08-13 03:05:00,172.61,173.12,172.45,172.75,95683.82
2026-08-13 03:10:00,172.75,173.3,172.61,173.07,1333.01
2026-08-13 03:15:00,173.07,173.19,172.84,173.03,114177.2
2026-08-13 03:20:00,173.03,173.21,172.76,172.83,32768.65
2026-08-13 03:25:00,172.83,173.17,172.65,172.72,175289.34
2026-08-13 03:30:00,172.72,173.0,172.61,172.92,8109.14
2026-08-13 03:35:00,172.92,173.37,172.77,173.27,48829.07
2026-08-13 03:40:00,173.27,173.59,173.01,173.07,21804.87
2026-08-13 03:45:00,173.07,173.58,172.76,173.14,50408.34
2026-08-13 03:50:00,173.14,173.45,172.52,172.65,594373.16
2026-08-13 03:55:00,172.65,172.69,172.08,172.3,156627.66
2026-08-13 04:00:00,172.3,172.93,172.18,172.65,2976.05
2026-08-13 04:05:00,172.65,172.74,172.2,172.34,36236.0
2026-08-13 04:10:00,172.34,172.44,171.96,172.01,19223.53
2026-08-13 04:15:00,172.01,172.18,171.71,171.91,84390.38
2026-08-13 04:20:00,171.91,171.97,171.81,171.94,35587.21
2026-08-13 04:25:00,171.94,172.16,171.65,171.79,6800.77
2026-08-13 04:30:00,171.79,172.06,171.53,171.67,153406.48
2026-08-13 04:35:00,171.67,171.75,171.23,171.45,73132.5
2026-08-13 04:40:00,171.45,171.58,171.24,171.45,127132.2
2026-08-13 04:45:00,171.45,171.56,170.5,170.82,110038.43
2026-08-13 04:50:00,170.82,171.05,170.34,170.57,10092.03
2026-08-13 04:55:00,170.57,170.62,169.64,169.75,64144.45
2026-08-13 05:00:00,169.75,169.91,169.39,169.54,156035.86
2026-08-13 05:05:00,169.54,169.58,168.88,169.11,38939.83
2026-08-13 05:10:00,169.11,169.7,168.64,169.54,346679.45
2026-08-13 05:15:00,169.54,169.6,169.1,169.14,52752.06
2026-08-13 05:20:00,169.14,169.55,168.78,169.42,1010294.76
2026-08-13 05:25:00,169.42,169.85,169.05,169.17,279014.52
2026-08-13 05:30:00,169.17,169.49,169.08,169.44,7772.81
2026-08-13 05:35:00,169.44,169.95,168.97,169.88,341629.75
2026-08-13 05:40:00,169.88,170.07,169.3,169.7,9216.06
2026-08-13 05:45:00,169.7,169.79,168.55,168.7,71864.45
2026-08-13 05:50:00,168.7,169.4,168.43,169.19,19567.89
2026-08-13 05:55:00,169.19,169.57,168.68,169.47,152098.96
2026-08-13 06:00:00,169.47,169.85,168.86,169.73,410841.52
2026-08-13 06:05:00,169.73,170.02,169.64,170.0,1794.33
2026-08-13 06:10:00,170.0,170.17,169.43,169.77,28174.79
2026-08-13 06:15:00,169.77,170.27,169.42,169.92,29918.98
2026-08-13 06:20:00,169.92,169.95,169.72,169.78,26880.84
2026-08-13 06:25:00,169.78,169.9,169.52,169.59,47402.81
2026-08-13 06:30:00,169.59,170.05,168.85,169.99,230609.0
2026-08-13 06:35:00,169.99,170.53,169.9,170.13,12998.92
2026-08-13 06:40:00,170.13,170.66,169.97,170.2,9832.73
2026-08-13 06:45:00,170.2,170.32,169.8,169.98,81265.46
2026-08-13 06:50:00,169.98,170.36,169.56,170.28,58772.05
2026-08-13 06:55:00,170.28,170.48,170.02,170.11,82138.93
2026-08-13 07:00:00,170.11,170.58,169.64,170.43,308662.06
2026-08-13 07:05:00,170.43,171.02,170.09,170.88,65801.54
2026-08-13 07:10:00,170.88,171.09,170.56,170.87,115169.66
2026-08-13 07:15:00,170.87,171.21,170.74,170.89,26983.48
2026-08-13 07:20:00,170.89,170.99,170.64,170.82,21221.03
2026-08-13 07:25:00,170.82,171.0,170.7,170.85,41695.07
2026-08-13 07:30:00,170.85,171.11,170.09,170.21,12144.03
2026-08-13 07:35:00,170.21,170.21,169.96,170.0,126018.13
2026-08-13 07:40:00,170.0,170.31,169.83,169.91,48834.67
2026-08-13 07:45:00,169.91,170.25,169.67,169.86,6231.36
2026-08-13 07:50:00,169.86,169.88,169.44,169.66,47293.05
2026-08-13 07:55:00,169.66,170.15,169.6,169.75,16855.45
2026-08-13 08:00:00,169.75,169.76,169.64,169.75,23751.59
2026-08-13 08:05:00,169.75,170.16,169.52,170.07,54421.81
2026-08-13 08:10:00,170.07,170.37,169.71,170.2,32411.74
2026-08-13 08:15:00,170.2,170.53,170.13,170.33,85433.41
2026-08-13 08:20:00,170.33,170.62,170.19,170.53,53298.99
2026-08-13 08:25:00,170.53,170.6,169.65,170.11,16518.7
2026-08-13 08:30:00,170.11,170.46,169.8,169.85,4319.15
2026-08-13 08:35:00,169.85,169.93,169.72,169.93,12075.99
2026-08-13 08:40:00,169.93,169.99,169.49,169.56,76595.07
2026-08-13 08:45:00,169.56,169.75,169.45,169.7,15146.69
2026-08-13 08:50:00,169.7,169.88,169.57,169.86,4873.29
2026-08-13 08:55:00,169.86,170.95,169.66,170.34,11442.0
2026-08-13 09:00:00,170.34,170.82,169.92,170.42,37475.23
2026-08-13 09:05:00,170.42,170.58,170.0,170.06,229558.28
2026-08-13 09:10:00,170.06,170.15,169.83,169.88,44406.77
2026-08-13 09:15:00,169.88,170.43,169.56,170.25,4740.95
2026-08-13 09:20:00,170.25,170.68,169.92,170.41,12106.19
2026-08-13 09:25:00,170.41,170.85,169.98,170.4,24660.43
2026-08-13 09:30:00,170.4,170.67,170.25,170.36,1426.29
2026-08-13 09:35:00,170.36,170.94,170.11,170.58,66619.14
2026-08-13 09:40:00,170.58,170.59,170.22,170.39,40305.62
2026-08-13 09:45:00,170.39,170.64,170.22,170.53,17468.75
2026-08-13 09:50:00,170.53,171.2,170.36,170.98,63142.21
2026-08-13 09:55:00,170.98,171.06,170.35,170.87,26739.51
2026-08-13 10:00:00,170.87,171.09,170.69,171.04,11360.74
2026-08-13 10:05:00,171.04,171.39,171.03,171.26,88313.81
2026-08-13 10:10:00,171.26,171.28,171.0,171.09,61126.85
2026-08-13 10:15:00,171.09,171.51,170.92,171.18,18352.78
2026-08-13 10:20:00,171.18,171.41,170.77,171.04,133141.98
2026-08-13 10:25:00,171.04,171.11,170.79,170.83,4461.79
2026-08-13 10:30:00,170.83,170.96,170.42,170.46,3474.7
2026-08-13 10:35:00,170.46,171.06,170.27,170.92,42297.13
2026-08-13 10:40:00,170.92,171.07,170.6,171.04,120655.85
2026-08-13 10:45:00,171.04,171.07,170.36,170.55,84.23
2026-08-13 10:50:00,170.55,170.66,170.3,170.59,10029.06
2026-08-13 10:55:00,170.59,170.67,170.32,170.52,51671.03
2026-08-13 11:00:00,170.52,170.66,170.25,170.62,10818.69
2026-08-13 11:05:00,170.62,171.21,170.57,170.9,25095.17
2026-08-13 11:10:00,170.9,170.93,170.54,170.74,24600.23
2026-08-13 11:15:00,170.74,171.47,170.51,171.44,59478.72
2026-08-13 11:20:00,171.44,171.7,171.41,171.69,90203.91
2026-08-13 11:25:00,171.69,171.87,171.69,171.78,23441.89
2026-08-13 11:30:00,171.78,172.07,171.49,171.52,116509.35
2026-08-13 11:35:00,171.52,171.57,171.5,171.53,28373.96
2026-08-13 11:40:00,171.53,171.6,171.43,171.6,73787.56
2026-08-13 11:45:00,171.6,171.74,171.48,171.52,989.06
2026-08-13 11:50:00,171.52,171.62,171.41,171.5,28492.72
2026-08-13 11:55:00,171.5,171.71,171.4,171.67,35226.2
2026-08-13 12:00:00,171.67,172.24,171.53,172.0,25681.56
2026-08-13 12:05:00,172.0,172.35,171.47,171.58,423321.91
2026-08-13 12:10:00,171.58,171.85,170.82,171.12,39576.68
2026-08-13 12:15:00,171.12,171.18,170.46,170.65,23756.56
2026-08-13 12:20:00,170.65,170.91,170.43,170.79,13811.61
2026-08-13 12:25:00,170.79,171.1,170.64,170.98,44961.94
2026-08-13 12:30:00,170.98,171.29,170.95,171.15,2422.81
2026-08-13 12:35:00,171.15,171.41,170.88,171.32,51379.57
2026-08-13 12:40:00,171.32,171.39,171.26,171.38,8080.97
2026-08-13 12:45:00,171.38,171.44,170.74,171.0,78332.49
2026-08-13 12:50:00,171.0,171.2,170.47,170.79,104714.77
2026-08-13 12:55:00,170.79,171.01,170.21,170.61,85937.68
2026-08-13 13:00:00,170.61,170.81,169.87,170.2,165531.77
2026-08-13 13:05:00,170.2,170.4,170.02,170.22,108574.69
2026-08-13 13:10:00,170.22,170.24,169.8,170.02,9532.55
2026-08-13 13:15:00,170.02,170.69,169.77,170.63,11634.95
2026-08-13 13:20:00,170.63,170.77,170.34,170.37,126312.42
2026-08-13 13:25:00,170.37,170.88,169.51,169.95,131796.98
2026-08-13 13:30:00,169.95,170.31,169.92,170.17,18185.39
2026-08-13 13:35:00,170.17,170.58,170.07,170.48,6132.72
2026-08-13 13:40:00,170.48,170.85,170.1,170.69,34153.42
2026-08-13 13:45:00,170.69,170.72,170.37,170.72,31081.53
2026-08-13 13:50:00,170.72,170.93,170.6,170.85,27111.81
2026-08-13 13:55:00,170.85,171.2,170.72,171.19,70284.63
2026-08-13 14:00:00,171.19,171.49,170.94,171.27,4624.59
2026-08-13 14:05:00,171.27,172.2,171.18,172.12,27739.17
2026-08-13 14:10:00,172.12,172.76,171.73,171.81,218550.17
2026-08-13 14:15:00,171.81,172.26,171.75,172.2,111014.29
2026-08-13 14:20:00,172.2,172.51,171.69,171.84,198125.32
2026-08-13 14:25:00,171.84,171.94,171.77,171.84,41672.57
2026-08-13 14:30:00,171.84,171.85,171.5,171.62,4406.82
2026-08-13 14:35:00,171.62,172.05,171.61,171.91,16628.11
2026-08-13 14:40:00,171.91,172.28,171.76,172.16,77613.55
2026-08-13 14:45:00,172.16,172.76,171.74,171.82,323138.93
2026-08-13 14:50:00,171.82,172.54,171.28,171.45,348507.62
2026-08-13 14:55:00,171.45,171.51,171.0,171.12,42081.5
2026-08-13 15:00:00,171.12,171.19,170.94,171.14,80986.79
2026-08-13 15:05:00,171.14,171.46,170.96,171.04,125713.06
2026-08-13 15:10:00,171.04,171.54,170.95,171.4,35258.32
2026-08-13 15:15:00,171.4,171.49,171.36,171.4,23205.65
2026-08-13 15:20:00,171.4,171.74,170.99,171.01,21861.25
2026-08-13 15:25:00,171.01,171.17,170.59,170.8,12705.07
2026-08-13 15:30:00,170.8,171.22,170.71,171.19,119343.53
2026-08-13 15:35:00,171.19,171.39,170.79,171.12,80327.54
2026-08-13 15:40:00,171.12,171.16,170.8,170.97,105820.75
2026-08-13 15:45:00,170.97,171.06,170.89,171.02,124851.02
2026-08-13 15:50:00,171.02,171.34,170.91,170.97,129783.2
2026-08-13 15:55:00,170.97,171.03,170.83,170.94,49483.77
2026-08-13 16:00:00,170.94,171.15,170.41,170.83,47505.67
2026-08-13 16:05:00,170.83,171.06,170.02,170.29,53762.7
2026-08-13 16:10:00,170.29,170.38,170.22,170.24,123088.45
2026-08-13 16:15:00,170.24,170.75,169.76,170.6,182438.95
2026-08-13 16:20:00,170.6,170.93,170.45,170.9,50822.51
2026-08-13 16:25:00,170.9,171.65,170.83,171.44,70084.86
2026-08-13 16:30:00,171.44,172.35,171.28,172.25,53302.5
2026-08-13 16:35:00,172.25,172.93,172.18,172.78,50872.48
2026-08-13 16:40:00,172.78,173.06,172.43,172.49,78788.21
2026-08-13 16:45:00,172.49,172.57,171.97,172.3,65778.5
2026-08-13 16:50:00,172.3,172.75,172.2,172.7,41290.89
2026-08-13 16:55:00,172.7,173.1,172.68,172.85,18057.28
2026-08-13 17:00:00,172.85,173.01,172.64,172.85,11254.48
2026-08-13 17:05:00,172.85,172.91,172.59,172.68,5674.46
2026-08-13 17:10:00,172.68,172.88,172.41,172.75,109637.23
2026-08-13 17:15:00,172.75,172.82,172.28,172.41,8780.17
2026-08-13 17:20:00,172.41,172.82,172.1,172.26,718274.14
2026-08-13 17:25:00,172.26,172.87,172.25,172.66,136959.79
2026-08-13 17:30:00,172.66,173.3,172.06,172.21,85229.83
2026-08-13 17:35:00,172.21,172.35,171.62,171.64,83585.07
2026-08-13 17:40:00,171.64,171.77,170.79,171.1,18935.17
2026-08-13 17:45:00,171.1,171.1,170.64,171.02,8318.07
2026-08-13 17:50:00,171.02,171.19,170.29,170.56,96562.25
2026-08-13 17:55:00,170.56,170.73,170.44,170.48,8529.11
2026-08-13 18:00:00,170.48,170.59,170.48,170.59,4401.82
2026-08-13 18:05:00,170.59,170.83,170.41,170.46,40534.0
2026-08-13 18:10:00,170.46,171.05,170.46,170.75,84605.5
2026-08-13 18:15:00,170.75,171.47,170.55,171.34,38358.02
2026-08-13 18:20:00,171.34,171.59,171.29,171.53,8349.06
2026-08-13 18:25:00,171.53,171.72,171.37,171.6,32049.55
2026-08-13 18:30:00,171.6,171.71,171.34,171.38,85140.4
2026-08-13 18:35:00,171.38,171.5,171.34,171.35,62316.48
2026-08-13 18:40:00,171.35,171.45,170.79,171.04,59460.42
2026-08-13 18:45:00,171.04,171.32,170.92,171.14,9172.82
2026-08-13 18:50:00,171.14,171.16,170.83,171.11,71462.82
2026-08-13 18:55:00,171.11,171.22,170.79,171.1,21315.96
2026-08-13 19:00:00,171.1,171.34,170.96,171.01,27201.45
2026-08-13 19:05:00,171.01,171.2,170.91,171.14,369.11
2026-08-13 19:10:00,171.14,171.44,171.02,171.24,39173.6
2026-08-13 19:15:00,171.24,171.3,170.81,170.87,80979.27
2026-08-13 19:20:00,170.87,171.05,170.73,170.74,45943.25
2026-08-13 19:25:00,170.74,170.78,170.39,170.41,19973.84
2026-08-13 19:30:00,170.41,170.83,169.99,170.77,16095.47
2026-08-13 19:35:00,170.77,171.03,170.73,170.84,16267.17
2026-08-13 19:40:00,170.84,171.03,170.81,170.82,65152.2
2026-08-13 19:45:00,170.82,171.31,170.68,171.24,22222.45
2026-08-13 19:50:00,171.24,171.42,170.98,171.08,12211.89
2026-08-13 19:55:00,171.08,171.22,170.95,171.21,25351.68
2026-08-13 20:00:00,171.21,171.45,171.11,171.27,22947.32
2026-08-13 20:05:00,171.27,171.35,170.99,171.16,42255.42
2026-08-13 20:10:00,171.16,171.47,171.11,171.41,33124.06
2026-08-13 20:15:00,171.41,171.8,171.37,171.74,26325.83
2026-08-13 20:20:00,171.74,171.94,171.7,171.88,106670.19
2026-08-13 20:25:00,171.88,171.94,171.68,171.7,189440.21
2026-08-13 20:30:00,171.7,171.71,171.54,171.62,32300.66
2026-08-13 20:35:00,171.62,171.77,171.48,171.52,131345.44
2026-08-13 20:40:00,171.52,171.56,170.73,171.1,75188.18
2026-08-13 20:45:00,171.1,171.39,170.92,171.25,38521.92
2026-08-13 20:50:00,171.25,171.81,171.19,171.74,6801.89
2026-08-13 20:55:00,171.74,171.85,171.15,171.59,30870.73
2026-08-13 21:00:00,171.59,171.82,170.51,171.03,34205.77
2026-08-13 21:05:00,171.03,171.07,170.42,170.69,83724.27
2026-08-13 21:10:00,170.69,170.79,170.29,170.46,168684.74
2026-08-13 21:15:00,170.46,170.46,169.93,170.1,15523.35
2026-08-13 21:20:00,170.1,170.23,169.97,170.2,25227.23
2026-08-13 21:25:00,170.2,170.46,170.07,170.4,23716.25
2026-08-13 21:30:00,170.4,170.63,169.67,169.79,19525.06
2026-08-13 21:35:00,169.79,170.28,169.3,169.44,21229.36
2026-08-13 21:40:00,169.44,169.54,169.29,169.32,23158.18
2026-08-13 21:45:00,169.32,169.57,168.9,169.51,87817.63
2026-08-13 21:50:00,169.51,170.1,169.25,169.94,435957.89
2026-08-13 21:55:00,169.94,170.51,169.87,170.38,1214.85
2026-08-13 22:00:00,170.38,170.61,169.86,169.92,367.85
2026-08-13 22:05:00,169.92,170.12,169.74,169.8,50219.36
2026-08-13 22:10:00,169.8,170.1,169.74,169.96,9035.09
2026-08-13 22:15:00,169.96,170.21,169.69,170.11,106084.97
2026-08-13 22:20:00,170.11,170.17,169.74,169.88,968.8
2026-08-13 22:25:00,169.88,169.93,169.73,169.79,26523.46
2026-08-13 22:30:00,169.79,170.12,169.54,170.02,307660.26
2026-08-13 22:35:00,170.02,170.6,169.71,170.51,220626.73
2026-08-13 22:40:00,170.51,170.53,170.1,170.11,26201.91
2026-08-13 22:45:00,170.11,170.15,169.87,169.92,36024.56
2026-08-13 22:50:00,169.92,170.31,169.39,170.19,30023.12
2026-08-13 22:55:00,170.19,170.6,169.59,170.44,430360.53
2026-08-13 23:00:00,170.44,170.46,169.86,170.16,35652.81
2026-08-13 23:05:00,170.16,170.39,170.16,170.29,58515.81
2026-08-13 23:10:00,170.29,170.62,169.79,169.86,76566.32
2026-08-13 23:15:00,169.86,169.87,169.67,169.77,10443.71
2026-08-13 23:20:00,169.77,170.21,169.06,170.06,136300.22
2026-08-13 23:25:00,170.06,170.23,169.34,169.37,51761.37
2026-08-13 23:30:00,169.37,169.48,168.96,169.3,38761.07
2026-08-13 23:35:00,169.3,169.54,169.12,169.53,52283.22
2026-08-13 23:40:00,169.53,169.83,168.96,169.02,13776.26
2026-08-13 23:45:00,169.02,169.39,168.26,169.33,96208.08
2026-08-13 23:50:00,169.33,169.89,168.98,169.81,7360.86
2026-08-13 23:55:00,169.81,169.99,169.51,169.72,19913.34
2026-08-14 00:00:00,169.72,169.8,169.14,169.18,34322.17
2026-08-14 00:05:00,169.18,169.47,168.6,169.34,269935.86
2026-08-14 00:10:00,169.34,169.51,169.34,169.38,9766.96
2026-08-14 00:15:00,169.38,169.75,169.25,169.69,25828.27
2026-08-14 00:20:00,169.69,169.75,169.02,169.12,49781.45
2026-08-14 00:25:00,169.12,169.22,168.84,168.88,31715.57
2026-08-14 00:30:00,168.88,169.16,168.72,168.92,14661.07
2026-08-14 00:35:00,168.92,169.83,168.89,169.57,35214.79
2026-08-14 00:40:00,169.57,169.86,169.24,169.37,12521.18
2026-08-14 00:45:00,169.37,169.61,169.05,169.56,37745.61
2026-08-14 00:50:00,169.56,169.57,169.4,169.53,66779.69
2026-08-14 00:55:00,169.53,170.03,168.93,169.92,44220.17
2026-08-14 01:00:00,169.92,170.39,169.74,170.09,91217.87
2026-08-14 01:05:00,170.09,170.28,169.73,169.77,163169.33
2026-08-14 01:10:00,169.77,169.96,169.53,169.56,25637.38
2026-08-14 01:15:00,169.56,169.74,168.67,168.68,93562.64
2026-08-14 01:20:00,168.68,169.14,168.68,169.01,55963.2
2026-08-14 01:25:00,169.01,169.51,168.68,169.42,175703.05
2026-08-14 01:30:00,169.42,169.67,168.8,169.61,19319.64
2026-08-14 01:35:00,169.61,170.12,169.28,170.03,460239.99
2026-08-14 01:40:00,170.03,170.63,169.79,170.28,211158.41
2026-08-14 01:45:00,170.28,170.35,169.65,170.19,54270.42
2026-08-14 01:50:00,170.19,170.23,169.48,169.74,11226.15
2026-08-14 01:55:00,169.74,169.98,169.37,169.45,70123.75
2026-08-14 02:00:00,169.45,169.59,168.96,169.36,24178.97
2026-08-14 02:05:00,169.36,169.46,169.24,169.3,80584.49
2026-08-14 02:10:00,169.3,169.57,169.23,169.46,27611.58
2026-08-14 02:15:00,169.46,169.75,169.03,169.68,469945.46
2026-08-14 02:20:00,169.68,170.05,169.6,169.66,51757.49
2026-08-14 02:25:00,169.66,170.33,169.63,170.28,22808.41
2026-08-14 02:30:00,170.28,170.48,169.93,170.08,35799.05
2026-08-14 02:35:00,170.08,170.59,169.82,170.36,29819.82
2026-08-14 02:40:00,170.36,170.61,170.2,170.44,6927.64
2026-08-14 02:45:00,170.44,170.51,170.01,170.27,2717.15
2026-08-14 02:50:00,170.27,170.57,170.23,170.25,20754.63
2026-08-14 02:55:00,170.25,170.49,170.04,170.12,149356.49
2026-08-14 03:00:00,170.12,170.17,169.56,169.57,28108.96
2026-08-14 03:05:00,169.57,169.71,168.84,169.36,4697.9
2026-08-14 03:10:00,169.36,169.63,169.21,169.43,5165.23
2026-08-14 03:15:00,169.43,169.77,169.2,169.75,7505.56
2026-08-14 03:20:00,169.75,170.03,169.2,169.28,14319.94
2026-08-14 03:25:00,169.28,169.33,168.96,169.11,331.26
2026-08-14 03:30:00,169.11,169.31,168.72,168.83,9319.67
2026-08-14 03:35:00,168.83,169.13,168.62,168.79,20009.3
2026-08-14 03:40:00,168.79,169.17,168.61,169.12,3999.97
2026-08-14 03:45:00,169.12,169.16,168.73,168.79,80768.58
2026-08-14 03:50:00,168.79,168.88,168.37,168.41,30273.85
2026-08-14 03:55:00,168.41,168.58,168.18,168.33,17243.4
2026-08-14 04:00:00,168.33,168.5,168.25,168.48,8385.1
2026-08-14 04:05:00,168.48,168.66,168.43,168.52,35164.96
2026-08-14 04:10:00,168.52,168.62,168.17,168.43,63189.19
2026-08-14 04:15:00,168.43,168.94,167.75,168.65,55132.87
2026-08-14 04:20:00,168.65,168.94,168.38,168.87,33143.0
2026-08-14 04:25:00,168.87,168.94,168.84,168.85,3922.54
2026-08-14 04:30:00,168.85,169.02,168.84,168.91,119494.47
2026-08-14 04:35:00,168.91,169.02,168.89,169.0,2933.16
2026-08-14 04:40:00,169.0,169.41,168.87,169.33,72913.5
2026-08-14 04:45:00,169.33,169.46,168.55,168.7,56131.74
2026-08-14 04:50:00,168.7,169.16,168.02,169.07,435160.74
2026-08-14 04:55:00,169.07,169.19,168.75,169.02,44677.35
2026-08-14 05:00:00,169.02,169.05,168.3,168.88,23194.05
2026-08-14 05:05:00,168.88,169.38,168.53,169.31,100629.24
2026-08-14 05:10:00,169.31,169.48,169.11,169.42,74687.65
2026-08-14 05:15:00,169.42,169.73,169.07,169.35,21532.89
2026-08-14 05:20:00,169.35,169.63,169.06,169.2,51535.27
2026-08-14 05:25:00,169.2,169.39,169.04,169.35,2393.59
2026-08-14 05:30:00,169.35,169.55,168.93,169.13,21077.6
2026-08-14 05:35:00,169.13,169.23,168.95,169.02,22754.1
2026-08-14 05:40:00,169.02,169.05,168.87,169.05,24700.92
2026-08-14 05:45:00,169.05,169.09,168.1,168.55,38824.78
2026-08-14 05:50:00,168.55,168.84,168.28,168.69,177070.87
2026-08-14 05:55:00,168.69,169.2,168.25,169.08,170070.48
2026-08-14 06:00:00,169.08,169.43,168.84,169.33,63679.7
2026-08-14 06:05:00,169.33,169.48,169.21,169.31,28034.93
2026-08-14 06:10:00,169.31,169.37,169.01,169.12,8922.13
2026-08-14 06:15:00,169.12,169.21,168.43,168.56,65731.71
2026-08-14 06:20:00,168.56,168.62,167.91,167.97,5700.03
2026-08-14 06:25:00,167.97,168.43,167.68,168.34,66075.53
2026-08-14 06:30:00,168.34,168.41,168.02,168.21,5323.9
2026-08-14 06:35:00,168.21,168.38,168.09,168.3,66888.82
2026-08-14 06:40:00,168.3,168.97,168.27,168.66,143350.6
2026-08-14 06:45:00,168.66,169.07,168.28,168.92,1840.18
2026-08-14 06:50:00,168.92,169.38,168.78,169.12,4318.28
2026-08-14 06:55:00,169.12,169.64,169.09,169.59,130930.93
2026-08-14 07:00:00,169.59,169.91,169.53,169.85,29064.68
2026-08-14 07:05:00,169.85,170.14,169.51,169.61,6430.06
2026-08-14 07:10:00,169.61,169.8,169.54,169.7,15560.3
2026-08-14 07:15:00,169.7,169.76,168.79,168.94,76824.37
2026-08-14 07:20:00,168.94,169.18,168.91,168.95,47546.48
2026-08-14 07:25:00,168.95,169.15,168.6,168.67,50468.7
2026-08-14 07:30:00,168.67,168.82,168.58,168.68,62128.01
2026-08-14 07:35:00,168.68,169.06,168.5,168.96,42151.55
2026-08-14 07:40:00,168.96,169.16,168.79,168.8,23141.51
2026-08-14 07:45:00,168.8,168.84,168.34,168.8,21415.84
2026-08-14 07:50:00,168.8,168.91,168.21,168.21,38347.53
2026-08-14 07:55:00,168.21,168.28,167.76,167.84,86707.85
2026-08-14 08:00:00,167.84,168.09,167.65,167.74,38385.58
2026-08-14 08:05:00,167.74,168.05,167.47,167.91,118229.81
2026-08-14 08:10:00,167.91,168.22,167.47,168.09,159607.37
2026-08-14 08:15:00,168.09,168.6,168.03,168.51,61625.04
2026-08-14 08:20:00,168.51,168.63,168.03,168.27,4222.86
2026-08-14 08:25:00,168.27,168.67,167.79,168.5,27757.8
2026-08-14 08:30:00,168.5,169.24,168.23,169.14,20794.75
2026-08-14 08:35:00,169.14,169.31,169.0,169.04,29276.25
2026-08-14 08:40:00,169.04,169.34,168.69,169.07,352946.4
2026-08-14 08:45:00,169.07,169.62,168.93,169.29,6125.11
2026-08-14 08:50:00,169.29,169.67,169.14,169.17,47376.93
2026-08-14 08:55:00,169.17,169.38,168.38,168.79,33790.03
2026-08-14 09:00:00,168.79,168.8,168.03,168.23,11658.82
2026-08-14 09:05:00,168.23,168.69,167.5,168.61,228832.52
2026-08-14 09:10:00,168.61,168.75,168.53,168.6,132848.54
2026-08-14 09:15:00,168.6,168.81,168.13,168.27,9877.53
2026-08-14 09:20:00,168.27,168.48,167.76,167.99,1880.36
2026-08-14 09:25:00,167.99,168.66,167.91,168.54,19211.4
2026-08-14 09:30:00,168.54,168.6,167.98,168.05,3893.77
2026-08-14 09:35:00,168.05,168.29,167.44,168.2,316267.21
2026-08-14 09:40:00,168.2,168.36,168.05,168.18,2639.59
2026-08-14 09:45:00,168.18,168.61,167.69,168.46,157507.59
2026-08-14 09:50:00,168.46,169.53,168.29,168.73,40197.21
2026-08-14 09:55:00,168.73,168.76,168.54,168.72,35387.21
2026-08-14 10:00:00,168.72,169.52,168.66,169.15,77365.98
2026-08-14 10:05:00,169.15,169.34,168.69,168.78,21204.81
2026-08-14 10:10:00,168.78,169.15,168.36,169.0,8805.23
2026-08-14 10:15:00,169.0,169.13,168.98,168.98,24418.56
2026-08-14 10:20:00,168.98,169.03,168.47,168.86,55067.6
2026-08-14 10:25:00,168.86,169.12,168.54,168.9,96632.16
2026-08-14 10:30:00,168.9,169.02,168.22,168.4,19841.33
2026-08-14 10:35:00,168.4,168.47,168.38,168.47,9457.02
2026-08-14 10:40:00,168.47,168.69,168.38,168.63,28499.89
2026-08-14 10:45:00,168.63,168.72,168.02,168.08,138215.96
2026-08-14 10:50:00,168.08,168.18,167.99,168.18,49611.82
2026-08-14 10:55:00,168.18,168.59,167.45,168.46,167511.24
2026-08-14 11:00:00,168.46,168.51,168.26,168.26,29550.67
2026-08-14 11:05:00,168.26,168.65,167.67,168.56,28605.22
2026-08-14 11:10:00,168.56,168.8,168.4,168.68,29270.19
2026-08-14 11:15:00,168.68,169.01,168.33,168.54,26077.21
2026-08-14 11:20:00,168.54,168.55,168.13,168.3,46266.0
2026-08-14 11:25:00,168.3,168.4,167.57,167.7,45462.88
2026-08-14 11:30:00,167.7,167.96,167.51,167.95,5308.43
2026-08-14 11:35:00,167.95,168.5,167.31,168.45,49981.5
2026-08-14 11:40:00,168.45,168.56,168.35,168.46,20429.65
2026-08-14 11:45:00,168.46,168.73,168.39,168.68,2666.6
2026-08-14 11:50:00,168.68,168.76,168.51,168.52,28715.32
2026-08-14 11:55:00,168.52,168.63,168.23,168.44,28047.5
2026-08-14 12:00:00,168.44,168.82,168.3,168.55,31861.76
2026-08-14 12:05:00,168.55,168.66,168.28,168.64,29127.56
2026-08-14 12:10:00,168.64,168.76,168.49,168.58,24514.47
2026-08-14 12:15:00,168.58,168.62,167.63,167.96,97252.33
2026-08-14 12:20:00,167.96,168.52,167.55,168.42,123647.69
2026-08-14 12:25:00,168.42,169.12,168.39,168.92,5234.25
2026-08-14 12:30:00,168.92,169.16,168.52,168.84,199591.96
2026-08-14 12:35:00,168.84,169.05,168.6,168.76,65147.09
2026-08-14 12:40:00,168.76,168.95,168.59,168.92,7757.14
2026-08-14 12:45:00,168.92,169.45,168.79,169.04,10613.59
2026-08-14 12:50:00,169.04,169.18,168.93,168.94,40356.05
2026-08-14 12:55:00,168.94,168.94,168.58,168.67,63808.68
2026-08-14 13:00:00,168.67,169.21,168.57,169.03,33817.48
2026-08-14 13:05:00,169.03,169.23,168.98,169.21,3420.52
2026-08-14 13:10:00,169.21,169.28,169.04,169.06,77368.86
2026-08-14 13:15:00,169.06,169.09,168.81,168.99,9500.03
2026-08-14 13:20:00,168.99,169.14,168.67,169.0,26420.59
2026-08-14 13:25:00,169.0,169.14,168.69,169.02,506.74
2026-08-14 13:30:00,169.02,169.38,168.5,168.56,65792.19
2026-08-14 13:35:00,168.56,169.24,168.39,169.18,96990.69
2026-08-14 13:40:00,169.18,169.43,168.62,168.75,18424.13
2026-08-14 13:45:00,168.75,168.81,168.31,168.42,13500.99
2026-08-14 13:50:00,168.42,168.8,168.37,168.56,5130.14
2026-08-14 13:55:00,168.56,168.85,168.41,168.56,61046.93
2026-08-14 14:00:00,168.56,168.59,168.26,168.44,65130.28
2026-08-14 14:05:00,168.44,168.73,167.67,168.05,41405.27
2026-08-14 14:10:00,168.05,168.39,167.89,167.99,8807.31
2026-08-14 14:15:00,167.99,168.08,167.2,167.26,20911.64
2026-08-14 14:20:00,167.26,167.55,167.21,167.53,50289.98
2026-08-14 14:25:00,167.53,167.59,167.1,167.24,3536.64
2026-08-14 14:30:00,167.24,167.72,166.91,167.56,244.15
2026-08-14 14:35:00,167.56,168.1,167.51,167.79,65226.11
2026-08-14 14:40:00,167.79,168.12,167.53,167.94,20631.0
2026-08-14 14:45:00,167.94,168.2,167.91,168.1,62203.52
2026-08-14 14:50:00,168.1,168.32,168.07,168.19,48390.44
2026-08-14 14:55:00,168.19,168.22,168.03,168.07,56024.11
2026-08-14 15:00:00,168.07,168.58,168.02,168.45,42350.86
2026-08-14 15:05:00,168.45,168.72,168.25,168.72,9301.82
2026-08-14 15:10:00,168.72,168.75,168.15,168.58,110438.93
2026-08-14 15:15:00,168.58,168.58,168.18,168.22,81452.53
2026-08-14 15:20:00,168.22,168.3,167.94,168.23,65331.79
2026-08-14 15:25:00,168.23,168.5,168.18,168.27,101064.15
2026-08-14 15:30:00,168.27,168.4,167.96,168.25,22283.06
2026-08-14 15:35:00,168.25,168.27,167.94,168.04,64673.12
2026-08-14 15:40:00,168.04,168.34,167.44,167.61,114226.16
2026-08-14 15:45:00,167.61,167.67,167.56,167.64,16242.14
2026-08-14 15:50:00,167.64,168.55,167.52,168.4,49534.72
2026-08-14 15:55:00,168.4,168.56,167.99,168.1,58723.67
2026-08-14 16:00:00,168.1,168.34,167.64,167.82,38487.7
2026-08-14 16:05:00,167.82,167.95,167.6,167.68,35728.28
2026-08-14 16:10:00,167.68,168.09,167.51,168.04,17025.25
2026-08-14 16:15:00,168.04,168.59,168.04,168.52,892.74
2026-08-14 16:20:00,168.52,168.83,168.45,168.81,46123.09
2026-08-14 16:25:00,168.81,168.88,168.45,168.68,21401.54
2026-08-14 16:30:00,168.68,169.04,168.15,168.42,40936.88
2026-08-14 16:35:00,168.42,168.72,167.88,168.03,52372.73
2026-08-14 16:40:00,168.03,168.21,168.01,168.01,31293.4
2026-08-14 16:45:00,168.01,168.04,167.71,167.76,5472.79
2026-08-14 16:50:00,167.76,167.95,167.59,167.61,16729.36
2026-08-14 16:55:00,167.61,168.31,167.23,168.01,38499.97
2026-08-14 17:00:00,168.01,168.3,167.8,167.93,14279.3
2026-08-14 17:05:00,167.93,168.21,167.87,168.21,96220.65
2026-08-14 17:10:00,168.21,168.52,168.18,168.42,210061.23
2026-08-14 17:15:00,168.42,168.73,167.42,167.45,40724.69
2026-08-14 17:20:00,167.45,167.56,167.02,167.2,144274.72
2026-08-14 17:25:00,167.2,167.67,166.85,167.52,66935.07
2026-08-14 17:30:00,167.52,168.12,167.2,167.95,250869.21
2026-08-14 17:35:00,167.95,168.07,167.85,168.03,30287.01
2026-08-14 17:40:00,168.03,168.06,167.73,167.9,34508.42
2026-08-14 17:45:00,167.9,168.17,167.85,168.1,6272.01
2026-08-14 17:50:00,168.1,168.39,167.96,168.19,73763.52
2026-08-14 17:55:00,168.19,168.45,168.12,168.44,29484.88
2026-08-14 18:00:00,168.44,168.95,168.26,168.61,67704.97
2026-08-14 18:05:00,168.61,168.71,168.3,168.5,16844.08
2026-08-14 18:10:00,168.5,169.47,168.3,169.28,13890.97
2026-08-14 18:15:00,169.28,169.35,168.63,168.95,14170.66
2026-08-14 18:20:00,168.95,169.52,168.5,168.56,308970.49
2026-08-14 18:25:00,168.56,169.03,168.47,168.6,34809.21
2026-08-14 18:30:00,168.6,168.8,167.94,168.18,8728.77
2026-08-14 18:35:00,168.18,168.33,167.9,167.99,43466.96
2026-08-14 18:40:00,167.99,168.14,167.85,167.91,5238.9
2026-08-14 18:45:00,167.91,168.12,167.59,167.9,24047.21
2026-08-14 18:50:00,167.9,168.56,167.78,168.32,36270.96
2026-08-14 18:55:00,168.32,168.87,168.04,168.54,15662.46
2026-08-14 19:00:00,168.54,168.78,168.22,168.63,8698.87
2026-08-14 19:05:00,168.63,168.69,168.44,168.5,25484.74
2026-08-14 19:10:00,168.5,168.51,168.26,168.49,116163.38
2026-08-14 19:15:00,168.49,168.54,168.47,168.5,37146.79
2026-08-14 19:20:00,168.5,168.66,167.58,167.75,20982.33
2026-08-14 19:25:00,167.75,168.47,167.73,168.33,73253.9
2026-08-14 19:30:00,168.33,168.49,167.94,168.47,46622.88
2026-08-14 19:35:00,168.47,168.59,168.37,168.44,30934.89
2026-08-14 19:40:00,168.44,168.78,168.19,168.71,38595.59
2026-08-14 19:45:00,168.71,168.72,168.51,168.62,1217.43
2026-08-14 19:50:00,168.62,169.39,168.6,169.38,22927.8
2026-08-14 19:55:00,169.38,169.91,168.96,169.07,205369.61
2026-08-14 20:00:00,169.07,169.1,168.37,168.59,109360.75
2026-08-14 20:05:00,168.59,168.62,168.03,168.05,67785.92
2026-08-14 20:10:00,168.05,168.18,167.86,168.09,222192.67
2026-08-14 20:15:00,168.09,168.13,167.92,168.05,11732.75
2026-08-14 20:20:00,168.05,168.32,167.57,167.77,13500.54
2026-08-14 20:25:00,167.77,168.16,167.42,167.61,20515.18
2026-08-14 20:30:00,167.61,168.24,167.4,168.2,5584.11
2026-08-14 20:35:00,168.2,168.26,168.1,168.18,37670.72
2026-08-14 20:40:00,168.18,168.4,168.08,168.34,30436.82
2026-08-14 20:45:00,168.34,168.42,167.51,167.81,191610.85
2026-08-14 20:50:00,167.81,168.26,167.75,168.16,194223.5
2026-08-14 20:55:00,168.16,168.16,168.01,168.03,10796.27
2026-08-14 21:00:00,168.03,168.66,167.89,168.39,7596.17
2026-08-14 21:05:00,168.39,168.54,168.05,168.42,64856.04
2026-08-14 21:10:00,168.42,168.51,167.81,168.12,1070.85
2026-08-14 21:15:00,168.12,168.69,168.1,168.47,109249.95
2026-08-14 21:20:00,168.47,168.63,168.39,168.54,42266.79
2026-08-14 21:25:00,168.54,168.76,168.4,168.54,201088.98
2026-08-14 21:30:00,168.54,168.67,168.52,168.58,277252.72
2026-08-14 21:35:00,168.58,168.85,168.46,168.73,11806.6
2026-08-14 21:40:00,168.73,169.12,168.41,168.96,367.2
2026-08-14 21:45:00,168.96,169.04,168.91,169.03,166838.35
2026-08-14 21:50:00,169.03,169.47,168.77,168.87,34496.75
2026-08-14 21:55:00,168.87,168.93,168.64,168.92,83022.05
2026-08-14 22:00:00,168.92,169.06,168.55,169.06,106793.48
2026-08-14 22:05:00,169.06,169.46,168.8,168.86,92241.78
2026-08-14 22:10:00,168.86,168.88,168.63,168.78,109711.06
2026-08-14 22:15:00,168.78,168.92,168.61,168.66,60861.62
2026-08-14 22:20:00,168.66,168.97,168.01,168.07,72594.62
2026-08-14 22:25:00,168.07,168.29,167.67,167.82,30652.1
2026-08-14 22:30:00,167.82,168.26,167.76,168.12,49994.84
2026-08-14 22:35:00,168.12,168.2,168.04,168.11,171409.6
2026-08-14 22:40:00,168.11,168.43,167.49,167.98,182744.48
2026-08-14 22:45:00,167.98,168.53,167.92,168.24,41640.91
2026-08-14 22:50:00,168.24,168.35,168.16,168.33,58339.1
2026-08-14 22:55:00,168.33,168.79,167.96,168.06,143012.53
2026-08-14 23:00:00,168.06,168.3,167.77,167.85,66181.14
2026-08-14 23:05:00,167.85,167.95,167.38,167.63,109106.76
2026-08-14 23:10:00,167.63,167.8,167.63,167.68,11835.8
2026-08-14 23:15:00,167.68,167.8,167.26,167.27,40293.53
2026-08-14 23:20:00,167.27,167.68,166.75,167.59,247688.88
2026-08-14 23:25:00,167.59,167.64,167.22,167.28,16939.23
2026-08-14 23:30:00,167.28,167.49,166.71,166.91,12288.12
2026-08-14 23:35:00,166.91,167.04,166.88,166.93,84967.61
2026-08-14 23:40:00,166.93,166.95,166.48,166.65,39380.81
2026-08-14 23:45:00,166.65,166.85,166.12,166.27,43450.75
2026-08-14 23:50:00,166.27,166.35,166.11,166.16,692.3
2026-08-14 23:55:00,166.16,166.58,165.74,166.44,133715.91
2026-08-15 00:00:00,166.44,166.83,165.73,166.69,389738.74
2026-08-15 00:05:00,166.69,167.22,166.43,167.17,142370.99
2026-08-15 00:10:00,167.17,167.54,166.88,167.48,19753.59
2026-08-15 00:15:00,167.48,167.86,167.33,167.84,4237.95
2026-08-15 00:20:00,167.84,168.38,167.78,167.83,108506.07
2026-08-15 00:25:00,167.83,167.96,167.43,167.48,35681.11
2026-08-15 00:30:00,167.48,167.72,167.41,167.56,29793.06
2026-08-15 00:35:00,167.56,167.76,167.27,167.31,51956.72
2026-08-15 00:40:00,167.31,167.64,167.29,167.57,44865.71
2026-08-15 00:45:00,167.57,167.89,167.1,167.18,464.29
2026-08-15 00:50:00,167.18,167.63,166.85,167.47,100534.55
2026-08-15 00:55:00,167.47,167.81,167.39,167.62,77093.84
2026-08-15 01:00:00,167.62,167.93,167.41,167.88,51493.27
2026-08-15 01:05:00,167.88,168.2,167.82,168.11,23230.5
2026-08-15 01:10:00,168.11,168.32,167.79,167.94,54091.32
2026-08-15 01:15:00,167.94,167.96,167.41,167.51,852.23
2026-08-15 01:20:00,167.51,167.58,167.28,167.36,36632.9
2026-08-15 01:25:00,167.36,167.43,166.85,167.04,57119.37
2026-08-15 01:30:00,167.04,167.52,166.75,167.44,178226.68
2026-08-15 01:35:00,167.44,167.49,167.37,167.41,107328.18
2026-08-15 01:40:00,167.41,167.89,167.12,167.67,13869.65
2026-08-15 01:45:00,167.67,167.76,167.03,167.39,19398.57
2026-08-15 01:50:00,167.39,167.75,167.02,167.32,24496.78
2026-08-15 01:55:00,167.32,167.79,166.94,167.51,19910.58
2026-08-15 02:00:00,167.51,168.17,167.35,168.11,56178.89
2026-08-15 02:05:00,168.11,168.3,168.08,168.11,12932.19
2026-08-15 02:10:00,168.11,168.8,168.11,168.5,48566.59
2026-08-15 02:15:00,168.5,168.7,167.99,168.03,9170.68
2026-08-15 02:20:00,168.03,168.41,168.02,168.24,109110.78
2026-08-15 02:25:00,168.24,168.33,168.09,168.33,71850.68
2026-08-15 02:30:00,168.33,168.37,168.11,168.31,17861.87
2026-08-15 02:35:00,168.31,168.52,168.02,168.14,14682.68
2026-08-15 02:40:00,168.14,168.19,167.45,167.73,41419.8
2026-08-15 02:45:00,167.73,167.89,167.52,167.62,15627.76
2026-08-15 02:50:00,167.62,167.96,167.06,167.25,101831.51
2026-08-15 02:55:00,167.25,167.43,166.73,166.93,1698.82
2026-08-15 03:00:00,166.93,167.18,166.81,167.11,67817.9
2026-08-15 03:05:00,167.11,167.22,166.92,166.95,35940.71
2026-08-15 03:10:00,166.95,167.29,166.85,166.92,10753.59
2026-08-15 03:15:00,166.92,166.94,166.5,166.85,22458.05
2026-08-15 03:20:00,166.85,166.87,166.43,166.44,15519.68
2026-08-15 03:25:00,166.44,166.53,166.08,166.17,38490.55
2026-08-15 03:30:00,166.17,166.5,166.05,166.21,5950.04
2026-08-15 03:35:00,166.21,166.63,166.01,166.44,23772.83
2026-08-15 03:40:00,166.44,166.45,165.92,166.17,22126.28
2026-08-15 03:45:00,166.17,166.78,166.16,166.68,1808.92
2026-08-15 03:50:00,166.68,166.9,166.67,166.74,60478.36
2026-08-15 03:55:00,166.74,167.01,166.57,166.61,65523.44
2026-08-15 04:00:00,166.61,166.73,166.34,166.49,619.18
2026-08-15 04:05:00,166.49,167.2,166.46,166.9,75738.7
2026-08-15 04:10:00,166.9,166.99,166.74,166.85,70976.79
2026-08-15 04:15:00,166.85,167.1,166.8,166.97,29846.32
2026-08-15 04:20:00,166.97,167.24,166.69,166.98,31043.95
2026-08-15 04:25:00,166.98,167.53,166.82,167.25,206936.8
2026-08-15 04:30:00,167.25,167.3,167.04,167.08,26325.21
2026-08-15 04:35:00,167.08,167.66,167.06,167.33,13867.82
2026-08-15 04:40:00,167.33,167.64,167.25,167.57,10163.66
2026-08-15 04:45:00,167.57,167.87,166.94,167.19,46451.76
2026-08-15 04:50:00,167.19,167.31,167.12,167.22,55989.46
2026-08-15 04:55:00,167.22,167.49,166.5,166.86,104857.03
2026-08-15 05:00:00,166.86,166.97,166.61,166.63,54584.56
2026-08-15 05:05:00,166.63,166.72,166.09,166.27,2033.06
2026-08-15 05:10:00,166.27,166.81,165.87,166.68,105774.57
2026-08-15 05:15:00,166.68,167.04,166.47,166.55,20095.15
2026-08-15 05:20:00,166.55,167.29,166.46,167.2,81296.48
2026-08-15 05:25:00,167.2,167.3,166.68,166.93,116344.68
2026-08-15 05:30:00,166.93,167.28,166.88,167.22,228523.41
2026-08-15 05:35:00,167.22,167.31,166.59,166.77,96493.63
2026-08-15 05:40:00,166.77,167.3,166.16,166.23,43149.93
2026-08-15 05:45:00,166.23,166.76,165.77,166.67,149550.42
2026-08-15 05:50:00,166.67,166.98,166.39,166.92,84747.06
2026-08-15 05:55:00,166.92,167.25,166.78,167.18,11449.46
2026-08-15 06:00:00,167.18,167.52,166.99,167.15,63507.25
2026-08-15 06:05:00,167.15,167.49,166.88,167.08,7930.68
2026-08-15 06:10:00,167.08,167.4,167.0,167.39,129661.1
2026-08-15 06:15:00,167.39,167.71,167.25,167.64,8506.55
2026-08-15 06:20:00,167.64,167.87,167.57,167.72,89599.17
2026-08-15 06:25:00,167.72,167.81,167.7,167.71,10869.42
2026-08-15 06:30:00,167.71,167.77,167.25,167.58,49881.24
2026-08-15 06:35:00,167.58,167.73,166.93,167.18,30234.32
2026-08-15 06:40:00,167.18,167.47,167.1,167.37,730.84
2026-08-15 06:45:00,167.37,167.54,167.35,167.46,4467.48
2026-08-15 06:50:00,167.46,167.85,167.33,167.74,25160.14
2026-08-15 06:55:00,167.74,167.8,167.4,167.67,43603.87
2026-08-15 07:00:00,167.67,167.69,167.36,167.47,48955.51
2026-08-15 07:05:00,167.47,167.54,167.0,167.14,46683.94
2026-08-15 07:10:00,167.14,167.7,166.89,167.6,43076.16
2026-08-15 07:15:00,167.6,167.72,167.43,167.51,40814.2
2026-08-15 07:20:00,167.51,167.67,167.37,167.54,60261.15
2026-08-15 07:25:00,167.54,167.72,167.51,167.69,779.32
2026-08-15 07:30:00,167.69,168.1,167.34,167.79,46935.62
2026-08-15 07:35:00,167.79,167.97,167.56,167.72,31814.49
2026-08-15 07:40:00,167.72,168.4,167.72,168.23,4817.13
2026-08-15 07:45:00,168.23,168.85,167.83,167.95,618323.95
2026-08-15 07:50:00,167.95,168.33,167.66,168.17,88996.76
2026-08-15 07:55:00,168.17,169.12,168.13,168.5,29841.65
2026-08-15 08:00:00,168.5,169.03,168.3,168.8,59791.67
2026-08-15 08:05:00,168.8,169.18,168.53,168.81,35616.29
2026-08-15 08:10:00,168.81,168.89,168.66,168.86,56052.41
2026-08-15 08:15:00,168.86,168.98,168.26,168.55,5781.94
2026-08-15 08:20:00,168.55,168.81,167.8,167.87,120370.03
2026-08-15 08:25:00,167.87,168.12,167.74,167.96,2622.06
2026-08-15 08:30:00,167.96,168.57,167.57,167.62,228605.74
2026-08-15 08:35:00,167.62,167.72,167.29,167.45,13545.89
2026-08-15 08:40:00,167.45,168.14,167.33,168.05,47572.05
2026-08-15 08:45:00,168.05,168.71,167.89,168.6,96334.78
2026-08-15 08:50:00,168.6,168.62,168.29,168.41,60510.78
2026-08-15 08:55:00,168.41,169.04,167.87,168.02,100497.41
2026-08-15 09:00:00,168.02,168.09,167.84,167.91,63208.64
2026-08-15 09:05:00,167.91,167.96,167.79,167.8,34117.97
2026-08-15 09:10:00,167.8,167.95,167.27,167.3,176067.19
2026-08-15 09:15:00,167.3,167.58,167.21,167.55,38213.13
2026-08-15 09:20:00,167.55,167.89,167.47,167.73,2300.53
2026-08-15 09:25:00,167.73,168.22,167.29,167.35,356332.37
2026-08-15 09:30:00,167.35,167.84,167.18,167.62,15229.07
2026-08-15 09:35:00,167.62,168.22,167.0,167.15,183105.74
2026-08-15 09:40:00,167.15,167.47,166.85,167.0,12461.16
2026-08-15 09:45:00,167.0,167.15,166.55,166.92,87999.13
2026-08-15 09:50:00,166.92,167.1,166.73,166.95,125506.85
2026-08-15 09:55:00,166.95,167.04,166.83,166.84,142103.78
2026-08-15 10:00:00,166.84,166.93,166.34,166.78,10114.92
2026-08-15 10:05:00,166.78,167.01,166.73,166.89,21267.16
2026-08-15 10:10:00,166.89,167.07,166.78,166.88,9220.61
2026-08-15 10:15:00,166.88,167.01,166.66,166.84,13045.11
2026-08-15 10:20:00,166.84,167.3,166.83,167.14,124919.24
2026-08-15 10:25:00,167.14,167.4,166.61,167.0,105889.82
2026-08-15 10:30:00,167.0,167.11,166.46,166.69,55445.48
2026-08-15 10:35:00,166.69,166.78,166.24,166.45,81554.15
2026-08-15 10:40:00,166.45,166.49,166.11,166.38,37314.87
2026-08-15 10:45:00,166.38,166.76,165.97,166.62,9527.25
2026-08-15 10:50:00,166.62,166.76,166.28,166.36,84049.6
2026-08-15 10:55:00,166.36,166.68,166.07,166.54,127259.69
2026-08-15 11:00:00,166.54,166.95,166.33,166.69,81692.81
2026-08-15 11:05:00,166.69,166.81,166.59,166.67,125091.88
2026-08-15 11:10:00,166.67,167.05,166.58,166.76,3370.84
2026-08-15 11:15:00,166.76,166.81,166.48,166.56,15336.27
2026-08-15 11:20:00,166.56,166.56,166.29,166.4,12971.57
2026-08-15 11:25:00,166.4,166.63,166.21,166.32,6146.04
2026-08-15 11:30:00,166.32,166.55,166.31,166.43,117322.17
2026-08-15 11:35:00,166.43,166.44,165.97,166.19,4846.75
2026-08-15 11:40:00,166.19,166.45,165.5,166.34,398055.48
2026-08-15 11:45:00,166.34,166.5,166.19,166.25,20170.97
2026-08-15 11:50:00,166.25,166.46,165.8,165.91,8387.12
2026-08-15 11:55:00,165.91,166.48,165.28,166.32,89165.17
2026-08-15 12:00:00,166.32,166.55,166.06,166.21,25967.25
2026-08-15 12:05:00,166.21,166.83,165.78,166.61,35377.7
2026-08-15 12:10:00,166.61,166.67,166.16,166.29,43593.19
2026-08-15 12:15:00,166.29,166.44,166.15,166.42,81586.05
2026-08-15 12:20:00,166.42,166.77,166.3,166.74,83509.99
2026-08-15 12:25:00,166.74,167.11,166.59,166.6,17930.51
2026-08-15 12:30:00,166.6,167.08,166.01,166.93,29393.99
2026-08-15 12:35:00,166.93,167.06,166.87,166.88,97210.04
2026-08-15 12:40:00,166.88,167.06,166.26,166.48,4074.61
2026-08-15 12:45:00,166.48,166.57,166.44,166.52,13396.5
2026-08-15 12:50:00,166.52,166.69,166.07,166.25,201424.73
2026-08-15 12:55:00,166.25,166.31,165.4,165.41,15175.94
2026-08-15 13:00:00,165.41,165.97,164.93,165.87,137475.38
2026-08-15 13:05:00,165.87,166.31,165.24,166.22,249357.7
2026-08-15 13:10:00,166.22,166.3,166.14,166.26,168850.99
2026-08-15 13:15:00,166.26,166.39,165.57,165.75,6633.81
2026-08-15 13:20:00,165.75,166.13,165.05,166.04,77524.96
2026-08-15 13:25:00,166.04,166.37,165.7,166.26,14190.84
2026-08-15 13:30:00,166.26,166.28,166.06,166.16,41224.23
2026-08-15 13:35:00,166.16,166.41,165.65,165.72,1153.26
2026-08-15 13:40:00,165.72,166.15,165.5,166.0,5550.86
2026-08-15 13:45:00,166.0,166.15,165.6,165.63,179959.02
2026-08-15 13:50:00,165.63,165.75,164.9,165.07,51729.29
2026-08-15 13:55:00,165.07,165.43,165.02,165.1,33414.93
2026-08-15 14:00:00,165.1,165.57,165.04,165.44,17259.64
2026-08-15 14:05:00,165.44,165.85,165.22,165.61,130965.95
2026-08-15 14:10:00,165.61,166.1,165.25,165.98,23538.06
2026-08-15 14:15:00,165.98,166.36,165.63,166.26,64937.75
2026-08-15 14:20:00,166.26,166.64,165.73,166.58,6755.49
2026-08-15 14:25:00,166.58,166.72,165.89,166.06,38356.11
2026-08-15 14:30:00,166.06,166.66,165.47,166.56,51474.31
2026-08-15 14:35:00,166.56,166.66,166.04,166.34,17003.36
2026-08-15 14:40:00,166.34,166.48,166.13,166.21,116335.35
2026-08-15 14:45:00,166.21,166.71,165.76,166.61,15451.78
2026-08-15 14:50:00,166.61,167.2,166.21,167.11,18475.02
2026-08-15 14:55:00,167.11,167.19,166.73,166.87,34719.08
2026-08-15 15:00:00,166.87,167.26,166.83,167.12,4603.01
2026-08-15 15:05:00,167.12,167.41,165.54,166.05,9647.35
2026-08-15 15:10:00,166.05,166.7,165.82,166.66,9883.4
2026-08-15 15:15:00,166.66,166.75,166.58,166.63,54206.31
2026-08-15 15:20:00,166.63,166.84,166.18,166.81,9477.89
2026-08-15 15:25:00,166.81,167.13,166.48,166.53,14439.0
2026-08-15 15:30:00,166.53,166.56,166.08,166.27,143619.24
2026-08-15 15:35:00,166.27,166.29,165.4,165.43,16044.6
2026-08-15 15:40:00,165.43,165.7,165.41,165.67,52130.88
2026-08-15 15:45:00,165.67,166.29,165.52,166.15,47054.44
2026-08-15 15:50:00,166.15,166.5,165.79,165.79,31245.14
2026-08-15 15:55:00,165.79,165.9,165.77,165.83,22124.9
2026-08-15 16:00:00,165.83,166.01,165.37,165.55,66041.23
2026-08-15 16:05:00,165.55,165.9,165.51,165.69,17759.54
2026-08-15 16:10:00,165.69,166.18,165.22,165.54,61481.11
2026-08-15 16:15:00,165.54,165.76,164.51,165.09,150977.33
2026-08-15 16:20:00,165.09,165.25,164.89,165.01,10715.45
2026-08-15 16:25:00,165.01,165.52,164.54,165.41,118866.08
2026-08-15 16:30:00,165.41,165.73,165.19,165.56,44452.14
2026-08-15 16:35:00,165.56,165.63,164.73,165.07,125768.9
2026-08-15 16:40:00,165.07,165.36,164.18,164.54,9700.0
2026-08-15 16:45:00,164.54,164.68,164.46,164.63,38965.48
2026-08-15 16:50:00,164.63,164.85,164.49,164.81,77537.48
2026-08-15 16:55:00,164.81,165.22,164.14,165.16,326950.21
2026-08-15 17:00:00,165.16,165.16,164.89,164.92,31700.23
2026-08-15 17:05:00,164.92,165.51,164.2,165.36,123983.83
2026-08-15 17:10:00,165.36,165.93,164.88,165.8,2539.15
2026-08-15 17:15:00,165.8,165.98,165.47,165.66,107502.92
2026-08-15 17:20:00,165.66,166.01,165.05,165.12,12614.94
2026-08-15 17:25:00,165.12,165.28,164.82,165.15,26692.54
2026-08-15 17:30:00,165.15,165.68,165.12,165.58,18157.97
2026-08-15 17:35:00,165.58,165.81,165.48,165.79,216658.06
2026-08-15 17:40:00,165.79,166.28,165.75,165.95,83726.86
2026-08-15 17:45:00,165.95,166.13,165.46,165.7,131257.43
2026-08-15 17:50:00,165.7,165.86,165.5,165.58,61780.21
2026-08-15 17:55:00,165.58,165.73,165.35,165.66,4663.36
2026-08-15 18:00:00,165.66,165.88,165.54,165.83,5689.73
2026-08-15 18:05:00,165.83,166.14,165.51,165.93,29116.63
2026-08-15 18:10:00,165.93,166.06,165.83,165.9,26041.31
2026-08-15 18:15:00,165.9,166.04,165.52,165.65,18436.7
2026-08-15 18:20:00,165.65,165.9,165.29,165.85,14463.42
2026-08-15 18:25:00,165.85,166.28,165.27,165.52,27559.62
2026-08-15 18:30:00,165.52,165.7,165.5,165.65,87645.71
2026-08-15 18:35:00,165.65,166.0,165.64,165.98,38412.89
2026-08-15 18:40:00,165.98,166.18,165.12,165.62,180228.51
2026-08-15 18:45:00,165.62,165.95,165.37,165.81,61222.12
2026-08-15 18:50:00,165.81,166.3,165.64,165.99,55955.63
2026-08-15 18:55:00,165.99,166.37,165.88,166.23,39929.59
2026-08-15 19:00:00,166.23,166.28,165.77,166.05,95261.47
2026-08-15 19:05:00,166.05,166.32,165.98,166.07,24361.39
2026-08-15 19:10:00,166.07,166.07,165.95,166.06,120095.27
2026-08-15 19:15:00,166.06,166.58,165.98,166.39,169078.97
2026-08-15 19:20:00,166.39,166.8,166.35,166.64,112793.96
2026-08-15 19:25:00,166.64,166.71,166.34,166.42,66154.69
2026-08-15 19:30:00,166.42,166.69,166.31,166.55,92912.69
2026-08-15 19:35:00,166.55,167.11,166.01,166.12,271849.96
2026-08-15 19:40:00,166.12,166.34,165.93,166.14,45659.38
2026-08-15 19:45:00,166.14,166.16,165.78,165.92,40244.2
2026-08-15 19:50:00,165.92,166.07,165.32,165.63,9211.78
2026-08-15 19:55:00,165.63,165.87,165.43,165.46,19516.11
2026-08-15 20:00:00,165.46,165.49,165.16,165.22,4783.13
2026-08-15 20:05:00,165.22,165.25,165.02,165.16,48281.7
2026-08-15 20:10:00,165.16,165.25,164.77,164.86,132340.99
2026-08-15 20:15:00,164.86,165.44,164.49,165.28,328346.59
2026-08-15 20:20:00,165.28,165.59,165.05,165.15,19012.81
2026-08-15 20:25:00,165.15,165.3,165.15,165.29,16750.74
2026-08-15 20:30:00,165.29,165.31,164.86,165.27,42030.6
2026-08-15 20:35:00,165.27,165.48,165.07,165.18,65562.75
2026-08-15 20:40:00,165.18,165.43,164.78,165.12,38297.77
2026-08-15 20:45:00,165.12,165.75,165.06,165.07,46381.74
2026-08-15 20:50:00,165.07,165.11,164.64,164.77,222740.48
2026-08-15 20:55:00,164.77,165.0,164.17,164.94,1744184.89
2026-08-15 21:00:00,164.94,165.13,164.92,165.01,80760.34
2026-08-15 21:05:00,165.01,165.05,164.49,164.78,105451.37
2026-08-15 21:10:00,164.78,164.88,164.48,164.49,94060.52
2026-08-15 21:15:00,164.49,164.76,164.1,164.68,169246.57
2026-08-15 21:20:00,164.68,164.73,164.53,164.56,19847.84
2026-08-15 21:25:00,164.56,165.16,164.46,165.11,41722.5
2026-08-15 21:30:00,165.11,165.28,164.98,165.09,3619.51
2026-08-15 21:35:00,165.09,165.2,164.61,164.67,5275.59
2026-08-15 21:40:00,164.67,164.91,164.64,164.73,25088.27
2026-08-15 21:45:00,164.73,165.04,164.46,164.97,397517.33
2026-08-15 21:50:00,164.97,165.13,164.58,164.72,64642.88
2026-08-15 21:55:00,164.72,165.01,164.35,164.94,43744.71
2026-08-15 22:00:00,164.94,165.57,164.74,165.29,34126.81
2026-08-15 22:05:00,165.29,165.61,164.94,164.98,51550.54
2026-08-15 22:10:00,164.98,165.05,164.69,164.94,2588.28
2026-08-15 22:15:00,164.94,165.31,164.56,165.23,23356.79
2026-08-15 22:20:00,165.23,165.41,164.6,164.92,69777.48
2026-08-15 22:25:00,164.92,165.06,164.0,164.31,382529.1
2026-08-15 22:30:00,164.31,164.38,163.65,163.82,26849.19
2026-08-15 22:35:00,163.82,164.2,162.69,162.99,52795.14
2026-08-15 22:40:00,162.99,163.23,162.92,163.19,38082.02
2026-08-15 22:45:00,163.19,163.31,162.52,163.11,4108.05
2026-08-15 22:50:00,163.11,163.56,162.53,163.4,130350.39
2026-08-15 22:55:00,163.4,163.75,163.16,163.17,82357.35
2026-08-15 23:00:00,163.17,163.42,162.95,163.33,43808.76
2026-08-15 23:05:00,163.33,163.76,162.61,163.6,55476.17
2026-08-15 23:10:00,163.6,163.72,163.3,163.54,27295.58
2026-08-15 23:15:00,163.54,163.74,163.5,163.58,66894.03
2026-08-15 23:20:00,163.58,164.08,163.3,163.91,269812.39
2026-08-15 23:25:00,163.91,164.21,163.51,164.15,35887.95
2026-08-15 23:30:00,164.15,164.46,163.68,164.36,172916.36
2026-08-15 23:35:00,164.36,164.41,164.21,164.39,1868.01
2026-08-15 23:40:00,164.39,164.48,163.97,164.17,49952.86
2026-08-15 23:45:00,164.17,164.51,164.01,164.43,22175.47
2026-08-15 23:50:00,164.43,164.47,164.23,164.45,107134.94
2026-08-15 23:55:00,164.45,164.69,164.16,164.26,24394.15
2026-08-16 00:00:00,164.26,164.31,163.6,163.93,172668.47
2026-08-16 00:05:00,163.93,164.1,163.86,164.09,23375.68
2026-08-16 00:10:00,164.09,164.16,164.04,164.13,32621.3
2026-08-16 00:15:00,164.13,164.28,163.96,164.03,14743.48
2026-08-16 00:20:00,164.03,164.39,163.89,164.12,12855.92
2026-08-16 00:25:00,164.12,164.2,163.87,164.01,33093.18
2026-08-16 00:30:00,164.01,164.14,163.98,164.04,3819.29
2026-08-16 00:35:00,164.04,164.33,164.0,164.19,25456.81
2026-08-16 00:40:00,164.19,164.39,163.9,164.07,1211.04
2026-08-16 00:45:00,164.07,164.1,163.87,163.89,4682.64
2026-08-16 00:50:00,163.89,164.48,163.62,164.13,30644.97
2026-08-16 00:55:00,164.13,164.27,164.03,164.12,15884.69
2026-08-16 01:00:00,164.12,164.19,164.11,164.11,15143.14
2026-08-16 01:05:00,164.11,164.11,163.64,163.84,21308.7
2026-08-16 01:10:00,163.84,164.23,163.62,163.81,16441.8
2026-08-16 01:15:00,163.81,164.12,163.39,163.62,36193.87
2026-08-16 01:20:00,163.62,163.75,163.61,163.71,47561.21
2026-08-16 01:25:00,163.71,163.82,163.33,163.43,11606.35
2026-08-16 01:30:00,163.43,163.62,163.27,163.52,214232.48
2026-08-16 01:35:00,163.52,163.55,162.91,163.09,42619.08
2026-08-16 01:40:00,163.09,163.34,162.43,162.56,8131.85
2026-08-16 01:45:00,162.56,162.85,162.13,162.16,15984.54
2026-08-16 01:50:00,162.16,162.51,161.5,162.41,138093.44
2026-08-16 01:55:00,162.41,163.1,162.13,163.08,71918.55
2026-08-16 02:00:00,163.08,163.29,162.97,163.12,11420.61
2026-08-16 02:05:00,163.12,163.46,162.94,163.41,95477.51
2026-08-16 02:10:00,163.41,164.07,163.07,164.04,27481.47
2026-08-16 02:15:00,164.04,164.44,163.88,164.21,214515.24
2026-08-16 02:20:00,164.21,164.69,164.19,164.58,8271.45
2026-08-16 02:25:00,164.58,164.62,163.61,164.09,88117.96
2026-08-16 02:30:00,164.09,164.31,163.87,164.21,35453.21
2026-08-16 02:35:00,164.21,164.73,163.81,164.08,4177.47
2026-08-16 02:40:00,164.08,164.32,163.55,163.65,84171.18
2026-08-16 02:45:00,163.65,163.86,163.32,163.45,277467.34
2026-08-16 02:50:00,163.45,163.46,163.17,163.38,36215.86
2026-08-16 02:55:00,163.38,163.8,163.3,163.51,78640.78
2026-08-16 03:00:00,163.51,163.62,163.06,163.22,9820.77
2026-08-16 03:05:00,163.22,163.61,162.57,163.45,59581.94
2026-08-16 03:10:00,163.45,163.48,163.23,163.31,55887.37
2026-08-16 03:15:00,163.31,163.38,162.9,163.16,108039.41
2026-08-16 03:20:00,163.16,163.45,162.87,163.39,340129.77
2026-08-16 03:25:00,163.39,163.86,163.19,163.65,31255.21
2026-08-16 03:30:00,163.65,163.76,163.43,163.5,56224.6
2026-08-16 03:35:00,163.5,163.52,163.27,163.48,36821.11
2026-08-16 03:40:00,163.48,163.49,163.24,163.36,54017.02
2026-08-16 03:45:00,163.36,163.93,163.22,163.65,9339.55
2026-08-16 03:50:00,163.65,164.17,163.51,164.13,50188.76
2026-08-16 03:55:00,164.13,164.15,163.56,163.74,112951.76
2026-08-16 04:00:00,163.74,164.11,163.37,163.84,55313.3
2026-08-16 04:05:00,163.84,164.09,163.54,163.89,16037.61
2026-08-16 04:10:00,163.89,163.97,163.85,163.87,15275.51
2026-08-16 04:15:00,163.87,164.44,163.84,164.18,4613.71
2026-08-16 04:20:00,164.18,164.24,163.83,164.02,46409.1
2026-08-16 04:25:00,164.02,164.18,163.33,163.54,3737.46
2026-08-16 04:30:00,163.54,164.12,163.27,163.93,21701.02
2026-08-16 04:35:00,163.93,164.32,163.67,164.08,11953.49
2026-08-16 04:40:00,164.08,164.14,163.84,163.93,28372.36
2026-08-16 04:45:00,163.93,164.65,163.64,164.31,36997.45
2026-08-16 04:50:00,164.31,164.56,164.18,164.45,112358.08
2026-08-16 04:55:00,164.45,164.55,164.31,164.41,4461.05
2026-08-16 05:00:00,164.41,164.89,164.11,164.89,52219.75
2026-08-16 05:05:00,164.89,164.98,164.5,164.58,26522.91
2026-08-16 05:10:00,164.58,164.64,163.96,164.18,19250.41
2026-08-16 05:15:00,164.18,164.23,164.16,164.2,53775.93
2026-08-16 05:20:00,164.2,164.38,164.08,164.28,22830.89
2026-08-16 05:25:00,164.28,164.38,163.89,164.02,32945.07
2026-08-16 05:30:00,164.02,164.19,163.76,163.84,43414.36
2026-08-16 05:35:00,163.84,163.96,163.8,163.85,23268.42
2026-08-16 05:40:00,163.85,163.93,163.29,163.66,29380.58
2026-08-16 05:45:00,163.66,163.85,162.82,163.12,51119.04
2026-08-16 05:50:00,163.12,163.31,162.44,162.58,74521.5
2026-08-16 05:55:00,162.58,162.68,162.42,162.61,49800.35
2026-08-16 06:00:00,162.61,162.73,162.36,162.65,4561.22
2026-08-16 06:05:00,162.65,162.66,162.42,162.52,29599.51
2026-08-16 06:10:00,162.52,162.53,162.24,162.46,32681.66
2026-08-16 06:15:00,162.46,162.93,161.83,162.87,128073.35
2026-08-16 06:20:00,162.87,163.47,162.83,163.21,88193.58
2026-08-16 06:25:00,163.21,163.45,162.43,162.78,9316.1
2026-08-16 06:30:00,162.78,163.0,162.58,162.91,3976.87
2026-08-16 06:35:00,162.91,163.15,162.58,162.6,33748.08
2026-08-16 06:40:00,162.6,162.79,162.26,162.4,70061.8
2026-08-16 06:45:00,162.4,163.05,162.32,162.94,50565.23
2026-08-16 06:50:00,162.94,163.27,162.89,163.0,4190.77
2026-08-16 06:55:00,163.0,163.14,162.37,162.41,10182.38
2026-08-16 07:00:00,162.41,162.67,162.34,162.52,7659.05
2026-08-16 07:05:00,162.52,162.89,162.21,162.48,55512.59
2026-08-16 07:10:00,162.48,162.56,162.08,162.44,27356.45
2026-08-16 07:15:00,162.44,162.72,162.14,162.54,16928.16
2026-08-16 07:20:00,162.54,162.58,161.42,161.69,75786.82
2026-08-16 07:25:00,161.69,161.7,161.24,161.41,150994.39
2026-08-16 07:30:00,161.41,161.73,161.16,161.61,17536.24
2026-08-16 07:35:00,161.61,161.96,161.21,161.8,151907.27
2026-08-16 07:40:00,161.8,162.06,161.74,161.86,34751.43
2026-08-16 07:45:00,161.86,162.09,161.58,161.87,40972.1
2026-08-16 07:50:00,161.87,161.95,161.72,161.72,6181.98
2026-08-16 07:55:00,161.72,161.99,161.48,161.89,71736.99
2026-08-16 08:00:00,161.89,162.24,161.88,162.1,24526.35
2026-08-16 08:05:00,162.1,162.22,161.51,161.6,6434.85
2026-08-16 08:10:00,161.6,162.11,161.36,161.75,19078.12
2026-08-16 08:15:00,161.75,161.78,161.41,161.5,100190.89
2026-08-16 08:20:00,161.5,161.88,161.47,161.84,142389.82
2026-08-16 08:25:00,161.84,161.99,161.31,161.99,90965.77
2026-08-16 08:30:00,161.99,162.16,161.5,161.85,2588.61
2026-08-16 08:35:00,161.85,161.9,161.7,161.7,22093.08
2026-08-16 08:40:00,161.7,161.99,161.28,161.89,69094.2
2026-08-16 08:45:00,161.89,162.13,161.76,161.79,58225.71
2026-08-16 08:50:00,161.79,161.91,161.7,161.9,56881.2
2026-08-16 08:55:00,161.9,162.0,161.49,161.63,177083.93
2026-08-16 09:00:00,161.63,161.99,161.45,161.72,27724.16
2026-08-16 09:05:00,161.72,162.1,161.22,161.97,93754.99
2026-08-16 09:10:00,161.97,162.15,161.81,161.85,41748.67
2026-08-16 09:15:00,161.85,161.91,161.69,161.74,14536.11
2026-08-16 09:20:00,161.74,161.82,160.88,161.08,32947.12
2026-08-16 09:25:00,161.08,161.13,160.59,160.7,50591.16
2026-08-16 09:30:00,160.7,161.0,160.5,160.53,56370.72
2026-08-16 09:35:00,160.53,160.85,160.16,160.71,15420.64
2026-08-16 09:40:00,160.71,161.25,160.21,161.14,316925.65
2026-08-16 09:45:00,161.14,161.47,161.05,161.23,17771.73
2026-08-16 09:50:00,161.23,161.67,161.16,161.25,89541.15
2026-08-16 09:55:00,161.25,161.37,160.3,160.51,79990.55
2026-08-16 10:00:00,160.51,161.12,160.18,160.97,184902.49
2026-08-16 10:05:00,160.97,161.34,160.64,161.29,547959.9
2026-08-16 10:10:00,161.29,161.33,160.64,160.9,26718.37
2026-08-16 10:15:00,160.9,160.96,160.39,160.53,43556.38
2026-08-16 10:20:00,160.53,160.78,160.09,160.21,38367.39
2026-08-16 10:25:00,160.21,160.38,159.3,159.86,234353.58
2026-08-16 10:30:00,159.86,160.26,159.8,159.99,59980.88
2026-08-16 10:35:00,159.99,160.24,159.62,159.7,1237.65
2026-08-16 10:40:00,159.7,159.85,159.52,159.84,23616.89
2026-08-16 10:45:00,159.84,160.15,159.66,160.03,47552.15
2026-08-16 10:50:00,160.03,160.08,159.51,159.75,30164.71
2026-08-16 10:55:00,159.75,160.25,159.69,159.99,43590.59
2026-08-16 11:00:00,159.99,160.04,159.53,159.84,52171.35
2026-08-16 11:05:00,159.84,160.05,159.49,160.0,78391.47
2026-08-16 11:10:00,160.0,160.33,159.77,160.09,78274.21
2026-08-16 11:15:00,160.09,160.1,159.86,159.87,7741.98
2026-08-16 11:20:00,159.87,160.23,159.5,160.16,37833.68
2026-08-16 11:25:00,160.16,160.73,159.85,160.6,162378.99
2026-08-16 11:30:00,160.6,161.41,160.45,161.12,29448.19
2026-08-16 11:35:00,161.12,161.34,160.9,161.29,85769.05
2026-08-16 11:40:00,161.29,161.35,160.88,161.2,50025.23
2026-08-16 11:45:00,161.2,161.48,160.94,161.17,26333.48
2026-08-16 11:50:00,161.17,161.18,160.97,161.05,74954.74
2026-08-16 11:55:00,161.05,161.08,160.55,160.87,443.13
2026-08-16 12:00:00,160.87,161.37,160.82,161.3,1081.83
2026-08-16 12:05:00,161.3,161.69,160.93,161.38,36535.47
2026-08-16 12:10:00,161.38,161.68,161.31,161.65,108588.19
2026-08-16 12:15:00,161.65,162.08,161.55,161.66,31168.31
2026-08-16 12:20:00,161.66,161.79,161.33,161.48,76348.58
2026-08-16 12:25:00,161.48,161.75,161.36,161.43,82656.77
2026-08-16 12:30:00,161.43,161.72,161.14,161.55,39805.77
2026-08-16 12:35:00,161.55,161.86,161.5,161.71,25322.48
2026-08-16 12:40:00,161.71,161.73,161.02,161.2,102280.86
2026-08-16 12:45:00,161.2,161.32,160.99,161.0,7298.3
2026-08-16 12:50:00,161.0,161.4,160.92,161.09,151309.08
2026-08-16 12:55:00,161.09,161.25,160.51,160.66,26366.39
2026-08-16 13:00:00,160.66,161.41,160.65,161.25,65454.45
2026-08-16 13:05:00,161.25,161.43,161.03,161.12,12950.39
2026-08-16 13:10:00,161.12,161.88,161.0,161.58,73060.49
2026-08-16 13:15:00,161.58,161.67,161.2,161.25,3307.25
2026-08-16 13:20:00,161.25,161.64,161.24,161.37,84126.65
2026-08-16 13:25:00,161.37,161.39,160.58,160.89,158385.54
2026-08-16 13:30:00,160.89,160.94,160.4,160.7,28064.75
2026-08-16 13:35:00,160.7,160.74,160.27,160.44,73336.47
2026-08-16 13:40:00,160.44,160.55,160.14,160.21,16419.43
2026-08-16 13:45:00,160.21,160.61,159.93,160.08,154977.52
2026-08-16 13:50:00,160.08,160.11,159.81,159.98,81037.16
2026-08-16 13:55:00,159.98,160.34,159.92,160.1,11873.02
2026-08-16 14:00:00,160.1,160.2,159.4,159.97,67608.15
2026-08-16 14:05:00,159.97,160.32,159.43,159.65,16496.76
2026-08-16 14:10:00,159.65,159.72,159.56,159.7,49290.3
2026-08-16 14:15:00,159.7,160.22,159.19,160.13,246243.73
2026-08-16 14:20:00,160.13,160.22,159.85,160.15,31235.51
2026-08-16 14:25:00,160.15,160.29,159.9,160.04,27321.29
2026-08-16 14:30:00,160.04,160.12,159.65,159.92,33633.54
2026-08-16 14:35:00,159.92,160.15,159.56,160.02,74414.0
2026-08-16 14:40:00,160.02,160.42,160.02,160.24,97042.28
2026-08-16 14:45:00,160.24,160.77,160.01,160.64,8065.86
2026-08-16 14:50:00,160.64,161.18,160.61,161.11,115735.65
2026-08-16 14:55:00,161.11,161.35,161.09,161.18,31427.17
2026-08-16 15:00:00,161.18,161.23,160.98,161.07,36524.86
2026-08-16 15:05:00,161.07,161.13,160.77,160.78,57944.68
2026-08-16 15:10:00,160.78,160.97,160.53,160.73,5108.8
2026-08-16 15:15:00,160.73,160.81,160.23,160.32,34349.62
2026-08-16 15:20:00,160.32,160.42,160.22,160.4,3827.49
2026-08-16 15:25:00,160.4,160.44,160.16,160.32,42106.48
2026-08-16 15:30:00,160.32,160.56,160.25,160.26,227083.71
2026-08-16 15:35:00,160.26,160.86,160.25,160.73,116062.21
2026-08-16 15:40:00,160.73,160.94,160.58,160.84,247297.34
2026-08-16 15:45:00,160.84,161.2,160.58,161.09,966.42
2026-08-16 15:50:00,161.09,161.37,160.97,161.15,60100.43
2026-08-16 15:55:00,161.15,161.42,160.93,161.0,51689.14
2026-08-16 16:00:00,161.0,161.09,160.72,160.87,35770.52
2026-08-16 16:05:00,160.87,161.01,160.35,160.5,66065.12
2026-08-16 16:10:00,160.5,160.72,160.46,160.52,98227.26
2026-08-16 16:15:00,160.52,160.76,160.38,160.65,31938.9
2026-08-16 16:20:00,160.65,161.21,160.57,161.15,125731.63
2026-08-16 16:25:00,161.15,161.49,160.98,161.45,122844.92
2026-08-16 16:30:00,161.45,162.11,161.03,161.09,90292.27
2026-08-16 16:35:00,161.09,161.1,160.64,160.68,119782.34
2026-08-16 16:40:00,160.68,160.81,160.33,160.58,8908.04
2026-08-16 16:45:00,160.58,160.7,160.35,160.4,89489.03
2026-08-16 16:50:00,160.4,160.42,159.7,159.93,101107.87
2026-08-16 16:55:00,159.93,160.15,159.63,159.87,21101.92
2026-08-16 17:00:00,159.87,159.97,159.74,159.87,25644.55
2026-08-16 17:05:00,159.87,159.98,159.2,159.45,13306.33
2026-08-16 17:10:00,159.45,159.93,159.32,159.55,13395.56
2026-08-16 17:15:00,159.55,159.96,159.5,159.79,74113.63
2026-08-16 17:20:00,159.79,160.27,159.7,160.24,206630.12
2026-08-16 17:25:00,160.24,160.53,160.19,160.38,17587.37
2026-08-16 17:30:00,160.38,160.46,160.1,160.2,29631.29
2026-08-16 17:35:00,160.2,160.38,160.11,160.31,63900.11
2026-08-16 17:40:00,160.31,160.32,159.88,160.01,41830.82
2026-08-16 17:45:00,160.01,160.49,159.9,160.38,82313.1
2026-08-16 17:50:00,160.38,160.69,160.31,160.38,43393.82
2026-08-16 17:55:00,160.38,160.89,160.25,160.74,32983.05
2026-08-16 18:00:00,160.74,160.82,160.47,160.53,92699.06
2026-08-16 18:05:00,160.53,161.24,160.33,161.1,62930.89
2026-08-16 18:10:00,161.1,161.71,160.81,161.33,28853.01
2026-08-16 18:15:00,161.33,161.54,161.23,161.43,124528.7
2026-08-16 18:20:00,161.43,162.09,161.14,161.26,489503.0
2026-08-16 18:25:00,161.26,161.87,161.08,161.6,66712.13
2026-08-16 18:30:00,161.6,162.24,161.28,161.44,293634.33
2026-08-16 18:35:00,161.44,161.81,161.16,161.8,40546.27
2026-08-16 18:40:00,161.8,161.82,161.64,161.7,175012.31
2026-08-16 18:45:00,161.7,161.87,161.39,161.7,22133.62
2026-08-16 18:50:00,161.7,162.37,161.59,161.97,9191.64
2026-08-16 18:55:00,161.97,162.51,161.47,161.6,180670.18
2026-08-16 19:00:00,161.6,162.0,161.1,161.25,155225.38
2026-08-16 19:05:00,161.25,161.56,160.96,161.4,125439.63
2026-08-16 19:10:00,161.4,161.49,161.04,161.14,62469.84
2026-08-16 19:15:00,161.14,161.41,160.86,161.23,10128.4
2026-08-16 19:20:00,161.23,161.45,160.81,161.01,35029.23
2026-08-16 19:25:00,161.01,161.39,160.57,161.24,106593.29
2026-08-16 19:30:00,161.24,161.61,160.88,161.18,160279.02
2026-08-16 19:35:00,161.18,161.31,161.03,161.18,35976.4
2026-08-16 19:40:00,161.18,161.46,160.76,161.44,81712.43
2026-08-16 19:45:00,161.44,161.68,161.03,161.6,2304.6
2026-08-16 19:50:00,161.6,161.86,161.47,161.84,17342.47
2026-08-16 19:55:00,161.84,161.89,161.42,161.52,11930.57
2026-08-16 20:00:00,161.52,161.71,161.14,161.42,218733.33
2026-08-16 20:05:00,161.42,162.11,161.33,161.89,16360.72
2026-08-16 20:10:00,161.89,162.01,161.86,161.92,51553.47
2026-08-16 20:15:00,161.92,161.98,161.79,161.97,26041.01
2026-08-16 20:20:00,161.97,162.15,161.7,161.9,4079.8
2026-08-16 20:25:00,161.9,162.04,161.7,161.91,115740.57
2026-08-16 20:30:00,161.91,162.04,161.76,162.04,21185.26
2026-08-16 20:35:00,162.04,162.4,161.14,161.44,7109.05
2026-08-16 20:40:00,161.44,161.74,161.4,161.65,33678.98
2026-08-16 20:45:00,161.65,162.0,161.33,161.42,388084.11
2026-08-16 20:50:00,161.42,161.68,161.05,161.18,1062.85
2026-08-16 20:55:00,161.18,161.32,161.03,161.08,9059.98
2026-08-16 21:00:00,161.08,161.34,161.03,161.22,222067.2
2026-08-16 21:05:00,161.22,161.64,161.16,161.34,72499.45
2026-08-16 21:10:00,161.34,161.64,161.17,161.41,66383.62
2026-08-16 21:15:00,161.41,161.53,161.4,161.52,12102.49
2026-08-16 21:20:00,161.52,161.58,161.26,161.27,1589.37
2026-08-16 21:25:00,161.27,161.37,160.97,161.1,5077.47
2026-08-16 21:30:00,161.1,161.35,160.78,161.0,8370.96
2026-08-16 21:35:00,161.0,161.37,160.82,161.24,121641.61
2026-08-16 21:40:00,161.24,161.81,161.08,161.78,13928.02
2026-08-16 21:45:00,161.78,161.98,161.63,161.73,48396.06
2026-08-16 21:50:00,161.73,161.94,161.66,161.85,11545.51
2026-08-16 21:55:00,161.85,162.13,161.32,161.37,166460.35
2026-08-16 22:00:00,161.37,161.42,161.12,161.14,142905.82
2026-08-16 22:05:00,161.14,161.18,160.7,160.73,74735.82
2026-08-16 22:10:00,160.73,160.73,160.32,160.54,15548.66
2026-08-16 22:15:00,160.54,160.63,160.21,160.24,5695.73
2026-08-16 22:20:00,160.24,160.34,159.99,160.03,10887.5
2026-08-16 22:25:00,160.03,160.48,159.87,160.3,30031.71
2026-08-16 22:30:00,160.3,160.42,159.81,159.89,84088.86
2026-08-16 22:35:00,159.89,160.09,159.25,159.51,71700.19
2026-08-16 22:40:00,159.51,159.75,159.28,159.46,16649.44
2026-08-16 22:45:00,159.46,159.55,159.03,159.2,74084.74
2026-08-16 22:50:00,159.2,159.57,158.87,159.45,16541.61
2026-08-16 22:55:00,159.45,159.46,159.05,159.08,54670.81
2026-08-16 23:00:00,159.08,159.6,159.08,159.59,77271.12
2026-08-16 23:05:00,159.59,160.05,159.15,160.0,308713.69
2026-08-16 23:10:00,160.0,160.09,159.49,159.62,265885.65
2026-08-16 23:15:00,159.62,159.66,159.16,159.16,57113.69
2026-08-16 23:20:00,159.16,159.47,158.72,159.34,187746.55
2026-08-16 23:25:00,159.34,159.43,159.05,159.11,12718.53
2026-08-16 23:30:00,159.11,159.64,158.91,159.24,99187.57
2026-08-16 23:35:00,159.24,159.52,159.13,159.48,102246.05
2026-08-16 23:40:00,159.48,160.31,159.36,159.99,246927.92
2026-08-16 23:45:00,159.99,160.15,159.43,159.64,12383.11
2026-08-16 23:50:00,159.64,159.92,159.58,159.58,16098.29
2026-08-16 23:55:00,159.58,159.82,159.33,159.72,101299.08
2026-08-17 00:00:00,159.72,160.37,159.57,160.07,11610.93
2026-08-17 00:05:00,160.07,160.15,159.7,160.09,16781.49
2026-08-17 00:10:00,160.09,160.27,160.01,160.24,20272.24
2026-08-17 00:15:00,160.24,160.33,160.18,160.22,229667.37
2026-08-17 00:20:00,160.22,160.28,159.56,159.81,11133.84
2026-08-17 00:25:00,159.81,159.91,159.54,159.64,10250.64
2026-08-17 00:30:00,159.64,159.92,159.4,159.53,41829.34
2026-08-17 00:35:00,159.53,159.58,159.16,159.34,96378.58
2026-08-17 00:40:00,159.34,159.65,158.99,159.53,68266.72
2026-08-17 00:45:00,159.53,159.77,159.48,159.52,10132.39
2026-08-17 00:50:00,159.52,159.73,159.02,159.22,25.96
2026-08-17 00:55:00,159.22,159.4,159.09,159.15,12112.11
2026-08-17 01:00:00,159.15,159.25,158.95,159.23,16373.8
2026-08-17 01:05:00,159.23,159.56,159.06,159.44,22831.0
2026-08-17 01:10:00,159.44,159.54,159.12,159.16,24159.34
2026-08-17 01:15:00,159.16,159.19,158.88,159.06,26974.63
2026-08-17 01:20:00,159.06,159.15,158.93,158.93,30289.69
2026-08-17 01:25:00,158.93,158.94,158.46,158.84,3250.51
2026-08-17 01:30:00,158.84,159.13,158.19,159.08,546848.35
2026-08-17 01:35:00,159.08,159.08,158.65,158.9,43591.14
2026-08-17 01:40:00,158.9,159.0,158.48,158.67,18267.94
2026-08-17 01:45:00,158.67,158.95,158.34,158.38,152958.01
2026-08-17 01:50:00,158.38,158.54,157.96,158.07,120904.83
2026-08-17 01:55:00,158.07,158.69,157.92,158.63,30681.27
2026-08-17 02:00:00,158.63,158.91,158.54,158.55,12827.37
2026-08-17 02:05:00,158.55,158.81,158.36,158.77,45412.38
2026-08-17 02:10:00,158.77,159.04,158.09,158.93,249462.9
2026-08-17 02:15:00,158.93,159.02,158.47,158.49,11760.71
2026-08-17 02:20:00,158.49,158.96,158.19,158.95,134484.18
2026-08-17 02:25:00,158.95,159.3,158.71,159.11,12359.27
2026-08-17 02:30:00,159.11,159.49,158.75,159.45,638488.78
2026-08-17 02:35:00,159.45,159.63,158.68,158.77,3438.8
2026-08-17 02:40:00,158.77,159.26,158.52,159.16,5736.81
2026-08-17 02:45:00,159.16,159.3,158.99,159.08,118148.14
2026-08-17 02:50:00,159.08,159.42,158.45,159.31,36881.3
2026-08-17 02:55:00,159.31,159.82,158.83,159.76,10415.74
2026-08-17 03:00:00,159.76,160.32,159.21,160.2,140656.96
2026-08-17 03:05:00,160.2,160.38,159.94,160.19,94534.7
2026-08-17 03:10:00,160.19,160.53,160.11,160.52,19829.36
2026-08-17 03:15:00,160.52,160.79,160.13,160.22,5262.31
2026-08-17 03:20:00,160.22,161.11,160.09,160.77,27345.22
2026-08-17 03:25:00,160.77,160.78,160.21,160.27,71920.01
2026-08-17 03:30:00,160.27,160.47,159.94,160.1,12428.48
2026-08-17 03:35:00,160.1,160.21,159.36,159.36,22567.4
2026-08-17 03:40:00,159.36,159.62,159.11,159.48,63100.26
2026-08-17 03:45:00,159.48,159.53,159.41,159.51,9472.54
2026-08-17 03:50:00,159.51,159.53,159.4,159.44,6448.68
2026-08-17 03:55:00,159.44,160.36,159.36,160.36,249704.21
2026-08-17 04:00:00,160.36,160.57,159.9,159.92,48186.59
2026-08-17 04:05:00,159.92,160.28,159.75,160.01,37755.34
2026-08-17 04:10:00,160.01,160.38,159.92,160.29,102938.57
2026-08-17 04:15:00,160.29,160.52,160.21,160.39,51287.02
2026-08-17 04:20:00,160.39,160.72,160.34,160.57,21599.03
2026-08-17 04:25:00,160.57,160.73,160.07,160.16,33001.74
2026-08-17 04:30:00,160.16,160.23,159.65,159.76,14918.22
2026-08-17 04:35:00,159.76,159.81,159.13,159.23,117276.48
2026-08-17 04:40:00,159.23,159.38,159.1,159.34,16597.03
2026-08-17 04:45:00,159.34,159.56,158.96,159.11,19311.97
2026-08-17 04:50:00,159.11,159.18,158.97,159.17,43190.74
2026-08-17 04:55:00,159.17,159.57,159.13,159.32,6537.31
2026-08-17 05:00:00,159.32,159.5,159.21,159.48,47705.07
2026-08-17 05:05:00,159.48,160.16,159.46,160.06,35937.06
2026-08-17 05:10:00,160.06,160.08,159.61,159.94,62080.12
2026-08-17 05:15:00,159.94,160.22,159.73,160.17,2961.2
2026-08-17 05:20:00,160.17,160.66,160.0,160.32,30449.81
2026-08-17 05:25:00,160.32,160.43,160.11,160.3,24108.54
2026-08-17 05:30:00,160.3,160.41,160.13,160.13,1378.69
2026-08-17 05:35:00,160.13,160.26,160.09,160.24,10441.83
2026-08-17 05:40:00,160.24,160.84,160.1,160.73,4235.59
2026-08-17 05:45:00,160.73,160.99,160.35,160.49,68701.34
2026-08-17 05:50:00,160.49,160.81,160.1,160.18,53723.51
2026-08-17 05:55:00,160.18,160.3,159.71,159.78,56730.07
2026-08-17 06:00:00,159.78,160.03,159.66,160.03,24455.61
2026-08-17 06:05:00,160.03,160.27,159.75,160.08,19151.76
2026-08-17 06:10:00,160.08,160.18,159.9,159.99,8554.5
2026-08-17 06:15:00,159.99,160.55,159.96,160.5,942.07
2026-08-17 06:20:00,160.5,160.84,160.39,160.48,9504.57
2026-08-17 06:25:00,160.48,160.71,160.24,160.62,3029.27
2026-08-17 06:30:00,160.62,160.84,160.53,160.73,4809.35
2026-08-17 06:35:00,160.73,161.57,160.44,161.54,3583.39
2026-08-17 06:40:00,161.54,162.13,161.44,162.07,76569.24
2026-08-17 06:45:00,162.07,162.6,161.99,162.33,48783.4
2026-08-17 06:50:00,162.33,162.79,162.06,162.11,26676.86
2026-08-17 06:55:00,162.11,162.14,161.61,161.62,12716.81
2026-08-17 07:00:00,161.62,161.76,161.61,161.73,38159.68
2026-08-17 07:05:00,161.73,161.98,161.15,161.25,42186.62
2026-08-17 07:10:00,161.25,161.62,161.01,161.07,292598.76
2026-08-17 07:15:00,161.07,161.08,160.78,161.01,6227.51
2026-08-17 07:20:00,161.01,161.06,160.2,160.23,56579.23
2026-08-17 07:25:00,160.23,160.29,159.85,160.02,4917.84
2026-08-17 07:30:00,160.02,160.13,159.86,159.93,3763.29
2026-08-17 07:35:00,159.93,160.43,159.83,160.42,73239.71
2026-08-17 07:40:00,160.42,160.54,160.08,160.09,44506.97
2026-08-17 07:45:00,160.09,160.79,159.71,160.68,213439.0
2026-08-17 07:50:00,160.68,160.88,160.3,160.46,23134.28
2026-08-17 07:55:00,160.46,160.58,160.29,160.31,71175.58
2026-08-17 08:00:00,160.31,160.4,160.16,160.27,79415.5
2026-08-17 08:05:00,160.27,160.51,160.06,160.23,36.03
2026-08-17 08:10:00,160.23,160.38,160.09,160.21,92793.88
2026-08-17 08:15:00,160.21,160.88,160.13,160.65,111505.6
2026-08-17 08:20:00,160.65,160.9,160.61,160.65,63593.26
2026-08-17 08:25:00,160.65,161.0,160.64,160.85,119152.39
2026-08-17 08:30:00,160.85,160.96,160.55,160.71,78985.6
2026-08-17 08:35:00,160.71,160.72,160.49,160.57,9273.03
2026-08-17 08:40:00,160.57,160.73,160.57,160.59,56137.3
2026-08-17 08:45:00,160.59,160.89,160.03,160.26,16549.65
2026-08-17 08:50:00,160.26,160.38,159.81,160.08,35993.28
2026-08-17 08:55:00,160.08,161.04,159.96,160.85,23230.94
2026-08-17 09:00:00,160.85,161.06,160.72,161.06,248.91
2026-08-17 09:05:00,161.06,161.07,160.83,160.88,6708.08
2026-08-17 09:10:00,160.88,161.14,160.69,160.71,20790.48
2026-08-17 09:15:00,160.71,160.91,160.54,160.91,206257.16
2026-08-17 09:20:00,160.91,161.24,160.85,160.98,40214.13
2026-08-17 09:25:00,160.98,161.37,160.94,161.25,86462.3
2026-08-17 09:30:00,161.25,162.05,161.03,161.89,75120.24
2026-08-17 09:35:00,161.89,162.07,161.66,161.66,16876.83
2026-08-17 09:40:00,161.66,161.73,161.57,161.64,64329.79
2026-08-17 09:45:00,161.64,161.97,161.61,161.82,14969.18
2026-08-17 09:50:00,161.82,161.93,161.42,161.53,56594.56
2026-08-17 09:55:00,161.53,161.68,161.14,161.15,69332.3
2026-08-17 10:00:00,161.15,161.45,160.99,161.42,39009.25
2026-08-17 10:05:00,161.42,161.58,161.25,161.35,25549.96
2026-08-17 10:10:00,161.35,161.52,161.16,161.29,16029.64
2026-08-17 10:15:00,161.29,161.48,160.58,160.76,38986.17
2026-08-17 10:20:00,160.76,161.09,160.07,160.2,39711.08
2026-08-17 10:25:00,160.2,160.49,160.2,160.36,21481.14
2026-08-17 10:30:00,160.36,160.67,160.01,160.46,28215.3
2026-08-17 10:35:00,160.46,160.51,160.01,160.18,48210.79
2026-08-17 10:40:00,160.18,160.24,160.06,160.08,87999.33
2026-08-17 10:45:00,160.08,160.08,159.69,159.86,142436.73
2026-08-17 10:50:00,159.86,159.97,158.87,159.26,11044.38
2026-08-17 10:55:00,159.26,159.36,159.2,159.28,10482.78
2026-08-17 11:00:00,159.28,159.36,158.79,159.0,3257.17
2026-08-17 11:05:00,159.0,159.21,158.95,159.17,50037.88
2026-08-17 11:10:00,159.17,159.74,159.1,159.57,56877.14
2026-08-17 11:15:00,159.57,159.62,159.21,159.3,1553.39
2026-08-17 11:20:00,159.3,159.96,159.1,159.79,140744.42
2026-08-17 11:25:00,159.79,159.97,159.32,159.42,79720.7
2026-08-17 11:30:00,159.42,159.42,159.05,159.32,16229.84
2026-08-17 11:35:00,159.32,159.64,159.25,159.48,3163.01
2026-08-17 11:40:00,159.48,159.66,158.96,159.21,40803.6
2026-08-17 11:45:00,159.21,159.33,158.93,159.17,10687.29
2026-08-17 11:50:00,159.17,159.34,158.97,159.11,12186.61
2026-08-17 11:55:00,159.11,159.51,158.85,159.06,73187.67
2026-08-17 12:00:00,159.06,159.16,158.51,158.97,80041.79
2026-08-17 12:05:00,158.97,159.29,158.34,159.19,147889.2
2026-08-17 12:10:00,159.19,159.72,158.93,159.55,25948.5
2026-08-17 12:15:00,159.55,159.96,159.54,159.78,6151.31
2026-08-17 12:20:00,159.78,160.07,158.9,159.26,7721.42
2026-08-17 12:25:00,159.26,159.46,158.78,159.13,40852.08
2026-08-17 12:30:00,159.13,159.62,158.76,159.56,167260.85
2026-08-17 12:35:00,159.56,160.17,159.46,160.13,165353.29
2026-08-17 12:40:00,160.13,160.34,159.97,160.08,117581.52
2026-08-17 12:45:00,160.08,160.36,160.08,160.1,57455.91
2026-08-17 12:50:00,160.1,160.58,159.87,160.4,38048.3
2026-08-17 12:55:00,160.4,160.48,159.93,160.25,8493.95
2026-08-17 13:00:00,160.25,160.59,160.15,160.49,63965.75
2026-08-17 13:05:00,160.49,160.5,159.82,159.89,6878.15
2026-08-17 13:10:00,159.89,160.02,159.54,159.72,15606.36
2026-08-17 13:15:00,159.72,160.39,159.7,160.23,106964.2
2026-08-17 13:20:00,160.23,160.41,160.1,160.21,24812.4
2026-08-17 13:25:00,160.21,160.39,159.88,160.0,27262.3
2026-08-17 13:30:00,160.0,160.28,159.76,159.92,9335.56
2026-08-17 13:35:00,159.92,160.07,159.88,160.02,11652.1
2026-08-17 13:40:00,160.02,160.6,159.71,160.57,27099.39
2026-08-17 13:45:00,160.57,161.0,160.33,160.96,38172.85
2026-08-17 13:50:00,160.96,161.35,160.71,160.87,30814.62
2026-08-17 13:55:00,160.87,161.03,160.23,160.4,2655.07
2026-08-17 14:00:00,160.4,160.48,160.19,160.44,102542.25
2026-08-17 14:05:00,160.44,160.59,160.41,160.42,7222.4
2026-08-17 14:10:00,160.42,160.52,159.78,159.99,95034.62
2026-08-17 14:15:00,159.99,160.54,159.88,160.17,59038.48
2026-08-17 14:20:00,160.17,160.2,159.44,159.53,47044.1
2026-08-17 14:25:00,159.53,159.94,159.25,159.39,56816.51
2026-08-17 14:30:00,159.39,159.54,159.32,159.33,27560.66
2026-08-17 14:35:00,159.33,159.53,158.89,159.15,17067.19
2026-08-17 14:40:00,159.15,159.39,158.95,158.97,23688.66
2026-08-17 14:45:00,158.97,159.3,158.52,158.53,8346.48
2026-08-17 14:50:00,158.53,158.83,158.0,158.68,50896.23
2026-08-17 14:55:00,158.68,159.25,158.38,159.12,120402.63
2026-08-17 15:00:00,159.12,159.3,159.0,159.08,41223.06
2026-08-17 15:05:00,159.08,159.15,158.9,159.1,24634.91
2026-08-17 15:10:00,159.1,159.49,158.83,159.36,73881.93
2026-08-17 15:15:00,159.36,159.87,159.06,159.76,34960.96
2026-08-17 15:20:00,159.76,160.17,159.72,159.99,7539.78
2026-08-17 15:25:00,159.99,160.16,159.42,159.68,42353.44
2026-08-17 15:30:00,159.68,160.05,158.76,158.9,14380.38
2026-08-17 15:35:00,158.9,158.98,158.24,158.46,128742.92
2026-08-17 15:40:00,158.46,158.57,158.29,158.41,48187.02
2026-08-17 15:45:00,158.41,158.64,157.54,158.11,22220.32
2026-08-17 15:50:00,158.11,158.17,157.99,158.03,48731.39
2026-08-17 15:55:00,158.03,158.49,157.53,158.36,146454.49
2026-08-17 16:00:00,158.36,158.54,158.34,158.46,9194.25
2026-08-17 16:05:00,158.46,158.88,158.18,158.74,56337.47
2026-08-17 16:10:00,158.74,159.29,158.16,159.15,43722.48
2026-08-17 16:15:00,159.15,159.27,158.49,158.62,48885.93
2026-08-17 16:20:00,158.62,159.03,158.6,158.84,17740.72
2026-08-17 16:25:00,158.84,159.04,158.47,158.53,171897.32
2026-08-17 16:30:00,158.53,159.46,158.52,159.31,10820.57
2026-08-17 16:35:00,159.31,159.39,158.96,159.06,20327.44
2026-08-17 16:40:00,159.06,159.34,158.81,158.93,28056.94
2026-08-17 16:45:00,158.93,159.02,158.85,158.95,19100.78
2026-08-17 16:50:00,158.95,159.12,158.71,158.88,35956.03
2026-08-17 16:55:00,158.88,159.42,158.75,159.13,7129.01
2026-08-17 17:00:00,159.13,159.47,159.11,159.33,8807.48
2026-08-17 17:05:00,159.33,159.99,158.96,159.83,36303.73
2026-08-17 17:10:00,159.83,160.25,159.62,160.13,21358.36
2026-08-17 17:15:00,160.13,160.55,159.91,160.44,48395.4
2026-08-17 17:20:00,160.44,160.45,160.18,160.35,40636.13
2026-08-17 17:25:00,160.35,160.81,160.22,160.64,33796.97
2026-08-17 17:30:00,160.64,161.04,160.33,160.94,16448.73
2026-08-17 17:35:00,160.94,161.3,160.91,161.21,15254.07
2026-08-17 17:40:00,161.21,161.54,160.78,160.94,31419.37
2026-08-17 17:45:00,160.94,160.97,160.73,160.85,65933.75
2026-08-17 17:50:00,160.85,160.95,160.56,160.56,35910.59
2026-08-17 17:55:00,160.56,161.16,160.33,160.99,18022.61
2026-08-17 18:00:00,160.99,161.13,160.73,160.8,49012.0
2026-08-17 18:05:00,160.8,160.89,160.15,160.31,91116.7
2026-08-17 18:10:00,160.31,160.4,160.09,160.17,8593.6
2026-08-17 18:15:00,160.17,160.4,159.97,160.07,23400.82
2026-08-17 18:20:00,160.07,160.27,159.83,159.87,11004.95
2026-08-17 18:25:00,159.87,159.89,159.06,159.53,38333.65
2026-08-17 18:30:00,159.53,159.73,159.44,159.59,20102.58
2026-08-17 18:35:00,159.59,159.8,159.25,159.57,100530.76
2026-08-17 18:40:00,159.57,159.84,159.42,159.53,29124.11
2026-08-17 18:45:00,159.53,159.67,158.78,159.35,80148.71
2026-08-17 18:50:00,159.35,159.39,159.31,159.39,52345.78
2026-08-17 18:55:00,159.39,159.57,158.99,159.07,82800.85
2026-08-17 19:00:00,159.07,159.08,158.81,158.94,93450.04
2026-08-17 19:05:00,158.94,159.03,158.59,158.82,8389.22
2026-08-17 19:10:00,158.82,158.98,158.54,158.66,42398.48
2026-08-17 19:15:00,158.66,158.69,158.29,158.61,135180.6
2026-08-17 19:20:00,158.61,158.91,157.95,158.83,12599.42
2026-08-17 19:25:00,158.83,158.9,158.17,158.32,6502.04
2026-08-17 19:30:00,158.32,158.57,158.22,158.42,44244.52
2026-08-17 19:35:00,158.42,158.56,157.65,157.96,34148.32
2026-08-17 19:40:00,157.96,158.37,157.91,158.22,49945.65
2026-08-17 19:45:00,158.22,158.35,157.71,158.02,18187.27
2026-08-17 19:50:00,158.02,158.19,157.68,157.89,998.44
2026-08-17 19:55:00,157.89,158.07,157.59,157.98,18758.12
2026-08-17 20:00:00,157.98,158.53,157.29,158.45,12686.41
2026-08-17 20:05:00,158.45,158.47,157.74,157.98,68097.81
2026-08-17 20:10:00,157.98,158.35,157.84,158.05,12330.39
2026-08-17 20:15:00,158.05,158.24,157.61,157.68,81900.34
2026-08-17 20:20:00,157.68,158.01,157.51,157.94,37490.46
2026-08-17 20:25:00,157.94,158.36,157.69,158.3,25735.19
2026-08-17 20:30:00,158.3,158.61,157.93,158.47,1789.61
2026-08-17 20:35:00,158.47,159.18,158.42,159.12,15902.18
2026-08-17 20:40:00,159.12,159.3,158.81,158.94,23577.66
2026-08-17 20:45:00,158.94,158.99,158.33,158.58,39770.85
2026-08-17 20:50:00,158.58,158.6,157.96,158.16,76238.94
2026-08-17 20:55:00,158.16,158.44,157.53,158.38,136888.51
2026-08-17 21:00:00,158.38,158.64,158.38,158.48,41956.24
2026-08-17 21:05:00,158.48,158.51,158.03,158.14,2892.98
2026-08-17 21:10:00,158.14,158.9,158.12,158.65,29847.1
2026-08-17 21:15:00,158.65,159.26,158.5,159.09,46077.2
2026-08-17 21:20:00,159.09,159.22,158.86,158.87,28657.86
2026-08-17 21:25:00,158.87,159.37,158.84,159.32,98401.96
2026-08-17 21:30:00,159.32,159.61,159.14,159.49,153705.25
2026-08-17 21:35:00,159.49,159.51,159.27,159.35,16216.89
2026-08-17 21:40:00,159.35,159.67,159.25,159.3,29206.72
2026-08-17 21:45:00,159.3,159.64,159.24,159.42,20168.91
2026-08-17 21:50:00,159.42,159.54,159.37,159.46,5672.82
2026-08-17 21:55:00,159.46,159.48,159.21,159.25,33577.43
2026-08-17 22:00:00,159.25,159.26,158.99,159.09,8886.09
2026-08-17 22:05:00,159.09,159.25,159.03,159.24,3030.92
2026-08-17 22:10:00,159.24,159.41,158.9,159.28,69813.86
2026-08-17 22:15:00,159.28,159.44,159.22,159.35,10291.74
2026-08-17 22:20:00,159.35,159.65,158.78,159.07,25412.45
2026-08-17 22:25:00,159.07,159.11,159.02,159.07,34372.12
2026-08-17 22:30:00,159.07,159.43,158.67,158.71,107707.24
2026-08-17 22:35:00,158.71,158.85,158.69,158.71,40603.7
2026-08-17 22:40:00,158.71,158.92,158.39,158.72,12402.26
2026-08-17 22:45:00,158.72,159.11,158.7,159.11,51244.44
2026-08-17 22:50:00,159.11,159.34,159.06,159.2,37742.26
2026-08-17 22:55:00,159.2,159.31,158.98,159.02,1793.54
2026-08-17 23:00:00,159.02,159.21,158.81,159.18,123255.25
2026-08-17 23:05:00,159.18,159.34,159.14,159.3,32821.28
2026-08-17 23:10:00,159.3,159.37,159.21,159.34,24149.61
2026-08-17 23:15:00,159.34,159.66,159.2,159.35,31484.37
2026-08-17 23:20:00,159.35,159.49,158.98,159.23,41397.01
2026-08-17 23:25:00,159.23,159.31,158.48,158.97,4530.77
2026-08-17 23:30:00,158.97,159.0,158.47,158.48,6316.79
2026-08-17 23:35:00,158.48,158.66,158.25,158.49,28101.91
2026-08-17 23:40:00,158.49,158.89,158.45,158.66,62342.43
2026-08-17 23:45:00,158.66,158.89,158.45,158.49,76220.92
2026-08-17 23:50:00,158.49,158.95,158.25,158.81,122822.98
2026-08-17 23:55:00,158.81,158.86,158.67,158.76,106559.45
2026-08-18 00:00:00,158.76,159.01,158.63,158.94,136745.14
2026-08-18 00:05:00,158.94,158.97,158.02,158.03,71527.02
2026-08-18 00:10:00,158.03,158.1,157.48,157.85,19238.02
2026-08-18 00:15:00,157.85,158.05,157.51,157.56,38143.04
2026-08-18 00:20:00,157.56,157.78,156.82,157.27,69742.57
2026-08-18 00:25:00,157.27,157.55,157.01,157.5,124582.73
2026-08-18 00:30:00,157.5,157.68,157.36,157.44,5190.42
2026-08-18 00:35:00,157.44,157.59,157.37,157.51,30243.06
2026-08-18 00:40:00,157.51,157.56,157.38,157.54,15594.44
2026-08-18 00:45:00,157.54,157.81,157.13,157.69,191808.35
2026-08-18 00:50:00,157.69,157.84,157.28,157.4,158039.01
2026-08-18 00:55:00,157.4,157.62,157.37,157.41,2778.21
2026-08-18 01:00:00,157.41,157.71,156.9,157.62,135295.77
2026-08-18 01:05:00,157.62,158.14,157.29,158.08,748697.87
2026-08-18 01:10:00,158.08,158.34,157.9,158.1,64766.86
2026-08-18 01:15:00,158.1,158.3,158.03,158.26,44641.15
2026-08-18 01:20:00,158.26,158.56,158.12,158.24,59199.16
2026-08-18 01:25:00,158.24,158.34,157.94,158.25,23920.95
2026-08-18 01:30:00,158.25,158.32,158.15,158.26,23772.82
2026-08-18 01:35:00,158.26,158.34,158.23,158.28,482.62
2026-08-18 01:40:00,158.28,158.39,157.97,158.09,22744.77
2026-08-18 01:45:00,158.09,158.16,157.45,157.61,63398.46
2026-08-18 01:50:00,157.61,157.77,157.29,157.31,135456.79
2026-08-18 01:55:00,157.31,157.83,156.72,157.07,41722.36
2026-08-18 02:00:00,157.07,157.32,156.72,156.87,101462.99
2026-08-18 02:05:00,156.87,157.16,156.83,157.1,113306.1
2026-08-18 02:10:00,157.1,157.16,156.5,156.89,85388.67
2026-08-18 02:15:00,156.89,156.96,156.47,156.8,117262.17
2026-08-18 02:20:00,156.8,156.95,156.41,156.42,67963.93
2026-08-18 02:25:00,156.42,156.67,156.29,156.66,80.04
2026-08-18 02:30:00,156.66,156.7,156.37,156.41,45025.0
2026-08-18 02:35:00,156.41,156.59,156.38,156.53,5937.44
2026-08-18 02:40:00,156.53,156.69,156.31,156.31,152904.96
2026-08-18 02:45:00,156.31,156.63,155.83,156.54,37451.56
2026-08-18 02:50:00,156.54,156.75,156.0,156.68,234284.47
2026-08-18 02:55:00,156.68,157.17,156.09,157.09,426852.78
2026-08-18 03:00:00,157.09,157.1,156.97,156.98,7179.32
2026-08-18 03:05:00,156.98,157.82,156.62,157.61,64481.49
2026-08-18 03:10:00,157.61,157.64,157.41,157.59,24710.77
2026-08-18 03:15:00,157.59,157.99,157.22,157.84,228328.43
2026-08-18 03:20:00,157.84,158.35,157.25,158.28,255209.59
2026-08-18 03:25:00,158.28,158.43,158.22,158.35,157443.19
2026-08-18 03:30:00,158.35,158.44,158.04,158.15,94292.46
2026-08-18 03:35:00,158.15,158.19,157.88,158.06,28244.39
2026-08-18 03:40:00,158.06,158.09,157.74,157.8,69003.79
2026-08-18 03:45:00,157.8,158.18,157.24,157.35,62396.34
2026-08-18 03:50:00,157.35,157.87,157.3,157.77,23184.88
2026-08-18 03:55:00,157.77,157.92,157.53,157.62,131.84
2026-08-18 04:00:00,157.62,157.81,157.13,157.75,3652.8
2026-08-18 04:05:00,157.75,157.83,157.45,157.55,25777.63
2026-08-18 04:10:00,157.55,157.66,157.3,157.33,31578.96
2026-08-18 04:15:00,157.33,157.38,156.94,157.05,125256.63
2026-08-18 04:20:00,157.05,157.33,156.96,157.1,1394.55
2026-08-18 04:25:00,157.1,157.52,156.95,157.4,48540.14
2026-08-18 04:30:00,157.4,157.84,157.33,157.56,248404.4
2026-08-18 04:35:00,157.56,157.76,157.46,157.64,134414.7
2026-08-18 04:40:00,157.64,157.65,157.41,157.45,44984.07
2026-08-18 04:45:00,157.45,157.51,156.9,157.13,23692.69
2026-08-18 04:50:00,157.13,157.27,156.99,157.16,41246.37
2026-08-18 04:55:00,157.16,157.32,156.93,156.93,169686.8
2026-08-18 05:00:00,156.93,157.12,156.9,156.94,15395.51
2026-08-18 05:05:00,156.94,156.94,156.64,156.92,45881.17
2026-08-18 05:10:00,156.92,157.18,156.81,156.97,248096.21
2026-08-18 05:15:00,156.97,157.24,156.9,157.1,17289.22
2026-08-18 05:20:00,157.1,157.21,156.9,157.02,50644.81
2026-08-18 05:25:00,157.02,157.24,156.21,156.33,68026.74
2026-08-18 05:30:00,156.33,157.07,156.24,156.91,45706.39
2026-08-18 05:35:00,156.91,156.92,156.42,156.55,19661.17
2026-08-18 05:40:00,156.55,156.9,156.04,156.78,380621.26
2026-08-18 05:45:00,156.78,156.8,156.68,156.8,56926.28
2026-08-18 05:50:00,156.8,157.0,156.53,156.57,41345.45
2026-08-18 05:55:00,156.57,157.04,156.42,156.91,50751.12
2026-08-18 06:00:00,156.91,157.14,156.7,156.9,66572.22
2026-08-18 06:05:00,156.9,157.1,156.48,156.52,43643.55
2026-08-18 06:10:00,156.52,157.11,155.85,156.99,86921.54
2026-08-18 06:15:00,156.99,157.07,156.96,157.02,9860.18
2026-08-18 06:20:00,157.02,157.19,157.01,157.15,78145.24
2026-08-18 06:25:00,157.15,157.16,157.0,157.06,108127.23
2026-08-18 06:30:00,157.06,157.15,156.79,156.86,35018.27
2026-08-18 06:35:00,156.86,157.24,156.54,156.83,8640.17
2026-08-18 06:40:00,156.83,156.99,156.72,156.89,27529.93
2026-08-18 06:45:00,156.89,156.93,156.72,156.79,78348.87
2026-08-18 06:50:00,156.79,156.86,156.73,156.82,21319.34
2026-08-18 06:55:00,156.82,156.97,156.65,156.96,53382.71
2026-08-18 07:00:00,156.96,156.98,156.73,156.85,67485.62
2026-08-18 07:05:00,156.85,157.34,156.83,157.21,45273.3
2026-08-18 07:10:00,157.21,157.58,156.85,156.88,49263.4
2026-08-18 07:15:00,156.88,157.03,156.49,156.54,56634.37
2026-08-18 07:20:00,156.54,156.76,156.38,156.58,128158.83
2026-08-18 07:25:00,156.58,156.87,156.33,156.71,223347.72
2026-08-18 07:30:00,156.71,157.12,156.56,156.99,15999.89
2026-08-18 07:35:00,156.99,157.34,156.99,157.17,6629.08
2026-08-18 07:40:00,157.17,157.42,156.89,156.92,136465.29
2026-08-18 07:45:00,156.92,156.97,156.82,156.92,21095.58
2026-08-18 07:50:00,156.92,156.94,156.55,156.74,20128.07
2026-08-18 07:55:00,156.74,156.95,156.3,156.45,24477.29
2026-08-18 08:00:00,156.45,156.95,156.16,156.83,63832.16
2026-08-18 08:05:00,156.83,157.13,156.62,156.89,5002.64
2026-08-18 08:10:00,156.89,157.11,156.54,156.88,26918.38
2026-08-18 08:15:00,156.88,157.15,156.36,156.56,26842.74
2026-08-18 08:20:00,156.56,157.1,155.87,157.01,714220.98
2026-08-18 08:25:00,157.01,157.17,156.87,156.91,77652.56
2026-08-18 08:30:00,156.91,157.38,156.65,157.04,43040.34
2026-08-18 08:35:00,157.04,157.25,156.83,157.24,65231.96
2026-08-18 08:40:00,157.24,157.37,156.76,157.08,15965.83
2026-08-18 08:45:00,157.08,157.22,156.7,156.88,51201.13
2026-08-18 08:50:00,156.88,156.89,156.44,156.46,51775.37
2026-08-18 08:55:00,156.46,156.91,156.32,156.66,4592.59
2026-08-18 09:00:00,156.66,156.88,156.25,156.34,13574.35
2026-08-18 09:05:00,156.34,156.66,156.18,156.21,56496.5
2026-08-18 09:10:00,156.21,156.22,155.35,155.56,83930.55
2026-08-18 09:15:00,155.56,156.03,155.07,155.88,261116.79
2026-08-18 09:20:00,155.88,155.91,155.4,155.43,45776.87
2026-08-18 09:25:00,155.43,155.93,155.37,155.8,141745.77
2026-08-18 09:30:00,155.8,155.83,155.52,155.6,5455.66
2026-08-18 09:35:00,155.6,155.73,155.36,155.39,51601.62
2026-08-18 09:40:00,155.39,155.77,155.3,155.58,110637.52
2026-08-18 09:45:00,155.58,155.95,155.24,155.82,34873.42
2026-08-18 09:50:00,155.82,156.19,155.34,156.07,399345.42
2026-08-18 09:55:00,156.07,156.24,155.69,155.98,76690.83
2026-08-18 10:00:00,155.98,156.6,155.91,156.28,32238.12
2026-08-18 10:05:00,156.28,156.6,156.25,156.42,30363.36
2026-08-18 10:10:00,156.42,156.61,156.08,156.35,22349.65
2026-08-18 10:15:00,156.35,156.69,155.99,156.61,22752.08
2026-08-18 10:20:00,156.61,156.76,156.44,156.61,82715.39
2026-08-18 10:25:00,156.61,156.88,156.06,156.27,16101.82
2026-08-18 10:30:00,156.27,156.62,156.23,156.41,14026.55
2026-08-18 10:35:00,156.41,156.84,156.41,156.76,26693.9
2026-08-18 10:40:00,156.76,157.04,156.37,156.52,54521.41
2026-08-18 10:45:00,156.52,156.83,156.2,156.21,28945.9
2026-08-18 10:50:00,156.21,156.51,155.62,156.43,110650.59
2026-08-18 10:55:00,156.43,156.5,156.4,156.48,6392.56
2026-08-18 11:00:00,156.48,157.02,156.08,156.89,86225.41
2026-08-18 11:05:00,156.89,156.99,156.49,156.79,26953.34
2026-08-18 11:10:00,156.79,156.8,156.58,156.61,32299.69
2026-08-18 11:15:00,156.61,156.94,155.95,156.81,22589.32
2026-08-18 11:20:00,156.81,156.92,156.36,156.49,76375.21
2026-08-18 11:25:00,156.49,156.87,156.46,156.84,4163.78
2026-08-18 11:30:00,156.84,156.89,156.6,156.85,71179.06
2026-08-18 11:35:00,156.85,157.0,156.85,156.86,15388.64
2026-08-18 11:40:00,156.86,157.08,156.79,157.02,20133.71
2026-08-18 11:45:00,157.02,157.13,156.82,156.89,62545.75
2026-08-18 11:50:00,156.89,157.24,156.47,157.07,2756.22
2026-08-18 11:55:00,157.07,157.42,156.8,156.92,260922.87
2026-08-18 12:00:00,156.92,157.24,156.86,157.06,11224.42
2026-08-18 12:05:00,157.06,157.14,156.84,156.92,14991.77
2026-08-18 12:10:00,156.92,157.04,156.49,156.8,144742.15
2026-08-18 12:15:00,156.8,157.03,156.74,156.91,203288.39
2026-08-18 12:20:00,156.91,157.0,156.74,156.77,30856.78
2026-08-18 12:25:00,156.77,156.84,156.58,156.68,71351.61
2026-08-18 12:30:00,156.68,156.7,156.62,156.67,128083.51
2026-08-18 12:35:00,156.67,157.19,156.64,157.04,18569.3
2026-08-18 12:40:00,157.04,157.3,156.78,157.2,1724.67
2026-08-18 12:45:00,157.2,157.53,156.93,156.94,79965.42
2026-08-18 12:50:00,156.94,157.07,156.42,156.93,27969.55
2026-08-18 12:55:00,156.93,157.0,156.71,156.72,27793.81
2026-08-18 13:00:00,156.72,156.88,156.52,156.87,25860.27
2026-08-18 13:05:00,156.87,157.51,156.83,157.36,3171.85
2026-08-18 13:10:00,157.36,157.9,156.98,157.08,135455.78
2026-08-18 13:15:00,157.08,157.36,157.08,157.34,39172.98
2026-08-18 13:20:00,157.34,157.4,156.79,157.23,116604.11
2026-08-18 13:25:00,157.23,157.71,156.98,157.68,90106.67
2026-08-18 13:30:00,157.68,157.94,157.46,157.71,70278.5
2026-08-18 13:35:00,157.71,158.13,157.61,158.03,45833.78
2026-08-18 13:40:00,158.03,158.07,157.71,157.95,66996.83
2026-08-18 13:45:00,157.95,158.09,157.1,157.56,137463.43
2026-08-18 13:50:00,157.56,157.82,157.31,157.43,192161.79
2026-08-18 13:55:00,157.43,157.92,157.34,157.7,62585.42
2026-08-18 14:00:00,157.7,158.27,157.38,157.54,25112.81
2026-08-18 14:05:00,157.54,157.84,156.81,156.9,4224.46
2026-08-18 14:10:00,156.9,157.0,156.81,156.86,23063.07
2026-08-18 14:15:00,156.86,157.04,156.69,156.85,6800.14
2026-08-18 14:20:00,156.85,157.26,156.54,156.8,45991.61
2026-08-18 14:25:00,156.8,157.4,156.55,156.76,22633.9
2026-08-18 14:30:00,156.76,156.95,156.26,156.35,6789.28
2026-08-18 14:35:00,156.35,156.74,156.21,156.71,110215.76
2026-08-18 14:40:00,156.71,156.85,156.35,156.53,46050.02
2026-08-18 14:45:00,156.53,156.65,156.16,156.22,7133.09
2026-08-18 14:50:00,156.22,156.6,156.09,156.49,9411.23
2026-08-18 14:55:00,156.49,156.52,156.06,156.27,29097.9
2026-08-18 15:00:00,156.27,156.74,156.18,156.58,9642.18
2026-08-18 15:05:00,156.58,157.09,156.29,156.71,51287.39
2026-08-18 15:10:00,156.71,156.84,156.56,156.6,119081.11
2026-08-18 15:15:00,156.6,157.51,156.5,157.26,32657.27
2026-08-18 15:20:00,157.26,157.57,156.77,156.86,198947.92
2026-08-18 15:25:00,156.86,156.95,156.14,156.6,16876.4
2026-08-18 15:30:00,156.6,156.61,156.34,156.53,71788.61
2026-08-18 15:35:00,156.53,156.68,156.39,156.54,74926.02
2026-08-18 15:40:00,156.54,156.93,156.32,156.83,53264.01
2026-08-18 15:45:00,156.83,157.35,156.72,156.94,14961.68
2026-08-18 15:50:00,156.94,157.03,156.43,156.44,66608.7
2026-08-18 15:55:00,156.44,156.91,156.18,156.83,402487.65
2026-08-18 16:00:00,156.83,157.24,156.81,157.05,4763.08
2026-08-18 16:05:00,157.05,157.24,156.96,156.98,2839.09
2026-08-18 16:10:00,156.98,157.69,156.88,157.45,8996.47
2026-08-18 16:15:00,157.45,157.5,157.05,157.12,54154.68
2026-08-18 16:20:00,157.12,157.31,156.27,156.5,9302.34
2026-08-18 16:25:00,156.5,156.6,156.47,156.59,11950.14
2026-08-18 16:30:00,156.59,156.88,156.56,156.65,4528.32
2026-08-18 16:35:00,156.65,156.86,156.47,156.83,6385.74
2026-08-18 16:40:00,156.83,156.85,156.24,156.58,1237.28
2026-08-18 16:45:00,156.58,156.83,155.92,156.04,303121.67
2026-08-18 16:50:00,156.04,156.28,155.65,156.19,346439.61
2026-08-18 16:55:00,156.19,156.37,156.13,156.29,37371.73
2026-08-18 17:00:00,156.29,156.49,155.91,156.03,28587.07
2026-08-18 17:05:00,156.03,156.31,155.74,155.92,24213.93
2026-08-18 17:10:00,155.92,156.23,155.3,155.72,1299.07
2026-08-18 17:15:00,155.72,156.26,155.27,156.17,300061.11
2026-08-18 17:20:00,156.17,156.8,156.05,156.48,28970.63
2026-08-18 17:25:00,156.48,156.62,155.94,156.36,13838.35
2026-08-18 17:30:00,156.36,156.55,155.96,156.5,173396.99
2026-08-18 17:35:00,156.5,156.58,156.41,156.57,45086.87
2026-08-18 17:40:00,156.57,157.15,156.52,156.75,105256.63
2026-08-18 17:45:00,156.75,156.88,156.63,156.67,63235.04
2026-08-18 17:50:00,156.67,156.72,156.25,156.29,210.15
2026-08-18 17:55:00,156.29,156.48,156.16,156.36,5172.78
2026-08-18 18:00:00,156.36,156.68,156.01,156.58,63894.86
2026-08-18 18:05:00,156.58,157.3,156.54,157.14,136921.09
2026-08-18 18:10:00,157.14,157.14,156.74,156.9,67458.61
2026-08-18 18:15:00,156.9,157.03,156.34,156.48,71399.91
2026-08-18 18:20:00,156.48,156.66,156.3,156.59,35706.14
2026-08-18 18:25:00,156.59,156.67,155.83,156.04,41625.64
2026-08-18 18:30:00,156.04,156.15,155.97,156.15,11285.22
2026-08-18 18:35:00,156.15,156.33,156.03,156.2,87020.75
2026-08-18 18:40:00,156.2,156.48,155.92,155.96,44029.58
2026-08-18 18:45:00,155.96,156.06,155.48,155.51,4447.07
2026-08-18 18:50:00,155.51,155.81,154.88,155.72,276551.9
2026-08-18 18:55:00,155.72,156.12,155.71,156.07,36307.76
2026-08-18 19:00:00,156.07,156.49,156.05,156.33,40702.1
2026-08-18 19:05:00,156.33,156.53,156.18,156.31,73722.46
2026-08-18 19:10:00,156.31,156.91,156.03,156.9,11935.38
2026-08-18 19:15:00,156.9,157.36,156.87,156.96,5044.54
2026-08-18 19:20:00,156.96,156.97,156.86,156.91,18190.62
2026-08-18 19:25:00,156.91,157.03,156.78,156.99,9528.49
2026-08-18 19:30:00,156.99,157.31,156.75,157.21,102141.5
2026-08-18 19:35:00,157.21,157.24,156.88,156.94,150717.32
2026-08-18 19:40:00,156.94,157.22,156.36,156.51,187144.21
2026-08-18 19:45:00,156.51,156.77,156.23,156.43,34579.25
2026-08-18 19:50:00,156.43,156.44,156.18,156.39,117372.46
2026-08-18 19:55:00,156.39,156.42,156.17,156.19,34974.91
2026-08-18 20:00:00,156.19,156.25,155.85,156.08,16770.83
2026-08-18 20:05:00,156.08,156.09,155.65,155.87,143181.3
2026-08-18 20:10:00,155.87,156.12,155.69,155.94,39962.61
2026-08-18 20:15:00,155.94,156.71,155.87,156.42,17404.18
2026-08-18 20:20:00,156.42,156.87,156.28,156.83,50526.9
2026-08-18 20:25:00,156.83,156.97,156.78,156.95,52925.87
2026-08-18 20:30:00,156.95,157.58,156.79,157.55,25088.57
2026-08-18 20:35:00,157.55,157.81,157.27,157.36,2524.48
2026-08-18 20:40:00,157.36,157.37,156.67,156.7,53241.45
2026-08-18 20:45:00,156.7,156.81,156.18,156.38,71103.08
2026-08-18 20:50:00,156.38,156.76,156.15,156.41,84605.48
2026-08-18 20:55:00,156.41,156.58,156.18,156.54,62477.72
2026-08-18 21:00:00,156.54,157.0,156.35,156.95,14561.78
2026-08-18 21:05:00,156.95,156.98,156.83,156.88,23259.41
2026-08-18 21:10:00,156.88,157.2,156.85,157.19,54627.22
2026-08-18 21:15:00,157.19,157.37,157.02,157.07,1921.41
2026-08-18 21:20:00,157.07,157.58,157.04,157.36,3787.9
2026-08-18 21:25:00,157.36,157.58,157.23,157.29,12470.64
2026-08-18 21:30:00,157.29,157.55,156.77,156.9,428689.03
2026-08-18 21:35:00,156.9,157.07,156.41,157.05,135008.33
2026-08-18 21:40:00,157.05,157.16,156.71,156.92,42737.32
2026-08-18 21:45:00,156.92,157.14,156.76,157.06,138378.02
2026-08-18 21:50:00,157.06,157.41,156.75,157.25,155164.63
2026-08-18 21:55:00,157.25,157.5,156.95,157.1,102773.92
2026-08-18 22:00:00,157.1,157.28,156.37,156.89,234285.6
2026-08-18 22:05:00,156.89,157.08,156.32,156.59,61724.08
2026-08-18 22:10:00,156.59,157.42,156.2,157.32,131955.81
2026-08-18 22:15:00,157.32,157.5,157.21,157.44,28948.13
2026-08-18 22:20:00,157.44,157.81,157.33,157.5,111461.08
2026-08-18 22:25:00,157.5,157.74,156.96,157.09,103914.0
2026-08-18 22:30:00,157.09,157.14,157.01,157.06,63308.01
2026-08-18 22:35:00,157.06,157.1,156.39,156.61,27384.4
2026-08-18 22:40:00,156.61,156.9,156.49,156.72,40679.83
2026-08-18 22:45:00,156.72,157.14,156.62,157.09,6561.89
2026-08-18 22:50:00,157.09,157.59,157.0,157.48,20241.33
2026-08-18 22:55:00,157.48,157.5,157.21,157.5,42460.13
2026-08-18 23:00:00,157.5,158.09,157.25,157.92,118524.3
2026-08-18 23:05:00,157.92,157.92,157.76,157.84,90526.46
2026-08-18 23:10:00,157.84,158.08,157.64,157.86,201892.75
2026-08-18 23:15:00,157.86,158.11,157.6,157.71,316357.88
2026-08-18 23:20:00,157.71,158.2,157.24,157.31,151744.23
2026-08-18 23:25:00,157.31,157.38,157.0,157.04,27784.71
2026-08-18 23:30:00,157.04,157.48,157.0,157.21,10543.73
2026-08-18 23:35:00,157.21,157.37,156.96,157.23,28156.81
2026-08-18 23:40:00,157.23,157.77,156.98,157.6,272.77
2026-08-18 23:45:00,157.6,157.71,157.16,157.16,36645.16
2026-08-18 23:50:00,157.16,157.29,156.46,156.54,13284.88
2026-08-18 23:55:00,156.54,156.64,156.01,156.06,973.07
2026-08-19 00:00:00,156.06,156.41,155.48,156.31,82186.23
2026-08-19 00:05:00,156.31,156.43,155.86,156.1,38163.7
2026-08-19 00:10:00,156.1,156.74,156.09,156.45,25092.8
2026-08-19 00:15:00,156.45,157.28,156.26,157.17,43335.39
2026-08-19 00:20:00,157.17,157.4,156.62,156.82,100782.15
2026-08-19 00:25:00,156.82,157.17,156.82,157.12,14243.64
2026-08-19 00:30:00,157.12,157.17,157.01,157.05,38672.25
2026-08-19 00:35:00,157.05,157.14,156.71,156.87,8178.63
2026-08-19 00:40:00,156.87,157.22,156.3,156.38,56699.93
2026-08-19 00:45:00,156.38,156.63,156.33,156.53,14137.45
2026-08-19 00:50:00,156.53,156.6,155.92,156.24,13013.25
2026-08-19 00:55:00,156.24,156.59,155.76,155.8,214481.4
2026-08-19 01:00:00,155.8,156.31,155.42,156.2,47142.55
2026-08-19 01:05:00,156.2,156.61,155.55,155.6,202003.97
2026-08-19 01:10:00,155.6,155.94,155.55,155.6,1045.38
2026-08-19 01:15:00,155.6,155.69,155.46,155.61,11984.89
2026-08-19 01:20:00,155.61,155.79,155.59,155.68,7810.49
2026-08-19 01:25:00,155.68,155.69,155.29,155.44,77581.31
2026-08-19 01:30:00,155.44,155.46,155.09,155.41,61147.39
2026-08-19 01:35:00,155.41,155.54,154.97,155.14,10724.75
2026-08-19 01:40:00,155.14,155.25,155.08,155.18,76169.15
2026-08-19 01:45:00,155.18,155.45,154.85,155.38,215662.88
2026-08-19 01:50:00,155.38,155.77,154.79,155.72,169665.43
2026-08-19 01:55:00,155.72,156.12,155.4,155.97,166017.45
2026-08-19 02:00:00,155.97,156.02,155.56,155.73,12972.2
2026-08-19 02:05:00,155.73,156.01,155.46,155.95,10658.9
2026-08-19 02:10:00,155.95,156.13,155.69,155.98,12369.34
2026-08-19 02:15:00,155.98,156.52,155.63,156.42,270706.03
2026-08-19 02:20:00,156.42,156.52,156.13,156.14,28237.68
2026-08-19 02:25:00,156.14,156.49,155.84,156.44,505894.53
2026-08-19 02:30:00,156.44,156.76,156.13,156.42,127026.72
2026-08-19 02:35:00,156.42,156.52,156.04,156.43,93605.65
2026-08-19 02:40:00,156.43,156.7,156.14,156.51,4809.49
2026-08-19 02:45:00,156.51,156.78,155.96,156.27,98359.06
2026-08-19 02:50:00,156.27,156.49,155.98,156.22,18180.97
2026-08-19 02:55:00,156.22,156.56,156.15,156.17,983.44
2026-08-19 03:00:00,156.17,156.45,156.06,156.28,64112.26
2026-08-19 03:05:00,156.28,156.67,156.16,156.54,23037.19
2026-08-19 03:10:00,156.54,156.83,156.52,156.76,65299.65
2026-08-19 03:15:00,156.76,156.89,156.69,156.78,117193.24
2026-08-19 03:20:00,156.78,156.92,156.38,156.45,19328.54
2026-08-19 03:25:00,156.45,156.65,156.33,156.5,10876.1
2026-08-19 03:30:00,156.5,156.79,156.28,156.73,14557.75
2026-08-19 03:35:00,156.73,156.74,156.6,156.65,25834.25
2026-08-19 03:40:00,156.65,156.74,156.18,156.32,96764.35
2026-08-19 03:45:00,156.32,156.45,156.13,156.44,17388.59
2026-08-19 03:50:00,156.44,156.52,156.39,156.46,17467.09
2026-08-19 03:55:00,156.46,157.1,156.12,156.76,62638.34
2026-08-19 04:00:00,156.76,156.88,156.46,156.51,3748.66
2026-08-19 04:05:00,156.51,156.58,156.04,156.41,55356.7
2026-08-19 04:10:00,156.41,156.5,156.13,156.31,79923.4
2026-08-19 04:15:00,156.31,156.79,156.02,156.45,44235.91
2026-08-19 04:20:00,156.45,157.0,156.44,156.63,24.37
2026-08-19 04:25:00,156.63,156.78,156.3,156.4,372540.02
2026-08-19 04:30:00,156.4,156.55,156.07,156.15,121601.37
2026-08-19 04:35:00,156.15,156.24,155.47,155.5,85250.44
2026-08-19 04:40:00,155.5,155.99,155.27,155.77,48868.87
2026-08-19 04:45:00,155.77,156.49,155.71,156.01,169631.76
2026-08-19 04:50:00,156.01,156.18,155.94,155.96,25883.71
2026-08-19 04:55:00,155.96,156.05,155.46,155.6,27132.6
2026-08-19 05:00:00,155.6,155.64,155.12,155.23,27953.77
2026-08-19 05:05:00,155.23,155.43,154.89,155.17,9788.21
2026-08-19 05:10:00,155.17,155.31,155.05,155.18,26225.66
2026-08-19 05:15:00,155.18,155.72,154.86,155.59,404530.61
2026-08-19 05:20:00,155.59,155.91,154.99,155.12,52084.8
2026-08-19 05:25:00,155.12,155.57,154.99,155.51,32427.54
2026-08-19 05:30:00,155.51,155.91,155.21,155.57,9103.32
2026-08-19 05:35:00,155.57,155.75,155.32,155.51,46101.24
2026-08-19 05:40:00,155.51,155.73,155.31,155.57,10017.13
2026-08-19 05:45:00,155.57,155.58,155.29,155.4,4299.99
2026-08-19 05:50:00,155.4,155.91,154.81,155.79,71430.4
2026-08-19 05:55:00,155.79,156.51,155.73,156.27,32820.17
2026-08-19 06:00:00,156.27,156.4,156.0,156.01,96.31
2026-08-19 06:05:00,156.01,156.07,155.62,155.88,27890.4
2026-08-19 06:10:00,155.88,156.19,155.51,156.07,60074.53
2026-08-19 06:15:00,156.07,156.26,155.96,156.23,3041.32
2026-08-19 06:20:00,156.23,156.31,155.95,155.96,69664.05
2026-08-19 06:25:00,155.96,156.25,155.73,155.95,15017.23
2026-08-19 06:30:00,155.95,156.15,155.67,155.82,122087.78
2026-08-19 06:35:00,155.82,156.01,155.67,155.94,103737.2
2026-08-19 06:40:00,155.94,156.07,155.88,155.96,78858.2
2026-08-19 06:45:00,155.96,156.05,155.27,155.58,60049.91
2026-08-19 06:50:00,155.58,155.71,155.21,155.4,75429.13
2026-08-19 06:55:00,155.4,155.59,155.29,155.49,78998.33
2026-08-19 07:00:00,155.49,155.81,155.07,155.08,69421.58
2026-08-19 07:05:00,155.08,155.59,154.52,155.49,169848.07
2026-08-19 07:10:00,155.49,156.27,155.34,156.02,29696.55
2026-08-19 07:15:00,156.02,156.72,156.0,156.56,34434.21
2026-08-19 07:20:00,156.56,156.94,155.93,156.19,44893.15
2026-08-19 07:25:00,156.19,156.26,155.62,155.74,22830.27
2026-08-19 07:30:00,155.74,155.8,155.17,155.51,96774.39
2026-08-19 07:35:00,155.51,155.97,155.43,155.77,14889.26
2026-08-19 07:40:00,155.77,156.18,155.73,156.06,74503.3
2026-08-19 07:45:00,156.06,156.24,155.73,155.78,15941.77
2026-08-19 07:50:00,155.78,156.04,155.29,155.57,1845.25
2026-08-19 07:55:00,155.57,155.72,155.46,155.48,114336.61
2026-08-19 08:00:00,155.48,156.25,155.25,156.05,21626.18
2026-08-19 08:05:00,156.05,156.57,156.02,156.24,17287.17
2026-08-19 08:10:00,156.24,156.56,156.1,156.33,53427.24
2026-08-19 08:15:00,156.33,156.92,156.27,156.71,36044.62
2026-08-19 08:20:00,156.71,156.88,155.81,156.35,109386.82
2026-08-19 08:25:00,156.35,156.54,156.09,156.28,126679.36
2026-08-19 08:30:00,156.28,156.35,155.8,155.91,14830.87
2026-08-19 08:35:00,155.91,156.19,155.86,155.95,96789.5
2026-08-19 08:40:00,155.95,155.97,155.83,155.91,131675.75
2026-08-19 08:45:00,155.91,155.97,155.36,155.37,167554.01
2026-08-19 08:50:00,155.37,155.38,154.81,154.84,59583.49
2026-08-19 08:55:00,154.84,155.27,154.64,155.06,55159.25
2026-08-19 09:00:00,155.06,155.42,154.65,155.28,386495.2
2026-08-19 09:05:00,155.28,155.79,154.98,155.72,150829.66
2026-08-19 09:10:00,155.72,155.76,155.48,155.69,94842.18
2026-08-19 09:15:00,155.69,156.03,155.5,155.65,167904.21
2026-08-19 09:20:00,155.65,155.72,155.06,155.46,248861.24
2026-08-19 09:25:00,155.46,155.5,155.0,155.02,24533.48
2026-08-19 09:30:00,155.02,155.41,154.49,155.29,241932.74
2026-08-19 09:35:00,155.29,155.33,155.15,155.27,8162.19
2026-08-19 09:40:00,155.27,155.76,154.72,155.63,244956.06
2026-08-19 09:45:00,155.63,155.87,155.29,155.34,8443.96
2026-08-19 09:50:00,155.34,155.39,155.21,155.27,31223.89
2026-08-19 09:55:00,155.27,155.44,154.74,154.85,12446.02
2026-08-19 10:00:00,154.85,154.99,154.82,154.87,146474.54
2026-08-19 10:05:00,154.87,155.0,154.6,154.98,90075.78
2026-08-19 10:10:00,154.98,155.76,154.89,155.4,7150.77
2026-08-19 10:15:00,155.4,155.98,155.27,155.79,61727.01
2026-08-19 10:20:00,155.79,155.8,155.59,155.7,2533.15
2026-08-19 10:25:00,155.7,155.98,155.34,155.35,35218.59
2026-08-19 10:30:00,155.35,155.35,154.99,155.17,12952.46
2026-08-19 10:35:00,155.17,155.57,154.95,155.43,124805.36
2026-08-19 10:40:00,155.43,155.65,155.32,155.6,65469.73
2026-08-19 10:45:00,155.6,155.74,155.45,155.68,18884.47
2026-08-19 10:50:00,155.68,156.12,155.49,155.98,19021.09
2026-08-19 10:55:00,155.98,156.05,155.74,155.87,16228.24
2026-08-19 11:00:00,155.87,155.9,155.25,155.44,13947.09
2026-08-19 11:05:00,155.44,155.73,155.09,155.3,11434.88
2026-08-19 11:10:00,155.3,155.41,154.95,155.2,28457.44
2026-08-19 11:15:00,155.2,155.47,155.0,155.31,130571.75
2026-08-19 11:20:00,155.31,155.76,155.0,155.7,338043.85
2026-08-19 11:25:00,155.7,155.75,155.33,155.47,38987.58
2026-08-19 11:30:00,155.47,155.59,155.05,155.29,173481.2
2026-08-19 11:35:00,155.29,155.41,155.26,155.32,5758.43
2026-08-19 11:40:00,155.32,155.84,155.25,155.65,33441.03
2026-08-19 11:45:00,155.65,155.87,155.16,155.28,91634.64
2026-08-19 11:50:00,155.28,155.42,154.61,154.68,4331.51
2026-08-19 11:55:00,154.68,154.95,154.34,154.89,15142.33
2026-08-19 12:00:00,154.89,155.19,154.76,154.95,21226.72
2026-08-19 12:05:00,154.95,155.26,154.81,155.18,53186.8
2026-08-19 12:10:00,155.18,155.68,155.05,155.51,17416.67
2026-08-19 12:15:00,155.51,155.67,155.26,155.32,14924.98
2026-08-19 12:20:00,155.32,155.52,155.31,155.49,18325.65
2026-08-19 12:25:00,155.49,155.64,155.25,155.57,9678.48
2026-08-19 12:30:00,155.57,156.63,155.54,156.31,28079.68
2026-08-19 12:35:00,156.31,156.55,156.17,156.29,8397.35
2026-08-19 12:40:00,156.29,156.48,156.1,156.12,20656.65
2026-08-19 12:45:00,156.12,156.18,156.09,156.14,90284.27
2026-08-19 12:50:00,156.14,156.33,155.82,155.91,51147.45
2026-08-19 12:55:00,155.91,156.4,155.7,156.31,2855.79
2026-08-19 13:00:00,156.31,156.62,155.91,156.03,4438.8
2026-08-19 13:05:00,156.03,156.37,155.5,155.65,62119.3
2026-08-19 13:10:00,155.65,155.67,155.35,155.46,116167.06
2026-08-19 13:15:00,155.46,155.62,155.12,155.47,31120.87
2026-08-19 13:20:00,155.47,155.82,155.45,155.66,29728.23
2026-08-19 13:25:00,155.66,156.2,155.63,156.11,44081.41
2026-08-19 13:30:00,156.11,156.42,155.85,155.91,22781.34
2026-08-19 13:35:00,155.91,155.94,155.64,155.65,10644.25
2026-08-19 13:40:00,155.65,155.75,155.51,155.74,40939.04
2026-08-19 13:45:00,155.74,156.04,154.87,155.05,30219.27
2026-08-19 13:50:00,155.05,155.12,154.7,154.78,8021.51
2026-08-19 13:55:00,154.78,154.82,154.12,154.21,44891.18
2026-08-19 14:00:00,154.21,154.55,153.83,154.43,304799.36
2026-08-19 14:05:00,154.43,154.89,154.09,154.74,237816.6
2026-08-19 14:10:00,154.74,154.86,154.33,154.63,29001.02
2026-08-19 14:15:00,154.63,154.67,154.48,154.58,2640.61
2026-08-19 14:20:00,154.58,154.83,154.05,154.78,195877.06
2026-08-19 14:25:00,154.78,155.16,154.44,154.86,120195.46
2026-08-19 14:30:00,154.86,154.97,154.53,154.57,46482.08
2026-08-19 14:35:00,154.57,154.67,154.5,154.6,29769.33
2026-08-19 14:40:00,154.6,154.96,154.58,154.82,26027.65
2026-08-19 14:45:00,154.82,155.25,154.64,155.02,47136.91
2026-08-19 14:50:00,155.02,155.15,154.27,154.49,25475.06
2026-08-19 14:55:00,154.49,154.88,153.79,154.78,228643.04
2026-08-19 15:00:00,154.78,154.88,154.71,154.87,38623.88
2026-08-19 15:05:00,154.87,154.96,154.63,154.91,28446.48
2026-08-19 15:10:00,154.91,155.16,154.34,155.06,208792.34
2026-08-19 15:15:00,155.06,155.22,154.67,154.71,55797.24
2026-08-19 15:20:00,154.71,154.81,154.5,154.6,20961.78
2026-08-19 15:25:00,154.6,154.84,154.3,154.78,97699.88
2026-08-19 15:30:00,154.78,154.98,154.71,154.76,108784.91
2026-08-19 15:35:00,154.76,154.79,154.52,154.53,2296.13
2026-08-19 15:40:00,154.53,154.65,154.04,154.37,9131.76
2026-08-19 15:45:00,154.37,154.45,154.17,154.28,151437.75
2026-08-19 15:50:00,154.28,154.34,154.02,154.17,10815.58
2026-08-19 15:55:00,154.17,154.26,153.88,154.21,9766.24
2026-08-19 16:00:00,154.21,154.49,153.79,154.34,420410.57
2026-08-19 16:05:00,154.34,154.91,154.16,154.57,10528.81
2026-08-19 16:10:00,154.57,154.79,154.39,154.74,28604.24
2026-08-19 16:15:00,154.74,155.03,154.72,155.0,16511.88
2026-08-19 16:20:00,155.0,155.41,154.53,154.6,142554.82
2026-08-19 16:25:00,154.6,154.76,154.29,154.56,52772.53
2026-08-19 16:30:00,154.56,154.67,154.55,154.6,24621.26
2026-08-19 16:35:00,154.6,154.97,154.58,154.64,73526.52
2026-08-19 16:40:00,154.64,154.76,154.44,154.71,44360.48
2026-08-19 16:45:00,154.71,154.84,154.35,154.37,34495.7
2026-08-19 16:50:00,154.37,154.54,153.99,154.02,67592.46
2026-08-19 16:55:00,154.02,154.13,153.84,154.08,917.01
2026-08-19 17:00:00,154.08,154.52,153.68,154.43,74059.25
2026-08-19 17:05:00,154.43,154.56,154.37,154.44,99685.48
2026-08-19 17:10:00,154.44,154.8,154.15,154.66,87249.48
2026-08-19 17:15:00,154.66,155.14,154.44,154.84,13727.86
2026-08-19 17:20:00,154.84,154.95,154.48,154.57,2244.85
2026-08-19 17:25:00,154.57,154.62,154.32,154.4,73438.61
2026-08-19 17:30:00,154.4,154.69,153.81,154.57,184662.66
2026-08-19 17:35:00,154.57,154.79,154.18,154.64,42323.65
2026-08-19 17:40:00,154.64,154.7,154.55,154.62,154075.32
2026-08-19 17:45:00,154.62,154.64,153.85,154.1,40199.98
2026-08-19 17:50:00,154.1,154.29,153.47,153.51,119801.29
2026-08-19 17:55:00,153.51,153.95,153.47,153.76,30922.24
2026-08-19 18:00:00,153.76,153.99,153.35,153.68,15426.88
2026-08-19 18:05:00,153.68,153.78,153.33,153.65,11067.49
2026-08-19 18:10:00,153.65,153.88,153.61,153.63,47754.53
2026-08-19 18:15:00,153.63,154.06,152.99,153.99,241195.68
2026-08-19 18:20:00,153.99,154.02,153.7,153.87,92925.28
2026-08-19 18:25:00,153.87,154.39,153.86,154.17,115288.32
2026-08-19 18:30:00,154.17,154.38,153.63,154.32,199444.18
2026-08-19 18:35:00,154.32,154.38,153.84,153.99,51793.68
2026-08-19 18:40:00,153.99,154.39,153.34,154.34,432090.51
2026-08-19 18:45:00,154.34,154.6,153.75,154.5,99111.44
2026-08-19 18:50:00,154.5,154.98,154.19,154.87,401871.84
2026-08-19 18:55:00,154.87,155.21,154.43,154.5,9711.04
2026-08-19 19:00:00,154.5,155.04,153.92,154.9,12716.08
2026-08-19 19:05:00,154.9,155.19,154.73,154.87,22645.44
2026-08-19 19:10:00,154.87,155.4,154.83,155.39,13446.62
2026-08-19 19:15:00,155.39,155.41,155.11,155.19,8873.01
2026-08-19 19:20:00,155.19,155.26,155.12,155.25,63918.71
2026-08-19 19:25:00,155.25,155.26,154.96,154.98,22155.25
2026-08-19 19:30:00,154.98,155.25,154.82,155.15,12638.75
2026-08-19 19:35:00,155.15,155.69,154.64,154.7,21293.55
2026-08-19 19:40:00,154.7,155.25,154.65,155.1,159409.28
2026-08-19 19:45:00,155.1,155.43,154.78,154.9,241318.75
2026-08-19 19:50:00,154.9,154.99,154.87,154.94,29345.55
2026-08-19 19:55:00,154.94,155.01,154.46,154.58,12059.62
2026-08-19 20:00:00,154.58,154.66,154.41,154.51,10341.61
2026-08-19 20:05:00,154.51,154.74,154.39,154.4,6334.9
2026-08-19 20:10:00,154.4,154.6,153.8,154.01,120152.41
2026-08-19 20:15:00,154.01,154.05,153.81,153.84,141207.05
2026-08-19 20:20:00,153.84,153.84,153.67,153.71,122614.11
2026-08-19 20:25:00,153.71,153.76,153.47,153.6,4277.2
2026-08-19 20:30:00,153.6,154.04,153.26,153.92,213726.86
2026-08-19 20:35:00,153.92,154.08,153.79,153.84,155740.67
2026-08-19 20:40:00,153.84,154.04,153.68,153.96,19475.28
2026-08-19 20:45:00,153.96,154.33,153.83,154.08,14247.4
2026-08-19 20:50:00,154.08,154.46,153.85,154.44,12037.49
2026-08-19 20:55:00,154.44,154.48,153.88,154.13,40047.23
2026-08-19 21:00:00,154.13,154.28,153.91,153.93,29197.23
2026-08-19 21:05:00,153.93,154.6,153.88,154.34,15470.52
2026-08-19 21:10:00,154.34,154.54,154.11,154.34,40269.43
2026-08-19 21:15:00,154.34,154.38,153.63,153.7,7504.33
2026-08-19 21:20:00,153.7,154.17,153.0,154.08,57277.73
2026-08-19 21:25:00,154.08,154.23,153.84,154.08,8939.25
2026-08-19 21:30:00,154.08,154.09,153.89,153.97,111589.03
2026-08-19 21:35:00,153.97,154.16,153.93,154.16,128419.38
2026-08-19 21:40:00,154.16,154.27,153.97,154.11,4019.91
2026-08-19 21:45:00,154.11,154.13,153.88,153.98,45729.3
2026-08-19 21:50:00,153.98,154.52,153.87,154.16,49596.47
2026-08-19 21:55:00,154.16,154.69,154.04,154.59,60805.65
2026-08-19 22:00:00,154.59,154.98,154.54,154.71,33357.79
2026-08-19 22:05:00,154.71,154.85,154.42,154.7,24667.48
2026-08-19 22:10:00,154.7,155.59,154.57,155.56,37714.54
2026-08-19 22:15:00,155.56,155.7,155.38,155.63,31159.41
2026-08-19 22:20:00,155.63,155.72,155.41,155.42,42925.61
2026-08-19 22:25:00,155.42,155.78,154.97,155.1,335990.5
2026-08-19 22:30:00,155.1,155.24,154.58,154.8,15269.21
2026-08-19 22:35:00,154.8,155.04,154.53,154.66,36725.03
2026-08-19 22:40:00,154.66,155.04,154.52,154.95,43385.63
2026-08-19 22:45:00,154.95,155.43,154.88,155.4,88040.99
2026-08-19 22:50:00,155.4,155.72,154.89,154.99,18092.63
2026-08-19 22:55:00,154.99,155.1,154.8,154.95,72923.43
2026-08-19 23:00:00,154.95,155.11,154.8,154.88,80665.36
2026-08-19 23:05:00,154.88,154.89,154.29,154.64,4302.78
2026-08-19 23:10:00,154.64,154.99,154.41,154.97,5928.52
2026-08-19 23:15:00,154.97,155.4,154.76,155.26,2320.04
2026-08-19 23:20:00,155.26,155.45,155.16,155.42,17340.46
2026-08-19 23:25:00,155.42,155.92,155.04,155.09,268341.6
2026-08-19 23:30:00,155.09,155.69,154.97,155.52,34716.59
2026-08-19 23:35:00,155.52,156.21,155.49,156.13,104875.83
2026-08-19 23:40:00,156.13,156.28,156.04,156.2,50221.18
2026-08-19 23:45:00,156.2,156.5,156.1,156.47,125540.85
2026-08-19 23:50:00,156.47,156.72,156.16,156.67,42674.31
2026-08-19 23:55:00,156.67,157.08,156.15,156.22,796572.41
2026-08-20 00:00:00,156.22,156.52,155.81,155.84,8054.97
2026-08-20 00:05:00,155.84,155.94,155.28,155.34,57432.7
2026-08-20 00:10:00,155.34,155.41,154.88,154.91,155125.6
2026-08-20 00:15:00,154.91,155.13,154.77,154.94,30889.23
2026-08-20 00:20:00,154.94,155.42,154.68,155.22,16135.96
2026-08-20 00:25:00,155.22,155.26,154.51,154.52,7692.02
2026-08-20 00:30:00,154.52,154.63,154.39,154.55,14674.11
2026-08-20 00:35:00,154.55,154.84,154.52,154.77,13459.23
2026-08-20 00:40:00,154.77,155.36,154.69,155.24,29124.12
2026-08-20 00:45:00,155.24,155.53,155.22,155.37,39916.98
2026-08-20 00:50:00,155.37,155.67,155.14,155.46,33044.49
2026-08-20 00:55:00,155.46,155.77,154.96,155.07,349164.61
2026-08-20 01:00:00,155.07,155.43,154.97,155.37,5474.82
2026-08-20 01:05:00,155.37,155.61,154.92,154.98,112531.98
2026-08-20 01:10:00,154.98,155.12,154.88,155.02,2450.74
2026-08-20 01:15:00,155.02,155.05,154.81,154.85,51562.93
2026-08-20 01:20:00,154.85,154.99,154.53,154.81,114268.88
2026-08-20 01:25:00,154.81,154.83,154.37,154.5,13475.49
2026-08-20 01:30:00,154.5,154.51,154.33,154.46,118813.98
2026-08-20 01:35:00,154.46,154.6,154.28,154.34,29709.75
2026-08-20 01:40:00,154.34,154.37,154.2,154.25,34696.59
2026-08-20 01:45:00,154.25,154.31,154.08,154.24,101183.56
2026-08-20 01:50:00,154.24,154.46,153.98,154.43,34663.95
2026-08-20 01:55:00,154.43,154.55,154.1,154.32,66519.31
2026-08-20 02:00:00,154.32,154.5,154.07,154.1,29282.1
2026-08-20 02:05:00,154.1,154.32,154.04,154.26,6227.35
2026-08-20 02:10:00,154.26,154.64,153.99,154.45,14412.6
2026-08-20 02:15:00,154.45,154.73,154.25,154.6,82058.04
2026-08-20 02:20:00,154.6,154.62,154.37,154.38,105904.07
2026-08-20 02:25:00,154.38,154.67,154.26,154.5,1970.68
2026-08-20 02:30:00,154.5,154.86,153.88,154.07,10167.96
2026-08-20 02:35:00,154.07,154.55,153.93,154.17,7554.62
2026-08-20 02:40:00,154.17,154.43,154.08,154.27,2438.69
2026-08-20 02:45:00,154.27,154.29,153.85,154.07,31938.74
2026-08-20 02:50:00,154.07,154.23,153.85,154.05,36196.32
2026-08-20 02:55:00,154.05,154.43,153.98,154.37,113266.84
2026-08-20 03:00:00,154.37,154.52,154.11,154.44,88102.23
2026-08-20 03:05:00,154.44,154.72,154.16,154.21,96082.6
2026-08-20 03:10:00,154.21,154.39,154.05,154.29,11805.1
2026-08-20 03:15:00,154.29,154.42,154.25,154.39,77582.96
2026-08-20 03:20:00,154.39,154.91,154.38,154.91,4896.23
2026-08-20 03:25:00,154.91,155.1,154.89,154.91,140982.38
2026-08-20 03:30:00,154.91,155.23,154.83,155.09,152553.35
2026-08-20 03:35:00,155.09,155.19,154.88,154.96,116940.76
2026-08-20 03:40:00,154.96,155.28,154.57,154.84,189100.29
2026-08-20 03:45:00,154.84,154.93,154.59,154.68,62923.33
2026-08-20 03:50:00,154.68,155.08,154.44,155.03,19323.04
2026-08-20 03:55:00,155.03,155.19,155.03,155.14,86468.94
2026-08-20 04:00:00,155.14,155.49,154.89,155.1,150533.61
2026-08-20 04:05:00,155.1,155.38,154.79,155.29,52472.86
2026-08-20 04:10:00,155.29,155.44,155.14,155.26,118859.48
2026-08-20 04:15:00,155.26,155.45,155.22,155.35,10705.99
2026-08-20 04:20:00,155.35,155.44,155.23,155.43,2799.99
2026-08-20 04:25:00,155.43,155.51,155.03,155.15,69381.27
2026-08-20 04:30:00,155.15,155.84,155.04,155.43,31933.44
2026-08-20 04:35:00,155.43,155.73,155.35,155.61,56858.26
2026-08-20 04:40:00,155.61,155.8,155.5,155.51,83298.01
2026-08-20 04:45:00,155.51,155.85,155.32,155.62,45868.94
2026-08-20 04:50:00,155.62,155.82,155.19,155.19,92027.99
2026-08-20 04:55:00,155.19,155.91,155.18,155.72,557.39
2026-08-20 05:00:00,155.72,155.75,155.58,155.72,30076.92
2026-08-20 05:05:00,155.72,155.85,154.99,155.1,13499.02
2026-08-20 05:10:00,155.1,155.26,154.56,154.78,5776.12
2026-08-20 05:15:00,154.78,154.87,154.52,154.59,35429.37
2026-08-20 05:20:00,154.59,154.63,154.22,154.4,23493.76
2026-08-20 05:25:00,154.4,154.57,153.98,154.31,12935.46
2026-08-20 05:30:00,154.31,154.44,154.02,154.03,19096.12
2026-08-20 05:35:00,154.03,154.43,153.76,154.34,693549.39
2026-08-20 05:40:00,154.34,154.57,154.08,154.41,8006.42
2026-08-20 05:45:00,154.41,155.02,154.38,154.69,58455.94
2026-08-20 05:50:00,154.69,154.81,154.3,154.46,20028.33
2026-08-20 05:55:00,154.46,154.75,154.35,154.38,4912.41
2026-08-20 06:00:00,154.38,154.51,154.25,154.33,155836.46
2026-08-20 06:05:00,154.33,154.49,154.28,154.41,35486.84
2026-08-20 06:10:00,154.41,154.64,154.14,154.6,41416.66
2026-08-20 06:15:00,154.6,155.16,154.27,154.97,65166.5
2026-08-20 06:20:00,154.97,155.04,154.72,154.92,32409.47
2026-08-20 06:25:00,154.92,155.05,154.6,154.69,2036.5
2026-08-20 06:30:00,154.69,154.7,154.33,154.55,41781.35
2026-08-20 06:35:00,154.55,154.7,154.01,154.37,77973.57
2026-08-20 06:40:00,154.37,154.48,154.1,154.34,61022.8
2026-08-20 06:45:00,154.34,155.07,154.16,154.86,29865.77
2026-08-20 06:50:00,154.86,154.97,154.61,154.69,168171.88
2026-08-20 06:55:00,154.69,155.07,154.62,154.73,1727.62
2026-08-20 07:00:00,154.73,154.84,154.67,154.82,51246.39
2026-08-20 07:05:00,154.82,154.93,154.78,154.8,41928.0
2026-08-20 07:10:00,154.8,155.23,154.59,155.11,52985.04
2026-08-20 07:15:00,155.11,155.74,154.94,155.57,196651.53
2026-08-20 07:20:00,155.57,155.67,154.86,155.14,1196.44
2026-08-20 07:25:00,155.14,155.5,155.03,155.34,7506.88
2026-08-20 07:30:00,155.34,155.35,155.06,155.31,80471.69
2026-08-20 07:35:00,155.31,155.85,155.24,155.69,22751.23
2026-08-20 07:40:00,155.69,156.29,155.43,155.5,44551.03
2026-08-20 07:45:00,155.5,155.75,155.27,155.64,14620.98
2026-08-20 07:50:00,155.64,156.2,155.5,155.96,5229.63
2026-08-20 07:55:00,155.96,156.51,155.75,155.82,665353.28
2026-08-20 08:00:00,155.82,156.38,155.21,155.36,34503.69
2026-08-20 08:05:00,155.36,155.37,155.15,155.19,61594.86
2026-08-20 08:10:00,155.19,155.52,154.85,155.51,4182.47
2026-08-20 08:15:00,155.51,155.67,155.13,155.63,66685.74
2026-08-20 08:20:00,155.63,155.66,155.07,155.24,67298.93
2026-08-20 08:25:00,155.24,155.62,155.05,155.5,9174.16
2026-08-20 08:30:00,155.5,155.73,155.4,155.63,9960.8
2026-08-20 08:35:00,155.63,155.89,155.06,155.19,433937.96
2026-08-20 08:40:00,155.19,155.37,154.99,155.0,98458.43
2026-08-20 08:45:00,155.0,155.18,154.57,155.16,30846.9
2026-08-20 08:50:00,155.16,155.33,154.77,154.98,18010.95
2026-08-20 08:55:00,154.98,155.16,154.81,155.15,54834.65
2026-08-20 09:00:00,155.15,155.66,155.12,155.58,68143.28
2026-08-20 09:05:00,155.58,155.66,155.29,155.48,111620.18
2026-08-20 09:10:00,155.48,155.6,155.21,155.33,2363.87
2026-08-20 09:15:00,155.33,155.42,154.98,155.2,60109.47
2026-08-20 09:20:00,155.2,155.24,154.8,154.9,30601.66
2026-08-20 09:25:00,154.9,155.47,154.72,155.14,40965.49
2026-08-20 09:30:00,155.14,155.62,154.92,155.0,115850.07
2026-08-20 09:35:00,155.0,155.14,154.89,155.12,128380.8
2026-08-20 09:40:00,155.12,155.19,154.54,154.68,24572.07
2026-08-20 09:45:00,154.68,154.91,154.6,154.73,31421.32
2026-08-20 09:50:00,154.73,155.17,154.34,155.14,97631.18
2026-08-20 09:55:00,155.14,155.29,155.03,155.2,73422.03
2026-08-20 10:00:00,155.2,155.21,154.69,154.76,78190.95
2026-08-20 10:05:00,154.76,155.1,154.2,154.2,13769.08
2026-08-20 10:10:00,154.2,154.29,153.83,154.16,63347.94
2026-08-20 10:15:00,154.16,154.43,154.1,154.24,5628.59
2026-08-20 10:20:00,154.24,154.68,153.64,154.62,30059.1
2026-08-20 10:25:00,154.62,154.63,154.5,154.63,107057.96
2026-08-20 10:30:00,154.63,154.7,154.07,154.19,20063.54
2026-08-20 10:35:00,154.19,154.38,153.77,153.86,86555.4
2026-08-20 10:40:00,153.86,154.3,153.56,154.23,251557.65
2026-08-20 10:45:00,154.23,154.28,153.81,154.11,112094.56
2026-08-20 10:50:00,154.11,154.42,154.03,154.35,15866.48
2026-08-20 10:55:00,154.35,154.67,153.89,154.01,13255.05
2026-08-20 11:00:00,154.01,154.57,153.65,154.44,90332.7
2026-08-20 11:05:00,154.44,154.56,153.9,154.01,15935.59
2026-08-20 11:10:00,154.01,154.36,153.61,154.29,29246.38
2026-08-20 11:15:00,154.29,154.38,153.72,153.95,61102.91
2026-08-20 11:20:00,153.95,154.55,153.27,154.4,222622.05
2026-08-20 11:25:00,154.4,154.46,153.95,154.05,18099.41
2026-08-20 11:30:00,154.05,154.19,153.18,153.33,99984.99
2026-08-20 11:35:00,153.33,153.72,152.66,153.58,135811.82
2026-08-20 11:40:00,153.58,153.76,153.06,153.39,35271.05
2026-08-20 11:45:00,153.39,153.48,153.07,153.12,170407.99
2026-08-20 11:50:00,153.12,153.52,152.64,153.43,96371.08
2026-08-20 11:55:00,153.43,153.58,153.19,153.41,56716.59
2026-08-20 12:00:00,153.41,153.69,153.24,153.52,19270.09
2026-08-20 12:05:00,153.52,154.08,153.18,153.94,145316.47
2026-08-20 12:10:00,153.94,154.04,153.5,153.6,39440.18
2026-08-20 12:15:00,153.6,154.17,153.58,153.79,38627.38
2026-08-20 12:20:00,153.79,154.05,153.38,153.55,39252.38
2026-08-20 12:25:00,153.55,154.11,153.37,154.07,4311.37
2026-08-20 12:30:00,154.07,154.16,153.92,153.97,3269.33
2026-08-20 12:35:00,153.97,154.55,153.9,154.4,18899.46
2026-08-20 12:40:00,154.4,154.79,154.19,154.49,4917.63
2026-08-20 12:45:00,154.49,154.51,154.25,154.33,11217.79
2026-08-20 12:50:00,154.33,154.69,154.2,154.56,45130.5
2026-08-20 12:55:00,154.56,154.77,154.44,154.61,35526.94
2026-08-20 13:00:00,154.61,154.95,154.43,154.92,355323.9
2026-08-20 13:05:00,154.92,155.26,154.53,154.81,67446.06
2026-08-20 13:10:00,154.81,154.98,154.74,154.95,144953.86
2026-08-20 13:15:00,154.95,155.33,154.51,154.62,14011.59
2026-08-20 13:20:00,154.62,154.66,154.09,154.21,24094.66
2026-08-20 13:25:00,154.21,154.78,154.03,154.59,7160.4
2026-08-20 13:30:00,154.59,154.6,154.23,154.37,64985.71
2026-08-20 13:35:00,154.37,154.58,154.22,154.38,34526.47
2026-08-20 13:40:00,154.38,154.64,154.21,154.45,2104.16
2026-08-20 13:45:00,154.45,154.46,154.18,154.3,71623.17
2026-08-20 13:50:00,154.3,155.15,154.28,154.94,14904.45
2026-08-20 13:55:00,154.94,155.3,154.91,155.27,107459.0
2026-08-20 14:00:00,155.27,155.35,154.49,154.54,39669.18
2026-08-20 14:05:00,154.54,154.98,154.4,154.82,41365.8
2026-08-20 14:10:00,154.82,154.96,154.81,154.86,84108.32
2026-08-20 14:15:00,154.86,155.08,154.7,154.85,152429.28
2026-08-20 14:20:00,154.85,155.05,154.36,154.57,12988.31
2026-08-20 14:25:00,154.57,154.83,154.2,154.25,1494.12
2026-08-20 14:30:00,154.25,154.75,154.05,154.36,29135.33
2026-08-20 14:35:00,154.36,154.43,154.23,154.38,30637.72
2026-08-20 14:40:00,154.38,154.4,153.74,153.98,21356.71
2026-08-20 14:45:00,153.98,154.19,153.93,154.08,3270.07
2026-08-20 14:50:00,154.08,154.81,153.97,154.74,115880.51
2026-08-20 14:55:00,154.74,154.77,154.48,154.56,47325.78
2026-08-20 15:00:00,154.56,154.7,153.91,154.09,14377.27
2026-08-20 15:05:00,154.09,154.37,153.93,154.25,84509.65
2026-08-20 15:10:00,154.25,154.3,154.03,154.05,14463.93
2026-08-20 15:15:00,154.05,154.2,153.65,153.81,124.73
2026-08-20 15:20:00,153.81,153.85,153.43,153.55,223183.53
2026-08-20 15:25:00,153.55,153.67,153.34,153.66,30843.54
2026-08-20 15:30:00,153.66,153.96,153.47,153.93,27771.41
2026-08-20 15:35:00,153.93,153.97,153.44,153.71,871.13
2026-08-20 15:40:00,153.71,153.84,153.26,153.47,207035.62
2026-08-20 15:45:00,153.47,153.77,153.36,153.67,31523.17
2026-08-20 15:50:00,153.67,154.05,153.55,153.72,41599.27
2026-08-20 15:55:00,153.72,154.27,153.6,154.0,52847.63
2026-08-20 16:00:00,154.0,154.07,152.99,153.35,8053.59
2026-08-20 16:05:00,153.35,153.48,153.22,153.43,65000.39
2026-08-20 16:10:00,153.43,153.51,153.09,153.47,13107.48
2026-08-20 16:15:00,153.47,153.57,153.03,153.23,1503.31
2026-08-20 16:20:00,153.23,153.37,153.22,153.28,10789.57
2026-08-20 16:25:00,153.28,153.35,153.2,153.33,107231.83
2026-08-20 16:30:00,153.33,153.73,153.29,153.67,222776.07
2026-08-20 16:35:00,153.67,153.72,153.43,153.44,39226.15
2026-08-20 16:40:00,153.44,153.64,153.32,153.59,10634.87
2026-08-20 16:45:00,153.59,153.63,153.32,153.36,356.64
2026-08-20 16:50:00,153.36,153.47,152.88,152.96,11878.81
2026-08-20 16:55:00,152.96,153.18,152.29,153.1,348683.94
2026-08-20 17:00:00,153.1,153.31,152.97,153.2,38875.92
2026-08-20 17:05:00,153.2,153.62,152.56,153.52,334340.13
2026-08-20 17:10:00,153.52,153.65,153.44,153.63,68196.94
2026-08-20 17:15:00,153.63,153.78,153.41,153.67,30809.72
2026-08-20 17:20:00,153.67,154.18,153.59,153.97,4287.71
2026-08-20 17:25:00,153.97,154.14,153.86,154.07,14632.35
2026-08-20 17:30:00,154.07,154.27,154.02,154.22,4357.53
2026-08-20 17:35:00,154.22,154.34,154.12,154.32,2314.18
2026-08-20 17:40:00,154.32,154.45,154.3,154.35,60061.98
2026-08-20 17:45:00,154.35,154.52,154.28,154.33,6016.61
2026-08-20 17:50:00,154.33,154.73,153.51,153.89,36840.66
2026-08-20 17:55:00,153.89,154.23,153.77,154.14,15025.29
2026-08-20 18:00:00,154.14,154.3,153.77,153.83,37509.1
2026-08-20 18:05:00,153.83,154.19,153.8,153.95,22170.3
2026-08-20 18:10:00,153.95,153.97,153.89,153.91,65774.99
2026-08-20 18:15:00,153.91,154.13,153.8,153.98,66105.94
2026-08-20 18:20:00,153.98,154.13,153.47,153.79,45896.53
2026-08-20 18:25:00,153.79,154.16,153.73,154.1,56161.4
2026-08-20 18:30:00,154.1,154.2,153.86,153.86,62779.93
2026-08-20 18:35:00,153.86,153.98,153.81,153.87,3890.63
2026-08-20 18:40:00,153.87,153.99,153.85,153.97,88495.99
2026-08-20 18:45:00,153.97,154.48,153.87,154.39,122989.38
2026-08-20 18:50:00,154.39,154.81,154.26,154.79,74391.94
2026-08-20 18:55:00,154.79,154.85,154.62,154.85,6512.27
2026-08-20 19:00:00,154.85,154.97,154.7,154.82,4441.14
2026-08-20 19:05:00,154.82,155.02,154.76,154.89,93176.34
2026-08-20 19:10:00,154.89,155.23,154.8,155.1,199953.21
2026-08-20 19:15:00,155.1,155.61,154.88,154.96,132723.58
2026-08-20 19:20:00,154.96,155.24,154.86,155.13,61037.86
2026-08-20 19:25:00,155.13,155.71,154.61,154.7,154113.72
2026-08-20 19:30:00,154.7,154.9,154.43,154.72,66915.76
2026-08-20 19:35:00,154.72,155.34,154.58,155.24,57454.73
2026-08-20 19:40:00,155.24,155.33,155.15,155.26,27370.34
2026-08-20 19:45:00,155.26,155.35,154.73,154.9,118315.66
2026-08-20 19:50:00,154.9,154.93,154.67,154.91,47863.45
2026-08-20 19:55:00,154.91,155.19,154.37,154.52,714346.78
2026-08-20 20:00:00,154.52,154.61,153.95,154.03,105453.17
2026-08-20 20:05:00,154.03,154.33,153.66,153.9,39154.14
2026-08-20 20:10:00,153.9,154.17,153.2,153.43,58429.52
2026-08-20 20:15:00,153.43,153.6,152.99,153.15,57021.45
2026-08-20 20:20:00,153.15,153.42,152.65,153.36,262934.27
2026-08-20 20:25:00,153.36,153.56,153.34,153.5,112718.15
2026-08-20 20:30:00,153.5,153.54,153.01,153.27,226910.32
2026-08-20 20:35:00,153.27,153.58,152.63,152.93,4148.75
2026-08-20 20:40:00,152.93,153.26,152.67,153.15,548343.36
2026-08-20 20:45:00,153.15,153.38,152.96,153.22,27295.2
2026-08-20 20:50:00,153.22,153.34,152.94,153.16,29875.69
2026-08-20 20:55:00,153.16,153.18,152.65,152.66,11136.36
2026-08-20 21:00:00,152.66,152.67,152.37,152.41,49293.28
2026-08-20 21:05:00,152.41,152.73,152.0,152.65,7709.62
2026-08-20 21:10:00,152.65,153.3,152.54,153.2,190320.38
2026-08-20 21:15:00,153.2,153.42,153.0,153.4,21708.0
2026-08-20 21:20:00,153.4,154.36,153.34,154.06,29307.47
2026-08-20 21:25:00,154.06,154.54,153.71,154.41,47825.37
2026-08-20 21:30:00,154.41,154.5,154.3,154.48,14409.07
2026-08-20 21:35:00,154.48,154.69,153.76,153.83,8613.77
2026-08-20 21:40:00,153.83,154.3,153.8,154.13,35958.26
2026-08-20 21:45:00,154.13,154.16,153.83,153.96,49539.91
2026-08-20 21:50:00,153.96,154.13,153.77,153.78,31607.84
2026-08-20 21:55:00,153.78,154.27,153.65,153.95,41554.26
2026-08-20 22:00:00,153.95,154.2,153.85,154.03,10559.86
2026-08-20 22:05:00,154.03,154.13,153.8,153.94,62824.26
2026-08-20 22:10:00,153.94,154.67,153.84,154.27,840.7
2026-08-20 22:15:00,154.27,154.28,154.02,154.08,7804.41
2026-08-20 22:20:00,154.08,154.24,153.79,153.91,167960.14
2026-08-20 22:25:00,153.91,154.11,153.73,153.99,9429.88
2026-08-20 22:30:00,153.99,154.08,153.48,153.7,29620.29
2026-08-20 22:35:00,153.7,153.76,153.4,153.54,54075.22
2026-08-20 22:40:00,153.54,154.13,153.32,153.94,18328.2
2026-08-20 22:45:00,153.94,154.1,153.7,153.74,26951.57
2026-08-20 22:50:00,153.74,153.75,153.61,153.67,53897.89
2026-08-20 22:55:00,153.67,154.29,153.59,154.03,60836.17
2026-08-20 23:00:00,154.03,154.49,153.88,154.31,8668.2
2026-08-20 23:05:00,154.31,154.53,154.13,154.15,95087.86
2026-08-20 23:10:00,154.15,154.35,154.14,154.31,85805.17
2026-08-20 23:15:00,154.31,154.6,154.27,154.28,2586.18
2026-08-20 23:20:00,154.28,154.3,153.96,154.07,5211.39
2026-08-20 23:25:00,154.07,154.28,153.8,153.88,41730.07
2026-08-20 23:30:00,153.88,153.96,153.64,153.83,215347.55
2026-08-20 23:35:00,153.83,153.95,153.38,153.7,2051.22
2026-08-20 23:40:00,153.7,153.79,153.62,153.7,71056.87
2026-08-20 23:45:00,153.7,153.81,153.51,153.79,3408.14
2026-08-20 23:50:00,153.79,153.91,153.57,153.75,23799.87
2026-08-20 23:55:00,153.75,153.82,153.49,153.6,54866.85
2026-08-21 00:00:00,153.6,153.92,153.32,153.36,64189.01
2026-08-21 00:05:00,153.36,153.53,153.11,153.14,58015.72
2026-08-21 00:10:00,153.14,153.18,152.57,152.71,62338.43
2026-08-21 00:15:00,152.71,153.24,152.63,153.1,58721.84
2026-08-21 00:20:00,153.1,153.16,152.68,152.76,75211.71
2026-08-21 00:25:00,152.76,152.78,152.68,152.72,4654.37
2026-08-21 00:30:00,152.72,152.91,152.48,152.84,1443.93
2026-08-21 00:35:00,152.84,153.12,152.78,152.87,51364.26
2026-08-21 00:40:00,152.87,152.92,152.7,152.8,148047.13
2026-08-21 00:45:00,152.8,153.08,152.78,152.95,25315.28
2026-08-21 00:50:00,152.95,153.23,152.87,153.18,89880.08
2026-08-21 00:55:00,153.18,153.21,153.15,153.2,6842.42
2026-08-21 01:00:00,153.2,153.23,152.82,152.92,31223.65
2026-08-21 01:05:00,152.92,152.99,152.84,152.92,7131.42
2026-08-21 01:10:00,152.92,153.52,152.86,153.41,798.67
2026-08-21 01:15:00,153.41,153.55,153.15,153.15,38096.47
2026-08-21 01:20:00,153.15,153.19,152.71,152.87,86896.46
2026-08-21 01:25:00,152.87,153.33,152.8,153.19,15745.17
2026-08-21 01:30:00,153.19,153.42,152.97,153.02,132825.75
2026-08-21 01:35:00,153.02,153.49,153.01,153.27,100641.91
2026-08-21 01:40:00,153.27,153.47,152.35,152.51,81942.19
2026-08-21 01:45:00,152.51,152.63,151.53,151.95,56982.97
2026-08-21 01:50:00,151.95,152.36,151.46,152.25,182967.52
2026-08-21 01:55:00,152.25,152.61,152.14,152.54,49882.46
2026-08-21 02:00:00,152.54,153.13,152.51,152.92,81168.21
2026-08-21 02:05:00,152.92,153.3,152.73,153.06,51970.76
2026-08-21 02:10:00,153.06,153.17,152.62,152.78,183771.82
2026-08-21 02:15:00,152.78,153.1,152.58,152.62,52265.46
2026-08-21 02:20:00,152.62,152.97,152.23,152.84,20635.87
2026-08-21 02:25:00,152.84,153.07,152.35,152.72,124742.45
2026-08-21 02:30:00,152.72,152.8,152.63,152.76,156374.22
2026-08-21 02:35:00,152.76,152.85,152.26,152.31,58847.32
2026-08-21 02:40:00,152.31,152.49,152.29,152.45,34522.23
2026-08-21 02:45:00,152.45,152.83,152.19,152.81,5765.18
2026-08-21 02:50:00,152.81,153.22,152.61,153.06,24100.27
2026-08-21 02:55:00,153.06,153.17,152.97,153.12,9840.76
2026-08-21 03:00:00,153.12,153.31,152.45,152.77,34815.42
2026-08-21 03:05:00,152.77,152.87,152.56,152.62,103555.76
2026-08-21 03:10:00,152.62,153.04,152.21,152.89,95424.73
2026-08-21 03:15:00,152.89,153.03,152.8,152.84,103726.76
2026-08-21 03:20:00,152.84,153.02,152.29,152.68,81304.85
2026-08-21 03:25:00,152.68,152.78,152.03,152.29,16338.46
2026-08-21 03:30:00,152.29,152.65,152.1,152.39,7721.09
2026-08-21 03:35:00,152.39,152.88,152.29,152.78,5524.25
2026-08-21 03:40:00,152.78,153.0,152.24,152.61,5039.67
2026-08-21 03:45:00,152.61,152.84,152.39,152.78,97442.18
2026-08-21 03:50:00,152.78,152.87,152.39,152.58,58889.57
2026-08-21 03:55:00,152.58,153.22,152.45,152.98,18500.2
2026-08-21 04:00:00,152.98,153.2,152.49,152.78,20807.32
2026-08-21 04:05:00,152.78,152.96,152.78,152.85,45731.12
2026-08-21 04:10:00,152.85,153.44,152.7,153.31,75215.57
2026-08-21 04:15:00,153.31,153.48,153.05,153.09,61746.4
2026-08-21 04:20:00,153.09,153.17,152.9,153.13,74224.5
2026-08-21 04:25:00,153.13,153.51,153.06,153.32,39657.94
2026-08-21 04:30:00,153.32,153.59,152.63,152.85,57419.83
2026-08-21 04:35:00,152.85,152.94,152.62,152.91,34048.65
2026-08-21 04:40:00,152.91,153.02,152.19,152.2,4152.05
2026-08-21 04:45:00,152.2,152.42,151.43,151.55,57016.44
2026-08-21 04:50:00,151.55,151.88,150.98,151.77,221912.62
2026-08-21 04:55:00,151.77,152.2,151.34,152.01,21508.8
2026-08-21 05:00:00,152.01,152.13,151.6,151.76,20783.2
2026-08-21 05:05:00,151.76,152.04,151.64,151.97,33649.55
2026-08-21 05:10:00,151.97,151.97,151.45,151.96,15331.25
2026-08-21 05:15:00,151.96,152.45,151.28,152.31,42579.0
2026-08-21 05:20:00,152.31,152.94,152.14,152.53,48019.44
2026-08-21 05:25:00,152.53,152.62,152.53,152.61,20374.37
2026-08-21 05:30:00,152.61,152.85,152.5,152.84,23213.03
2026-08-21 05:35:00,152.84,152.86,152.66,152.84,43618.26
2026-08-21 05:40:00,152.84,153.21,152.81,153.11,25627.36
2026-08-21 05:45:00,153.11,153.69,152.91,153.65,25030.25
2026-08-21 05:50:00,153.65,154.02,153.14,153.15,63136.04
2026-08-21 05:55:00,153.15,153.21,152.84,152.97,5925.48
2026-08-21 06:00:00,152.97,153.34,152.71,153.24,12673.59
2026-08-21 06:05:00,153.24,153.87,152.97,153.3,6954.23
2026-08-21 06:10:00,153.3,154.34,153.28,153.93,44538.99
2026-08-21 06:15:00,153.93,154.37,153.57,153.72,146341.61
2026-08-21 06:20:00,153.72,153.99,153.33,153.41,273638.41
2026-08-21 06:25:00,153.41,153.53,153.16,153.21,114355.49
2026-08-21 06:30:00,153.21,153.84,153.13,153.77,21459.39
2026-08-21 06:35:00,153.77,153.9,152.95,153.17,56787.17
2026-08-21 06:40:00,153.17,153.46,152.71,153.34,43155.52
2026-08-21 06:45:00,153.34,153.43,153.1,153.21,19443.87
2026-08-21 06:50:00,153.21,153.31,152.94,153.23,39458.62
2026-08-21 06:55:00,153.23,153.26,153.08,153.14,138527.86
2026-08-21 07:00:00,153.14,153.2,152.93,153.06,3102.69
2026-08-21 07:05:00,153.06,153.07,152.86,152.94,106945.76
2026-08-21 07:10:00,152.94,153.52,152.69,153.46,70280.09
2026-08-21 07:15:00,153.46,153.74,153.42,153.73,13319.29
2026-08-21 07:20:00,153.73,154.0,153.42,153.51,32335.71
2026-08-21 07:25:00,153.51,153.89,153.48,153.79,26575.62
2026-08-21 07:30:00,153.79,154.37,153.73,154.14,62276.17
2026-08-21 07:35:00,154.14,154.29,153.96,154.23,8447.16
2026-08-21 07:40:00,154.23,154.8,153.84,153.93,161401.05
2026-08-21 07:45:00,153.93,154.52,153.92,154.26,107013.05
2026-08-21 07:50:00,154.26,154.42,154.21,154.33,7162.14
2026-08-21 07:55:00,154.33,155.01,154.06,154.17,603537.98
2026-08-21 08:00:00,154.17,154.59,154.05,154.39,19064.95
2026-08-21 08:05:00,154.39,154.41,154.11,154.21,86063.7
2026-08-21 08:10:00,154.21,154.31,153.95,154.14,3241.81
2026-08-21 08:15:00,154.14,154.79,153.89,154.73,330398.08
2026-08-21 08:20:00,154.73,155.03,154.45,154.58,171054.35
2026-08-21 08:25:00,154.58,154.99,154.5,154.91,11124.13
2026-08-21 08:30:00,154.91,155.58,154.49,154.56,369204.63
2026-08-21 08:35:00,154.56,154.73,153.87,154.26,31994.14
2026-08-21 08:40:00,154.26,154.43,153.98,154.37,15605.31
2026-08-21 08:45:00,154.37,154.87,154.24,154.86,10906.83
2026-08-21 08:50:00,154.86,155.47,154.47,154.61,109807.7
2026-08-21 08:55:00,154.61,155.12,154.35,154.47,1137844.78
2026-08-21 09:00:00,154.47,154.66,154.45,154.54,35096.75
2026-08-21 09:05:00,154.54,154.95,154.07,154.22,236795.11
2026-08-21 09:10:00,154.22,154.55,153.72,153.87,225135.66
2026-08-21 09:15:00,153.87,154.29,153.69,153.99,56900.37
2026-08-21 09:20:00,153.99,154.15,153.62,153.72,47953.65
2026-08-21 09:25:00,153.72,153.81,153.59,153.65,41121.82
2026-08-21 09:30:00,153.65,153.74,153.18,153.31,35170.57
2026-08-21 09:35:00,153.31,153.33,152.78,153.09,28066.6
2026-08-21 09:40:00,153.09,153.25,152.83,152.93,126944.02
2026-08-21 09:45:00,152.93,152.94,152.68,152.84,87403.13
2026-08-21 09:50:00,152.84,152.92,152.66,152.82,19215.33
2026-08-21 09:55:00,152.82,153.31,152.76,153.0,94730.57
2026-08-21 10:00:00,153.0,153.1,152.55,152.81,55068.24
2026-08-21 10:05:00,152.81,152.96,152.8,152.91,59066.15
2026-08-21 10:10:00,152.91,153.27,152.4,153.12,173806.97
2026-08-21 10:15:00,153.12,153.23,152.59,152.7,12705.56
2026-08-21 10:20:00,152.7,152.73,152.45,152.58,33812.52
2026-08-21 10:25:00,152.58,152.71,152.17,152.27,118186.85
2026-08-21 10:30:00,152.27,152.57,152.19,152.54,1542.2
2026-08-21 10:35:00,152.54,152.95,152.27,152.84,38222.47
2026-08-21 10:40:00,152.84,152.95,152.68,152.83,2817.4
2026-08-21 10:45:00,152.83,153.31,152.81,153.12,54826.85
2026-08-21 10:50:00,153.12,153.32,152.7,152.85,50542.08
2026-08-21 10:55:00,152.85,152.94,152.28,152.66,24920.24
2026-08-21 11:00:00,152.66,152.92,152.45,152.69,19951.48
2026-08-21 11:05:00,152.69,153.09,152.64,152.73,1075.39
2026-08-21 11:10:00,152.73,152.8,151.9,152.19,54493.49
2026-08-21 11:15:00,152.19,152.33,151.85,151.87,54857.71
2026-08-21 11:20:00,151.87,151.97,151.74,151.88,42228.16
2026-08-21 11:25:00,151.88,152.55,151.86,152.14,222371.82
2026-08-21 11:30:00,152.14,152.41,151.71,151.79,188203.84
2026-08-21 11:35:00,151.79,152.18,151.22,152.12,191936.69
2026-08-21 11:40:00,152.12,152.24,151.9,152.17,60823.84
2026-08-21 11:45:00,152.17,152.34,152.03,152.07,71348.54
2026-08-21 11:50:00,152.07,152.46,151.89,152.42,21766.24
2026-08-21 11:55:00,152.42,152.45,151.81,152.07,5100.94
2026-08-21 12:00:00,152.07,152.22,151.88,151.94,9271.63
2026-08-21 12:05:00,151.94,152.72,151.76,152.4,94009.52
2026-08-21 12:10:00,152.4,152.49,151.94,151.96,4463.62
2026-08-21 12:15:00,151.96,152.49,151.58,152.4,10107.87
2026-08-21 12:20:00,152.4,152.65,152.21,152.58,21474.17
2026-08-21 12:25:00,152.58,152.65,152.31,152.4,21621.0
2026-08-21 12:30:00,152.4,153.11,152.27,152.86,399.5
2026-08-21 12:35:00,152.86,152.96,152.29,152.51,192689.41
2026-08-21 12:40:00,152.51,152.89,152.35,152.72,115260.63
2026-08-21 12:45:00,152.72,152.8,152.45,152.53,86865.73
2026-08-21 12:50:00,152.53,152.62,152.43,152.57,53151.78
2026-08-21 12:55:00,152.57,152.74,152.48,152.6,11584.45
2026-08-21 13:00:00,152.6,152.63,152.15,152.34,11202.25
2026-08-21 13:05:00,152.34,152.41,152.01,152.07,58738.6
2026-08-21 13:10:00,152.07,152.31,152.02,152.23,77656.44
2026-08-21 13:15:00,152.23,152.4,152.17,152.35,44214.0
2026-08-21 13:20:00,152.35,152.48,152.28,152.48,125808.6
2026-08-21 13:25:00,152.48,152.74,152.09,152.18,81433.28
2026-08-21 13:30:00,152.18,152.49,151.92,152.23,28661.81
2026-08-21 13:35:00,152.23,152.26,151.89,152.02,10237.08
2026-08-21 13:40:00,152.02,152.22,151.85,152.1,12437.97
2026-08-21 13:45:00,152.1,152.35,152.07,152.09,18533.16
2026-08-21 13:50:00,152.09,152.53,151.69,152.41,330319.48
2026-08-21 13:55:00,152.41,152.71,152.28,152.37,23511.55
2026-08-21 14:00:00,152.37,152.59,152.24,152.27,4695.92
2026-08-21 14:05:00,152.27,152.49,152.18,152.48,60633.2
2026-08-21 14:10:00,152.48,152.75,151.99,152.15,31123.86
2026-08-21 14:15:00,152.15,152.21,152.1,152.16,638.23
2026-08-21 14:20:00,152.16,152.41,151.96,152.09,6125.57
2026-08-21 14:25:00,152.09,152.12,151.94,151.96,7634.75
2026-08-21 14:30:00,151.96,152.52,151.82,152.41,121239.2
2026-08-21 14:35:00,152.41,152.47,152.32,152.39,38210.06
2026-08-21 14:40:00,152.39,152.69,152.34,152.55,41294.76
2026-08-21 14:45:00,152.55,152.86,152.54,152.67,104368.07
2026-08-21 14:50:00,152.67,152.92,152.33,152.7,6949.79
2026-08-21 14:55:00,152.7,152.71,152.15,152.26,1597.78
2026-08-21 15:00:00,152.26,152.47,151.95,152.28,16704.76
2026-08-21 15:05:00,152.28,152.3,152.13,152.18,40430.35
2026-08-21 15:10:00,152.18,152.37,151.95,152.09,20086.53
2026-08-21 15:15:00,152.09,152.32,151.65,152.22,9461.35
2026-08-21 15:20:00,152.22,152.36,151.52,151.56,154027.4
2026-08-21 15:25:00,151.56,152.07,151.03,152.01,451704.55
2026-08-21 15:30:00,152.01,152.14,151.31,151.57,18211.22
2026-08-21 15:35:00,151.57,151.71,150.81,150.98,27587.57
2026-08-21 15:40:00,150.98,151.01,150.73,150.99,11962.93
2026-08-21 15:45:00,150.99,151.52,150.75,151.16,29161.68
2026-08-21 15:50:00,151.16,151.39,151.08,151.27,4291.17
2026-08-21 15:55:00,151.27,151.43,151.13,151.41,7701.33
2026-08-21 16:00:00,151.41,151.58,151.1,151.24,136701.37
2026-08-21 16:05:00,151.24,151.3,150.97,151.01,29890.73
2026-08-21 16:10:00,151.01,151.06,150.78,150.92,44296.8
2026-08-21 16:15:00,150.92,151.04,150.4,150.57,25001.24
2026-08-21 16:20:00,150.57,150.62,150.29,150.42,150917.3
2026-08-21 16:25:00,150.42,150.52,150.15,150.21,31.59
2026-08-21 16:30:00,150.21,150.33,149.86,150.19,2705.28
2026-08-21 16:35:00,150.19,150.61,150.02,150.59,102763.03
2026-08-21 16:40:00,150.59,150.74,150.31,150.34,17329.0
2026-08-21 16:45:00,150.34,150.59,149.75,150.52,132342.04
2026-08-21 16:50:00,150.52,150.69,150.41,150.57,20363.57
2026-08-21 16:55:00,150.57,150.95,150.24,150.81,146541.8
2026-08-21 17:00:00,150.81,151.1,150.51,150.79,144237.87
2026-08-21 17:05:00,150.79,151.33,150.52,151.2,480033.47
2026-08-21 17:10:00,151.2,151.67,151.17,151.67,58778.34
2026-08-21 17:15:00,151.67,152.11,151.44,151.99,651386.31
2026-08-21 17:20:00,151.99,152.09,151.53,151.76,10036.92
2026-08-21 17:25:00,151.76,151.79,151.34,151.5,3099.84
2026-08-21 17:30:00,151.5,152.05,151.46,151.7,17904.8
2026-08-21 17:35:00,151.7,152.19,151.2,152.05,135929.76
2026-08-21 17:40:00,152.05,152.14,151.22,151.37,24489.98
2026-08-21 17:45:00,151.37,151.67,151.05,151.54,186040.54
2026-08-21 17:50:00,151.54,151.62,151.31,151.51,98721.81
2026-08-21 17:55:00,151.51,152.0,151.05,151.92,227293.4
2026-08-21 18:00:00,151.92,151.96,151.62,151.83,30400.96
2026-08-21 18:05:00,151.83,151.87,151.81,151.82,113311.91
2026-08-21 18:10:00,151.82,152.0,151.71,151.9,5881.56
2026-08-21 18:15:00,151.9,151.97,151.34,151.43,31952.86
2026-08-21 18:20:00,151.43,151.53,150.81,151.01,33852.86
2026-08-21 18:25:00,151.01,151.36,150.46,151.29,329373.82
2026-08-21 18:30:00,151.29,151.67,150.84,151.53,255965.2
2026-08-21 18:35:00,151.53,151.75,150.67,150.79,20166.52
2026-08-21 18:40:00,150.79,151.3,150.55,151.23,417151.76
2026-08-21 18:45:00,151.23,151.56,150.91,151.43,254820.48
2026-08-21 18:50:00,151.43,151.57,151.41,151.46,6065.1
2026-08-21 18:55:00,151.46,151.95,151.22,151.88,114816.99
2026-08-21 19:00:00,151.88,152.65,151.86,152.57,19607.72
2026-08-21 19:05:00,152.57,153.14,152.29,152.4,92657.46
2026-08-21 19:10:00,152.4,152.71,152.39,152.57,2093.37
2026-08-21 19:15:00,152.57,152.89,152.11,152.38,26119.28
2026-08-21 19:20:00,152.38,152.44,152.11,152.14,7692.47
2026-08-21 19:25:00,152.14,152.21,151.91,152.0,36355.76
2026-08-21 19:30:00,152.0,152.29,151.76,151.86,160043.01
2026-08-21 19:35:00,151.86,152.4,151.68,152.4,245294.31
2026-08-21 19:40:00,152.4,152.97,151.9,152.02,96095.08
2026-08-21 19:45:00,152.02,152.06,151.89,151.92,72405.37
2026-08-21 19:50:00,151.92,152.04,151.67,151.68,39971.87
2026-08-21 19:55:00,151.68,151.9,151.65,151.84,44452.39
2026-08-21 20:00:00,151.84,151.97,151.31,151.33,26801.02
2026-08-21 20:05:00,151.33,151.74,151.16,151.46,1054.83
2026-08-21 20:10:00,151.46,151.88,151.4,151.48,27068.09
2026-08-21 20:15:00,151.48,151.7,151.37,151.53,66714.53
2026-08-21 20:20:00,151.53,151.9,151.3,151.77,35228.86
2026-08-21 20:25:00,151.77,151.79,151.2,151.59,89199.24
2026-08-21 20:30:00,151.59,151.6,151.39,151.48,22287.59
2026-08-21 20:35:00,151.48,151.53,151.15,151.32,126501.45
2026-08-21 20:40:00,151.32,151.69,151.21,151.6,37265.69
2026-08-21 20:45:00,151.6,151.72,151.48,151.63,12236.85
2026-08-21 20:50:00,151.63,151.7,151.34,151.69,66846.62
2026-08-21 20:55:00,151.69,152.0,151.6,151.68,43024.19
2026-08-21 21:00:00,151.68,152.18,151.66,151.96,85586.19
2026-08-21 21:05:00,151.96,152.39,151.63,152.38,10547.68
2026-08-21 21:10:00,152.38,152.53,152.19,152.36,77897.39
2026-08-21 21:15:00,152.36,153.01,151.84,151.97,25178.44
2026-08-21 21:20:00,151.97,152.06,151.9,151.92,42884.83
2026-08-21 21:25:00,151.92,152.3,151.69,152.16,308708.14
2026-08-21 21:30:00,152.16,152.29,151.96,152.05,43014.37
2026-08-21 21:35:00,152.05,152.24,152.02,152.19,114926.96
2026-08-21 21:40:00,152.19,152.25,151.68,151.71,25692.54
2026-08-21 21:45:00,151.71,151.72,151.6,151.68,23444.61
2026-08-21 21:50:00,151.68,152.36,151.49,152.14,71495.54
2026-08-21 21:55:00,152.14,152.23,151.49,151.72,13403.46
2026-08-21 22:00:00,151.72,152.1,151.33,151.81,13207.76
2026-08-21 22:05:00,151.81,152.08,151.73,151.95,65162.74
2026-08-21 22:10:00,151.95,152.04,151.68,151.77,25954.47
2026-08-21 22:15:00,151.77,152.21,151.72,151.98,58895.18
2026-08-21 22:20:00,151.98,152.08,151.73,151.75,28363.1
2026-08-21 22:25:00,151.75,152.06,151.75,152.05,113015.58
2026-08-21 22:30:00,152.05,152.88,151.79,152.66,3925.45
2026-08-21 22:35:00,152.66,152.78,152.56,152.75,13287.79
2026-08-21 22:40:00,152.75,153.11,152.3,152.38,40090.62
2026-08-21 22:45:00,152.38,152.72,152.26,152.72,19871.67
2026-08-21 22:50:00,152.72,153.33,152.35,152.44,386838.48
2026-08-21 22:55:00,152.44,152.88,152.18,152.23,53962.59
2026-08-21 23:00:00,152.23,152.27,152.17,152.2,64716.59
2026-08-21 23:05:00,152.2,152.64,152.1,152.64,33228.47
2026-08-21 23:10:00,152.64,152.71,151.99,152.16,2928.65
2026-08-21 23:15:00,152.16,152.22,151.88,152.06,14220.88
2026-08-21 23:20:00,152.06,152.11,151.37,151.82,6830.87
2026-08-21 23:25:00,151.82,152.12,151.77,152.07,93952.49
2026-08-21 23:30:00,152.07,152.4,151.92,152.34,285.7
2026-08-21 23:35:00,152.34,152.57,152.17,152.22,11496.38
2026-08-21 23:40:00,152.22,152.28,151.92,152.01,9989.72
2026-08-21 23:45:00,152.01,152.41,151.86,152.08,49001.94
2026-08-21 23:50:00,152.08,152.45,152.05,152.36,46394.62
2026-08-21 23:55:00,152.36,152.42,152.21,152.41,157447.51
2026-08-22 00:00:00,152.41,152.66,152.16,152.28,75372.93
2026-08-22 00:05:00,152.28,152.3,151.7,152.04,34041.14
2026-08-22 00:10:00,152.04,152.17,151.68,151.79,45447.6
2026-08-22 00:15:00,151.79,152.24,151.63,151.94,94033.42
2026-08-22 00:20:00,151.94,152.35,151.69,151.96,507.16
2026-08-22 00:25:00,151.96,152.17,151.89,152.04,196494.47
2026-08-22 00:30:00,152.04,152.13,151.75,151.9,19874.85
2026-08-22 00:35:00,151.9,152.63,151.81,152.36,33467.51
2026-08-22 00:40:00,152.36,152.56,152.12,152.13,13162.93
2026-08-22 00:45:00,152.13,152.5,151.93,152.48,38758.37
2026-08-22 00:50:00,152.48,153.14,152.21,152.32,287754.83
2026-08-22 00:55:00,152.32,152.55,152.1,152.17,73884.51
2026-08-22 01:00:00,152.17,152.39,152.06,152.38,11138.33
2026-08-22 01:05:00,152.38,152.81,152.04,152.62,16221.27
2026-08-22 01:10:00,152.62,153.28,152.43,153.0,28018.84
2026-08-22 01:15:00,153.0,153.14,152.73,152.84,90634.01
2026-08-22 01:20:00,152.84,153.04,152.72,152.83,153338.07
2026-08-22 01:25:00,152.83,152.85,152.58,152.68,45190.6
2026-08-22 01:30:00,152.68,152.99,152.63,152.95,127935.52
2026-08-22 01:35:00,152.95,153.38,152.42,152.55,439163.52
2026-08-22 01:40:00,152.55,153.1,151.95,152.1,223524.56
2026-08-22 01:45:00,152.1,152.43,151.84,152.23,15998.75
2026-08-22 01:50:00,152.23,152.6,152.23,152.49,633.4
2026-08-22 01:55:00,152.49,152.6,152.16,152.16,71877.29
2026-08-22 02:00:00,152.16,152.61,152.16,152.43,20045.12
2026-08-22 02:05:00,152.43,152.8,152.41,152.69,3141.54
2026-08-22 02:10:00,152.69,153.14,152.48,152.54,67674.91
2026-08-22 02:15:00,152.54,152.59,152.09,152.26,4347.14
2026-08-22 02:20:00,152.26,152.26,152.13,152.15,23440.96
2026-08-22 02:25:00,152.15,152.2,151.64,151.92,14225.88
2026-08-22 02:30:00,151.92,152.25,151.75,152.02,43147.91
2026-08-22 02:35:00,152.02,152.07,151.97,152.05,60035.14
2026-08-22 02:40:00,152.05,152.48,151.71,152.1,88544.41
2026-08-22 02:45:00,152.1,152.52,152.0,152.35,33308.34
2026-08-22 02:50:00,152.35,152.41,152.31,152.38,196026.3
2026-08-22 02:55:00,152.38,152.97,152.36,152.93,10965.41
2026-08-22 03:00:00,152.93,153.23,152.58,152.7,5930.33
2026-08-22 03:05:00,152.7,152.73,152.56,152.7,18512.03
2026-08-22 03:10:00,152.7,152.74,152.37,152.43,75037.21
2026-08-22 03:15:00,152.43,152.56,152.32,152.47,59460.37
2026-08-22 03:20:00,152.47,152.5,152.1,152.26,28515.26
2026-08-22 03:25:00,152.26,152.29,151.56,151.79,3136.31
2026-08-22 03:30:00,151.79,152.22,151.71,151.93,43901.13
2026-08-22 03:35:00,151.93,151.94,151.43,151.81,29379.49
2026-08-22 03:40:00,151.81,151.98,151.39,151.92,17589.65
2026-08-22 03:45:00,151.92,152.24,151.67,152.13,73430.35
2026-08-22 03:50:00,152.13,152.45,151.96,152.43,50285.94
2026-08-22 03:55:00,152.43,152.63,152.36,152.47,79250.1
2026-08-22 04:00:00,152.47,152.59,152.12,152.53,59609.55
2026-08-22 04:05:00,152.53,152.72,152.51,152.69,166980.57
2026-08-22 04:10:00,152.69,153.05,152.57,152.95,18854.44
2026-08-22 04:15:00,152.95,153.27,152.89,153.21,47729.51
2026-08-22 04:20:00,153.21,153.45,152.87,152.97,76663.39
2026-08-22 04:25:00,152.97,154.01,152.84,153.74,193124.39
2026-08-22 04:30:00,153.74,153.94,152.93,153.27,52269.26
2026-08-22 04:35:00,153.27,153.58,152.78,152.91,263719.95
2026-08-22 04:40:00,152.91,153.45,152.65,152.75,267463.77
2026-08-22 04:45:00,152.75,153.06,152.01,152.44,60528.78
2026-08-22 04:50:00,152.44,152.44,152.06,152.18,3005.73
2026-08-22 04:55:00,152.18,152.52,152.16,152.46,29532.37
2026-08-22 05:00:00,152.46,153.07,152.41,152.75,3698.74
2026-08-22 05:05:00,152.75,152.89,152.58,152.77,131037.14
2026-08-22 05:10:00,152.77,153.34,152.76,153.0,209274.17
2026-08-22 05:15:00,153.0,153.41,152.99,153.4,23529.49
2026-08-22 05:20:00,153.4,153.81,152.19,152.49,5244.09
2026-08-22 05:25:00,152.49,152.63,152.05,152.17,10632.03
2026-08-22 05:30:00,152.17,152.32,151.61,151.94,35868.31
2026-08-22 05:35:00,151.94,152.18,151.26,152.09,200072.58
2026-08-22 05:40:00,152.09,152.46,151.84,152.24,193522.63
2026-08-22 05:45:00,152.24,152.51,151.97,152.29,4139.46
2026-08-22 05:50:00,152.29,152.79,152.2,152.6,99755.44
2026-08-22 05:55:00,152.6,153.02,152.26,152.84,4224.26
2026-08-22 06:00:00,152.84,153.51,152.58,152.64,59791.64
2026-08-22 06:05:00,152.64,153.82,152.57,153.79,39174.82
2026-08-22 06:10:00,153.79,154.46,153.31,153.41,85200.68
2026-08-22 06:15:00,153.41,153.8,153.01,153.08,248319.99
2026-08-22 06:20:00,153.08,153.72,152.52,152.66,100467.52
2026-08-22 06:25:00,152.66,152.95,152.47,152.92,53931.4
2026-08-22 06:30:00,152.92,153.35,152.48,152.53,139801.08
2026-08-22 06:35:00,152.53,152.75,152.22,152.58,46669.03
2026-08-22 06:40:00,152.58,152.75,152.26,152.34,101730.62
2026-08-22 06:45:00,152.34,152.8,151.84,152.09,110212.96
2026-08-22 06:50:00,152.09,152.77,151.49,151.5,44042.96
2026-08-22 06:55:00,151.5,151.9,150.98,151.79,37393.78
2026-08-22 07:00:00,151.79,152.31,151.15,152.21,63296.48
2026-08-22 07:05:00,152.21,153.12,152.15,152.72,44649.42
2026-08-22 07:10:00,152.72,153.23,152.53,153.12,78219.35
2026-08-22 07:15:00,153.12,153.48,152.65,152.75,32123.8
2026-08-22 07:20:00,152.75,152.9,152.02,152.15,43880.37
2026-08-22 07:25:00,152.15,152.22,151.79,151.85,29622.43
2026-08-22 07:30:00,151.85,152.12,151.19,152.07,19060.84
2026-08-22 07:35:00,152.07,152.39,151.68,151.81,23827.7
2026-08-22 07:40:00,151.81,151.94,151.4,151.66,130642.58
2026-08-22 07:45:00,151.66,152.06,150.99,151.91,180704.53
2026-08-22 07:50:00,151.91,152.15,151.91,152.14,58020.12
2026-08-22 07:55:00,152.14,152.4,152.13,152.39,89710.01
2026-08-22 08:00:00,152.39,152.7,152.1,152.43,14966.78
2026-08-22 08:05:00,152.43,152.56,152.19,152.39,12106.18
2026-08-22 08:10:00,152.39,152.88,152.08,152.77,15237.47
2026-08-22 08:15:00,152.77,153.03,152.15,152.31,5930.8
2026-08-22 08:20:00,152.31,152.44,151.57,151.8,58261.46
2026-08-22 08:25:00,151.8,151.86,151.69,151.8,46345.97
2026-08-22 08:30:00,151.8,152.41,151.69,152.27,3234.36
2026-08-22 08:35:00,152.27,152.3,152.0,152.15,4343.65
2026-08-22 08:40:00,152.15,152.53,151.92,152.31,54442.01
2026-08-22 08:45:00,152.31,152.59,152.13,152.18,14108.62
2026-08-22 08:50:00,152.18,152.72,151.83,152.38,450.14
2026-08-22 08:55:00,152.38,153.16,152.16,153.08,10209.18
2026-08-22 09:00:00,153.08,153.09,152.98,153.0,49132.19
2026-08-22 09:05:00,153.0,153.15,152.62,152.75,50533.94
2026-08-22 09:10:00,152.75,153.07,152.6,152.61,2383.05
2026-08-22 09:15:00,152.61,153.3,152.34,152.99,48565.04
2026-08-22 09:20:00,152.99,153.58,152.66,153.32,46615.0
2026-08-22 09:25:00,153.32,153.64,153.2,153.41,17451.74
2026-08-22 09:30:00,153.41,153.45,153.35,153.43,108622.33
2026-08-22 09:35:00,153.43,154.23,153.17,153.86,22813.83
2026-08-22 09:40:00,153.86,154.39,153.75,154.02,34567.16
2026-08-22 09:45:00,154.02,155.02,153.68,154.72,38434.22
2026-08-22 09:50:00,154.72,155.41,154.16,154.29,163819.03
2026-08-22 09:55:00,154.29,154.68,154.28,154.63,12523.69
2026-08-22 10:00:00,154.63,155.08,154.29,154.34,27311.95
2026-08-22 10:05:00,154.34,154.58,153.85,154.14,86144.95
2026-08-22 10:10:00,154.14,154.74,153.58,154.48,40402.66
2026-08-22 10:15:00,154.48,154.85,154.08,154.23,52810.2
2026-08-22 10:20:00,154.23,154.7,154.2,154.59,35626.8
2026-08-22 10:25:00,154.59,154.61,154.33,154.42,11735.56
2026-08-22 10:30:00,154.42,154.84,154.37,154.66,28467.64
2026-08-22 10:35:00,154.66,154.88,154.41,154.5,62920.87
2026-08-22 10:40:00,154.5,154.74,154.27,154.36,47789.25
2026-08-22 10:45:00,154.36,154.81,153.98,154.02,22586.68
2026-08-22 10:50:00,154.02,154.44,153.57,153.62,177445.9
2026-08-22 10:55:00,153.62,153.78,153.14,153.22,27320.78
2026-08-22 11:00:00,153.22,153.7,153.2,153.41,45892.02
2026-08-22 11:05:00,153.41,153.81,153.4,153.51,12319.58
2026-08-22 11:10:00,153.51,153.83,153.19,153.6,131500.24
2026-08-22 11:15:00,153.6,154.28,153.3,153.35,182005.52
2026-08-22 11:20:00,153.35,153.56,152.95,153.0,12814.26
2026-08-22 11:25:00,153.0,153.01,152.01,152.14,29830.84
2026-08-22 11:30:00,152.14,152.43,151.8,151.8,19223.09
2026-08-22 11:35:00,151.8,152.77,151.67,152.58,43113.84
2026-08-22 11:40:00,152.58,153.06,152.19,152.23,63119.97
2026-08-22 11:45:00,152.23,152.23,151.67,151.87,35828.1
2026-08-22 11:50:00,151.87,152.01,151.55,151.83,22529.94
2026-08-22 11:55:00,151.83,152.18,151.36,152.11,76401.65
2026-08-22 12:00:00,152.11,152.15,151.75,151.86,210509.97
2026-08-22 12:05:00,151.86,152.02,151.52,151.6,34096.79
2026-08-22 12:10:00,151.6,151.7,151.07,151.34,59819.78
2026-08-22 12:15:00,151.34,151.88,151.04,151.63,60312.35
2026-08-22 12:20:00,151.63,151.9,151.33,151.82,219977.97
2026-08-22 12:25:00,151.82,152.6,151.67,152.42,23786.55
2026-08-22 12:30:00,152.42,152.76,152.19,152.59,20232.94
2026-08-22 12:35:00,152.59,153.15,152.46,152.86,5163.04
2026-08-22 12:40:00,152.86,153.41,152.66,153.03,35844.89
2026-08-22 12:45:00,153.03,153.18,152.97,153.02,37948.02
2026-08-22 12:50:00,153.02,153.02,152.5,152.73,55415.04
2026-08-22 12:55:00,152.73,152.78,152.06,152.12,21864.38
2026-08-22 13:00:00,152.12,152.19,151.97,152.13,24815.72
2026-08-22 13:05:00,152.13,152.32,151.57,151.61,20893.81
2026-08-22 13:10:00,151.61,151.93,151.35,151.82,93147.53
2026-08-22 13:15:00,151.82,152.28,151.32,152.19,87652.53
2026-08-22 13:20:00,152.19,152.75,151.72,151.92,103804.52
2026-08-22 13:25:00,151.92,152.22,151.48,152.11,72173.64
2026-08-22 13:30:00,152.11,152.67,151.65,152.31,32204.81
2026-08-22 13:35:00,152.31,153.23,152.02,153.09,30641.15
2026-08-22 13:40:00,153.09,153.23,152.68,152.77,91084.19
2026-08-22 13:45:00,152.77,152.94,152.49,152.91,4573.53
2026-08-22 13:50:00,152.91,152.97,152.04,152.22,114627.59
2026-08-22 13:55:00,152.22,152.8,152.11,152.79,55603.41
2026-08-22 14:00:00,152.79,153.13,152.54,152.93,115748.97
2026-08-22 14:05:00,152.93,153.46,152.8,153.11,13785.4
2026-08-22 14:10:00,153.11,153.24,152.33,152.76,46368.31
2026-08-22 14:15:00,152.76,153.09,152.57,153.08,21292.09
2026-08-22 14:20:00,153.08,153.31,152.74,152.77,11262.42
2026-08-22 14:25:00,152.77,153.14,152.51,152.58,95006.7
2026-08-22 14:30:00,152.58,153.14,152.43,152.91,70054.76
2026-08-22 14:35:00,152.91,153.57,152.83,153.45,85565.66
2026-08-22 14:40:00,153.45,153.85,152.6,152.79,12649.34
2026-08-22 14:45:00,152.79,153.0,152.53,152.61,922.53
2026-08-22 14:50:00,152.61,153.0,152.53,152.95,17796.92
2026-08-22 14:55:00,152.95,153.04,152.52,153.04,67670.44
2026-08-22 15:00:00,153.04,153.3,152.66,152.94,4854.57
2026-08-22 15:05:00,152.94,153.18,152.57,152.62,99996.75
2026-08-22 15:10:00,152.62,152.73,152.1,152.23,113341.93
2026-08-22 15:15:00,152.23,152.54,152.0,152.18,33648.51
2026-08-22 15:20:00,152.18,152.74,152.07,152.63,31403.78
2026-08-22 15:25:00,152.63,153.37,152.45,153.01,24524.84
2026-08-22 15:30:00,153.01,153.17,152.49,152.63,154401.51
2026-08-22 15:35:00,152.63,153.19,152.62,152.69,1434.49
2026-08-22 15:40:00,152.69,152.87,152.53,152.85,74935.08
2026-08-22 15:45:00,152.85,152.85,152.5,152.58,85494.24
2026-08-22 15:50:00,152.58,152.6,151.76,151.93,106323.96
2026-08-22 15:55:00,151.93,152.83,151.82,152.79,11224.34
2026-08-22 16:00:00,152.79,153.04,152.56,152.86,18530.99
2026-08-22 16:05:00,152.86,153.97,152.33,153.88,36656.67
2026-08-22 16:10:00,153.88,154.49,153.47,153.51,444405.12
2026-08-22 16:15:00,153.51,154.06,153.33,153.74,67208.02
2026-08-22 16:20:00,153.74,154.24,153.27,153.39,980.18
2026-08-22 16:25:00,153.39,153.95,153.28,153.65,63857.02
2026-08-22 16:30:00,153.65,154.06,153.4,153.47,301411.18
2026-08-22 16:35:00,153.47,153.73,153.36,153.7,10599.98
2026-08-22 16:40:00,153.7,154.17,153.31,153.41,397626.36
2026-08-22 16:45:00,153.41,154.24,153.31,153.69,104187.72
2026-08-22 16:50:00,153.69,154.34,152.96,153.5,23212.15
2026-08-22 16:55:00,153.5,153.98,153.39,153.96,222851.22
2026-08-22 17:00:00,153.96,154.36,153.33,153.4,20266.63
2026-08-22 17:05:00,153.4,153.83,153.37,153.68,113436.4
2026-08-22 17:10:00,153.68,154.12,153.25,153.6,29026.21
2026-08-22 17:15:00,153.6,154.8,153.54,154.14,662.53
2026-08-22 17:20:00,154.14,154.54,154.08,154.26,17240.42
2026-08-22 17:25:00,154.26,154.59,153.66,153.83,5436.39
2026-08-22 17:30:00,153.83,154.36,153.33,153.43,130698.86
2026-08-22 17:35:00,153.43,153.88,152.93,153.07,357595.16
2026-08-22 17:40:00,153.07,153.22,152.46,152.88,4578.15
2026-08-22 17:45:00,152.88,153.18,152.76,153.0,17905.03
2026-08-22 17:50:00,153.0,153.36,152.74,153.32,32627.91
2026-08-22 17:55:00,153.32,153.94,153.12,153.2,350347.08
2026-08-22 18:00:00,153.2,153.31,152.49,152.61,3249.52
2026-08-22 18:05:00,152.61,153.1,152.54,152.79,27473.04
2026-08-22 18:10:00,152.79,152.85,152.47,152.61,13441.43
2026-08-22 18:15:00,152.61,152.77,152.45,152.69,134275.12
2026-08-22 18:20:00,152.69,153.58,152.3,153.57,77955.44
2026-08-22 18:25:00,153.57,153.96,153.28,153.57,252.9
2026-08-22 18:30:00,153.57,153.69,153.56,153.6,30517.99
2026-08-22 18:35:00,153.6,153.84,153.26,153.47,11435.42
2026-08-22 18:40:00,153.47,153.72,153.0,153.13,330920.66
2026-08-22 18:45:00,153.13,153.16,152.67,152.95,283017.02
2026-08-22 18:50:00,152.95,153.13,152.53,152.63,37068.45
2026-08-22 18:55:00,152.63,153.57,152.56,153.35,46378.55
2026-08-22 19:00:00,153.35,153.55,152.89,153.09,48749.66
2026-08-22 19:05:00,153.09,153.21,152.91,153.16,29456.65
2026-08-22 19:10:00,153.16,153.66,152.61,152.75,52165.6
2026-08-22 19:15:00,152.75,152.91,152.06,152.23,48954.72
2026-08-22 19:20:00,152.23,152.59,152.14,152.46,39039.53
2026-08-22 19:25:00,152.46,152.98,152.42,152.86,40872.6
2026-08-22 19:30:00,152.86,153.43,152.67,152.96,77012.96
2026-08-22 19:35:00,152.96,153.2,152.25,152.58,36330.6
2026-08-22 19:40:00,152.58,152.83,151.99,152.54,28047.1
2026-08-22 19:45:00,152.54,152.99,151.95,152.0,27317.13
2026-08-22 19:50:00,152.0,152.22,151.75,151.88,78686.23
2026-08-22 19:55:00,151.88,152.2,151.71,152.12,45346.69
2026-08-22 20:00:00,152.12,152.59,151.7,152.48,400885.78
2026-08-22 20:05:00,152.48,152.59,151.69,151.78,25391.6
2026-08-22 20:10:00,151.78,151.89,151.64,151.65,37581.88
2026-08-22 20:15:00,151.65,152.06,151.54,151.81,96461.49
2026-08-22 20:20:00,151.81,152.39,151.46,152.25,5843.46
2026-08-22 20:25:00,152.25,153.48,152.0,153.07,32628.47
2026-08-22 20:30:00,153.07,153.11,152.65,152.66,54519.19
2026-08-22 20:35:00,152.66,153.2,152.28,152.69,77243.48
2026-08-22 20:40:00,152.69,153.41,152.49,153.0,38837.14
2026-08-22 20:45:00,153.0,153.3,152.84,153.09,17674.19
2026-08-22 20:50:00,153.09,153.59,152.92,153.28,52086.28
2026-08-22 20:55:00,153.28,153.3,152.97,153.06,11208.9
2026-08-22 21:00:00,153.06,154.01,153.03,153.61,14466.98
2026-08-22 21:05:00,153.61,153.86,153.39,153.67,20307.03
2026-08-22 21:10:00,153.67,154.39,153.5,154.08,182460.0
2026-08-22 21:15:00,154.08,154.53,153.69,153.76,6747.82
2026-08-22 21:20:00,153.76,154.67,153.56,154.27,75245.19
2026-08-22 21:25:00,154.27,154.95,153.95,154.07,221551.23
2026-08-22 21:30:00,154.07,154.57,153.91,154.47,187718.35
2026-08-22 21:35:00,154.47,155.08,154.05,154.18,196672.5
2026-08-22 21:40:00,154.18,154.36,153.68,153.76,62288.78
2026-08-22 21:45:00,153.76,154.14,153.54,153.89,8329.31
2026-08-22 21:50:00,153.89,154.23,153.86,153.97,132182.74
2026-08-22 21:55:00,153.97,154.42,153.66,153.71,130564.21
2026-08-22 22:00:00,153.71,154.31,153.69,154.16,19318.25
2026-08-22 22:05:00,154.16,154.42,154.06,154.38,16395.39
2026-08-22 22:10:00,154.38,154.68,154.15,154.24,87361.84
2026-08-22 22:15:00,154.24,154.48,154.02,154.27,172835.03
2026-08-22 22:20:00,154.27,154.43,153.96,154.15,41701.74
2026-08-22 22:25:00,154.15,154.51,153.72,153.86,312099.49
2026-08-22 22:30:00,153.86,154.0,153.25,153.42,61102.51
2026-08-22 22:35:00,153.42,153.67,152.92,153.02,53706.74
2026-08-22 22:40:00,153.02,153.58,152.79,153.5,90345.78
2026-08-22 22:45:00,153.5,153.61,152.83,152.91,46346.64
2026-08-22 22:50:00,152.91,153.33,151.96,152.22,71679.21
2026-08-22 22:55:00,152.22,152.24,151.94,152.1,256.71
2026-08-22 23:00:00,152.1,152.41,150.7,151.13,65393.15
2026-08-22 23:05:00,151.13,151.35,150.92,150.98,9036.05
2026-08-22 23:10:00,150.98,151.25,150.9,151.18,21139.8
2026-08-22 23:15:00,151.18,151.56,150.97,151.23,28350.16
2026-08-22 23:20:00,151.23,151.57,150.66,151.42,34795.5
2026-08-22 23:25:00,151.42,151.78,151.06,151.07,138448.51
2026-08-22 23:30:00,151.07,151.29,150.98,151.11,17224.32
2026-08-22 23:35:00,151.11,151.41,150.76,151.27,37580.32
2026-08-22 23:40:00,151.27,151.73,150.8,151.65,267190.6
2026-08-22 23:45:00,151.65,152.56,151.36,152.35,71394.88
2026-08-22 23:50:00,152.35,152.51,152.14,152.23,46353.09
2026-08-22 23:55:00,152.23,152.63,152.05,152.48,21526.07
2026-08-23 00:00:00,152.48,152.53,152.27,152.44,18211.58
2026-08-23 00:05:00,152.44,152.51,152.27,152.42,12473.08
2026-08-23 00:10:00,152.42,152.74,152.07,152.74,76740.25
2026-08-23 00:15:00,152.74,153.29,152.55,153.21,82656.24
2026-08-23 00:20:00,153.21,153.26,153.02,153.22,11019.59
2026-08-23 00:25:00,153.22,153.27,152.57,153.0,16244.11
2026-08-23 00:30:00,153.0,153.04,152.6,152.68,26869.99
2026-08-23 00:35:00,152.68,152.84,152.66,152.7,2389.73
2026-08-23 00:40:00,152.7,153.03,152.61,152.95,29908.25
2026-08-23 00:45:00,152.95,153.73,152.33,152.73,24009.91
2026-08-23 00:50:00,152.73,153.31,152.47,153.09,2954.63
2026-08-23 00:55:00,153.09,153.76,152.75,153.52,68728.48
2026-08-23 01:00:00,153.52,153.95,153.29,153.62,69587.79
2026-08-23 01:05:00,153.62,153.65,153.41,153.46,30032.72
2026-08-23 01:10:00,153.46,153.46,153.26,153.28,13764.77
2026-08-23 01:15:00,153.28,153.31,153.11,153.14,19520.4
2026-08-23 01:20:00,153.14,153.19,152.94,153.08,116536.6
2026-08-23 01:25:00,153.08,153.21,152.7,152.83,59430.01
2026-08-23 01:30:00,152.83,153.04,152.03,152.17,26817.17
2026-08-23 01:35:00,152.17,152.3,151.19,151.29,26415.27
2026-08-23 01:40:00,151.29,151.29,150.85,150.96,94793.02
2026-08-23 01:45:00,150.96,151.04,150.68,150.81,61333.68
2026-08-23 01:50:00,150.81,151.18,149.89,150.03,7328.9
2026-08-23 01:55:00,150.03,150.63,149.99,150.5,31902.52
2026-08-23 02:00:00,150.5,150.66,149.51,149.79,11957.22
2026-08-23 02:05:00,149.79,150.07,149.55,149.92,412008.79
2026-08-23 02:10:00,149.92,150.4,149.75,150.24,111729.44
2026-08-23 02:15:00,150.24,150.43,149.74,150.37,115317.92
2026-08-23 02:20:00,150.37,150.45,150.03,150.29,28027.46
2026-08-23 02:25:00,150.29,150.38,150.26,150.27,81617.13
2026-08-23 02:30:00,150.27,150.65,149.9,150.56,366509.75
2026-08-23 02:35:00,150.56,151.1,150.22,150.98,424917.76
2026-08-23 02:40:00,150.98,151.7,150.74,151.6,4953.19
2026-08-23 02:45:00,151.6,151.71,151.2,151.43,13830.52
2026-08-23 02:50:00,151.43,151.51,151.26,151.47,55958.5
2026-08-23 02:55:00,151.47,152.03,151.11,151.85,14478.44
2026-08-23 03:00:00,151.85,153.02,151.74,152.48,13647.15
2026-08-23 03:05:00,152.48,152.57,151.81,152.07,678.98
2026-08-23 03:10:00,152.07,152.61,152.07,152.53,55327.96
2026-08-23 03:15:00,152.53,152.93,152.48,152.83,50763.68
2026-08-23 03:20:00,152.83,152.99,152.5,152.5,5488.7
2026-08-23 03:25:00,152.5,153.23,152.42,153.06,101860.72
2026-08-23 03:30:00,153.06,153.14,152.85,152.96,28313.55
2026-08-23 03:35:00,152.96,153.31,152.86,153.19,25510.64
2026-08-23 03:40:00,153.19,153.37,153.0,153.14,42698.3
2026-08-23 03:45:00,153.14,153.68,152.87,153.6,7891.96
2026-08-23 03:50:00,153.6,153.81,153.36,153.75,53098.15
2026-08-23 03:55:00,153.75,154.19,153.66,154.01,50434.31
2026-08-23 04:00:00,154.01,154.67,153.73,154.58,1865.44
2026-08-23 04:05:00,154.58,154.58,154.05,154.14,2883.52
2026-08-23 04:10:00,154.14,154.69,154.11,154.38,385.08
2026-08-23 04:15:00,154.38,154.59,153.87,154.53,25934.36
2026-08-23 04:20:00,154.53,155.14,153.95,154.09,88676.92
2026-08-23 04:25:00,154.09,154.25,154.08,154.08,17568.82
2026-08-23 04:30:00,154.08,154.17,154.06,154.15,39706.93
2026-08-23 04:35:00,154.15,154.32,154.09,154.26,23336.65
2026-08-23 04:40:00,154.26,154.51,153.76,153.82,125210.85
2026-08-23 04:45:00,153.82,154.03,153.77,153.93,30628.62
2026-08-23 04:50:00,153.93,154.6,153.7,153.76,210943.77
2026-08-23 04:55:00,153.76,154.21,153.67,154.05,59728.77
2026-08-23 05:00:00,154.05,154.25,153.74,153.89,1073.63
2026-08-23 05:05:00,153.89,154.48,153.51,153.6,353135.43
2026-08-23 05:10:00,153.6,154.04,153.11,153.22,6791.76
2026-08-23 05:15:00,153.22,153.51,153.1,153.36,98685.2
2026-08-23 05:20:00,153.36,153.7,153.14,153.63,9668.12
2026-08-23 05:25:00,153.63,154.25,153.26,153.36,343312.16
2026-08-23 05:30:00,153.36,153.75,153.2,153.71,30386.94
2026-08-23 05:35:00,153.71,153.83,152.84,153.19,4651.82
2026-08-23 05:40:00,153.19,153.92,152.86,153.71,261331.58
2026-08-23 05:45:00,153.71,153.74,153.6,153.71,52980.39
2026-08-23 05:50:00,153.71,153.91,153.64,153.89,900.18
2026-08-23 05:55:00,153.89,154.04,153.3,153.51,24585.33
2026-08-23 06:00:00,153.51,154.18,152.93,153.07,71636.06
2026-08-23 06:05:00,153.07,153.85,152.95,153.6,69926.9
2026-08-23 06:10:00,153.6,154.31,153.29,153.91,1700.62
2026-08-23 06:15:00,153.91,154.35,153.7,153.99,57892.27
2026-08-23 06:20:00,153.99,154.66,153.69,153.81,108619.77
2026-08-23 06:25:00,153.81,154.35,153.74,154.3,78839.3
2026-08-23 06:30:00,154.3,154.69,154.12,154.61,59997.47
2026-08-23 06:35:00,154.61,154.91,154.58,154.85,75464.3
2026-08-23 06:40:00,154.85,155.63,154.42,155.15,20831.14
2026-08-23 06:45:00,155.15,155.28,154.18,154.38,94085.7
2026-08-23 06:50:00,154.38,154.85,153.96,154.11,44379.71
2026-08-23 06:55:00,154.11,154.52,153.62,153.72,83692.78
2026-08-23 07:00:00,153.72,153.96,153.11,153.23,48907.06
2026-08-23 07:05:00,153.23,153.95,153.1,153.85,18018.21
2026-08-23 07:10:00,153.85,154.18,153.31,153.43,28887.92
2026-08-23 07:15:00,153.43,154.13,152.86,153.13,59001.64
2026-08-23 07:20:00,153.13,153.69,153.03,153.34,58606.36
2026-08-23 07:25:00,153.34,153.56,152.67,152.94,5654.14
2026-08-23 07:30:00,152.94,153.06,152.89,153.03,60283.99
2026-08-23 07:35:00,153.03,153.33,152.39,153.2,256908.34
2026-08-23 07:40:00,153.2,153.62,153.13,153.58,86401.96
2026-08-23 07:45:00,153.58,154.05,153.52,153.98,40590.04
2026-08-23 07:50:00,153.98,154.22,152.93,153.26,61026.18
2026-08-23 07:55:00,153.26,153.59,153.16,153.3,25006.49
2026-08-23 08:00:00,153.3,153.53,153.15,153.35,79254.56
2026-08-23 08:05:00,153.35,153.58,152.92,153.19,79872.87
2026-08-23 08:10:00,153.19,153.72,152.77,153.58,50556.03
2026-08-23 08:15:00,153.58,153.69,153.23,153.41,44070.27
2026-08-23 08:20:00,153.41,153.8,153.22,153.42,15745.58
2026-08-23 08:25:00,153.42,154.06,153.1,154.06,652.46
2026-08-23 08:30:00,154.06,154.15,153.55,153.58,147304.91
2026-08-23 08:35:00,153.58,153.64,153.23,153.34,36939.92
2026-08-23 08:40:00,153.34,153.58,152.43,152.7,38814.75
2026-08-23 08:45:00,152.7,153.25,152.45,153.13,167849.07
2026-08-23 08:50:00,153.13,153.64,152.83,153.59,109641.59
2026-08-23 08:55:00,153.59,154.52,153.56,153.97,235252.64
2026-08-23 09:00:00,153.97,153.99,153.9,153.93,116367.68
2026-08-23 09:05:00,153.93,154.07,153.85,153.86,1247.18
2026-08-23 09:10:00,153.86,154.42,153.73,154.29,53938.2
2026-08-23 09:15:00,154.29,154.53,153.83,154.37,10278.58
2026-08-23 09:20:00,154.37,154.45,154.13,154.2,5804.4
2026-08-23 09:25:00,154.2,154.44,153.97,154.24,16932.39
2026-08-23 09:30:00,154.24,154.46,153.59,153.78,43188.71
2026-08-23 09:35:00,153.78,153.84,152.94,153.39,5215.04
2026-08-23 09:40:00,153.39,153.61,152.53,152.9,52988.58
2026-08-23 09:45:00,152.9,153.27,152.62,153.14,340647.42
2026-08-23 09:50:00,153.14,153.57,152.59,153.5,58048.03
2026-08-23 09:55:00,153.5,154.15,153.05,153.57,18166.09
2026-08-23 10:00:00,153.57,154.78,153.49,154.43,15285.53
2026-08-23 10:05:00,154.43,154.69,154.16,154.3,25534.26
2026-08-23 10:10:00,154.3,154.45,153.37,153.6,3408.09
2026-08-23 10:15:00,153.6,154.64,153.4,154.4,44776.77
2026-08-23 10:20:00,154.4,155.08,154.21,154.52,39284.99
2026-08-23 10:25:00,154.52,154.63,153.98,154.2,52484.47
2026-08-23 10:30:00,154.2,154.28,153.47,153.79,24722.56
2026-08-23 10:35:00,153.79,154.4,153.79,154.06,20428.63
2026-08-23 10:40:00,154.06,154.52,153.66,154.42,12847.49
2026-08-23 10:45:00,154.42,154.56,154.19,154.53,111730.18
2026-08-23 10:50:00,154.53,155.24,154.49,154.83,2486.48
2026-08-23 10:55:00,154.83,155.21,154.78,154.88,19311.55
2026-08-23 11:00:00,154.88,155.2,154.39,154.5,2384.76
2026-08-23 11:05:00,154.5,155.49,154.17,155.03,37302.69
2026-08-23 11:10:00,155.03,155.05,154.85,154.92,2076.73
2026-08-23 11:15:00,154.92,155.53,154.57,154.62,26474.19
2026-08-23 11:20:00,154.62,155.32,154.57,155.08,50922.5
2026-08-23 11:25:00,155.08,155.29,154.52,154.87,55848.99
2026-08-23 11:30:00,154.87,155.1,154.35,154.54,30707.91
2026-08-23 11:35:00,154.54,154.84,154.26,154.78,47200.2
2026-08-23 11:40:00,154.78,154.81,154.28,154.67,23560.23
2026-08-23 11:45:00,154.67,155.03,154.04,154.44,29501.44
2026-08-23 11:50:00,154.44,155.28,154.39,155.22,97644.14
2026-08-23 11:55:00,155.22,155.32,154.8,155.03,23697.78
2026-08-23 12:00:00,155.03,155.53,154.52,154.58,141342.44
2026-08-23 12:05:00,154.58,154.94,154.3,154.43,23565.25
2026-08-23 12:10:00,154.43,154.66,154.12,154.51,164951.31
2026-08-23 12:15:00,154.51,154.66,154.46,154.63,34962.54
2026-08-23 12:20:00,154.63,155.08,154.58,154.87,14069.68
2026-08-23 12:25:00,154.87,155.52,154.46,155.13,36557.14
2026-08-23 12:30:00,155.13,155.37,154.86,154.97,65266.71
2026-08-23 12:35:00,154.97,155.53,154.75,155.08,43062.91
2026-08-23 12:40:00,155.08,155.34,153.9,154.37,31547.82
2026-08-23 12:45:00,154.37,155.42,154.04,155.19,22130.55
2026-08-23 12:50:00,155.19,155.56,154.92,155.05,493978.26
2026-08-23 12:55:00,155.05,155.34,154.73,154.85,23124.66
2026-08-23 13:00:00,154.85,155.86,154.67,155.44,86970.54
2026-08-23 13:05:00,155.44,155.6,155.09,155.59,112815.76
2026-08-23 13:10:00,155.59,155.97,155.15,155.32,7660.32
2026-08-23 13:15:00,155.32,155.47,155.12,155.17,36652.4
2026-08-23 13:20:00,155.17,155.83,155.09,155.69,69500.8
2026-08-23 13:25:00,155.69,155.87,154.94,154.99,121228.59
2026-08-23 13:30:00,154.99,155.23,154.61,154.64,16499.44
2026-08-23 13:35:00,154.64,154.87,153.29,153.76,799.62
2026-08-23 13:40:00,153.76,153.8,153.5,153.59,38552.34
2026-08-23 13:45:00,153.59,153.96,153.4,153.7,13949.2
2026-08-23 13:50:00,153.7,154.11,153.29,153.99,18488.87
2026-08-23 13:55:00,153.99,154.5,153.98,154.29,48383.51
2026-08-23 14:00:00,154.29,154.65,154.0,154.23,43925.29
2026-08-23 14:05:00,154.23,154.89,154.08,154.1,14213.8
2026-08-23 14:10:00,154.1,154.17,153.92,154.0,57242.5
2026-08-23 14:15:00,154.0,154.31,153.53,154.07,7662.77
2026-08-23 14:20:00,154.07,154.32,154.06,154.09,25635.69
2026-08-23 14:25:00,154.09,154.99,153.83,154.77,116683.8
2026-08-23 14:30:00,154.77,154.83,154.55,154.78,203491.71
2026-08-23 14:35:00,154.78,155.02,154.57,154.86,17476.54
2026-08-23 14:40:00,154.86,155.4,154.79,154.9,6641.85
2026-08-23 14:45:00,154.9,155.13,154.71,154.81,7173.51
2026-08-23 14:50:00,154.81,156.19,154.19,155.57,75371.62
2026-08-23 14:55:00,155.57,156.24,155.47,156.0,14473.89
2026-08-23 15:00:00,156.0,156.16,155.87,155.99,93216.58
2026-08-23 15:05:00,155.99,155.99,155.28,155.57,78896.34
2026-08-23 15:10:00,155.57,155.68,155.44,155.48,276.97
2026-08-23 15:15:00,155.48,155.96,155.23,155.34,478288.74
2026-08-23 15:20:00,155.34,155.66,155.05,155.37,18165.91
2026-08-23 15:25:00,155.37,155.44,155.27,155.43,33021.2
2026-08-23 15:30:00,155.43,156.32,155.15,155.74,20143.08
2026-08-23 15:35:00,155.74,156.28,155.34,156.11,242997.43
2026-08-23 15:40:00,156.11,156.59,155.98,156.32,179675.64
2026-08-23 15:45:00,156.32,156.47,156.25,156.36,33618.14
2026-08-23 15:50:00,156.36,156.82,155.83,156.67,185127.02
2026-08-23 15:55:00,156.67,157.16,156.21,156.32,146660.27
2026-08-23 16:00:00,156.32,157.36,156.19,157.0,16963.46
2026-08-23 16:05:00,157.0,157.54,156.91,157.45,119328.53
2026-08-23 16:10:00,157.45,157.7,157.09,157.43,49619.78
2026-08-23 16:15:00,157.43,157.76,157.25,157.68,23237.43
2026-08-23 16:20:00,157.68,158.01,157.55,157.95,34989.78
2026-08-23 16:25:00,157.95,158.24,157.25,157.32,131545.91
2026-08-23 16:30:00,157.32,157.65,156.84,156.89,136573.49
2026-08-23 16:35:00,156.89,157.14,156.57,156.72,234508.67
2026-08-23 16:40:00,156.72,157.31,156.47,156.52,124091.19
2026-08-23 16:45:00,156.52,156.97,156.15,156.26,176671.22
2026-08-23 16:50:00,156.26,156.4,155.82,156.06,51971.82
2026-08-23 16:55:00,156.06,156.74,155.8,155.87,83267.85
2026-08-23 17:00:00,155.87,155.9,154.88,155.38,11009.81
2026-08-23 17:05:00,155.38,155.83,154.98,155.66,7663.1
2026-08-23 17:10:00,155.66,156.26,155.52,156.1,3136.63
2026-08-23 17:15:00,156.1,156.65,155.84,155.93,66218.51
2026-08-23 17:20:00,155.93,156.59,155.72,155.78,401881.96
2026-08-23 17:25:00,155.78,155.84,154.9,155.12,9535.91
2026-08-23 17:30:00,155.12,156.3,154.96,156.12,11325.08
2026-08-23 17:35:00,156.12,156.29,155.11,155.31,4931.93
2026-08-23 17:40:00,155.31,155.46,154.97,155.0,120873.73
2026-08-23 17:45:00,155.0,155.34,154.63,154.63,46483.37
2026-08-23 17:50:00,154.63,154.63,154.14,154.39,49562.58
2026-08-23 17:55:00,154.39,154.74,154.29,154.53,37569.21
2026-08-23 18:00:00,154.53,154.66,154.42,154.52,20300.28
2026-08-23 18:05:00,154.52,155.26,154.46,155.06,100133.76
2026-08-23 18:10:00,155.06,155.15,154.94,154.97,4350.25
2026-08-23 18:15:00,154.97,155.19,154.79,155.1,14616.79
2026-08-23 18:20:00,155.1,156.84,155.03,156.22,60125.54
2026-08-23 18:25:00,156.22,157.03,156.0,156.94,8589.88
2026-08-23 18:30:00,156.94,157.26,156.51,156.65,59075.26
2026-08-23 18:35:00,156.65,156.66,156.19,156.52,12619.6
2026-08-23 18:40:00,156.52,156.84,156.11,156.19,1522150.1
2026-08-23 18:45:00,156.19,156.26,155.45,155.56,16459.59
2026-08-23 18:50:00,155.56,156.07,155.47,155.78,7759.06
2026-08-23 18:55:00,155.78,156.1,155.49,155.6,166849.75
2026-08-23 19:00:00,155.6,156.07,155.52,155.97,80435.11
2026-08-23 19:05:00,155.97,156.25,155.68,155.73,30816.58
2026-08-23 19:10:00,155.73,155.86,155.64,155.82,4752.6
2026-08-23 19:15:00,155.82,156.12,155.55,155.69,593623.79
2026-08-23 19:20:00,155.69,156.03,155.25,155.35,75626.41
2026-08-23 19:25:00,155.35,155.94,155.3,155.7,3868.17
2026-08-23 19:30:00,155.7,156.33,155.66,156.0,15625.27
2026-08-23 19:35:00,156.0,156.0,155.82,155.91,30416.51
2026-08-23 19:40:00,155.91,156.02,154.65,154.85,111135.42
2026-08-23 19:45:00,154.85,155.55,154.45,154.55,17534.12
2026-08-23 19:50:00,154.55,155.06,154.2,154.94,2938.78
2026-08-23 19:55:00,154.94,154.99,154.35,154.66,86999.1
2026-08-23 20:00:00,154.66,155.18,154.37,154.71,80156.74
2026-08-23 20:05:00,154.71,155.21,154.47,154.75,43162.04
2026-08-23 20:10:00,154.75,155.47,154.7,155.21,71763.67
2026-08-23 20:15:00,155.21,155.66,154.33,154.69,137291.04
2026-08-23 20:20:00,154.69,154.73,154.17,154.21,13534.04
2026-08-23 20:25:00,154.21,154.42,153.62,153.93,114278.58
2026-08-23 20:30:00,153.93,154.04,153.85,154.0,32264.67
2026-08-23 20:35:00,154.0,154.05,153.71,153.81,59215.62
2026-08-23 20:40:00,153.81,154.15,153.67,154.15,124472.11
2026-08-23 20:45:00,154.15,154.5,153.5,154.35,690606.64
2026-08-23 20:50:00,154.35,154.51,154.17,154.24,148825.64
2026-08-23 20:55:00,154.24,154.36,153.82,153.82,19886.88
2026-08-23 21:00:00,153.82,154.37,153.58,154.25,68965.5
2026-08-23 21:05:00,154.25,154.67,153.98,154.59,2885.41
2026-08-23 21:10:00,154.59,155.11,154.41,154.66,54883.61
2026-08-23 21:15:00,154.66,155.3,154.63,154.83,3864.19
2026-08-23 21:20:00,154.83,155.19,154.52,155.15,45412.73
2026-08-23 21:25:00,155.15,155.83,155.01,155.59,8525.94
2026-08-23 21:30:00,155.59,156.08,155.41,155.93,8481.36
2026-08-23 21:35:00,155.93,156.61,155.88,156.45,50066.21
2026-08-23 21:40:00,156.45,157.03,156.41,156.81,55763.06
2026-08-23 21:45:00,156.81,157.01,156.5,156.69,50443.06
2026-08-23 21:50:00,156.69,157.14,156.43,156.51,13754.35
2026-08-23 21:55:00,156.51,156.64,156.21,156.44,34019.91
2026-08-23 22:00:00,156.44,157.31,156.37,157.07,279452.74
2026-08-23 22:05:00,157.07,157.08,156.61,156.8,12710.16
2026-08-23 22:10:00,156.8,157.41,156.59,157.08,57751.71
2026-08-23 22:15:00,157.08,157.15,156.65,156.65,60094.27
2026-08-23 22:20:00,156.65,156.91,156.5,156.87,74241.34
2026-08-23 22:25:00,156.87,156.96,156.72,156.8,287759.68
2026-08-23 22:30:00,156.8,156.84,156.52,156.63,5621.39
2026-08-23 22:35:00,156.63,156.68,156.24,156.45,10842.12
2026-08-23 22:40:00,156.45,157.14,156.41,156.98,20015.97
2026-08-23 22:45:00,156.98,157.32,156.26,156.41,28769.94
2026-08-23 22:50:00,156.41,157.03,156.39,157.02,11684.07
2026-08-23 22:55:00,157.02,157.39,156.79,157.16,11810.58
2026-08-23 23:00:00,157.16,157.37,156.29,156.62,1570.1
2026-08-23 23:05:00,156.62,156.8,156.42,156.62,36469.39
2026-08-23 23:10:00,156.62,156.76,155.82,156.2,23945.45
2026-08-23 23:15:00,156.2,156.53,156.0,156.32,109009.26
2026-08-23 23:20:00,156.32,156.63,156.01,156.56,30901.05
2026-08-23 23:25:00,156.56,156.9,156.28,156.73,91823.39
2026-08-23 23:30:00,156.73,156.74,156.63,156.63,51083.31
2026-08-23 23:35:00,156.63,156.7,155.95,156.28,124930.94
2026-08-23 23:40:00,156.28,156.88,155.67,156.1,88630.47
2026-08-23 23:45:00,156.1,156.35,155.46,155.55,33367.74
2026-08-23 23:50:00,155.55,155.99,155.46,155.82,5302.74
2026-08-23 23:55:00,155.82,155.99,155.67,155.77,42460.86
2026-08-24 00:00:00,155.77,156.29,155.71,156.01,5632.97
2026-08-24 00:05:00,156.01,156.19,155.61,155.9,19775.32
2026-08-24 00:10:00,155.9,156.22,155.88,156.17,762.79
2026-08-24 00:15:00,156.17,156.27,156.02,156.25,51230.17
2026-08-24 00:20:00,156.25,156.67,156.15,156.6,28190.08
2026-08-24 00:25:00,156.6,157.07,156.39,156.97,30888.83
2026-08-24 00:30:00,156.97,157.4,156.62,156.73,172561.87
2026-08-24 00:35:00,156.73,156.88,156.47,156.72,29568.31
2026-08-24 00:40:00,156.72,157.49,156.64,157.23,7280.48
2026-08-24 00:45:00,157.23,157.39,156.77,157.1,11422.49
2026-08-24 00:50:00,157.1,157.66,156.67,157.64,17367.23
2026-08-24 00:55:00,157.64,157.75,156.77,157.03,61331.77
2026-08-24 01:00:00,157.03,157.57,156.68,156.81,402854.28
2026-08-24 01:05:00,156.81,157.52,156.62,157.15,113771.08
2026-08-24 01:10:00,157.15,158.13,157.04,157.96,48039.82
2026-08-24 01:15:00,157.96,158.01,156.93,157.04,33406.67
2026-08-24 01:20:00,157.04,157.07,156.44,156.68,39859.63
2026-08-24 01:25:00,156.68,156.8,156.34,156.74,23651.18
2026-08-24 01:30:00,156.74,156.78,156.05,156.51,117651.34
2026-08-24 01:35:00,156.51,156.79,156.34,156.72,17336.84
2026-08-24 01:40:00,156.72,157.04,156.07,156.24,6410.43
2026-08-24 01:45:00,156.24,156.26,156.09,156.18,4852.54
2026-08-24 01:50:00,156.18,156.56,155.91,155.92,33736.56
2026-08-24 01:55:00,155.92,156.42,155.64,156.28,17537.48
2026-08-24 02:00:00,156.28,156.34,155.88,155.91,49463.99
2026-08-24 02:05:00,155.91,157.11,155.58,156.93,77614.38
2026-08-24 02:10:00,156.93,156.97,156.49,156.78,74225.11
2026-08-24 02:15:00,156.78,157.29,156.24,156.24,143462.13
2026-08-24 02:20:00,156.24,156.36,156.15,156.26,1929.68
2026-08-24 02:25:00,156.26,156.61,155.06,155.77,164694.69
2026-08-24 02:30:00,155.77,156.03,155.64,155.99,3232.54
2026-08-24 02:35:00,155.99,156.0,155.25,155.37,76439.42
2026-08-24 02:40:00,155.37,155.81,155.16,155.45,7515.41
2026-08-24 02:45:00,155.45,155.48,155.3,155.44,4864.31
2026-08-24 02:50:00,155.44,156.57,154.94,156.01,37866.05
2026-08-24 02:55:00,156.01,156.08,155.13,155.27,65427.55
2026-08-24 03:00:00,155.27,155.37,154.05,154.56,52153.61
2026-08-24 03:05:00,154.56,154.86,153.74,153.92,111255.48
2026-08-24 03:10:00,153.92,154.6,153.85,154.45,15484.92
2026-08-24 03:15:00,154.45,154.93,153.67,153.77,87091.05
2026-08-24 03:20:00,153.77,154.77,153.42,154.5,6668.98
2026-08-24 03:25:00,154.5,155.4,154.1,155.07,52813.86
2026-08-24 03:30:00,155.07,155.5,154.53,154.81,2237.86
2026-08-24 03:35:00,154.81,154.96,154.51,154.51,275183.44
2026-08-24 03:40:00,154.51,154.53,153.73,154.29,52678.44
2026-08-24 03:45:00,154.29,154.84,154.01,154.72,60976.94
2026-08-24 03:50:00,154.72,155.69,154.51,155.46,15193.81
2026-08-24 03:55:00,155.46,155.91,154.8,155.07,3494.89
2026-08-24 04:00:00,155.07,155.71,154.95,155.15,65748.41
2026-08-24 04:05:00,155.15,155.97,154.84,155.52,30241.54
2026-08-24 04:10:00,155.52,156.53,154.87,156.22,2158.75
2026-08-24 04:15:00,156.22,156.91,156.06,156.86,91621.14
2026-08-24 04:20:00,156.86,157.0,156.45,156.69,42510.6
2026-08-24 04:25:00,156.69,157.81,156.5,157.68,159310.26
2026-08-24 04:30:00,157.68,157.8,157.4,157.77,4604.01
2026-08-24 04:35:00,157.77,157.98,157.63,157.97,1599.91
2026-08-24 04:40:00,157.97,158.2,157.76,158.15,77710.7
2026-08-24 04:45:00,158.15,158.77,157.64,157.74,50385.97
2026-08-24 04:50:00,157.74,158.34,157.21,157.28,13860.82
2026-08-24 04:55:00,157.28,158.16,157.19,157.96,59407.79
2026-08-24 05:00:00,157.96,158.21,157.89,157.9,81869.14
2026-08-24 05:05:00,157.9,158.26,157.56,158.18,14815.61
2026-08-24 05:10:00,158.18,159.16,157.89,158.72,27338.91
2026-08-24 05:15:00,158.72,159.27,158.33,158.42,262455.32
2026-08-24 05:20:00,158.42,158.93,157.98,158.6,23209.32
2026-08-24 05:25:00,158.6,159.26,157.97,158.13,154306.28
2026-08-24 05:30:00,158.13,158.15,157.72,157.92,43320.25
2026-08-24 05:35:00,157.92,158.85,157.86,158.38,28858.08
2026-08-24 05:40:00,158.38,158.69,158.34,158.41,21192.76
2026-08-24 05:45:00,158.41,158.64,157.92,158.11,31819.74
2026-08-24 05:50:00,158.11,158.72,157.64,157.74,272139.03
2026-08-24 05:55:00,157.74,158.39,157.55,157.6,5612.19
2026-08-24 06:00:00,157.6,157.94,157.31,157.4,37715.46
2026-08-24 06:05:00,157.4,157.59,156.85,157.18,23893.04
2026-08-24 06:10:00,157.18,157.79,157.16,157.58,13055.41
2026-08-24 06:15:00,157.58,157.92,157.48,157.74,48358.9
2026-08-24 06:20:00,157.74,158.4,157.44,157.59,729617.36
2026-08-24 06:25:00,157.59,158.01,157.45,157.87,17928.04
2026-08-24 06:30:00,157.87,158.27,157.71,158.08,99095.56
2026-08-24 06:35:00,158.08,158.43,157.66,157.98,39494.82
2026-08-24 06:40:00,157.98,158.51,157.56,157.62,515498.41
2026-08-24 06:45:00,157.62,157.68,157.16,157.3,17182.47
2026-08-24 06:50:00,157.3,157.68,157.26,157.4,133258.3
2026-08-24 06:55:00,157.4,157.59,157.39,157.53,4649.26
2026-08-24 07:00:00,157.53,157.67,157.52,157.61,14870.06
2026-08-24 07:05:00,157.61,158.39,157.6,158.21,32945.54
2026-08-24 07:10:00,158.21,158.82,157.73,157.78,429411.09
2026-08-24 07:15:00,157.78,158.08,156.7,157.17,121225.55
2026-08-24 07:20:00,157.17,157.55,157.08,157.36,1831.28
2026-08-24 07:25:00,157.36,157.48,156.38,156.8,11781.23
2026-08-24 07:30:00,156.8,156.91,156.25,156.46,37950.27
2026-08-24 07:35:00,156.46,156.67,155.98,156.35,17695.67
2026-08-24 07:40:00,156.35,156.97,156.21,156.29,11135.48
2026-08-24 07:45:00,156.29,156.67,155.78,156.62,9376.91
2026-08-24 07:50:00,156.62,156.85,156.11,156.26,76383.41
2026-08-24 07:55:00,156.26,156.5,155.83,155.91,31470.35
2026-08-24 08:00:00,155.91,155.97,155.75,155.75,16125.03
2026-08-24 08:05:00,155.75,156.07,154.7,155.08,67774.41
2026-08-24 08:10:00,155.08,155.35,154.2,154.38,8295.44
2026-08-24 08:15:00,154.38,154.64,154.08,154.56,288469.12
2026-08-24 08:20:00,154.56,154.64,154.25,154.48,1536.2
2026-08-24 08:25:00,154.48,154.58,153.74,154.02,20469.93
2026-08-24 08:30:00,154.02,154.09,153.58,153.92,43260.22
2026-08-24 08:35:00,153.92,154.45,153.28,154.38,161212.05
2026-08-24 08:40:00,154.38,154.77,154.37,154.72,57138.04
2026-08-24 08:45:00,154.72,155.04,154.01,154.24,21860.97
2026-08-24 08:50:00,154.24,154.56,154.15,154.31,71382.57
2026-08-24 08:55:00,154.31,154.97,154.02,154.74,7304.42
2026-08-24 09:00:00,154.74,154.88,154.23,154.32,139244.14
2026-08-24 09:05:00,154.32,155.23,154.11,154.74,10357.09
2026-08-24 09:10:00,154.74,154.8,154.62,154.64,57054.01
2026-08-24 09:15:00,154.64,154.81,154.21,154.24,45096.06
2026-08-24 09:20:00,154.24,154.54,153.53,153.84,35343.73
2026-08-24 09:25:00,153.84,153.96,153.75,153.8,39083.67
2026-08-24 09:30:00,153.8,154.37,153.49,154.23,37538.99
2026-08-24 09:35:00,154.23,154.28,153.61,154.03,20421.28
2026-08-24 09:40:00,154.03,154.27,153.43,153.57,365.33
2026-08-24 09:45:00,153.57,154.09,153.16,153.94,138955.09
2026-08-24 09:50:00,153.94,154.21,153.52,154.15,202817.78
2026-08-24 09:55:00,154.15,154.45,154.14,154.18,24276.72
2026-08-24 10:00:00,154.18,154.62,153.37,153.72,13159.86
2026-08-24 10:05:00,153.72,154.42,153.68,154.38,55476.13
2026-08-24 10:10:00,154.38,154.44,153.84,154.14,9333.24
2026-08-24 10:15:00,154.14,154.65,153.48,154.51,271389.29
2026-08-24 10:20:00,154.51,154.54,154.5,154.53,9848.92
2026-08-24 10:25:00,154.53,154.94,154.26,154.9,261714.34
2026-08-24 10:30:00,154.9,154.91,154.68,154.8,45326.48
2026-08-24 10:35:00,154.8,155.66,154.57,155.6,18077.63
2026-08-24 10:40:00,155.6,156.62,155.13,156.49,69299.42
2026-08-24 10:45:00,156.49,156.62,156.28,156.56,25196.61
2026-08-24 10:50:00,156.56,156.66,156.15,156.31,2801.65
2026-08-24 10:55:00,156.31,156.53,156.11,156.19,127488.44
2026-08-24 11:00:00,156.19,156.22,155.76,155.97,511.71
2026-08-24 11:05:00,155.97,156.28,155.67,156.22,19897.01
2026-08-24 11:10:00,156.22,156.5,155.9,155.94,27638.1
2026-08-24 11:15:00,155.94,156.5,155.74,156.15,8987.8
2026-08-24 11:20:00,156.15,156.55,155.9,156.29,24396.54
2026-08-24 11:25:00,156.29,156.99,155.86,156.9,247697.78
2026-08-24 11:30:00,156.9,157.17,156.8,157.05,24179.23
2026-08-24 11:35:00,157.05,157.48,156.7,156.77,717100.98
2026-08-24 11:40:00,156.77,157.24,156.54,156.95,9938.0
2026-08-24 11:45:00,156.95,157.63,156.52,156.58,106501.94
2026-08-24 11:50:00,156.58,157.23,156.48,157.21,190708.65
2026-08-24 11:55:00,157.21,157.7,157.19,157.38,35057.12
2026-08-24 12:00:00,157.38,157.87,157.07,157.22,248024.91
2026-08-24 12:05:00,157.22,157.53,156.74,156.76,16931.62
2026-08-24 12:10:00,156.76,157.31,156.44,157.21,37754.74
2026-08-24 12:15:00,157.21,157.39,156.85,157.03,82358.41
2026-08-24 12:20:00,157.03,157.32,156.67,156.94,16348.44
2026-08-24 12:25:00,156.94,157.14,156.77,157.04,2075.92
2026-08-24 12:30:00,157.04,157.65,156.73,156.86,459407.07
2026-08-24 12:35:00,156.86,157.07,156.36,156.57,233418.29
2026-08-24 12:40:00,156.57,156.67,156.19,156.49,120343.49
2026-08-24 12:45:00,156.49,156.63,156.43,156.52,5475.25
2026-08-24 12:50:00,156.52,157.61,156.35,157.51,11558.38
2026-08-24 12:55:00,157.51,157.56,157.22,157.37,31077.9
2026-08-24 13:00:00,157.37,157.81,156.89,156.99,676.05
2026-08-24 13:05:00,156.99,157.2,156.17,156.38,76049.14
2026-08-24 13:10:00,156.38,156.89,155.74,156.12,168195.33
2026-08-24 13:15:00,156.12,156.23,155.71,155.88,13883.0
2026-08-24 13:20:00,155.88,155.92,155.5,155.52,49622.7
2026-08-24 13:25:00,155.52,156.17,155.42,155.91,35540.78
2026-08-24 13:30:00,155.91,155.93,155.72,155.87,31184.68
2026-08-24 13:35:00,155.87,156.75,155.79,156.45,755.33
2026-08-24 13:40:00,156.45,156.96,156.38,156.74,20764.09
2026-08-24 13:45:00,156.74,157.08,156.27,156.41,1480.4
2026-08-24 13:50:00,156.41,156.43,154.66,155.31,86181.24
2026-08-24 13:55:00,155.31,155.87,155.19,155.59,479.51
2026-08-24 14:00:00,155.59,156.13,155.39,155.79,31772.89
2026-08-24 14:05:00,155.79,156.82,155.7,156.67,26139.7
2026-08-24 14:10:00,156.67,156.93,155.94,155.96,4105.02
2026-08-24 14:15:00,155.96,155.99,155.42,155.61,13433.84
2026-08-24 14:20:00,155.61,156.58,155.28,156.48,301474.13
2026-08-24 14:25:00,156.48,156.74,156.34,156.47,20499.28
2026-08-24 14:30:00,156.47,156.73,156.42,156.66,23844.44
2026-08-24 14:35:00,156.66,157.63,156.46,157.55,290463.48
2026-08-24 14:40:00,157.55,157.85,157.3,157.66,38714.46
2026-08-24 14:45:00,157.66,158.04,157.51,157.69,34039.56
2026-08-24 14:50:00,157.69,157.85,156.62,156.84,79336.05
2026-08-24 14:55:00,156.84,156.87,156.3,156.32,122742.3
2026-08-24 15:00:00,156.32,156.59,155.68,155.75,63799.5
2026-08-24 15:05:00,155.75,155.95,155.59,155.68,72402.7
2026-08-24 15:10:00,155.68,155.72,154.89,155.13,8054.57
2026-08-24 15:15:00,155.13,155.18,154.44,154.64,180493.09
2026-08-24 15:20:00,154.64,154.74,153.94,154.16,31829.03
2026-08-24 15:25:00,154.16,154.46,153.7,153.9,17344.86
2026-08-24 15:30:00,153.9,154.07,153.64,153.77,69173.99
2026-08-24 15:35:00,153.77,153.96,153.62,153.88,69346.73
2026-08-24 15:40:00,153.88,154.14,153.22,154.04,419546.04
2026-08-24 15:45:00,154.04,154.44,153.6,154.32,129225.78
2026-08-24 15:50:00,154.32,154.44,154.02,154.23,26861.08
2026-08-24 15:55:00,154.23,154.29,154.11,154.16,51488.22
2026-08-24 16:00:00,154.16,154.33,153.74,154.32,66540.73
2026-08-24 16:05:00,154.32,154.77,154.05,154.51,941.25
2026-08-24 16:10:00,154.51,154.69,153.7,153.96,51332.38
2026-08-24 16:15:00,153.96,154.54,153.36,154.41,70956.18
2026-08-24 16:20:00,154.41,154.76,153.88,153.99,62231.43
2026-08-24 16:25:00,153.99,153.99,152.9,152.95,168178.47
2026-08-24 16:30:00,152.95,153.62,152.72,153.46,118585.86
2026-08-24 16:35:00,153.46,153.67,152.9,153.59,311898.36
2026-08-24 16:40:00,153.59,153.77,153.33,153.71,3353.97
2026-08-24 16:45:00,153.71,153.92,153.34,153.41,26702.51
2026-08-24 16:50:00,153.41,153.43,153.05,153.12,60460.76
2026-08-24 16:55:00,153.12,153.43,152.97,153.34,26153.9
2026-08-24 17:00:00,153.34,153.42,153.26,153.42,33431.49
2026-08-24 17:05:00,153.42,153.45,152.7,153.17,24325.34
2026-08-24 17:10:00,153.17,153.59,152.49,153.48,193700.52
2026-08-24 17:15:00,153.48,153.77,152.81,153.71,65450.61
2026-08-24 17:20:00,153.71,153.74,153.55,153.59,40815.49
2026-08-24 17:25:00,153.59,153.86,153.23,153.72,435281.54
2026-08-24 17:30:00,153.72,153.89,153.47,153.67,54718.04
2026-08-24 17:35:00,153.67,153.84,153.09,153.19,15695.36
2026-08-24 17:40:00,153.19,153.53,152.7,153.12,172426.89
2026-08-24 17:45:00,153.12,153.42,152.75,153.33,112904.08
2026-08-24 17:50:00,153.33,153.35,153.14,153.31,21155.29
2026-08-24 17:55:00,153.31,153.4,152.43,152.52,102868.67
2026-08-24 18:00:00,152.52,152.99,152.2,152.92,27294.18
2026-08-24 18:05:00,152.92,153.03,152.56,152.84,2462.61
2026-08-24 18:10:00,152.84,153.26,152.45,153.09,142075.87
2026-08-24 18:15:00,153.09,153.16,152.48,152.64,35967.88
2026-08-24 18:20:00,152.64,152.89,152.28,152.82,906469.08
2026-08-24 18:25:00,152.82,152.89,152.73,152.75,66844.6
2026-08-24 18:30:00,152.75,153.19,152.31,153.07,47800.3
2026-08-24 18:35:00,153.07,153.51,152.88,153.17,25307.37
2026-08-24 18:40:00,153.17,153.47,152.87,153.39,154398.14
2026-08-24 18:45:00,153.39,153.93,153.03,153.67,39945.84
2026-08-24 18:50:00,153.67,153.8,153.36,153.58,6702.41
2026-08-24 18:55:00,153.58,153.9,153.27,153.8,361558.48
2026-08-24 19:00:00,153.8,154.45,153.66,154.12,29609.81
2026-08-24 19:05:00,154.12,154.89,154.04,154.64,832.77
2026-08-24 19:10:00,154.64,154.79,154.17,154.32,16098.12
2026-08-24 19:15:00,154.32,154.44,154.29,154.32,57338.45
2026-08-24 19:20:00,154.32,154.76,154.09,154.49,24550.06
2026-08-24 19:25:00,154.49,155.14,154.01,154.54,20579.65
2026-08-24 19:30:00,154.54,154.66,154.21,154.48,15167.22
2026-08-24 19:35:00,154.48,154.7,154.21,154.49,3782.76
2026-08-24 19:40:00,154.49,155.07,154.22,154.3,30673.75
2026-08-24 19:45:00,154.3,154.32,153.73,153.79,35118.01
2026-08-24 19:50:00,153.79,153.84,153.54,153.56,34296.38
2026-08-24 19:55:00,153.56,153.62,153.54,153.55,9158.64
2026-08-24 20:00:00,153.55,153.63,152.9,153.08,29407.22
2026-08-24 20:05:00,153.08,153.89,152.78,153.87,16623.38
2026-08-24 20:10:00,153.87,155.02,153.67,154.89,105137.9
2026-08-24 20:15:00,154.89,155.21,154.48,155.19,611.94
2026-08-24 20:20:00,155.19,155.51,155.0,155.04,98522.25
2026-08-24 20:25:00,155.04,155.1,154.4,154.5,2035.05
2026-08-24 20:30:00,154.5,154.68,153.82,154.05,58640.68
2026-08-24 20:35:00,154.05,154.68,153.85,154.37,26810.58
2026-08-24 20:40:00,154.37,154.58,154.06,154.26,1122.8
2026-08-24 20:45:00,154.26,154.71,154.06,154.58,1060.2
2026-08-24 20:50:00,154.58,154.97,154.49,154.9,36612.65
2026-08-24 20:55:00,154.9,155.82,154.85,155.7,118455.64
2026-08-24 21:00:00,155.7,155.95,155.17,155.31,179657.85
2026-08-24 21:05:00,155.31,155.57,154.65,154.91,64683.69
2026-08-24 21:10:00,154.91,155.18,154.6,154.63,38583.78
2026-08-24 21:15:00,154.63,154.74,154.42,154.69,118598.96
2026-08-24 21:20:00,154.69,155.3,154.52,155.3,2465.63
2026-08-24 21:25:00,155.3,155.96,154.8,154.91,168313.85
2026-08-24 21:30:00,154.91,155.03,154.56,155.03,10163.23
2026-08-24 21:35:00,155.03,155.15,154.86,155.13,153920.3
2026-08-24 21:40:00,155.13,155.36,154.63,154.78,553944.25
2026-08-24 21:45:00,154.78,154.91,153.8,153.99,3649.42
2026-08-24 21:50:00,153.99,154.09,153.8,154.06,60254.71
2026-08-24 21:55:00,154.06,154.26,153.77,153.79,17937.06
2026-08-24 22:00:00,153.79,153.95,153.65,153.73,32106.5
2026-08-24 22:05:00,153.73,154.3,153.65,154.25,118276.04
2026-08-24 22:10:00,154.25,154.28,153.39,153.82,12971.33
2026-08-24 22:15:00,153.82,153.92,153.58,153.74,41304.83
2026-08-24 22:20:00,153.74,153.84,152.99,153.01,13705.79
2026-08-24 22:25:00,153.01,153.07,152.81,152.98,78135.2
2026-08-24 22:30:00,152.98,153.36,152.43,152.66,72101.29
2026-08-24 22:35:00,152.66,153.32,152.46,152.79,35359.76
2026-08-24 22:40:00,152.79,152.82,152.26,152.55,24288.96
2026-08-24 22:45:00,152.55,153.02,152.31,152.94,44664.25
2026-08-24 22:50:00,152.94,153.03,152.84,152.91,33946.2
2026-08-24 22:55:00,152.91,152.91,152.11,152.25,4057.28
2026-08-24 23:00:00,152.25,152.46,151.51,151.55,82050.71
2026-08-24 23:05:00,151.55,152.01,150.81,151.83,46829.66
2026-08-24 23:10:00,151.83,152.03,151.46,151.97,190793.94
2026-08-24 23:15:00,151.97,152.15,151.77,152.12,34959.23
2026-08-24 23:20:00,152.12,152.6,152.1,152.13,90732.16
2026-08-24 23:25:00,152.13,152.25,151.74,151.88,19811.39
2026-08-24 23:30:00,151.88,152.1,151.57,151.8,165171.65
2026-08-24 23:35:00,151.8,152.29,151.23,152.23,124830.86
2026-08-24 23:40:00,152.23,153.15,152.0,152.92,204742.41
2026-08-24 23:45:00,152.92,153.47,152.55,153.05,16831.31
2026-08-24 23:50:00,153.05,153.83,153.02,153.77,113039.72
2026-08-24 23:55:00,153.77,154.67,153.32,154.3,30533.19
2026-08-25 00:00:00,154.3,154.38,153.92,153.95,79288.83
2026-08-25 00:05:00,153.95,154.47,153.12,153.31,244.38
2026-08-25 00:10:00,153.31,153.64,152.95,153.33,1784.47
2026-08-25 00:15:00,153.33,153.42,152.45,152.67,38351.21
2026-08-25 00:20:00,152.67,152.75,152.23,152.33,3245.5
2026-08-25 00:25:00,152.33,152.6,151.8,151.92,11831.14
2026-08-25 00:30:00,151.92,151.92,151.79,151.82,97601.09
2026-08-25 00:35:00,151.82,152.11,151.57,152.05,110416.42
2026-08-25 00:40:00,152.05,152.12,151.23,151.41,68038.96
2026-08-25 00:45:00,151.41,151.82,151.01,151.18,45546.24
2026-08-25 00:50:00,151.18,151.37,150.73,150.73,41939.09
2026-08-25 00:55:00,150.73,151.11,150.61,150.8,72866.91
2026-08-25 01:00:00,150.8,151.26,150.69,150.94,25036.63
2026-08-25 01:05:00,150.94,151.64,150.85,151.64,16313.44
2026-08-25 01:10:00,151.64,152.34,151.46,152.03,3742.61
2026-08-25 01:15:00,152.03,152.16,151.5,151.81,59227.62
2026-08-25 01:20:00,151.81,152.24,151.14,151.49,11841.03
2026-08-25 01:25:00,151.49,151.95,151.04,151.69,39157.54
2026-08-25 01:30:00,151.69,151.99,151.14,151.23,43320.16
2026-08-25 01:35:00,151.23,151.67,150.67,151.55,108149.86
2026-08-25 01:40:00,151.55,151.79,151.29,151.32,10422.88
2026-08-25 01:45:00,151.32,152.09,150.97,152.09,27157.36
2026-08-25 01:50:00,152.09,152.39,151.89,152.32,2690.31
2026-08-25 01:55:00,152.32,152.67,152.27,152.5,85893.86
2026-08-25 02:00:00,152.5,153.06,152.45,153.02,33126.89
2026-08-25 02:05:00,153.02,153.12,152.12,152.59,126558.74
2026-08-25 02:10:00,152.59,152.63,152.4,152.52,12464.02
2026-08-25 02:15:00,152.52,152.64,152.26,152.42,85548.35
2026-08-25 02:20:00,152.42,152.65,151.71,152.22,120304.01
2026-08-25 02:25:00,152.22,152.56,152.21,152.55,12541.34
2026-08-25 02:30:00,152.55,152.77,152.46,152.66,26859.49
2026-08-25 02:35:00,152.66,152.9,152.38,152.79,88588.61
2026-08-25 02:40:00,152.79,153.0,152.49,152.65,60233.56
2026-08-25 02:45:00,152.65,152.9,152.29,152.41,220997.14
2026-08-25 02:50:00,152.41,152.85,152.21,152.55,45767.23
2026-08-25 02:55:00,152.55,153.41,152.4,153.18,15578.41
2026-08-25 03:00:00,153.18,153.64,152.88,153.25,64903.63
2026-08-25 03:05:00,153.25,153.32,152.87,153.09,8142.91
2026-08-25 03:10:00,153.09,153.62,152.72,153.23,49910.09
2026-08-25 03:15:00,153.23,153.43,152.75,153.02,82247.22
2026-08-25 03:20:00,153.02,153.09,152.81,153.01,78522.89
2026-08-25 03:25:00,153.01,153.83,152.94,153.67,30152.26
2026-08-25 03:30:00,153.67,154.14,153.45,153.92,5694.25
2026-08-25 03:35:00,153.92,154.02,153.65,153.75,119839.74
2026-08-25 03:40:00,153.75,153.79,153.01,153.07,438.27
2026-08-25 03:45:00,153.07,153.28,152.13,152.28,201270.5
2026-08-25 03:50:00,152.28,152.63,151.94,152.02,83368.5
2026-08-25 03:55:00,152.02,152.18,151.78,152.05,54243.42
2026-08-25 04:00:00,152.05,152.56,151.86,152.5,49021.23
2026-08-25 04:05:00,152.5,153.43,152.39,153.1,23492.11
2026-08-25 04:10:00,153.1,153.53,152.93,153.27,53495.83
2026-08-25 04:15:00,153.27,153.53,153.04,153.21,54537.14
2026-08-25 04:20:00,153.21,153.46,153.1,153.4,13147.72
2026-08-25 04:25:00,153.4,153.56,153.27,153.44,52950.33
2026-08-25 04:30:00,153.44,153.56,152.87,153.0,51707.35
2026-08-25 04:35:00,153.0,153.41,152.32,152.45,36866.04
2026-08-25 04:40:00,152.45,152.64,151.52,151.77,27701.42
2026-08-25 04:45:00,151.77,151.8,151.41,151.75,24398.64
2026-08-25 04:50:00,151.75,151.82,150.69,150.89,37739.87
2026-08-25 04:55:00,150.89,151.34,150.65,151.2,76622.44
2026-08-25 05:00:00,151.2,151.3,151.19,151.26,31926.64
2026-08-25 05:05:00,151.26,151.37,150.95,151.06,65162.53
2026-08-25 05:10:00,151.06,151.25,150.73,150.96,2765.96
2026-08-25 05:15:00,150.96,151.48,150.6,151.36,38144.19
2026-08-25 05:20:00,151.36,151.43,150.78,151.07,43741.71
2026-08-25 05:25:00,151.07,151.27,149.67,149.94,196506.91
2026-08-25 05:30:00,149.94,150.27,149.76,150.02,102418.0
2026-08-25 05:35:00,150.02,150.59,149.98,150.36,42029.24
2026-08-25 05:40:00,150.36,150.62,150.23,150.55,63815.31
2026-08-25 05:45:00,150.55,150.55,149.86,149.94,72998.92
2026-08-25 05:50:00,149.94,150.33,149.89,150.14,131104.59
2026-08-25 05:55:00,150.14,150.26,150.12,150.18,71721.22
2026-08-25 06:00:00,150.18,150.48,149.66,149.67,32855.02
2026-08-25 06:05:00,149.67,149.88,149.51,149.59,80801.38
2026-08-25 06:10:00,149.59,149.96,149.41,149.57,354.87
2026-08-25 06:15:00,149.57,149.58,149.21,149.37,6327.38
2026-08-25 06:20:00,149.37,149.66,148.74,149.62,5961.24
2026-08-25 06:25:00,149.62,149.82,148.99,149.07,8057.97
2026-08-25 06:30:00,149.07,149.45,148.53,149.36,15537.42
2026-08-25 06:35:00,149.36,149.63,149.34,149.6,41520.35
2026-08-25 06:40:00,149.6,149.88,149.05,149.78,139593.59
2026-08-25 06:45:00,149.78,149.88,149.26,149.35,13270.33
2026-08-25 06:50:00,149.35,149.67,149.02,149.55,198818.69
2026-08-25 06:55:00,149.55,149.63,149.51,149.58,41845.29
2026-08-25 07:00:00,149.58,149.87,149.41,149.79,16524.4
2026-08-25 07:05:00,149.79,150.05,149.45,149.92,35906.91
2026-08-25 07:10:00,149.92,150.2,149.39,150.15,147288.12
2026-08-25 07:15:00,150.15,150.45,149.69,150.38,42957.46
2026-08-25 07:20:00,150.38,150.64,149.38,149.74,15459.65
2026-08-25 07:25:00,149.74,150.02,149.48,149.87,14315.96
2026-08-25 07:30:00,149.87,150.17,149.62,149.99,41806.29
2026-08-25 07:35:00,149.99,150.46,149.77,150.09,103157.08
2026-08-25 07:40:00,150.09,150.12,149.93,149.93,39556.6
2026-08-25 07:45:00,149.93,150.24,149.28,149.41,38078.03
2026-08-25 07:50:00,149.41,149.66,149.09,149.12,34621.09
2026-08-25 07:55:00,149.12,150.41,148.73,150.15,105607.3
2026-08-25 08:00:00,150.15,150.62,149.75,150.58,6256.23
2026-08-25 08:05:00,150.58,150.66,149.98,150.12,41122.83
2026-08-25 08:10:00,150.12,150.64,150.01,150.58,32683.46
2026-08-25 08:15:00,150.58,150.81,150.32,150.69,18337.1
2026-08-25 08:20:00,150.69,150.84,150.13,150.37,73638.04
2026-08-25 08:25:00,150.37,150.51,150.1,150.25,188004.39
2026-08-25 08:30:00,150.25,150.63,150.06,150.29,11106.06
2026-08-25 08:35:00,150.29,150.37,150.03,150.18,14905.73
2026-08-25 08:40:00,150.18,150.22,150.09,150.1,15447.34
2026-08-25 08:45:00,150.1,150.3,149.34,149.85,37547.54
2026-08-25 08:50:00,149.85,150.08,149.82,149.89,25578.94
2026-08-25 08:55:00,149.89,150.35,149.56,150.16,27276.91
2026-08-25 09:00:00,150.16,150.76,149.61,150.59,25867.75
2026-08-25 09:05:00,150.59,151.08,150.41,150.66,116674.19
2026-08-25 09:10:00,150.66,150.71,150.2,150.25,213890.49
2026-08-25 09:15:00,150.25,150.8,149.95,150.64,48581.0
2026-08-25 09:20:00,150.64,150.77,149.57,149.94,38520.83
2026-08-25 09:25:00,149.94,150.0,149.36,149.61,8459.05
2026-08-25 09:30:00,149.61,150.02,149.28,149.51,17224.66
2026-08-25 09:35:00,149.51,149.87,149.31,149.69,43119.66
2026-08-25 09:40:00,149.69,149.73,149.18,149.31,40302.03
2026-08-25 09:45:00,149.31,149.75,148.7,149.63,55225.27
2026-08-25 09:50:00,149.63,149.74,149.24,149.31,37242.32
2026-08-25 09:55:00,149.31,149.79,148.89,149.72,36436.99
2026-08-25 10:00:00,149.72,149.85,149.48,149.8,59565.35
2026-08-25 10:05:00,149.8,149.88,148.95,149.39,48452.27
2026-08-25 10:10:00,149.39,149.71,149.3,149.56,505.58
2026-08-25 10:15:00,149.56,149.92,149.33,149.47,10685.88
2026-08-25 10:20:00,149.47,149.8,149.21,149.28,93626.72
2026-08-25 10:25:00,149.28,149.32,148.78,148.94,35555.59
2026-08-25 10:30:00,148.94,149.31,148.32,149.22,48067.08
2026-08-25 10:35:00,149.22,149.27,148.73,149.09,54121.19
2026-08-25 10:40:00,149.09,150.11,149.09,149.88,211149.79
2026-08-25 10:45:00,149.88,150.87,149.71,150.3,166843.92
2026-08-25 10:50:00,150.3,150.62,150.25,150.46,59708.19
2026-08-25 10:55:00,150.46,150.7,150.45,150.56,85701.81
2026-08-25 11:00:00,150.56,150.67,149.83,150.05,306823.54
2026-08-25 11:05:00,150.05,151.3,149.93,151.0,64402.96
2026-08-25 11:10:00,151.0,151.37,150.5,150.82,145534.15
2026-08-25 11:15:00,150.82,151.02,150.54,150.59,60930.73
2026-08-25 11:20:00,150.59,150.77,150.37,150.59,8633.32
2026-08-25 11:25:00,150.59,150.82,150.49,150.78,43208.04
2026-08-25 11:30:00,150.78,151.03,150.4,150.88,594.2
2026-08-25 11:35:00,150.88,151.37,150.48,150.6,451452.62
2026-08-25 11:40:00,150.6,150.9,149.99,150.23,152638.24
2026-08-25 11:45:00,150.23,150.81,150.11,150.18,11061.52
2026-08-25 11:50:00,150.18,150.42,149.83,150.05,92929.16
2026-08-25 11:55:00,150.05,150.2,149.59,149.74,42485.3
2026-08-25 12:00:00,149.74,150.21,149.73,149.85,40989.49
2026-08-25 12:05:00,149.85,149.99,149.61,149.88,39979.22
2026-08-25 12:10:00,149.88,150.42,149.63,150.34,4054.87
2026-08-25 12:15:00,150.34,150.46,149.92,150.05,51756.88
2026-08-25 12:20:00,150.05,150.37,149.97,150.26,1849.32
2026-08-25 12:25:00,150.26,150.4,150.01,150.16,4439.13
2026-08-25 12:30:00,150.16,150.82,149.9,150.73,23196.44
2026-08-25 12:35:00,150.73,150.89,150.29,150.82,96305.27
2026-08-25 12:40:00,150.82,151.5,150.51,151.4,28741.63
2026-08-25 12:45:00,151.4,151.65,150.77,151.05,20169.38
2026-08-25 12:50:00,151.05,151.48,150.8,150.87,533141.09
2026-08-25 12:55:00,150.87,151.44,150.42,150.56,41158.95
2026-08-25 13:00:00,150.56,150.69,150.12,150.27,4282.34
2026-08-25 13:05:00,150.27,150.32,150.04,150.12,192.62
2026-08-25 13:10:00,150.12,150.28,150.0,150.07,16395.77
2026-08-25 13:15:00,150.07,150.37,149.54,150.31,68317.72
2026-08-25 13:20:00,150.31,150.72,149.98,150.11,8414.14
2026-08-25 13:25:00,150.11,150.32,149.58,149.81,23758.22
2026-08-25 13:30:00,149.81,150.16,149.58,149.93,1576.7
2026-08-25 13:35:00,149.93,150.35,149.84,150.17,4116.82
2026-08-25 13:40:00,150.17,150.86,149.82,150.63,12662.24
2026-08-25 13:45:00,150.63,150.73,150.01,150.35,4815.05
2026-08-25 13:50:00,150.35,150.8,150.22,150.63,10816.83
2026-08-25 13:55:00,150.63,151.42,150.58,151.23,25549.63
2026-08-25 14:00:00,151.23,151.31,150.99,151.1,65799.01
2026-08-25 14:05:00,151.1,151.65,150.68,150.74,156608.81
2026-08-25 14:10:00,150.74,151.2,150.51,150.58,236235.84
2026-08-25 14:15:00,150.58,150.61,149.88,150.56,64195.47
2026-08-25 14:20:00,150.56,150.72,149.92,150.32,24292.76
2026-08-25 14:25:00,150.32,150.47,149.61,149.93,23059.44
2026-08-25 14:30:00,149.93,150.59,149.87,150.16,11069.27
2026-08-25 14:35:00,150.16,150.38,150.1,150.26,66476.58
2026-08-25 14:40:00,150.26,150.44,149.68,150.07,22477.24
2026-08-25 14:45:00,150.07,150.1,149.64,149.71,20511.97
2026-08-25 14:50:00,149.71,149.98,149.53,149.87,168130.27
2026-08-25 14:55:00,149.87,150.71,149.65,150.2,56317.08
2026-08-25 15:00:00,150.2,150.5,149.98,150.46,162233.68
2026-08-25 15:05:00,150.46,150.46,150.2,150.39,14487.1
2026-08-25 15:10:00,150.39,150.65,149.92,150.12,38858.5
2026-08-25 15:15:00,150.12,150.34,150.06,150.16,21391.44
2026-08-25 15:20:00,150.16,151.13,150.07,150.86,23152.92
2026-08-25 15:25:00,150.86,151.19,150.55,151.07,60925.69
2026-08-25 15:30:00,151.07,151.35,150.6,150.73,45858.8
2026-08-25 15:35:00,150.73,151.11,150.29,150.57,100552.9
2026-08-25 15:40:00,150.57,151.24,150.45,150.78,22657.68
2026-08-25 15:45:00,150.78,151.21,150.71,150.95,2984.83
2026-08-25 15:50:00,150.95,151.18,150.44,150.94,70861.6
2026-08-25 15:55:00,150.94,151.55,150.62,151.11,93212.28
2026-08-25 16:00:00,151.11,151.82,151.01,151.64,1931.09
2026-08-25 16:05:00,151.64,152.3,151.13,151.25,516317.63
2026-08-25 16:10:00,151.25,151.33,150.76,150.82,11687.75
2026-08-25 16:15:00,150.82,150.93,150.79,150.93,40010.14
2026-08-25 16:20:00,150.93,151.28,150.43,151.2,87605.69
2026-08-25 16:25:00,151.2,151.7,150.97,151.06,175315.49
2026-08-25 16:30:00,151.06,151.32,150.97,151.19,32627.12
2026-08-25 16:35:00,151.19,151.51,150.55,150.56,106337.59
2026-08-25 16:40:00,150.56,151.47,150.52,151.19,55424.28
2026-08-25 16:45:00,151.19,151.55,151.03,151.49,29197.95
2026-08-25 16:50:00,151.49,151.55,150.51,150.94,84586.64
2026-08-25 16:55:00,150.94,151.04,150.71,150.86,79596.92
2026-08-25 17:00:00,150.86,151.03,150.08,150.14,76236.02
2026-08-25 17:05:00,150.14,150.33,149.57,149.78,179910.21
2026-08-25 17:10:00,149.78,150.3,149.47,150.16,111295.6
2026-08-25 17:15:00,150.16,150.45,149.93,149.97,56363.35
2026-08-25 17:20:00,149.97,150.27,149.75,149.84,53423.3
2026-08-25 17:25:00,149.84,150.21,149.25,150.07,5590.94
2026-08-25 17:30:00,150.07,150.09,149.52,149.61,85281.14
2026-08-25 17:35:00,149.61,149.8,149.09,149.25,14721.43
2026-08-25 17:40:00,149.25,149.47,148.65,149.06,123308.34
2026-08-25 17:45:00,149.06,149.13,148.07,148.55,17820.87
2026-08-25 17:50:00,148.55,149.05,148.41,148.82,816.8
2026-08-25 17:55:00,148.82,149.23,148.57,149.17,301174.32
2026-08-25 18:00:00,149.17,149.5,148.74,148.88,28734.55
2026-08-25 18:05:00,148.88,149.01,147.84,148.26,25082.02
2026-08-25 18:10:00,148.26,148.56,147.68,148.46,47585.65
2026-08-25 18:15:00,148.46,148.74,147.9,148.53,783.86
2026-08-25 18:20:00,148.53,148.59,148.05,148.4,61171.41
2026-08-25 18:25:00,148.4,148.9,147.89,148.8,264214.31
2026-08-25 18:30:00,148.8,149.0,148.63,148.81,43692.27
2026-08-25 18:35:00,148.81,149.47,148.55,149.4,32985.08
2026-08-25 18:40:00,149.4,149.99,149.04,149.51,4617.02
2026-08-25 18:45:00,149.51,149.61,149.17,149.36,129210.95
2026-08-25 18:50:00,149.36,149.73,149.2,149.57,34241.05
2026-08-25 18:55:00,149.57,149.95,149.13,149.89,104853.52
2026-08-25 19:00:00,149.89,150.19,149.86,150.02,39465.41
2026-08-25 19:05:00,150.02,150.18,149.75,150.16,16387.65
2026-08-25 19:10:00,150.16,150.28,149.51,149.71,16261.96
2026-08-25 19:15:00,149.71,149.95,149.45,149.87,155877.48
2026-08-25 19:20:00,149.87,149.93,149.17,149.29,5553.48
2026-08-25 19:25:00,149.29,149.31,149.08,149.19,30689.53
2026-08-25 19:30:00,149.19,149.78,149.08,149.59,71194.69
2026-08-25 19:35:00,149.59,150.3,149.41,150.04,165864.16
2026-08-25 19:40:00,150.04,150.19,149.52,149.86,80608.58
2026-08-25 19:45:00,149.86,150.06,149.16,149.43,186255.29
2026-08-25 19:50:00,149.43,149.54,149.27,149.35,99583.62
2026-08-25 19:55:00,149.35,149.38,149.21,149.25,11511.41
2026-08-25 20:00:00,149.25,149.52,148.99,149.22,109366.94
2026-08-25 20:05:00,149.22,149.66,149.15,149.53,100345.63
2026-08-25 20:10:00,149.53,149.93,149.34,149.72,131159.66
2026-08-25 20:15:00,149.72,149.75,149.15,149.23,81045.49
2026-08-25 20:20:00,149.23,149.3,148.58,148.88,39150.71
2026-08-25 20:25:00,148.88,149.76,148.84,149.3,6857.44
2026-08-25 20:30:00,149.3,149.55,148.67,149.21,8319.14
2026-08-25 20:35:00,149.21,149.33,148.85,149.1,12933.47
2026-08-25 20:40:00,149.1,149.43,148.67,148.76,22411.61
2026-08-25 20:45:00,148.76,148.78,148.26,148.61,48583.99
2026-08-25 20:50:00,148.61,148.62,147.48,147.86,53779.83
2026-08-25 20:55:00,147.86,148.4,147.47,148.26,42915.93
2026-08-25 21:00:00,148.26,148.32,147.27,147.63,47106.87
2026-08-25 21:05:00,147.63,147.75,147.18,147.55,128050.52
2026-08-25 21:10:00,147.55,147.64,147.26,147.41,11484.99
2026-08-25 21:15:00,147.41,148.0,147.41,147.95,10137.72
2026-08-25 21:20:00,147.95,147.96,147.16,147.34,54074.14
2026-08-25 21:25:00,147.34,147.67,146.73,147.53,19747.55
2026-08-25 21:30:00,147.53,147.92,147.24,147.8,56744.63
2026-08-25 21:35:00,147.8,147.86,147.08,147.41,44717.22
2026-08-25 21:40:00,147.41,147.66,146.76,147.23,43202.27
2026-08-25 21:45:00,147.23,147.7,146.66,147.56,36408.25
2026-08-25 21:50:00,147.56,147.97,146.99,147.89,74655.9
2026-08-25 21:55:00,147.89,148.26,147.74,147.9,44206.43
2026-08-25 22:00:00,147.9,148.02,147.66,147.71,22601.03
2026-08-25 22:05:00,147.71,148.02,147.5,147.8,38542.78
2026-08-25 22:10:00,147.8,147.95,147.76,147.94,1662.28
2026-08-25 22:15:00,147.94,148.08,147.89,148.05,23229.68
2026-08-25 22:20:00,148.05,148.17,147.99,148.03,138368.52
2026-08-25 22:25:00,148.03,148.28,147.84,148.07,109521.54
2026-08-25 22:30:00,148.07,148.48,147.92,148.29,24817.19
2026-08-25 22:35:00,148.29,148.68,147.7,148.56,6759.23
2026-08-25 22:40:00,148.56,148.6,147.5,147.59,15980.91
2026-08-25 22:45:00,147.59,148.2,147.4,147.87,10318.28
2026-08-25 22:50:00,147.87,148.08,147.55,147.76,43089.77
2026-08-25 22:55:00,147.76,148.28,147.44,148.15,280993.63
2026-08-25 23:00:00,148.15,148.4,147.74,148.08,24778.31
2026-08-25 23:05:00,148.08,148.55,147.79,148.22,60365.8
2026-08-25 23:10:00,148.22,148.62,147.85,148.48,509657.8
2026-08-25 23:15:00,148.48,148.81,148.31,148.8,24386.77
2026-08-25 23:20:00,148.8,148.97,148.03,148.46,145400.4
2026-08-25 23:25:00,148.46,148.81,148.22,148.68,102608.89
2026-08-25 23:30:00,148.68,148.91,148.27,148.33,66873.0
2026-08-25 23:35:00,148.33,148.76,148.29,148.32,8869.71
2026-08-25 23:40:00,148.32,148.41,147.81,147.84,139860.38
2026-08-25 23:45:00,147.84,148.59,147.74,148.17,22421.53
2026-08-25 23:50:00,148.17,148.42,147.71,147.94,10673.79
2026-08-25 23:55:00,147.94,148.59,147.84,148.44,140103.43
2026-08-26 00:00:00,148.44,148.58,147.77,147.79,68331.62
2026-08-26 00:05:00,147.79,148.03,147.24,147.59,177304.83
2026-08-26 00:10:00,147.59,147.82,147.07,147.22,44006.68
2026-08-26 00:15:00,147.22,147.69,146.56,147.56,366274.97
2026-08-26 00:20:00,147.56,147.84,147.44,147.74,66119.37
2026-08-26 00:25:00,147.74,147.95,147.33,147.89,13975.09
2026-08-26 00:30:00,147.89,148.44,147.58,148.4,57059.99
2026-08-26 00:35:00,148.4,148.8,148.23,148.47,42312.82
2026-08-26 00:40:00,148.47,148.52,148.33,148.4,31874.6
2026-08-26 00:45:00,148.4,148.5,147.9,148.12,33826.74
2026-08-26 00:50:00,148.12,149.02,147.98,148.64,20127.57
2026-08-26 00:55:00,148.64,148.67,148.32,148.44,26.0
2026-08-26 01:00:00,148.44,148.49,148.28,148.45,8163.5
2026-08-26 01:05:00,148.45,149.43,148.28,149.01,38710.15
2026-08-26 01:10:00,149.01,149.13,148.56,148.94,153524.37
2026-08-26 01:15:00,148.94,148.97,148.63,148.74,152693.29
2026-08-26 01:20:00,148.74,149.27,148.61,148.64,11442.82
2026-08-26 01:25:00,148.64,148.77,148.13,148.21,45690.16
2026-08-26 01:30:00,148.21,148.47,148.11,148.23,4164.14
2026-08-26 01:35:00,148.23,148.7,148.16,148.4,15830.23
2026-08-26 01:40:00,148.4,149.26,148.28,148.93,19239.69
2026-08-26 01:45:00,148.93,149.05,148.63,148.87,4790.42
2026-08-26 01:50:00,148.87,149.02,148.73,148.86,47122.34
2026-08-26 01:55:00,148.86,149.2,148.56,149.19,13960.69
2026-08-26 02:00:00,149.19,149.27,148.83,149.15,35826.93
2026-08-26 02:05:00,149.15,149.45,148.99,149.41,58936.12
2026-08-26 02:10:00,149.41,149.97,149.19,149.8,125253.63
2026-08-26 02:15:00,149.8,149.9,148.87,149.25,123839.44
2026-08-26 02:20:00,149.25,149.94,149.02,149.45,92762.06
2026-08-26 02:25:00,149.45,149.66,148.15,148.78,14249.12
2026-08-26 02:30:00,148.78,149.51,148.5,149.49,47735.81
2026-08-26 02:35:00,149.49,149.76,149.33,149.68,145499.1
2026-08-26 02:40:00,149.68,149.84,149.68,149.81,13395.39
2026-08-26 02:45:00,149.81,150.52,149.59,150.34,16773.25
2026-08-26 02:50:00,150.34,150.54,149.67,149.97,22460.95
2026-08-26 02:55:00,149.97,150.37,149.48,149.6,714428.58
2026-08-26 03:00:00,149.6,150.02,149.58,149.84,142204.32
2026-08-26 03:05:00,149.84,150.05,149.69,149.95,18824.8
2026-08-26 03:10:00,149.95,150.12,149.51,149.52,23253.68
2026-08-26 03:15:00,149.52,149.77,149.21,149.34,12742.39
2026-08-26 03:20:00,149.34,149.61,148.97,149.15,99484.04
2026-08-26 03:25:00,149.15,150.1,149.11,150.01,11680.18
2026-08-26 03:30:00,150.01,150.52,149.5,149.61,97207.61
2026-08-26 03:35:00,149.61,149.94,148.9,149.26,181791.24
2026-08-26 03:40:00,149.26,149.65,149.13,149.28,113133.69
2026-08-26 03:45:00,149.28,149.48,148.79,148.92,46797.94
2026-08-26 03:50:00,148.92,149.11,148.58,148.99,3465.25
2026-08-26 03:55:00,148.99,149.36,148.91,148.94,14524.54
2026-08-26 04:00:00,148.94,149.09,148.61,148.79,1358.77
2026-08-26 04:05:00,148.79,148.81,148.44,148.79,28807.78
2026-08-26 04:10:00,148.79,148.86,148.49,148.65,51725.16
2026-08-26 04:15:00,148.65,148.84,148.62,148.72,46287.31
2026-08-26 04:20:00,148.72,149.62,148.35,149.43,68137.82
2026-08-26 04:25:00,149.43,149.81,149.24,149.69,66123.19
2026-08-26 04:30:00,149.69,149.86,149.43,149.67,101570.93
2026-08-26 04:35:00,149.67,149.89,149.46,149.46,16999.84
2026-08-26 04:40:00,149.46,149.53,148.58,148.72,68583.23
2026-08-26 04:45:00,148.72,148.94,148.67,148.71,137708.6
2026-08-26 04:50:00,148.71,149.05,148.44,148.52,76.39
2026-08-26 04:55:00,148.52,148.65,148.28,148.6,16272.31
2026-08-26 05:00:00,148.6,148.89,148.11,148.83,199671.61
2026-08-26 05:05:00,148.83,149.3,148.59,149.06,67423.66
2026-08-26 05:10:00,149.06,150.13,148.82,149.84,127669.21
2026-08-26 05:15:00,149.84,149.97,149.52,149.68,1855.08
2026-08-26 05:20:00,149.68,149.76,149.29,149.37,50354.05
2026-08-26 05:25:00,149.37,149.74,149.28,149.7,6596.93
2026-08-26 05:30:00,149.7,149.81,149.43,149.75,31805.92
2026-08-26 05:35:00,149.75,149.77,148.93,149.17,83931.81
2026-08-26 05:40:00,149.17,149.34,149.14,149.23,28592.62
2026-08-26 05:45:00,149.23,149.57,149.07,149.31,26399.39
2026-08-26 05:50:00,149.31,149.78,149.01,149.43,6437.5
2026-08-26 05:55:00,149.43,149.93,149.21,149.67,110132.65
2026-08-26 06:00:00,149.67,149.95,149.13,149.42,46.1
2026-08-26 06:05:00,149.42,149.49,149.06,149.33,76125.53
2026-08-26 06:10:00,149.33,149.5,148.83,148.95,78451.47
2026-08-26 06:15:00,148.95,149.09,147.82,148.13,32981.21
2026-08-26 06:20:00,148.13,148.33,147.49,147.89,158341.89
2026-08-26 06:25:00,147.89,147.9,147.44,147.86,26784.45
2026-08-26 06:30:00,147.86,148.22,147.67,148.21,146580.47
2026-08-26 06:35:00,148.21,148.23,147.64,147.93,48390.86
2026-08-26 06:40:00,147.93,147.97,146.91,147.35,5646.96
2026-08-26 06:45:00,147.35,147.47,146.92,147.04,1857.27
2026-08-26 06:50:00,147.04,147.59,146.89,146.91,14753.48
2026-08-26 06:55:00,146.91,147.16,146.4,146.54,1761.3
2026-08-26 07:00:00,146.54,146.93,146.06,146.81,21662.11
2026-08-26 07:05:00,146.81,147.05,146.27,146.94,55346.31
2026-08-26 07:10:00,146.94,147.23,146.71,146.81,1604.82
2026-08-26 07:15:00,146.81,147.64,146.45,147.6,32280.91
2026-08-26 07:20:00,147.6,147.75,147.23,147.56,52641.85
2026-08-26 07:25:00,147.56,147.67,147.26,147.3,47617.74
2026-08-26 07:30:00,147.3,147.58,146.86,147.38,3621.1
2026-08-26 07:35:00,147.38,147.63,147.0,147.4,4008.41
2026-08-26 07:40:00,147.4,147.68,147.12,147.43,5476.52
2026-08-26 07:45:00,147.43,147.69,147.21,147.46,57753.12
2026-08-26 07:50:00,147.46,147.77,147.27,147.51,38872.25
2026-08-26 07:55:00,147.51,148.42,147.36,148.17,36004.34
2026-08-26 08:00:00,148.17,148.39,147.54,147.87,42063.08
2026-08-26 08:05:00,147.87,148.14,147.79,147.81,14373.37
2026-08-26 08:10:00,147.81,147.83,147.45,147.66,141402.49
2026-08-26 08:15:00,147.66,147.82,147.17,147.39,42895.59
2026-08-26 08:20:00,147.39,147.46,147.27,147.43,4221.45
2026-08-26 08:25:00,147.43,147.61,146.6,146.76,3649.13
2026-08-26 08:30:00,146.76,147.0,146.51,146.95,533522.35
2026-08-26 08:35:00,146.95,147.09,146.52,146.64,23657.25
2026-08-26 08:40:00,146.64,147.01,146.33,146.87,66125.73
2026-08-26 08:45:00,146.87,146.99,146.31,146.48,80057.28
2026-08-26 08:50:00,146.48,146.59,146.22,146.28,108582.16
2026-08-26 08:55:00,146.28,146.66,146.22,146.59,17770.08
2026-08-26 09:00:00,146.59,147.03,146.01,146.97,130340.13
2026-08-26 09:05:00,146.97,147.35,146.61,146.95,50689.72
2026-08-26 09:10:00,146.95,147.13,146.02,146.05,6832.74
2026-08-26 09:15:00,146.05,146.09,145.75,145.89,17656.29
2026-08-26 09:20:00,145.89,146.45,145.7,145.77,13886.8
2026-08-26 09:25:00,145.77,146.06,145.29,145.97,275110.82
2026-08-26 09:30:00,145.97,146.5,145.85,146.29,148912.94
2026-08-26 09:35:00,146.29,146.58,145.7,146.5,450252.18
2026-08-26 09:40:00,146.5,146.7,146.28,146.37,29987.94
2026-08-26 09:45:00,146.37,146.59,145.98,146.03,54873.21
2026-08-26 09:50:00,146.03,146.36,145.65,146.25,63219.47
2026-08-26 09:55:00,146.25,146.42,146.13,146.31,6990.46
2026-08-26 10:00:00,146.31,147.27,146.22,146.91,12752.47
2026-08-26 10:05:00,146.91,147.06,146.62,146.94,35986.15
2026-08-26 10:10:00,146.94,147.13,146.52,146.6,7614.31
2026-08-26 10:15:00,146.6,147.26,146.45,146.72,15631.39
2026-08-26 10:20:00,146.72,147.2,146.15,147.15,36237.88
2026-08-26 10:25:00,147.15,147.63,147.06,147.41,42203.84
2026-08-26 10:30:00,147.41,148.18,147.28,148.15,2968.13
2026-08-26 10:35:00,148.15,148.33,147.63,147.65,92360.04
2026-08-26 10:40:00,147.65,147.83,147.5,147.81,10999.87
2026-08-26 10:45:00,147.81,148.5,147.6,148.41,21659.03
2026-08-26 10:50:00,148.41,148.63,147.74,147.87,27971.13
2026-08-26 10:55:00,147.87,148.42,147.22,147.65,14894.58
2026-08-26 11:00:00,147.65,147.95,147.44,147.6,6705.5
2026-08-26 11:05:00,147.6,147.98,147.51,147.87,2170.72
2026-08-26 11:10:00,147.87,148.09,147.32,147.42,2964.78
2026-08-26 11:15:00,147.42,147.64,147.41,147.58,4655.25
2026-08-26 11:20:00,147.58,148.16,147.37,147.98,235540.35
2026-08-26 11:25:00,147.98,148.25,147.62,147.68,10159.1
2026-08-26 11:30:00,147.68,147.7,147.21,147.49,108174.77
2026-08-26 11:35:00,147.49,147.58,147.47,147.49,71878.34
2026-08-26 11:40:00,147.49,147.93,147.2,147.72,14851.39
2026-08-26 11:45:00,147.72,147.92,147.34,147.8,40835.06
2026-08-26 11:50:00,147.8,147.83,147.06,147.36,136875.72
2026-08-26 11:55:00,147.36,147.69,146.53,146.83,3572.1
2026-08-26 12:00:00,146.83,146.87,146.34,146.57,38776.51
2026-08-26 12:05:00,146.57,147.07,146.1,146.85,12851.44
2026-08-26 12:10:00,146.85,147.04,146.24,146.31,40795.34
2026-08-26 12:15:00,146.31,146.69,145.55,146.04,41197.98
2026-08-26 12:20:00,146.04,146.39,145.65,146.25,6351.95
2026-08-26 12:25:00,146.25,146.42,145.35,145.44,52763.27
2026-08-26 12:30:00,145.44,145.7,145.21,145.66,82356.75
2026-08-26 12:35:00,145.66,145.92,145.47,145.57,10037.65
2026-08-26 12:40:00,145.57,145.74,145.16,145.7,5650.83
2026-08-26 12:45:00,145.7,146.2,145.3,146.07,95137.53
2026-08-26 12:50:00,146.07,146.16,145.88,146.14,133855.05
2026-08-26 12:55:00,146.14,146.32,145.57,145.57,9825.04
2026-08-26 13:00:00,145.57,146.07,145.13,145.98,81428.67
2026-08-26 13:05:00,145.98,146.06,145.31,145.38,61245.19
2026-08-26 13:10:00,145.38,145.42,145.28,145.41,69751.39
2026-08-26 13:15:00,145.41,145.67,145.39,145.52,121659.5
2026-08-26 13:20:00,145.52,145.67,145.15,145.57,132852.88
2026-08-26 13:25:00,145.57,145.63,145.33,145.39,30728.37
2026-08-26 13:30:00,145.39,145.6,145.29,145.59,17344.97
2026-08-26 13:35:00,145.59,146.41,145.57,146.33,52641.65
2026-08-26 13:40:00,146.33,147.1,146.2,146.64,11972.71
2026-08-26 13:45:00,146.64,146.71,145.82,146.06,55842.96
2026-08-26 13:50:00,146.06,146.62,145.99,146.42,30374.59
2026-08-26 13:55:00,146.42,146.48,145.78,145.94,4325.97
2026-08-26 14:00:00,145.94,146.22,145.43,146.1,162894.92
2026-08-26 14:05:00,146.1,146.18,145.53,145.54,30226.18
2026-08-26 14:10:00,145.54,145.76,145.18,145.2,38054.73
2026-08-26 14:15:00,145.2,145.32,144.85,144.94,82084.67
2026-08-26 14:20:00,144.94,145.91,144.84,145.55,21383.24
2026-08-26 14:25:00,145.55,145.84,145.29,145.79,37767.35
2026-08-26 14:30:00,145.79,146.31,145.48,146.17,67166.28
2026-08-26 14:35:00,146.17,146.18,146.03,146.14,51499.59
2026-08-26 14:40:00,146.14,146.23,145.58,145.75,5401.95
2026-08-26 14:45:00,145.75,146.05,145.43,145.92,53.9
2026-08-26 14:50:00,145.92,146.03,145.63,145.99,51854.87
2026-08-26 14:55:00,145.99,146.4,145.64,146.35,39321.77
2026-08-26 15:00:00,146.35,146.9,146.17,146.62,10788.45
2026-08-26 15:05:00,146.62,147.21,146.35,146.91,29025.72
2026-08-26 15:10:00,146.91,147.36,146.91,146.98,9776.51
2026-08-26 15:15:00,146.98,147.36,146.65,147.33,90.06
2026-08-26 15:20:00,147.33,147.72,147.05,147.62,778.78
2026-08-26 15:25:00,147.62,147.95,147.41,147.45,50695.81
2026-08-26 15:30:00,147.45,147.54,147.43,147.43,327719.76
2026-08-26 15:35:00,147.43,148.03,147.39,147.78,51180.48
2026-08-26 15:40:00,147.78,148.03,147.38,147.5,176411.13
2026-08-26 15:45:00,147.5,147.71,146.84,147.08,24526.46
2026-08-26 15:50:00,147.08,147.42,146.44,146.87,240401.83
2026-08-26 15:55:00,146.87,147.73,146.51,147.67,60082.95
2026-08-26 16:00:00,147.67,148.24,147.25,148.12,1664.61
2026-08-26 16:05:00,148.12,148.51,147.92,148.47,42184.21
2026-08-26 16:10:00,148.47,148.84,148.33,148.74,159048.36
2026-08-26 16:15:00,148.74,148.89,148.25,148.36,925.94
2026-08-26 16:20:00,148.36,148.61,148.19,148.45,21469.82
2026-08-26 16:25:00,148.45,148.94,148.09,148.17,54637.56
2026-08-26 16:30:00,148.17,148.42,147.58,147.84,142987.74
2026-08-26 16:35:00,147.84,148.23,147.49,147.59,166423.83
2026-08-26 16:40:00,147.59,148.14,147.15,148.14,68419.03
2026-08-26 16:45:00,148.14,148.69,147.84,147.98,415714.53
2026-08-26 16:50:00,147.98,148.17,147.65,147.74,26545.53
2026-08-26 16:55:00,147.74,148.22,147.51,148.09,6916.93
2026-08-26 17:00:00,148.09,148.23,147.72,147.76,49850.34
2026-08-26 17:05:00,147.76,148.27,147.27,147.4,262792.8
2026-08-26 17:10:00,147.4,147.51,146.96,147.33,8327.69
2026-08-26 17:15:00,147.33,147.43,147.2,147.33,14682.59
2026-08-26 17:20:00,147.33,147.8,147.23,147.65,66303.64
2026-08-26 17:25:00,147.65,147.93,147.35,147.42,152864.87
2026-08-26 17:30:00,147.42,147.77,146.98,147.09,27249.78
2026-08-26 17:35:00,147.09,147.6,146.87,147.23,5005.65
2026-08-26 17:40:00,147.23,147.48,146.75,146.86,54649.53
2026-08-26 17:45:00,146.86,146.91,146.37,146.6,5342.74
2026-08-26 17:50:00,146.6,146.9,146.42,146.9,156953.91
2026-08-26 17:55:00,146.9,147.13,146.56,146.64,3634.6
2026-08-26 18:00:00,146.64,147.34,145.49,145.65,22127.93
2026-08-26 18:05:00,145.65,145.74,144.64,144.97,32931.69
2026-08-26 18:10:00,144.97,145.13,144.0,144.2,13728.44
2026-08-26 18:15:00,144.2,144.35,143.44,143.78,38448.82
2026-08-26 18:20:00,143.78,144.21,143.34,144.14,46441.94
2026-08-26 18:25:00,144.14,144.65,143.87,144.55,207722.64
2026-08-26 18:30:00,144.55,144.82,144.43,144.63,46606.74
2026-08-26 18:35:00,144.63,145.24,144.17,145.23,71421.82
2026-08-26 18:40:00,145.23,145.5,145.11,145.24,59562.69
2026-08-26 18:45:00,145.24,145.57,144.89,145.5,239255.44
2026-08-26 18:50:00,145.5,145.54,145.47,145.51,25136.72
2026-08-26 18:55:00,145.51,145.87,145.15,145.35,22659.53
2026-08-26 19:00:00,145.35,145.77,145.18,145.46,1817.17
2026-08-26 19:05:00,145.46,145.47,145.12,145.32,7806.53
2026-08-26 19:10:00,145.32,145.59,144.74,144.96,67496.96
2026-08-26 19:15:00,144.96,144.97,144.67,144.94,87031.54
2026-08-26 19:20:00,144.94,145.17,144.61,145.07,30796.62
2026-08-26 19:25:00,145.07,145.35,144.46,145.27,91339.46
2026-08-26 19:30:00,145.27,145.97,145.23,145.65,6101.08
2026-08-26 19:35:00,145.65,146.02,145.63,145.98,4292.81
2026-08-26 19:40:00,145.98,146.1,145.95,146.04,43165.84
2026-08-26 19:45:00,146.04,146.89,145.92,146.78,57480.03
2026-08-26 19:50:00,146.78,146.85,146.4,146.61,44270.55
2026-08-26 19:55:00,146.61,146.84,146.37,146.77,41160.88
2026-08-26 20:00:00,146.77,147.03,146.55,146.58,45278.22
2026-08-26 20:05:00,146.58,146.72,146.48,146.64,19884.19
2026-08-26 20:10:00,146.64,146.7,146.23,146.39,68666.61
2026-08-26 20:15:00,146.39,146.88,146.18,146.61,162116.63
2026-08-26 20:20:00,146.61,147.13,146.36,146.93,672.59
2026-08-26 20:25:00,146.93,147.33,146.13,146.23,22105.05
2026-08-26 20:30:00,146.23,146.32,145.3,145.67,6049.91
2026-08-26 20:35:00,145.67,146.03,145.65,145.96,107977.11
2026-08-26 20:40:00,145.96,146.16,145.45,145.47,51323.44
2026-08-26 20:45:00,145.47,145.49,144.96,145.1,302.11
2026-08-26 20:50:00,145.1,145.11,144.86,145.0,40774.42
2026-08-26 20:55:00,145.0,145.38,144.92,145.13,91097.39
2026-08-26 21:00:00,145.13,145.14,144.29,144.42,6112.95
2026-08-26 21:05:00,144.42,144.63,144.16,144.62,37917.48
2026-08-26 21:10:00,144.62,145.09,144.53,144.77,19529.14
2026-08-26 21:15:00,144.77,144.79,144.3,144.37,88672.25
2026-08-26 21:20:00,144.37,144.75,144.35,144.41,10762.47
2026-08-26 21:25:00,144.41,144.72,144.29,144.51,29078.75
2026-08-26 21:30:00,144.51,144.54,144.05,144.05,1645.03
2026-08-26 21:35:00,144.05,144.51,144.04,144.39,44304.78
2026-08-26 21:40:00,144.39,145.23,144.24,144.94,38400.55
2026-08-26 21:45:00,144.94,145.6,144.77,145.28,113547.71
2026-08-26 21:50:00,145.28,145.53,145.08,145.17,64844.7
2026-08-26 21:55:00,145.17,145.55,145.14,145.54,14176.64
2026-08-26 22:00:00,145.54,146.2,145.5,145.78,10024.29
2026-08-26 22:05:00,145.78,145.96,145.72,145.93,15781.95
2026-08-26 22:10:00,145.93,146.04,145.64,145.82,8347.12
2026-08-26 22:15:00,145.82,146.25,145.79,146.22,87988.12
2026-08-26 22:20:00,146.22,146.53,145.7,146.39,15508.12
2026-08-26 22:25:00,146.39,146.8,145.82,146.05,62948.05
2026-08-26 22:30:00,146.05,146.11,145.66,145.95,80317.34
2026-08-26 22:35:00,145.95,146.63,145.56,146.4,12692.96
2026-08-26 22:40:00,146.4,146.47,145.78,146.12,46860.25
2026-08-26 22:45:00,146.12,146.32,145.89,146.13,3291.78
2026-08-26 22:50:00,146.13,146.54,145.79,145.82,44122.57
2026-08-26 22:55:00,145.82,145.93,145.59,145.82,116361.51
2026-08-26 23:00:00,145.82,146.63,145.7,146.07,21515.17
2026-08-26 23:05:00,146.07,146.07,145.72,146.01,105189.13
2026-08-26 23:10:00,146.01,146.23,145.61,146.19,33011.15
2026-08-26 23:15:00,146.19,146.37,145.23,145.33,30012.27
2026-08-26 23:20:00,145.33,145.73,145.0,145.7,26057.65
2026-08-26 23:25:00,145.7,145.85,145.66,145.84,29477.82
2026-08-26 23:30:00,145.84,145.89,145.72,145.8,96663.97
2026-08-26 23:35:00,145.8,145.9,145.44,145.56,5936.35
2026-08-26 23:40:00,145.56,145.98,144.54,144.95,211248.2
2026-08-26 23:45:00,144.95,145.03,144.88,144.96,89960.2
2026-08-26 23:50:00,144.96,145.5,144.87,145.12,11133.14
2026-08-26 23:55:00,145.12,145.33,145.03,145.21,4850.66
2026-08-27 00:00:00,145.21,145.96,145.16,145.92,3262.03
2026-08-27 00:05:00,145.92,146.17,145.86,146.13,15896.66
2026-08-27 00:10:00,146.13,146.37,145.78,146.08,10476.21
2026-08-27 00:15:00,146.08,146.41,145.6,146.37,3202.41
2026-08-27 00:20:00,146.37,147.08,146.29,146.81,11305.77
2026-08-27 00:25:00,146.81,147.25,146.54,146.95,121417.65
2026-08-27 00:30:00,146.95,146.97,145.91,146.3,11757.72
2026-08-27 00:35:00,146.3,146.49,145.58,145.88,245365.37
2026-08-27 00:40:00,145.88,146.17,145.59,145.86,41090.15
2026-08-27 00:45:00,145.86,145.98,145.67,145.78,59299.62
2026-08-27 00:50:00,145.78,145.86,144.79,145.12,14997.98
2026-08-27 00:55:00,145.12,145.64,145.1,145.47,66377.96
2026-08-27 01:00:00,145.47,145.62,144.22,144.36,90062.6
2026-08-27 01:05:00,144.36,144.68,144.21,144.67,5566.62
2026-08-27 01:10:00,144.67,145.62,144.48,145.18,75695.12
2026-08-27 01:15:00,145.18,146.24,145.04,146.1,6634.2
2026-08-27 01:20:00,146.1,146.43,145.34,145.47,66444.59
2026-08-27 01:25:00,145.47,145.62,145.13,145.24,39410.58
2026-08-27 01:30:00,145.24,146.05,145.09,145.66,49559.92
2026-08-27 01:35:00,145.66,145.91,145.55,145.7,98775.74
2026-08-27 01:40:00,145.7,145.94,145.22,145.48,30821.74
2026-08-27 01:45:00,145.48,146.29,145.47,145.97,41297.02
2026-08-27 01:50:00,145.97,146.19,145.38,145.44,35953.97
2026-08-27 01:55:00,145.44,145.86,145.41,145.58,12297.57
2026-08-27 02:00:00,145.58,145.72,144.55,145.15,10552.73
2026-08-27 02:05:00,145.15,145.44,144.82,145.38,47317.97
2026-08-27 02:10:00,145.38,145.57,144.98,145.36,43640.55
2026-08-27 02:15:00,145.36,145.43,144.96,145.14,11458.42
2026-08-27 02:20:00,145.14,145.44,145.12,145.14,54542.22
2026-08-27 02:25:00,145.14,145.68,145.08,145.22,19322.24
2026-08-27 02:30:00,145.22,145.74,144.75,145.37,37528.76
2026-08-27 02:35:00,145.37,145.88,145.35,145.78,9737.78
2026-08-27 02:40:00,145.78,145.87,145.45,145.48,15437.65
2026-08-27 02:45:00,145.48,145.49,145.22,145.31,59872.02
2026-08-27 02:50:00,145.31,145.53,144.96,145.02,26768.61
2026-08-27 02:55:00,145.02,145.21,144.95,145.19,77922.32
2026-08-27 03:00:00,145.19,145.45,144.84,145.02,69794.98
2026-08-27 03:05:00,145.02,145.37,144.19,144.3,116543.56
2026-08-27 03:10:00,144.3,144.35,143.87,143.99,19925.73
2026-08-27 03:15:00,143.99,144.31,143.59,144.21,378264.82
2026-08-27 03:20:00,144.21,144.76,143.56,144.62,300522.48
2026-08-27 03:25:00,144.62,144.81,144.57,144.65,31301.53
2026-08-27 03:30:00,144.65,144.69,144.44,144.5,90174.37
2026-08-27 03:35:00,144.5,144.66,144.08,144.16,146488.46
2026-08-27 03:40:00,144.16,144.81,143.9,144.79,96836.0
2026-08-27 03:45:00,144.79,145.62,144.73,145.32,19303.99
2026-08-27 03:50:00,145.32,145.85,145.16,145.51,30370.6
2026-08-27 03:55:00,145.51,145.7,144.86,145.12,120917.19
2026-08-27 04:00:00,145.12,145.56,145.1,145.46,3903.46
2026-08-27 04:05:00,145.46,145.89,145.11,145.48,1233.94
2026-08-27 04:10:00,145.48,145.96,145.01,145.53,41982.23
2026-08-27 04:15:00,145.53,146.0,145.49,145.83,110699.76
2026-08-27 04:20:00,145.83,146.02,145.52,146.0,91974.77
2026-08-27 04:25:00,146.0,146.0,145.09,145.43,39079.47
2026-08-27 04:30:00,145.43,145.74,145.13,145.58,139668.31
2026-08-27 04:35:00,145.58,145.85,145.52,145.56,10759.52
2026-08-27 04:40:00,145.56,145.78,145.33,145.58,199057.88
2026-08-27 04:45:00,145.58,145.65,145.31,145.6,65119.68
2026-08-27 04:50:00,145.6,146.07,144.71,145.43,20902.46
2026-08-27 04:55:00,145.43,146.32,145.37,145.73,22604.81
2026-08-27 05:00:00,145.73,145.79,145.4,145.41,146194.61
2026-08-27 05:05:00,145.41,146.04,145.37,145.76,19526.14
2026-08-27 05:10:00,145.76,145.99,145.35,145.51,22911.74
2026-08-27 05:15:00,145.51,145.69,145.39,145.42,245.69
2026-08-27 05:20:00,145.42,145.92,145.3,145.74,8930.7
2026-08-27 05:25:00,145.74,145.95,145.56,145.68,3262.91
2026-08-27 05:30:00,145.68,145.7,144.9,145.22,56828.3
2026-08-27 05:35:00,145.22,145.45,144.73,145.34,73150.12
2026-08-27 05:40:00,145.34,145.59,145.04,145.22,83929.02
2026-08-27 05:45:00,145.22,145.31,145.06,145.28,24230.25
2026-08-27 05:50:00,145.28,145.84,145.24,145.64,65966.31
2026-08-27 05:55:00,145.64,145.87,145.49,145.6,133514.55
2026-08-27 06:00:00,145.6,146.67,145.47,146.25,29825.78
2026-08-27 06:05:00,146.25,146.73,145.95,146.7,150235.29
2026-08-27 06:10:00,146.7,147.07,146.42,146.5,83566.3
2026-08-27 06:15:00,146.5,146.89,146.15,146.72,10748.71
2026-08-27 06:20:00,146.72,146.99,146.27,146.96,14751.08
2026-08-27 06:25:00,146.96,147.06,146.52,146.83,17846.65
2026-08-27 06:30:00,146.83,147.44,146.58,146.67,581487.73
2026-08-27 06:35:00,146.67,146.93,146.61,146.91,34031.44
2026-08-27 06:40:00,146.91,146.93,146.26,146.55,32755.62
2026-08-27 06:45:00,146.55,147.09,146.5,147.06,19119.91
2026-08-27 06:50:00,147.06,147.48,146.58,146.65,123256.83
2026-08-27 06:55:00,146.65,147.11,146.51,146.83,6103.51
2026-08-27 07:00:00,146.83,147.33,146.65,147.0,51946.22
2026-08-27 07:05:00,147.0,147.49,146.85,146.96,24987.34
2026-08-27 07:10:00,146.96,147.95,146.9,147.6,6606.19
2026-08-27 07:15:00,147.6,148.2,147.12,147.23,184130.05
2026-08-27 07:20:00,147.23,147.62,147.08,147.38,31201.83
2026-08-27 07:25:00,147.38,147.49,147.01,147.47,93060.04
2026-08-27 07:30:00,147.47,148.0,147.1,147.18,92698.15
2026-08-27 07:35:00,147.18,147.44,145.94,146.24,8578.25
2026-08-27 07:40:00,146.24,146.79,146.07,146.69,89701.5
2026-08-27 07:45:00,146.69,147.02,146.65,146.67,8759.96
2026-08-27 07:50:00,146.67,147.11,146.61,146.99,17993.08
2026-08-27 07:55:00,146.99,147.01,146.68,146.91,70992.84
2026-08-27 08:00:00,146.91,147.15,146.56,146.6,251917.74
2026-08-27 08:05:00,146.6,146.61,146.09,146.14,37130.79
2026-08-27 08:10:00,146.14,146.87,146.03,146.61,17726.91
2026-08-27 08:15:00,146.61,146.76,146.48,146.75,59751.05
2026-08-27 08:20:00,146.75,146.77,146.15,146.36,13913.2
2026-08-27 08:25:00,146.36,146.75,146.14,146.66,15509.53
2026-08-27 08:30:00,146.66,147.19,146.41,146.89,65952.75
2026-08-27 08:35:00,146.89,147.77,146.8,147.63,17353.43
2026-08-27 08:40:00,147.63,147.64,147.43,147.61,56700.7
2026-08-27 08:45:00,147.61,148.0,146.43,146.59,87951.75
2026-08-27 08:50:00,146.59,146.63,146.03,146.52,6222.16
2026-08-27 08:55:00,146.52,146.76,146.01,146.15,9372.43
2026-08-27 09:00:00,146.15,146.51,145.97,146.5,592.84
2026-08-27 09:05:00,146.5,146.77,146.46,146.52,79024.87
2026-08-27 09:10:00,146.52,146.62,146.1,146.38,7367.95
2026-08-27 09:15:00,146.38,146.51,146.36,146.45,54525.23
2026-08-27 09:20:00,146.45,146.68,146.1,146.27,17416.67
2026-08-27 09:25:00,146.27,146.6,145.9,146.07,6718.15
2026-08-27 09:30:00,146.07,146.11,145.5,145.83,21574.44
2026-08-27 09:35:00,145.83,146.0,145.32,145.94,116395.08
2026-08-27 09:40:00,145.94,146.64,145.71,146.49,43218.87
2026-08-27 09:45:00,146.49,147.17,146.26,147.0,71556.06
2026-08-27 09:50:00,147.0,147.04,146.35,146.98,18640.34
2026-08-27 09:55:00,146.98,146.98,146.62,146.76,24873.28
2026-08-27 10:00:00,146.76,147.84,146.46,147.82,50130.6
2026-08-27 10:05:00,147.82,148.03,146.52,146.81,25381.25
2026-08-27 10:10:00,146.81,147.18,146.67,146.77,44742.4
2026-08-27 10:15:00,146.77,147.18,146.52,146.92,3110.26
2026-08-27 10:20:00,146.92,147.63,146.83,147.16,22008.84
2026-08-27 10:25:00,147.16,147.62,147.15,147.51,6686.32
2026-08-27 10:30:00,147.51,148.22,147.11,147.68,145554.55
2026-08-27 10:35:00,147.68,147.76,147.61,147.68,11994.81
2026-08-27 10:40:00,147.68,148.26,147.6,147.79,4246.31
2026-08-27 10:45:00,147.79,147.81,147.46,147.6,116268.57
2026-08-27 10:50:00,147.6,147.65,147.29,147.61,154663.56
2026-08-27 10:55:00,147.61,147.85,147.31,147.46,39831.91
2026-08-27 11:00:00,147.46,148.0,147.26,147.93,55446.57
2026-08-27 11:05:00,147.93,148.04,147.53,147.65,84427.85
2026-08-27 11:10:00,147.65,147.65,147.26,147.36,56965.31
2026-08-27 11:15:00,147.36,147.44,146.76,147.07,75653.01
2026-08-27 11:20:00,147.07,147.12,145.97,146.51,34936.92
2026-08-27 11:25:00,146.51,146.74,145.98,146.3,19738.0
2026-08-27 11:30:00,146.3,146.56,145.49,146.07,12710.26
2026-08-27 11:35:00,146.07,146.69,145.81,146.62,77300.43
2026-08-27 11:40:00,146.62,146.7,145.98,146.18,9013.84
2026-08-27 11:45:00,146.18,146.32,145.82,146.26,7348.8
2026-08-27 11:50:00,146.26,146.57,146.08,146.52,871.35
2026-08-27 11:55:00,146.52,147.18,146.47,146.65,17321.66
2026-08-27 12:00:00,146.65,146.83,146.16,146.23,70418.07
2026-08-27 12:05:00,146.23,146.3,145.38,145.79,417.2
2026-08-27 12:10:00,145.79,146.12,145.51,146.05,238646.53
2026-08-27 12:15:00,146.05,146.21,145.66,146.09,44861.2
2026-08-27 12:20:00,146.09,146.32,145.61,146.24,9716.16
2026-08-27 12:25:00,146.24,146.46,146.08,146.26,11701.52
2026-08-27 12:30:00,146.26,146.82,145.95,146.69,13328.33
2026-08-27 12:35:00,146.69,147.17,146.22,146.35,18198.55
2026-08-27 12:40:00,146.35,146.53,145.68,145.93,28411.93
2026-08-27 12:45:00,145.93,146.79,145.67,146.56,18999.31
2026-08-27 12:50:00,146.56,146.9,146.24,146.32,55327.75
2026-08-27 12:55:00,146.32,147.49,146.28,147.21,66219.18
2026-08-27 13:00:00,147.21,147.62,146.71,146.91,40566.97
2026-08-27 13:05:00,146.91,146.92,146.45,146.86,17297.74
2026-08-27 13:10:00,146.86,147.31,146.14,146.22,1625.76
2026-08-27 13:15:00,146.22,146.72,146.17,146.34,2831.25
2026-08-27 13:20:00,146.34,147.01,146.31,146.71,14027.73
2026-08-27 13:25:00,146.71,146.89,146.55,146.84,4447.02
2026-08-27 13:30:00,146.84,146.9,146.25,146.55,14031.53
2026-08-27 13:35:00,146.55,146.91,146.46,146.85,6959.25
2026-08-27 13:40:00,146.85,147.29,146.73,146.94,123661.15
2026-08-27 13:45:00,146.94,147.03,146.8,146.99,128533.19
2026-08-27 13:50:00,146.99,147.98,146.95,147.48,6236.59
2026-08-27 13:55:00,147.48,147.92,147.43,147.64,189907.81
2026-08-27 14:00:00,147.64,147.8,147.46,147.66,97170.02
2026-08-27 14:05:00,147.66,148.16,147.18,147.22,3632.92
2026-08-27 14:10:00,147.22,147.68,147.08,147.49,35486.62
2026-08-27 14:15:00,147.49,147.91,147.23,147.86,28626.31
2026-08-27 14:20:00,147.86,148.55,147.79,148.35,42739.96
2026-08-27 14:25:00,148.35,148.85,147.98,148.12,62143.79
2026-08-27 14:30:00,148.12,148.29,147.91,148.25,78330.88
2026-08-27 14:35:00,148.25,148.68,148.16,148.29,119117.13
2026-08-27 14:40:00,148.29,148.65,148.25,148.6,115883.08
2026-08-27 14:45:00,148.6,148.91,148.36,148.46,621411.54
2026-08-27 14:50:00,148.46,149.05,147.94,148.03,508945.1
2026-08-27 14:55:00,148.03,148.1,147.58,147.79,59373.75
2026-08-27 15:00:00,147.79,148.08,147.4,147.56,30745.82
2026-08-27 15:05:00,147.56,148.03,147.1,147.76,20892.57
2026-08-27 15:10:00,147.76,148.37,147.32,147.38,65805.12
2026-08-27 15:15:00,147.38,147.4,146.67,146.73,86135.48
2026-08-27 15:20:00,146.73,146.87,146.54,146.62,60329.49
2026-08-27 15:25:00,146.62,146.62,146.21,146.29,66292.98
2026-08-27 15:30:00,146.29,146.73,145.53,145.55,12805.19
2026-08-27 15:35:00,145.55,145.77,145.17,145.67,4075.16
2026-08-27 15:40:00,145.67,146.05,145.66,145.72,96321.28
2026-08-27 15:45:00,145.72,146.04,145.17,145.98,158967.31
2026-08-27 15:50:00,145.98,146.43,145.94,146.24,96789.06
2026-08-27 15:55:00,146.24,146.81,146.16,146.78,40125.68
2026-08-27 16:00:00,146.78,146.87,146.06,146.53,21208.41
2026-08-27 16:05:00,146.53,147.4,146.3,147.15,71578.61
2026-08-27 16:10:00,147.15,147.25,146.15,146.67,114109.97
2026-08-27 16:15:00,146.67,146.76,146.52,146.72,21927.37
2026-08-27 16:20:00,146.72,147.08,146.3,146.3,34373.91
2026-08-27 16:25:00,146.3,146.43,146.17,146.3,12046.78
2026-08-27 16:30:00,146.3,146.48,145.55,145.95,41234.45
2026-08-27 16:35:00,145.95,146.37,145.46,145.63,44495.11
2026-08-27 16:40:00,145.63,146.02,145.13,145.95,57865.52
2026-08-27 16:45:00,145.95,147.04,145.8,146.44,8836.47
2026-08-27 16:50:00,146.44,146.58,146.12,146.3,52813.6
2026-08-27 16:55:00,146.3,146.43,145.92,146.06,26836.0
2026-08-27 17:00:00,146.06,146.11,145.06,145.47,4851.94
2026-08-27 17:05:00,145.47,145.75,145.11,145.62,388894.87
2026-08-27 17:10:00,145.62,146.08,145.23,146.07,12728.26
2026-08-27 17:15:00,146.07,146.48,146.04,146.18,38866.38
2026-08-27 17:20:00,146.18,146.49,145.26,145.51,31923.53
2026-08-27 17:25:00,145.51,145.86,145.1,145.73,286067.04
2026-08-27 17:30:00,145.73,146.89,145.67,146.64,88399.86
2026-08-27 17:35:00,146.64,147.66,146.49,147.27,37671.9
2026-08-27 17:40:00,147.27,147.8,147.17,147.53,68521.56
2026-08-27 17:45:00,147.53,147.65,147.25,147.32,26602.88
2026-08-27 17:50:00,147.32,147.92,147.16,147.43,57695.48
2026-08-27 17:55:00,147.43,148.25,147.4,148.22,6906.75
2026-08-27 18:00:00,148.22,149.0,148.12,148.61,86191.3
2026-08-27 18:05:00,148.61,148.97,148.32,148.46,167111.68
2026-08-27 18:10:00,148.46,148.79,148.33,148.51,180768.19
2026-08-27 18:15:00,148.51,148.82,148.13,148.15,12878.55
2026-08-27 18:20:00,148.15,148.32,147.56,147.63,1362.5
2026-08-27 18:25:00,147.63,148.4,147.36,148.23,6930.35
2026-08-27 18:30:00,148.23,148.48,147.47,147.58,62982.43
2026-08-27 18:35:00,147.58,148.13,147.12,147.59,35759.2
2026-08-27 18:40:00,147.59,148.04,147.58,147.72,11099.8
2026-08-27 18:45:00,147.72,147.85,147.33,147.43,66231.89
2026-08-27 18:50:00,147.43,147.52,147.05,147.15,129308.25
2026-08-27 18:55:00,147.15,147.41,146.78,147.0,14239.1
2026-08-27 19:00:00,147.0,147.45,146.97,147.14,1746.06
2026-08-27 19:05:00,147.14,147.42,146.08,146.26,2173.29
2026-08-27 19:10:00,146.26,146.32,145.89,145.94,30740.57
2026-08-27 19:15:00,145.94,146.09,145.28,145.36,12406.35
2026-08-27 19:20:00,145.36,145.57,144.7,144.88,91467.6
2026-08-27 19:25:00,144.88,144.99,144.75,144.85,65886.77
2026-08-27 19:30:00,144.85,145.3,144.35,145.16,141274.47
2026-08-27 19:35:00,145.16,145.6,145.1,145.6,84842.03
2026-08-27 19:40:00,145.6,145.88,145.29,145.77,151630.87
2026-08-27 19:45:00,145.77,146.38,145.62,146.12,36824.55
2026-08-27 19:50:00,146.12,146.96,145.92,146.42,15846.7
2026-08-27 19:55:00,146.42,147.25,146.1,146.99,13232.95
2026-08-27 20:00:00,146.99,147.63,146.69,147.1,188584.77
2026-08-27 20:05:00,147.1,147.62,146.84,147.5,2630.39
2026-08-27 20:10:00,147.5,148.16,147.44,148.11,77379.22
2026-08-27 20:15:00,148.11,148.85,148.02,148.52,156787.5
2026-08-27 20:20:00,148.52,149.28,148.02,149.03,79293.95
2026-08-27 20:25:00,149.03,149.16,148.59,148.86,50976.18
2026-08-27 20:30:00,148.86,149.19,148.45,148.5,168555.43
2026-08-27 20:35:00,148.5,148.75,147.86,147.96,50634.2
2026-08-27 20:40:00,147.96,148.19,147.51,147.64,85064.93
2026-08-27 20:45:00,147.64,147.93,147.23,147.27,132869.43
2026-08-27 20:50:00,147.27,147.38,147.12,147.37,22953.16
2026-08-27 20:55:00,147.37,147.58,146.74,146.75,28136.23
2026-08-27 21:00:00,146.75,146.95,146.65,146.75,140719.53
2026-08-27 21:05:00,146.75,146.85,146.07,146.36,138933.08
2026-08-27 21:10:00,146.36,146.46,145.82,146.12,307168.24
2026-08-27 21:15:00,146.12,146.3,145.92,146.28,45165.65
2026-08-27 21:20:00,146.28,146.44,145.98,146.32,17879.93
2026-08-27 21:25:00,146.32,146.48,145.87,146.14,27359.01
2026-08-27 21:30:00,146.14,146.57,145.98,146.13,76830.4
2026-08-27 21:35:00,146.13,146.16,145.86,145.92,21379.11
2026-08-27 21:40:00,145.92,145.97,145.53,145.61,5026.03
2026-08-27 21:45:00,145.61,146.26,144.14,144.55,76272.3
2026-08-27 21:50:00,144.55,144.64,144.22,144.34,3264.97
2026-08-27 21:55:00,144.34,144.79,144.25,144.55,2144.31
2026-08-27 22:00:00,144.55,144.71,143.76,144.07,12640.1
2026-08-27 22:05:00,144.07,144.36,144.01,144.07,5665.64
2026-08-27 22:10:00,144.07,144.08,143.6,143.84,1340.99
2026-08-27 22:15:00,143.84,143.97,142.88,143.34,69401.67
2026-08-27 22:20:00,143.34,143.62,142.73,143.49,126904.62
2026-08-27 22:25:00,143.49,143.54,142.93,143.07,73277.76
2026-08-27 22:30:00,143.07,143.62,142.78,143.49,120265.89
2026-08-27 22:35:00,143.49,143.88,143.12,143.79,191456.55
2026-08-27 22:40:00,143.79,144.03,143.62,143.91,19451.93
2026-08-27 22:45:00,143.91,144.29,143.31,144.21,407310.67
2026-08-27 22:50:00,144.21,144.66,144.11,144.66,3890.5
2026-08-27 22:55:00,144.66,144.84,144.65,144.68,46690.97
2026-08-27 23:00:00,144.68,145.23,144.67,145.11,105214.44
2026-08-27 23:05:00,145.11,145.56,144.31,144.48,24743.23
2026-08-27 23:10:00,144.48,144.65,144.46,144.47,13697.48
2026-08-27 23:15:00,144.47,144.76,144.35,144.7,121358.32
2026-08-27 23:20:00,144.7,145.13,144.16,145.03,629636.58
2026-08-27 23:25:00,145.03,145.31,144.95,145.31,70897.62
2026-08-27 23:30:00,145.31,145.75,144.96,145.64,4255.5
2026-08-27 23:35:00,145.64,145.9,145.38,145.51,155518.85
2026-08-27 23:40:00,145.51,145.88,145.51,145.73,86660.09
2026-08-27 23:45:00,145.73,145.81,145.73,145.79,158336.74
2026-08-27 23:50:00,145.79,145.93,145.69,145.93,5398.97
2026-08-27 23:55:00,145.93,146.06,145.16,145.33,10194.82
2026-08-28 00:00:00,145.33,145.46,144.97,145.03,441.95
2026-08-28 00:05:00,145.03,145.04,144.63,144.93,50138.87
2026-08-28 00:10:00,144.93,145.06,144.89,144.94,46587.08
2026-08-28 00:15:00,144.94,145.32,144.48,144.66,20450.02
2026-08-28 00:20:00,144.66,144.91,144.26,144.52,53496.59
2026-08-28 00:25:00,144.52,144.62,144.33,144.33,56248.83
2026-08-28 00:30:00,144.33,145.26,144.21,145.11,110354.9
2026-08-28 00:35:00,145.11,145.48,144.94,145.33,2304.62
2026-08-28 00:40:00,145.33,145.57,144.92,145.01,29882.4
2026-08-28 00:45:00,145.01,145.25,144.68,144.74,16426.6
2026-08-28 00:50:00,144.74,145.07,143.92,143.96,59701.08
2026-08-28 00:55:00,143.96,144.03,143.66,143.83,40062.87
2026-08-28 01:00:00,143.83,144.06,143.31,143.4,2803.3
2026-08-28 01:05:00,143.4,143.64,143.2,143.38,29878.58
2026-08-28 01:10:00,143.38,143.61,142.98,143.25,58642.51
2026-08-28 01:15:00,143.25,143.72,142.75,143.59,232777.21
2026-08-28 01:20:00,143.59,143.97,143.57,143.89,236216.45
2026-08-28 01:25:00,143.89,144.44,143.58,144.3,28239.58
2026-08-28 01:30:00,144.3,144.79,143.34,143.7,54476.79
2026-08-28 01:35:00,143.7,144.98,143.37,144.78,23330.0
2026-08-28 01:40:00,144.78,145.21,144.44,145.05,21539.78
2026-08-28 01:45:00,145.05,145.55,144.92,145.03,102153.72
2026-08-28 01:50:00,145.03,145.31,144.33,144.71,44500.63
2026-08-28 01:55:00,144.71,145.54,144.68,145.51,16049.9
2026-08-28 02:00:00,145.51,145.99,145.48,145.77,30604.07
2026-08-28 02:05:00,145.77,145.93,145.58,145.85,16200.25
2026-08-28 02:10:00,145.85,146.0,145.78,145.82,51554.83
2026-08-28 02:15:00,145.82,145.96,145.67,145.68,35242.05
2026-08-28 02:20:00,145.68,145.8,145.38,145.52,130072.81
2026-08-28 02:25:00,145.52,145.58,144.75,145.32,99216.29
2026-08-28 02:30:00,145.32,145.71,143.9,144.14,10813.47
2026-08-28 02:35:00,144.14,144.35,143.35,143.48,92344.7
2026-08-28 02:40:00,143.48,143.71,143.13,143.44,90558.84
2026-08-28 02:45:00,143.44,143.54,143.26,143.52,43584.61
2026-08-28 02:50:00,143.52,143.7,143.27,143.44,64708.14
2026-08-28 02:55:00,143.44,144.55,143.08,144.41,24843.13
2026-08-28 03:00:00,144.41,144.9,144.3,144.7,27380.24
2026-08-28 03:05:00,144.7,144.8,144.4,144.5,10374.6
2026-08-28 03:10:00,144.5,144.61,144.44,144.54,21932.35
2026-08-28 03:15:00,144.54,144.85,144.39,144.79,15704.48
2026-08-28 03:20:00,144.79,145.18,144.61,144.8,95142.61
2026-08-28 03:25:00,144.8,145.08,144.48,144.54,22079.58
2026-08-28 03:30:00,144.54,144.82,144.5,144.52,28445.2
2026-08-28 03:35:00,144.52,144.97,144.23,144.78,75915.94
2026-08-28 03:40:00,144.78,144.87,144.59,144.82,22791.5
2026-08-28 03:45:00,144.82,144.96,144.29,144.37,13219.1
2026-08-28 03:50:00,144.37,144.4,143.35,143.74,21241.27
2026-08-28 03:55:00,143.74,143.86,142.94,143.44,9950.44
2026-08-28 04:00:00,143.44,143.95,143.12,143.56,78240.02
2026-08-28 04:05:00,143.56,143.8,143.32,143.37,10054.34
2026-08-28 04:10:00,143.37,143.62,142.8,143.57,244777.9
2026-08-28 04:15:00,143.57,143.86,143.54,143.77,123419.48
2026-08-28 04:20:00,143.77,144.19,143.0,143.08,45896.25
2026-08-28 04:25:00,143.08,143.16,142.65,142.95,66140.41
2026-08-28 04:30:00,142.95,143.11,142.68,143.05,34719.78
2026-08-28 04:35:00,143.05,143.52,142.51,143.47,165212.89
2026-08-28 04:40:00,143.47,143.65,143.31,143.32,23370.77
2026-08-28 04:45:00,143.32,143.43,142.66,142.8,15774.93
2026-08-28 04:50:00,142.8,143.19,142.37,143.1,328283.2
2026-08-28 04:55:00,143.1,143.54,142.96,143.15,25609.54
2026-08-28 05:00:00,143.15,143.76,142.98,143.48,7092.37
2026-08-28 05:05:00,143.48,144.13,143.46,143.76,22975.62
2026-08-28 05:10:00,143.76,143.9,143.17,143.51,41602.29
2026-08-28 05:15:00,143.51,143.61,142.77,142.87,15931.95
2026-08-28 05:20:00,142.87,143.44,142.77,143.4,59467.94
2026-08-28 05:25:00,143.4,143.74,143.05,143.61,238510.92
2026-08-28 05:30:00,143.61,144.05,143.25,143.91,34714.48
2026-08-28 05:35:00,143.91,144.41,143.87,144.35,94085.52
2026-08-28 05:40:00,144.35,144.55,143.97,144.04,275119.04
2026-08-28 05:45:00,144.04,144.6,144.0,144.33,1501.61
2026-08-28 05:50:00,144.33,144.76,144.29,144.33,23467.69
2026-08-28 05:55:00,144.33,144.36,143.6,143.68,37125.64
2026-08-28 06:00:00,143.68,144.17,143.39,144.02,22461.94
2026-08-28 06:05:00,144.02,144.52,143.93,144.37,40377.59
2026-08-28 06:10:00,144.37,144.59,144.15,144.48,13156.63
2026-08-28 06:15:00,144.48,144.53,144.15,144.33,67608.6
2026-08-28 06:20:00,144.33,144.38,143.86,143.96,58380.11
2026-08-28 06:25:00,143.96,144.41,143.8,144.22,169976.43
2026-08-28 06:30:00,144.22,144.48,144.07,144.2,37019.17
2026-08-28 06:35:00,144.2,144.74,143.95,144.11,21164.1
2026-08-28 06:40:00,144.11,144.31,143.66,143.92,20514.8
2026-08-28 06:45:00,143.92,143.98,143.54,143.6,66380.38
2026-08-28 06:50:00,143.6,143.72,143.34,143.55,368600.09
2026-08-28 06:55:00,143.55,143.75,143.27,143.61,59766.59
2026-08-28 07:00:00,143.61,144.38,143.44,143.91,26515.87
2026-08-28 07:05:00,143.91,143.99,143.7,143.75,10400.64
2026-08-28 07:10:00,143.75,144.08,143.52,143.96,256000.24
2026-08-28 07:15:00,143.96,144.05,143.76,143.87,139357.6
2026-08-28 07:20:00,143.87,144.35,143.81,144.09,34336.46
2026-08-28 07:25:00,144.09,144.47,143.75,143.93,58960.82
2026-08-28 07:30:00,143.93,144.39,143.86,144.23,133879.6
2026-08-28 07:35:00,144.23,144.91,144.07,144.81,35329.24
2026-08-28 07:40:00,144.81,145.14,144.57,144.88,21895.05
2026-08-28 07:45:00,144.88,145.63,144.84,145.44,10859.2
2026-08-28 07:50:00,145.44,145.71,145.06,145.13,112931.58
2026-08-28 07:55:00,145.13,145.6,144.7,144.77,387244.37
2026-08-28 08:00:00,144.77,145.36,144.46,144.51,304774.4
2026-08-28 08:05:00,144.51,144.6,143.69,143.75,6230.4
2026-08-28 08:10:00,143.75,143.96,143.37,143.67,41645.88
2026-08-28 08:15:00,143.67,144.28,143.42,144.07,6722.93
2026-08-28 08:20:00,144.07,144.43,143.93,144.05,52870.16
2026-08-28 08:25:00,144.05,145.07,143.95,144.86,28115.75
2026-08-28 08:30:00,144.86,145.1,144.51,144.58,74849.88
2026-08-28 08:35:00,144.58,145.22,144.25,144.37,123304.82
2026-08-28 08:40:00,144.37,144.59,144.08,144.11,16874.62
2026-08-28 08:45:00,144.11,144.25,143.78,143.95,103636.37
2026-08-28 08:50:00,143.95,143.96,143.81,143.95,34862.65
2026-08-28 08:55:00,143.95,144.21,143.94,144.18,27005.79
2026-08-28 09:00:00,144.18,144.23,144.04,144.11,26835.76
2026-08-28 09:05:00,144.11,144.75,143.66,144.53,11359.57
2026-08-28 09:10:00,144.53,144.78,143.73,143.75,6615.75
2026-08-28 09:15:00,143.75,144.43,143.51,144.28,79087.8
2026-08-28 09:20:00,144.28,144.49,143.96,144.24,10241.65
2026-08-28 09:25:00,144.24,144.64,143.93,144.55,309.01
2026-08-28 09:30:00,144.55,145.14,144.0,144.13,608530.21
2026-08-28 09:35:00,144.13,144.24,144.05,144.22,53596.69
2026-08-28 09:40:00,144.22,144.57,143.92,144.4,89533.64
2026-08-28 09:45:00,144.4,144.63,144.33,144.54,250775.45
2026-08-28 09:50:00,144.54,145.09,144.26,144.34,72211.68
2026-08-28 09:55:00,144.34,144.49,144.29,144.36,44280.41
2026-08-28 10:00:00,144.36,145.07,144.23,144.78,26993.42
2026-08-28 10:05:00,144.78,144.83,144.7,144.76,32802.16
2026-08-28 10:10:00,144.76,144.83,144.55,144.72,78691.73
2026-08-28 10:15:00,144.72,144.83,144.18,144.54,213290.66
2026-08-28 10:20:00,144.54,144.88,144.41,144.86,3790.29
2026-08-28 10:25:00,144.86,144.9,144.03,144.25,6502.27
2026-08-28 10:30:00,144.25,144.68,144.01,144.63,1763.65
2026-08-28 10:35:00,144.63,145.2,144.48,144.84,122366.48
2026-08-28 10:40:00,144.84,145.29,144.83,144.96,10519.57
2026-08-28 10:45:00,144.96,145.02,144.66,144.87,159493.3
2026-08-28 10:50:00,144.87,145.22,144.37,144.51,358977.59
2026-08-28 10:55:00,144.51,144.59,143.92,144.28,65889.19
2026-08-28 11:00:00,144.28,144.57,143.74,143.88,8342.57
2026-08-28 11:05:00,143.88,144.11,143.59,143.66,21032.86
2026-08-28 11:10:00,143.66,144.13,142.22,142.37,11352.8
2026-08-28 11:15:00,142.37,142.75,141.86,142.01,27462.2
2026-08-28 11:20:00,142.01,142.62,141.97,142.5,43346.7
2026-08-28 11:25:00,142.5,142.99,142.04,142.87,404985.19
2026-08-28 11:30:00,142.87,143.36,142.82,143.01,151770.51
2026-08-28 11:35:00,143.01,143.2,142.51,142.69,39474.25
2026-08-28 11:40:00,142.69,142.87,142.45,142.65,16331.41
2026-08-28 11:45:00,142.65,143.22,142.03,142.7,34229.32
2026-08-28 11:50:00,142.7,143.01,142.58,143.0,1266.53
2026-08-28 11:55:00,143.0,143.2,142.9,143.04,80954.85
2026-08-28 12:00:00,143.04,143.44,142.91,143.12,21128.41
2026-08-28 12:05:00,143.12,143.45,143.08,143.28,46962.2
2026-08-28 12:10:00,143.28,143.46,142.57,142.69,35149.75
2026-08-28 12:15:00,142.69,143.02,142.59,142.69,11517.37
2026-08-28 12:20:00,142.69,142.72,142.21,142.21,215562.04
2026-08-28 12:25:00,142.21,142.57,142.2,142.49,109590.67
2026-08-28 12:30:00,142.49,142.82,142.04,142.33,122165.59
2026-08-28 12:35:00,142.33,142.56,141.6,141.73,55664.18
2026-08-28 12:40:00,141.73,142.27,141.11,142.14,326237.96
2026-08-28 12:45:00,142.14,142.18,141.94,142.13,16041.41
2026-08-28 12:50:00,142.13,142.4,141.4,141.53,11328.23
2026-08-28 12:55:00,141.53,141.7,140.99,141.25,5879.39
2026-08-28 13:00:00,141.25,141.47,140.97,141.37,32472.23
2026-08-28 13:05:00,141.37,141.38,140.98,141.19,77174.33
2026-08-28 13:10:00,141.19,141.6,141.12,141.47,6298.06
2026-08-28 13:15:00,141.47,142.72,141.28,142.31,66068.41
2026-08-28 13:20:00,142.31,142.88,142.19,142.64,16522.18
2026-08-28 13:25:00,142.64,142.94,142.43,142.72,48577.42
2026-08-28 13:30:00,142.72,143.73,142.71,143.44,28226.08
2026-08-28 13:35:00,143.44,143.52,142.26,142.89,75770.39
2026-08-28 13:40:00,142.89,143.05,142.38,142.43,41349.5
2026-08-28 13:45:00,142.43,142.49,141.84,141.94,118374.19
2026-08-28 13:50:00,141.94,142.13,141.58,141.6,3575.18
2026-08-28 13:55:00,141.6,142.14,141.05,142.02,575527.4
2026-08-28 14:00:00,142.02,142.34,141.56,141.87,199602.98
2026-08-28 14:05:00,141.87,142.32,141.42,142.23,340464.84
2026-08-28 14:10:00,142.23,142.83,141.89,142.59,20727.31
2026-08-28 14:15:00,142.59,142.86,142.5,142.54,4744.25
2026-08-28 14:20:00,142.54,142.69,141.63,141.8,89593.88
2026-08-28 14:25:00,141.8,142.04,141.57,141.94,250454.59
2026-08-28 14:30:00,141.94,142.22,141.46,142.16,96565.33
2026-08-28 14:35:00,142.16,142.21,141.78,141.91,9998.22
2026-08-28 14:40:00,141.91,142.21,141.57,142.11,185314.4
2026-08-28 14:45:00,142.11,142.37,141.68,142.28,44552.14
2026-08-28 14:50:00,142.28,142.35,141.67,141.87,13268.97
2026-08-28 14:55:00,141.87,141.97,141.69,141.89,70815.56
2026-08-28 15:00:00,141.89,142.43,141.87,142.34,104073.19
2026-08-28 15:05:00,142.34,142.48,141.86,142.14,178033.35
2026-08-28 15:10:00,142.14,142.66,141.84,142.54,347260.27
2026-08-28 15:15:00,142.54,142.78,142.44,142.58,160477.49
2026-08-28 15:20:00,142.58,143.14,142.42,142.93,2385.91
2026-08-28 15:25:00,142.93,143.05,142.52,142.64,21720.91
2026-08-28 15:30:00,142.64,142.8,141.66,141.77,21545.02
2026-08-28 15:35:00,141.77,142.62,141.72,142.5,7562.08
2026-08-28 15:40:00,142.5,142.59,141.85,142.02,51481.67
2026-08-28 15:45:00,142.02,142.13,141.96,142.05,323786.82
2026-08-28 15:50:00,142.05,142.25,141.67,141.86,14707.14
2026-08-28 15:55:00,141.86,142.21,141.54,142.09,41507.98
2026-08-28 16:00:00,142.09,142.35,141.72,141.91,31875.75
2026-08-28 16:05:00,141.91,142.21,141.71,142.21,15113.7
2026-08-28 16:10:00,142.21,142.48,141.89,142.32,4757.62
2026-08-28 16:15:00,142.32,143.19,142.03,142.9,230994.67
2026-08-28 16:20:00,142.9,143.37,142.86,143.25,76721.77
2026-08-28 16:25:00,143.25,143.29,143.21,143.22,127881.28
2026-08-28 16:30:00,143.22,143.43,142.24,142.41,15416.98
2026-08-28 16:35:00,142.41,142.69,142.37,142.55,15747.98
2026-08-28 16:40:00,142.55,142.7,141.87,142.02,88390.76
2026-08-28 16:45:00,142.02,142.34,141.96,142.02,95430.08
2026-08-28 16:50:00,142.02,142.73,142.02,142.59,34315.95
2026-08-28 16:55:00,142.59,142.74,142.39,142.4,20099.17
2026-08-28 17:00:00,142.4,142.78,142.06,142.54,15679.81
2026-08-28 17:05:00,142.54,142.55,141.94,142.21,64191.13
2026-08-28 17:10:00,142.21,142.44,141.67,141.7,7211.96
2026-08-28 17:15:00,141.7,141.89,141.57,141.72,114041.62
2026-08-28 17:20:00,141.72,141.84,141.54,141.83,24645.29
2026-08-28 17:25:00,141.83,142.01,141.59,141.96,12532.32
2026-08-28 17:30:00,141.96,143.0,141.53,142.71,272363.74
2026-08-28 17:35:00,142.71,143.29,142.37,142.99,9221.8
2026-08-28 17:40:00,142.99,143.72,142.86,143.38,43711.87
2026-08-28 17:45:00,143.38,143.4,142.97,143.3,12893.26
2026-08-28 17:50:00,143.3,143.56,142.9,142.91,72122.05
2026-08-28 17:55:00,142.91,143.6,142.85,143.54,22865.86
2026-08-28 18:00:00,143.54,144.1,143.19,143.89,2915.97
2026-08-28 18:05:00,143.89,144.34,143.65,144.11,161167.78
2026-08-28 18:10:00,144.11,144.35,143.88,143.95,79086.18
2026-08-28 18:15:00,143.95,143.98,143.94,143.94,123514.25
2026-08-28 18:20:00,143.94,144.71,143.78,144.45,104439.73
2026-08-28 18:25:00,144.45,144.61,144.12,144.55,15870.93
2026-08-28 18:30:00,144.55,144.97,144.15,144.63,68320.45
2026-08-28 18:35:00,144.63,144.71,144.04,144.38,44944.95
2026-08-28 18:40:00,144.38,144.59,144.05,144.09,51010.91
2026-08-28 18:45:00,144.09,144.49,143.67,143.79,329120.79
2026-08-28 18:50:00,143.79,144.22,143.77,143.86,35760.87
2026-08-28 18:55:00,143.86,144.28,143.46,143.53,68697.63
2026-08-28 19:00:00,143.53,143.79,143.41,143.75,124678.16
2026-08-28 19:05:00,143.75,144.17,143.69,144.06,56076.54
2026-08-28 19:10:00,144.06,144.25,143.46,143.77,15932.38
2026-08-28 19:15:00,143.77,144.01,143.51,143.9,43161.93
2026-08-28 19:20:00,143.9,144.55,143.44,144.46,8614.97
2026-08-28 19:25:00,144.46,144.63,144.1,144.47,89358.13
2026-08-28 19:30:00,144.47,145.77,143.94,145.42,95870.96
2026-08-28 19:35:00,145.42,145.5,144.99,145.07,62621.68
2026-08-28 19:40:00,145.07,145.41,144.48,144.71,75312.62
2026-08-28 19:45:00,144.71,145.04,144.35,144.57,79779.69
2026-08-28 19:50:00,144.57,145.06,144.48,144.72,18344.93
2026-08-28 19:55:00,144.72,145.03,144.39,144.53,27988.93
2026-08-28 20:00:00,144.53,144.83,144.51,144.6,13403.44
2026-08-28 20:05:00,144.6,144.81,144.44,144.81,38504.98
2026-08-28 20:10:00,144.81,144.87,144.24,144.52,56260.22
2026-08-28 20:15:00,144.52,144.92,144.41,144.58,14272.77
2026-08-28 20:20:00,144.58,145.32,144.28,145.29,32550.82
2026-08-28 20:25:00,145.29,145.42,144.63,144.87,846.01
2026-08-28 20:30:00,144.87,145.34,144.59,144.75,7147.43
2026-08-28 20:35:00,144.75,144.76,143.97,144.21,131705.27
2026-08-28 20:40:00,144.21,144.36,143.97,144.13,25424.04
2026-08-28 20:45:00,144.13,144.96,143.85,144.93,12127.75
2026-08-28 20:50:00,144.93,145.05,144.08,144.24,37109.89
2026-08-28 20:55:00,144.24,145.1,144.2,144.81,6434.86
2026-08-28 21:00:00,144.81,144.95,144.8,144.91,36330.5
2026-08-28 21:05:00,144.91,145.44,144.73,145.28,5656.31
2026-08-28 21:10:00,145.28,145.73,145.11,145.7,10954.04
2026-08-28 21:15:00,145.7,145.81,145.41,145.69,23048.99
2026-08-28 21:20:00,145.69,146.17,145.24,145.37,16506.47
2026-08-28 21:25:00,145.37,145.58,145.01,145.22,4764.26
2026-08-28 21:30:00,145.22,145.83,144.83,144.9,539713.94
2026-08-28 21:35:00,144.9,145.2,144.17,144.35,100166.62
2026-08-28 21:40:00,144.35,144.61,144.31,144.42,83489.69
2026-08-28 21:45:00,144.42,144.77,144.3,144.39,288444.14
2026-08-28 21:50:00,144.39,144.56,144.25,144.43,5107.51
2026-08-28 21:55:00,144.43,144.57,144.31,144.57,88019.25
2026-08-28 22:00:00,144.57,144.7,144.41,144.59,66543.58
2026-08-28 22:05:00,144.59,144.87,143.79,144.09,93914.73
2026-08-28 22:10:00,144.09,144.77,144.04,144.66,24924.3
2026-08-28 22:15:00,144.66,144.82,144.33,144.54,45926.26
2026-08-28 22:20:00,144.54,144.62,144.21,144.3,23023.48
2026-08-28 22:25:00,144.3,144.39,143.94,144.26,91937.83
2026-08-28 22:30:00,144.26,144.46,143.76,143.83,23749.99
2026-08-28 22:35:00,143.83,144.25,143.32,143.59,93.09
2026-08-28 22:40:00,143.59,143.64,142.69,143.06,1839.26
2026-08-28 22:45:00,143.06,143.33,142.99,143.26,6987.09
2026-08-28 22:50:00,143.26,143.43,143.13,143.29,94384.53
2026-08-28 22:55:00,143.29,143.7,143.28,143.43,26413.92
2026-08-28 23:00:00,143.43,143.48,143.03,143.47,4923.0
2026-08-28 23:05:00,143.47,144.08,143.32,143.95,108785.82
2026-08-28 23:10:00,143.95,144.27,143.56,143.85,21090.02
2026-08-28 23:15:00,143.85,143.94,142.89,143.18,31923.93
2026-08-28 23:20:00,143.18,143.5,143.03,143.11,5816.22
2026-08-28 23:25:00,143.11,143.3,143.01,143.16,398130.18
2026-08-28 23:30:00,143.16,143.24,142.84,143.15,9345.64
2026-08-28 23:35:00,143.15,143.32,143.05,143.26,14186.91
2026-08-28 23:40:00,143.26,143.36,142.38,142.44,10292.54
2026-08-28 23:45:00,142.44,142.92,141.88,142.84,43867.88
2026-08-28 23:50:00,142.84,142.97,142.73,142.82,29830.81
2026-08-28 23:55:00,142.82,142.92,142.14,142.52,24610.23
2026-08-29 00:00:00,142.52,142.8,142.27,142.7,260154.48
2026-08-29 00:05:00,142.7,143.01,142.03,142.19,17179.88
2026-08-29 00:10:00,142.19,142.85,142.15,142.78,23913.08
2026-08-29 00:15:00,142.78,142.93,142.48,142.54,18574.08
2026-08-29 00:20:00,142.54,142.91,141.92,142.83,164164.46
2026-08-29 00:25:00,142.83,143.04,142.52,142.89,4254.57
2026-08-29 00:30:00,142.89,142.97,142.35,142.88,30919.48
2026-08-29 00:35:00,142.88,143.49,142.86,143.21,52703.12
2026-08-29 00:40:00,143.21,143.55,142.6,143.49,209438.43
2026-08-29 00:45:00,143.49,144.07,143.38,143.91,9179.31
2026-08-29 00:50:00,143.91,144.23,143.91,143.99,14032.13
2026-08-29 00:55:00,143.99,144.18,143.72,143.83,60089.19
2026-08-29 01:00:00,143.83,144.13,143.67,144.06,77511.35
2026-08-29 01:05:00,144.06,144.15,143.52,143.83,103132.22
2026-08-29 01:10:00,143.83,144.12,143.49,143.51,422.99
2026-08-29 01:15:00,143.51,143.99,143.35,143.92,18180.03
2026-08-29 01:20:00,143.92,144.42,143.87,144.38,176067.9
2026-08-29 01:25:00,144.38,144.39,143.82,144.11,23708.27
2026-08-29 01:30:00,144.11,144.18,144.04,144.04,23753.4
2026-08-29 01:35:00,144.04,144.36,143.88,144.34,267885.47
2026-08-29 01:40:00,144.34,144.37,143.58,143.72,148652.32
2026-08-29 01:45:00,143.72,143.88,142.96,143.16,5312.95
2026-08-29 01:50:00,143.16,143.41,143.07,143.34,605.93
2026-08-29 01:55:00,143.34,143.54,143.28,143.48,30147.31
2026-08-29 02:00:00,143.48,143.77,143.35,143.65,174823.32
2026-08-29 02:05:00,143.65,143.92,143.04,143.21,2380.85
2026-08-29 02:10:00,143.21,143.98,143.06,143.62,81772.26
2026-08-29 02:15:00,143.62,143.76,142.98,143.32,13166.39
2026-08-29 02:20:00,143.32,143.68,143.28,143.52,45291.61
2026-08-29 02:25:00,143.52,144.36,143.49,143.84,150903.88
2026-08-29 02:30:00,143.84,144.03,143.59,143.76,15554.19
2026-08-29 02:35:00,143.76,143.92,143.44,143.73,40305.87
2026-08-29 02:40:00,143.73,144.07,143.62,144.0,14339.9
2026-08-29 02:45:00,144.0,144.21,143.06,143.09,23058.43
2026-08-29 02:50:00,143.09,143.2,142.75,143.04,15264.99
2026-08-29 02:55:00,143.04,143.55,142.5,143.45,292143.91
2026-08-29 03:00:00,143.45,143.5,142.89,142.98,28011.93
2026-08-29 03:05:00,142.98,143.21,142.84,142.95,18344.75
2026-08-29 03:10:00,142.95,143.53,142.69,143.16,26791.68
2026-08-29 03:15:00,143.16,143.46,142.83,143.4,719782.78
2026-08-29 03:20:00,143.4,143.51,142.76,143.08,17443.75
2026-08-29 03:25:00,143.08,143.17,142.83,143.04,22325.11
2026-08-29 03:30:00,143.04,143.35,143.02,143.13,147393.4
2026-08-29 03:35:00,143.13,143.51,142.81,143.07,7559.0
2026-08-29 03:40:00,143.07,143.07,142.84,143.02,9225.75
2026-08-29 03:45:00,143.02,143.15,142.66,142.7,147981.0
2026-08-29 03:50:00,142.7,142.91,141.69,141.97,226217.21
2026-08-29 03:55:00,141.97,142.37,141.53,142.3,60054.03
2026-08-29 04:00:00,142.3,142.47,142.08,142.19,194828.44
2026-08-29 04:05:00,142.19,142.25,141.94,142.11,38872.6
2026-08-29 04:10:00,142.11,142.46,142.08,142.14,158183.41
2026-08-29 04:15:00,142.14,142.36,141.95,142.08,52205.22
2026-08-29 04:20:00,142.08,142.43,142.0,142.26,55449.08
2026-08-29 04:25:00,142.26,142.53,142.05,142.38,13904.71
2026-08-29 04:30:00,142.38,142.6,141.82,142.11,96965.08
2026-08-29 04:35:00,142.11,142.6,141.76,142.46,105076.0
2026-08-29 04:40:00,142.46,142.64,142.2,142.42,94648.38
2026-08-29 04:45:00,142.42,142.68,142.08,142.58,489002.22
2026-08-29 04:50:00,142.58,142.91,142.04,142.15,59579.68
2026-08-29 04:55:00,142.15,142.26,141.8,142.01,51755.1
2026-08-29 05:00:00,142.01,142.39,141.93,142.22,149971.26
2026-08-29 05:05:00,142.22,142.36,142.0,142.22,32094.21
2026-08-29 05:10:00,142.22,142.67,142.21,142.55,92916.85
2026-08-29 05:15:00,142.55,143.27,142.11,143.2,13450.05
2026-08-29 05:20:00,143.2,143.9,142.91,143.48,14525.29
2026-08-29 05:25:00,143.48,144.31,143.16,143.86,46703.59
2026-08-29 05:30:00,143.86,144.08,143.44,143.54,16324.78
2026-08-29 05:35:00,143.54,144.25,143.51,143.78,49397.71
2026-08-29 05:40:00,143.78,143.86,143.44,143.58,7856.31
2026-08-29 05:45:00,143.58,144.23,143.53,143.86,20591.25
2026-08-29 05:50:00,143.86,144.54,143.72,144.28,26140.83
2026-08-29 05:55:00,144.28,144.3,143.87,144.18,55642.96
2026-08-29 06:00:00,144.18,144.45,143.96,144.17,143904.08
2026-08-29 06:05:00,144.17,144.62,143.91,144.0,111464.76
2026-08-29 06:10:00,144.0,144.09,143.35,143.38,128355.29
2026-08-29 06:15:00,143.38,143.78,143.11,143.64,7091.38
2026-08-29 06:20:00,143.64,143.78,143.56,143.65,29282.46
2026-08-29 06:25:00,143.65,143.76,143.38,143.53,40907.87
2026-08-29 06:30:00,143.53,143.91,143.35,143.86,34077.36
2026-08-29 06:35:00,143.86,144.42,143.65,144.36,6809.67
2026-08-29 06:40:00,144.36,145.3,144.28,144.99,9940.03
2026-08-29 06:45:00,144.99,145.13,144.6,144.79,18209.33
2026-08-29 06:50:00,144.79,144.8,144.24,144.26,46001.67
2026-08-29 06:55:00,144.26,144.43,143.8,143.99,147343.5
2026-08-29 07:00:00,143.99,144.22,143.67,143.8,41393.09
2026-08-29 07:05:00,143.8,144.44,143.58,144.28,21805.02
2026-08-29 07:10:00,144.28,144.63,144.17,144.61,65252.7
2026-08-29 07:15:00,144.61,144.83,144.18,144.27,38645.36
2026-08-29 07:20:00,144.27,144.58,144.18,144.43,72201.51
2026-08-29 07:25:00,144.43,144.46,144.02,144.03,59787.24
2026-08-29 07:30:00,144.03,144.12,143.57,143.7,173845.65
2026-08-29 07:35:00,143.7,144.06,142.98,143.04,44343.88
2026-08-29 07:40:00,143.04,143.15,142.07,142.14,8187.66
2026-08-29 07:45:00,142.14,142.47,141.54,142.34,412130.01
2026-08-29 07:50:00,142.34,142.34,141.84,141.96,865.42
2026-08-29 07:55:00,141.96,142.53,141.82,142.29,16141.87
2026-08-29 08:00:00,142.29,142.37,141.94,141.96,215817.69
2026-08-29 08:05:00,141.96,142.18,141.72,141.84,11383.08
2026-08-29 08:10:00,141.84,142.45,141.65,142.39,13838.15
2026-08-29 08:15:00,142.39,142.54,141.62,141.81,15121.15
2026-08-29 08:20:00,141.81,142.17,141.27,142.04,75536.9
2026-08-29 08:25:00,142.04,142.58,141.46,142.45,130115.98
2026-08-29 08:30:00,142.45,142.52,141.96,142.32,51678.93
2026-08-29 08:35:00,142.32,142.65,142.25,142.55,80005.91
2026-08-29 08:40:00,142.55,142.6,142.44,142.46,65946.27
2026-08-29 08:45:00,142.46,143.42,142.04,143.25,9633.84
2026-08-29 08:50:00,143.25,143.85,143.23,143.47,51945.22
2026-08-29 08:55:00,143.47,143.85,143.42,143.74,19742.14
2026-08-29 09:00:00,143.74,143.98,143.68,143.89,69209.02
2026-08-29 09:05:00,143.89,145.13,143.8,145.08,24799.18
2026-08-29 09:10:00,145.08,145.44,144.67,145.01,151321.01
2026-08-29 09:15:00,145.01,145.03,144.81,144.92,84396.32
2026-08-29 09:20:00,144.92,145.16,144.72,144.73,177842.89
2026-08-29 09:25:00,144.73,144.88,144.64,144.79,8181.06
2026-08-29 09:30:00,144.79,145.07,144.47,144.52,301778.43
2026-08-29 09:35:00,144.52,144.9,144.47,144.88,42160.82
2026-08-29 09:40:00,144.88,145.12,144.7,145.07,71345.12
2026-08-29 09:45:00,145.07,145.32,144.99,145.18,57830.99
2026-08-29 09:50:00,145.18,145.47,144.82,144.88,139256.48
2026-08-29 09:55:00,144.88,145.8,144.28,145.63,17272.08
2026-08-29 10:00:00,145.63,145.95,145.18,145.28,98746.66
2026-08-29 10:05:00,145.28,145.54,144.95,145.01,97234.85
2026-08-29 10:10:00,145.01,145.59,144.7,144.79,16298.38
2026-08-29 10:15:00,144.79,145.99,144.61,145.69,14559.73
2026-08-29 10:20:00,145.69,146.22,145.45,145.86,67912.37
2026-08-29 10:25:00,145.86,146.35,145.54,145.65,156693.61
2026-08-29 10:30:00,145.65,145.85,145.56,145.73,10323.7
2026-08-29 10:35:00,145.73,146.32,145.62,145.98,42957.27
2026-08-29 10:40:00,145.98,146.21,145.75,145.86,135392.18
2026-08-29 10:45:00,145.86,145.86,145.24,145.55,66.68
2026-08-29 10:50:00,145.55,145.68,144.77,145.04,48712.22
2026-08-29 10:55:00,145.04,145.22,145.0,145.16,20935.96
2026-08-29 11:00:00,145.16,145.55,144.84,144.95,193849.71
2026-08-29 11:05:00,144.95,145.38,144.76,145.3,85429.83
2026-08-29 11:10:00,145.3,145.74,144.15,144.33,151221.12
2026-08-29 11:15:00,144.33,144.61,143.82,143.96,63540.32
2026-08-29 11:20:00,143.96,144.5,143.41,144.23,135942.72
2026-08-29 11:25:00,144.23,144.35,144.16,144.18,71213.22
2026-08-29 11:30:00,144.18,144.35,143.66,143.67,89213.09
2026-08-29 11:35:00,143.67,144.11,143.5,143.9,26295.43
2026-08-29 11:40:00,143.9,143.9,143.73,143.8,232558.71
2026-08-29 11:45:00,143.8,144.64,143.67,144.54,27045.26
2026-08-29 11:50:00,144.54,144.57,144.2,144.4,35384.69
2026-08-29 11:55:00,144.4,145.07,144.37,144.81,73135.71
2026-08-29 12:00:00,144.81,144.92,143.95,144.16,12422.64
2026-08-29 12:05:00,144.16,144.39,144.05,144.34,11570.32
2026-08-29 12:10:00,144.34,144.35,143.96,144.06,36112.49
2026-08-29 12:15:00,144.06,144.14,143.34,143.45,89708.98
2026-08-29 12:20:00,143.45,143.5,143.26,143.32,56052.84
2026-08-29 12:25:00,143.32,143.43,142.47,142.97,37166.03
2026-08-29 12:30:00,142.97,143.46,142.43,142.53,7765.09
2026-08-29 12:35:00,142.53,143.02,142.14,142.96,17608.24
2026-08-29 12:40:00,142.96,143.25,142.28,142.44,17442.81
2026-08-29 12:45:00,142.44,142.47,141.85,142.16,81758.27
2026-08-29 12:50:00,142.16,142.8,141.74,142.41,23528.12
2026-08-29 12:55:00,142.41,142.44,142.13,142.29,200984.55
2026-08-29 13:00:00,142.29,142.29,141.75,141.94,24585.79
2026-08-29 13:05:00,141.94,142.1,141.58,141.73,51363.23
2026-08-29 13:10:00,141.73,141.99,141.6,141.97,183596.9
2026-08-29 13:15:00,141.97,142.32,141.41,141.66,292557.14
2026-08-29 13:20:00,141.66,141.74,141.23,141.37,11931.17
2026-08-29 13:25:00,141.37,141.66,140.75,141.52,73513.28
2026-08-29 13:30:00,141.52,141.82,141.28,141.74,64599.04
2026-08-29 13:35:00,141.74,142.09,141.34,142.05,242392.09
2026-08-29 13:40:00,142.05,142.67,141.76,142.34,74481.83
2026-08-29 13:45:00,142.34,143.17,142.26,142.54,1660.73
2026-08-29 13:50:00,142.54,142.8,141.82,142.08,101288.37
2026-08-29 13:55:00,142.08,142.58,141.82,142.45,81181.87
2026-08-29 14:00:00,142.45,142.85,142.44,142.68,1342.93
2026-08-29 14:05:00,142.68,143.44,142.61,143.32,139935.53
2026-08-29 14:10:00,143.32,143.75,143.26,143.61,143960.27
2026-08-29 14:15:00,143.61,143.81,143.51,143.7,6078.49
2026-08-29 14:20:00,143.7,143.9,143.36,143.53,62683.53
2026-08-29 14:25:00,143.53,143.61,142.97,143.0,179563.77
2026-08-29 14:30:00,143.0,143.25,142.55,142.75,17419.29
2026-08-29 14:35:00,142.75,142.86,142.74,142.85,39855.94
2026-08-29 14:40:00,142.85,143.06,142.6,142.84,267811.76
2026-08-29 14:45:00,142.84,143.05,142.62,142.97,89256.2
2026-08-29 14:50:00,142.97,143.06,142.47,142.82,25487.73
2026-08-29 14:55:00,142.82,143.37,142.72,143.26,88740.9
2026-08-29 15:00:00,143.26,143.48,142.92,142.96,6136.67
2026-08-29 15:05:00,142.96,143.26,142.95,143.11,83292.45
2026-08-29 15:10:00,143.11,143.39,142.83,142.98,47942.04
2026-08-29 15:15:00,142.98,143.02,142.56,142.59,42480.93
2026-08-29 15:20:00,142.59,142.59,142.53,142.55,54797.96
2026-08-29 15:25:00,142.55,143.34,142.47,143.08,93923.44
2026-08-29 15:30:00,143.08,143.5,142.96,143.19,15657.74
2026-08-29 15:35:00,143.19,143.37,142.38,142.57,18964.91
2026-08-29 15:40:00,142.57,143.13,142.22,142.99,94332.33
2026-08-29 15:45:00,142.99,143.71,142.8,143.65,53300.78
2026-08-29 15:50:00,143.65,144.09,143.62,143.83,91100.08
2026-08-29 15:55:00,143.83,144.89,143.65,144.61,52786.88
2026-08-29 16:00:00,144.61,144.93,144.31,144.4,119436.8
2026-08-29 16:05:00,144.4,144.43,144.16,144.33,28801.45
2026-08-29 16:10:00,144.33,144.61,143.99,144.5,45544.7
2026-08-29 16:15:00,144.5,144.66,143.73,143.87,73594.98
2026-08-29 16:20:00,143.87,144.1,143.64,143.68,61321.79
2026-08-29 16:25:00,143.68,143.82,143.58,143.78,128215.06
2026-08-29 16:30:00,143.78,143.98,143.23,143.62,43836.53
2026-08-29 16:35:00,143.62,143.92,143.52,143.55,13376.44
2026-08-29 16:40:00,143.55,144.07,143.1,143.29,5573.58
2026-08-29 16:45:00,143.29,143.56,143.22,143.56,130959.55
2026-08-29 16:50:00,143.56,144.46,143.5,144.09,273253.99
2026-08-29 16:55:00,144.09,144.36,143.2,143.38,101251.77
2026-08-29 17:00:00,143.38,143.54,142.8,142.93,63624.42
2026-08-29 17:05:00,142.93,143.18,142.62,143.05,144356.07
2026-08-29 17:10:00,143.05,143.16,142.85,143.03,11629.35
2026-08-29 17:15:00,143.03,143.35,142.45,142.51,40313.5
2026-08-29 17:20:00,142.51,142.52,142.33,142.51,50812.98
2026-08-29 17:25:00,142.51,142.75,142.35,142.69,21446.3
2026-08-29 17:30:00,142.69,142.73,142.2,142.3,57729.88
2026-08-29 17:35:00,142.3,142.51,141.99,142.13,5061.0
2026-08-29 17:40:00,142.13,142.63,142.06,142.62,78340.92
2026-08-29 17:45:00,142.62,143.52,142.24,143.24,37181.14
2026-08-29 17:50:00,143.24,143.69,142.94,143.07,16955.86
2026-08-29 17:55:00,143.07,143.15,142.89,143.01,115031.02
2026-08-29 18:00:00,143.01,143.52,142.97,143.16,5591.67
2026-08-29 18:05:00,143.16,144.07,143.06,143.61,62504.85
2026-08-29 18:10:00,143.61,143.88,142.97,143.18,12113.16
2026-08-29 18:15:00,143.18,143.47,143.06,143.29,535.82
2026-08-29 18:20:00,143.29,143.41,142.78,143.1,105299.33
2026-08-29 18:25:00,143.1,143.1,142.39,142.42,73706.98
2026-08-29 18:30:00,142.42,142.63,142.19,142.53,11685.76
2026-08-29 18:35:00,142.53,142.96,142.22,142.91,55019.13
2026-08-29 18:40:00,142.91,143.57,142.67,143.29,12163.61
2026-08-29 18:45:00,143.29,143.53,143.29,143.5,25619.37
2026-08-29 18:50:00,143.5,143.82,143.27,143.79,13337.12
2026-08-29 18:55:00,143.79,144.67,143.61,144.66,19994.72
2026-08-29 19:00:00,144.66,145.43,144.11,145.36,6016.38
2026-08-29 19:05:00,145.36,145.68,145.2,145.45,5689.67
2026-08-29 19:10:00,145.45,145.67,145.18,145.64,16332.17
2026-08-29 19:15:00,145.64,146.46,145.42,146.29,7761.44
2026-08-29 19:20:00,146.29,146.92,146.02,146.91,73548.87
2026-08-29 19:25:00,146.91,146.94,146.02,146.4,282683.46
2026-08-29 19:30:00,146.4,146.43,146.27,146.41,10584.75
2026-08-29 19:35:00,146.41,146.66,146.32,146.54,86343.69
2026-08-29 19:40:00,146.54,146.64,146.41,146.63,192200.03
2026-08-29 19:45:00,146.63,146.69,146.38,146.69,47458.73
2026-08-29 19:50:00,146.69,146.85,146.33,146.48,11152.96
2026-08-29 19:55:00,146.48,146.55,146.1,146.31,402.94
2026-08-29 20:00:00,146.31,146.75,146.14,146.57,279.94
2026-08-29 20:05:00,146.57,146.63,146.24,146.29,55858.82
2026-08-29 20:10:00,146.29,146.58,146.03,146.1,125527.03
2026-08-29 20:15:00,146.1,146.11,145.59,145.64,19878.42
2026-08-29 20:20:00,145.64,146.3,145.49,145.96,62930.36
2026-08-29 20:25:00,145.96,146.06,145.17,145.26,52875.43
2026-08-29 20:30:00,145.26,145.92,145.2,145.51,67242.51
2026-08-29 20:35:00,145.51,145.54,144.21,144.53,94500.27
2026-08-29 20:40:00,144.53,144.63,144.0,144.12,5407.6
2026-08-29 20:45:00,144.12,144.24,143.98,144.18,67389.66
2026-08-29 20:50:00,144.18,144.58,143.46,143.47,30997.32
2026-08-29 20:55:00,143.47,143.62,143.35,143.49,97047.87
2026-08-29 21:00:00,143.49,143.73,143.13,143.66,166192.79
2026-08-29 21:05:00,143.66,143.85,143.3,143.81,132753.51
2026-08-29 21:10:00,143.81,143.97,143.25,143.62,21964.61
2026-08-29 21:15:00,143.62,144.62,143.58,144.07,38231.97
2026-08-29 21:20:00,144.07,144.51,143.93,144.47,37348.02
2026-08-29 21:25:00,144.47,145.12,144.28,144.88,1221.44
2026-08-29 21:30:00,144.88,145.0,144.82,144.94,54459.23
2026-08-29 21:35:00,144.94,145.55,144.68,145.45,102017.23
2026-08-29 21:40:00,145.45,145.62,144.86,144.99,15879.32
2026-08-29 21:45:00,144.99,145.89,144.65,145.26,2241.16
2026-08-29 21:50:00,145.26,145.33,144.77,144.88,46701.5
2026-08-29 21:55:00,144.88,145.22,144.69,145.15,8509.25
2026-08-29 22:00:00,145.15,145.38,144.84,145.16,22128.82
2026-08-29 22:05:00,145.16,145.32,144.88,145.15,89277.37
2026-08-29 22:10:00,145.15,145.87,145.02,145.45,34970.74
2026-08-29 22:15:00,145.45,146.17,145.38,145.88,2199.73
2026-08-29 22:20:00,145.88,146.06,145.59,145.7,24662.81
2026-08-29 22:25:00,145.7,146.51,145.63,146.46,53600.8
2026-08-29 22:30:00,146.46,146.8,146.03,146.21,13311.87
2026-08-29 22:35:00,146.21,146.29,145.52,145.59,59922.31
2026-08-29 22:40:00,145.59,145.82,145.02,145.05,39120.56
2026-08-29 22:45:00,145.05,145.22,144.45,144.9,3973.16
2026-08-29 22:50:00,144.9,145.46,144.73,145.21,50391.65
2026-08-29 22:55:00,145.21,145.48,145.08,145.36,7408.36
2026-08-29 23:00:00,145.36,145.44,144.63,144.86,39462.01
2026-08-29 23:05:00,144.86,145.14,144.82,144.95,8383.62
2026-08-29 23:10:00,144.95,145.58,144.88,145.18,92047.03
2026-08-29 23:15:00,145.18,145.54,144.91,145.28,53776.35
2026-08-29 23:20:00,145.28,145.31,145.16,145.2,5988.19
2026-08-29 23:25:00,145.2,145.33,144.66,144.83,28897.3
2026-08-29 23:30:00,144.83,145.2,144.52,144.86,93856.31
2026-08-29 23:35:00,144.86,145.0,144.79,144.89,8085.28
2026-08-29 23:40:00,144.89,145.11,144.83,144.99,112090.59
2026-08-29 23:45:00,144.99,145.87,144.56,145.69,68546.92
2026-08-29 23:50:00,145.69,146.19,145.37,145.63,106169.19
2026-08-29 23:55:00,145.63,145.86,145.17,145.78,78643.23
2026-08-30 00:00:00,145.78,146.23,145.35,146.04,29679.98
2026-08-30 00:05:00,146.04,147.1,145.86,146.37,25208.5
2026-08-30 00:10:00,146.37,147.02,146.34,146.72,11822.96
2026-08-30 00:15:00,146.72,147.59,146.52,147.37,113283.21
2026-08-30 00:20:00,147.37,147.96,147.09,147.14,111954.01
2026-08-30 00:25:00,147.14,147.18,146.45,146.67,18467.73
2026-08-30 00:30:00,146.67,146.93,146.14,146.27,40726.56
2026-08-30 00:35:00,146.27,146.63,145.86,146.07,69902.22
2026-08-30 00:40:00,146.07,146.11,145.01,145.16,54757.85
2026-08-30 00:45:00,145.16,145.17,144.65,144.81,74372.63
2026-08-30 00:50:00,144.81,144.96,144.63,144.8,6044.88
2026-08-30 00:55:00,144.8,144.92,144.44,144.71,159510.53
2026-08-30 01:00:00,144.71,144.78,143.73,143.74,118083.78
2026-08-30 01:05:00,143.74,143.87,143.38,143.44,53032.46
2026-08-30 01:10:00,143.44,143.54,142.67,142.7,5657.7
2026-08-30 01:15:00,142.7,142.89,141.86,142.17,23426.05
2026-08-30 01:20:00,142.17,142.55,141.95,142.41,53405.13
2026-08-30 01:25:00,142.41,142.87,142.01,142.78,578933.43
2026-08-30 01:30:00,142.78,142.92,141.83,141.98,24240.08
2026-08-30 01:35:00,141.98,142.24,141.6,141.77,65926.84
2026-08-30 01:40:00,141.77,142.46,141.62,142.21,63975.9
2026-08-30 01:45:00,142.21,142.29,141.86,142.02,91807.34
2026-08-30 01:50:00,142.02,142.38,141.48,142.31,330965.21
2026-08-30 01:55:00,142.31,142.74,141.87,142.63,89095.29
2026-08-30 02:00:00,142.63,142.96,142.58,142.85,24997.57
2026-08-30 02:05:00,142.85,143.32,142.33,143.27,269625.91
2026-08-30 02:10:00,143.27,143.43,143.22,143.4,86404.86
2026-08-30 02:15:00,143.4,144.01,143.12,143.73,89663.82
2026-08-30 02:20:00,143.73,144.25,143.4,144.12,78275.49
2026-08-30 02:25:00,144.12,144.26,143.71,143.87,113248.74
2026-08-30 02:30:00,143.87,143.96,143.5,143.67,92207.56
2026-08-30 02:35:00,143.67,143.77,143.56,143.58,164017.66
2026-08-30 02:40:00,143.58,143.61,143.45,143.46,31493.74
2026-08-30 02:45:00,143.46,143.56,143.1,143.55,203143.74
2026-08-30 02:50:00,143.55,143.57,143.11,143.15,85988.17
2026-08-30 02:55:00,143.15,143.28,142.89,143.25,20231.5
2026-08-30 03:00:00,143.25,143.49,142.87,143.05,175518.39
2026-08-30 03:05:00,143.05,143.31,142.44,143.19,137952.63
2026-08-30 03:10:00,143.19,143.58,143.09,143.5,11374.48
2026-08-30 03:15:00,143.5,144.04,142.99,143.9,132462.75
2026-08-30 03:20:00,143.9,144.87,143.55,144.53,94336.37
2026-08-30 03:25:00,144.53,144.72,143.74,144.13,66949.73
2026-08-30 03:30:00,144.13,144.52,143.95,144.04,78591.96
2026-08-30 03:35:00,144.04,144.11,143.8,143.91,27183.65
2026-08-30 03:40:00,143.91,143.98,143.42,143.6,23021.23
2026-08-30 03:45:00,143.6,144.2,142.65,142.75,30193.95
2026-08-30 03:50:00,142.75,142.85,142.52,142.81,67288.94
2026-08-30 03:55:00,142.81,143.02,142.64,142.97,9914.4
2026-08-30 04:00:00,142.97,143.62,142.87,143.32,30785.26
2026-08-30 04:05:00,143.32,143.99,143.25,143.71,248459.02
2026-08-30 04:10:00,143.71,144.0,143.45,143.55,19226.34
2026-08-30 04:15:00,143.55,143.68,143.34,143.34,49737.31
2026-08-30 04:20:00,143.34,144.08,143.31,144.02,54590.08
2026-08-30 04:25:00,144.02,144.14,143.36,143.57,146386.87
2026-08-30 04:30:00,143.57,144.23,143.28,144.17,32768.12
2026-08-30 04:35:00,144.17,144.34,144.04,144.22,57565.66
2026-08-30 04:40:00,144.22,144.61,143.98,144.41,227233.21
2026-08-30 04:45:00,144.41,144.56,144.14,144.4,15847.83
2026-08-30 04:50:00,144.4,144.5,143.95,144.25,16493.13
2026-08-30 04:55:00,144.25,144.32,143.64,143.94,234897.8
2026-08-30 05:00:00,143.94,144.57,143.91,144.03,87348.46
2026-08-30 05:05:00,144.03,144.11,143.91,144.09,10667.02
2026-08-30 05:10:00,144.09,144.96,143.95,144.86,70461.0
2026-08-30 05:15:00,144.86,145.72,144.74,145.34,11909.04
2026-08-30 05:20:00,145.34,145.59,144.71,144.88,23600.48
2026-08-30 05:25:00,144.88,144.94,144.25,144.61,21629.64
2026-08-30 05:30:00,144.61,144.81,143.92,144.47,20999.74
2026-08-30 05:35:00,144.47,144.56,144.32,144.34,603.55
2026-08-30 05:40:00,144.34,144.38,144.03,144.17,19924.08
2026-08-30 05:45:00,144.17,144.25,144.03,144.22,35268.93
2026-08-30 05:50:00,144.22,144.8,144.11,144.42,49179.82
2026-08-30 05:55:00,144.42,144.46,144.02,144.15,241010.68
2026-08-30 06:00:00,144.15,144.41,144.0,144.33,21621.52
2026-08-30 06:05:00,144.33,144.57,144.25,144.41,163211.29
2026-08-30 06:10:00,144.41,144.41,143.73,143.96,45503.96
2026-08-30 06:15:00,143.96,144.43,143.88,144.42,1226.1
2026-08-30 06:20:00,144.42,144.5,144.1,144.47,25491.57
2026-08-30 06:25:00,144.47,144.61,144.39,144.56,12373.02
2026-08-30 06:30:00,144.56,144.66,144.44,144.59,81854.52
2026-08-30 06:35:00,144.59,144.73,144.03,144.66,19633.68
2026-08-30 06:40:00,144.66,144.71,143.92,144.32,48103.28
2026-08-30 06:45:00,144.32,144.78,144.06,144.57,74631.54
2026-08-30 06:50:00,144.57,145.53,144.39,145.4,27595.8
2026-08-30 06:55:00,145.4,145.61,144.92,145.22,14337.34
2026-08-30 07:00:00,145.22,145.75,144.77,145.7,101369.63
2026-08-30 07:05:00,145.7,145.79,145.25,145.27,214332.76
2026-08-30 07:10:00,145.27,145.29,144.87,145.03,61216.62
2026-08-30 07:15:00,145.03,145.59,145.0,145.36,21483.22
2026-08-30 07:20:00,145.36,145.48,144.87,145.08,84115.41
2026-08-30 07:25:00,145.08,145.14,144.48,144.58,42173.39
2026-08-30 07:30:00,144.58,144.8,143.55,143.9,77044.02
2026-08-30 07:35:00,143.9,144.83,143.81,144.43,55022.44
2026-08-30 07:40:00,144.43,144.66,143.91,144.24,64208.9
2026-08-30 07:45:00,144.24,145.13,144.21,144.97,5952.03
2026-08-30 07:50:00,144.97,145.14,144.71,145.09,82604.55
2026-08-30 07:55:00,145.09,145.35,145.08,145.33,16915.57
2026-08-30 08:00:00,145.33,145.44,144.18,144.58,101931.39
2026-08-30 08:05:00,144.58,144.82,143.47,143.98,67569.88
2026-08-30 08:10:00,143.98,144.18,143.87,143.89,56515.89
2026-08-30 08:15:00,143.89,144.09,143.29,143.39,19643.16
2026-08-30 08:20:00,143.39,143.46,142.82,142.86,197143.28
2026-08-30 08:25:00,142.86,143.11,142.0,142.41,33496.13
2026-08-30 08:30:00,142.41,142.63,141.91,142.56,162604.32
2026-08-30 08:35:00,142.56,142.83,142.3,142.7,1414646.19
2026-08-30 08:40:00,142.7,143.09,142.47,142.96,250701.76
2026-08-30 08:45:00,142.96,143.49,142.81,143.32,277833.8
2026-08-30 08:50:00,143.32,143.84,142.91,143.08,47981.53
2026-08-30 08:55:00,143.08,143.18,142.49,142.84,14643.73
2026-08-30 09:00:00,142.84,143.08,142.42,143.03,156661.52
2026-08-30 09:05:00,143.03,143.39,142.28,142.58,47291.44
2026-08-30 09:10:00,142.58,142.98,142.28,142.75,39925.81
2026-08-30 09:15:00,142.75,143.15,142.23,143.01,369583.17
2026-08-30 09:20:00,143.01,143.34,142.82,142.91,52292.98
2026-08-30 09:25:00,142.91,143.02,142.3,142.44,480.94
2026-08-30 09:30:00,142.44,142.54,142.44,142.44,27297.76
2026-08-30 09:35:00,142.44,142.94,141.87,142.84,267193.96
2026-08-30 09:40:00,142.84,142.95,142.34,142.47,46022.49
2026-08-30 09:45:00,142.47,142.86,142.21,142.74,52535.27
2026-08-30 09:50:00,142.74,143.16,142.31,143.03,206467.0
2026-08-30 09:55:00,143.03,143.48,142.78,143.43,183247.94
2026-08-30 10:00:00,143.43,143.77,143.28,143.76,29299.26
2026-08-30 10:05:00,143.76,144.07,143.43,143.71,49911.17
2026-08-30 10:10:00,143.71,143.91,143.43,143.48,1925.63
2026-08-30 10:15:00,143.48,143.52,143.25,143.36,26324.88
2026-08-30 10:20:00,143.36,143.79,143.18,143.71,25626.57
2026-08-30 10:25:00,143.71,143.84,142.95,143.2,37156.01
2026-08-30 10:30:00,143.2,143.79,143.08,143.74,27073.79
2026-08-30 10:35:00,143.74,143.86,143.19,143.34,24918.2
2026-08-30 10:40:00,143.34,143.66,143.09,143.3,44075.28
2026-08-30 10:45:00,143.3,143.88,143.29,143.53,123096.7
2026-08-30 10:50:00,143.53,143.62,142.7,142.9,83212.33
2026-08-30 10:55:00,142.9,142.94,142.32,142.55,6335.51
2026-08-30 11:00:00,142.55,143.29,142.41,143.17,12742.65
2026-08-30 11:05:00,143.17,143.34,142.64,142.88,8732.43
2026-08-30 11:10:00,142.88,143.1,142.73,142.84,4630.64
2026-08-30 11:15:00,142.84,143.19,142.72,142.87,23550.15
2026-08-30 11:20:00,142.87,143.05,142.64,143.01,42571.74
2026-08-30 11:25:00,143.01,143.44,142.79,143.43,52584.64
2026-08-30 11:30:00,143.43,143.57,142.69,142.73,124579.15
2026-08-30 11:35:00,142.73,143.22,142.53,143.08,107700.83
2026-08-30 11:40:00,143.08,143.46,142.76,142.87,16977.18
2026-08-30 11:45:00,142.87,143.46,142.49,143.01,14615.4
2026-08-30 11:50:00,143.01,143.31,142.83,143.22,2392.64
2026-08-30 11:55:00,143.22,143.45,143.07,143.41,33404.08
2026-08-30 12:00:00,143.41,144.08,143.39,143.92,40155.97
2026-08-30 12:05:00,143.92,144.15,143.74,144.06,78907.15
2026-08-30 12:10:00,144.06,144.25,143.52,143.69,99314.37
2026-08-30 12:15:00,143.69,144.13,143.62,143.95,40516.71
2026-08-30 12:20:00,143.95,144.76,143.78,144.12,2483.6
2026-08-30 12:25:00,144.12,144.57,144.08,144.45,22796.62
2026-08-30 12:30:00,144.45,144.51,143.97,144.13,37642.37
2026-08-30 12:35:00,144.13,145.35,143.86,145.19,34843.01
2026-08-30 12:40:00,145.19,145.31,145.03,145.04,57302.58
2026-08-30 12:45:00,145.04,145.16,144.7,144.97,23388.3
2026-08-30 12:50:00,144.97,145.01,144.68,144.8,104438.97
2026-08-30 12:55:00,144.8,145.47,144.52,145.12,29798.3
2026-08-30 13:00:00,145.12,146.11,144.96,145.83,48958.07
2026-08-30 13:05:00,145.83,146.35,145.39,145.5,322519.89
2026-08-30 13:10:00,145.5,145.92,145.05,145.09,49432.67
2026-08-30 13:15:00,145.09,145.26,144.83,145.02,24105.41
2026-08-30 13:20:00,145.02,145.9,144.99,145.52,2806.64
2026-08-30 13:25:00,145.52,145.73,145.5,145.62,1708.96
2026-08-30 13:30:00,145.62,146.0,145.55,145.93,18718.76
2026-08-30 13:35:00,145.93,145.95,145.61,145.83,13524.42
2026-08-30 13:40:00,145.83,146.37,145.82,146.12,27082.74
2026-08-30 13:45:00,146.12,146.29,145.97,146.05,342.35
2026-08-30 13:50:00,146.05,147.14,145.64,146.94,4268.11
2026-08-30 13:55:00,146.94,147.18,146.65,146.84,22397.21
2026-08-30 14:00:00,146.84,147.09,146.77,147.0,178715.63
2026-08-30 14:05:00,147.0,147.46,146.62,147.39,20976.53
2026-08-30 14:10:00,147.39,147.79,146.91,146.97,827796.37
2026-08-30 14:15:00,146.97,147.1,146.86,147.04,2551.52
2026-08-30 14:20:00,147.04,147.7,146.59,146.67,330443.43
2026-08-30 14:25:00,146.67,146.76,146.29,146.48,101928.09
2026-08-30 14:30:00,146.48,147.11,146.12,146.17,83248.65
2026-08-30 14:35:00,146.17,146.43,145.02,145.32,33430.77
2026-08-30 14:40:00,145.32,145.72,144.71,145.04,9574.5
2026-08-30 14:45:00,145.04,145.2,144.82,145.2,64170.77
2026-08-30 14:50:00,145.2,145.61,145.1,145.23,57867.66
2026-08-30 14:55:00,145.23,146.3,145.21,145.91,116738.22
2026-08-30 15:00:00,145.91,146.08,145.65,145.83,55282.37
2026-08-30 15:05:00,145.83,146.41,145.59,145.67,163280.8
2026-08-30 15:10:00,145.67,146.14,145.44,145.49,32139.2
2026-08-30 15:15:00,145.49,145.51,145.16,145.37,87567.38
2026-08-30 15:20:00,145.37,145.56,144.17,144.57,17481.88
2026-08-30 15:25:00,144.57,144.86,144.42,144.79,2065.74
2026-08-30 15:30:00,144.79,145.6,144.74,145.26,84068.18
2026-08-30 15:35:00,145.26,145.78,145.2,145.56,83692.83
2026-08-30 15:40:00,145.56,146.14,145.43,145.92,6675.64
2026-08-30 15:45:00,145.92,146.12,145.63,146.04,51523.64
2026-08-30 15:50:00,146.04,146.22,145.88,146.12,7383.45
2026-08-30 15:55:00,146.12,146.35,145.69,146.08,2006.36
2026-08-30 16:00:00,146.08,146.48,145.95,146.36,179828.14
2026-08-30 16:05:00,146.36,146.9,146.28,146.57,16688.8
2026-08-30 16:10:00,146.57,146.77,146.38,146.7,1510.3
2026-08-30 16:15:00,146.7,146.94,146.53,146.75,1310.09
2026-08-30 16:20:00,146.75,147.18,146.66,146.81,15979.64
2026-08-30 16:25:00,146.81,146.97,145.75,146.27,17312.46
2026-08-30 16:30:00,146.27,146.39,146.03,146.18,31273.19
2026-08-30 16:35:00,146.18,146.66,145.83,146.41,62098.18
2026-08-30 16:40:00,146.41,146.74,145.55,145.86,65836.91
2026-08-30 16:45:00,145.86,146.27,145.61,146.13,41196.42
2026-08-30 16:50:00,146.13,146.4,145.66,145.8,165179.88
2026-08-30 16:55:00,145.8,146.49,145.61,146.37,3859.13
2026-08-30 17:00:00,146.37,146.69,145.83,146.24,50415.9
2026-08-30 17:05:00,146.24,146.64,146.06,146.14,89433.08
2026-08-30 17:10:00,146.14,146.4,145.94,145.99,90805.38
2026-08-30 17:15:00,145.99,146.27,145.85,146.19,59831.87
2026-08-30 17:20:00,146.19,147.04,145.98,146.56,47848.76
2026-08-30 17:25:00,146.56,146.81,146.24,146.38,97750.59
2026-08-30 17:30:00,146.38,146.38,145.75,145.82,9905.16
2026-08-30 17:35:00,145.82,146.3,145.72,146.26,43384.93
2026-08-30 17:40:00,146.26,147.28,146.21,147.04,87143.56
2026-08-30 17:45:00,147.04,147.31,146.16,146.66,2696.41
2026-08-30 17:50:00,146.66,146.82,146.55,146.56,46386.28
2026-08-30 17:55:00,146.56,146.65,145.83,145.88,58728.86
2026-08-30 18:00:00,145.88,146.51,145.69,146.31,58064.51
2026-08-30 18:05:00,146.31,146.68,146.01,146.13,120613.41
2026-08-30 18:10:00,146.13,146.33,146.12,146.17,59949.29
2026-08-30 18:15:00,146.17,146.2,145.86,145.9,113491.48
2026-08-30 18:20:00,145.9,146.33,145.82,146.31,22753.89
2026-08-30 18:25:00,146.31,146.44,146.22,146.44,31719.79
2026-08-30 18:30:00,146.44,146.72,146.26,146.31,66428.97
2026-08-30 18:35:00,146.31,146.4,145.45,145.5,25451.8
2026-08-30 18:40:00,145.5,145.79,144.67,144.83,3453.17
2026-08-30 18:45:00,144.83,144.84,143.93,144.02,29625.46
2026-08-30 18:50:00,144.02,144.12,143.41,143.68,59154.07
2026-08-30 18:55:00,143.68,144.73,143.1,144.54,35203.05
2026-08-30 19:00:00,144.54,144.59,143.82,143.83,50150.85
2026-08-30 19:05:00,143.83,143.98,143.52,143.75,6021.66
2026-08-30 19:10:00,143.75,144.64,143.69,144.35,57681.97
2026-08-30 19:15:00,144.35,145.01,144.26,144.82,10633.3
2026-08-30 19:20:00,144.82,144.85,144.57,144.71,23109.59
2026-08-30 19:25:00,144.71,145.33,144.71,145.21,85026.1
2026-08-30 19:30:00,145.21,145.38,145.07,145.19,12833.38
2026-08-30 19:35:00,145.19,145.38,144.54,144.67,24646.21
2026-08-30 19:40:00,144.67,144.94,144.36,144.71,228869.08
2026-08-30 19:45:00,144.71,144.73,144.11,144.66,7967.59
2026-08-30 19:50:00,144.66,145.24,144.36,145.2,805.9
2026-08-30 19:55:00,145.2,145.43,143.96,144.16,26714.47
2026-08-30 20:00:00,144.16,144.59,144.15,144.34,96675.27
2026-08-30 20:05:00,144.34,144.41,144.18,144.31,17904.46
2026-08-30 20:10:00,144.31,145.06,144.28,144.77,7936.75
2026-08-30 20:15:00,144.77,144.86,144.55,144.67,15671.97
2026-08-30 20:20:00,144.67,144.85,144.48,144.62,22998.97
2026-08-30 20:25:00,144.62,144.72,144.11,144.35,8304.23
2026-08-30 20:30:00,144.35,144.82,144.23,144.56,3644.9
2026-08-30 20:35:00,144.56,144.97,144.49,144.72,8086.16
2026-08-30 20:40:00,144.72,144.85,144.23,144.34,21359.55
2026-08-30 20:45:00,144.34,144.84,144.19,144.44,9852.42
2026-08-30 20:50:00,144.44,145.54,144.14,145.43,149363.2
2026-08-30 20:55:00,145.43,146.03,145.38,145.93,56308.23
2026-08-30 21:00:00,145.93,146.18,145.88,146.16,19249.77
2026-08-30 21:05:00,146.16,146.31,146.02,146.2,20927.18
2026-08-30 21:10:00,146.2,146.55,145.32,145.68,298900.48
2026-08-30 21:15:00,145.68,146.12,145.51,146.03,122733.9
2026-08-30 21:20:00,146.03,146.8,145.97,146.62,133032.76
2026-08-30 21:25:00,146.62,146.69,146.16,146.61,50427.92
2026-08-30 21:30:00,146.61,146.65,146.3,146.38,12645.27
2026-08-30 21:35:00,146.38,146.52,145.94,146.05,70835.18
2026-08-30 21:40:00,146.05,147.2,145.99,146.59,31012.93
2026-08-30 21:45:00,146.59,146.87,146.48,146.8,29480.52
2026-08-30 21:50:00,146.8,147.02,146.53,146.77,104981.67
2026-08-30 21:55:00,146.77,147.03,146.51,147.03,73840.73
2026-08-30 22:00:00,147.03,147.68,146.93,147.25,18660.08
2026-08-30 22:05:00,147.25,147.79,147.21,147.32,28938.0
2026-08-30 22:10:00,147.32,147.43,147.14,147.21,8388.66
2026-08-30 22:15:00,147.21,147.73,146.89,146.95,532532.19
2026-08-30 22:20:00,146.95,147.46,146.6,146.64,112798.92
2026-08-30 22:25:00,146.64,146.83,146.28,146.46,15427.19
2026-08-30 22:30:00,146.46,146.51,146.0,146.31,33469.32
2026-08-30 22:35:00,146.31,146.6,146.06,146.59,22938.78
2026-08-30 22:40:00,146.59,146.7,145.54,145.57,106753.69
2026-08-30 22:45:00,145.57,146.05,145.16,145.34,62795.41
2026-08-30 22:50:00,145.34,146.52,144.87,146.15,9330.16
2026-08-30 22:55:00,146.15,146.38,145.89,146.13,97720.45
2026-08-30 23:00:00,146.13,146.3,146.03,146.23,61648.35
2026-08-30 23:05:00,146.23,147.13,146.1,146.65,4165.58
2026-08-30 23:10:00,146.65,147.11,146.04,146.12,24142.56
2026-08-30 23:15:00,146.12,146.68,146.06,146.57,33155.66
2026-08-30 23:20:00,146.57,146.67,146.35,146.54,51796.91
2026-08-30 23:25:00,146.54,147.12,146.27,146.73,69005.42
2026-08-30 23:30:00,146.73,147.25,146.54,146.98,8540.4
2026-08-30 23:35:00,146.98,147.12,146.34,146.42,7403.7
2026-08-30 23:40:00,146.42,147.09,146.09,146.76,67211.01
2026-08-30 23:45:00,146.76,146.91,146.69,146.7,14222.61
2026-08-30 23:50:00,146.7,146.97,146.47,146.66,208.42
2026-08-30 23:55:00,146.66,146.78,146.44,146.64,186871.48
2026-08-31 00:00:00,146.64,147.52,146.41,147.26,2114.1
2026-08-31 00:05:00,147.26,147.6,147.05,147.1,576021.97
2026-08-31 00:10:00,147.1,147.52,147.04,147.17,2610.57
2026-08-31 00:15:00,147.17,147.81,146.74,146.88,71146.92
2026-08-31 00:20:00,146.88,147.05,146.17,146.24,49171.0
2026-08-31 00:25:00,146.24,146.5,146.18,146.24,2979.97
2026-08-31 00:30:00,146.24,146.58,145.99,146.45,30642.67
2026-08-31 00:35:00,146.45,146.48,146.24,146.36,47255.32
2026-08-31 00:40:00,146.36,146.54,146.27,146.46,108858.78
2026-08-31 00:45:00,146.46,147.03,146.42,146.86,113642.0
2026-08-31 00:50:00,146.86,147.04,146.68,146.76,11527.65
2026-08-31 00:55:00,146.76,147.21,146.54,147.15,145260.36
2026-08-31 01:00:00,147.15,147.34,146.56,146.62,64973.05
2026-08-31 01:05:00,146.62,146.63,146.38,146.56,86362.41
2026-08-31 01:10:00,146.56,146.73,146.3,146.58,129036.62
2026-08-31 01:15:00,146.58,146.77,146.25,146.64,2411.07
2026-08-31 01:20:00,146.64,147.07,146.63,146.86,7573.3
2026-08-31 01:25:00,146.86,147.17,146.65,146.99,65878.32
2026-08-31 01:30:00,146.99,147.44,146.68,147.21,6065.49
2026-08-31 01:35:00,147.21,147.33,146.38,146.58,57639.79
2026-08-31 01:40:00,146.58,146.66,146.0,146.24,16690.85
2026-08-31 01:45:00,146.24,146.33,145.94,146.06,166317.01
2026-08-31 01:50:00,146.06,147.1,145.6,146.82,29811.7
2026-08-31 01:55:00,146.82,147.09,146.22,146.78,40782.65
2026-08-31 02:00:00,146.78,147.02,146.44,146.67,9162.78
2026-08-31 02:05:00,146.67,146.68,146.33,146.51,941.79
2026-08-31 02:10:00,146.51,147.25,146.39,146.97,73168.61
2026-08-31 02:15:00,146.97,147.03,146.49,146.58,383368.28
2026-08-31 02:20:00,146.58,147.26,146.4,146.92,16661.71
2026-08-31 02:25:00,146.92,147.48,146.21,146.3,40474.56
2026-08-31 02:30:00,146.3,146.69,146.15,146.58,26771.77
2026-08-31 02:35:00,146.58,147.16,146.53,146.77,37404.42
2026-08-31 02:40:00,146.77,147.01,146.71,146.94,69041.53
2026-08-31 02:45:00,146.94,148.03,146.79,147.49,17696.23
2026-08-31 02:50:00,147.49,147.56,147.31,147.38,2380.98
2026-08-31 02:55:00,147.38,147.61,147.02,147.07,130633.15
2026-08-31 03:00:00,147.07,147.25,146.76,147.15,16061.97
2026-08-31 03:05:00,147.15,147.75,146.65,146.78,151711.65
2026-08-31 03:10:00,146.78,147.21,146.75,146.96,13360.23
2026-08-31 03:15:00,146.96,147.6,146.61,147.27,121375.5
2026-08-31 03:20:00,147.27,147.71,147.16,147.55,16658.51
2026-08-31 03:25:00,147.55,147.94,147.51,147.94,7606.59
2026-08-31 03:30:00,147.94,148.26,147.78,148.04,1614.09
2026-08-31 03:35:00,148.04,148.29,147.73,147.82,105215.56
2026-08-31 03:40:00,147.82,148.19,147.53,147.91,43394.64
2026-08-31 03:45:00,147.91,148.24,147.28,147.47,137822.08
2026-08-31 03:50:00,147.47,147.7,146.91,147.68,25176.79
2026-08-31 03:55:00,147.68,147.8,147.62,147.64,1336.87
2026-08-31 04:00:00,147.64,147.92,147.47,147.83,95223.48
2026-08-31 04:05:00,147.83,148.27,147.37,147.43,539447.1
2026-08-31 04:10:00,147.43,147.65,147.14,147.23,11635.27
2026-08-31 04:15:00,147.23,147.63,147.14,147.26,2930.3
2026-08-31 04:20:00,147.26,147.26,146.68,146.75,22166.94
2026-08-31 04:25:00,146.75,146.79,146.23,146.46,47189.8
2026-08-31 04:30:00,146.46,146.89,146.18,146.63,54385.09
2026-08-31 04:35:00,146.63,146.7,146.11,146.13,59246.28
2026-08-31 04:40:00,146.13,146.78,145.93,146.62,25956.43
2026-08-31 04:45:00,146.62,146.69,145.88,146.03,13615.44
2026-08-31 04:50:00,146.03,146.35,145.97,146.09,99718.13
2026-08-31 04:55:00,146.09,146.15,145.54,145.8,2508.35
2026-08-31 05:00:00,145.8,146.02,145.72,145.97,48100.03
2026-08-31 05:05:00,145.97,146.39,145.73,146.26,7052.32
2026-08-31 05:10:00,146.26,146.29,145.63,146.1,38479.54
2026-08-31 05:15:00,146.1,146.48,145.45,146.47,15082.65
2026-08-31 05:20:00,146.47,146.77,146.24,146.58,14168.06
2026-08-31 05:25:00,146.58,147.07,146.44,147.0,34840.17
2026-08-31 05:30:00,147.0,147.37,146.78,147.33,29571.74
2026-08-31 05:35:00,147.33,147.75,147.31,147.74,23452.49
2026-08-31 05:40:00,147.74,148.36,147.57,147.9,1452.58
2026-08-31 05:45:00,147.9,148.3,147.78,148.29,59584.34
2026-08-31 05:50:00,148.29,148.43,148.1,148.42,19.76
2026-08-31 05:55:00,148.42,148.97,148.15,148.29,292708.49
2026-08-31 06:00:00,148.29,148.4,148.16,148.25,6845.66
2026-08-31 06:05:00,148.25,149.03,147.89,148.84,62585.36
2026-08-31 06:10:00,148.84,149.2,148.61,149.17,92454.77
2026-08-31 06:15:00,149.17,149.73,148.86,149.39,22682.07
2026-08-31 06:20:00,149.39,150.04,149.23,149.88,14737.41
2026-08-31 06:25:00,149.88,150.51,149.67,150.36,116947.37
2026-08-31 06:30:00,150.36,150.8,149.86,149.93,112056.4
2026-08-31 06:35:00,149.93,150.1,149.67,150.06,47172.08
2026-08-31 06:40:00,150.06,150.14,149.83,149.93,96913.82
2026-08-31 06:45:00,149.93,150.1,149.74,149.99,28177.75
2026-08-31 06:50:00,149.99,150.11,149.29,149.62,111663.73
2026-08-31 06:55:00,149.62,150.25,149.13,149.22,59688.17
2026-08-31 07:00:00,149.22,149.75,149.03,149.08,55242.88
2026-08-31 07:05:00,149.08,149.41,148.81,148.85,212432.86
2026-08-31 07:10:00,148.85,149.25,148.1,148.37,47796.3
2026-08-31 07:15:00,148.37,148.98,148.01,148.16,132475.81
2026-08-31 07:20:00,148.16,148.43,148.01,148.41,37191.89
2026-08-31 07:25:00,148.41,148.71,148.15,148.22,123114.4
2026-08-31 07:30:00,148.22,148.23,147.34,147.95,141480.05
2026-08-31 07:35:00,147.95,148.19,147.58,147.65,70481.47
2026-08-31 07:40:00,147.65,147.67,147.31,147.49,3324.42
2026-08-31 07:45:00,147.49,147.69,147.06,147.46,265655.72
2026-08-31 07:50:00,147.46,147.67,147.05,147.3,31145.04
2026-08-31 07:55:00,147.3,147.85,147.2,147.84,10875.07
2026-08-31 08:00:00,147.84,148.08,147.69,147.93,12194.34
2026-08-31 08:05:00,147.93,147.96,147.47,147.57,131237.89
2026-08-31 08:10:00,147.57,147.86,147.45,147.46,32131.11
2026-08-31 08:15:00,147.46,147.54,147.08,147.5,147185.14
2026-08-31 08:20:00,147.5,148.09,147.23,147.49,34906.85
2026-08-31 08:25:00,147.49,147.56,147.47,147.52,25890.7
2026-08-31 08:30:00,147.52,147.88,147.22,147.43,22742.17
2026-08-31 08:35:00,147.43,148.68,147.24,148.54,31705.17
2026-08-31 08:40:00,148.54,148.54,148.38,148.47,6979.73
2026-08-31 08:45:00,148.47,148.64,148.38,148.61,59506.08
2026-08-31 08:50:00,148.61,148.7,147.99,148.04,4134.03
2026-08-31 08:55:00,148.04,148.18,147.25,147.53,62387.09
2026-08-31 09:00:00,147.53,147.78,147.49,147.57,6060.99
2026-08-31 09:05:00,147.57,147.79,146.73,146.76,63429.01
2026-08-31 09:10:00,146.76,146.95,146.67,146.85,13741.84
2026-08-31 09:15:00,146.85,147.46,146.67,147.35,112110.1
2026-08-31 09:20:00,147.35,147.71,146.97,147.7,99798.62
2026-08-31 09:25:00,147.7,147.82,147.1,147.1,9824.77
2026-08-31 09:30:00,147.1,148.02,147.02,147.79,24571.25
2026-08-31 09:35:00,147.79,147.88,147.42,147.43,5248.65
2026-08-31 09:40:00,147.43,147.64,147.34,147.55,47939.22
2026-08-31 09:45:00,147.55,147.73,147.47,147.69,11559.18
2026-08-31 09:50:00,147.69,148.07,147.52,147.65,2727.24
2026-08-31 09:55:00,147.65,147.95,147.16,147.88,221930.59
2026-08-31 10:00:00,147.88,148.14,147.75,148.08,31436.81
2026-08-31 10:05:00,148.08,148.27,147.95,147.95,67448.81
2026-08-31 10:10:00,147.95,148.37,147.87,148.08,1585.59
2026-08-31 10:15:00,148.08,148.37,147.75,148.25,9537.78
2026-08-31 10:20:00,148.25,148.69,148.18,148.38,3624.88
2026-08-31 10:25:00,148.38,149.12,147.94,148.89,62841.3
2026-08-31 10:30:00,148.89,148.89,148.45,148.73,32339.43
2026-08-31 10:35:00,148.73,148.79,148.69,148.72,114944.68
2026-08-31 10:40:00,148.72,149.0,148.58,148.67,49281.21
2026-08-31 10:45:00,148.67,148.74,148.24,148.38,21119.88
2026-08-31 10:50:00,148.38,148.63,148.3,148.49,38807.16
2026-08-31 10:55:00,148.49,149.24,148.19,148.98,10439.06
2026-08-31 11:00:00,148.98,149.0,148.58,148.83,2982.92
2026-08-31 11:05:00,148.83,149.79,148.74,149.65,108617.45
2026-08-31 11:10:00,149.65,149.83,149.15,149.29,101623.18
2026-08-31 11:15:00,149.29,149.35,149.02,149.17,19745.77
2026-08-31 11:20:00,149.17,149.43,149.11,149.29,76173.45
2026-08-31 11:25:00,149.29,149.31,148.33,148.39,84358.38
2026-08-31 11:30:00,148.39,148.67,148.28,148.55,6288.8
2026-08-31 11:35:00,148.55,149.62,148.51,149.44,64862.5
2026-08-31 11:40:00,149.44,149.55,149.04,149.14,37312.8
2026-08-31 11:45:00,149.14,149.6,148.95,149.28,11800.17
2026-08-31 11:50:00,149.28,149.39,148.85,148.94,88077.47
2026-08-31 11:55:00,148.94,149.52,148.76,149.32,22636.91
2026-08-31 12:00:00,149.32,149.5,149.01,149.22,36702.61
2026-08-31 12:05:00,149.22,149.38,148.65,148.77,4493.47
2026-08-31 12:10:00,148.77,148.9,148.47,148.71,5990.42
2026-08-31 12:15:00,148.71,149.04,147.85,148.13,46758.37
2026-08-31 12:20:00,148.13,148.22,147.93,148.14,128879.53
2026-08-31 12:25:00,148.14,148.77,148.09,148.47,46562.46
2026-08-31 12:30:00,148.47,148.77,148.37,148.62,32500.03
2026-08-31 12:35:00,148.62,149.04,148.39,148.81,36356.62
2026-08-31 12:40:00,148.81,149.04,148.62,148.98,13031.27
2026-08-31 12:45:00,148.98,149.3,148.8,148.93,52161.35
2026-08-31 12:50:00,148.93,149.57,148.85,149.57,5637.13
2026-08-31 12:55:00,149.57,150.32,149.28,150.15,113349.28
2026-08-31 13:00:00,150.15,150.89,150.06,150.56,42883.87
2026-08-31 13:05:00,150.56,150.56,149.8,150.03,15549.09
2026-08-31 13:10:00,150.03,151.35,149.53,150.95,75455.81
2026-08-31 13:15:00,150.95,151.51,150.72,150.79,11869.95
2026-08-31 13:20:00,150.79,151.02,150.59,150.66,83173.25
2026-08-31 13:25:00,150.66,151.62,150.65,151.4,131356.59
2026-08-31 13:30:00,151.4,151.6,151.28,151.58,1764.28
2026-08-31 13:35:00,151.58,151.96,151.4,151.85,47684.66
2026-08-31 13:40:00,151.85,152.35,151.72,152.31,5354.15
2026-08-31 13:45:00,152.31,152.8,151.68,152.0,698.5
2026-08-31 13:50:00,152.0,152.15,151.51,151.53,121200.55
2026-08-31 13:55:00,151.53,152.17,151.2,152.15,186746.3
2026-08-31 14:00:00,152.15,152.26,151.8,151.97,3032.23
2026-08-31 14:05:00,151.97,152.01,151.54,151.55,75276.18
2026-08-31 14:10:00,151.55,151.7,151.18,151.29,136124.1
2026-08-31 14:15:00,151.29,151.62,150.62,150.85,10692.15
2026-08-31 14:20:00,150.85,151.09,150.45,150.58,4123.79
2026-08-31 14:25:00,150.58,150.71,150.44,150.49,60105.19
2026-08-31 14:30:00,150.49,151.05,150.26,150.36,239821.88
2026-08-31 14:35:00,150.36,150.54,149.81,149.99,8833.07
2026-08-31 14:40:00,149.99,150.02,149.66,149.72,52206.18
2026-08-31 14:45:00,149.72,149.99,149.62,149.98,63074.96
2026-08-31 14:50:00,149.98,150.12,149.28,149.54,60098.76
2026-08-31 14:55:00,149.54,149.85,149.21,149.26,94853.95
2026-08-31 15:00:00,149.26,149.41,148.6,148.93,213017.92
2026-08-31 15:05:00,148.93,150.01,148.66,149.79,20347.91
2026-08-31 15:10:00,149.79,150.58,149.74,150.5,86087.03
2026-08-31 15:15:00,150.5,150.79,150.03,150.13,1507.89
2026-08-31 15:20:00,150.13,150.15,149.51,149.79,11650.93
2026-08-31 15:25:00,149.79,150.05,149.3,149.5,25995.45
2026-08-31 15:30:00,149.5,149.89,149.24,149.37,6822.79
2026-08-31 15:35:00,149.37,149.52,148.53,148.96,24389.2
2026-08-31 15:40:00,148.96,149.09,148.51,148.75,31302.06
2026-08-31 15:45:00,148.75,148.88,147.82,148.03,120980.52
2026-08-31 15:50:00,148.03,148.08,147.37,147.5,6825.02
2026-08-31 15:55:00,147.5,147.66,147.21,147.25,22430.48
2026-08-31 16:00:00,147.25,147.79,147.06,147.65,20179.35
2026-08-31 16:05:00,147.65,147.91,147.21,147.82,76724.77
2026-08-31 16:10:00,147.82,148.17,147.44,147.97,68258.83
2026-08-31 16:15:00,147.97,148.08,147.54,147.55,7083.38
2026-08-31 16:20:00,147.55,148.36,147.11,147.93,73331.61
2026-08-31 16:25:00,147.93,148.55,147.91,148.41,45135.19
2026-08-31 16:30:00,148.41,148.68,148.24,148.46,71346.63
2026-08-31 16:35:00,148.46,148.54,148.11,148.13,11441.42
2026-08-31 16:40:00,148.13,148.24,147.66,147.79,27656.26
2026-08-31 16:45:00,147.79,148.1,147.4,148.0,55129.6
2026-08-31 16:50:00,148.0,148.53,147.46,148.28,31954.42
2026-08-31 16:55:00,148.28,148.63,148.17,148.53,5875.48
2026-08-31 17:00:00,148.53,148.85,148.42,148.71,34561.43
2026-08-31 17:05:00,148.71,148.99,148.17,148.43,83148.72
2026-08-31 17:10:00,148.43,148.89,148.38,148.58,9080.06
2026-08-31 17:15:00,148.58,149.21,148.06,148.49,28037.39
2026-08-31 17:20:00,148.49,149.14,148.3,148.73,24344.6
2026-08-31 17:25:00,148.73,149.03,148.34,148.86,11316.27
2026-08-31 17:30:00,148.86,149.68,148.85,149.44,8603.06
2026-08-31 17:35:00,149.44,149.65,149.26,149.62,17100.63
2026-08-31 17:40:00,149.62,149.77,149.04,149.21,27659.14
2026-08-31 17:45:00,149.21,149.26,148.95,149.23,57449.41
2026-08-31 17:50:00,149.23,149.51,149.04,149.41,128320.22
2026-08-31 17:55:00,149.41,149.7,149.03,149.07,2119.68
2026-08-31 18:00:00,149.07,149.69,148.75,149.45,164708.89
2026-08-31 18:05:00,149.45,149.54,149.01,149.33,15646.53
2026-08-31 18:10:00,149.33,149.74,149.08,149.54,13798.92
2026-08-31 18:15:00,149.54,149.56,149.33,149.43,14667.54
2026-08-31 18:20:00,149.43,149.74,149.37,149.51,48762.62
2026-08-31 18:25:00,149.51,149.91,149.0,149.19,22583.18
2026-08-31 18:30:00,149.19,149.41,149.02,149.33,47350.16
2026-08-31 18:35:00,149.33,149.6,149.15,149.16,24994.65
2026-08-31 18:40:00,149.16,149.34,148.9,149.07,37239.9
2026-08-31 18:45:00,149.07,149.61,148.94,149.54,20832.6
2026-08-31 18:50:00,149.54,149.6,149.48,149.5,80.99
2026-08-31 18:55:00,149.5,149.72,149.34,149.39,68490.62
2026-08-31 19:00:00,149.39,149.55,149.19,149.33,6302.25
2026-08-31 19:05:00,149.33,149.34,149.07,149.16,58208.63
2026-08-31 19:10:00,149.16,149.23,149.03,149.18,32324.1
2026-08-31 19:15:00,149.18,149.19,148.95,148.97,189030.49
2026-08-31 19:20:00,148.97,149.3,148.78,148.9,42821.41
2026-08-31 19:25:00,148.9,149.17,148.67,149.16,104879.77
2026-08-31 19:30:00,149.16,149.27,148.48,148.49,13352.85
2026-08-31 19:35:00,148.49,148.79,148.25,148.33,14846.09
2026-08-31 19:40:00,148.33,148.36,147.71,147.94,36412.75
2026-08-31 19:45:00,147.94,148.18,147.8,148.15,60248.72
2026-08-31 19:50:00,148.15,148.87,148.14,148.46,25111.76
2026-08-31 19:55:00,148.46,148.61,147.86,147.93,44924.45
2026-08-31 20:00:00,147.93,148.5,147.91,148.37,93650.69
2026-08-31 20:05:00,148.37,149.0,148.24,148.72,129950.55
2026-08-31 20:10:00,148.72,149.01,148.68,148.84,20398.58
2026-08-31 20:15:00,148.84,149.02,148.7,148.81,1266.02
2026-08-31 20:20:00,148.81,148.89,147.89,148.19,122530.7
2026-08-31 20:25:00,148.19,148.3,147.59,147.68,13127.21
2026-08-31 20:30:00,147.68,147.82,146.78,147.26,130853.48
2026-08-31 20:35:00,147.26,147.58,147.0,147.01,40416.02
2026-08-31 20:40:00,147.01,147.3,146.39,147.16,45742.62
2026-08-31 20:45:00,147.16,147.44,146.91,147.08,47634.45
2026-08-31 20:50:00,147.08,147.91,147.07,147.49,20592.88
2026-08-31 20:55:00,147.49,147.77,146.91,147.7,187159.69
2026-08-31 21:00:00,147.7,147.9,147.25,147.31,58200.78
2026-08-31 21:05:00,147.31,147.53,147.14,147.46,1245.28
2026-08-31 21:10:00,147.46,147.48,147.19,147.24,51807.15
2026-08-31 21:15:00,147.24,147.76,146.84,147.62,30766.28
2026-08-31 21:20:00,147.62,147.96,147.22,147.65,125535.28
2026-08-31 21:25:00,147.65,147.69,147.39,147.62,14836.88
2026-08-31 21:30:00,147.62,147.87,147.58,147.84,16899.51
2026-08-31 21:35:00,147.84,148.46,147.83,148.17,16249.93
2026-08-31 21:40:00,148.17,148.35,147.79,148.0,68295.32
2026-08-31 21:45:00,148.0,148.24,147.59,148.01,11157.07
2026-08-31 21:50:00,148.01,148.02,147.77,147.91,55819.0
2026-08-31 21:55:00,147.91,148.09,147.34,147.55,89445.05
2026-08-31 22:00:00,147.55,147.93,146.6,146.73,40364.86
2026-08-31 22:05:00,146.73,147.4,146.29,146.46,73120.93
2026-08-31 22:10:00,146.46,146.79,146.35,146.72,24941.09
2026-08-31 22:15:00,146.72,147.14,146.4,146.91,9601.7
2026-08-31 22:20:00,146.91,146.96,146.82,146.88,26448.53
2026-08-31 22:25:00,146.88,147.0,146.87,146.92,62484.19
2026-08-31 22:30:00,146.92,146.96,146.58,146.95,338262.42
2026-08-31 22:35:00,146.95,147.21,146.21,146.37,118868.14
2026-08-31 22:40:00,146.37,146.45,146.33,146.43,217077.84
2026-08-31 22:45:00,146.43,146.75,146.42,146.5,115439.83
2026-08-31 22:50:00,146.5,146.77,146.01,146.7,396006.0
2026-08-31 22:55:00,146.7,146.81,145.84,145.96,344210.45
2026-08-31 23:00:00,145.96,146.41,145.67,146.34,411813.45
2026-08-31 23:05:00,146.34,146.63,145.88,146.53,94206.95
2026-08-31 23:10:00,146.53,146.68,146.35,146.38,10505.46
2026-08-31 23:15:00,146.38,147.22,146.37,147.22,17003.08
2026-08-31 23:20:00,147.22,147.71,146.88,147.64,16640.61
2026-08-31 23:25:00,147.64,148.0,147.28,147.92,50011.37
2026-08-31 23:30:00,147.92,148.18,147.26,147.93,96332.44
2026-08-31 23:35:00,147.93,148.54,147.75,148.48,22892.16
2026-08-31 23:40:00,148.48,148.94,148.13,148.6,40798.05
2026-08-31 23:45:00,148.6,149.13,148.23,148.32,247360.6
2026-08-31 23:50:00,148.32,149.01,148.11,148.82,149482.69
2026-08-31 23:55:00,148.82,149.44,148.36,148.42,113143.12
2026-09-01 00:00:00,148.42,149.21,148.4,149.13,185880.5
2026-09-01 00:05:00,149.13,149.29,149.01,149.08,35712.8
2026-09-01 00:10:00,149.08,149.45,148.3,148.51,30249.36
2026-09-01 00:15:00,148.51,148.61,148.18,148.26,18543.58
2026-09-01 00:20:00,148.26,149.04,148.18,148.6,5323.91
2026-09-01 00:25:00,148.6,149.16,148.44,149.11,4202.62
2026-09-01 00:30:00,149.11,149.85,148.89,149.67,13133.95
2026-09-01 00:35:00,149.67,150.24,149.31,149.36,309442.23
2026-09-01 00:40:00,149.36,149.85,149.17,149.57,67.33
2026-09-01 00:45:00,149.57,150.18,149.1,149.24,404161.15
2026-09-01 00:50:00,149.24,149.55,148.58,148.75,190086.77
2026-09-01 00:55:00,148.75,148.94,148.53,148.54,3404.04
2026-09-01 01:00:00,148.54,148.68,148.22,148.42,59286.85
2026-09-01 01:05:00,148.42,148.79,148.11,148.66,1010.59
2026-09-01 01:10:00,148.66,149.05,148.65,148.95,70314.36
2026-09-01 01:15:00,148.95,149.54,148.77,148.82,85473.66
2026-09-01 01:20:00,148.82,148.97,148.55,148.66,175013.37
2026-09-01 01:25:00,148.66,148.73,147.79,148.18,10676.88
2026-09-01 01:30:00,148.18,148.33,147.53,147.97,33397.26
2026-09-01 01:35:00,147.97,148.66,147.53,148.53,6848.98
2026-09-01 01:40:00,148.53,149.17,148.47,148.82,35997.89
2026-09-01 01:45:00,148.82,149.06,148.6,148.68,69519.44
2026-09-01 01:50:00,148.68,148.73,148.51,148.54,11148.95
2026-09-01 01:55:00,148.54,148.8,148.34,148.66,52716.71
2026-09-01 02:00:00,148.66,149.21,148.54,148.98,55521.33
2026-09-01 02:05:00,148.98,149.52,148.49,148.63,69531.81
2026-09-01 02:10:00,148.63,148.9,148.57,148.64,38043.19
2026-09-01 02:15:00,148.64,149.35,148.36,148.95,68446.99
2026-09-01 02:20:00,148.95,149.5,148.58,149.31,93388.05
2026-09-01 02:25:00,149.31,149.69,149.11,149.69,7012.79
2026-09-01 02:30:00,149.69,149.76,149.25,149.42,101572.36
2026-09-01 02:35:00,149.42,149.67,149.04,149.34,20795.8
2026-09-01 02:40:00,149.34,149.86,149.04,149.7,95329.83
2026-09-01 02:45:00,149.7,150.28,149.59,149.89,37051.15
2026-09-01 02:50:00,149.89,150.58,149.79,150.44,1558.31
2026-09-01 02:55:00,150.44,151.06,150.14,150.26,151351.04
2026-09-01 03:00:00,150.26,151.12,150.08,150.88,88992.49
2026-09-01 03:05:00,150.88,151.27,150.34,150.48,256953.47
2026-09-01 03:10:00,150.48,150.88,150.33,150.61,16247.22
2026-09-01 03:15:00,150.61,150.84,150.47,150.51,24045.72
2026-09-01 03:20:00,150.51,151.1,150.33,150.98,20713.69
2026-09-01 03:25:00,150.98,151.34,150.8,150.86,487253.52
2026-09-01 03:30:00,150.86,151.2,150.44,150.53,156466.75
2026-09-01 03:35:00,150.53,150.68,150.06,150.27,25119.85
2026-09-01 03:40:00,150.27,150.52,150.04,150.23,12100.13
2026-09-01 03:45:00,150.23,151.17,149.95,150.78,144819.8
2026-09-01 03:50:00,150.78,151.37,150.19,150.34,171698.5
2026-09-01 03:55:00,150.34,150.37,149.59,149.99,4292.73
2026-09-01 04:00:00,149.99,151.22,149.88,150.93,21889.7
2026-09-01 04:05:00,150.93,151.03,150.85,150.94,79349.95
2026-09-01 04:10:00,150.94,150.97,150.34,150.35,107204.84
2026-09-01 04:15:00,150.35,150.64,150.14,150.62,70455.63
2026-09-01 04:20:00,150.62,151.36,150.37,151.15,14083.51
2026-09-01 04:25:00,151.15,151.3,151.01,151.19,109219.81
2026-09-01 04:30:00,151.19,151.59,151.12,151.3,78369.9
2026-09-01 04:35:00,151.3,151.65,151.01,151.1,122131.34
2026-09-01 04:40:00,151.1,151.51,150.88,151.43,32709.34
2026-09-01 04:45:00,151.43,152.1,151.24,151.96,3259.42
2026-09-01 04:50:00,151.96,152.45,151.49,151.62,31.64
2026-09-01 04:55:00,151.62,152.51,151.37,152.33,104860.76
2026-09-01 05:00:00,152.33,152.61,152.24,152.58,6328.74
2026-09-01 05:05:00,152.58,152.63,152.42,152.59,6614.87
2026-09-01 05:10:00,152.59,152.68,152.03,152.2,54413.43
2026-09-01 05:15:00,152.2,152.76,151.78,152.69,63291.99
2026-09-01 05:20:00,152.69,152.86,152.16,152.33,102679.75
2026-09-01 05:25:00,152.33,152.93,152.26,152.41,5939.44
2026-09-01 05:30:00,152.41,152.93,151.97,152.07,19199.16
2026-09-01 05:35:00,152.07,152.38,151.81,151.88,127525.64
2026-09-01 05:40:00,151.88,152.34,151.62,151.7,445103.0
2026-09-01 05:45:00,151.7,151.87,151.6,151.77,18016.68
2026-09-01 05:50:00,151.77,152.13,151.62,151.78,100252.82
2026-09-01 05:55:00,151.78,151.98,151.21,151.48,10226.16
2026-09-01 06:00:00,151.48,151.49,150.14,150.35,26386.14
2026-09-01 06:05:00,150.35,150.74,150.3,150.54,7042.6
2026-09-01 06:10:00,150.54,150.83,150.18,150.4,116739.6
2026-09-01 06:15:00,150.4,151.42,150.14,151.03,43621.63
2026-09-01 06:20:00,151.03,151.21,150.67,151.15,15570.41
2026-09-01 06:25:00,151.15,152.04,150.88,151.82,23775.57
2026-09-01 06:30:00,151.82,152.3,151.49,151.63,447008.73
2026-09-01 06:35:00,151.63,151.78,151.14,151.46,6702.89
2026-09-01 06:40:00,151.46,152.0,151.05,151.16,172511.57
2026-09-01 06:45:00,151.16,151.26,150.46,150.84,46589.47
2026-09-01 06:50:00,150.84,150.86,150.58,150.8,34576.79
2026-09-01 06:55:00,150.8,151.28,150.66,151.21,6947.32
2026-09-01 07:00:00,151.21,151.47,151.08,151.25,24677.72
2026-09-01 07:05:00,151.25,152.04,150.94,151.46,8180.23
2026-09-01 07:10:00,151.46,151.55,150.97,151.15,20034.61
2026-09-01 07:15:00,151.15,151.53,150.59,150.78,203160.23
2026-09-01 07:20:00,150.78,150.83,150.71,150.74,25508.83
2026-09-01 07:25:00,150.74,151.28,150.64,151.2,51539.63
2026-09-01 07:30:00,151.2,151.4,150.35,150.77,14866.44
2026-09-01 07:35:00,150.77,151.62,150.67,151.47,84607.75
2026-09-01 07:40:00,151.47,151.69,151.32,151.44,210360.76
2026-09-01 07:45:00,151.44,151.58,151.16,151.17,4293.37
2026-09-01 07:50:00,151.17,151.45,150.54,150.67,67201.51
2026-09-01 07:55:00,150.67,150.93,150.58,150.64,72784.42
2026-09-01 08:00:00,150.64,150.75,150.51,150.7,16446.75
2026-09-01 08:05:00,150.7,150.74,150.12,150.16,92757.73
2026-09-01 08:10:00,150.16,150.4,149.14,149.52,27805.14
2026-09-01 08:15:00,149.52,149.73,149.49,149.71,99874.66
2026-09-01 08:20:00,149.71,149.93,149.15,149.83,19488.64
2026-09-01 08:25:00,149.83,150.1,149.31,149.98,208079.25
2026-09-01 08:30:00,149.98,150.65,149.9,150.52,177680.79
2026-09-01 08:35:00,150.52,151.18,150.32,150.77,3938.55
2026-09-01 08:40:00,150.77,151.21,149.92,150.25,1941.04
2026-09-01 08:45:00,150.25,150.4,149.59,149.8,75530.98
2026-09-01 08:50:00,149.8,150.22,148.14,148.62,67421.11
2026-09-01 08:55:00,148.62,149.05,148.21,148.85,4284.12
2026-09-01 09:00:00,148.85,149.14,148.45,149.07,883898.55
2026-09-01 09:05:00,149.07,149.37,148.36,148.64,82358.34
2026-09-01 09:10:00,148.64,148.87,147.48,147.48,41404.8
2026-09-01 09:15:00,147.48,147.53,146.79,146.97,81073.38
2026-09-01 09:20:00,146.97,147.02,146.61,146.75,125153.38
2026-09-01 09:25:00,146.75,147.17,146.69,146.7,14806.87
2026-09-01 09:30:00,146.7,147.05,146.19,146.93,184008.26
2026-09-01 09:35:00,146.93,147.43,146.73,147.34,2678.93
2026-09-01 09:40:00,147.34,147.52,146.7,146.81,31227.78
2026-09-01 09:45:00,146.81,146.94,146.33,146.92,59106.04
2026-09-01 09:50:00,146.92,147.94,146.63,147.65,17186.26
2026-09-01 09:55:00,147.65,148.59,147.38,148.19,3515.96
2026-09-01 10:00:00,148.19,148.39,147.76,148.34,58230.67
2026-09-01 10:05:00,148.34,148.68,147.99,148.63,144431.26
2026-09-01 10:10:00,148.63,149.21,148.39,149.07,71545.39
2026-09-01 10:15:00,149.07,149.56,148.97,149.34,13292.17
2026-09-01 10:20:00,149.34,149.62,148.9,149.48,321822.93
2026-09-01 10:25:00,149.48,149.59,149.06,149.41,4955.09
2026-09-01 10:30:00,149.41,150.47,149.36,149.78,25736.74
2026-09-01 10:35:00,149.78,150.09,149.68,149.97,90009.37
2026-09-01 10:40:00,149.97,150.28,149.89,150.12,46250.07
2026-09-01 10:45:00,150.12,150.53,149.77,149.8,88789.22
2026-09-01 10:50:00,149.8,150.06,149.09,149.1,61744.12
2026-09-01 10:55:00,149.1,149.39,148.67,149.29,66216.72
2026-09-01 11:00:00,149.29,149.83,148.89,149.73,1963.36
2026-09-01 11:05:00,149.73,150.48,149.65,150.27,66564.29
2026-09-01 11:10:00,150.27,150.62,149.72,150.51,80128.0
2026-09-01 11:15:00,150.51,150.72,149.36,149.5,184047.9
2026-09-01 11:20:00,149.5,149.66,149.24,149.29,29612.22
2026-09-01 11:25:00,149.29,149.61,148.92,149.34,143473.89
2026-09-01 11:30:00,149.34,149.52,149.14,149.5,30944.38
2026-09-01 11:35:00,149.5,149.61,149.3,149.42,85698.98
2026-09-01 11:40:00,149.42,149.79,149.32,149.47,14199.08
2026-09-01 11:45:00,149.47,149.83,149.32,149.7,12172.51
2026-09-01 11:50:00,149.7,150.63,149.51,150.57,90117.75
2026-09-01 11:55:00,150.57,150.64,150.44,150.5,38311.13
2026-09-01 12:00:00,150.5,150.92,150.26,150.62,33621.87
2026-09-01 12:05:00,150.62,151.27,150.41,150.94,15975.88
2026-09-01 12:10:00,150.94,151.04,150.24,150.53,12115.28
2026-09-01 12:15:00,150.53,150.79,150.48,150.67,6135.75
2026-09-01 12:20:00,150.67,151.33,150.44,151.13,114712.86
2026-09-01 12:25:00,151.13,151.56,151.03,151.19,22690.77
2026-09-01 12:30:00,151.19,151.75,150.89,150.95,51620.03
2026-09-01 12:35:00,150.95,151.75,150.8,151.41,107852.3
2026-09-01 12:40:00,151.41,151.8,151.07,151.2,336245.27
2026-09-01 12:45:00,151.2,151.34,150.59,150.84,41404.09
2026-09-01 12:50:00,150.84,151.07,150.78,150.89,37428.88
2026-09-01 12:55:00,150.89,151.88,150.75,151.76,104.93
2026-09-01 13:00:00,151.76,151.92,151.15,151.57,58229.59
2026-09-01 13:05:00,151.57,151.88,151.2,151.28,118216.73
2026-09-01 13:10:00,151.28,151.83,151.04,151.1,156115.35
2026-09-01 13:15:00,151.1,151.54,151.1,151.35,38776.16
2026-09-01 13:20:00,151.35,151.8,150.98,151.12,4868.62
2026-09-01 13:25:00,151.12,151.64,151.06,151.43,23948.41
2026-09-01 13:30:00,151.43,151.72,151.26,151.6,76779.5
2026-09-01 13:35:00,151.6,151.9,151.21,151.9,70602.99
2026-09-01 13:40:00,151.9,152.01,151.52,151.56,72110.66
2026-09-01 13:45:00,151.56,151.88,151.3,151.4,47034.04
2026-09-01 13:50:00,151.4,151.57,151.23,151.33,11884.34
2026-09-01 13:55:00,151.33,152.2,151.24,151.96,82238.53
2026-09-01 14:00:00,151.96,152.63,151.39,151.53,132844.66
2026-09-01 14:05:00,151.53,152.13,151.2,151.28,164531.98
2026-09-01 14:10:00,151.28,151.74,150.93,150.99,149058.83
2026-09-01 14:15:00,150.99,151.54,150.73,151.49,39996.35
2026-09-01 14:20:00,151.49,151.6,151.19,151.26,19910.92
2026-09-01 14:25:00,151.26,151.43,150.71,151.33,28250.79
2026-09-01 14:30:00,151.33,151.57,150.6,150.69,47360.85
2026-09-01 14:35:00,150.69,150.76,149.64,149.96,26839.85
2026-09-01 14:40:00,149.96,150.96,149.93,150.46,12610.62
2026-09-01 14:45:00,150.46,150.58,149.91,150.15,81046.85
2026-09-01 14:50:00,150.15,150.18,149.21,149.61,28262.03
2026-09-01 14:55:00,149.61,150.65,149.0,150.39,42963.04
2026-09-01 15:00:00,150.39,150.51,150.32,150.46,66019.79
2026-09-01 15:05:00,150.46,150.7,150.39,150.51,181626.05
2026-09-01 15:10:00,150.51,150.77,150.19,150.26,82297.75
2026-09-01 15:15:00,150.26,150.72,150.24,150.39,12903.73
2026-09-01 15:20:00,150.39,150.65,150.3,150.6,50878.27
2026-09-01 15:25:00,150.6,151.02,149.77,150.18,44683.74
2026-09-01 15:30:00,150.18,150.61,149.88,150.26,23951.05
2026-09-01 15:35:00,150.26,150.67,149.71,149.79,20536.44
2026-09-01 15:40:00,149.79,150.4,149.23,150.27,14485.45
2026-09-01 15:45:00,150.27,150.79,150.19,150.55,16954.52
2026-09-01 15:50:00,150.55,150.65,149.76,150.06,5534.65
2026-09-01 15:55:00,150.06,150.07,148.98,149.58,7826.73
2026-09-01 16:00:00,149.58,149.59,149.54,149.57,4666.7
2026-09-01 16:05:00,149.57,150.0,149.36,149.58,63045.03
2026-09-01 16:10:00,149.58,149.86,148.95,149.76,79053.51
2026-09-01 16:15:00,149.76,150.2,149.72,149.8,22475.73
2026-09-01 16:20:00,149.8,150.02,149.23,149.88,21225.23
2026-09-01 16:25:00,149.88,149.94,149.49,149.6,7819.12
2026-09-01 16:30:00,149.6,149.95,149.17,149.89,136853.58
2026-09-01 16:35:00,149.89,150.06,149.34,149.62,32278.93
2026-09-01 16:40:00,149.62,149.97,148.78,149.33,46726.07
2026-09-01 16:45:00,149.33,149.56,148.34,148.61,8221.76
2026-09-01 16:50:00,148.61,149.16,148.15,148.88,38668.1
2026-09-01 16:55:00,148.88,149.19,148.48,149.09,170867.36
2026-09-01 17:00:00,149.09,149.53,148.47,148.49,15930.75
2026-09-01 17:05:00,148.49,148.95,148.08,148.82,120808.13
2026-09-01 17:10:00,148.82,149.16,148.56,148.6,119928.49
2026-09-01 17:15:00,148.6,149.27,148.5,149.06,26803.64
2026-09-01 17:20:00,149.06,149.59,148.74,149.49,326719.32
2026-09-01 17:25:00,149.49,149.68,149.37,149.37,14129.57
2026-09-01 17:30:00,149.37,149.63,149.25,149.49,6604.94
2026-09-01 17:35:00,149.49,149.59,149.24,149.44,82.6
2026-09-01 17:40:00,149.44,149.69,148.91,149.63,137674.57
2026-09-01 17:45:00,149.63,149.67,149.31,149.49,25795.04
2026-09-01 17:50:00,149.49,150.25,149.2,150.14,29305.67
2026-09-01 17:55:00,150.14,150.45,150.02,150.07,68486.73
2026-09-01 18:00:00,150.07,150.08,149.98,150.04,27492.52
2026-09-01 18:05:00,150.04,151.05,149.85,150.88,19009.37
2026-09-01 18:10:00,150.88,151.51,150.75,151.23,7520.56
2026-09-01 18:15:00,151.23,151.35,150.7,150.97,21199.17
2026-09-01 18:20:00,150.97,151.34,149.7,150.25,16729.13
2026-09-01 18:25:00,150.25,150.49,150.12,150.46,91261.15
2026-09-01 18:30:00,150.46,150.92,150.36,150.76,169767.37
2026-09-01 18:35:00,150.76,150.81,150.31,150.38,68680.84
2026-09-01 18:40:00,150.38,150.46,150.27,150.32,172527.13
2026-09-01 18:45:00,150.32,151.03,150.29,150.8,53561.7
2026-09-01 18:50:00,150.8,151.32,150.64,151.15,34269.16
2026-09-01 18:55:00,151.15,151.64,150.92,151.5,9056.35
2026-09-01 19:00:00,151.5,151.76,151.36,151.38,92307.16
2026-09-01 19:05:00,151.38,151.64,151.19,151.48,54575.08
2026-09-01 19:10:00,151.48,151.68,150.8,151.3,82641.28
2026-09-01 19:15:00,151.3,151.48,150.74,150.93,55235.78
2026-09-01 19:20:00,150.93,151.22,150.27,150.62,4411.79
2026-09-01 19:25:00,150.62,150.63,149.72,150.08,26114.37
2026-09-01 19:30:00,150.08,150.36,149.53,149.6,36007.14
2026-09-01 19:35:00,149.6,150.06,149.28,150.01,46196.64
2026-09-01 19:40:00,150.01,150.17,149.89,150.12,110778.69
2026-09-01 19:45:00,150.12,150.39,149.0,149.5,101040.99
2026-09-01 19:50:00,149.5,150.02,149.23,149.34,52539.62
2026-09-01 19:55:00,149.34,149.37,149.04,149.15,41984.54
2026-09-01 20:00:00,149.15,149.26,147.8,148.19,40250.25
2026-09-01 20:05:00,148.19,148.67,147.73,148.52,333935.49
2026-09-01 20:10:00,148.52,148.74,148.23,148.69,63449.31
2026-09-01 20:15:00,148.69,149.05,148.39,148.97,417323.61
2026-09-01 20:20:00,148.97,149.2,148.57,148.93,84725.53
2026-09-01 20:25:00,148.93,149.02,147.91,147.94,79258.12
2026-09-01 20:30:00,147.94,148.47,147.33,148.32,209745.18
2026-09-01 20:35:00,148.32,149.1,148.3,148.68,41350.16
2026-09-01 20:40:00,148.68,148.77,148.3,148.38,29169.18
2026-09-01 20:45:00,148.38,148.79,147.94,148.74,77934.57
2026-09-01 20:50:00,148.74,149.21,148.51,149.19,5698.43
2026-09-01 20:55:00,149.19,149.19,148.99,149.18,87960.1
2026-09-01 21:00:00,149.18,149.23,148.33,148.41,66794.51
2026-09-01 21:05:00,148.41,148.87,148.01,148.56,130140.5
2026-09-01 21:10:00,148.56,149.07,148.14,148.93,129293.39
2026-09-01 21:15:00,148.93,149.95,148.45,149.6,2249.8
2026-09-01 21:20:00,149.6,149.8,149.19,149.55,21328.45
2026-09-01 21:25:00,149.55,150.09,149.43,149.92,22094.45
2026-09-01 21:30:00,149.92,150.78,149.77,150.35,43423.69
2026-09-01 21:35:00,150.35,151.4,150.32,151.24,67270.03
2026-09-01 21:40:00,151.24,151.37,151.2,151.26,35713.71
2026-09-01 21:45:00,151.26,151.79,151.08,151.54,25557.58
2026-09-01 21:50:00,151.54,151.64,151.15,151.35,23235.21
2026-09-01 21:55:00,151.35,151.4,150.53,150.95,109695.77
2026-09-01 22:00:00,150.95,151.05,150.7,150.97,10453.5
2026-09-01 22:05:00,150.97,151.23,150.9,150.91,64633.34
2026-09-01 22:10:00,150.91,151.06,150.72,150.95,68288.24
2026-09-01 22:15:00,150.95,151.0,150.48,150.6,1543.56
2026-09-01 22:20:00,150.6,150.93,150.59,150.81,11140.17
2026-09-01 22:25:00,150.81,151.38,150.67,151.21,201290.99
2026-09-01 22:30:00,151.21,151.39,151.15,151.23,77816.87
2026-09-01 22:35:00,151.23,151.37,150.67,150.73,34653.6
2026-09-01 22:40:00,150.73,150.75,150.04,150.62,29516.02
2026-09-01 22:45:00,150.62,150.91,149.4,149.56,30214.72
2026-09-01 22:50:00,149.56,149.98,149.47,149.68,8928.68
2026-09-01 22:55:00,149.68,150.04,149.49,149.92,145373.85
2026-09-01 23:00:00,149.92,150.39,148.82,148.92,134250.67
2026-09-01 23:05:00,148.92,149.02,147.92,148.03,115870.25
2026-09-01 23:10:00,148.03,148.46,148.0,148.41,18839.01
2026-09-01 23:15:00,148.41,148.71,148.27,148.7,15760.11
2026-09-01 23:20:00,148.7,149.49,148.56,149.38,207390.25
2026-09-01 23:25:00,149.38,150.07,149.24,149.75,13003.06
2026-09-01 23:30:00,149.75,150.18,149.64,149.94,90201.0
2026-09-01 23:35:00,149.94,150.71,149.85,150.42,52731.75
2026-09-01 23:40:00,150.42,150.79,149.74,149.87,11709.86
2026-09-01 23:45:00,149.87,150.26,149.03,149.38,20589.89
2026-09-01 23:50:00,149.38,149.42,149.26,149.35,28283.84
2026-09-01 23:55:00,149.35,149.57,149.09,149.46,145871.06
2026-09-02 00:00:00,149.46,149.95,149.07,149.95,28728.89
2026-09-02 00:05:00,149.95,149.99,149.39,149.41,1960.7
2026-09-02 00:10:00,149.41,149.46,149.26,149.33,15349.47
2026-09-02 00:15:00,149.33,149.44,148.9,148.92,63825.01
2026-09-02 00:20:00,148.92,149.24,148.55,148.66,103311.83
2026-09-02 00:25:00,148.66,148.82,148.44,148.55,31096.68
2026-09-02 00:30:00,148.55,149.06,148.46,148.92,87910.01
2026-09-02 00:35:00,148.92,149.79,148.89,149.61,155142.8
2026-09-02 00:40:00,149.61,150.16,149.09,149.53,5431.83
2026-09-02 00:45:00,149.53,149.66,149.08,149.63,23642.53
2026-09-02 00:50:00,149.63,149.79,149.36,149.44,6691.08
2026-09-02 00:55:00,149.44,149.9,149.16,149.86,9601.02
2026-09-02 01:00:00,149.86,150.21,149.48,149.92,31554.66
2026-09-02 01:05:00,149.92,150.14,149.85,149.89,10860.27
2026-09-02 01:10:00,149.89,150.78,149.77,150.75,131835.67
2026-09-02 01:15:00,150.75,151.38,150.69,151.07,5670.32
2026-09-02 01:20:00,151.07,151.16,150.9,151.14,26267.04
2026-09-02 01:25:00,151.14,151.39,150.21,150.24,27533.61
2026-09-02 01:30:00,150.24,151.11,150.21,150.78,16725.67
2026-09-02 01:35:00,150.78,150.82,150.31,150.47,9449.69
2026-09-02 01:40:00,150.47,150.55,150.09,150.12,10048.39
2026-09-02 01:45:00,150.12,150.4,149.83,149.92,8727.19
2026-09-02 01:50:00,149.92,150.04,149.47,149.67,28589.34
2026-09-02 01:55:00,149.67,149.81,149.56,149.73,48015.35
2026-09-02 02:00:00,149.73,149.8,149.15,149.16,33228.2
2026-09-02 02:05:00,149.16,149.22,148.51,148.61,146456.44
2026-09-02 02:10:00,148.61,148.68,147.75,148.23,62112.23
2026-09-02 02:15:00,148.23,149.3,147.74,149.05,8677.48
2026-09-02 02:20:00,149.05,149.86,148.8,149.72,73028.18
2026-09-02 02:25:00,149.72,149.82,149.7,149.77,27144.27
2026-09-02 02:30:00,149.77,150.35,149.72,149.89,22453.93
2026-09-02 02:35:00,149.89,150.11,149.37,149.91,12200.79
2026-09-02 02:40:00,149.91,149.93,149.56,149.61,88985.03
2026-09-02 02:45:00,149.61,149.86,148.97,149.08,4077.34
2026-09-02 02:50:00,149.08,149.2,148.38,148.81,122287.4
2026-09-02 02:55:00,148.81,149.12,148.11,148.57,72751.11
2026-09-02 03:00:00,148.57,148.75,148.5,148.64,51038.65
2026-09-02 03:05:00,148.64,149.21,148.37,148.78,8410.3
2026-09-02 03:10:00,148.78,149.15,148.74,149.02,14240.99
2026-09-02 03:15:00,149.02,149.18,148.61,148.62,71020.78
2026-09-02 03:20:00,148.62,148.99,147.94,148.35,89301.09
2026-09-02 03:25:00,148.35,148.69,148.09,148.5,30077.7
2026-09-02 03:30:00,148.5,149.04,148.33,148.74,213.37
2026-09-02 03:35:00,148.74,148.94,148.02,148.27,117100.47
2026-09-02 03:40:00,148.27,148.92,148.0,148.81,10639.91
2026-09-02 03:45:00,148.81,149.04,148.79,148.86,5882.88
2026-09-02 03:50:00,148.86,148.91,148.36,148.61,15051.65
2026-09-02 03:55:00,148.61,149.08,148.34,148.68,15723.1
2026-09-02 04:00:00,148.68,148.86,148.44,148.82,9846.62
2026-09-02 04:05:00,148.82,149.02,147.95,148.23,44925.16
2026-09-02 04:10:00,148.23,148.35,147.5,147.8,74434.22
2026-09-02 04:15:00,147.8,148.47,147.54,148.34,58274.4
2026-09-02 04:20:00,148.34,148.68,148.17,148.67,220579.77
2026-09-02 04:25:00,148.67,149.77,148.39,149.38,24226.41
2026-09-02 04:30:00,149.38,149.44,148.79,149.4,8493.26
2026-09-02 04:35:00,149.4,149.48,149.23,149.34,28928.32
2026-09-02 04:40:00,149.34,149.66,149.1,149.28,39343.4
2026-09-02 04:45:00,149.28,149.61,149.19,149.32,182164.36
2026-09-02 04:50:00,149.32,149.89,148.54,149.84,168280.18
2026-09-02 04:55:00,149.84,150.06,149.33,149.44,4296.68
2026-09-02 05:00:00,149.44,150.14,149.08,149.83,36097.32
2026-09-02 05:05:00,149.83,150.33,149.67,149.74,36173.87
2026-09-02 05:10:00,149.74,150.0,149.53,149.6,61905.08
2026-09-02 05:15:00,149.6,149.73,149.19,149.28,115788.79
2026-09-02 05:20:00,149.28,149.94,149.24,149.82,45290.9
2026-09-02 05:25:00,149.82,149.94,149.67,149.75,34161.44
2026-09-02 05:30:00,149.75,150.13,149.34,149.69,63470.68
2026-09-02 05:35:00,149.69,149.99,149.26,149.6,72987.24
2026-09-02 05:40:00,149.6,149.94,149.51,149.71,10323.67
2026-09-02 05:45:00,149.71,150.08,149.68,149.91,31124.6
2026-09-02 05:50:00,149.91,150.12,148.99,149.08,16509.93
2026-09-02 05:55:00,149.08,149.1,148.48,148.53,92789.91
2026-09-02 06:00:00,148.53,148.54,148.1,148.39,47889.92
2026-09-02 06:05:00,148.39,148.4,147.94,147.99,86763.49
2026-09-02 06:10:00,147.99,148.38,147.53,148.28,9167.7
2026-09-02 06:15:00,148.28,148.4,148.2,148.3,59921.92
2026-09-02 06:20:00,148.3,148.38,147.71,148.08,101598.23
2026-09-02 06:25:00,148.08,148.34,147.94,148.21,91541.67
2026-09-02 06:30:00,148.21,148.43,147.92,148.36,118259.62
2026-09-02 06:35:00,148.36,148.68,147.8,147.96,4374.01
2026-09-02 06:40:00,147.96,148.31,147.55,148.25,25146.34
2026-09-02 06:45:00,148.25,148.76,147.81,148.67,75360.17
2026-09-02 06:50:00,148.67,148.74,148.34,148.38,43074.61
2026-09-02 06:55:00,148.38,148.99,148.26,148.83,65006.91
2026-09-02 07:00:00,148.83,149.12,148.72,149.04,24487.04
2026-09-02 07:05:00,149.04,149.19,148.37,148.52,33055.73
2026-09-02 07:10:00,148.52,148.65,148.17,148.35,151230.44
2026-09-02 07:15:00,148.35,148.72,147.93,148.23,10105.19
2026-09-02 07:20:00,148.23,148.63,147.92,148.46,11503.67
2026-09-02 07:25:00,148.46,148.69,147.84,148.63,27990.06
2026-09-02 07:30:00,148.63,148.94,148.58,148.67,22980.58
2026-09-02 07:35:00,148.67,148.88,147.89,148.43,1879.25
2026-09-02 07:40:00,148.43,148.45,147.96,148.29,215903.57
2026-09-02 07:45:00,148.29,148.79,148.18,148.46,91556.72
2026-09-02 07:50:00,148.46,148.52,148.35,148.5,42165.0
2026-09-02 07:55:00,148.5,149.2,148.43,148.81,139671.75
2026-09-02 08:00:00,148.81,148.93,148.6,148.68,31416.29
2026-09-02 08:05:00,148.68,149.33,148.66,149.28,39486.94
2026-09-02 08:10:00,149.28,150.53,149.12,150.01,49992.56
2026-09-02 08:15:00,150.01,150.44,149.55,150.38,6155.77
2026-09-02 08:20:00,150.38,151.03,149.95,150.07,2230.43
2026-09-02 08:25:00,150.07,150.51,149.93,149.97,50535.55
2026-09-02 08:30:00,149.97,150.84,149.88,150.36,161669.14
2026-09-02 08:35:00,150.36,150.65,150.1,150.17,390283.18
2026-09-02 08:40:00,150.17,150.44,149.76,150.01,95333.16
2026-09-02 08:45:00,150.01,150.55,149.6,149.66,170086.45
2026-09-02 08:50:00,149.66,149.96,149.3,149.86,18766.63
2026-09-02 08:55:00,149.86,149.87,149.4,149.75,3345.54
2026-09-02 09:00:00,149.75,150.17,149.57,149.62,108894.53
2026-09-02 09:05:00,149.62,150.46,149.59,150.17,13983.49
2026-09-02 09:10:00,150.17,150.71,149.82,149.92,730759.87
2026-09-02 09:15:00,149.92,150.02,149.48,149.49,93248.44
2026-09-02 09:20:00,149.49,150.22,149.28,150.0,16067.14
2026-09-02 09:25:00,150.0,150.06,149.93,150.01,29839.39
2026-09-02 09:30:00,150.01,150.35,149.96,149.98,10001.13
2026-09-02 09:35:00,149.98,150.58,149.86,150.25,21900.32
2026-09-02 09:40:00,150.25,150.87,149.99,150.08,760813.19
2026-09-02 09:45:00,150.08,150.48,149.59,149.71,397459.1
2026-09-02 09:50:00,149.71,150.36,149.49,149.96,22988.16
2026-09-02 09:55:00,149.96,150.03,149.73,149.9,4974.58
2026-09-02 10:00:00,149.9,150.48,149.48,150.37,11331.87
2026-09-02 10:05:00,150.37,150.96,150.06,150.13,223533.59
2026-09-02 10:10:00,150.13,150.17,149.63,149.95,36298.98
2026-09-02 10:15:00,149.95,150.45,149.62,149.75,30826.39
2026-09-02 10:20:00,149.75,150.18,149.38,149.5,35486.72
2026-09-02 10:25:00,149.5,149.75,148.61,148.73,32765.4
2026-09-02 10:30:00,148.73,148.88,148.69,148.84,38046.43
2026-09-02 10:35:00,148.84,149.63,148.5,149.37,56058.5
2026-09-02 10:40:00,149.37,149.54,149.32,149.46,74920.77
2026-09-02 10:45:00,149.46,149.56,149.15,149.18,60374.74
2026-09-02 10:50:00,149.18,149.42,148.66,148.78,101371.15
2026-09-02 10:55:00,148.78,149.35,148.76,149.3,73686.56
2026-09-02 11:00:00,149.3,149.46,148.82,148.95,231365.05
2026-09-02 11:05:00,148.95,149.4,148.7,149.22,151021.97
2026-09-02 11:10:00,149.22,149.71,148.71,148.75,18717.13
2026-09-02 11:15:00,148.75,149.14,148.44,148.44,303692.44
2026-09-02 11:20:00,148.44,148.95,148.37,148.82,120783.25
2026-09-02 11:25:00,148.82,149.66,148.69,149.56,17398.15
2026-09-02 11:30:00,149.56,149.67,149.13,149.37,95674.58
2026-09-02 11:35:00,149.37,149.54,149.22,149.42,245641.55
2026-09-02 11:40:00,149.42,150.03,149.37,150.02,32278.34
2026-09-02 11:45:00,150.02,150.39,149.6,150.11,56872.75
2026-09-02 11:50:00,150.11,150.63,149.81,149.87,233109.46
2026-09-02 11:55:00,149.87,150.7,149.6,150.56,83959.04
2026-09-02 12:00:00,150.56,150.81,149.49,149.7,58903.78
2026-09-02 12:05:00,149.7,149.88,149.25,149.53,31340.84
2026-09-02 12:10:00,149.53,150.27,149.13,149.86,38005.5
2026-09-02 12:15:00,149.86,149.89,149.29,149.72,90643.2
2026-09-02 12:20:00,149.72,149.79,149.61,149.75,45578.76
2026-09-02 12:25:00,149.75,150.04,149.55,149.66,178517.96
2026-09-02 12:30:00,149.66,150.34,149.65,150.26,177079.59
2026-09-02 12:35:00,150.26,151.15,150.09,150.94,27313.3
2026-09-02 12:40:00,150.94,151.53,149.95,150.41,52468.64
2026-09-02 12:45:00,150.41,151.05,150.41,150.81,93527.77
2026-09-02 12:50:00,150.81,150.98,150.29,150.39,3332.21
2026-09-02 12:55:00,150.39,150.81,150.37,150.7,11924.73
2026-09-02 13:00:00,150.7,150.82,150.4,150.59,791.87
2026-09-02 13:05:00,150.59,150.61,150.25,150.3,90477.08
2026-09-02 13:10:00,150.3,150.53,150.01,150.14,43894.74
2026-09-02 13:15:00,150.14,151.16,149.84,150.84,5185.85
2026-09-02 13:20:00,150.84,150.87,150.44,150.58,122152.54
2026-09-02 13:25:00,150.58,150.7,150.2,150.69,44835.99
2026-09-02 13:30:00,150.69,151.26,150.19,150.29,26740.07
2026-09-02 13:35:00,150.29,150.47,149.67,149.94,16556.21
2026-09-02 13:40:00,149.94,150.28,149.59,150.1,17680.44
2026-09-02 13:45:00,150.1,150.39,149.75,149.83,3783.96
2026-09-02 13:50:00,149.83,150.13,149.72,149.85,1507.11
2026-09-02 13:55:00,149.85,150.1,149.51,149.69,99167.74
2026-09-02 14:00:00,149.69,150.52,149.35,150.23,3994.82
2026-09-02 14:05:00,150.23,150.6,150.21,150.48,8449.71
2026-09-02 14:10:00,150.48,150.89,150.27,150.35,106378.06
2026-09-02 14:15:00,150.35,150.76,150.06,150.18,148692.13
2026-09-02 14:20:00,150.18,150.71,149.94,150.03,130235.49
2026-09-02 14:25:00,150.03,150.04,149.94,149.97,16816.04
2026-09-02 14:30:00,149.97,150.29,149.52,149.53,52746.23
2026-09-02 14:35:00,149.53,149.95,149.1,149.66,175277.8
2026-09-02 14:40:00,149.66,149.8,149.28,149.65,11079.95
2026-09-02 14:45:00,149.65,149.69,149.48,149.56,75763.07
2026-09-02 14:50:00,149.56,149.97,149.37,149.71,27142.93
2026-09-02 14:55:00,149.71,150.4,149.71,149.95,79075.88
2026-09-02 15:00:00,149.95,150.05,149.38,149.97,29502.17
2026-09-02 15:05:00,149.97,150.27,149.75,149.9,39873.28
2026-09-02 15:10:00,149.9,150.6,149.76,150.33,30121.6
2026-09-02 15:15:00,150.33,150.67,149.94,150.08,320415.6
2026-09-02 15:20:00,150.08,150.66,149.95,150.29,119907.87
2026-09-02 15:25:00,150.29,150.35,150.14,150.28,74037.93
2026-09-02 15:30:00,150.28,150.81,150.22,150.65,74027.8
2026-09-02 15:35:00,150.65,151.09,150.54,151.0,72902.45
2026-09-02 15:40:00,151.0,151.31,150.59,150.67,295271.75
2026-09-02 15:45:00,150.67,150.86,150.51,150.52,82226.58
2026-09-02 15:50:00,150.52,150.95,150.43,150.81,2342.43
2026-09-02 15:55:00,150.81,151.11,150.25,150.38,140369.4
2026-09-02 16:00:00,150.38,150.6,150.2,150.43,82248.62
2026-09-02 16:05:00,150.43,150.83,150.12,150.27,82797.53
2026-09-02 16:10:00,150.27,150.28,149.42,149.6,40586.03
2026-09-02 16:15:00,149.6,150.54,149.38,149.91,36304.01
2026-09-02 16:20:00,149.91,150.1,148.9,148.97,131786.93
2026-09-02 16:25:00,148.97,149.19,148.49,148.53,121002.22
2026-09-02 16:30:00,148.53,148.97,148.43,148.92,9050.84
2026-09-02 16:35:00,148.92,149.36,148.59,149.25,270386.96
2026-09-02 16:40:00,149.25,149.5,149.04,149.32,3345.35
2026-09-02 16:45:00,149.32,150.07,148.94,149.56,78480.52
2026-09-02 16:50:00,149.56,149.63,149.04,149.23,19447.3
2026-09-02 16:55:00,149.23,149.31,148.85,148.95,54413.49
2026-09-02 17:00:00,148.95,149.26,148.76,149.06,36726.32
2026-09-02 17:05:00,149.06,149.5,148.81,149.43,3009.25
2026-09-02 17:10:00,149.43,150.1,149.33,149.89,5527.85
2026-09-02 17:15:00,149.89,150.6,149.69,150.53,2698.67
2026-09-02 17:20:00,150.53,151.13,150.5,150.55,138089.48
2026-09-02 17:25:00,150.55,150.61,150.4,150.44,87414.08
2026-09-02 17:30:00,150.44,150.98,150.38,150.79,41054.6
2026-09-02 17:35:00,150.79,151.17,150.6,150.66,114888.26
2026-09-02 17:40:00,150.66,151.0,150.48,150.53,4684.04
2026-09-02 17:45:00,150.53,150.63,150.35,150.36,84784.95
2026-09-02 17:50:00,150.36,150.96,149.97,150.87,3414.04
2026-09-02 17:55:00,150.87,151.1,150.05,150.08,57618.02
2026-09-02 18:00:00,150.08,151.9,149.64,151.45,61970.79
2026-09-02 18:05:00,151.45,151.55,150.56,150.82,8153.85
2026-09-02 18:10:00,150.82,151.91,150.66,151.35,26110.52
2026-09-02 18:15:00,151.35,151.76,150.83,150.96,189351.8
2026-09-02 18:20:00,150.96,151.41,150.49,150.64,303314.99
2026-09-02 18:25:00,150.64,151.02,150.63,150.95,10324.81
2026-09-02 18:30:00,150.95,151.18,150.52,150.67,103424.18
2026-09-02 18:35:00,150.67,150.74,150.39,150.61,27781.8
2026-09-02 18:40:00,150.61,151.13,150.0,150.17,1829.51
2026-09-02 18:45:00,150.17,150.5,149.85,150.5,21772.45
2026-09-02 18:50:00,150.5,150.89,150.34,150.84,17075.61
2026-09-02 18:55:00,150.84,151.24,150.65,150.71,60952.36
2026-09-02 19:00:00,150.71,151.13,150.24,150.33,203863.0
2026-09-02 19:05:00,150.33,150.39,149.51,149.82,307127.0
2026-09-02 19:10:00,149.82,149.97,149.74,149.81,66636.59
2026-09-02 19:15:00,149.81,149.98,149.52,149.86,19357.86
2026-09-02 19:20:00,149.86,150.23,149.76,149.86,13141.79
2026-09-02 19:25:00,149.86,149.93,149.64,149.9,16090.98
2026-09-02 19:30:00,149.9,150.02,149.4,149.7,73714.19
2026-09-02 19:35:00,149.7,149.94,149.45,149.68,73519.13
2026-09-02 19:40:00,149.68,150.34,149.58,150.11,2770.74
2026-09-02 19:45:00,150.11,150.49,149.82,150.48,115638.56
2026-09-02 19:50:00,150.48,151.12,150.46,150.89,10264.52
2026-09-02 19:55:00,150.89,151.49,150.55,151.41,24504.47
2026-09-02 20:00:00,151.41,151.56,150.34,150.74,35460.6
2026-09-02 20:05:00,150.74,151.1,150.0,150.13,158562.8
2026-09-02 20:10:00,150.13,150.41,149.97,150.04,115450.96
2026-09-02 20:15:00,150.04,150.3,149.03,149.44,56823.77
2026-09-02 20:20:00,149.44,150.08,149.36,149.65,7251.98
2026-09-02 20:25:00,149.65,149.86,149.28,149.45,164223.14
2026-09-02 20:30:00,149.45,149.66,148.66,149.03,5101.02
2026-09-02 20:35:00,149.03,149.26,149.02,149.22,56684.62
2026-09-02 20:40:00,149.22,149.66,149.13,149.48,8239.57
2026-09-02 20:45:00,149.48,149.66,149.42,149.62,85233.02
2026-09-02 20:50:00,149.62,149.77,149.14,149.42,15919.87
2026-09-02 20:55:00,149.42,150.11,149.21,150.07,77537.91
2026-09-02 21:00:00,150.07,150.08,149.58,149.63,290326.68
2026-09-02 21:05:00,149.63,150.36,149.46,150.18,90450.21
2026-09-02 21:10:00,150.18,151.11,150.05,150.97,51580.45
2026-09-02 21:15:00,150.97,151.38,150.88,150.95,252122.1
2026-09-02 21:20:00,150.95,151.44,150.14,150.19,128402.87
2026-09-02 21:25:00,150.19,150.25,149.97,150.2,32108.46
2026-09-02 21:30:00,150.2,150.86,150.0,150.76,95882.82
2026-09-02 21:35:00,150.76,150.86,150.51,150.64,235.64
2026-09-02 21:40:00,150.64,150.75,150.09,150.72,14367.77
2026-09-02 21:45:00,150.72,150.84,150.43,150.77,160250.09
2026-09-02 21:50:00,150.77,151.08,150.64,151.06,4880.95
2026-09-02 21:55:00,151.06,151.09,150.75,150.89,186805.84
2026-09-02 22:00:00,150.89,150.99,150.65,150.75,43112.66
2026-09-02 22:05:00,150.75,150.87,150.13,150.5,58334.11
2026-09-02 22:10:00,150.5,151.15,150.44,151.13,23063.86
2026-09-02 22:15:00,151.13,151.55,150.85,151.5,53573.61
2026-09-02 22:20:00,151.5,152.31,151.36,152.02,43966.98
2026-09-02 22:25:00,152.02,152.43,151.74,151.88,151944.23
2026-09-02 22:30:00,151.88,152.07,151.41,151.43,43272.07
2026-09-02 22:35:00,151.43,151.97,151.05,151.16,9216.99
2026-09-02 22:40:00,151.16,151.65,150.92,151.32,78300.05
2026-09-02 22:45:00,151.32,151.59,150.78,150.9,71086.65
2026-09-02 22:50:00,150.9,150.95,149.91,149.91,29452.62
2026-09-02 22:55:00,149.91,150.39,149.5,150.2,17970.19
2026-09-02 23:00:00,150.2,150.7,150.13,150.51,15218.44
2026-09-02 23:05:00,150.51,150.95,150.29,150.88,39516.97
2026-09-02 23:10:00,150.88,151.26,150.41,150.51,9347.44
2026-09-02 23:15:00,150.51,151.41,150.33,151.01,28969.74
2026-09-02 23:20:00,151.01,151.93,150.75,151.49,72663.85
2026-09-02 23:25:00,151.49,151.52,151.11,151.26,2082.77
2026-09-02 23:30:00,151.26,151.36,150.49,150.54,136464.22
2026-09-02 23:35:00,150.54,150.76,149.95,150.13,97174.31
2026-09-02 23:40:00,150.13,150.18,149.99,150.0,59667.77
2026-09-02 23:45:00,150.0,150.43,150.0,150.05,55934.31
2026-09-02 23:50:00,150.05,150.84,149.78,150.58,108310.97
2026-09-02 23:55:00,150.58,150.6,150.29,150.43,25645.8
2026-09-03 00:00:00,150.43,150.9,150.02,150.08,12613.71
2026-09-03 00:05:00,150.08,150.54,149.81,150.48,17740.45
2026-09-03 00:10:00,150.48,150.95,149.87,149.92,15660.3
2026-09-03 00:15:00,149.92,150.41,149.84,150.25,35316.9
2026-09-03 00:20:00,150.25,150.76,150.14,150.59,14487.75
2026-09-03 00:25:00,150.59,150.73,149.97,150.36,10174.81
2026-09-03 00:30:00,150.36,150.74,150.29,150.33,60592.68
2026-09-03 00:35:00,150.33,150.83,148.81,149.63,133340.84
2026-09-03 00:40:00,149.63,150.56,149.38,150.24,97345.54
2026-09-03 00:45:00,150.24,150.31,150.09,150.13,51184.24
2026-09-03 00:50:00,150.13,150.22,149.95,150.1,36630.97
2026-09-03 00:55:00,150.1,150.46,149.69,150.32,7114.87
2026-09-03 01:00:00,150.32,150.34,150.1,150.17,33241.41
2026-09-03 01:05:00,150.17,150.31,149.23,149.65,23357.3
2026-09-03 01:10:00,149.65,150.08,149.49,149.61,16010.82
2026-09-03 01:15:00,149.61,150.17,149.43,150.14,22925.26
2026-09-03 01:20:00,150.14,150.35,149.12,149.28,85506.02
2026-09-03 01:25:00,149.28,149.55,148.7,148.87,37887.33
2026-09-03 01:30:00,148.87,149.35,148.61,149.3,42634.3
2026-09-03 01:35:00,149.3,150.05,149.04,149.88,23699.9
2026-09-03 01:40:00,149.88,150.14,149.7,149.9,2337.69
2026-09-03 01:45:00,149.9,150.3,149.68,149.74,4381.1
2026-09-03 01:50:00,149.74,149.91,149.07,149.35,41819.29
2026-09-03 01:55:00,149.35,149.79,149.29,149.72,55632.56
2026-09-03 02:00:00,149.72,149.85,149.12,149.29,109279.97
2026-09-03 02:05:00,149.29,149.34,148.9,149.0,28495.08
2026-09-03 02:10:00,149.0,149.36,148.97,149.26,38918.86
2026-09-03 02:15:00,149.26,149.57,148.6,149.51,312149.54
2026-09-03 02:20:00,149.51,149.87,149.31,149.54,47521.46
2026-09-03 02:25:00,149.54,149.57,148.91,149.08,34792.19
2026-09-03 02:30:00,149.08,149.76,148.73,149.17,9532.59
2026-09-03 02:35:00,149.17,149.89,149.09,149.78,83195.81
2026-09-03 02:40:00,149.78,149.87,149.35,149.59,70044.81
2026-09-03 02:45:00,149.59,149.92,149.06,149.21,187811.59
2026-09-03 02:50:00,149.21,149.39,148.62,148.86,22388.03
2026-09-03 02:55:00,148.86,149.5,148.8,149.44,7303.32
2026-09-03 03:00:00,149.44,149.48,149.19,149.34,62041.95
2026-09-03 03:05:00,149.34,150.05,149.01,149.92,64458.74
2026-09-03 03:10:00,149.92,150.09,149.74,149.99,44863.85
2026-09-03 03:15:00,149.99,150.09,149.48,149.78,16300.0
2026-09-03 03:20:00,149.78,149.97,149.63,149.96,28852.7
2026-09-03 03:25:00,149.96,150.5,149.51,150.49,50278.67
2026-09-03 03:30:00,150.49,150.71,150.25,150.48,34501.86
