datetime,open,high,low,close,volume
2026-07-05 03:35:00,4.45,4.46,4.45,4.45,8674.38
2026-07-05 03:40:00,4.45,4.46,4.45,4.46,794.1
2026-07-05 03:45:00,4.46,4.47,4.45,4.47,63497.22
2026-07-05 03:50:00,4.47,4.47,4.46,4.46,183638.05
2026-07-05 03:55:00,4.46,4.46,4.46,4.46,8234.84
2026-07-05 04:00:00,4.46,4.46,4.46,4.46,805.73
2026-07-05 04:05:00,4.46,4.47,4.46,4.47,94540.86
2026-07-05 04:10:00,4.47,4.47,4.46,4.47,7552.02
2026-07-05 04:15:00,4.47,4.47,4.47,4.47,7830.76
2026-07-05 04:20:00,4.47,4.48,4.47,4.47,4146.54
2026-07-05 04:25:00,4.47,4.48,4.47,4.47,15785.72
2026-07-05 04:30:00,4.47,4.48,4.46,4.48,95613.55
2026-07-05 04:35:00,4.48,4.48,4.47,4.48,23.72
2026-07-05 04:40:00,4.48,4.49,4.48,4.49,7314.98
2026-07-05 04:45:00,4.49,4.49,4.48,4.49,51599.81
2026-07-05 04:50:00,4.49,4.49,4.48,4.49,25426.45
2026-07-05 04:55:00,4.49,4.49,4.49,4.49,49705.61
2026-07-05 05:00:00,4.49,4.5,4.49,4.5,31172.65
2026-07-05 05:05:00,4.5,4.5,4.49,4.5,17526.83
2026-07-05 05:10:00,4.5,4.5,4.49,4.5,23369.59
2026-07-05 05:15:00,4.5,4.5,4.49,4.49,21173.14
2026-07-05 05:20:00,4.49,4.5,4.49,4.49,11514.18
2026-07-05 05:25:00,4.49,4.49,4.49,4.49,16232.15
2026-07-05 05:30:00,4.49,4.49,4.49,4.49,74161.1
2026-07-05 05:35:00,4.49,4.49,4.48,4.49,16665.27
2026-07-05 05:40:00,4.49,4.5,4.48,4.5,14779.26
2026-07-05 05:45:00,4.5,4.51,4.49,4.51,65320.51
2026-07-05 05:50:00,4.51,4.51,4.5,4.51,15849.91
2026-07-05 05:55:00,4.51,4.51,4.5,4.51,44755.69
2026-07-05 06:00:00,4.51,4.52,4.51,4.51,332.08
2026-07-05 06:05:00,4.51,4.52,4.51,4.52,21041.55
2026-07-05 06:10:00,4.52,4.52,4.52,4.52,8682.46
2026-07-05 06:15:00,4.52,4.52,4.51,4.52,17440.58
2026-07-05 06:20:00,4.52,4.52,4.51,4.52,38077.95
2026-07-05 06:25:00,4.52,4.53,4.51,4.51,524895.25
2026-07-05 06:30:00,4.51,4.52,4.5,4.5,17194.65
2026-07-05 06:35:00,4.5,4.51,4.5,4.51,9609.21
2026-07-05 06:40:00,4.51,4.51,4.51,4.51,83524.99
2026-07-05 06:45:00,4.51,4.51,4.51,4.51,9075.97
2026-07-05 06:50:00,4.51,4.52,4.51,4.51,16629.58
2026-07-05 06:55:00,4.51,4.52,4.5,4.51,111950.09
2026-07-05 07:00:00,4.51,4.51,4.5,4.5,5285.35
2026-07-05 07:05:00,4.5,4.51,4.5,4.5,9326.39
2026-07-05 07:10:00,4.5,4.51,4.5,4.5,19089.28
2026-07-05 07:15:00,4.5,4.5,4.49,4.49,60614.27
2026-07-05 07:20:00,4.49,4.5,4.49,4.5,584.88
2026-07-05 07:25:00,4.5,4.5,4.5,4.5,47844.82
2026-07-05 07:30:00,4.5,4.51,4.5,4.5,32540.35
2026-07-05 07:35:00,4.5,4.51,4.5,4.5,10194.49
2026-07-05 07:40:00,4.5,4.51,4.5,4.5,45487.57
2026-07-05 07:45:00,4.5,4.5,4.5,4.5,21520.5
2026-07-05 07:50:00,4.5,4.52,4.5,4.51,3407.35
2026-07-05 07:55:00,4.51,4.51,4.51,4.51,11775.72
2026-07-05 08:00:00,4.51,4.52,4.51,4.51,89095.05
2026-07-05 08:05:00,4.51,4.53,4.51,4.52,58055.08
2026-07-05 08:10:00,4.52,4.52,4.51,4.51,115795.99
2026-07-05 08:15:00,4.51,4.52,4.5,4.51,47853.84
2026-07-05 08:20:00,4.51,4.51,4.5,4.51,22895.65
2026-07-05 08:25:00,4.51,4.51,4.51,4.51,17134.31
2026-07-05 08:30:00,4.51,4.52,4.5,4.5,212635.44
2026-07-05 08:35:00,4.5,4.5,4.5,4.5,3747.61
2026-07-05 08:40:00,4.5,4.51,4.5,4.51,17059.99
2026-07-05 08:45:00,4.51,4.51,4.49,4.5,7917.63
2026-07-05 08:50:00,4.5,4.51,4.5,4.5,9620.86
2026-07-05 08:55:00,4.5,4.51,4.5,4.51,115100.3
2026-07-05 09:00:00,4.51,4.51,4.51,4.51,58569.35
2026-07-05 09:05:00,4.51,4.51,4.5,4.5,28131.31
2026-07-05 09:10:00,4.5,4.51,4.5,4.5,52526.18
2026-07-05 09:15:00,4.5,4.51,4.5,4.51,3078.52
2026-07-05 09:20:00,4.51,4.51,4.5,4.51,7920.88
2026-07-05 09:25:00,4.51,4.52,4.5,4.5,6723.72
2026-07-05 09:30:00,4.5,4.5,4.5,4.5,5827.15
2026-07-05 09:35:00,4.5,4.51,4.5,4.51,114888.79
2026-07-05 09:40:00,4.51,4.52,4.51,4.52,29851.08
2026-07-05 09:45:00,4.52,4.52,4.51,4.51,8051.74
2026-07-05 09:50:00,4.51,4.52,4.51,4.51,31235.61
2026-07-05 09:55:00,4.51,4.52,4.5,4.5,212477.94
2026-07-05 10:00:00,4.5,4.51,4.5,4.5,208751.06
2026-07-05 10:05:00,4.5,4.5,4.5,4.5,115584.22
2026-07-05 10:10:00,4.5,4.5,4.48,4.49,47278.47
2026-07-05 10:15:00,4.49,4.49,4.49,4.49,70682.96
2026-07-05 10:20:00,4.49,4.49,4.48,4.49,1308.7
2026-07-05 10:25:00,4.49,4.5,4.48,4.49,128688.45
2026-07-05 10:30:00,4.49,4.49,4.49,4.49,96300.9
2026-07-05 10:35:00,4.49,4.5,4.49,4.49,16658.63
2026-07-05 10:40:00,4.49,4.49,4.49,4.49,45667.29
2026-07-05 10:45:00,4.49,4.49,4.48,4.48,6310.76
2026-07-05 10:50:00,4.48,4.48,4.47,4.48,101839.2
2026-07-05 10:55:00,4.48,4.49,4.48,4.48,17009.07
2026-07-05 11:00:00,4.48,4.49,4.48,4.49,15690.03
2026-07-05 11:05:00,4.49,4.5,4.48,4.48,235052.05
2026-07-05 11:10:00,4.48,4.49,4.48,4.48,24586.85
2026-07-05 11:15:00,4.48,4.49,4.48,4.48,112552.17
2026-07-05 11:20:00,4.48,4.48,4.48,4.48,6110.5
2026-07-05 11:25:00,4.48,4.49,4.48,4.48,32043.09
2026-07-05 11:30:00,4.48,4.49,4.48,4.48,80466.21
2026-07-05 11:35:00,4.48,4.5,4.47,4.49,100130.0
2026-07-05 11:40:00,4.49,4.5,4.48,4.49,22001.99
2026-07-05 11:45:00,4.49,4.49,4.48,4.48,92745.68
2026-07-05 11:50:00,4.48,4.49,4.48,4.48,5231.84
2026-07-05 11:55:00,4.48,4.49,4.47,4.49,14186.2
2026-07-05 12:00:00,4.49,4.5,4.49,4.49,37566.3
2026-07-05 12:05:00,4.49,4.49,4.48,4.49,37491.44
2026-07-05 12:10:00,4.49,4.49,4.48,4.49,10547.13
2026-07-05 12:15:00,4.49,4.49,4.47,4.48,35280.91
2026-07-05 12:20:00,4.48,4.49,4.48,4.48,43359.37
2026-07-05 12:25:00,4.48,4.48,4.48,4.48,9013.9
2026-07-05 12:30:00,4.48,4.48,4.46,4.47,12468.14
2026-07-05 12:35:00,4.47,4.48,4.47,4.47,124619.69
2026-07-05 12:40:00,4.47,4.48,4.47,4.48,60481.46
2026-07-05 12:45:00,4.48,4.49,4.47,4.49,139798.89
2026-07-05 12:50:00,4.49,4.49,4.49,4.49,21272.55
2026-07-05 12:55:00,4.49,4.49,4.49,4.49,4908.21
2026-07-05 13:00:00,4.49,4.5,4.48,4.49,35803.66
2026-07-05 13:05:00,4.49,4.5,4.47,4.49,114404.79
2026-07-05 13:10:00,4.49,4.5,4.49,4.5,56661.24
2026-07-05 13:15:00,4.5,4.5,4.49,4.49,194486.64
2026-07-05 13:20:00,4.49,4.5,4.49,4.49,26473.65
2026-07-05 13:25:00,4.49,4.5,4.49,4.5,1600.61
2026-07-05 13:30:00,4.5,4.5,4.49,4.5,9456.27
2026-07-05 13:35:00,4.5,4.5,4.49,4.5,33267.36
2026-07-05 13:40:00,4.5,4.5,4.49,4.5,12449.21
2026-07-05 13:45:00,4.5,4.51,4.49,4.49,50987.57
2026-07-05 13:50:00,4.49,4.52,4.49,4.51,47469.19
2026-07-05 13:55:00,4.51,4.52,4.5,4.51,65304.23
2026-07-05 14:00:00,4.51,4.51,4.5,4.5,40098.94
2026-07-05 14:05:00,4.5,4.51,4.5,4.5,10911.78
2026-07-05 14:10:00,4.5,4.51,4.49,4.5,6240.21
2026-07-05 14:15:00,4.5,4.5,4.49,4.5,59399.82
2026-07-05 14:20:00,4.5,4.51,4.5,4.5,12641.29
2026-07-05 14:25:00,4.5,4.51,4.5,4.51,269540.79
2026-07-05 14:30:00,4.51,4.51,4.5,4.51,114952.02
2026-07-05 14:35:00,4.51,4.51,4.5,4.51,115008.07
2026-07-05 14:40:00,4.51,4.51,4.5,4.51,112976.74
2026-07-05 14:45:00,4.51,4.52,4.51,4.52,15146.55
2026-07-05 14:50:00,4.52,4.52,4.51,4.52,41406.61
2026-07-05 14:55:00,4.52,4.52,4.5,4.51,453420.26
2026-07-05 15:00:00,4.51,4.51,4.5,4.51,18320.35
2026-07-05 15:05:00,4.51,4.51,4.5,4.51,29302.8
2026-07-05 15:10:00,4.51,4.51,4.5,4.51,20488.16
2026-07-05 15:15:00,4.51,4.51,4.5,4.51,41069.98
2026-07-05 15:20:00,4.51,4.51,4.5,4.5,86667.85
2026-07-05 15:25:00,4.5,4.51,4.5,4.5,48515.82
2026-07-05 15:30:00,4.5,4.51,4.5,4.5,30993.16
2026-07-05 15:35:00,4.5,4.5,4.49,4.49,71366.99
2026-07-05 15:40:00,4.49,4.49,4.49,4.49,5727.65
2026-07-05 15:45:00,4.49,4.49,4.49,4.49,39337.97
2026-07-05 15:50:00,4.49,4.49,4.48,4.49,72953.06
2026-07-05 15:55:00,4.49,4.5,4.48,4.5,33584.32
2026-07-05 16:00:00,4.5,4.5,4.49,4.49,22701.83
2026-07-05 16:05:00,4.49,4.5,4.49,4.49,15859.21
2026-07-05 16:10:00,4.49,4.5,4.48,4.49,44321.06
2026-07-05 16:15:00,4.49,4.49,4.48,4.49,29296.77
2026-07-05 16:20:00,4.49,4.49,4.48,4.48,35847.48
2026-07-05 16:25:00,4.48,4.49,4.48,4.48,26120.2
2026-07-05 16:30:00,4.48,4.49,4.47,4.48,463.21
2026-07-05 16:35:00,4.48,4.48,4.47,4.48,26408.0
2026-07-05 16:40:00,4.48,4.48,4.48,4.48,44685.23
2026-07-05 16:45:00,4.48,4.48,4.47,4.47,565.19
2026-07-05 16:50:00,4.47,4.47,4.47,4.47,63594.58
2026-07-05 16:55:00,4.47,4.48,4.47,4.47,20609.26
2026-07-05 17:00:00,4.47,4.47,4.47,4.47,79955.31
2026-07-05 17:05:00,4.47,4.47,4.47,4.47,218786.83
2026-07-05 17:10:00,4.47,4.48,4.46,4.48,306769.93
2026-07-05 17:15:00,4.48,4.49,4.48,4.49,145293.21
2026-07-05 17:20:00,4.49,4.49,4.48,4.48,334392.93
2026-07-05 17:25:00,4.48,4.49,4.48,4.48,18979.31
2026-07-05 17:30:00,4.48,4.49,4.46,4.49,146311.39
2026-07-05 17:35:00,4.49,4.5,4.49,4.49,48299.98
2026-07-05 17:40:00,4.49,4.49,4.49,4.49,5708.47
2026-07-05 17:45:00,4.49,4.49,4.49,4.49,35148.49
2026-07-05 17:50:00,4.49,4.49,4.49,4.49,2900.45
2026-07-05 17:55:00,4.49,4.49,4.48,4.49,92989.82
2026-07-05 18:00:00,4.49,4.49,4.48,4.48,141643.13
2026-07-05 18:05:00,4.48,4.48,4.48,4.48,13136.28
2026-07-05 18:10:00,4.48,4.48,4.48,4.48,4060.65
2026-07-05 18:15:00,4.48,4.49,4.47,4.48,39331.28
2026-07-05 18:20:00,4.48,4.48,4.48,4.48,67410.9
2026-07-05 18:25:00,4.48,4.48,4.47,4.48,7771.37
2026-07-05 18:30:00,4.48,4.49,4.48,4.48,11518.15
2026-07-05 18:35:00,4.48,4.48,4.48,4.48,14165.63
2026-07-05 18:40:00,4.48,4.49,4.48,4.48,92495.52
2026-07-05 18:45:00,4.48,4.48,4.48,4.48,23719.64
2026-07-05 18:50:00,4.48,4.48,4.48,4.48,3590.04
2026-07-05 18:55:00,4.48,4.49,4.48,4.49,37658.06
2026-07-05 19:00:00,4.49,4.49,4.48,4.49,21129.76
2026-07-05 19:05:00,4.49,4.49,4.49,4.49,16717.49
2026-07-05 19:10:00,4.49,4.5,4.48,4.49,18202.27
2026-07-05 19:15:00,4.49,4.49,4.48,4.49,42257.94
2026-07-05 19:20:00,4.49,4.49,4.48,4.49,18588.05
2026-07-05 19:25:00,4.49,4.49,4.49,4.49,33180.52
2026-07-05 19:30:00,4.49,4.49,4.48,4.49,8645.51
2026-07-05 19:35:00,4.49,4.49,4.48,4.48,18038.48
2026-07-05 19:40:00,4.48,4.48,4.48,4.48,2708.5
2026-07-05 19:45:00,4.48,4.49,4.48,4.48,55031.04
2026-07-05 19:50:00,4.48,4.48,4.48,4.48,26153.29
2026-07-05 19:55:00,4.48,4.48,4.47,4.48,90979.93
2026-07-05 20:00:00,4.48,4.49,4.48,4.49,92937.89
2026-07-05 20:05:00,4.49,4.49,4.48,4.49,69037.29
2026-07-05 20:10:00,4.49,4.5,4.49,4.49,7834.19
2026-07-05 20:15:00,4.49,4.49,4.48,4.48,166349.36
2026-07-05 20:20:00,4.48,4.49,4.48,4.49,15563.37
2026-07-05 20:25:00,4.49,4.5,4.48,4.48,609005.12
2026-07-05 20:30:00,4.48,4.49,4.48,4.49,35634.77
2026-07-05 20:35:00,4.49,4.49,4.48,4.49,23603.48
2026-07-05 20:40:00,4.49,4.49,4.48,4.49,130578.74
2026-07-05 20:45:00,4.49,4.49,4.49,4.49,86538.76
2026-07-05 20:50:00,4.49,4.49,4.49,4.49,61215.5
2026-07-05 20:55:00,4.49,4.5,4.48,4.48,256593.79
2026-07-05 21:00:00,4.48,4.48,4.47,4.48,25877.25
2026-07-05 21:05:00,4.48,4.48,4.47,4.47,38535.72
2026-07-05 21:10:00,4.47,4.47,4.46,4.47,16785.61
2026-07-05 21:15:00,4.47,4.47,4.46,4.46,23928.26
2026-07-05 21:20:00,4.46,4.47,4.46,4.47,36177.3
2026-07-05 21:25:00,4.47,4.47,4.46,4.46,141985.74
2026-07-05 21:30:00,4.46,4.46,4.45,4.46,227313.28
2026-07-05 21:35:00,4.46,4.46,4.45,4.45,15588.35
2026-07-05 21:40:00,4.45,4.45,4.45,4.45,115976.51
2026-07-05 21:45:00,4.45,4.45,4.45,4.45,35826.84
2026-07-05 21:50:00,4.45,4.46,4.45,4.46,27874.17
2026-07-05 21:55:00,4.46,4.47,4.46,4.47,9827.21
2026-07-05 22:00:00,4.47,4.47,4.46,4.47,55966.96
2026-07-05 22:05:00,4.47,4.47,4.45,4.46,4817.41
2026-07-05 22:10:00,4.46,4.46,4.45,4.45,112017.88
2026-07-05 22:15:00,4.45,4.45,4.45,4.45,48393.06
2026-07-05 22:20:00,4.45,4.46,4.43,4.46,35045.89
2026-07-05 22:25:00,4.46,4.46,4.44,4.46,252444.6
2026-07-05 22:30:00,4.46,4.46,4.45,4.46,45189.03
2026-07-05 22:35:00,4.46,4.47,4.44,4.47,15210.55
2026-07-05 22:40:00,4.47,4.48,4.45,4.48,1222607.02
2026-07-05 22:45:00,4.48,4.49,4.47,4.48,323054.37
2026-07-05 22:50:00,4.48,4.49,4.48,4.49,170694.08
2026-07-05 22:55:00,4.49,4.49,4.48,4.48,27455.45
2026-07-05 23:00:00,4.48,4.48,4.48,4.48,19310.26
2026-07-05 23:05:00,4.48,4.48,4.48,4.48,3657.48
2026-07-05 23:10:00,4.48,4.48,4.48,4.48,4784.25
2026-07-05 23:15:00,4.48,4.48,4.47,4.48,1898.13
2026-07-05 23:20:00,4.48,4.49,4.47,4.49,275904.05
2026-07-05 23:25:00,4.49,4.49,4.48,4.48,21793.58
2026-07-05 23:30:00,4.48,4.48,4.48,4.48,52614.93
2026-07-05 23:35:00,4.48,4.49,4.48,4.48,133224.61
2026-07-05 23:40:00,4.48,4.49,4.48,4.49,37468.19
2026-07-05 23:45:00,4.49,4.5,4.47,4.48,150588.71
2026-07-05 23:50:00,4.48,4.48,4.48,4.48,23889.99
2026-07-05 23:55:00,4.48,4.48,4.48,4.48,56800.31
2026-07-06 00:00:00,4.48,4.48,4.47,4.47,19551.65
2026-07-06 00:05:00,4.47,4.48,4.47,4.48,17787.02
2026-07-06 00:10:00,4.48,4.48,4.47,4.48,19202.67
2026-07-06 00:15:00,4.48,4.48,4.47,4.48,8888.51
2026-07-06 00:20:00,4.48,4.48,4.46,4.46,6879.66
2026-07-06 00:25:00,4.46,4.47,4.46,4.46,44324.63
2026-07-06 00:30:00,4.46,4.47,4.46,4.46,32285.54
2026-07-06 00:35:00,4.46,4.47,4.46,4.47,44874.45
2026-07-06 00:40:00,4.47,4.47,4.46,4.47,92669.47
2026-07-06 00:45:00,4.47,4.47,4.46,4.46,57795.58
2026-07-06 00:50:00,4.46,4.47,4.45,4.45,20867.09
2026-07-06 00:55:00,4.45,4.46,4.44,4.44,20890.91
2026-07-06 01:00:00,4.44,4.45,4.43,4.45,11226.68
2026-07-06 01:05:00,4.45,4.45,4.44,4.44,141279.73
2026-07-06 01:10:00,4.44,4.45,4.42,4.45,266207.4
2026-07-06 01:15:00,4.45,4.45,4.44,4.45,21302.56
2026-07-06 01:20:00,4.45,4.45,4.44,4.44,1042.51
2026-07-06 01:25:00,4.44,4.45,4.44,4.44,15457.89
2026-07-06 01:30:00,4.44,4.44,4.44,4.44,40459.16
2026-07-06 01:35:00,4.44,4.45,4.44,4.45,119196.83
2026-07-06 01:40:00,4.45,4.45,4.44,4.45,2517.78
2026-07-06 01:45:00,4.45,4.46,4.43,4.45,761756.68
2026-07-06 01:50:00,4.45,4.46,4.44,4.46,25992.3
2026-07-06 01:55:00,4.46,4.46,4.46,4.46,964.45
2026-07-06 02:00:00,4.46,4.47,4.45,4.46,35232.71
2026-07-06 02:05:00,4.46,4.47,4.46,4.46,19983.83
2026-07-06 02:10:00,4.46,4.46,4.45,4.45,16931.86
2026-07-06 02:15:00,4.45,4.46,4.45,4.45,18968.82
2026-07-06 02:20:00,4.45,4.45,4.44,4.44,33087.08
2026-07-06 02:25:00,4.44,4.45,4.42,4.45,55675.36
2026-07-06 02:30:00,4.45,4.45,4.44,4.44,7424.6
2026-07-06 02:35:00,4.44,4.44,4.44,4.44,65035.34
2026-07-06 02:40:00,4.44,4.44,4.43,4.43,31963.55
2026-07-06 02:45:00,4.43,4.45,4.43,4.45,676.58
2026-07-06 02:50:00,4.45,4.46,4.44,4.45,26188.98
2026-07-06 02:55:00,4.45,4.46,4.45,4.46,33098.95
2026-07-06 03:00:00,4.46,4.46,4.46,4.46,75409.48
2026-07-06 03:05:00,4.46,4.46,4.45,4.46,118221.33
2026-07-06 03:10:00,4.46,4.46,4.45,4.45,73755.71
2026-07-06 03:15:00,4.45,4.45,4.45,4.45,51908.88
2026-07-06 03:20:00,4.45,4.45,4.44,4.44,27761.68
2026-07-06 03:25:00,4.44,4.45,4.44,4.45,5231.41
2026-07-06 03:30:00,4.45,4.45,4.44,4.44,66130.49
2026-07-06 03:35:00,4.44,4.45,4.44,4.45,29609.42
2026-07-06 03:40:00,4.45,4.45,4.44,4.45,180777.65
2026-07-06 03:45:00,4.45,4.45,4.44,4.44,13354.29
2026-07-06 03:50:00,4.44,4.45,4.44,4.45,4581.33
2026-07-06 03:55:00,4.45,4.46,4.45,4.45,24721.73
2026-07-06 04:00:00,4.45,4.46,4.45,4.45,36273.83
2026-07-06 04:05:00,4.45,4.46,4.45,4.46,41461.83
2026-07-06 04:10:00,4.46,4.46,4.45,4.46,22960.38
2026-07-06 04:15:00,4.46,4.46,4.46,4.46,13951.39
2026-07-06 04:20:00,4.46,4.46,4.45,4.46,32194.0
2026-07-06 04:25:00,4.46,4.46,4.46,4.46,162254.11
2026-07-06 04:30:00,4.46,4.46,4.46,4.46,52934.09
2026-07-06 04:35:00,4.46,4.46,4.46,4.46,68861.84
2026-07-06 04:40:00,4.46,4.46,4.45,4.45,2405.52
2026-07-06 04:45:00,4.45,4.46,4.45,4.46,57407.74
2026-07-06 04:50:00,4.46,4.46,4.45,4.46,98361.66
2026-07-06 04:55:00,4.46,4.46,4.45,4.45,10188.23
2026-07-06 05:00:00,4.45,4.45,4.44,4.45,52828.25
2026-07-06 05:05:00,4.45,4.45,4.44,4.44,76318.28
2026-07-06 05:10:00,4.44,4.45,4.44,4.45,12856.75
2026-07-06 05:15:00,4.45,4.46,4.45,4.45,17206.05
2026-07-06 05:20:00,4.45,4.45,4.45,4.45,5953.23
2026-07-06 05:25:00,4.45,4.45,4.45,4.45,39072.04
2026-07-06 05:30:00,4.45,4.46,4.44,4.44,175999.48
2026-07-06 05:35:00,4.44,4.44,4.44,4.44,76988.93
2026-07-06 05:40:00,4.44,4.44,4.44,4.44,55274.03
2026-07-06 05:45:00,4.44,4.44,4.44,4.44,40919.25
2026-07-06 05:50:00,4.44,4.44,4.44,4.44,6830.47
2026-07-06 05:55:00,4.44,4.44,4.44,4.44,6735.57
2026-07-06 06:00:00,4.44,4.44,4.43,4.43,4423.71
2026-07-06 06:05:00,4.43,4.44,4.42,4.44,358541.16
2026-07-06 06:10:00,4.44,4.44,4.44,4.44,27166.18
2026-07-06 06:15:00,4.44,4.44,4.44,4.44,9435.28
2026-07-06 06:20:00,4.44,4.44,4.42,4.42,214508.47
2026-07-06 06:25:00,4.42,4.43,4.41,4.43,74205.25
2026-07-06 06:30:00,4.43,4.43,4.43,4.43,168075.72
2026-07-06 06:35:00,4.43,4.44,4.43,4.44,10247.98
2026-07-06 06:40:00,4.44,4.45,4.42,4.44,25325.58
2026-07-06 06:45:00,4.44,4.44,4.44,4.44,57184.48
2026-07-06 06:50:00,4.44,4.45,4.44,4.45,60023.23
2026-07-06 06:55:00,4.45,4.45,4.44,4.45,8785.44
2026-07-06 07:00:00,4.45,4.46,4.44,4.45,5181.53
2026-07-06 07:05:00,4.45,4.45,4.44,4.45,993.26
2026-07-06 07:10:00,4.45,4.46,4.45,4.45,45883.91
2026-07-06 07:15:00,4.45,4.46,4.45,4.45,19625.58
2026-07-06 07:20:00,4.45,4.46,4.45,4.46,58459.44
2026-07-06 07:25:00,4.46,4.47,4.46,4.46,16180.6
2026-07-06 07:30:00,4.46,4.48,4.46,4.47,20908.7
2026-07-06 07:35:00,4.47,4.48,4.47,4.47,15324.2
2026-07-06 07:40:00,4.47,4.48,4.47,4.47,37284.08
2026-07-06 07:45:00,4.47,4.47,4.47,4.47,94896.15
2026-07-06 07:50:00,4.47,4.47,4.46,4.46,82271.66
2026-07-06 07:55:00,4.46,4.47,4.46,4.47,78784.69
2026-07-06 08:00:00,4.47,4.48,4.46,4.46,213170.64
2026-07-06 08:05:00,4.46,4.47,4.46,4.46,53600.91
2026-07-06 08:10:00,4.46,4.47,4.45,4.45,25445.25
2026-07-06 08:15:00,4.45,4.47,4.45,4.46,25013.46
2026-07-06 08:20:00,4.46,4.47,4.46,4.47,32179.88
2026-07-06 08:25:00,4.47,4.48,4.45,4.46,130873.46
2026-07-06 08:30:00,4.46,4.46,4.45,4.46,65165.02
2026-07-06 08:35:00,4.46,4.46,4.45,4.45,23439.69
2026-07-06 08:40:00,4.45,4.46,4.45,4.45,105529.09
2026-07-06 08:45:00,4.45,4.46,4.45,4.45,40326.05
2026-07-06 08:50:00,4.45,4.45,4.45,4.45,145313.06
2026-07-06 08:55:00,4.45,4.45,4.44,4.44,60780.75
2026-07-06 09:00:00,4.44,4.45,4.44,4.45,5651.32
2026-07-06 09:05:00,4.45,4.45,4.45,4.45,13083.34
2026-07-06 09:10:00,4.45,4.45,4.44,4.45,2998.58
2026-07-06 09:15:00,4.45,4.45,4.44,4.44,14068.99
2026-07-06 09:20:00,4.44,4.45,4.44,4.44,19381.34
2026-07-06 09:25:00,4.44,4.45,4.43,4.43,77058.16
2026-07-06 09:30:00,4.43,4.44,4.43,4.43,4253.33
2026-07-06 09:35:00,4.43,4.44,4.43,4.44,9011.74
2026-07-06 09:40:00,4.44,4.44,4.43,4.44,16553.79
2026-07-06 09:45:00,4.44,4.44,4.43,4.44,14381.98
2026-07-06 09:50:00,4.44,4.44,4.44,4.44,29558.64
2026-07-06 09:55:00,4.44,4.44,4.44,4.44,133405.34
2026-07-06 10:00:00,4.44,4.46,4.44,4.45,191191.44
2026-07-06 10:05:00,4.45,4.46,4.45,4.46,39331.16
2026-07-06 10:10:00,4.46,4.47,4.45,4.47,50704.93
2026-07-06 10:15:00,4.47,4.49,4.46,4.46,8674.02
2026-07-06 10:20:00,4.46,4.46,4.46,4.46,67720.64
2026-07-06 10:25:00,4.46,4.47,4.46,4.47,21555.5
2026-07-06 10:30:00,4.47,4.47,4.47,4.47,52779.08
2026-07-06 10:35:00,4.47,4.47,4.46,4.47,82207.17
2026-07-06 10:40:00,4.47,4.47,4.46,4.47,4586.64
2026-07-06 10:45:00,4.47,4.47,4.46,4.46,154.58
2026-07-06 10:50:00,4.46,4.47,4.45,4.46,191488.09
2026-07-06 10:55:00,4.46,4.46,4.45,4.45,8102.1
2026-07-06 11:00:00,4.45,4.45,4.44,4.45,29152.76
2026-07-06 11:05:00,4.45,4.45,4.44,4.45,64448.08
2026-07-06 11:10:00,4.45,4.45,4.44,4.44,10251.46
2026-07-06 11:15:00,4.44,4.45,4.44,4.44,16630.82
2026-07-06 11:20:00,4.44,4.44,4.43,4.44,1993.6
2026-07-06 11:25:00,4.44,4.44,4.44,4.44,135262.44
2026-07-06 11:30:00,4.44,4.44,4.44,4.44,119785.02
2026-07-06 11:35:00,4.44,4.44,4.44,4.44,3119.21
2026-07-06 11:40:00,4.44,4.44,4.44,4.44,1218.56
2026-07-06 11:45:00,4.44,4.45,4.43,4.44,19179.44
2026-07-06 11:50:00,4.44,4.44,4.44,4.44,107749.93
2026-07-06 11:55:00,4.44,4.44,4.43,4.44,95635.8
2026-07-06 12:00:00,4.44,4.44,4.43,4.44,37548.44
2026-07-06 12:05:00,4.44,4.44,4.43,4.43,77924.72
2026-07-06 12:10:00,4.43,4.44,4.43,4.43,8967.59
2026-07-06 12:15:00,4.43,4.44,4.42,4.44,308379.32
2026-07-06 12:20:00,4.44,4.45,4.42,4.45,51015.31
2026-07-06 12:25:00,4.45,4.45,4.44,4.45,143553.22
2026-07-06 12:30:00,4.45,4.45,4.44,4.45,57716.98
2026-07-06 12:35:00,4.45,4.45,4.44,4.45,7665.25
2026-07-06 12:40:00,4.45,4.45,4.44,4.45,78255.19
2026-07-06 12:45:00,4.45,4.46,4.45,4.46,56780.64
2026-07-06 12:50:00,4.46,4.46,4.46,4.46,43956.29
2026-07-06 12:55:00,4.46,4.46,4.46,4.46,45046.44
2026-07-06 13:00:00,4.46,4.47,4.46,4.46,30023.83
2026-07-06 13:05:00,4.46,4.46,4.46,4.46,14280.53
2026-07-06 13:10:00,4.46,4.46,4.46,4.46,108411.89
2026-07-06 13:15:00,4.46,4.46,4.45,4.45,169460.39
2026-07-06 13:20:00,4.45,4.46,4.44,4.45,19272.73
2026-07-06 13:25:00,4.45,4.45,4.45,4.45,26537.03
2026-07-06 13:30:00,4.45,4.46,4.45,4.46,28778.59
2026-07-06 13:35:00,4.46,4.47,4.46,4.47,28210.96
2026-07-06 13:40:00,4.47,4.47,4.47,4.47,27267.34
2026-07-06 13:45:00,4.47,4.48,4.46,4.46,141172.97
2026-07-06 13:50:00,4.46,4.47,4.45,4.45,25997.27
2026-07-06 13:55:00,4.45,4.45,4.44,4.45,65825.28
2026-07-06 14:00:00,4.45,4.45,4.44,4.44,64913.65
2026-07-06 14:05:00,4.44,4.45,4.44,4.45,24102.87
2026-07-06 14:10:00,4.45,4.45,4.44,4.44,9085.26
2026-07-06 14:15:00,4.44,4.44,4.44,4.44,21969.3
2026-07-06 14:20:00,4.44,4.46,4.44,4.46,27197.38
2026-07-06 14:25:00,4.46,4.46,4.45,4.45,31871.38
2026-07-06 14:30:00,4.45,4.46,4.45,4.45,66562.82
2026-07-06 14:35:00,4.45,4.46,4.45,4.46,111260.32
2026-07-06 14:40:00,4.46,4.47,4.46,4.47,142050.57
2026-07-06 14:45:00,4.47,4.48,4.45,4.46,638358.04
2026-07-06 14:50:00,4.46,4.46,4.46,4.46,11580.25
2026-07-06 14:55:00,4.46,4.46,4.45,4.46,25805.92
2026-07-06 15:00:00,4.46,4.47,4.46,4.46,218111.15
2026-07-06 15:05:00,4.46,4.46,4.45,4.45,46807.65
2026-07-06 15:10:00,4.45,4.46,4.45,4.45,100188.0
2026-07-06 15:15:00,4.45,4.46,4.45,4.46,5443.15
2026-07-06 15:20:00,4.46,4.46,4.45,4.45,19229.28
2026-07-06 15:25:00,4.45,4.45,4.44,4.45,223541.06
2026-07-06 15:30:00,4.45,4.45,4.44,4.45,252940.16
2026-07-06 15:35:00,4.45,4.46,4.45,4.45,43363.33
2026-07-06 15:40:00,4.45,4.46,4.45,4.45,17363.07
2026-07-06 15:45:00,4.45,4.45,4.45,4.45,43782.7
2026-07-06 15:50:00,4.45,4.46,4.44,4.45,83498.29
2026-07-06 15:55:00,4.45,4.46,4.45,4.45,46328.79
2026-07-06 16:00:00,4.45,4.45,4.45,4.45,19729.4
2026-07-06 16:05:00,4.45,4.46,4.45,4.45,58550.64
2026-07-06 16:10:00,4.45,4.46,4.45,4.46,160926.2
2026-07-06 16:15:00,4.46,4.46,4.46,4.46,149191.31
2026-07-06 16:20:00,4.46,4.46,4.45,4.46,41969.74
2026-07-06 16:25:00,4.46,4.47,4.45,4.46,20214.51
2026-07-06 16:30:00,4.46,4.48,4.45,4.45,273976.47
2026-07-06 16:35:00,4.45,4.46,4.45,4.46,26650.54
2026-07-06 16:40:00,4.46,4.47,4.46,4.46,35472.54
2026-07-06 16:45:00,4.46,4.47,4.46,4.46,11164.07
2026-07-06 16:50:00,4.46,4.47,4.45,4.45,50925.62
2026-07-06 16:55:00,4.45,4.46,4.45,4.45,11104.18
2026-07-06 17:00:00,4.45,4.45,4.45,4.45,120477.27
2026-07-06 17:05:00,4.45,4.45,4.43,4.44,43620.55
2026-07-06 17:10:00,4.44,4.45,4.44,4.44,78418.39
2026-07-06 17:15:00,4.44,4.45,4.44,4.45,87584.18
2026-07-06 17:20:00,4.45,4.45,4.45,4.45,92419.64
2026-07-06 17:25:00,4.45,4.46,4.45,4.46,28734.63
2026-07-06 17:30:00,4.46,4.46,4.45,4.46,29037.79
2026-07-06 17:35:00,4.46,4.46,4.45,4.46,29635.76
2026-07-06 17:40:00,4.46,4.46,4.45,4.46,13315.2
2026-07-06 17:45:00,4.46,4.46,4.45,4.45,61933.82
2026-07-06 17:50:00,4.45,4.46,4.45,4.45,125371.0
2026-07-06 17:55:00,4.45,4.45,4.45,4.45,203474.82
2026-07-06 18:00:00,4.45,4.45,4.44,4.45,11880.13
2026-07-06 18:05:00,4.45,4.46,4.45,4.45,8483.35
2026-07-06 18:10:00,4.45,4.46,4.45,4.45,223.86
2026-07-06 18:15:00,4.45,4.47,4.45,4.46,57513.41
2026-07-06 18:20:00,4.46,4.47,4.45,4.45,381189.3
2026-07-06 18:25:00,4.45,4.47,4.45,4.46,13275.44
2026-07-06 18:30:00,4.46,4.46,4.45,4.46,178542.69
2026-07-06 18:35:00,4.46,4.46,4.46,4.46,8595.78
2026-07-06 18:40:00,4.46,4.46,4.45,4.45,33427.83
2026-07-06 18:45:00,4.45,4.46,4.45,4.46,64815.17
2026-07-06 18:50:00,4.46,4.46,4.45,4.45,83308.26
2026-07-06 18:55:00,4.45,4.45,4.45,4.45,4035.83
2026-07-06 19:00:00,4.45,4.45,4.44,4.44,48663.99
2026-07-06 19:05:00,4.44,4.44,4.44,4.44,697.98
2026-07-06 19:10:00,4.44,4.45,4.44,4.45,73327.02
2026-07-06 19:15:00,4.45,4.46,4.44,4.46,23012.25
2026-07-06 19:20:00,4.46,4.46,4.46,4.46,17402.35
2026-07-06 19:25:00,4.46,4.47,4.45,4.46,100660.88
2026-07-06 19:30:00,4.46,4.47,4.45,4.45,26933.73
2026-07-06 19:35:00,4.45,4.46,4.45,4.46,842.95
2026-07-06 19:40:00,4.46,4.47,4.45,4.46,53367.48
2026-07-06 19:45:00,4.46,4.46,4.45,4.46,17508.95
2026-07-06 19:50:00,4.46,4.47,4.45,4.46,71955.99
2026-07-06 19:55:00,4.46,4.47,4.46,4.46,47034.43
2026-07-06 20:00:00,4.46,4.48,4.46,4.48,49286.36
2026-07-06 20:05:00,4.48,4.48,4.47,4.47,18246.54
2026-07-06 20:10:00,4.47,4.49,4.46,4.46,9162.52
2026-07-06 20:15:00,4.46,4.47,4.46,4.47,15868.51
2026-07-06 20:20:00,4.47,4.47,4.46,4.47,6988.64
2026-07-06 20:25:00,4.47,4.48,4.46,4.47,19660.49
2026-07-06 20:30:00,4.47,4.48,4.47,4.47,9471.2
2026-07-06 20:35:00,4.47,4.48,4.47,4.47,72824.92
2026-07-06 20:40:00,4.47,4.49,4.45,4.46,910312.59
2026-07-06 20:45:00,4.46,4.46,4.44,4.45,19676.76
2026-07-06 20:50:00,4.45,4.46,4.45,4.45,121073.12
2026-07-06 20:55:00,4.45,4.45,4.45,4.45,4715.84
2026-07-06 21:00:00,4.45,4.47,4.44,4.45,118593.55
2026-07-06 21:05:00,4.45,4.45,4.44,4.44,7978.58
2026-07-06 21:10:00,4.44,4.44,4.43,4.44,1616.09
2026-07-06 21:15:00,4.44,4.45,4.42,4.45,924695.67
2026-07-06 21:20:00,4.45,4.46,4.44,4.46,75825.6
2026-07-06 21:25:00,4.46,4.46,4.44,4.45,43137.12
2026-07-06 21:30:00,4.45,4.46,4.45,4.46,15424.17
2026-07-06 21:35:00,4.46,4.46,4.45,4.45,23251.46
2026-07-06 21:40:00,4.45,4.45,4.44,4.45,19240.84
2026-07-06 21:45:00,4.45,4.45,4.45,4.45,4310.39
2026-07-06 21:50:00,4.45,4.46,4.44,4.45,28699.34
2026-07-06 21:55:00,4.45,4.45,4.44,4.44,23458.92
2026-07-06 22:00:00,4.44,4.45,4.43,4.44,39867.98
2026-07-06 22:05:00,4.44,4.45,4.44,4.45,26847.69
2026-07-06 22:10:00,4.45,4.45,4.44,4.44,5472.32
2026-07-06 22:15:00,4.44,4.45,4.43,4.43,27140.31
2026-07-06 22:20:00,4.43,4.43,4.43,4.43,51093.73
2026-07-06 22:25:00,4.43,4.44,4.43,4.43,36992.37
2026-07-06 22:30:00,4.43,4.44,4.42,4.44,524776.3
2026-07-06 22:35:00,4.44,4.44,4.44,4.44,51979.15
2026-07-06 22:40:00,4.44,4.45,4.42,4.45,35405.88
2026-07-06 22:45:00,4.45,4.45,4.45,4.45,25559.21
2026-07-06 22:50:00,4.45,4.45,4.44,4.45,99874.77
2026-07-06 22:55:00,4.45,4.45,4.45,4.45,32982.4
2026-07-06 23:00:00,4.45,4.46,4.45,4.46,26909.1
2026-07-06 23:05:00,4.46,4.46,4.45,4.45,21118.85
2026-07-06 23:10:00,4.45,4.46,4.44,4.44,93482.13
2026-07-06 23:15:00,4.44,4.44,4.43,4.44,42394.32
2026-07-06 23:20:00,4.44,4.45,4.42,4.45,311360.14
2026-07-06 23:25:00,4.45,4.45,4.45,4.45,39218.89
2026-07-06 23:30:00,4.45,4.47,4.44,4.45,269760.52
2026-07-06 23:35:00,4.45,4.45,4.44,4.45,37941.01
2026-07-06 23:40:00,4.45,4.46,4.45,4.45,13749.99
2026-07-06 23:45:00,4.45,4.46,4.45,4.45,45917.91
2026-07-06 23:50:00,4.45,4.46,4.45,4.46,7368.07
2026-07-06 23:55:00,4.46,4.46,4.46,4.46,95967.47
2026-07-07 00:00:00,4.46,4.47,4.46,4.46,10722.84
2026-07-07 00:05:00,4.46,4.47,4.46,4.46,14978.45
2026-07-07 00:10:00,4.46,4.47,4.46,4.46,3843.03
2026-07-07 00:15:00,4.46,4.47,4.46,4.47,115519.29
2026-07-07 00:20:00,4.47,4.48,4.47,4.48,67895.04
2026-07-07 00:25:00,4.48,4.48,4.46,4.47,379946.88
2026-07-07 00:30:00,4.47,4.48,4.47,4.48,50942.18
2026-07-07 00:35:00,4.48,4.48,4.47,4.48,34732.77
2026-07-07 00:40:00,4.48,4.48,4.46,4.47,6837.1
2026-07-07 00:45:00,4.47,4.48,4.47,4.48,19605.63
2026-07-07 00:50:00,4.48,4.48,4.47,4.48,64199.16
2026-07-07 00:55:00,4.48,4.49,4.47,4.48,13341.84
2026-07-07 01:00:00,4.48,4.49,4.48,4.49,24183.18
2026-07-07 01:05:00,4.49,4.49,4.48,4.49,39243.59
2026-07-07 01:10:00,4.49,4.49,4.49,4.49,85080.26
2026-07-07 01:15:00,4.49,4.49,4.49,4.49,107.42
2026-07-07 01:20:00,4.49,4.49,4.48,4.48,76926.46
2026-07-07 01:25:00,4.48,4.49,4.48,4.49,149594.72
2026-07-07 01:30:00,4.49,4.49,4.49,4.49,107498.14
2026-07-07 01:35:00,4.49,4.49,4.49,4.49,50270.1
2026-07-07 01:40:00,4.49,4.51,4.48,4.48,447349.79
2026-07-07 01:45:00,4.48,4.48,4.47,4.48,48537.42
2026-07-07 01:50:00,4.48,4.48,4.47,4.48,9215.96
2026-07-07 01:55:00,4.48,4.49,4.46,4.46,113766.24
2026-07-07 02:00:00,4.46,4.47,4.45,4.46,27772.66
2026-07-07 02:05:00,4.46,4.46,4.45,4.45,36251.19
2026-07-07 02:10:00,4.45,4.46,4.45,4.45,20513.79
2026-07-07 02:15:00,4.45,4.46,4.45,4.45,50155.41
2026-07-07 02:20:00,4.45,4.46,4.45,4.45,123039.59
2026-07-07 02:25:00,4.45,4.46,4.45,4.45,114879.21
2026-07-07 02:30:00,4.45,4.46,4.45,4.45,184597.65
2026-07-07 02:35:00,4.45,4.45,4.44,4.44,7198.32
2026-07-07 02:40:00,4.44,4.45,4.42,4.45,512386.95
2026-07-07 02:45:00,4.45,4.46,4.44,4.46,76842.65
2026-07-07 02:50:00,4.46,4.46,4.45,4.45,4813.87
2026-07-07 02:55:00,4.45,4.46,4.45,4.46,129107.16
2026-07-07 03:00:00,4.46,4.46,4.46,4.46,170771.99
2026-07-07 03:05:00,4.46,4.46,4.45,4.46,24268.82
2026-07-07 03:10:00,4.46,4.46,4.45,4.45,34414.03
2026-07-07 03:15:00,4.45,4.45,4.45,4.45,104214.71
2026-07-07 03:20:00,4.45,4.46,4.45,4.45,20722.6
2026-07-07 03:25:00,4.45,4.46,4.44,4.45,15595.45
2026-07-07 03:30:00,4.45,4.45,4.44,4.45,51730.82
2026-07-07 03:35:00,4.45,4.46,4.44,4.45,14490.12
2026-07-07 03:40:00,4.45,4.46,4.45,4.45,100969.8
2026-07-07 03:45:00,4.45,4.46,4.45,4.45,11314.86
2026-07-07 03:50:00,4.45,4.45,4.45,4.45,133136.57
2026-07-07 03:55:00,4.45,4.45,4.45,4.45,11224.49
2026-07-07 04:00:00,4.45,4.45,4.44,4.45,2748.21
2026-07-07 04:05:00,4.45,4.46,4.45,4.45,20415.13
2026-07-07 04:10:00,4.45,4.46,4.44,4.44,14774.41
2026-07-07 04:15:00,4.44,4.45,4.44,4.45,49650.8
2026-07-07 04:20:00,4.45,4.46,4.44,4.46,72.72
2026-07-07 04:25:00,4.46,4.47,4.46,4.47,18320.0
2026-07-07 04:30:00,4.47,4.48,4.47,4.48,44666.58
2026-07-07 04:35:00,4.48,4.48,4.47,4.48,29105.29
2026-07-07 04:40:00,4.48,4.49,4.48,4.49,15987.15
2026-07-07 04:45:00,4.49,4.5,4.47,4.48,100609.92
2026-07-07 04:50:00,4.48,4.49,4.46,4.47,13611.94
2026-07-07 04:55:00,4.47,4.48,4.47,4.47,4520.73
2026-07-07 05:00:00,4.47,4.48,4.47,4.48,21481.99
2026-07-07 05:05:00,4.48,4.48,4.47,4.48,91634.11
2026-07-07 05:10:00,4.48,4.49,4.48,4.48,108386.21
2026-07-07 05:15:00,4.48,4.48,4.48,4.48,8420.98
2026-07-07 05:20:00,4.48,4.48,4.48,4.48,5158.98
2026-07-07 05:25:00,4.48,4.49,4.48,4.48,78937.82
2026-07-07 05:30:00,4.48,4.49,4.48,4.49,231143.57
2026-07-07 05:35:00,4.49,4.5,4.48,4.48,62948.72
2026-07-07 05:40:00,4.48,4.5,4.47,4.47,42109.9
2026-07-07 05:45:00,4.47,4.47,4.46,4.46,39322.28
2026-07-07 05:50:00,4.46,4.47,4.46,4.46,7714.27
2026-07-07 05:55:00,4.46,4.47,4.46,4.46,71158.31
2026-07-07 06:00:00,4.46,4.47,4.46,4.47,37732.33
2026-07-07 06:05:00,4.47,4.47,4.46,4.46,47925.17
2026-07-07 06:10:00,4.46,4.47,4.46,4.46,28501.05
2026-07-07 06:15:00,4.46,4.46,4.45,4.45,50209.14
2026-07-07 06:20:00,4.45,4.46,4.44,4.44,25203.28
2026-07-07 06:25:00,4.44,4.45,4.42,4.45,588507.53
2026-07-07 06:30:00,4.45,4.46,4.44,4.45,34718.48
2026-07-07 06:35:00,4.45,4.46,4.44,4.46,204372.67
2026-07-07 06:40:00,4.46,4.46,4.45,4.45,564.96
2026-07-07 06:45:00,4.45,4.45,4.44,4.44,33155.62
2026-07-07 06:50:00,4.44,4.45,4.43,4.45,2867.74
2026-07-07 06:55:00,4.45,4.45,4.45,4.45,106709.96
2026-07-07 07:00:00,4.45,4.46,4.44,4.46,16988.86
2026-07-07 07:05:00,4.46,4.46,4.45,4.46,188774.32
2026-07-07 07:10:00,4.46,4.47,4.45,4.45,137981.61
2026-07-07 07:15:00,4.45,4.45,4.45,4.45,151867.12
2026-07-07 07:20:00,4.45,4.46,4.45,4.45,37563.39
2026-07-07 07:25:00,4.45,4.46,4.45,4.46,30125.89
2026-07-07 07:30:00,4.46,4.47,4.46,4.46,5819.63
2026-07-07 07:35:00,4.46,4.47,4.45,4.46,65698.23
2026-07-07 07:40:00,4.46,4.47,4.46,4.46,12712.05
2026-07-07 07:45:00,4.46,4.47,4.46,4.47,11624.6
2026-07-07 07:50:00,4.47,4.48,4.46,4.47,121965.91
2026-07-07 07:55:00,4.47,4.48,4.47,4.48,201373.34
2026-07-07 08:00:00,4.48,4.49,4.48,4.48,45033.16
2026-07-07 08:05:00,4.48,4.48,4.47,4.48,41549.92
2026-07-07 08:10:00,4.48,4.48,4.47,4.48,58022.01
2026-07-07 08:15:00,4.48,4.48,4.47,4.47,88808.28
2026-07-07 08:20:00,4.47,4.47,4.46,4.46,62408.51
2026-07-07 08:25:00,4.46,4.47,4.46,4.47,56184.63
2026-07-07 08:30:00,4.47,4.48,4.47,4.48,129059.74
2026-07-07 08:35:00,4.48,4.48,4.47,4.47,83935.37
2026-07-07 08:40:00,4.47,4.48,4.47,4.47,24220.74
2026-07-07 08:45:00,4.47,4.47,4.46,4.46,30428.92
2026-07-07 08:50:00,4.46,4.47,4.46,4.46,7613.82
2026-07-07 08:55:00,4.46,4.46,4.45,4.46,81286.69
2026-07-07 09:00:00,4.46,4.46,4.46,4.46,2947.39
2026-07-07 09:05:00,4.46,4.47,4.45,4.46,31502.11
2026-07-07 09:10:00,4.46,4.46,4.46,4.46,49901.67
2026-07-07 09:15:00,4.46,4.47,4.46,4.46,41621.13
2026-07-07 09:20:00,4.46,4.47,4.46,4.47,55040.57
2026-07-07 09:25:00,4.47,4.48,4.47,4.47,5316.12
2026-07-07 09:30:00,4.47,4.48,4.47,4.47,7043.88
2026-07-07 09:35:00,4.47,4.48,4.46,4.47,24914.45
2026-07-07 09:40:00,4.47,4.47,4.46,4.46,2840.17
2026-07-07 09:45:00,4.46,4.46,4.45,4.45,22533.02
2026-07-07 09:50:00,4.45,4.46,4.45,4.45,33146.01
2026-07-07 09:55:00,4.45,4.46,4.45,4.45,36583.02
2026-07-07 10:00:00,4.45,4.46,4.45,4.45,35582.89
2026-07-07 10:05:00,4.45,4.45,4.45,4.45,9470.26
2026-07-07 10:10:00,4.45,4.46,4.45,4.46,63977.04
2026-07-07 10:15:00,4.46,4.46,4.45,4.45,2739.15
2026-07-07 10:20:00,4.45,4.46,4.45,4.46,92189.78
2026-07-07 10:25:00,4.46,4.46,4.46,4.46,106153.12
2026-07-07 10:30:00,4.46,4.46,4.46,4.46,5433.11
2026-07-07 10:35:00,4.46,4.47,4.45,4.46,75916.4
2026-07-07 10:40:00,4.46,4.46,4.45,4.46,9365.81
2026-07-07 10:45:00,4.46,4.47,4.46,4.46,13990.23
2026-07-07 10:50:00,4.46,4.46,4.45,4.46,15835.57
2026-07-07 10:55:00,4.46,4.47,4.45,4.45,3817.89
2026-07-07 11:00:00,4.45,4.46,4.45,4.46,1902.93
2026-07-07 11:05:00,4.46,4.46,4.45,4.45,219104.58
2026-07-07 11:10:00,4.45,4.45,4.44,4.45,25122.14
2026-07-07 11:15:00,4.45,4.45,4.45,4.45,204907.57
2026-07-07 11:20:00,4.45,4.46,4.45,4.45,46626.75
2026-07-07 11:25:00,4.45,4.46,4.44,4.46,123941.67
2026-07-07 11:30:00,4.46,4.46,4.45,4.45,30014.9
2026-07-07 11:35:00,4.45,4.46,4.43,4.45,74397.51
2026-07-07 11:40:00,4.45,4.46,4.45,4.45,27658.37
2026-07-07 11:45:00,4.45,4.45,4.44,4.45,17059.04
2026-07-07 11:50:00,4.45,4.45,4.44,4.45,25281.62
2026-07-07 11:55:00,4.45,4.45,4.44,4.45,6901.33
2026-07-07 12:00:00,4.45,4.46,4.44,4.45,28883.47
2026-07-07 12:05:00,4.45,4.45,4.45,4.45,30153.4
2026-07-07 12:10:00,4.45,4.45,4.44,4.44,99950.33
2026-07-07 12:15:00,4.44,4.45,4.43,4.45,10641.02
2026-07-07 12:20:00,4.45,4.46,4.44,4.46,36200.19
2026-07-07 12:25:00,4.46,4.46,4.46,4.46,11809.62
2026-07-07 12:30:00,4.46,4.46,4.46,4.46,84459.14
2026-07-07 12:35:00,4.46,4.46,4.45,4.45,180358.11
2026-07-07 12:40:00,4.45,4.46,4.44,4.46,46207.74
2026-07-07 12:45:00,4.46,4.46,4.45,4.45,216007.52
2026-07-07 12:50:00,4.45,4.46,4.44,4.46,6186.1
2026-07-07 12:55:00,4.46,4.46,4.45,4.45,47636.66
2026-07-07 13:00:00,4.45,4.46,4.44,4.46,23882.7
2026-07-07 13:05:00,4.46,4.46,4.45,4.45,13588.89
2026-07-07 13:10:00,4.45,4.46,4.44,4.45,56155.18
2026-07-07 13:15:00,4.45,4.45,4.44,4.44,52068.6
2026-07-07 13:20:00,4.44,4.44,4.44,4.44,26321.39
2026-07-07 13:25:00,4.44,4.45,4.42,4.45,193447.36
2026-07-07 13:30:00,4.45,4.46,4.45,4.46,197.86
2026-07-07 13:35:00,4.46,4.46,4.45,4.46,16769.52
2026-07-07 13:40:00,4.46,4.47,4.44,4.47,147747.89
2026-07-07 13:45:00,4.47,4.47,4.47,4.47,37510.67
2026-07-07 13:50:00,4.47,4.48,4.47,4.47,25495.75
2026-07-07 13:55:00,4.47,4.48,4.46,4.47,25601.64
2026-07-07 14:00:00,4.47,4.47,4.46,4.47,1598.45
2026-07-07 14:05:00,4.47,4.47,4.47,4.47,35026.93
2026-07-07 14:10:00,4.47,4.47,4.46,4.47,5216.4
2026-07-07 14:15:00,4.47,4.47,4.47,4.47,6079.53
2026-07-07 14:20:00,4.47,4.49,4.47,4.48,16075.73
2026-07-07 14:25:00,4.48,4.5,4.48,4.48,195067.81
2026-07-07 14:30:00,4.48,4.48,4.48,4.48,12273.18
2026-07-07 14:35:00,4.48,4.49,4.47,4.47,7234.95
2026-07-07 14:40:00,4.47,4.48,4.47,4.48,51405.79
2026-07-07 14:45:00,4.48,4.48,4.47,4.47,32065.25
2026-07-07 14:50:00,4.47,4.47,4.47,4.47,6932.06
2026-07-07 14:55:00,4.47,4.47,4.46,4.47,152773.96
2026-07-07 15:00:00,4.47,4.47,4.46,4.47,10456.04
2026-07-07 15:05:00,4.47,4.47,4.46,4.47,20049.8
2026-07-07 15:10:00,4.47,4.48,4.47,4.48,39341.82
2026-07-07 15:15:00,4.48,4.5,4.47,4.47,17672.58
2026-07-07 15:20:00,4.47,4.47,4.47,4.47,40325.21
2026-07-07 15:25:00,4.47,4.48,4.46,4.48,15371.94
2026-07-07 15:30:00,4.48,4.48,4.47,4.47,97072.96
2026-07-07 15:35:00,4.47,4.47,4.47,4.47,4433.11
2026-07-07 15:40:00,4.47,4.48,4.46,4.47,137637.39
2026-07-07 15:45:00,4.47,4.48,4.46,4.47,18860.23
2026-07-07 15:50:00,4.47,4.47,4.46,4.47,193995.63
2026-07-07 15:55:00,4.47,4.47,4.46,4.46,14341.58
2026-07-07 16:00:00,4.46,4.47,4.46,4.46,118507.97
2026-07-07 16:05:00,4.46,4.46,4.45,4.45,11682.43
2026-07-07 16:10:00,4.45,4.47,4.45,4.47,19386.51
2026-07-07 16:15:00,4.47,4.47,4.47,4.47,81202.13
2026-07-07 16:20:00,4.47,4.49,4.46,4.47,417032.91
2026-07-07 16:25:00,4.47,4.47,4.46,4.47,6292.74
2026-07-07 16:30:00,4.47,4.48,4.47,4.47,27553.86
2026-07-07 16:35:00,4.47,4.48,4.47,4.47,41203.91
2026-07-07 16:40:00,4.47,4.48,4.47,4.48,26728.54
2026-07-07 16:45:00,4.48,4.48,4.47,4.47,26330.63
2026-07-07 16:50:00,4.47,4.48,4.47,4.48,2823.42
2026-07-07 16:55:00,4.48,4.49,4.46,4.47,405238.63
2026-07-07 17:00:00,4.47,4.47,4.46,4.47,11605.98
2026-07-07 17:05:00,4.47,4.47,4.46,4.47,8624.08
2026-07-07 17:10:00,4.47,4.47,4.46,4.46,34534.51
2026-07-07 17:15:00,4.46,4.47,4.46,4.47,4534.38
2026-07-07 17:20:00,4.47,4.47,4.46,4.47,33262.56
2026-07-07 17:25:00,4.47,4.48,4.47,4.48,52131.21
2026-07-07 17:30:00,4.48,4.48,4.47,4.48,7673.98
2026-07-07 17:35:00,4.48,4.49,4.48,4.48,49202.42
2026-07-07 17:40:00,4.48,4.49,4.46,4.46,189675.44
2026-07-07 17:45:00,4.46,4.47,4.45,4.46,44270.89
2026-07-07 17:50:00,4.46,4.46,4.45,4.46,57712.69
2026-07-07 17:55:00,4.46,4.46,4.46,4.46,35390.6
2026-07-07 18:00:00,4.46,4.46,4.46,4.46,5719.95
2026-07-07 18:05:00,4.46,4.47,4.46,4.47,30929.31
2026-07-07 18:10:00,4.47,4.48,4.47,4.47,53462.62
2026-07-07 18:15:00,4.47,4.47,4.46,4.46,86793.82
2026-07-07 18:20:00,4.46,4.47,4.46,4.47,39459.56
2026-07-07 18:25:00,4.47,4.47,4.46,4.46,28165.8
2026-07-07 18:30:00,4.46,4.46,4.46,4.46,9176.01
2026-07-07 18:35:00,4.46,4.47,4.46,4.47,146527.13
2026-07-07 18:40:00,4.47,4.47,4.46,4.46,53640.87
2026-07-07 18:45:00,4.46,4.47,4.46,4.47,99821.91
2026-07-07 18:50:00,4.47,4.47,4.46,4.46,82386.98
2026-07-07 18:55:00,4.46,4.46,4.45,4.46,38963.36
2026-07-07 19:00:00,4.46,4.46,4.45,4.45,73897.17
2026-07-07 19:05:00,4.45,4.45,4.44,4.45,44105.29
2026-07-07 19:10:00,4.45,4.46,4.44,4.45,71161.62
2026-07-07 19:15:00,4.45,4.45,4.45,4.45,2059.97
2026-07-07 19:20:00,4.45,4.45,4.44,4.45,389849.9
2026-07-07 19:25:00,4.45,4.46,4.45,4.45,28357.98
2026-07-07 19:30:00,4.45,4.46,4.45,4.45,48295.36
2026-07-07 19:35:00,4.45,4.46,4.45,4.45,37884.58
2026-07-07 19:40:00,4.45,4.47,4.44,4.46,443570.21
2026-07-07 19:45:00,4.46,4.46,4.46,4.46,19716.09
2026-07-07 19:50:00,4.46,4.47,4.46,4.47,45313.62
2026-07-07 19:55:00,4.47,4.47,4.46,4.47,29794.01
2026-07-07 20:00:00,4.47,4.47,4.47,4.47,56203.07
2026-07-07 20:05:00,4.47,4.48,4.47,4.47,36050.0
2026-07-07 20:10:00,4.47,4.49,4.46,4.46,610495.97
2026-07-07 20:15:00,4.46,4.47,4.46,4.47,187395.25
2026-07-07 20:20:00,4.47,4.47,4.46,4.46,10592.75
2026-07-07 20:25:00,4.46,4.47,4.46,4.46,71513.44
2026-07-07 20:30:00,4.46,4.47,4.46,4.46,986.1
2026-07-07 20:35:00,4.46,4.46,4.46,4.46,131583.95
2026-07-07 20:40:00,4.46,4.47,4.46,4.46,62546.13
2026-07-07 20:45:00,4.46,4.47,4.46,4.47,113314.59
2026-07-07 20:50:00,4.47,4.47,4.46,4.46,218795.48
2026-07-07 20:55:00,4.46,4.46,4.46,4.46,38880.11
2026-07-07 21:00:00,4.46,4.47,4.46,4.46,43233.52
2026-07-07 21:05:00,4.46,4.47,4.46,4.46,65312.21
2026-07-07 21:10:00,4.46,4.46,4.46,4.46,145266.34
2026-07-07 21:15:00,4.46,4.47,4.46,4.46,39580.28
2026-07-07 21:20:00,4.46,4.47,4.46,4.46,35522.38
2026-07-07 21:25:00,4.46,4.46,4.46,4.46,94851.56
2026-07-07 21:30:00,4.46,4.46,4.46,4.46,166853.54
2026-07-07 21:35:00,4.46,4.46,4.45,4.45,9104.0
2026-07-07 21:40:00,4.45,4.47,4.45,4.46,18144.25
2026-07-07 21:45:00,4.46,4.47,4.46,4.47,20975.83
2026-07-07 21:50:00,4.47,4.49,4.46,4.46,403444.05
2026-07-07 21:55:00,4.46,4.46,4.45,4.45,2873.88
2026-07-07 22:00:00,4.45,4.47,4.44,4.46,50575.69
2026-07-07 22:05:00,4.46,4.47,4.46,4.46,11681.65
2026-07-07 22:10:00,4.46,4.47,4.46,4.46,2663.74
2026-07-07 22:15:00,4.46,4.47,4.46,4.47,75036.38
2026-07-07 22:20:00,4.47,4.47,4.47,4.47,44514.47
2026-07-07 22:25:00,4.47,4.47,4.46,4.47,24599.41
2026-07-07 22:30:00,4.47,4.48,4.47,4.47,76464.38
2026-07-07 22:35:00,4.47,4.47,4.47,4.47,149023.5
2026-07-07 22:40:00,4.47,4.48,4.47,4.48,238483.1
2026-07-07 22:45:00,4.48,4.48,4.47,4.48,5521.87
2026-07-07 22:50:00,4.48,4.49,4.48,4.48,3797.73
2026-07-07 22:55:00,4.48,4.5,4.47,4.47,19959.49
2026-07-07 23:00:00,4.47,4.48,4.46,4.47,44050.58
2026-07-07 23:05:00,4.47,4.47,4.46,4.46,61414.84
2026-07-07 23:10:00,4.46,4.47,4.46,4.46,85278.25
2026-07-07 23:15:00,4.46,4.47,4.45,4.46,9646.87
2026-07-07 23:20:00,4.46,4.46,4.45,4.46,114323.73
2026-07-07 23:25:00,4.46,4.46,4.45,4.46,43569.57
2026-07-07 23:30:00,4.46,4.46,4.46,4.46,34039.62
2026-07-07 23:35:00,4.46,4.46,4.45,4.46,39335.62
2026-07-07 23:40:00,4.46,4.47,4.46,4.46,33.08
2026-07-07 23:45:00,4.46,4.47,4.46,4.47,1255.62
2026-07-07 23:50:00,4.47,4.47,4.47,4.47,50888.6
2026-07-07 23:55:00,4.47,4.47,4.46,4.46,77449.71
2026-07-08 00:00:00,4.46,4.47,4.46,4.47,81301.23
2026-07-08 00:05:00,4.47,4.47,4.46,4.46,147608.22
2026-07-08 00:10:00,4.46,4.46,4.46,4.46,56582.43
2026-07-08 00:15:00,4.46,4.46,4.45,4.45,137030.91
2026-07-08 00:20:00,4.45,4.46,4.44,4.46,31614.14
2026-07-08 00:25:00,4.46,4.47,4.46,4.46,51180.36
2026-07-08 00:30:00,4.46,4.47,4.46,4.46,6742.25
2026-07-08 00:35:00,4.46,4.46,4.46,4.46,33603.67
2026-07-08 00:40:00,4.46,4.46,4.45,4.45,15206.17
2026-07-08 00:45:00,4.45,4.47,4.45,4.46,126809.51
2026-07-08 00:50:00,4.46,4.47,4.46,4.46,155946.55
2026-07-08 00:55:00,4.46,4.47,4.46,4.47,16814.96
2026-07-08 01:00:00,4.47,4.48,4.46,4.48,11985.46
2026-07-08 01:05:00,4.48,4.49,4.47,4.47,162639.8
2026-07-08 01:10:00,4.47,4.49,4.46,4.46,725364.44
2026-07-08 01:15:00,4.46,4.47,4.46,4.46,88142.99
2026-07-08 01:20:00,4.46,4.47,4.46,4.46,163480.94
2026-07-08 01:25:00,4.46,4.47,4.46,4.46,4388.34
2026-07-08 01:30:00,4.46,4.46,4.44,4.44,123423.85
2026-07-08 01:35:00,4.44,4.45,4.44,4.45,1280.52
2026-07-08 01:40:00,4.45,4.46,4.43,4.46,20426.43
2026-07-08 01:45:00,4.46,4.47,4.46,4.47,44133.23
2026-07-08 01:50:00,4.47,4.48,4.46,4.47,55430.14
2026-07-08 01:55:00,4.47,4.47,4.46,4.46,3830.48
2026-07-08 02:00:00,4.46,4.47,4.46,4.47,36277.68
2026-07-08 02:05:00,4.47,4.48,4.46,4.47,11710.61
2026-07-08 02:10:00,4.47,4.48,4.47,4.47,17115.52
2026-07-08 02:15:00,4.47,4.48,4.47,4.47,39154.23
2026-07-08 02:20:00,4.47,4.48,4.47,4.48,8316.91
2026-07-08 02:25:00,4.48,4.49,4.47,4.48,27679.36
2026-07-08 02:30:00,4.48,4.49,4.47,4.49,8960.7
2026-07-08 02:35:00,4.49,4.49,4.48,4.48,36849.26
2026-07-08 02:40:00,4.48,4.49,4.48,4.48,17518.46
2026-07-08 02:45:00,4.48,4.48,4.48,4.48,75301.67
2026-07-08 02:50:00,4.48,4.49,4.48,4.49,69832.41
2026-07-08 02:55:00,4.49,4.49,4.47,4.47,108755.74
2026-07-08 03:00:00,4.47,4.48,4.46,4.47,22549.43
2026-07-08 03:05:00,4.47,4.47,4.46,4.47,18399.33
2026-07-08 03:10:00,4.47,4.47,4.46,4.47,42237.84
2026-07-08 03:15:00,4.47,4.47,4.46,4.46,30576.4
2026-07-08 03:20:00,4.46,4.48,4.46,4.47,67228.04
2026-07-08 03:25:00,4.47,4.48,4.47,4.47,135871.83
2026-07-08 03:30:00,4.47,4.49,4.46,4.46,104700.43
2026-07-08 03:35:00,4.46,4.47,4.45,4.45,11302.91
2026-07-08 03:40:00,4.45,4.46,4.45,4.45,96022.84
2026-07-08 03:45:00,4.45,4.45,4.45,4.45,52462.85
2026-07-08 03:50:00,4.45,4.46,4.45,4.46,104669.66
2026-07-08 03:55:00,4.46,4.46,4.46,4.46,50884.58
2026-07-08 04:00:00,4.46,4.46,4.45,4.46,6075.35
2026-07-08 04:05:00,4.46,4.47,4.46,4.47,92477.76
2026-07-08 04:10:00,4.47,4.47,4.46,4.46,5095.08
2026-07-08 04:15:00,4.46,4.47,4.46,4.46,24528.66
2026-07-08 04:20:00,4.46,4.46,4.46,4.46,85067.89
2026-07-08 04:25:00,4.46,4.46,4.46,4.46,3267.6
2026-07-08 04:30:00,4.46,4.46,4.46,4.46,3343.1
2026-07-08 04:35:00,4.46,4.47,4.46,4.46,103822.41
2026-07-08 04:40:00,4.46,4.47,4.46,4.47,49514.31
2026-07-08 04:45:00,4.47,4.47,4.46,4.46,16210.2
2026-07-08 04:50:00,4.46,4.46,4.46,4.46,56991.78
2026-07-08 04:55:00,4.46,4.46,4.45,4.45,49179.22
2026-07-08 05:00:00,4.45,4.47,4.45,4.47,74536.24
2026-07-08 05:05:00,4.47,4.47,4.47,4.47,92623.79
2026-07-08 05:10:00,4.47,4.47,4.46,4.46,79400.74
2026-07-08 05:15:00,4.46,4.46,4.46,4.46,29928.44
2026-07-08 05:20:00,4.46,4.46,4.46,4.46,69050.28
2026-07-08 05:25:00,4.46,4.47,4.46,4.46,60497.13
2026-07-08 05:30:00,4.46,4.46,4.45,4.46,27146.84
2026-07-08 05:35:00,4.46,4.46,4.45,4.45,45497.07
2026-07-08 05:40:00,4.45,4.46,4.45,4.45,55356.03
2026-07-08 05:45:00,4.45,4.45,4.45,4.45,44660.94
2026-07-08 05:50:00,4.45,4.45,4.44,4.44,9784.27
2026-07-08 05:55:00,4.44,4.45,4.44,4.45,20779.05
2026-07-08 06:00:00,4.45,4.45,4.44,4.45,9020.56
2026-07-08 06:05:00,4.45,4.46,4.43,4.46,23473.79
2026-07-08 06:10:00,4.46,4.46,4.45,4.45,60178.82
2026-07-08 06:15:00,4.45,4.46,4.45,4.45,81793.14
2026-07-08 06:20:00,4.45,4.45,4.44,4.45,5959.81
2026-07-08 06:25:00,4.45,4.45,4.44,4.45,28614.38
2026-07-08 06:30:00,4.45,4.46,4.43,4.46,7087.48
2026-07-08 06:35:00,4.46,4.46,4.45,4.45,1856.07
2026-07-08 06:40:00,4.45,4.46,4.45,4.46,61821.31
2026-07-08 06:45:00,4.46,4.46,4.45,4.46,13524.7
2026-07-08 06:50:00,4.46,4.46,4.45,4.45,96397.85
2026-07-08 06:55:00,4.45,4.46,4.45,4.46,46848.25
2026-07-08 07:00:00,4.46,4.47,4.46,4.47,21726.95
2026-07-08 07:05:00,4.47,4.47,4.46,4.46,63068.48
2026-07-08 07:10:00,4.46,4.46,4.46,4.46,145350.99
2026-07-08 07:15:00,4.46,4.46,4.45,4.46,7704.07
2026-07-08 07:20:00,4.46,4.46,4.44,4.45,37805.19
2026-07-08 07:25:00,4.45,4.46,4.43,4.46,547857.7
2026-07-08 07:30:00,4.46,4.46,4.45,4.45,123624.3
2026-07-08 07:35:00,4.45,4.45,4.45,4.45,66827.21
2026-07-08 07:40:00,4.45,4.46,4.44,4.45,82005.27
2026-07-08 07:45:00,4.45,4.45,4.44,4.45,11690.75
2026-07-08 07:50:00,4.45,4.45,4.44,4.44,54691.54
2026-07-08 07:55:00,4.44,4.45,4.43,4.45,25662.42
2026-07-08 08:00:00,4.45,4.45,4.44,4.44,28215.79
2026-07-08 08:05:00,4.44,4.45,4.44,4.44,19238.04
2026-07-08 08:10:00,4.44,4.46,4.43,4.46,70520.46
2026-07-08 08:15:00,4.46,4.46,4.45,4.45,34364.06
2026-07-08 08:20:00,4.45,4.46,4.44,4.45,785.38
2026-07-08 08:25:00,4.45,4.46,4.43,4.46,47321.67
2026-07-08 08:30:00,4.46,4.47,4.46,4.47,58873.9
2026-07-08 08:35:00,4.47,4.47,4.45,4.45,244556.91
2026-07-08 08:40:00,4.45,4.45,4.45,4.45,37354.8
2026-07-08 08:45:00,4.45,4.47,4.45,4.46,109027.97
2026-07-08 08:50:00,4.46,4.48,4.45,4.46,723560.95
2026-07-08 08:55:00,4.46,4.46,4.45,4.46,198036.58
2026-07-08 09:00:00,4.46,4.46,4.46,4.46,161648.32
2026-07-08 09:05:00,4.46,4.46,4.46,4.46,160278.82
2026-07-08 09:10:00,4.46,4.47,4.46,4.46,22547.27
2026-07-08 09:15:00,4.46,4.47,4.45,4.45,337323.94
2026-07-08 09:20:00,4.45,4.46,4.45,4.46,22962.17
2026-07-08 09:25:00,4.46,4.46,4.45,4.46,25213.42
2026-07-08 09:30:00,4.46,4.46,4.45,4.45,6828.67
2026-07-08 09:35:00,4.45,4.46,4.45,4.46,88199.0
2026-07-08 09:40:00,4.46,4.46,4.45,4.46,11656.27
2026-07-08 09:45:00,4.46,4.47,4.46,4.46,25018.22
2026-07-08 09:50:00,4.46,4.46,4.45,4.45,45898.72
2026-07-08 09:55:00,4.45,4.45,4.45,4.45,56916.21
2026-07-08 10:00:00,4.45,4.45,4.44,4.44,10219.73
2026-07-08 10:05:00,4.44,4.46,4.43,4.45,152477.62
2026-07-08 10:10:00,4.45,4.47,4.45,4.46,114075.36
2026-07-08 10:15:00,4.46,4.47,4.46,4.47,45800.11
2026-07-08 10:20:00,4.47,4.49,4.46,4.46,136042.72
2026-07-08 10:25:00,4.46,4.46,4.45,4.46,46688.06
2026-07-08 10:30:00,4.46,4.46,4.45,4.45,18258.36
2026-07-08 10:35:00,4.45,4.46,4.45,4.46,129776.08
2026-07-08 10:40:00,4.46,4.46,4.45,4.45,66576.22
2026-07-08 10:45:00,4.45,4.46,4.45,4.45,22495.27
2026-07-08 10:50:00,4.45,4.46,4.45,4.46,20502.61
2026-07-08 10:55:00,4.46,4.46,4.45,4.45,88133.53
2026-07-08 11:00:00,4.45,4.46,4.44,4.45,49222.4
2026-07-08 11:05:00,4.45,4.45,4.45,4.45,17904.17
2026-07-08 11:10:00,4.45,4.46,4.43,4.46,251737.1
2026-07-08 11:15:00,4.46,4.46,4.46,4.46,38589.24
2026-07-08 11:20:00,4.46,4.46,4.44,4.45,131433.25
2026-07-08 11:25:00,4.45,4.45,4.44,4.45,18899.34
2026-07-08 11:30:00,4.45,4.46,4.43,4.46,19232.27
2026-07-08 11:35:00,4.46,4.47,4.45,4.46,128439.8
2026-07-08 11:40:00,4.46,4.46,4.45,4.46,32116.22
2026-07-08 11:45:00,4.46,4.46,4.45,4.45,32804.39
2026-07-08 11:50:00,4.45,4.47,4.45,4.46,14353.83
2026-07-08 11:55:00,4.46,4.46,4.46,4.46,4906.17
2026-07-08 12:00:00,4.46,4.47,4.45,4.46,35952.77
2026-07-08 12:05:00,4.46,4.47,4.46,4.47,22074.52
2026-07-08 12:10:00,4.47,4.47,4.46,4.46,53049.99
2026-07-08 12:15:00,4.46,4.47,4.46,4.46,59734.49
2026-07-08 12:20:00,4.46,4.47,4.46,4.46,10170.8
2026-07-08 12:25:00,4.46,4.46,4.46,4.46,42892.74
2026-07-08 12:30:00,4.46,4.47,4.45,4.47,12575.14
2026-07-08 12:35:00,4.47,4.48,4.46,4.46,150960.23
2026-07-08 12:40:00,4.46,4.46,4.45,4.46,55804.92
2026-07-08 12:45:00,4.46,4.46,4.45,4.46,24028.64
2026-07-08 12:50:00,4.46,4.46,4.45,4.45,9546.71
2026-07-08 12:55:00,4.45,4.46,4.45,4.46,45213.97
2026-07-08 13:00:00,4.46,4.46,4.44,4.45,32164.6
2026-07-08 13:05:00,4.45,4.45,4.43,4.45,96834.46
2026-07-08 13:10:00,4.45,4.45,4.45,4.45,3536.35
2026-07-08 13:15:00,4.45,4.45,4.45,4.45,68022.22
2026-07-08 13:20:00,4.45,4.45,4.45,4.45,72763.79
2026-07-08 13:25:00,4.45,4.45,4.44,4.44,113470.39
2026-07-08 13:30:00,4.44,4.45,4.44,4.44,23372.94
2026-07-08 13:35:00,4.44,4.46,4.42,4.46,141156.29
2026-07-08 13:40:00,4.46,4.46,4.45,4.46,2719.91
2026-07-08 13:45:00,4.46,4.46,4.45,4.45,20387.0
2026-07-08 13:50:00,4.45,4.46,4.45,4.46,57889.34
2026-07-08 13:55:00,4.46,4.47,4.46,4.47,36548.01
2026-07-08 14:00:00,4.47,4.47,4.46,4.46,15106.91
2026-07-08 14:05:00,4.46,4.47,4.45,4.45,130589.7
2026-07-08 14:10:00,4.45,4.45,4.45,4.45,39976.31
2026-07-08 14:15:00,4.45,4.45,4.45,4.45,102948.17
2026-07-08 14:20:00,4.45,4.46,4.45,4.46,6774.36
2026-07-08 14:25:00,4.46,4.46,4.45,4.45,5062.83
2026-07-08 14:30:00,4.45,4.45,4.44,4.45,126675.63
2026-07-08 14:35:00,4.45,4.45,4.44,4.45,40025.92
2026-07-08 14:40:00,4.45,4.45,4.44,4.44,24562.99
2026-07-08 14:45:00,4.44,4.44,4.44,4.44,13040.4
2026-07-08 14:50:00,4.44,4.46,4.43,4.45,6605.84
2026-07-08 14:55:00,4.45,4.45,4.45,4.45,129861.55
2026-07-08 15:00:00,4.45,4.46,4.45,4.46,63270.36
2026-07-08 15:05:00,4.46,4.46,4.45,4.46,100561.37
2026-07-08 15:10:00,4.46,4.46,4.45,4.45,20613.14
2026-07-08 15:15:00,4.45,4.46,4.45,4.45,80022.52
2026-07-08 15:20:00,4.45,4.45,4.45,4.45,132051.51
2026-07-08 15:25:00,4.45,4.45,4.44,4.45,36139.59
2026-07-08 15:30:00,4.45,4.45,4.44,4.45,80329.99
2026-07-08 15:35:00,4.45,4.46,4.44,4.46,357433.6
2026-07-08 15:40:00,4.46,4.46,4.45,4.45,3204.4
2026-07-08 15:45:00,4.45,4.45,4.44,4.45,1848.62
2026-07-08 15:50:00,4.45,4.45,4.45,4.45,8609.66
2026-07-08 15:55:00,4.45,4.46,4.45,4.46,43369.2
2026-07-08 16:00:00,4.46,4.46,4.46,4.46,6485.47
2026-07-08 16:05:00,4.46,4.47,4.45,4.46,75120.7
2026-07-08 16:10:00,4.46,4.48,4.45,4.45,4232.83
2026-07-08 16:15:00,4.45,4.46,4.45,4.46,12618.43
2026-07-08 16:20:00,4.46,4.46,4.45,4.45,1899.32
2026-07-08 16:25:00,4.45,4.46,4.45,4.46,25047.52
2026-07-08 16:30:00,4.46,4.48,4.46,4.47,48062.76
2026-07-08 16:35:00,4.47,4.49,4.46,4.47,43430.15
2026-07-08 16:40:00,4.47,4.47,4.46,4.47,13399.63
2026-07-08 16:45:00,4.47,4.49,4.46,4.47,87779.88
2026-07-08 16:50:00,4.47,4.47,4.46,4.46,68624.24
2026-07-08 16:55:00,4.46,4.47,4.46,4.47,25321.37
2026-07-08 17:00:00,4.47,4.47,4.46,4.46,47942.4
2026-07-08 17:05:00,4.46,4.47,4.45,4.46,136225.58
2026-07-08 17:10:00,4.46,4.46,4.45,4.46,77699.61
2026-07-08 17:15:00,4.46,4.46,4.45,4.46,10448.76
2026-07-08 17:20:00,4.46,4.46,4.45,4.45,55.64
2026-07-08 17:25:00,4.45,4.45,4.43,4.44,24517.94
2026-07-08 17:30:00,4.44,4.45,4.43,4.44,6656.32
2026-07-08 17:35:00,4.44,4.45,4.44,4.45,73782.71
2026-07-08 17:40:00,4.45,4.46,4.44,4.45,426797.71
2026-07-08 17:45:00,4.45,4.46,4.45,4.45,80832.76
2026-07-08 17:50:00,4.45,4.47,4.45,4.45,15349.86
2026-07-08 17:55:00,4.45,4.45,4.45,4.45,9328.96
2026-07-08 18:00:00,4.45,4.46,4.44,4.45,35725.9
2026-07-08 18:05:00,4.45,4.45,4.45,4.45,13818.01
2026-07-08 18:10:00,4.45,4.46,4.44,4.45,66645.37
2026-07-08 18:15:00,4.45,4.46,4.45,4.45,24265.68
2026-07-08 18:20:00,4.45,4.45,4.45,4.45,12961.5
2026-07-08 18:25:00,4.45,4.45,4.44,4.45,4318.72
2026-07-08 18:30:00,4.45,4.45,4.44,4.45,9390.15
2026-07-08 18:35:00,4.45,4.45,4.44,4.45,4101.42
2026-07-08 18:40:00,4.45,4.45,4.45,4.45,94678.3
2026-07-08 18:45:00,4.45,4.45,4.43,4.44,135548.6
2026-07-08 18:50:00,4.44,4.45,4.43,4.45,4383.24
2026-07-08 18:55:00,4.45,4.46,4.44,4.44,214352.85
2026-07-08 19:00:00,4.44,4.45,4.43,4.45,413168.99
2026-07-08 19:05:00,4.45,4.45,4.45,4.45,25378.11
2026-07-08 19:10:00,4.45,4.46,4.43,4.45,112510.7
2026-07-08 19:15:00,4.45,4.46,4.45,4.45,108250.76
2026-07-08 19:20:00,4.45,4.46,4.45,4.46,43651.01
2026-07-08 19:25:00,4.46,4.48,4.46,4.47,46809.48
2026-07-08 19:30:00,4.47,4.48,4.46,4.46,136165.67
2026-07-08 19:35:00,4.46,4.47,4.45,4.45,111301.13
2026-07-08 19:40:00,4.45,4.46,4.45,4.46,3755.41
2026-07-08 19:45:00,4.46,4.47,4.46,4.46,5425.89
2026-07-08 19:50:00,4.46,4.46,4.46,4.46,3135.99
2026-07-08 19:55:00,4.46,4.46,4.45,4.46,80634.15
2026-07-08 20:00:00,4.46,4.46,4.45,4.46,27872.57
2026-07-08 20:05:00,4.46,4.46,4.45,4.46,96195.23
2026-07-08 20:10:00,4.46,4.46,4.46,4.46,26214.81
2026-07-08 20:15:00,4.46,4.46,4.46,4.46,63222.91
2026-07-08 20:20:00,4.46,4.46,4.45,4.46,14417.59
2026-07-08 20:25:00,4.46,4.46,4.45,4.46,84196.94
2026-07-08 20:30:00,4.46,4.46,4.46,4.46,41983.17
2026-07-08 20:35:00,4.46,4.47,4.45,4.46,60476.6
2026-07-08 20:40:00,4.46,4.46,4.46,4.46,41227.1
2026-07-08 20:45:00,4.46,4.47,4.46,4.46,142365.61
2026-07-08 20:50:00,4.46,4.46,4.46,4.46,16405.32
2026-07-08 20:55:00,4.46,4.47,4.45,4.45,27783.15
2026-07-08 21:00:00,4.45,4.46,4.45,4.46,99493.31
2026-07-08 21:05:00,4.46,4.46,4.46,4.46,15009.69
2026-07-08 21:10:00,4.46,4.46,4.45,4.46,35533.79
2026-07-08 21:15:00,4.46,4.46,4.45,4.45,76854.67
2026-07-08 21:20:00,4.45,4.45,4.45,4.45,13758.7
2026-07-08 21:25:00,4.45,4.46,4.43,4.44,89315.75
2026-07-08 21:30:00,4.44,4.45,4.42,4.45,24062.13
2026-07-08 21:35:00,4.45,4.45,4.44,4.45,138541.06
2026-07-08 21:40:00,4.45,4.46,4.45,4.45,23176.49
2026-07-08 21:45:00,4.45,4.45,4.45,4.45,14149.09
2026-07-08 21:50:00,4.45,4.46,4.45,4.45,16743.63
2026-07-08 21:55:00,4.45,4.45,4.43,4.44,7596.68
2026-07-08 22:00:00,4.44,4.45,4.44,4.44,59078.56
2026-07-08 22:05:00,4.44,4.44,4.43,4.44,128613.96
2026-07-08 22:10:00,4.44,4.45,4.44,4.45,37327.25
2026-07-08 22:15:00,4.45,4.46,4.43,4.46,240976.94
2026-07-08 22:20:00,4.46,4.47,4.45,4.45,40491.15
2026-07-08 22:25:00,4.45,4.46,4.45,4.45,649.17
2026-07-08 22:30:00,4.45,4.45,4.44,4.44,30276.5
2026-07-08 22:35:00,4.44,4.45,4.44,4.45,43543.59
2026-07-08 22:40:00,4.45,4.45,4.44,4.45,62679.43
2026-07-08 22:45:00,4.45,4.45,4.44,4.45,58563.32
2026-07-08 22:50:00,4.45,4.45,4.44,4.45,22969.08
2026-07-08 22:55:00,4.45,4.46,4.45,4.45,42876.83
2026-07-08 23:00:00,4.45,4.46,4.45,4.46,183024.12
2026-07-08 23:05:00,4.46,4.47,4.46,4.46,102897.01
2026-07-08 23:10:00,4.46,4.47,4.46,4.46,31714.97
2026-07-08 23:15:00,4.46,4.46,4.45,4.46,109798.47
2026-07-08 23:20:00,4.46,4.46,4.45,4.45,100625.16
2026-07-08 23:25:00,4.45,4.46,4.44,4.45,11986.71
2026-07-08 23:30:00,4.45,4.46,4.44,4.44,17935.06
2026-07-08 23:35:00,4.44,4.45,4.44,4.45,193367.59
2026-07-08 23:40:00,4.45,4.47,4.44,4.44,86431.21
2026-07-08 23:45:00,4.44,4.46,4.44,4.45,77882.04
2026-07-08 23:50:00,4.45,4.46,4.44,4.45,27524.59
2026-07-08 23:55:00,4.45,4.45,4.45,4.45,112723.14
2026-07-09 00:00:00,4.45,4.45,4.43,4.44,7787.71
2026-07-09 00:05:00,4.44,4.44,4.43,4.43,11229.29
2026-07-09 00:10:00,4.43,4.43,4.43,4.43,31825.92
2026-07-09 00:15:00,4.43,4.43,4.42,4.43,37619.13
2026-07-09 00:20:00,4.43,4.44,4.41,4.44,329671.07
2026-07-09 00:25:00,4.44,4.44,4.43,4.43,30669.44
2026-07-09 00:30:00,4.43,4.45,4.43,4.44,100569.71
2026-07-09 00:35:00,4.44,4.46,4.43,4.45,67678.08
2026-07-09 00:40:00,4.45,4.45,4.45,4.45,51967.67
2026-07-09 00:45:00,4.45,4.45,4.45,4.45,17802.25
2026-07-09 00:50:00,4.45,4.45,4.44,4.45,26658.97
2026-07-09 00:55:00,4.45,4.45,4.44,4.44,11620.84
2026-07-09 01:00:00,4.44,4.45,4.44,4.45,29960.83
2026-07-09 01:05:00,4.45,4.45,4.44,4.45,225.84
2026-07-09 01:10:00,4.45,4.45,4.44,4.44,28461.31
2026-07-09 01:15:00,4.44,4.46,4.43,4.45,227865.77
2026-07-09 01:20:00,4.45,4.47,4.45,4.46,42208.45
2026-07-09 01:25:00,4.46,4.48,4.46,4.47,36319.78
2026-07-09 01:30:00,4.47,4.48,4.46,4.46,641899.21
2026-07-09 01:35:00,4.46,4.48,4.46,4.46,63874.73
2026-07-09 01:40:00,4.46,4.46,4.46,4.46,2598.89
2026-07-09 01:45:00,4.46,4.47,4.45,4.45,220435.17
2026-07-09 01:50:00,4.45,4.45,4.44,4.45,259545.73
2026-07-09 01:55:00,4.45,4.45,4.45,4.45,29072.47
2026-07-09 02:00:00,4.45,4.45,4.45,4.45,38109.56
2026-07-09 02:05:00,4.45,4.46,4.45,4.45,33562.25
2026-07-09 02:10:00,4.45,4.46,4.44,4.44,1022446.03
2026-07-09 02:15:00,4.44,4.45,4.44,4.44,35042.39
2026-07-09 02:20:00,4.44,4.44,4.43,4.43,1942.89
2026-07-09 02:25:00,4.43,4.45,4.42,4.44,203516.65
2026-07-09 02:30:00,4.44,4.45,4.44,4.45,57024.62
2026-07-09 02:35:00,4.45,4.46,4.44,4.46,37212.75
2026-07-09 02:40:00,4.46,4.46,4.45,4.45,17208.01
2026-07-09 02:45:00,4.45,4.45,4.44,4.45,33111.21
2026-07-09 02:50:00,4.45,4.45,4.45,4.45,18021.32
2026-07-09 02:55:00,4.45,4.45,4.44,4.44,202292.07
2026-07-09 03:00:00,4.44,4.45,4.44,4.45,2654.59
2026-07-09 03:05:00,4.45,4.46,4.44,4.45,1680.64
2026-07-09 03:10:00,4.45,4.46,4.45,4.45,99948.93
2026-07-09 03:15:00,4.45,4.45,4.45,4.45,25680.55
2026-07-09 03:20:00,4.45,4.45,4.44,4.45,1130.33
2026-07-09 03:25:00,4.45,4.46,4.44,4.45,58243.39
2026-07-09 03:30:00,4.45,4.46,4.45,4.45,6884.22
2026-07-09 03:35:00,4.45,4.46,4.44,4.45,92980.18
2026-07-09 03:40:00,4.45,4.46,4.44,4.46,218904.21
2026-07-09 03:45:00,4.46,4.46,4.44,4.45,12447.95
2026-07-09 03:50:00,4.45,4.45,4.44,4.44,10615.27
2026-07-09 03:55:00,4.44,4.44,4.44,4.44,69724.42
2026-07-09 04:00:00,4.44,4.44,4.44,4.44,4446.35
2026-07-09 04:05:00,4.44,4.45,4.44,4.45,61998.07
2026-07-09 04:10:00,4.45,4.45,4.45,4.45,1760.48
2026-07-09 04:15:00,4.45,4.45,4.44,4.44,58674.15
2026-07-09 04:20:00,4.44,4.45,4.44,4.44,13400.03
2026-07-09 04:25:00,4.44,4.44,4.44,4.44,12780.17
2026-07-09 04:30:00,4.44,4.45,4.44,4.44,240176.69
2026-07-09 04:35:00,4.44,4.45,4.44,4.44,8462.68
2026-07-09 04:40:00,4.44,4.44,4.43,4.43,52102.26
2026-07-09 04:45:00,4.43,4.43,4.42,4.42,43552.48
2026-07-09 04:50:00,4.42,4.42,4.4,4.42,976642.75
2026-07-09 04:55:00,4.42,4.43,4.42,4.43,58133.08
2026-07-09 05:00:00,4.43,4.45,4.42,4.44,248587.62
2026-07-09 05:05:00,4.44,4.45,4.44,4.45,28561.24
2026-07-09 05:10:00,4.45,4.45,4.45,4.45,23527.67
2026-07-09 05:15:00,4.45,4.46,4.45,4.46,15111.71
2026-07-09 05:20:00,4.46,4.46,4.44,4.45,14370.77
2026-07-09 05:25:00,4.45,4.45,4.45,4.45,46444.22
2026-07-09 05:30:00,4.45,4.46,4.45,4.45,14057.25
2026-07-09 05:35:00,4.45,4.46,4.44,4.45,16110.09
2026-07-09 05:40:00,4.45,4.45,4.45,4.45,37594.47
2026-07-09 05:45:00,4.45,4.46,4.45,4.46,22557.24
2026-07-09 05:50:00,4.46,4.46,4.45,4.45,1380.55
2026-07-09 05:55:00,4.45,4.45,4.44,4.45,73498.1
2026-07-09 06:00:00,4.45,4.45,4.45,4.45,44183.57
2026-07-09 06:05:00,4.45,4.47,4.45,4.47,13217.05
2026-07-09 06:10:00,4.47,4.47,4.46,4.46,24309.06
2026-07-09 06:15:00,4.46,4.48,4.45,4.46,133669.21
2026-07-09 06:20:00,4.46,4.46,4.45,4.46,41427.61
2026-07-09 06:25:00,4.46,4.47,4.46,4.47,48760.81
2026-07-09 06:30:00,4.47,4.47,4.46,4.46,90542.88
2026-07-09 06:35:00,4.46,4.46,4.45,4.46,77843.1
2026-07-09 06:40:00,4.46,4.46,4.45,4.45,67530.11
2026-07-09 06:45:00,4.45,4.45,4.45,4.45,12049.51
2026-07-09 06:50:00,4.45,4.45,4.44,4.44,12613.95
2026-07-09 06:55:00,4.44,4.45,4.44,4.44,10277.18
2026-07-09 07:00:00,4.44,4.45,4.44,4.44,29128.09
2026-07-09 07:05:00,4.44,4.45,4.44,4.44,16120.51
2026-07-09 07:10:00,4.44,4.44,4.44,4.44,35847.84
2026-07-09 07:15:00,4.44,4.45,4.44,4.45,14721.58
2026-07-09 07:20:00,4.45,4.46,4.45,4.45,16326.12
2026-07-09 07:25:00,4.45,4.46,4.45,4.45,234677.53
2026-07-09 07:30:00,4.45,4.46,4.45,4.45,124563.94
2026-07-09 07:35:00,4.45,4.46,4.45,4.46,105568.05
2026-07-09 07:40:00,4.46,4.46,4.45,4.45,27007.5
2026-07-09 07:45:00,4.45,4.46,4.45,4.46,23573.3
2026-07-09 07:50:00,4.46,4.46,4.46,4.46,12621.7
2026-07-09 07:55:00,4.46,4.48,4.45,4.45,14001.67
2026-07-09 08:00:00,4.45,4.46,4.44,4.45,55488.68
2026-07-09 08:05:00,4.45,4.45,4.44,4.44,110348.47
2026-07-09 08:10:00,4.44,4.44,4.44,4.44,20525.96
2026-07-09 08:15:00,4.44,4.45,4.44,4.44,11616.26
2026-07-09 08:20:00,4.44,4.45,4.44,4.45,156828.4
2026-07-09 08:25:00,4.45,4.46,4.44,4.45,106166.55
2026-07-09 08:30:00,4.45,4.46,4.45,4.46,32359.9
2026-07-09 08:35:00,4.46,4.46,4.45,4.46,29510.03
2026-07-09 08:40:00,4.46,4.46,4.46,4.46,54471.17
2026-07-09 08:45:00,4.46,4.46,4.46,4.46,127917.35
2026-07-09 08:50:00,4.46,4.46,4.46,4.46,87810.92
2026-07-09 08:55:00,4.46,4.47,4.46,4.47,29932.23
2026-07-09 09:00:00,4.47,4.48,4.45,4.46,552062.65
2026-07-09 09:05:00,4.46,4.46,4.45,4.46,491.71
2026-07-09 09:10:00,4.46,4.46,4.46,4.46,59275.63
2026-07-09 09:15:00,4.46,4.47,4.46,4.46,20768.15
2026-07-09 09:20:00,4.46,4.48,4.46,4.46,1261.21
2026-07-09 09:25:00,4.46,4.47,4.45,4.47,20853.27
2026-07-09 09:30:00,4.47,4.47,4.47,4.47,149243.37
2026-07-09 09:35:00,4.47,4.48,4.46,4.46,411738.67
2026-07-09 09:40:00,4.46,4.47,4.46,4.46,12484.59
2026-07-09 09:45:00,4.46,4.47,4.46,4.46,9041.69
2026-07-09 09:50:00,4.46,4.47,4.46,4.46,19100.69
2026-07-09 09:55:00,4.46,4.47,4.46,4.46,58221.2
2026-07-09 10:00:00,4.46,4.47,4.46,4.46,84252.24
2026-07-09 10:05:00,4.46,4.46,4.44,4.45,19050.35
2026-07-09 10:10:00,4.45,4.45,4.45,4.45,174111.78
2026-07-09 10:15:00,4.45,4.45,4.45,4.45,8097.02
2026-07-09 10:20:00,4.45,4.45,4.43,4.44,8117.44
2026-07-09 10:25:00,4.44,4.44,4.43,4.43,12102.25
2026-07-09 10:30:00,4.43,4.44,4.43,4.43,7790.62
2026-07-09 10:35:00,4.43,4.44,4.43,4.44,93052.45
2026-07-09 10:40:00,4.44,4.45,4.44,4.45,22572.3
2026-07-09 10:45:00,4.45,4.45,4.45,4.45,6195.39
2026-07-09 10:50:00,4.45,4.45,4.43,4.44,66140.51
2026-07-09 10:55:00,4.44,4.44,4.44,4.44,77401.17
2026-07-09 11:00:00,4.44,4.44,4.43,4.43,119573.64
2026-07-09 11:05:00,4.43,4.44,4.43,4.44,1294.95
2026-07-09 11:10:00,4.44,4.44,4.43,4.44,8155.3
2026-07-09 11:15:00,4.44,4.44,4.43,4.44,15842.47
2026-07-09 11:20:00,4.44,4.44,4.43,4.43,10659.63
2026-07-09 11:25:00,4.43,4.44,4.43,4.44,7209.88
2026-07-09 11:30:00,4.44,4.44,4.43,4.44,24289.58
2026-07-09 11:35:00,4.44,4.44,4.44,4.44,8005.44
2026-07-09 11:40:00,4.44,4.45,4.44,4.45,34641.98
2026-07-09 11:45:00,4.45,4.45,4.45,4.45,27448.2
2026-07-09 11:50:00,4.45,4.45,4.45,4.45,9463.2
2026-07-09 11:55:00,4.45,4.45,4.45,4.45,2588.14
2026-07-09 12:00:00,4.45,4.46,4.45,4.45,18143.01
2026-07-09 12:05:00,4.45,4.46,4.45,4.46,61168.05
2026-07-09 12:10:00,4.46,4.46,4.45,4.45,138696.26
2026-07-09 12:15:00,4.45,4.45,4.45,4.45,577.93
2026-07-09 12:20:00,4.45,4.45,4.44,4.45,31737.26
2026-07-09 12:25:00,4.45,4.45,4.44,4.45,110976.9
2026-07-09 12:30:00,4.45,4.46,4.44,4.46,92456.33
2026-07-09 12:35:00,4.46,4.46,4.46,4.46,69344.5
2026-07-09 12:40:00,4.46,4.47,4.46,4.46,7576.31
2026-07-09 12:45:00,4.46,4.46,4.46,4.46,61164.91
2026-07-09 12:50:00,4.46,4.46,4.46,4.46,62139.54
2026-07-09 12:55:00,4.46,4.46,4.46,4.46,87080.51
2026-07-09 13:00:00,4.46,4.47,4.45,4.47,57568.95
2026-07-09 13:05:00,4.47,4.48,4.46,4.46,256814.54
2026-07-09 13:10:00,4.46,4.46,4.45,4.45,50053.44
2026-07-09 13:15:00,4.45,4.46,4.45,4.46,130642.2
2026-07-09 13:20:00,4.46,4.46,4.46,4.46,32626.48
2026-07-09 13:25:00,4.46,4.46,4.45,4.46,43901.27
2026-07-09 13:30:00,4.46,4.47,4.46,4.47,39261.87
2026-07-09 13:35:00,4.47,4.48,4.45,4.46,61817.18
2026-07-09 13:40:00,4.46,4.46,4.45,4.46,35465.26
2026-07-09 13:45:00,4.46,4.46,4.45,4.46,116400.44
2026-07-09 13:50:00,4.46,4.47,4.45,4.47,5740.24
2026-07-09 13:55:00,4.47,4.47,4.45,4.46,23737.68
2026-07-09 14:00:00,4.46,4.47,4.46,4.47,2320.08
2026-07-09 14:05:00,4.47,4.49,4.46,4.46,23066.49
2026-07-09 14:10:00,4.46,4.46,4.45,4.45,31288.61
2026-07-09 14:15:00,4.45,4.47,4.45,4.46,65472.08
2026-07-09 14:20:00,4.46,4.47,4.44,4.45,92773.88
2026-07-09 14:25:00,4.45,4.45,4.44,4.45,10591.52
2026-07-09 14:30:00,4.45,4.45,4.44,4.44,21094.6
2026-07-09 14:35:00,4.44,4.45,4.44,4.44,10369.36
2026-07-09 14:40:00,4.44,4.44,4.43,4.44,6347.58
2026-07-09 14:45:00,4.44,4.44,4.43,4.43,45064.58
2026-07-09 14:50:00,4.43,4.44,4.42,4.43,91885.73
2026-07-09 14:55:00,4.43,4.43,4.43,4.43,11787.13
2026-07-09 15:00:00,4.43,4.44,4.43,4.43,41886.52
2026-07-09 15:05:00,4.43,4.44,4.43,4.43,15425.27
2026-07-09 15:10:00,4.43,4.43,4.42,4.42,47506.18
2026-07-09 15:15:00,4.42,4.43,4.41,4.43,258302.68
2026-07-09 15:20:00,4.43,4.44,4.42,4.44,137379.94
2026-07-09 15:25:00,4.44,4.44,4.43,4.43,13211.44
2026-07-09 15:30:00,4.43,4.44,4.43,4.44,242629.8
2026-07-09 15:35:00,4.44,4.44,4.43,4.44,13334.26
2026-07-09 15:40:00,4.44,4.45,4.44,4.44,1088.96
2026-07-09 15:45:00,4.44,4.45,4.44,4.45,23723.54
2026-07-09 15:50:00,4.45,4.45,4.45,4.45,15550.87
2026-07-09 15:55:00,4.45,4.45,4.44,4.45,116909.5
2026-07-09 16:00:00,4.45,4.45,4.44,4.44,17040.11
2026-07-09 16:05:00,4.44,4.46,4.44,4.45,14624.82
2026-07-09 16:10:00,4.45,4.46,4.45,4.45,146251.0
2026-07-09 16:15:00,4.45,4.46,4.45,4.45,19229.3
2026-07-09 16:20:00,4.45,4.46,4.45,4.46,1995.14
2026-07-09 16:25:00,4.46,4.46,4.46,4.46,37756.13
2026-07-09 16:30:00,4.46,4.46,4.46,4.46,62963.65
2026-07-09 16:35:00,4.46,4.46,4.45,4.45,38214.22
2026-07-09 16:40:00,4.45,4.46,4.45,4.46,20083.18
2026-07-09 16:45:00,4.46,4.47,4.46,4.47,8824.61
2026-07-09 16:50:00,4.47,4.47,4.46,4.46,95786.77
2026-07-09 16:55:00,4.46,4.46,4.45,4.45,19065.91
2026-07-09 17:00:00,4.45,4.45,4.45,4.45,49680.51
2026-07-09 17:05:00,4.45,4.45,4.44,4.44,12647.67
2026-07-09 17:10:00,4.44,4.45,4.44,4.44,46934.64
2026-07-09 17:15:00,4.44,4.44,4.44,4.44,100351.36
2026-07-09 17:20:00,4.44,4.44,4.44,4.44,8799.93
2026-07-09 17:25:00,4.44,4.44,4.44,4.44,58642.74
2026-07-09 17:30:00,4.44,4.44,4.43,4.43,133707.14
2026-07-09 17:35:00,4.43,4.44,4.43,4.43,27030.65
2026-07-09 17:40:00,4.43,4.43,4.43,4.43,15709.35
2026-07-09 17:45:00,4.43,4.44,4.43,4.44,3261.55
2026-07-09 17:50:00,4.44,4.44,4.43,4.43,5899.62
2026-07-09 17:55:00,4.43,4.44,4.43,4.43,17509.04
2026-07-09 18:00:00,4.43,4.43,4.42,4.42,14260.64
2026-07-09 18:05:00,4.42,4.43,4.42,4.42,891.32
2026-07-09 18:10:00,4.42,4.43,4.42,4.42,76063.13
2026-07-09 18:15:00,4.42,4.43,4.42,4.43,25583.45
2026-07-09 18:20:00,4.43,4.44,4.43,4.44,17881.27
2026-07-09 18:25:00,4.44,4.44,4.44,4.44,2119.18
2026-07-09 18:30:00,4.44,4.44,4.43,4.44,5629.83
2026-07-09 18:35:00,4.44,4.44,4.43,4.44,56441.19
2026-07-09 18:40:00,4.44,4.44,4.43,4.44,2104.39
2026-07-09 18:45:00,4.44,4.44,4.43,4.44,8302.52
2026-07-09 18:50:00,4.44,4.45,4.43,4.44,83620.33
2026-07-09 18:55:00,4.44,4.46,4.44,4.45,4088.73
2026-07-09 19:00:00,4.45,4.46,4.45,4.45,28983.5
2026-07-09 19:05:00,4.45,4.46,4.45,4.45,63533.48
2026-07-09 19:10:00,4.45,4.45,4.44,4.44,23064.19
2026-07-09 19:15:00,4.44,4.45,4.44,4.45,940.95
2026-07-09 19:20:00,4.45,4.45,4.44,4.44,3631.43
2026-07-09 19:25:00,4.44,4.45,4.44,4.44,9526.72
2026-07-09 19:30:00,4.44,4.44,4.43,4.44,88191.77
2026-07-09 19:35:00,4.44,4.44,4.44,4.44,112663.6
2026-07-09 19:40:00,4.44,4.44,4.43,4.43,93421.62
2026-07-09 19:45:00,4.43,4.43,4.42,4.43,25333.35
2026-07-09 19:50:00,4.43,4.44,4.42,4.43,194215.72
2026-07-09 19:55:00,4.43,4.44,4.43,4.44,13057.62
2026-07-09 20:00:00,4.44,4.44,4.43,4.43,118328.76
2026-07-09 20:05:00,4.43,4.44,4.42,4.43,12601.37
2026-07-09 20:10:00,4.43,4.43,4.43,4.43,19227.75
2026-07-09 20:15:00,4.43,4.44,4.43,4.43,99151.97
2026-07-09 20:20:00,4.43,4.44,4.42,4.43,126450.85
2026-07-09 20:25:00,4.43,4.43,4.43,4.43,45726.08
2026-07-09 20:30:00,4.43,4.44,4.43,4.43,140229.93
2026-07-09 20:35:00,4.43,4.43,4.43,4.43,9436.18
2026-07-09 20:40:00,4.43,4.43,4.42,4.42,172266.61
2026-07-09 20:45:00,4.42,4.42,4.42,4.42,63930.55
2026-07-09 20:50:00,4.42,4.43,4.4,4.43,106277.83
2026-07-09 20:55:00,4.43,4.43,4.41,4.42,129881.45
2026-07-09 21:00:00,4.42,4.42,4.41,4.42,6701.26
2026-07-09 21:05:00,4.42,4.43,4.4,4.43,59199.99
2026-07-09 21:10:00,4.43,4.44,4.43,4.44,9159.3
2026-07-09 21:15:00,4.44,4.44,4.43,4.44,13760.06
2026-07-09 21:20:00,4.44,4.45,4.43,4.45,70857.0
2026-07-09 21:25:00,4.45,4.45,4.44,4.44,82372.04
2026-07-09 21:30:00,4.44,4.45,4.44,4.44,63445.45
2026-07-09 21:35:00,4.44,4.44,4.44,4.44,40095.28
2026-07-09 21:40:00,4.44,4.44,4.44,4.44,133388.91
2026-07-09 21:45:00,4.44,4.44,4.44,4.44,4424.3
2026-07-09 21:50:00,4.44,4.45,4.43,4.45,29342.48
2026-07-09 21:55:00,4.45,4.45,4.44,4.44,50551.15
2026-07-09 22:00:00,4.44,4.44,4.44,4.44,28982.4
2026-07-09 22:05:00,4.44,4.45,4.44,4.45,88197.46
2026-07-09 22:10:00,4.45,4.46,4.45,4.45,9756.73
2026-07-09 22:15:00,4.45,4.45,4.44,4.45,14254.29
2026-07-09 22:20:00,4.45,4.45,4.45,4.45,282218.61
2026-07-09 22:25:00,4.45,4.45,4.44,4.45,158481.58
2026-07-09 22:30:00,4.45,4.45,4.44,4.45,40637.2
2026-07-09 22:35:00,4.45,4.45,4.44,4.45,27203.26
2026-07-09 22:40:00,4.45,4.45,4.44,4.45,192161.42
2026-07-09 22:45:00,4.45,4.46,4.45,4.46,51058.18
2026-07-09 22:50:00,4.46,4.47,4.46,4.46,23060.21
2026-07-09 22:55:00,4.46,4.48,4.45,4.45,82168.4
2026-07-09 23:00:00,4.45,4.46,4.45,4.46,47471.69
2026-07-09 23:05:00,4.46,4.46,4.45,4.46,60022.19
2026-07-09 23:10:00,4.46,4.47,4.45,4.47,2447.38
2026-07-09 23:15:00,4.47,4.47,4.47,4.47,81512.91
2026-07-09 23:20:00,4.47,4.48,4.46,4.46,8778.57
2026-07-09 23:25:00,4.46,4.47,4.46,4.46,53937.98
2026-07-09 23:30:00,4.46,4.47,4.46,4.46,13408.28
2026-07-09 23:35:00,4.46,4.47,4.46,4.47,201549.63
2026-07-09 23:40:00,4.47,4.47,4.47,4.47,4096.66
2026-07-09 23:45:00,4.47,4.48,4.47,4.47,24267.85
2026-07-09 23:50:00,4.47,4.47,4.47,4.47,49547.21
2026-07-09 23:55:00,4.47,4.48,4.47,4.48,78193.11
2026-07-10 00:00:00,4.48,4.48,4.47,4.48,178113.18
2026-07-10 00:05:00,4.48,4.49,4.47,4.47,55324.64
2026-07-10 00:10:00,4.47,4.48,4.47,4.47,19781.43
2026-07-10 00:15:00,4.47,4.48,4.46,4.46,558943.71
2026-07-10 00:20:00,4.46,4.46,4.46,4.46,78021.35
2026-07-10 00:25:00,4.46,4.48,4.45,4.46,10332.63
2026-07-10 00:30:00,4.46,4.46,4.45,4.45,102772.89
2026-07-10 00:35:00,4.45,4.45,4.45,4.45,14486.41
2026-07-10 00:40:00,4.45,4.45,4.44,4.44,96233.64
2026-07-10 00:45:00,4.44,4.45,4.44,4.45,30369.17
2026-07-10 00:50:00,4.45,4.46,4.45,4.45,32243.21
2026-07-10 00:55:00,4.45,4.46,4.45,4.46,14626.58
2026-07-10 01:00:00,4.46,4.46,4.45,4.46,2059.72
2026-07-10 01:05:00,4.46,4.46,4.46,4.46,64577.36
2026-07-10 01:10:00,4.46,4.46,4.46,4.46,3303.88
2026-07-10 01:15:00,4.46,4.46,4.46,4.46,30294.97
2026-07-10 01:20:00,4.46,4.47,4.46,4.46,26578.61
2026-07-10 01:25:00,4.46,4.46,4.45,4.45,1174.55
2026-07-10 01:30:00,4.45,4.46,4.45,4.46,111290.82
2026-07-10 01:35:00,4.46,4.46,4.45,4.46,15867.2
2026-07-10 01:40:00,4.46,4.46,4.46,4.46,55252.65
2026-07-10 01:45:00,4.46,4.46,4.46,4.46,9236.64
2026-07-10 01:50:00,4.46,4.47,4.46,4.46,44771.92
2026-07-10 01:55:00,4.46,4.47,4.46,4.46,116905.49
2026-07-10 02:00:00,4.46,4.47,4.45,4.46,384105.65
2026-07-10 02:05:00,4.46,4.46,4.44,4.45,114939.1
2026-07-10 02:10:00,4.45,4.45,4.45,4.45,1325.93
2026-07-10 02:15:00,4.45,4.45,4.44,4.45,5677.01
2026-07-10 02:20:00,4.45,4.45,4.43,4.44,21372.37
2026-07-10 02:25:00,4.44,4.44,4.44,4.44,11381.18
2026-07-10 02:30:00,4.44,4.45,4.44,4.44,57159.64
2026-07-10 02:35:00,4.44,4.44,4.44,4.44,16391.96
2026-07-10 02:40:00,4.44,4.44,4.44,4.44,86157.69
2026-07-10 02:45:00,4.44,4.44,4.43,4.43,47368.54
2026-07-10 02:50:00,4.43,4.44,4.43,4.44,34595.13
2026-07-10 02:55:00,4.44,4.45,4.43,4.45,7571.39
2026-07-10 03:00:00,4.45,4.46,4.44,4.46,18771.01
2026-07-10 03:05:00,4.46,4.46,4.46,4.46,56202.85
2026-07-10 03:10:00,4.46,4.47,4.46,4.47,15479.33
2026-07-10 03:15:00,4.47,4.47,4.46,4.46,36936.32
2026-07-10 03:20:00,4.46,4.48,4.45,4.46,91240.37
2026-07-10 03:25:00,4.46,4.46,4.45,4.46,18697.64
2026-07-10 03:30:00,4.46,4.46,4.45,4.45,228308.77
2026-07-10 03:35:00,4.45,4.45,4.45,4.45,33128.89
2026-07-10 03:40:00,4.45,4.45,4.44,4.45,69144.72
2026-07-10 03:45:00,4.45,4.45,4.45,4.45,3118.51
2026-07-10 03:50:00,4.45,4.46,4.45,4.46,62365.16
2026-07-10 03:55:00,4.46,4.46,4.45,4.45,84968.58
2026-07-10 04:00:00,4.45,4.46,4.45,4.46,243770.93
2026-07-10 04:05:00,4.46,4.46,4.45,4.46,7130.91
2026-07-10 04:10:00,4.46,4.47,4.45,4.46,51448.26
2026-07-10 04:15:00,4.46,4.46,4.45,4.45,20298.94
2026-07-10 04:20:00,4.45,4.46,4.44,4.44,84849.82
2026-07-10 04:25:00,4.44,4.45,4.44,4.44,25443.12
2026-07-10 04:30:00,4.44,4.44,4.42,4.43,19570.43
2026-07-10 04:35:00,4.43,4.44,4.42,4.43,2259.21
2026-07-10 04:40:00,4.43,4.45,4.42,4.44,80790.0
2026-07-10 04:45:00,4.44,4.45,4.43,4.44,25788.79
2026-07-10 04:50:00,4.44,4.44,4.44,4.44,56483.49
2026-07-10 04:55:00,4.44,4.44,4.42,4.44,136602.53
2026-07-10 05:00:00,4.44,4.45,4.44,4.45,4149.63
2026-07-10 05:05:00,4.45,4.46,4.45,4.45,127326.83
2026-07-10 05:10:00,4.45,4.46,4.45,4.46,64057.62
2026-07-10 05:15:00,4.46,4.46,4.44,4.45,103244.94
2026-07-10 05:20:00,4.45,4.46,4.45,4.46,41397.41
2026-07-10 05:25:00,4.46,4.47,4.45,4.46,42570.73
2026-07-10 05:30:00,4.46,4.46,4.46,4.46,42206.06
2026-07-10 05:35:00,4.46,4.46,4.45,4.45,67377.39
2026-07-10 05:40:00,4.45,4.46,4.45,4.45,22870.88
2026-07-10 05:45:00,4.45,4.46,4.45,4.45,18120.68
2026-07-10 05:50:00,4.45,4.47,4.45,4.47,89886.86
2026-07-10 05:55:00,4.47,4.47,4.46,4.47,3328.78
2026-07-10 06:00:00,4.47,4.47,4.46,4.46,6156.55
2026-07-10 06:05:00,4.46,4.47,4.46,4.46,18559.93
2026-07-10 06:10:00,4.46,4.47,4.45,4.46,37470.25
2026-07-10 06:15:00,4.46,4.47,4.45,4.47,46401.79
2026-07-10 06:20:00,4.47,4.47,4.46,4.47,6994.14
2026-07-10 06:25:00,4.47,4.48,4.47,4.48,102212.79
2026-07-10 06:30:00,4.48,4.48,4.47,4.48,16250.74
2026-07-10 06:35:00,4.48,4.49,4.46,4.47,1039759.47
2026-07-10 06:40:00,4.47,4.47,4.47,4.47,142455.3
2026-07-10 06:45:00,4.47,4.48,4.46,4.48,52133.52
2026-07-10 06:50:00,4.48,4.48,4.47,4.47,23850.9
2026-07-10 06:55:00,4.47,4.48,4.46,4.46,18454.72
2026-07-10 07:00:00,4.46,4.46,4.46,4.46,21970.06
2026-07-10 07:05:00,4.46,4.46,4.45,4.46,17720.07
2026-07-10 07:10:00,4.46,4.46,4.46,4.46,44927.91
2026-07-10 07:15:00,4.46,4.46,4.46,4.46,46793.74
2026-07-10 07:20:00,4.46,4.47,4.46,4.46,79084.73
2026-07-10 07:25:00,4.46,4.47,4.45,4.45,113856.39
2026-07-10 07:30:00,4.45,4.46,4.44,4.44,30066.14
2026-07-10 07:35:00,4.44,4.45,4.44,4.44,120704.0
2026-07-10 07:40:00,4.44,4.44,4.44,4.44,89978.35
2026-07-10 07:45:00,4.44,4.46,4.44,4.46,34215.84
2026-07-10 07:50:00,4.46,4.46,4.45,4.46,19809.05
2026-07-10 07:55:00,4.46,4.46,4.45,4.46,51619.67
2026-07-10 08:00:00,4.46,4.46,4.44,4.45,142583.0
2026-07-10 08:05:00,4.45,4.46,4.45,4.45,116948.84
2026-07-10 08:10:00,4.45,4.46,4.45,4.46,151913.46
2026-07-10 08:15:00,4.46,4.46,4.44,4.45,27117.82
2026-07-10 08:20:00,4.45,4.45,4.44,4.45,49318.79
2026-07-10 08:25:00,4.45,4.45,4.44,4.44,17296.3
2026-07-10 08:30:00,4.44,4.45,4.44,4.44,6124.19
2026-07-10 08:35:00,4.44,4.45,4.44,4.44,12243.54
2026-07-10 08:40:00,4.44,4.45,4.44,4.44,31130.85
2026-07-10 08:45:00,4.44,4.45,4.44,4.45,16969.23
2026-07-10 08:50:00,4.45,4.45,4.45,4.45,18783.16
2026-07-10 08:55:00,4.45,4.45,4.44,4.44,36959.64
2026-07-10 09:00:00,4.44,4.46,4.44,4.45,25984.62
2026-07-10 09:05:00,4.45,4.45,4.45,4.45,54346.81
2026-07-10 09:10:00,4.45,4.45,4.45,4.45,18273.9
2026-07-10 09:15:00,4.45,4.46,4.44,4.45,78033.48
2026-07-10 09:20:00,4.45,4.45,4.43,4.44,180415.17
2026-07-10 09:25:00,4.44,4.44,4.43,4.44,14456.77
2026-07-10 09:30:00,4.44,4.44,4.43,4.44,74587.62
2026-07-10 09:35:00,4.44,4.44,4.43,4.43,64353.85
2026-07-10 09:40:00,4.43,4.44,4.43,4.44,5501.74
2026-07-10 09:45:00,4.44,4.44,4.43,4.43,56543.08
2026-07-10 09:50:00,4.43,4.43,4.43,4.43,54567.24
2026-07-10 09:55:00,4.43,4.44,4.41,4.43,68233.57
2026-07-10 10:00:00,4.43,4.44,4.42,4.44,128367.12
2026-07-10 10:05:00,4.44,4.44,4.42,4.43,17869.3
2026-07-10 10:10:00,4.43,4.44,4.42,4.44,307568.54
2026-07-10 10:15:00,4.44,4.44,4.44,4.44,3464.86
2026-07-10 10:20:00,4.44,4.44,4.43,4.44,82717.78
2026-07-10 10:25:00,4.44,4.44,4.44,4.44,68591.56
2026-07-10 10:30:00,4.44,4.44,4.43,4.44,61180.61
2026-07-10 10:35:00,4.44,4.44,4.43,4.44,9187.0
2026-07-10 10:40:00,4.44,4.44,4.43,4.43,12057.82
2026-07-10 10:45:00,4.43,4.44,4.42,4.43,200263.76
2026-07-10 10:50:00,4.43,4.44,4.42,4.42,94374.1
2026-07-10 10:55:00,4.42,4.43,4.42,4.43,37918.92
2026-07-10 11:00:00,4.43,4.43,4.42,4.42,11506.17
2026-07-10 11:05:00,4.42,4.43,4.41,4.41,1139.72
2026-07-10 11:10:00,4.41,4.43,4.4,4.43,89453.35
2026-07-10 11:15:00,4.43,4.43,4.42,4.42,71937.2
2026-07-10 11:20:00,4.42,4.43,4.42,4.43,307435.64
2026-07-10 11:25:00,4.43,4.44,4.43,4.44,30714.87
2026-07-10 11:30:00,4.44,4.44,4.42,4.43,10430.32
2026-07-10 11:35:00,4.43,4.43,4.42,4.42,164364.28
2026-07-10 11:40:00,4.42,4.43,4.42,4.43,8712.13
2026-07-10 11:45:00,4.43,4.43,4.42,4.42,67674.34
2026-07-10 11:50:00,4.42,4.43,4.41,4.42,37406.73
2026-07-10 11:55:00,4.42,4.42,4.41,4.42,92049.51
2026-07-10 12:00:00,4.42,4.43,4.41,4.42,45365.34
2026-07-10 12:05:00,4.42,4.43,4.42,4.42,88314.74
2026-07-10 12:10:00,4.42,4.42,4.42,4.42,48284.54
2026-07-10 12:15:00,4.42,4.43,4.42,4.42,99314.87
2026-07-10 12:20:00,4.42,4.43,4.42,4.42,101918.44
2026-07-10 12:25:00,4.42,4.42,4.41,4.41,3292.64
2026-07-10 12:30:00,4.41,4.42,4.41,4.42,3205.54
2026-07-10 12:35:00,4.42,4.42,4.41,4.42,106840.4
2026-07-10 12:40:00,4.42,4.42,4.42,4.42,47892.64
2026-07-10 12:45:00,4.42,4.42,4.42,4.42,10276.84
2026-07-10 12:50:00,4.42,4.43,4.42,4.43,53348.66
2026-07-10 12:55:00,4.43,4.43,4.43,4.43,71510.32
2026-07-10 13:00:00,4.43,4.44,4.42,4.42,12249.94
2026-07-10 13:05:00,4.42,4.43,4.42,4.42,165152.96
2026-07-10 13:10:00,4.42,4.42,4.42,4.42,55688.62
2026-07-10 13:15:00,4.42,4.42,4.41,4.42,44682.04
2026-07-10 13:20:00,4.42,4.43,4.4,4.42,434584.41
2026-07-10 13:25:00,4.42,4.43,4.42,4.43,19983.21
2026-07-10 13:30:00,4.43,4.44,4.43,4.43,85141.5
2026-07-10 13:35:00,4.43,4.44,4.43,4.44,7547.03
2026-07-10 13:40:00,4.44,4.45,4.43,4.45,14899.99
2026-07-10 13:45:00,4.45,4.45,4.44,4.44,15268.33
2026-07-10 13:50:00,4.44,4.45,4.44,4.44,33768.83
2026-07-10 13:55:00,4.44,4.46,4.44,4.46,90933.57
2026-07-10 14:00:00,4.46,4.46,4.45,4.45,28480.47
2026-07-10 14:05:00,4.45,4.47,4.44,4.44,45840.04
2026-07-10 14:10:00,4.44,4.45,4.44,4.44,48510.98
2026-07-10 14:15:00,4.44,4.45,4.44,4.44,30648.69
2026-07-10 14:20:00,4.44,4.45,4.43,4.44,43204.9
2026-07-10 14:25:00,4.44,4.44,4.44,4.44,44654.85
2026-07-10 14:30:00,4.44,4.45,4.44,4.45,37923.04
2026-07-10 14:35:00,4.45,4.45,4.44,4.44,115971.22
2026-07-10 14:40:00,4.44,4.45,4.44,4.45,54501.96
2026-07-10 14:45:00,4.45,4.47,4.44,4.45,6355.25
2026-07-10 14:50:00,4.45,4.45,4.44,4.45,19704.35
2026-07-10 14:55:00,4.45,4.45,4.44,4.44,35184.22
2026-07-10 15:00:00,4.44,4.45,4.44,4.44,49074.51
2026-07-10 15:05:00,4.44,4.45,4.44,4.44,2188.26
2026-07-10 15:10:00,4.44,4.44,4.44,4.44,28786.15
2026-07-10 15:15:00,4.44,4.44,4.43,4.43,29586.31
2026-07-10 15:20:00,4.43,4.43,4.43,4.43,52875.02
2026-07-10 15:25:00,4.43,4.43,4.43,4.43,71408.18
2026-07-10 15:30:00,4.43,4.43,4.43,4.43,3946.5
2026-07-10 15:35:00,4.43,4.43,4.42,4.43,74040.2
2026-07-10 15:40:00,4.43,4.43,4.42,4.43,2667.75
2026-07-10 15:45:00,4.43,4.43,4.43,4.43,70157.88
2026-07-10 15:50:00,4.43,4.43,4.43,4.43,218196.44
2026-07-10 15:55:00,4.43,4.44,4.43,4.44,23277.79
2026-07-10 16:00:00,4.44,4.44,4.43,4.44,13514.41
2026-07-10 16:05:00,4.44,4.45,4.44,4.44,146543.02
2026-07-10 16:10:00,4.44,4.45,4.44,4.44,4137.35
2026-07-10 16:15:00,4.44,4.45,4.44,4.44,126856.09
2026-07-10 16:20:00,4.44,4.46,4.44,4.45,20025.76
2026-07-10 16:25:00,4.45,4.46,4.44,4.44,6489.69
2026-07-10 16:30:00,4.44,4.45,4.44,4.44,23055.88
2026-07-10 16:35:00,4.44,4.45,4.44,4.45,15509.56
2026-07-10 16:40:00,4.45,4.45,4.44,4.44,119907.22
2026-07-10 16:45:00,4.44,4.44,4.44,4.44,15330.06
2026-07-10 16:50:00,4.44,4.44,4.43,4.43,168079.39
2026-07-10 16:55:00,4.43,4.44,4.43,4.43,11052.26
2026-07-10 17:00:00,4.43,4.44,4.43,4.43,33086.13
2026-07-10 17:05:00,4.43,4.44,4.43,4.44,42341.0
2026-07-10 17:10:00,4.44,4.44,4.44,4.44,57254.48
2026-07-10 17:15:00,4.44,4.45,4.44,4.45,23967.84
2026-07-10 17:20:00,4.45,4.45,4.44,4.44,5498.69
2026-07-10 17:25:00,4.44,4.45,4.44,4.44,38394.78
2026-07-10 17:30:00,4.44,4.44,4.43,4.44,34050.94
2026-07-10 17:35:00,4.44,4.45,4.43,4.43,146753.36
2026-07-10 17:40:00,4.43,4.44,4.43,4.44,60472.88
2026-07-10 17:45:00,4.44,4.45,4.43,4.44,33024.6
2026-07-10 17:50:00,4.44,4.45,4.44,4.45,49517.16
2026-07-10 17:55:00,4.45,4.45,4.44,4.44,50439.53
2026-07-10 18:00:00,4.44,4.45,4.44,4.44,73388.93
2026-07-10 18:05:00,4.44,4.45,4.44,4.44,14680.28
2026-07-10 18:10:00,4.44,4.44,4.44,4.44,26154.95
2026-07-10 18:15:00,4.44,4.45,4.44,4.44,24757.83
2026-07-10 18:20:00,4.44,4.45,4.44,4.45,30906.95
2026-07-10 18:25:00,4.45,4.46,4.45,4.45,3761.26
2026-07-10 18:30:00,4.45,4.47,4.44,4.44,147322.18
2026-07-10 18:35:00,4.44,4.44,4.44,4.44,22746.0
2026-07-10 18:40:00,4.44,4.44,4.44,4.44,708.32
2026-07-10 18:45:00,4.44,4.45,4.44,4.45,112886.52
2026-07-10 18:50:00,4.45,4.45,4.44,4.44,214300.35
2026-07-10 18:55:00,4.44,4.45,4.44,4.44,7179.52
2026-07-10 19:00:00,4.44,4.45,4.44,4.45,20542.58
2026-07-10 19:05:00,4.45,4.45,4.44,4.45,14136.12
2026-07-10 19:10:00,4.45,4.46,4.45,4.46,4178.9
2026-07-10 19:15:00,4.46,4.46,4.45,4.45,108451.62
2026-07-10 19:20:00,4.45,4.45,4.45,4.45,73888.21
2026-07-10 19:25:00,4.45,4.46,4.45,4.46,56133.63
2026-07-10 19:30:00,4.46,4.46,4.45,4.45,198282.99
2026-07-10 19:35:00,4.45,4.47,4.44,4.44,159580.46
2026-07-10 19:40:00,4.44,4.46,4.44,4.45,45779.95
2026-07-10 19:45:00,4.45,4.45,4.43,4.43,29905.44
2026-07-10 19:50:00,4.43,4.44,4.43,4.43,33522.96
2026-07-10 19:55:00,4.43,4.44,4.43,4.43,26707.65
2026-07-10 20:00:00,4.43,4.44,4.43,4.43,18109.57
2026-07-10 20:05:00,4.43,4.45,4.42,4.44,101560.71
2026-07-10 20:10:00,4.44,4.45,4.43,4.44,28041.97
2026-07-10 20:15:00,4.44,4.44,4.43,4.44,37148.11
2026-07-10 20:20:00,4.44,4.44,4.42,4.44,53259.4
2026-07-10 20:25:00,4.44,4.44,4.44,4.44,10188.34
2026-07-10 20:30:00,4.44,4.44,4.43,4.44,118630.92
2026-07-10 20:35:00,4.44,4.45,4.44,4.44,22333.94
2026-07-10 20:40:00,4.44,4.44,4.44,4.44,74484.52
2026-07-10 20:45:00,4.44,4.44,4.43,4.44,2741.15
2026-07-10 20:50:00,4.44,4.44,4.44,4.44,667.92
2026-07-10 20:55:00,4.44,4.44,4.44,4.44,80666.83
2026-07-10 21:00:00,4.44,4.45,4.42,4.45,2297.54
2026-07-10 21:05:00,4.45,4.45,4.44,4.44,34140.92
2026-07-10 21:10:00,4.44,4.44,4.42,4.44,195805.57
2026-07-10 21:15:00,4.44,4.45,4.44,4.44,60339.79
2026-07-10 21:20:00,4.44,4.45,4.44,4.44,15708.31
2026-07-10 21:25:00,4.44,4.45,4.44,4.45,158702.16
2026-07-10 21:30:00,4.45,4.45,4.44,4.44,71616.03
2026-07-10 21:35:00,4.44,4.44,4.43,4.44,54554.84
2026-07-10 21:40:00,4.44,4.45,4.43,4.44,37205.03
2026-07-10 21:45:00,4.44,4.46,4.44,4.44,16001.1
2026-07-10 21:50:00,4.44,4.44,4.43,4.43,38501.59
2026-07-10 21:55:00,4.43,4.44,4.43,4.43,23266.4
2026-07-10 22:00:00,4.43,4.43,4.42,4.43,134573.48
2026-07-10 22:05:00,4.43,4.43,4.42,4.43,36661.13
2026-07-10 22:10:00,4.43,4.43,4.43,4.43,6326.91
2026-07-10 22:15:00,4.43,4.44,4.43,4.43,16719.69
2026-07-10 22:20:00,4.43,4.44,4.41,4.44,27225.55
2026-07-10 22:25:00,4.44,4.44,4.43,4.43,100667.94
2026-07-10 22:30:00,4.43,4.44,4.43,4.43,28052.78
2026-07-10 22:35:00,4.43,4.45,4.42,4.44,70478.6
2026-07-10 22:40:00,4.44,4.44,4.44,4.44,64004.45
2026-07-10 22:45:00,4.44,4.45,4.44,4.45,8974.8
2026-07-10 22:50:00,4.45,4.45,4.44,4.44,86236.88
2026-07-10 22:55:00,4.44,4.44,4.43,4.44,5553.56
2026-07-10 23:00:00,4.44,4.44,4.44,4.44,17400.38
2026-07-10 23:05:00,4.44,4.44,4.44,4.44,22624.67
2026-07-10 23:10:00,4.44,4.44,4.43,4.43,44331.2
2026-07-10 23:15:00,4.43,4.43,4.43,4.43,43889.78
2026-07-10 23:20:00,4.43,4.43,4.42,4.43,6530.91
2026-07-10 23:25:00,4.43,4.43,4.42,4.43,51598.14
2026-07-10 23:30:00,4.43,4.44,4.41,4.44,210139.29
2026-07-10 23:35:00,4.44,4.44,4.43,4.43,3957.5
2026-07-10 23:40:00,4.43,4.44,4.42,4.43,28837.0
2026-07-10 23:45:00,4.43,4.44,4.43,4.43,39918.55
2026-07-10 23:50:00,4.43,4.45,4.43,4.44,68001.63
2026-07-10 23:55:00,4.44,4.45,4.43,4.43,457432.16
2026-07-11 00:00:00,4.43,4.44,4.43,4.44,188860.14
2026-07-11 00:05:00,4.44,4.44,4.42,4.43,88253.31
2026-07-11 00:10:00,4.43,4.44,4.41,4.44,322312.14
2026-07-11 00:15:00,4.44,4.44,4.43,4.44,83918.46
2026-07-11 00:20:00,4.44,4.45,4.44,4.44,525.22
2026-07-11 00:25:00,4.44,4.46,4.43,4.43,4373.5
2026-07-11 00:30:00,4.43,4.45,4.43,4.44,80925.84
2026-07-11 00:35:00,4.44,4.45,4.43,4.43,1140.05
2026-07-11 00:40:00,4.43,4.43,4.43,4.43,9776.45
2026-07-11 00:45:00,4.43,4.44,4.42,4.44,24732.02
2026-07-11 00:50:00,4.44,4.45,4.43,4.44,21307.83
2026-07-11 00:55:00,4.44,4.45,4.42,4.45,669.76
2026-07-11 01:00:00,4.45,4.45,4.45,4.45,34646.58
2026-07-11 01:05:00,4.45,4.45,4.43,4.43,202307.64
2026-07-11 01:10:00,4.43,4.45,4.42,4.45,28886.77
2026-07-11 01:15:00,4.45,4.45,4.44,4.44,340946.04
2026-07-11 01:20:00,4.44,4.44,4.44,4.44,15454.22
2026-07-11 01:25:00,4.44,4.45,4.44,4.44,68538.81
2026-07-11 01:30:00,4.44,4.44,4.43,4.43,107537.21
2026-07-11 01:35:00,4.43,4.44,4.41,4.44,274618.31
2026-07-11 01:40:00,4.44,4.44,4.43,4.43,56361.69
2026-07-11 01:45:00,4.43,4.44,4.43,4.44,18613.13
2026-07-11 01:50:00,4.44,4.45,4.44,4.44,113529.06
2026-07-11 01:55:00,4.44,4.44,4.44,4.44,54959.91
2026-07-11 02:00:00,4.44,4.46,4.43,4.44,127152.77
2026-07-11 02:05:00,4.44,4.44,4.42,4.43,152692.9
2026-07-11 02:10:00,4.43,4.43,4.42,4.42,50796.6
2026-07-11 02:15:00,4.42,4.44,4.41,4.43,299087.53
2026-07-11 02:20:00,4.43,4.44,4.43,4.44,36425.46
2026-07-11 02:25:00,4.44,4.44,4.42,4.44,51401.81
2026-07-11 02:30:00,4.44,4.45,4.44,4.45,29864.45
2026-07-11 02:35:00,4.45,4.45,4.44,4.44,53015.09
2026-07-11 02:40:00,4.44,4.45,4.44,4.44,11440.57
2026-07-11 02:45:00,4.44,4.45,4.43,4.43,127843.9
2026-07-11 02:50:00,4.43,4.45,4.43,4.45,67018.71
2026-07-11 02:55:00,4.45,4.45,4.44,4.44,88292.83
2026-07-11 03:00:00,4.44,4.45,4.43,4.43,180710.0
2026-07-11 03:05:00,4.43,4.44,4.43,4.44,41871.55
2026-07-11 03:10:00,4.44,4.44,4.43,4.43,6941.09
2026-07-11 03:15:00,4.43,4.44,4.43,4.44,22224.11
2026-07-11 03:20:00,4.44,4.44,4.43,4.43,1271.83
2026-07-11 03:25:00,4.43,4.45,4.43,4.44,136618.65
2026-07-11 03:30:00,4.44,4.46,4.43,4.44,30181.16
2026-07-11 03:35:00,4.44,4.44,4.44,4.44,69292.6
2026-07-11 03:40:00,4.44,4.44,4.43,4.44,74225.04
2026-07-11 03:45:00,4.44,4.44,4.43,4.43,4930.24
2026-07-11 03:50:00,4.43,4.44,4.43,4.43,63508.46
2026-07-11 03:55:00,4.43,4.44,4.43,4.44,75853.19
2026-07-11 04:00:00,4.44,4.44,4.43,4.44,129435.37
2026-07-11 04:05:00,4.44,4.44,4.43,4.43,37430.34
2026-07-11 04:10:00,4.43,4.44,4.43,4.44,28432.37
2026-07-11 04:15:00,4.44,4.44,4.43,4.44,38029.07
2026-07-11 04:20:00,4.44,4.44,4.43,4.44,85083.16
2026-07-11 04:25:00,4.44,4.44,4.44,4.44,32324.8
2026-07-11 04:30:00,4.44,4.44,4.44,4.44,38883.48
2026-07-11 04:35:00,4.44,4.45,4.44,4.44,34951.02
2026-07-11 04:40:00,4.44,4.45,4.44,4.45,190712.08
2026-07-11 04:45:00,4.45,4.47,4.43,4.44,226158.67
2026-07-11 04:50:00,4.44,4.45,4.43,4.44,81576.3
2026-07-11 04:55:00,4.44,4.47,4.44,4.46,23559.0
2026-07-11 05:00:00,4.46,4.46,4.45,4.45,55661.72
2026-07-11 05:05:00,4.45,4.46,4.45,4.45,19780.84
2026-07-11 05:10:00,4.45,4.47,4.45,4.46,15631.02
2026-07-11 05:15:00,4.46,4.47,4.45,4.45,932564.3
2026-07-11 05:20:00,4.45,4.46,4.44,4.45,230681.22
2026-07-11 05:25:00,4.45,4.45,4.44,4.44,14705.83
2026-07-11 05:30:00,4.44,4.45,4.44,4.44,214758.59
2026-07-11 05:35:00,4.44,4.45,4.43,4.43,30578.82
2026-07-11 05:40:00,4.43,4.43,4.43,4.43,9456.36
2026-07-11 05:45:00,4.43,4.44,4.43,4.44,170345.83
2026-07-11 05:50:00,4.44,4.44,4.43,4.43,80206.86
2026-07-11 05:55:00,4.43,4.43,4.43,4.43,36851.06
2026-07-11 06:00:00,4.43,4.44,4.42,4.43,2907.66
2026-07-11 06:05:00,4.43,4.43,4.42,4.42,51667.2
2026-07-11 06:10:00,4.42,4.44,4.41,4.44,1997.86
2026-07-11 06:15:00,4.44,4.44,4.43,4.44,80880.52
2026-07-11 06:20:00,4.44,4.44,4.44,4.44,13254.32
2026-07-11 06:25:00,4.44,4.44,4.44,4.44,3338.02
2026-07-11 06:30:00,4.44,4.44,4.44,4.44,84018.56
2026-07-11 06:35:00,4.44,4.44,4.43,4.43,44171.45
2026-07-11 06:40:00,4.43,4.43,4.42,4.42,13286.24
2026-07-11 06:45:00,4.42,4.42,4.41,4.41,79853.97
2026-07-11 06:50:00,4.41,4.42,4.4,4.42,23258.14
2026-07-11 06:55:00,4.42,4.43,4.4,4.43,604391.18
2026-07-11 07:00:00,4.43,4.43,4.42,4.43,66629.33
2026-07-11 07:05:00,4.43,4.44,4.42,4.43,18733.63
2026-07-11 07:10:00,4.43,4.43,4.42,4.42,12390.51
2026-07-11 07:15:00,4.42,4.43,4.41,4.43,191213.01
2026-07-11 07:20:00,4.43,4.44,4.43,4.44,12468.23
2026-07-11 07:25:00,4.44,4.44,4.44,4.44,532.13
2026-07-11 07:30:00,4.44,4.46,4.43,4.43,175202.6
2026-07-11 07:35:00,4.43,4.43,4.43,4.43,19123.05
2026-07-11 07:40:00,4.43,4.43,4.42,4.43,24518.21
2026-07-11 07:45:00,4.43,4.43,4.42,4.43,15355.05
2026-07-11 07:50:00,4.43,4.43,4.42,4.43,162684.29
2026-07-11 07:55:00,4.43,4.43,4.43,4.43,20826.2
2026-07-11 08:00:00,4.43,4.43,4.43,4.43,14765.99
2026-07-11 08:05:00,4.43,4.44,4.43,4.44,17601.08
2026-07-11 08:10:00,4.44,4.44,4.43,4.44,6999.96
2026-07-11 08:15:00,4.44,4.44,4.44,4.44,18611.51
2026-07-11 08:20:00,4.44,4.45,4.44,4.45,4684.41
2026-07-11 08:25:00,4.45,4.45,4.44,4.44,40254.77
2026-07-11 08:30:00,4.44,4.46,4.44,4.45,51848.74
2026-07-11 08:35:00,4.45,4.46,4.45,4.46,1615.63
2026-07-11 08:40:00,4.46,4.46,4.45,4.46,1934.19
2026-07-11 08:45:00,4.46,4.46,4.45,4.46,12945.04
2026-07-11 08:50:00,4.46,4.48,4.44,4.45,257173.86
2026-07-11 08:55:00,4.45,4.45,4.44,4.44,7001.16
2026-07-11 09:00:00,4.44,4.45,4.43,4.44,79415.28
2026-07-11 09:05:00,4.44,4.45,4.44,4.45,18276.36
2026-07-11 09:10:00,4.45,4.46,4.45,4.45,9073.16
2026-07-11 09:15:00,4.45,4.47,4.45,4.46,265.2
2026-07-11 09:20:00,4.46,4.47,4.46,4.46,174495.11
2026-07-11 09:25:00,4.46,4.47,4.45,4.46,35418.56
2026-07-11 09:30:00,4.46,4.47,4.45,4.45,56953.46
2026-07-11 09:35:00,4.45,4.45,4.44,4.45,6660.89
2026-07-11 09:40:00,4.45,4.45,4.45,4.45,13165.48
2026-07-11 09:45:00,4.45,4.46,4.45,4.46,207744.04
2026-07-11 09:50:00,4.46,4.46,4.46,4.46,41342.36
2026-07-11 09:55:00,4.46,4.47,4.46,4.47,97313.43
2026-07-11 10:00:00,4.47,4.47,4.45,4.45,55817.89
2026-07-11 10:05:00,4.45,4.45,4.45,4.45,102663.26
2026-07-11 10:10:00,4.45,4.46,4.45,4.46,8287.11
2026-07-11 10:15:00,4.46,4.46,4.46,4.46,81034.36
2026-07-11 10:20:00,4.46,4.47,4.46,4.47,11278.31
2026-07-11 10:25:00,4.47,4.47,4.44,4.45,46856.54
2026-07-11 10:30:00,4.45,4.45,4.44,4.45,22215.07
2026-07-11 10:35:00,4.45,4.46,4.45,4.46,56612.78
2026-07-11 10:40:00,4.46,4.46,4.45,4.45,41336.16
2026-07-11 10:45:00,4.45,4.45,4.43,4.43,41876.93
2026-07-11 10:50:00,4.43,4.43,4.43,4.43,1960.21
2026-07-11 10:55:00,4.43,4.45,4.43,4.44,37946.52
2026-07-11 11:00:00,4.44,4.45,4.44,4.44,25489.64
2026-07-11 11:05:00,4.44,4.45,4.44,4.45,68319.27
2026-07-11 11:10:00,4.45,4.45,4.44,4.44,4697.92
2026-07-11 11:15:00,4.44,4.44,4.43,4.43,27457.95
2026-07-11 11:20:00,4.43,4.44,4.43,4.44,62665.19
2026-07-11 11:25:00,4.44,4.44,4.43,4.44,9457.41
2026-07-11 11:30:00,4.44,4.46,4.44,4.45,105355.6
2026-07-11 11:35:00,4.45,4.45,4.45,4.45,32551.07
2026-07-11 11:40:00,4.45,4.46,4.45,4.45,28615.28
2026-07-11 11:45:00,4.45,4.45,4.45,4.45,79344.69
2026-07-11 11:50:00,4.45,4.45,4.45,4.45,43000.77
2026-07-11 11:55:00,4.45,4.46,4.45,4.45,11409.6
2026-07-11 12:00:00,4.45,4.47,4.45,4.46,56702.09
2026-07-11 12:05:00,4.46,4.46,4.46,4.46,4124.77
2026-07-11 12:10:00,4.46,4.47,4.46,4.46,44414.34
2026-07-11 12:15:00,4.46,4.48,4.45,4.46,229200.77
2026-07-11 12:20:00,4.46,4.46,4.46,4.46,3064.92
2026-07-11 12:25:00,4.46,4.47,4.46,4.46,59568.16
2026-07-11 12:30:00,4.46,4.47,4.46,4.46,23610.66
2026-07-11 12:35:00,4.46,4.47,4.46,4.46,16407.71
2026-07-11 12:40:00,4.46,4.46,4.45,4.46,53147.1
2026-07-11 12:45:00,4.46,4.46,4.45,4.46,8118.09
2026-07-11 12:50:00,4.46,4.46,4.46,4.46,18253.5
2026-07-11 12:55:00,4.46,4.46,4.45,4.46,85339.21
2026-07-11 13:00:00,4.46,4.46,4.45,4.45,214464.46
2026-07-11 13:05:00,4.45,4.46,4.44,4.45,23318.72
2026-07-11 13:10:00,4.45,4.46,4.45,4.45,13668.44
2026-07-11 13:15:00,4.45,4.46,4.45,4.46,265840.14
2026-07-11 13:20:00,4.46,4.46,4.45,4.46,156825.94
2026-07-11 13:25:00,4.46,4.47,4.46,4.47,5372.72
2026-07-11 13:30:00,4.47,4.48,4.46,4.46,142838.57
2026-07-11 13:35:00,4.46,4.46,4.46,4.46,51540.82
2026-07-11 13:40:00,4.46,4.48,4.46,4.47,32107.16
2026-07-11 13:45:00,4.47,4.49,4.46,4.47,83362.08
2026-07-11 13:50:00,4.47,4.47,4.46,4.46,42748.07
2026-07-11 13:55:00,4.46,4.46,4.46,4.46,187487.55
2026-07-11 14:00:00,4.46,4.46,4.46,4.46,13609.84
2026-07-11 14:05:00,4.46,4.46,4.46,4.46,29402.03
2026-07-11 14:10:00,4.46,4.47,4.46,4.46,31411.4
2026-07-11 14:15:00,4.46,4.47,4.46,4.46,112086.0
2026-07-11 14:20:00,4.46,4.46,4.45,4.46,81739.78
2026-07-11 14:25:00,4.46,4.46,4.45,4.45,85266.47
2026-07-11 14:30:00,4.45,4.45,4.45,4.45,55457.01
2026-07-11 14:35:00,4.45,4.46,4.44,4.45,14565.29
2026-07-11 14:40:00,4.45,4.46,4.45,4.46,56030.98
2026-07-11 14:45:00,4.46,4.46,4.45,4.45,6421.97
2026-07-11 14:50:00,4.45,4.46,4.44,4.44,68645.38
2026-07-11 14:55:00,4.44,4.46,4.44,4.45,15856.89
2026-07-11 15:00:00,4.45,4.46,4.45,4.46,34925.71
2026-07-11 15:05:00,4.46,4.47,4.46,4.47,58373.73
2026-07-11 15:10:00,4.47,4.49,4.46,4.46,22062.55
2026-07-11 15:15:00,4.46,4.47,4.46,4.46,32401.71
2026-07-11 15:20:00,4.46,4.46,4.46,4.46,85694.24
2026-07-11 15:25:00,4.46,4.46,4.45,4.46,88570.05
2026-07-11 15:30:00,4.46,4.48,4.45,4.46,157629.02
2026-07-11 15:35:00,4.46,4.46,4.45,4.45,49182.15
2026-07-11 15:40:00,4.45,4.46,4.44,4.45,82476.86
2026-07-11 15:45:00,4.45,4.46,4.45,4.46,27244.07
2026-07-11 15:50:00,4.46,4.46,4.46,4.46,7913.38
2026-07-11 15:55:00,4.46,4.46,4.46,4.46,40477.22
2026-07-11 16:00:00,4.46,4.47,4.45,4.45,416291.09
2026-07-11 16:05:00,4.45,4.46,4.45,4.45,46853.35
2026-07-11 16:10:00,4.45,4.45,4.44,4.44,28275.51
2026-07-11 16:15:00,4.44,4.46,4.44,4.46,196351.36
2026-07-11 16:20:00,4.46,4.46,4.45,4.46,8260.38
2026-07-11 16:25:00,4.46,4.47,4.45,4.46,107929.15
2026-07-11 16:30:00,4.46,4.46,4.45,4.46,27616.75
2026-07-11 16:35:00,4.46,4.46,4.45,4.45,24615.34
2026-07-11 16:40:00,4.45,4.46,4.43,4.44,76976.8
2026-07-11 16:45:00,4.44,4.44,4.42,4.43,12090.53
2026-07-11 16:50:00,4.43,4.44,4.42,4.44,505399.88
2026-07-11 16:55:00,4.44,4.44,4.44,4.44,52385.37
2026-07-11 17:00:00,4.44,4.45,4.43,4.45,5943.72
2026-07-11 17:05:00,4.45,4.45,4.44,4.45,178132.26
2026-07-11 17:10:00,4.45,4.45,4.43,4.44,77037.24
2026-07-11 17:15:00,4.44,4.45,4.42,4.45,228874.66
2026-07-11 17:20:00,4.45,4.45,4.44,4.45,4569.99
2026-07-11 17:25:00,4.45,4.45,4.44,4.44,3206.58
2026-07-11 17:30:00,4.44,4.45,4.44,4.45,21763.75
2026-07-11 17:35:00,4.45,4.46,4.43,4.46,207193.73
2026-07-11 17:40:00,4.46,4.46,4.45,4.46,11272.24
2026-07-11 17:45:00,4.46,4.46,4.45,4.45,3023.89
2026-07-11 17:50:00,4.45,4.45,4.45,4.45,7124.09
2026-07-11 17:55:00,4.45,4.45,4.44,4.44,11727.31
2026-07-11 18:00:00,4.44,4.44,4.44,4.44,21198.74
2026-07-11 18:05:00,4.44,4.45,4.43,4.45,297839.26
2026-07-11 18:10:00,4.45,4.46,4.43,4.46,157176.59
2026-07-11 18:15:00,4.46,4.46,4.45,4.46,2355.61
2026-07-11 18:20:00,4.46,4.46,4.45,4.46,27449.77
2026-07-11 18:25:00,4.46,4.46,4.44,4.45,50579.75
2026-07-11 18:30:00,4.45,4.46,4.44,4.46,371320.48
2026-07-11 18:35:00,4.46,4.47,4.46,4.46,272606.26
2026-07-11 18:40:00,4.46,4.47,4.45,4.46,51299.88
2026-07-11 18:45:00,4.46,4.46,4.45,4.45,19143.95
2026-07-11 18:50:00,4.45,4.46,4.44,4.45,92416.07
2026-07-11 18:55:00,4.45,4.45,4.45,4.45,20678.15
2026-07-11 19:00:00,4.45,4.45,4.44,4.44,50318.15
2026-07-11 19:05:00,4.44,4.45,4.44,4.45,395497.49
2026-07-11 19:10:00,4.45,4.45,4.44,4.45,60963.38
2026-07-11 19:15:00,4.45,4.45,4.44,4.45,9269.55
2026-07-11 19:20:00,4.45,4.45,4.43,4.45,232684.98
2026-07-11 19:25:00,4.45,4.45,4.44,4.45,72126.05
2026-07-11 19:30:00,4.45,4.45,4.44,4.45,42653.45
2026-07-11 19:35:00,4.45,4.46,4.44,4.45,76685.17
2026-07-11 19:40:00,4.45,4.46,4.44,4.45,404347.56
2026-07-11 19:45:00,4.45,4.45,4.44,4.44,17579.07
2026-07-11 19:50:00,4.44,4.45,4.44,4.44,24998.91
2026-07-11 19:55:00,4.44,4.45,4.44,4.45,11398.32
2026-07-11 20:00:00,4.45,4.45,4.44,4.45,12162.75
2026-07-11 20:05:00,4.45,4.45,4.44,4.45,102597.85
2026-07-11 20:10:00,4.45,4.46,4.45,4.46,37274.76
2026-07-11 20:15:00,4.46,4.46,4.45,4.45,2402.96
2026-07-11 20:20:00,4.45,4.46,4.45,4.45,240935.6
2026-07-11 20:25:00,4.45,4.46,4.45,4.46,77994.54
2026-07-11 20:30:00,4.46,4.46,4.45,4.46,304.12
2026-07-11 20:35:00,4.46,4.48,4.45,4.45,63828.62
2026-07-11 20:40:00,4.45,4.45,4.43,4.44,78209.28
2026-07-11 20:45:00,4.44,4.44,4.42,4.44,488299.61
2026-07-11 20:50:00,4.44,4.44,4.43,4.43,22524.2
2026-07-11 20:55:00,4.43,4.44,4.42,4.44,261237.23
2026-07-11 21:00:00,4.44,4.46,4.44,4.46,36266.37
2026-07-11 21:05:00,4.46,4.47,4.44,4.44,736091.82
2026-07-11 21:10:00,4.44,4.45,4.44,4.44,1830.13
2026-07-11 21:15:00,4.44,4.44,4.43,4.44,11524.78
2026-07-11 21:20:00,4.44,4.44,4.44,4.44,4498.04
2026-07-11 21:25:00,4.44,4.45,4.44,4.44,14671.23
2026-07-11 21:30:00,4.44,4.44,4.44,4.44,25649.37
2026-07-11 21:35:00,4.44,4.44,4.43,4.44,101858.75
2026-07-11 21:40:00,4.44,4.44,4.43,4.43,96201.33
2026-07-11 21:45:00,4.43,4.44,4.42,4.42,6632.32
2026-07-11 21:50:00,4.42,4.43,4.42,4.42,67407.86
2026-07-11 21:55:00,4.42,4.44,4.41,4.44,195506.16
2026-07-11 22:00:00,4.44,4.44,4.44,4.44,3759.1
2026-07-11 22:05:00,4.44,4.44,4.44,4.44,10134.18
2026-07-11 22:10:00,4.44,4.44,4.43,4.43,27717.53
2026-07-11 22:15:00,4.43,4.43,4.42,4.43,751654.97
2026-07-11 22:20:00,4.43,4.44,4.43,4.44,90904.43
2026-07-11 22:25:00,4.44,4.44,4.44,4.44,4097.96
2026-07-11 22:30:00,4.44,4.44,4.43,4.44,5392.08
2026-07-11 22:35:00,4.44,4.45,4.44,4.45,22861.38
2026-07-11 22:40:00,4.45,4.46,4.45,4.46,20442.15
2026-07-11 22:45:00,4.46,4.48,4.45,4.45,262757.95
2026-07-11 22:50:00,4.45,4.46,4.44,4.45,89557.21
2026-07-11 22:55:00,4.45,4.46,4.45,4.45,56798.79
2026-07-11 23:00:00,4.45,4.46,4.45,4.46,200689.91
2026-07-11 23:05:00,4.46,4.47,4.45,4.45,8813.9
2026-07-11 23:10:00,4.45,4.46,4.44,4.45,217770.22
2026-07-11 23:15:00,4.45,4.45,4.44,4.44,18384.19
2026-07-11 23:20:00,4.44,4.44,4.43,4.44,22122.49
2026-07-11 23:25:00,4.44,4.44,4.44,4.44,3073.68
2026-07-11 23:30:00,4.44,4.45,4.43,4.44,20465.72
2026-07-11 23:35:00,4.44,4.44,4.43,4.43,97844.34
2026-07-11 23:40:00,4.43,4.43,4.43,4.43,98877.25
2026-07-11 23:45:00,4.43,4.43,4.42,4.42,37562.52
2026-07-11 23:50:00,4.42,4.43,4.42,4.42,826.09
2026-07-11 23:55:00,4.42,4.43,4.41,4.43,228362.72
2026-07-12 00:00:00,4.43,4.43,4.43,4.43,25097.58
2026-07-12 00:05:00,4.43,4.44,4.42,4.44,23659.66
2026-07-12 00:10:00,4.44,4.44,4.43,4.44,22654.71
2026-07-12 00:15:00,4.44,4.45,4.43,4.44,18385.77
2026-07-12 00:20:00,4.44,4.44,4.43,4.43,36971.39
2026-07-12 00:25:00,4.43,4.43,4.43,4.43,61105.16
2026-07-12 00:30:00,4.43,4.44,4.43,4.43,21000.26
2026-07-12 00:35:00,4.43,4.43,4.43,4.43,12975.96
2026-07-12 00:40:00,4.43,4.44,4.43,4.43,78993.43
2026-07-12 00:45:00,4.43,4.44,4.43,4.44,43448.15
2026-07-12 00:50:00,4.44,4.44,4.44,4.44,53739.24
2026-07-12 00:55:00,4.44,4.45,4.44,4.44,45854.83
2026-07-12 01:00:00,4.44,4.45,4.44,4.44,24170.46
2026-07-12 01:05:00,4.44,4.45,4.44,4.45,52742.45
2026-07-12 01:10:00,4.45,4.45,4.44,4.45,23280.02
2026-07-12 01:15:00,4.45,4.45,4.44,4.45,2251.57
2026-07-12 01:20:00,4.45,4.45,4.45,4.45,40789.58
2026-07-12 01:25:00,4.45,4.45,4.44,4.45,4017.72
2026-07-12 01:30:00,4.45,4.45,4.44,4.45,28965.56
2026-07-12 01:35:00,4.45,4.45,4.45,4.45,85606.9
2026-07-12 01:40:00,4.45,4.45,4.44,4.44,90065.54
2026-07-12 01:45:00,4.44,4.45,4.44,4.44,162354.2
2026-07-12 01:50:00,4.44,4.45,4.44,4.44,30759.64
2026-07-12 01:55:00,4.44,4.45,4.44,4.44,20481.24
2026-07-12 02:00:00,4.44,4.45,4.44,4.45,40462.21
2026-07-12 02:05:00,4.45,4.45,4.44,4.44,6533.19
2026-07-12 02:10:00,4.44,4.45,4.44,4.45,35140.34
2026-07-12 02:15:00,4.45,4.45,4.44,4.44,5507.42
2026-07-12 02:20:00,4.44,4.46,4.44,4.45,39748.52
2026-07-12 02:25:00,4.45,4.47,4.45,4.46,28733.07
2026-07-12 02:30:00,4.46,4.46,4.46,4.46,16136.71
2026-07-12 02:35:00,4.46,4.48,4.45,4.46,102739.97
2026-07-12 02:40:00,4.46,4.46,4.45,4.46,9198.93
2026-07-12 02:45:00,4.46,4.46,4.45,4.45,148924.22
2026-07-12 02:50:00,4.45,4.45,4.45,4.45,86289.53
2026-07-12 02:55:00,4.45,4.46,4.45,4.45,10489.2
2026-07-12 03:00:00,4.45,4.45,4.44,4.44,3184.44
2026-07-12 03:05:00,4.44,4.44,4.44,4.44,6716.29
2026-07-12 03:10:00,4.44,4.44,4.44,4.44,173362.03
2026-07-12 03:15:00,4.44,4.44,4.44,4.44,82123.72
2026-07-12 03:20:00,4.44,4.45,4.44,4.44,16942.3
2026-07-12 03:25:00,4.44,4.44,4.44,4.44,106950.81
2026-07-12 03:30:00,4.44,4.45,4.44,4.44,9067.26
2026-07-12 03:35:00,4.44,4.45,4.43,4.44,68368.76
2026-07-12 03:40:00,4.44,4.44,4.44,4.44,59681.93
2026-07-12 03:45:00,4.44,4.45,4.44,4.44,3453.3
2026-07-12 03:50:00,4.44,4.44,4.43,4.43,992.33
2026-07-12 03:55:00,4.43,4.43,4.43,4.43,43893.04
2026-07-12 04:00:00,4.43,4.43,4.42,4.42,106048.06
2026-07-12 04:05:00,4.42,4.43,4.41,4.43,321036.18
2026-07-12 04:10:00,4.43,4.43,4.43,4.43,101740.16
2026-07-12 04:15:00,4.43,4.43,4.43,4.43,18002.29
2026-07-12 04:20:00,4.43,4.43,4.41,4.43,164172.76
2026-07-12 04:25:00,4.43,4.44,4.43,4.43,100311.76
2026-07-12 04:30:00,4.43,4.44,4.43,4.44,18245.7
2026-07-12 04:35:00,4.44,4.45,4.44,4.45,34365.53
2026-07-12 04:40:00,4.45,4.45,4.44,4.45,41155.61
2026-07-12 04:45:00,4.45,4.45,4.44,4.44,22009.35
2026-07-12 04:50:00,4.44,4.45,4.44,4.44,23616.32
2026-07-12 04:55:00,4.44,4.44,4.43,4.44,50071.51
2026-07-12 05:00:00,4.44,4.44,4.43,4.44,49644.45
2026-07-12 05:05:00,4.44,4.45,4.44,4.44,15792.94
2026-07-12 05:10:00,4.44,4.45,4.44,4.45,172455.49
2026-07-12 05:15:00,4.45,4.46,4.45,4.46,13348.31
2026-07-12 05:20:00,4.46,4.46,4.45,4.46,23009.53
2026-07-12 05:25:00,4.46,4.46,4.46,4.46,45150.2
2026-07-12 05:30:00,4.46,4.46,4.46,4.46,7037.48
2026-07-12 05:35:00,4.46,4.48,4.45,4.45,100252.82
2026-07-12 05:40:00,4.45,4.47,4.45,4.45,78458.62
2026-07-12 05:45:00,4.45,4.45,4.44,4.45,34099.46
2026-07-12 05:50:00,4.45,4.45,4.44,4.44,52790.0
2026-07-12 05:55:00,4.44,4.44,4.43,4.43,23594.96
2026-07-12 06:00:00,4.43,4.44,4.43,4.43,574.16
2026-07-12 06:05:00,4.43,4.43,4.42,4.42,37518.44
2026-07-12 06:10:00,4.42,4.42,4.41,4.42,43769.28
2026-07-12 06:15:00,4.42,4.42,4.41,4.41,10756.89
2026-07-12 06:20:00,4.41,4.41,4.4,4.41,78978.11
2026-07-12 06:25:00,4.41,4.41,4.41,4.41,132609.81
2026-07-12 06:30:00,4.41,4.41,4.4,4.4,105452.02
2026-07-12 06:35:00,4.4,4.4,4.38,4.39,55499.35
2026-07-12 06:40:00,4.39,4.39,4.38,4.38,89342.8
2026-07-12 06:45:00,4.38,4.4,4.38,4.38,103694.9
2026-07-12 06:50:00,4.38,4.38,4.37,4.37,81493.8
2026-07-12 06:55:00,4.37,4.39,4.37,4.38,202873.26
2026-07-12 07:00:00,4.38,4.39,4.38,4.38,36181.26
2026-07-12 07:05:00,4.38,4.39,4.38,4.38,44346.41
2026-07-12 07:10:00,4.38,4.38,4.38,4.38,97885.7
2026-07-12 07:15:00,4.38,4.39,4.38,4.38,11245.96
2026-07-12 07:20:00,4.38,4.39,4.37,4.39,271914.75
2026-07-12 07:25:00,4.39,4.39,4.38,4.39,1442.07
2026-07-12 07:30:00,4.39,4.39,4.38,4.38,1347.37
2026-07-12 07:35:00,4.38,4.39,4.37,4.37,87127.12
2026-07-12 07:40:00,4.37,4.37,4.37,4.37,51917.56
2026-07-12 07:45:00,4.37,4.38,4.37,4.37,6357.29
2026-07-12 07:50:00,4.37,4.38,4.37,4.37,42367.16
2026-07-12 07:55:00,4.37,4.37,4.37,4.37,21899.9
2026-07-12 08:00:00,4.37,4.38,4.35,4.38,49534.48
2026-07-12 08:05:00,4.38,4.38,4.37,4.38,7615.22
2026-07-12 08:10:00,4.38,4.38,4.38,4.38,171074.6
2026-07-12 08:15:00,4.38,4.38,4.38,4.38,153459.93
2026-07-12 08:20:00,4.38,4.38,4.37,4.37,99931.5
2026-07-12 08:25:00,4.37,4.38,4.37,4.38,224076.25
2026-07-12 08:30:00,4.38,4.38,4.37,4.38,29750.87
2026-07-12 08:35:00,4.38,4.38,4.37,4.38,26249.06
2026-07-12 08:40:00,4.38,4.38,4.37,4.38,46127.31
2026-07-12 08:45:00,4.38,4.38,4.37,4.38,135243.9
2026-07-12 08:50:00,4.38,4.38,4.36,4.38,11311.56
2026-07-12 08:55:00,4.38,4.39,4.38,4.39,1742.48
2026-07-12 09:00:00,4.39,4.39,4.39,4.39,66797.16
2026-07-12 09:05:00,4.39,4.4,4.39,4.39,62479.53
2026-07-12 09:10:00,4.39,4.4,4.39,4.4,5970.15
2026-07-12 09:15:00,4.4,4.4,4.39,4.39,8941.96
2026-07-12 09:20:00,4.39,4.39,4.39,4.39,2185.22
2026-07-12 09:25:00,4.39,4.41,4.39,4.41,23977.96
2026-07-12 09:30:00,4.41,4.41,4.4,4.4,89719.87
2026-07-12 09:35:00,4.4,4.41,4.4,4.4,5561.76
2026-07-12 09:40:00,4.4,4.4,4.39,4.4,17221.74
2026-07-12 09:45:00,4.4,4.41,4.4,4.41,96151.49
2026-07-12 09:50:00,4.41,4.41,4.41,4.41,2959.55
2026-07-12 09:55:00,4.41,4.42,4.41,4.41,109897.54
2026-07-12 10:00:00,4.41,4.42,4.41,4.42,71351.38
2026-07-12 10:05:00,4.42,4.42,4.41,4.42,60763.16
2026-07-12 10:10:00,4.42,4.43,4.41,4.43,68643.74
2026-07-12 10:15:00,4.43,4.43,4.43,4.43,11557.9
2026-07-12 10:20:00,4.43,4.45,4.43,4.44,5247.99
2026-07-12 10:25:00,4.44,4.45,4.44,4.44,4294.22
2026-07-12 10:30:00,4.44,4.44,4.43,4.43,47077.49
2026-07-12 10:35:00,4.43,4.44,4.43,4.44,139475.29
2026-07-12 10:40:00,4.44,4.44,4.43,4.43,41870.23
2026-07-12 10:45:00,4.43,4.45,4.43,4.45,4193.82
2026-07-12 10:50:00,4.45,4.45,4.44,4.45,3741.59
2026-07-12 10:55:00,4.45,4.46,4.44,4.45,9422.87
2026-07-12 11:00:00,4.45,4.46,4.45,4.46,55004.46
2026-07-12 11:05:00,4.46,4.46,4.46,4.46,19148.68
2026-07-12 11:10:00,4.46,4.46,4.46,4.46,118523.62
2026-07-12 11:15:00,4.46,4.47,4.46,4.47,25274.91
2026-07-12 11:20:00,4.47,4.48,4.46,4.47,24924.1
2026-07-12 11:25:00,4.47,4.47,4.45,4.45,47433.7
2026-07-12 11:30:00,4.45,4.46,4.44,4.44,27912.79
2026-07-12 11:35:00,4.44,4.44,4.44,4.44,9420.07
2026-07-12 11:40:00,4.44,4.45,4.44,4.45,28312.39
2026-07-12 11:45:00,4.45,4.45,4.44,4.44,40819.86
2026-07-12 11:50:00,4.44,4.45,4.44,4.45,37667.69
2026-07-12 11:55:00,4.45,4.45,4.44,4.44,156260.03
2026-07-12 12:00:00,4.44,4.45,4.44,4.45,168537.35
2026-07-12 12:05:00,4.45,4.45,4.44,4.45,48670.25
2026-07-12 12:10:00,4.45,4.46,4.45,4.45,19061.15
2026-07-12 12:15:00,4.45,4.45,4.44,4.44,114148.56
2026-07-12 12:20:00,4.44,4.45,4.44,4.45,37665.0
2026-07-12 12:25:00,4.45,4.45,4.44,4.44,2500.54
2026-07-12 12:30:00,4.44,4.44,4.43,4.43,69011.28
2026-07-12 12:35:00,4.43,4.45,4.43,4.45,34815.08
2026-07-12 12:40:00,4.45,4.45,4.44,4.44,30890.23
2026-07-12 12:45:00,4.44,4.44,4.43,4.43,43761.06
2026-07-12 12:50:00,4.43,4.44,4.43,4.44,72293.09
2026-07-12 12:55:00,4.44,4.44,4.43,4.44,23221.36
2026-07-12 13:00:00,4.44,4.45,4.43,4.45,19779.93
2026-07-12 13:05:00,4.45,4.45,4.45,4.45,63809.92
2026-07-12 13:10:00,4.45,4.46,4.45,4.46,7762.74
2026-07-12 13:15:00,4.46,4.46,4.46,4.46,5537.93
2026-07-12 13:20:00,4.46,4.47,4.46,4.46,50048.75
2026-07-12 13:25:00,4.46,4.47,4.45,4.46,198877.63
2026-07-12 13:30:00,4.46,4.46,4.45,4.46,37629.95
2026-07-12 13:35:00,4.46,4.47,4.46,4.46,6210.25
2026-07-12 13:40:00,4.46,4.46,4.45,4.45,28324.42
2026-07-12 13:45:00,4.45,4.47,4.45,4.46,49190.26
2026-07-12 13:50:00,4.46,4.46,4.46,4.46,22167.61
2026-07-12 13:55:00,4.46,4.47,4.46,4.47,5372.36
2026-07-12 14:00:00,4.47,4.47,4.46,4.46,11453.23
2026-07-12 14:05:00,4.46,4.47,4.46,4.46,8600.13
2026-07-12 14:10:00,4.46,4.47,4.46,4.46,9548.42
2026-07-12 14:15:00,4.46,4.46,4.45,4.46,19523.51
2026-07-12 14:20:00,4.46,4.46,4.46,4.46,34496.6
2026-07-12 14:25:00,4.46,4.46,4.45,4.45,14836.1
2026-07-12 14:30:00,4.45,4.46,4.45,4.46,97742.48
2026-07-12 14:35:00,4.46,4.46,4.45,4.45,56337.0
2026-07-12 14:40:00,4.45,4.45,4.44,4.44,29504.17
2026-07-12 14:45:00,4.44,4.45,4.44,4.45,7672.33
2026-07-12 14:50:00,4.45,4.45,4.44,4.45,14969.86
2026-07-12 14:55:00,4.45,4.45,4.45,4.45,10985.45
2026-07-12 15:00:00,4.45,4.45,4.44,4.44,22043.56
2026-07-12 15:05:00,4.44,4.44,4.44,4.44,5621.11
2026-07-12 15:10:00,4.44,4.45,4.44,4.44,72143.53
2026-07-12 15:15:00,4.44,4.46,4.44,4.46,34652.57
2026-07-12 15:20:00,4.46,4.46,4.45,4.45,24603.0
2026-07-12 15:25:00,4.45,4.45,4.44,4.44,34016.43
2026-07-12 15:30:00,4.44,4.45,4.43,4.43,103785.51
2026-07-12 15:35:00,4.43,4.44,4.43,4.43,38861.79
2026-07-12 15:40:00,4.43,4.44,4.43,4.44,33113.56
2026-07-12 15:45:00,4.44,4.44,4.43,4.44,31760.74
2026-07-12 15:50:00,4.44,4.45,4.42,4.45,6491.67
2026-07-12 15:55:00,4.45,4.45,4.45,4.45,138320.25
2026-07-12 16:00:00,4.45,4.45,4.44,4.45,9763.52
2026-07-12 16:05:00,4.45,4.45,4.44,4.44,10162.94
2026-07-12 16:10:00,4.44,4.45,4.44,4.45,105033.23
2026-07-12 16:15:00,4.45,4.45,4.45,4.45,4723.5
2026-07-12 16:20:00,4.45,4.45,4.44,4.45,14506.62
2026-07-12 16:25:00,4.45,4.46,4.44,4.46,71600.67
2026-07-12 16:30:00,4.46,4.46,4.44,4.45,38534.34
2026-07-12 16:35:00,4.45,4.46,4.45,4.45,53074.31
2026-07-12 16:40:00,4.45,4.45,4.44,4.44,14485.06
2026-07-12 16:45:00,4.44,4.45,4.44,4.44,8800.0
2026-07-12 16:50:00,4.44,4.45,4.44,4.44,75676.59
2026-07-12 16:55:00,4.44,4.45,4.44,4.44,62686.47
2026-07-12 17:00:00,4.44,4.45,4.44,4.44,147831.17
2026-07-12 17:05:00,4.44,4.45,4.44,4.44,35553.99
2026-07-12 17:10:00,4.44,4.45,4.44,4.45,134271.74
2026-07-12 17:15:00,4.45,4.45,4.44,4.45,172743.54
2026-07-12 17:20:00,4.45,4.45,4.44,4.45,134810.09
2026-07-12 17:25:00,4.45,4.46,4.45,4.45,54840.69
2026-07-12 17:30:00,4.45,4.47,4.45,4.46,28863.89
2026-07-12 17:35:00,4.46,4.48,4.45,4.45,87209.24
2026-07-12 17:40:00,4.45,4.46,4.45,4.46,10411.23
2026-07-12 17:45:00,4.46,4.46,4.46,4.46,180252.75
2026-07-12 17:50:00,4.46,4.46,4.44,4.45,16925.31
2026-07-12 17:55:00,4.45,4.45,4.44,4.44,56966.23
2026-07-12 18:00:00,4.44,4.45,4.44,4.45,52992.98
2026-07-12 18:05:00,4.45,4.45,4.44,4.45,57568.17
2026-07-12 18:10:00,4.45,4.45,4.44,4.45,51880.43
2026-07-12 18:15:00,4.45,4.45,4.44,4.44,132239.64
2026-07-12 18:20:00,4.44,4.45,4.44,4.45,165739.17
2026-07-12 18:25:00,4.45,4.45,4.44,4.45,107584.74
2026-07-12 18:30:00,4.45,4.46,4.45,4.46,65543.54
2026-07-12 18:35:00,4.46,4.46,4.46,4.46,51267.27
2026-07-12 18:40:00,4.46,4.47,4.46,4.47,231621.8
2026-07-12 18:45:00,4.47,4.48,4.45,4.46,298568.53
2026-07-12 18:50:00,4.46,4.46,4.45,4.45,138607.51
2026-07-12 18:55:00,4.45,4.46,4.45,4.45,9563.2
2026-07-12 19:00:00,4.45,4.46,4.45,4.46,19950.63
2026-07-12 19:05:00,4.46,4.46,4.45,4.46,35112.81
2026-07-12 19:10:00,4.46,4.47,4.45,4.45,50747.54
2026-07-12 19:15:00,4.45,4.46,4.45,4.46,49952.07
2026-07-12 19:20:00,4.46,4.46,4.44,4.44,139009.12
2026-07-12 19:25:00,4.44,4.46,4.44,4.45,20228.66
2026-07-12 19:30:00,4.45,4.47,4.45,4.46,74517.54
2026-07-12 19:35:00,4.46,4.46,4.45,4.45,48135.1
2026-07-12 19:40:00,4.45,4.46,4.45,4.45,102061.81
2026-07-12 19:45:00,4.45,4.45,4.44,4.45,42909.15
2026-07-12 19:50:00,4.45,4.45,4.44,4.44,86981.74
2026-07-12 19:55:00,4.44,4.44,4.44,4.44,150264.31
2026-07-12 20:00:00,4.44,4.45,4.44,4.45,94134.37
2026-07-12 20:05:00,4.45,4.45,4.44,4.45,66220.08
2026-07-12 20:10:00,4.45,4.45,4.44,4.44,23977.42
2026-07-12 20:15:00,4.44,4.46,4.44,4.46,41830.39
2026-07-12 20:20:00,4.46,4.46,4.45,4.45,300597.17
2026-07-12 20:25:00,4.45,4.45,4.45,4.45,31788.18
2026-07-12 20:30:00,4.45,4.45,4.44,4.45,182290.57
2026-07-12 20:35:00,4.45,4.45,4.44,4.45,42832.31
2026-07-12 20:40:00,4.45,4.45,4.45,4.45,16592.43
2026-07-12 20:45:00,4.45,4.46,4.44,4.45,23267.25
2026-07-12 20:50:00,4.45,4.46,4.45,4.45,65040.64
2026-07-12 20:55:00,4.45,4.45,4.45,4.45,120193.69
2026-07-12 21:00:00,4.45,4.46,4.45,4.46,99540.99
2026-07-12 21:05:00,4.46,4.47,4.46,4.46,12077.43
2026-07-12 21:10:00,4.46,4.47,4.46,4.46,13188.79
2026-07-12 21:15:00,4.46,4.46,4.45,4.45,63522.37
2026-07-12 21:20:00,4.45,4.46,4.45,4.46,81232.09
2026-07-12 21:25:00,4.46,4.46,4.46,4.46,22492.35
2026-07-12 21:30:00,4.46,4.47,4.46,4.47,77207.89
2026-07-12 21:35:00,4.47,4.48,4.45,4.46,763242.71
2026-07-12 21:40:00,4.46,4.46,4.46,4.46,1796.46
2026-07-12 21:45:00,4.46,4.46,4.45,4.45,14670.75
2026-07-12 21:50:00,4.45,4.45,4.45,4.45,2415.39
2026-07-12 21:55:00,4.45,4.45,4.44,4.44,57775.45
2026-07-12 22:00:00,4.44,4.45,4.44,4.45,42125.35
2026-07-12 22:05:00,4.45,4.45,4.43,4.44,91525.84
2026-07-12 22:10:00,4.44,4.45,4.44,4.44,54942.58
2026-07-12 22:15:00,4.44,4.45,4.44,4.45,22455.77
2026-07-12 22:20:00,4.45,4.45,4.44,4.45,69797.35
2026-07-12 22:25:00,4.45,4.46,4.45,4.45,11187.86
2026-07-12 22:30:00,4.45,4.46,4.45,4.45,52737.85
2026-07-12 22:35:00,4.45,4.45,4.45,4.45,72965.78
2026-07-12 22:40:00,4.45,4.46,4.45,4.46,37167.49
2026-07-12 22:45:00,4.46,4.46,4.44,4.45,44771.51
2026-07-12 22:50:00,4.45,4.45,4.44,4.44,69629.07
2026-07-12 22:55:00,4.44,4.44,4.43,4.43,49147.81
2026-07-12 23:00:00,4.43,4.45,4.43,4.44,64686.82
2026-07-12 23:05:00,4.44,4.45,4.44,4.45,17443.76
2026-07-12 23:10:00,4.45,4.45,4.45,4.45,36815.97
2026-07-12 23:15:00,4.45,4.45,4.45,4.45,114704.84
2026-07-12 23:20:00,4.45,4.46,4.44,4.45,15515.53
2026-07-12 23:25:00,4.45,4.46,4.45,4.45,28031.77
2026-07-12 23:30:00,4.45,4.46,4.45,4.45,26924.68
2026-07-12 23:35:00,4.45,4.45,4.45,4.45,21454.21
2026-07-12 23:40:00,4.45,4.45,4.45,4.45,278774.16
2026-07-12 23:45:00,4.45,4.45,4.44,4.45,18315.27
2026-07-12 23:50:00,4.45,4.45,4.44,4.44,141544.44
2026-07-12 23:55:00,4.44,4.45,4.44,4.45,7967.85
2026-07-13 00:00:00,4.45,4.45,4.44,4.44,14022.49
2026-07-13 00:05:00,4.44,4.45,4.44,4.45,3636.61
2026-07-13 00:10:00,4.45,4.45,4.44,4.45,18301.32
2026-07-13 00:15:00,4.45,4.45,4.45,4.45,22800.38
2026-07-13 00:20:00,4.45,4.45,4.45,4.45,157239.25
2026-07-13 00:25:00,4.45,4.46,4.45,4.46,2193.91
2026-07-13 00:30:00,4.46,4.46,4.44,4.44,44691.28
2026-07-13 00:35:00,4.44,4.44,4.43,4.44,79777.17
2026-07-13 00:40:00,4.44,4.44,4.43,4.44,210834.26
2026-07-13 00:45:00,4.44,4.44,4.43,4.44,39280.22
2026-07-13 00:50:00,4.44,4.44,4.42,4.44,103497.78
2026-07-13 00:55:00,4.44,4.44,4.44,4.44,48953.85
2026-07-13 01:00:00,4.44,4.44,4.43,4.43,76489.05
2026-07-13 01:05:00,4.43,4.45,4.42,4.45,135776.33
2026-07-13 01:10:00,4.45,4.45,4.45,4.45,30859.65
2026-07-13 01:15:00,4.45,4.45,4.44,4.45,103589.45
2026-07-13 01:20:00,4.45,4.45,4.45,4.45,39271.19
2026-07-13 01:25:00,4.45,4.45,4.44,4.45,47358.95
2026-07-13 01:30:00,4.45,4.45,4.44,4.45,44599.23
2026-07-13 01:35:00,4.45,4.46,4.45,4.46,33557.18
2026-07-13 01:40:00,4.46,4.46,4.45,4.46,28137.71
2026-07-13 01:45:00,4.46,4.46,4.45,4.45,128521.02
2026-07-13 01:50:00,4.45,4.46,4.45,4.45,63674.65
2026-07-13 01:55:00,4.45,4.46,4.44,4.45,46328.19
2026-07-13 02:00:00,4.45,4.46,4.45,4.46,113497.03
2026-07-13 02:05:00,4.46,4.47,4.46,4.47,26681.44
2026-07-13 02:10:00,4.47,4.47,4.46,4.47,91535.8
2026-07-13 02:15:00,4.47,4.47,4.46,4.46,24425.89
2026-07-13 02:20:00,4.46,4.46,4.45,4.46,77916.02
2026-07-13 02:25:00,4.46,4.46,4.45,4.45,78416.14
2026-07-13 02:30:00,4.45,4.46,4.45,4.45,57623.16
2026-07-13 02:35:00,4.45,4.45,4.44,4.45,109389.82
2026-07-13 02:40:00,4.45,4.47,4.45,4.46,14743.07
2026-07-13 02:45:00,4.46,4.46,4.46,4.46,13846.67
2026-07-13 02:50:00,4.46,4.46,4.46,4.46,63666.74
2026-07-13 02:55:00,4.46,4.46,4.45,4.46,34990.29
2026-07-13 03:00:00,4.46,4.48,4.46,4.46,136280.96
2026-07-13 03:05:00,4.46,4.46,4.45,4.46,1033.28
2026-07-13 03:10:00,4.46,4.46,4.46,4.46,25761.14
2026-07-13 03:15:00,4.46,4.47,4.46,4.46,3781.24
2026-07-13 03:20:00,4.46,4.48,4.45,4.46,183709.93
2026-07-13 03:25:00,4.46,4.46,4.45,4.46,133226.72
2026-07-13 03:30:00,4.46,4.47,4.46,4.47,42993.41
2026-07-13 03:35:00,4.47,4.48,4.47,4.48,27159.52
2026-07-13 03:40:00,4.48,4.48,4.47,4.48,77758.39
2026-07-13 03:45:00,4.48,4.48,4.47,4.47,771.15
2026-07-13 03:50:00,4.47,4.48,4.47,4.48,8615.21
2026-07-13 03:55:00,4.48,4.49,4.47,4.48,31845.57
2026-07-13 04:00:00,4.48,4.48,4.46,4.47,56873.15
2026-07-13 04:05:00,4.47,4.48,4.46,4.46,73769.03
2026-07-13 04:10:00,4.46,4.47,4.46,4.47,16652.38
2026-07-13 04:15:00,4.47,4.47,4.46,4.46,4789.86
2026-07-13 04:20:00,4.46,4.47,4.45,4.45,106683.04
2026-07-13 04:25:00,4.45,4.46,4.45,4.46,108524.36
2026-07-13 04:30:00,4.46,4.47,4.46,4.47,113421.85
2026-07-13 04:35:00,4.47,4.47,4.46,4.47,33663.04
2026-07-13 04:40:00,4.47,4.48,4.45,4.46,1166935.57
2026-07-13 04:45:00,4.46,4.47,4.45,4.46,49763.26
2026-07-13 04:50:00,4.46,4.47,4.46,4.46,12559.89
2026-07-13 04:55:00,4.46,4.48,4.45,4.46,322266.59
2026-07-13 05:00:00,4.46,4.46,4.45,4.46,4304.98
2026-07-13 05:05:00,4.46,4.46,4.46,4.46,92920.25
2026-07-13 05:10:00,4.46,4.46,4.45,4.46,23549.31
2026-07-13 05:15:00,4.46,4.46,4.45,4.45,125322.72
2026-07-13 05:20:00,4.45,4.45,4.45,4.45,58563.68
2026-07-13 05:25:00,4.45,4.45,4.44,4.44,23270.53
2026-07-13 05:30:00,4.44,4.45,4.44,4.45,27368.05
2026-07-13 05:35:00,4.45,4.45,4.44,4.45,33824.62
2026-07-13 05:40:00,4.45,4.45,4.44,4.44,113052.39
2026-07-13 05:45:00,4.44,4.45,4.43,4.45,57841.78
2026-07-13 05:50:00,4.45,4.46,4.45,4.46,158217.59
2026-07-13 05:55:00,4.46,4.46,4.45,4.45,54861.02
2026-07-13 06:00:00,4.45,4.47,4.45,4.46,46362.41
2026-07-13 06:05:00,4.46,4.48,4.45,4.45,453803.04
2026-07-13 06:10:00,4.45,4.46,4.44,4.45,135697.26
2026-07-13 06:15:00,4.45,4.45,4.45,4.45,56572.42
2026-07-13 06:20:00,4.45,4.45,4.44,4.45,27242.51
2026-07-13 06:25:00,4.45,4.46,4.44,4.45,77756.04
2026-07-13 06:30:00,4.45,4.45,4.44,4.45,48437.15
2026-07-13 06:35:00,4.45,4.45,4.45,4.45,136397.8
2026-07-13 06:40:00,4.45,4.46,4.45,4.45,13847.59
2026-07-13 06:45:00,4.45,4.46,4.45,4.45,81761.3
2026-07-13 06:50:00,4.45,4.46,4.45,4.46,38670.19
2026-07-13 06:55:00,4.46,4.46,4.46,4.46,10468.1
2026-07-13 07:00:00,4.46,4.47,4.45,4.45,21404.75
2026-07-13 07:05:00,4.45,4.45,4.44,4.44,55459.83
2026-07-13 07:10:00,4.44,4.45,4.44,4.45,3575.76
2026-07-13 07:15:00,4.45,4.45,4.44,4.44,13516.68
2026-07-13 07:20:00,4.44,4.45,4.44,4.45,6232.87
2026-07-13 07:25:00,4.45,4.45,4.45,4.45,156728.5
2026-07-13 07:30:00,4.45,4.45,4.44,4.45,17414.52
2026-07-13 07:35:00,4.45,4.45,4.45,4.45,38359.67
2026-07-13 07:40:00,4.45,4.46,4.45,4.46,14401.76
2026-07-13 07:45:00,4.46,4.47,4.45,4.47,76737.25
2026-07-13 07:50:00,4.47,4.47,4.46,4.46,58659.88
2026-07-13 07:55:00,4.46,4.46,4.45,4.46,334626.22
2026-07-13 08:00:00,4.46,4.46,4.46,4.46,89744.19
2026-07-13 08:05:00,4.46,4.46,4.46,4.46,4342.28
2026-07-13 08:10:00,4.46,4.46,4.46,4.46,21175.99
2026-07-13 08:15:00,4.46,4.46,4.45,4.45,7004.34
2026-07-13 08:20:00,4.45,4.46,4.45,4.46,12867.67
2026-07-13 08:25:00,4.46,4.46,4.45,4.45,58018.81
2026-07-13 08:30:00,4.45,4.45,4.45,4.45,18675.52
2026-07-13 08:35:00,4.45,4.46,4.45,4.46,12246.63
2026-07-13 08:40:00,4.46,4.46,4.45,4.46,12.67
2026-07-13 08:45:00,4.46,4.46,4.46,4.46,38883.63
2026-07-13 08:50:00,4.46,4.46,4.46,4.46,468.69
2026-07-13 08:55:00,4.46,4.46,4.45,4.45,77611.46
2026-07-13 09:00:00,4.45,4.46,4.45,4.46,23839.85
2026-07-13 09:05:00,4.46,4.47,4.45,4.47,74718.86
2026-07-13 09:10:00,4.47,4.47,4.46,4.46,652.14
2026-07-13 09:15:00,4.46,4.47,4.46,4.47,60715.97
2026-07-13 09:20:00,4.47,4.47,4.47,4.47,117132.47
2026-07-13 09:25:00,4.47,4.49,4.46,4.46,50231.04
2026-07-13 09:30:00,4.46,4.46,4.46,4.46,73376.92
2026-07-13 09:35:00,4.46,4.47,4.46,4.47,19496.8
2026-07-13 09:40:00,4.47,4.47,4.46,4.47,29020.77
2026-07-13 09:45:00,4.47,4.47,4.46,4.46,43.55
2026-07-13 09:50:00,4.46,4.47,4.46,4.46,73599.64
2026-07-13 09:55:00,4.46,4.47,4.46,4.47,129927.63
2026-07-13 10:00:00,4.47,4.47,4.46,4.47,102583.58
2026-07-13 10:05:00,4.47,4.47,4.46,4.47,31179.44
2026-07-13 10:10:00,4.47,4.48,4.46,4.47,380349.9
2026-07-13 10:15:00,4.47,4.47,4.47,4.47,14284.27
2026-07-13 10:20:00,4.47,4.48,4.47,4.47,567.26
2026-07-13 10:25:00,4.47,4.48,4.47,4.48,161825.66
2026-07-13 10:30:00,4.48,4.48,4.47,4.47,7993.46
2026-07-13 10:35:00,4.47,4.48,4.47,4.47,136252.71
2026-07-13 10:40:00,4.47,4.48,4.47,4.47,12066.3
2026-07-13 10:45:00,4.47,4.48,4.47,4.47,25104.54
2026-07-13 10:50:00,4.47,4.48,4.47,4.48,22805.38
2026-07-13 10:55:00,4.48,4.5,4.47,4.47,912926.61
2026-07-13 11:00:00,4.47,4.48,4.46,4.47,37893.14
2026-07-13 11:05:00,4.47,4.47,4.46,4.46,68267.13
2026-07-13 11:10:00,4.46,4.47,4.46,4.46,3741.44
2026-07-13 11:15:00,4.46,4.46,4.46,4.46,37943.32
2026-07-13 11:20:00,4.46,4.46,4.46,4.46,37961.17
2026-07-13 11:25:00,4.46,4.46,4.46,4.46,15760.48
2026-07-13 11:30:00,4.46,4.46,4.45,4.45,130756.1
2026-07-13 11:35:00,4.45,4.47,4.45,4.46,20861.52
2026-07-13 11:40:00,4.46,4.47,4.46,4.46,35451.93
2026-07-13 11:45:00,4.46,4.46,4.45,4.46,42786.97
2026-07-13 11:50:00,4.46,4.47,4.45,4.47,135069.22
2026-07-13 11:55:00,4.47,4.47,4.46,4.46,62555.32
2026-07-13 12:00:00,4.46,4.47,4.46,4.47,224123.95
2026-07-13 12:05:00,4.47,4.47,4.46,4.46,31221.04
2026-07-13 12:10:00,4.46,4.47,4.46,4.46,343818.92
2026-07-13 12:15:00,4.46,4.47,4.46,4.46,3726.85
2026-07-13 12:20:00,4.46,4.47,4.46,4.47,21878.94
2026-07-13 12:25:00,4.47,4.47,4.46,4.47,9608.33
2026-07-13 12:30:00,4.47,4.48,4.47,4.47,123245.6
2026-07-13 12:35:00,4.47,4.48,4.47,4.48,1497.18
2026-07-13 12:40:00,4.48,4.48,4.47,4.48,57144.76
2026-07-13 12:45:00,4.48,4.49,4.47,4.47,1286.6
2026-07-13 12:50:00,4.47,4.48,4.46,4.46,10087.58
2026-07-13 12:55:00,4.46,4.46,4.44,4.45,40398.12
2026-07-13 13:00:00,4.45,4.45,4.44,4.44,81845.64
2026-07-13 13:05:00,4.44,4.45,4.43,4.45,192626.7
2026-07-13 13:10:00,4.45,4.45,4.44,4.45,39605.34
2026-07-13 13:15:00,4.45,4.45,4.43,4.45,97437.09
2026-07-13 13:20:00,4.45,4.45,4.45,4.45,80977.9
2026-07-13 13:25:00,4.45,4.45,4.44,4.44,36864.49
2026-07-13 13:30:00,4.44,4.45,4.44,4.45,130379.83
2026-07-13 13:35:00,4.45,4.45,4.44,4.45,24045.84
2026-07-13 13:40:00,4.45,4.45,4.44,4.45,22698.0
2026-07-13 13:45:00,4.45,4.45,4.44,4.44,9815.49
2026-07-13 13:50:00,4.44,4.46,4.43,4.45,9329.18
2026-07-13 13:55:00,4.45,4.46,4.45,4.46,4387.03
2026-07-13 14:00:00,4.46,4.46,4.45,4.45,19861.71
2026-07-13 14:05:00,4.45,4.47,4.44,4.46,309485.69
2026-07-13 14:10:00,4.46,4.47,4.46,4.46,35078.03
2026-07-13 14:15:00,4.46,4.47,4.45,4.46,4179.47
2026-07-13 14:20:00,4.46,4.47,4.46,4.47,69366.77
2026-07-13 14:25:00,4.47,4.47,4.46,4.47,367333.69
2026-07-13 14:30:00,4.47,4.47,4.46,4.46,60775.71
2026-07-13 14:35:00,4.46,4.46,4.46,4.46,137377.17
2026-07-13 14:40:00,4.46,4.47,4.46,4.47,137405.92
2026-07-13 14:45:00,4.47,4.47,4.46,4.47,23770.3
2026-07-13 14:50:00,4.47,4.47,4.47,4.47,19247.47
2026-07-13 14:55:00,4.47,4.47,4.46,4.46,4628.6
2026-07-13 15:00:00,4.46,4.47,4.45,4.46,65355.87
2026-07-13 15:05:00,4.46,4.46,4.44,4.45,197457.35
2026-07-13 15:10:00,4.45,4.45,4.44,4.45,26861.49
2026-07-13 15:15:00,4.45,4.46,4.45,4.45,155706.61
2026-07-13 15:20:00,4.45,4.46,4.45,4.46,31030.45
2026-07-13 15:25:00,4.46,4.47,4.44,4.47,47652.03
2026-07-13 15:30:00,4.47,4.47,4.46,4.47,83299.32
2026-07-13 15:35:00,4.47,4.47,4.46,4.46,25997.74
2026-07-13 15:40:00,4.46,4.47,4.46,4.46,31895.94
2026-07-13 15:45:00,4.46,4.47,4.46,4.47,87352.19
2026-07-13 15:50:00,4.47,4.47,4.47,4.47,3339.2
2026-07-13 15:55:00,4.47,4.47,4.47,4.47,35229.48
2026-07-13 16:00:00,4.47,4.48,4.47,4.48,155.15
2026-07-13 16:05:00,4.48,4.48,4.47,4.47,9560.27
2026-07-13 16:10:00,4.47,4.49,4.46,4.47,226350.39
2026-07-13 16:15:00,4.47,4.47,4.46,4.47,93136.82
2026-07-13 16:20:00,4.47,4.47,4.46,4.46,93432.51
2026-07-13 16:25:00,4.46,4.47,4.46,4.46,8966.02
2026-07-13 16:30:00,4.46,4.46,4.46,4.46,15972.72
2026-07-13 16:35:00,4.46,4.46,4.45,4.46,74426.29
2026-07-13 16:40:00,4.46,4.46,4.45,4.45,46972.03
2026-07-13 16:45:00,4.45,4.46,4.45,4.45,15612.12
2026-07-13 16:50:00,4.45,4.46,4.44,4.45,159992.28
2026-07-13 16:55:00,4.45,4.45,4.44,4.45,26970.24
2026-07-13 17:00:00,4.45,4.46,4.43,4.45,18263.6
2026-07-13 17:05:00,4.45,4.46,4.44,4.44,34256.02
2026-07-13 17:10:00,4.44,4.45,4.43,4.45,147208.29
2026-07-13 17:15:00,4.45,4.45,4.44,4.45,8232.64
2026-07-13 17:20:00,4.45,4.45,4.45,4.45,575.09
2026-07-13 17:25:00,4.45,4.45,4.44,4.45,37938.71
2026-07-13 17:30:00,4.45,4.45,4.44,4.44,10795.47
2026-07-13 17:35:00,4.44,4.45,4.44,4.45,5831.02
2026-07-13 17:40:00,4.45,4.45,4.44,4.45,51325.19
2026-07-13 17:45:00,4.45,4.46,4.45,4.45,171732.29
2026-07-13 17:50:00,4.45,4.46,4.44,4.45,139277.45
2026-07-13 17:55:00,4.45,4.45,4.45,4.45,16766.96
2026-07-13 18:00:00,4.45,4.46,4.45,4.45,26519.82
2026-07-13 18:05:00,4.45,4.45,4.45,4.45,86945.11
2026-07-13 18:10:00,4.45,4.45,4.45,4.45,73616.8
2026-07-13 18:15:00,4.45,4.46,4.45,4.46,21636.33
2026-07-13 18:20:00,4.46,4.47,4.45,4.47,131401.48
2026-07-13 18:25:00,4.47,4.49,4.46,4.46,115694.95
2026-07-13 18:30:00,4.46,4.47,4.46,4.46,16122.19
2026-07-13 18:35:00,4.46,4.46,4.45,4.46,1368.32
2026-07-13 18:40:00,4.46,4.46,4.45,4.45,21462.55
2026-07-13 18:45:00,4.45,4.46,4.45,4.45,60367.82
2026-07-13 18:50:00,4.45,4.45,4.44,4.45,137471.98
2026-07-13 18:55:00,4.45,4.46,4.44,4.46,9324.79
2026-07-13 19:00:00,4.46,4.47,4.46,4.46,119467.55
2026-07-13 19:05:00,4.46,4.47,4.46,4.46,67787.46
2026-07-13 19:10:00,4.46,4.47,4.46,4.46,121171.41
2026-07-13 19:15:00,4.46,4.47,4.46,4.46,26731.01
2026-07-13 19:20:00,4.46,4.48,4.46,4.48,90883.08
2026-07-13 19:25:00,4.48,4.48,4.48,4.48,38917.8
2026-07-13 19:30:00,4.48,4.48,4.47,4.47,223921.58
2026-07-13 19:35:00,4.47,4.47,4.46,4.47,59766.99
2026-07-13 19:40:00,4.47,4.47,4.46,4.47,46152.26
2026-07-13 19:45:00,4.47,4.47,4.46,4.47,23558.56
2026-07-13 19:50:00,4.47,4.47,4.45,4.46,49652.88
2026-07-13 19:55:00,4.46,4.46,4.46,4.46,2209.88
2026-07-13 20:00:00,4.46,4.46,4.45,4.46,7562.01
2026-07-13 20:05:00,4.46,4.46,4.45,4.46,77368.91
2026-07-13 20:10:00,4.46,4.46,4.45,4.45,41350.95
2026-07-13 20:15:00,4.45,4.45,4.45,4.45,61453.13
2026-07-13 20:20:00,4.45,4.45,4.44,4.45,7959.43
2026-07-13 20:25:00,4.45,4.45,4.45,4.45,21104.29
2026-07-13 20:30:00,4.45,4.46,4.45,4.45,68172.94
2026-07-13 20:35:00,4.45,4.46,4.45,4.45,7131.35
2026-07-13 20:40:00,4.45,4.46,4.45,4.45,1031.26
2026-07-13 20:45:00,4.45,4.45,4.44,4.44,50605.96
2026-07-13 20:50:00,4.44,4.46,4.43,4.45,72334.27
2026-07-13 20:55:00,4.45,4.45,4.45,4.45,9686.93
2026-07-13 21:00:00,4.45,4.46,4.45,4.45,20252.48
2026-07-13 21:05:00,4.45,4.46,4.45,4.45,7726.07
2026-07-13 21:10:00,4.45,4.46,4.44,4.44,18131.26
2026-07-13 21:15:00,4.44,4.45,4.44,4.44,12538.91
2026-07-13 21:20:00,4.44,4.46,4.43,4.46,98354.2
2026-07-13 21:25:00,4.46,4.46,4.45,4.46,100572.1
2026-07-13 21:30:00,4.46,4.46,4.46,4.46,30870.43
2026-07-13 21:35:00,4.46,4.46,4.45,4.46,49752.98
2026-07-13 21:40:00,4.46,4.47,4.45,4.46,16158.36
2026-07-13 21:45:00,4.46,4.47,4.45,4.46,16794.82
2026-07-13 21:50:00,4.46,4.46,4.45,4.46,77048.04
2026-07-13 21:55:00,4.46,4.46,4.45,4.46,177183.21
2026-07-13 22:00:00,4.46,4.46,4.45,4.46,26909.23
2026-07-13 22:05:00,4.46,4.46,4.46,4.46,23065.67
2026-07-13 22:10:00,4.46,4.46,4.46,4.46,9212.3
2026-07-13 22:15:00,4.46,4.46,4.46,4.46,75867.01
2026-07-13 22:20:00,4.46,4.46,4.46,4.46,37195.24
2026-07-13 22:25:00,4.46,4.47,4.45,4.45,5845.69
2026-07-13 22:30:00,4.45,4.46,4.45,4.45,131080.4
2026-07-13 22:35:00,4.45,4.46,4.45,4.45,46359.33
2026-07-13 22:40:00,4.45,4.46,4.45,4.45,10488.38
2026-07-13 22:45:00,4.45,4.46,4.45,4.45,52413.73
2026-07-13 22:50:00,4.45,4.46,4.44,4.44,15537.47
2026-07-13 22:55:00,4.44,4.44,4.44,4.44,152855.58
2026-07-13 23:00:00,4.44,4.45,4.44,4.45,57226.38
2026-07-13 23:05:00,4.45,4.45,4.44,4.44,28496.26
2026-07-13 23:10:00,4.44,4.46,4.43,4.45,374361.15
2026-07-13 23:15:00,4.45,4.46,4.45,4.46,163219.61
2026-07-13 23:20:00,4.46,4.46,4.45,4.46,228789.3
2026-07-13 23:25:00,4.46,4.47,4.46,4.46,53087.49
2026-07-13 23:30:00,4.46,4.46,4.46,4.46,39231.18
2026-07-13 23:35:00,4.46,4.48,4.46,4.47,30483.47
2026-07-13 23:40:00,4.47,4.48,4.46,4.47,12955.51
2026-07-13 23:45:00,4.47,4.47,4.46,4.46,262097.37
2026-07-13 23:50:00,4.46,4.47,4.46,4.46,9869.74
2026-07-13 23:55:00,4.46,4.47,4.46,4.47,140831.38
2026-07-14 00:00:00,4.47,4.47,4.46,4.47,44304.6
2026-07-14 00:05:00,4.47,4.48,4.45,4.45,141277.56
2026-07-14 00:10:00,4.45,4.46,4.45,4.45,13255.97
2026-07-14 00:15:00,4.45,4.46,4.44,4.46,45373.84
2026-07-14 00:20:00,4.46,4.46,4.45,4.45,74187.93
2026-07-14 00:25:00,4.45,4.46,4.45,4.46,4359.46
2026-07-14 00:30:00,4.46,4.46,4.45,4.45,48468.79
2026-07-14 00:35:00,4.45,4.45,4.45,4.45,59155.01
2026-07-14 00:40:00,4.45,4.45,4.44,4.45,88526.29
2026-07-14 00:45:00,4.45,4.45,4.44,4.45,27010.5
2026-07-14 00:50:00,4.45,4.46,4.43,4.45,45364.55
2026-07-14 00:55:00,4.45,4.46,4.45,4.46,763.76
2026-07-14 01:00:00,4.46,4.46,4.45,4.46,43102.92
2026-07-14 01:05:00,4.46,4.46,4.45,4.46,44966.86
2026-07-14 01:10:00,4.46,4.46,4.46,4.46,66746.58
2026-07-14 01:15:00,4.46,4.46,4.45,4.45,41081.28
2026-07-14 01:20:00,4.45,4.45,4.45,4.45,107897.14
2026-07-14 01:25:00,4.45,4.45,4.45,4.45,6101.31
2026-07-14 01:30:00,4.45,4.45,4.45,4.45,30322.58
2026-07-14 01:35:00,4.45,4.45,4.45,4.45,131683.15
2026-07-14 01:40:00,4.45,4.45,4.44,4.44,68260.09
2026-07-14 01:45:00,4.44,4.45,4.44,4.44,9637.48
2026-07-14 01:50:00,4.44,4.44,4.44,4.44,99407.19
2026-07-14 01:55:00,4.44,4.44,4.43,4.44,32336.24
2026-07-14 02:00:00,4.44,4.44,4.43,4.43,169672.96
2026-07-14 02:05:00,4.43,4.44,4.42,4.43,76306.93
2026-07-14 02:10:00,4.43,4.44,4.43,4.44,109722.4
2026-07-14 02:15:00,4.44,4.45,4.42,4.45,341607.5
2026-07-14 02:20:00,4.45,4.45,4.44,4.44,19101.19
2026-07-14 02:25:00,4.44,4.45,4.44,4.45,23234.98
2026-07-14 02:30:00,4.45,4.45,4.44,4.45,70602.22
2026-07-14 02:35:00,4.45,4.46,4.44,4.45,1091171.07
2026-07-14 02:40:00,4.45,4.46,4.45,4.46,10153.09
2026-07-14 02:45:00,4.46,4.46,4.45,4.45,7816.66
2026-07-14 02:50:00,4.45,4.46,4.45,4.46,16328.36
2026-07-14 02:55:00,4.46,4.46,4.46,4.46,45566.06
2026-07-14 03:00:00,4.46,4.46,4.46,4.46,9280.04
2026-07-14 03:05:00,4.46,4.46,4.45,4.46,120888.62
2026-07-14 03:10:00,4.46,4.47,4.45,4.46,92577.44
2026-07-14 03:15:00,4.46,4.46,4.46,4.46,21741.68
2026-07-14 03:20:00,4.46,4.46,4.46,4.46,8373.74
2026-07-14 03:25:00,4.46,4.47,4.45,4.45,87564.98
2026-07-14 03:30:00,4.45,4.46,4.45,4.45,13774.03
2026-07-14 03:35:00,4.45,4.46,4.45,4.45,8101.19
2026-07-14 03:40:00,4.45,4.45,4.44,4.45,43960.45
2026-07-14 03:45:00,4.45,4.45,4.43,4.43,214631.2
2026-07-14 03:50:00,4.43,4.44,4.43,4.44,123696.58
2026-07-14 03:55:00,4.44,4.45,4.43,4.45,324337.56
2026-07-14 04:00:00,4.45,4.45,4.44,4.45,36832.25
2026-07-14 04:05:00,4.45,4.45,4.44,4.45,37623.49
2026-07-14 04:10:00,4.45,4.46,4.45,4.46,58981.36
2026-07-14 04:15:00,4.46,4.47,4.45,4.46,27613.14
2026-07-14 04:20:00,4.46,4.47,4.46,4.46,50987.67
2026-07-14 04:25:00,4.46,4.47,4.46,4.46,13643.82
2026-07-14 04:30:00,4.46,4.46,4.45,4.46,84107.37
2026-07-14 04:35:00,4.46,4.46,4.45,4.46,142732.09
2026-07-14 04:40:00,4.46,4.46,4.45,4.46,88196.18
2026-07-14 04:45:00,4.46,4.46,4.45,4.46,31549.45
2026-07-14 04:50:00,4.46,4.46,4.46,4.46,159980.31
2026-07-14 04:55:00,4.46,4.47,4.46,4.47,69198.08
2026-07-14 05:00:00,4.47,4.47,4.46,4.46,69725.79
2026-07-14 05:05:00,4.46,4.47,4.46,4.46,144631.11
2026-07-14 05:10:00,4.46,4.47,4.46,4.46,17964.01
2026-07-14 05:15:00,4.46,4.46,4.46,4.46,3812.03
2026-07-14 05:20:00,4.46,4.47,4.46,4.46,41539.73
2026-07-14 05:25:00,4.46,4.46,4.46,4.46,13634.07
2026-07-14 05:30:00,4.46,4.47,4.45,4.45,15535.49
2026-07-14 05:35:00,4.45,4.46,4.45,4.45,21532.73
2026-07-14 05:40:00,4.45,4.46,4.45,4.46,15772.98
2026-07-14 05:45:00,4.46,4.47,4.46,4.46,30848.67
2026-07-14 05:50:00,4.46,4.47,4.46,4.47,36439.04
2026-07-14 05:55:00,4.47,4.48,4.47,4.48,37726.43
2026-07-14 06:00:00,4.48,4.49,4.48,4.48,88609.89
2026-07-14 06:05:00,4.48,4.49,4.47,4.48,31882.0
2026-07-14 06:10:00,4.48,4.48,4.47,4.48,28820.95
2026-07-14 06:15:00,4.48,4.48,4.47,4.47,221352.69
2026-07-14 06:20:00,4.47,4.49,4.46,4.46,101131.56
2026-07-14 06:25:00,4.46,4.47,4.46,4.46,2012.24
2026-07-14 06:30:00,4.46,4.47,4.45,4.45,20061.19
2026-07-14 06:35:00,4.45,4.46,4.45,4.46,21859.37
2026-07-14 06:40:00,4.46,4.46,4.45,4.45,7070.42
2026-07-14 06:45:00,4.45,4.45,4.45,4.45,1789.6
2026-07-14 06:50:00,4.45,4.47,4.45,4.46,1678.3
2026-07-14 06:55:00,4.46,4.46,4.46,4.46,19626.75
2026-07-14 07:00:00,4.46,4.47,4.45,4.47,21621.63
2026-07-14 07:05:00,4.47,4.49,4.45,4.46,415426.94
2026-07-14 07:10:00,4.46,4.46,4.45,4.45,5847.64
2026-07-14 07:15:00,4.45,4.46,4.45,4.45,5710.86
2026-07-14 07:20:00,4.45,4.46,4.45,4.45,32422.36
2026-07-14 07:25:00,4.45,4.46,4.45,4.46,15902.13
2026-07-14 07:30:00,4.46,4.46,4.45,4.45,8902.57
2026-07-14 07:35:00,4.45,4.46,4.44,4.45,17170.58
2026-07-14 07:40:00,4.45,4.46,4.45,4.46,35842.88
2026-07-14 07:45:00,4.46,4.47,4.46,4.47,16803.99
2026-07-14 07:50:00,4.47,4.48,4.46,4.47,32207.62
2026-07-14 07:55:00,4.47,4.47,4.46,4.46,11031.55
2026-07-14 08:00:00,4.46,4.47,4.46,4.47,10005.41
2026-07-14 08:05:00,4.47,4.49,4.46,4.46,106765.04
2026-07-14 08:10:00,4.46,4.46,4.44,4.45,42781.98
2026-07-14 08:15:00,4.45,4.46,4.44,4.44,147985.77
2026-07-14 08:20:00,4.44,4.44,4.44,4.44,104706.28
2026-07-14 08:25:00,4.44,4.45,4.43,4.43,40738.17
2026-07-14 08:30:00,4.43,4.43,4.43,4.43,95098.09
2026-07-14 08:35:00,4.43,4.44,4.42,4.44,48213.84
2026-07-14 08:40:00,4.44,4.44,4.44,4.44,4585.23
2026-07-14 08:45:00,4.44,4.45,4.43,4.44,8206.46
2026-07-14 08:50:00,4.44,4.44,4.42,4.44,175005.99
2026-07-14 08:55:00,4.44,4.45,4.44,4.44,226688.4
2026-07-14 09:00:00,4.44,4.44,4.44,4.44,10129.5
2026-07-14 09:05:00,4.44,4.45,4.44,4.44,9220.57
2026-07-14 09:10:00,4.44,4.44,4.43,4.44,5152.47
2026-07-14 09:15:00,4.44,4.44,4.43,4.43,50980.31
2026-07-14 09:20:00,4.43,4.43,4.43,4.43,106190.76
2026-07-14 09:25:00,4.43,4.43,4.42,4.43,11688.16
2026-07-14 09:30:00,4.43,4.44,4.42,4.43,202376.82
2026-07-14 09:35:00,4.43,4.45,4.41,4.45,40204.04
2026-07-14 09:40:00,4.45,4.45,4.43,4.44,58966.47
2026-07-14 09:45:00,4.44,4.44,4.43,4.43,35949.92
2026-07-14 09:50:00,4.43,4.44,4.43,4.43,9674.22
2026-07-14 09:55:00,4.43,4.44,4.42,4.43,61015.55
2026-07-14 10:00:00,4.43,4.44,4.42,4.44,182877.92
2026-07-14 10:05:00,4.44,4.44,4.44,4.44,48901.6
2026-07-14 10:10:00,4.44,4.44,4.43,4.44,17813.1
2026-07-14 10:15:00,4.44,4.44,4.43,4.43,18876.13
2026-07-14 10:20:00,4.43,4.43,4.42,4.43,65459.82
2026-07-14 10:25:00,4.43,4.44,4.43,4.44,156584.52
2026-07-14 10:30:00,4.44,4.44,4.43,4.43,48551.14
2026-07-14 10:35:00,4.43,4.44,4.43,4.44,80612.02
2026-07-14 10:40:00,4.44,4.46,4.43,4.45,4508.76
2026-07-14 10:45:00,4.45,4.45,4.45,4.45,5267.31
2026-07-14 10:50:00,4.45,4.46,4.44,4.46,41160.11
2026-07-14 10:55:00,4.46,4.47,4.45,4.46,103627.85
2026-07-14 11:00:00,4.46,4.46,4.45,4.46,48400.23
2026-07-14 11:05:00,4.46,4.47,4.46,4.46,86429.83
2026-07-14 11:10:00,4.46,4.46,4.45,4.45,84601.25
2026-07-14 11:15:00,4.45,4.46,4.45,4.46,16684.95
2026-07-14 11:20:00,4.46,4.46,4.45,4.46,68679.46
2026-07-14 11:25:00,4.46,4.46,4.45,4.46,171380.9
2026-07-14 11:30:00,4.46,4.47,4.45,4.46,41375.22
2026-07-14 11:35:00,4.46,4.47,4.46,4.47,59857.68
2026-07-14 11:40:00,4.47,4.47,4.47,4.47,95032.51
2026-07-14 11:45:00,4.47,4.49,4.46,4.47,65261.56
2026-07-14 11:50:00,4.47,4.47,4.46,4.46,247.44
2026-07-14 11:55:00,4.46,4.47,4.46,4.47,80018.47
2026-07-14 12:00:00,4.47,4.49,4.46,4.48,93162.86
2026-07-14 12:05:00,4.48,4.48,4.47,4.48,9686.34
2026-07-14 12:10:00,4.48,4.48,4.47,4.48,28758.24
2026-07-14 12:15:00,4.48,4.49,4.47,4.47,59552.37
2026-07-14 12:20:00,4.47,4.48,4.46,4.46,208969.7
2026-07-14 12:25:00,4.46,4.46,4.45,4.46,4017.33
2026-07-14 12:30:00,4.46,4.46,4.45,4.46,42092.91
2026-07-14 12:35:00,4.46,4.47,4.45,4.46,13876.62
2026-07-14 12:40:00,4.46,4.48,4.45,4.45,22819.23
2026-07-14 12:45:00,4.45,4.45,4.44,4.45,52544.46
2026-07-14 12:50:00,4.45,4.46,4.45,4.46,77305.91
2026-07-14 12:55:00,4.46,4.47,4.45,4.45,10427.15
2026-07-14 13:00:00,4.45,4.45,4.45,4.45,29920.9
2026-07-14 13:05:00,4.45,4.46,4.45,4.45,130452.74
2026-07-14 13:10:00,4.45,4.46,4.45,4.45,151793.12
2026-07-14 13:15:00,4.45,4.45,4.44,4.44,47372.47
2026-07-14 13:20:00,4.44,4.45,4.44,4.44,89473.17
2026-07-14 13:25:00,4.44,4.45,4.44,4.45,26952.6
2026-07-14 13:30:00,4.45,4.45,4.45,4.45,13512.61
2026-07-14 13:35:00,4.45,4.45,4.45,4.45,30828.43
2026-07-14 13:40:00,4.45,4.45,4.44,4.45,5602.93
2026-07-14 13:45:00,4.45,4.47,4.45,4.47,26210.68
2026-07-14 13:50:00,4.47,4.47,4.46,4.47,40337.48
2026-07-14 13:55:00,4.47,4.48,4.47,4.48,214953.71
2026-07-14 14:00:00,4.48,4.5,4.47,4.47,686260.86
2026-07-14 14:05:00,4.47,4.47,4.47,4.47,17527.9
2026-07-14 14:10:00,4.47,4.48,4.47,4.47,21011.1
2026-07-14 14:15:00,4.47,4.48,4.46,4.46,39455.18
2026-07-14 14:20:00,4.46,4.47,4.46,4.46,36203.03
2026-07-14 14:25:00,4.46,4.47,4.46,4.46,23895.61
2026-07-14 14:30:00,4.46,4.47,4.46,4.46,6216.93
2026-07-14 14:35:00,4.46,4.47,4.46,4.46,14976.7
2026-07-14 14:40:00,4.46,4.46,4.45,4.45,27061.0
2026-07-14 14:45:00,4.45,4.46,4.45,4.46,175379.58
2026-07-14 14:50:00,4.46,4.46,4.45,4.46,82598.13
2026-07-14 14:55:00,4.46,4.46,4.46,4.46,33130.16
2026-07-14 15:00:00,4.46,4.47,4.46,4.47,3548.39
2026-07-14 15:05:00,4.47,4.48,4.45,4.45,123913.9
2026-07-14 15:10:00,4.45,4.46,4.45,4.45,24134.4
2026-07-14 15:15:00,4.45,4.46,4.45,4.45,50006.61
2026-07-14 15:20:00,4.45,4.46,4.44,4.45,31387.45
2026-07-14 15:25:00,4.45,4.46,4.45,4.45,73141.31
2026-07-14 15:30:00,4.45,4.46,4.45,4.46,262362.94
2026-07-14 15:35:00,4.46,4.46,4.45,4.45,63015.42
2026-07-14 15:40:00,4.45,4.46,4.45,4.45,23910.82
2026-07-14 15:45:00,4.45,4.46,4.45,4.46,17404.29
2026-07-14 15:50:00,4.46,4.46,4.45,4.45,117917.47
2026-07-14 15:55:00,4.45,4.46,4.45,4.46,56208.84
2026-07-14 16:00:00,4.46,4.46,4.44,4.45,13231.23
2026-07-14 16:05:00,4.45,4.45,4.45,4.45,22283.89
2026-07-14 16:10:00,4.45,4.45,4.45,4.45,22651.6
2026-07-14 16:15:00,4.45,4.45,4.45,4.45,76504.08
2026-07-14 16:20:00,4.45,4.46,4.44,4.44,15708.95
2026-07-14 16:25:00,4.44,4.45,4.44,4.44,26926.38
2026-07-14 16:30:00,4.44,4.44,4.44,4.44,10222.64
2026-07-14 16:35:00,4.44,4.44,4.44,4.44,89886.15
2026-07-14 16:40:00,4.44,4.44,4.44,4.44,81958.96
2026-07-14 16:45:00,4.44,4.45,4.44,4.44,109834.11
2026-07-14 16:50:00,4.44,4.44,4.43,4.43,12823.49
2026-07-14 16:55:00,4.43,4.44,4.42,4.43,15608.6
2026-07-14 17:00:00,4.43,4.44,4.43,4.43,55973.21
2026-07-14 17:05:00,4.43,4.44,4.42,4.42,21826.25
2026-07-14 17:10:00,4.42,4.43,4.41,4.42,599870.05
2026-07-14 17:15:00,4.42,4.43,4.42,4.42,19150.85
2026-07-14 17:20:00,4.42,4.42,4.42,4.42,16796.43
2026-07-14 17:25:00,4.42,4.42,4.42,4.42,47174.98
2026-07-14 17:30:00,4.42,4.43,4.4,4.43,231511.85
2026-07-14 17:35:00,4.43,4.43,4.42,4.43,37292.98
2026-07-14 17:40:00,4.43,4.44,4.41,4.44,55899.46
2026-07-14 17:45:00,4.44,4.45,4.43,4.45,10603.78
2026-07-14 17:50:00,4.45,4.46,4.43,4.45,430673.0
2026-07-14 17:55:00,4.45,4.46,4.45,4.46,87399.53
2026-07-14 18:00:00,4.46,4.46,4.46,4.46,108720.64
2026-07-14 18:05:00,4.46,4.46,4.45,4.46,17822.72
2026-07-14 18:10:00,4.46,4.46,4.46,4.46,26076.51
2026-07-14 18:15:00,4.46,4.47,4.46,4.47,112990.0
2026-07-14 18:20:00,4.47,4.48,4.45,4.46,258495.06
2026-07-14 18:25:00,4.46,4.46,4.45,4.46,76436.69
2026-07-14 18:30:00,4.46,4.46,4.45,4.45,36399.78
2026-07-14 18:35:00,4.45,4.45,4.44,4.44,41347.16
2026-07-14 18:40:00,4.44,4.45,4.43,4.44,52423.09
2026-07-14 18:45:00,4.44,4.44,4.43,4.44,10733.84
2026-07-14 18:50:00,4.44,4.44,4.43,4.44,14019.94
2026-07-14 18:55:00,4.44,4.45,4.44,4.45,46796.48
2026-07-14 19:00:00,4.45,4.45,4.44,4.45,9701.48
2026-07-14 19:05:00,4.45,4.46,4.43,4.46,119177.08
2026-07-14 19:10:00,4.46,4.47,4.46,4.46,67581.92
2026-07-14 19:15:00,4.46,4.48,4.46,4.47,112574.28
2026-07-14 19:20:00,4.47,4.47,4.46,4.46,3577.95
2026-07-14 19:25:00,4.46,4.46,4.46,4.46,19223.77
2026-07-14 19:30:00,4.46,4.47,4.45,4.46,42732.76
2026-07-14 19:35:00,4.46,4.48,4.45,4.45,50341.38
2026-07-14 19:40:00,4.45,4.45,4.45,4.45,23053.17
2026-07-14 19:45:00,4.45,4.46,4.45,4.46,3134.65
2026-07-14 19:50:00,4.46,4.46,4.45,4.45,16536.58
2026-07-14 19:55:00,4.45,4.45,4.44,4.45,153150.78
2026-07-14 20:00:00,4.45,4.46,4.45,4.46,71904.55
2026-07-14 20:05:00,4.46,4.46,4.45,4.46,16214.81
2026-07-14 20:10:00,4.46,4.46,4.46,4.46,5196.24
2026-07-14 20:15:00,4.46,4.46,4.45,4.45,167917.45
2026-07-14 20:20:00,4.45,4.46,4.45,4.46,10117.0
2026-07-14 20:25:00,4.46,4.46,4.45,4.46,5972.71
2026-07-14 20:30:00,4.46,4.46,4.45,4.46,13804.53
2026-07-14 20:35:00,4.46,4.47,4.46,4.47,21385.41
2026-07-14 20:40:00,4.47,4.47,4.46,4.46,55260.47
2026-07-14 20:45:00,4.46,4.47,4.46,4.46,17496.15
2026-07-14 20:50:00,4.46,4.47,4.46,4.46,68006.36
2026-07-14 20:55:00,4.46,4.46,4.46,4.46,81669.62
2026-07-14 21:00:00,4.46,4.48,4.45,4.45,526031.02
2026-07-14 21:05:00,4.45,4.46,4.45,4.46,98351.2
2026-07-14 21:10:00,4.46,4.46,4.46,4.46,58826.4
2026-07-14 21:15:00,4.46,4.46,4.45,4.45,46330.64
2026-07-14 21:20:00,4.45,4.45,4.45,4.45,54481.14
2026-07-14 21:25:00,4.45,4.45,4.44,4.45,1570.73
2026-07-14 21:30:00,4.45,4.45,4.44,4.44,65315.42
2026-07-14 21:35:00,4.44,4.45,4.44,4.44,10231.71
2026-07-14 21:40:00,4.44,4.45,4.44,4.44,21270.28
2026-07-14 21:45:00,4.44,4.45,4.44,4.44,102317.08
2026-07-14 21:50:00,4.44,4.45,4.44,4.45,25348.84
2026-07-14 21:55:00,4.45,4.45,4.44,4.45,10132.91
2026-07-14 22:00:00,4.45,4.46,4.45,4.45,45281.37
2026-07-14 22:05:00,4.45,4.45,4.44,4.44,43127.89
2026-07-14 22:10:00,4.44,4.45,4.43,4.44,172989.53
2026-07-14 22:15:00,4.44,4.44,4.43,4.44,179317.6
2026-07-14 22:20:00,4.44,4.44,4.43,4.44,71787.33
2026-07-14 22:25:00,4.44,4.44,4.43,4.43,59555.63
2026-07-14 22:30:00,4.43,4.43,4.42,4.43,28379.76
2026-07-14 22:35:00,4.43,4.43,4.42,4.42,79074.38
2026-07-14 22:40:00,4.42,4.43,4.42,4.42,24260.18
2026-07-14 22:45:00,4.42,4.43,4.41,4.43,176323.31
2026-07-14 22:50:00,4.43,4.44,4.42,4.44,42235.39
2026-07-14 22:55:00,4.44,4.45,4.44,4.44,76885.58
2026-07-14 23:00:00,4.44,4.45,4.44,4.44,19654.98
2026-07-14 23:05:00,4.44,4.45,4.44,4.44,83169.06
2026-07-14 23:10:00,4.44,4.44,4.44,4.44,35234.87
2026-07-14 23:15:00,4.44,4.45,4.44,4.44,10296.55
2026-07-14 23:20:00,4.44,4.45,4.44,4.45,154764.55
2026-07-14 23:25:00,4.45,4.45,4.44,4.45,29401.79
2026-07-14 23:30:00,4.45,4.45,4.44,4.45,88199.74
2026-07-14 23:35:00,4.45,4.45,4.45,4.45,7238.67
2026-07-14 23:40:00,4.45,4.45,4.44,4.45,11769.52
2026-07-14 23:45:00,4.45,4.45,4.45,4.45,64933.9
2026-07-14 23:50:00,4.45,4.45,4.44,4.45,46805.44
2026-07-14 23:55:00,4.45,4.45,4.45,4.45,54872.93
2026-07-15 00:00:00,4.45,4.45,4.44,4.44,9178.59
2026-07-15 00:05:00,4.44,4.44,4.44,4.44,11843.93
2026-07-15 00:10:00,4.44,4.45,4.44,4.44,135941.72
2026-07-15 00:15:00,4.44,4.45,4.44,4.44,30058.74
2026-07-15 00:20:00,4.44,4.45,4.44,4.44,40569.8
2026-07-15 00:25:00,4.44,4.44,4.44,4.44,1020.28
2026-07-15 00:30:00,4.44,4.44,4.44,4.44,26966.48
2026-07-15 00:35:00,4.44,4.44,4.43,4.44,60741.48
2026-07-15 00:40:00,4.44,4.44,4.43,4.44,6168.97
2026-07-15 00:45:00,4.44,4.44,4.44,4.44,38707.71
2026-07-15 00:50:00,4.44,4.45,4.43,4.44,4558.12
2026-07-15 00:55:00,4.44,4.44,4.43,4.43,225646.86
2026-07-15 01:00:00,4.43,4.44,4.43,4.44,51792.28
2026-07-15 01:05:00,4.44,4.44,4.43,4.44,38428.84
2026-07-15 01:10:00,4.44,4.44,4.44,4.44,38299.91
2026-07-15 01:15:00,4.44,4.45,4.44,4.45,8842.4
2026-07-15 01:20:00,4.45,4.45,4.44,4.44,38810.43
2026-07-15 01:25:00,4.44,4.45,4.43,4.44,87675.23
2026-07-15 01:30:00,4.44,4.44,4.43,4.43,341.47
2026-07-15 01:35:00,4.43,4.44,4.43,4.43,15332.4
2026-07-15 01:40:00,4.43,4.44,4.42,4.42,17629.36
2026-07-15 01:45:00,4.42,4.43,4.41,4.41,1806.88
2026-07-15 01:50:00,4.41,4.42,4.4,4.42,19900.68
2026-07-15 01:55:00,4.42,4.44,4.41,4.43,143333.21
2026-07-15 02:00:00,4.43,4.44,4.43,4.44,84842.09
2026-07-15 02:05:00,4.44,4.44,4.43,4.44,13050.23
2026-07-15 02:10:00,4.44,4.44,4.43,4.43,12104.54
2026-07-15 02:15:00,4.43,4.44,4.42,4.43,14691.45
2026-07-15 02:20:00,4.43,4.43,4.42,4.42,58459.84
2026-07-15 02:25:00,4.42,4.44,4.42,4.44,67680.78
2026-07-15 02:30:00,4.44,4.44,4.44,4.44,48360.97
2026-07-15 02:35:00,4.44,4.45,4.44,4.44,49310.27
2026-07-15 02:40:00,4.44,4.44,4.44,4.44,50146.54
2026-07-15 02:45:00,4.44,4.44,4.44,4.44,145698.65
2026-07-15 02:50:00,4.44,4.44,4.43,4.43,22316.14
2026-07-15 02:55:00,4.43,4.45,4.43,4.44,56534.51
2026-07-15 03:00:00,4.44,4.45,4.44,4.44,20697.29
2026-07-15 03:05:00,4.44,4.46,4.44,4.45,37082.23
2026-07-15 03:10:00,4.45,4.45,4.45,4.45,47171.21
2026-07-15 03:15:00,4.45,4.46,4.45,4.45,40422.7
2026-07-15 03:20:00,4.45,4.45,4.45,4.45,47846.85
2026-07-15 03:25:00,4.45,4.46,4.45,4.45,85802.14
2026-07-15 03:30:00,4.45,4.46,4.45,4.45,16046.93
2026-07-15 03:35:00,4.45,4.46,4.45,4.45,3207.17
2026-07-15 03:40:00,4.45,4.47,4.44,4.45,78476.32
2026-07-15 03:45:00,4.45,4.45,4.44,4.44,49327.37
2026-07-15 03:50:00,4.44,4.45,4.43,4.43,57601.41
2026-07-15 03:55:00,4.43,4.43,4.43,4.43,150047.8
2026-07-15 04:00:00,4.43,4.43,4.43,4.43,4505.98
2026-07-15 04:05:00,4.43,4.44,4.43,4.44,113853.09
2026-07-15 04:10:00,4.44,4.44,4.43,4.43,102803.15
2026-07-15 04:15:00,4.43,4.43,4.42,4.42,22007.52
2026-07-15 04:20:00,4.42,4.43,4.42,4.42,203088.95
2026-07-15 04:25:00,4.42,4.43,4.42,4.42,21804.69
2026-07-15 04:30:00,4.42,4.42,4.41,4.42,391084.43
2026-07-15 04:35:00,4.42,4.44,4.42,4.44,43519.09
2026-07-15 04:40:00,4.44,4.45,4.43,4.44,141779.02
2026-07-15 04:45:00,4.44,4.45,4.43,4.43,133973.43
2026-07-15 04:50:00,4.43,4.43,4.43,4.43,62779.96
2026-07-15 04:55:00,4.43,4.44,4.43,4.44,72467.21
2026-07-15 05:00:00,4.44,4.44,4.43,4.44,16928.01
2026-07-15 05:05:00,4.44,4.44,4.43,4.44,128073.89
2026-07-15 05:10:00,4.44,4.46,4.44,4.45,125601.39
2026-07-15 05:15:00,4.45,4.47,4.44,4.45,2887.66
2026-07-15 05:20:00,4.45,4.46,4.43,4.44,105399.62
2026-07-15 05:25:00,4.44,4.45,4.43,4.45,2707.76
2026-07-15 05:30:00,4.45,4.45,4.44,4.45,107393.76
2026-07-15 05:35:00,4.45,4.46,4.45,4.45,19067.15
2026-07-15 05:40:00,4.45,4.47,4.45,4.46,175958.11
2026-07-15 05:45:00,4.46,4.47,4.45,4.46,120542.27
2026-07-15 05:50:00,4.46,4.47,4.45,4.46,216638.86
2026-07-15 05:55:00,4.46,4.46,4.45,4.45,1858.8
2026-07-15 06:00:00,4.45,4.45,4.45,4.45,51497.84
2026-07-15 06:05:00,4.45,4.46,4.44,4.45,23526.53
2026-07-15 06:10:00,4.45,4.46,4.43,4.43,79526.68
2026-07-15 06:15:00,4.43,4.44,4.43,4.43,82746.83
2026-07-15 06:20:00,4.43,4.43,4.43,4.43,73047.93
2026-07-15 06:25:00,4.43,4.43,4.42,4.43,20753.9
2026-07-15 06:30:00,4.43,4.43,4.42,4.42,35337.65
2026-07-15 06:35:00,4.42,4.42,4.41,4.41,156811.56
2026-07-15 06:40:00,4.41,4.43,4.39,4.42,223140.94
2026-07-15 06:45:00,4.42,4.43,4.42,4.42,40718.47
2026-07-15 06:50:00,4.42,4.42,4.42,4.42,56622.62
2026-07-15 06:55:00,4.42,4.42,4.42,4.42,121113.7
2026-07-15 07:00:00,4.42,4.43,4.42,4.42,33569.3
2026-07-15 07:05:00,4.42,4.43,4.42,4.43,204790.45
2026-07-15 07:10:00,4.43,4.44,4.42,4.43,17444.89
2026-07-15 07:15:00,4.43,4.43,4.43,4.43,57506.25
2026-07-15 07:20:00,4.43,4.43,4.42,4.42,197567.08
2026-07-15 07:25:00,4.42,4.42,4.42,4.42,44268.94
2026-07-15 07:30:00,4.42,4.42,4.41,4.42,11196.87
2026-07-15 07:35:00,4.42,4.42,4.41,4.41,12029.78
2026-07-15 07:40:00,4.41,4.42,4.4,4.4,154353.21
2026-07-15 07:45:00,4.4,4.41,4.39,4.41,173227.15
2026-07-15 07:50:00,4.41,4.42,4.4,4.41,62845.53
2026-07-15 07:55:00,4.41,4.41,4.4,4.41,79858.62
2026-07-15 08:00:00,4.41,4.42,4.39,4.41,58206.15
2026-07-15 08:05:00,4.41,4.42,4.41,4.42,12624.61
2026-07-15 08:10:00,4.42,4.42,4.41,4.42,51007.92
2026-07-15 08:15:00,4.42,4.42,4.4,4.42,17358.95
2026-07-15 08:20:00,4.42,4.42,4.42,4.42,48754.61
2026-07-15 08:25:00,4.42,4.42,4.41,4.41,9455.95
2026-07-15 08:30:00,4.41,4.42,4.39,4.42,50050.74
2026-07-15 08:35:00,4.42,4.42,4.41,4.41,111565.79
2026-07-15 08:40:00,4.41,4.42,4.41,4.42,75525.22
2026-07-15 08:45:00,4.42,4.43,4.42,4.43,203218.02
2026-07-15 08:50:00,4.43,4.43,4.43,4.43,2967.44
2026-07-15 08:55:00,4.43,4.43,4.42,4.42,22044.04
2026-07-15 09:00:00,4.42,4.43,4.42,4.42,13839.92
2026-07-15 09:05:00,4.42,4.42,4.42,4.42,70400.46
2026-07-15 09:10:00,4.42,4.42,4.41,4.41,56196.12
2026-07-15 09:15:00,4.41,4.42,4.41,4.41,32581.45
2026-07-15 09:20:00,4.41,4.42,4.39,4.41,152563.59
2026-07-15 09:25:00,4.41,4.43,4.41,4.43,447234.87
2026-07-15 09:30:00,4.43,4.43,4.42,4.43,22782.47
2026-07-15 09:35:00,4.43,4.43,4.42,4.43,51052.1
2026-07-15 09:40:00,4.43,4.43,4.42,4.43,22602.72
2026-07-15 09:45:00,4.43,4.43,4.43,4.43,12614.05
2026-07-15 09:50:00,4.43,4.43,4.42,4.43,57371.99
2026-07-15 09:55:00,4.43,4.43,4.43,4.43,11811.11
2026-07-15 10:00:00,4.43,4.43,4.43,4.43,24810.06
2026-07-15 10:05:00,4.43,4.44,4.43,4.43,20360.66
2026-07-15 10:10:00,4.43,4.45,4.42,4.44,128766.26
2026-07-15 10:15:00,4.44,4.46,4.44,4.45,148026.59
2026-07-15 10:20:00,4.45,4.45,4.44,4.45,36001.58
2026-07-15 10:25:00,4.45,4.45,4.45,4.45,970.43
2026-07-15 10:30:00,4.45,4.46,4.45,4.46,100634.98
2026-07-15 10:35:00,4.46,4.47,4.45,4.45,167324.92
2026-07-15 10:40:00,4.45,4.45,4.45,4.45,216329.13
2026-07-15 10:45:00,4.45,4.46,4.44,4.46,4732.23
2026-07-15 10:50:00,4.46,4.46,4.45,4.46,127742.46
2026-07-15 10:55:00,4.46,4.47,4.46,4.46,73034.48
2026-07-15 11:00:00,4.46,4.47,4.45,4.46,12917.23
2026-07-15 11:05:00,4.46,4.47,4.46,4.47,7249.71
2026-07-15 11:10:00,4.47,4.49,4.46,4.46,11549.93
2026-07-15 11:15:00,4.46,4.46,4.45,4.46,9926.98
2026-07-15 11:20:00,4.46,4.47,4.44,4.45,197407.64
2026-07-15 11:25:00,4.45,4.45,4.45,4.45,17125.92
2026-07-15 11:30:00,4.45,4.45,4.44,4.45,19562.49
2026-07-15 11:35:00,4.45,4.45,4.45,4.45,32667.49
2026-07-15 11:40:00,4.45,4.46,4.45,4.45,96798.88
2026-07-15 11:45:00,4.45,4.46,4.45,4.46,6138.4
2026-07-15 11:50:00,4.46,4.46,4.46,4.46,41047.26
2026-07-15 11:55:00,4.46,4.46,4.45,4.46,42951.14
2026-07-15 12:00:00,4.46,4.46,4.46,4.46,8307.57
2026-07-15 12:05:00,4.46,4.46,4.45,4.46,176700.19
2026-07-15 12:10:00,4.46,4.46,4.45,4.45,93085.9
2026-07-15 12:15:00,4.45,4.45,4.45,4.45,43611.8
2026-07-15 12:20:00,4.45,4.45,4.44,4.45,28930.67
2026-07-15 12:25:00,4.45,4.45,4.44,4.44,15392.33
2026-07-15 12:30:00,4.44,4.45,4.44,4.44,42164.87
2026-07-15 12:35:00,4.44,4.44,4.44,4.44,132731.59
2026-07-15 12:40:00,4.44,4.44,4.43,4.44,47319.09
2026-07-15 12:45:00,4.44,4.44,4.43,4.43,12450.61
2026-07-15 12:50:00,4.43,4.44,4.43,4.43,41148.66
2026-07-15 12:55:00,4.43,4.44,4.43,4.43,26396.23
2026-07-15 13:00:00,4.43,4.43,4.43,4.43,71458.03
2026-07-15 13:05:00,4.43,4.44,4.43,4.43,46036.57
2026-07-15 13:10:00,4.43,4.44,4.43,4.44,17939.77
2026-07-15 13:15:00,4.44,4.44,4.43,4.44,36357.67
2026-07-15 13:20:00,4.44,4.44,4.44,4.44,72572.54
2026-07-15 13:25:00,4.44,4.44,4.43,4.44,49467.35
2026-07-15 13:30:00,4.44,4.44,4.43,4.43,75534.96
2026-07-15 13:35:00,4.43,4.44,4.43,4.43,450.71
2026-07-15 13:40:00,4.43,4.44,4.43,4.44,33961.44
2026-07-15 13:45:00,4.44,4.44,4.43,4.43,49825.97
2026-07-15 13:50:00,4.43,4.44,4.43,4.44,34312.61
2026-07-15 13:55:00,4.44,4.44,4.43,4.44,234529.0
2026-07-15 14:00:00,4.44,4.44,4.43,4.43,6610.66
2026-07-15 14:05:00,4.43,4.43,4.43,4.43,6196.27
2026-07-15 14:10:00,4.43,4.43,4.43,4.43,255.98
2026-07-15 14:15:00,4.43,4.44,4.43,4.43,80071.05
2026-07-15 14:20:00,4.43,4.43,4.43,4.43,44556.21
2026-07-15 14:25:00,4.43,4.43,4.43,4.43,51617.11
2026-07-15 14:30:00,4.43,4.44,4.43,4.43,11960.56
2026-07-15 14:35:00,4.43,4.44,4.43,4.43,83553.61
2026-07-15 14:40:00,4.43,4.44,4.43,4.44,65165.3
2026-07-15 14:45:00,4.44,4.44,4.44,4.44,39834.04
2026-07-15 14:50:00,4.44,4.44,4.43,4.43,58205.08
2026-07-15 14:55:00,4.43,4.43,4.43,4.43,14033.44
2026-07-15 15:00:00,4.43,4.43,4.42,4.42,215373.26
2026-07-15 15:05:00,4.42,4.43,4.42,4.42,18536.7
2026-07-15 15:10:00,4.42,4.42,4.42,4.42,17570.19
2026-07-15 15:15:00,4.42,4.43,4.41,4.43,132370.85
2026-07-15 15:20:00,4.43,4.44,4.43,4.44,65418.49
2026-07-15 15:25:00,4.44,4.44,4.44,4.44,65486.88
2026-07-15 15:30:00,4.44,4.44,4.44,4.44,42157.12
2026-07-15 15:35:00,4.44,4.45,4.44,4.44,205789.69
2026-07-15 15:40:00,4.44,4.45,4.44,4.45,29053.28
2026-07-15 15:45:00,4.45,4.46,4.45,4.45,405.16
2026-07-15 15:50:00,4.45,4.45,4.45,4.45,70779.89
2026-07-15 15:55:00,4.45,4.46,4.45,4.46,47210.83
2026-07-15 16:00:00,4.46,4.46,4.45,4.46,152120.49
2026-07-15 16:05:00,4.46,4.46,4.45,4.46,14132.17
2026-07-15 16:10:00,4.46,4.46,4.46,4.46,54237.14
2026-07-15 16:15:00,4.46,4.46,4.45,4.46,152609.64
2026-07-15 16:20:00,4.46,4.46,4.45,4.46,68769.78
2026-07-15 16:25:00,4.46,4.46,4.45,4.45,127130.35
2026-07-15 16:30:00,4.45,4.45,4.45,4.45,81800.11
2026-07-15 16:35:00,4.45,4.45,4.44,4.44,71644.98
2026-07-15 16:40:00,4.44,4.45,4.44,4.45,1000.18
2026-07-15 16:45:00,4.45,4.45,4.44,4.45,45383.36
2026-07-15 16:50:00,4.45,4.45,4.44,4.45,45900.17
2026-07-15 16:55:00,4.45,4.45,4.44,4.45,648.99
2026-07-15 17:00:00,4.45,4.45,4.44,4.44,32691.26
2026-07-15 17:05:00,4.44,4.44,4.44,4.44,3626.25
2026-07-15 17:10:00,4.44,4.45,4.44,4.45,23518.54
2026-07-15 17:15:00,4.45,4.45,4.44,4.45,43961.74
2026-07-15 17:20:00,4.45,4.45,4.43,4.44,109444.58
2026-07-15 17:25:00,4.44,4.45,4.43,4.43,53077.78
2026-07-15 17:30:00,4.43,4.43,4.42,4.42,27917.45
2026-07-15 17:35:00,4.42,4.43,4.42,4.43,30248.11
2026-07-15 17:40:00,4.43,4.44,4.42,4.43,86888.14
2026-07-15 17:45:00,4.43,4.44,4.42,4.43,4106.64
2026-07-15 17:50:00,4.43,4.43,4.43,4.43,161830.99
2026-07-15 17:55:00,4.43,4.43,4.43,4.43,35239.42
2026-07-15 18:00:00,4.43,4.44,4.42,4.42,89894.88
2026-07-15 18:05:00,4.42,4.43,4.41,4.43,253551.35
2026-07-15 18:10:00,4.43,4.43,4.43,4.43,39394.68
2026-07-15 18:15:00,4.43,4.44,4.43,4.43,19644.49
2026-07-15 18:20:00,4.43,4.44,4.43,4.44,59552.51
2026-07-15 18:25:00,4.44,4.44,4.43,4.44,30696.79
2026-07-15 18:30:00,4.44,4.44,4.43,4.44,20876.05
2026-07-15 18:35:00,4.44,4.44,4.43,4.44,79352.74
2026-07-15 18:40:00,4.44,4.44,4.43,4.44,101056.86
2026-07-15 18:45:00,4.44,4.45,4.44,4.44,20514.44
2026-07-15 18:50:00,4.44,4.45,4.44,4.44,4958.69
2026-07-15 18:55:00,4.44,4.45,4.44,4.45,7966.26
2026-07-15 19:00:00,4.45,4.46,4.45,4.45,11122.8
2026-07-15 19:05:00,4.45,4.46,4.45,4.46,10943.79
2026-07-15 19:10:00,4.46,4.46,4.46,4.46,27399.22
2026-07-15 19:15:00,4.46,4.47,4.45,4.46,41749.95
2026-07-15 19:20:00,4.46,4.47,4.45,4.45,116594.48
2026-07-15 19:25:00,4.45,4.45,4.45,4.45,156570.94
2026-07-15 19:30:00,4.45,4.45,4.44,4.44,149585.08
2026-07-15 19:35:00,4.44,4.45,4.44,4.45,2661.38
2026-07-15 19:40:00,4.45,4.45,4.44,4.45,102160.33
2026-07-15 19:45:00,4.45,4.46,4.45,4.46,54847.09
2026-07-15 19:50:00,4.46,4.46,4.45,4.45,78561.99
2026-07-15 19:55:00,4.45,4.46,4.44,4.45,106840.24
2026-07-15 20:00:00,4.45,4.45,4.44,4.45,7339.03
2026-07-15 20:05:00,4.45,4.45,4.44,4.45,113545.6
2026-07-15 20:10:00,4.45,4.45,4.44,4.44,4992.92
2026-07-15 20:15:00,4.44,4.44,4.44,4.44,14888.74
2026-07-15 20:20:00,4.44,4.44,4.44,4.44,80638.64
2026-07-15 20:25:00,4.44,4.44,4.44,4.44,13412.46
2026-07-15 20:30:00,4.44,4.45,4.44,4.45,14029.08
2026-07-15 20:35:00,4.45,4.46,4.44,4.45,54814.67
2026-07-15 20:40:00,4.45,4.46,4.45,4.46,11557.34
2026-07-15 20:45:00,4.46,4.46,4.45,4.45,19814.6
2026-07-15 20:50:00,4.45,4.45,4.44,4.44,95441.78
2026-07-15 20:55:00,4.44,4.45,4.44,4.44,30992.3
2026-07-15 21:00:00,4.44,4.44,4.44,4.44,44103.32
2026-07-15 21:05:00,4.44,4.44,4.44,4.44,16446.01
2026-07-15 21:10:00,4.44,4.44,4.43,4.43,187144.46
2026-07-15 21:15:00,4.43,4.43,4.43,4.43,47592.65
2026-07-15 21:20:00,4.43,4.44,4.43,4.43,3751.93
2026-07-15 21:25:00,4.43,4.43,4.43,4.43,42368.53
2026-07-15 21:30:00,4.43,4.43,4.42,4.43,2344.92
2026-07-15 21:35:00,4.43,4.43,4.42,4.42,121351.72
2026-07-15 21:40:00,4.42,4.43,4.41,4.43,101039.93
2026-07-15 21:45:00,4.43,4.43,4.43,4.43,38904.17
2026-07-15 21:50:00,4.43,4.43,4.42,4.43,852.72
2026-07-15 21:55:00,4.43,4.43,4.42,4.43,37129.71
2026-07-15 22:00:00,4.43,4.43,4.42,4.43,126744.93
2026-07-15 22:05:00,4.43,4.43,4.42,4.42,118057.31
2026-07-15 22:10:00,4.42,4.43,4.41,4.43,55226.5
2026-07-15 22:15:00,4.43,4.44,4.41,4.43,280990.08
2026-07-15 22:20:00,4.43,4.44,4.43,4.43,11330.8
2026-07-15 22:25:00,4.43,4.43,4.43,4.43,349764.3
2026-07-15 22:30:00,4.43,4.43,4.42,4.42,91913.7
2026-07-15 22:35:00,4.42,4.42,4.41,4.42,214536.81
2026-07-15 22:40:00,4.42,4.43,4.41,4.43,227325.78
2026-07-15 22:45:00,4.43,4.43,4.42,4.42,33034.09
2026-07-15 22:50:00,4.42,4.43,4.42,4.42,37940.11
2026-07-15 22:55:00,4.42,4.43,4.42,4.42,12894.47
2026-07-15 23:00:00,4.42,4.42,4.41,4.41,59270.99
2026-07-15 23:05:00,4.41,4.41,4.41,4.41,57334.92
2026-07-15 23:10:00,4.41,4.42,4.41,4.41,21036.17
2026-07-15 23:15:00,4.41,4.42,4.41,4.41,7671.12
2026-07-15 23:20:00,4.41,4.43,4.41,4.42,43585.96
2026-07-15 23:25:00,4.42,4.42,4.42,4.42,4339.4
2026-07-15 23:30:00,4.42,4.42,4.4,4.41,4690.68
2026-07-15 23:35:00,4.41,4.41,4.4,4.4,70359.94
2026-07-15 23:40:00,4.4,4.42,4.4,4.41,119474.92
2026-07-15 23:45:00,4.41,4.42,4.41,4.42,96547.88
2026-07-15 23:50:00,4.42,4.42,4.41,4.42,11377.11
2026-07-15 23:55:00,4.42,4.42,4.42,4.42,5008.01
2026-07-16 00:00:00,4.42,4.43,4.42,4.42,103037.3
2026-07-16 00:05:00,4.42,4.43,4.42,4.43,83184.29
2026-07-16 00:10:00,4.43,4.43,4.42,4.43,104224.02
2026-07-16 00:15:00,4.43,4.43,4.43,4.43,3392.59
2026-07-16 00:20:00,4.43,4.43,4.43,4.43,13638.31
2026-07-16 00:25:00,4.43,4.43,4.43,4.43,112672.51
2026-07-16 00:30:00,4.43,4.44,4.42,4.43,41547.89
2026-07-16 00:35:00,4.43,4.43,4.42,4.42,64477.39
2026-07-16 00:40:00,4.42,4.43,4.42,4.43,43665.36
2026-07-16 00:45:00,4.43,4.43,4.43,4.43,14385.06
2026-07-16 00:50:00,4.43,4.44,4.43,4.43,18932.02
2026-07-16 00:55:00,4.43,4.44,4.43,4.44,33312.07
2026-07-16 01:00:00,4.44,4.45,4.44,4.44,14988.26
2026-07-16 01:05:00,4.44,4.45,4.43,4.44,38504.8
2026-07-16 01:10:00,4.44,4.45,4.43,4.44,104633.32
2026-07-16 01:15:00,4.44,4.45,4.44,4.45,18825.21
2026-07-16 01:20:00,4.45,4.45,4.44,4.45,47820.51
2026-07-16 01:25:00,4.45,4.45,4.45,4.45,42493.14
2026-07-16 01:30:00,4.45,4.46,4.44,4.44,498998.13
2026-07-16 01:35:00,4.44,4.45,4.44,4.45,65999.55
2026-07-16 01:40:00,4.45,4.45,4.44,4.45,33604.63
2026-07-16 01:45:00,4.45,4.45,4.44,4.44,17619.98
2026-07-16 01:50:00,4.44,4.44,4.42,4.43,46570.99
2026-07-16 01:55:00,4.43,4.43,4.43,4.43,1775.3
2026-07-16 02:00:00,4.43,4.43,4.43,4.43,28615.21
2026-07-16 02:05:00,4.43,4.44,4.43,4.43,2171.91
2026-07-16 02:10:00,4.43,4.44,4.43,4.43,44584.94
2026-07-16 02:15:00,4.43,4.44,4.43,4.43,131715.7
2026-07-16 02:20:00,4.43,4.43,4.42,4.42,45955.15
2026-07-16 02:25:00,4.42,4.43,4.42,4.42,44573.82
2026-07-16 02:30:00,4.42,4.43,4.42,4.43,4958.27
2026-07-16 02:35:00,4.43,4.43,4.42,4.42,28571.73
2026-07-16 02:40:00,4.42,4.42,4.41,4.42,46854.7
2026-07-16 02:45:00,4.42,4.43,4.4,4.43,119662.88
2026-07-16 02:50:00,4.43,4.43,4.42,4.43,23220.75
2026-07-16 02:55:00,4.43,4.44,4.43,4.44,3480.01
2026-07-16 03:00:00,4.44,4.44,4.43,4.44,9097.5
2026-07-16 03:05:00,4.44,4.45,4.43,4.44,4555.02
2026-07-16 03:10:00,4.44,4.45,4.44,4.44,17721.51
2026-07-16 03:15:00,4.44,4.46,4.44,4.45,48886.64
2026-07-16 03:20:00,4.45,4.46,4.44,4.44,22669.35
2026-07-16 03:25:00,4.44,4.44,4.43,4.44,14526.73
2026-07-16 03:30:00,4.44,4.44,4.44,4.44,24624.59
2026-07-16 03:35:00,4.44,4.44,4.44,4.44,19721.72
2026-07-16 03:40:00,4.44,4.46,4.44,4.46,18793.49
2026-07-16 03:45:00,4.46,4.48,4.46,4.47,47799.08
2026-07-16 03:50:00,4.47,4.47,4.47,4.47,270044.51
2026-07-16 03:55:00,4.47,4.47,4.46,4.46,17466.79
2026-07-16 04:00:00,4.46,4.47,4.46,4.47,33371.49
2026-07-16 04:05:00,4.47,4.48,4.47,4.47,55938.19
2026-07-16 04:10:00,4.47,4.49,4.46,4.46,416146.28
2026-07-16 04:15:00,4.46,4.47,4.46,4.47,48163.78
2026-07-16 04:20:00,4.47,4.48,4.47,4.47,30040.14
2026-07-16 04:25:00,4.47,4.47,4.47,4.47,45009.7
2026-07-16 04:30:00,4.47,4.48,4.46,4.46,137874.15
2026-07-16 04:35:00,4.46,4.48,4.45,4.46,508955.55
2026-07-16 04:40:00,4.46,4.46,4.44,4.45,63335.53
2026-07-16 04:45:00,4.45,4.46,4.45,4.46,20154.77
2026-07-16 04:50:00,4.46,4.46,4.44,4.44,29136.8
2026-07-16 04:55:00,4.44,4.45,4.44,4.44,23608.07
2026-07-16 05:00:00,4.44,4.44,4.43,4.44,20451.75
2026-07-16 05:05:00,4.44,4.44,4.43,4.44,6029.77
2026-07-16 05:10:00,4.44,4.46,4.43,4.43,161922.5
2026-07-16 05:15:00,4.43,4.44,4.43,4.44,157043.51
2026-07-16 05:20:00,4.44,4.44,4.43,4.44,22847.18
2026-07-16 05:25:00,4.44,4.45,4.44,4.44,15958.03
2026-07-16 05:30:00,4.44,4.44,4.44,4.44,61091.12
2026-07-16 05:35:00,4.44,4.45,4.43,4.43,165344.36
2026-07-16 05:40:00,4.43,4.43,4.42,4.43,23372.31
2026-07-16 05:45:00,4.43,4.43,4.43,4.43,106286.88
2026-07-16 05:50:00,4.43,4.43,4.42,4.43,10430.95
2026-07-16 05:55:00,4.43,4.43,4.43,4.43,6008.64
2026-07-16 06:00:00,4.43,4.43,4.43,4.43,172588.94
2026-07-16 06:05:00,4.43,4.44,4.42,4.43,93527.49
2026-07-16 06:10:00,4.43,4.44,4.43,4.44,17947.19
2026-07-16 06:15:00,4.44,4.44,4.42,4.43,98139.32
2026-07-16 06:20:00,4.43,4.43,4.43,4.43,24412.14
2026-07-16 06:25:00,4.43,4.43,4.42,4.43,45095.19
2026-07-16 06:30:00,4.43,4.43,4.42,4.43,34002.51
2026-07-16 06:35:00,4.43,4.43,4.42,4.42,80691.41
2026-07-16 06:40:00,4.42,4.43,4.42,4.42,50160.02
2026-07-16 06:45:00,4.42,4.42,4.41,4.42,195812.37
2026-07-16 06:50:00,4.42,4.42,4.41,4.41,13554.95
2026-07-16 06:55:00,4.41,4.42,4.4,4.42,109908.29
2026-07-16 07:00:00,4.42,4.42,4.41,4.41,30888.73
2026-07-16 07:05:00,4.41,4.41,4.4,4.41,17078.82
2026-07-16 07:10:00,4.41,4.42,4.41,4.42,20417.17
2026-07-16 07:15:00,4.42,4.43,4.42,4.43,9170.31
2026-07-16 07:20:00,4.43,4.43,4.43,4.43,46700.76
2026-07-16 07:25:00,4.43,4.43,4.42,4.42,126660.31
2026-07-16 07:30:00,4.42,4.43,4.42,4.42,60008.42
2026-07-16 07:35:00,4.42,4.42,4.41,4.41,171107.76
2026-07-16 07:40:00,4.41,4.42,4.41,4.42,101219.02
2026-07-16 07:45:00,4.42,4.42,4.42,4.42,14286.8
2026-07-16 07:50:00,4.42,4.43,4.42,4.43,46556.11
2026-07-16 07:55:00,4.43,4.43,4.42,4.43,76451.78
2026-07-16 08:00:00,4.43,4.43,4.43,4.43,2856.08
2026-07-16 08:05:00,4.43,4.43,4.42,4.42,40718.11
2026-07-16 08:10:00,4.42,4.42,4.42,4.42,45537.27
2026-07-16 08:15:00,4.42,4.43,4.42,4.42,19306.18
2026-07-16 08:20:00,4.42,4.42,4.42,4.42,3765.72
2026-07-16 08:25:00,4.42,4.42,4.42,4.42,89565.08
2026-07-16 08:30:00,4.42,4.43,4.41,4.42,10907.18
2026-07-16 08:35:00,4.42,4.43,4.42,4.43,4879.18
2026-07-16 08:40:00,4.43,4.43,4.42,4.42,41239.94
2026-07-16 08:45:00,4.42,4.42,4.41,4.41,85706.31
2026-07-16 08:50:00,4.41,4.42,4.4,4.42,781191.21
2026-07-16 08:55:00,4.42,4.42,4.41,4.42,21377.72
2026-07-16 09:00:00,4.42,4.43,4.4,4.43,187426.46
2026-07-16 09:05:00,4.43,4.43,4.42,4.42,743.81
2026-07-16 09:10:00,4.42,4.42,4.41,4.41,49973.17
2026-07-16 09:15:00,4.41,4.42,4.41,4.41,6698.59
2026-07-16 09:20:00,4.41,4.42,4.41,4.41,30414.59
2026-07-16 09:25:00,4.41,4.42,4.4,4.4,50863.05
2026-07-16 09:30:00,4.4,4.42,4.38,4.41,45434.9
2026-07-16 09:35:00,4.41,4.43,4.4,4.43,178310.02
2026-07-16 09:40:00,4.43,4.43,4.43,4.43,7470.29
2026-07-16 09:45:00,4.43,4.43,4.42,4.42,78214.88
2026-07-16 09:50:00,4.42,4.43,4.42,4.43,71582.55
2026-07-16 09:55:00,4.43,4.43,4.43,4.43,19247.22
2026-07-16 10:00:00,4.43,4.44,4.43,4.43,1698.7
2026-07-16 10:05:00,4.43,4.44,4.43,4.44,20558.44
2026-07-16 10:10:00,4.44,4.44,4.43,4.44,113421.35
2026-07-16 10:15:00,4.44,4.46,4.44,4.46,23297.59
2026-07-16 10:20:00,4.46,4.46,4.46,4.46,56691.88
2026-07-16 10:25:00,4.46,4.47,4.46,4.46,16821.28
2026-07-16 10:30:00,4.46,4.48,4.46,4.46,3194.29
2026-07-16 10:35:00,4.46,4.46,4.46,4.46,39288.43
2026-07-16 10:40:00,4.46,4.46,4.46,4.46,3802.46
2026-07-16 10:45:00,4.46,4.47,4.46,4.46,40783.32
2026-07-16 10:50:00,4.46,4.48,4.46,4.47,30958.21
2026-07-16 10:55:00,4.47,4.47,4.47,4.47,7050.4
2026-07-16 11:00:00,4.47,4.47,4.47,4.47,41360.1
2026-07-16 11:05:00,4.47,4.48,4.46,4.46,142530.62
2026-07-16 11:10:00,4.46,4.47,4.45,4.45,46178.39
2026-07-16 11:15:00,4.45,4.45,4.44,4.44,248.5
2026-07-16 11:20:00,4.44,4.46,4.44,4.45,32201.53
2026-07-16 11:25:00,4.45,4.46,4.45,4.46,21661.79
2026-07-16 11:30:00,4.46,4.46,4.45,4.45,20765.77
2026-07-16 11:35:00,4.45,4.46,4.45,4.46,160785.15
2026-07-16 11:40:00,4.46,4.47,4.46,4.46,74050.48
2026-07-16 11:45:00,4.46,4.47,4.46,4.46,41689.75
2026-07-16 11:50:00,4.46,4.47,4.45,4.46,92677.38
2026-07-16 11:55:00,4.46,4.46,4.45,4.46,4061.86
2026-07-16 12:00:00,4.46,4.46,4.45,4.45,18856.8
2026-07-16 12:05:00,4.45,4.46,4.45,4.46,100175.9
2026-07-16 12:10:00,4.46,4.47,4.46,4.46,31384.34
2026-07-16 12:15:00,4.46,4.48,4.46,4.47,2334.81
2026-07-16 12:20:00,4.47,4.48,4.47,4.47,1660.65
2026-07-16 12:25:00,4.47,4.47,4.47,4.47,66733.15
2026-07-16 12:30:00,4.47,4.49,4.47,4.47,139125.21
2026-07-16 12:35:00,4.47,4.48,4.46,4.46,224696.47
2026-07-16 12:40:00,4.46,4.46,4.46,4.46,71511.75
2026-07-16 12:45:00,4.46,4.46,4.45,4.46,88680.55
2026-07-16 12:50:00,4.46,4.46,4.45,4.46,15064.27
2026-07-16 12:55:00,4.46,4.46,4.45,4.45,17532.5
2026-07-16 13:00:00,4.45,4.46,4.44,4.45,119061.42
2026-07-16 13:05:00,4.45,4.46,4.45,4.45,145772.97
2026-07-16 13:10:00,4.45,4.45,4.45,4.45,37705.31
2026-07-16 13:15:00,4.45,4.46,4.45,4.45,6141.3
2026-07-16 13:20:00,4.45,4.47,4.45,4.46,81857.07
2026-07-16 13:25:00,4.46,4.46,4.45,4.45,40194.86
2026-07-16 13:30:00,4.45,4.46,4.45,4.46,98021.97
2026-07-16 13:35:00,4.46,4.47,4.46,4.46,10626.83
2026-07-16 13:40:00,4.46,4.46,4.45,4.46,62192.97
2026-07-16 13:45:00,4.46,4.46,4.45,4.45,46099.06
2026-07-16 13:50:00,4.45,4.47,4.45,4.46,11622.82
2026-07-16 13:55:00,4.46,4.46,4.45,4.46,29843.51
2026-07-16 14:00:00,4.46,4.47,4.45,4.46,10978.22
2026-07-16 14:05:00,4.46,4.46,4.45,4.46,14559.15
2026-07-16 14:10:00,4.46,4.46,4.45,4.45,8107.19
2026-07-16 14:15:00,4.45,4.46,4.45,4.45,14551.92
2026-07-16 14:20:00,4.45,4.47,4.45,4.47,73790.6
2026-07-16 14:25:00,4.47,4.47,4.47,4.47,42495.99
2026-07-16 14:30:00,4.47,4.47,4.47,4.47,69446.06
2026-07-16 14:35:00,4.47,4.49,4.45,4.46,1138.84
2026-07-16 14:40:00,4.46,4.46,4.45,4.46,1506.33
2026-07-16 14:45:00,4.46,4.47,4.46,4.47,44450.19
2026-07-16 14:50:00,4.47,4.48,4.46,4.46,265128.87
2026-07-16 14:55:00,4.46,4.48,4.45,4.45,278689.5
2026-07-16 15:00:00,4.45,4.46,4.45,4.45,13363.66
2026-07-16 15:05:00,4.45,4.47,4.45,4.47,229266.2
2026-07-16 15:10:00,4.47,4.47,4.46,4.47,73039.74
2026-07-16 15:15:00,4.47,4.47,4.45,4.46,21923.21
2026-07-16 15:20:00,4.46,4.46,4.46,4.46,36726.66
2026-07-16 15:25:00,4.46,4.46,4.46,4.46,854.48
2026-07-16 15:30:00,4.46,4.46,4.46,4.46,53537.22
2026-07-16 15:35:00,4.46,4.47,4.46,4.46,132412.57
2026-07-16 15:40:00,4.46,4.47,4.46,4.46,54039.07
2026-07-16 15:45:00,4.46,4.47,4.46,4.47,114483.19
2026-07-16 15:50:00,4.47,4.47,4.45,4.45,73020.21
2026-07-16 15:55:00,4.45,4.46,4.43,4.46,151623.75
2026-07-16 16:00:00,4.46,4.46,4.45,4.46,5818.17
2026-07-16 16:05:00,4.46,4.48,4.45,4.45,512493.83
2026-07-16 16:10:00,4.45,4.47,4.45,4.46,46002.6
2026-07-16 16:15:00,4.46,4.46,4.46,4.46,1539.46
2026-07-16 16:20:00,4.46,4.47,4.44,4.45,12343.53
2026-07-16 16:25:00,4.45,4.47,4.44,4.46,493186.99
2026-07-16 16:30:00,4.46,4.47,4.45,4.46,113616.04
2026-07-16 16:35:00,4.46,4.46,4.44,4.45,56074.57
2026-07-16 16:40:00,4.45,4.45,4.44,4.45,67973.04
2026-07-16 16:45:00,4.45,4.45,4.44,4.44,137862.82
2026-07-16 16:50:00,4.44,4.45,4.43,4.45,180557.87
2026-07-16 16:55:00,4.45,4.45,4.44,4.44,68816.17
2026-07-16 17:00:00,4.44,4.44,4.43,4.43,28870.64
2026-07-16 17:05:00,4.43,4.44,4.41,4.44,206459.71
2026-07-16 17:10:00,4.44,4.44,4.43,4.44,15950.34
2026-07-16 17:15:00,4.44,4.45,4.43,4.44,29102.1
2026-07-16 17:20:00,4.44,4.45,4.44,4.44,129358.86
2026-07-16 17:25:00,4.44,4.46,4.44,4.45,9386.5
2026-07-16 17:30:00,4.45,4.46,4.45,4.45,19671.21
2026-07-16 17:35:00,4.45,4.45,4.45,4.45,5851.54
2026-07-16 17:40:00,4.45,4.46,4.44,4.46,17180.24
2026-07-16 17:45:00,4.46,4.47,4.46,4.46,2859.52
2026-07-16 17:50:00,4.46,4.47,4.45,4.46,77173.9
2026-07-16 17:55:00,4.46,4.47,4.46,4.46,257215.94
2026-07-16 18:00:00,4.46,4.47,4.46,4.47,15815.32
2026-07-16 18:05:00,4.47,4.47,4.46,4.47,63878.27
2026-07-16 18:10:00,4.47,4.47,4.46,4.46,51883.51
2026-07-16 18:15:00,4.46,4.46,4.45,4.45,57158.35
2026-07-16 18:20:00,4.45,4.46,4.45,4.46,1303.92
2026-07-16 18:25:00,4.46,4.46,4.45,4.45,49026.65
2026-07-16 18:30:00,4.45,4.47,4.45,4.46,25565.44
2026-07-16 18:35:00,4.46,4.46,4.46,4.46,4602.36
2026-07-16 18:40:00,4.46,4.47,4.44,4.47,494605.86
2026-07-16 18:45:00,4.47,4.47,4.47,4.47,13887.36
2026-07-16 18:50:00,4.47,4.49,4.45,4.46,264926.43
2026-07-16 18:55:00,4.46,4.46,4.45,4.46,30011.95
2026-07-16 19:00:00,4.46,4.47,4.44,4.47,192447.94
2026-07-16 19:05:00,4.47,4.47,4.46,4.46,44707.1
2026-07-16 19:10:00,4.46,4.47,4.45,4.46,102775.52
2026-07-16 19:15:00,4.46,4.47,4.45,4.46,161125.98
2026-07-16 19:20:00,4.46,4.47,4.45,4.46,287.16
2026-07-16 19:25:00,4.46,4.46,4.45,4.46,5880.57
2026-07-16 19:30:00,4.46,4.46,4.46,4.46,74937.29
2026-07-16 19:35:00,4.46,4.46,4.45,4.45,37337.67
2026-07-16 19:40:00,4.45,4.45,4.44,4.45,24163.27
2026-07-16 19:45:00,4.45,4.45,4.44,4.44,59491.75
2026-07-16 19:50:00,4.44,4.45,4.44,4.44,6952.51
2026-07-16 19:55:00,4.44,4.44,4.44,4.44,45984.25
2026-07-16 20:00:00,4.44,4.44,4.43,4.44,103444.42
2026-07-16 20:05:00,4.44,4.44,4.43,4.43,78144.47
2026-07-16 20:10:00,4.43,4.43,4.43,4.43,61945.82
2026-07-16 20:15:00,4.43,4.43,4.42,4.42,224430.46
2026-07-16 20:20:00,4.42,4.43,4.41,4.43,394255.7
2026-07-16 20:25:00,4.43,4.43,4.42,4.42,68595.18
2026-07-16 20:30:00,4.42,4.43,4.42,4.43,26144.89
2026-07-16 20:35:00,4.43,4.44,4.41,4.44,2549.05
2026-07-16 20:40:00,4.44,4.45,4.43,4.45,196014.83
2026-07-16 20:45:00,4.45,4.46,4.45,4.46,10348.35
2026-07-16 20:50:00,4.46,4.46,4.45,4.45,4689.15
2026-07-16 20:55:00,4.45,4.45,4.43,4.43,29525.14
2026-07-16 21:00:00,4.43,4.44,4.43,4.44,33906.21
2026-07-16 21:05:00,4.44,4.45,4.43,4.43,53976.75
2026-07-16 21:10:00,4.43,4.44,4.42,4.42,8204.55
2026-07-16 21:15:00,4.42,4.42,4.42,4.42,2780.77
2026-07-16 21:20:00,4.42,4.42,4.41,4.42,4251.92
2026-07-16 21:25:00,4.42,4.43,4.41,4.43,10932.09
2026-07-16 21:30:00,4.43,4.44,4.41,4.43,144268.56
2026-07-16 21:35:00,4.43,4.45,4.42,4.44,447834.01
2026-07-16 21:40:00,4.44,4.45,4.44,4.45,27404.9
2026-07-16 21:45:00,4.45,4.45,4.44,4.44,45621.8
2026-07-16 21:50:00,4.44,4.44,4.44,4.44,165550.58
2026-07-16 21:55:00,4.44,4.44,4.44,4.44,11677.86
2026-07-16 22:00:00,4.44,4.44,4.43,4.44,57772.5
2026-07-16 22:05:00,4.44,4.44,4.42,4.42,55928.66
2026-07-16 22:10:00,4.42,4.44,4.41,4.43,292104.81
2026-07-16 22:15:00,4.43,4.44,4.42,4.44,131820.79
2026-07-16 22:20:00,4.44,4.45,4.42,4.44,167881.52
2026-07-16 22:25:00,4.44,4.45,4.44,4.45,31991.65
2026-07-16 22:30:00,4.45,4.45,4.44,4.44,39164.08
2026-07-16 22:35:00,4.44,4.45,4.43,4.44,17462.67
2026-07-16 22:40:00,4.44,4.45,4.42,4.44,392515.02
2026-07-16 22:45:00,4.44,4.45,4.44,4.44,10355.48
2026-07-16 22:50:00,4.44,4.45,4.44,4.44,67621.26
2026-07-16 22:55:00,4.44,4.45,4.44,4.45,10515.52
2026-07-16 23:00:00,4.45,4.45,4.44,4.44,127190.98
2026-07-16 23:05:00,4.44,4.45,4.44,4.44,11464.45
2026-07-16 23:10:00,4.44,4.44,4.44,4.44,40393.07
2026-07-16 23:15:00,4.44,4.44,4.44,4.44,21963.65
2026-07-16 23:20:00,4.44,4.45,4.44,4.44,20451.35
2026-07-16 23:25:00,4.44,4.44,4.44,4.44,79152.75
2026-07-16 23:30:00,4.44,4.44,4.44,4.44,27095.27
2026-07-16 23:35:00,4.44,4.44,4.44,4.44,2364.33
2026-07-16 23:40:00,4.44,4.45,4.44,4.45,1519.11
2026-07-16 23:45:00,4.45,4.46,4.45,4.45,51745.75
2026-07-16 23:50:00,4.45,4.45,4.45,4.45,70691.3
2026-07-16 23:55:00,4.45,4.46,4.45,4.45,73418.79
2026-07-17 00:00:00,4.45,4.47,4.44,4.44,25766.23
2026-07-17 00:05:00,4.44,4.45,4.44,4.45,100806.11
2026-07-17 00:10:00,4.45,4.46,4.44,4.45,9292.13
2026-07-17 00:15:00,4.45,4.46,4.45,4.46,20750.44
2026-07-17 00:20:00,4.46,4.47,4.46,4.46,3174.95
2026-07-17 00:25:00,4.46,4.47,4.45,4.45,41833.35
2026-07-17 00:30:00,4.45,4.46,4.45,4.46,19809.62
2026-07-17 00:35:00,4.46,4.47,4.45,4.46,36742.35
2026-07-17 00:40:00,4.46,4.47,4.45,4.45,9586.45
2026-07-17 00:45:00,4.45,4.47,4.44,4.44,261010.17
2026-07-17 00:50:00,4.44,4.45,4.44,4.45,29646.93
2026-07-17 00:55:00,4.45,4.46,4.45,4.46,2373.04
2026-07-17 01:00:00,4.46,4.47,4.45,4.46,33787.14
2026-07-17 01:05:00,4.46,4.47,4.46,4.47,21033.91
2026-07-17 01:10:00,4.47,4.47,4.47,4.47,30941.65
2026-07-17 01:15:00,4.47,4.49,4.47,4.47,296709.28
2026-07-17 01:20:00,4.47,4.47,4.46,4.47,3549.81
2026-07-17 01:25:00,4.47,4.47,4.46,4.46,228196.83
2026-07-17 01:30:00,4.46,4.48,4.45,4.45,1007423.18
2026-07-17 01:35:00,4.45,4.45,4.44,4.45,154281.34
2026-07-17 01:40:00,4.45,4.45,4.44,4.44,168291.48
2026-07-17 01:45:00,4.44,4.45,4.44,4.44,58938.57
2026-07-17 01:50:00,4.44,4.44,4.44,4.44,1887.49
2026-07-17 01:55:00,4.44,4.44,4.44,4.44,149398.26
2026-07-17 02:00:00,4.44,4.44,4.43,4.43,3797.87
2026-07-17 02:05:00,4.43,4.43,4.42,4.42,35060.95
2026-07-17 02:10:00,4.42,4.43,4.4,4.43,68878.62
2026-07-17 02:15:00,4.43,4.43,4.43,4.43,7543.58
2026-07-17 02:20:00,4.43,4.43,4.43,4.43,43874.86
2026-07-17 02:25:00,4.43,4.43,4.43,4.43,68425.93
2026-07-17 02:30:00,4.43,4.45,4.43,4.44,27404.09
2026-07-17 02:35:00,4.44,4.45,4.44,4.44,43417.26
2026-07-17 02:40:00,4.44,4.45,4.43,4.44,7446.2
2026-07-17 02:45:00,4.44,4.45,4.44,4.44,78975.7
2026-07-17 02:50:00,4.44,4.45,4.44,4.44,17957.7
2026-07-17 02:55:00,4.44,4.45,4.44,4.44,42082.62
2026-07-17 03:00:00,4.44,4.45,4.44,4.45,134200.4
2026-07-17 03:05:00,4.45,4.45,4.44,4.45,29945.46
2026-07-17 03:10:00,4.45,4.46,4.44,4.45,43493.08
2026-07-17 03:15:00,4.45,4.47,4.44,4.45,516341.79
2026-07-17 03:20:00,4.45,4.45,4.44,4.44,5086.64
2026-07-17 03:25:00,4.44,4.45,4.44,4.44,11534.94
2026-07-17 03:30:00,4.44,4.44,4.43,4.44,44872.53
2026-07-17 03:35:00,4.44,4.44,4.42,4.43,26395.3
2026-07-17 03:40:00,4.43,4.43,4.42,4.42,65104.62
2026-07-17 03:45:00,4.42,4.43,4.41,4.42,2472.49
2026-07-17 03:50:00,4.42,4.43,4.41,4.43,111.22
2026-07-17 03:55:00,4.43,4.44,4.42,4.43,50284.94
2026-07-17 04:00:00,4.43,4.43,4.42,4.43,7070.36
2026-07-17 04:05:00,4.43,4.44,4.41,4.44,51588.07
2026-07-17 04:10:00,4.44,4.45,4.43,4.44,23433.8
2026-07-17 04:15:00,4.44,4.44,4.43,4.44,24725.63
2026-07-17 04:20:00,4.44,4.45,4.44,4.44,28122.59
2026-07-17 04:25:00,4.44,4.45,4.44,4.44,37841.57
2026-07-17 04:30:00,4.44,4.45,4.44,4.45,344.46
2026-07-17 04:35:00,4.45,4.45,4.43,4.44,50252.39
2026-07-17 04:40:00,4.44,4.45,4.43,4.43,26436.48
2026-07-17 04:45:00,4.43,4.44,4.43,4.43,138007.6
2026-07-17 04:50:00,4.43,4.44,4.43,4.43,105430.53
2026-07-17 04:55:00,4.43,4.43,4.42,4.43,33711.07
2026-07-17 05:00:00,4.43,4.43,4.42,4.43,93442.61
2026-07-17 05:05:00,4.43,4.43,4.42,4.42,116094.12
2026-07-17 05:10:00,4.42,4.44,4.42,4.44,49268.31
2026-07-17 05:15:00,4.44,4.44,4.42,4.43,41352.92
2026-07-17 05:20:00,4.43,4.44,4.43,4.44,25906.73
2026-07-17 05:25:00,4.44,4.44,4.43,4.43,111719.37
2026-07-17 05:30:00,4.43,4.44,4.43,4.44,49280.47
2026-07-17 05:35:00,4.44,4.45,4.44,4.45,2607.4
2026-07-17 05:40:00,4.45,4.45,4.44,4.45,11216.18
2026-07-17 05:45:00,4.45,4.46,4.45,4.46,132087.56
2026-07-17 05:50:00,4.46,4.48,4.45,4.45,124552.71
2026-07-17 05:55:00,4.45,4.47,4.44,4.46,63731.97
2026-07-17 06:00:00,4.46,4.47,4.46,4.47,7727.48
2026-07-17 06:05:00,4.47,4.48,4.46,4.48,173997.26
2026-07-17 06:10:00,4.48,4.49,4.48,4.49,152032.07
2026-07-17 06:15:00,4.49,4.49,4.48,4.49,15776.69
2026-07-17 06:20:00,4.49,4.5,4.48,4.5,37542.99
2026-07-17 06:25:00,4.5,4.5,4.49,4.49,16020.49
2026-07-17 06:30:00,4.49,4.49,4.49,4.49,9798.53
2026-07-17 06:35:00,4.49,4.5,4.48,4.49,490.8
2026-07-17 06:40:00,4.49,4.5,4.49,4.5,93373.4
2026-07-17 06:45:00,4.5,4.5,4.49,4.5,36471.79
2026-07-17 06:50:00,4.5,4.5,4.49,4.49,21281.51
2026-07-17 06:55:00,4.49,4.5,4.48,4.48,148638.95
2026-07-17 07:00:00,4.48,4.48,4.46,4.47,29916.62
2026-07-17 07:05:00,4.47,4.48,4.46,4.48,46852.04
2026-07-17 07:10:00,4.48,4.49,4.47,4.49,32288.54
2026-07-17 07:15:00,4.49,4.5,4.48,4.49,50889.8
2026-07-17 07:20:00,4.49,4.5,4.49,4.49,6039.37
2026-07-17 07:25:00,4.49,4.5,4.47,4.48,171033.14
2026-07-17 07:30:00,4.48,4.49,4.47,4.47,248446.12
2026-07-17 07:35:00,4.47,4.48,4.47,4.47,29159.29
2026-07-17 07:40:00,4.47,4.48,4.47,4.48,135732.75
2026-07-17 07:45:00,4.48,4.48,4.48,4.48,89363.7
2026-07-17 07:50:00,4.48,4.48,4.47,4.47,22212.37
2026-07-17 07:55:00,4.47,4.47,4.46,4.47,19965.63
2026-07-17 08:00:00,4.47,4.47,4.47,4.47,54468.95
2026-07-17 08:05:00,4.47,4.48,4.46,4.47,131728.76
2026-07-17 08:10:00,4.47,4.47,4.46,4.47,29072.4
2026-07-17 08:15:00,4.47,4.48,4.46,4.47,28330.15
2026-07-17 08:20:00,4.47,4.47,4.46,4.47,102464.43
2026-07-17 08:25:00,4.47,4.47,4.46,4.46,76467.94
2026-07-17 08:30:00,4.46,4.49,4.46,4.48,18641.21
2026-07-17 08:35:00,4.48,4.49,4.48,4.48,167058.1
2026-07-17 08:40:00,4.48,4.49,4.48,4.49,532.61
2026-07-17 08:45:00,4.49,4.5,4.49,4.5,29518.33
2026-07-17 08:50:00,4.5,4.51,4.48,4.48,127684.06
2026-07-17 08:55:00,4.48,4.49,4.48,4.49,10080.36
2026-07-17 09:00:00,4.49,4.49,4.47,4.48,107718.93
2026-07-17 09:05:00,4.48,4.5,4.48,4.48,10147.5
2026-07-17 09:10:00,4.48,4.49,4.48,4.49,53085.0
2026-07-17 09:15:00,4.49,4.49,4.48,4.48,6779.0
2026-07-17 09:20:00,4.48,4.49,4.48,4.49,13346.64
2026-07-17 09:25:00,4.49,4.5,4.48,4.48,30466.85
2026-07-17 09:30:00,4.48,4.49,4.48,4.49,96771.09
2026-07-17 09:35:00,4.49,4.49,4.48,4.49,75518.91
2026-07-17 09:40:00,4.49,4.5,4.47,4.47,11303.3
2026-07-17 09:45:00,4.47,4.48,4.47,4.47,33189.84
2026-07-17 09:50:00,4.47,4.47,4.45,4.46,12748.45
2026-07-17 09:55:00,4.46,4.46,4.44,4.44,50613.31
2026-07-17 10:00:00,4.44,4.45,4.44,4.45,43974.76
2026-07-17 10:05:00,4.45,4.46,4.45,4.46,15275.05
2026-07-17 10:10:00,4.46,4.46,4.46,4.46,173612.87
2026-07-17 10:15:00,4.46,4.46,4.46,4.46,78941.33
2026-07-17 10:20:00,4.46,4.46,4.45,4.46,16030.93
2026-07-17 10:25:00,4.46,4.47,4.46,4.46,5540.46
2026-07-17 10:30:00,4.46,4.47,4.46,4.46,33326.91
2026-07-17 10:35:00,4.46,4.46,4.46,4.46,58532.37
2026-07-17 10:40:00,4.46,4.47,4.45,4.46,155147.12
2026-07-17 10:45:00,4.46,4.46,4.45,4.45,134537.73
2026-07-17 10:50:00,4.45,4.46,4.44,4.45,59003.91
2026-07-17 10:55:00,4.45,4.45,4.43,4.44,79303.52
2026-07-17 11:00:00,4.44,4.44,4.43,4.43,50900.17
2026-07-17 11:05:00,4.43,4.44,4.43,4.44,3074.78
2026-07-17 11:10:00,4.44,4.46,4.43,4.45,31179.98
2026-07-17 11:15:00,4.45,4.45,4.44,4.44,10100.48
2026-07-17 11:20:00,4.44,4.45,4.44,4.44,8925.57
2026-07-17 11:25:00,4.44,4.45,4.44,4.45,206642.3
2026-07-17 11:30:00,4.45,4.45,4.44,4.45,33496.53
2026-07-17 11:35:00,4.45,4.45,4.44,4.44,6978.02
2026-07-17 11:40:00,4.44,4.44,4.44,4.44,15133.25
2026-07-17 11:45:00,4.44,4.45,4.44,4.45,62693.16
2026-07-17 11:50:00,4.45,4.46,4.45,4.45,1795.28
2026-07-17 11:55:00,4.45,4.46,4.45,4.45,28978.7
2026-07-17 12:00:00,4.45,4.45,4.45,4.45,74951.38
2026-07-17 12:05:00,4.45,4.45,4.45,4.45,26102.49
2026-07-17 12:10:00,4.45,4.45,4.45,4.45,82741.63
2026-07-17 12:15:00,4.45,4.46,4.43,4.44,4956.1
2026-07-17 12:20:00,4.44,4.44,4.42,4.43,2715.88
2026-07-17 12:25:00,4.43,4.44,4.41,4.44,104600.12
2026-07-17 12:30:00,4.44,4.45,4.43,4.45,9061.71
2026-07-17 12:35:00,4.45,4.46,4.45,4.46,52916.09
2026-07-17 12:40:00,4.46,4.46,4.45,4.45,130880.65
2026-07-17 12:45:00,4.45,4.45,4.44,4.45,3892.9
2026-07-17 12:50:00,4.45,4.46,4.45,4.46,30606.6
2026-07-17 12:55:00,4.46,4.47,4.46,4.47,18173.1
2026-07-17 13:00:00,4.47,4.49,4.46,4.48,95603.83
2026-07-17 13:05:00,4.48,4.48,4.47,4.48,60018.49
2026-07-17 13:10:00,4.48,4.49,4.45,4.46,36067.11
2026-07-17 13:15:00,4.46,4.46,4.45,4.46,45857.95
2026-07-17 13:20:00,4.46,4.46,4.45,4.45,38149.26
2026-07-17 13:25:00,4.45,4.46,4.44,4.45,56570.43
2026-07-17 13:30:00,4.45,4.45,4.44,4.45,34051.11
2026-07-17 13:35:00,4.45,4.45,4.45,4.45,44005.14
2026-07-17 13:40:00,4.45,4.46,4.45,4.46,3278.05
2026-07-17 13:45:00,4.46,4.46,4.45,4.46,41610.73
2026-07-17 13:50:00,4.46,4.46,4.45,4.45,110507.01
2026-07-17 13:55:00,4.45,4.45,4.44,4.45,85958.06
2026-07-17 14:00:00,4.45,4.48,4.45,4.47,18386.22
2026-07-17 14:05:00,4.47,4.48,4.47,4.48,181.03
2026-07-17 14:10:00,4.48,4.48,4.47,4.48,6987.28
2026-07-17 14:15:00,4.48,4.48,4.47,4.48,14600.12
2026-07-17 14:20:00,4.48,4.49,4.48,4.49,36072.8
2026-07-17 14:25:00,4.49,4.49,4.48,4.48,89182.52
2026-07-17 14:30:00,4.48,4.5,4.48,4.49,65428.11
2026-07-17 14:35:00,4.49,4.5,4.49,4.49,44595.13
2026-07-17 14:40:00,4.49,4.51,4.48,4.48,102778.49
2026-07-17 14:45:00,4.48,4.5,4.48,4.49,145873.87
2026-07-17 14:50:00,4.49,4.49,4.48,4.48,147405.13
2026-07-17 14:55:00,4.48,4.48,4.48,4.48,7068.88
2026-07-17 15:00:00,4.48,4.49,4.47,4.49,26907.68
2026-07-17 15:05:00,4.49,4.49,4.48,4.49,49558.42
2026-07-17 15:10:00,4.49,4.49,4.48,4.49,41216.29
2026-07-17 15:15:00,4.49,4.49,4.47,4.48,188654.64
2026-07-17 15:20:00,4.48,4.48,4.47,4.47,41301.25
2026-07-17 15:25:00,4.47,4.49,4.47,4.48,13771.87
2026-07-17 15:30:00,4.48,4.49,4.47,4.47,77.04
2026-07-17 15:35:00,4.47,4.47,4.47,4.47,97427.84
2026-07-17 15:40:00,4.47,4.49,4.47,4.48,49291.81
2026-07-17 15:45:00,4.48,4.5,4.47,4.48,213337.0
2026-07-17 15:50:00,4.48,4.48,4.47,4.48,47134.68
2026-07-17 15:55:00,4.48,4.48,4.48,4.48,54178.41
2026-07-17 16:00:00,4.48,4.48,4.47,4.48,9287.23
2026-07-17 16:05:00,4.48,4.48,4.47,4.48,142520.47
2026-07-17 16:10:00,4.48,4.49,4.47,4.48,34726.93
2026-07-17 16:15:00,4.48,4.48,4.47,4.47,91390.71
2026-07-17 16:20:00,4.47,4.48,4.45,4.46,11228.79
2026-07-17 16:25:00,4.46,4.46,4.45,4.45,26520.26
2026-07-17 16:30:00,4.45,4.47,4.45,4.46,21858.51
2026-07-17 16:35:00,4.46,4.48,4.46,4.47,14409.69
2026-07-17 16:40:00,4.47,4.48,4.47,4.47,142909.15
2026-07-17 16:45:00,4.47,4.48,4.46,4.46,33807.11
2026-07-17 16:50:00,4.46,4.46,4.45,4.45,69852.7
2026-07-17 16:55:00,4.45,4.46,4.45,4.46,108528.94
2026-07-17 17:00:00,4.46,4.47,4.45,4.47,4515.87
2026-07-17 17:05:00,4.47,4.48,4.46,4.48,149255.64
2026-07-17 17:10:00,4.48,4.48,4.47,4.48,28867.85
2026-07-17 17:15:00,4.48,4.5,4.47,4.48,147280.94
2026-07-17 17:20:00,4.48,4.48,4.47,4.48,197501.36
2026-07-17 17:25:00,4.48,4.48,4.47,4.47,32347.99
2026-07-17 17:30:00,4.47,4.47,4.46,4.46,111776.93
2026-07-17 17:35:00,4.46,4.48,4.46,4.47,109004.7
2026-07-17 17:40:00,4.47,4.48,4.46,4.46,2686.78
2026-07-17 17:45:00,4.46,4.48,4.46,4.48,105038.1
2026-07-17 17:50:00,4.48,4.5,4.48,4.5,27698.96
2026-07-17 17:55:00,4.5,4.5,4.5,4.5,19729.09
2026-07-17 18:00:00,4.5,4.51,4.49,4.5,42842.46
2026-07-17 18:05:00,4.5,4.5,4.49,4.5,25130.05
2026-07-17 18:10:00,4.5,4.51,4.49,4.5,51150.39
2026-07-17 18:15:00,4.5,4.5,4.49,4.5,1966.19
2026-07-17 18:20:00,4.5,4.51,4.49,4.49,18835.8
2026-07-17 18:25:00,4.49,4.51,4.49,4.5,10311.26
2026-07-17 18:30:00,4.5,4.5,4.49,4.5,51995.98
2026-07-17 18:35:00,4.5,4.51,4.49,4.49,901.92
2026-07-17 18:40:00,4.49,4.5,4.49,4.5,25833.04
2026-07-17 18:45:00,4.5,4.5,4.49,4.5,75294.75
2026-07-17 18:50:00,4.5,4.51,4.49,4.51,25299.44
2026-07-17 18:55:00,4.51,4.51,4.51,4.51,54192.38
2026-07-17 19:00:00,4.51,4.52,4.51,4.51,56648.99
2026-07-17 19:05:00,4.51,4.52,4.5,4.5,229931.4
2026-07-17 19:10:00,4.5,4.5,4.49,4.5,8446.32
2026-07-17 19:15:00,4.5,4.51,4.49,4.49,142140.06
2026-07-17 19:20:00,4.49,4.5,4.49,4.5,101940.4
2026-07-17 19:25:00,4.5,4.51,4.49,4.51,36672.63
2026-07-17 19:30:00,4.51,4.51,4.5,4.5,17375.59
2026-07-17 19:35:00,4.5,4.5,4.48,4.49,5838.82
2026-07-17 19:40:00,4.49,4.5,4.49,4.49,4985.16
2026-07-17 19:45:00,4.49,4.5,4.48,4.48,27366.25
2026-07-17 19:50:00,4.48,4.49,4.46,4.47,11512.93
2026-07-17 19:55:00,4.47,4.47,4.46,4.47,157133.74
2026-07-17 20:00:00,4.47,4.48,4.46,4.48,33960.6
2026-07-17 20:05:00,4.48,4.48,4.47,4.48,68454.88
2026-07-17 20:10:00,4.48,4.49,4.48,4.49,15147.92
2026-07-17 20:15:00,4.49,4.51,4.49,4.5,46408.32
2026-07-17 20:20:00,4.5,4.52,4.5,4.52,18978.38
2026-07-17 20:25:00,4.52,4.52,4.51,4.52,19340.29
2026-07-17 20:30:00,4.52,4.52,4.51,4.52,15500.7
2026-07-17 20:35:00,4.52,4.52,4.51,4.52,26765.31
2026-07-17 20:40:00,4.52,4.52,4.51,4.51,79557.2
2026-07-17 20:45:00,4.51,4.53,4.51,4.51,204334.57
2026-07-17 20:50:00,4.51,4.52,4.5,4.5,102934.26
2026-07-17 20:55:00,4.5,4.51,4.5,4.5,84225.13
2026-07-17 21:00:00,4.5,4.51,4.5,4.5,131141.72
2026-07-17 21:05:00,4.5,4.5,4.5,4.5,90190.86
2026-07-17 21:10:00,4.5,4.51,4.49,4.5,89755.83
2026-07-17 21:15:00,4.5,4.5,4.49,4.49,34472.38
2026-07-17 21:20:00,4.49,4.5,4.48,4.49,8618.57
2026-07-17 21:25:00,4.49,4.5,4.49,4.49,967.79
2026-07-17 21:30:00,4.49,4.49,4.49,4.49,6762.88
2026-07-17 21:35:00,4.49,4.5,4.49,4.49,3173.42
2026-07-17 21:40:00,4.49,4.49,4.48,4.48,155034.69
2026-07-17 21:45:00,4.48,4.48,4.48,4.48,165764.59
2026-07-17 21:50:00,4.48,4.49,4.48,4.49,93502.27
2026-07-17 21:55:00,4.49,4.49,4.48,4.48,33480.55
2026-07-17 22:00:00,4.48,4.49,4.47,4.47,53759.93
2026-07-17 22:05:00,4.47,4.48,4.47,4.47,71010.08
2026-07-17 22:10:00,4.47,4.47,4.46,4.47,7167.57
2026-07-17 22:15:00,4.47,4.47,4.46,4.47,44326.88
2026-07-17 22:20:00,4.47,4.47,4.45,4.46,1352.09
2026-07-17 22:25:00,4.46,4.47,4.45,4.46,243495.89
2026-07-17 22:30:00,4.46,4.47,4.46,4.46,182890.17
2026-07-17 22:35:00,4.46,4.47,4.46,4.46,35489.91
2026-07-17 22:40:00,4.46,4.47,4.45,4.46,65712.39
2026-07-17 22:45:00,4.46,4.48,4.46,4.47,4169.4
2026-07-17 22:50:00,4.47,4.47,4.47,4.47,85082.14
2026-07-17 22:55:00,4.47,4.48,4.47,4.48,22374.05
2026-07-17 23:00:00,4.48,4.48,4.47,4.48,59353.77
2026-07-17 23:05:00,4.48,4.48,4.47,4.48,5126.66
2026-07-17 23:10:00,4.48,4.48,4.47,4.48,21944.77
2026-07-17 23:15:00,4.48,4.48,4.47,4.47,52916.49
2026-07-17 23:20:00,4.47,4.48,4.47,4.48,264.9
2026-07-17 23:25:00,4.48,4.49,4.48,4.48,19225.28
2026-07-17 23:30:00,4.48,4.49,4.48,4.49,1864.91
2026-07-17 23:35:00,4.49,4.49,4.47,4.48,70942.6
2026-07-17 23:40:00,4.48,4.48,4.48,4.48,2200.66
2026-07-17 23:45:00,4.48,4.5,4.48,4.49,45981.87
2026-07-17 23:50:00,4.49,4.49,4.48,4.49,10494.42
2026-07-17 23:55:00,4.49,4.49,4.47,4.48,61521.07
2026-07-18 00:00:00,4.48,4.49,4.48,4.48,24434.1
2026-07-18 00:05:00,4.48,4.49,4.47,4.48,89125.15
2026-07-18 00:10:00,4.48,4.48,4.48,4.48,67897.75
2026-07-18 00:15:00,4.48,4.49,4.48,4.48,94288.19
2026-07-18 00:20:00,4.48,4.49,4.48,4.48,11112.01
2026-07-18 00:25:00,4.48,4.49,4.48,4.49,35688.95
2026-07-18 00:30:00,4.49,4.49,4.48,4.48,54930.59
2026-07-18 00:35:00,4.48,4.49,4.47,4.48,9417.85
2026-07-18 00:40:00,4.48,4.48,4.48,4.48,21392.75
2026-07-18 00:45:00,4.48,4.49,4.47,4.47,43657.04
2026-07-18 00:50:00,4.47,4.47,4.45,4.47,87511.15
2026-07-18 00:55:00,4.47,4.47,4.46,4.46,5167.22
2026-07-18 01:00:00,4.46,4.48,4.46,4.47,25881.17
2026-07-18 01:05:00,4.47,4.47,4.46,4.47,6745.26
2026-07-18 01:10:00,4.47,4.48,4.45,4.47,65969.93
2026-07-18 01:15:00,4.47,4.48,4.47,4.47,27376.19
2026-07-18 01:20:00,4.47,4.48,4.47,4.47,8547.69
2026-07-18 01:25:00,4.47,4.48,4.47,4.48,6767.85
2026-07-18 01:30:00,4.48,4.48,4.47,4.47,85027.79
2026-07-18 01:35:00,4.47,4.49,4.47,4.48,27000.31
2026-07-18 01:40:00,4.48,4.49,4.47,4.48,137256.34
2026-07-18 01:45:00,4.48,4.48,4.47,4.47,50349.05
2026-07-18 01:50:00,4.47,4.47,4.46,4.47,2998.62
2026-07-18 01:55:00,4.47,4.48,4.46,4.48,22056.52
2026-07-18 02:00:00,4.48,4.49,4.46,4.46,5784.36
2026-07-18 02:05:00,4.46,4.47,4.45,4.46,78355.52
2026-07-18 02:10:00,4.46,4.47,4.45,4.46,87802.29
2026-07-18 02:15:00,4.46,4.47,4.46,4.47,63591.3
2026-07-18 02:20:00,4.47,4.48,4.46,4.48,130776.17
2026-07-18 02:25:00,4.48,4.49,4.47,4.48,5295.05
2026-07-18 02:30:00,4.48,4.49,4.47,4.47,26971.21
2026-07-18 02:35:00,4.47,4.48,4.47,4.48,4259.47
2026-07-18 02:40:00,4.48,4.48,4.47,4.47,64948.05
2026-07-18 02:45:00,4.47,4.47,4.46,4.47,48173.76
2026-07-18 02:50:00,4.47,4.47,4.46,4.46,127141.85
2026-07-18 02:55:00,4.46,4.46,4.45,4.45,11233.63
2026-07-18 03:00:00,4.45,4.46,4.45,4.46,78603.34
2026-07-18 03:05:00,4.46,4.46,4.45,4.45,208303.04
2026-07-18 03:10:00,4.45,4.46,4.44,4.45,115869.63
2026-07-18 03:15:00,4.45,4.46,4.45,4.46,130092.53
2026-07-18 03:20:00,4.46,4.46,4.44,4.46,69226.58
2026-07-18 03:25:00,4.46,4.47,4.44,4.44,99474.63
2026-07-18 03:30:00,4.44,4.45,4.43,4.45,127103.15
2026-07-18 03:35:00,4.45,4.45,4.44,4.44,13177.02
2026-07-18 03:40:00,4.44,4.45,4.43,4.44,183606.09
2026-07-18 03:45:00,4.44,4.44,4.43,4.43,24570.77
2026-07-18 03:50:00,4.43,4.45,4.42,4.44,879597.91
2026-07-18 03:55:00,4.44,4.46,4.42,4.46,184103.19
2026-07-18 04:00:00,4.46,4.47,4.45,4.47,15599.79
2026-07-18 04:05:00,4.47,4.47,4.45,4.46,4401.39
2026-07-18 04:10:00,4.46,4.47,4.46,4.46,32880.99
2026-07-18 04:15:00,4.46,4.47,4.46,4.46,66541.04
2026-07-18 04:20:00,4.46,4.48,4.46,4.47,46523.66
2026-07-18 04:25:00,4.47,4.49,4.47,4.49,15033.13
2026-07-18 04:30:00,4.49,4.49,4.48,4.49,85101.82
2026-07-18 04:35:00,4.49,4.5,4.49,4.5,261148.11
2026-07-18 04:40:00,4.5,4.51,4.5,4.5,81811.61
2026-07-18 04:45:00,4.5,4.51,4.5,4.5,94017.96
2026-07-18 04:50:00,4.5,4.5,4.49,4.5,68036.06
2026-07-18 04:55:00,4.5,4.51,4.49,4.5,20979.93
2026-07-18 05:00:00,4.5,4.51,4.5,4.5,15526.2
2026-07-18 05:05:00,4.5,4.52,4.49,4.49,96669.38
2026-07-18 05:10:00,4.49,4.5,4.49,4.49,1116.11
2026-07-18 05:15:00,4.49,4.51,4.49,4.49,56150.54
2026-07-18 05:20:00,4.49,4.51,4.48,4.48,69758.06
2026-07-18 05:25:00,4.48,4.49,4.48,4.48,31292.9
2026-07-18 05:30:00,4.48,4.49,4.48,4.49,26616.1
2026-07-18 05:35:00,4.49,4.49,4.48,4.49,52185.52
2026-07-18 05:40:00,4.49,4.49,4.48,4.49,67240.02
2026-07-18 05:45:00,4.49,4.49,4.49,4.49,77083.22
2026-07-18 05:50:00,4.49,4.5,4.48,4.5,12457.64
2026-07-18 05:55:00,4.5,4.5,4.49,4.5,151025.02
2026-07-18 06:00:00,4.5,4.51,4.48,4.48,8603.98
2026-07-18 06:05:00,4.48,4.49,4.48,4.49,31621.28
2026-07-18 06:10:00,4.49,4.51,4.48,4.48,236859.89
2026-07-18 06:15:00,4.48,4.5,4.47,4.48,78290.22
2026-07-18 06:20:00,4.48,4.49,4.47,4.49,53934.24
2026-07-18 06:25:00,4.49,4.51,4.48,4.49,86807.7
2026-07-18 06:30:00,4.49,4.5,4.47,4.48,21613.72
2026-07-18 06:35:00,4.48,4.5,4.47,4.49,59530.75
2026-07-18 06:40:00,4.49,4.51,4.48,4.49,169843.72
2026-07-18 06:45:00,4.49,4.49,4.48,4.49,322652.69
2026-07-18 06:50:00,4.49,4.49,4.48,4.48,47724.67
2026-07-18 06:55:00,4.48,4.49,4.48,4.48,84653.21
2026-07-18 07:00:00,4.48,4.49,4.48,4.48,29960.35
2026-07-18 07:05:00,4.48,4.49,4.48,4.48,44243.69
2026-07-18 07:10:00,4.48,4.5,4.47,4.49,56519.49
2026-07-18 07:15:00,4.49,4.51,4.48,4.48,49718.22
2026-07-18 07:20:00,4.48,4.49,4.48,4.49,31483.27
2026-07-18 07:25:00,4.49,4.5,4.48,4.5,53342.99
2026-07-18 07:30:00,4.5,4.5,4.49,4.5,38355.27
2026-07-18 07:35:00,4.5,4.51,4.49,4.5,61765.18
2026-07-18 07:40:00,4.5,4.5,4.49,4.5,61199.58
2026-07-18 07:45:00,4.5,4.5,4.49,4.5,79209.79
2026-07-18 07:50:00,4.5,4.5,4.48,4.49,42353.5
2026-07-18 07:55:00,4.49,4.51,4.48,4.49,327052.75
2026-07-18 08:00:00,4.49,4.49,4.48,4.49,26454.07
2026-07-18 08:05:00,4.49,4.49,4.48,4.49,106665.01
2026-07-18 08:10:00,4.49,4.49,4.48,4.49,41894.5
2026-07-18 08:15:00,4.49,4.49,4.49,4.49,44389.3
2026-07-18 08:20:00,4.49,4.5,4.48,4.49,16697.18
2026-07-18 08:25:00,4.49,4.49,4.48,4.48,39853.28
2026-07-18 08:30:00,4.48,4.48,4.47,4.47,19605.1
2026-07-18 08:35:00,4.47,4.47,4.47,4.47,40670.74
2026-07-18 08:40:00,4.47,4.47,4.45,4.46,105438.59
2026-07-18 08:45:00,4.46,4.47,4.44,4.45,67372.91
2026-07-18 08:50:00,4.45,4.46,4.44,4.46,213346.08
2026-07-18 08:55:00,4.46,4.46,4.45,4.45,89322.89
2026-07-18 09:00:00,4.45,4.46,4.44,4.45,54092.52
2026-07-18 09:05:00,4.45,4.45,4.44,4.44,84431.16
2026-07-18 09:10:00,4.44,4.46,4.44,4.46,14419.89
2026-07-18 09:15:00,4.46,4.46,4.45,4.45,96966.31
2026-07-18 09:20:00,4.45,4.46,4.44,4.45,154.84
2026-07-18 09:25:00,4.45,4.46,4.44,4.46,26401.91
2026-07-18 09:30:00,4.46,4.47,4.45,4.46,113773.63
2026-07-18 09:35:00,4.46,4.47,4.46,4.46,9943.55
2026-07-18 09:40:00,4.46,4.47,4.46,4.46,5387.88
2026-07-18 09:45:00,4.46,4.46,4.46,4.46,22525.67
2026-07-18 09:50:00,4.46,4.46,4.45,4.46,37501.11
2026-07-18 09:55:00,4.46,4.47,4.46,4.46,17363.11
2026-07-18 10:00:00,4.46,4.47,4.46,4.46,15491.96
2026-07-18 10:05:00,4.46,4.46,4.44,4.45,68.6
2026-07-18 10:10:00,4.45,4.46,4.45,4.45,152953.19
2026-07-18 10:15:00,4.45,4.46,4.45,4.45,4671.36
2026-07-18 10:20:00,4.45,4.45,4.45,4.45,37409.53
2026-07-18 10:25:00,4.45,4.47,4.45,4.47,59589.76
2026-07-18 10:30:00,4.47,4.48,4.47,4.48,80161.65
2026-07-18 10:35:00,4.48,4.48,4.47,4.48,3294.73
2026-07-18 10:40:00,4.48,4.48,4.47,4.47,35794.52
2026-07-18 10:45:00,4.47,4.49,4.47,4.48,96240.99
2026-07-18 10:50:00,4.48,4.49,4.48,4.48,19758.94
2026-07-18 10:55:00,4.48,4.49,4.47,4.49,160988.4
2026-07-18 11:00:00,4.49,4.49,4.48,4.48,46024.9
2026-07-18 11:05:00,4.48,4.51,4.48,4.5,89242.84
2026-07-18 11:10:00,4.5,4.5,4.49,4.49,34548.57
2026-07-18 11:15:00,4.49,4.5,4.48,4.49,22341.3
2026-07-18 11:20:00,4.49,4.5,4.48,4.5,29052.25
2026-07-18 11:25:00,4.5,4.51,4.5,4.5,55771.81
2026-07-18 11:30:00,4.5,4.51,4.5,4.5,35519.33
2026-07-18 11:35:00,4.5,4.5,4.5,4.5,64465.82
2026-07-18 11:40:00,4.5,4.51,4.49,4.5,56574.19
2026-07-18 11:45:00,4.5,4.51,4.5,4.51,5401.26
2026-07-18 11:50:00,4.51,4.52,4.49,4.5,114670.33
2026-07-18 11:55:00,4.5,4.5,4.5,4.5,25962.69
2026-07-18 12:00:00,4.5,4.51,4.49,4.51,1283.75
2026-07-18 12:05:00,4.51,4.51,4.49,4.49,147491.18
2026-07-18 12:10:00,4.49,4.49,4.49,4.49,92600.06
2026-07-18 12:15:00,4.49,4.5,4.48,4.48,310245.22
2026-07-18 12:20:00,4.48,4.48,4.46,4.47,25225.69
2026-07-18 12:25:00,4.47,4.48,4.47,4.47,7149.67
2026-07-18 12:30:00,4.47,4.47,4.46,4.46,106911.08
2026-07-18 12:35:00,4.46,4.48,4.45,4.47,36696.64
2026-07-18 12:40:00,4.47,4.48,4.47,4.48,7650.79
2026-07-18 12:45:00,4.48,4.49,4.48,4.48,104952.04
2026-07-18 12:50:00,4.48,4.5,4.48,4.48,29520.03
2026-07-18 12:55:00,4.48,4.48,4.47,4.48,130158.75
2026-07-18 13:00:00,4.48,4.48,4.47,4.47,46975.62
2026-07-18 13:05:00,4.47,4.48,4.45,4.46,73090.63
2026-07-18 13:10:00,4.46,4.46,4.46,4.46,133242.1
2026-07-18 13:15:00,4.46,4.47,4.45,4.45,57801.9
2026-07-18 13:20:00,4.45,4.45,4.43,4.44,51536.43
2026-07-18 13:25:00,4.44,4.44,4.44,4.44,27058.55
2026-07-18 13:30:00,4.44,4.44,4.43,4.44,54902.5
2026-07-18 13:35:00,4.44,4.45,4.43,4.45,5041.27
2026-07-18 13:40:00,4.45,4.45,4.43,4.43,22916.22
2026-07-18 13:45:00,4.43,4.44,4.43,4.44,40309.97
2026-07-18 13:50:00,4.44,4.45,4.44,4.45,69375.47
2026-07-18 13:55:00,4.45,4.46,4.43,4.46,12715.01
2026-07-18 14:00:00,4.46,4.47,4.45,4.45,13462.13
2026-07-18 14:05:00,4.45,4.46,4.43,4.44,64798.92
2026-07-18 14:10:00,4.44,4.44,4.43,4.44,90.81
2026-07-18 14:15:00,4.44,4.45,4.42,4.45,17404.19
2026-07-18 14:20:00,4.45,4.47,4.44,4.47,49100.7
2026-07-18 14:25:00,4.47,4.47,4.46,4.46,871.91
2026-07-18 14:30:00,4.46,4.47,4.45,4.46,18460.52
2026-07-18 14:35:00,4.46,4.48,4.45,4.46,7231.74
2026-07-18 14:40:00,4.46,4.47,4.45,4.45,60907.38
2026-07-18 14:45:00,4.45,4.46,4.44,4.45,77951.52
2026-07-18 14:50:00,4.45,4.45,4.44,4.44,76944.9
2026-07-18 14:55:00,4.44,4.44,4.43,4.44,47844.48
2026-07-18 15:00:00,4.44,4.44,4.43,4.44,85255.15
2026-07-18 15:05:00,4.44,4.44,4.43,4.43,24053.62
2026-07-18 15:10:00,4.43,4.44,4.43,4.43,91461.71
2026-07-18 15:15:00,4.43,4.44,4.43,4.43,44045.1
2026-07-18 15:20:00,4.43,4.45,4.43,4.44,9206.8
2026-07-18 15:25:00,4.44,4.45,4.43,4.45,21323.01
2026-07-18 15:30:00,4.45,4.46,4.44,4.45,24114.14
2026-07-18 15:35:00,4.45,4.46,4.44,4.45,6610.25
2026-07-18 15:40:00,4.45,4.45,4.44,4.44,55181.88
2026-07-18 15:45:00,4.44,4.46,4.44,4.46,8718.25
2026-07-18 15:50:00,4.46,4.46,4.45,4.46,186863.83
2026-07-18 15:55:00,4.46,4.46,4.46,4.46,44446.85
2026-07-18 16:00:00,4.46,4.46,4.44,4.45,59537.91
2026-07-18 16:05:00,4.45,4.45,4.44,4.44,31924.15
2026-07-18 16:10:00,4.44,4.45,4.43,4.43,73055.08
2026-07-18 16:15:00,4.43,4.44,4.42,4.42,38085.69
2026-07-18 16:20:00,4.42,4.43,4.4,4.43,387025.44
2026-07-18 16:25:00,4.43,4.45,4.43,4.44,144980.1
2026-07-18 16:30:00,4.44,4.45,4.44,4.44,32474.02
2026-07-18 16:35:00,4.44,4.45,4.44,4.44,78144.15
2026-07-18 16:40:00,4.44,4.45,4.44,4.44,1266.78
2026-07-18 16:45:00,4.44,4.45,4.44,4.44,135508.96
2026-07-18 16:50:00,4.44,4.46,4.44,4.45,36030.78
2026-07-18 16:55:00,4.45,4.46,4.44,4.46,2060.89
2026-07-18 17:00:00,4.46,4.47,4.46,4.47,1976.56
2026-07-18 17:05:00,4.47,4.48,4.46,4.48,52425.79
2026-07-18 17:10:00,4.48,4.48,4.48,4.48,49886.51
2026-07-18 17:15:00,4.48,4.49,4.48,4.48,83780.02
2026-07-18 17:20:00,4.48,4.49,4.47,4.47,17644.32
2026-07-18 17:25:00,4.47,4.48,4.47,4.48,5180.94
2026-07-18 17:30:00,4.48,4.48,4.47,4.48,29711.88
2026-07-18 17:35:00,4.48,4.48,4.47,4.47,162695.91
2026-07-18 17:40:00,4.47,4.48,4.46,4.46,22238.33
2026-07-18 17:45:00,4.46,4.48,4.46,4.46,130162.16
2026-07-18 17:50:00,4.46,4.46,4.45,4.46,9516.3
2026-07-18 17:55:00,4.46,4.47,4.45,4.46,10766.15
2026-07-18 18:00:00,4.46,4.47,4.45,4.46,32301.74
2026-07-18 18:05:00,4.46,4.46,4.44,4.45,155274.88
2026-07-18 18:10:00,4.45,4.46,4.45,4.46,91534.23
2026-07-18 18:15:00,4.46,4.47,4.46,4.47,290590.47
2026-07-18 18:20:00,4.47,4.48,4.46,4.48,5580.87
2026-07-18 18:25:00,4.48,4.48,4.46,4.46,28496.52
2026-07-18 18:30:00,4.46,4.46,4.45,4.46,5888.87
2026-07-18 18:35:00,4.46,4.46,4.45,4.45,7267.27
2026-07-18 18:40:00,4.45,4.47,4.45,4.46,28433.69
2026-07-18 18:45:00,4.46,4.47,4.45,4.46,62364.77
2026-07-18 18:50:00,4.46,4.46,4.45,4.45,8863.78
2026-07-18 18:55:00,4.45,4.45,4.45,4.45,38810.98
2026-07-18 19:00:00,4.45,4.46,4.45,4.46,65874.17
2026-07-18 19:05:00,4.46,4.48,4.46,4.47,99659.7
2026-07-18 19:10:00,4.47,4.47,4.46,4.46,32218.43
2026-07-18 19:15:00,4.46,4.46,4.45,4.45,32067.18
2026-07-18 19:20:00,4.45,4.46,4.45,4.46,73051.58
2026-07-18 19:25:00,4.46,4.48,4.46,4.47,55987.95
2026-07-18 19:30:00,4.47,4.49,4.47,4.48,21913.79
2026-07-18 19:35:00,4.48,4.5,4.48,4.5,66246.73
2026-07-18 19:40:00,4.5,4.52,4.49,4.49,25547.05
2026-07-18 19:45:00,4.49,4.49,4.48,4.49,150322.79
2026-07-18 19:50:00,4.49,4.5,4.48,4.48,118539.65
2026-07-18 19:55:00,4.48,4.5,4.47,4.47,245416.27
2026-07-18 20:00:00,4.47,4.48,4.47,4.47,52194.55
2026-07-18 20:05:00,4.47,4.49,4.46,4.46,188596.62
2026-07-18 20:10:00,4.46,4.47,4.45,4.45,37432.32
2026-07-18 20:15:00,4.45,4.46,4.44,4.45,42514.87
2026-07-18 20:20:00,4.45,4.46,4.45,4.45,21290.87
2026-07-18 20:25:00,4.45,4.47,4.45,4.46,24442.24
2026-07-18 20:30:00,4.46,4.47,4.46,4.46,16397.09
2026-07-18 20:35:00,4.46,4.46,4.46,4.46,7672.57
2026-07-18 20:40:00,4.46,4.46,4.45,4.45,213006.53
2026-07-18 20:45:00,4.45,4.46,4.45,4.46,24102.47
2026-07-18 20:50:00,4.46,4.47,4.46,4.47,35934.43
2026-07-18 20:55:00,4.47,4.47,4.46,4.47,36554.86
2026-07-18 21:00:00,4.47,4.49,4.46,4.48,182.99
2026-07-18 21:05:00,4.48,4.49,4.48,4.49,91059.24
2026-07-18 21:10:00,4.49,4.5,4.48,4.48,13591.72
2026-07-18 21:15:00,4.48,4.48,4.48,4.48,9633.34
2026-07-18 21:20:00,4.48,4.48,4.48,4.48,59708.5
2026-07-18 21:25:00,4.48,4.48,4.48,4.48,28303.0
2026-07-18 21:30:00,4.48,4.49,4.46,4.46,573437.2
2026-07-18 21:35:00,4.46,4.47,4.46,4.46,102557.91
2026-07-18 21:40:00,4.46,4.47,4.46,4.46,124354.19
2026-07-18 21:45:00,4.46,4.47,4.46,4.47,16597.43
2026-07-18 21:50:00,4.47,4.48,4.47,4.47,4661.6
2026-07-18 21:55:00,4.47,4.47,4.47,4.47,3345.86
2026-07-18 22:00:00,4.47,4.48,4.47,4.48,68774.07
2026-07-18 22:05:00,4.48,4.49,4.47,4.47,170033.02
2026-07-18 22:10:00,4.47,4.49,4.46,4.46,45209.26
2026-07-18 22:15:00,4.46,4.46,4.45,4.45,3992.2
2026-07-18 22:20:00,4.45,4.46,4.44,4.44,176933.56
2026-07-18 22:25:00,4.44,4.45,4.44,4.45,40968.26
2026-07-18 22:30:00,4.45,4.46,4.45,4.45,133109.88
2026-07-18 22:35:00,4.45,4.46,4.43,4.43,51070.46
2026-07-18 22:40:00,4.43,4.44,4.43,4.44,12804.87
2026-07-18 22:45:00,4.44,4.44,4.43,4.43,3660.66
2026-07-18 22:50:00,4.43,4.44,4.42,4.43,82177.24
2026-07-18 22:55:00,4.43,4.44,4.43,4.44,5738.58
2026-07-18 23:00:00,4.44,4.45,4.44,4.44,18810.17
2026-07-18 23:05:00,4.44,4.45,4.44,4.45,12399.35
2026-07-18 23:10:00,4.45,4.45,4.44,4.44,40674.5
2026-07-18 23:15:00,4.44,4.45,4.44,4.44,182571.62
2026-07-18 23:20:00,4.44,4.44,4.44,4.44,2741.91
2026-07-18 23:25:00,4.44,4.45,4.44,4.44,9910.35
2026-07-18 23:30:00,4.44,4.45,4.43,4.44,34819.75
2026-07-18 23:35:00,4.44,4.46,4.44,4.46,81676.11
2026-07-18 23:40:00,4.46,4.46,4.45,4.46,25160.4
2026-07-18 23:45:00,4.46,4.46,4.46,4.46,28618.84
2026-07-18 23:50:00,4.46,4.46,4.45,4.45,68887.43
2026-07-18 23:55:00,4.45,4.45,4.44,4.45,93955.87
2026-07-19 00:00:00,4.45,4.45,4.44,4.45,21902.64
2026-07-19 00:05:00,4.45,4.45,4.44,4.45,145692.41
2026-07-19 00:10:00,4.45,4.45,4.43,4.43,27104.2
2026-07-19 00:15:00,4.43,4.44,4.43,4.44,54494.68
2026-07-19 00:20:00,4.44,4.44,4.44,4.44,16641.58
2026-07-19 00:25:00,4.44,4.45,4.44,4.45,59496.94
2026-07-19 00:30:00,4.45,4.46,4.44,4.45,56592.49
2026-07-19 00:35:00,4.45,4.45,4.44,4.44,55482.1
2026-07-19 00:40:00,4.44,4.45,4.44,4.44,96905.28
2026-07-19 00:45:00,4.44,4.45,4.43,4.43,127.94
2026-07-19 00:50:00,4.43,4.43,4.43,4.43,34538.29
2026-07-19 00:55:00,4.43,4.44,4.41,4.44,587473.37
2026-07-19 01:00:00,4.44,4.44,4.44,4.44,92087.52
2026-07-19 01:05:00,4.44,4.44,4.43,4.44,7489.81
2026-07-19 01:10:00,4.44,4.45,4.44,4.44,47857.24
2026-07-19 01:15:00,4.44,4.45,4.44,4.44,157002.73
2026-07-19 01:20:00,4.44,4.46,4.44,4.45,60872.31
2026-07-19 01:25:00,4.45,4.47,4.44,4.46,120482.82
2026-07-19 01:30:00,4.46,4.47,4.46,4.46,16850.58
2026-07-19 01:35:00,4.46,4.47,4.46,4.47,9895.88
2026-07-19 01:40:00,4.47,4.47,4.46,4.46,16620.25
2026-07-19 01:45:00,4.46,4.46,4.45,4.46,18668.64
2026-07-19 01:50:00,4.46,4.46,4.45,4.45,211020.28
2026-07-19 01:55:00,4.45,4.45,4.45,4.45,45095.19
2026-07-19 02:00:00,4.45,4.46,4.45,4.46,16270.81
2026-07-19 02:05:00,4.46,4.46,4.45,4.46,117257.74
2026-07-19 02:10:00,4.46,4.47,4.46,4.47,61793.93
2026-07-19 02:15:00,4.47,4.48,4.47,4.47,458.01
2026-07-19 02:20:00,4.47,4.48,4.47,4.47,42650.89
2026-07-19 02:25:00,4.47,4.48,4.47,4.48,116011.65
2026-07-19 02:30:00,4.48,4.48,4.47,4.48,3577.44
2026-07-19 02:35:00,4.48,4.48,4.47,4.47,68744.99
2026-07-19 02:40:00,4.47,4.49,4.47,4.48,10615.92
2026-07-19 02:45:00,4.48,4.49,4.47,4.47,399541.9
2026-07-19 02:50:00,4.47,4.48,4.47,4.48,3355.41
2026-07-19 02:55:00,4.48,4.48,4.48,4.48,96393.81
2026-07-19 03:00:00,4.48,4.48,4.47,4.47,48923.17
2026-07-19 03:05:00,4.47,4.47,4.46,4.46,99024.93
2026-07-19 03:10:00,4.46,4.48,4.45,4.47,23016.82
2026-07-19 03:15:00,4.47,4.48,4.47,4.47,122291.69
2026-07-19 03:20:00,4.47,4.48,4.46,4.47,49094.39
2026-07-19 03:25:00,4.47,4.47,4.47,4.47,199484.75
2026-07-19 03:30:00,4.47,4.47,4.47,4.47,13362.87
2026-07-19 03:35:00,4.47,4.49,4.47,4.48,91451.62
2026-07-19 03:40:00,4.48,4.48,4.48,4.48,24524.98
2026-07-19 03:45:00,4.48,4.49,4.47,4.49,23051.1
2026-07-19 03:50:00,4.49,4.49,4.48,4.49,33160.28
2026-07-19 03:55:00,4.49,4.51,4.47,4.48,94825.91
2026-07-19 04:00:00,4.48,4.48,4.47,4.47,19375.61
2026-07-19 04:05:00,4.47,4.48,4.47,4.48,27057.28
2026-07-19 04:10:00,4.48,4.49,4.46,4.47,35281.15
2026-07-19 04:15:00,4.47,4.47,4.46,4.47,38710.27
2026-07-19 04:20:00,4.47,4.48,4.47,4.48,5135.07
2026-07-19 04:25:00,4.48,4.49,4.47,4.48,52173.64
2026-07-19 04:30:00,4.48,4.48,4.47,4.47,44464.78
2026-07-19 04:35:00,4.47,4.49,4.47,4.48,74012.92
2026-07-19 04:40:00,4.48,4.49,4.47,4.48,4651.67
2026-07-19 04:45:00,4.48,4.49,4.47,4.47,57581.63
2026-07-19 04:50:00,4.47,4.48,4.47,4.47,153766.3
2026-07-19 04:55:00,4.47,4.47,4.46,4.46,10657.97
2026-07-19 05:00:00,4.46,4.46,4.45,4.46,40984.01
2026-07-19 05:05:00,4.46,4.46,4.45,4.46,17978.09
2026-07-19 05:10:00,4.46,4.46,4.45,4.45,75143.49
2026-07-19 05:15:00,4.45,4.46,4.45,4.45,52652.78
2026-07-19 05:20:00,4.45,4.45,4.44,4.45,14187.19
2026-07-19 05:25:00,4.45,4.45,4.44,4.44,138043.94
2026-07-19 05:30:00,4.44,4.45,4.44,4.44,16914.42
2026-07-19 05:35:00,4.44,4.45,4.43,4.45,47558.14
2026-07-19 05:40:00,4.45,4.45,4.44,4.45,54234.81
2026-07-19 05:45:00,4.45,4.46,4.45,4.46,50654.11
2026-07-19 05:50:00,4.46,4.46,4.45,4.45,30662.02
2026-07-19 05:55:00,4.45,4.45,4.44,4.45,5501.16
2026-07-19 06:00:00,4.45,4.46,4.44,4.45,197072.11
2026-07-19 06:05:00,4.45,4.46,4.45,4.46,10164.17
2026-07-19 06:10:00,4.46,4.46,4.45,4.46,58820.07
2026-07-19 06:15:00,4.46,4.46,4.45,4.45,52331.12
2026-07-19 06:20:00,4.45,4.47,4.45,4.46,277214.55
2026-07-19 06:25:00,4.46,4.48,4.46,4.47,124409.27
2026-07-19 06:30:00,4.47,4.47,4.46,4.46,38330.02
2026-07-19 06:35:00,4.46,4.47,4.46,4.47,154612.43
2026-07-19 06:40:00,4.47,4.47,4.46,4.46,43798.59
2026-07-19 06:45:00,4.46,4.47,4.46,4.47,2028.09
2026-07-19 06:50:00,4.47,4.48,4.46,4.47,7912.52
2026-07-19 06:55:00,4.47,4.48,4.46,4.46,40407.58
2026-07-19 07:00:00,4.46,4.47,4.46,4.46,349.05
2026-07-19 07:05:00,4.46,4.47,4.45,4.46,150502.84
2026-07-19 07:10:00,4.46,4.46,4.45,4.46,40746.7
2026-07-19 07:15:00,4.46,4.46,4.45,4.46,8023.47
2026-07-19 07:20:00,4.46,4.48,4.46,4.48,96262.79
2026-07-19 07:25:00,4.48,4.48,4.47,4.48,64310.17
2026-07-19 07:30:00,4.48,4.49,4.46,4.46,134970.37
2026-07-19 07:35:00,4.46,4.47,4.46,4.46,35324.93
2026-07-19 07:40:00,4.46,4.48,4.46,4.48,66734.67
2026-07-19 07:45:00,4.48,4.48,4.46,4.46,58658.36
2026-07-19 07:50:00,4.46,4.47,4.46,4.46,23576.35
2026-07-19 07:55:00,4.46,4.47,4.45,4.46,110577.57
2026-07-19 08:00:00,4.46,4.46,4.44,4.44,92578.82
2026-07-19 08:05:00,4.44,4.46,4.44,4.45,28736.48
2026-07-19 08:10:00,4.45,4.46,4.43,4.46,119803.98
2026-07-19 08:15:00,4.46,4.46,4.45,4.46,3104.68
2026-07-19 08:20:00,4.46,4.47,4.46,4.46,65252.45
2026-07-19 08:25:00,4.46,4.47,4.44,4.45,19339.56
2026-07-19 08:30:00,4.45,4.46,4.45,4.46,38153.05
2026-07-19 08:35:00,4.46,4.46,4.44,4.44,9696.03
2026-07-19 08:40:00,4.44,4.45,4.43,4.45,4958.25
2026-07-19 08:45:00,4.45,4.45,4.44,4.44,42373.48
2026-07-19 08:50:00,4.44,4.45,4.44,4.44,10144.95
2026-07-19 08:55:00,4.44,4.44,4.44,4.44,38620.3
2026-07-19 09:00:00,4.44,4.45,4.44,4.45,1824.73
2026-07-19 09:05:00,4.45,4.45,4.44,4.45,50904.49
2026-07-19 09:10:00,4.45,4.46,4.45,4.45,66327.87
2026-07-19 09:15:00,4.45,4.46,4.44,4.44,51033.88
2026-07-19 09:20:00,4.44,4.46,4.44,4.45,48195.93
2026-07-19 09:25:00,4.45,4.45,4.45,4.45,53091.49
2026-07-19 09:30:00,4.45,4.46,4.44,4.46,24610.24
2026-07-19 09:35:00,4.46,4.47,4.45,4.47,44288.01
2026-07-19 09:40:00,4.47,4.48,4.46,4.48,41898.1
2026-07-19 09:45:00,4.48,4.48,4.46,4.46,72356.61
2026-07-19 09:50:00,4.46,4.46,4.46,4.46,51623.11
2026-07-19 09:55:00,4.46,4.47,4.46,4.47,176746.0
2026-07-19 10:00:00,4.47,4.47,4.45,4.46,28233.44
2026-07-19 10:05:00,4.46,4.46,4.45,4.46,109074.36
2026-07-19 10:10:00,4.46,4.47,4.46,4.46,13619.52
2026-07-19 10:15:00,4.46,4.49,4.46,4.48,63599.1
2026-07-19 10:20:00,4.48,4.48,4.47,4.47,43053.84
2026-07-19 10:25:00,4.47,4.48,4.47,4.47,45091.14
2026-07-19 10:30:00,4.47,4.47,4.46,4.47,59727.8
2026-07-19 10:35:00,4.47,4.49,4.46,4.48,115120.89
2026-07-19 10:40:00,4.48,4.49,4.47,4.49,79661.61
2026-07-19 10:45:00,4.49,4.51,4.47,4.48,1114870.54
2026-07-19 10:50:00,4.48,4.48,4.47,4.47,11920.06
2026-07-19 10:55:00,4.47,4.47,4.46,4.47,50870.6
2026-07-19 11:00:00,4.47,4.47,4.46,4.46,59167.78
2026-07-19 11:05:00,4.46,4.46,4.46,4.46,30825.69
2026-07-19 11:10:00,4.46,4.47,4.46,4.47,57119.57
2026-07-19 11:15:00,4.47,4.47,4.46,4.46,40698.32
2026-07-19 11:20:00,4.46,4.47,4.46,4.47,47700.49
2026-07-19 11:25:00,4.47,4.48,4.47,4.48,103714.44
2026-07-19 11:30:00,4.48,4.48,4.47,4.48,86325.97
2026-07-19 11:35:00,4.48,4.48,4.46,4.46,176461.89
2026-07-19 11:40:00,4.46,4.46,4.46,4.46,1135.46
2026-07-19 11:45:00,4.46,4.46,4.45,4.46,1688.42
2026-07-19 11:50:00,4.46,4.47,4.46,4.46,5324.39
2026-07-19 11:55:00,4.46,4.46,4.45,4.46,8795.04
2026-07-19 12:00:00,4.46,4.46,4.46,4.46,33575.57
2026-07-19 12:05:00,4.46,4.47,4.46,4.46,18163.23
2026-07-19 12:10:00,4.46,4.47,4.46,4.46,95986.29
2026-07-19 12:15:00,4.46,4.46,4.45,4.46,30141.89
2026-07-19 12:20:00,4.46,4.47,4.46,4.46,24520.01
2026-07-19 12:25:00,4.46,4.47,4.46,4.46,3683.38
2026-07-19 12:30:00,4.46,4.47,4.46,4.46,23093.04
2026-07-19 12:35:00,4.46,4.48,4.46,4.48,37470.4
2026-07-19 12:40:00,4.48,4.48,4.46,4.46,105294.88
2026-07-19 12:45:00,4.46,4.47,4.46,4.46,9339.35
2026-07-19 12:50:00,4.46,4.47,4.46,4.47,15915.36
2026-07-19 12:55:00,4.47,4.48,4.46,4.46,32206.74
2026-07-19 13:00:00,4.46,4.47,4.46,4.47,5127.04
2026-07-19 13:05:00,4.47,4.48,4.47,4.47,20389.79
2026-07-19 13:10:00,4.47,4.48,4.47,4.47,49817.97
2026-07-19 13:15:00,4.47,4.48,4.46,4.46,17889.23
2026-07-19 13:20:00,4.46,4.46,4.46,4.46,137762.86
2026-07-19 13:25:00,4.46,4.47,4.46,4.47,37050.9
2026-07-19 13:30:00,4.47,4.47,4.46,4.46,7687.86
2026-07-19 13:35:00,4.46,4.47,4.45,4.45,140556.22
2026-07-19 13:40:00,4.45,4.46,4.44,4.45,53234.28
2026-07-19 13:45:00,4.45,4.46,4.44,4.45,593863.15
2026-07-19 13:50:00,4.45,4.46,4.45,4.45,39531.52
2026-07-19 13:55:00,4.45,4.45,4.45,4.45,107880.08
2026-07-19 14:00:00,4.45,4.45,4.44,4.45,8131.75
2026-07-19 14:05:00,4.45,4.45,4.44,4.45,6931.16
2026-07-19 14:10:00,4.45,4.45,4.44,4.45,31924.0
2026-07-19 14:15:00,4.45,4.46,4.45,4.46,11100.85
2026-07-19 14:20:00,4.46,4.46,4.45,4.46,73618.09
2026-07-19 14:25:00,4.46,4.48,4.46,4.47,4097.93
2026-07-19 14:30:00,4.47,4.47,4.47,4.47,20736.45
2026-07-19 14:35:00,4.47,4.48,4.47,4.47,6992.63
2026-07-19 14:40:00,4.47,4.48,4.47,4.48,100924.97
2026-07-19 14:45:00,4.48,4.49,4.47,4.49,20258.79
2026-07-19 14:50:00,4.49,4.5,4.47,4.48,34709.27
2026-07-19 14:55:00,4.48,4.48,4.47,4.48,53275.04
2026-07-19 15:00:00,4.48,4.48,4.47,4.48,255843.98
2026-07-19 15:05:00,4.48,4.49,4.47,4.49,12104.58
2026-07-19 15:10:00,4.49,4.5,4.48,4.48,170959.72
2026-07-19 15:15:00,4.48,4.48,4.47,4.48,31958.34
2026-07-19 15:20:00,4.48,4.48,4.47,4.48,1775.2
2026-07-19 15:25:00,4.48,4.48,4.47,4.48,101182.44
2026-07-19 15:30:00,4.48,4.48,4.47,4.48,15947.37
2026-07-19 15:35:00,4.48,4.48,4.47,4.48,30559.35
2026-07-19 15:40:00,4.48,4.49,4.47,4.48,21710.85
2026-07-19 15:45:00,4.48,4.49,4.48,4.48,22624.29
2026-07-19 15:50:00,4.48,4.49,4.47,4.47,267414.92
2026-07-19 15:55:00,4.47,4.48,4.47,4.48,68259.01
2026-07-19 16:00:00,4.48,4.49,4.47,4.48,3613.19
2026-07-19 16:05:00,4.48,4.49,4.48,4.49,3864.23
2026-07-19 16:10:00,4.49,4.5,4.47,4.47,55016.52
2026-07-19 16:15:00,4.47,4.49,4.47,4.49,90673.43
2026-07-19 16:20:00,4.49,4.5,4.47,4.48,52740.42
2026-07-19 16:25:00,4.48,4.49,4.48,4.49,35889.74
2026-07-19 16:30:00,4.49,4.5,4.48,4.48,401409.38
2026-07-19 16:35:00,4.48,4.48,4.48,4.48,9476.18
2026-07-19 16:40:00,4.48,4.48,4.47,4.47,249.81
2026-07-19 16:45:00,4.47,4.48,4.47,4.48,93006.35
2026-07-19 16:50:00,4.48,4.48,4.47,4.48,40102.75
2026-07-19 16:55:00,4.48,4.49,4.48,4.48,3329.59
2026-07-19 17:00:00,4.48,4.49,4.47,4.47,14317.34
2026-07-19 17:05:00,4.47,4.48,4.47,4.47,18513.15
2026-07-19 17:10:00,4.47,4.49,4.47,4.47,31479.92
2026-07-19 17:15:00,4.47,4.48,4.47,4.48,149862.48
2026-07-19 17:20:00,4.48,4.49,4.48,4.49,6492.12
2026-07-19 17:25:00,4.49,4.5,4.48,4.49,489483.85
2026-07-19 17:30:00,4.49,4.5,4.47,4.47,78850.46
2026-07-19 17:35:00,4.47,4.48,4.47,4.48,25087.91
2026-07-19 17:40:00,4.48,4.48,4.48,4.48,8136.86
2026-07-19 17:45:00,4.48,4.49,4.47,4.48,4465.63
2026-07-19 17:50:00,4.48,4.48,4.47,4.47,30006.59
2026-07-19 17:55:00,4.47,4.48,4.47,4.48,12473.84
2026-07-19 18:00:00,4.48,4.5,4.47,4.49,31696.35
2026-07-19 18:05:00,4.49,4.5,4.48,4.5,29363.41
2026-07-19 18:10:00,4.5,4.5,4.49,4.49,60449.56
2026-07-19 18:15:00,4.49,4.51,4.48,4.48,533786.24
2026-07-19 18:20:00,4.48,4.49,4.46,4.47,53481.47
2026-07-19 18:25:00,4.47,4.47,4.46,4.46,18410.84
2026-07-19 18:30:00,4.46,4.47,4.45,4.45,122.43
2026-07-19 18:35:00,4.45,4.46,4.45,4.46,3493.79
2026-07-19 18:40:00,4.46,4.46,4.46,4.46,107220.4
2026-07-19 18:45:00,4.46,4.46,4.45,4.46,87456.19
2026-07-19 18:50:00,4.46,4.47,4.45,4.46,98132.86
2026-07-19 18:55:00,4.46,4.47,4.46,4.46,7746.14
2026-07-19 19:00:00,4.46,4.47,4.46,4.46,13767.93
2026-07-19 19:05:00,4.46,4.47,4.45,4.47,237313.99
2026-07-19 19:10:00,4.47,4.48,4.47,4.48,26101.38
2026-07-19 19:15:00,4.48,4.49,4.48,4.49,13959.25
2026-07-19 19:20:00,4.49,4.49,4.48,4.49,99774.21
2026-07-19 19:25:00,4.49,4.5,4.48,4.48,165689.27
2026-07-19 19:30:00,4.48,4.49,4.48,4.49,59759.31
2026-07-19 19:35:00,4.49,4.49,4.48,4.49,187630.44
2026-07-19 19:40:00,4.49,4.5,4.48,4.5,100372.13
2026-07-19 19:45:00,4.5,4.52,4.5,4.51,3755.17
2026-07-19 19:50:00,4.51,4.53,4.5,4.51,9033.9
2026-07-19 19:55:00,4.51,4.52,4.5,4.52,1606.94
2026-07-19 20:00:00,4.52,4.52,4.51,4.51,32891.83
2026-07-19 20:05:00,4.51,4.52,4.51,4.52,5077.35
2026-07-19 20:10:00,4.52,4.52,4.52,4.52,15977.25
2026-07-19 20:15:00,4.52,4.53,4.52,4.53,60639.46
2026-07-19 20:20:00,4.53,4.53,4.52,4.52,20532.59
2026-07-19 20:25:00,4.52,4.53,4.51,4.51,62423.05
2026-07-19 20:30:00,4.51,4.52,4.51,4.52,32543.22
2026-07-19 20:35:00,4.52,4.53,4.51,4.52,46024.85
2026-07-19 20:40:00,4.52,4.53,4.51,4.53,30118.24
2026-07-19 20:45:00,4.53,4.53,4.52,4.53,27756.68
2026-07-19 20:50:00,4.53,4.53,4.53,4.53,320102.93
2026-07-19 20:55:00,4.53,4.53,4.52,4.52,528.29
2026-07-19 21:00:00,4.52,4.53,4.51,4.52,267311.55
2026-07-19 21:05:00,4.52,4.52,4.49,4.5,29805.81
2026-07-19 21:10:00,4.5,4.52,4.49,4.49,235598.62
2026-07-19 21:15:00,4.49,4.5,4.49,4.49,92399.49
2026-07-19 21:20:00,4.49,4.5,4.49,4.5,54361.25
2026-07-19 21:25:00,4.5,4.51,4.49,4.5,189854.57
2026-07-19 21:30:00,4.5,4.5,4.48,4.48,42727.87
2026-07-19 21:35:00,4.48,4.49,4.48,4.49,363.09
2026-07-19 21:40:00,4.49,4.51,4.48,4.5,29483.96
2026-07-19 21:45:00,4.5,4.5,4.49,4.49,41658.87
2026-07-19 21:50:00,4.49,4.51,4.48,4.48,61147.52
2026-07-19 21:55:00,4.48,4.49,4.48,4.49,3316.12
2026-07-19 22:00:00,4.49,4.5,4.49,4.5,83824.99
2026-07-19 22:05:00,4.5,4.52,4.49,4.49,118090.59
2026-07-19 22:10:00,4.49,4.5,4.48,4.49,11058.9
2026-07-19 22:15:00,4.49,4.49,4.48,4.49,3183.08
2026-07-19 22:20:00,4.49,4.49,4.48,4.49,40790.47
2026-07-19 22:25:00,4.49,4.49,4.48,4.49,176669.42
2026-07-19 22:30:00,4.49,4.49,4.48,4.49,3401.71
2026-07-19 22:35:00,4.49,4.49,4.49,4.49,6857.1
2026-07-19 22:40:00,4.49,4.5,4.48,4.49,16495.8
2026-07-19 22:45:00,4.49,4.49,4.48,4.49,23939.55
2026-07-19 22:50:00,4.49,4.5,4.48,4.49,12431.32
2026-07-19 22:55:00,4.49,4.5,4.48,4.49,26328.14
2026-07-19 23:00:00,4.49,4.5,4.49,4.5,70554.9
2026-07-19 23:05:00,4.5,4.5,4.49,4.49,179853.36
2026-07-19 23:10:00,4.49,4.49,4.49,4.49,68963.57
2026-07-19 23:15:00,4.49,4.49,4.48,4.48,37328.41
2026-07-19 23:20:00,4.48,4.49,4.47,4.49,30942.55
2026-07-19 23:25:00,4.49,4.49,4.48,4.49,322994.18
2026-07-19 23:30:00,4.49,4.51,4.49,4.5,65394.46
2026-07-19 23:35:00,4.5,4.5,4.5,4.5,64244.28
2026-07-19 23:40:00,4.5,4.51,4.49,4.5,31570.5
2026-07-19 23:45:00,4.5,4.5,4.49,4.49,61058.46
2026-07-19 23:50:00,4.49,4.5,4.49,4.5,63857.63
2026-07-19 23:55:00,4.5,4.5,4.49,4.5,127535.14
2026-07-20 00:00:00,4.5,4.51,4.5,4.5,35647.94
2026-07-20 00:05:00,4.5,4.5,4.49,4.49,5166.95
2026-07-20 00:10:00,4.49,4.49,4.49,4.49,2281.28
2026-07-20 00:15:00,4.49,4.5,4.49,4.5,17998.72
2026-07-20 00:20:00,4.5,4.5,4.5,4.5,92842.39
2026-07-20 00:25:00,4.5,4.5,4.5,4.5,910.55
2026-07-20 00:30:00,4.5,4.5,4.49,4.5,12859.93
2026-07-20 00:35:00,4.5,4.5,4.49,4.49,31547.24
2026-07-20 00:40:00,4.49,4.5,4.48,4.48,24018.15
2026-07-20 00:45:00,4.48,4.48,4.48,4.48,59472.82
2026-07-20 00:50:00,4.48,4.49,4.47,4.48,68437.05
2026-07-20 00:55:00,4.48,4.49,4.46,4.49,69797.98
2026-07-20 01:00:00,4.49,4.49,4.47,4.48,2809.5
2026-07-20 01:05:00,4.48,4.49,4.47,4.49,97681.22
2026-07-20 01:10:00,4.49,4.49,4.49,4.49,61540.85
2026-07-20 01:15:00,4.49,4.49,4.47,4.48,9656.44
2026-07-20 01:20:00,4.48,4.49,4.46,4.48,99027.41
2026-07-20 01:25:00,4.48,4.5,4.47,4.49,188176.29
2026-07-20 01:30:00,4.49,4.5,4.49,4.49,90973.28
2026-07-20 01:35:00,4.49,4.51,4.49,4.5,96445.88
2026-07-20 01:40:00,4.5,4.51,4.5,4.51,120836.49
2026-07-20 01:45:00,4.51,4.51,4.49,4.5,59451.58
2026-07-20 01:50:00,4.5,4.51,4.5,4.5,76698.85
2026-07-20 01:55:00,4.5,4.51,4.49,4.49,20870.1
2026-07-20 02:00:00,4.49,4.5,4.49,4.49,62147.51
2026-07-20 02:05:00,4.49,4.5,4.48,4.5,138382.5
2026-07-20 02:10:00,4.5,4.5,4.49,4.5,66977.78
2026-07-20 02:15:00,4.5,4.51,4.5,4.51,15434.99
2026-07-20 02:20:00,4.51,4.51,4.51,4.51,66215.19
2026-07-20 02:25:00,4.51,4.51,4.5,4.5,61821.17
2026-07-20 02:30:00,4.5,4.5,4.5,4.5,16671.8
2026-07-20 02:35:00,4.5,4.5,4.5,4.5,8226.27
2026-07-20 02:40:00,4.5,4.5,4.49,4.49,10373.44
2026-07-20 02:45:00,4.49,4.51,4.49,4.51,7061.13
2026-07-20 02:50:00,4.51,4.52,4.5,4.52,6300.81
2026-07-20 02:55:00,4.52,4.53,4.52,4.52,224727.08
2026-07-20 03:00:00,4.52,4.54,4.51,4.51,847070.04
2026-07-20 03:05:00,4.51,4.52,4.5,4.5,29937.12
2026-07-20 03:10:00,4.5,4.5,4.5,4.5,44820.27
2026-07-20 03:15:00,4.5,4.51,4.49,4.51,35228.14
2026-07-20 03:20:00,4.51,4.51,4.5,4.5,3357.99
2026-07-20 03:25:00,4.5,4.51,4.5,4.51,18468.9
2026-07-20 03:30:00,4.51,4.53,4.51,4.51,21299.13
2026-07-20 03:35:00,4.51,4.52,4.51,4.51,68162.93
2026-07-20 03:40:00,4.51,4.51,4.49,4.5,6692.32
2026-07-20 03:45:00,4.5,4.51,4.5,4.51,2000.7
2026-07-20 03:50:00,4.51,4.51,4.51,4.51,87156.08
2026-07-20 03:55:00,4.51,4.51,4.48,4.49,195240.48
2026-07-20 04:00:00,4.49,4.49,4.49,4.49,20190.79
2026-07-20 04:05:00,4.49,4.49,4.49,4.49,40096.34
2026-07-20 04:10:00,4.49,4.5,4.48,4.5,55815.51
2026-07-20 04:15:00,4.5,4.51,4.5,4.5,90399.44
2026-07-20 04:20:00,4.5,4.51,4.49,4.5,9322.83
2026-07-20 04:25:00,4.5,4.51,4.5,4.5,28991.92
2026-07-20 04:30:00,4.5,4.5,4.5,4.5,38683.67
2026-07-20 04:35:00,4.5,4.51,4.49,4.5,35280.58
2026-07-20 04:40:00,4.5,4.5,4.49,4.5,14913.59
2026-07-20 04:45:00,4.5,4.52,4.49,4.51,4225.68
2026-07-20 04:50:00,4.51,4.51,4.5,4.5,9224.85
2026-07-20 04:55:00,4.5,4.51,4.5,4.51,129784.38
2026-07-20 05:00:00,4.51,4.51,4.51,4.51,151109.01
2026-07-20 05:05:00,4.51,4.51,4.5,4.51,233284.26
2026-07-20 05:10:00,4.51,4.51,4.51,4.51,12990.21
2026-07-20 05:15:00,4.51,4.51,4.51,4.51,67521.94
2026-07-20 05:20:00,4.51,4.52,4.51,4.52,465.84
2026-07-20 05:25:00,4.52,4.52,4.51,4.52,26875.66
2026-07-20 05:30:00,4.52,4.53,4.51,4.51,286418.73
2026-07-20 05:35:00,4.51,4.52,4.5,4.51,6524.22
2026-07-20 05:40:00,4.51,4.52,4.51,4.51,12270.67
2026-07-20 05:45:00,4.51,4.52,4.51,4.52,11440.47
2026-07-20 05:50:00,4.52,4.53,4.51,4.52,358394.59
2026-07-20 05:55:00,4.52,4.53,4.5,4.51,681317.06
2026-07-20 06:00:00,4.51,4.52,4.5,4.52,73489.61
2026-07-20 06:05:00,4.52,4.53,4.52,4.53,21245.75
2026-07-20 06:10:00,4.53,4.53,4.52,4.52,105731.07
2026-07-20 06:15:00,4.52,4.53,4.51,4.53,44931.97
2026-07-20 06:20:00,4.53,4.54,4.52,4.52,34662.15
2026-07-20 06:25:00,4.52,4.53,4.51,4.51,167628.62
2026-07-20 06:30:00,4.51,4.52,4.5,4.5,598872.11
2026-07-20 06:35:00,4.5,4.51,4.49,4.51,82288.3
2026-07-20 06:40:00,4.51,4.51,4.5,4.5,7463.16
2026-07-20 06:45:00,4.5,4.51,4.5,4.5,66453.46
2026-07-20 06:50:00,4.5,4.51,4.5,4.51,18618.15
2026-07-20 06:55:00,4.51,4.52,4.5,4.51,32530.4
2026-07-20 07:00:00,4.51,4.53,4.5,4.53,52521.39
2026-07-20 07:05:00,4.53,4.53,4.52,4.52,34204.88
2026-07-20 07:10:00,4.52,4.53,4.52,4.52,24779.47
2026-07-20 07:15:00,4.52,4.52,4.51,4.51,19362.6
2026-07-20 07:20:00,4.51,4.53,4.51,4.53,35311.54
2026-07-20 07:25:00,4.53,4.54,4.52,4.52,418527.3
2026-07-20 07:30:00,4.52,4.53,4.51,4.52,44356.04
2026-07-20 07:35:00,4.52,4.53,4.52,4.52,4890.6
2026-07-20 07:40:00,4.52,4.53,4.51,4.52,1894.84
2026-07-20 07:45:00,4.52,4.52,4.51,4.52,70864.82
2026-07-20 07:50:00,4.52,4.53,4.52,4.52,6058.28
2026-07-20 07:55:00,4.52,4.52,4.52,4.52,26534.66
2026-07-20 08:00:00,4.52,4.52,4.51,4.52,55273.48
2026-07-20 08:05:00,4.52,4.52,4.51,4.52,57660.84
2026-07-20 08:10:00,4.52,4.52,4.5,4.5,192811.84
2026-07-20 08:15:00,4.5,4.51,4.5,4.51,15764.57
2026-07-20 08:20:00,4.51,4.51,4.5,4.51,254420.85
2026-07-20 08:25:00,4.51,4.51,4.5,4.5,41151.51
2026-07-20 08:30:00,4.5,4.51,4.5,4.5,76242.4
2026-07-20 08:35:00,4.5,4.5,4.49,4.5,153357.79
2026-07-20 08:40:00,4.5,4.51,4.5,4.51,78248.2
2026-07-20 08:45:00,4.51,4.52,4.5,4.51,14134.61
2026-07-20 08:50:00,4.51,4.52,4.51,4.52,8977.37
2026-07-20 08:55:00,4.52,4.53,4.52,4.53,44735.7
2026-07-20 09:00:00,4.53,4.53,4.52,4.53,76758.37
2026-07-20 09:05:00,4.53,4.53,4.52,4.53,10194.79
2026-07-20 09:10:00,4.53,4.54,4.53,4.54,155986.39
2026-07-20 09:15:00,4.54,4.55,4.54,4.55,17213.86
2026-07-20 09:20:00,4.55,4.56,4.55,4.55,10918.07
2026-07-20 09:25:00,4.55,4.56,4.54,4.54,44950.23
2026-07-20 09:30:00,4.54,4.54,4.53,4.53,67739.67
2026-07-20 09:35:00,4.53,4.54,4.53,4.53,6628.35
2026-07-20 09:40:00,4.53,4.54,4.53,4.54,107246.63
2026-07-20 09:45:00,4.54,4.54,4.53,4.53,20046.35
2026-07-20 09:50:00,4.53,4.54,4.52,4.53,91183.23
2026-07-20 09:55:00,4.53,4.54,4.52,4.54,66158.87
2026-07-20 10:00:00,4.54,4.55,4.54,4.54,63447.56
2026-07-20 10:05:00,4.54,4.54,4.53,4.53,147711.4
2026-07-20 10:10:00,4.53,4.54,4.53,4.54,110971.95
2026-07-20 10:15:00,4.54,4.56,4.53,4.53,265042.87
2026-07-20 10:20:00,4.53,4.53,4.53,4.53,1360.54
2026-07-20 10:25:00,4.53,4.53,4.53,4.53,20654.1
2026-07-20 10:30:00,4.53,4.54,4.52,4.53,44157.71
2026-07-20 10:35:00,4.53,4.54,4.53,4.53,50552.94
2026-07-20 10:40:00,4.53,4.55,4.53,4.55,155361.73
2026-07-20 10:45:00,4.55,4.56,4.53,4.53,54433.22
2026-07-20 10:50:00,4.53,4.55,4.53,4.54,7093.9
2026-07-20 10:55:00,4.54,4.56,4.54,4.56,74935.54
2026-07-20 11:00:00,4.56,4.56,4.54,4.55,564203.5
2026-07-20 11:05:00,4.55,4.56,4.54,4.54,91466.14
2026-07-20 11:10:00,4.54,4.55,4.52,4.53,224881.58
2026-07-20 11:15:00,4.53,4.53,4.52,4.52,36006.45
2026-07-20 11:20:00,4.52,4.54,4.52,4.53,44352.08
2026-07-20 11:25:00,4.53,4.53,4.53,4.53,11112.39
2026-07-20 11:30:00,4.53,4.54,4.53,4.54,6573.66
2026-07-20 11:35:00,4.54,4.54,4.53,4.54,5937.84
2026-07-20 11:40:00,4.54,4.54,4.53,4.54,59955.21
2026-07-20 11:45:00,4.54,4.55,4.53,4.54,76553.67
2026-07-20 11:50:00,4.54,4.54,4.53,4.54,17206.14
2026-07-20 11:55:00,4.54,4.54,4.54,4.54,11783.69
2026-07-20 12:00:00,4.54,4.54,4.53,4.54,52945.9
2026-07-20 12:05:00,4.54,4.56,4.54,4.55,102196.33
2026-07-20 12:10:00,4.55,4.55,4.53,4.54,38611.48
2026-07-20 12:15:00,4.54,4.54,4.53,4.53,12047.56
2026-07-20 12:20:00,4.53,4.54,4.52,4.54,59752.85
2026-07-20 12:25:00,4.54,4.56,4.53,4.56,228572.83
2026-07-20 12:30:00,4.56,4.56,4.55,4.56,200037.3
2026-07-20 12:35:00,4.56,4.56,4.55,4.55,82108.55
2026-07-20 12:40:00,4.55,4.56,4.55,4.55,41212.13
2026-07-20 12:45:00,4.55,4.57,4.54,4.54,3013.48
2026-07-20 12:50:00,4.54,4.55,4.53,4.54,209991.83
2026-07-20 12:55:00,4.54,4.54,4.52,4.53,9185.26
2026-07-20 13:00:00,4.53,4.54,4.53,4.53,15731.17
2026-07-20 13:05:00,4.53,4.54,4.53,4.54,119405.5
2026-07-20 13:10:00,4.54,4.54,4.53,4.53,9134.3
2026-07-20 13:15:00,4.53,4.54,4.53,4.53,17813.29
2026-07-20 13:20:00,4.53,4.53,4.52,4.53,26033.03
2026-07-20 13:25:00,4.53,4.53,4.52,4.53,136392.1
2026-07-20 13:30:00,4.53,4.53,4.53,4.53,72148.51
2026-07-20 13:35:00,4.53,4.53,4.51,4.52,35492.34
2026-07-20 13:40:00,4.52,4.53,4.52,4.53,8855.35
2026-07-20 13:45:00,4.53,4.53,4.52,4.52,45724.98
2026-07-20 13:50:00,4.52,4.53,4.52,4.53,9889.09
2026-07-20 13:55:00,4.53,4.53,4.52,4.53,37510.42
2026-07-20 14:00:00,4.53,4.53,4.52,4.52,44388.6
2026-07-20 14:05:00,4.52,4.53,4.52,4.53,56030.25
2026-07-20 14:10:00,4.53,4.53,4.52,4.53,58600.86
2026-07-20 14:15:00,4.53,4.54,4.52,4.53,13098.93
2026-07-20 14:20:00,4.53,4.54,4.53,4.53,5216.45
2026-07-20 14:25:00,4.53,4.54,4.53,4.53,30783.95
2026-07-20 14:30:00,4.53,4.54,4.52,4.54,3551.84
2026-07-20 14:35:00,4.54,4.54,4.53,4.54,126889.47
2026-07-20 14:40:00,4.54,4.54,4.53,4.54,39891.37
2026-07-20 14:45:00,4.54,4.54,4.53,4.53,31823.73
2026-07-20 14:50:00,4.53,4.53,4.51,4.51,25576.6
2026-07-20 14:55:00,4.51,4.52,4.51,4.52,14205.64
2026-07-20 15:00:00,4.52,4.53,4.51,4.53,33642.73
2026-07-20 15:05:00,4.53,4.53,4.51,4.52,92642.2
2026-07-20 15:10:00,4.52,4.53,4.51,4.53,50921.8
2026-07-20 15:15:00,4.53,4.53,4.53,4.53,23849.38
2026-07-20 15:20:00,4.53,4.53,4.52,4.52,9712.85
2026-07-20 15:25:00,4.52,4.53,4.51,4.53,181391.28
2026-07-20 15:30:00,4.53,4.53,4.53,4.53,9083.31
2026-07-20 15:35:00,4.53,4.53,4.53,4.53,23550.34
2026-07-20 15:40:00,4.53,4.55,4.53,4.54,2744.83
2026-07-20 15:45:00,4.54,4.54,4.53,4.54,30123.79
2026-07-20 15:50:00,4.54,4.54,4.52,4.52,13324.81
2026-07-20 15:55:00,4.52,4.53,4.51,4.52,110171.97
2026-07-20 16:00:00,4.52,4.54,4.52,4.53,56119.63
2026-07-20 16:05:00,4.53,4.53,4.52,4.53,99608.67
2026-07-20 16:10:00,4.53,4.53,4.52,4.52,26976.43
2026-07-20 16:15:00,4.52,4.54,4.52,4.54,110466.38
2026-07-20 16:20:00,4.54,4.56,4.53,4.55,1376.45
2026-07-20 16:25:00,4.55,4.56,4.55,4.56,15467.24
2026-07-20 16:30:00,4.56,4.56,4.54,4.55,4129.92
2026-07-20 16:35:00,4.55,4.55,4.54,4.54,60833.86
2026-07-20 16:40:00,4.54,4.55,4.52,4.53,12263.1
2026-07-20 16:45:00,4.53,4.54,4.52,4.52,2899.1
2026-07-20 16:50:00,4.52,4.53,4.51,4.52,10661.32
2026-07-20 16:55:00,4.52,4.52,4.51,4.52,81590.09
2026-07-20 17:00:00,4.52,4.52,4.51,4.52,132354.58
2026-07-20 17:05:00,4.52,4.52,4.51,4.51,212.43
2026-07-20 17:10:00,4.51,4.53,4.51,4.52,12968.89
2026-07-20 17:15:00,4.52,4.52,4.51,4.51,90354.9
2026-07-20 17:20:00,4.51,4.52,4.51,4.51,139578.63
2026-07-20 17:25:00,4.51,4.52,4.51,4.51,60114.03
2026-07-20 17:30:00,4.51,4.51,4.51,4.51,32435.11
2026-07-20 17:35:00,4.51,4.51,4.49,4.5,85848.19
2026-07-20 17:40:00,4.5,4.51,4.48,4.5,136059.84
2026-07-20 17:45:00,4.5,4.52,4.49,4.51,61405.81
2026-07-20 17:50:00,4.51,4.52,4.51,4.51,69479.14
2026-07-20 17:55:00,4.51,4.51,4.5,4.5,27400.32
2026-07-20 18:00:00,4.5,4.52,4.5,4.51,70906.81
2026-07-20 18:05:00,4.51,4.52,4.5,4.52,154608.47
2026-07-20 18:10:00,4.52,4.52,4.52,4.52,62536.85
2026-07-20 18:15:00,4.52,4.53,4.51,4.53,2372.89
2026-07-20 18:20:00,4.53,4.53,4.52,4.52,25634.98
2026-07-20 18:25:00,4.52,4.54,4.52,4.54,53750.2
2026-07-20 18:30:00,4.54,4.55,4.52,4.53,48545.72
2026-07-20 18:35:00,4.53,4.53,4.51,4.51,51246.37
2026-07-20 18:40:00,4.51,4.53,4.5,4.53,482750.42
2026-07-20 18:45:00,4.53,4.53,4.51,4.51,101886.5
2026-07-20 18:50:00,4.51,4.52,4.5,4.52,12871.04
2026-07-20 18:55:00,4.52,4.52,4.5,4.52,11871.27
2026-07-20 19:00:00,4.52,4.54,4.52,4.53,21655.36
2026-07-20 19:05:00,4.53,4.54,4.53,4.53,76635.39
2026-07-20 19:10:00,4.53,4.55,4.52,4.54,10941.8
2026-07-20 19:15:00,4.54,4.54,4.52,4.53,7996.5
2026-07-20 19:20:00,4.53,4.53,4.53,4.53,13997.29
2026-07-20 19:25:00,4.53,4.55,4.53,4.55,13690.14
2026-07-20 19:30:00,4.55,4.55,4.54,4.54,135949.18
2026-07-20 19:35:00,4.54,4.56,4.53,4.56,15602.26
2026-07-20 19:40:00,4.56,4.56,4.55,4.55,497985.37
2026-07-20 19:45:00,4.55,4.56,4.54,4.54,100180.33
2026-07-20 19:50:00,4.54,4.55,4.54,4.54,5415.68
2026-07-20 19:55:00,4.54,4.55,4.53,4.54,107260.82
2026-07-20 20:00:00,4.54,4.54,4.53,4.54,35929.06
2026-07-20 20:05:00,4.54,4.54,4.53,4.54,46475.69
2026-07-20 20:10:00,4.54,4.55,4.53,4.54,61232.09
2026-07-20 20:15:00,4.54,4.56,4.54,4.55,55557.96
2026-07-20 20:20:00,4.55,4.55,4.54,4.55,93444.58
2026-07-20 20:25:00,4.55,4.56,4.54,4.55,167272.75
2026-07-20 20:30:00,4.55,4.56,4.54,4.56,3336.27
2026-07-20 20:35:00,4.56,4.57,4.55,4.55,172021.29
2026-07-20 20:40:00,4.55,4.55,4.55,4.55,108082.47
2026-07-20 20:45:00,4.55,4.55,4.55,4.55,39518.52
2026-07-20 20:50:00,4.55,4.56,4.54,4.54,512404.49
2026-07-20 20:55:00,4.54,4.55,4.54,4.54,39282.09
2026-07-20 21:00:00,4.54,4.55,4.52,4.53,89504.11
2026-07-20 21:05:00,4.53,4.55,4.53,4.54,19578.24
2026-07-20 21:10:00,4.54,4.54,4.53,4.54,31773.61
2026-07-20 21:15:00,4.54,4.54,4.52,4.53,18120.31
2026-07-20 21:20:00,4.53,4.53,4.53,4.53,19683.35
2026-07-20 21:25:00,4.53,4.54,4.53,4.54,46536.79
2026-07-20 21:30:00,4.54,4.55,4.53,4.54,6152.47
2026-07-20 21:35:00,4.54,4.54,4.54,4.54,26162.46
2026-07-20 21:40:00,4.54,4.54,4.53,4.54,31709.05
2026-07-20 21:45:00,4.54,4.54,4.53,4.54,270669.84
2026-07-20 21:50:00,4.54,4.54,4.54,4.54,29012.85
2026-07-20 21:55:00,4.54,4.54,4.52,4.53,3016.68
2026-07-20 22:00:00,4.53,4.53,4.52,4.53,87761.39
2026-07-20 22:05:00,4.53,4.54,4.53,4.53,64112.41
2026-07-20 22:10:00,4.53,4.54,4.53,4.53,58426.12
2026-07-20 22:15:00,4.53,4.54,4.52,4.54,12266.84
2026-07-20 22:20:00,4.54,4.54,4.53,4.54,8281.96
2026-07-20 22:25:00,4.54,4.54,4.53,4.54,35786.51
2026-07-20 22:30:00,4.54,4.56,4.54,4.56,76646.39
2026-07-20 22:35:00,4.56,4.58,4.55,4.57,47398.29
2026-07-20 22:40:00,4.57,4.58,4.55,4.55,359376.32
2026-07-20 22:45:00,4.55,4.56,4.54,4.54,82138.41
2026-07-20 22:50:00,4.54,4.54,4.54,4.54,127794.93
2026-07-20 22:55:00,4.54,4.54,4.54,4.54,42701.18
2026-07-20 23:00:00,4.54,4.54,4.53,4.54,138401.39
2026-07-20 23:05:00,4.54,4.55,4.54,4.54,132825.53
2026-07-20 23:10:00,4.54,4.55,4.53,4.54,17994.16
2026-07-20 23:15:00,4.54,4.55,4.54,4.55,63771.49
2026-07-20 23:20:00,4.55,4.57,4.54,4.54,117355.42
2026-07-20 23:25:00,4.54,4.54,4.54,4.54,10775.28
2026-07-20 23:30:00,4.54,4.54,4.53,4.54,35460.51
2026-07-20 23:35:00,4.54,4.54,4.53,4.54,83155.12
2026-07-20 23:40:00,4.54,4.56,4.53,4.55,45809.97
2026-07-20 23:45:00,4.55,4.56,4.55,4.56,68870.85
2026-07-20 23:50:00,4.56,4.56,4.55,4.56,8258.97
2026-07-20 23:55:00,4.56,4.56,4.55,4.55,12671.51
2026-07-21 00:00:00,4.55,4.56,4.55,4.55,36991.5
2026-07-21 00:05:00,4.55,4.56,4.55,4.55,12007.52
2026-07-21 00:10:00,4.55,4.57,4.54,4.56,15598.14
2026-07-21 00:15:00,4.56,4.56,4.55,4.55,14412.57
2026-07-21 00:20:00,4.55,4.56,4.54,4.56,58268.56
2026-07-21 00:25:00,4.56,4.56,4.55,4.56,29172.74
2026-07-21 00:30:00,4.56,4.57,4.55,4.56,58994.84
2026-07-21 00:35:00,4.56,4.56,4.55,4.56,94584.62
2026-07-21 00:40:00,4.56,4.57,4.56,4.56,478.21
2026-07-21 00:45:00,4.56,4.56,4.56,4.56,30934.24
2026-07-21 00:50:00,4.56,4.56,4.55,4.55,36974.1
2026-07-21 00:55:00,4.55,4.56,4.55,4.56,26756.47
2026-07-21 01:00:00,4.56,4.57,4.55,4.56,11717.35
2026-07-21 01:05:00,4.56,4.56,4.56,4.56,16653.48
2026-07-21 01:10:00,4.56,4.56,4.54,4.56,11307.87
2026-07-21 01:15:00,4.56,4.56,4.54,4.55,41212.39
2026-07-21 01:20:00,4.55,4.55,4.54,4.54,32591.28
2026-07-21 01:25:00,4.54,4.55,4.54,4.55,149456.02
2026-07-21 01:30:00,4.55,4.55,4.54,4.54,68253.14
2026-07-21 01:35:00,4.54,4.55,4.54,4.55,11093.73
2026-07-21 01:40:00,4.55,4.55,4.54,4.54,75579.22
2026-07-21 01:45:00,4.54,4.55,4.54,4.54,72699.38
2026-07-21 01:50:00,4.54,4.54,4.54,4.54,26608.62
2026-07-21 01:55:00,4.54,4.55,4.54,4.55,1778.82
2026-07-21 02:00:00,4.55,4.55,4.55,4.55,26485.56
2026-07-21 02:05:00,4.55,4.56,4.55,4.56,9399.33
2026-07-21 02:10:00,4.56,4.56,4.54,4.55,81871.47
2026-07-21 02:15:00,4.55,4.57,4.54,4.57,10354.45
2026-07-21 02:20:00,4.57,4.59,4.55,4.56,132083.85
2026-07-21 02:25:00,4.56,4.56,4.54,4.55,4958.91
2026-07-21 02:30:00,4.55,4.55,4.54,4.54,2446.69
2026-07-21 02:35:00,4.54,4.55,4.54,4.55,43125.49
2026-07-21 02:40:00,4.55,4.55,4.54,4.55,54312.43
2026-07-21 02:45:00,4.55,4.56,4.54,4.54,23581.97
2026-07-21 02:50:00,4.54,4.54,4.53,4.54,109506.98
2026-07-21 02:55:00,4.54,4.54,4.53,4.53,15950.23
2026-07-21 03:00:00,4.53,4.54,4.53,4.54,5448.21
2026-07-21 03:05:00,4.54,4.55,4.53,4.55,81934.9
2026-07-21 03:10:00,4.55,4.57,4.55,4.57,8515.4
2026-07-21 03:15:00,4.57,4.58,4.55,4.55,119619.8
2026-07-21 03:20:00,4.55,4.56,4.55,4.55,20163.67
2026-07-21 03:25:00,4.55,4.56,4.54,4.54,34677.13
2026-07-21 03:30:00,4.54,4.56,4.54,4.55,70372.88
2026-07-21 03:35:00,4.55,4.56,4.54,4.55,386262.88
2026-07-21 03:40:00,4.55,4.55,4.55,4.55,34684.27
2026-07-21 03:45:00,4.55,4.56,4.54,4.55,56893.61
2026-07-21 03:50:00,4.55,4.55,4.55,4.55,46490.99
2026-07-21 03:55:00,4.55,4.55,4.54,4.54,63838.08
2026-07-21 04:00:00,4.54,4.55,4.54,4.54,96092.15
2026-07-21 04:05:00,4.54,4.55,4.53,4.54,153971.46
2026-07-21 04:10:00,4.54,4.54,4.53,4.54,2153.19
2026-07-21 04:15:00,4.54,4.55,4.52,4.55,28765.61
2026-07-21 04:20:00,4.55,4.55,4.54,4.54,1438.31
2026-07-21 04:25:00,4.54,4.56,4.54,4.56,46441.64
2026-07-21 04:30:00,4.56,4.56,4.56,4.56,106109.28
2026-07-21 04:35:00,4.56,4.58,4.55,4.58,44931.37
2026-07-21 04:40:00,4.58,4.58,4.56,4.56,55101.09
2026-07-21 04:45:00,4.56,4.58,4.56,4.56,102965.41
2026-07-21 04:50:00,4.56,4.57,4.56,4.56,21191.39
2026-07-21 04:55:00,4.56,4.57,4.56,4.56,25646.7
2026-07-21 05:00:00,4.56,4.57,4.55,4.55,105506.3
2026-07-21 05:05:00,4.55,4.55,4.54,4.55,3474.3
2026-07-21 05:10:00,4.55,4.56,4.55,4.55,132020.83
2026-07-21 05:15:00,4.55,4.56,4.53,4.54,97257.18
2026-07-21 05:20:00,4.54,4.54,4.51,4.52,71625.2
2026-07-21 05:25:00,4.52,4.54,4.52,4.53,33081.81
2026-07-21 05:30:00,4.53,4.54,4.52,4.54,309596.58
2026-07-21 05:35:00,4.54,4.56,4.54,4.55,100621.2
2026-07-21 05:40:00,4.55,4.56,4.55,4.55,39957.15
2026-07-21 05:45:00,4.55,4.56,4.55,4.55,23933.97
2026-07-21 05:50:00,4.55,4.56,4.55,4.56,1814.11
2026-07-21 05:55:00,4.56,4.57,4.56,4.56,47188.83
2026-07-21 06:00:00,4.56,4.57,4.55,4.56,334308.47
2026-07-21 06:05:00,4.56,4.56,4.54,4.55,131813.23
2026-07-21 06:10:00,4.55,4.56,4.55,4.55,15566.99
2026-07-21 06:15:00,4.55,4.57,4.55,4.57,31696.96
2026-07-21 06:20:00,4.57,4.59,4.56,4.56,247185.18
2026-07-21 06:25:00,4.56,4.57,4.55,4.56,64672.94
2026-07-21 06:30:00,4.56,4.57,4.55,4.55,426618.53
2026-07-21 06:35:00,4.55,4.56,4.55,4.55,75386.17
2026-07-21 06:40:00,4.55,4.56,4.54,4.55,14433.64
2026-07-21 06:45:00,4.55,4.56,4.55,4.55,21614.74
2026-07-21 06:50:00,4.55,4.55,4.54,4.54,100195.4
2026-07-21 06:55:00,4.54,4.55,4.53,4.53,17902.91
2026-07-21 07:00:00,4.53,4.53,4.53,4.53,67769.76
2026-07-21 07:05:00,4.53,4.55,4.52,4.54,58914.94
2026-07-21 07:10:00,4.54,4.55,4.54,4.55,100524.11
2026-07-21 07:15:00,4.55,4.55,4.54,4.54,76885.94
2026-07-21 07:20:00,4.54,4.56,4.54,4.55,68952.99
2026-07-21 07:25:00,4.55,4.57,4.55,4.57,23514.31
2026-07-21 07:30:00,4.57,4.57,4.56,4.57,18910.2
2026-07-21 07:35:00,4.57,4.59,4.57,4.58,132168.55
2026-07-21 07:40:00,4.58,4.6,4.57,4.58,160822.53
2026-07-21 07:45:00,4.58,4.6,4.56,4.57,964443.23
2026-07-21 07:50:00,4.57,4.58,4.56,4.57,6096.11
2026-07-21 07:55:00,4.57,4.57,4.57,4.57,10045.42
2026-07-21 08:00:00,4.57,4.57,4.57,4.57,4095.27
2026-07-21 08:05:00,4.57,4.57,4.56,4.56,27916.48
2026-07-21 08:10:00,4.56,4.57,4.55,4.56,11503.43
2026-07-21 08:15:00,4.56,4.56,4.55,4.55,53760.45
2026-07-21 08:20:00,4.55,4.56,4.55,4.56,69855.87
2026-07-21 08:25:00,4.56,4.56,4.55,4.55,73586.5
2026-07-21 08:30:00,4.55,4.56,4.55,4.56,1075.93
2026-07-21 08:35:00,4.56,4.57,4.55,4.56,148864.74
2026-07-21 08:40:00,4.56,4.56,4.55,4.55,58505.51
2026-07-21 08:45:00,4.55,4.57,4.55,4.56,73084.49
2026-07-21 08:50:00,4.56,4.57,4.55,4.56,53304.08
2026-07-21 08:55:00,4.56,4.57,4.54,4.55,878.12
2026-07-21 09:00:00,4.55,4.56,4.55,4.55,21798.83
2026-07-21 09:05:00,4.55,4.56,4.55,4.56,128671.96
2026-07-21 09:10:00,4.56,4.56,4.55,4.56,399.27
2026-07-21 09:15:00,4.56,4.56,4.55,4.56,8749.84
2026-07-21 09:20:00,4.56,4.56,4.56,4.56,8600.53
2026-07-21 09:25:00,4.56,4.56,4.55,4.55,35653.97
2026-07-21 09:30:00,4.55,4.56,4.55,4.55,26628.82
2026-07-21 09:35:00,4.55,4.55,4.54,4.54,144748.8
2026-07-21 09:40:00,4.54,4.55,4.53,4.54,52347.12
2026-07-21 09:45:00,4.54,4.54,4.53,4.53,132227.01
2026-07-21 09:50:00,4.53,4.54,4.53,4.53,12380.26
2026-07-21 09:55:00,4.53,4.54,4.53,4.53,69012.35
2026-07-21 10:00:00,4.53,4.54,4.53,4.54,316051.44
2026-07-21 10:05:00,4.54,4.54,4.54,4.54,11753.77
2026-07-21 10:10:00,4.54,4.54,4.54,4.54,161877.41
2026-07-21 10:15:00,4.54,4.55,4.52,4.52,129991.47
2026-07-21 10:20:00,4.52,4.54,4.51,4.53,708188.45
2026-07-21 10:25:00,4.53,4.53,4.52,4.52,31898.29
2026-07-21 10:30:00,4.52,4.52,4.51,4.52,21805.86
2026-07-21 10:35:00,4.52,4.52,4.52,4.52,11255.39
2026-07-21 10:40:00,4.52,4.54,4.51,4.53,276772.49
2026-07-21 10:45:00,4.53,4.54,4.53,4.54,72504.79
2026-07-21 10:50:00,4.54,4.54,4.54,4.54,64598.11
2026-07-21 10:55:00,4.54,4.54,4.54,4.54,152084.19
2026-07-21 11:00:00,4.54,4.55,4.54,4.55,117397.11
2026-07-21 11:05:00,4.55,4.55,4.54,4.55,30104.7
2026-07-21 11:10:00,4.55,4.55,4.54,4.54,135666.42
2026-07-21 11:15:00,4.54,4.55,4.54,4.55,4947.22
2026-07-21 11:20:00,4.55,4.55,4.54,4.54,26911.39
2026-07-21 11:25:00,4.54,4.56,4.54,4.56,12956.02
2026-07-21 11:30:00,4.56,4.57,4.55,4.56,105494.15
2026-07-21 11:35:00,4.56,4.57,4.56,4.57,30767.5
2026-07-21 11:40:00,4.57,4.59,4.56,4.57,79702.33
2026-07-21 11:45:00,4.57,4.57,4.56,4.56,119160.83
2026-07-21 11:50:00,4.56,4.57,4.55,4.56,8796.36
2026-07-21 11:55:00,4.56,4.58,4.55,4.58,66721.26
2026-07-21 12:00:00,4.58,4.59,4.56,4.56,77686.97
2026-07-21 12:05:00,4.56,4.57,4.56,4.57,5069.14
2026-07-21 12:10:00,4.57,4.58,4.56,4.56,183558.07
2026-07-21 12:15:00,4.56,4.58,4.56,4.57,96236.73
2026-07-21 12:20:00,4.57,4.59,4.57,4.58,27199.68
2026-07-21 12:25:00,4.58,4.58,4.57,4.57,79088.37
2026-07-21 12:30:00,4.57,4.58,4.57,4.58,1063.59
2026-07-21 12:35:00,4.58,4.58,4.57,4.57,35467.42
2026-07-21 12:40:00,4.57,4.57,4.56,4.56,32572.93
2026-07-21 12:45:00,4.56,4.57,4.55,4.57,34653.06
2026-07-21 12:50:00,4.57,4.58,4.57,4.57,14024.3
2026-07-21 12:55:00,4.57,4.59,4.56,4.58,28849.52
2026-07-21 13:00:00,4.58,4.59,4.56,4.57,14142.66
2026-07-21 13:05:00,4.57,4.57,4.57,4.57,98752.41
2026-07-21 13:10:00,4.57,4.58,4.57,4.58,85940.46
2026-07-21 13:15:00,4.58,4.58,4.57,4.57,35483.44
2026-07-21 13:20:00,4.57,4.58,4.57,4.58,11680.01
2026-07-21 13:25:00,4.58,4.58,4.56,4.57,42198.24
2026-07-21 13:30:00,4.57,4.58,4.56,4.58,1529.5
2026-07-21 13:35:00,4.58,4.59,4.58,4.58,158463.51
2026-07-21 13:40:00,4.58,4.58,4.58,4.58,128426.54
2026-07-21 13:45:00,4.58,4.58,4.57,4.58,14419.47
2026-07-21 13:50:00,4.58,4.59,4.56,4.56,213242.89
2026-07-21 13:55:00,4.56,4.57,4.56,4.57,83601.22
2026-07-21 14:00:00,4.57,4.57,4.56,4.57,115598.89
2026-07-21 14:05:00,4.57,4.58,4.57,4.58,156867.77
2026-07-21 14:10:00,4.58,4.58,4.57,4.58,55967.18
2026-07-21 14:15:00,4.58,4.59,4.57,4.57,52353.83
2026-07-21 14:20:00,4.57,4.57,4.56,4.57,10800.51
2026-07-21 14:25:00,4.57,4.57,4.56,4.56,12897.4
2026-07-21 14:30:00,4.56,4.57,4.55,4.55,58807.4
2026-07-21 14:35:00,4.55,4.56,4.55,4.56,48141.94
2026-07-21 14:40:00,4.56,4.56,4.55,4.55,13020.34
2026-07-21 14:45:00,4.55,4.56,4.55,4.56,36095.86
2026-07-21 14:50:00,4.56,4.56,4.53,4.53,72662.16
2026-07-21 14:55:00,4.53,4.55,4.53,4.55,18661.85
2026-07-21 15:00:00,4.55,4.55,4.54,4.55,56924.62
2026-07-21 15:05:00,4.55,4.55,4.54,4.54,41934.05
2026-07-21 15:10:00,4.54,4.54,4.53,4.54,69170.77
2026-07-21 15:15:00,4.54,4.54,4.52,4.52,60898.32
2026-07-21 15:20:00,4.52,4.53,4.52,4.52,130826.72
2026-07-21 15:25:00,4.52,4.53,4.51,4.52,220996.63
2026-07-21 15:30:00,4.52,4.54,4.51,4.53,442456.71
2026-07-21 15:35:00,4.53,4.53,4.53,4.53,77390.77
2026-07-21 15:40:00,4.53,4.54,4.53,4.54,27484.09
2026-07-21 15:45:00,4.54,4.54,4.53,4.54,32650.84
2026-07-21 15:50:00,4.54,4.54,4.54,4.54,11095.23
2026-07-21 15:55:00,4.54,4.55,4.54,4.54,979.78
2026-07-21 16:00:00,4.54,4.55,4.54,4.55,14468.18
2026-07-21 16:05:00,4.55,4.55,4.54,4.54,540.87
2026-07-21 16:10:00,4.54,4.55,4.54,4.55,23050.89
2026-07-21 16:15:00,4.55,4.55,4.55,4.55,59089.09
2026-07-21 16:20:00,4.55,4.55,4.53,4.54,6646.7
2026-07-21 16:25:00,4.54,4.55,4.53,4.54,124908.97
2026-07-21 16:30:00,4.54,4.54,4.53,4.53,43235.23
2026-07-21 16:35:00,4.53,4.53,4.53,4.53,342903.66
2026-07-21 16:40:00,4.53,4.54,4.53,4.53,181054.54
2026-07-21 16:45:00,4.53,4.53,4.51,4.52,1539.71
2026-07-21 16:50:00,4.52,4.53,4.51,4.52,558450.88
2026-07-21 16:55:00,4.52,4.53,4.52,4.53,484644.73
2026-07-21 17:00:00,4.53,4.53,4.52,4.52,11277.6
2026-07-21 17:05:00,4.52,4.53,4.52,4.53,2314.49
2026-07-21 17:10:00,4.53,4.53,4.53,4.53,2362.87
2026-07-21 17:15:00,4.53,4.54,4.53,4.54,85248.7
2026-07-21 17:20:00,4.54,4.54,4.53,4.53,2082.01
2026-07-21 17:25:00,4.53,4.53,4.52,4.53,16620.73
2026-07-21 17:30:00,4.53,4.54,4.52,4.54,26622.56
2026-07-21 17:35:00,4.54,4.54,4.53,4.53,90502.57
2026-07-21 17:40:00,4.53,4.54,4.53,4.54,136323.81
2026-07-21 17:45:00,4.54,4.54,4.53,4.54,23807.78
2026-07-21 17:50:00,4.54,4.55,4.52,4.53,14144.9
2026-07-21 17:55:00,4.53,4.53,4.52,4.52,39248.04
2026-07-21 18:00:00,4.52,4.54,4.51,4.53,9685.91
2026-07-21 18:05:00,4.53,4.54,4.53,4.54,19905.94
2026-07-21 18:10:00,4.54,4.55,4.53,4.55,30702.2
2026-07-21 18:15:00,4.55,4.58,4.53,4.57,199681.53
2026-07-21 18:20:00,4.57,4.58,4.56,4.57,18917.44
2026-07-21 18:25:00,4.57,4.57,4.57,4.57,39702.86
2026-07-21 18:30:00,4.57,4.58,4.57,4.57,93687.17
2026-07-21 18:35:00,4.57,4.57,4.56,4.56,86484.71
2026-07-21 18:40:00,4.56,4.57,4.56,4.56,7003.08
2026-07-21 18:45:00,4.56,4.57,4.55,4.56,52236.4
2026-07-21 18:50:00,4.56,4.56,4.55,4.56,81304.09
2026-07-21 18:55:00,4.56,4.56,4.55,4.56,7229.95
2026-07-21 19:00:00,4.56,4.56,4.55,4.55,27438.4
2026-07-21 19:05:00,4.55,4.55,4.54,4.54,14699.98
2026-07-21 19:10:00,4.54,4.56,4.54,4.55,43731.95
2026-07-21 19:15:00,4.55,4.55,4.55,4.55,59429.47
2026-07-21 19:20:00,4.55,4.56,4.55,4.56,792.58
2026-07-21 19:25:00,4.56,4.56,4.55,4.55,369.34
2026-07-21 19:30:00,4.55,4.56,4.54,4.55,13216.58
2026-07-21 19:35:00,4.55,4.55,4.55,4.55,10497.96
2026-07-21 19:40:00,4.55,4.56,4.54,4.55,17474.57
2026-07-21 19:45:00,4.55,4.55,4.53,4.54,14796.77
2026-07-21 19:50:00,4.54,4.55,4.54,4.54,58966.8
2026-07-21 19:55:00,4.54,4.55,4.54,4.55,53581.79
2026-07-21 20:00:00,4.55,4.55,4.54,4.55,197896.37
2026-07-21 20:05:00,4.55,4.55,4.54,4.54,84198.84
2026-07-21 20:10:00,4.54,4.55,4.54,4.55,38428.08
2026-07-21 20:15:00,4.55,4.55,4.55,4.55,74278.34
2026-07-21 20:20:00,4.55,4.55,4.53,4.54,99293.98
2026-07-21 20:25:00,4.54,4.54,4.54,4.54,14009.54
2026-07-21 20:30:00,4.54,4.54,4.54,4.54,67078.86
2026-07-21 20:35:00,4.54,4.54,4.53,4.54,68365.88
2026-07-21 20:40:00,4.54,4.54,4.53,4.54,27501.59
2026-07-21 20:45:00,4.54,4.54,4.53,4.53,61478.33
2026-07-21 20:50:00,4.53,4.53,4.52,4.52,54264.7
2026-07-21 20:55:00,4.52,4.54,4.52,4.53,37027.47
2026-07-21 21:00:00,4.53,4.54,4.53,4.53,9862.02
2026-07-21 21:05:00,4.53,4.53,4.53,4.53,1691.71
2026-07-21 21:10:00,4.53,4.53,4.52,4.53,6892.48
2026-07-21 21:15:00,4.53,4.54,4.51,4.53,67800.66
2026-07-21 21:20:00,4.53,4.55,4.52,4.54,75420.59
2026-07-21 21:25:00,4.54,4.55,4.54,4.55,109248.0
2026-07-21 21:30:00,4.55,4.56,4.53,4.54,75047.66
2026-07-21 21:35:00,4.54,4.54,4.53,4.53,22218.87
2026-07-21 21:40:00,4.53,4.54,4.52,4.53,15057.39
2026-07-21 21:45:00,4.53,4.54,4.52,4.53,3080.17
2026-07-21 21:50:00,4.53,4.54,4.53,4.54,18911.51
2026-07-21 21:55:00,4.54,4.54,4.54,4.54,4764.98
2026-07-21 22:00:00,4.54,4.55,4.53,4.54,138004.55
2026-07-21 22:05:00,4.54,4.55,4.53,4.54,12125.52
2026-07-21 22:10:00,4.54,4.54,4.54,4.54,16883.16
2026-07-21 22:15:00,4.54,4.55,4.52,4.52,22371.69
2026-07-21 22:20:00,4.52,4.54,4.51,4.53,473367.91
2026-07-21 22:25:00,4.53,4.54,4.52,4.52,112621.23
2026-07-21 22:30:00,4.52,4.52,4.5,4.51,51866.26
2026-07-21 22:35:00,4.51,4.51,4.51,4.51,50854.9
2026-07-21 22:40:00,4.51,4.52,4.49,4.51,53289.41
2026-07-21 22:45:00,4.51,4.52,4.5,4.52,451534.9
2026-07-21 22:50:00,4.52,4.53,4.51,4.53,9519.75
2026-07-21 22:55:00,4.53,4.54,4.53,4.54,75239.78
2026-07-21 23:00:00,4.54,4.54,4.53,4.53,28309.38
2026-07-21 23:05:00,4.53,4.53,4.53,4.53,4571.84
2026-07-21 23:10:00,4.53,4.53,4.52,4.52,64295.85
2026-07-21 23:15:00,4.52,4.52,4.52,4.52,67764.42
2026-07-21 23:20:00,4.52,4.53,4.52,4.53,3523.56
2026-07-21 23:25:00,4.53,4.54,4.52,4.54,235623.36
2026-07-21 23:30:00,4.54,4.55,4.53,4.55,5540.99
2026-07-21 23:35:00,4.55,4.55,4.54,4.54,146424.4
2026-07-21 23:40:00,4.54,4.54,4.54,4.54,11945.81
2026-07-21 23:45:00,4.54,4.54,4.54,4.54,69296.79
2026-07-21 23:50:00,4.54,4.54,4.53,4.54,166745.73
2026-07-21 23:55:00,4.54,4.54,4.54,4.54,496958.66
2026-07-22 00:00:00,4.54,4.55,4.53,4.54,40543.12
2026-07-22 00:05:00,4.54,4.55,4.53,4.53,141298.87
2026-07-22 00:10:00,4.53,4.54,4.52,4.52,44027.57
2026-07-22 00:15:00,4.52,4.53,4.52,4.52,201.05
2026-07-22 00:20:00,4.52,4.52,4.52,4.52,19628.15
2026-07-22 00:25:00,4.52,4.52,4.52,4.52,48725.05
2026-07-22 00:30:00,4.52,4.52,4.51,4.52,858.08
2026-07-22 00:35:00,4.52,4.52,4.51,4.52,35760.19
2026-07-22 00:40:00,4.52,4.52,4.52,4.52,59772.51
2026-07-22 00:45:00,4.52,4.53,4.52,4.52,17663.02
2026-07-22 00:50:00,4.52,4.53,4.52,4.53,273409.07
2026-07-22 00:55:00,4.53,4.54,4.52,4.53,120013.42
2026-07-22 01:00:00,4.53,4.55,4.53,4.55,45874.14
2026-07-22 01:05:00,4.55,4.56,4.53,4.53,82730.85
2026-07-22 01:10:00,4.53,4.54,4.53,4.54,2845.45
2026-07-22 01:15:00,4.54,4.55,4.54,4.55,1291.52
2026-07-22 01:20:00,4.55,4.56,4.53,4.54,1691684.81
2026-07-22 01:25:00,4.54,4.54,4.53,4.53,49655.37
2026-07-22 01:30:00,4.53,4.54,4.53,4.54,24968.21
2026-07-22 01:35:00,4.54,4.55,4.54,4.55,77097.91
2026-07-22 01:40:00,4.55,4.56,4.54,4.54,148077.22
2026-07-22 01:45:00,4.54,4.55,4.54,4.55,167238.41
2026-07-22 01:50:00,4.55,4.55,4.54,4.54,21050.28
2026-07-22 01:55:00,4.54,4.54,4.54,4.54,8545.65
2026-07-22 02:00:00,4.54,4.55,4.53,4.55,80989.5
2026-07-22 02:05:00,4.55,4.56,4.54,4.55,48142.83
2026-07-22 02:10:00,4.55,4.57,4.53,4.54,285613.6
2026-07-22 02:15:00,4.54,4.55,4.54,4.54,16304.87
2026-07-22 02:20:00,4.54,4.55,4.53,4.54,15926.68
2026-07-22 02:25:00,4.54,4.56,4.53,4.53,173687.95
2026-07-22 02:30:00,4.53,4.54,4.53,4.54,45814.53
2026-07-22 02:35:00,4.54,4.54,4.53,4.54,70934.7
2026-07-22 02:40:00,4.54,4.55,4.54,4.55,498.41
2026-07-22 02:45:00,4.55,4.56,4.54,4.54,260893.02
2026-07-22 02:50:00,4.54,4.54,4.54,4.54,151763.43
2026-07-22 02:55:00,4.54,4.55,4.53,4.54,85918.61
2026-07-22 03:00:00,4.54,4.55,4.53,4.54,56134.0
2026-07-22 03:05:00,4.54,4.55,4.54,4.54,3153.94
2026-07-22 03:10:00,4.54,4.55,4.54,4.55,33562.31
2026-07-22 03:15:00,4.55,4.55,4.54,4.55,127564.96
2026-07-22 03:20:00,4.55,4.55,4.55,4.55,85824.01
2026-07-22 03:25:00,4.55,4.56,4.55,4.56,32193.26
2026-07-22 03:30:00,4.56,4.58,4.56,4.58,18133.15
2026-07-22 03:35:00,4.58,4.6,4.57,4.59,101514.98
2026-07-22 03:40:00,4.59,4.59,4.58,4.59,37426.13
2026-07-22 03:45:00,4.59,4.6,4.58,4.58,142504.79
2026-07-22 03:50:00,4.58,4.59,4.57,4.58,127530.08
2026-07-22 03:55:00,4.58,4.58,4.56,4.57,298135.4
2026-07-22 04:00:00,4.57,4.57,4.56,4.57,127964.74
2026-07-22 04:05:00,4.57,4.57,4.57,4.57,15870.78
2026-07-22 04:10:00,4.57,4.58,4.57,4.57,91588.1
2026-07-22 04:15:00,4.57,4.59,4.57,4.58,11482.63
2026-07-22 04:20:00,4.58,4.59,4.57,4.57,202525.42
2026-07-22 04:25:00,4.57,4.58,4.57,4.57,11017.98
2026-07-22 04:30:00,4.57,4.59,4.57,4.58,4740.86
2026-07-22 04:35:00,4.58,4.58,4.57,4.58,40265.95
2026-07-22 04:40:00,4.58,4.59,4.57,4.57,278296.21
2026-07-22 04:45:00,4.57,4.58,4.56,4.58,80076.88
2026-07-22 04:50:00,4.58,4.58,4.56,4.56,1412.07
2026-07-22 04:55:00,4.56,4.57,4.55,4.56,252082.78
2026-07-22 05:00:00,4.56,4.56,4.55,4.55,148972.58
2026-07-22 05:05:00,4.55,4.56,4.55,4.56,28666.71
2026-07-22 05:10:00,4.56,4.56,4.55,4.56,100893.85
2026-07-22 05:15:00,4.56,4.56,4.55,4.56,92493.16
2026-07-22 05:20:00,4.56,4.57,4.56,4.56,24289.27
2026-07-22 05:25:00,4.56,4.57,4.55,4.55,25603.89
2026-07-22 05:30:00,4.55,4.56,4.55,4.56,74249.03
2026-07-22 05:35:00,4.56,4.57,4.56,4.56,240445.65
2026-07-22 05:40:00,4.56,4.57,4.55,4.55,121363.26
2026-07-22 05:45:00,4.55,4.56,4.55,4.56,38282.38
2026-07-22 05:50:00,4.56,4.57,4.56,4.57,63635.38
2026-07-22 05:55:00,4.57,4.58,4.56,4.58,44711.65
2026-07-22 06:00:00,4.58,4.59,4.58,4.59,13831.52
2026-07-22 06:05:00,4.59,4.59,4.58,4.58,121622.53
2026-07-22 06:10:00,4.58,4.6,4.58,4.58,59926.5
2026-07-22 06:15:00,4.58,4.58,4.57,4.58,14244.39
2026-07-22 06:20:00,4.58,4.59,4.57,4.57,26870.31
2026-07-22 06:25:00,4.57,4.57,4.56,4.57,20762.74
2026-07-22 06:30:00,4.57,4.58,4.57,4.58,63028.5
2026-07-22 06:35:00,4.58,4.59,4.57,4.58,29263.82
2026-07-22 06:40:00,4.58,4.58,4.58,4.58,30269.38
2026-07-22 06:45:00,4.58,4.59,4.57,4.59,119226.96
2026-07-22 06:50:00,4.59,4.59,4.57,4.58,70202.8
2026-07-22 06:55:00,4.58,4.59,4.58,4.59,8952.51
2026-07-22 07:00:00,4.59,4.6,4.58,4.58,497096.75
2026-07-22 07:05:00,4.58,4.58,4.58,4.58,15252.83
2026-07-22 07:10:00,4.58,4.59,4.57,4.59,31275.73
2026-07-22 07:15:00,4.59,4.6,4.59,4.6,119437.87
2026-07-22 07:20:00,4.6,4.61,4.6,4.61,7206.96
2026-07-22 07:25:00,4.61,4.62,4.59,4.59,16913.86
2026-07-22 07:30:00,4.59,4.61,4.59,4.6,176457.61
2026-07-22 07:35:00,4.6,4.61,4.6,4.6,56099.04
2026-07-22 07:40:00,4.6,4.61,4.6,4.6,241.56
2026-07-22 07:45:00,4.6,4.61,4.6,4.61,40177.1
2026-07-22 07:50:00,4.61,4.62,4.61,4.61,6797.36
2026-07-22 07:55:00,4.61,4.63,4.6,4.62,45785.96
2026-07-22 08:00:00,4.62,4.63,4.61,4.61,187195.85
2026-07-22 08:05:00,4.61,4.63,4.59,4.6,435127.32
2026-07-22 08:10:00,4.6,4.61,4.6,4.6,13842.23
2026-07-22 08:15:00,4.6,4.63,4.6,4.62,62099.37
2026-07-22 08:20:00,4.62,4.63,4.62,4.63,10798.48
2026-07-22 08:25:00,4.63,4.63,4.63,4.63,169170.78
2026-07-22 08:30:00,4.63,4.64,4.62,4.62,421919.73
2026-07-22 08:35:00,4.62,4.63,4.61,4.61,73629.76
2026-07-22 08:40:00,4.61,4.63,4.61,4.62,63033.12
2026-07-22 08:45:00,4.62,4.63,4.61,4.62,123675.47
2026-07-22 08:50:00,4.62,4.63,4.62,4.63,10111.52
2026-07-22 08:55:00,4.63,4.64,4.61,4.62,30681.54
2026-07-22 09:00:00,4.62,4.62,4.61,4.62,2658.15
2026-07-22 09:05:00,4.62,4.62,4.61,4.61,42941.19
2026-07-22 09:10:00,4.61,4.61,4.6,4.6,50228.11
2026-07-22 09:15:00,4.6,4.6,4.6,4.6,33377.04
2026-07-22 09:20:00,4.6,4.61,4.6,4.61,8259.99
2026-07-22 09:25:00,4.61,4.62,4.61,4.61,54142.52
2026-07-22 09:30:00,4.61,4.62,4.6,4.6,77408.31
2026-07-22 09:35:00,4.6,4.6,4.59,4.59,46863.47
2026-07-22 09:40:00,4.59,4.6,4.58,4.59,80975.87
2026-07-22 09:45:00,4.59,4.6,4.58,4.59,8187.32
2026-07-22 09:50:00,4.59,4.6,4.59,4.59,12376.59
2026-07-22 09:55:00,4.59,4.59,4.59,4.59,44722.66
2026-07-22 10:00:00,4.59,4.6,4.59,4.6,91931.42
2026-07-22 10:05:00,4.6,4.6,4.59,4.59,26080.5
2026-07-22 10:10:00,4.59,4.6,4.59,4.59,40820.25
2026-07-22 10:15:00,4.59,4.6,4.58,4.59,107995.18
2026-07-22 10:20:00,4.59,4.6,4.59,4.59,10818.14
2026-07-22 10:25:00,4.59,4.61,4.59,4.6,56440.77
2026-07-22 10:30:00,4.6,4.61,4.6,4.61,45593.7
2026-07-22 10:35:00,4.61,4.61,4.59,4.59,8752.93
2026-07-22 10:40:00,4.59,4.6,4.59,4.6,3396.9
2026-07-22 10:45:00,4.6,4.61,4.59,4.6,15539.37
2026-07-22 10:50:00,4.6,4.61,4.6,4.61,42557.66
2026-07-22 10:55:00,4.61,4.61,4.6,4.61,1035.53
2026-07-22 11:00:00,4.61,4.62,4.61,4.61,110206.77
2026-07-22 11:05:00,4.61,4.62,4.6,4.6,107909.97
2026-07-22 11:10:00,4.6,4.61,4.6,4.61,43410.01
2026-07-22 11:15:00,4.61,4.61,4.6,4.61,8999.87
2026-07-22 11:20:00,4.61,4.61,4.6,4.6,34243.58
2026-07-22 11:25:00,4.6,4.61,4.6,4.6,25526.31
2026-07-22 11:30:00,4.6,4.61,4.59,4.59,88248.48
2026-07-22 11:35:00,4.59,4.6,4.59,4.6,89850.11
2026-07-22 11:40:00,4.6,4.6,4.59,4.59,31597.42
2026-07-22 11:45:00,4.59,4.6,4.57,4.58,31772.15
2026-07-22 11:50:00,4.58,4.59,4.58,4.59,35258.23
2026-07-22 11:55:00,4.59,4.59,4.59,4.59,24488.01
2026-07-22 12:00:00,4.59,4.6,4.59,4.59,6900.43
2026-07-22 12:05:00,4.59,4.61,4.59,4.59,72734.13
2026-07-22 12:10:00,4.59,4.61,4.59,4.61,20703.05
2026-07-22 12:15:00,4.61,4.61,4.6,4.61,33743.67
2026-07-22 12:20:00,4.61,4.61,4.59,4.6,2126.23
2026-07-22 12:25:00,4.6,4.61,4.59,4.61,23921.84
2026-07-22 12:30:00,4.61,4.61,4.57,4.59,58114.31
2026-07-22 12:35:00,4.59,4.6,4.59,4.6,19211.34
2026-07-22 12:40:00,4.6,4.61,4.6,4.6,6124.09
2026-07-22 12:45:00,4.6,4.6,4.6,4.6,189955.39
2026-07-22 12:50:00,4.6,4.61,4.58,4.59,16243.08
2026-07-22 12:55:00,4.59,4.59,4.57,4.59,110642.93
2026-07-22 13:00:00,4.59,4.61,4.58,4.61,134668.54
2026-07-22 13:05:00,4.61,4.61,4.6,4.61,6350.56
2026-07-22 13:10:00,4.61,4.61,4.59,4.6,45937.32
2026-07-22 13:15:00,4.6,4.61,4.6,4.61,81556.99
2026-07-22 13:20:00,4.61,4.62,4.6,4.61,46828.15
2026-07-22 13:25:00,4.61,4.63,4.6,4.62,21460.55
2026-07-22 13:30:00,4.62,4.63,4.62,4.62,434791.32
2026-07-22 13:35:00,4.62,4.63,4.62,4.63,60684.4
2026-07-22 13:40:00,4.63,4.63,4.62,4.63,88017.58
2026-07-22 13:45:00,4.63,4.64,4.61,4.61,94046.92
2026-07-22 13:50:00,4.61,4.62,4.61,4.62,8684.41
2026-07-22 13:55:00,4.62,4.64,4.61,4.62,288258.91
2026-07-22 14:00:00,4.62,4.62,4.61,4.62,52392.78
2026-07-22 14:05:00,4.62,4.62,4.61,4.61,20300.4
2026-07-22 14:10:00,4.61,4.64,4.61,4.62,17814.49
2026-07-22 14:15:00,4.62,4.64,4.62,4.64,66055.57
2026-07-22 14:20:00,4.64,4.65,4.62,4.63,501361.1
2026-07-22 14:25:00,4.63,4.64,4.61,4.62,196710.68
2026-07-22 14:30:00,4.62,4.62,4.61,4.62,8402.41
2026-07-22 14:35:00,4.62,4.62,4.61,4.62,44978.53
2026-07-22 14:40:00,4.62,4.62,4.6,4.61,15923.43
2026-07-22 14:45:00,4.61,4.61,4.6,4.61,5548.89
2026-07-22 14:50:00,4.61,4.62,4.6,4.61,74277.61
2026-07-22 14:55:00,4.61,4.62,4.61,4.62,356.72
2026-07-22 15:00:00,4.62,4.63,4.6,4.6,50777.15
2026-07-22 15:05:00,4.6,4.61,4.59,4.61,42402.47
2026-07-22 15:10:00,4.61,4.63,4.61,4.62,39246.67
2026-07-22 15:15:00,4.62,4.63,4.62,4.63,5257.9
2026-07-22 15:20:00,4.63,4.63,4.61,4.61,45685.11
2026-07-22 15:25:00,4.61,4.62,4.6,4.61,199939.51
2026-07-22 15:30:00,4.61,4.62,4.6,4.61,91916.77
2026-07-22 15:35:00,4.61,4.62,4.61,4.62,7837.36
2026-07-22 15:40:00,4.62,4.62,4.6,4.62,103926.68
2026-07-22 15:45:00,4.62,4.62,4.62,4.62,36357.19
2026-07-22 15:50:00,4.62,4.62,4.59,4.6,8329.44
2026-07-22 15:55:00,4.6,4.6,4.59,4.6,67883.92
2026-07-22 16:00:00,4.6,4.61,4.6,4.61,2867.31
2026-07-22 16:05:00,4.61,4.61,4.61,4.61,9873.91
2026-07-22 16:10:00,4.61,4.62,4.61,4.62,10497.56
2026-07-22 16:15:00,4.62,4.62,4.61,4.61,64201.98
2026-07-22 16:20:00,4.61,4.61,4.6,4.6,42673.47
2026-07-22 16:25:00,4.6,4.61,4.6,4.6,44402.35
2026-07-22 16:30:00,4.6,4.61,4.6,4.61,65937.99
2026-07-22 16:35:00,4.61,4.61,4.59,4.6,56619.21
2026-07-22 16:40:00,4.6,4.6,4.58,4.59,10004.4
2026-07-22 16:45:00,4.59,4.59,4.59,4.59,22285.08
2026-07-22 16:50:00,4.59,4.59,4.58,4.59,12231.98
2026-07-22 16:55:00,4.59,4.59,4.57,4.59,342654.36
2026-07-22 17:00:00,4.59,4.6,4.58,4.59,40678.84
2026-07-22 17:05:00,4.59,4.59,4.58,4.59,46023.95
2026-07-22 17:10:00,4.59,4.6,4.58,4.6,84629.86
2026-07-22 17:15:00,4.6,4.6,4.59,4.6,35189.97
2026-07-22 17:20:00,4.6,4.6,4.6,4.6,10746.54
2026-07-22 17:25:00,4.6,4.61,4.58,4.59,65605.87
2026-07-22 17:30:00,4.59,4.59,4.58,4.58,6100.83
2026-07-22 17:35:00,4.58,4.59,4.58,4.59,33036.28
2026-07-22 17:40:00,4.59,4.61,4.59,4.6,46157.01
2026-07-22 17:45:00,4.6,4.62,4.6,4.61,22264.71
2026-07-22 17:50:00,4.61,4.62,4.61,4.61,135339.41
2026-07-22 17:55:00,4.61,4.63,4.61,4.63,897.39
2026-07-22 18:00:00,4.63,4.64,4.62,4.62,53648.68
2026-07-22 18:05:00,4.62,4.63,4.62,4.63,635.86
2026-07-22 18:10:00,4.63,4.63,4.62,4.62,3274.13
2026-07-22 18:15:00,4.62,4.64,4.61,4.63,31265.16
2026-07-22 18:20:00,4.63,4.65,4.63,4.64,34617.8
2026-07-22 18:25:00,4.64,4.66,4.64,4.66,11189.91
2026-07-22 18:30:00,4.66,4.66,4.64,4.64,57359.79
2026-07-22 18:35:00,4.64,4.66,4.64,4.65,51295.7
2026-07-22 18:40:00,4.65,4.66,4.65,4.66,29595.67
2026-07-22 18:45:00,4.66,4.66,4.66,4.66,40894.22
2026-07-22 18:50:00,4.66,4.66,4.65,4.66,109648.08
2026-07-22 18:55:00,4.66,4.66,4.66,4.66,43262.99
2026-07-22 19:00:00,4.66,4.66,4.66,4.66,54132.92
2026-07-22 19:05:00,4.66,4.67,4.66,4.67,6805.85
2026-07-22 19:10:00,4.67,4.69,4.66,4.66,67685.49
2026-07-22 19:15:00,4.66,4.68,4.66,4.67,1794.87
2026-07-22 19:20:00,4.67,4.69,4.67,4.69,52876.56
2026-07-22 19:25:00,4.69,4.69,4.67,4.69,95379.96
2026-07-22 19:30:00,4.69,4.7,4.68,4.68,138574.31
2026-07-22 19:35:00,4.68,4.7,4.67,4.69,16659.61
2026-07-22 19:40:00,4.69,4.71,4.69,4.7,2229.85
2026-07-22 19:45:00,4.7,4.72,4.69,4.69,95169.91
2026-07-22 19:50:00,4.69,4.7,4.68,4.69,37039.52
2026-07-22 19:55:00,4.69,4.7,4.69,4.69,2785.65
2026-07-22 20:00:00,4.69,4.69,4.68,4.69,44930.56
2026-07-22 20:05:00,4.69,4.69,4.67,4.68,55266.74
2026-07-22 20:10:00,4.68,4.68,4.67,4.67,16714.35
2026-07-22 20:15:00,4.67,4.68,4.67,4.67,20144.17
2026-07-22 20:20:00,4.67,4.68,4.67,4.68,16588.2
2026-07-22 20:25:00,4.68,4.68,4.67,4.68,64861.52
2026-07-22 20:30:00,4.68,4.7,4.67,4.68,50014.57
2026-07-22 20:35:00,4.68,4.68,4.67,4.67,46062.88
2026-07-22 20:40:00,4.67,4.67,4.67,4.67,41493.27
2026-07-22 20:45:00,4.67,4.67,4.66,4.66,27053.05
2026-07-22 20:50:00,4.66,4.67,4.65,4.65,44360.44
2026-07-22 20:55:00,4.65,4.66,4.64,4.66,52380.78
2026-07-22 21:00:00,4.66,4.67,4.65,4.66,50980.19
2026-07-22 21:05:00,4.66,4.67,4.66,4.67,4493.86
2026-07-22 21:10:00,4.67,4.68,4.67,4.67,122271.95
2026-07-22 21:15:00,4.67,4.67,4.67,4.67,57516.65
2026-07-22 21:20:00,4.67,4.68,4.67,4.67,41698.89
2026-07-22 21:25:00,4.67,4.68,4.66,4.66,18898.9
2026-07-22 21:30:00,4.66,4.68,4.66,4.67,1965.11
2026-07-22 21:35:00,4.67,4.69,4.67,4.69,23233.76
2026-07-22 21:40:00,4.69,4.71,4.67,4.68,466903.47
2026-07-22 21:45:00,4.68,4.69,4.68,4.69,24293.01
2026-07-22 21:50:00,4.69,4.7,4.67,4.68,26989.38
2026-07-22 21:55:00,4.68,4.7,4.67,4.69,7654.97
2026-07-22 22:00:00,4.69,4.71,4.67,4.68,64903.62
2026-07-22 22:05:00,4.68,4.69,4.66,4.66,249325.28
2026-07-22 22:10:00,4.66,4.67,4.66,4.67,138415.74
2026-07-22 22:15:00,4.67,4.68,4.66,4.67,6559.16
2026-07-22 22:20:00,4.67,4.68,4.67,4.68,18431.16
2026-07-22 22:25:00,4.68,4.68,4.67,4.67,85320.19
2026-07-22 22:30:00,4.67,4.68,4.67,4.68,59844.03
2026-07-22 22:35:00,4.68,4.68,4.67,4.68,33581.85
2026-07-22 22:40:00,4.68,4.69,4.67,4.69,82427.91
2026-07-22 22:45:00,4.69,4.71,4.68,4.68,227142.94
2026-07-22 22:50:00,4.68,4.68,4.67,4.68,36628.79
2026-07-22 22:55:00,4.68,4.68,4.66,4.67,88363.22
2026-07-22 23:00:00,4.67,4.68,4.67,4.68,4401.97
2026-07-22 23:05:00,4.68,4.68,4.66,4.67,97222.71
2026-07-22 23:10:00,4.67,4.67,4.66,4.66,5035.0
2026-07-22 23:15:00,4.66,4.67,4.66,4.67,75998.08
2026-07-22 23:20:00,4.67,4.68,4.66,4.68,26351.85
2026-07-22 23:25:00,4.68,4.69,4.67,4.68,11653.57
2026-07-22 23:30:00,4.68,4.69,4.68,4.69,57975.22
2026-07-22 23:35:00,4.69,4.7,4.68,4.7,144476.95
2026-07-22 23:40:00,4.7,4.71,4.68,4.69,124637.14
2026-07-22 23:45:00,4.69,4.69,4.68,4.68,8051.36
2026-07-22 23:50:00,4.68,4.69,4.67,4.69,10938.25
2026-07-22 23:55:00,4.69,4.69,4.68,4.69,5654.32
2026-07-23 00:00:00,4.69,4.7,4.69,4.7,34945.97
2026-07-23 00:05:00,4.7,4.7,4.7,4.7,113.64
2026-07-23 00:10:00,4.7,4.7,4.69,4.7,22173.84
2026-07-23 00:15:00,4.7,4.7,4.69,4.7,103378.42
2026-07-23 00:20:00,4.7,4.71,4.69,4.69,224648.17
2026-07-23 00:25:00,4.69,4.7,4.69,4.69,23102.53
2026-07-23 00:30:00,4.69,4.7,4.68,4.7,9684.8
2026-07-23 00:35:00,4.7,4.72,4.69,4.69,242077.07
2026-07-23 00:40:00,4.69,4.69,4.68,4.68,19079.29
2026-07-23 00:45:00,4.68,4.7,4.68,4.7,26021.43
2026-07-23 00:50:00,4.7,4.71,4.7,4.71,34012.19
2026-07-23 00:55:00,4.71,4.71,4.7,4.7,219539.78
2026-07-23 01:00:00,4.7,4.71,4.69,4.69,56578.67
2026-07-23 01:05:00,4.69,4.71,4.69,4.7,155659.69
2026-07-23 01:10:00,4.7,4.72,4.7,4.7,5905.86
2026-07-23 01:15:00,4.7,4.7,4.69,4.69,63409.4
2026-07-23 01:20:00,4.69,4.7,4.68,4.68,43903.74
2026-07-23 01:25:00,4.68,4.7,4.67,4.69,95379.91
2026-07-23 01:30:00,4.69,4.71,4.69,4.71,7821.73
2026-07-23 01:35:00,4.71,4.72,4.7,4.72,2588.34
2026-07-23 01:40:00,4.72,4.73,4.72,4.73,75917.0
2026-07-23 01:45:00,4.73,4.74,4.71,4.72,174464.4
2026-07-23 01:50:00,4.72,4.72,4.7,4.7,15481.33
2026-07-23 01:55:00,4.7,4.71,4.7,4.71,204492.52
2026-07-23 02:00:00,4.71,4.72,4.7,4.71,25518.94
2026-07-23 02:05:00,4.71,4.71,4.7,4.71,50518.71
2026-07-23 02:10:00,4.71,4.71,4.7,4.71,29119.61
2026-07-23 02:15:00,4.71,4.72,4.7,4.7,141139.88
2026-07-23 02:20:00,4.7,4.71,4.69,4.71,6277.07
2026-07-23 02:25:00,4.71,4.71,4.71,4.71,3575.12
2026-07-23 02:30:00,4.71,4.72,4.71,4.72,36249.39
2026-07-23 02:35:00,4.72,4.72,4.71,4.72,4614.22
2026-07-23 02:40:00,4.72,4.74,4.7,4.71,245035.49
2026-07-23 02:45:00,4.71,4.71,4.7,4.7,26825.5
2026-07-23 02:50:00,4.7,4.7,4.69,4.69,5124.24
2026-07-23 02:55:00,4.69,4.71,4.68,4.69,192190.9
2026-07-23 03:00:00,4.69,4.7,4.68,4.68,167414.76
2026-07-23 03:05:00,4.68,4.68,4.67,4.67,2024.34
2026-07-23 03:10:00,4.67,4.67,4.66,4.67,48339.58
2026-07-23 03:15:00,4.67,4.67,4.65,4.66,147904.69
2026-07-23 03:20:00,4.66,4.66,4.65,4.65,52035.93
2026-07-23 03:25:00,4.65,4.66,4.65,4.65,59785.06
2026-07-23 03:30:00,4.65,4.66,4.64,4.66,9984.09
2026-07-23 03:35:00,4.66,4.67,4.65,4.66,22931.35
2026-07-23 03:40:00,4.66,4.67,4.66,4.67,9532.78
2026-07-23 03:45:00,4.67,4.68,4.66,4.67,6418.44
2026-07-23 03:50:00,4.67,4.68,4.67,4.68,31707.08
2026-07-23 03:55:00,4.68,4.68,4.66,4.66,154269.93
2026-07-23 04:00:00,4.66,4.67,4.66,4.67,32840.55
2026-07-23 04:05:00,4.67,4.68,4.66,4.67,21883.93
2026-07-23 04:10:00,4.67,4.67,4.67,4.67,146696.31
2026-07-23 04:15:00,4.67,4.67,4.66,4.67,30492.41
2026-07-23 04:20:00,4.67,4.68,4.66,4.67,39459.04
2026-07-23 04:25:00,4.67,4.67,4.66,4.67,34419.64
2026-07-23 04:30:00,4.67,4.68,4.66,4.67,73421.13
2026-07-23 04:35:00,4.67,4.67,4.65,4.66,15510.46
2026-07-23 04:40:00,4.66,4.66,4.64,4.65,52457.91
2026-07-23 04:45:00,4.65,4.67,4.63,4.66,14177.19
2026-07-23 04:50:00,4.66,4.66,4.65,4.66,5416.31
2026-07-23 04:55:00,4.66,4.67,4.66,4.66,152831.83
2026-07-23 05:00:00,4.66,4.68,4.66,4.68,9069.99
2026-07-23 05:05:00,4.68,4.69,4.67,4.69,65201.51
2026-07-23 05:10:00,4.69,4.69,4.68,4.68,15057.24
2026-07-23 05:15:00,4.68,4.69,4.68,4.69,56287.04
2026-07-23 05:20:00,4.69,4.69,4.67,4.68,55465.94
2026-07-23 05:25:00,4.68,4.69,4.68,4.69,76815.0
2026-07-23 05:30:00,4.69,4.69,4.68,4.69,3404.96
2026-07-23 05:35:00,4.69,4.7,4.69,4.7,54268.53
2026-07-23 05:40:00,4.7,4.71,4.69,4.7,60748.62
2026-07-23 05:45:00,4.7,4.71,4.68,4.7,141890.21
2026-07-23 05:50:00,4.7,4.71,4.7,4.71,55638.74
2026-07-23 05:55:00,4.71,4.71,4.7,4.7,61768.83
2026-07-23 06:00:00,4.7,4.71,4.7,4.7,32448.26
2026-07-23 06:05:00,4.7,4.71,4.69,4.7,34946.34
2026-07-23 06:10:00,4.7,4.71,4.7,4.71,21232.08
2026-07-23 06:15:00,4.71,4.72,4.71,4.72,33414.09
2026-07-23 06:20:00,4.72,4.72,4.71,4.72,801.6
2026-07-23 06:25:00,4.72,4.72,4.71,4.71,126221.84
2026-07-23 06:30:00,4.71,4.72,4.71,4.72,92006.58
2026-07-23 06:35:00,4.72,4.75,4.72,4.74,11479.4
2026-07-23 06:40:00,4.74,4.75,4.73,4.74,11554.89
2026-07-23 06:45:00,4.74,4.75,4.74,4.74,9440.1
2026-07-23 06:50:00,4.74,4.77,4.74,4.76,126634.5
2026-07-23 06:55:00,4.76,4.77,4.75,4.76,11901.36
2026-07-23 07:00:00,4.76,4.78,4.74,4.75,263656.44
2026-07-23 07:05:00,4.75,4.75,4.74,4.75,127403.91
2026-07-23 07:10:00,4.75,4.77,4.75,4.76,25256.95
2026-07-23 07:15:00,4.76,4.77,4.76,4.76,19523.67
2026-07-23 07:20:00,4.76,4.78,4.75,4.75,291880.54
2026-07-23 07:25:00,4.75,4.76,4.75,4.75,24905.93
2026-07-23 07:30:00,4.75,4.76,4.74,4.74,26349.19
2026-07-23 07:35:00,4.74,4.74,4.74,4.74,53733.8
2026-07-23 07:40:00,4.74,4.74,4.74,4.74,183725.02
2026-07-23 07:45:00,4.74,4.75,4.72,4.72,80159.65
2026-07-23 07:50:00,4.72,4.72,4.72,4.72,138800.0
2026-07-23 07:55:00,4.72,4.72,4.7,4.71,29275.74
2026-07-23 08:00:00,4.71,4.71,4.7,4.71,56038.75
2026-07-23 08:05:00,4.71,4.71,4.69,4.7,98647.69
2026-07-23 08:10:00,4.7,4.7,4.7,4.7,54188.67
2026-07-23 08:15:00,4.7,4.72,4.7,4.72,52027.61
2026-07-23 08:20:00,4.72,4.72,4.71,4.72,20071.85
2026-07-23 08:25:00,4.72,4.73,4.72,4.73,25494.05
2026-07-23 08:30:00,4.73,4.74,4.73,4.73,15646.34
2026-07-23 08:35:00,4.73,4.74,4.73,4.74,18155.19
2026-07-23 08:40:00,4.74,4.75,4.74,4.74,4620.54
2026-07-23 08:45:00,4.74,4.75,4.74,4.74,118925.14
2026-07-23 08:50:00,4.74,4.74,4.74,4.74,81321.68
2026-07-23 08:55:00,4.74,4.75,4.72,4.73,2892.87
2026-07-23 09:00:00,4.73,4.74,4.72,4.72,21711.6
2026-07-23 09:05:00,4.72,4.73,4.71,4.72,80883.31
2026-07-23 09:10:00,4.72,4.73,4.7,4.71,6379.36
2026-07-23 09:15:00,4.71,4.71,4.7,4.71,8162.45
2026-07-23 09:20:00,4.71,4.71,4.7,4.71,231579.88
2026-07-23 09:25:00,4.71,4.71,4.7,4.71,18156.66
2026-07-23 09:30:00,4.71,4.71,4.7,4.7,29760.27
2026-07-23 09:35:00,4.7,4.7,4.69,4.69,10401.39
2026-07-23 09:40:00,4.69,4.71,4.69,4.71,892.2
2026-07-23 09:45:00,4.71,4.71,4.7,4.71,38360.27
2026-07-23 09:50:00,4.71,4.72,4.7,4.71,1573.89
2026-07-23 09:55:00,4.71,4.72,4.71,4.71,27722.22
2026-07-23 10:00:00,4.71,4.72,4.71,4.72,3505.65
2026-07-23 10:05:00,4.72,4.73,4.71,4.71,6286.28
2026-07-23 10:10:00,4.71,4.72,4.7,4.72,94402.59
2026-07-23 10:15:00,4.72,4.72,4.71,4.72,70447.49
2026-07-23 10:20:00,4.72,4.73,4.71,4.72,33609.59
2026-07-23 10:25:00,4.72,4.74,4.72,4.73,168232.96
2026-07-23 10:30:00,4.73,4.74,4.73,4.74,109352.5
2026-07-23 10:35:00,4.74,4.74,4.73,4.73,44888.59
2026-07-23 10:40:00,4.73,4.74,4.73,4.73,11341.01
2026-07-23 10:45:00,4.73,4.73,4.72,4.72,1616.19
2026-07-23 10:50:00,4.72,4.73,4.72,4.72,2953.6
2026-07-23 10:55:00,4.72,4.74,4.72,4.74,2511.46
2026-07-23 11:00:00,4.74,4.74,4.73,4.74,67203.39
2026-07-23 11:05:00,4.74,4.74,4.74,4.74,5840.91
2026-07-23 11:10:00,4.74,4.74,4.72,4.72,2083.37
2026-07-23 11:15:00,4.72,4.73,4.72,4.72,109531.53
2026-07-23 11:20:00,4.72,4.73,4.71,4.71,83978.05
2026-07-23 11:25:00,4.71,4.71,4.7,4.71,67097.62
2026-07-23 11:30:00,4.71,4.71,4.7,4.71,4762.88
2026-07-23 11:35:00,4.71,4.72,4.71,4.72,9756.62
2026-07-23 11:40:00,4.72,4.72,4.71,4.72,123171.51
2026-07-23 11:45:00,4.72,4.73,4.72,4.73,17133.43
2026-07-23 11:50:00,4.73,4.73,4.73,4.73,95481.92
2026-07-23 11:55:00,4.73,4.74,4.72,4.73,75401.2
2026-07-23 12:00:00,4.73,4.75,4.73,4.73,62456.97
2026-07-23 12:05:00,4.73,4.74,4.72,4.73,43431.77
2026-07-23 12:10:00,4.73,4.73,4.71,4.71,24264.98
2026-07-23 12:15:00,4.71,4.72,4.71,4.71,242928.74
2026-07-23 12:20:00,4.71,4.73,4.71,4.72,16267.24
2026-07-23 12:25:00,4.72,4.72,4.71,4.72,28991.36
2026-07-23 12:30:00,4.72,4.73,4.72,4.72,68726.33
2026-07-23 12:35:00,4.72,4.73,4.72,4.73,5081.79
2026-07-23 12:40:00,4.73,4.74,4.72,4.73,415261.19
2026-07-23 12:45:00,4.73,4.73,4.72,4.72,20321.92
2026-07-23 12:50:00,4.72,4.72,4.71,4.72,42841.1
2026-07-23 12:55:00,4.72,4.72,4.71,4.72,17566.28
2026-07-23 13:00:00,4.72,4.72,4.71,4.72,109297.25
2026-07-23 13:05:00,4.72,4.73,4.71,4.73,10942.74
2026-07-23 13:10:00,4.73,4.74,4.72,4.73,144584.7
2026-07-23 13:15:00,4.73,4.75,4.72,4.72,157465.33
2026-07-23 13:20:00,4.72,4.73,4.72,4.72,50226.77
2026-07-23 13:25:00,4.72,4.73,4.72,4.72,24899.51
2026-07-23 13:30:00,4.72,4.73,4.71,4.73,56938.13
2026-07-23 13:35:00,4.73,4.74,4.72,4.73,96981.45
2026-07-23 13:40:00,4.73,4.75,4.73,4.73,123906.38
2026-07-23 13:45:00,4.73,4.74,4.73,4.73,6963.62
2026-07-23 13:50:00,4.73,4.74,4.73,4.73,9063.37
2026-07-23 13:55:00,4.73,4.73,4.72,4.72,31266.98
2026-07-23 14:00:00,4.72,4.72,4.72,4.72,47609.34
2026-07-23 14:05:00,4.72,4.74,4.72,4.73,29701.96
2026-07-23 14:10:00,4.73,4.75,4.72,4.72,456871.07
2026-07-23 14:15:00,4.72,4.73,4.72,4.72,30666.36
2026-07-23 14:20:00,4.72,4.73,4.71,4.71,1498.7
2026-07-23 14:25:00,4.71,4.72,4.71,4.72,90155.12
2026-07-23 14:30:00,4.72,4.73,4.72,4.72,69356.7
2026-07-23 14:35:00,4.72,4.73,4.72,4.73,45655.35
2026-07-23 14:40:00,4.73,4.75,4.72,4.74,191993.82
2026-07-23 14:45:00,4.74,4.74,4.74,4.74,43888.52
2026-07-23 14:50:00,4.74,4.74,4.74,4.74,128661.86
2026-07-23 14:55:00,4.74,4.75,4.73,4.73,24782.89
2026-07-23 15:00:00,4.73,4.73,4.73,4.73,88794.72
2026-07-23 15:05:00,4.73,4.74,4.72,4.72,109789.82
2026-07-23 15:10:00,4.72,4.72,4.71,4.71,41354.78
2026-07-23 15:15:00,4.71,4.72,4.69,4.7,28867.45
2026-07-23 15:20:00,4.7,4.71,4.7,4.71,19372.08
2026-07-23 15:25:00,4.71,4.71,4.7,4.71,152413.46
2026-07-23 15:30:00,4.71,4.72,4.7,4.7,23291.57
2026-07-23 15:35:00,4.7,4.72,4.69,4.71,310467.95
2026-07-23 15:40:00,4.71,4.72,4.7,4.7,31172.46
2026-07-23 15:45:00,4.7,4.72,4.69,4.72,208498.54
2026-07-23 15:50:00,4.72,4.72,4.7,4.7,74002.83
2026-07-23 15:55:00,4.7,4.72,4.69,4.72,144661.17
2026-07-23 16:00:00,4.72,4.72,4.71,4.72,269115.64
2026-07-23 16:05:00,4.72,4.73,4.72,4.73,75437.56
2026-07-23 16:10:00,4.73,4.73,4.72,4.72,22555.93
2026-07-23 16:15:00,4.72,4.72,4.72,4.72,51406.91
2026-07-23 16:20:00,4.72,4.72,4.72,4.72,34144.41
2026-07-23 16:25:00,4.72,4.73,4.72,4.73,97480.27
2026-07-23 16:30:00,4.73,4.73,4.72,4.72,24788.78
2026-07-23 16:35:00,4.72,4.73,4.72,4.73,158503.7
2026-07-23 16:40:00,4.73,4.74,4.72,4.73,178099.86
2026-07-23 16:45:00,4.73,4.73,4.72,4.73,11383.43
2026-07-23 16:50:00,4.73,4.74,4.73,4.73,114207.44
2026-07-23 16:55:00,4.73,4.74,4.73,4.73,4865.45
2026-07-23 17:00:00,4.73,4.73,4.72,4.73,19842.21
2026-07-23 17:05:00,4.73,4.73,4.72,4.73,34800.48
2026-07-23 17:10:00,4.73,4.73,4.71,4.72,89865.55
2026-07-23 17:15:00,4.72,4.72,4.72,4.72,15081.65
2026-07-23 17:20:00,4.72,4.73,4.71,4.72,70993.84
2026-07-23 17:25:00,4.72,4.73,4.72,4.72,75098.14
2026-07-23 17:30:00,4.72,4.72,4.71,4.72,8132.76
2026-07-23 17:35:00,4.72,4.74,4.72,4.73,57997.22
2026-07-23 17:40:00,4.73,4.73,4.72,4.73,6899.87
2026-07-23 17:45:00,4.73,4.73,4.71,4.71,127361.75
2026-07-23 17:50:00,4.71,4.72,4.69,4.72,316882.12
2026-07-23 17:55:00,4.72,4.73,4.7,4.71,182808.53
2026-07-23 18:00:00,4.71,4.72,4.71,4.72,84133.78
2026-07-23 18:05:00,4.72,4.73,4.71,4.71,4173.7
2026-07-23 18:10:00,4.71,4.72,4.71,4.72,55731.0
2026-07-23 18:15:00,4.72,4.72,4.71,4.72,6179.77
2026-07-23 18:20:00,4.72,4.72,4.71,4.71,38346.03
2026-07-23 18:25:00,4.71,4.71,4.7,4.71,2090.08
2026-07-23 18:30:00,4.71,4.71,4.69,4.69,28700.96
2026-07-23 18:35:00,4.69,4.69,4.68,4.69,41715.2
2026-07-23 18:40:00,4.69,4.69,4.68,4.68,56756.31
2026-07-23 18:45:00,4.68,4.69,4.68,4.69,9958.99
2026-07-23 18:50:00,4.69,4.69,4.68,4.68,16698.33
2026-07-23 18:55:00,4.68,4.7,4.67,4.7,47999.98
2026-07-23 19:00:00,4.7,4.7,4.69,4.7,26333.4
2026-07-23 19:05:00,4.7,4.71,4.68,4.71,409027.36
2026-07-23 19:10:00,4.71,4.72,4.71,4.71,90197.67
2026-07-23 19:15:00,4.71,4.72,4.7,4.71,50092.53
2026-07-23 19:20:00,4.71,4.72,4.71,4.72,19109.93
2026-07-23 19:25:00,4.72,4.72,4.72,4.72,94038.85
2026-07-23 19:30:00,4.72,4.74,4.72,4.73,72101.68
2026-07-23 19:35:00,4.73,4.75,4.72,4.72,422170.95
2026-07-23 19:40:00,4.72,4.73,4.72,4.72,75438.35
2026-07-23 19:45:00,4.72,4.73,4.7,4.71,138941.41
2026-07-23 19:50:00,4.71,4.72,4.71,4.72,44929.4
2026-07-23 19:55:00,4.72,4.72,4.71,4.71,7326.99
2026-07-23 20:00:00,4.71,4.71,4.71,4.71,64137.41
2026-07-23 20:05:00,4.71,4.72,4.7,4.72,80315.9
2026-07-23 20:10:00,4.72,4.72,4.71,4.72,32121.87
2026-07-23 20:15:00,4.72,4.72,4.71,4.71,2439.28
2026-07-23 20:20:00,4.71,4.72,4.71,4.71,17321.05
2026-07-23 20:25:00,4.71,4.72,4.7,4.72,9692.32
2026-07-23 20:30:00,4.72,4.72,4.72,4.72,4405.71
2026-07-23 20:35:00,4.72,4.74,4.72,4.73,25761.91
2026-07-23 20:40:00,4.73,4.73,4.72,4.73,12473.22
2026-07-23 20:45:00,4.73,4.74,4.72,4.73,26511.05
2026-07-23 20:50:00,4.73,4.74,4.73,4.73,35928.54
2026-07-23 20:55:00,4.73,4.74,4.72,4.74,25839.92
2026-07-23 21:00:00,4.74,4.74,4.73,4.74,34621.98
2026-07-23 21:05:00,4.74,4.75,4.74,4.74,43614.48
2026-07-23 21:10:00,4.74,4.76,4.73,4.73,429858.68
2026-07-23 21:15:00,4.73,4.73,4.72,4.73,25591.23
2026-07-23 21:20:00,4.73,4.73,4.72,4.73,8329.99
2026-07-23 21:25:00,4.73,4.74,4.71,4.71,70363.35
2026-07-23 21:30:00,4.71,4.71,4.71,4.71,1506.36
2026-07-23 21:35:00,4.71,4.72,4.69,4.7,57110.53
2026-07-23 21:40:00,4.7,4.71,4.7,4.71,60154.31
2026-07-23 21:45:00,4.71,4.71,4.7,4.7,20135.52
2026-07-23 21:50:00,4.7,4.7,4.7,4.7,53678.37
2026-07-23 21:55:00,4.7,4.71,4.69,4.7,32557.4
2026-07-23 22:00:00,4.7,4.71,4.69,4.69,40574.9
2026-07-23 22:05:00,4.69,4.69,4.67,4.68,104733.32
2026-07-23 22:10:00,4.68,4.69,4.67,4.69,82991.6
2026-07-23 22:15:00,4.69,4.69,4.67,4.68,8019.6
2026-07-23 22:20:00,4.68,4.69,4.67,4.68,370272.28
2026-07-23 22:25:00,4.68,4.69,4.68,4.69,11148.85
2026-07-23 22:30:00,4.69,4.7,4.69,4.7,102402.61
2026-07-23 22:35:00,4.7,4.71,4.7,4.71,1766.78
2026-07-23 22:40:00,4.71,4.71,4.7,4.7,1108.4
2026-07-23 22:45:00,4.7,4.71,4.69,4.71,248.7
2026-07-23 22:50:00,4.71,4.71,4.69,4.7,177642.79
2026-07-23 22:55:00,4.7,4.71,4.7,4.7,5920.18
2026-07-23 23:00:00,4.7,4.71,4.69,4.7,41956.28
2026-07-23 23:05:00,4.7,4.7,4.69,4.7,22016.38
2026-07-23 23:10:00,4.7,4.7,4.69,4.7,146338.15
2026-07-23 23:15:00,4.7,4.71,4.7,4.71,12717.82
2026-07-23 23:20:00,4.71,4.71,4.7,4.7,143249.34
2026-07-23 23:25:00,4.7,4.7,4.7,4.7,286045.3
2026-07-23 23:30:00,4.7,4.71,4.69,4.7,142682.34
2026-07-23 23:35:00,4.7,4.7,4.69,4.69,45861.7
2026-07-23 23:40:00,4.69,4.69,4.68,4.68,22649.32
2026-07-23 23:45:00,4.68,4.69,4.68,4.69,4064.46
2026-07-23 23:50:00,4.69,4.7,4.69,4.69,13015.53
2026-07-23 23:55:00,4.69,4.7,4.69,4.7,2383.49
2026-07-24 00:00:00,4.7,4.72,4.69,4.71,66440.02
2026-07-24 00:05:00,4.71,4.72,4.7,4.7,117279.51
2026-07-24 00:10:00,4.7,4.72,4.7,4.72,42296.49
2026-07-24 00:15:00,4.72,4.72,4.71,4.71,16183.79
2026-07-24 00:20:00,4.71,4.71,4.69,4.69,6218.92
2026-07-24 00:25:00,4.69,4.7,4.69,4.69,1515.18
2026-07-24 00:30:00,4.69,4.7,4.68,4.7,74106.26
2026-07-24 00:35:00,4.7,4.72,4.69,4.72,7315.2
2026-07-24 00:40:00,4.72,4.72,4.7,4.72,16099.86
2026-07-24 00:45:00,4.72,4.72,4.7,4.7,56690.41
2026-07-24 00:50:00,4.7,4.72,4.7,4.71,9823.53
2026-07-24 00:55:00,4.71,4.73,4.71,4.73,1747.43
2026-07-24 01:00:00,4.73,4.74,4.73,4.74,38052.0
2026-07-24 01:05:00,4.74,4.74,4.73,4.73,24524.96
2026-07-24 01:10:00,4.73,4.74,4.73,4.74,143008.18
2026-07-24 01:15:00,4.74,4.76,4.73,4.73,9828.66
2026-07-24 01:20:00,4.73,4.74,4.72,4.72,922723.56
2026-07-24 01:25:00,4.72,4.73,4.71,4.71,103374.49
2026-07-24 01:30:00,4.71,4.73,4.71,4.72,49375.8
2026-07-24 01:35:00,4.72,4.73,4.72,4.73,11583.03
2026-07-24 01:40:00,4.73,4.73,4.72,4.73,120276.11
2026-07-24 01:45:00,4.73,4.74,4.73,4.73,12134.79
2026-07-24 01:50:00,4.73,4.74,4.73,4.73,55399.81
2026-07-24 01:55:00,4.73,4.74,4.73,4.73,107696.09
2026-07-24 02:00:00,4.73,4.74,4.72,4.73,55096.01
2026-07-24 02:05:00,4.73,4.73,4.72,4.72,93178.86
2026-07-24 02:10:00,4.72,4.73,4.72,4.72,91677.97
2026-07-24 02:15:00,4.72,4.73,4.72,4.73,3988.23
2026-07-24 02:20:00,4.73,4.73,4.73,4.73,17423.57
2026-07-24 02:25:00,4.73,4.73,4.73,4.73,8514.87
2026-07-24 02:30:00,4.73,4.74,4.71,4.72,15600.93
2026-07-24 02:35:00,4.72,4.72,4.72,4.72,3699.01
2026-07-24 02:40:00,4.72,4.73,4.72,4.72,31455.13
2026-07-24 02:45:00,4.72,4.73,4.71,4.73,6069.54
2026-07-24 02:50:00,4.73,4.74,4.73,4.74,15499.25
2026-07-24 02:55:00,4.74,4.74,4.72,4.73,86310.69
2026-07-24 03:00:00,4.73,4.73,4.72,4.73,14739.52
2026-07-24 03:05:00,4.73,4.73,4.71,4.72,1980.93
2026-07-24 03:10:00,4.72,4.74,4.72,4.73,38051.11
2026-07-24 03:15:00,4.73,4.74,4.72,4.73,8518.13
2026-07-24 03:20:00,4.73,4.75,4.72,4.72,21218.46
2026-07-24 03:25:00,4.72,4.73,4.72,4.73,57071.45
2026-07-24 03:30:00,4.73,4.74,4.72,4.73,4881.06
2026-07-24 03:35:00,4.73,4.74,4.73,4.73,16025.26
2026-07-24 03:40:00,4.73,4.74,4.72,4.72,129947.04
2026-07-24 03:45:00,4.72,4.72,4.72,4.72,155906.44
2026-07-24 03:50:00,4.72,4.72,4.71,4.72,164213.21
2026-07-24 03:55:00,4.72,4.73,4.71,4.73,47280.0
2026-07-24 04:00:00,4.73,4.74,4.73,4.74,26671.49
2026-07-24 04:05:00,4.74,4.74,4.73,4.73,541.91
2026-07-24 04:10:00,4.73,4.74,4.73,4.73,32239.0
2026-07-24 04:15:00,4.73,4.73,4.72,4.72,1857.45
2026-07-24 04:20:00,4.72,4.72,4.71,4.72,70116.93
2026-07-24 04:25:00,4.72,4.72,4.71,4.72,3246.54
2026-07-24 04:30:00,4.72,4.72,4.71,4.71,24941.85
2026-07-24 04:35:00,4.71,4.71,4.7,4.71,64055.52
2026-07-24 04:40:00,4.71,4.71,4.69,4.69,10232.17
2026-07-24 04:45:00,4.69,4.7,4.67,4.68,197431.88
2026-07-24 04:50:00,4.68,4.69,4.66,4.69,336457.76
2026-07-24 04:55:00,4.69,4.69,4.69,4.69,23952.17
2026-07-24 05:00:00,4.69,4.69,4.68,4.69,102745.54
2026-07-24 05:05:00,4.69,4.69,4.68,4.69,116590.53
2026-07-24 05:10:00,4.69,4.7,4.68,4.68,39864.41
2026-07-24 05:15:00,4.68,4.69,4.68,4.68,24386.62
2026-07-24 05:20:00,4.68,4.7,4.67,4.69,275495.38
2026-07-24 05:25:00,4.69,4.7,4.69,4.7,44263.85
2026-07-24 05:30:00,4.7,4.7,4.69,4.7,47110.04
2026-07-24 05:35:00,4.7,4.71,4.7,4.7,80399.96
2026-07-24 05:40:00,4.7,4.71,4.7,4.71,108968.66
2026-07-24 05:45:00,4.71,4.71,4.7,4.71,132171.61
2026-07-24 05:50:00,4.71,4.71,4.7,4.7,120657.27
2026-07-24 05:55:00,4.7,4.71,4.7,4.71,54928.46
2026-07-24 06:00:00,4.71,4.72,4.7,4.7,86743.65
2026-07-24 06:05:00,4.7,4.71,4.7,4.71,8017.87
2026-07-24 06:10:00,4.71,4.71,4.7,4.71,10251.26
2026-07-24 06:15:00,4.71,4.71,4.7,4.71,161437.23
2026-07-24 06:20:00,4.71,4.71,4.71,4.71,18870.56
2026-07-24 06:25:00,4.71,4.72,4.7,4.7,56042.23
2026-07-24 06:30:00,4.7,4.71,4.7,4.7,42611.31
2026-07-24 06:35:00,4.7,4.72,4.7,4.72,1116.25
2026-07-24 06:40:00,4.72,4.72,4.71,4.71,12345.02
2026-07-24 06:45:00,4.71,4.71,4.7,4.7,15964.49
2026-07-24 06:50:00,4.7,4.72,4.7,4.71,3499.77
2026-07-24 06:55:00,4.71,4.71,4.7,4.7,23584.83
2026-07-24 07:00:00,4.7,4.71,4.7,4.71,101248.32
2026-07-24 07:05:00,4.71,4.72,4.7,4.71,24889.67
2026-07-24 07:10:00,4.71,4.71,4.7,4.7,2229.13
2026-07-24 07:15:00,4.7,4.71,4.7,4.71,6725.83
2026-07-24 07:20:00,4.71,4.71,4.71,4.71,75917.68
2026-07-24 07:25:00,4.71,4.71,4.7,4.71,21174.57
2026-07-24 07:30:00,4.71,4.72,4.71,4.71,60053.38
2026-07-24 07:35:00,4.71,4.72,4.71,4.72,43162.14
2026-07-24 07:40:00,4.72,4.72,4.72,4.72,15427.36
2026-07-24 07:45:00,4.72,4.73,4.72,4.72,3221.93
2026-07-24 07:50:00,4.72,4.73,4.71,4.73,17607.38
2026-07-24 07:55:00,4.73,4.74,4.73,4.73,9791.2
2026-07-24 08:00:00,4.73,4.74,4.72,4.73,52961.71
2026-07-24 08:05:00,4.73,4.73,4.72,4.72,101225.48
2026-07-24 08:10:00,4.72,4.74,4.72,4.73,37836.16
2026-07-24 08:15:00,4.73,4.74,4.73,4.74,6440.34
2026-07-24 08:20:00,4.74,4.75,4.73,4.73,524192.54
2026-07-24 08:25:00,4.73,4.74,4.72,4.73,6120.19
2026-07-24 08:30:00,4.73,4.73,4.71,4.71,99650.61
2026-07-24 08:35:00,4.71,4.72,4.7,4.71,1677.1
2026-07-24 08:40:00,4.71,4.72,4.7,4.71,54087.59
2026-07-24 08:45:00,4.71,4.71,4.7,4.7,33144.48
2026-07-24 08:50:00,4.7,4.71,4.69,4.7,57276.05
2026-07-24 08:55:00,4.7,4.71,4.7,4.7,44765.69
2026-07-24 09:00:00,4.7,4.71,4.69,4.71,50868.8
2026-07-24 09:05:00,4.71,4.72,4.7,4.7,38941.18
2026-07-24 09:10:00,4.7,4.7,4.69,4.69,5822.11
2026-07-24 09:15:00,4.69,4.7,4.69,4.69,132377.29
2026-07-24 09:20:00,4.69,4.71,4.69,4.7,18655.01
2026-07-24 09:25:00,4.7,4.72,4.7,4.71,75698.92
2026-07-24 09:30:00,4.71,4.72,4.71,4.72,28876.57
2026-07-24 09:35:00,4.72,4.72,4.71,4.71,7661.66
2026-07-24 09:40:00,4.71,4.72,4.7,4.71,13238.77
2026-07-24 09:45:00,4.71,4.71,4.71,4.71,187776.78
2026-07-24 09:50:00,4.71,4.73,4.71,4.72,9341.49
2026-07-24 09:55:00,4.72,4.72,4.71,4.72,25230.72
2026-07-24 10:00:00,4.72,4.73,4.71,4.73,9738.65
2026-07-24 10:05:00,4.73,4.74,4.72,4.73,7881.98
2026-07-24 10:10:00,4.73,4.74,4.73,4.74,7072.54
2026-07-24 10:15:00,4.74,4.75,4.73,4.73,14191.34
2026-07-24 10:20:00,4.73,4.74,4.72,4.73,17466.94
2026-07-24 10:25:00,4.73,4.75,4.72,4.73,2039.34
2026-07-24 10:30:00,4.73,4.74,4.72,4.74,29292.0
2026-07-24 10:35:00,4.74,4.74,4.73,4.73,16058.63
2026-07-24 10:40:00,4.73,4.73,4.72,4.73,49180.59
2026-07-24 10:45:00,4.73,4.74,4.73,4.74,43599.13
2026-07-24 10:50:00,4.74,4.74,4.73,4.74,8702.99
2026-07-24 10:55:00,4.74,4.74,4.72,4.72,36444.78
2026-07-24 11:00:00,4.72,4.73,4.72,4.72,20361.95
2026-07-24 11:05:00,4.72,4.73,4.72,4.73,41206.87
2026-07-24 11:10:00,4.73,4.74,4.72,4.72,5016.21
2026-07-24 11:15:00,4.72,4.73,4.72,4.72,106990.29
2026-07-24 11:20:00,4.72,4.73,4.72,4.72,13460.81
2026-07-24 11:25:00,4.72,4.72,4.7,4.71,140818.37
2026-07-24 11:30:00,4.71,4.72,4.71,4.72,98259.6
2026-07-24 11:35:00,4.72,4.72,4.69,4.7,29911.76
2026-07-24 11:40:00,4.7,4.7,4.69,4.69,6836.18
2026-07-24 11:45:00,4.69,4.7,4.69,4.69,131159.77
2026-07-24 11:50:00,4.69,4.69,4.69,4.69,54208.06
2026-07-24 11:55:00,4.69,4.7,4.67,4.68,38195.55
2026-07-24 12:00:00,4.68,4.69,4.67,4.68,41196.56
2026-07-24 12:05:00,4.68,4.69,4.68,4.68,50175.83
2026-07-24 12:10:00,4.68,4.71,4.68,4.71,118051.89
2026-07-24 12:15:00,4.71,4.71,4.7,4.71,31831.49
2026-07-24 12:20:00,4.71,4.71,4.7,4.71,46461.5
2026-07-24 12:25:00,4.71,4.72,4.71,4.71,19267.89
2026-07-24 12:30:00,4.71,4.72,4.71,4.71,69019.53
2026-07-24 12:35:00,4.71,4.71,4.7,4.71,71727.94
2026-07-24 12:40:00,4.71,4.72,4.7,4.72,18622.15
2026-07-24 12:45:00,4.72,4.74,4.72,4.74,69354.25
2026-07-24 12:50:00,4.74,4.75,4.74,4.74,14918.21
2026-07-24 12:55:00,4.74,4.75,4.72,4.73,29781.61
2026-07-24 13:00:00,4.73,4.74,4.72,4.72,5894.07
2026-07-24 13:05:00,4.72,4.73,4.71,4.71,15775.27
2026-07-24 13:10:00,4.71,4.71,4.7,4.71,107730.87
2026-07-24 13:15:00,4.71,4.73,4.7,4.72,48526.39
2026-07-24 13:20:00,4.72,4.73,4.71,4.72,3982.69
2026-07-24 13:25:00,4.72,4.74,4.72,4.73,34057.93
2026-07-24 13:30:00,4.73,4.74,4.73,4.74,58971.44
2026-07-24 13:35:00,4.74,4.74,4.72,4.72,31822.65
2026-07-24 13:40:00,4.72,4.73,4.72,4.73,60716.94
2026-07-24 13:45:00,4.73,4.74,4.73,4.74,9188.8
2026-07-24 13:50:00,4.74,4.75,4.74,4.74,116203.43
2026-07-24 13:55:00,4.74,4.75,4.74,4.75,50856.85
2026-07-24 14:00:00,4.75,4.76,4.74,4.75,39171.77
2026-07-24 14:05:00,4.75,4.75,4.75,4.75,6706.04
2026-07-24 14:10:00,4.75,4.75,4.73,4.73,43694.27
2026-07-24 14:15:00,4.73,4.73,4.73,4.73,35351.71
2026-07-24 14:20:00,4.73,4.73,4.72,4.73,21807.85
2026-07-24 14:25:00,4.73,4.75,4.73,4.74,937.58
2026-07-24 14:30:00,4.74,4.75,4.72,4.73,19388.19
2026-07-24 14:35:00,4.73,4.74,4.73,4.73,17058.65
2026-07-24 14:40:00,4.73,4.73,4.72,4.72,143012.2
2026-07-24 14:45:00,4.72,4.73,4.72,4.73,127188.41
2026-07-24 14:50:00,4.73,4.73,4.72,4.73,177429.57
2026-07-24 14:55:00,4.73,4.73,4.73,4.73,122164.61
2026-07-24 15:00:00,4.73,4.75,4.72,4.72,294658.79
2026-07-24 15:05:00,4.72,4.73,4.72,4.73,526.61
2026-07-24 15:10:00,4.73,4.73,4.71,4.72,38407.92
2026-07-24 15:15:00,4.72,4.72,4.71,4.72,63403.41
2026-07-24 15:20:00,4.72,4.74,4.72,4.73,61345.33
2026-07-24 15:25:00,4.73,4.74,4.73,4.74,44050.31
2026-07-24 15:30:00,4.74,4.75,4.73,4.73,39770.04
2026-07-24 15:35:00,4.73,4.74,4.73,4.73,71940.94
2026-07-24 15:40:00,4.73,4.74,4.72,4.72,210474.43
2026-07-24 15:45:00,4.72,4.72,4.71,4.71,11548.93
2026-07-24 15:50:00,4.71,4.73,4.7,4.72,276505.09
2026-07-24 15:55:00,4.72,4.73,4.71,4.71,110604.65
2026-07-24 16:00:00,4.71,4.72,4.71,4.71,6768.35
2026-07-24 16:05:00,4.71,4.71,4.69,4.7,32174.4
2026-07-24 16:10:00,4.7,4.7,4.69,4.69,57158.67
2026-07-24 16:15:00,4.69,4.71,4.69,4.71,15400.52
2026-07-24 16:20:00,4.71,4.71,4.7,4.7,9543.52
2026-07-24 16:25:00,4.7,4.72,4.7,4.71,2109.32
2026-07-24 16:30:00,4.71,4.72,4.71,4.72,84052.73
2026-07-24 16:35:00,4.72,4.73,4.71,4.73,112516.24
2026-07-24 16:40:00,4.73,4.75,4.72,4.74,41398.88
2026-07-24 16:45:00,4.74,4.75,4.74,4.75,46604.74
2026-07-24 16:50:00,4.75,4.77,4.75,4.76,1830.78
2026-07-24 16:55:00,4.76,4.77,4.75,4.75,503637.06
2026-07-24 17:00:00,4.75,4.77,4.75,4.75,56503.0
2026-07-24 17:05:00,4.75,4.75,4.75,4.75,15671.14
2026-07-24 17:10:00,4.75,4.76,4.74,4.76,29454.71
2026-07-24 17:15:00,4.76,4.77,4.75,4.75,198592.6
2026-07-24 17:20:00,4.75,4.76,4.75,4.75,8100.09
2026-07-24 17:25:00,4.75,4.76,4.75,4.75,47295.71
2026-07-24 17:30:00,4.75,4.76,4.74,4.75,19916.66
2026-07-24 17:35:00,4.75,4.76,4.73,4.73,173746.76
2026-07-24 17:40:00,4.73,4.74,4.73,4.73,12491.52
2026-07-24 17:45:00,4.73,4.74,4.72,4.73,100437.26
2026-07-24 17:50:00,4.73,4.74,4.73,4.73,92772.67
2026-07-24 17:55:00,4.73,4.73,4.71,4.72,93008.94
2026-07-24 18:00:00,4.72,4.72,4.71,4.72,28076.42
2026-07-24 18:05:00,4.72,4.74,4.72,4.72,874.47
2026-07-24 18:10:00,4.72,4.72,4.71,4.72,111334.76
2026-07-24 18:15:00,4.72,4.72,4.71,4.72,69622.97
2026-07-24 18:20:00,4.72,4.74,4.72,4.73,23187.62
2026-07-24 18:25:00,4.73,4.73,4.72,4.72,59960.12
2026-07-24 18:30:00,4.72,4.72,4.71,4.72,16536.09
2026-07-24 18:35:00,4.72,4.72,4.71,4.72,44118.55
2026-07-24 18:40:00,4.72,4.73,4.71,4.72,107272.1
2026-07-24 18:45:00,4.72,4.73,4.71,4.72,2340.18
2026-07-24 18:50:00,4.72,4.72,4.72,4.72,16093.49
2026-07-24 18:55:00,4.72,4.73,4.71,4.71,29853.04
2026-07-24 19:00:00,4.71,4.72,4.71,4.71,152063.07
2026-07-24 19:05:00,4.71,4.73,4.71,4.72,51887.97
2026-07-24 19:10:00,4.72,4.74,4.72,4.73,81891.61
2026-07-24 19:15:00,4.73,4.73,4.72,4.73,162674.94
2026-07-24 19:20:00,4.73,4.74,4.73,4.73,3413.52
2026-07-24 19:25:00,4.73,4.74,4.73,4.74,6258.67
2026-07-24 19:30:00,4.74,4.76,4.73,4.73,69562.19
2026-07-24 19:35:00,4.73,4.74,4.72,4.72,93831.6
2026-07-24 19:40:00,4.72,4.72,4.71,4.72,9599.7
2026-07-24 19:45:00,4.72,4.73,4.72,4.72,17523.85
2026-07-24 19:50:00,4.72,4.74,4.72,4.74,142486.99
2026-07-24 19:55:00,4.74,4.74,4.73,4.73,2716.14
2026-07-24 20:00:00,4.73,4.74,4.73,4.73,15447.75
2026-07-24 20:05:00,4.73,4.74,4.73,4.73,95819.54
2026-07-24 20:10:00,4.73,4.74,4.73,4.74,36000.61
2026-07-24 20:15:00,4.74,4.75,4.73,4.74,8620.4
2026-07-24 20:20:00,4.74,4.74,4.74,4.74,49563.21
2026-07-24 20:25:00,4.74,4.75,4.74,4.74,20080.52
2026-07-24 20:30:00,4.74,4.75,4.74,4.75,135861.74
2026-07-24 20:35:00,4.75,4.75,4.74,4.74,8685.38
2026-07-24 20:40:00,4.74,4.75,4.73,4.74,2979.22
2026-07-24 20:45:00,4.74,4.75,4.74,4.75,107491.73
2026-07-24 20:50:00,4.75,4.75,4.74,4.75,33675.22
2026-07-24 20:55:00,4.75,4.75,4.74,4.74,136835.16
2026-07-24 21:00:00,4.74,4.75,4.74,4.75,149251.24
2026-07-24 21:05:00,4.75,4.76,4.74,4.75,213341.33
2026-07-24 21:10:00,4.75,4.75,4.74,4.74,8834.97
2026-07-24 21:15:00,4.74,4.76,4.74,4.75,13196.92
2026-07-24 21:20:00,4.75,4.75,4.74,4.75,23581.83
2026-07-24 21:25:00,4.75,4.75,4.75,4.75,153625.26
2026-07-24 21:30:00,4.75,4.75,4.74,4.74,27418.47
2026-07-24 21:35:00,4.74,4.75,4.74,4.74,5762.66
2026-07-24 21:40:00,4.74,4.76,4.74,4.75,56345.61
2026-07-24 21:45:00,4.75,4.76,4.75,4.75,73733.43
2026-07-24 21:50:00,4.75,4.76,4.74,4.74,51357.08
2026-07-24 21:55:00,4.74,4.75,4.74,4.74,75705.6
2026-07-24 22:00:00,4.74,4.75,4.73,4.74,32105.78
2026-07-24 22:05:00,4.74,4.74,4.73,4.74,22138.96
2026-07-24 22:10:00,4.74,4.75,4.74,4.75,10831.38
2026-07-24 22:15:00,4.75,4.75,4.75,4.75,103366.79
2026-07-24 22:20:00,4.75,4.75,4.73,4.74,33876.35
2026-07-24 22:25:00,4.74,4.74,4.73,4.74,25244.11
2026-07-24 22:30:00,4.74,4.75,4.73,4.74,101978.32
2026-07-24 22:35:00,4.74,4.75,4.73,4.73,48636.32
2026-07-24 22:40:00,4.73,4.73,4.72,4.73,62340.49
2026-07-24 22:45:00,4.73,4.74,4.72,4.73,83828.16
2026-07-24 22:50:00,4.73,4.73,4.71,4.72,53745.53
2026-07-24 22:55:00,4.72,4.72,4.71,4.71,8274.31
2026-07-24 23:00:00,4.71,4.72,4.71,4.71,22184.73
2026-07-24 23:05:00,4.71,4.72,4.71,4.71,18070.54
2026-07-24 23:10:00,4.71,4.73,4.71,4.73,6963.46
2026-07-24 23:15:00,4.73,4.73,4.72,4.72,153436.23
2026-07-24 23:20:00,4.72,4.74,4.72,4.73,134011.67
2026-07-24 23:25:00,4.73,4.74,4.72,4.74,80882.43
2026-07-24 23:30:00,4.74,4.74,4.73,4.73,10208.79
2026-07-24 23:35:00,4.73,4.73,4.71,4.72,21694.35
2026-07-24 23:40:00,4.72,4.73,4.71,4.72,44373.0
2026-07-24 23:45:00,4.72,4.73,4.72,4.73,9666.08
2026-07-24 23:50:00,4.73,4.74,4.72,4.74,70316.4
2026-07-24 23:55:00,4.74,4.74,4.73,4.73,29718.84
2026-07-25 00:00:00,4.73,4.73,4.73,4.73,95645.35
2026-07-25 00:05:00,4.73,4.74,4.73,4.73,113747.51
2026-07-25 00:10:00,4.73,4.75,4.73,4.74,93106.51
2026-07-25 00:15:00,4.74,4.75,4.74,4.74,172560.7
2026-07-25 00:20:00,4.74,4.75,4.73,4.73,36979.34
2026-07-25 00:25:00,4.73,4.74,4.73,4.73,8881.82
2026-07-25 00:30:00,4.73,4.74,4.73,4.74,25518.98
2026-07-25 00:35:00,4.74,4.76,4.74,4.75,4615.3
2026-07-25 00:40:00,4.75,4.76,4.75,4.75,19381.94
2026-07-25 00:45:00,4.75,4.76,4.75,4.76,22257.44
2026-07-25 00:50:00,4.76,4.76,4.75,4.75,36162.86
2026-07-25 00:55:00,4.75,4.76,4.75,4.75,78064.03
2026-07-25 01:00:00,4.75,4.76,4.75,4.76,67026.93
2026-07-25 01:05:00,4.76,4.77,4.75,4.76,75589.66
2026-07-25 01:10:00,4.76,4.77,4.75,4.77,90058.88
2026-07-25 01:15:00,4.77,4.78,4.76,4.76,122063.72
2026-07-25 01:20:00,4.76,4.77,4.75,4.75,310044.14
2026-07-25 01:25:00,4.75,4.78,4.75,4.77,787.27
2026-07-25 01:30:00,4.77,4.77,4.76,4.76,47738.38
2026-07-25 01:35:00,4.76,4.79,4.76,4.78,126208.95
2026-07-25 01:40:00,4.78,4.8,4.77,4.77,160134.23
2026-07-25 01:45:00,4.77,4.77,4.76,4.77,27128.76
2026-07-25 01:50:00,4.77,4.79,4.76,4.76,23169.86
2026-07-25 01:55:00,4.76,4.77,4.76,4.76,44540.96
2026-07-25 02:00:00,4.76,4.77,4.75,4.76,112443.66
2026-07-25 02:05:00,4.76,4.77,4.75,4.75,77451.75
2026-07-25 02:10:00,4.75,4.75,4.75,4.75,27642.16
2026-07-25 02:15:00,4.75,4.77,4.74,4.74,280712.88
2026-07-25 02:20:00,4.74,4.76,4.74,4.75,67310.71
2026-07-25 02:25:00,4.75,4.76,4.74,4.74,141474.1
2026-07-25 02:30:00,4.74,4.75,4.73,4.74,40262.7
2026-07-25 02:35:00,4.74,4.74,4.73,4.73,5363.82
2026-07-25 02:40:00,4.73,4.74,4.73,4.73,38972.16
2026-07-25 02:45:00,4.73,4.75,4.73,4.74,15321.43
2026-07-25 02:50:00,4.74,4.74,4.73,4.74,117708.29
2026-07-25 02:55:00,4.74,4.74,4.73,4.74,57878.27
2026-07-25 03:00:00,4.74,4.74,4.74,4.74,46352.44
2026-07-25 03:05:00,4.74,4.74,4.73,4.74,70701.3
2026-07-25 03:10:00,4.74,4.75,4.73,4.74,63707.27
2026-07-25 03:15:00,4.74,4.76,4.73,4.73,34287.99
2026-07-25 03:20:00,4.73,4.73,4.73,4.73,23142.4
2026-07-25 03:25:00,4.73,4.74,4.72,4.73,585.09
2026-07-25 03:30:00,4.73,4.74,4.72,4.72,2885.32
2026-07-25 03:35:00,4.72,4.73,4.72,4.73,17581.2
2026-07-25 03:40:00,4.73,4.74,4.71,4.74,1491.04
2026-07-25 03:45:00,4.74,4.74,4.73,4.74,60028.23
2026-07-25 03:50:00,4.74,4.75,4.73,4.74,6752.56
2026-07-25 03:55:00,4.74,4.75,4.73,4.73,39433.2
2026-07-25 04:00:00,4.73,4.76,4.73,4.75,9171.41
2026-07-25 04:05:00,4.75,4.76,4.75,4.76,16000.03
2026-07-25 04:10:00,4.76,4.76,4.75,4.75,40578.37
2026-07-25 04:15:00,4.75,4.75,4.75,4.75,181481.98
2026-07-25 04:20:00,4.75,4.75,4.74,4.75,58482.22
2026-07-25 04:25:00,4.75,4.77,4.74,4.76,31776.3
2026-07-25 04:30:00,4.76,4.76,4.76,4.76,16356.44
2026-07-25 04:35:00,4.76,4.76,4.76,4.76,40474.62
2026-07-25 04:40:00,4.76,4.77,4.76,4.76,159943.86
2026-07-25 04:45:00,4.76,4.77,4.75,4.76,130269.93
2026-07-25 04:50:00,4.76,4.76,4.75,4.76,46573.72
2026-07-25 04:55:00,4.76,4.77,4.76,4.77,114715.04
2026-07-25 05:00:00,4.77,4.78,4.76,4.77,172744.79
2026-07-25 05:05:00,4.77,4.8,4.77,4.79,52133.16
2026-07-25 05:10:00,4.79,4.81,4.77,4.78,90150.99
2026-07-25 05:15:00,4.78,4.79,4.77,4.77,92240.17
2026-07-25 05:20:00,4.77,4.78,4.77,4.77,10263.18
2026-07-25 05:25:00,4.77,4.78,4.77,4.78,3335.95
2026-07-25 05:30:00,4.78,4.78,4.76,4.76,185970.72
2026-07-25 05:35:00,4.76,4.76,4.76,4.76,643.93
2026-07-25 05:40:00,4.76,4.76,4.75,4.75,131411.96
2026-07-25 05:45:00,4.75,4.76,4.75,4.76,80768.29
2026-07-25 05:50:00,4.76,4.76,4.74,4.74,13479.48
2026-07-25 05:55:00,4.74,4.75,4.74,4.74,85158.02
2026-07-25 06:00:00,4.74,4.74,4.73,4.73,2786.52
2026-07-25 06:05:00,4.73,4.74,4.73,4.74,74518.28
2026-07-25 06:10:00,4.74,4.74,4.73,4.73,17527.08
2026-07-25 06:15:00,4.73,4.75,4.73,4.75,257.53
2026-07-25 06:20:00,4.75,4.76,4.75,4.76,51480.33
2026-07-25 06:25:00,4.76,4.76,4.76,4.76,2451.91
2026-07-25 06:30:00,4.76,4.76,4.76,4.76,27606.21
2026-07-25 06:35:00,4.76,4.77,4.76,4.76,121154.68
2026-07-25 06:40:00,4.76,4.78,4.76,4.77,129799.68
2026-07-25 06:45:00,4.77,4.78,4.77,4.77,37956.57
2026-07-25 06:50:00,4.77,4.8,4.77,4.79,11655.56
2026-07-25 06:55:00,4.79,4.81,4.78,4.78,73113.68
2026-07-25 07:00:00,4.78,4.8,4.77,4.77,3572.08
2026-07-25 07:05:00,4.77,4.79,4.77,4.79,27693.62
2026-07-25 07:10:00,4.79,4.79,4.78,4.78,1389.12
2026-07-25 07:15:00,4.78,4.79,4.78,4.79,6206.45
2026-07-25 07:20:00,4.79,4.8,4.79,4.79,22451.3
2026-07-25 07:25:00,4.79,4.8,4.78,4.78,57325.22
2026-07-25 07:30:00,4.78,4.78,4.77,4.78,8758.89
2026-07-25 07:35:00,4.78,4.79,4.78,4.78,23152.02
2026-07-25 07:40:00,4.78,4.78,4.77,4.77,42325.42
2026-07-25 07:45:00,4.77,4.78,4.77,4.77,19659.51
2026-07-25 07:50:00,4.77,4.78,4.77,4.77,158379.29
2026-07-25 07:55:00,4.77,4.77,4.76,4.76,67740.31
2026-07-25 08:00:00,4.76,4.77,4.76,4.77,29432.15
2026-07-25 08:05:00,4.77,4.77,4.76,4.77,30580.66
2026-07-25 08:10:00,4.77,4.77,4.75,4.75,64747.58
2026-07-25 08:15:00,4.75,4.76,4.74,4.74,33881.53
2026-07-25 08:20:00,4.74,4.74,4.74,4.74,45735.84
2026-07-25 08:25:00,4.74,4.75,4.73,4.74,321123.7
2026-07-25 08:30:00,4.74,4.75,4.74,4.75,91494.01
2026-07-25 08:35:00,4.75,4.76,4.74,4.76,127695.25
2026-07-25 08:40:00,4.76,4.77,4.76,4.77,43225.96
2026-07-25 08:45:00,4.77,4.78,4.76,4.77,55250.67
2026-07-25 08:50:00,4.77,4.78,4.76,4.77,154932.52
2026-07-25 08:55:00,4.77,4.78,4.77,4.78,32430.74
2026-07-25 09:00:00,4.78,4.78,4.77,4.77,38322.4
2026-07-25 09:05:00,4.77,4.78,4.77,4.77,61809.23
2026-07-25 09:10:00,4.77,4.77,4.77,4.77,139886.83
2026-07-25 09:15:00,4.77,4.78,4.77,4.78,35223.59
2026-07-25 09:20:00,4.78,4.78,4.75,4.76,138134.94
2026-07-25 09:25:00,4.76,4.76,4.75,4.75,38986.59
2026-07-25 09:30:00,4.75,4.76,4.75,4.75,697.13
2026-07-25 09:35:00,4.75,4.75,4.73,4.74,21389.76
2026-07-25 09:40:00,4.74,4.75,4.72,4.75,163328.49
2026-07-25 09:45:00,4.75,4.75,4.74,4.74,59983.38
2026-07-25 09:50:00,4.74,4.75,4.74,4.74,969.86
2026-07-25 09:55:00,4.74,4.76,4.74,4.75,74162.09
2026-07-25 10:00:00,4.75,4.77,4.74,4.76,59949.52
2026-07-25 10:05:00,4.76,4.76,4.75,4.75,82913.75
2026-07-25 10:10:00,4.75,4.76,4.75,4.75,51197.57
2026-07-25 10:15:00,4.75,4.77,4.75,4.77,4304.02
2026-07-25 10:20:00,4.77,4.77,4.75,4.76,4096.12
2026-07-25 10:25:00,4.76,4.76,4.75,4.75,49946.4
2026-07-25 10:30:00,4.75,4.76,4.74,4.76,80331.47
2026-07-25 10:35:00,4.76,4.77,4.76,4.77,11582.06
2026-07-25 10:40:00,4.77,4.77,4.76,4.77,14680.04
2026-07-25 10:45:00,4.77,4.77,4.76,4.77,109219.25
2026-07-25 10:50:00,4.77,4.77,4.76,4.77,183350.7
2026-07-25 10:55:00,4.77,4.78,4.77,4.78,66292.26
2026-07-25 11:00:00,4.78,4.78,4.76,4.77,37398.7
2026-07-25 11:05:00,4.77,4.77,4.76,4.76,8642.99
2026-07-25 11:10:00,4.76,4.77,4.76,4.76,5246.42
2026-07-25 11:15:00,4.76,4.77,4.76,4.77,37292.96
2026-07-25 11:20:00,4.77,4.77,4.76,4.77,25927.24
2026-07-25 11:25:00,4.77,4.77,4.75,4.76,125608.79
2026-07-25 11:30:00,4.76,4.77,4.75,4.76,11562.44
2026-07-25 11:35:00,4.76,4.77,4.75,4.76,181442.26
2026-07-25 11:40:00,4.76,4.77,4.75,4.75,7614.4
2026-07-25 11:45:00,4.75,4.76,4.75,4.75,39909.63
2026-07-25 11:50:00,4.75,4.76,4.75,4.75,11616.09
2026-07-25 11:55:00,4.75,4.76,4.73,4.74,39918.57
2026-07-25 12:00:00,4.74,4.74,4.73,4.73,76326.45
2026-07-25 12:05:00,4.73,4.74,4.73,4.74,21456.08
2026-07-25 12:10:00,4.74,4.75,4.74,4.74,18152.28
2026-07-25 12:15:00,4.74,4.75,4.73,4.75,169969.63
2026-07-25 12:20:00,4.75,4.76,4.74,4.75,17488.26
2026-07-25 12:25:00,4.75,4.76,4.74,4.74,23180.64
2026-07-25 12:30:00,4.74,4.74,4.72,4.73,1744.38
2026-07-25 12:35:00,4.73,4.74,4.72,4.74,166403.7
2026-07-25 12:40:00,4.74,4.75,4.73,4.75,316605.98
2026-07-25 12:45:00,4.75,4.75,4.74,4.74,35532.76
2026-07-25 12:50:00,4.74,4.76,4.74,4.75,15518.72
2026-07-25 12:55:00,4.75,4.76,4.74,4.76,9386.84
2026-07-25 13:00:00,4.76,4.77,4.75,4.76,14733.18
2026-07-25 13:05:00,4.76,4.77,4.75,4.76,17866.86
2026-07-25 13:10:00,4.76,4.77,4.76,4.77,31424.96
2026-07-25 13:15:00,4.77,4.77,4.75,4.76,63519.27
2026-07-25 13:20:00,4.76,4.76,4.75,4.76,23552.45
2026-07-25 13:25:00,4.76,4.76,4.74,4.75,12401.7
2026-07-25 13:30:00,4.75,4.75,4.75,4.75,11863.61
2026-07-25 13:35:00,4.75,4.75,4.73,4.74,55794.91
2026-07-25 13:40:00,4.74,4.75,4.73,4.74,20513.72
2026-07-25 13:45:00,4.74,4.75,4.73,4.75,77794.29
2026-07-25 13:50:00,4.75,4.76,4.75,4.75,27620.09
2026-07-25 13:55:00,4.75,4.76,4.73,4.74,3060.03
2026-07-25 14:00:00,4.74,4.75,4.73,4.73,3579.93
2026-07-25 14:05:00,4.73,4.75,4.73,4.74,12722.7
2026-07-25 14:10:00,4.74,4.75,4.72,4.75,103275.7
2026-07-25 14:15:00,4.75,4.76,4.73,4.74,211960.26
2026-07-25 14:20:00,4.74,4.75,4.74,4.75,23612.25
2026-07-25 14:25:00,4.75,4.75,4.74,4.75,146184.29
2026-07-25 14:30:00,4.75,4.76,4.75,4.76,14229.44
2026-07-25 14:35:00,4.76,4.76,4.75,4.76,6947.2
2026-07-25 14:40:00,4.76,4.78,4.76,4.77,101453.87
2026-07-25 14:45:00,4.77,4.77,4.76,4.77,58690.22
2026-07-25 14:50:00,4.77,4.79,4.76,4.78,1017.39
2026-07-25 14:55:00,4.78,4.79,4.77,4.78,78723.14
2026-07-25 15:00:00,4.78,4.79,4.76,4.77,361004.41
2026-07-25 15:05:00,4.77,4.77,4.76,4.77,96405.68
2026-07-25 15:10:00,4.77,4.78,4.77,4.77,151255.16
2026-07-25 15:15:00,4.77,4.78,4.77,4.78,135133.86
2026-07-25 15:20:00,4.78,4.78,4.77,4.77,21386.22
2026-07-25 15:25:00,4.77,4.78,4.77,4.78,206422.05
2026-07-25 15:30:00,4.78,4.8,4.77,4.77,42878.09
2026-07-25 15:35:00,4.77,4.77,4.77,4.77,55382.29
2026-07-25 15:40:00,4.77,4.78,4.76,4.77,162596.32
2026-07-25 15:45:00,4.77,4.77,4.76,4.77,43311.18
2026-07-25 15:50:00,4.77,4.79,4.77,4.78,13039.47
2026-07-25 15:55:00,4.78,4.8,4.77,4.77,368184.56
2026-07-25 16:00:00,4.77,4.78,4.77,4.78,44707.29
2026-07-25 16:05:00,4.78,4.78,4.77,4.77,157941.88
2026-07-25 16:10:00,4.77,4.77,4.76,4.77,157939.64
2026-07-25 16:15:00,4.77,4.77,4.77,4.77,60503.26
2026-07-25 16:20:00,4.77,4.78,4.77,4.77,38068.31
2026-07-25 16:25:00,4.77,4.78,4.77,4.78,94246.0
2026-07-25 16:30:00,4.78,4.79,4.77,4.77,40967.77
2026-07-25 16:35:00,4.77,4.77,4.77,4.77,30982.7
2026-07-25 16:40:00,4.77,4.8,4.77,4.78,16213.75
2026-07-25 16:45:00,4.78,4.79,4.77,4.77,5725.46
2026-07-25 16:50:00,4.77,4.78,4.76,4.78,71329.34
2026-07-25 16:55:00,4.78,4.78,4.77,4.78,2871.73
2026-07-25 17:00:00,4.78,4.8,4.78,4.79,20804.98
2026-07-25 17:05:00,4.79,4.8,4.78,4.8,82496.26
2026-07-25 17:10:00,4.8,4.8,4.8,4.8,5773.16
2026-07-25 17:15:00,4.8,4.81,4.79,4.8,73724.82
2026-07-25 17:20:00,4.8,4.82,4.79,4.79,454142.36
2026-07-25 17:25:00,4.79,4.8,4.79,4.8,263398.01
2026-07-25 17:30:00,4.8,4.8,4.8,4.8,30291.76
2026-07-25 17:35:00,4.8,4.82,4.8,4.81,96693.16
2026-07-25 17:40:00,4.81,4.82,4.81,4.82,3752.96
2026-07-25 17:45:00,4.82,4.84,4.81,4.83,55587.93
2026-07-25 17:50:00,4.83,4.84,4.81,4.82,86088.18
2026-07-25 17:55:00,4.82,4.82,4.82,4.82,11651.7
2026-07-25 18:00:00,4.82,4.82,4.81,4.81,56296.8
2026-07-25 18:05:00,4.81,4.83,4.8,4.8,484923.57
2026-07-25 18:10:00,4.8,4.82,4.79,4.8,106091.77
2026-07-25 18:15:00,4.8,4.8,4.79,4.79,11599.69
2026-07-25 18:20:00,4.79,4.81,4.79,4.8,10706.85
2026-07-25 18:25:00,4.8,4.82,4.79,4.81,104334.38
2026-07-25 18:30:00,4.81,4.82,4.8,4.81,29914.99
2026-07-25 18:35:00,4.81,4.83,4.8,4.8,141560.67
2026-07-25 18:40:00,4.8,4.82,4.79,4.79,104391.12
2026-07-25 18:45:00,4.79,4.8,4.79,4.8,51511.98
2026-07-25 18:50:00,4.8,4.81,4.79,4.81,3173.18
2026-07-25 18:55:00,4.81,4.82,4.8,4.8,106628.07
2026-07-25 19:00:00,4.8,4.81,4.79,4.8,43822.01
2026-07-25 19:05:00,4.8,4.8,4.8,4.8,18345.78
2026-07-25 19:10:00,4.8,4.81,4.8,4.81,10544.96
2026-07-25 19:15:00,4.81,4.83,4.8,4.8,172391.41
2026-07-25 19:20:00,4.8,4.81,4.79,4.79,377693.55
2026-07-25 19:25:00,4.79,4.81,4.79,4.8,38850.97
2026-07-25 19:30:00,4.8,4.81,4.79,4.79,178527.51
2026-07-25 19:35:00,4.79,4.79,4.78,4.78,46738.86
2026-07-25 19:40:00,4.78,4.79,4.78,4.78,27306.38
2026-07-25 19:45:00,4.78,4.79,4.78,4.79,93676.71
2026-07-25 19:50:00,4.79,4.79,4.77,4.78,65644.56
2026-07-25 19:55:00,4.78,4.79,4.77,4.78,37625.22
2026-07-25 20:00:00,4.78,4.8,4.78,4.79,59882.06
2026-07-25 20:05:00,4.79,4.79,4.78,4.78,5000.62
2026-07-25 20:10:00,4.78,4.78,4.78,4.78,11236.97
2026-07-25 20:15:00,4.78,4.79,4.76,4.77,31741.79
2026-07-25 20:20:00,4.77,4.77,4.76,4.76,25918.08
2026-07-25 20:25:00,4.76,4.78,4.76,4.77,128396.68
2026-07-25 20:30:00,4.77,4.79,4.77,4.78,64921.6
2026-07-25 20:35:00,4.78,4.79,4.76,4.76,5630.0
2026-07-25 20:40:00,4.76,4.77,4.74,4.77,161399.46
2026-07-25 20:45:00,4.77,4.78,4.77,4.78,9387.55
2026-07-25 20:50:00,4.78,4.78,4.77,4.78,83628.63
2026-07-25 20:55:00,4.78,4.78,4.76,4.76,83960.7
2026-07-25 21:00:00,4.76,4.77,4.76,4.77,32439.07
2026-07-25 21:05:00,4.77,4.78,4.75,4.78,182885.21
2026-07-25 21:10:00,4.78,4.79,4.76,4.78,342409.26
2026-07-25 21:15:00,4.78,4.79,4.78,4.78,3340.03
2026-07-25 21:20:00,4.78,4.79,4.78,4.79,113676.28
2026-07-25 21:25:00,4.79,4.8,4.78,4.79,71348.17
2026-07-25 21:30:00,4.79,4.79,4.78,4.79,20688.48
2026-07-25 21:35:00,4.79,4.79,4.79,4.79,65133.18
2026-07-25 21:40:00,4.79,4.8,4.78,4.78,115669.68
2026-07-25 21:45:00,4.78,4.78,4.78,4.78,5496.12
2026-07-25 21:50:00,4.78,4.79,4.77,4.78,9021.5
2026-07-25 21:55:00,4.78,4.79,4.77,4.78,109291.16
2026-07-25 22:00:00,4.78,4.79,4.77,4.77,103115.36
2026-07-25 22:05:00,4.77,4.78,4.76,4.78,94427.57
2026-07-25 22:10:00,4.78,4.78,4.77,4.77,11739.48
2026-07-25 22:15:00,4.77,4.79,4.77,4.79,116577.69
2026-07-25 22:20:00,4.79,4.8,4.78,4.78,75500.8
2026-07-25 22:25:00,4.78,4.8,4.78,4.8,9322.05
2026-07-25 22:30:00,4.8,4.81,4.79,4.81,7146.16
2026-07-25 22:35:00,4.81,4.81,4.8,4.81,29266.12
2026-07-25 22:40:00,4.81,4.82,4.8,4.8,13966.57
2026-07-25 22:45:00,4.8,4.81,4.8,4.81,40400.0
2026-07-25 22:50:00,4.81,4.82,4.81,4.81,89947.66
2026-07-25 22:55:00,4.81,4.82,4.8,4.82,1769.39
2026-07-25 23:00:00,4.82,4.82,4.81,4.82,21569.75
2026-07-25 23:05:00,4.82,4.82,4.81,4.81,18336.46
2026-07-25 23:10:00,4.81,4.81,4.81,4.81,167012.96
2026-07-25 23:15:00,4.81,4.82,4.8,4.81,81331.17
2026-07-25 23:20:00,4.81,4.82,4.81,4.81,2972.53
2026-07-25 23:25:00,4.81,4.82,4.81,4.82,146699.99
2026-07-25 23:30:00,4.82,4.82,4.8,4.8,13680.07
2026-07-25 23:35:00,4.8,4.82,4.79,4.8,303.54
2026-07-25 23:40:00,4.8,4.8,4.79,4.8,39263.43
2026-07-25 23:45:00,4.8,4.81,4.79,4.79,32727.79
2026-07-25 23:50:00,4.79,4.8,4.78,4.79,35161.09
2026-07-25 23:55:00,4.79,4.8,4.78,4.8,29213.32
2026-07-26 00:00:00,4.8,4.81,4.79,4.79,404.01
2026-07-26 00:05:00,4.79,4.8,4.79,4.79,79868.94
2026-07-26 00:10:00,4.79,4.8,4.78,4.8,38223.15
2026-07-26 00:15:00,4.8,4.8,4.79,4.8,113767.9
2026-07-26 00:20:00,4.8,4.82,4.79,4.81,3758.03
2026-07-26 00:25:00,4.81,4.81,4.8,4.8,9693.4
2026-07-26 00:30:00,4.8,4.8,4.8,4.8,117972.33
2026-07-26 00:35:00,4.8,4.8,4.8,4.8,17964.43
2026-07-26 00:40:00,4.8,4.82,4.8,4.81,105028.74
2026-07-26 00:45:00,4.81,4.83,4.8,4.81,69671.5
2026-07-26 00:50:00,4.81,4.82,4.8,4.81,38967.78
2026-07-26 00:55:00,4.81,4.81,4.81,4.81,91118.16
2026-07-26 01:00:00,4.81,4.82,4.8,4.81,16801.48
2026-07-26 01:05:00,4.81,4.81,4.81,4.81,68177.23
2026-07-26 01:10:00,4.81,4.82,4.8,4.82,130844.96
2026-07-26 01:15:00,4.82,4.83,4.82,4.82,35661.72
2026-07-26 01:20:00,4.82,4.84,4.81,4.81,248022.76
2026-07-26 01:25:00,4.81,4.81,4.8,4.81,8231.88
2026-07-26 01:30:00,4.81,4.82,4.8,4.81,78309.12
2026-07-26 01:35:00,4.81,4.84,4.8,4.8,295710.84
2026-07-26 01:40:00,4.8,4.81,4.8,4.8,147264.5
2026-07-26 01:45:00,4.8,4.81,4.8,4.81,6820.35
2026-07-26 01:50:00,4.81,4.81,4.81,4.81,9017.26
2026-07-26 01:55:00,4.81,4.81,4.79,4.8,103163.03
2026-07-26 02:00:00,4.8,4.8,4.79,4.8,1114.79
2026-07-26 02:05:00,4.8,4.8,4.79,4.79,115489.1
2026-07-26 02:10:00,4.79,4.79,4.78,4.78,17855.08
2026-07-26 02:15:00,4.78,4.79,4.78,4.79,16833.42
2026-07-26 02:20:00,4.79,4.8,4.79,4.8,19137.18
2026-07-26 02:25:00,4.8,4.81,4.78,4.79,24622.37
2026-07-26 02:30:00,4.79,4.79,4.78,4.79,143263.42
2026-07-26 02:35:00,4.79,4.8,4.79,4.8,79826.05
2026-07-26 02:40:00,4.8,4.81,4.79,4.81,4304.28
2026-07-26 02:45:00,4.81,4.81,4.79,4.8,43020.76
2026-07-26 02:50:00,4.8,4.8,4.78,4.79,75679.86
2026-07-26 02:55:00,4.79,4.79,4.78,4.78,22505.96
2026-07-26 03:00:00,4.78,4.8,4.78,4.8,25176.34
2026-07-26 03:05:00,4.8,4.8,4.79,4.8,22942.11
2026-07-26 03:10:00,4.8,4.81,4.8,4.8,112652.52
2026-07-26 03:15:00,4.8,4.82,4.8,4.82,1095.62
2026-07-26 03:20:00,4.82,4.82,4.8,4.81,5430.94
2026-07-26 03:25:00,4.81,4.81,4.79,4.79,14709.45
2026-07-26 03:30:00,4.79,4.8,4.79,4.8,18321.42
2026-07-26 03:35:00,4.8,4.8,4.78,4.78,95227.26
2026-07-26 03:40:00,4.78,4.79,4.78,4.79,71971.85
2026-07-26 03:45:00,4.79,4.8,4.78,4.8,211933.54
2026-07-26 03:50:00,4.8,4.81,4.79,4.8,18890.04
2026-07-26 03:55:00,4.8,4.81,4.8,4.81,1093.05
2026-07-26 04:00:00,4.81,4.82,4.81,4.81,37641.66
2026-07-26 04:05:00,4.81,4.83,4.81,4.81,475181.57
2026-07-26 04:10:00,4.81,4.81,4.8,4.8,80156.98
2026-07-26 04:15:00,4.8,4.82,4.8,4.81,125599.18
2026-07-26 04:20:00,4.81,4.83,4.8,4.8,154181.37
2026-07-26 04:25:00,4.8,4.8,4.8,4.8,10103.86
2026-07-26 04:30:00,4.8,4.81,4.8,4.81,75891.29
2026-07-26 04:35:00,4.81,4.82,4.81,4.82,103227.8
2026-07-26 04:40:00,4.82,4.82,4.8,4.81,94914.36
2026-07-26 04:45:00,4.81,4.82,4.81,4.82,80569.52
2026-07-26 04:50:00,4.82,4.82,4.8,4.8,68109.81
2026-07-26 04:55:00,4.8,4.81,4.79,4.8,27894.07
2026-07-26 05:00:00,4.8,4.8,4.79,4.8,9250.63
2026-07-26 05:05:00,4.8,4.82,4.8,4.81,38003.79
2026-07-26 05:10:00,4.81,4.83,4.8,4.8,71733.85
2026-07-26 05:15:00,4.8,4.81,4.8,4.8,52731.05
2026-07-26 05:20:00,4.8,4.8,4.78,4.78,11028.34
2026-07-26 05:25:00,4.78,4.79,4.77,4.78,8035.26
2026-07-26 05:30:00,4.78,4.79,4.78,4.78,102933.27
2026-07-26 05:35:00,4.78,4.78,4.77,4.78,15147.34
2026-07-26 05:40:00,4.78,4.79,4.77,4.78,39074.03
2026-07-26 05:45:00,4.78,4.78,4.77,4.77,117641.47
2026-07-26 05:50:00,4.77,4.79,4.77,4.79,46871.66
2026-07-26 05:55:00,4.79,4.79,4.78,4.78,58824.69
2026-07-26 06:00:00,4.78,4.8,4.77,4.79,49237.29
2026-07-26 06:05:00,4.79,4.79,4.78,4.79,10716.1
2026-07-26 06:10:00,4.79,4.79,4.79,4.79,24459.99
2026-07-26 06:15:00,4.79,4.79,4.77,4.77,14299.49
2026-07-26 06:20:00,4.77,4.78,4.77,4.78,17520.99
2026-07-26 06:25:00,4.78,4.78,4.76,4.78,30409.38
2026-07-26 06:30:00,4.78,4.79,4.77,4.77,59137.93
2026-07-26 06:35:00,4.77,4.77,4.76,4.77,4931.37
2026-07-26 06:40:00,4.77,4.78,4.77,4.78,7236.92
2026-07-26 06:45:00,4.78,4.79,4.76,4.78,139702.06
2026-07-26 06:50:00,4.78,4.81,4.78,4.8,40048.53
2026-07-26 06:55:00,4.8,4.82,4.8,4.81,69534.24
2026-07-26 07:00:00,4.81,4.83,4.81,4.82,162114.43
2026-07-26 07:05:00,4.82,4.82,4.82,4.82,74282.37
2026-07-26 07:10:00,4.82,4.83,4.82,4.82,13598.28
2026-07-26 07:15:00,4.82,4.83,4.81,4.81,60457.37
2026-07-26 07:20:00,4.81,4.81,4.81,4.81,15284.69
2026-07-26 07:25:00,4.81,4.83,4.8,4.82,35841.37
2026-07-26 07:30:00,4.82,4.82,4.81,4.82,2690.9
2026-07-26 07:35:00,4.82,4.83,4.81,4.81,467406.48
2026-07-26 07:40:00,4.81,4.81,4.8,4.8,41468.46
2026-07-26 07:45:00,4.8,4.81,4.8,4.81,32522.08
2026-07-26 07:50:00,4.81,4.82,4.81,4.82,66389.8
2026-07-26 07:55:00,4.82,4.82,4.81,4.82,65160.9
2026-07-26 08:00:00,4.82,4.83,4.8,4.8,106619.49
2026-07-26 08:05:00,4.8,4.81,4.78,4.79,120607.91
2026-07-26 08:10:00,4.79,4.8,4.78,4.8,45014.02
2026-07-26 08:15:00,4.8,4.81,4.8,4.8,33521.27
2026-07-26 08:20:00,4.8,4.82,4.79,4.82,111615.31
2026-07-26 08:25:00,4.82,4.82,4.82,4.82,68108.69
2026-07-26 08:30:00,4.82,4.84,4.82,4.83,41056.13
2026-07-26 08:35:00,4.83,4.83,4.82,4.83,99798.6
2026-07-26 08:40:00,4.83,4.85,4.83,4.84,30161.5
2026-07-26 08:45:00,4.84,4.84,4.83,4.84,53002.46
2026-07-26 08:50:00,4.84,4.85,4.83,4.85,72793.6
2026-07-26 08:55:00,4.85,4.87,4.84,4.85,227632.43
2026-07-26 09:00:00,4.85,4.86,4.84,4.86,23168.43
2026-07-26 09:05:00,4.86,4.88,4.85,4.87,47738.83
2026-07-26 09:10:00,4.87,4.88,4.87,4.88,128112.77
2026-07-26 09:15:00,4.88,4.88,4.87,4.87,13782.98
2026-07-26 09:20:00,4.87,4.88,4.87,4.88,134600.72
2026-07-26 09:25:00,4.88,4.89,4.86,4.87,161900.89
2026-07-26 09:30:00,4.87,4.87,4.86,4.87,53160.43
2026-07-26 09:35:00,4.87,4.88,4.86,4.86,90236.74
2026-07-26 09:40:00,4.86,4.87,4.85,4.85,48579.33
2026-07-26 09:45:00,4.85,4.86,4.85,4.85,28654.53
2026-07-26 09:50:00,4.85,4.86,4.85,4.85,17836.08
2026-07-26 09:55:00,4.85,4.86,4.84,4.84,57078.95
2026-07-26 10:00:00,4.84,4.86,4.83,4.83,173781.71
2026-07-26 10:05:00,4.83,4.84,4.81,4.81,33692.85
2026-07-26 10:10:00,4.81,4.83,4.81,4.81,164531.8
2026-07-26 10:15:00,4.81,4.82,4.81,4.82,6966.02
2026-07-26 10:20:00,4.82,4.82,4.81,4.82,53643.1
2026-07-26 10:25:00,4.82,4.83,4.81,4.81,321816.36
2026-07-26 10:30:00,4.81,4.81,4.8,4.8,18398.91
2026-07-26 10:35:00,4.8,4.81,4.8,4.81,17857.41
2026-07-26 10:40:00,4.81,4.82,4.81,4.82,41037.05
2026-07-26 10:45:00,4.82,4.83,4.81,4.83,9086.38
2026-07-26 10:50:00,4.83,4.83,4.82,4.83,77354.66
2026-07-26 10:55:00,4.83,4.83,4.81,4.82,58647.26
2026-07-26 11:00:00,4.82,4.83,4.82,4.82,75507.69
2026-07-26 11:05:00,4.82,4.82,4.81,4.82,42638.39
2026-07-26 11:10:00,4.82,4.82,4.81,4.82,89521.32
2026-07-26 11:15:00,4.82,4.82,4.79,4.8,42141.11
2026-07-26 11:20:00,4.8,4.8,4.79,4.8,3976.4
2026-07-26 11:25:00,4.8,4.81,4.79,4.8,2899.09
2026-07-26 11:30:00,4.8,4.81,4.8,4.8,12529.08
2026-07-26 11:35:00,4.8,4.81,4.78,4.81,217701.18
2026-07-26 11:40:00,4.81,4.81,4.8,4.81,82799.6
2026-07-26 11:45:00,4.81,4.81,4.79,4.81,7018.23
2026-07-26 11:50:00,4.81,4.81,4.79,4.8,33273.31
2026-07-26 11:55:00,4.8,4.81,4.79,4.81,32314.23
2026-07-26 12:00:00,4.81,4.82,4.8,4.82,57638.04
2026-07-26 12:05:00,4.82,4.84,4.81,4.83,41789.93
2026-07-26 12:10:00,4.83,4.84,4.83,4.83,42861.75
2026-07-26 12:15:00,4.83,4.85,4.83,4.84,49957.75
2026-07-26 12:20:00,4.84,4.87,4.84,4.86,39094.47
2026-07-26 12:25:00,4.86,4.86,4.85,4.85,89361.53
2026-07-26 12:30:00,4.85,4.86,4.85,4.85,36824.99
2026-07-26 12:35:00,4.85,4.86,4.85,4.86,42.92
2026-07-26 12:40:00,4.86,4.86,4.85,4.85,266944.64
2026-07-26 12:45:00,4.85,4.86,4.83,4.84,4030.09
2026-07-26 12:50:00,4.84,4.84,4.83,4.84,42244.33
2026-07-26 12:55:00,4.84,4.84,4.83,4.84,19488.59
2026-07-26 13:00:00,4.84,4.84,4.83,4.83,33173.35
2026-07-26 13:05:00,4.83,4.84,4.83,4.84,43730.86
2026-07-26 13:10:00,4.84,4.85,4.84,4.84,72748.17
2026-07-26 13:15:00,4.84,4.85,4.84,4.84,1247.77
2026-07-26 13:20:00,4.84,4.85,4.84,4.84,135609.37
2026-07-26 13:25:00,4.84,4.86,4.84,4.85,53095.48
2026-07-26 13:30:00,4.85,4.86,4.85,4.86,144281.14
2026-07-26 13:35:00,4.86,4.86,4.86,4.86,11355.51
2026-07-26 13:40:00,4.86,4.87,4.86,4.86,25057.57
2026-07-26 13:45:00,4.86,4.88,4.86,4.87,28876.4
2026-07-26 13:50:00,4.87,4.87,4.86,4.86,122275.66
2026-07-26 13:55:00,4.86,4.88,4.86,4.88,101531.18
2026-07-26 14:00:00,4.88,4.88,4.88,4.88,97034.68
2026-07-26 14:05:00,4.88,4.88,4.87,4.87,113437.57
2026-07-26 14:10:00,4.87,4.88,4.86,4.87,11469.01
2026-07-26 14:15:00,4.87,4.89,4.87,4.89,63342.52
2026-07-26 14:20:00,4.89,4.89,4.88,4.89,314.62
2026-07-26 14:25:00,4.89,4.9,4.88,4.88,84738.17
2026-07-26 14:30:00,4.88,4.89,4.86,4.87,226681.68
2026-07-26 14:35:00,4.87,4.87,4.86,4.87,39023.38
2026-07-26 14:40:00,4.87,4.89,4.87,4.87,28373.73
2026-07-26 14:45:00,4.87,4.87,4.87,4.87,63797.29
2026-07-26 14:50:00,4.87,4.89,4.86,4.89,61756.02
2026-07-26 14:55:00,4.89,4.91,4.89,4.9,52705.23
2026-07-26 15:00:00,4.9,4.91,4.89,4.89,93238.65
2026-07-26 15:05:00,4.89,4.9,4.89,4.89,113041.06
2026-07-26 15:10:00,4.89,4.89,4.88,4.88,105809.96
2026-07-26 15:15:00,4.88,4.89,4.88,4.89,13773.05
2026-07-26 15:20:00,4.89,4.9,4.88,4.89,29418.64
2026-07-26 15:25:00,4.89,4.89,4.88,4.89,18709.03
2026-07-26 15:30:00,4.89,4.9,4.87,4.88,263982.04
2026-07-26 15:35:00,4.88,4.89,4.87,4.89,11778.29
2026-07-26 15:40:00,4.89,4.9,4.89,4.9,11613.58
2026-07-26 15:45:00,4.9,4.9,4.88,4.89,19589.53
2026-07-26 15:50:00,4.89,4.9,4.88,4.89,27720.86
2026-07-26 15:55:00,4.89,4.89,4.88,4.88,22362.06
2026-07-26 16:00:00,4.88,4.89,4.88,4.89,26209.72
2026-07-26 16:05:00,4.89,4.91,4.88,4.89,11737.07
2026-07-26 16:10:00,4.89,4.93,4.89,4.91,162032.56
2026-07-26 16:15:00,4.91,4.92,4.9,4.91,38668.53
2026-07-26 16:20:00,4.91,4.92,4.9,4.9,169284.67
2026-07-26 16:25:00,4.9,4.92,4.9,4.91,117608.01
2026-07-26 16:30:00,4.91,4.92,4.9,4.91,74886.98
2026-07-26 16:35:00,4.91,4.91,4.9,4.9,20382.48
2026-07-26 16:40:00,4.9,4.91,4.88,4.89,97435.95
2026-07-26 16:45:00,4.89,4.89,4.88,4.88,5062.29
2026-07-26 16:50:00,4.88,4.89,4.88,4.89,65488.43
2026-07-26 16:55:00,4.89,4.9,4.88,4.89,33281.81
2026-07-26 17:00:00,4.89,4.89,4.88,4.89,61117.33
2026-07-26 17:05:00,4.89,4.89,4.88,4.89,21963.26
2026-07-26 17:10:00,4.89,4.89,4.87,4.88,5423.52
2026-07-26 17:15:00,4.88,4.89,4.87,4.89,152089.96
2026-07-26 17:20:00,4.89,4.89,4.88,4.89,21074.17
2026-07-26 17:25:00,4.89,4.89,4.88,4.89,8273.04
2026-07-26 17:30:00,4.89,4.91,4.89,4.9,44630.73
2026-07-26 17:35:00,4.9,4.91,4.9,4.91,52254.83
2026-07-26 17:40:00,4.91,4.92,4.91,4.91,1961.42
2026-07-26 17:45:00,4.91,4.91,4.91,4.91,7235.95
2026-07-26 17:50:00,4.91,4.91,4.91,4.91,6670.78
2026-07-26 17:55:00,4.91,4.92,4.9,4.9,77834.62
2026-07-26 18:00:00,4.9,4.9,4.9,4.9,1076.92
2026-07-26 18:05:00,4.9,4.91,4.89,4.89,22517.95
2026-07-26 18:10:00,4.89,4.9,4.88,4.89,573376.34
2026-07-26 18:15:00,4.89,4.9,4.89,4.89,14121.25
2026-07-26 18:20:00,4.89,4.92,4.88,4.89,240228.21
2026-07-26 18:25:00,4.89,4.9,4.88,4.88,10166.68
2026-07-26 18:30:00,4.88,4.88,4.88,4.88,94680.8
2026-07-26 18:35:00,4.88,4.89,4.87,4.88,7824.85
2026-07-26 18:40:00,4.88,4.88,4.87,4.87,38414.34
2026-07-26 18:45:00,4.87,4.87,4.86,4.87,31127.2
2026-07-26 18:50:00,4.87,4.87,4.86,4.86,14040.13
2026-07-26 18:55:00,4.86,4.87,4.86,4.86,96567.42
2026-07-26 19:00:00,4.86,4.87,4.86,4.87,42252.1
2026-07-26 19:05:00,4.87,4.87,4.85,4.86,11060.87
2026-07-26 19:10:00,4.86,4.87,4.86,4.86,36706.44
2026-07-26 19:15:00,4.86,4.87,4.84,4.84,13801.08
2026-07-26 19:20:00,4.84,4.85,4.84,4.85,43146.87
2026-07-26 19:25:00,4.85,4.85,4.83,4.84,11321.26
2026-07-26 19:30:00,4.84,4.85,4.83,4.83,58621.82
2026-07-26 19:35:00,4.83,4.84,4.83,4.83,6897.34
2026-07-26 19:40:00,4.83,4.85,4.83,4.84,119747.62
2026-07-26 19:45:00,4.84,4.85,4.83,4.84,2549.64
2026-07-26 19:50:00,4.84,4.85,4.82,4.84,63626.83
2026-07-26 19:55:00,4.84,4.86,4.84,4.85,47465.3
2026-07-26 20:00:00,4.85,4.85,4.84,4.85,175725.31
2026-07-26 20:05:00,4.85,4.85,4.83,4.84,18517.04
2026-07-26 20:10:00,4.84,4.85,4.82,4.85,92552.15
2026-07-26 20:15:00,4.85,4.86,4.84,4.84,13667.29
2026-07-26 20:20:00,4.84,4.85,4.84,4.85,5123.64
2026-07-26 20:25:00,4.85,4.86,4.84,4.85,55115.08
2026-07-26 20:30:00,4.85,4.85,4.85,4.85,821.75
2026-07-26 20:35:00,4.85,4.86,4.85,4.85,16998.3
2026-07-26 20:40:00,4.85,4.86,4.85,4.86,31484.96
2026-07-26 20:45:00,4.86,4.87,4.86,4.87,33197.73
2026-07-26 20:50:00,4.87,4.87,4.86,4.87,3059.54
2026-07-26 20:55:00,4.87,4.88,4.86,4.87,119460.03
2026-07-26 21:00:00,4.87,4.87,4.86,4.87,40492.15
2026-07-26 21:05:00,4.87,4.88,4.86,4.86,7191.99
2026-07-26 21:10:00,4.86,4.87,4.86,4.87,76919.92
2026-07-26 21:15:00,4.87,4.87,4.85,4.86,28317.22
2026-07-26 21:20:00,4.86,4.86,4.85,4.85,77407.45
2026-07-26 21:25:00,4.85,4.87,4.85,4.86,3528.52
2026-07-26 21:30:00,4.86,4.87,4.85,4.86,149676.8
2026-07-26 21:35:00,4.86,4.86,4.85,4.85,93714.74
2026-07-26 21:40:00,4.85,4.86,4.85,4.85,38389.2
2026-07-26 21:45:00,4.85,4.86,4.85,4.85,52487.2
2026-07-26 21:50:00,4.85,4.85,4.84,4.85,34840.6
2026-07-26 21:55:00,4.85,4.86,4.85,4.85,57371.98
2026-07-26 22:00:00,4.85,4.86,4.85,4.86,51661.4
2026-07-26 22:05:00,4.86,4.88,4.86,4.87,97914.75
2026-07-26 22:10:00,4.87,4.88,4.87,4.88,11953.33
2026-07-26 22:15:00,4.88,4.88,4.87,4.87,9171.11
2026-07-26 22:20:00,4.87,4.88,4.86,4.87,73226.81
2026-07-26 22:25:00,4.87,4.89,4.87,4.88,51231.8
2026-07-26 22:30:00,4.88,4.89,4.87,4.89,33215.22
2026-07-26 22:35:00,4.89,4.9,4.88,4.89,122843.0
2026-07-26 22:40:00,4.89,4.9,4.89,4.9,164431.72
2026-07-26 22:45:00,4.9,4.91,4.9,4.9,83103.72
2026-07-26 22:50:00,4.9,4.91,4.9,4.91,11475.58
2026-07-26 22:55:00,4.91,4.93,4.9,4.9,187005.43
2026-07-26 23:00:00,4.9,4.92,4.9,4.9,62721.84
2026-07-26 23:05:00,4.9,4.91,4.89,4.9,43048.0
2026-07-26 23:10:00,4.9,4.9,4.9,4.9,14628.15
2026-07-26 23:15:00,4.9,4.91,4.9,4.91,56613.69
2026-07-26 23:20:00,4.91,4.92,4.9,4.9,563827.33
2026-07-26 23:25:00,4.9,4.9,4.89,4.9,35530.46
2026-07-26 23:30:00,4.9,4.9,4.89,4.9,61628.36
2026-07-26 23:35:00,4.9,4.9,4.89,4.9,5147.19
2026-07-26 23:40:00,4.9,4.9,4.89,4.9,132151.56
2026-07-26 23:45:00,4.9,4.9,4.9,4.9,167409.65
2026-07-26 23:50:00,4.9,4.91,4.9,4.9,39267.2
2026-07-26 23:55:00,4.9,4.9,4.88,4.89,63754.64
2026-07-27 00:00:00,4.89,4.9,4.89,4.9,515.96
2026-07-27 00:05:00,4.9,4.91,4.89,4.9,52462.12
2026-07-27 00:10:00,4.9,4.9,4.89,4.9,79214.78
2026-07-27 00:15:00,4.9,4.91,4.89,4.9,49081.75
2026-07-27 00:20:00,4.9,4.9,4.89,4.9,115510.58
2026-07-27 00:25:00,4.9,4.92,4.9,4.91,44294.31
2026-07-27 00:30:00,4.91,4.93,4.89,4.89,12637.35
2026-07-27 00:35:00,4.89,4.9,4.89,4.9,190796.99
2026-07-27 00:40:00,4.9,4.9,4.89,4.89,9320.06
2026-07-27 00:45:00,4.89,4.91,4.89,4.91,64164.42
2026-07-27 00:50:00,4.91,4.91,4.9,4.91,6974.2
2026-07-27 00:55:00,4.91,4.92,4.9,4.91,47963.76
2026-07-27 01:00:00,4.91,4.93,4.9,4.9,91805.38
2026-07-27 01:05:00,4.9,4.92,4.9,4.9,202313.76
2026-07-27 01:10:00,4.9,4.9,4.89,4.89,178968.76
2026-07-27 01:15:00,4.89,4.91,4.89,4.9,22483.36
2026-07-27 01:20:00,4.9,4.9,4.9,4.9,72409.87
2026-07-27 01:25:00,4.9,4.91,4.89,4.91,7398.07
2026-07-27 01:30:00,4.91,4.92,4.89,4.9,102275.35
2026-07-27 01:35:00,4.9,4.92,4.89,4.91,27103.01
2026-07-27 01:40:00,4.91,4.92,4.9,4.9,143851.48
2026-07-27 01:45:00,4.9,4.91,4.89,4.91,5640.08
2026-07-27 01:50:00,4.91,4.92,4.9,4.91,545224.15
2026-07-27 01:55:00,4.91,4.91,4.9,4.9,34667.88
2026-07-27 02:00:00,4.9,4.91,4.9,4.9,53906.73
2026-07-27 02:05:00,4.9,4.91,4.9,4.91,37026.65
2026-07-27 02:10:00,4.91,4.92,4.89,4.9,369351.5
2026-07-27 02:15:00,4.9,4.9,4.89,4.89,23276.26
2026-07-27 02:20:00,4.89,4.91,4.89,4.91,275597.43
2026-07-27 02:25:00,4.91,4.92,4.91,4.92,29795.83
2026-07-27 02:30:00,4.92,4.93,4.91,4.91,159195.36
2026-07-27 02:35:00,4.91,4.92,4.89,4.9,62015.88
2026-07-27 02:40:00,4.9,4.9,4.89,4.9,26188.6
2026-07-27 02:45:00,4.9,4.9,4.89,4.89,114218.85
2026-07-27 02:50:00,4.89,4.89,4.89,4.89,9774.23
2026-07-27 02:55:00,4.89,4.89,4.89,4.89,32723.81
2026-07-27 03:00:00,4.89,4.89,4.89,4.89,4432.0
2026-07-27 03:05:00,4.89,4.9,4.89,4.9,5747.67
2026-07-27 03:10:00,4.9,4.9,4.89,4.89,44709.43
2026-07-27 03:15:00,4.89,4.91,4.89,4.9,484.32
2026-07-27 03:20:00,4.9,4.91,4.89,4.89,81726.69
2026-07-27 03:25:00,4.89,4.9,4.89,4.9,58327.49
2026-07-27 03:30:00,4.9,4.9,4.88,4.89,17693.44
2026-07-27 03:35:00,4.89,4.9,4.88,4.9,150834.91
2026-07-27 03:40:00,4.9,4.9,4.89,4.9,37209.31
2026-07-27 03:45:00,4.9,4.91,4.88,4.9,34238.91
2026-07-27 03:50:00,4.9,4.9,4.89,4.89,2415.82
2026-07-27 03:55:00,4.89,4.91,4.89,4.9,117588.63
2026-07-27 04:00:00,4.9,4.9,4.89,4.9,37191.98
2026-07-27 04:05:00,4.9,4.91,4.89,4.9,33923.03
2026-07-27 04:10:00,4.9,4.91,4.89,4.89,3629.91
2026-07-27 04:15:00,4.89,4.9,4.89,4.89,211.97
2026-07-27 04:20:00,4.89,4.9,4.87,4.9,656539.46
2026-07-27 04:25:00,4.9,4.9,4.89,4.89,12823.73
2026-07-27 04:30:00,4.89,4.9,4.89,4.89,48415.77
2026-07-27 04:35:00,4.89,4.91,4.88,4.91,287796.43
2026-07-27 04:40:00,4.91,4.92,4.9,4.91,38829.32
2026-07-27 04:45:00,4.91,4.92,4.91,4.91,109056.03
2026-07-27 04:50:00,4.91,4.93,4.9,4.9,304449.92
2026-07-27 04:55:00,4.9,4.91,4.9,4.9,5807.72
2026-07-27 05:00:00,4.9,4.91,4.9,4.9,58947.39
2026-07-27 05:05:00,4.9,4.91,4.89,4.91,14534.85
2026-07-27 05:10:00,4.91,4.91,4.9,4.91,32168.78
2026-07-27 05:15:00,4.91,4.91,4.88,4.88,19388.64
2026-07-27 05:20:00,4.88,4.9,4.87,4.89,85714.72
2026-07-27 05:25:00,4.89,4.89,4.89,4.89,49704.54
2026-07-27 05:30:00,4.89,4.9,4.89,4.89,115826.04
2026-07-27 05:35:00,4.89,4.91,4.88,4.9,204817.17
2026-07-27 05:40:00,4.9,4.91,4.9,4.9,24664.09
2026-07-27 05:45:00,4.9,4.91,4.9,4.9,203195.92
2026-07-27 05:50:00,4.9,4.92,4.9,4.91,79635.46
2026-07-27 05:55:00,4.91,4.93,4.9,4.91,171939.61
2026-07-27 06:00:00,4.91,4.92,4.9,4.92,355.09
2026-07-27 06:05:00,4.92,4.94,4.92,4.94,24926.31
2026-07-27 06:10:00,4.94,4.95,4.93,4.93,38671.78
2026-07-27 06:15:00,4.93,4.93,4.92,4.93,21529.77
2026-07-27 06:20:00,4.93,4.94,4.91,4.92,7938.24
2026-07-27 06:25:00,4.92,4.93,4.9,4.9,39130.95
2026-07-27 06:30:00,4.9,4.91,4.9,4.91,218933.34
2026-07-27 06:35:00,4.91,4.92,4.9,4.91,8766.64
2026-07-27 06:40:00,4.91,4.93,4.9,4.9,295394.26
2026-07-27 06:45:00,4.9,4.9,4.89,4.9,112261.63
2026-07-27 06:50:00,4.9,4.91,4.88,4.91,14231.33
2026-07-27 06:55:00,4.91,4.91,4.9,4.91,26625.05
2026-07-27 07:00:00,4.91,4.91,4.9,4.9,16886.94
2026-07-27 07:05:00,4.9,4.91,4.9,4.91,64925.54
2026-07-27 07:10:00,4.91,4.91,4.9,4.9,57076.22
2026-07-27 07:15:00,4.9,4.9,4.89,4.9,117006.14
2026-07-27 07:20:00,4.9,4.9,4.9,4.9,41066.77
2026-07-27 07:25:00,4.9,4.91,4.9,4.9,19513.26
2026-07-27 07:30:00,4.9,4.92,4.9,4.91,41099.81
2026-07-27 07:35:00,4.91,4.91,4.9,4.9,30396.1
2026-07-27 07:40:00,4.9,4.92,4.9,4.91,104215.33
2026-07-27 07:45:00,4.91,4.92,4.9,4.91,5468.45
2026-07-27 07:50:00,4.91,4.91,4.9,4.9,364.52
2026-07-27 07:55:00,4.9,4.91,4.9,4.91,4904.74
2026-07-27 08:00:00,4.91,4.91,4.9,4.91,15302.37
2026-07-27 08:05:00,4.91,4.91,4.91,4.91,7252.48
2026-07-27 08:10:00,4.91,4.93,4.9,4.92,69656.33
2026-07-27 08:15:00,4.92,4.93,4.92,4.93,90551.91
2026-07-27 08:20:00,4.93,4.94,4.92,4.92,33489.54
2026-07-27 08:25:00,4.92,4.93,4.9,4.92,2901.63
2026-07-27 08:30:00,4.92,4.93,4.92,4.93,4181.14
2026-07-27 08:35:00,4.93,4.93,4.93,4.93,88269.51
2026-07-27 08:40:00,4.93,4.93,4.92,4.92,69086.16
2026-07-27 08:45:00,4.92,4.93,4.92,4.93,70363.9
2026-07-27 08:50:00,4.93,4.93,4.91,4.91,86926.12
2026-07-27 08:55:00,4.91,4.93,4.91,4.92,6864.27
2026-07-27 09:00:00,4.92,4.94,4.92,4.94,2113.03
2026-07-27 09:05:00,4.94,4.95,4.93,4.95,22978.76
2026-07-27 09:10:00,4.95,4.95,4.94,4.94,156249.59
2026-07-27 09:15:00,4.94,4.96,4.93,4.93,76643.01
2026-07-27 09:20:00,4.93,4.94,4.93,4.93,36037.54
2026-07-27 09:25:00,4.93,4.95,4.92,4.92,84221.14
2026-07-27 09:30:00,4.92,4.93,4.91,4.92,82154.5
2026-07-27 09:35:00,4.92,4.92,4.92,4.92,23485.11
2026-07-27 09:40:00,4.92,4.93,4.91,4.91,41991.19
2026-07-27 09:45:00,4.91,4.92,4.89,4.9,9816.64
2026-07-27 09:50:00,4.9,4.92,4.9,4.92,16474.83
2026-07-27 09:55:00,4.92,4.92,4.91,4.92,90305.66
2026-07-27 10:00:00,4.92,4.92,4.91,4.91,3443.75
2026-07-27 10:05:00,4.91,4.92,4.91,4.92,32238.77
2026-07-27 10:10:00,4.92,4.92,4.91,4.92,104269.38
2026-07-27 10:15:00,4.92,4.93,4.91,4.92,46665.97
2026-07-27 10:20:00,4.92,4.93,4.91,4.93,1485.39
2026-07-27 10:25:00,4.93,4.93,4.92,4.92,15699.58
2026-07-27 10:30:00,4.92,4.92,4.91,4.92,58965.11
2026-07-27 10:35:00,4.92,4.93,4.92,4.92,78489.19
2026-07-27 10:40:00,4.92,4.93,4.91,4.93,11819.05
2026-07-27 10:45:00,4.93,4.93,4.92,4.93,3822.39
2026-07-27 10:50:00,4.93,4.93,4.92,4.93,6088.31
2026-07-27 10:55:00,4.93,4.94,4.92,4.93,3329.15
2026-07-27 11:00:00,4.93,4.94,4.93,4.93,1525.73
2026-07-27 11:05:00,4.93,4.94,4.93,4.93,20838.97
2026-07-27 11:10:00,4.93,4.94,4.92,4.92,639820.73
2026-07-27 11:15:00,4.92,4.93,4.91,4.93,3692.6
2026-07-27 11:20:00,4.93,4.94,4.93,4.94,225092.97
2026-07-27 11:25:00,4.94,4.95,4.94,4.95,23599.89
2026-07-27 11:30:00,4.95,4.95,4.93,4.93,4317.9
2026-07-27 11:35:00,4.93,4.94,4.93,4.94,17313.9
2026-07-27 11:40:00,4.94,4.94,4.92,4.93,15353.38
2026-07-27 11:45:00,4.93,4.93,4.92,4.93,27272.7
2026-07-27 11:50:00,4.93,4.93,4.92,4.92,28903.39
2026-07-27 11:55:00,4.92,4.93,4.91,4.92,87588.14
2026-07-27 12:00:00,4.92,4.92,4.91,4.91,37355.16
2026-07-27 12:05:00,4.91,4.92,4.89,4.92,118255.16
2026-07-27 12:10:00,4.92,4.94,4.91,4.93,15436.79
2026-07-27 12:15:00,4.93,4.95,4.92,4.94,122177.25
2026-07-27 12:20:00,4.94,4.95,4.93,4.94,394060.06
2026-07-27 12:25:00,4.94,4.95,4.93,4.95,68332.54
2026-07-27 12:30:00,4.95,4.96,4.94,4.94,492359.0
2026-07-27 12:35:00,4.94,4.94,4.92,4.93,26719.45
2026-07-27 12:40:00,4.93,4.95,4.93,4.94,1635.46
2026-07-27 12:45:00,4.94,4.94,4.93,4.93,15803.39
2026-07-27 12:50:00,4.93,4.95,4.93,4.94,25627.12
2026-07-27 12:55:00,4.94,4.95,4.93,4.93,1439.59
2026-07-27 13:00:00,4.93,4.95,4.93,4.95,52691.06
2026-07-27 13:05:00,4.95,4.97,4.93,4.94,177661.64
2026-07-27 13:10:00,4.94,4.94,4.93,4.94,27684.2
2026-07-27 13:15:00,4.94,4.94,4.92,4.93,117075.42
2026-07-27 13:20:00,4.93,4.95,4.93,4.95,49730.6
2026-07-27 13:25:00,4.95,4.97,4.94,4.94,54460.55
2026-07-27 13:30:00,4.94,4.95,4.94,4.94,12341.14
2026-07-27 13:35:00,4.94,4.94,4.93,4.94,27412.12
2026-07-27 13:40:00,4.94,4.94,4.93,4.94,37666.94
2026-07-27 13:45:00,4.94,4.94,4.93,4.93,61768.51
2026-07-27 13:50:00,4.93,4.94,4.93,4.94,77557.88
2026-07-27 13:55:00,4.94,4.94,4.93,4.94,19933.78
2026-07-27 14:00:00,4.94,4.94,4.94,4.94,51885.07
2026-07-27 14:05:00,4.94,4.94,4.93,4.93,18291.54
2026-07-27 14:10:00,4.93,4.93,4.92,4.93,5468.92
2026-07-27 14:15:00,4.93,4.93,4.92,4.93,11521.86
2026-07-27 14:20:00,4.93,4.93,4.91,4.92,49334.87
2026-07-27 14:25:00,4.92,4.93,4.92,4.92,80936.59
2026-07-27 14:30:00,4.92,4.93,4.92,4.92,57760.3
2026-07-27 14:35:00,4.92,4.92,4.92,4.92,22652.81
2026-07-27 14:40:00,4.92,4.93,4.92,4.93,1263.79
2026-07-27 14:45:00,4.93,4.93,4.91,4.92,28791.66
2026-07-27 14:50:00,4.92,4.92,4.91,4.91,107139.05
2026-07-27 14:55:00,4.91,4.93,4.91,4.93,16459.25
2026-07-27 15:00:00,4.93,4.93,4.92,4.92,36186.38
2026-07-27 15:05:00,4.92,4.93,4.91,4.93,81153.41
2026-07-27 15:10:00,4.93,4.93,4.93,4.93,6664.68
2026-07-27 15:15:00,4.93,4.93,4.92,4.92,28769.78
2026-07-27 15:20:00,4.92,4.93,4.92,4.93,18820.04
2026-07-27 15:25:00,4.93,4.93,4.92,4.93,25105.62
2026-07-27 15:30:00,4.93,4.95,4.92,4.94,11828.58
2026-07-27 15:35:00,4.94,4.96,4.93,4.95,152827.37
2026-07-27 15:40:00,4.95,4.96,4.94,4.94,42618.74
2026-07-27 15:45:00,4.94,4.96,4.93,4.93,206101.01
2026-07-27 15:50:00,4.93,4.94,4.93,4.94,14306.97
2026-07-27 15:55:00,4.94,4.94,4.93,4.94,7880.9
2026-07-27 16:00:00,4.94,4.94,4.93,4.94,20709.46
2026-07-27 16:05:00,4.94,4.94,4.93,4.93,52129.01
2026-07-27 16:10:00,4.93,4.94,4.92,4.93,40328.34
2026-07-27 16:15:00,4.93,4.93,4.92,4.93,5041.21
2026-07-27 16:20:00,4.93,4.93,4.91,4.92,64071.24
2026-07-27 16:25:00,4.92,4.93,4.91,4.92,179413.33
2026-07-27 16:30:00,4.92,4.94,4.91,4.93,74085.07
2026-07-27 16:35:00,4.93,4.95,4.93,4.94,107388.32
2026-07-27 16:40:00,4.94,4.95,4.93,4.94,373879.46
2026-07-27 16:45:00,4.94,4.95,4.93,4.95,17130.81
2026-07-27 16:50:00,4.95,4.96,4.95,4.95,10322.66
2026-07-27 16:55:00,4.95,4.96,4.94,4.94,75944.69
2026-07-27 17:00:00,4.94,4.95,4.93,4.93,16775.36
2026-07-27 17:05:00,4.93,4.93,4.92,4.93,4578.5
2026-07-27 17:10:00,4.93,4.93,4.91,4.91,54036.34
2026-07-27 17:15:00,4.91,4.94,4.91,4.93,18268.64
2026-07-27 17:20:00,4.93,4.94,4.92,4.93,66266.61
2026-07-27 17:25:00,4.93,4.93,4.92,4.92,38047.5
2026-07-27 17:30:00,4.92,4.94,4.92,4.93,11391.01
2026-07-27 17:35:00,4.93,4.94,4.93,4.94,86553.78
2026-07-27 17:40:00,4.94,4.95,4.93,4.93,39072.3
2026-07-27 17:45:00,4.93,4.93,4.92,4.93,48148.9
2026-07-27 17:50:00,4.93,4.93,4.93,4.93,9020.85
2026-07-27 17:55:00,4.93,4.94,4.93,4.93,29514.93
2026-07-27 18:00:00,4.93,4.94,4.93,4.94,71275.87
2026-07-27 18:05:00,4.94,4.96,4.94,4.95,27002.11
2026-07-27 18:10:00,4.95,4.95,4.94,4.94,89762.02
2026-07-27 18:15:00,4.94,4.96,4.93,4.93,418175.24
2026-07-27 18:20:00,4.93,4.94,4.92,4.92,19470.03
2026-07-27 18:25:00,4.92,4.93,4.92,4.93,55174.76
2026-07-27 18:30:00,4.93,4.94,4.92,4.93,74826.82
2026-07-27 18:35:00,4.93,4.94,4.92,4.93,92390.79
2026-07-27 18:40:00,4.93,4.94,4.93,4.93,120563.32
2026-07-27 18:45:00,4.93,4.94,4.92,4.94,22434.35
2026-07-27 18:50:00,4.94,4.94,4.93,4.94,652.84
2026-07-27 18:55:00,4.94,4.94,4.93,4.94,68094.07
2026-07-27 19:00:00,4.94,4.94,4.92,4.93,77748.2
2026-07-27 19:05:00,4.93,4.93,4.93,4.93,120864.29
2026-07-27 19:10:00,4.93,4.93,4.92,4.93,179872.37
2026-07-27 19:15:00,4.93,4.94,4.92,4.94,18143.98
2026-07-27 19:20:00,4.94,4.94,4.92,4.93,10850.68
2026-07-27 19:25:00,4.93,4.93,4.93,4.93,31300.83
2026-07-27 19:30:00,4.93,4.93,4.92,4.92,3994.92
2026-07-27 19:35:00,4.92,4.94,4.92,4.94,46774.28
2026-07-27 19:40:00,4.94,4.94,4.93,4.94,163977.86
2026-07-27 19:45:00,4.94,4.94,4.93,4.93,79736.66
2026-07-27 19:50:00,4.93,4.94,4.93,4.94,29742.79
2026-07-27 19:55:00,4.94,4.94,4.94,4.94,36329.82
2026-07-27 20:00:00,4.94,4.94,4.93,4.93,84194.19
2026-07-27 20:05:00,4.93,4.94,4.93,4.94,22428.34
2026-07-27 20:10:00,4.94,4.95,4.93,4.94,23663.12
2026-07-27 20:15:00,4.94,4.95,4.94,4.94,54035.52
2026-07-27 20:20:00,4.94,4.94,4.94,4.94,9821.27
2026-07-27 20:25:00,4.94,4.94,4.93,4.94,38042.5
2026-07-27 20:30:00,4.94,4.94,4.93,4.93,7215.89
2026-07-27 20:35:00,4.93,4.93,4.92,4.93,3448.8
2026-07-27 20:40:00,4.93,4.96,4.93,4.95,13449.93
2026-07-27 20:45:00,4.95,4.96,4.95,4.96,6437.07
2026-07-27 20:50:00,4.96,4.97,4.94,4.95,65548.35
2026-07-27 20:55:00,4.95,4.95,4.94,4.94,61790.2
2026-07-27 21:00:00,4.94,4.96,4.94,4.95,30071.98
2026-07-27 21:05:00,4.95,4.97,4.94,4.97,135630.34
2026-07-27 21:10:00,4.97,4.98,4.96,4.96,578056.94
2026-07-27 21:15:00,4.96,4.97,4.96,4.97,122677.56
2026-07-27 21:20:00,4.97,4.97,4.96,4.97,13211.14
2026-07-27 21:25:00,4.97,4.97,4.96,4.97,34653.05
2026-07-27 21:30:00,4.97,4.99,4.96,4.96,92479.47
2026-07-27 21:35:00,4.96,4.97,4.95,4.96,3850.76
2026-07-27 21:40:00,4.96,4.97,4.94,4.95,19113.3
2026-07-27 21:45:00,4.95,4.95,4.94,4.94,841.18
2026-07-27 21:50:00,4.94,4.96,4.93,4.94,324318.49
2026-07-27 21:55:00,4.94,4.95,4.94,4.95,37625.08
2026-07-27 22:00:00,4.95,4.97,4.94,4.95,105483.15
2026-07-27 22:05:00,4.95,4.96,4.94,4.95,18636.08
2026-07-27 22:10:00,4.95,4.96,4.95,4.95,75584.71
2026-07-27 22:15:00,4.95,4.96,4.94,4.94,73986.51
2026-07-27 22:20:00,4.94,4.94,4.93,4.93,30566.89
2026-07-27 22:25:00,4.93,4.94,4.93,4.93,51579.35
2026-07-27 22:30:00,4.93,4.94,4.93,4.94,29957.09
2026-07-27 22:35:00,4.94,4.95,4.94,4.94,72524.28
2026-07-27 22:40:00,4.94,4.95,4.94,4.94,1277.67
2026-07-27 22:45:00,4.94,4.95,4.94,4.95,122896.8
2026-07-27 22:50:00,4.95,4.96,4.94,4.96,142204.49
2026-07-27 22:55:00,4.96,4.96,4.94,4.95,28427.62
2026-07-27 23:00:00,4.95,4.96,4.93,4.94,131294.76
2026-07-27 23:05:00,4.94,4.94,4.92,4.93,25655.19
2026-07-27 23:10:00,4.93,4.94,4.92,4.93,24601.54
2026-07-27 23:15:00,4.93,4.94,4.93,4.93,114857.86
2026-07-27 23:20:00,4.93,4.94,4.93,4.93,26646.46
2026-07-27 23:25:00,4.93,4.94,4.93,4.94,19255.9
2026-07-27 23:30:00,4.94,4.94,4.93,4.93,31201.11
2026-07-27 23:35:00,4.93,4.94,4.92,4.92,27524.46
2026-07-27 23:40:00,4.92,4.93,4.9,4.93,70347.6
2026-07-27 23:45:00,4.93,4.94,4.93,4.94,125313.64
2026-07-27 23:50:00,4.94,4.95,4.92,4.94,4754.12
2026-07-27 23:55:00,4.94,4.95,4.93,4.93,300353.22
2026-07-28 00:00:00,4.93,4.94,4.92,4.92,97419.3
2026-07-28 00:05:00,4.92,4.93,4.9,4.92,26380.63
2026-07-28 00:10:00,4.92,4.94,4.92,4.93,148177.13
2026-07-28 00:15:00,4.93,4.94,4.92,4.92,39102.33
2026-07-28 00:20:00,4.92,4.92,4.91,4.92,3983.95
2026-07-28 00:25:00,4.92,4.92,4.91,4.91,31346.54
2026-07-28 00:30:00,4.91,4.92,4.9,4.92,54226.9
2026-07-28 00:35:00,4.92,4.93,4.9,4.93,539220.11
2026-07-28 00:40:00,4.93,4.95,4.93,4.94,76730.94
2026-07-28 00:45:00,4.94,4.94,4.93,4.94,13930.3
2026-07-28 00:50:00,4.94,4.95,4.92,4.95,44487.91
2026-07-28 00:55:00,4.95,4.96,4.95,4.95,16045.98
2026-07-28 01:00:00,4.95,4.96,4.95,4.95,17209.98
2026-07-28 01:05:00,4.95,4.96,4.94,4.94,1170.0
2026-07-28 01:10:00,4.94,4.94,4.93,4.93,36290.54
2026-07-28 01:15:00,4.93,4.94,4.92,4.93,68315.97
2026-07-28 01:20:00,4.93,4.95,4.92,4.95,40089.03
2026-07-28 01:25:00,4.95,4.96,4.94,4.94,33599.96
2026-07-28 01:30:00,4.94,4.94,4.93,4.93,12796.74
2026-07-28 01:35:00,4.93,4.94,4.93,4.93,45503.68
2026-07-28 01:40:00,4.93,4.95,4.92,4.95,32063.76
2026-07-28 01:45:00,4.95,4.96,4.94,4.95,118979.64
2026-07-28 01:50:00,4.95,4.96,4.95,4.95,262619.71
2026-07-28 01:55:00,4.95,4.96,4.95,4.95,16529.29
2026-07-28 02:00:00,4.95,4.96,4.94,4.94,213459.21
2026-07-28 02:05:00,4.94,4.95,4.94,4.95,26271.75
2026-07-28 02:10:00,4.95,4.95,4.95,4.95,21437.04
2026-07-28 02:15:00,4.95,4.96,4.94,4.96,7361.31
2026-07-28 02:20:00,4.96,4.96,4.95,4.96,159524.27
2026-07-28 02:25:00,4.96,4.96,4.94,4.94,11793.64
2026-07-28 02:30:00,4.94,4.96,4.94,4.95,128178.53
2026-07-28 02:35:00,4.95,4.95,4.94,4.95,84533.4
2026-07-28 02:40:00,4.95,4.96,4.94,4.94,69324.96
2026-07-28 02:45:00,4.94,4.95,4.94,4.94,109714.69
2026-07-28 02:50:00,4.94,4.95,4.93,4.94,15282.47
2026-07-28 02:55:00,4.94,4.94,4.93,4.94,27240.77
2026-07-28 03:00:00,4.94,4.95,4.93,4.94,241525.28
2026-07-28 03:05:00,4.94,4.94,4.94,4.94,43791.95
2026-07-28 03:10:00,4.94,4.95,4.93,4.95,56559.62
2026-07-28 03:15:00,4.95,4.96,4.95,4.96,63442.22
2026-07-28 03:20:00,4.96,4.97,4.95,4.97,28249.68
2026-07-28 03:25:00,4.97,4.97,4.97,4.97,5006.99
2026-07-28 03:30:00,4.97,4.99,4.96,4.97,56505.13
2026-07-28 03:35:00,4.97,4.98,4.97,4.97,17690.52
2026-07-28 03:40:00,4.97,4.98,4.96,4.96,216562.89
2026-07-28 03:45:00,4.96,4.97,4.94,4.95,13166.13
2026-07-28 03:50:00,4.95,4.96,4.94,4.95,58441.16
2026-07-28 03:55:00,4.95,4.96,4.94,4.95,39695.69
2026-07-28 04:00:00,4.95,4.95,4.94,4.94,113156.8
2026-07-28 04:05:00,4.94,4.95,4.94,4.94,20792.33
2026-07-28 04:10:00,4.94,4.95,4.93,4.93,51128.16
2026-07-28 04:15:00,4.93,4.94,4.93,4.93,24597.12
2026-07-28 04:20:00,4.93,4.94,4.93,4.93,43955.26
2026-07-28 04:25:00,4.93,4.94,4.93,4.93,96990.79
2026-07-28 04:30:00,4.93,4.93,4.92,4.92,4075.49
2026-07-28 04:35:00,4.92,4.93,4.92,4.92,18872.97
2026-07-28 04:40:00,4.92,4.93,4.92,4.93,20062.89
2026-07-28 04:45:00,4.93,4.93,4.92,4.93,116409.12
2026-07-28 04:50:00,4.93,4.94,4.92,4.94,70445.9
2026-07-28 04:55:00,4.94,4.94,4.92,4.92,35135.94
2026-07-28 05:00:00,4.92,4.94,4.92,4.94,65168.71
2026-07-28 05:05:00,4.94,4.94,4.93,4.93,39560.1
2026-07-28 05:10:00,4.93,4.93,4.93,4.93,29620.92
2026-07-28 05:15:00,4.93,4.94,4.91,4.91,7058.03
2026-07-28 05:20:00,4.91,4.92,4.9,4.91,10946.02
2026-07-28 05:25:00,4.91,4.92,4.9,4.91,316412.73
2026-07-28 05:30:00,4.91,4.92,4.9,4.92,39565.67
2026-07-28 05:35:00,4.92,4.92,4.91,4.92,12904.46
2026-07-28 05:40:00,4.92,4.93,4.91,4.92,1689.9
2026-07-28 05:45:00,4.92,4.94,4.92,4.93,77087.09
2026-07-28 05:50:00,4.93,4.94,4.93,4.93,23354.16
2026-07-28 05:55:00,4.93,4.94,4.93,4.94,63158.34
2026-07-28 06:00:00,4.94,4.95,4.94,4.95,11955.45
2026-07-28 06:05:00,4.95,4.95,4.94,4.94,29191.92
2026-07-28 06:10:00,4.94,4.95,4.94,4.94,194748.03
2026-07-28 06:15:00,4.94,4.94,4.92,4.93,115335.76
2026-07-28 06:20:00,4.93,4.93,4.92,4.92,98043.63
2026-07-28 06:25:00,4.92,4.92,4.91,4.92,52596.05
2026-07-28 06:30:00,4.92,4.93,4.92,4.93,174544.44
2026-07-28 06:35:00,4.93,4.94,4.92,4.93,194018.65
2026-07-28 06:40:00,4.93,4.93,4.92,4.92,11419.44
2026-07-28 06:45:00,4.92,4.92,4.91,4.91,18177.56
2026-07-28 06:50:00,4.91,4.91,4.91,4.91,22011.44
2026-07-28 06:55:00,4.91,4.92,4.91,4.91,60890.51
2026-07-28 07:00:00,4.91,4.93,4.89,4.93,421292.38
2026-07-28 07:05:00,4.93,4.93,4.92,4.92,13542.83
2026-07-28 07:10:00,4.92,4.93,4.9,4.92,311902.05
2026-07-28 07:15:00,4.92,4.93,4.91,4.92,5109.36
2026-07-28 07:20:00,4.92,4.94,4.92,4.93,63235.26
2026-07-28 07:25:00,4.93,4.93,4.92,4.92,7178.44
2026-07-28 07:30:00,4.92,4.94,4.92,4.93,19914.94
2026-07-28 07:35:00,4.93,4.94,4.93,4.93,3564.32
2026-07-28 07:40:00,4.93,4.93,4.93,4.93,115678.79
2026-07-28 07:45:00,4.93,4.93,4.93,4.93,10047.15
2026-07-28 07:50:00,4.93,4.93,4.92,4.93,70262.6
2026-07-28 07:55:00,4.93,4.94,4.93,4.94,11428.73
2026-07-28 08:00:00,4.94,4.94,4.92,4.92,118129.12
2026-07-28 08:05:00,4.92,4.93,4.92,4.92,23975.59
2026-07-28 08:10:00,4.92,4.93,4.92,4.92,11545.26
2026-07-28 08:15:00,4.92,4.93,4.92,4.93,78000.99
2026-07-28 08:20:00,4.93,4.93,4.92,4.92,39064.72
2026-07-28 08:25:00,4.92,4.93,4.92,4.92,36883.68
2026-07-28 08:30:00,4.92,4.92,4.91,4.91,34921.27
2026-07-28 08:35:00,4.91,4.92,4.9,4.92,280124.07
2026-07-28 08:40:00,4.92,4.93,4.91,4.91,81966.21
2026-07-28 08:45:00,4.91,4.91,4.89,4.9,99849.81
2026-07-28 08:50:00,4.9,4.91,4.88,4.91,117926.93
2026-07-28 08:55:00,4.91,4.92,4.91,4.92,7106.37
2026-07-28 09:00:00,4.92,4.93,4.92,4.93,167011.9
2026-07-28 09:05:00,4.93,4.95,4.93,4.94,15510.53
2026-07-28 09:10:00,4.94,4.94,4.92,4.93,13290.32
2026-07-28 09:15:00,4.93,4.93,4.92,4.93,19489.57
2026-07-28 09:20:00,4.93,4.94,4.92,4.93,41132.26
2026-07-28 09:25:00,4.93,4.94,4.93,4.94,4091.42
2026-07-28 09:30:00,4.94,4.94,4.93,4.94,63544.54
2026-07-28 09:35:00,4.94,4.94,4.94,4.94,65451.43
2026-07-28 09:40:00,4.94,4.95,4.94,4.94,9798.88
2026-07-28 09:45:00,4.94,4.94,4.92,4.93,10895.22
2026-07-28 09:50:00,4.93,4.93,4.92,4.92,127066.58
2026-07-28 09:55:00,4.92,4.93,4.92,4.92,64311.37
2026-07-28 10:00:00,4.92,4.92,4.91,4.92,183680.99
2026-07-28 10:05:00,4.92,4.93,4.91,4.92,120419.78
2026-07-28 10:10:00,4.92,4.93,4.92,4.93,57751.16
2026-07-28 10:15:00,4.93,4.94,4.93,4.94,16405.41
2026-07-28 10:20:00,4.94,4.94,4.93,4.93,62261.82
2026-07-28 10:25:00,4.93,4.93,4.92,4.92,37733.44
2026-07-28 10:30:00,4.92,4.93,4.91,4.92,38077.96
2026-07-28 10:35:00,4.92,4.94,4.92,4.94,13869.0
2026-07-28 10:40:00,4.94,4.94,4.93,4.93,491.56
2026-07-28 10:45:00,4.93,4.93,4.92,4.92,17203.21
2026-07-28 10:50:00,4.92,4.93,4.92,4.92,73601.82
2026-07-28 10:55:00,4.92,4.93,4.92,4.92,181366.08
2026-07-28 11:00:00,4.92,4.92,4.91,4.92,117804.97
2026-07-28 11:05:00,4.92,4.92,4.91,4.92,50727.41
2026-07-28 11:10:00,4.92,4.92,4.91,4.91,37432.31
2026-07-28 11:15:00,4.91,4.92,4.89,4.91,155796.74
2026-07-28 11:20:00,4.91,4.93,4.9,4.93,248568.47
2026-07-28 11:25:00,4.93,4.93,4.92,4.92,12066.01
2026-07-28 11:30:00,4.92,4.94,4.92,4.93,15272.12
2026-07-28 11:35:00,4.93,4.94,4.93,4.93,5534.61
2026-07-28 11:40:00,4.93,4.93,4.93,4.93,20457.7
2026-07-28 11:45:00,4.93,4.93,4.93,4.93,7146.89
2026-07-28 11:50:00,4.93,4.95,4.93,4.94,35542.22
2026-07-28 11:55:00,4.94,4.96,4.94,4.95,2382.05
2026-07-28 12:00:00,4.95,4.95,4.94,4.94,123838.1
2026-07-28 12:05:00,4.94,4.96,4.93,4.93,383346.95
2026-07-28 12:10:00,4.93,4.95,4.92,4.92,209431.93
2026-07-28 12:15:00,4.92,4.92,4.91,4.92,20812.64
2026-07-28 12:20:00,4.92,4.92,4.91,4.91,66879.28
2026-07-28 12:25:00,4.91,4.93,4.9,4.92,52224.73
2026-07-28 12:30:00,4.92,4.94,4.91,4.93,52179.16
2026-07-28 12:35:00,4.93,4.94,4.92,4.92,51795.67
2026-07-28 12:40:00,4.92,4.93,4.91,4.92,3793.16
2026-07-28 12:45:00,4.92,4.92,4.92,4.92,6023.42
2026-07-28 12:50:00,4.92,4.92,4.91,4.92,16960.42
2026-07-28 12:55:00,4.92,4.92,4.9,4.91,37932.03
2026-07-28 13:00:00,4.91,4.92,4.89,4.91,543719.56
2026-07-28 13:05:00,4.91,4.94,4.91,4.92,35689.12
2026-07-28 13:10:00,4.92,4.93,4.92,4.93,44580.49
2026-07-28 13:15:00,4.93,4.94,4.93,4.93,21382.11
2026-07-28 13:20:00,4.93,4.94,4.93,4.94,19637.47
2026-07-28 13:25:00,4.94,4.95,4.94,4.94,78321.9
2026-07-28 13:30:00,4.94,4.94,4.92,4.93,29575.32
2026-07-28 13:35:00,4.93,4.93,4.92,4.93,78217.56
2026-07-28 13:40:00,4.93,4.94,4.92,4.93,144211.08
2026-07-28 13:45:00,4.93,4.95,4.92,4.92,200784.04
2026-07-28 13:50:00,4.92,4.93,4.92,4.93,30965.8
2026-07-28 13:55:00,4.93,4.94,4.92,4.93,68970.53
2026-07-28 14:00:00,4.93,4.95,4.93,4.94,32562.13
2026-07-28 14:05:00,4.94,4.95,4.94,4.95,77449.41
2026-07-28 14:10:00,4.95,4.96,4.95,4.95,53043.42
2026-07-28 14:15:00,4.95,4.97,4.93,4.94,5713.31
2026-07-28 14:20:00,4.94,4.94,4.92,4.92,171754.89
2026-07-28 14:25:00,4.92,4.96,4.92,4.94,72716.3
2026-07-28 14:30:00,4.94,4.94,4.93,4.93,177270.05
2026-07-28 14:35:00,4.93,4.93,4.91,4.92,49339.46
2026-07-28 14:40:00,4.92,4.92,4.91,4.91,173743.72
2026-07-28 14:45:00,4.91,4.94,4.91,4.93,53744.02
2026-07-28 14:50:00,4.93,4.94,4.92,4.92,79037.42
2026-07-28 14:55:00,4.92,4.93,4.92,4.92,44010.55
2026-07-28 15:00:00,4.92,4.92,4.9,4.91,15849.79
2026-07-28 15:05:00,4.91,4.93,4.91,4.92,18329.27
2026-07-28 15:10:00,4.92,4.92,4.92,4.92,45861.88
2026-07-28 15:15:00,4.92,4.93,4.91,4.91,43059.66
2026-07-28 15:20:00,4.91,4.92,4.91,4.91,12664.06
2026-07-28 15:25:00,4.91,4.91,4.9,4.9,34295.03
2026-07-28 15:30:00,4.9,4.92,4.89,4.92,36440.28
2026-07-28 15:35:00,4.92,4.92,4.91,4.92,109554.05
2026-07-28 15:40:00,4.92,4.93,4.91,4.93,41881.47
2026-07-28 15:45:00,4.93,4.93,4.92,4.92,6810.46
2026-07-28 15:50:00,4.92,4.93,4.91,4.93,16052.23
2026-07-28 15:55:00,4.93,4.94,4.91,4.92,140537.86
2026-07-28 16:00:00,4.92,4.92,4.91,4.92,46693.3
2026-07-28 16:05:00,4.92,4.93,4.91,4.92,14465.43
2026-07-28 16:10:00,4.92,4.92,4.91,4.92,2675.45
2026-07-28 16:15:00,4.92,4.92,4.91,4.92,3863.43
2026-07-28 16:20:00,4.92,4.92,4.91,4.91,65840.58
2026-07-28 16:25:00,4.91,4.91,4.9,4.9,51154.56
2026-07-28 16:30:00,4.9,4.92,4.89,4.91,58546.08
2026-07-28 16:35:00,4.91,4.91,4.91,4.91,77823.65
2026-07-28 16:40:00,4.91,4.93,4.9,4.92,38394.33
2026-07-28 16:45:00,4.92,4.92,4.91,4.91,13944.15
2026-07-28 16:50:00,4.91,4.93,4.91,4.92,10303.49
2026-07-28 16:55:00,4.92,4.93,4.92,4.92,2594.53
2026-07-28 17:00:00,4.92,4.93,4.92,4.93,28183.75
2026-07-28 17:05:00,4.93,4.93,4.92,4.92,36707.13
2026-07-28 17:10:00,4.92,4.93,4.91,4.92,11495.36
2026-07-28 17:15:00,4.92,4.93,4.92,4.92,15102.78
2026-07-28 17:20:00,4.92,4.94,4.92,4.93,159304.31
2026-07-28 17:25:00,4.93,4.94,4.92,4.93,29543.55
2026-07-28 17:30:00,4.93,4.93,4.91,4.91,68753.63
2026-07-28 17:35:00,4.91,4.92,4.9,4.91,28790.13
2026-07-28 17:40:00,4.91,4.92,4.89,4.91,102337.59
2026-07-28 17:45:00,4.91,4.91,4.91,4.91,64277.19
2026-07-28 17:50:00,4.91,4.91,4.91,4.91,85678.12
2026-07-28 17:55:00,4.91,4.91,4.9,4.9,120899.61
2026-07-28 18:00:00,4.9,4.9,4.89,4.9,137991.48
2026-07-28 18:05:00,4.9,4.91,4.88,4.91,23223.0
2026-07-28 18:10:00,4.91,4.93,4.91,4.93,19705.2
2026-07-28 18:15:00,4.93,4.94,4.93,4.93,61178.74
2026-07-28 18:20:00,4.93,4.94,4.92,4.93,30119.61
2026-07-28 18:25:00,4.93,4.93,4.93,4.93,41509.15
2026-07-28 18:30:00,4.93,4.94,4.92,4.93,70.31
2026-07-28 18:35:00,4.93,4.94,4.92,4.92,16080.24
2026-07-28 18:40:00,4.92,4.92,4.91,4.92,30683.98
2026-07-28 18:45:00,4.92,4.92,4.91,4.92,102363.75
2026-07-28 18:50:00,4.92,4.93,4.91,4.92,16916.9
2026-07-28 18:55:00,4.92,4.93,4.92,4.93,78.29
2026-07-28 19:00:00,4.93,4.94,4.93,4.93,40116.22
2026-07-28 19:05:00,4.93,4.95,4.92,4.94,128209.53
2026-07-28 19:10:00,4.94,4.94,4.94,4.94,9852.12
2026-07-28 19:15:00,4.94,4.95,4.94,4.94,22330.21
2026-07-28 19:20:00,4.94,4.95,4.93,4.94,82054.0
2026-07-28 19:25:00,4.94,4.94,4.93,4.93,95257.69
2026-07-28 19:30:00,4.93,4.93,4.92,4.92,59703.56
2026-07-28 19:35:00,4.92,4.94,4.92,4.93,10845.97
2026-07-28 19:40:00,4.93,4.94,4.92,4.94,10609.31
2026-07-28 19:45:00,4.94,4.94,4.93,4.93,36419.91
2026-07-28 19:50:00,4.93,4.94,4.92,4.93,15570.03
2026-07-28 19:55:00,4.93,4.95,4.91,4.92,35890.16
2026-07-28 20:00:00,4.92,4.92,4.92,4.92,18283.95
2026-07-28 20:05:00,4.92,4.92,4.92,4.92,45937.41
2026-07-28 20:10:00,4.92,4.92,4.91,4.92,45926.45
2026-07-28 20:15:00,4.92,4.92,4.91,4.92,38331.71
2026-07-28 20:20:00,4.92,4.92,4.92,4.92,3717.89
2026-07-28 20:25:00,4.92,4.93,4.91,4.91,46837.69
2026-07-28 20:30:00,4.91,4.92,4.9,4.92,73433.27
2026-07-28 20:35:00,4.92,4.93,4.91,4.91,54791.9
2026-07-28 20:40:00,4.91,4.92,4.91,4.91,50120.11
2026-07-28 20:45:00,4.91,4.92,4.91,4.92,9088.72
2026-07-28 20:50:00,4.92,4.92,4.91,4.91,11873.69
2026-07-28 20:55:00,4.91,4.92,4.9,4.91,10616.22
2026-07-28 21:00:00,4.91,4.92,4.9,4.9,49674.28
2026-07-28 21:05:00,4.9,4.9,4.89,4.89,83297.25
2026-07-28 21:10:00,4.89,4.91,4.88,4.89,76945.4
2026-07-28 21:15:00,4.89,4.9,4.87,4.9,23436.75
2026-07-28 21:20:00,4.9,4.92,4.9,4.91,10797.17
2026-07-28 21:25:00,4.91,4.92,4.9,4.92,70395.58
2026-07-28 21:30:00,4.92,4.93,4.91,4.93,13366.44
2026-07-28 21:35:00,4.93,4.93,4.92,4.93,34880.28
2026-07-28 21:40:00,4.93,4.94,4.92,4.92,93206.3
2026-07-28 21:45:00,4.92,4.93,4.9,4.91,46496.86
2026-07-28 21:50:00,4.91,4.91,4.9,4.91,24441.37
2026-07-28 21:55:00,4.91,4.92,4.91,4.92,20348.34
2026-07-28 22:00:00,4.92,4.94,4.91,4.93,107821.28
2026-07-28 22:05:00,4.93,4.94,4.92,4.94,46579.59
2026-07-28 22:10:00,4.94,4.96,4.93,4.95,33563.61
2026-07-28 22:15:00,4.95,4.96,4.95,4.95,14399.1
2026-07-28 22:20:00,4.95,4.97,4.95,4.96,48019.73
2026-07-28 22:25:00,4.96,4.98,4.96,4.97,26307.83
2026-07-28 22:30:00,4.97,4.99,4.96,4.96,52937.14
2026-07-28 22:35:00,4.96,4.96,4.95,4.95,19898.84
2026-07-28 22:40:00,4.95,4.96,4.94,4.94,99591.81
2026-07-28 22:45:00,4.94,4.95,4.92,4.93,23669.56
2026-07-28 22:50:00,4.93,4.93,4.93,4.93,65579.99
2026-07-28 22:55:00,4.93,4.95,4.93,4.94,11660.78
2026-07-28 23:00:00,4.94,4.95,4.93,4.95,17503.11
2026-07-28 23:05:00,4.95,4.96,4.95,4.96,56997.11
2026-07-28 23:10:00,4.96,4.96,4.94,4.95,4301.0
2026-07-28 23:15:00,4.95,4.95,4.94,4.95,42146.85
2026-07-28 23:20:00,4.95,4.97,4.94,4.94,13487.34
2026-07-28 23:25:00,4.94,4.95,4.94,4.95,43376.51
2026-07-28 23:30:00,4.95,4.96,4.93,4.94,7130.77
2026-07-28 23:35:00,4.94,4.94,4.92,4.92,91244.63
2026-07-28 23:40:00,4.92,4.93,4.92,4.93,31216.89
2026-07-28 23:45:00,4.93,4.93,4.92,4.93,47900.5
2026-07-28 23:50:00,4.93,4.94,4.92,4.93,118525.14
2026-07-28 23:55:00,4.93,4.94,4.92,4.92,32615.98
2026-07-29 00:00:00,4.92,4.93,4.92,4.92,11688.16
2026-07-29 00:05:00,4.92,4.92,4.92,4.92,43635.82
2026-07-29 00:10:00,4.92,4.92,4.91,4.92,102543.98
2026-07-29 00:15:00,4.92,4.93,4.92,4.92,5036.07
2026-07-29 00:20:00,4.92,4.94,4.92,4.94,60340.18
2026-07-29 00:25:00,4.94,4.94,4.92,4.93,38709.54
2026-07-29 00:30:00,4.93,4.94,4.92,4.93,474.33
2026-07-29 00:35:00,4.93,4.94,4.92,4.93,8911.3
2026-07-29 00:40:00,4.93,4.94,4.93,4.94,78836.96
2026-07-29 00:45:00,4.94,4.94,4.92,4.93,4307.69
2026-07-29 00:50:00,4.93,4.95,4.92,4.94,116581.04
2026-07-29 00:55:00,4.94,4.95,4.93,4.94,256243.04
2026-07-29 01:00:00,4.94,4.96,4.94,4.95,13320.58
2026-07-29 01:05:00,4.95,4.96,4.94,4.95,1153.57
2026-07-29 01:10:00,4.95,4.95,4.93,4.93,154848.56
2026-07-29 01:15:00,4.93,4.94,4.93,4.94,46233.97
2026-07-29 01:20:00,4.94,4.95,4.93,4.94,19192.96
2026-07-29 01:25:00,4.94,4.94,4.93,4.93,10920.65
2026-07-29 01:30:00,4.93,4.96,4.93,4.96,37483.5
2026-07-29 01:35:00,4.96,4.96,4.94,4.94,260588.47
2026-07-29 01:40:00,4.94,4.95,4.94,4.95,1503.38
2026-07-29 01:45:00,4.95,4.95,4.95,4.95,9626.41
2026-07-29 01:50:00,4.95,4.96,4.95,4.95,12664.46
2026-07-29 01:55:00,4.95,4.96,4.94,4.95,70838.51
2026-07-29 02:00:00,4.95,4.95,4.94,4.95,48596.38
2026-07-29 02:05:00,4.95,4.97,4.94,4.96,2864.45
2026-07-29 02:10:00,4.96,4.96,4.95,4.96,20392.79
2026-07-29 02:15:00,4.96,4.96,4.94,4.94,185255.48
2026-07-29 02:20:00,4.94,4.96,4.94,4.95,29403.28
2026-07-29 02:25:00,4.95,4.97,4.94,4.96,43595.11
2026-07-29 02:30:00,4.96,4.97,4.96,4.96,12178.03
2026-07-29 02:35:00,4.96,4.96,4.95,4.95,17983.11
2026-07-29 02:40:00,4.95,4.96,4.95,4.95,30271.73
2026-07-29 02:45:00,4.95,4.96,4.95,4.95,107565.88
2026-07-29 02:50:00,4.95,4.96,4.95,4.96,89097.45
2026-07-29 02:55:00,4.96,4.96,4.94,4.94,6393.81
2026-07-29 03:00:00,4.94,4.95,4.94,4.94,36716.55
2026-07-29 03:05:00,4.94,4.95,4.94,4.95,35040.29
2026-07-29 03:10:00,4.95,4.96,4.95,4.96,10350.89
2026-07-29 03:15:00,4.96,4.97,4.95,4.97,241641.93
2026-07-29 03:20:00,4.97,4.97,4.96,4.96,35180.41
2026-07-29 03:25:00,4.96,4.97,4.96,4.96,12518.26
2026-07-29 03:30:00,4.96,4.97,4.95,4.97,6777.57
2026-07-29 03:35:00,4.97,4.97,4.97,4.97,101393.99
2026-07-29 03:40:00,4.97,4.97,4.96,4.97,13606.57
2026-07-29 03:45:00,4.97,4.97,4.97,4.97,48513.66
2026-07-29 03:50:00,4.97,4.97,4.96,4.96,59620.69
2026-07-29 03:55:00,4.96,4.96,4.96,4.96,10813.88
2026-07-29 04:00:00,4.96,4.96,4.96,4.96,66254.64
2026-07-29 04:05:00,4.96,4.97,4.95,4.95,14036.0
2026-07-29 04:10:00,4.95,4.95,4.95,4.95,427.69
2026-07-29 04:15:00,4.95,4.95,4.94,4.94,21221.06
2026-07-29 04:20:00,4.94,4.95,4.93,4.95,123216.11
2026-07-29 04:25:00,4.95,4.95,4.94,4.95,40843.45
2026-07-29 04:30:00,4.95,4.95,4.94,4.95,18331.21
2026-07-29 04:35:00,4.95,4.95,4.95,4.95,15664.21
2026-07-29 04:40:00,4.95,4.95,4.94,4.95,15011.8
2026-07-29 04:45:00,4.95,4.95,4.94,4.94,111454.09
2026-07-29 04:50:00,4.94,4.94,4.94,4.94,6878.29
2026-07-29 04:55:00,4.94,4.95,4.94,4.94,24282.94
2026-07-29 05:00:00,4.94,4.94,4.94,4.94,41258.55
2026-07-29 05:05:00,4.94,4.94,4.93,4.94,78984.82
2026-07-29 05:10:00,4.94,4.94,4.92,4.93,65905.64
2026-07-29 05:15:00,4.93,4.94,4.92,4.93,11946.5
2026-07-29 05:20:00,4.93,4.94,4.92,4.92,52841.14
2026-07-29 05:25:00,4.92,4.93,4.91,4.93,402825.85
2026-07-29 05:30:00,4.93,4.94,4.93,4.93,14693.86
2026-07-29 05:35:00,4.93,4.94,4.93,4.94,105579.75
2026-07-29 05:40:00,4.94,4.95,4.94,4.95,15050.51
2026-07-29 05:45:00,4.95,4.95,4.95,4.95,42217.98
2026-07-29 05:50:00,4.95,4.95,4.95,4.95,19563.25
2026-07-29 05:55:00,4.95,4.96,4.95,4.95,85365.37
2026-07-29 06:00:00,4.95,4.96,4.95,4.96,74194.38
2026-07-29 06:05:00,4.96,4.96,4.95,4.95,64841.55
2026-07-29 06:10:00,4.95,4.96,4.95,4.96,27422.21
2026-07-29 06:15:00,4.96,4.96,4.95,4.95,22693.86
2026-07-29 06:20:00,4.95,4.95,4.94,4.94,29735.96
2026-07-29 06:25:00,4.94,4.96,4.94,4.95,78482.96
2026-07-29 06:30:00,4.95,4.95,4.95,4.95,78735.22
2026-07-29 06:35:00,4.95,4.96,4.95,4.95,16203.7
2026-07-29 06:40:00,4.95,4.96,4.95,4.96,136487.48
2026-07-29 06:45:00,4.96,4.96,4.96,4.96,33026.55
2026-07-29 06:50:00,4.96,4.97,4.95,4.96,197371.58
2026-07-29 06:55:00,4.96,4.97,4.96,4.96,1185.3
2026-07-29 07:00:00,4.96,4.97,4.96,4.96,44118.35
2026-07-29 07:05:00,4.96,4.97,4.95,4.95,6849.99
2026-07-29 07:10:00,4.95,4.96,4.94,4.95,12706.34
2026-07-29 07:15:00,4.95,4.95,4.94,4.94,55660.47
2026-07-29 07:20:00,4.94,4.94,4.94,4.94,60260.47
2026-07-29 07:25:00,4.94,4.94,4.93,4.93,91060.21
2026-07-29 07:30:00,4.93,4.94,4.93,4.93,5031.07
2026-07-29 07:35:00,4.93,4.94,4.93,4.94,81922.89
2026-07-29 07:40:00,4.94,4.95,4.93,4.93,98979.29
2026-07-29 07:45:00,4.93,4.94,4.93,4.94,120540.3
2026-07-29 07:50:00,4.94,4.94,4.94,4.94,55563.7
2026-07-29 07:55:00,4.94,4.95,4.94,4.95,4137.23
2026-07-29 08:00:00,4.95,4.95,4.94,4.95,9642.3
2026-07-29 08:05:00,4.95,4.95,4.94,4.94,67139.24
2026-07-29 08:10:00,4.94,4.95,4.94,4.94,107557.75
2026-07-29 08:15:00,4.94,4.95,4.94,4.95,18425.9
2026-07-29 08:20:00,4.95,4.95,4.94,4.95,86334.14
2026-07-29 08:25:00,4.95,4.96,4.95,4.96,47893.31
2026-07-29 08:30:00,4.96,4.96,4.95,4.96,10486.97
2026-07-29 08:35:00,4.96,4.96,4.95,4.95,3771.02
2026-07-29 08:40:00,4.95,4.95,4.94,4.94,55441.75
2026-07-29 08:45:00,4.94,4.95,4.94,4.95,35650.86
2026-07-29 08:50:00,4.95,4.95,4.94,4.95,4056.05
2026-07-29 08:55:00,4.95,4.95,4.94,4.95,3568.05
2026-07-29 09:00:00,4.95,4.95,4.94,4.94,75706.02
2026-07-29 09:05:00,4.94,4.95,4.94,4.94,31600.53
2026-07-29 09:10:00,4.94,4.94,4.93,4.93,11683.61
2026-07-29 09:15:00,4.93,4.94,4.91,4.94,573640.93
2026-07-29 09:20:00,4.94,4.96,4.94,4.95,54790.27
2026-07-29 09:25:00,4.95,4.95,4.95,4.95,2099.34
2026-07-29 09:30:00,4.95,4.95,4.94,4.95,31732.09
2026-07-29 09:35:00,4.95,4.95,4.95,4.95,916.53
2026-07-29 09:40:00,4.95,4.96,4.95,4.95,50211.0
2026-07-29 09:45:00,4.95,4.96,4.95,4.96,10672.99
2026-07-29 09:50:00,4.96,4.96,4.96,4.96,41956.71
2026-07-29 09:55:00,4.96,4.96,4.95,4.95,37057.81
2026-07-29 10:00:00,4.95,4.97,4.95,4.96,95623.77
2026-07-29 10:05:00,4.96,4.96,4.95,4.96,14798.86
2026-07-29 10:10:00,4.96,4.98,4.95,4.95,308644.29
2026-07-29 10:15:00,4.95,4.96,4.95,4.95,6829.52
2026-07-29 10:20:00,4.95,4.96,4.95,4.96,20809.43
2026-07-29 10:25:00,4.96,4.96,4.95,4.96,49276.92
2026-07-29 10:30:00,4.96,4.97,4.95,4.95,98377.32
2026-07-29 10:35:00,4.95,4.96,4.95,4.96,36856.99
2026-07-29 10:40:00,4.96,4.96,4.95,4.96,57862.62
2026-07-29 10:45:00,4.96,4.97,4.95,4.96,141182.75
2026-07-29 10:50:00,4.96,4.98,4.95,4.95,335146.23
2026-07-29 10:55:00,4.95,4.95,4.94,4.95,6456.17
2026-07-29 11:00:00,4.95,4.95,4.94,4.94,61924.4
2026-07-29 11:05:00,4.94,4.94,4.93,4.94,72104.35
2026-07-29 11:10:00,4.94,4.94,4.94,4.94,49660.37
2026-07-29 11:15:00,4.94,4.95,4.94,4.95,2155.65
2026-07-29 11:20:00,4.95,4.95,4.93,4.93,15037.81
2026-07-29 11:25:00,4.93,4.93,4.93,4.93,21797.92
2026-07-29 11:30:00,4.93,4.94,4.93,4.93,230198.53
2026-07-29 11:35:00,4.93,4.94,4.93,4.93,65253.19
2026-07-29 11:40:00,4.93,4.95,4.93,4.94,53124.53
2026-07-29 11:45:00,4.94,4.95,4.94,4.95,4719.48
2026-07-29 11:50:00,4.95,4.95,4.95,4.95,14882.62
2026-07-29 11:55:00,4.95,4.96,4.94,4.94,35035.14
2026-07-29 12:00:00,4.94,4.95,4.94,4.95,10382.13
2026-07-29 12:05:00,4.95,4.95,4.94,4.94,6065.3
2026-07-29 12:10:00,4.94,4.94,4.93,4.93,85562.27
2026-07-29 12:15:00,4.93,4.93,4.92,4.92,19815.75
2026-07-29 12:20:00,4.92,4.94,4.9,4.93,163256.07
2026-07-29 12:25:00,4.93,4.95,4.93,4.94,75978.88
2026-07-29 12:30:00,4.94,4.95,4.94,4.94,36961.54
2026-07-29 12:35:00,4.94,4.94,4.93,4.93,21305.51
2026-07-29 12:40:00,4.93,4.95,4.92,4.94,17455.85
2026-07-29 12:45:00,4.94,4.95,4.94,4.95,72075.14
2026-07-29 12:50:00,4.95,4.95,4.93,4.94,41934.19
2026-07-29 12:55:00,4.94,4.95,4.93,4.94,72608.58
2026-07-29 13:00:00,4.94,4.95,4.92,4.95,531939.73
2026-07-29 13:05:00,4.95,4.95,4.94,4.95,12283.83
2026-07-29 13:10:00,4.95,4.95,4.95,4.95,709.3
2026-07-29 13:15:00,4.95,4.95,4.95,4.95,117299.33
2026-07-29 13:20:00,4.95,4.95,4.94,4.94,3887.57
2026-07-29 13:25:00,4.94,4.94,4.93,4.93,4374.77
2026-07-29 13:30:00,4.93,4.94,4.93,4.93,5548.23
2026-07-29 13:35:00,4.93,4.94,4.93,4.93,98015.01
2026-07-29 13:40:00,4.93,4.94,4.93,4.94,145551.04
2026-07-29 13:45:00,4.94,4.95,4.94,4.95,103095.36
2026-07-29 13:50:00,4.95,4.95,4.95,4.95,140903.38
2026-07-29 13:55:00,4.95,4.95,4.94,4.95,37109.44
2026-07-29 14:00:00,4.95,4.96,4.95,4.96,29012.64
2026-07-29 14:05:00,4.96,4.97,4.95,4.95,173593.83
2026-07-29 14:10:00,4.95,4.95,4.94,4.94,4651.49
2026-07-29 14:15:00,4.94,4.94,4.93,4.93,15501.81
2026-07-29 14:20:00,4.93,4.94,4.93,4.93,53741.7
2026-07-29 14:25:00,4.93,4.95,4.91,4.94,303385.32
2026-07-29 14:30:00,4.94,4.94,4.94,4.94,71768.03
2026-07-29 14:35:00,4.94,4.94,4.93,4.94,65167.79
2026-07-29 14:40:00,4.94,4.94,4.93,4.93,61160.03
2026-07-29 14:45:00,4.93,4.93,4.93,4.93,31468.1
2026-07-29 14:50:00,4.93,4.94,4.93,4.94,15364.93
2026-07-29 14:55:00,4.94,4.95,4.94,4.95,134457.16
2026-07-29 15:00:00,4.95,4.95,4.94,4.94,237208.83
2026-07-29 15:05:00,4.94,4.95,4.94,4.95,5263.96
2026-07-29 15:10:00,4.95,4.95,4.94,4.95,13019.13
2026-07-29 15:15:00,4.95,4.96,4.95,4.96,126937.91
2026-07-29 15:20:00,4.96,4.96,4.96,4.96,17956.25
2026-07-29 15:25:00,4.96,4.97,4.96,4.97,146482.04
2026-07-29 15:30:00,4.97,4.97,4.96,4.97,161279.3
2026-07-29 15:35:00,4.97,4.99,4.96,4.96,140686.24
2026-07-29 15:40:00,4.96,4.98,4.95,4.96,417889.29
2026-07-29 15:45:00,4.96,4.96,4.95,4.95,96278.28
2026-07-29 15:50:00,4.95,4.95,4.95,4.95,29150.33
2026-07-29 15:55:00,4.95,4.95,4.94,4.95,15687.86
2026-07-29 16:00:00,4.95,4.95,4.94,4.95,30284.08
2026-07-29 16:05:00,4.95,4.95,4.95,4.95,27323.66
2026-07-29 16:10:00,4.95,4.95,4.95,4.95,54293.89
2026-07-29 16:15:00,4.95,4.96,4.95,4.95,95243.21
2026-07-29 16:20:00,4.95,4.97,4.95,4.96,23551.83
2026-07-29 16:25:00,4.96,4.96,4.95,4.95,76482.13
2026-07-29 16:30:00,4.95,4.96,4.95,4.96,58773.87
2026-07-29 16:35:00,4.96,4.96,4.96,4.96,14664.69
2026-07-29 16:40:00,4.96,4.96,4.96,4.96,23107.45
2026-07-29 16:45:00,4.96,4.98,4.95,4.95,3980.17
2026-07-29 16:50:00,4.95,4.95,4.94,4.95,79406.55
2026-07-29 16:55:00,4.95,4.95,4.94,4.95,50334.14
2026-07-29 17:00:00,4.95,4.95,4.94,4.95,49898.61
2026-07-29 17:05:00,4.95,4.96,4.94,4.95,62550.06
2026-07-29 17:10:00,4.95,4.96,4.95,4.95,37972.0
2026-07-29 17:15:00,4.95,4.96,4.95,4.95,62550.23
2026-07-29 17:20:00,4.95,4.97,4.95,4.96,34368.59
2026-07-29 17:25:00,4.96,4.96,4.95,4.95,42414.19
2026-07-29 17:30:00,4.95,4.95,4.95,4.95,34820.14
2026-07-29 17:35:00,4.95,4.95,4.95,4.95,15019.82
2026-07-29 17:40:00,4.95,4.96,4.95,4.95,24820.75
2026-07-29 17:45:00,4.95,4.96,4.94,4.96,2153.77
2026-07-29 17:50:00,4.96,4.96,4.95,4.95,252363.19
2026-07-29 17:55:00,4.95,4.96,4.95,4.95,11772.8
2026-07-29 18:00:00,4.95,4.95,4.94,4.94,121296.88
2026-07-29 18:05:00,4.94,4.94,4.94,4.94,59157.04
2026-07-29 18:10:00,4.94,4.94,4.93,4.93,68908.62
2026-07-29 18:15:00,4.93,4.93,4.93,4.93,42136.79
2026-07-29 18:20:00,4.93,4.94,4.93,4.93,41072.12
2026-07-29 18:25:00,4.93,4.94,4.93,4.94,41188.93
2026-07-29 18:30:00,4.94,4.95,4.93,4.94,4866.52
2026-07-29 18:35:00,4.94,4.94,4.93,4.93,4552.5
2026-07-29 18:40:00,4.93,4.94,4.93,4.93,30744.57
2026-07-29 18:45:00,4.93,4.94,4.93,4.93,46007.02
2026-07-29 18:50:00,4.93,4.94,4.93,4.94,165141.38
2026-07-29 18:55:00,4.94,4.96,4.93,4.95,132376.0
2026-07-29 19:00:00,4.95,4.96,4.95,4.96,49333.11
2026-07-29 19:05:00,4.96,4.97,4.96,4.97,185451.48
2026-07-29 19:10:00,4.97,4.98,4.96,4.96,28977.31
2026-07-29 19:15:00,4.96,4.96,4.96,4.96,84969.12
2026-07-29 19:20:00,4.96,4.96,4.95,4.95,122699.47
2026-07-29 19:25:00,4.95,4.96,4.95,4.96,23825.95
2026-07-29 19:30:00,4.96,4.96,4.95,4.96,130228.35
2026-07-29 19:35:00,4.96,4.96,4.95,4.96,136669.9
2026-07-29 19:40:00,4.96,4.97,4.96,4.96,33863.92
2026-07-29 19:45:00,4.96,4.99,4.95,4.95,39195.78
2026-07-29 19:50:00,4.95,4.96,4.95,4.96,58930.37
2026-07-29 19:55:00,4.96,4.96,4.94,4.95,49912.08
2026-07-29 20:00:00,4.95,4.95,4.94,4.94,97252.1
2026-07-29 20:05:00,4.94,4.94,4.93,4.93,22141.85
2026-07-29 20:10:00,4.93,4.94,4.93,4.94,611237.83
2026-07-29 20:15:00,4.94,4.95,4.94,4.95,156281.01
2026-07-29 20:20:00,4.95,4.96,4.95,4.95,33480.36
2026-07-29 20:25:00,4.95,4.96,4.95,4.95,141349.94
2026-07-29 20:30:00,4.95,4.96,4.95,4.95,29373.38
2026-07-29 20:35:00,4.95,4.95,4.95,4.95,30412.21
2026-07-29 20:40:00,4.95,4.96,4.95,4.95,24927.89
2026-07-29 20:45:00,4.95,4.96,4.94,4.95,5660.26
2026-07-29 20:50:00,4.95,4.95,4.94,4.94,9030.32
2026-07-29 20:55:00,4.94,4.94,4.92,4.93,6919.44
2026-07-29 21:00:00,4.93,4.93,4.92,4.93,17931.24
2026-07-29 21:05:00,4.93,4.94,4.92,4.93,9380.44
2026-07-29 21:10:00,4.93,4.94,4.91,4.94,255787.03
2026-07-29 21:15:00,4.94,4.94,4.93,4.93,185519.91
2026-07-29 21:20:00,4.93,4.94,4.93,4.93,61706.11
2026-07-29 21:25:00,4.93,4.93,4.92,4.93,393.91
2026-07-29 21:30:00,4.93,4.93,4.92,4.93,3697.55
2026-07-29 21:35:00,4.93,4.94,4.91,4.94,15288.78
2026-07-29 21:40:00,4.94,4.94,4.94,4.94,28556.52
2026-07-29 21:45:00,4.94,4.95,4.94,4.95,6083.87
2026-07-29 21:50:00,4.95,4.95,4.95,4.95,290.56
2026-07-29 21:55:00,4.95,4.95,4.94,4.95,2546.66
2026-07-29 22:00:00,4.95,4.95,4.94,4.94,58339.76
2026-07-29 22:05:00,4.94,4.95,4.94,4.95,49835.67
2026-07-29 22:10:00,4.95,4.95,4.94,4.95,47956.97
2026-07-29 22:15:00,4.95,4.95,4.94,4.95,16241.58
2026-07-29 22:20:00,4.95,4.95,4.94,4.94,31842.51
2026-07-29 22:25:00,4.94,4.95,4.94,4.94,42715.17
2026-07-29 22:30:00,4.94,4.94,4.94,4.94,79409.84
2026-07-29 22:35:00,4.94,4.95,4.93,4.93,140341.77
2026-07-29 22:40:00,4.93,4.94,4.93,4.94,70554.62
2026-07-29 22:45:00,4.94,4.95,4.92,4.95,230755.63
2026-07-29 22:50:00,4.95,4.95,4.95,4.95,24466.28
2026-07-29 22:55:00,4.95,4.96,4.95,4.96,4499.15
2026-07-29 23:00:00,4.96,4.96,4.95,4.95,10025.45
2026-07-29 23:05:00,4.95,4.96,4.95,4.95,54962.46
2026-07-29 23:10:00,4.95,4.96,4.95,4.96,66307.56
2026-07-29 23:15:00,4.96,4.96,4.96,4.96,25548.22
2026-07-29 23:20:00,4.96,4.97,4.96,4.96,125976.57
2026-07-29 23:25:00,4.96,4.97,4.96,4.97,10398.71
2026-07-29 23:30:00,4.97,4.97,4.96,4.96,50921.65
2026-07-29 23:35:00,4.96,4.97,4.95,4.96,92739.1
2026-07-29 23:40:00,4.96,4.96,4.95,4.96,25709.99
2026-07-29 23:45:00,4.96,4.96,4.95,4.96,39153.13
2026-07-29 23:50:00,4.96,4.96,4.95,4.96,248215.77
2026-07-29 23:55:00,4.96,4.98,4.95,4.96,6276.45
2026-07-30 00:00:00,4.96,4.96,4.95,4.96,52186.19
2026-07-30 00:05:00,4.96,4.97,4.95,4.95,68397.66
2026-07-30 00:10:00,4.95,4.95,4.94,4.95,80327.05
2026-07-30 00:15:00,4.95,4.96,4.95,4.95,41928.21
2026-07-30 00:20:00,4.95,4.96,4.94,4.94,32594.51
2026-07-30 00:25:00,4.94,4.95,4.94,4.95,39367.22
2026-07-30 00:30:00,4.95,4.96,4.94,4.96,45924.34
2026-07-30 00:35:00,4.96,4.96,4.95,4.96,90581.03
2026-07-30 00:40:00,4.96,4.96,4.95,4.95,10409.45
2026-07-30 00:45:00,4.95,4.95,4.95,4.95,83002.37
2026-07-30 00:50:00,4.95,4.95,4.94,4.94,18747.09
2026-07-30 00:55:00,4.94,4.95,4.93,4.95,33956.09
2026-07-30 01:00:00,4.95,4.95,4.94,4.94,46317.41
2026-07-30 01:05:00,4.94,4.96,4.94,4.95,21767.94
2026-07-30 01:10:00,4.95,4.95,4.94,4.95,27545.86
2026-07-30 01:15:00,4.95,4.95,4.93,4.93,174469.04
2026-07-30 01:20:00,4.93,4.94,4.93,4.94,84241.27
2026-07-30 01:25:00,4.94,4.95,4.92,4.95,4732.79
2026-07-30 01:30:00,4.95,4.95,4.93,4.94,26715.82
2026-07-30 01:35:00,4.94,4.94,4.94,4.94,7146.38
2026-07-30 01:40:00,4.94,4.94,4.93,4.94,208517.67
2026-07-30 01:45:00,4.94,4.95,4.92,4.94,19018.19
2026-07-30 01:50:00,4.94,4.94,4.94,4.94,43431.12
2026-07-30 01:55:00,4.94,4.95,4.92,4.94,455268.28
2026-07-30 02:00:00,4.94,4.95,4.93,4.94,22211.11
2026-07-30 02:05:00,4.94,4.94,4.94,4.94,2661.51
2026-07-30 02:10:00,4.94,4.94,4.94,4.94,73882.09
2026-07-30 02:15:00,4.94,4.94,4.93,4.93,21836.13
2026-07-30 02:20:00,4.93,4.94,4.92,4.93,62984.97
2026-07-30 02:25:00,4.93,4.94,4.91,4.94,2609.56
2026-07-30 02:30:00,4.94,4.94,4.93,4.94,11726.65
2026-07-30 02:35:00,4.94,4.94,4.94,4.94,46334.81
2026-07-30 02:40:00,4.94,4.96,4.94,4.95,16966.82
2026-07-30 02:45:00,4.95,4.96,4.95,4.96,3544.08
2026-07-30 02:50:00,4.96,4.96,4.95,4.96,26645.87
2026-07-30 02:55:00,4.96,4.96,4.95,4.95,33277.09
2026-07-30 03:00:00,4.95,4.95,4.94,4.94,48432.0
2026-07-30 03:05:00,4.94,4.94,4.93,4.93,28486.76
2026-07-30 03:10:00,4.93,4.95,4.92,4.94,235797.73
2026-07-30 03:15:00,4.94,4.95,4.93,4.94,6278.34
2026-07-30 03:20:00,4.94,4.94,4.93,4.94,6199.83
2026-07-30 03:25:00,4.94,4.95,4.93,4.95,46006.46
2026-07-30 03:30:00,4.95,4.96,4.95,4.96,236.97
2026-07-30 03:35:00,4.96,4.98,4.95,4.95,1176.15
2026-07-30 03:40:00,4.95,4.96,4.95,4.95,18881.46
2026-07-30 03:45:00,4.95,4.95,4.95,4.95,63587.93
2026-07-30 03:50:00,4.95,4.95,4.94,4.94,55766.16
2026-07-30 03:55:00,4.94,4.94,4.93,4.94,30067.02
2026-07-30 04:00:00,4.94,4.94,4.93,4.94,101262.29
2026-07-30 04:05:00,4.94,4.94,4.93,4.93,12428.74
2026-07-30 04:10:00,4.93,4.94,4.93,4.93,511.17
2026-07-30 04:15:00,4.93,4.95,4.92,4.94,41059.2
2026-07-30 04:20:00,4.94,4.95,4.94,4.94,91940.89
2026-07-30 04:25:00,4.94,4.95,4.93,4.95,69897.04
2026-07-30 04:30:00,4.95,4.95,4.94,4.95,48295.94
2026-07-30 04:35:00,4.95,4.95,4.94,4.95,19992.43
2026-07-30 04:40:00,4.95,4.95,4.94,4.95,34209.54
2026-07-30 04:45:00,4.95,4.95,4.94,4.95,250185.41
2026-07-30 04:50:00,4.95,4.95,4.94,4.95,63314.63
2026-07-30 04:55:00,4.95,4.95,4.94,4.95,24897.05
2026-07-30 05:00:00,4.95,4.96,4.94,4.96,31674.07
2026-07-30 05:05:00,4.96,4.97,4.96,4.96,1984.42
2026-07-30 05:10:00,4.96,4.97,4.96,4.97,34217.2
2026-07-30 05:15:00,4.97,4.98,4.95,4.96,183849.86
2026-07-30 05:20:00,4.96,4.97,4.94,4.95,283885.17
2026-07-30 05:25:00,4.95,4.95,4.94,4.94,64873.0
2026-07-30 05:30:00,4.94,4.94,4.93,4.94,14567.18
2026-07-30 05:35:00,4.94,4.94,4.93,4.93,17481.47
2026-07-30 05:40:00,4.93,4.93,4.93,4.93,18410.37
2026-07-30 05:45:00,4.93,4.93,4.92,4.92,47391.97
2026-07-30 05:50:00,4.92,4.92,4.92,4.92,35445.22
2026-07-30 05:55:00,4.92,4.92,4.91,4.91,30735.77
2026-07-30 06:00:00,4.91,4.92,4.9,4.92,175031.96
2026-07-30 06:05:00,4.92,4.93,4.91,4.93,662857.74
2026-07-30 06:10:00,4.93,4.94,4.93,4.94,216.79
2026-07-30 06:15:00,4.94,4.95,4.94,4.94,37320.86
2026-07-30 06:20:00,4.94,4.95,4.94,4.94,25112.9
2026-07-30 06:25:00,4.94,4.94,4.93,4.93,10230.38
2026-07-30 06:30:00,4.93,4.95,4.92,4.95,136172.88
2026-07-30 06:35:00,4.95,4.95,4.94,4.95,61744.01
2026-07-30 06:40:00,4.95,4.95,4.95,4.95,149128.41
2026-07-30 06:45:00,4.95,4.96,4.95,4.95,9173.5
2026-07-30 06:50:00,4.95,4.95,4.95,4.95,18250.59
2026-07-30 06:55:00,4.95,4.95,4.94,4.94,16682.47
2026-07-30 07:00:00,4.94,4.95,4.94,4.94,32189.59
2026-07-30 07:05:00,4.94,4.95,4.94,4.95,76814.6
2026-07-30 07:10:00,4.95,4.96,4.95,4.96,196207.31
2026-07-30 07:15:00,4.96,4.97,4.96,4.96,34014.84
2026-07-30 07:20:00,4.96,4.96,4.95,4.95,51640.9
2026-07-30 07:25:00,4.95,4.96,4.95,4.95,104455.87
2026-07-30 07:30:00,4.95,4.96,4.95,4.96,2799.7
2026-07-30 07:35:00,4.96,4.96,4.96,4.96,88402.43
2026-07-30 07:40:00,4.96,4.97,4.95,4.96,232012.56
2026-07-30 07:45:00,4.96,4.96,4.95,4.96,55998.99
2026-07-30 07:50:00,4.96,4.97,4.95,4.95,71132.3
2026-07-30 07:55:00,4.95,4.96,4.95,4.96,27632.73
2026-07-30 08:00:00,4.96,4.96,4.94,4.94,17389.69
2026-07-30 08:05:00,4.94,4.95,4.94,4.94,62065.21
2026-07-30 08:10:00,4.94,4.94,4.93,4.94,2160.1
2026-07-30 08:15:00,4.94,4.94,4.93,4.93,24438.07
2026-07-30 08:20:00,4.93,4.94,4.93,4.93,70601.4
2026-07-30 08:25:00,4.93,4.94,4.92,4.93,53468.53
2026-07-30 08:30:00,4.93,4.94,4.93,4.93,934.06
2026-07-30 08:35:00,4.93,4.94,4.93,4.93,6431.14
2026-07-30 08:40:00,4.93,4.94,4.93,4.94,27551.93
2026-07-30 08:45:00,4.94,4.94,4.93,4.94,28723.62
2026-07-30 08:50:00,4.94,4.94,4.93,4.94,4271.44
2026-07-30 08:55:00,4.94,4.95,4.94,4.94,19108.38
2026-07-30 09:00:00,4.94,4.97,4.94,4.96,24663.09
2026-07-30 09:05:00,4.96,4.96,4.96,4.96,33644.4
2026-07-30 09:10:00,4.96,4.97,4.96,4.96,1093.85
2026-07-30 09:15:00,4.96,4.97,4.96,4.97,33372.98
2026-07-30 09:20:00,4.97,4.98,4.95,4.95,160750.87
2026-07-30 09:25:00,4.95,4.96,4.94,4.95,125923.43
2026-07-30 09:30:00,4.95,4.95,4.94,4.94,66967.85
2026-07-30 09:35:00,4.94,4.94,4.94,4.94,5443.84
2026-07-30 09:40:00,4.94,4.94,4.94,4.94,7492.85
2026-07-30 09:45:00,4.94,4.94,4.94,4.94,10788.12
2026-07-30 09:50:00,4.94,4.94,4.94,4.94,9637.95
2026-07-30 09:55:00,4.94,4.94,4.93,4.94,23617.85
2026-07-30 10:00:00,4.94,4.94,4.93,4.94,45562.03
2026-07-30 10:05:00,4.94,4.95,4.94,4.94,69275.86
2026-07-30 10:10:00,4.94,4.95,4.94,4.95,1789.7
2026-07-30 10:15:00,4.95,4.95,4.94,4.94,55966.56
2026-07-30 10:20:00,4.94,4.95,4.92,4.93,5944.36
2026-07-30 10:25:00,4.93,4.94,4.93,4.93,64610.85
2026-07-30 10:30:00,4.93,4.94,4.92,4.93,133154.91
2026-07-30 10:35:00,4.93,4.94,4.92,4.93,10069.42
2026-07-30 10:40:00,4.93,4.93,4.92,4.93,37878.98
2026-07-30 10:45:00,4.93,4.93,4.92,4.93,37497.29
2026-07-30 10:50:00,4.93,4.93,4.92,4.93,334870.14
2026-07-30 10:55:00,4.93,4.93,4.92,4.93,141113.2
2026-07-30 11:00:00,4.93,4.94,4.92,4.93,81150.66
2026-07-30 11:05:00,4.93,4.93,4.92,4.93,49084.3
2026-07-30 11:10:00,4.93,4.93,4.91,4.92,15790.52
2026-07-30 11:15:00,4.92,4.92,4.91,4.91,55730.68
2026-07-30 11:20:00,4.91,4.92,4.91,4.92,26407.28
2026-07-30 11:25:00,4.92,4.93,4.92,4.92,2169.73
2026-07-30 11:30:00,4.92,4.93,4.92,4.93,2989.48
2026-07-30 11:35:00,4.93,4.93,4.92,4.92,31855.87
2026-07-30 11:40:00,4.92,4.92,4.92,4.92,17429.72
2026-07-30 11:45:00,4.92,4.93,4.91,4.93,101613.82
2026-07-30 11:50:00,4.93,4.93,4.93,4.93,50390.91
2026-07-30 11:55:00,4.93,4.93,4.92,4.93,48847.54
2026-07-30 12:00:00,4.93,4.94,4.93,4.94,48888.7
2026-07-30 12:05:00,4.94,4.94,4.93,4.93,8072.43
2026-07-30 12:10:00,4.93,4.93,4.93,4.93,28961.05
2026-07-30 12:15:00,4.93,4.94,4.93,4.93,81878.2
2026-07-30 12:20:00,4.93,4.93,4.93,4.93,54313.6
2026-07-30 12:25:00,4.93,4.93,4.92,4.93,5972.1
2026-07-30 12:30:00,4.93,4.94,4.93,4.94,16881.19
2026-07-30 12:35:00,4.94,4.94,4.93,4.94,21917.37
2026-07-30 12:40:00,4.94,4.94,4.93,4.94,11486.18
2026-07-30 12:45:00,4.94,4.94,4.94,4.94,61217.9
2026-07-30 12:50:00,4.94,4.94,4.93,4.93,23054.51
2026-07-30 12:55:00,4.93,4.94,4.93,4.93,5403.63
2026-07-30 13:00:00,4.93,4.93,4.93,4.93,101251.75
2026-07-30 13:05:00,4.93,4.93,4.92,4.93,31885.8
2026-07-30 13:10:00,4.93,4.93,4.93,4.93,60237.3
2026-07-30 13:15:00,4.93,4.94,4.92,4.94,32470.99
2026-07-30 13:20:00,4.94,4.94,4.94,4.94,74240.67
2026-07-30 13:25:00,4.94,4.94,4.94,4.94,109609.24
2026-07-30 13:30:00,4.94,4.94,4.93,4.94,13145.14
2026-07-30 13:35:00,4.94,4.94,4.93,4.93,7148.18
2026-07-30 13:40:00,4.93,4.94,4.93,4.93,9096.76
2026-07-30 13:45:00,4.93,4.93,4.93,4.93,5931.64
2026-07-30 13:50:00,4.93,4.93,4.92,4.93,21510.35
2026-07-30 13:55:00,4.93,4.93,4.92,4.93,9333.14
2026-07-30 14:00:00,4.93,4.93,4.92,4.92,100213.41
2026-07-30 14:05:00,4.92,4.92,4.92,4.92,82339.82
2026-07-30 14:10:00,4.92,4.93,4.9,4.92,7457.69
2026-07-30 14:15:00,4.92,4.93,4.92,4.93,11552.85
2026-07-30 14:20:00,4.93,4.93,4.92,4.93,39412.25
2026-07-30 14:25:00,4.93,4.94,4.93,4.94,103028.96
2026-07-30 14:30:00,4.94,4.95,4.94,4.95,39132.17
2026-07-30 14:35:00,4.95,4.96,4.95,4.95,10463.25
2026-07-30 14:40:00,4.95,4.96,4.95,4.96,6553.64
2026-07-30 14:45:00,4.96,4.96,4.95,4.95,4187.51
2026-07-30 14:50:00,4.95,4.95,4.95,4.95,1518.35
2026-07-30 14:55:00,4.95,4.96,4.95,4.96,7705.01
2026-07-30 15:00:00,4.96,4.96,4.95,4.95,69353.93
2026-07-30 15:05:00,4.95,4.96,4.95,4.95,2335.93
2026-07-30 15:10:00,4.95,4.96,4.95,4.95,53603.09
2026-07-30 15:15:00,4.95,4.95,4.95,4.95,3610.59
2026-07-30 15:20:00,4.95,4.95,4.95,4.95,7897.09
2026-07-30 15:25:00,4.95,4.96,4.95,4.96,2364.4
2026-07-30 15:30:00,4.96,4.96,4.95,4.96,52178.6
2026-07-30 15:35:00,4.96,4.97,4.94,4.94,78448.95
2026-07-30 15:40:00,4.94,4.95,4.94,4.95,60514.81
2026-07-30 15:45:00,4.95,4.95,4.93,4.95,18078.24
2026-07-30 15:50:00,4.95,4.95,4.94,4.94,43144.89
2026-07-30 15:55:00,4.94,4.95,4.94,4.94,51630.12
2026-07-30 16:00:00,4.94,4.94,4.93,4.94,4151.29
2026-07-30 16:05:00,4.94,4.94,4.93,4.93,81180.44
2026-07-30 16:10:00,4.93,4.94,4.93,4.93,179877.31
2026-07-30 16:15:00,4.93,4.94,4.92,4.93,28078.53
2026-07-30 16:20:00,4.93,4.94,4.93,4.93,4569.2
2026-07-30 16:25:00,4.93,4.93,4.91,4.91,6578.18
2026-07-30 16:30:00,4.91,4.93,4.91,4.93,86883.06
2026-07-30 16:35:00,4.93,4.93,4.92,4.93,13145.46
2026-07-30 16:40:00,4.93,4.93,4.92,4.92,67547.57
2026-07-30 16:45:00,4.92,4.93,4.91,4.93,163523.7
2026-07-30 16:50:00,4.93,4.93,4.93,4.93,39244.75
2026-07-30 16:55:00,4.93,4.93,4.92,4.93,51772.59
2026-07-30 17:00:00,4.93,4.93,4.93,4.93,20264.66
2026-07-30 17:05:00,4.93,4.94,4.91,4.93,69013.48
2026-07-30 17:10:00,4.93,4.94,4.93,4.93,28486.52
2026-07-30 17:15:00,4.93,4.94,4.93,4.94,26010.74
2026-07-30 17:20:00,4.94,4.95,4.93,4.94,17742.23
2026-07-30 17:25:00,4.94,4.95,4.94,4.95,120144.3
2026-07-30 17:30:00,4.95,4.95,4.94,4.95,4954.53
2026-07-30 17:35:00,4.95,4.95,4.93,4.94,43026.48
2026-07-30 17:40:00,4.94,4.94,4.93,4.94,45369.3
2026-07-30 17:45:00,4.94,4.94,4.93,4.93,14921.86
2026-07-30 17:50:00,4.93,4.94,4.92,4.93,5183.56
2026-07-30 17:55:00,4.93,4.93,4.91,4.91,74908.1
2026-07-30 18:00:00,4.91,4.91,4.9,4.9,155169.35
2026-07-30 18:05:00,4.9,4.91,4.9,4.9,5680.34
2026-07-30 18:10:00,4.9,4.9,4.89,4.9,29888.04
2026-07-30 18:15:00,4.9,4.9,4.9,4.9,117430.24
2026-07-30 18:20:00,4.9,4.9,4.9,4.9,5646.24
2026-07-30 18:25:00,4.9,4.92,4.89,4.92,364356.83
2026-07-30 18:30:00,4.92,4.93,4.91,4.93,41935.73
2026-07-30 18:35:00,4.93,4.93,4.92,4.92,76816.4
2026-07-30 18:40:00,4.92,4.93,4.91,4.92,145628.26
2026-07-30 18:45:00,4.92,4.93,4.9,4.92,302846.25
2026-07-30 18:50:00,4.92,4.92,4.92,4.92,54750.16
2026-07-30 18:55:00,4.92,4.92,4.91,4.91,97928.51
2026-07-30 19:00:00,4.91,4.92,4.91,4.92,28854.2
2026-07-30 19:05:00,4.92,4.92,4.91,4.92,29038.69
2026-07-30 19:10:00,4.92,4.93,4.91,4.92,31296.23
2026-07-30 19:15:00,4.92,4.92,4.92,4.92,990.77
2026-07-30 19:20:00,4.92,4.92,4.92,4.92,12265.48
2026-07-30 19:25:00,4.92,4.92,4.92,4.92,21249.49
2026-07-30 19:30:00,4.92,4.92,4.91,4.92,42876.83
2026-07-30 19:35:00,4.92,4.92,4.91,4.91,123283.67
2026-07-30 19:40:00,4.91,4.92,4.91,4.91,215.98
2026-07-30 19:45:00,4.91,4.92,4.91,4.91,13187.61
2026-07-30 19:50:00,4.91,4.92,4.9,4.91,69340.41
2026-07-30 19:55:00,4.91,4.92,4.91,4.91,31382.86
2026-07-30 20:00:00,4.91,4.92,4.9,4.91,94146.98
2026-07-30 20:05:00,4.91,4.92,4.9,4.92,316235.0
2026-07-30 20:10:00,4.92,4.92,4.92,4.92,21762.7
2026-07-30 20:15:00,4.92,4.93,4.92,4.93,54753.03
2026-07-30 20:20:00,4.93,4.93,4.92,4.93,17482.25
2026-07-30 20:25:00,4.93,4.93,4.92,4.92,26299.98
2026-07-30 20:30:00,4.92,4.93,4.92,4.93,9626.13
2026-07-30 20:35:00,4.93,4.94,4.93,4.93,890.33
2026-07-30 20:40:00,4.93,4.93,4.93,4.93,48117.45
2026-07-30 20:45:00,4.93,4.93,4.91,4.91,5566.92
2026-07-30 20:50:00,4.91,4.92,4.91,4.92,131408.4
2026-07-30 20:55:00,4.92,4.93,4.91,4.92,17912.99
2026-07-30 21:00:00,4.92,4.92,4.92,4.92,21858.22
2026-07-30 21:05:00,4.92,4.93,4.92,4.93,35207.13
2026-07-30 21:10:00,4.93,4.93,4.92,4.93,92160.96
2026-07-30 21:15:00,4.93,4.93,4.92,4.92,74133.85
2026-07-30 21:20:00,4.92,4.93,4.92,4.92,27436.09
2026-07-30 21:25:00,4.92,4.93,4.92,4.92,31516.32
2026-07-30 21:30:00,4.92,4.93,4.91,4.92,39931.75
2026-07-30 21:35:00,4.92,4.92,4.91,4.92,85282.51
2026-07-30 21:40:00,4.92,4.92,4.91,4.92,124754.61
2026-07-30 21:45:00,4.92,4.92,4.91,4.91,122705.52
2026-07-30 21:50:00,4.91,4.92,4.91,4.92,79508.92
2026-07-30 21:55:00,4.92,4.92,4.9,4.9,60731.25
2026-07-30 22:00:00,4.9,4.91,4.88,4.91,4106.92
2026-07-30 22:05:00,4.91,4.91,4.9,4.91,110179.88
2026-07-30 22:10:00,4.91,4.91,4.9,4.91,428.96
2026-07-30 22:15:00,4.91,4.91,4.9,4.9,181618.83
2026-07-30 22:20:00,4.9,4.92,4.88,4.91,188292.69
2026-07-30 22:25:00,4.91,4.91,4.91,4.91,16366.46
2026-07-30 22:30:00,4.91,4.92,4.9,4.91,128389.36
2026-07-30 22:35:00,4.91,4.92,4.89,4.92,523216.11
2026-07-30 22:40:00,4.92,4.92,4.91,4.92,53208.37
2026-07-30 22:45:00,4.92,4.93,4.92,4.92,1185.73
2026-07-30 22:50:00,4.92,4.93,4.92,4.93,25767.72
2026-07-30 22:55:00,4.93,4.93,4.93,4.93,87996.93
2026-07-30 23:00:00,4.93,4.94,4.93,4.93,33551.24
2026-07-30 23:05:00,4.93,4.94,4.93,4.93,54165.65
2026-07-30 23:10:00,4.93,4.93,4.93,4.93,76415.35
2026-07-30 23:15:00,4.93,4.94,4.93,4.94,25240.72
2026-07-30 23:20:00,4.94,4.95,4.94,4.94,6608.54
2026-07-30 23:25:00,4.94,4.96,4.93,4.93,107347.54
2026-07-30 23:30:00,4.93,4.93,4.93,4.93,15991.01
2026-07-30 23:35:00,4.93,4.93,4.91,4.92,97755.59
2026-07-30 23:40:00,4.92,4.92,4.91,4.92,55565.71
2026-07-30 23:45:00,4.92,4.93,4.91,4.93,35179.66
2026-07-30 23:50:00,4.93,4.94,4.93,4.94,20162.49
2026-07-30 23:55:00,4.94,4.94,4.94,4.94,100529.92
2026-07-31 00:00:00,4.94,4.95,4.93,4.93,173243.66
2026-07-31 00:05:00,4.93,4.93,4.92,4.93,3418.76
2026-07-31 00:10:00,4.93,4.93,4.93,4.93,7788.35
2026-07-31 00:15:00,4.93,4.93,4.93,4.93,24385.68
2026-07-31 00:20:00,4.93,4.94,4.93,4.94,169568.1
2026-07-31 00:25:00,4.94,4.94,4.93,4.94,2190.41
2026-07-31 00:30:00,4.94,4.94,4.94,4.94,18895.33
2026-07-31 00:35:00,4.94,4.94,4.93,4.93,84533.49
2026-07-31 00:40:00,4.93,4.93,4.92,4.93,39923.02
2026-07-31 00:45:00,4.93,4.93,4.93,4.93,44338.53
2026-07-31 00:50:00,4.93,4.95,4.92,4.93,365603.78
2026-07-31 00:55:00,4.93,4.93,4.91,4.91,57052.59
2026-07-31 01:00:00,4.91,4.91,4.91,4.91,26766.98
2026-07-31 01:05:00,4.91,4.92,4.91,4.91,108515.8
2026-07-31 01:10:00,4.91,4.92,4.91,4.91,6064.72
2026-07-31 01:15:00,4.91,4.91,4.9,4.9,47955.99
2026-07-31 01:20:00,4.9,4.9,4.89,4.9,3752.01
2026-07-31 01:25:00,4.9,4.9,4.89,4.89,13338.44
2026-07-31 01:30:00,4.89,4.9,4.89,4.9,118.25
2026-07-31 01:35:00,4.9,4.9,4.89,4.9,38025.23
2026-07-31 01:40:00,4.9,4.9,4.89,4.9,6963.48
2026-07-31 01:45:00,4.9,4.91,4.89,4.91,70712.23
2026-07-31 01:50:00,4.91,4.91,4.9,4.9,36196.0
2026-07-31 01:55:00,4.9,4.92,4.89,4.91,215008.22
2026-07-31 02:00:00,4.91,4.92,4.91,4.91,139538.37
2026-07-31 02:05:00,4.91,4.91,4.9,4.9,15713.63
2026-07-31 02:10:00,4.9,4.91,4.9,4.91,8046.78
2026-07-31 02:15:00,4.91,4.92,4.9,4.92,310230.25
2026-07-31 02:20:00,4.92,4.92,4.91,4.92,60180.31
2026-07-31 02:25:00,4.92,4.92,4.91,4.91,33021.58
2026-07-31 02:30:00,4.91,4.91,4.9,4.9,171981.84
2026-07-31 02:35:00,4.9,4.91,4.89,4.9,4119.29
2026-07-31 02:40:00,4.9,4.91,4.9,4.9,7032.75
2026-07-31 02:45:00,4.9,4.9,4.89,4.89,34673.89
2026-07-31 02:50:00,4.89,4.91,4.87,4.9,184241.97
2026-07-31 02:55:00,4.9,4.91,4.9,4.9,25565.08
2026-07-31 03:00:00,4.9,4.91,4.9,4.9,560.96
2026-07-31 03:05:00,4.9,4.91,4.9,4.91,118509.77
2026-07-31 03:10:00,4.91,4.91,4.9,4.9,38527.67
2026-07-31 03:15:00,4.9,4.92,4.9,4.91,8526.91
2026-07-31 03:20:00,4.91,4.92,4.91,4.91,16208.22
2026-07-31 03:25:00,4.91,4.91,4.9,4.91,9580.43
2026-07-31 03:30:00,4.91,4.92,4.91,4.92,31515.54
2026-07-31 03:35:00,4.92,4.92,4.91,4.92,14419.63
2026-07-31 03:40:00,4.92,4.92,4.91,4.92,68503.23
2026-07-31 03:45:00,4.92,4.92,4.92,4.92,35869.19
2026-07-31 03:50:00,4.92,4.93,4.92,4.92,66945.47
2026-07-31 03:55:00,4.92,4.94,4.92,4.93,137992.9
2026-07-31 04:00:00,4.93,4.94,4.93,4.93,7865.65
2026-07-31 04:05:00,4.93,4.94,4.93,4.94,31318.05
2026-07-31 04:10:00,4.94,4.95,4.92,4.92,290735.39
2026-07-31 04:15:00,4.92,4.93,4.92,4.92,13600.56
2026-07-31 04:20:00,4.92,4.93,4.92,4.93,60515.72
2026-07-31 04:25:00,4.93,4.93,4.91,4.91,66828.26
2026-07-31 04:30:00,4.91,4.92,4.91,4.91,2779.01
2026-07-31 04:35:00,4.91,4.91,4.9,4.91,13260.85
2026-07-31 04:40:00,4.91,4.91,4.9,4.91,18898.84
2026-07-31 04:45:00,4.91,4.92,4.9,4.91,12324.78
2026-07-31 04:50:00,4.91,4.93,4.91,4.92,202441.49
2026-07-31 04:55:00,4.92,4.92,4.92,4.92,53815.92
2026-07-31 05:00:00,4.92,4.92,4.92,4.92,16238.29
2026-07-31 05:05:00,4.92,4.92,4.92,4.92,2559.77
2026-07-31 05:10:00,4.92,4.92,4.92,4.92,32826.92
2026-07-31 05:15:00,4.92,4.93,4.92,4.93,62255.21
2026-07-31 05:20:00,4.93,4.93,4.9,4.91,55934.14
2026-07-31 05:25:00,4.91,4.91,4.91,4.91,43006.33
2026-07-31 05:30:00,4.91,4.92,4.91,4.91,118468.81
2026-07-31 05:35:00,4.91,4.92,4.91,4.91,59799.06
2026-07-31 05:40:00,4.91,4.91,4.9,4.9,38774.43
2026-07-31 05:45:00,4.9,4.92,4.9,4.92,193460.71
2026-07-31 05:50:00,4.92,4.92,4.91,4.92,62315.3
2026-07-31 05:55:00,4.92,4.92,4.91,4.92,7018.85
2026-07-31 06:00:00,4.92,4.93,4.92,4.93,17648.44
2026-07-31 06:05:00,4.93,4.93,4.92,4.93,50731.88
2026-07-31 06:10:00,4.93,4.93,4.91,4.91,22808.3
2026-07-31 06:15:00,4.91,4.91,4.91,4.91,975.97
2026-07-31 06:20:00,4.91,4.91,4.91,4.91,1190.55
2026-07-31 06:25:00,4.91,4.91,4.9,4.9,10519.39
2026-07-31 06:30:00,4.9,4.91,4.9,4.91,5852.33
2026-07-31 06:35:00,4.91,4.91,4.9,4.91,5325.27
2026-07-31 06:40:00,4.91,4.92,4.91,4.92,43263.43
2026-07-31 06:45:00,4.92,4.93,4.91,4.93,22021.75
2026-07-31 06:50:00,4.93,4.93,4.92,4.92,66604.54
2026-07-31 06:55:00,4.92,4.93,4.92,4.92,5026.43
2026-07-31 07:00:00,4.92,4.92,4.92,4.92,120422.45
2026-07-31 07:05:00,4.92,4.92,4.91,4.92,22338.91
2026-07-31 07:10:00,4.92,4.92,4.91,4.91,3365.34
2026-07-31 07:15:00,4.91,4.92,4.9,4.9,32009.02
2026-07-31 07:20:00,4.9,4.91,4.89,4.9,91592.4
2026-07-31 07:25:00,4.9,4.91,4.88,4.91,268874.83
2026-07-31 07:30:00,4.91,4.91,4.9,4.91,65308.37
2026-07-31 07:35:00,4.91,4.92,4.9,4.92,27466.11
2026-07-31 07:40:00,4.92,4.94,4.92,4.93,80542.24
2026-07-31 07:45:00,4.93,4.93,4.93,4.93,99526.48
2026-07-31 07:50:00,4.93,4.93,4.92,4.93,52461.85
2026-07-31 07:55:00,4.93,4.93,4.93,4.93,45826.18
2026-07-31 08:00:00,4.93,4.93,4.92,4.93,21268.47
2026-07-31 08:05:00,4.93,4.93,4.93,4.93,10153.96
2026-07-31 08:10:00,4.93,4.94,4.93,4.94,49855.27
2026-07-31 08:15:00,4.94,4.95,4.94,4.94,9085.89
2026-07-31 08:20:00,4.94,4.95,4.93,4.93,553124.65
2026-07-31 08:25:00,4.93,4.93,4.93,4.93,70028.1
2026-07-31 08:30:00,4.93,4.94,4.93,4.93,26349.66
2026-07-31 08:35:00,4.93,4.95,4.92,4.93,447029.49
2026-07-31 08:40:00,4.93,4.94,4.93,4.93,20825.86
2026-07-31 08:45:00,4.93,4.94,4.92,4.92,72328.12
2026-07-31 08:50:00,4.92,4.94,4.92,4.94,28325.82
2026-07-31 08:55:00,4.94,4.94,4.92,4.92,32991.44
2026-07-31 09:00:00,4.92,4.92,4.91,4.92,42806.31
2026-07-31 09:05:00,4.92,4.92,4.91,4.91,13526.01
2026-07-31 09:10:00,4.91,4.93,4.91,4.92,41363.96
2026-07-31 09:15:00,4.92,4.92,4.92,4.92,76515.65
2026-07-31 09:20:00,4.92,4.92,4.91,4.92,56629.26
2026-07-31 09:25:00,4.92,4.92,4.91,4.92,27882.72
2026-07-31 09:30:00,4.92,4.92,4.91,4.91,153477.19
2026-07-31 09:35:00,4.91,4.91,4.91,4.91,4346.75
2026-07-31 09:40:00,4.91,4.91,4.9,4.9,29950.22
2026-07-31 09:45:00,4.9,4.9,4.89,4.9,1649.37
2026-07-31 09:50:00,4.9,4.9,4.9,4.9,9224.43
2026-07-31 09:55:00,4.9,4.91,4.89,4.91,107311.73
2026-07-31 10:00:00,4.91,4.91,4.9,4.9,748.11
2026-07-31 10:05:00,4.9,4.91,4.89,4.91,53043.99
2026-07-31 10:10:00,4.91,4.91,4.9,4.9,29797.83
2026-07-31 10:15:00,4.9,4.91,4.89,4.9,87027.36
2026-07-31 10:20:00,4.9,4.91,4.88,4.91,483697.6
2026-07-31 10:25:00,4.91,4.92,4.91,4.91,27073.3
2026-07-31 10:30:00,4.91,4.91,4.91,4.91,91218.92
2026-07-31 10:35:00,4.91,4.92,4.9,4.92,995000.05
2026-07-31 10:40:00,4.92,4.92,4.91,4.91,225983.39
2026-07-31 10:45:00,4.91,4.91,4.91,4.91,30796.99
2026-07-31 10:50:00,4.91,4.93,4.91,4.93,66309.12
2026-07-31 10:55:00,4.93,4.93,4.92,4.93,9787.06
2026-07-31 11:00:00,4.93,4.93,4.93,4.93,35178.55
2026-07-31 11:05:00,4.93,4.93,4.93,4.93,57338.33
2026-07-31 11:10:00,4.93,4.94,4.93,4.94,184785.22
2026-07-31 11:15:00,4.94,4.95,4.93,4.95,40743.3
2026-07-31 11:20:00,4.95,4.95,4.94,4.94,86022.1
2026-07-31 11:25:00,4.94,4.94,4.93,4.93,33794.41
2026-07-31 11:30:00,4.93,4.95,4.92,4.92,242821.8
2026-07-31 11:35:00,4.92,4.93,4.92,4.93,35606.69
2026-07-31 11:40:00,4.93,4.95,4.93,4.94,16116.44
2026-07-31 11:45:00,4.94,4.94,4.93,4.94,23337.09
2026-07-31 11:50:00,4.94,4.95,4.93,4.93,102260.75
2026-07-31 11:55:00,4.93,4.94,4.93,4.94,31207.33
2026-07-31 12:00:00,4.94,4.94,4.93,4.93,83507.83
2026-07-31 12:05:00,4.93,4.93,4.92,4.93,4590.24
2026-07-31 12:10:00,4.93,4.93,4.91,4.91,1412.13
2026-07-31 12:15:00,4.91,4.92,4.91,4.91,28948.86
2026-07-31 12:20:00,4.91,4.92,4.91,4.91,8594.09
2026-07-31 12:25:00,4.91,4.92,4.91,4.91,14061.87
2026-07-31 12:30:00,4.91,4.92,4.91,4.92,93406.55
2026-07-31 12:35:00,4.92,4.92,4.91,4.91,100775.22
2026-07-31 12:40:00,4.91,4.91,4.9,4.91,40816.94
2026-07-31 12:45:00,4.91,4.91,4.9,4.91,5024.78
2026-07-31 12:50:00,4.91,4.92,4.91,4.91,55620.15
2026-07-31 12:55:00,4.91,4.91,4.9,4.9,11956.32
2026-07-31 13:00:00,4.9,4.91,4.9,4.91,146702.16
2026-07-31 13:05:00,4.91,4.91,4.91,4.91,25991.69
2026-07-31 13:10:00,4.91,4.91,4.9,4.91,55419.7
2026-07-31 13:15:00,4.91,4.91,4.89,4.91,222185.08
2026-07-31 13:20:00,4.91,4.92,4.91,4.92,11590.79
2026-07-31 13:25:00,4.92,4.92,4.92,4.92,78899.84
2026-07-31 13:30:00,4.92,4.93,4.91,4.92,3034.93
2026-07-31 13:35:00,4.92,4.92,4.91,4.91,64730.72
2026-07-31 13:40:00,4.91,4.93,4.91,4.92,34661.89
2026-07-31 13:45:00,4.92,4.92,4.91,4.91,21022.91
2026-07-31 13:50:00,4.91,4.92,4.91,4.92,96148.5
2026-07-31 13:55:00,4.92,4.93,4.92,4.92,41464.15
2026-07-31 14:00:00,4.92,4.93,4.92,4.92,188729.15
2026-07-31 14:05:00,4.92,4.93,4.92,4.92,58308.11
2026-07-31 14:10:00,4.92,4.93,4.91,4.91,7743.17
2026-07-31 14:15:00,4.91,4.92,4.91,4.92,25684.33
2026-07-31 14:20:00,4.92,4.93,4.91,4.93,73858.2
2026-07-31 14:25:00,4.93,4.93,4.92,4.93,190094.31
2026-07-31 14:30:00,4.93,4.93,4.92,4.93,5830.52
2026-07-31 14:35:00,4.93,4.93,4.92,4.92,53116.17
2026-07-31 14:40:00,4.92,4.93,4.92,4.92,86101.91
2026-07-31 14:45:00,4.92,4.92,4.91,4.91,78716.3
2026-07-31 14:50:00,4.91,4.92,4.91,4.92,24493.17
2026-07-31 14:55:00,4.92,4.93,4.91,4.93,37503.44
2026-07-31 15:00:00,4.93,4.93,4.92,4.93,10254.91
2026-07-31 15:05:00,4.93,4.94,4.92,4.92,3289.3
2026-07-31 15:10:00,4.92,4.92,4.92,4.92,191234.67
2026-07-31 15:15:00,4.92,4.92,4.92,4.92,46695.7
2026-07-31 15:20:00,4.92,4.92,4.92,4.92,37174.65
2026-07-31 15:25:00,4.92,4.92,4.92,4.92,1658.07
2026-07-31 15:30:00,4.92,4.92,4.92,4.92,10030.6
2026-07-31 15:35:00,4.92,4.94,4.91,4.93,36324.29
2026-07-31 15:40:00,4.93,4.95,4.92,4.92,331492.4
2026-07-31 15:45:00,4.92,4.92,4.92,4.92,1573.13
2026-07-31 15:50:00,4.92,4.93,4.92,4.92,24326.03
2026-07-31 15:55:00,4.92,4.92,4.91,4.92,39206.48
2026-07-31 16:00:00,4.92,4.92,4.92,4.92,197867.71
2026-07-31 16:05:00,4.92,4.93,4.92,4.92,317846.21
2026-07-31 16:10:00,4.92,4.93,4.92,4.92,89328.06
2026-07-31 16:15:00,4.92,4.92,4.92,4.92,33935.36
2026-07-31 16:20:00,4.92,4.93,4.92,4.92,92201.7
2026-07-31 16:25:00,4.92,4.93,4.92,4.93,83567.52
2026-07-31 16:30:00,4.93,4.93,4.92,4.92,13897.58
2026-07-31 16:35:00,4.92,4.93,4.91,4.92,24592.88
2026-07-31 16:40:00,4.92,4.93,4.91,4.92,256.44
2026-07-31 16:45:00,4.92,4.93,4.92,4.92,57807.81
2026-07-31 16:50:00,4.92,4.93,4.92,4.92,18916.6
2026-07-31 16:55:00,4.92,4.92,4.91,4.91,66880.27
2026-07-31 17:00:00,4.91,4.92,4.9,4.92,31451.73
2026-07-31 17:05:00,4.92,4.93,4.91,4.92,2475.24
2026-07-31 17:10:00,4.92,4.93,4.92,4.92,22162.77
2026-07-31 17:15:00,4.92,4.93,4.92,4.92,80206.28
2026-07-31 17:20:00,4.92,4.93,4.91,4.91,3148.03
2026-07-31 17:25:00,4.91,4.92,4.9,4.91,686.12
2026-07-31 17:30:00,4.91,4.92,4.91,4.91,62415.32
2026-07-31 17:35:00,4.91,4.91,4.9,4.91,30578.22
2026-07-31 17:40:00,4.91,4.91,4.9,4.91,55495.76
2026-07-31 17:45:00,4.91,4.91,4.91,4.91,76066.09
2026-07-31 17:50:00,4.91,4.92,4.91,4.92,73641.72
2026-07-31 17:55:00,4.92,4.92,4.92,4.92,20859.29
2026-07-31 18:00:00,4.92,4.92,4.92,4.92,31599.62
2026-07-31 18:05:00,4.92,4.92,4.91,4.92,245.98
2026-07-31 18:10:00,4.92,4.93,4.92,4.93,6281.9
2026-07-31 18:15:00,4.93,4.95,4.93,4.95,24369.52
2026-07-31 18:20:00,4.95,4.95,4.94,4.95,18532.74
2026-07-31 18:25:00,4.95,4.97,4.95,4.96,28712.93
2026-07-31 18:30:00,4.96,4.96,4.96,4.96,61541.6
2026-07-31 18:35:00,4.96,4.96,4.94,4.95,6855.54
2026-07-31 18:40:00,4.95,4.97,4.94,4.94,101531.12
2026-07-31 18:45:00,4.94,4.95,4.94,4.94,19186.9
2026-07-31 18:50:00,4.94,4.96,4.94,4.95,4208.84
2026-07-31 18:55:00,4.95,4.96,4.95,4.96,12421.96
2026-07-31 19:00:00,4.96,4.96,4.96,4.96,9892.33
2026-07-31 19:05:00,4.96,4.96,4.96,4.96,41541.94
2026-07-31 19:10:00,4.96,4.97,4.95,4.97,41884.7
2026-07-31 19:15:00,4.97,4.97,4.96,4.96,6721.63
2026-07-31 19:20:00,4.96,4.98,4.95,4.95,325354.87
2026-07-31 19:25:00,4.95,4.97,4.93,4.94,222522.41
2026-07-31 19:30:00,4.94,4.94,4.94,4.94,147445.06
2026-07-31 19:35:00,4.94,4.95,4.94,4.95,24504.47
2026-07-31 19:40:00,4.95,4.95,4.94,4.95,45312.78
2026-07-31 19:45:00,4.95,4.95,4.94,4.94,28145.85
2026-07-31 19:50:00,4.94,4.95,4.94,4.94,35598.71
2026-07-31 19:55:00,4.94,4.94,4.93,4.94,13188.32
2026-07-31 20:00:00,4.94,4.94,4.93,4.93,2648.31
2026-07-31 20:05:00,4.93,4.94,4.93,4.93,127088.43
2026-07-31 20:10:00,4.93,4.93,4.92,4.92,66117.15
2026-07-31 20:15:00,4.92,4.93,4.92,4.92,47261.14
2026-07-31 20:20:00,4.92,4.92,4.9,4.92,1706.53
2026-07-31 20:25:00,4.92,4.92,4.91,4.91,7896.94
2026-07-31 20:30:00,4.91,4.91,4.91,4.91,23693.94
2026-07-31 20:35:00,4.91,4.91,4.91,4.91,119535.03
2026-07-31 20:40:00,4.91,4.91,4.9,4.9,20072.86
2026-07-31 20:45:00,4.9,4.91,4.89,4.9,4850.05
2026-07-31 20:50:00,4.9,4.91,4.89,4.91,75193.45
2026-07-31 20:55:00,4.91,4.91,4.91,4.91,595.9
2026-07-31 21:00:00,4.91,4.91,4.9,4.91,25018.12
2026-07-31 21:05:00,4.91,4.91,4.9,4.9,3948.34
2026-07-31 21:10:00,4.9,4.91,4.88,4.91,325433.37
2026-07-31 21:15:00,4.91,4.91,4.9,4.91,46462.64
2026-07-31 21:20:00,4.91,4.92,4.89,4.91,105891.29
2026-07-31 21:25:00,4.91,4.92,4.9,4.92,43387.76
2026-07-31 21:30:00,4.92,4.92,4.91,4.91,20057.08
2026-07-31 21:35:00,4.91,4.92,4.89,4.92,540190.72
2026-07-31 21:40:00,4.92,4.92,4.92,4.92,48806.51
2026-07-31 21:45:00,4.92,4.94,4.9,4.93,20038.72
2026-07-31 21:50:00,4.93,4.93,4.93,4.93,79620.15
2026-07-31 21:55:00,4.93,4.93,4.92,4.93,5421.01
2026-07-31 22:00:00,4.93,4.94,4.92,4.93,161709.29
2026-07-31 22:05:00,4.93,4.94,4.93,4.93,52150.39
2026-07-31 22:10:00,4.93,4.94,4.93,4.94,105001.3
2026-07-31 22:15:00,4.94,4.95,4.93,4.95,48499.26
2026-07-31 22:20:00,4.95,4.96,4.95,4.96,42307.93
2026-07-31 22:25:00,4.96,4.97,4.95,4.97,7804.65
2026-07-31 22:30:00,4.97,4.97,4.96,4.97,3274.52
2026-07-31 22:35:00,4.97,4.97,4.96,4.96,80888.92
2026-07-31 22:40:00,4.96,4.98,4.95,4.96,331964.52
2026-07-31 22:45:00,4.96,4.96,4.95,4.95,26154.95
2026-07-31 22:50:00,4.95,4.96,4.95,4.96,71015.42
2026-07-31 22:55:00,4.96,4.96,4.95,4.96,5855.68
2026-07-31 23:00:00,4.96,4.96,4.95,4.96,25625.63
2026-07-31 23:05:00,4.96,4.97,4.95,4.95,180459.79
2026-07-31 23:10:00,4.95,4.96,4.95,4.96,27325.03
2026-07-31 23:15:00,4.96,4.96,4.94,4.95,64913.05
2026-07-31 23:20:00,4.95,4.97,4.95,4.97,32074.32
2026-07-31 23:25:00,4.97,4.98,4.96,4.97,9493.63
2026-07-31 23:30:00,4.97,4.97,4.97,4.97,37948.79
2026-07-31 23:35:00,4.97,4.97,4.97,4.97,34921.73
2026-07-31 23:40:00,4.97,4.98,4.96,4.96,106686.91
2026-07-31 23:45:00,4.96,4.96,4.96,4.96,106372.28
2026-07-31 23:50:00,4.96,4.98,4.95,4.95,467715.21
2026-07-31 23:55:00,4.95,4.95,4.95,4.95,5619.28
2026-08-01 00:00:00,4.95,4.95,4.95,4.95,30013.43
2026-08-01 00:05:00,4.95,4.95,4.94,4.94,154182.88
2026-08-01 00:10:00,4.94,4.94,4.94,4.94,53154.38
2026-08-01 00:15:00,4.94,4.94,4.93,4.94,51570.54
2026-08-01 00:20:00,4.94,4.94,4.94,4.94,51462.84
2026-08-01 00:25:00,4.94,4.95,4.94,4.94,104074.7
2026-08-01 00:30:00,4.94,4.95,4.94,4.94,85155.96
2026-08-01 00:35:00,4.94,4.95,4.94,4.95,115249.1
2026-08-01 00:40:00,4.95,4.96,4.95,4.95,15470.47
2026-08-01 00:45:00,4.95,4.96,4.94,4.94,79570.43
2026-08-01 00:50:00,4.94,4.95,4.94,4.94,59761.24
2026-08-01 00:55:00,4.94,4.94,4.94,4.94,47349.87
2026-08-01 01:00:00,4.94,4.95,4.94,4.95,109169.17
2026-08-01 01:05:00,4.95,4.95,4.94,4.95,17811.01
2026-08-01 01:10:00,4.95,4.95,4.94,4.94,66463.3
2026-08-01 01:15:00,4.94,4.94,4.93,4.93,33105.23
2026-08-01 01:20:00,4.93,4.94,4.93,4.93,23747.17
2026-08-01 01:25:00,4.93,4.94,4.93,4.93,153187.47
2026-08-01 01:30:00,4.93,4.94,4.93,4.93,185101.83
2026-08-01 01:35:00,4.93,4.94,4.93,4.93,161773.11
2026-08-01 01:40:00,4.93,4.94,4.93,4.94,24756.72
2026-08-01 01:45:00,4.94,4.95,4.93,4.94,36644.94
2026-08-01 01:50:00,4.94,4.95,4.94,4.94,19894.12
2026-08-01 01:55:00,4.94,4.95,4.93,4.94,4331.18
2026-08-01 02:00:00,4.94,4.94,4.93,4.94,95713.43
2026-08-01 02:05:00,4.94,4.95,4.93,4.94,50242.83
2026-08-01 02:10:00,4.94,4.94,4.93,4.93,8523.47
2026-08-01 02:15:00,4.93,4.94,4.93,4.94,6165.95
2026-08-01 02:20:00,4.94,4.94,4.93,4.94,94402.13
2026-08-01 02:25:00,4.94,4.95,4.94,4.94,135121.85
2026-08-01 02:30:00,4.94,4.95,4.94,4.95,1034.26
2026-08-01 02:35:00,4.95,4.95,4.94,4.94,20500.96
2026-08-01 02:40:00,4.94,4.94,4.94,4.94,103752.82
2026-08-01 02:45:00,4.94,4.94,4.94,4.94,34027.51
2026-08-01 02:50:00,4.94,4.94,4.93,4.94,84767.39
2026-08-01 02:55:00,4.94,4.94,4.94,4.94,20809.19
2026-08-01 03:00:00,4.94,4.94,4.94,4.94,37391.94
2026-08-01 03:05:00,4.94,4.94,4.93,4.94,44775.88
2026-08-01 03:10:00,4.94,4.95,4.93,4.95,41291.52
2026-08-01 03:15:00,4.95,4.95,4.94,4.95,67770.78
2026-08-01 03:20:00,4.95,4.95,4.93,4.94,3060.54
2026-08-01 03:25:00,4.94,4.95,4.94,4.95,16906.22
2026-08-01 03:30:00,4.95,4.95,4.95,4.95,43476.56
2026-08-01 03:35:00,4.95,4.96,4.95,4.96,40959.27
2026-08-01 03:40:00,4.96,4.96,4.95,4.96,76763.56
2026-08-01 03:45:00,4.96,4.96,4.95,4.96,27753.53
2026-08-01 03:50:00,4.96,4.97,4.95,4.96,57489.43
2026-08-01 03:55:00,4.96,4.96,4.95,4.96,7780.93
2026-08-01 04:00:00,4.96,4.96,4.95,4.95,42184.6
2026-08-01 04:05:00,4.95,4.96,4.95,4.95,52659.46
2026-08-01 04:10:00,4.95,4.96,4.95,4.95,31273.52
2026-08-01 04:15:00,4.95,4.96,4.95,4.95,52071.12
2026-08-01 04:20:00,4.95,4.95,4.93,4.93,18106.03
2026-08-01 04:25:00,4.93,4.94,4.92,4.94,353689.85
2026-08-01 04:30:00,4.94,4.94,4.92,4.92,17353.96
2026-08-01 04:35:00,4.92,4.93,4.92,4.93,111420.08
2026-08-01 04:40:00,4.93,4.93,4.92,4.92,7673.05
2026-08-01 04:45:00,4.92,4.92,4.92,4.92,11959.31
2026-08-01 04:50:00,4.92,4.93,4.92,4.92,8084.09
2026-08-01 04:55:00,4.92,4.93,4.92,4.93,11745.65
2026-08-01 05:00:00,4.93,4.94,4.91,4.94,43978.37
2026-08-01 05:05:00,4.94,4.94,4.94,4.94,76573.27
2026-08-01 05:10:00,4.94,4.95,4.94,4.94,239730.26
2026-08-01 05:15:00,4.94,4.94,4.94,4.94,61397.99
2026-08-01 05:20:00,4.94,4.94,4.93,4.93,12897.45
2026-08-01 05:25:00,4.93,4.93,4.92,4.92,34320.54
2026-08-01 05:30:00,4.92,4.93,4.92,4.92,1292.82
2026-08-01 05:35:00,4.92,4.94,4.92,4.94,13875.8
2026-08-01 05:40:00,4.94,4.95,4.93,4.94,4199.77
2026-08-01 05:45:00,4.94,4.95,4.92,4.95,751611.18
2026-08-01 05:50:00,4.95,4.96,4.95,4.95,4503.93
2026-08-01 05:55:00,4.95,4.96,4.94,4.94,19817.09
2026-08-01 06:00:00,4.94,4.96,4.94,4.95,53857.06
2026-08-01 06:05:00,4.95,4.96,4.95,4.95,27279.87
2026-08-01 06:10:00,4.95,4.96,4.95,4.95,67182.39
2026-08-01 06:15:00,4.95,4.95,4.94,4.95,6671.22
2026-08-01 06:20:00,4.95,4.96,4.94,4.95,43910.01
2026-08-01 06:25:00,4.95,4.96,4.95,4.96,32557.33
2026-08-01 06:30:00,4.96,4.97,4.95,4.97,135256.4
2026-08-01 06:35:00,4.97,4.97,4.95,4.96,22639.49
2026-08-01 06:40:00,4.96,4.97,4.96,4.97,38427.18
2026-08-01 06:45:00,4.97,4.98,4.95,4.95,200009.7
2026-08-01 06:50:00,4.95,4.96,4.94,4.94,14.02
2026-08-01 06:55:00,4.94,4.95,4.94,4.95,58239.13
2026-08-01 07:00:00,4.95,4.96,4.95,4.96,15495.45
2026-08-01 07:05:00,4.96,4.96,4.95,4.96,17538.27
2026-08-01 07:10:00,4.96,4.97,4.96,4.96,4642.92
2026-08-01 07:15:00,4.96,4.97,4.96,4.96,71189.3
2026-08-01 07:20:00,4.96,4.96,4.96,4.96,43329.66
2026-08-01 07:25:00,4.96,4.96,4.95,4.95,53016.73
2026-08-01 07:30:00,4.95,4.96,4.95,4.96,153618.99
2026-08-01 07:35:00,4.96,4.96,4.95,4.95,10594.9
2026-08-01 07:40:00,4.95,4.97,4.95,4.97,15817.89
2026-08-01 07:45:00,4.97,4.98,4.96,4.96,316573.67
2026-08-01 07:50:00,4.96,4.97,4.96,4.97,933.88
2026-08-01 07:55:00,4.97,4.99,4.96,4.97,15760.09
2026-08-01 08:00:00,4.97,4.97,4.96,4.97,59386.35
2026-08-01 08:05:00,4.97,4.97,4.96,4.97,25919.9
2026-08-01 08:10:00,4.97,4.97,4.96,4.97,102434.12
2026-08-01 08:15:00,4.97,4.97,4.96,4.96,16002.42
2026-08-01 08:20:00,4.96,4.96,4.95,4.95,20327.96
2026-08-01 08:25:00,4.95,4.97,4.95,4.96,17130.35
2026-08-01 08:30:00,4.96,4.98,4.95,4.95,192802.38
2026-08-01 08:35:00,4.95,4.96,4.95,4.96,19536.21
2026-08-01 08:40:00,4.96,4.96,4.95,4.95,41709.81
2026-08-01 08:45:00,4.95,4.95,4.95,4.95,31521.14
2026-08-01 08:50:00,4.95,4.96,4.94,4.96,8897.45
2026-08-01 08:55:00,4.96,4.96,4.95,4.95,40465.55
2026-08-01 09:00:00,4.95,4.96,4.95,4.96,12294.31
2026-08-01 09:05:00,4.96,4.96,4.96,4.96,46450.73
2026-08-01 09:10:00,4.96,4.97,4.95,4.96,2545.37
2026-08-01 09:15:00,4.96,4.97,4.95,4.96,42071.81
2026-08-01 09:20:00,4.96,4.97,4.96,4.96,27639.48
2026-08-01 09:25:00,4.96,4.97,4.96,4.97,175117.34
2026-08-01 09:30:00,4.97,4.98,4.96,4.97,44518.37
2026-08-01 09:35:00,4.97,4.99,4.96,4.97,99466.29
2026-08-01 09:40:00,4.97,4.99,4.95,4.95,406556.23
2026-08-01 09:45:00,4.95,4.96,4.95,4.95,6808.62
2026-08-01 09:50:00,4.95,4.95,4.94,4.95,82989.86
2026-08-01 09:55:00,4.95,4.96,4.94,4.96,19491.47
2026-08-01 10:00:00,4.96,4.97,4.94,4.95,224869.39
2026-08-01 10:05:00,4.95,4.95,4.94,4.95,32332.29
2026-08-01 10:10:00,4.95,4.95,4.94,4.94,48467.56
2026-08-01 10:15:00,4.94,4.95,4.94,4.95,83970.05
2026-08-01 10:20:00,4.95,4.95,4.94,4.95,9128.45
2026-08-01 10:25:00,4.95,4.95,4.94,4.95,25419.57
2026-08-01 10:30:00,4.95,4.95,4.93,4.94,22182.26
2026-08-01 10:35:00,4.94,4.94,4.94,4.94,33947.7
2026-08-01 10:40:00,4.94,4.94,4.93,4.93,84180.98
2026-08-01 10:45:00,4.93,4.93,4.93,4.93,94162.49
2026-08-01 10:50:00,4.93,4.94,4.93,4.94,23933.16
2026-08-01 10:55:00,4.94,4.95,4.94,4.94,10622.88
2026-08-01 11:00:00,4.94,4.94,4.94,4.94,117813.33
2026-08-01 11:05:00,4.94,4.95,4.94,4.94,61266.4
2026-08-01 11:10:00,4.94,4.95,4.94,4.94,121983.65
2026-08-01 11:15:00,4.94,4.95,4.93,4.95,63434.37
2026-08-01 11:20:00,4.95,4.95,4.94,4.94,13054.15
2026-08-01 11:25:00,4.94,4.95,4.93,4.94,9287.13
2026-08-01 11:30:00,4.94,4.95,4.94,4.95,56242.38
2026-08-01 11:35:00,4.95,4.95,4.93,4.94,54543.66
2026-08-01 11:40:00,4.94,4.95,4.93,4.94,186614.89
2026-08-01 11:45:00,4.94,4.95,4.94,4.94,40275.92
2026-08-01 11:50:00,4.94,4.95,4.94,4.95,31998.39
2026-08-01 11:55:00,4.95,4.95,4.94,4.95,67802.17
2026-08-01 12:00:00,4.95,4.96,4.95,4.95,123093.65
2026-08-01 12:05:00,4.95,4.96,4.94,4.95,11338.35
2026-08-01 12:10:00,4.95,4.95,4.94,4.94,25836.38
2026-08-01 12:15:00,4.94,4.95,4.94,4.94,17053.95
2026-08-01 12:20:00,4.94,4.95,4.93,4.94,4869.05
2026-08-01 12:25:00,4.94,4.94,4.94,4.94,13184.23
2026-08-01 12:30:00,4.94,4.95,4.94,4.95,22606.62
2026-08-01 12:35:00,4.95,4.96,4.95,4.95,45044.84
2026-08-01 12:40:00,4.95,4.95,4.95,4.95,226586.96
2026-08-01 12:45:00,4.95,4.96,4.95,4.95,13276.03
2026-08-01 12:50:00,4.95,4.96,4.94,4.95,23265.07
2026-08-01 12:55:00,4.95,4.96,4.95,4.95,39773.87
2026-08-01 13:00:00,4.95,4.96,4.95,4.95,74297.69
2026-08-01 13:05:00,4.95,4.95,4.95,4.95,5492.23
2026-08-01 13:10:00,4.95,4.96,4.94,4.96,7025.28
2026-08-01 13:15:00,4.96,4.96,4.96,4.96,2916.6
2026-08-01 13:20:00,4.96,4.98,4.95,4.95,897033.78
2026-08-01 13:25:00,4.95,4.96,4.95,4.96,28588.51
2026-08-01 13:30:00,4.96,4.96,4.95,4.95,27425.21
2026-08-01 13:35:00,4.95,4.96,4.95,4.96,24227.13
2026-08-01 13:40:00,4.96,4.96,4.95,4.95,33851.59
2026-08-01 13:45:00,4.95,4.95,4.94,4.94,98317.53
2026-08-01 13:50:00,4.94,4.94,4.93,4.93,85659.39
2026-08-01 13:55:00,4.93,4.94,4.92,4.94,196631.57
2026-08-01 14:00:00,4.94,4.95,4.92,4.95,408602.22
2026-08-01 14:05:00,4.95,4.95,4.94,4.94,20789.83
2026-08-01 14:10:00,4.94,4.95,4.94,4.95,34906.44
2026-08-01 14:15:00,4.95,4.95,4.94,4.95,10463.4
2026-08-01 14:20:00,4.95,4.96,4.95,4.95,19045.82
2026-08-01 14:25:00,4.95,4.96,4.95,4.95,7405.59
2026-08-01 14:30:00,4.95,4.96,4.95,4.96,35572.39
2026-08-01 14:35:00,4.96,4.96,4.96,4.96,5560.9
2026-08-01 14:40:00,4.96,4.96,4.95,4.95,71963.91
2026-08-01 14:45:00,4.95,4.95,4.94,4.95,36569.84
2026-08-01 14:50:00,4.95,4.96,4.95,4.95,4176.3
2026-08-01 14:55:00,4.95,4.96,4.95,4.95,31347.79
2026-08-01 15:00:00,4.95,4.96,4.95,4.96,674.31
2026-08-01 15:05:00,4.96,4.96,4.95,4.96,52850.1
2026-08-01 15:10:00,4.96,4.96,4.94,4.95,60807.6
2026-08-01 15:15:00,4.95,4.95,4.94,4.95,15642.51
2026-08-01 15:20:00,4.95,4.96,4.95,4.95,22543.89
2026-08-01 15:25:00,4.95,4.96,4.95,4.95,17669.59
2026-08-01 15:30:00,4.95,4.96,4.95,4.95,60092.57
2026-08-01 15:35:00,4.95,4.96,4.95,4.95,168311.81
2026-08-01 15:40:00,4.95,4.95,4.94,4.94,15135.23
2026-08-01 15:45:00,4.94,4.95,4.94,4.94,5575.67
2026-08-01 15:50:00,4.94,4.94,4.94,4.94,293.11
2026-08-01 15:55:00,4.94,4.95,4.93,4.95,328664.79
2026-08-01 16:00:00,4.95,4.96,4.95,4.96,16546.39
2026-08-01 16:05:00,4.96,4.97,4.95,4.95,34625.74
2026-08-01 16:10:00,4.95,4.96,4.95,4.96,5552.87
2026-08-01 16:15:00,4.96,4.96,4.95,4.95,10514.93
2026-08-01 16:20:00,4.95,4.96,4.95,4.95,75534.54
2026-08-01 16:25:00,4.95,4.96,4.94,4.95,1160.51
2026-08-01 16:30:00,4.95,4.95,4.94,4.95,63918.2
2026-08-01 16:35:00,4.95,4.96,4.94,4.95,71505.99
2026-08-01 16:40:00,4.95,4.96,4.95,4.96,5906.77
2026-08-01 16:45:00,4.96,4.96,4.96,4.96,4054.51
2026-08-01 16:50:00,4.96,4.97,4.96,4.97,35416.37
2026-08-01 16:55:00,4.97,4.99,4.96,4.96,116705.62
2026-08-01 17:00:00,4.96,4.98,4.95,4.95,21129.45
2026-08-01 17:05:00,4.95,4.96,4.94,4.96,29382.47
2026-08-01 17:10:00,4.96,4.97,4.95,4.97,77099.5
2026-08-01 17:15:00,4.97,4.97,4.96,4.97,27550.03
2026-08-01 17:20:00,4.97,4.98,4.95,4.96,225128.43
2026-08-01 17:25:00,4.96,4.96,4.96,4.96,42263.81
2026-08-01 17:30:00,4.96,4.96,4.95,4.95,3096.15
2026-08-01 17:35:00,4.95,4.96,4.94,4.94,3277.12
2026-08-01 17:40:00,4.94,4.94,4.93,4.93,32908.12
2026-08-01 17:45:00,4.93,4.93,4.92,4.92,85016.23
2026-08-01 17:50:00,4.92,4.94,4.9,4.93,199396.64
2026-08-01 17:55:00,4.93,4.95,4.92,4.95,167431.78
2026-08-01 18:00:00,4.95,4.95,4.94,4.95,31788.0
2026-08-01 18:05:00,4.95,4.95,4.95,4.95,38352.42
2026-08-01 18:10:00,4.95,4.96,4.95,4.95,12382.86
2026-08-01 18:15:00,4.95,4.97,4.94,4.94,3982.01
2026-08-01 18:20:00,4.94,4.95,4.93,4.95,107123.18
2026-08-01 18:25:00,4.95,4.96,4.95,4.96,43851.4
2026-08-01 18:30:00,4.96,4.96,4.96,4.96,62951.15
2026-08-01 18:35:00,4.96,4.96,4.96,4.96,14860.79
2026-08-01 18:40:00,4.96,4.97,4.95,4.97,28034.19
2026-08-01 18:45:00,4.97,4.97,4.96,4.96,3970.04
2026-08-01 18:50:00,4.96,4.97,4.95,4.95,556431.49
2026-08-01 18:55:00,4.95,4.95,4.94,4.95,32367.12
2026-08-01 19:00:00,4.95,4.95,4.94,4.95,39397.33
2026-08-01 19:05:00,4.95,4.95,4.94,4.95,178861.71
2026-08-01 19:10:00,4.95,4.95,4.94,4.94,43634.4
2026-08-01 19:15:00,4.94,4.95,4.94,4.95,14988.11
2026-08-01 19:20:00,4.95,4.95,4.94,4.95,40104.29
2026-08-01 19:25:00,4.95,4.95,4.94,4.94,74386.04
2026-08-01 19:30:00,4.94,4.94,4.94,4.94,5845.62
2026-08-01 19:35:00,4.94,4.94,4.93,4.93,44880.36
2026-08-01 19:40:00,4.93,4.94,4.93,4.93,56177.03
2026-08-01 19:45:00,4.93,4.94,4.93,4.93,319712.24
2026-08-01 19:50:00,4.93,4.93,4.93,4.93,12909.2
2026-08-01 19:55:00,4.93,4.94,4.93,4.93,557.37
2026-08-01 20:00:00,4.93,4.94,4.93,4.94,156200.67
2026-08-01 20:05:00,4.94,4.94,4.94,4.94,169100.18
2026-08-01 20:10:00,4.94,4.95,4.94,4.95,723.72
2026-08-01 20:15:00,4.95,4.95,4.94,4.94,16823.97
2026-08-01 20:20:00,4.94,4.94,4.93,4.93,81756.0
2026-08-01 20:25:00,4.93,4.94,4.9,4.93,7467.9
2026-08-01 20:30:00,4.93,4.94,4.93,4.94,67812.57
2026-08-01 20:35:00,4.94,4.94,4.93,4.93,58256.45
2026-08-01 20:40:00,4.93,4.94,4.91,4.94,888061.02
2026-08-01 20:45:00,4.94,4.94,4.93,4.93,18434.0
2026-08-01 20:50:00,4.93,4.93,4.92,4.93,186176.71
2026-08-01 20:55:00,4.93,4.93,4.93,4.93,8617.19
2026-08-01 21:00:00,4.93,4.93,4.92,4.92,91079.16
2026-08-01 21:05:00,4.92,4.93,4.9,4.91,190843.84
2026-08-01 21:10:00,4.91,4.91,4.9,4.9,79607.47
2026-08-01 21:15:00,4.9,4.91,4.9,4.9,70808.47
2026-08-01 21:20:00,4.9,4.92,4.9,4.91,7930.12
2026-08-01 21:25:00,4.91,4.92,4.9,4.92,23391.94
2026-08-01 21:30:00,4.92,4.93,4.92,4.93,9361.57
2026-08-01 21:35:00,4.93,4.94,4.91,4.94,181698.69
2026-08-01 21:40:00,4.94,4.94,4.93,4.93,87569.37
2026-08-01 21:45:00,4.93,4.93,4.92,4.92,16939.99
2026-08-01 21:50:00,4.92,4.93,4.91,4.93,51313.45
2026-08-01 21:55:00,4.93,4.93,4.92,4.92,15573.84
2026-08-01 22:00:00,4.92,4.94,4.9,4.93,44924.69
2026-08-01 22:05:00,4.93,4.95,4.93,4.94,3953.66
2026-08-01 22:10:00,4.94,4.95,4.94,4.94,24683.34
2026-08-01 22:15:00,4.94,4.95,4.94,4.95,83074.27
2026-08-01 22:20:00,4.95,4.95,4.94,4.95,146211.16
2026-08-01 22:25:00,4.95,4.97,4.95,4.97,82101.33
2026-08-01 22:30:00,4.97,4.97,4.96,4.96,208934.2
2026-08-01 22:35:00,4.96,4.97,4.96,4.97,23579.72
2026-08-01 22:40:00,4.97,4.98,4.95,4.95,42624.7
2026-08-01 22:45:00,4.95,4.96,4.94,4.95,31631.49
2026-08-01 22:50:00,4.95,4.95,4.95,4.95,12848.33
2026-08-01 22:55:00,4.95,4.96,4.95,4.96,12455.68
2026-08-01 23:00:00,4.96,4.96,4.95,4.96,182508.64
2026-08-01 23:05:00,4.96,4.96,4.95,4.95,35256.26
2026-08-01 23:10:00,4.95,4.98,4.95,4.97,13871.9
2026-08-01 23:15:00,4.97,4.97,4.97,4.97,73292.88
2026-08-01 23:20:00,4.97,4.97,4.95,4.95,163426.93
2026-08-01 23:25:00,4.95,4.97,4.95,4.96,15068.82
2026-08-01 23:30:00,4.96,4.97,4.95,4.95,30875.6
2026-08-01 23:35:00,4.95,4.96,4.95,4.95,1919.06
2026-08-01 23:40:00,4.95,4.96,4.95,4.95,24527.58
2026-08-01 23:45:00,4.95,4.97,4.95,4.96,4437.72
2026-08-01 23:50:00,4.96,4.98,4.96,4.97,100481.83
2026-08-01 23:55:00,4.97,4.97,4.97,4.97,103533.66
2026-08-02 00:00:00,4.97,4.98,4.97,4.98,75352.77
2026-08-02 00:05:00,4.98,4.98,4.97,4.97,23519.58
2026-08-02 00:10:00,4.97,4.98,4.96,4.96,457015.02
2026-08-02 00:15:00,4.96,4.97,4.96,4.97,47715.32
2026-08-02 00:20:00,4.97,4.98,4.95,4.96,13295.45
2026-08-02 00:25:00,4.96,4.96,4.95,4.95,15749.74
2026-08-02 00:30:00,4.95,4.96,4.95,4.96,170417.11
2026-08-02 00:35:00,4.96,4.98,4.94,4.95,378540.12
2026-08-02 00:40:00,4.95,4.96,4.94,4.95,21281.25
2026-08-02 00:45:00,4.95,4.96,4.95,4.95,86404.1
2026-08-02 00:50:00,4.95,4.97,4.95,4.96,141720.42
2026-08-02 00:55:00,4.96,4.98,4.95,4.95,64936.27
2026-08-02 01:00:00,4.95,4.95,4.95,4.95,45155.76
2026-08-02 01:05:00,4.95,4.95,4.94,4.94,8398.88
2026-08-02 01:10:00,4.94,4.94,4.93,4.93,74662.14
2026-08-02 01:15:00,4.93,4.94,4.93,4.93,150650.85
2026-08-02 01:20:00,4.93,4.94,4.93,4.94,4501.21
2026-08-02 01:25:00,4.94,4.95,4.94,4.94,35015.28
2026-08-02 01:30:00,4.94,4.94,4.94,4.94,28049.24
2026-08-02 01:35:00,4.94,4.94,4.94,4.94,14630.24
2026-08-02 01:40:00,4.94,4.95,4.94,4.94,26920.03
2026-08-02 01:45:00,4.94,4.94,4.93,4.93,35674.92
2026-08-02 01:50:00,4.93,4.94,4.93,4.94,49080.93
2026-08-02 01:55:00,4.94,4.94,4.93,4.93,3801.72
2026-08-02 02:00:00,4.93,4.96,4.93,4.95,10928.03
2026-08-02 02:05:00,4.95,4.96,4.95,4.95,28257.22
2026-08-02 02:10:00,4.95,4.95,4.95,4.95,33474.06
2026-08-02 02:15:00,4.95,4.96,4.94,4.95,50012.58
2026-08-02 02:20:00,4.95,4.95,4.94,4.94,89984.46
2026-08-02 02:25:00,4.94,4.95,4.94,4.94,8311.58
2026-08-02 02:30:00,4.94,4.95,4.94,4.95,13651.91
2026-08-02 02:35:00,4.95,4.96,4.95,4.95,145291.09
2026-08-02 02:40:00,4.95,4.96,4.95,4.96,62820.0
2026-08-02 02:45:00,4.96,4.96,4.95,4.95,120424.86
2026-08-02 02:50:00,4.95,4.96,4.94,4.96,155839.25
2026-08-02 02:55:00,4.96,4.96,4.95,4.95,3161.32
2026-08-02 03:00:00,4.95,4.97,4.95,4.96,162940.62
2026-08-02 03:05:00,4.96,4.97,4.96,4.97,10043.91
2026-08-02 03:10:00,4.97,4.97,4.97,4.97,86832.32
2026-08-02 03:15:00,4.97,4.98,4.95,4.96,82874.3
2026-08-02 03:20:00,4.96,4.96,4.96,4.96,10544.12
2026-08-02 03:25:00,4.96,4.96,4.95,4.96,41759.14
2026-08-02 03:30:00,4.96,4.96,4.95,4.96,55823.34
2026-08-02 03:35:00,4.96,4.96,4.95,4.95,47321.54
2026-08-02 03:40:00,4.95,4.96,4.95,4.95,44473.59
2026-08-02 03:45:00,4.95,4.96,4.94,4.94,53979.41
2026-08-02 03:50:00,4.94,4.95,4.94,4.95,51657.84
2026-08-02 03:55:00,4.95,4.95,4.95,4.95,81890.97
2026-08-02 04:00:00,4.95,4.96,4.94,4.95,19393.89
2026-08-02 04:05:00,4.95,4.95,4.94,4.94,30662.67
2026-08-02 04:10:00,4.94,4.95,4.93,4.94,4253.05
2026-08-02 04:15:00,4.94,4.95,4.94,4.95,10521.63
2026-08-02 04:20:00,4.95,4.95,4.95,4.95,37743.96
2026-08-02 04:25:00,4.95,4.96,4.95,4.95,26523.73
2026-08-02 04:30:00,4.95,4.96,4.94,4.96,2177.98
2026-08-02 04:35:00,4.96,4.96,4.95,4.95,16968.91
2026-08-02 04:40:00,4.95,4.97,4.95,4.97,33286.23
2026-08-02 04:45:00,4.97,4.98,4.96,4.97,87765.82
2026-08-02 04:50:00,4.97,4.98,4.96,4.97,192200.15
2026-08-02 04:55:00,4.97,4.97,4.96,4.97,23672.34
2026-08-02 05:00:00,4.97,4.98,4.97,4.98,122054.27
2026-08-02 05:05:00,4.98,4.98,4.97,4.97,7060.39
2026-08-02 05:10:00,4.97,4.97,4.96,4.97,95245.04
2026-08-02 05:15:00,4.97,4.97,4.96,4.96,17841.68
2026-08-02 05:20:00,4.96,4.97,4.96,4.97,68744.78
2026-08-02 05:25:00,4.97,4.97,4.97,4.97,51986.76
2026-08-02 05:30:00,4.97,4.97,4.96,4.97,10664.91
2026-08-02 05:35:00,4.97,4.97,4.96,4.97,29176.57
2026-08-02 05:40:00,4.97,4.99,4.96,4.96,505151.62
2026-08-02 05:45:00,4.96,4.96,4.95,4.95,44164.89
2026-08-02 05:50:00,4.95,4.95,4.94,4.94,119647.36
2026-08-02 05:55:00,4.94,4.95,4.93,4.93,80873.69
2026-08-02 06:00:00,4.93,4.95,4.93,4.95,64278.46
2026-08-02 06:05:00,4.95,4.95,4.94,4.95,221451.41
2026-08-02 06:10:00,4.95,4.95,4.94,4.95,115336.8
2026-08-02 06:15:00,4.95,4.95,4.95,4.95,19087.76
2026-08-02 06:20:00,4.95,4.95,4.94,4.94,21088.15
2026-08-02 06:25:00,4.94,4.95,4.93,4.93,34145.22
2026-08-02 06:30:00,4.93,4.94,4.91,4.93,81684.96
2026-08-02 06:35:00,4.93,4.95,4.92,4.95,79273.36
2026-08-02 06:40:00,4.95,4.95,4.94,4.95,9349.44
2026-08-02 06:45:00,4.95,4.95,4.94,4.94,11295.51
2026-08-02 06:50:00,4.94,4.96,4.94,4.95,99904.93
2026-08-02 06:55:00,4.95,4.95,4.95,4.95,243141.74
2026-08-02 07:00:00,4.95,4.95,4.94,4.94,32540.31
2026-08-02 07:05:00,4.94,4.95,4.94,4.95,59571.5
2026-08-02 07:10:00,4.95,4.95,4.94,4.95,90253.67
2026-08-02 07:15:00,4.95,4.95,4.94,4.95,36734.15
2026-08-02 07:20:00,4.95,4.95,4.94,4.94,22119.51
2026-08-02 07:25:00,4.94,4.95,4.94,4.94,88540.01
2026-08-02 07:30:00,4.94,4.94,4.94,4.94,13612.77
2026-08-02 07:35:00,4.94,4.94,4.93,4.93,6547.48
2026-08-02 07:40:00,4.93,4.94,4.93,4.94,199882.89
2026-08-02 07:45:00,4.94,4.95,4.93,4.94,61934.26
2026-08-02 07:50:00,4.94,4.95,4.94,4.95,16752.08
2026-08-02 07:55:00,4.95,4.96,4.95,4.95,25172.38
2026-08-02 08:00:00,4.95,4.95,4.93,4.94,18697.06
2026-08-02 08:05:00,4.94,4.96,4.93,4.95,161244.24
2026-08-02 08:10:00,4.95,4.96,4.95,4.96,42353.58
2026-08-02 08:15:00,4.96,4.96,4.96,4.96,16756.22
2026-08-02 08:20:00,4.96,4.97,4.95,4.95,36052.61
2026-08-02 08:25:00,4.95,4.96,4.95,4.95,22290.04
2026-08-02 08:30:00,4.95,4.96,4.95,4.95,29152.99
2026-08-02 08:35:00,4.95,4.95,4.95,4.95,36854.44
2026-08-02 08:40:00,4.95,4.95,4.94,4.95,33678.23
2026-08-02 08:45:00,4.95,4.96,4.95,4.95,233241.87
2026-08-02 08:50:00,4.95,4.96,4.93,4.94,65722.87
2026-08-02 08:55:00,4.94,4.94,4.94,4.94,26850.72
2026-08-02 09:00:00,4.94,4.95,4.93,4.95,24515.52
2026-08-02 09:05:00,4.95,4.95,4.94,4.94,135005.33
2026-08-02 09:10:00,4.94,4.95,4.94,4.94,38413.28
2026-08-02 09:15:00,4.94,4.95,4.94,4.94,40875.75
2026-08-02 09:20:00,4.94,4.95,4.94,4.95,12648.64
2026-08-02 09:25:00,4.95,4.95,4.94,4.94,95350.83
2026-08-02 09:30:00,4.94,4.95,4.94,4.95,12396.69
2026-08-02 09:35:00,4.95,4.95,4.94,4.95,16746.63
2026-08-02 09:40:00,4.95,4.96,4.95,4.95,32672.81
2026-08-02 09:45:00,4.95,4.96,4.95,4.95,40406.88
2026-08-02 09:50:00,4.95,4.96,4.94,4.94,22218.57
2026-08-02 09:55:00,4.94,4.95,4.94,4.94,142823.15
2026-08-02 10:00:00,4.94,4.95,4.93,4.94,31267.18
2026-08-02 10:05:00,4.94,4.94,4.93,4.94,55478.36
2026-08-02 10:10:00,4.94,4.94,4.94,4.94,26520.46
2026-08-02 10:15:00,4.94,4.95,4.94,4.94,26204.23
2026-08-02 10:20:00,4.94,4.96,4.94,4.95,21871.87
2026-08-02 10:25:00,4.95,4.96,4.95,4.95,3406.96
2026-08-02 10:30:00,4.95,4.95,4.94,4.95,23073.7
2026-08-02 10:35:00,4.95,4.95,4.94,4.94,22080.74
2026-08-02 10:40:00,4.94,4.96,4.94,4.95,175732.06
2026-08-02 10:45:00,4.95,4.96,4.95,4.96,1584.13
2026-08-02 10:50:00,4.96,4.96,4.95,4.96,58438.81
2026-08-02 10:55:00,4.96,4.97,4.96,4.97,37342.6
2026-08-02 11:00:00,4.97,4.97,4.96,4.97,24618.06
2026-08-02 11:05:00,4.97,4.97,4.96,4.96,96135.51
2026-08-02 11:10:00,4.96,4.96,4.96,4.96,10179.55
2026-08-02 11:15:00,4.96,4.97,4.95,4.97,4792.69
2026-08-02 11:20:00,4.97,4.97,4.96,4.96,17842.99
2026-08-02 11:25:00,4.96,4.97,4.96,4.97,13003.52
2026-08-02 11:30:00,4.97,4.97,4.96,4.96,129284.15
2026-08-02 11:35:00,4.96,4.97,4.95,4.97,3257.22
2026-08-02 11:40:00,4.97,4.99,4.95,4.96,350916.74
2026-08-02 11:45:00,4.96,4.96,4.95,4.96,4677.08
2026-08-02 11:50:00,4.96,4.96,4.95,4.95,110426.59
2026-08-02 11:55:00,4.95,4.95,4.95,4.95,213913.18
2026-08-02 12:00:00,4.95,4.96,4.95,4.96,7971.24
2026-08-02 12:05:00,4.96,4.96,4.95,4.95,175814.02
2026-08-02 12:10:00,4.95,4.96,4.95,4.95,124609.83
2026-08-02 12:15:00,4.95,4.95,4.94,4.95,29363.29
2026-08-02 12:20:00,4.95,4.95,4.94,4.95,83201.11
2026-08-02 12:25:00,4.95,4.95,4.94,4.94,28038.87
2026-08-02 12:30:00,4.94,4.95,4.94,4.95,4067.48
2026-08-02 12:35:00,4.95,4.95,4.95,4.95,43146.25
2026-08-02 12:40:00,4.95,4.95,4.95,4.95,29160.68
2026-08-02 12:45:00,4.95,4.96,4.95,4.95,22303.26
2026-08-02 12:50:00,4.95,4.96,4.95,4.96,10650.58
2026-08-02 12:55:00,4.96,4.96,4.96,4.96,16978.76
2026-08-02 13:00:00,4.96,4.96,4.96,4.96,145405.0
2026-08-02 13:05:00,4.96,4.96,4.95,4.95,127329.17
2026-08-02 13:10:00,4.95,4.96,4.94,4.95,48713.01
2026-08-02 13:15:00,4.95,4.95,4.95,4.95,57988.04
2026-08-02 13:20:00,4.95,4.95,4.95,4.95,43413.9
2026-08-02 13:25:00,4.95,4.96,4.95,4.95,31093.19
2026-08-02 13:30:00,4.95,4.96,4.95,4.96,36316.09
2026-08-02 13:35:00,4.96,4.96,4.95,4.96,23557.71
2026-08-02 13:40:00,4.96,4.96,4.95,4.95,22825.67
2026-08-02 13:45:00,4.95,4.96,4.95,4.95,46133.37
2026-08-02 13:50:00,4.95,4.95,4.95,4.95,72566.8
2026-08-02 13:55:00,4.95,4.96,4.94,4.95,28499.5
2026-08-02 14:00:00,4.95,4.96,4.95,4.95,74701.54
2026-08-02 14:05:00,4.95,4.96,4.95,4.95,1465.12
2026-08-02 14:10:00,4.95,4.96,4.94,4.95,7069.46
2026-08-02 14:15:00,4.95,4.95,4.95,4.95,34387.87
2026-08-02 14:20:00,4.95,4.96,4.94,4.95,9175.53
2026-08-02 14:25:00,4.95,4.97,4.95,4.97,11755.68
2026-08-02 14:30:00,4.97,4.99,4.96,4.96,223414.24
2026-08-02 14:35:00,4.96,4.97,4.95,4.96,11755.26
2026-08-02 14:40:00,4.96,4.98,4.95,4.95,135446.24
2026-08-02 14:45:00,4.95,4.96,4.95,4.95,13744.75
2026-08-02 14:50:00,4.95,4.96,4.93,4.94,865.73
2026-08-02 14:55:00,4.94,4.95,4.92,4.95,521517.36
2026-08-02 15:00:00,4.95,4.95,4.94,4.94,94803.42
2026-08-02 15:05:00,4.94,4.95,4.94,4.95,109594.38
2026-08-02 15:10:00,4.95,4.95,4.95,4.95,53742.72
2026-08-02 15:15:00,4.95,4.96,4.95,4.96,54013.69
2026-08-02 15:20:00,4.96,4.97,4.95,4.95,104401.18
2026-08-02 15:25:00,4.95,4.97,4.95,4.96,34080.2
2026-08-02 15:30:00,4.96,4.96,4.96,4.96,15714.96
2026-08-02 15:35:00,4.96,4.97,4.96,4.97,26260.92
2026-08-02 15:40:00,4.97,4.97,4.96,4.97,13780.76
2026-08-02 15:45:00,4.97,4.97,4.96,4.96,25000.84
2026-08-02 15:50:00,4.96,4.97,4.95,4.96,6317.18
2026-08-02 15:55:00,4.96,4.96,4.95,4.95,37824.89
2026-08-02 16:00:00,4.95,4.95,4.95,4.95,68713.26
2026-08-02 16:05:00,4.95,4.96,4.95,4.95,79418.62
2026-08-02 16:10:00,4.95,4.96,4.95,4.95,15011.53
2026-08-02 16:15:00,4.95,4.96,4.95,4.95,40716.75
2026-08-02 16:20:00,4.95,4.95,4.95,4.95,110.12
2026-08-02 16:25:00,4.95,4.96,4.94,4.95,24479.2
2026-08-02 16:30:00,4.95,4.95,4.94,4.94,38962.62
2026-08-02 16:35:00,4.94,4.95,4.93,4.93,38064.58
2026-08-02 16:40:00,4.93,4.94,4.92,4.93,180345.77
2026-08-02 16:45:00,4.93,4.93,4.91,4.92,12447.77
2026-08-02 16:50:00,4.92,4.93,4.91,4.93,550364.6
2026-08-02 16:55:00,4.93,4.94,4.93,4.94,3002.53
2026-08-02 17:00:00,4.94,4.94,4.94,4.94,12665.96
2026-08-02 17:05:00,4.94,4.95,4.94,4.94,38325.71
2026-08-02 17:10:00,4.94,4.95,4.94,4.94,6074.9
2026-08-02 17:15:00,4.94,4.95,4.94,4.95,17436.22
2026-08-02 17:20:00,4.95,4.96,4.94,4.96,189869.83
2026-08-02 17:25:00,4.96,4.96,4.95,4.95,49323.54
2026-08-02 17:30:00,4.95,4.95,4.95,4.95,17934.4
2026-08-02 17:35:00,4.95,4.96,4.95,4.95,42808.24
2026-08-02 17:40:00,4.95,4.96,4.95,4.95,8133.71
2026-08-02 17:45:00,4.95,4.96,4.94,4.95,70163.0
2026-08-02 17:50:00,4.95,4.95,4.94,4.95,27860.33
2026-08-02 17:55:00,4.95,4.95,4.95,4.95,7367.91
2026-08-02 18:00:00,4.95,4.96,4.94,4.94,18429.14
2026-08-02 18:05:00,4.94,4.95,4.93,4.95,54127.97
2026-08-02 18:10:00,4.95,4.95,4.95,4.95,123598.78
2026-08-02 18:15:00,4.95,4.95,4.94,4.95,77846.69
2026-08-02 18:20:00,4.95,4.95,4.94,4.95,69386.46
2026-08-02 18:25:00,4.95,4.96,4.93,4.96,211838.51
2026-08-02 18:30:00,4.96,4.96,4.94,4.95,42729.4
2026-08-02 18:35:00,4.95,4.96,4.93,4.95,268998.01
2026-08-02 18:40:00,4.95,4.96,4.95,4.96,226795.64
2026-08-02 18:45:00,4.96,4.97,4.95,4.96,133456.19
2026-08-02 18:50:00,4.96,4.96,4.96,4.96,131691.79
2026-08-02 18:55:00,4.96,4.96,4.95,4.96,113774.17
2026-08-02 19:00:00,4.96,4.97,4.95,4.95,208514.49
2026-08-02 19:05:00,4.95,4.96,4.95,4.95,16541.03
2026-08-02 19:10:00,4.95,4.96,4.95,4.95,64828.16
2026-08-02 19:15:00,4.95,4.96,4.95,4.96,14774.38
2026-08-02 19:20:00,4.96,4.96,4.95,4.95,17239.35
2026-08-02 19:25:00,4.95,4.95,4.95,4.95,193.72
2026-08-02 19:30:00,4.95,4.96,4.94,4.95,30774.16
2026-08-02 19:35:00,4.95,4.96,4.94,4.94,32474.74
2026-08-02 19:40:00,4.94,4.95,4.94,4.94,15513.88
2026-08-02 19:45:00,4.94,4.95,4.94,4.94,59599.81
2026-08-02 19:50:00,4.94,4.95,4.94,4.94,40446.34
2026-08-02 19:55:00,4.94,4.96,4.94,4.95,52395.2
2026-08-02 20:00:00,4.95,4.96,4.95,4.95,137394.63
2026-08-02 20:05:00,4.95,4.96,4.95,4.95,8465.13
2026-08-02 20:10:00,4.95,4.96,4.95,4.96,24948.26
2026-08-02 20:15:00,4.96,4.96,4.96,4.96,43072.36
2026-08-02 20:20:00,4.96,4.97,4.95,4.96,68643.19
2026-08-02 20:25:00,4.96,4.96,4.94,4.95,108204.93
2026-08-02 20:30:00,4.95,4.95,4.94,4.95,11756.08
2026-08-02 20:35:00,4.95,4.95,4.94,4.95,405.86
2026-08-02 20:40:00,4.95,4.95,4.93,4.94,6782.8
2026-08-02 20:45:00,4.94,4.94,4.92,4.92,51971.37
2026-08-02 20:50:00,4.92,4.93,4.92,4.92,10410.54
2026-08-02 20:55:00,4.92,4.93,4.91,4.92,54962.02
2026-08-02 21:00:00,4.92,4.92,4.91,4.92,22982.32
2026-08-02 21:05:00,4.92,4.92,4.92,4.92,52236.07
2026-08-02 21:10:00,4.92,4.93,4.92,4.92,1122.49
2026-08-02 21:15:00,4.92,4.93,4.92,4.92,10449.18
2026-08-02 21:20:00,4.92,4.92,4.92,4.92,24579.6
2026-08-02 21:25:00,4.92,4.92,4.91,4.92,4507.02
2026-08-02 21:30:00,4.92,4.93,4.9,4.93,155247.42
2026-08-02 21:35:00,4.93,4.94,4.92,4.94,78414.15
2026-08-02 21:40:00,4.94,4.94,4.93,4.93,48484.82
2026-08-02 21:45:00,4.93,4.94,4.92,4.93,120672.61
2026-08-02 21:50:00,4.93,4.93,4.93,4.93,6665.44
2026-08-02 21:55:00,4.93,4.94,4.93,4.93,81169.62
2026-08-02 22:00:00,4.93,4.93,4.93,4.93,4549.49
2026-08-02 22:05:00,4.93,4.93,4.93,4.93,145101.18
2026-08-02 22:10:00,4.93,4.94,4.93,4.93,1997.28
2026-08-02 22:15:00,4.93,4.94,4.93,4.94,83521.59
2026-08-02 22:20:00,4.94,4.94,4.93,4.93,20358.4
2026-08-02 22:25:00,4.93,4.93,4.93,4.93,87904.04
2026-08-02 22:30:00,4.93,4.94,4.93,4.94,76510.62
2026-08-02 22:35:00,4.94,4.95,4.93,4.94,116257.59
2026-08-02 22:40:00,4.94,4.95,4.94,4.95,18051.18
2026-08-02 22:45:00,4.95,4.95,4.94,4.94,168865.77
2026-08-02 22:50:00,4.94,4.94,4.94,4.94,9820.68
2026-08-02 22:55:00,4.94,4.94,4.94,4.94,92561.4
2026-08-02 23:00:00,4.94,4.95,4.94,4.95,7509.62
2026-08-02 23:05:00,4.95,4.95,4.95,4.95,5533.67
2026-08-02 23:10:00,4.95,4.95,4.94,4.95,105430.09
2026-08-02 23:15:00,4.95,4.95,4.94,4.94,39616.42
2026-08-02 23:20:00,4.94,4.94,4.92,4.93,15044.28
2026-08-02 23:25:00,4.93,4.93,4.92,4.93,97346.84
2026-08-02 23:30:00,4.93,4.94,4.93,4.93,8714.19
2026-08-02 23:35:00,4.93,4.94,4.92,4.94,42220.44
2026-08-02 23:40:00,4.94,4.94,4.93,4.94,56814.94
2026-08-02 23:45:00,4.94,4.94,4.94,4.94,15110.2
2026-08-02 23:50:00,4.94,4.95,4.93,4.94,83568.26
2026-08-02 23:55:00,4.94,4.94,4.93,4.93,71562.93
2026-08-03 00:00:00,4.93,4.94,4.93,4.93,62166.08
2026-08-03 00:05:00,4.93,4.94,4.93,4.93,78127.27
2026-08-03 00:10:00,4.93,4.94,4.92,4.93,19322.54
2026-08-03 00:15:00,4.93,4.94,4.93,4.93,98395.07
2026-08-03 00:20:00,4.93,4.93,4.93,4.93,19666.85
2026-08-03 00:25:00,4.93,4.94,4.92,4.92,128273.13
2026-08-03 00:30:00,4.92,4.92,4.92,4.92,99875.41
2026-08-03 00:35:00,4.92,4.92,4.92,4.92,57880.4
2026-08-03 00:40:00,4.92,4.92,4.92,4.92,13293.68
2026-08-03 00:45:00,4.92,4.92,4.92,4.92,73434.2
2026-08-03 00:50:00,4.92,4.93,4.92,4.92,202157.52
2026-08-03 00:55:00,4.92,4.94,4.91,4.94,205681.04
2026-08-03 01:00:00,4.94,4.94,4.92,4.93,26880.81
2026-08-03 01:05:00,4.93,4.94,4.9,4.94,14990.95
2026-08-03 01:10:00,4.94,4.94,4.93,4.94,25672.6
2026-08-03 01:15:00,4.94,4.94,4.93,4.93,19560.43
2026-08-03 01:20:00,4.93,4.93,4.92,4.92,5303.73
2026-08-03 01:25:00,4.92,4.93,4.92,4.92,13505.42
2026-08-03 01:30:00,4.92,4.93,4.92,4.92,28891.38
2026-08-03 01:35:00,4.92,4.93,4.91,4.93,73689.09
2026-08-03 01:40:00,4.93,4.93,4.91,4.92,29733.04
2026-08-03 01:45:00,4.92,4.92,4.92,4.92,107549.93
2026-08-03 01:50:00,4.92,4.93,4.92,4.92,18907.17
2026-08-03 01:55:00,4.92,4.94,4.92,4.93,33235.63
2026-08-03 02:00:00,4.93,4.94,4.92,4.94,17783.58
2026-08-03 02:05:00,4.94,4.94,4.93,4.94,34212.74
2026-08-03 02:10:00,4.94,4.94,4.93,4.94,45287.75
2026-08-03 02:15:00,4.94,4.95,4.94,4.94,72233.48
2026-08-03 02:20:00,4.94,4.95,4.93,4.93,26427.1
2026-08-03 02:25:00,4.93,4.94,4.93,4.93,49593.88
2026-08-03 02:30:00,4.93,4.93,4.92,4.92,42342.28
2026-08-03 02:35:00,4.92,4.94,4.9,4.93,12740.93
2026-08-03 02:40:00,4.93,4.94,4.93,4.94,4335.28
2026-08-03 02:45:00,4.94,4.94,4.92,4.93,2803.11
2026-08-03 02:50:00,4.93,4.95,4.92,4.94,315062.02
2026-08-03 02:55:00,4.94,4.95,4.93,4.94,53016.76
2026-08-03 03:00:00,4.94,4.94,4.93,4.93,251288.42
2026-08-03 03:05:00,4.93,4.93,4.92,4.93,28080.48
2026-08-03 03:10:00,4.93,4.93,4.92,4.92,42440.32
2026-08-03 03:15:00,4.92,4.93,4.9,4.92,403288.66
2026-08-03 03:20:00,4.92,4.92,4.92,4.92,203983.52
2026-08-03 03:25:00,4.92,4.93,4.91,4.93,95177.03
2026-08-03 03:30:00,4.93,4.94,4.91,4.94,287792.74
2026-08-03 03:35:00,4.94,4.94,4.93,4.93,8456.02
2026-08-03 03:40:00,4.93,4.95,4.92,4.93,39599.65
2026-08-03 03:45:00,4.93,4.93,4.92,4.92,10410.6
2026-08-03 03:50:00,4.92,4.93,4.91,4.93,21753.94
2026-08-03 03:55:00,4.93,4.95,4.92,4.92,22135.05
2026-08-03 04:00:00,4.92,4.92,4.92,4.92,62762.9
2026-08-03 04:05:00,4.92,4.92,4.91,4.92,19266.49
2026-08-03 04:10:00,4.92,4.93,4.91,4.92,3817.05
2026-08-03 04:15:00,4.92,4.92,4.92,4.92,7201.41
2026-08-03 04:20:00,4.92,4.94,4.9,4.94,67827.92
2026-08-03 04:25:00,4.94,4.94,4.93,4.93,49306.92
2026-08-03 04:30:00,4.93,4.95,4.92,4.92,286130.93
2026-08-03 04:35:00,4.92,4.93,4.9,4.93,136782.42
2026-08-03 04:40:00,4.93,4.94,4.91,4.94,53060.0
2026-08-03 04:45:00,4.94,4.94,4.93,4.94,384.33
2026-08-03 04:50:00,4.94,4.96,4.93,4.93,61559.25
2026-08-03 04:55:00,4.93,4.93,4.93,4.93,19677.43
2026-08-03 05:00:00,4.93,4.94,4.93,4.94,38449.16
2026-08-03 05:05:00,4.94,4.96,4.93,4.93,422773.13
2026-08-03 05:10:00,4.93,4.93,4.92,4.92,30692.49
2026-08-03 05:15:00,4.92,4.93,4.92,4.92,16968.6
2026-08-03 05:20:00,4.92,4.92,4.91,4.91,49651.36
2026-08-03 05:25:00,4.91,4.93,4.9,4.92,90364.55
2026-08-03 05:30:00,4.92,4.93,4.92,4.92,5218.61
2026-08-03 05:35:00,4.92,4.92,4.92,4.92,65373.53
2026-08-03 05:40:00,4.92,4.93,4.91,4.93,108203.28
2026-08-03 05:45:00,4.93,4.94,4.93,4.93,30218.91
2026-08-03 05:50:00,4.93,4.94,4.92,4.92,175987.19
2026-08-03 05:55:00,4.92,4.93,4.92,4.93,28288.31
2026-08-03 06:00:00,4.93,4.93,4.93,4.93,70282.87
2026-08-03 06:05:00,4.93,4.94,4.91,4.94,310.43
2026-08-03 06:10:00,4.94,4.94,4.93,4.93,45862.02
2026-08-03 06:15:00,4.93,4.94,4.93,4.94,17306.78
2026-08-03 06:20:00,4.94,4.94,4.93,4.94,81845.32
2026-08-03 06:25:00,4.94,4.95,4.94,4.94,8662.58
2026-08-03 06:30:00,4.94,4.95,4.94,4.95,43757.69
2026-08-03 06:35:00,4.95,4.95,4.95,4.95,31895.26
2026-08-03 06:40:00,4.95,4.95,4.94,4.94,13319.72
2026-08-03 06:45:00,4.94,4.95,4.94,4.94,9201.61
2026-08-03 06:50:00,4.94,4.95,4.93,4.94,86101.74
2026-08-03 06:55:00,4.94,4.95,4.93,4.93,240585.45
2026-08-03 07:00:00,4.93,4.94,4.91,4.94,62093.85
2026-08-03 07:05:00,4.94,4.94,4.94,4.94,220677.87
2026-08-03 07:10:00,4.94,4.94,4.93,4.93,85187.31
2026-08-03 07:15:00,4.93,4.95,4.92,4.92,449778.7
2026-08-03 07:20:00,4.92,4.92,4.92,4.92,188145.29
2026-08-03 07:25:00,4.92,4.94,4.92,4.93,55071.34
2026-08-03 07:30:00,4.93,4.94,4.92,4.93,133958.98
2026-08-03 07:35:00,4.93,4.94,4.93,4.93,96881.91
2026-08-03 07:40:00,4.93,4.94,4.93,4.93,50827.06
2026-08-03 07:45:00,4.93,4.94,4.93,4.93,107404.76
2026-08-03 07:50:00,4.93,4.94,4.93,4.94,233457.53
2026-08-03 07:55:00,4.94,4.94,4.93,4.94,48053.12
2026-08-03 08:00:00,4.94,4.94,4.93,4.93,125155.35
2026-08-03 08:05:00,4.93,4.93,4.93,4.93,7940.71
2026-08-03 08:10:00,4.93,4.93,4.93,4.93,75836.65
2026-08-03 08:15:00,4.93,4.93,4.92,4.92,43830.84
2026-08-03 08:20:00,4.92,4.93,4.92,4.93,9411.8
2026-08-03 08:25:00,4.93,4.93,4.93,4.93,4011.87
2026-08-03 08:30:00,4.93,4.94,4.92,4.92,49736.72
2026-08-03 08:35:00,4.92,4.93,4.92,4.93,39888.91
2026-08-03 08:40:00,4.93,4.93,4.92,4.93,1142.53
2026-08-03 08:45:00,4.93,4.93,4.93,4.93,7826.54
2026-08-03 08:50:00,4.93,4.93,4.92,4.92,110760.96
2026-08-03 08:55:00,4.92,4.92,4.92,4.92,499.39
2026-08-03 09:00:00,4.92,4.92,4.91,4.91,14547.24
2026-08-03 09:05:00,4.91,4.92,4.91,4.91,27658.4
2026-08-03 09:10:00,4.91,4.91,4.9,4.91,10238.91
2026-08-03 09:15:00,4.91,4.92,4.89,4.92,254422.17
2026-08-03 09:20:00,4.92,4.92,4.92,4.92,10.0
2026-08-03 09:25:00,4.92,4.93,4.91,4.93,420598.02
2026-08-03 09:30:00,4.93,4.93,4.92,4.93,637.64
2026-08-03 09:35:00,4.93,4.93,4.92,4.92,64907.58
2026-08-03 09:40:00,4.92,4.93,4.92,4.92,21482.1
2026-08-03 09:45:00,4.92,4.93,4.9,4.93,2893.32
2026-08-03 09:50:00,4.93,4.93,4.93,4.93,133689.24
2026-08-03 09:55:00,4.93,4.93,4.91,4.92,5610.61
2026-08-03 10:00:00,4.92,4.93,4.91,4.93,256286.81
2026-08-03 10:05:00,4.93,4.94,4.92,4.92,25242.51
2026-08-03 10:10:00,4.92,4.94,4.92,4.93,8825.21
2026-08-03 10:15:00,4.93,4.93,4.92,4.93,20926.52
2026-08-03 10:20:00,4.93,4.94,4.93,4.93,10320.79
2026-08-03 10:25:00,4.93,4.94,4.92,4.93,13300.37
2026-08-03 10:30:00,4.93,4.93,4.92,4.92,11932.22
2026-08-03 10:35:00,4.92,4.92,4.92,4.92,53431.15
2026-08-03 10:40:00,4.92,4.93,4.92,4.92,43997.57
2026-08-03 10:45:00,4.92,4.93,4.91,4.92,4006.17
2026-08-03 10:50:00,4.92,4.93,4.92,4.93,4842.1
2026-08-03 10:55:00,4.93,4.93,4.92,4.92,108001.77
2026-08-03 11:00:00,4.92,4.93,4.92,4.93,61742.03
2026-08-03 11:05:00,4.93,4.94,4.93,4.93,41202.97
2026-08-03 11:10:00,4.93,4.94,4.93,4.94,29664.97
2026-08-03 11:15:00,4.94,4.95,4.93,4.94,62481.55
2026-08-03 11:20:00,4.94,4.96,4.94,4.96,86855.29
2026-08-03 11:25:00,4.96,4.98,4.95,4.95,75648.99
2026-08-03 11:30:00,4.95,4.96,4.95,4.96,12998.41
2026-08-03 11:35:00,4.96,4.97,4.95,4.96,216161.77
2026-08-03 11:40:00,4.96,4.96,4.95,4.96,60890.17
2026-08-03 11:45:00,4.96,4.97,4.94,4.95,85131.54
2026-08-03 11:50:00,4.95,4.95,4.94,4.95,317038.21
2026-08-03 11:55:00,4.95,4.95,4.95,4.95,101546.64
2026-08-03 12:00:00,4.95,4.96,4.95,4.95,20305.17
2026-08-03 12:05:00,4.95,4.97,4.94,4.94,43197.04
2026-08-03 12:10:00,4.94,4.94,4.93,4.94,72722.52
2026-08-03 12:15:00,4.94,4.94,4.93,4.94,42386.81
2026-08-03 12:20:00,4.94,4.94,4.93,4.94,3456.38
2026-08-03 12:25:00,4.94,4.94,4.93,4.93,81292.49
2026-08-03 12:30:00,4.93,4.94,4.93,4.93,73187.48
2026-08-03 12:35:00,4.93,4.93,4.92,4.93,130646.27
2026-08-03 12:40:00,4.93,4.93,4.92,4.93,64493.79
2026-08-03 12:45:00,4.93,4.93,4.92,4.92,41632.65
2026-08-03 12:50:00,4.92,4.92,4.91,4.91,88243.09
2026-08-03 12:55:00,4.91,4.92,4.91,4.91,10090.16
2026-08-03 13:00:00,4.91,4.93,4.9,4.93,141936.59
2026-08-03 13:05:00,4.93,4.94,4.92,4.93,26649.44
2026-08-03 13:10:00,4.93,4.94,4.92,4.93,8166.96
2026-08-03 13:15:00,4.93,4.93,4.92,4.92,73371.44
2026-08-03 13:20:00,4.92,4.92,4.91,4.92,32524.04
2026-08-03 13:25:00,4.92,4.92,4.91,4.92,6558.61
2026-08-03 13:30:00,4.92,4.92,4.9,4.92,170005.61
2026-08-03 13:35:00,4.92,4.92,4.92,4.92,8476.82
2026-08-03 13:40:00,4.92,4.92,4.92,4.92,17355.22
2026-08-03 13:45:00,4.92,4.92,4.91,4.91,34275.57
2026-08-03 13:50:00,4.91,4.91,4.9,4.91,18029.16
2026-08-03 13:55:00,4.91,4.92,4.89,4.92,20764.51
2026-08-03 14:00:00,4.92,4.92,4.91,4.91,2316.17
2026-08-03 14:05:00,4.91,4.93,4.89,4.92,266804.83
2026-08-03 14:10:00,4.92,4.93,4.92,4.93,26383.88
2026-08-03 14:15:00,4.93,4.94,4.92,4.93,2855.24
2026-08-03 14:20:00,4.93,4.93,4.92,4.92,62169.11
2026-08-03 14:25:00,4.92,4.92,4.92,4.92,1774.1
2026-08-03 14:30:00,4.92,4.93,4.91,4.93,92543.85
2026-08-03 14:35:00,4.93,4.93,4.91,4.92,123426.05
2026-08-03 14:40:00,4.92,4.93,4.9,4.93,92595.2
2026-08-03 14:45:00,4.93,4.94,4.93,4.93,71392.97
2026-08-03 14:50:00,4.93,4.93,4.93,4.93,18649.27
2026-08-03 14:55:00,4.93,4.93,4.92,4.93,2985.65
2026-08-03 15:00:00,4.93,4.94,4.92,4.93,21582.82
2026-08-03 15:05:00,4.93,4.94,4.93,4.94,74534.23
2026-08-03 15:10:00,4.94,4.95,4.94,4.95,166356.45
2026-08-03 15:15:00,4.95,4.96,4.95,4.96,45133.55
2026-08-03 15:20:00,4.96,4.96,4.95,4.96,15217.44
2026-08-03 15:25:00,4.96,4.97,4.94,4.95,7338.32
2026-08-03 15:30:00,4.95,4.95,4.94,4.94,54348.31
2026-08-03 15:35:00,4.94,4.95,4.94,4.94,42432.55
2026-08-03 15:40:00,4.94,4.94,4.94,4.94,144127.99
2026-08-03 15:45:00,4.94,4.94,4.94,4.94,13214.35
2026-08-03 15:50:00,4.94,4.94,4.93,4.94,3956.73
2026-08-03 15:55:00,4.94,4.94,4.93,4.94,54109.89
2026-08-03 16:00:00,4.94,4.95,4.93,4.94,6739.8
2026-08-03 16:05:00,4.94,4.95,4.93,4.94,73038.98
2026-08-03 16:10:00,4.94,4.94,4.93,4.94,64330.31
2026-08-03 16:15:00,4.94,4.94,4.93,4.93,68284.44
2026-08-03 16:20:00,4.93,4.93,4.93,4.93,28850.02
2026-08-03 16:25:00,4.93,4.93,4.92,4.92,125152.23
2026-08-03 16:30:00,4.92,4.93,4.92,4.93,111059.55
2026-08-03 16:35:00,4.93,4.93,4.93,4.93,78932.05
2026-08-03 16:40:00,4.93,4.93,4.92,4.93,16308.89
2026-08-03 16:45:00,4.93,4.93,4.92,4.92,45560.18
2026-08-03 16:50:00,4.92,4.92,4.92,4.92,15893.21
2026-08-03 16:55:00,4.92,4.92,4.91,4.91,8199.19
2026-08-03 17:00:00,4.91,4.92,4.91,4.91,54253.98
2026-08-03 17:05:00,4.91,4.92,4.91,4.91,66261.76
2026-08-03 17:10:00,4.91,4.92,4.9,4.9,205331.17
2026-08-03 17:15:00,4.9,4.9,4.89,4.89,68531.61
2026-08-03 17:20:00,4.89,4.91,4.88,4.9,47451.67
2026-08-03 17:25:00,4.9,4.91,4.9,4.9,30929.24
2026-08-03 17:30:00,4.9,4.9,4.9,4.9,24350.72
2026-08-03 17:35:00,4.9,4.91,4.9,4.91,6902.49
2026-08-03 17:40:00,4.91,4.91,4.9,4.9,48008.93
2026-08-03 17:45:00,4.9,4.91,4.89,4.91,143139.65
2026-08-03 17:50:00,4.91,4.93,4.91,4.92,42000.94
2026-08-03 17:55:00,4.92,4.92,4.92,4.92,16731.7
2026-08-03 18:00:00,4.92,4.92,4.91,4.91,22963.21
2026-08-03 18:05:00,4.91,4.93,4.9,4.92,18851.57
2026-08-03 18:10:00,4.92,4.93,4.92,4.92,34362.74
2026-08-03 18:15:00,4.92,4.93,4.91,4.91,4447.53
2026-08-03 18:20:00,4.91,4.92,4.91,4.91,67831.64
2026-08-03 18:25:00,4.91,4.92,4.89,4.92,201368.5
2026-08-03 18:30:00,4.92,4.92,4.9,4.92,24865.67
2026-08-03 18:35:00,4.92,4.93,4.92,4.93,27903.85
2026-08-03 18:40:00,4.93,4.93,4.92,4.92,56561.47
2026-08-03 18:45:00,4.92,4.92,4.91,4.92,132053.29
2026-08-03 18:50:00,4.92,4.92,4.91,4.92,79698.05
2026-08-03 18:55:00,4.92,4.92,4.91,4.91,35102.78
2026-08-03 19:00:00,4.91,4.92,4.9,4.92,90642.9
2026-08-03 19:05:00,4.92,4.92,4.91,4.92,157424.13
2026-08-03 19:10:00,4.92,4.92,4.91,4.91,975.08
2026-08-03 19:15:00,4.91,4.92,4.89,4.92,283040.85
2026-08-03 19:20:00,4.92,4.93,4.9,4.93,461656.17
2026-08-03 19:25:00,4.93,4.93,4.92,4.92,163212.71
2026-08-03 19:30:00,4.92,4.93,4.92,4.93,24762.81
2026-08-03 19:35:00,4.93,4.93,4.92,4.92,8308.9
2026-08-03 19:40:00,4.92,4.92,4.92,4.92,85806.03
2026-08-03 19:45:00,4.92,4.92,4.9,4.91,16221.55
2026-08-03 19:50:00,4.91,4.91,4.89,4.9,111526.59
2026-08-03 19:55:00,4.9,4.9,4.9,4.9,3794.18
2026-08-03 20:00:00,4.9,4.91,4.89,4.9,18558.3
2026-08-03 20:05:00,4.9,4.9,4.89,4.89,12005.57
2026-08-03 20:10:00,4.89,4.89,4.87,4.87,30853.95
2026-08-03 20:15:00,4.87,4.88,4.87,4.87,6906.77
2026-08-03 20:20:00,4.87,4.88,4.87,4.88,5581.11
2026-08-03 20:25:00,4.88,4.88,4.87,4.88,1401.27
2026-08-03 20:30:00,4.88,4.88,4.87,4.87,122926.33
2026-08-03 20:35:00,4.87,4.88,4.87,4.87,53470.67
2026-08-03 20:40:00,4.87,4.88,4.85,4.88,33964.96
2026-08-03 20:45:00,4.88,4.88,4.88,4.88,63057.8
2026-08-03 20:50:00,4.88,4.89,4.86,4.89,320227.21
2026-08-03 20:55:00,4.89,4.9,4.89,4.89,92199.69
2026-08-03 21:00:00,4.89,4.91,4.88,4.9,133173.12
2026-08-03 21:05:00,4.9,4.91,4.9,4.91,4336.37
2026-08-03 21:10:00,4.91,4.92,4.9,4.92,204858.0
2026-08-03 21:15:00,4.92,4.92,4.91,4.91,41711.75
2026-08-03 21:20:00,4.91,4.92,4.91,4.91,38537.45
2026-08-03 21:25:00,4.91,4.92,4.91,4.92,104749.73
2026-08-03 21:30:00,4.92,4.92,4.92,4.92,26670.73
2026-08-03 21:35:00,4.92,4.93,4.91,4.92,20130.48
2026-08-03 21:40:00,4.92,4.92,4.91,4.91,190778.24
2026-08-03 21:45:00,4.91,4.92,4.91,4.91,1983.71
2026-08-03 21:50:00,4.91,4.92,4.91,4.92,3993.12
2026-08-03 21:55:00,4.92,4.92,4.91,4.92,34327.18
2026-08-03 22:00:00,4.92,4.92,4.91,4.92,105628.53
2026-08-03 22:05:00,4.92,4.93,4.91,4.92,12018.6
2026-08-03 22:10:00,4.92,4.92,4.92,4.92,24218.04
2026-08-03 22:15:00,4.92,4.92,4.92,4.92,114981.33
2026-08-03 22:20:00,4.92,4.92,4.91,4.92,175.45
2026-08-03 22:25:00,4.92,4.92,4.92,4.92,111612.57
2026-08-03 22:30:00,4.92,4.92,4.92,4.92,241825.53
2026-08-03 22:35:00,4.92,4.93,4.92,4.92,45784.63
2026-08-03 22:40:00,4.92,4.93,4.92,4.92,6445.5
2026-08-03 22:45:00,4.92,4.92,4.91,4.92,25781.43
2026-08-03 22:50:00,4.92,4.93,4.91,4.92,3590.38
2026-08-03 22:55:00,4.92,4.92,4.92,4.92,14477.65
2026-08-03 23:00:00,4.92,4.92,4.91,4.92,12734.67
2026-08-03 23:05:00,4.92,4.92,4.92,4.92,29592.81
2026-08-03 23:10:00,4.92,4.92,4.92,4.92,8374.89
2026-08-03 23:15:00,4.92,4.93,4.92,4.93,19916.61
2026-08-03 23:20:00,4.93,4.93,4.92,4.92,4120.79
2026-08-03 23:25:00,4.92,4.92,4.91,4.92,24913.83
2026-08-03 23:30:00,4.92,4.92,4.9,4.9,63048.61
2026-08-03 23:35:00,4.9,4.91,4.89,4.89,53794.59
2026-08-03 23:40:00,4.89,4.9,4.89,4.89,11385.75
2026-08-03 23:45:00,4.89,4.9,4.89,4.89,6771.95
2026-08-03 23:50:00,4.89,4.9,4.89,4.9,88079.75
2026-08-03 23:55:00,4.9,4.9,4.89,4.89,2541.2
2026-08-04 00:00:00,4.89,4.89,4.88,4.89,16733.41
2026-08-04 00:05:00,4.89,4.9,4.88,4.89,56433.77
2026-08-04 00:10:00,4.89,4.9,4.89,4.9,9982.18
2026-08-04 00:15:00,4.9,4.9,4.89,4.9,6263.4
2026-08-04 00:20:00,4.9,4.91,4.9,4.91,41133.47
2026-08-04 00:25:00,4.91,4.93,4.91,4.92,64998.09
2026-08-04 00:30:00,4.92,4.93,4.92,4.93,50519.47
2026-08-04 00:35:00,4.93,4.94,4.93,4.93,5883.13
2026-08-04 00:40:00,4.93,4.95,4.92,4.92,51131.11
2026-08-04 00:45:00,4.92,4.94,4.91,4.92,9536.85
2026-08-04 00:50:00,4.92,4.92,4.91,4.91,42553.55
2026-08-04 00:55:00,4.91,4.92,4.9,4.91,65918.19
2026-08-04 01:00:00,4.91,4.92,4.9,4.91,92235.25
2026-08-04 01:05:00,4.91,4.92,4.9,4.9,63356.45
2026-08-04 01:10:00,4.9,4.91,4.89,4.89,22552.7
2026-08-04 01:15:00,4.89,4.89,4.89,4.89,90414.36
2026-08-04 01:20:00,4.89,4.89,4.89,4.89,363.7
2026-08-04 01:25:00,4.89,4.9,4.88,4.89,73618.06
2026-08-04 01:30:00,4.89,4.9,4.89,4.89,174586.56
2026-08-04 01:35:00,4.89,4.89,4.87,4.88,9369.26
2026-08-04 01:40:00,4.88,4.88,4.87,4.87,168383.88
2026-08-04 01:45:00,4.87,4.88,4.87,4.87,23923.79
2026-08-04 01:50:00,4.87,4.89,4.85,4.88,155573.37
2026-08-04 01:55:00,4.88,4.88,4.88,4.88,32835.83
2026-08-04 02:00:00,4.88,4.89,4.88,4.89,23818.09
2026-08-04 02:05:00,4.89,4.89,4.88,4.88,115556.23
2026-08-04 02:10:00,4.88,4.89,4.88,4.89,2102.46
2026-08-04 02:15:00,4.89,4.89,4.88,4.89,141491.94
2026-08-04 02:20:00,4.89,4.89,4.88,4.88,29312.35
2026-08-04 02:25:00,4.88,4.89,4.87,4.88,119282.78
2026-08-04 02:30:00,4.88,4.89,4.86,4.88,73466.51
2026-08-04 02:35:00,4.88,4.88,4.88,4.88,19276.11
2026-08-04 02:40:00,4.88,4.89,4.87,4.87,99557.05
2026-08-04 02:45:00,4.87,4.88,4.87,4.87,25251.44
2026-08-04 02:50:00,4.87,4.88,4.86,4.88,6550.86
2026-08-04 02:55:00,4.88,4.89,4.86,4.89,560375.63
2026-08-04 03:00:00,4.89,4.91,4.88,4.9,103168.79
2026-08-04 03:05:00,4.9,4.91,4.89,4.9,90754.54
2026-08-04 03:10:00,4.9,4.91,4.89,4.9,25354.72
2026-08-04 03:15:00,4.9,4.9,4.89,4.9,30858.25
2026-08-04 03:20:00,4.9,4.9,4.89,4.9,18956.14
2026-08-04 03:25:00,4.9,4.9,4.89,4.89,3715.85
2026-08-04 03:30:00,4.89,4.9,4.89,4.9,30293.21
2026-08-04 03:35:00,4.9,4.9,4.89,4.9,50484.4
2026-08-04 03:40:00,4.9,4.9,4.89,4.9,11517.75
2026-08-04 03:45:00,4.9,4.91,4.9,4.91,33105.74
2026-08-04 03:50:00,4.91,4.91,4.89,4.89,42857.02
2026-08-04 03:55:00,4.89,4.9,4.89,4.89,69894.17
2026-08-04 04:00:00,4.89,4.89,4.88,4.89,11152.33
2026-08-04 04:05:00,4.89,4.89,4.87,4.87,16939.54
2026-08-04 04:10:00,4.87,4.87,4.86,4.87,16684.44
2026-08-04 04:15:00,4.87,4.87,4.86,4.87,30643.4
2026-08-04 04:20:00,4.87,4.88,4.87,4.87,43553.8
2026-08-04 04:25:00,4.87,4.88,4.87,4.88,46536.37
2026-08-04 04:30:00,4.88,4.88,4.87,4.88,44863.09
2026-08-04 04:35:00,4.88,4.88,4.87,4.87,158126.48
2026-08-04 04:40:00,4.87,4.88,4.86,4.88,561590.34
2026-08-04 04:45:00,4.88,4.89,4.86,4.89,293607.12
2026-08-04 04:50:00,4.89,4.89,4.89,4.89,3772.37
2026-08-04 04:55:00,4.89,4.9,4.89,4.9,103324.77
2026-08-04 05:00:00,4.9,4.91,4.89,4.9,11525.97
2026-08-04 05:05:00,4.9,4.9,4.89,4.9,36355.85
2026-08-04 05:10:00,4.9,4.91,4.9,4.9,106314.22
2026-08-04 05:15:00,4.9,4.91,4.89,4.9,20398.97
2026-08-04 05:20:00,4.9,4.9,4.89,4.9,16663.96
2026-08-04 05:25:00,4.9,4.9,4.89,4.9,35798.02
2026-08-04 05:30:00,4.9,4.9,4.88,4.89,45635.75
2026-08-04 05:35:00,4.89,4.89,4.89,4.89,23006.79
2026-08-04 05:40:00,4.89,4.9,4.88,4.89,1673.51
2026-08-04 05:45:00,4.89,4.9,4.89,4.9,159898.23
2026-08-04 05:50:00,4.9,4.9,4.89,4.9,46432.17
2026-08-04 05:55:00,4.9,4.91,4.9,4.91,70215.57
2026-08-04 06:00:00,4.91,4.91,4.9,4.91,34326.13
2026-08-04 06:05:00,4.91,4.92,4.9,4.92,73426.67
2026-08-04 06:10:00,4.92,4.92,4.91,4.92,52675.03
2026-08-04 06:15:00,4.92,4.92,4.92,4.92,9150.71
2026-08-04 06:20:00,4.92,4.93,4.92,4.93,7079.72
2026-08-04 06:25:00,4.93,4.95,4.91,4.91,3761.56
2026-08-04 06:30:00,4.91,4.92,4.91,4.91,111216.08
2026-08-04 06:35:00,4.91,4.92,4.91,4.91,11606.96
2026-08-04 06:40:00,4.91,4.92,4.9,4.9,12180.98
2026-08-04 06:45:00,4.9,4.9,4.9,4.9,28280.14
2026-08-04 06:50:00,4.9,4.9,4.89,4.89,11835.81
2026-08-04 06:55:00,4.89,4.89,4.88,4.88,17806.81
2026-08-04 07:00:00,4.88,4.89,4.88,4.89,47207.63
2026-08-04 07:05:00,4.89,4.9,4.88,4.89,36248.79
2026-08-04 07:10:00,4.89,4.9,4.88,4.9,12831.04
2026-08-04 07:15:00,4.9,4.9,4.89,4.9,42953.88
2026-08-04 07:20:00,4.9,4.9,4.89,4.9,28565.32
2026-08-04 07:25:00,4.9,4.9,4.89,4.89,42153.59
2026-08-04 07:30:00,4.89,4.9,4.89,4.89,41801.94
2026-08-04 07:35:00,4.89,4.9,4.89,4.89,41439.44
2026-08-04 07:40:00,4.89,4.9,4.89,4.89,3466.16
2026-08-04 07:45:00,4.89,4.9,4.89,4.89,189455.08
2026-08-04 07:50:00,4.89,4.89,4.88,4.89,166899.37
2026-08-04 07:55:00,4.89,4.89,4.87,4.88,118917.22
2026-08-04 08:00:00,4.88,4.89,4.88,4.88,43057.09
2026-08-04 08:05:00,4.88,4.89,4.88,4.88,57043.42
2026-08-04 08:10:00,4.88,4.9,4.88,4.89,45030.36
2026-08-04 08:15:00,4.89,4.9,4.89,4.89,23833.93
2026-08-04 08:20:00,4.89,4.89,4.88,4.89,28914.56
2026-08-04 08:25:00,4.89,4.89,4.88,4.89,7013.63
2026-08-04 08:30:00,4.89,4.9,4.89,4.9,223468.3
2026-08-04 08:35:00,4.9,4.9,4.89,4.89,73921.35
2026-08-04 08:40:00,4.89,4.9,4.88,4.88,12676.61
2026-08-04 08:45:00,4.88,4.9,4.88,4.9,52972.07
2026-08-04 08:50:00,4.9,4.9,4.89,4.9,15145.47
2026-08-04 08:55:00,4.9,4.9,4.89,4.89,7163.04
2026-08-04 09:00:00,4.89,4.89,4.88,4.89,56850.33
2026-08-04 09:05:00,4.89,4.89,4.88,4.88,49189.47
2026-08-04 09:10:00,4.88,4.89,4.88,4.89,35657.68
2026-08-04 09:15:00,4.89,4.9,4.88,4.9,173354.53
2026-08-04 09:20:00,4.9,4.91,4.89,4.89,25465.95
2026-08-04 09:25:00,4.89,4.9,4.89,4.9,22577.37
2026-08-04 09:30:00,4.9,4.9,4.88,4.88,40079.76
2026-08-04 09:35:00,4.88,4.88,4.88,4.88,8769.14
2026-08-04 09:40:00,4.88,4.89,4.88,4.89,52453.63
2026-08-04 09:45:00,4.89,4.89,4.88,4.89,1826.63
2026-08-04 09:50:00,4.89,4.89,4.88,4.89,106191.19
2026-08-04 09:55:00,4.89,4.9,4.88,4.89,34761.15
2026-08-04 10:00:00,4.89,4.91,4.89,4.91,181330.53
2026-08-04 10:05:00,4.91,4.91,4.89,4.9,263950.57
2026-08-04 10:10:00,4.9,4.91,4.89,4.9,49245.92
2026-08-04 10:15:00,4.9,4.9,4.9,4.9,43048.32
2026-08-04 10:20:00,4.9,4.91,4.9,4.91,992.7
2026-08-04 10:25:00,4.91,4.91,4.91,4.91,42645.13
2026-08-04 10:30:00,4.91,4.91,4.91,4.91,53314.21
2026-08-04 10:35:00,4.91,4.91,4.91,4.91,49641.2
2026-08-04 10:40:00,4.91,4.92,4.91,4.92,75896.41
2026-08-04 10:45:00,4.92,4.92,4.91,4.92,7351.76
2026-08-04 10:50:00,4.92,4.93,4.91,4.91,12322.95
2026-08-04 10:55:00,4.91,4.92,4.9,4.9,7271.06
2026-08-04 11:00:00,4.9,4.91,4.9,4.9,121917.31
2026-08-04 11:05:00,4.9,4.91,4.9,4.9,33012.3
2026-08-04 11:10:00,4.9,4.91,4.9,4.9,51215.04
2026-08-04 11:15:00,4.9,4.92,4.89,4.92,24725.1
2026-08-04 11:20:00,4.92,4.92,4.91,4.92,34230.99
2026-08-04 11:25:00,4.92,4.93,4.92,4.92,14857.27
2026-08-04 11:30:00,4.92,4.94,4.91,4.92,107748.45
2026-08-04 11:35:00,4.92,4.93,4.91,4.92,17213.63
2026-08-04 11:40:00,4.92,4.92,4.92,4.92,18715.09
2026-08-04 11:45:00,4.92,4.94,4.91,4.91,462534.7
2026-08-04 11:50:00,4.91,4.92,4.9,4.9,44114.0
2026-08-04 11:55:00,4.9,4.91,4.9,4.91,115305.55
2026-08-04 12:00:00,4.91,4.92,4.91,4.91,98619.46
2026-08-04 12:05:00,4.91,4.92,4.91,4.91,14506.72
2026-08-04 12:10:00,4.91,4.92,4.91,4.91,175681.68
2026-08-04 12:15:00,4.91,4.91,4.9,4.9,5177.41
2026-08-04 12:20:00,4.9,4.9,4.89,4.9,16712.0
2026-08-04 12:25:00,4.9,4.9,4.89,4.9,109975.41
2026-08-04 12:30:00,4.9,4.9,4.89,4.89,170388.68
2026-08-04 12:35:00,4.89,4.9,4.88,4.88,92352.06
2026-08-04 12:40:00,4.88,4.88,4.88,4.88,61685.92
2026-08-04 12:45:00,4.88,4.88,4.88,4.88,81591.46
2026-08-04 12:50:00,4.88,4.89,4.88,4.88,47934.63
2026-08-04 12:55:00,4.88,4.89,4.86,4.89,248899.99
2026-08-04 13:00:00,4.89,4.9,4.88,4.9,309863.94
2026-08-04 13:05:00,4.9,4.91,4.89,4.91,33511.2
2026-08-04 13:10:00,4.91,4.91,4.9,4.9,127654.54
2026-08-04 13:15:00,4.9,4.91,4.9,4.91,56486.65
2026-08-04 13:20:00,4.91,4.91,4.9,4.9,10255.54
2026-08-04 13:25:00,4.9,4.91,4.9,4.91,75661.28
2026-08-04 13:30:00,4.91,4.91,4.9,4.91,68820.75
2026-08-04 13:35:00,4.91,4.91,4.91,4.91,2515.46
2026-08-04 13:40:00,4.91,4.91,4.9,4.91,83626.55
2026-08-04 13:45:00,4.91,4.91,4.9,4.9,36902.6
2026-08-04 13:50:00,4.9,4.91,4.9,4.91,42915.07
2026-08-04 13:55:00,4.91,4.91,4.9,4.9,48269.59
2026-08-04 14:00:00,4.9,4.91,4.9,4.91,82245.51
2026-08-04 14:05:00,4.91,4.92,4.91,4.91,7436.2
2026-08-04 14:10:00,4.91,4.92,4.91,4.91,4558.28
2026-08-04 14:15:00,4.91,4.92,4.91,4.92,17733.04
2026-08-04 14:20:00,4.92,4.93,4.92,4.93,2362.5
2026-08-04 14:25:00,4.93,4.93,4.93,4.93,153904.62
2026-08-04 14:30:00,4.93,4.93,4.92,4.92,174406.45
2026-08-04 14:35:00,4.92,4.94,4.91,4.91,51750.49
2026-08-04 14:40:00,4.91,4.91,4.9,4.9,154127.86
2026-08-04 14:45:00,4.9,4.91,4.9,4.9,81355.37
2026-08-04 14:50:00,4.9,4.9,4.89,4.89,146202.48
2026-08-04 14:55:00,4.89,4.89,4.88,4.89,24995.43
2026-08-04 15:00:00,4.89,4.89,4.88,4.89,140793.11
2026-08-04 15:05:00,4.89,4.9,4.88,4.89,12190.25
2026-08-04 15:10:00,4.89,4.89,4.87,4.89,356971.23
2026-08-04 15:15:00,4.89,4.89,4.89,4.89,11029.44
2026-08-04 15:20:00,4.89,4.9,4.87,4.88,11494.07
2026-08-04 15:25:00,4.88,4.89,4.87,4.89,293493.92
2026-08-04 15:30:00,4.89,4.9,4.88,4.89,98690.76
2026-08-04 15:35:00,4.89,4.89,4.88,4.88,46923.85
2026-08-04 15:40:00,4.88,4.9,4.87,4.89,18438.02
2026-08-04 15:45:00,4.89,4.9,4.89,4.89,105097.22
2026-08-04 15:50:00,4.89,4.9,4.88,4.9,35726.76
2026-08-04 15:55:00,4.9,4.91,4.9,4.9,7051.74
2026-08-04 16:00:00,4.9,4.91,4.9,4.91,83710.03
2026-08-04 16:05:00,4.91,4.91,4.9,4.9,13313.17
2026-08-04 16:10:00,4.9,4.9,4.89,4.9,26452.04
2026-08-04 16:15:00,4.9,4.9,4.9,4.9,36229.19
2026-08-04 16:20:00,4.9,4.9,4.89,4.89,30818.47
2026-08-04 16:25:00,4.89,4.91,4.89,4.9,82524.82
2026-08-04 16:30:00,4.9,4.9,4.89,4.9,48450.08
2026-08-04 16:35:00,4.9,4.9,4.9,4.9,15651.18
2026-08-04 16:40:00,4.9,4.91,4.89,4.89,76533.04
2026-08-04 16:45:00,4.89,4.9,4.88,4.89,92996.32
2026-08-04 16:50:00,4.89,4.9,4.87,4.9,148820.54
2026-08-04 16:55:00,4.9,4.9,4.89,4.9,31859.5
2026-08-04 17:00:00,4.9,4.9,4.88,4.89,47538.94
2026-08-04 17:05:00,4.89,4.89,4.88,4.88,1982.61
2026-08-04 17:10:00,4.88,4.88,4.87,4.87,57207.43
2026-08-04 17:15:00,4.87,4.88,4.86,4.87,24676.81
2026-08-04 17:20:00,4.87,4.88,4.85,4.87,56351.66
2026-08-04 17:25:00,4.87,4.88,4.87,4.88,42369.86
2026-08-04 17:30:00,4.88,4.89,4.87,4.89,7259.31
2026-08-04 17:35:00,4.89,4.9,4.88,4.89,16609.98
2026-08-04 17:40:00,4.89,4.9,4.88,4.88,152175.11
2026-08-04 17:45:00,4.88,4.89,4.88,4.88,6079.51
2026-08-04 17:50:00,4.88,4.88,4.87,4.87,260852.2
2026-08-04 17:55:00,4.87,4.88,4.86,4.87,28787.52
2026-08-04 18:00:00,4.87,4.88,4.86,4.87,10560.8
2026-08-04 18:05:00,4.87,4.89,4.87,4.89,29066.69
2026-08-04 18:10:00,4.89,4.89,4.88,4.89,91140.13
2026-08-04 18:15:00,4.89,4.89,4.88,4.89,143548.34
2026-08-04 18:20:00,4.89,4.9,4.88,4.9,39423.05
2026-08-04 18:25:00,4.9,4.9,4.89,4.9,64342.04
2026-08-04 18:30:00,4.9,4.91,4.9,4.9,66691.69
2026-08-04 18:35:00,4.9,4.91,4.89,4.89,12143.11
2026-08-04 18:40:00,4.89,4.9,4.89,4.9,59.32
2026-08-04 18:45:00,4.9,4.9,4.89,4.89,110607.32
2026-08-04 18:50:00,4.89,4.9,4.87,4.88,53293.3
2026-08-04 18:55:00,4.88,4.89,4.86,4.89,430802.32
2026-08-04 19:00:00,4.89,4.9,4.87,4.89,517491.96
2026-08-04 19:05:00,4.89,4.9,4.88,4.88,38546.95
2026-08-04 19:10:00,4.88,4.89,4.86,4.89,12887.19
2026-08-04 19:15:00,4.89,4.89,4.88,4.89,3685.37
2026-08-04 19:20:00,4.89,4.89,4.89,4.89,48773.5
2026-08-04 19:25:00,4.89,4.89,4.88,4.88,40710.97
2026-08-04 19:30:00,4.88,4.89,4.88,4.88,4011.8
2026-08-04 19:35:00,4.88,4.89,4.88,4.89,30564.89
2026-08-04 19:40:00,4.89,4.89,4.88,4.88,85008.94
2026-08-04 19:45:00,4.88,4.89,4.88,4.89,179012.27
2026-08-04 19:50:00,4.89,4.89,4.88,4.88,30353.0
2026-08-04 19:55:00,4.88,4.88,4.87,4.87,78031.56
2026-08-04 20:00:00,4.87,4.89,4.85,4.89,332057.23
2026-08-04 20:05:00,4.89,4.89,4.88,4.89,27178.33
2026-08-04 20:10:00,4.89,4.9,4.89,4.9,42194.04
2026-08-04 20:15:00,4.9,4.9,4.89,4.9,71924.51
2026-08-04 20:20:00,4.9,4.9,4.89,4.89,4306.51
2026-08-04 20:25:00,4.89,4.9,4.89,4.9,12837.87
2026-08-04 20:30:00,4.9,4.9,4.89,4.89,64161.64
2026-08-04 20:35:00,4.89,4.9,4.89,4.89,131795.5
2026-08-04 20:40:00,4.89,4.9,4.89,4.89,91585.56
2026-08-04 20:45:00,4.89,4.89,4.88,4.88,3994.18
2026-08-04 20:50:00,4.88,4.88,4.88,4.88,49336.63
2026-08-04 20:55:00,4.88,4.89,4.87,4.89,26310.61
2026-08-04 21:00:00,4.89,4.9,4.88,4.9,76423.06
2026-08-04 21:05:00,4.9,4.9,4.89,4.89,9851.5
2026-08-04 21:10:00,4.89,4.89,4.88,4.89,102356.14
2026-08-04 21:15:00,4.89,4.89,4.88,4.88,37496.18
2026-08-04 21:20:00,4.88,4.89,4.88,4.89,14302.67
2026-08-04 21:25:00,4.89,4.9,4.89,4.9,118050.98
2026-08-04 21:30:00,4.9,4.9,4.89,4.9,67782.59
2026-08-04 21:35:00,4.9,4.9,4.89,4.9,16500.85
2026-08-04 21:40:00,4.9,4.91,4.9,4.9,8775.16
2026-08-04 21:45:00,4.9,4.9,4.9,4.9,106357.63
2026-08-04 21:50:00,4.9,4.9,4.89,4.89,97683.92
2026-08-04 21:55:00,4.89,4.9,4.89,4.9,100472.83
2026-08-04 22:00:00,4.9,4.9,4.9,4.9,40378.18
2026-08-04 22:05:00,4.9,4.9,4.9,4.9,41855.51
2026-08-04 22:10:00,4.9,4.91,4.9,4.91,2145.09
2026-08-04 22:15:00,4.91,4.91,4.9,4.91,23913.08
2026-08-04 22:20:00,4.91,4.91,4.89,4.89,16002.12
2026-08-04 22:25:00,4.89,4.89,4.89,4.89,9224.92
2026-08-04 22:30:00,4.89,4.9,4.89,4.9,9383.85
2026-08-04 22:35:00,4.9,4.9,4.89,4.9,1163.89
2026-08-04 22:40:00,4.9,4.91,4.9,4.91,181060.19
2026-08-04 22:45:00,4.91,4.92,4.89,4.89,1501.21
2026-08-04 22:50:00,4.89,4.9,4.89,4.9,11272.78
2026-08-04 22:55:00,4.9,4.9,4.9,4.9,27696.09
2026-08-04 23:00:00,4.9,4.91,4.89,4.91,12605.93
2026-08-04 23:05:00,4.91,4.92,4.9,4.9,76554.82
2026-08-04 23:10:00,4.9,4.92,4.89,4.89,233521.15
2026-08-04 23:15:00,4.89,4.89,4.88,4.89,67900.15
2026-08-04 23:20:00,4.89,4.89,4.88,4.89,47267.87
2026-08-04 23:25:00,4.89,4.9,4.89,4.89,63017.76
2026-08-04 23:30:00,4.89,4.9,4.88,4.89,88598.35
2026-08-04 23:35:00,4.89,4.89,4.87,4.87,1762.3
2026-08-04 23:40:00,4.87,4.89,4.86,4.89,236721.32
2026-08-04 23:45:00,4.89,4.89,4.88,4.88,8878.05
2026-08-04 23:50:00,4.88,4.88,4.88,4.88,70744.13
2026-08-04 23:55:00,4.88,4.88,4.87,4.87,146158.86
2026-08-05 00:00:00,4.87,4.88,4.87,4.87,164977.22
2026-08-05 00:05:00,4.87,4.88,4.87,4.87,23115.33
2026-08-05 00:10:00,4.87,4.87,4.87,4.87,39773.11
2026-08-05 00:15:00,4.87,4.87,4.87,4.87,24660.08
2026-08-05 00:20:00,4.87,4.87,4.86,4.86,5216.91
2026-08-05 00:25:00,4.86,4.87,4.86,4.87,64730.92
2026-08-05 00:30:00,4.87,4.87,4.87,4.87,126279.65
2026-08-05 00:35:00,4.87,4.88,4.85,4.88,6121.44
2026-08-05 00:40:00,4.88,4.89,4.86,4.88,321466.94
2026-08-05 00:45:00,4.88,4.89,4.87,4.88,11242.6
2026-08-05 00:50:00,4.88,4.89,4.88,4.88,40378.71
2026-08-05 00:55:00,4.88,4.88,4.88,4.88,3040.89
2026-08-05 01:00:00,4.88,4.9,4.88,4.89,10.0
2026-08-05 01:05:00,4.89,4.89,4.89,4.89,34150.56
2026-08-05 01:10:00,4.89,4.89,4.89,4.89,81772.21
2026-08-05 01:15:00,4.89,4.9,4.89,4.89,35569.23
2026-08-05 01:20:00,4.89,4.89,4.88,4.88,9369.58
2026-08-05 01:25:00,4.88,4.89,4.88,4.88,35020.17
2026-08-05 01:30:00,4.88,4.89,4.88,4.88,22295.93
2026-08-05 01:35:00,4.88,4.88,4.88,4.88,49763.56
2026-08-05 01:40:00,4.88,4.88,4.88,4.88,33007.2
2026-08-05 01:45:00,4.88,4.89,4.88,4.89,8421.54
2026-08-05 01:50:00,4.89,4.9,4.88,4.89,133574.1
2026-08-05 01:55:00,4.89,4.89,4.88,4.89,13751.09
2026-08-05 02:00:00,4.89,4.89,4.89,4.89,22799.59
2026-08-05 02:05:00,4.89,4.89,4.89,4.89,8236.76
2026-08-05 02:10:00,4.89,4.9,4.89,4.89,48077.73
2026-08-05 02:15:00,4.89,4.9,4.88,4.89,9806.17
2026-08-05 02:20:00,4.89,4.89,4.88,4.88,360.63
2026-08-05 02:25:00,4.88,4.9,4.88,4.9,7169.75
2026-08-05 02:30:00,4.9,4.9,4.89,4.89,44783.14
2026-08-05 02:35:00,4.89,4.9,4.89,4.89,32721.25
2026-08-05 02:40:00,4.89,4.89,4.88,4.89,23545.98
2026-08-05 02:45:00,4.89,4.89,4.87,4.88,4724.03
2026-08-05 02:50:00,4.88,4.88,4.88,4.88,14697.57
2026-08-05 02:55:00,4.88,4.88,4.88,4.88,30881.39
2026-08-05 03:00:00,4.88,4.89,4.87,4.89,71077.71
2026-08-05 03:05:00,4.89,4.89,4.88,4.89,2610.72
2026-08-05 03:10:00,4.89,4.9,4.89,4.89,15287.31
2026-08-05 03:15:00,4.89,4.9,4.89,4.9,49665.41
2026-08-05 03:20:00,4.9,4.91,4.89,4.91,204877.11
2026-08-05 03:25:00,4.91,4.92,4.89,4.89,73525.2
2026-08-05 03:30:00,4.89,4.89,4.88,4.89,18241.77
2026-08-05 03:35:00,4.89,4.89,4.88,4.88,12005.95
2026-08-05 03:40:00,4.88,4.9,4.88,4.9,23196.15
2026-08-05 03:45:00,4.9,4.9,4.89,4.9,47366.23
2026-08-05 03:50:00,4.9,4.9,4.89,4.9,127731.55
2026-08-05 03:55:00,4.9,4.9,4.89,4.9,11448.72
2026-08-05 04:00:00,4.9,4.9,4.88,4.89,3300.7
2026-08-05 04:05:00,4.89,4.9,4.89,4.9,252181.39
2026-08-05 04:10:00,4.9,4.91,4.9,4.91,21426.59
2026-08-05 04:15:00,4.91,4.91,4.9,4.9,69043.36
2026-08-05 04:20:00,4.9,4.91,4.9,4.91,12104.05
2026-08-05 04:25:00,4.91,4.91,4.91,4.91,36144.26
2026-08-05 04:30:00,4.91,4.92,4.91,4.92,67994.19
2026-08-05 04:35:00,4.92,4.93,4.9,4.91,198051.67
2026-08-05 04:40:00,4.91,4.91,4.9,4.9,71752.79
2026-08-05 04:45:00,4.9,4.9,4.89,4.89,46673.26
2026-08-05 04:50:00,4.89,4.9,4.88,4.89,33108.93
2026-08-05 04:55:00,4.89,4.9,4.89,4.9,9304.09
2026-08-05 05:00:00,4.9,4.9,4.9,4.9,8026.09
2026-08-05 05:05:00,4.9,4.91,4.9,4.9,13565.66
2026-08-05 05:10:00,4.9,4.91,4.9,4.9,81853.09
2026-08-05 05:15:00,4.9,4.92,4.89,4.9,369680.26
2026-08-05 05:20:00,4.9,4.9,4.89,4.89,44203.57
2026-08-05 05:25:00,4.89,4.9,4.89,4.89,17719.4
2026-08-05 05:30:00,4.89,4.9,4.89,4.9,68244.76
2026-08-05 05:35:00,4.9,4.91,4.89,4.9,53317.42
2026-08-05 05:40:00,4.9,4.91,4.9,4.91,49974.68
2026-08-05 05:45:00,4.91,4.93,4.9,4.9,1104808.13
2026-08-05 05:50:00,4.9,4.9,4.89,4.89,11597.61
2026-08-05 05:55:00,4.89,4.89,4.88,4.89,24035.31
2026-08-05 06:00:00,4.89,4.89,4.89,4.89,14588.32
2026-08-05 06:05:00,4.89,4.9,4.89,4.9,81091.9
2026-08-05 06:10:00,4.9,4.9,4.89,4.9,172308.68
2026-08-05 06:15:00,4.9,4.9,4.89,4.89,27999.45
2026-08-05 06:20:00,4.89,4.9,4.89,4.89,165095.44
2026-08-05 06:25:00,4.89,4.9,4.89,4.89,5956.39
2026-08-05 06:30:00,4.89,4.9,4.89,4.9,73292.09
2026-08-05 06:35:00,4.9,4.91,4.89,4.89,150703.59
2026-08-05 06:40:00,4.89,4.9,4.89,4.89,1297.58
2026-08-05 06:45:00,4.89,4.89,4.89,4.89,4570.32
2026-08-05 06:50:00,4.89,4.9,4.89,4.89,125262.92
2026-08-05 06:55:00,4.89,4.89,4.88,4.88,159866.39
2026-08-05 07:00:00,4.88,4.88,4.88,4.88,92011.56
2026-08-05 07:05:00,4.88,4.89,4.88,4.89,41905.95
2026-08-05 07:10:00,4.89,4.89,4.88,4.88,23784.93
2026-08-05 07:15:00,4.88,4.9,4.88,4.9,25429.53
2026-08-05 07:20:00,4.9,4.9,4.89,4.9,4708.52
2026-08-05 07:25:00,4.9,4.91,4.89,4.89,145630.36
2026-08-05 07:30:00,4.89,4.89,4.88,4.89,70491.92
2026-08-05 07:35:00,4.89,4.9,4.87,4.9,116465.7
2026-08-05 07:40:00,4.9,4.91,4.89,4.89,13014.07
2026-08-05 07:45:00,4.89,4.9,4.89,4.9,17470.26
2026-08-05 07:50:00,4.9,4.9,4.89,4.9,69492.64
2026-08-05 07:55:00,4.9,4.9,4.89,4.89,46061.02
2026-08-05 08:00:00,4.89,4.89,4.89,4.89,132690.12
2026-08-05 08:05:00,4.89,4.89,4.89,4.89,40968.54
2026-08-05 08:10:00,4.89,4.89,4.88,4.89,22093.21
2026-08-05 08:15:00,4.89,4.89,4.89,4.89,32442.78
2026-08-05 08:20:00,4.89,4.89,4.88,4.89,26119.61
2026-08-05 08:25:00,4.89,4.9,4.88,4.89,17044.57
2026-08-05 08:30:00,4.89,4.91,4.89,4.9,22285.34
2026-08-05 08:35:00,4.9,4.91,4.88,4.89,47852.91
2026-08-05 08:40:00,4.89,4.9,4.88,4.9,19735.08
2026-08-05 08:45:00,4.9,4.9,4.89,4.89,11650.04
2026-08-05 08:50:00,4.89,4.9,4.88,4.89,81380.9
2026-08-05 08:55:00,4.89,4.9,4.89,4.9,27136.75
2026-08-05 09:00:00,4.9,4.9,4.89,4.89,112532.34
2026-08-05 09:05:00,4.89,4.9,4.88,4.88,3412.46
2026-08-05 09:10:00,4.88,4.89,4.87,4.88,11762.53
2026-08-05 09:15:00,4.88,4.88,4.87,4.88,9932.42
2026-08-05 09:20:00,4.88,4.89,4.88,4.89,77673.81
2026-08-05 09:25:00,4.89,4.9,4.87,4.9,205875.51
2026-08-05 09:30:00,4.9,4.91,4.89,4.9,18235.1
2026-08-05 09:35:00,4.9,4.91,4.9,4.9,3125.5
2026-08-05 09:40:00,4.9,4.91,4.89,4.91,16819.07
2026-08-05 09:45:00,4.91,4.91,4.9,4.91,91315.24
2026-08-05 09:50:00,4.91,4.92,4.91,4.91,3281.48
2026-08-05 09:55:00,4.91,4.91,4.9,4.91,13692.11
2026-08-05 10:00:00,4.91,4.92,4.9,4.91,682.21
2026-08-05 10:05:00,4.91,4.92,4.9,4.9,42994.71
2026-08-05 10:10:00,4.9,4.91,4.9,4.91,141706.22
2026-08-05 10:15:00,4.91,4.91,4.91,4.91,37098.74
2026-08-05 10:20:00,4.91,4.91,4.9,4.9,1496.23
2026-08-05 10:25:00,4.9,4.92,4.9,4.91,9797.28
2026-08-05 10:30:00,4.91,4.92,4.91,4.91,23972.56
2026-08-05 10:35:00,4.91,4.92,4.91,4.91,24154.88
2026-08-05 10:40:00,4.91,4.92,4.91,4.91,363.72
2026-08-05 10:45:00,4.91,4.92,4.9,4.91,31941.17
2026-08-05 10:50:00,4.91,4.93,4.9,4.9,1408510.24
2026-08-05 10:55:00,4.9,4.9,4.89,4.9,2918.91
2026-08-05 11:00:00,4.9,4.91,4.9,4.91,46770.47
2026-08-05 11:05:00,4.91,4.92,4.9,4.91,30143.21
2026-08-05 11:10:00,4.91,4.93,4.9,4.9,50093.46
2026-08-05 11:15:00,4.9,4.91,4.9,4.91,21785.14
2026-08-05 11:20:00,4.91,4.91,4.9,4.91,36847.01
2026-08-05 11:25:00,4.91,4.91,4.9,4.9,12074.32
2026-08-05 11:30:00,4.9,4.91,4.9,4.91,181472.07
2026-08-05 11:35:00,4.91,4.93,4.91,4.93,50103.13
2026-08-05 11:40:00,4.93,4.93,4.91,4.91,5255.69
2026-08-05 11:45:00,4.91,4.92,4.91,4.92,65641.02
2026-08-05 11:50:00,4.92,4.93,4.91,4.93,16486.33
2026-08-05 11:55:00,4.93,4.93,4.92,4.92,15925.85
2026-08-05 12:00:00,4.92,4.93,4.92,4.92,5763.94
2026-08-05 12:05:00,4.92,4.93,4.92,4.92,28615.43
2026-08-05 12:10:00,4.92,4.92,4.91,4.91,32770.99
2026-08-05 12:15:00,4.91,4.92,4.91,4.92,39132.56
2026-08-05 12:20:00,4.92,4.92,4.91,4.92,27459.43
2026-08-05 12:25:00,4.92,4.92,4.9,4.91,401313.39
2026-08-05 12:30:00,4.91,4.92,4.9,4.9,82848.12
2026-08-05 12:35:00,4.9,4.9,4.89,4.9,34949.5
2026-08-05 12:40:00,4.9,4.9,4.89,4.89,22010.65
2026-08-05 12:45:00,4.89,4.89,4.88,4.89,123029.92
2026-08-05 12:50:00,4.89,4.89,4.88,4.88,3350.55
2026-08-05 12:55:00,4.88,4.89,4.87,4.89,58181.01
2026-08-05 13:00:00,4.89,4.9,4.87,4.9,82324.79
2026-08-05 13:05:00,4.9,4.91,4.9,4.91,28973.51
2026-08-05 13:10:00,4.91,4.92,4.91,4.92,7926.65
2026-08-05 13:15:00,4.92,4.92,4.91,4.92,4568.35
2026-08-05 13:20:00,4.92,4.94,4.9,4.91,335963.07
2026-08-05 13:25:00,4.91,4.91,4.89,4.89,19951.64
2026-08-05 13:30:00,4.89,4.9,4.89,4.9,43334.87
2026-08-05 13:35:00,4.9,4.91,4.89,4.9,134386.71
2026-08-05 13:40:00,4.9,4.91,4.89,4.89,45477.5
2026-08-05 13:45:00,4.89,4.9,4.89,4.9,8710.89
2026-08-05 13:50:00,4.9,4.9,4.88,4.89,41230.22
2026-08-05 13:55:00,4.89,4.89,4.88,4.89,106362.29
2026-08-05 14:00:00,4.89,4.89,4.88,4.88,94132.42
2026-08-05 14:05:00,4.88,4.89,4.87,4.87,30927.19
2026-08-05 14:10:00,4.87,4.88,4.87,4.87,57382.15
2026-08-05 14:15:00,4.87,4.89,4.86,4.89,124172.59
2026-08-05 14:20:00,4.89,4.89,4.88,4.88,65561.11
2026-08-05 14:25:00,4.88,4.89,4.87,4.89,41793.71
2026-08-05 14:30:00,4.89,4.9,4.87,4.9,82658.48
2026-08-05 14:35:00,4.9,4.9,4.89,4.9,13807.19
2026-08-05 14:40:00,4.9,4.9,4.89,4.89,31955.94
2026-08-05 14:45:00,4.89,4.89,4.88,4.88,15414.78
2026-08-05 14:50:00,4.88,4.88,4.87,4.87,74876.13
2026-08-05 14:55:00,4.87,4.87,4.87,4.87,145696.08
2026-08-05 15:00:00,4.87,4.88,4.87,4.88,36821.66
2026-08-05 15:05:00,4.88,4.88,4.87,4.88,56159.37
2026-08-05 15:10:00,4.88,4.88,4.87,4.88,73570.72
2026-08-05 15:15:00,4.88,4.89,4.86,4.89,157048.3
2026-08-05 15:20:00,4.89,4.9,4.87,4.89,93867.12
2026-08-05 15:25:00,4.89,4.91,4.89,4.91,113479.57
2026-08-05 15:30:00,4.91,4.92,4.9,4.91,74239.71
2026-08-05 15:35:00,4.91,4.91,4.9,4.9,27450.37
2026-08-05 15:40:00,4.9,4.9,4.89,4.9,83464.95
2026-08-05 15:45:00,4.9,4.91,4.89,4.9,179969.11
2026-08-05 15:50:00,4.9,4.9,4.89,4.89,1145.26
2026-08-05 15:55:00,4.89,4.9,4.89,4.9,61377.37
2026-08-05 16:00:00,4.9,4.9,4.89,4.89,28538.85
2026-08-05 16:05:00,4.89,4.89,4.89,4.89,209213.65
2026-08-05 16:10:00,4.89,4.9,4.88,4.89,46477.63
2026-08-05 16:15:00,4.89,4.9,4.89,4.89,1656.22
2026-08-05 16:20:00,4.89,4.89,4.88,4.89,95391.79
2026-08-05 16:25:00,4.89,4.89,4.88,4.88,12020.25
2026-08-05 16:30:00,4.88,4.88,4.87,4.88,47471.85
2026-08-05 16:35:00,4.88,4.88,4.86,4.88,115074.85
2026-08-05 16:40:00,4.88,4.89,4.88,4.88,5778.52
2026-08-05 16:45:00,4.88,4.88,4.87,4.88,48342.29
2026-08-05 16:50:00,4.88,4.88,4.87,4.88,1891.33
2026-08-05 16:55:00,4.88,4.88,4.87,4.88,37301.03
2026-08-05 17:00:00,4.88,4.89,4.87,4.89,185576.38
2026-08-05 17:05:00,4.89,4.89,4.88,4.88,105156.99
2026-08-05 17:10:00,4.88,4.89,4.87,4.88,21880.03
2026-08-05 17:15:00,4.88,4.88,4.87,4.88,5905.69
2026-08-05 17:20:00,4.88,4.89,4.88,4.88,49304.9
2026-08-05 17:25:00,4.88,4.89,4.88,4.88,70913.89
2026-08-05 17:30:00,4.88,4.88,4.88,4.88,6101.98
2026-08-05 17:35:00,4.88,4.88,4.86,4.88,365798.57
2026-08-05 17:40:00,4.88,4.88,4.88,4.88,24573.24
2026-08-05 17:45:00,4.88,4.89,4.88,4.88,38798.15
2026-08-05 17:50:00,4.88,4.88,4.87,4.87,65657.98
2026-08-05 17:55:00,4.87,4.88,4.87,4.87,25341.5
2026-08-05 18:00:00,4.87,4.88,4.87,4.87,56019.73
2026-08-05 18:05:00,4.87,4.88,4.87,4.88,37737.85
2026-08-05 18:10:00,4.88,4.88,4.87,4.88,15243.61
2026-08-05 18:15:00,4.88,4.88,4.88,4.88,41492.72
2026-08-05 18:20:00,4.88,4.88,4.88,4.88,96621.67
2026-08-05 18:25:00,4.88,4.89,4.88,4.88,59548.99
2026-08-05 18:30:00,4.88,4.9,4.88,4.89,130488.13
2026-08-05 18:35:00,4.89,4.89,4.89,4.89,56386.22
2026-08-05 18:40:00,4.89,4.91,4.88,4.9,27223.83
2026-08-05 18:45:00,4.9,4.91,4.9,4.9,71928.31
2026-08-05 18:50:00,4.9,4.9,4.9,4.9,159683.58
2026-08-05 18:55:00,4.9,4.92,4.9,4.91,62490.82
2026-08-05 19:00:00,4.91,4.92,4.91,4.91,63493.15
2026-08-05 19:05:00,4.91,4.91,4.91,4.91,32036.51
2026-08-05 19:10:00,4.91,4.91,4.91,4.91,48359.71
2026-08-05 19:15:00,4.91,4.92,4.91,4.92,66212.49
2026-08-05 19:20:00,4.92,4.93,4.92,4.93,43340.56
2026-08-05 19:25:00,4.93,4.95,4.91,4.92,786111.92
2026-08-05 19:30:00,4.92,4.93,4.91,4.92,78673.49
2026-08-05 19:35:00,4.92,4.92,4.92,4.92,62708.42
2026-08-05 19:40:00,4.92,4.94,4.91,4.91,212865.42
2026-08-05 19:45:00,4.91,4.91,4.9,4.91,5847.9
2026-08-05 19:50:00,4.91,4.91,4.91,4.91,8069.92
2026-08-05 19:55:00,4.91,4.91,4.89,4.9,11118.94
2026-08-05 20:00:00,4.9,4.9,4.89,4.89,93686.09
2026-08-05 20:05:00,4.89,4.9,4.89,4.9,24245.8
2026-08-05 20:10:00,4.9,4.9,4.9,4.9,31363.83
2026-08-05 20:15:00,4.9,4.9,4.9,4.9,7504.02
2026-08-05 20:20:00,4.9,4.9,4.9,4.9,13403.36
2026-08-05 20:25:00,4.9,4.9,4.89,4.89,9930.18
2026-08-05 20:30:00,4.89,4.9,4.89,4.9,93392.39
2026-08-05 20:35:00,4.9,4.9,4.89,4.89,31789.18
2026-08-05 20:40:00,4.89,4.9,4.89,4.89,69840.15
2026-08-05 20:45:00,4.89,4.89,4.89,4.89,46309.76
2026-08-05 20:50:00,4.89,4.89,4.88,4.89,29858.04
2026-08-05 20:55:00,4.89,4.9,4.88,4.89,71270.42
2026-08-05 21:00:00,4.89,4.89,4.88,4.89,178788.65
2026-08-05 21:05:00,4.89,4.89,4.89,4.89,14475.32
2026-08-05 21:10:00,4.89,4.89,4.88,4.89,24422.57
2026-08-05 21:15:00,4.89,4.89,4.88,4.88,59654.61
2026-08-05 21:20:00,4.88,4.88,4.88,4.88,100269.18
2026-08-05 21:25:00,4.88,4.88,4.88,4.88,126455.84
2026-08-05 21:30:00,4.88,4.88,4.88,4.88,5714.32
2026-08-05 21:35:00,4.88,4.89,4.87,4.88,97719.57
2026-08-05 21:40:00,4.88,4.88,4.88,4.88,48965.33
2026-08-05 21:45:00,4.88,4.88,4.87,4.88,24293.89
2026-08-05 21:50:00,4.88,4.88,4.86,4.87,10173.37
2026-08-05 21:55:00,4.87,4.88,4.86,4.88,236848.25
2026-08-05 22:00:00,4.88,4.88,4.87,4.88,96776.64
2026-08-05 22:05:00,4.88,4.89,4.86,4.89,4151.91
2026-08-05 22:10:00,4.89,4.89,4.88,4.88,25002.49
2026-08-05 22:15:00,4.88,4.88,4.87,4.88,104731.66
2026-08-05 22:20:00,4.88,4.88,4.88,4.88,73385.14
2026-08-05 22:25:00,4.88,4.89,4.88,4.89,8227.62
2026-08-05 22:30:00,4.89,4.89,4.88,4.88,116402.73
2026-08-05 22:35:00,4.88,4.89,4.88,4.88,21234.41
2026-08-05 22:40:00,4.88,4.89,4.88,4.88,31501.94
2026-08-05 22:45:00,4.88,4.89,4.88,4.88,57737.64
2026-08-05 22:50:00,4.88,4.89,4.88,4.88,48983.02
2026-08-05 22:55:00,4.88,4.89,4.88,4.89,92043.87
2026-08-05 23:00:00,4.89,4.9,4.88,4.9,56119.18
2026-08-05 23:05:00,4.9,4.9,4.9,4.9,27294.2
2026-08-05 23:10:00,4.9,4.9,4.9,4.9,29767.2
2026-08-05 23:15:00,4.9,4.9,4.9,4.9,15567.94
2026-08-05 23:20:00,4.9,4.91,4.9,4.91,4958.75
2026-08-05 23:25:00,4.91,4.92,4.91,4.92,43052.93
2026-08-05 23:30:00,4.92,4.92,4.91,4.91,64090.54
2026-08-05 23:35:00,4.91,4.91,4.9,4.91,32585.41
2026-08-05 23:40:00,4.91,4.92,4.9,4.92,81266.4
2026-08-05 23:45:00,4.92,4.92,4.91,4.92,66999.73
2026-08-05 23:50:00,4.92,4.92,4.92,4.92,48606.83
2026-08-05 23:55:00,4.92,4.92,4.91,4.92,5961.84
2026-08-06 00:00:00,4.92,4.92,4.91,4.92,48158.27
2026-08-06 00:05:00,4.92,4.93,4.92,4.93,71577.53
2026-08-06 00:10:00,4.93,4.93,4.92,4.92,15185.2
2026-08-06 00:15:00,4.92,4.93,4.91,4.91,23790.12
2026-08-06 00:20:00,4.91,4.92,4.91,4.91,62143.22
2026-08-06 00:25:00,4.91,4.92,4.91,4.91,96895.38
2026-08-06 00:30:00,4.91,4.93,4.91,4.92,10460.49
2026-08-06 00:35:00,4.92,4.92,4.91,4.91,35436.85
2026-08-06 00:40:00,4.91,4.92,4.91,4.92,8601.84
2026-08-06 00:45:00,4.92,4.92,4.91,4.92,139612.38
2026-08-06 00:50:00,4.92,4.93,4.91,4.91,14981.4
2026-08-06 00:55:00,4.91,4.92,4.91,4.91,21625.76
2026-08-06 01:00:00,4.91,4.91,4.9,4.9,36244.65
2026-08-06 01:05:00,4.9,4.91,4.9,4.91,46603.27
2026-08-06 01:10:00,4.91,4.91,4.9,4.91,89158.76
2026-08-06 01:15:00,4.91,4.93,4.91,4.92,24391.55
2026-08-06 01:20:00,4.92,4.93,4.91,4.92,87035.18
2026-08-06 01:25:00,4.92,4.92,4.91,4.92,20968.97
2026-08-06 01:30:00,4.92,4.92,4.91,4.92,39097.45
2026-08-06 01:35:00,4.92,4.93,4.92,4.92,52775.8
2026-08-06 01:40:00,4.92,4.93,4.92,4.93,314706.47
2026-08-06 01:45:00,4.93,4.95,4.92,4.92,98577.92
2026-08-06 01:50:00,4.92,4.92,4.92,4.92,100727.29
2026-08-06 01:55:00,4.92,4.93,4.9,4.91,1489899.66
2026-08-06 02:00:00,4.91,4.91,4.9,4.91,55666.22
2026-08-06 02:05:00,4.91,4.91,4.9,4.9,478.45
2026-08-06 02:10:00,4.9,4.91,4.9,4.9,35888.25
2026-08-06 02:15:00,4.9,4.91,4.9,4.91,26852.3
2026-08-06 02:20:00,4.91,4.92,4.9,4.91,70874.23
2026-08-06 02:25:00,4.91,4.91,4.91,4.91,1455.0
2026-08-06 02:30:00,4.91,4.91,4.9,4.9,3905.48
2026-08-06 02:35:00,4.9,4.91,4.9,4.91,24139.76
2026-08-06 02:40:00,4.91,4.92,4.91,4.91,92391.93
2026-08-06 02:45:00,4.91,4.92,4.91,4.92,9900.86
2026-08-06 02:50:00,4.92,4.94,4.91,4.91,108892.53
2026-08-06 02:55:00,4.91,4.92,4.91,4.91,68315.13
2026-08-06 03:00:00,4.91,4.93,4.91,4.93,18550.54
2026-08-06 03:05:00,4.93,4.93,4.92,4.93,95061.51
2026-08-06 03:10:00,4.93,4.93,4.92,4.93,19013.1
2026-08-06 03:15:00,4.93,4.94,4.93,4.94,68593.49
2026-08-06 03:20:00,4.94,4.94,4.93,4.93,44605.32
2026-08-06 03:25:00,4.93,4.94,4.93,4.94,95728.98
2026-08-06 03:30:00,4.94,4.95,4.93,4.94,26073.51
2026-08-06 03:35:00,4.94,4.95,4.93,4.94,71468.49
2026-08-06 03:40:00,4.94,4.95,4.93,4.94,350457.56
2026-08-06 03:45:00,4.94,4.95,4.94,4.94,45224.24
2026-08-06 03:50:00,4.94,4.94,4.94,4.94,29820.09
2026-08-06 03:55:00,4.94,4.95,4.94,4.94,98896.5
2026-08-06 04:00:00,4.94,4.95,4.93,4.93,54050.73
2026-08-06 04:05:00,4.93,4.94,4.93,4.93,15724.12
2026-08-06 04:10:00,4.93,4.94,4.93,4.93,2425.0
2026-08-06 04:15:00,4.93,4.94,4.93,4.93,86701.2
2026-08-06 04:20:00,4.93,4.94,4.93,4.93,36353.45
2026-08-06 04:25:00,4.93,4.93,4.92,4.92,1702.71
2026-08-06 04:30:00,4.92,4.92,4.91,4.91,74117.09
2026-08-06 04:35:00,4.91,4.91,4.9,4.91,32115.26
2026-08-06 04:40:00,4.91,4.92,4.9,4.92,302108.16
2026-08-06 04:45:00,4.92,4.93,4.92,4.92,40908.29
2026-08-06 04:50:00,4.92,4.93,4.91,4.91,9166.81
2026-08-06 04:55:00,4.91,4.91,4.9,4.91,27021.72
2026-08-06 05:00:00,4.91,4.91,4.89,4.9,23595.23
2026-08-06 05:05:00,4.9,4.9,4.89,4.89,195153.14
2026-08-06 05:10:00,4.89,4.9,4.88,4.9,84290.57
2026-08-06 05:15:00,4.9,4.91,4.88,4.91,10070.29
2026-08-06 05:20:00,4.91,4.91,4.89,4.91,72904.52
2026-08-06 05:25:00,4.91,4.91,4.9,4.9,4618.73
2026-08-06 05:30:00,4.9,4.9,4.89,4.9,12370.43
2026-08-06 05:35:00,4.9,4.9,4.89,4.89,44242.35
2026-08-06 05:40:00,4.89,4.89,4.89,4.89,2690.42
2026-08-06 05:45:00,4.89,4.89,4.87,4.88,56441.19
2026-08-06 05:50:00,4.88,4.89,4.87,4.88,92130.75
2026-08-06 05:55:00,4.88,4.89,4.88,4.88,14957.78
2026-08-06 06:00:00,4.88,4.9,4.86,4.9,231720.54
2026-08-06 06:05:00,4.9,4.9,4.9,4.9,15958.91
2026-08-06 06:10:00,4.9,4.91,4.89,4.9,31487.57
2026-08-06 06:15:00,4.9,4.9,4.9,4.9,52978.46
2026-08-06 06:20:00,4.9,4.9,4.89,4.9,118319.25
2026-08-06 06:25:00,4.9,4.9,4.9,4.9,93520.02
2026-08-06 06:30:00,4.9,4.9,4.89,4.89,91085.18
2026-08-06 06:35:00,4.89,4.9,4.88,4.9,29971.92
2026-08-06 06:40:00,4.9,4.91,4.89,4.9,165975.76
2026-08-06 06:45:00,4.9,4.92,4.88,4.91,7371.56
2026-08-06 06:50:00,4.91,4.92,4.91,4.91,36354.46
2026-08-06 06:55:00,4.91,4.91,4.89,4.9,98705.87
2026-08-06 07:00:00,4.9,4.91,4.88,4.9,23229.43
2026-08-06 07:05:00,4.9,4.91,4.89,4.89,25143.89
2026-08-06 07:10:00,4.89,4.89,4.89,4.89,7792.86
2026-08-06 07:15:00,4.89,4.89,4.88,4.89,81622.32
2026-08-06 07:20:00,4.89,4.89,4.88,4.88,851.5
2026-08-06 07:25:00,4.88,4.88,4.88,4.88,27968.42
2026-08-06 07:30:00,4.88,4.88,4.87,4.88,35637.39
2026-08-06 07:35:00,4.88,4.89,4.88,4.88,7193.32
2026-08-06 07:40:00,4.88,4.89,4.87,4.89,122088.55
2026-08-06 07:45:00,4.89,4.89,4.88,4.88,53974.77
2026-08-06 07:50:00,4.88,4.9,4.88,4.9,15284.99
2026-08-06 07:55:00,4.9,4.9,4.89,4.9,74714.41
2026-08-06 08:00:00,4.9,4.9,4.89,4.9,884.68
2026-08-06 08:05:00,4.9,4.9,4.89,4.9,17918.94
2026-08-06 08:10:00,4.9,4.9,4.89,4.9,44159.97
2026-08-06 08:15:00,4.9,4.9,4.89,4.89,48106.03
2026-08-06 08:20:00,4.89,4.89,4.89,4.89,115787.88
2026-08-06 08:25:00,4.89,4.9,4.87,4.9,137591.36
2026-08-06 08:30:00,4.9,4.9,4.89,4.9,23497.22
2026-08-06 08:35:00,4.9,4.91,4.89,4.91,49860.6
2026-08-06 08:40:00,4.91,4.92,4.9,4.91,62606.26
2026-08-06 08:45:00,4.91,4.92,4.91,4.91,31806.44
2026-08-06 08:50:00,4.91,4.92,4.91,4.92,111755.57
2026-08-06 08:55:00,4.92,4.93,4.91,4.92,54074.51
2026-08-06 09:00:00,4.92,4.93,4.92,4.93,42109.91
2026-08-06 09:05:00,4.93,4.94,4.93,4.94,8393.41
2026-08-06 09:10:00,4.94,4.96,4.93,4.95,163679.77
2026-08-06 09:15:00,4.95,4.96,4.95,4.95,28711.61
2026-08-06 09:20:00,4.95,4.96,4.94,4.94,2035.56
2026-08-06 09:25:00,4.94,4.95,4.93,4.93,322092.85
2026-08-06 09:30:00,4.93,4.94,4.93,4.94,115527.56
2026-08-06 09:35:00,4.94,4.94,4.93,4.94,103083.49
2026-08-06 09:40:00,4.94,4.96,4.93,4.94,99877.58
2026-08-06 09:45:00,4.94,4.94,4.94,4.94,48224.7
2026-08-06 09:50:00,4.94,4.96,4.92,4.93,64594.44
2026-08-06 09:55:00,4.93,4.93,4.92,4.92,35782.09
2026-08-06 10:00:00,4.92,4.93,4.92,4.92,8572.28
2026-08-06 10:05:00,4.92,4.93,4.92,4.93,1578.13
2026-08-06 10:10:00,4.93,4.93,4.93,4.93,9745.5
2026-08-06 10:15:00,4.93,4.93,4.92,4.93,30852.81
2026-08-06 10:20:00,4.93,4.93,4.93,4.93,106486.64
2026-08-06 10:25:00,4.93,4.93,4.93,4.93,11313.77
2026-08-06 10:30:00,4.93,4.94,4.92,4.93,113013.8
2026-08-06 10:35:00,4.93,4.93,4.92,4.92,73680.02
2026-08-06 10:40:00,4.92,4.93,4.91,4.92,27576.07
2026-08-06 10:45:00,4.92,4.93,4.91,4.91,48322.32
2026-08-06 10:50:00,4.91,4.92,4.91,4.91,42908.67
2026-08-06 10:55:00,4.91,4.92,4.91,4.91,7457.37
2026-08-06 11:00:00,4.91,4.91,4.9,4.9,122209.26
2026-08-06 11:05:00,4.9,4.9,4.9,4.9,44153.28
2026-08-06 11:10:00,4.9,4.9,4.89,4.89,11078.37
2026-08-06 11:15:00,4.89,4.89,4.89,4.89,156706.72
2026-08-06 11:20:00,4.89,4.89,4.88,4.88,87455.57
2026-08-06 11:25:00,4.88,4.89,4.88,4.89,67333.46
2026-08-06 11:30:00,4.89,4.89,4.88,4.88,55659.73
2026-08-06 11:35:00,4.88,4.89,4.88,4.88,14389.92
2026-08-06 11:40:00,4.88,4.9,4.87,4.89,21266.57
2026-08-06 11:45:00,4.89,4.89,4.89,4.89,71673.25
2026-08-06 11:50:00,4.89,4.9,4.89,4.9,133621.5
2026-08-06 11:55:00,4.9,4.9,4.9,4.9,13894.1
2026-08-06 12:00:00,4.9,4.91,4.9,4.9,22018.2
2026-08-06 12:05:00,4.9,4.91,4.89,4.89,97677.67
2026-08-06 12:10:00,4.89,4.9,4.89,4.9,3262.56
2026-08-06 12:15:00,4.9,4.9,4.89,4.9,26063.8
2026-08-06 12:20:00,4.9,4.91,4.9,4.91,81.91
2026-08-06 12:25:00,4.91,4.91,4.9,4.9,21142.04
2026-08-06 12:30:00,4.9,4.9,4.89,4.89,102916.16
2026-08-06 12:35:00,4.89,4.9,4.89,4.89,9899.51
2026-08-06 12:40:00,4.89,4.9,4.89,4.89,7775.02
2026-08-06 12:45:00,4.89,4.9,4.89,4.89,117467.82
2026-08-06 12:50:00,4.89,4.9,4.89,4.89,82535.07
2026-08-06 12:55:00,4.89,4.9,4.89,4.89,56399.95
2026-08-06 13:00:00,4.89,4.9,4.89,4.9,131530.94
2026-08-06 13:05:00,4.9,4.9,4.9,4.9,566.81
2026-08-06 13:10:00,4.9,4.91,4.9,4.9,55791.34
2026-08-06 13:15:00,4.9,4.91,4.9,4.91,203654.29
2026-08-06 13:20:00,4.91,4.91,4.9,4.91,28563.84
2026-08-06 13:25:00,4.91,4.91,4.91,4.91,12888.65
2026-08-06 13:30:00,4.91,4.91,4.9,4.9,58662.03
2026-08-06 13:35:00,4.9,4.9,4.9,4.9,60431.49
2026-08-06 13:40:00,4.9,4.91,4.9,4.9,12190.01
2026-08-06 13:45:00,4.9,4.91,4.9,4.91,32517.24
2026-08-06 13:50:00,4.91,4.91,4.89,4.9,654.64
2026-08-06 13:55:00,4.9,4.91,4.89,4.9,24858.39
2026-08-06 14:00:00,4.9,4.91,4.9,4.9,34270.93
2026-08-06 14:05:00,4.9,4.91,4.9,4.9,45633.0
2026-08-06 14:10:00,4.9,4.91,4.9,4.91,19854.58
2026-08-06 14:15:00,4.91,4.91,4.9,4.91,36340.49
2026-08-06 14:20:00,4.91,4.91,4.9,4.91,887.18
2026-08-06 14:25:00,4.91,4.92,4.9,4.92,39318.35
2026-08-06 14:30:00,4.92,4.93,4.92,4.92,413.11
2026-08-06 14:35:00,4.92,4.93,4.92,4.92,61646.73
2026-08-06 14:40:00,4.92,4.92,4.92,4.92,12068.23
2026-08-06 14:45:00,4.92,4.92,4.92,4.92,27370.44
2026-08-06 14:50:00,4.92,4.93,4.92,4.92,84501.05
2026-08-06 14:55:00,4.92,4.93,4.91,4.92,3465.81
2026-08-06 15:00:00,4.92,4.92,4.91,4.91,76715.96
2026-08-06 15:05:00,4.91,4.91,4.88,4.89,4113.87
2026-08-06 15:10:00,4.89,4.89,4.88,4.88,3802.29
2026-08-06 15:15:00,4.88,4.9,4.87,4.89,8047.57
2026-08-06 15:20:00,4.89,4.91,4.89,4.91,5413.19
2026-08-06 15:25:00,4.91,4.91,4.9,4.9,4957.56
2026-08-06 15:30:00,4.9,4.91,4.9,4.91,28051.67
2026-08-06 15:35:00,4.91,4.91,4.9,4.9,90918.73
2026-08-06 15:40:00,4.9,4.9,4.89,4.9,90609.81
2026-08-06 15:45:00,4.9,4.91,4.89,4.89,309934.73
2026-08-06 15:50:00,4.89,4.9,4.88,4.89,16694.63
2026-08-06 15:55:00,4.89,4.9,4.89,4.89,1848.55
2026-08-06 16:00:00,4.89,4.9,4.89,4.9,16019.19
2026-08-06 16:05:00,4.9,4.9,4.89,4.89,41047.37
2026-08-06 16:10:00,4.89,4.89,4.89,4.89,41274.78
2026-08-06 16:15:00,4.89,4.9,4.89,4.89,4810.29
2026-08-06 16:20:00,4.89,4.9,4.89,4.9,33516.09
2026-08-06 16:25:00,4.9,4.9,4.89,4.89,147208.76
2026-08-06 16:30:00,4.89,4.9,4.88,4.88,28536.75
2026-08-06 16:35:00,4.88,4.88,4.88,4.88,70263.25
2026-08-06 16:40:00,4.88,4.9,4.87,4.89,8558.16
2026-08-06 16:45:00,4.89,4.9,4.89,4.9,60517.71
2026-08-06 16:50:00,4.9,4.9,4.9,4.9,38833.38
2026-08-06 16:55:00,4.9,4.91,4.9,4.9,69154.71
2026-08-06 17:00:00,4.9,4.91,4.9,4.91,5752.87
2026-08-06 17:05:00,4.91,4.92,4.9,4.92,68927.4
2026-08-06 17:10:00,4.92,4.92,4.91,4.91,109209.65
2026-08-06 17:15:00,4.91,4.92,4.91,4.92,21873.38
2026-08-06 17:20:00,4.92,4.94,4.91,4.93,51971.75
2026-08-06 17:25:00,4.93,4.93,4.92,4.93,55046.84
2026-08-06 17:30:00,4.93,4.94,4.93,4.93,1499.54
2026-08-06 17:35:00,4.93,4.95,4.92,4.92,123906.91
2026-08-06 17:40:00,4.92,4.94,4.91,4.91,17430.47
2026-08-06 17:45:00,4.91,4.92,4.91,4.92,131773.8
2026-08-06 17:50:00,4.92,4.92,4.91,4.91,34702.23
2026-08-06 17:55:00,4.91,4.93,4.9,4.9,39436.89
2026-08-06 18:00:00,4.9,4.91,4.9,4.91,23646.61
2026-08-06 18:05:00,4.91,4.91,4.9,4.9,4318.44
2026-08-06 18:10:00,4.9,4.9,4.89,4.89,29483.02
2026-08-06 18:15:00,4.89,4.9,4.89,4.9,377.55
2026-08-06 18:20:00,4.9,4.9,4.9,4.9,19352.73
2026-08-06 18:25:00,4.9,4.91,4.9,4.91,11689.22
2026-08-06 18:30:00,4.91,4.91,4.9,4.9,35155.96
2026-08-06 18:35:00,4.9,4.91,4.89,4.9,33003.9
2026-08-06 18:40:00,4.9,4.91,4.89,4.9,77259.4
2026-08-06 18:45:00,4.9,4.9,4.89,4.89,20213.22
2026-08-06 18:50:00,4.89,4.89,4.89,4.89,106314.73
2026-08-06 18:55:00,4.89,4.91,4.89,4.9,121.24
2026-08-06 19:00:00,4.9,4.91,4.9,4.9,1718.0
2026-08-06 19:05:00,4.9,4.9,4.89,4.89,71483.35
2026-08-06 19:10:00,4.89,4.89,4.89,4.89,5745.46
2026-08-06 19:15:00,4.89,4.9,4.88,4.89,44695.99
2026-08-06 19:20:00,4.89,4.89,4.88,4.89,106422.42
2026-08-06 19:25:00,4.89,4.9,4.88,4.89,19978.06
2026-08-06 19:30:00,4.89,4.9,4.89,4.9,29197.25
2026-08-06 19:35:00,4.9,4.92,4.89,4.91,64059.3
2026-08-06 19:40:00,4.91,4.92,4.91,4.92,15149.2
2026-08-06 19:45:00,4.92,4.92,4.91,4.91,17229.71
2026-08-06 19:50:00,4.91,4.92,4.91,4.91,47634.09
2026-08-06 19:55:00,4.91,4.92,4.91,4.92,45560.89
2026-08-06 20:00:00,4.92,4.92,4.89,4.9,5605.85
2026-08-06 20:05:00,4.9,4.9,4.89,4.89,4290.31
2026-08-06 20:10:00,4.89,4.89,4.89,4.89,134176.18
2026-08-06 20:15:00,4.89,4.89,4.88,4.89,64290.68
2026-08-06 20:20:00,4.89,4.89,4.89,4.89,134109.17
2026-08-06 20:25:00,4.89,4.9,4.89,4.9,79456.66
2026-08-06 20:30:00,4.9,4.9,4.88,4.89,20969.56
2026-08-06 20:35:00,4.89,4.89,4.88,4.88,17318.6
2026-08-06 20:40:00,4.88,4.9,4.87,4.89,12718.7
2026-08-06 20:45:00,4.89,4.9,4.89,4.9,29924.31
2026-08-06 20:50:00,4.9,4.9,4.9,4.9,27921.24
2026-08-06 20:55:00,4.9,4.9,4.9,4.9,158720.54
2026-08-06 21:00:00,4.9,4.91,4.9,4.91,19167.24
2026-08-06 21:05:00,4.91,4.91,4.9,4.9,66331.89
2026-08-06 21:10:00,4.9,4.91,4.9,4.91,90023.59
2026-08-06 21:15:00,4.91,4.91,4.9,4.91,60666.02
2026-08-06 21:20:00,4.91,4.91,4.9,4.91,282996.12
2026-08-06 21:25:00,4.91,4.92,4.9,4.92,31212.01
2026-08-06 21:30:00,4.92,4.92,4.91,4.91,83617.18
2026-08-06 21:35:00,4.91,4.92,4.9,4.92,49612.49
2026-08-06 21:40:00,4.92,4.92,4.91,4.91,72080.52
2026-08-06 21:45:00,4.91,4.92,4.91,4.92,55776.58
2026-08-06 21:50:00,4.92,4.92,4.91,4.91,31603.3
2026-08-06 21:55:00,4.91,4.91,4.9,4.9,25322.77
2026-08-06 22:00:00,4.9,4.91,4.89,4.9,38290.12
2026-08-06 22:05:00,4.9,4.9,4.89,4.9,9580.39
2026-08-06 22:10:00,4.9,4.9,4.89,4.9,78514.12
2026-08-06 22:15:00,4.9,4.9,4.89,4.9,22067.12
2026-08-06 22:20:00,4.9,4.9,4.89,4.89,10127.82
2026-08-06 22:25:00,4.89,4.9,4.89,4.89,25100.7
2026-08-06 22:30:00,4.89,4.9,4.89,4.89,8296.96
2026-08-06 22:35:00,4.89,4.89,4.89,4.89,62321.87
2026-08-06 22:40:00,4.89,4.9,4.89,4.89,106426.02
2026-08-06 22:45:00,4.89,4.89,4.89,4.89,29151.95
2026-08-06 22:50:00,4.89,4.89,4.89,4.89,39555.31
2026-08-06 22:55:00,4.89,4.9,4.89,4.89,1645.1
2026-08-06 23:00:00,4.89,4.9,4.88,4.89,13524.18
2026-08-06 23:05:00,4.89,4.89,4.89,4.89,8144.83
2026-08-06 23:10:00,4.89,4.9,4.89,4.89,8745.37
2026-08-06 23:15:00,4.89,4.9,4.89,4.9,19116.16
2026-08-06 23:20:00,4.9,4.9,4.88,4.89,7290.04
2026-08-06 23:25:00,4.89,4.91,4.89,4.9,5529.21
2026-08-06 23:30:00,4.9,4.92,4.9,4.92,279999.69
2026-08-06 23:35:00,4.92,4.92,4.91,4.92,12590.3
2026-08-06 23:40:00,4.92,4.93,4.91,4.91,263581.54
2026-08-06 23:45:00,4.91,4.93,4.9,4.9,561853.64
2026-08-06 23:50:00,4.9,4.91,4.9,4.91,26129.56
2026-08-06 23:55:00,4.91,4.91,4.91,4.91,5473.77
2026-08-07 00:00:00,4.91,4.91,4.91,4.91,10744.36
2026-08-07 00:05:00,4.91,4.91,4.89,4.9,29997.87
2026-08-07 00:10:00,4.9,4.9,4.9,4.9,7768.56
2026-08-07 00:15:00,4.9,4.9,4.89,4.89,33224.47
2026-08-07 00:20:00,4.89,4.9,4.89,4.9,47848.27
2026-08-07 00:25:00,4.9,4.9,4.89,4.9,50613.35
2026-08-07 00:30:00,4.9,4.9,4.89,4.9,8412.52
2026-08-07 00:35:00,4.9,4.91,4.9,4.91,24288.8
2026-08-07 00:40:00,4.91,4.92,4.9,4.91,36739.25
2026-08-07 00:45:00,4.91,4.91,4.9,4.91,5952.72
2026-08-07 00:50:00,4.91,4.92,4.91,4.92,72828.15
2026-08-07 00:55:00,4.92,4.93,4.92,4.92,816.01
2026-08-07 01:00:00,4.92,4.93,4.92,4.93,85150.89
2026-08-07 01:05:00,4.93,4.94,4.91,4.92,34581.91
2026-08-07 01:10:00,4.92,4.92,4.92,4.92,43265.25
2026-08-07 01:15:00,4.92,4.92,4.91,4.91,143551.67
2026-08-07 01:20:00,4.91,4.92,4.91,4.92,35715.07
2026-08-07 01:25:00,4.92,4.93,4.9,4.91,32415.22
2026-08-07 01:30:00,4.91,4.91,4.9,4.91,32799.47
2026-08-07 01:35:00,4.91,4.92,4.9,4.91,80148.29
2026-08-07 01:40:00,4.91,4.92,4.9,4.91,195772.04
2026-08-07 01:45:00,4.91,4.91,4.9,4.9,16259.51
2026-08-07 01:50:00,4.9,4.91,4.89,4.89,130187.37
2026-08-07 01:55:00,4.89,4.9,4.89,4.9,42977.24
2026-08-07 02:00:00,4.9,4.91,4.89,4.91,84932.45
2026-08-07 02:05:00,4.91,4.91,4.9,4.9,111791.59
2026-08-07 02:10:00,4.9,4.91,4.9,4.91,51268.93
2026-08-07 02:15:00,4.91,4.91,4.9,4.9,120352.48
2026-08-07 02:20:00,4.9,4.91,4.9,4.9,3408.11
2026-08-07 02:25:00,4.9,4.91,4.9,4.9,76938.84
2026-08-07 02:30:00,4.9,4.91,4.9,4.9,120098.84
2026-08-07 02:35:00,4.9,4.9,4.9,4.9,42123.74
2026-08-07 02:40:00,4.9,4.91,4.9,4.9,36176.92
2026-08-07 02:45:00,4.9,4.91,4.9,4.91,32430.3
2026-08-07 02:50:00,4.91,4.92,4.91,4.91,48680.73
2026-08-07 02:55:00,4.91,4.91,4.91,4.91,288287.82
2026-08-07 03:00:00,4.91,4.92,4.9,4.9,93414.09
2026-08-07 03:05:00,4.9,4.92,4.9,4.92,33244.38
2026-08-07 03:10:00,4.92,4.93,4.91,4.92,9389.26
2026-08-07 03:15:00,4.92,4.93,4.91,4.91,48884.6
2026-08-07 03:20:00,4.91,4.93,4.91,4.91,203333.93
2026-08-07 03:25:00,4.91,4.92,4.91,4.91,116729.64
2026-08-07 03:30:00,4.91,4.92,4.91,4.91,21432.02
2026-08-07 03:35:00,4.91,4.92,4.91,4.92,216388.14
2026-08-07 03:40:00,4.92,4.92,4.91,4.91,39394.81
2026-08-07 03:45:00,4.91,4.92,4.91,4.91,132390.24
2026-08-07 03:50:00,4.91,4.92,4.91,4.92,15217.11
2026-08-07 03:55:00,4.92,4.92,4.92,4.92,17136.29
2026-08-07 04:00:00,4.92,4.93,4.91,4.92,95.58
2026-08-07 04:05:00,4.92,4.94,4.91,4.92,424156.52
2026-08-07 04:10:00,4.92,4.92,4.91,4.92,15948.71
2026-08-07 04:15:00,4.92,4.93,4.91,4.92,65929.8
2026-08-07 04:20:00,4.92,4.93,4.91,4.91,181489.56
2026-08-07 04:25:00,4.91,4.91,4.91,4.91,2892.19
2026-08-07 04:30:00,4.91,4.92,4.91,4.91,115399.12
2026-08-07 04:35:00,4.91,4.91,4.9,4.91,47793.25
2026-08-07 04:40:00,4.91,4.91,4.9,4.9,52747.49
2026-08-07 04:45:00,4.9,4.91,4.9,4.91,25286.97
2026-08-07 04:50:00,4.91,4.91,4.9,4.9,75938.16
2026-08-07 04:55:00,4.9,4.91,4.9,4.91,91584.74
2026-08-07 05:00:00,4.91,4.91,4.9,4.91,4426.77
2026-08-07 05:05:00,4.91,4.91,4.9,4.91,36160.11
2026-08-07 05:10:00,4.91,4.91,4.91,4.91,69983.11
2026-08-07 05:15:00,4.91,4.91,4.9,4.9,21334.95
2026-08-07 05:20:00,4.9,4.91,4.89,4.9,49440.26
2026-08-07 05:25:00,4.9,4.9,4.9,4.9,52967.91
2026-08-07 05:30:00,4.9,4.91,4.88,4.91,133100.85
2026-08-07 05:35:00,4.91,4.91,4.9,4.91,76220.16
2026-08-07 05:40:00,4.91,4.91,4.9,4.9,6252.7
2026-08-07 05:45:00,4.9,4.91,4.9,4.9,6371.68
2026-08-07 05:50:00,4.9,4.91,4.9,4.9,51330.2
2026-08-07 05:55:00,4.9,4.91,4.9,4.9,18328.62
2026-08-07 06:00:00,4.9,4.91,4.9,4.91,43051.71
2026-08-07 06:05:00,4.91,4.92,4.91,4.92,67596.13
2026-08-07 06:10:00,4.92,4.93,4.91,4.92,40761.31
2026-08-07 06:15:00,4.92,4.93,4.92,4.93,1435.67
2026-08-07 06:20:00,4.93,4.94,4.92,4.92,293968.42
2026-08-07 06:25:00,4.92,4.92,4.92,4.92,845.13
2026-08-07 06:30:00,4.92,4.93,4.92,4.93,13164.0
2026-08-07 06:35:00,4.93,4.95,4.92,4.93,10973.92
2026-08-07 06:40:00,4.93,4.93,4.91,4.92,1190.59
2026-08-07 06:45:00,4.92,4.92,4.91,4.91,116672.6
2026-08-07 06:50:00,4.91,4.92,4.91,4.92,12155.62
2026-08-07 06:55:00,4.92,4.92,4.92,4.92,100009.86
2026-08-07 07:00:00,4.92,4.92,4.9,4.9,46158.67
2026-08-07 07:05:00,4.9,4.91,4.9,4.91,6449.76
2026-08-07 07:10:00,4.91,4.92,4.9,4.91,8982.7
2026-08-07 07:15:00,4.91,4.91,4.91,4.91,141032.35
2026-08-07 07:20:00,4.91,4.91,4.9,4.9,2685.53
2026-08-07 07:25:00,4.9,4.9,4.89,4.89,39542.16
2026-08-07 07:30:00,4.89,4.91,4.88,4.9,437539.03
2026-08-07 07:35:00,4.9,4.91,4.89,4.89,72.3
2026-08-07 07:40:00,4.89,4.9,4.89,4.89,65560.24
2026-08-07 07:45:00,4.89,4.9,4.88,4.9,159198.16
2026-08-07 07:50:00,4.9,4.9,4.9,4.9,25662.72
2026-08-07 07:55:00,4.9,4.9,4.9,4.9,5672.93
2026-08-07 08:00:00,4.9,4.9,4.89,4.89,36761.26
2026-08-07 08:05:00,4.89,4.91,4.88,4.91,316527.57
2026-08-07 08:10:00,4.91,4.92,4.91,4.92,7367.26
2026-08-07 08:15:00,4.92,4.92,4.91,4.92,353000.12
2026-08-07 08:20:00,4.92,4.93,4.91,4.93,22739.11
2026-08-07 08:25:00,4.93,4.93,4.92,4.92,25187.31
2026-08-07 08:30:00,4.92,4.93,4.91,4.91,128818.08
2026-08-07 08:35:00,4.91,4.92,4.91,4.92,39269.49
2026-08-07 08:40:00,4.92,4.92,4.92,4.92,68998.91
2026-08-07 08:45:00,4.92,4.92,4.92,4.92,80160.61
2026-08-07 08:50:00,4.92,4.93,4.92,4.92,76648.44
2026-08-07 08:55:00,4.92,4.92,4.92,4.92,5332.5
2026-08-07 09:00:00,4.92,4.92,4.92,4.92,14884.45
2026-08-07 09:05:00,4.92,4.92,4.92,4.92,3010.3
2026-08-07 09:10:00,4.92,4.92,4.91,4.91,22486.08
2026-08-07 09:15:00,4.91,4.91,4.91,4.91,19223.08
2026-08-07 09:20:00,4.91,4.91,4.91,4.91,17760.91
2026-08-07 09:25:00,4.91,4.91,4.91,4.91,31204.8
2026-08-07 09:30:00,4.91,4.91,4.9,4.91,479.19
2026-08-07 09:35:00,4.91,4.91,4.9,4.91,93753.76
2026-08-07 09:40:00,4.91,4.92,4.91,4.91,42525.01
2026-08-07 09:45:00,4.91,4.92,4.91,4.91,93204.95
2026-08-07 09:50:00,4.91,4.92,4.91,4.91,8054.86
2026-08-07 09:55:00,4.91,4.91,4.91,4.91,92985.83
2026-08-07 10:00:00,4.91,4.92,4.91,4.92,1208.07
2026-08-07 10:05:00,4.92,4.92,4.91,4.91,19907.09
2026-08-07 10:10:00,4.91,4.91,4.9,4.9,12535.09
2026-08-07 10:15:00,4.9,4.91,4.9,4.91,14470.25
2026-08-07 10:20:00,4.91,4.91,4.9,4.9,50344.45
2026-08-07 10:25:00,4.9,4.9,4.9,4.9,42727.68
2026-08-07 10:30:00,4.9,4.9,4.89,4.89,86378.85
2026-08-07 10:35:00,4.89,4.9,4.89,4.9,31700.58
2026-08-07 10:40:00,4.9,4.9,4.87,4.9,126125.22
2026-08-07 10:45:00,4.9,4.91,4.89,4.91,88546.41
2026-08-07 10:50:00,4.91,4.91,4.9,4.91,8833.59
2026-08-07 10:55:00,4.91,4.91,4.91,4.91,21005.76
2026-08-07 11:00:00,4.91,4.91,4.9,4.91,36182.87
2026-08-07 11:05:00,4.91,4.91,4.9,4.91,34599.61
2026-08-07 11:10:00,4.91,4.91,4.89,4.9,95680.52
2026-08-07 11:15:00,4.9,4.91,4.89,4.9,73077.41
2026-08-07 11:20:00,4.9,4.9,4.9,4.9,55770.43
2026-08-07 11:25:00,4.9,4.91,4.88,4.91,64010.67
2026-08-07 11:30:00,4.91,4.93,4.91,4.92,15806.45
2026-08-07 11:35:00,4.92,4.94,4.9,4.91,34554.97
2026-08-07 11:40:00,4.91,4.91,4.9,4.91,41415.43
2026-08-07 11:45:00,4.91,4.91,4.9,4.91,38557.02
2026-08-07 11:50:00,4.91,4.91,4.9,4.91,76194.15
2026-08-07 11:55:00,4.91,4.92,4.9,4.91,28387.64
2026-08-07 12:00:00,4.91,4.91,4.9,4.91,665.65
2026-08-07 12:05:00,4.91,4.91,4.9,4.91,43947.95
2026-08-07 12:10:00,4.91,4.91,4.9,4.91,168175.11
2026-08-07 12:15:00,4.91,4.92,4.9,4.91,50437.32
2026-08-07 12:20:00,4.91,4.92,4.91,4.92,24337.38
2026-08-07 12:25:00,4.92,4.92,4.92,4.92,27728.5
2026-08-07 12:30:00,4.92,4.92,4.91,4.91,3219.97
2026-08-07 12:35:00,4.91,4.92,4.91,4.91,12967.6
2026-08-07 12:40:00,4.91,4.92,4.91,4.91,90186.17
2026-08-07 12:45:00,4.91,4.91,4.9,4.9,2041.82
2026-08-07 12:50:00,4.9,4.91,4.9,4.9,7546.84
2026-08-07 12:55:00,4.9,4.91,4.89,4.9,4072.94
2026-08-07 13:00:00,4.9,4.9,4.9,4.9,870.62
2026-08-07 13:05:00,4.9,4.91,4.9,4.91,15517.11
2026-08-07 13:10:00,4.91,4.91,4.9,4.9,11963.88
2026-08-07 13:15:00,4.9,4.91,4.9,4.91,2509.41
2026-08-07 13:20:00,4.91,4.91,4.89,4.9,66145.88
2026-08-07 13:25:00,4.9,4.9,4.9,4.9,50717.05
2026-08-07 13:30:00,4.9,4.91,4.9,4.9,16269.8
2026-08-07 13:35:00,4.9,4.9,4.9,4.9,706.18
2026-08-07 13:40:00,4.9,4.91,4.9,4.91,47049.04
2026-08-07 13:45:00,4.91,4.92,4.9,4.9,11060.8
2026-08-07 13:50:00,4.9,4.91,4.9,4.9,61409.58
2026-08-07 13:55:00,4.9,4.91,4.89,4.91,109980.33
2026-08-07 14:00:00,4.91,4.91,4.9,4.9,45574.7
2026-08-07 14:05:00,4.9,4.91,4.9,4.91,7254.44
2026-08-07 14:10:00,4.91,4.92,4.91,4.92,107758.46
2026-08-07 14:15:00,4.92,4.92,4.92,4.92,18874.21
2026-08-07 14:20:00,4.92,4.92,4.92,4.92,27704.58
2026-08-07 14:25:00,4.92,4.92,4.92,4.92,96635.5
2026-08-07 14:30:00,4.92,4.94,4.92,4.94,15986.94
2026-08-07 14:35:00,4.94,4.95,4.93,4.93,274097.66
2026-08-07 14:40:00,4.93,4.93,4.92,4.92,38513.02
2026-08-07 14:45:00,4.92,4.93,4.91,4.91,277829.7
2026-08-07 14:50:00,4.91,4.92,4.91,4.92,52633.42
2026-08-07 14:55:00,4.92,4.92,4.91,4.92,65352.4
2026-08-07 15:00:00,4.92,4.93,4.92,4.92,10881.14
2026-08-07 15:05:00,4.92,4.94,4.91,4.91,342924.68
2026-08-07 15:10:00,4.91,4.92,4.91,4.92,24693.43
2026-08-07 15:15:00,4.92,4.92,4.91,4.92,29215.08
2026-08-07 15:20:00,4.92,4.92,4.91,4.91,41321.07
2026-08-07 15:25:00,4.91,4.92,4.9,4.91,75447.8
2026-08-07 15:30:00,4.91,4.92,4.91,4.91,146810.54
2026-08-07 15:35:00,4.91,4.91,4.9,4.9,12568.33
2026-08-07 15:40:00,4.9,4.91,4.9,4.9,20294.45
2026-08-07 15:45:00,4.9,4.91,4.89,4.91,441859.41
2026-08-07 15:50:00,4.91,4.92,4.91,4.92,5440.74
2026-08-07 15:55:00,4.92,4.92,4.9,4.91,46142.44
2026-08-07 16:00:00,4.91,4.91,4.9,4.91,84071.47
2026-08-07 16:05:00,4.91,4.92,4.91,4.92,50427.98
2026-08-07 16:10:00,4.92,4.92,4.92,4.92,56180.01
2026-08-07 16:15:00,4.92,4.92,4.92,4.92,58934.61
2026-08-07 16:20:00,4.92,4.93,4.92,4.92,42817.39
2026-08-07 16:25:00,4.92,4.93,4.92,4.93,49323.39
2026-08-07 16:30:00,4.93,4.93,4.91,4.91,55922.38
2026-08-07 16:35:00,4.91,4.91,4.9,4.9,8903.72
2026-08-07 16:40:00,4.9,4.91,4.9,4.91,832.43
2026-08-07 16:45:00,4.91,4.92,4.9,4.91,2652.43
2026-08-07 16:50:00,4.91,4.91,4.91,4.91,8301.71
2026-08-07 16:55:00,4.91,4.92,4.91,4.91,74585.65
2026-08-07 17:00:00,4.91,4.92,4.91,4.91,29637.95
2026-08-07 17:05:00,4.91,4.92,4.9,4.91,33668.72
2026-08-07 17:10:00,4.91,4.92,4.89,4.92,1442151.21
2026-08-07 17:15:00,4.92,4.92,4.92,4.92,41172.04
2026-08-07 17:20:00,4.92,4.93,4.92,4.93,29736.98
2026-08-07 17:25:00,4.93,4.93,4.91,4.92,6275.21
2026-08-07 17:30:00,4.92,4.92,4.92,4.92,12674.31
2026-08-07 17:35:00,4.92,4.93,4.92,4.92,9817.89
2026-08-07 17:40:00,4.92,4.93,4.91,4.92,43404.83
2026-08-07 17:45:00,4.92,4.92,4.91,4.91,41538.48
2026-08-07 17:50:00,4.91,4.92,4.89,4.92,17826.71
2026-08-07 17:55:00,4.92,4.92,4.91,4.92,3714.6
2026-08-07 18:00:00,4.92,4.92,4.91,4.91,62184.85
2026-08-07 18:05:00,4.91,4.92,4.91,4.92,8928.76
2026-08-07 18:10:00,4.92,4.92,4.91,4.91,3933.58
2026-08-07 18:15:00,4.91,4.91,4.9,4.91,20333.43
2026-08-07 18:20:00,4.91,4.92,4.9,4.92,23879.79
2026-08-07 18:25:00,4.92,4.93,4.91,4.92,38678.51
2026-08-07 18:30:00,4.92,4.93,4.92,4.93,121536.85
2026-08-07 18:35:00,4.93,4.93,4.92,4.93,59225.92
2026-08-07 18:40:00,4.93,4.93,4.92,4.92,84075.95
2026-08-07 18:45:00,4.92,4.93,4.91,4.91,42405.37
2026-08-07 18:50:00,4.91,4.92,4.9,4.9,67175.7
2026-08-07 18:55:00,4.9,4.91,4.88,4.91,44257.53
2026-08-07 19:00:00,4.91,4.91,4.9,4.91,28384.41
2026-08-07 19:05:00,4.91,4.91,4.91,4.91,146328.62
2026-08-07 19:10:00,4.91,4.92,4.89,4.92,2037.11
2026-08-07 19:15:00,4.92,4.92,4.91,4.92,47220.63
2026-08-07 19:20:00,4.92,4.92,4.91,4.92,67343.47
2026-08-07 19:25:00,4.92,4.92,4.92,4.92,35575.38
2026-08-07 19:30:00,4.92,4.93,4.92,4.93,72735.75
2026-08-07 19:35:00,4.93,4.93,4.92,4.92,116418.36
2026-08-07 19:40:00,4.92,4.93,4.92,4.92,39060.52
2026-08-07 19:45:00,4.92,4.92,4.91,4.91,89703.21
2026-08-07 19:50:00,4.91,4.91,4.9,4.9,3940.54
2026-08-07 19:55:00,4.9,4.91,4.9,4.91,16173.49
2026-08-07 20:00:00,4.91,4.92,4.91,4.91,40257.0
2026-08-07 20:05:00,4.91,4.92,4.91,4.92,21461.76
2026-08-07 20:10:00,4.92,4.93,4.92,4.92,129041.15
2026-08-07 20:15:00,4.92,4.94,4.91,4.91,203082.14
2026-08-07 20:20:00,4.91,4.91,4.9,4.9,14061.35
2026-08-07 20:25:00,4.9,4.9,4.9,4.9,28083.76
2026-08-07 20:30:00,4.9,4.91,4.89,4.91,159965.99
2026-08-07 20:35:00,4.91,4.91,4.9,4.9,29284.04
2026-08-07 20:40:00,4.9,4.91,4.88,4.91,9949.43
2026-08-07 20:45:00,4.91,4.91,4.91,4.91,20033.48
2026-08-07 20:50:00,4.91,4.92,4.89,4.9,109783.25
2026-08-07 20:55:00,4.9,4.91,4.9,4.91,12496.7
2026-08-07 21:00:00,4.91,4.91,4.91,4.91,26162.25
2026-08-07 21:05:00,4.91,4.91,4.9,4.91,84632.1
2026-08-07 21:10:00,4.91,4.92,4.9,4.92,87281.9
2026-08-07 21:15:00,4.92,4.92,4.91,4.92,10432.45
2026-08-07 21:20:00,4.92,4.93,4.92,4.92,104268.62
2026-08-07 21:25:00,4.92,4.94,4.92,4.92,56874.62
2026-08-07 21:30:00,4.92,4.92,4.91,4.91,49680.79
2026-08-07 21:35:00,4.91,4.91,4.91,4.91,9057.13
2026-08-07 21:40:00,4.91,4.92,4.91,4.92,50293.23
2026-08-07 21:45:00,4.92,4.92,4.92,4.92,15697.87
2026-08-07 21:50:00,4.92,4.93,4.92,4.92,35807.67
2026-08-07 21:55:00,4.92,4.92,4.92,4.92,71175.09
2026-08-07 22:00:00,4.92,4.94,4.91,4.91,196767.98
2026-08-07 22:05:00,4.91,4.92,4.9,4.92,197759.04
2026-08-07 22:10:00,4.92,4.92,4.91,4.91,17326.08
2026-08-07 22:15:00,4.91,4.93,4.91,4.92,52248.14
2026-08-07 22:20:00,4.92,4.94,4.91,4.91,408688.78
2026-08-07 22:25:00,4.91,4.92,4.91,4.91,40265.54
2026-08-07 22:30:00,4.91,4.92,4.9,4.91,30335.59
2026-08-07 22:35:00,4.91,4.92,4.89,4.92,245056.62
2026-08-07 22:40:00,4.92,4.92,4.91,4.91,39726.56
2026-08-07 22:45:00,4.91,4.92,4.91,4.92,4040.49
2026-08-07 22:50:00,4.92,4.92,4.91,4.91,43427.01
2026-08-07 22:55:00,4.91,4.93,4.89,4.92,856760.68
2026-08-07 23:00:00,4.92,4.93,4.91,4.92,259844.35
2026-08-07 23:05:00,4.92,4.92,4.91,4.91,14809.68
2026-08-07 23:10:00,4.91,4.92,4.91,4.92,120788.17
2026-08-07 23:15:00,4.92,4.92,4.91,4.92,101033.87
2026-08-07 23:20:00,4.92,4.93,4.92,4.93,11292.28
2026-08-07 23:25:00,4.93,4.93,4.92,4.92,24374.47
2026-08-07 23:30:00,4.92,4.92,4.91,4.92,92717.32
2026-08-07 23:35:00,4.92,4.92,4.91,4.91,50805.74
2026-08-07 23:40:00,4.91,4.91,4.91,4.91,29851.09
2026-08-07 23:45:00,4.91,4.91,4.91,4.91,53624.8
2026-08-07 23:50:00,4.91,4.92,4.9,4.91,46608.19
2026-08-07 23:55:00,4.91,4.91,4.9,4.9,63632.45
2026-08-08 00:00:00,4.9,4.91,4.9,4.91,64668.23
2026-08-08 00:05:00,4.91,4.91,4.9,4.91,9419.85
2026-08-08 00:10:00,4.91,4.92,4.9,4.92,20865.96
2026-08-08 00:15:00,4.92,4.93,4.92,4.93,265753.14
2026-08-08 00:20:00,4.93,4.95,4.91,4.92,280603.67
2026-08-08 00:25:00,4.92,4.93,4.92,4.92,45138.56
2026-08-08 00:30:00,4.92,4.94,4.92,4.92,9503.33
2026-08-08 00:35:00,4.92,4.92,4.91,4.92,4492.2
2026-08-08 00:40:00,4.92,4.92,4.91,4.92,27589.53
2026-08-08 00:45:00,4.92,4.92,4.91,4.91,55141.28
2026-08-08 00:50:00,4.91,4.93,4.91,4.92,4875.95
2026-08-08 00:55:00,4.92,4.93,4.91,4.92,75906.32
2026-08-08 01:00:00,4.92,4.93,4.91,4.92,39894.78
2026-08-08 01:05:00,4.92,4.92,4.92,4.92,28113.32
2026-08-08 01:10:00,4.92,4.92,4.91,4.91,482.39
2026-08-08 01:15:00,4.91,4.93,4.91,4.92,50077.35
2026-08-08 01:20:00,4.92,4.94,4.92,4.93,50855.05
2026-08-08 01:25:00,4.93,4.94,4.93,4.94,9958.69
2026-08-08 01:30:00,4.94,4.94,4.92,4.93,95672.73
2026-08-08 01:35:00,4.93,4.95,4.92,4.92,186017.58
2026-08-08 01:40:00,4.92,4.93,4.92,4.93,35837.53
2026-08-08 01:45:00,4.93,4.93,4.93,4.93,63434.42
2026-08-08 01:50:00,4.93,4.94,4.92,4.92,1717.91
2026-08-08 01:55:00,4.92,4.92,4.92,4.92,66606.42
2026-08-08 02:00:00,4.92,4.92,4.92,4.92,13257.38
2026-08-08 02:05:00,4.92,4.93,4.92,4.93,36858.61
2026-08-08 02:10:00,4.93,4.94,4.93,4.93,78675.17
2026-08-08 02:15:00,4.93,4.94,4.93,4.94,95829.31
2026-08-08 02:20:00,4.94,4.95,4.94,4.95,23587.34
2026-08-08 02:25:00,4.95,4.97,4.95,4.96,56822.33
2026-08-08 02:30:00,4.96,4.96,4.95,4.95,55280.22
2026-08-08 02:35:00,4.95,4.95,4.94,4.95,67874.46
2026-08-08 02:40:00,4.95,4.95,4.94,4.95,39913.59
2026-08-08 02:45:00,4.95,4.95,4.94,4.94,13326.19
2026-08-08 02:50:00,4.94,4.94,4.94,4.94,43122.65
2026-08-08 02:55:00,4.94,4.95,4.94,4.95,2030.58
2026-08-08 03:00:00,4.95,4.96,4.94,4.95,127161.5
2026-08-08 03:05:00,4.95,4.96,4.95,4.96,66341.45
2026-08-08 03:10:00,4.96,4.96,4.94,4.95,75255.54
2026-08-08 03:15:00,4.95,4.95,4.94,4.95,49636.88
2026-08-08 03:20:00,4.95,4.95,4.95,4.95,93848.92
2026-08-08 03:25:00,4.95,4.96,4.95,4.95,4914.38
2026-08-08 03:30:00,4.95,4.95,4.95,4.95,36388.37
2026-08-08 03:35:00,4.95,4.95,4.95,4.95,23334.83
2026-08-08 03:40:00,4.95,4.95,4.95,4.95,97984.34
2026-08-08 03:45:00,4.95,4.96,4.95,4.96,52233.65
2026-08-08 03:50:00,4.96,4.97,4.94,4.95,173895.25
2026-08-08 03:55:00,4.95,4.96,4.94,4.95,65557.86
2026-08-08 04:00:00,4.95,4.95,4.94,4.95,8187.76
2026-08-08 04:05:00,4.95,4.96,4.93,4.94,57855.87
2026-08-08 04:10:00,4.94,4.94,4.93,4.94,31949.19
2026-08-08 04:15:00,4.94,4.94,4.92,4.93,7418.26
2026-08-08 04:20:00,4.93,4.93,4.93,4.93,3931.21
2026-08-08 04:25:00,4.93,4.94,4.93,4.94,10518.52
2026-08-08 04:30:00,4.94,4.94,4.92,4.92,1448.92
2026-08-08 04:35:00,4.92,4.93,4.92,4.93,64005.76
2026-08-08 04:40:00,4.93,4.93,4.91,4.92,79443.03
2026-08-08 04:45:00,4.92,4.92,4.91,4.91,5955.97
2026-08-08 04:50:00,4.91,4.92,4.91,4.92,55172.84
2026-08-08 04:55:00,4.92,4.93,4.91,4.91,106009.46
2026-08-08 05:00:00,4.91,4.92,4.91,4.92,5040.23
2026-08-08 05:05:00,4.92,4.94,4.92,4.93,98057.99
2026-08-08 05:10:00,4.93,4.93,4.92,4.93,22618.06
2026-08-08 05:15:00,4.93,4.93,4.92,4.93,79367.16
2026-08-08 05:20:00,4.93,4.93,4.92,4.93,219283.74
2026-08-08 05:25:00,4.93,4.93,4.93,4.93,18217.26
2026-08-08 05:30:00,4.93,4.93,4.91,4.92,9019.57
2026-08-08 05:35:00,4.92,4.92,4.92,4.92,157924.43
2026-08-08 05:40:00,4.92,4.92,4.92,4.92,15233.89
2026-08-08 05:45:00,4.92,4.92,4.92,4.92,38146.59
2026-08-08 05:50:00,4.92,4.92,4.91,4.92,20237.94
2026-08-08 05:55:00,4.92,4.92,4.91,4.92,7069.29
2026-08-08 06:00:00,4.92,4.92,4.91,4.91,6487.61
2026-08-08 06:05:00,4.91,4.92,4.9,4.92,48273.18
2026-08-08 06:10:00,4.92,4.92,4.91,4.92,15600.22
2026-08-08 06:15:00,4.92,4.92,4.92,4.92,2379.84
2026-08-08 06:20:00,4.92,4.92,4.92,4.92,33111.29
2026-08-08 06:25:00,4.92,4.93,4.92,4.92,35312.28
2026-08-08 06:30:00,4.92,4.93,4.91,4.93,11400.75
2026-08-08 06:35:00,4.93,4.93,4.92,4.93,21404.18
2026-08-08 06:40:00,4.93,4.93,4.92,4.92,19600.32
2026-08-08 06:45:00,4.92,4.94,4.92,4.94,11312.15
2026-08-08 06:50:00,4.94,4.94,4.93,4.94,19886.31
2026-08-08 06:55:00,4.94,4.95,4.94,4.95,28684.8
2026-08-08 07:00:00,4.95,4.95,4.95,4.95,7685.89
2026-08-08 07:05:00,4.95,4.95,4.94,4.94,12958.55
2026-08-08 07:10:00,4.94,4.95,4.94,4.95,28643.2
2026-08-08 07:15:00,4.95,4.95,4.95,4.95,12580.59
2026-08-08 07:20:00,4.95,4.97,4.94,4.94,322658.87
2026-08-08 07:25:00,4.94,4.95,4.93,4.94,6961.07
2026-08-08 07:30:00,4.94,4.94,4.93,4.94,44381.26
2026-08-08 07:35:00,4.94,4.94,4.93,4.94,114247.1
2026-08-08 07:40:00,4.94,4.95,4.93,4.95,199423.03
2026-08-08 07:45:00,4.95,4.95,4.95,4.95,14232.36
2026-08-08 07:50:00,4.95,4.96,4.94,4.95,227391.99
2026-08-08 07:55:00,4.95,4.95,4.94,4.94,59043.06
2026-08-08 08:00:00,4.94,4.95,4.94,4.94,41720.24
2026-08-08 08:05:00,4.94,4.95,4.94,4.95,176600.25
2026-08-08 08:10:00,4.95,4.96,4.94,4.95,144187.26
2026-08-08 08:15:00,4.95,4.96,4.94,4.94,489096.22
2026-08-08 08:20:00,4.94,4.94,4.94,4.94,43967.29
2026-08-08 08:25:00,4.94,4.94,4.93,4.93,77057.65
2026-08-08 08:30:00,4.93,4.94,4.93,4.93,991.3
2026-08-08 08:35:00,4.93,4.94,4.93,4.93,148253.52
2026-08-08 08:40:00,4.93,4.94,4.93,4.93,174759.1
2026-08-08 08:45:00,4.93,4.94,4.93,4.93,129743.52
2026-08-08 08:50:00,4.93,4.94,4.93,4.93,110626.33
2026-08-08 08:55:00,4.93,4.94,4.93,4.93,114383.06
2026-08-08 09:00:00,4.93,4.93,4.93,4.93,44896.61
2026-08-08 09:05:00,4.93,4.94,4.93,4.93,2732.33
2026-08-08 09:10:00,4.93,4.93,4.93,4.93,4570.11
2026-08-08 09:15:00,4.93,4.94,4.93,4.94,64899.63
2026-08-08 09:20:00,4.94,4.94,4.93,4.93,29626.49
2026-08-08 09:25:00,4.93,4.94,4.92,4.93,66009.04
2026-08-08 09:30:00,4.93,4.93,4.92,4.93,357.77
2026-08-08 09:35:00,4.93,4.93,4.92,4.92,46174.78
2026-08-08 09:40:00,4.92,4.93,4.92,4.93,16037.53
2026-08-08 09:45:00,4.93,4.93,4.92,4.93,27511.89
2026-08-08 09:50:00,4.93,4.95,4.93,4.94,9684.65
2026-08-08 09:55:00,4.94,4.95,4.93,4.93,6482.59
2026-08-08 10:00:00,4.93,4.94,4.93,4.94,35832.17
2026-08-08 10:05:00,4.94,4.94,4.93,4.94,20293.11
2026-08-08 10:10:00,4.94,4.94,4.93,4.93,221414.14
2026-08-08 10:15:00,4.93,4.94,4.92,4.92,83940.32
2026-08-08 10:20:00,4.92,4.92,4.91,4.91,127829.89
2026-08-08 10:25:00,4.91,4.92,4.91,4.91,44000.53
2026-08-08 10:30:00,4.91,4.92,4.9,4.92,388158.57
2026-08-08 10:35:00,4.92,4.92,4.91,4.91,60545.49
2026-08-08 10:40:00,4.91,4.92,4.91,4.92,58620.49
2026-08-08 10:45:00,4.92,4.93,4.9,4.92,14581.75
2026-08-08 10:50:00,4.92,4.93,4.92,4.93,159556.46
2026-08-08 10:55:00,4.93,4.94,4.93,4.94,136087.74
2026-08-08 11:00:00,4.94,4.94,4.93,4.94,18139.2
2026-08-08 11:05:00,4.94,4.94,4.93,4.94,17874.01
2026-08-08 11:10:00,4.94,4.94,4.93,4.94,30055.39
2026-08-08 11:15:00,4.94,4.94,4.93,4.94,41394.43
2026-08-08 11:20:00,4.94,4.94,4.93,4.94,29483.53
2026-08-08 11:25:00,4.94,4.95,4.94,4.95,14167.51
2026-08-08 11:30:00,4.95,4.96,4.94,4.95,172439.76
2026-08-08 11:35:00,4.95,4.97,4.93,4.94,155792.7
2026-08-08 11:40:00,4.94,4.94,4.92,4.93,12163.89
2026-08-08 11:45:00,4.93,4.93,4.93,4.93,34858.22
2026-08-08 11:50:00,4.93,4.94,4.93,4.93,1443.61
2026-08-08 11:55:00,4.93,4.93,4.92,4.93,40403.15
2026-08-08 12:00:00,4.93,4.93,4.92,4.93,22733.28
2026-08-08 12:05:00,4.93,4.93,4.92,4.93,9950.98
2026-08-08 12:10:00,4.93,4.94,4.93,4.93,10216.03
2026-08-08 12:15:00,4.93,4.94,4.93,4.93,38959.59
2026-08-08 12:20:00,4.93,4.94,4.93,4.94,1025.33
2026-08-08 12:25:00,4.94,4.94,4.93,4.93,163041.78
2026-08-08 12:30:00,4.93,4.94,4.93,4.93,21234.71
2026-08-08 12:35:00,4.93,4.93,4.93,4.93,4968.26
2026-08-08 12:40:00,4.93,4.93,4.93,4.93,39053.73
2026-08-08 12:45:00,4.93,4.94,4.93,4.94,14104.93
2026-08-08 12:50:00,4.94,4.96,4.93,4.93,119608.96
2026-08-08 12:55:00,4.93,4.93,4.92,4.93,21500.07
2026-08-08 13:00:00,4.93,4.94,4.92,4.92,110836.45
2026-08-08 13:05:00,4.92,4.94,4.92,4.94,68209.68
2026-08-08 13:10:00,4.94,4.95,4.93,4.95,154804.76
2026-08-08 13:15:00,4.95,4.95,4.94,4.95,9178.73
2026-08-08 13:20:00,4.95,4.97,4.93,4.94,673534.11
2026-08-08 13:25:00,4.94,4.94,4.93,4.93,68447.51
2026-08-08 13:30:00,4.93,4.93,4.93,4.93,62134.32
2026-08-08 13:35:00,4.93,4.93,4.92,4.93,33663.32
2026-08-08 13:40:00,4.93,4.94,4.93,4.93,51903.71
2026-08-08 13:45:00,4.93,4.94,4.93,4.94,32331.94
2026-08-08 13:50:00,4.94,4.94,4.93,4.94,37267.33
2026-08-08 13:55:00,4.94,4.95,4.94,4.94,93101.69
2026-08-08 14:00:00,4.94,4.96,4.93,4.93,295696.34
2026-08-08 14:05:00,4.93,4.94,4.93,4.94,28077.33
2026-08-08 14:10:00,4.94,4.94,4.94,4.94,73693.6
2026-08-08 14:15:00,4.94,4.94,4.94,4.94,11415.13
2026-08-08 14:20:00,4.94,4.94,4.93,4.94,24792.6
2026-08-08 14:25:00,4.94,4.94,4.93,4.94,48323.6
2026-08-08 14:30:00,4.94,4.94,4.92,4.92,40323.14
2026-08-08 14:35:00,4.92,4.93,4.92,4.92,5506.9
2026-08-08 14:40:00,4.92,4.93,4.91,4.91,29423.46
2026-08-08 14:45:00,4.91,4.92,4.91,4.92,453223.42
2026-08-08 14:50:00,4.92,4.92,4.92,4.92,12926.31
2026-08-08 14:55:00,4.92,4.93,4.91,4.92,89418.96
2026-08-08 15:00:00,4.92,4.93,4.92,4.92,27621.63
2026-08-08 15:05:00,4.92,4.93,4.92,4.93,124658.81
2026-08-08 15:10:00,4.93,4.94,4.92,4.94,5547.46
2026-08-08 15:15:00,4.94,4.94,4.94,4.94,11682.96
2026-08-08 15:20:00,4.94,4.94,4.93,4.93,159080.39
2026-08-08 15:25:00,4.93,4.94,4.93,4.94,28846.49
2026-08-08 15:30:00,4.94,4.94,4.94,4.94,76333.52
2026-08-08 15:35:00,4.94,4.95,4.94,4.95,37709.53
2026-08-08 15:40:00,4.95,4.95,4.94,4.94,36992.68
2026-08-08 15:45:00,4.94,4.96,4.94,4.95,92339.94
2026-08-08 15:50:00,4.95,4.96,4.94,4.94,93820.96
2026-08-08 15:55:00,4.94,4.96,4.93,4.93,217321.85
2026-08-08 16:00:00,4.93,4.94,4.93,4.94,6730.02
2026-08-08 16:05:00,4.94,4.94,4.93,4.93,39895.56
2026-08-08 16:10:00,4.93,4.94,4.93,4.94,78013.19
2026-08-08 16:15:00,4.94,4.94,4.93,4.93,35370.13
2026-08-08 16:20:00,4.93,4.93,4.92,4.93,22309.86
2026-08-08 16:25:00,4.93,4.94,4.92,4.94,2358.47
2026-08-08 16:30:00,4.94,4.94,4.94,4.94,31778.6
2026-08-08 16:35:00,4.94,4.94,4.94,4.94,37112.02
2026-08-08 16:40:00,4.94,4.94,4.93,4.93,75840.4
2026-08-08 16:45:00,4.93,4.94,4.93,4.93,204102.69
2026-08-08 16:50:00,4.93,4.94,4.93,4.94,23771.34
2026-08-08 16:55:00,4.94,4.94,4.94,4.94,49341.47
2026-08-08 17:00:00,4.94,4.95,4.94,4.95,13103.42
2026-08-08 17:05:00,4.95,4.95,4.95,4.95,166924.46
2026-08-08 17:10:00,4.95,4.95,4.94,4.94,7896.61
2026-08-08 17:15:00,4.94,4.95,4.93,4.94,25736.07
2026-08-08 17:20:00,4.94,4.94,4.94,4.94,442.37
2026-08-08 17:25:00,4.94,4.94,4.93,4.94,153009.17
2026-08-08 17:30:00,4.94,4.95,4.92,4.93,368050.47
2026-08-08 17:35:00,4.93,4.93,4.93,4.93,65342.63
2026-08-08 17:40:00,4.93,4.94,4.93,4.94,31207.66
2026-08-08 17:45:00,4.94,4.94,4.93,4.93,10280.72
2026-08-08 17:50:00,4.93,4.94,4.93,4.94,1811.78
2026-08-08 17:55:00,4.94,4.94,4.93,4.94,68843.06
2026-08-08 18:00:00,4.94,4.94,4.93,4.93,45851.1
2026-08-08 18:05:00,4.93,4.93,4.93,4.93,113066.39
2026-08-08 18:10:00,4.93,4.93,4.93,4.93,5381.82
2026-08-08 18:15:00,4.93,4.94,4.93,4.94,35922.03
2026-08-08 18:20:00,4.94,4.94,4.93,4.94,36390.29
2026-08-08 18:25:00,4.94,4.95,4.93,4.93,681659.69
2026-08-08 18:30:00,4.93,4.93,4.92,4.93,5909.87
2026-08-08 18:35:00,4.93,4.93,4.92,4.93,1019.63
2026-08-08 18:40:00,4.93,4.94,4.91,4.92,17898.4
2026-08-08 18:45:00,4.92,4.93,4.92,4.93,77206.06
2026-08-08 18:50:00,4.93,4.93,4.92,4.93,26508.84
2026-08-08 18:55:00,4.93,4.93,4.92,4.92,220697.98
2026-08-08 19:00:00,4.92,4.93,4.92,4.92,7722.99
2026-08-08 19:05:00,4.92,4.92,4.91,4.91,40238.81
2026-08-08 19:10:00,4.91,4.92,4.91,4.91,125984.77
2026-08-08 19:15:00,4.91,4.91,4.9,4.91,8900.16
2026-08-08 19:20:00,4.91,4.92,4.9,4.91,238889.86
2026-08-08 19:25:00,4.91,4.93,4.91,4.93,1335.5
2026-08-08 19:30:00,4.93,4.93,4.92,4.93,256514.05
2026-08-08 19:35:00,4.93,4.93,4.92,4.93,60955.75
2026-08-08 19:40:00,4.93,4.94,4.92,4.93,183701.02
2026-08-08 19:45:00,4.93,4.94,4.92,4.93,34231.58
2026-08-08 19:50:00,4.93,4.93,4.93,4.93,134987.69
2026-08-08 19:55:00,4.93,4.94,4.93,4.93,114577.9
2026-08-08 20:00:00,4.93,4.93,4.92,4.92,99395.9
2026-08-08 20:05:00,4.92,4.93,4.91,4.92,24421.61
2026-08-08 20:10:00,4.92,4.93,4.92,4.93,9134.14
2026-08-08 20:15:00,4.93,4.93,4.92,4.92,15810.31
2026-08-08 20:20:00,4.92,4.93,4.92,4.93,39663.43
2026-08-08 20:25:00,4.93,4.93,4.91,4.92,27540.05
2026-08-08 20:30:00,4.92,4.92,4.91,4.91,37638.44
2026-08-08 20:35:00,4.91,4.92,4.89,4.92,78824.59
2026-08-08 20:40:00,4.92,4.93,4.91,4.92,8390.32
2026-08-08 20:45:00,4.92,4.92,4.92,4.92,17685.74
2026-08-08 20:50:00,4.92,4.94,4.9,4.93,29317.21
2026-08-08 20:55:00,4.93,4.93,4.92,4.92,23690.27
2026-08-08 21:00:00,4.92,4.93,4.92,4.92,17858.69
2026-08-08 21:05:00,4.92,4.93,4.92,4.93,33919.38
2026-08-08 21:10:00,4.93,4.93,4.93,4.93,6630.81
2026-08-08 21:15:00,4.93,4.93,4.91,4.91,74725.06
2026-08-08 21:20:00,4.91,4.93,4.89,4.93,7029.31
2026-08-08 21:25:00,4.93,4.94,4.92,4.93,84405.5
2026-08-08 21:30:00,4.93,4.94,4.93,4.93,110179.72
2026-08-08 21:35:00,4.93,4.94,4.93,4.93,106767.42
2026-08-08 21:40:00,4.93,4.94,4.93,4.94,27441.77
2026-08-08 21:45:00,4.94,4.94,4.93,4.94,25877.79
2026-08-08 21:50:00,4.94,4.94,4.93,4.93,11508.71
2026-08-08 21:55:00,4.93,4.93,4.92,4.92,70608.9
2026-08-08 22:00:00,4.92,4.93,4.92,4.92,18709.18
2026-08-08 22:05:00,4.92,4.93,4.92,4.92,10177.11
2026-08-08 22:10:00,4.92,4.93,4.91,4.91,43881.19
2026-08-08 22:15:00,4.91,4.92,4.91,4.91,39668.07
2026-08-08 22:20:00,4.91,4.93,4.89,4.93,178299.44
2026-08-08 22:25:00,4.93,4.93,4.92,4.92,26428.32
2026-08-08 22:30:00,4.92,4.93,4.92,4.93,29706.03
2026-08-08 22:35:00,4.93,4.94,4.93,4.93,16768.53
2026-08-08 22:40:00,4.93,4.94,4.93,4.93,19390.35
2026-08-08 22:45:00,4.93,4.94,4.93,4.94,195619.43
2026-08-08 22:50:00,4.94,4.94,4.94,4.94,74639.52
2026-08-08 22:55:00,4.94,4.95,4.94,4.95,59843.3
2026-08-08 23:00:00,4.95,4.96,4.94,4.95,3176.95
2026-08-08 23:05:00,4.95,4.95,4.95,4.95,4798.16
2026-08-08 23:10:00,4.95,4.95,4.95,4.95,103605.51
2026-08-08 23:15:00,4.95,4.95,4.94,4.94,27074.97
2026-08-08 23:20:00,4.94,4.95,4.94,4.94,71233.39
2026-08-08 23:25:00,4.94,4.95,4.93,4.93,17591.24
2026-08-08 23:30:00,4.93,4.93,4.93,4.93,18867.51
2026-08-08 23:35:00,4.93,4.93,4.93,4.93,21709.08
2026-08-08 23:40:00,4.93,4.93,4.92,4.93,30466.72
2026-08-08 23:45:00,4.93,4.94,4.93,4.93,69880.28
2026-08-08 23:50:00,4.93,4.94,4.93,4.94,187.64
2026-08-08 23:55:00,4.94,4.94,4.93,4.94,51798.09
2026-08-09 00:00:00,4.94,4.94,4.94,4.94,93638.11
2026-08-09 00:05:00,4.94,4.94,4.93,4.94,23877.71
2026-08-09 00:10:00,4.94,4.95,4.94,4.94,16477.73
2026-08-09 00:15:00,4.94,4.96,4.94,4.96,62993.3
2026-08-09 00:20:00,4.96,4.97,4.95,4.96,68796.05
2026-08-09 00:25:00,4.96,4.97,4.95,4.96,34896.08
2026-08-09 00:30:00,4.96,4.96,4.95,4.95,9482.44
2026-08-09 00:35:00,4.95,4.95,4.95,4.95,63511.34
2026-08-09 00:40:00,4.95,4.95,4.94,4.95,24014.02
2026-08-09 00:45:00,4.95,4.97,4.94,4.94,155612.12
2026-08-09 00:50:00,4.94,4.95,4.94,4.94,19192.13
2026-08-09 00:55:00,4.94,4.94,4.93,4.94,7264.45
2026-08-09 01:00:00,4.94,4.95,4.93,4.95,62092.52
2026-08-09 01:05:00,4.95,4.96,4.94,4.95,105513.6
2026-08-09 01:10:00,4.95,4.95,4.94,4.95,5916.95
2026-08-09 01:15:00,4.95,4.97,4.95,4.96,100886.38
2026-08-09 01:20:00,4.96,4.98,4.95,4.96,39818.09
2026-08-09 01:25:00,4.96,4.96,4.95,4.96,21233.25
2026-08-09 01:30:00,4.96,4.96,4.95,4.95,242637.12
2026-08-09 01:35:00,4.95,4.96,4.95,4.95,27586.5
2026-08-09 01:40:00,4.95,4.96,4.95,4.96,22677.61
2026-08-09 01:45:00,4.96,4.96,4.95,4.95,171513.06
2026-08-09 01:50:00,4.95,4.96,4.94,4.94,238946.33
2026-08-09 01:55:00,4.94,4.95,4.94,4.94,725.76
2026-08-09 02:00:00,4.94,4.94,4.94,4.94,33839.54
2026-08-09 02:05:00,4.94,4.96,4.93,4.93,198497.48
2026-08-09 02:10:00,4.93,4.94,4.93,4.94,76070.71
2026-08-09 02:15:00,4.94,4.94,4.93,4.94,14402.35
2026-08-09 02:20:00,4.94,4.95,4.92,4.92,73359.7
2026-08-09 02:25:00,4.92,4.93,4.91,4.92,22027.85
2026-08-09 02:30:00,4.92,4.92,4.91,4.91,107805.95
2026-08-09 02:35:00,4.91,4.91,4.9,4.9,53047.39
2026-08-09 02:40:00,4.9,4.91,4.89,4.91,62244.26
2026-08-09 02:45:00,4.91,4.91,4.91,4.91,5210.11
2026-08-09 02:50:00,4.91,4.92,4.91,4.91,45412.49
2026-08-09 02:55:00,4.91,4.92,4.91,4.92,103040.84
2026-08-09 03:00:00,4.92,4.92,4.92,4.92,19924.27
2026-08-09 03:05:00,4.92,4.93,4.92,4.93,51244.24
2026-08-09 03:10:00,4.93,4.93,4.92,4.92,97664.69
2026-08-09 03:15:00,4.92,4.93,4.92,4.92,21877.3
2026-08-09 03:20:00,4.92,4.92,4.91,4.92,8957.44
2026-08-09 03:25:00,4.92,4.92,4.91,4.92,55993.46
2026-08-09 03:30:00,4.92,4.92,4.9,4.9,153885.19
2026-08-09 03:35:00,4.9,4.92,4.88,4.92,92601.92
2026-08-09 03:40:00,4.92,4.92,4.91,4.91,154571.21
2026-08-09 03:45:00,4.91,4.91,4.91,4.91,106648.14
2026-08-09 03:50:00,4.91,4.92,4.9,4.91,24447.72
2026-08-09 03:55:00,4.91,4.92,4.91,4.91,36122.75
2026-08-09 04:00:00,4.91,4.92,4.89,4.92,192659.58
2026-08-09 04:05:00,4.92,4.92,4.91,4.92,116167.59
2026-08-09 04:10:00,4.92,4.92,4.91,4.91,32149.16
2026-08-09 04:15:00,4.91,4.92,4.9,4.91,76954.95
2026-08-09 04:20:00,4.91,4.92,4.89,4.92,129040.01
2026-08-09 04:25:00,4.92,4.92,4.91,4.91,87360.41
2026-08-09 04:30:00,4.91,4.92,4.91,4.91,43491.54
2026-08-09 04:35:00,4.91,4.91,4.91,4.91,70008.92
2026-08-09 04:40:00,4.91,4.91,4.9,4.9,118443.38
2026-08-09 04:45:00,4.9,4.91,4.9,4.91,42813.47
2026-08-09 04:50:00,4.91,4.91,4.91,4.91,26700.5
2026-08-09 04:55:00,4.91,4.91,4.91,4.91,9431.43
2026-08-09 05:00:00,4.91,4.92,4.89,4.91,184773.21
2026-08-09 05:05:00,4.91,4.91,4.91,4.91,10156.63
2026-08-09 05:10:00,4.91,4.92,4.91,4.91,74365.46
2026-08-09 05:15:00,4.91,4.92,4.9,4.9,167079.76
2026-08-09 05:20:00,4.9,4.91,4.89,4.91,172020.52
2026-08-09 05:25:00,4.91,4.91,4.9,4.9,91631.3
2026-08-09 05:30:00,4.9,4.9,4.89,4.89,126489.83
2026-08-09 05:35:00,4.89,4.9,4.88,4.9,20280.7
2026-08-09 05:40:00,4.9,4.9,4.9,4.9,12969.85
2026-08-09 05:45:00,4.9,4.91,4.9,4.91,93451.81
2026-08-09 05:50:00,4.91,4.92,4.89,4.91,265918.87
2026-08-09 05:55:00,4.91,4.92,4.91,4.91,36549.53
2026-08-09 06:00:00,4.91,4.91,4.9,4.91,42849.44
2026-08-09 06:05:00,4.91,4.91,4.9,4.91,31269.47
2026-08-09 06:10:00,4.91,4.92,4.89,4.92,73178.44
2026-08-09 06:15:00,4.92,4.93,4.91,4.92,47016.6
2026-08-09 06:20:00,4.92,4.92,4.92,4.92,2552.38
2026-08-09 06:25:00,4.92,4.93,4.92,4.93,52730.06
2026-08-09 06:30:00,4.93,4.93,4.92,4.92,2933.64
2026-08-09 06:35:00,4.92,4.93,4.92,4.92,2564.88
2026-08-09 06:40:00,4.92,4.93,4.92,4.93,34744.23
2026-08-09 06:45:00,4.93,4.94,4.93,4.94,6153.61
2026-08-09 06:50:00,4.94,4.95,4.93,4.93,9462.99
2026-08-09 06:55:00,4.93,4.94,4.92,4.92,5885.01
2026-08-09 07:00:00,4.92,4.93,4.91,4.92,17346.67
2026-08-09 07:05:00,4.92,4.92,4.91,4.91,102615.93
2026-08-09 07:10:00,4.91,4.91,4.9,4.9,32816.69
2026-08-09 07:15:00,4.9,4.9,4.89,4.9,22595.04
2026-08-09 07:20:00,4.9,4.9,4.88,4.88,2418.98
2026-08-09 07:25:00,4.88,4.88,4.88,4.88,54194.26
2026-08-09 07:30:00,4.88,4.89,4.87,4.89,160614.07
2026-08-09 07:35:00,4.89,4.9,4.87,4.9,10797.01
2026-08-09 07:40:00,4.9,4.9,4.89,4.9,20949.62
2026-08-09 07:45:00,4.9,4.91,4.9,4.91,8976.34
2026-08-09 07:50:00,4.91,4.91,4.9,4.9,7910.12
2026-08-09 07:55:00,4.9,4.91,4.9,4.9,67317.3
2026-08-09 08:00:00,4.9,4.9,4.9,4.9,23137.21
2026-08-09 08:05:00,4.9,4.91,4.9,4.9,72457.22
2026-08-09 08:10:00,4.9,4.9,4.9,4.9,36388.25
2026-08-09 08:15:00,4.9,4.9,4.9,4.9,63847.57
2026-08-09 08:20:00,4.9,4.9,4.9,4.9,7306.12
2026-08-09 08:25:00,4.9,4.9,4.89,4.9,37830.99
2026-08-09 08:30:00,4.9,4.92,4.9,4.91,50719.26
2026-08-09 08:35:00,4.91,4.92,4.9,4.91,601.23
2026-08-09 08:40:00,4.91,4.92,4.91,4.92,15031.87
2026-08-09 08:45:00,4.92,4.93,4.92,4.92,4446.19
2026-08-09 08:50:00,4.92,4.92,4.91,4.92,77127.75
2026-08-09 08:55:00,4.92,4.92,4.91,4.91,187491.55
2026-08-09 09:00:00,4.91,4.92,4.91,4.92,31905.72
2026-08-09 09:05:00,4.92,4.92,4.91,4.91,1552.33
2026-08-09 09:10:00,4.91,4.92,4.91,4.92,11951.2
2026-08-09 09:15:00,4.92,4.92,4.91,4.92,63893.53
2026-08-09 09:20:00,4.92,4.92,4.91,4.91,118634.2
2026-08-09 09:25:00,4.91,4.92,4.91,4.92,180664.76
2026-08-09 09:30:00,4.92,4.92,4.91,4.91,19884.81
2026-08-09 09:35:00,4.91,4.92,4.91,4.92,61583.91
2026-08-09 09:40:00,4.92,4.92,4.92,4.92,33188.15
2026-08-09 09:45:00,4.92,4.92,4.92,4.92,17025.62
2026-08-09 09:50:00,4.92,4.92,4.91,4.92,2371.64
2026-08-09 09:55:00,4.92,4.92,4.92,4.92,9699.76
2026-08-09 10:00:00,4.92,4.92,4.92,4.92,4636.01
2026-08-09 10:05:00,4.92,4.92,4.91,4.92,137674.66
2026-08-09 10:10:00,4.92,4.92,4.92,4.92,17412.27
2026-08-09 10:15:00,4.92,4.92,4.91,4.92,27607.17
2026-08-09 10:20:00,4.92,4.93,4.91,4.92,109821.49
2026-08-09 10:25:00,4.92,4.92,4.91,4.92,78460.14
2026-08-09 10:30:00,4.92,4.93,4.92,4.92,55922.33
2026-08-09 10:35:00,4.92,4.93,4.92,4.93,113707.98
2026-08-09 10:40:00,4.93,4.93,4.92,4.92,91722.34
2026-08-09 10:45:00,4.92,4.93,4.92,4.93,19065.87
2026-08-09 10:50:00,4.93,4.93,4.92,4.93,97892.19
2026-08-09 10:55:00,4.93,4.94,4.92,4.94,55630.6
2026-08-09 11:00:00,4.94,4.94,4.93,4.93,31960.54
2026-08-09 11:05:00,4.93,4.94,4.93,4.94,14036.2
2026-08-09 11:10:00,4.94,4.95,4.93,4.93,409890.24
2026-08-09 11:15:00,4.93,4.93,4.93,4.93,1784.57
2026-08-09 11:20:00,4.93,4.94,4.93,4.94,39353.8
2026-08-09 11:25:00,4.94,4.94,4.94,4.94,34008.23
2026-08-09 11:30:00,4.94,4.95,4.93,4.94,28467.08
2026-08-09 11:35:00,4.94,4.95,4.94,4.94,112130.48
2026-08-09 11:40:00,4.94,4.96,4.94,4.95,55688.16
2026-08-09 11:45:00,4.95,4.96,4.94,4.95,22087.81
2026-08-09 11:50:00,4.95,4.96,4.95,4.95,27504.48
2026-08-09 11:55:00,4.95,4.95,4.95,4.95,22665.78
2026-08-09 12:00:00,4.95,4.95,4.94,4.95,34855.18
2026-08-09 12:05:00,4.95,4.95,4.94,4.95,135.96
2026-08-09 12:10:00,4.95,4.96,4.94,4.96,77483.24
2026-08-09 12:15:00,4.96,4.96,4.94,4.95,4684.56
2026-08-09 12:20:00,4.95,4.96,4.95,4.96,16399.53
2026-08-09 12:25:00,4.96,4.96,4.95,4.96,73199.25
2026-08-09 12:30:00,4.96,4.97,4.95,4.96,46301.68
2026-08-09 12:35:00,4.96,4.97,4.95,4.95,387826.45
2026-08-09 12:40:00,4.95,4.97,4.94,4.94,126092.24
2026-08-09 12:45:00,4.94,4.95,4.93,4.93,95695.64
2026-08-09 12:50:00,4.93,4.95,4.92,4.93,81733.96
2026-08-09 12:55:00,4.93,4.93,4.92,4.92,14165.37
2026-08-09 13:00:00,4.92,4.93,4.92,4.93,6682.06
2026-08-09 13:05:00,4.93,4.93,4.93,4.93,285552.52
2026-08-09 13:10:00,4.93,4.93,4.92,4.92,19962.02
2026-08-09 13:15:00,4.92,4.93,4.92,4.92,47125.21
2026-08-09 13:20:00,4.92,4.92,4.91,4.91,53811.58
2026-08-09 13:25:00,4.91,4.92,4.91,4.92,39200.19
2026-08-09 13:30:00,4.92,4.92,4.91,4.92,16835.27
2026-08-09 13:35:00,4.92,4.92,4.91,4.92,47792.97
2026-08-09 13:40:00,4.92,4.92,4.91,4.92,41349.52
2026-08-09 13:45:00,4.92,4.92,4.92,4.92,13004.46
2026-08-09 13:50:00,4.92,4.92,4.91,4.92,12205.05
2026-08-09 13:55:00,4.92,4.92,4.91,4.92,22099.21
2026-08-09 14:00:00,4.92,4.93,4.91,4.91,18333.74
2026-08-09 14:05:00,4.91,4.92,4.9,4.91,47797.02
2026-08-09 14:10:00,4.91,4.91,4.9,4.91,30442.99
2026-08-09 14:15:00,4.91,4.92,4.9,4.9,32228.32
2026-08-09 14:20:00,4.9,4.92,4.88,4.91,505592.62
2026-08-09 14:25:00,4.91,4.92,4.91,4.91,28422.52
2026-08-09 14:30:00,4.91,4.91,4.9,4.91,19919.6
2026-08-09 14:35:00,4.91,4.91,4.91,4.91,16140.23
2026-08-09 14:40:00,4.91,4.92,4.89,4.92,248817.74
2026-08-09 14:45:00,4.92,4.92,4.91,4.91,20645.95
2026-08-09 14:50:00,4.91,4.91,4.9,4.9,19278.11
2026-08-09 14:55:00,4.9,4.91,4.89,4.91,149190.67
2026-08-09 15:00:00,4.91,4.91,4.9,4.91,130978.14
2026-08-09 15:05:00,4.91,4.92,4.89,4.92,349550.19
2026-08-09 15:10:00,4.92,4.92,4.91,4.91,109165.69
2026-08-09 15:15:00,4.91,4.92,4.91,4.92,26915.99
2026-08-09 15:20:00,4.92,4.92,4.91,4.91,83986.03
2026-08-09 15:25:00,4.91,4.91,4.91,4.91,83078.17
2026-08-09 15:30:00,4.91,4.91,4.91,4.91,53422.36
2026-08-09 15:35:00,4.91,4.93,4.91,4.92,28546.38
2026-08-09 15:40:00,4.92,4.92,4.92,4.92,69802.77
2026-08-09 15:45:00,4.92,4.93,4.92,4.92,2192.26
2026-08-09 15:50:00,4.92,4.93,4.92,4.92,15980.69
2026-08-09 15:55:00,4.92,4.93,4.92,4.93,54598.9
2026-08-09 16:00:00,4.93,4.93,4.92,4.93,33048.88
2026-08-09 16:05:00,4.93,4.93,4.91,4.92,51555.94
2026-08-09 16:10:00,4.92,4.92,4.92,4.92,13736.2
2026-08-09 16:15:00,4.92,4.92,4.92,4.92,53781.79
2026-08-09 16:20:00,4.92,4.92,4.91,4.91,29286.39
2026-08-09 16:25:00,4.91,4.92,4.91,4.92,37762.95
2026-08-09 16:30:00,4.92,4.92,4.91,4.91,50206.27
2026-08-09 16:35:00,4.91,4.92,4.9,4.9,5171.85
2026-08-09 16:40:00,4.9,4.92,4.9,4.92,116818.24
2026-08-09 16:45:00,4.92,4.92,4.9,4.9,43731.07
2026-08-09 16:50:00,4.9,4.91,4.9,4.9,67515.33
2026-08-09 16:55:00,4.9,4.9,4.89,4.9,8552.66
2026-08-09 17:00:00,4.9,4.91,4.9,4.91,14085.44
2026-08-09 17:05:00,4.91,4.91,4.9,4.91,158244.83
2026-08-09 17:10:00,4.91,4.91,4.91,4.91,16678.31
2026-08-09 17:15:00,4.91,4.93,4.91,4.92,13562.32
2026-08-09 17:20:00,4.92,4.93,4.92,4.93,13376.31
2026-08-09 17:25:00,4.93,4.93,4.92,4.92,54646.73
2026-08-09 17:30:00,4.92,4.92,4.91,4.91,121914.42
2026-08-09 17:35:00,4.91,4.92,4.9,4.91,141532.73
2026-08-09 17:40:00,4.91,4.91,4.9,4.91,99841.66
2026-08-09 17:45:00,4.91,4.91,4.9,4.9,28028.07
2026-08-09 17:50:00,4.9,4.92,4.89,4.91,31997.83
2026-08-09 17:55:00,4.91,4.92,4.91,4.91,18375.93
2026-08-09 18:00:00,4.91,4.91,4.91,4.91,3471.33
2026-08-09 18:05:00,4.91,4.91,4.91,4.91,60172.41
2026-08-09 18:10:00,4.91,4.92,4.91,4.91,70776.51
2026-08-09 18:15:00,4.91,4.92,4.91,4.91,68250.07
2026-08-09 18:20:00,4.91,4.92,4.91,4.92,36132.19
2026-08-09 18:25:00,4.92,4.92,4.91,4.91,12976.66
2026-08-09 18:30:00,4.91,4.92,4.89,4.92,46603.27
2026-08-09 18:35:00,4.92,4.92,4.92,4.92,5567.46
2026-08-09 18:40:00,4.92,4.92,4.91,4.92,54601.3
2026-08-09 18:45:00,4.92,4.92,4.92,4.92,26065.98
2026-08-09 18:50:00,4.92,4.93,4.92,4.92,21672.55
2026-08-09 18:55:00,4.92,4.93,4.92,4.92,152503.45
2026-08-09 19:00:00,4.92,4.93,4.92,4.93,2177.15
2026-08-09 19:05:00,4.93,4.93,4.93,4.93,16081.97
2026-08-09 19:10:00,4.93,4.94,4.93,4.93,34223.49
2026-08-09 19:15:00,4.93,4.94,4.93,4.93,39738.32
2026-08-09 19:20:00,4.93,4.93,4.92,4.93,7938.8
2026-08-09 19:25:00,4.93,4.94,4.93,4.93,3215.34
2026-08-09 19:30:00,4.93,4.94,4.93,4.93,6646.63
2026-08-09 19:35:00,4.93,4.94,4.92,4.92,137048.79
2026-08-09 19:40:00,4.92,4.94,4.91,4.91,320788.67
2026-08-09 19:45:00,4.91,4.92,4.9,4.92,58463.7
2026-08-09 19:50:00,4.92,4.92,4.91,4.91,72232.62
2026-08-09 19:55:00,4.91,4.92,4.9,4.91,18004.21
2026-08-09 20:00:00,4.91,4.91,4.9,4.91,120721.72
2026-08-09 20:05:00,4.91,4.91,4.9,4.91,32878.85
2026-08-09 20:10:00,4.91,4.91,4.91,4.91,33703.57
2026-08-09 20:15:00,4.91,4.92,4.89,4.91,139702.37
2026-08-09 20:20:00,4.91,4.91,4.9,4.9,248125.85
2026-08-09 20:25:00,4.9,4.91,4.88,4.91,41663.07
2026-08-09 20:30:00,4.91,4.91,4.9,4.9,37466.25
2026-08-09 20:35:00,4.9,4.91,4.9,4.91,92631.83
2026-08-09 20:40:00,4.91,4.92,4.9,4.92,177835.83
2026-08-09 20:45:00,4.92,4.92,4.91,4.91,81352.76
2026-08-09 20:50:00,4.91,4.91,4.9,4.91,8652.05
2026-08-09 20:55:00,4.91,4.92,4.9,4.91,4043.75
2026-08-09 21:00:00,4.91,4.91,4.9,4.91,46509.1
2026-08-09 21:05:00,4.91,4.92,4.91,4.91,9999.16
2026-08-09 21:10:00,4.91,4.92,4.89,4.91,206158.06
2026-08-09 21:15:00,4.91,4.91,4.91,4.91,19485.16
2026-08-09 21:20:00,4.91,4.92,4.9,4.9,144120.26
2026-08-09 21:25:00,4.9,4.91,4.9,4.9,17621.01
2026-08-09 21:30:00,4.9,4.9,4.89,4.89,5784.5
2026-08-09 21:35:00,4.89,4.89,4.88,4.89,26988.48
2026-08-09 21:40:00,4.89,4.89,4.88,4.89,14039.48
2026-08-09 21:45:00,4.89,4.89,4.88,4.89,4373.36
2026-08-09 21:50:00,4.89,4.91,4.89,4.9,47234.89
2026-08-09 21:55:00,4.9,4.9,4.9,4.9,2678.27
2026-08-09 22:00:00,4.9,4.9,4.89,4.89,74844.95
2026-08-09 22:05:00,4.89,4.9,4.88,4.9,35326.27
2026-08-09 22:10:00,4.9,4.92,4.89,4.91,10868.11
2026-08-09 22:15:00,4.91,4.93,4.91,4.92,12624.82
2026-08-09 22:20:00,4.92,4.94,4.92,4.92,25012.31
2026-08-09 22:25:00,4.92,4.92,4.92,4.92,7780.38
2026-08-09 22:30:00,4.92,4.92,4.92,4.92,80854.8
2026-08-09 22:35:00,4.92,4.92,4.91,4.91,21095.17
2026-08-09 22:40:00,4.91,4.92,4.91,4.92,145982.43
2026-08-09 22:45:00,4.92,4.93,4.92,4.93,15179.9
2026-08-09 22:50:00,4.93,4.93,4.92,4.92,2441.11
2026-08-09 22:55:00,4.92,4.92,4.92,4.92,2084.62
2026-08-09 23:00:00,4.92,4.93,4.92,4.93,51691.69
2026-08-09 23:05:00,4.93,4.93,4.92,4.93,43260.24
2026-08-09 23:10:00,4.93,4.95,4.91,4.92,431275.22
2026-08-09 23:15:00,4.92,4.92,4.9,4.91,16240.71
2026-08-09 23:20:00,4.91,4.92,4.9,4.91,2181.96
2026-08-09 23:25:00,4.91,4.92,4.91,4.91,5291.99
2026-08-09 23:30:00,4.91,4.93,4.91,4.92,8151.47
2026-08-09 23:35:00,4.92,4.92,4.92,4.92,3282.7
2026-08-09 23:40:00,4.92,4.92,4.92,4.92,16093.63
2026-08-09 23:45:00,4.92,4.93,4.92,4.93,21765.24
2026-08-09 23:50:00,4.93,4.93,4.92,4.92,21006.9
2026-08-09 23:55:00,4.92,4.92,4.91,4.92,164667.42
2026-08-10 00:00:00,4.92,4.92,4.91,4.91,31138.04
2026-08-10 00:05:00,4.91,4.92,4.91,4.92,68861.3
2026-08-10 00:10:00,4.92,4.93,4.92,4.93,12262.3
2026-08-10 00:15:00,4.93,4.93,4.92,4.93,65716.73
2026-08-10 00:20:00,4.93,4.94,4.92,4.94,10473.38
2026-08-10 00:25:00,4.94,4.95,4.92,4.92,109901.86
2026-08-10 00:30:00,4.92,4.93,4.92,4.93,14749.46
2026-08-10 00:35:00,4.93,4.93,4.92,4.93,77802.13
2026-08-10 00:40:00,4.93,4.93,4.93,4.93,69154.85
2026-08-10 00:45:00,4.93,4.95,4.91,4.92,14507.91
2026-08-10 00:50:00,4.92,4.92,4.91,4.92,116233.01
2026-08-10 00:55:00,4.92,4.92,4.92,4.92,37914.03
2026-08-10 01:00:00,4.92,4.93,4.91,4.91,319.61
2026-08-10 01:05:00,4.91,4.91,4.91,4.91,83087.19
2026-08-10 01:10:00,4.91,4.91,4.9,4.9,53217.32
2026-08-10 01:15:00,4.9,4.91,4.9,4.9,148859.99
2026-08-10 01:20:00,4.9,4.91,4.9,4.91,15485.43
2026-08-10 01:25:00,4.91,4.91,4.91,4.91,90484.45
2026-08-10 01:30:00,4.91,4.92,4.9,4.9,73377.73
2026-08-10 01:35:00,4.9,4.91,4.9,4.9,24043.67
2026-08-10 01:40:00,4.9,4.91,4.9,4.91,43108.34
2026-08-10 01:45:00,4.91,4.92,4.9,4.9,184547.98
2026-08-10 01:50:00,4.9,4.9,4.9,4.9,112585.66
2026-08-10 01:55:00,4.9,4.91,4.9,4.9,12514.01
2026-08-10 02:00:00,4.9,4.9,4.9,4.9,4272.78
2026-08-10 02:05:00,4.9,4.9,4.89,4.89,100288.5
2026-08-10 02:10:00,4.89,4.9,4.89,4.89,6879.23
2026-08-10 02:15:00,4.89,4.89,4.88,4.88,57503.64
2026-08-10 02:20:00,4.88,4.89,4.87,4.89,18952.88
2026-08-10 02:25:00,4.89,4.9,4.88,4.9,7118.19
2026-08-10 02:30:00,4.9,4.91,4.89,4.91,35756.67
2026-08-10 02:35:00,4.91,4.91,4.91,4.91,43000.32
2026-08-10 02:40:00,4.91,4.92,4.91,4.91,8984.45
2026-08-10 02:45:00,4.91,4.92,4.91,4.92,17625.89
2026-08-10 02:50:00,4.92,4.93,4.91,4.93,14893.04
2026-08-10 02:55:00,4.93,4.94,4.92,4.92,103386.92
2026-08-10 03:00:00,4.92,4.93,4.92,4.92,106673.68
2026-08-10 03:05:00,4.92,4.92,4.91,4.92,170202.98
2026-08-10 03:10:00,4.92,4.93,4.92,4.93,6469.84
2026-08-10 03:15:00,4.93,4.93,4.92,4.92,43904.61
2026-08-10 03:20:00,4.92,4.94,4.92,4.92,19783.6
2026-08-10 03:25:00,4.92,4.93,4.92,4.93,11158.94
2026-08-10 03:30:00,4.93,4.93,4.91,4.91,513866.83
2026-08-10 03:35:00,4.91,4.92,4.91,4.91,15932.01
2026-08-10 03:40:00,4.91,4.93,4.9,4.92,17482.71
2026-08-10 03:45:00,4.92,4.94,4.92,4.93,40093.02
2026-08-10 03:50:00,4.93,4.95,4.93,4.93,206456.44
2026-08-10 03:55:00,4.93,4.94,4.92,4.93,7935.68
2026-08-10 04:00:00,4.93,4.94,4.93,4.93,180976.34
2026-08-10 04:05:00,4.93,4.93,4.92,4.92,21965.37
2026-08-10 04:10:00,4.92,4.93,4.92,4.92,2936.07
2026-08-10 04:15:00,4.92,4.93,4.91,4.92,23314.34
2026-08-10 04:20:00,4.92,4.92,4.92,4.92,2758.0
2026-08-10 04:25:00,4.92,4.92,4.91,4.92,37349.32
2026-08-10 04:30:00,4.92,4.93,4.91,4.93,24685.47
2026-08-10 04:35:00,4.93,4.94,4.92,4.93,63624.58
2026-08-10 04:40:00,4.93,4.94,4.92,4.93,6816.34
2026-08-10 04:45:00,4.93,4.93,4.91,4.92,103162.84
2026-08-10 04:50:00,4.92,4.92,4.91,4.92,34568.05
2026-08-10 04:55:00,4.92,4.93,4.91,4.91,167388.47
2026-08-10 05:00:00,4.91,4.92,4.91,4.91,34682.25
2026-08-10 05:05:00,4.91,4.92,4.9,4.91,17627.36
2026-08-10 05:10:00,4.91,4.94,4.91,4.93,24093.89
2026-08-10 05:15:00,4.93,4.94,4.92,4.94,75104.35
2026-08-10 05:20:00,4.94,4.94,4.94,4.94,16444.81
2026-08-10 05:25:00,4.94,4.94,4.93,4.93,1188.02
2026-08-10 05:30:00,4.93,4.94,4.93,4.94,68374.22
2026-08-10 05:35:00,4.94,4.95,4.93,4.94,98931.79
2026-08-10 05:40:00,4.94,4.96,4.93,4.93,345568.66
2026-08-10 05:45:00,4.93,4.94,4.92,4.93,344546.89
2026-08-10 05:50:00,4.93,4.94,4.92,4.93,5789.49
2026-08-10 05:55:00,4.93,4.94,4.93,4.93,78877.83
2026-08-10 06:00:00,4.93,4.94,4.92,4.93,1221.73
2026-08-10 06:05:00,4.93,4.93,4.92,4.93,17533.09
2026-08-10 06:10:00,4.93,4.94,4.92,4.94,39946.21
2026-08-10 06:15:00,4.94,4.96,4.93,4.96,122322.23
2026-08-10 06:20:00,4.96,4.97,4.95,4.96,95152.74
2026-08-10 06:25:00,4.96,4.96,4.96,4.96,272.17
2026-08-10 06:30:00,4.96,4.97,4.94,4.95,105820.08
2026-08-10 06:35:00,4.95,4.96,4.95,4.96,155394.74
2026-08-10 06:40:00,4.96,4.97,4.95,4.97,32946.36
2026-08-10 06:45:00,4.97,4.97,4.95,4.95,9142.97
2026-08-10 06:50:00,4.95,4.96,4.95,4.96,12145.59
2026-08-10 06:55:00,4.96,4.97,4.94,4.95,153388.3
2026-08-10 07:00:00,4.95,4.95,4.92,4.93,39162.92
2026-08-10 07:05:00,4.93,4.94,4.93,4.94,225896.72
2026-08-10 07:10:00,4.94,4.95,4.93,4.93,164890.27
2026-08-10 07:15:00,4.93,4.94,4.93,4.93,48541.35
2026-08-10 07:20:00,4.93,4.93,4.93,4.93,31247.66
2026-08-10 07:25:00,4.93,4.95,4.92,4.92,235399.61
2026-08-10 07:30:00,4.92,4.93,4.92,4.93,5484.37
2026-08-10 07:35:00,4.93,4.94,4.92,4.92,64962.59
2026-08-10 07:40:00,4.92,4.93,4.91,4.92,25053.67
2026-08-10 07:45:00,4.92,4.92,4.91,4.91,62554.74
2026-08-10 07:50:00,4.91,4.91,4.91,4.91,60223.13
2026-08-10 07:55:00,4.91,4.92,4.9,4.91,61895.03
2026-08-10 08:00:00,4.91,4.92,4.9,4.91,113438.55
2026-08-10 08:05:00,4.91,4.92,4.91,4.92,91302.43
2026-08-10 08:10:00,4.92,4.95,4.92,4.95,22323.5
2026-08-10 08:15:00,4.95,4.96,4.95,4.95,65547.85
2026-08-10 08:20:00,4.95,4.97,4.95,4.97,2537.71
2026-08-10 08:25:00,4.97,4.98,4.96,4.96,3398.42
2026-08-10 08:30:00,4.96,4.98,4.95,4.95,255392.32
2026-08-10 08:35:00,4.95,4.97,4.94,4.96,28241.54
2026-08-10 08:40:00,4.96,4.96,4.95,4.95,58757.94
2026-08-10 08:45:00,4.95,4.96,4.94,4.96,59900.73
2026-08-10 08:50:00,4.96,4.98,4.95,4.95,79438.67
2026-08-10 08:55:00,4.95,4.96,4.94,4.94,5973.61
2026-08-10 09:00:00,4.94,4.95,4.93,4.93,104747.99
2026-08-10 09:05:00,4.93,4.94,4.93,4.94,80857.55
2026-08-10 09:10:00,4.94,4.94,4.93,4.94,79297.33
2026-08-10 09:15:00,4.94,4.96,4.94,4.95,9420.09
2026-08-10 09:20:00,4.95,4.98,4.95,4.97,55569.64
2026-08-10 09:25:00,4.97,4.98,4.95,4.96,2112.49
2026-08-10 09:30:00,4.96,4.96,4.95,4.96,106199.82
2026-08-10 09:35:00,4.96,4.96,4.95,4.96,69951.59
2026-08-10 09:40:00,4.96,4.96,4.94,4.94,12411.63
2026-08-10 09:45:00,4.94,4.96,4.94,4.95,63580.44
2026-08-10 09:50:00,4.95,4.95,4.94,4.95,21796.14
2026-08-10 09:55:00,4.95,4.95,4.92,4.93,71313.65
2026-08-10 10:00:00,4.93,4.96,4.93,4.95,45209.78
2026-08-10 10:05:00,4.95,4.95,4.94,4.95,161397.03
2026-08-10 10:10:00,4.95,4.96,4.93,4.94,29513.73
2026-08-10 10:15:00,4.94,4.97,4.92,4.95,15639.13
2026-08-10 10:20:00,4.95,4.95,4.95,4.95,50199.92
2026-08-10 10:25:00,4.95,4.96,4.95,4.96,92264.09
2026-08-10 10:30:00,4.96,4.97,4.95,4.96,124294.72
2026-08-10 10:35:00,4.96,4.97,4.96,4.97,52716.22
2026-08-10 10:40:00,4.97,4.98,4.95,4.96,222355.49
2026-08-10 10:45:00,4.96,4.98,4.95,4.97,42326.02
2026-08-10 10:50:00,4.97,4.98,4.96,4.96,146276.71
2026-08-10 10:55:00,4.96,4.98,4.96,4.97,68733.33
2026-08-10 11:00:00,4.97,4.98,4.96,4.96,39281.87
2026-08-10 11:05:00,4.96,4.98,4.95,4.95,204411.0
2026-08-10 11:10:00,4.95,4.96,4.94,4.95,146825.57
2026-08-10 11:15:00,4.95,4.96,4.95,4.95,8800.22
2026-08-10 11:20:00,4.95,4.96,4.95,4.96,15242.46
2026-08-10 11:25:00,4.96,4.96,4.95,4.95,156556.21
2026-08-10 11:30:00,4.95,4.97,4.95,4.97,16246.29
2026-08-10 11:35:00,4.97,4.98,4.97,4.97,2613.92
2026-08-10 11:40:00,4.97,4.99,4.96,4.99,20228.31
2026-08-10 11:45:00,4.99,5.01,4.98,4.98,66646.45
2026-08-10 11:50:00,4.98,4.98,4.96,4.96,30070.2
2026-08-10 11:55:00,4.96,4.98,4.95,4.95,688886.25
2026-08-10 12:00:00,4.95,4.95,4.94,4.95,22088.47
2026-08-10 12:05:00,4.95,4.96,4.94,4.95,57723.36
2026-08-10 12:10:00,4.95,4.96,4.94,4.95,81690.02
2026-08-10 12:15:00,4.95,4.95,4.94,4.94,76611.51
2026-08-10 12:20:00,4.94,4.95,4.93,4.93,53894.52
2026-08-10 12:25:00,4.93,4.94,4.92,4.93,44514.31
2026-08-10 12:30:00,4.93,4.93,4.91,4.93,33977.29
2026-08-10 12:35:00,4.93,4.93,4.92,4.93,158057.78
2026-08-10 12:40:00,4.93,4.93,4.92,4.92,6260.44
2026-08-10 12:45:00,4.92,4.92,4.91,4.91,75837.81
2026-08-10 12:50:00,4.91,4.93,4.91,4.92,121269.67
2026-08-10 12:55:00,4.92,4.92,4.91,4.92,296889.36
2026-08-10 13:00:00,4.92,4.94,4.91,4.93,33887.17
2026-08-10 13:05:00,4.93,4.94,4.93,4.94,29240.39
2026-08-10 13:10:00,4.94,4.94,4.92,4.93,89154.27
2026-08-10 13:15:00,4.93,4.93,4.92,4.92,38921.05
2026-08-10 13:20:00,4.92,4.94,4.92,4.93,2029.89
2026-08-10 13:25:00,4.93,4.94,4.93,4.94,49858.93
2026-08-10 13:30:00,4.94,4.94,4.92,4.93,13930.96
2026-08-10 13:35:00,4.93,4.93,4.92,4.92,141706.93
2026-08-10 13:40:00,4.92,4.92,4.91,4.91,55389.1
2026-08-10 13:45:00,4.91,4.92,4.9,4.92,102511.58
2026-08-10 13:50:00,4.92,4.92,4.91,4.91,144305.97
2026-08-10 13:55:00,4.91,4.92,4.9,4.91,38093.63
2026-08-10 14:00:00,4.91,4.91,4.9,4.91,672.04
2026-08-10 14:05:00,4.91,4.92,4.89,4.92,162107.48
2026-08-10 14:10:00,4.92,4.93,4.9,4.91,33063.11
2026-08-10 14:15:00,4.91,4.93,4.89,4.92,275378.68
2026-08-10 14:20:00,4.92,4.94,4.92,4.94,25207.03
2026-08-10 14:25:00,4.94,4.94,4.93,4.94,66454.01
2026-08-10 14:30:00,4.94,4.95,4.93,4.95,192094.23
2026-08-10 14:35:00,4.95,4.96,4.95,4.95,17405.45
2026-08-10 14:40:00,4.95,4.96,4.93,4.95,11862.99
2026-08-10 14:45:00,4.95,4.95,4.94,4.94,555.94
2026-08-10 14:50:00,4.94,4.95,4.94,4.94,85235.66
2026-08-10 14:55:00,4.94,4.95,4.94,4.94,63313.67
2026-08-10 15:00:00,4.94,4.95,4.93,4.95,8512.01
2026-08-10 15:05:00,4.95,4.95,4.94,4.94,55422.73
2026-08-10 15:10:00,4.94,4.95,4.94,4.95,7265.6
2026-08-10 15:15:00,4.95,4.95,4.95,4.95,35538.24
2026-08-10 15:20:00,4.95,4.95,4.94,4.94,2953.85
2026-08-10 15:25:00,4.94,4.95,4.92,4.92,23670.17
2026-08-10 15:30:00,4.92,4.93,4.92,4.92,6283.84
2026-08-10 15:35:00,4.92,4.93,4.92,4.93,8476.44
2026-08-10 15:40:00,4.93,4.93,4.92,4.93,43730.35
2026-08-10 15:45:00,4.93,4.93,4.91,4.91,16408.91
2026-08-10 15:50:00,4.91,4.92,4.91,4.92,157542.36
2026-08-10 15:55:00,4.92,4.92,4.91,4.92,265423.77
2026-08-10 16:00:00,4.92,4.93,4.91,4.91,84269.17
2026-08-10 16:05:00,4.91,4.91,4.91,4.91,83617.6
2026-08-10 16:10:00,4.91,4.92,4.89,4.92,77674.82
2026-08-10 16:15:00,4.92,4.93,4.91,4.91,49353.26
2026-08-10 16:20:00,4.91,4.92,4.9,4.91,48.42
2026-08-10 16:25:00,4.91,4.93,4.91,4.92,26557.45
2026-08-10 16:30:00,4.92,4.92,4.92,4.92,37381.83
2026-08-10 16:35:00,4.92,4.92,4.89,4.9,338.94
2026-08-10 16:40:00,4.9,4.91,4.9,4.9,12445.0
2026-08-10 16:45:00,4.9,4.91,4.89,4.91,21179.99
2026-08-10 16:50:00,4.91,4.92,4.9,4.92,217216.03
2026-08-10 16:55:00,4.92,4.93,4.9,4.93,62565.77
2026-08-10 17:00:00,4.93,4.94,4.92,4.92,45635.66
2026-08-10 17:05:00,4.92,4.93,4.92,4.93,74612.46
2026-08-10 17:10:00,4.93,4.93,4.91,4.92,58397.13
2026-08-10 17:15:00,4.92,4.93,4.91,4.92,74959.38
2026-08-10 17:20:00,4.92,4.93,4.91,4.91,31533.68
2026-08-10 17:25:00,4.91,4.92,4.91,4.92,177519.99
2026-08-10 17:30:00,4.92,4.93,4.92,4.92,110730.67
2026-08-10 17:35:00,4.92,4.94,4.9,4.93,291766.43
2026-08-10 17:40:00,4.93,4.94,4.93,4.93,17800.27
2026-08-10 17:45:00,4.93,4.94,4.93,4.94,202809.86
2026-08-10 17:50:00,4.94,4.94,4.93,4.94,8641.72
2026-08-10 17:55:00,4.94,4.94,4.93,4.94,124667.51
2026-08-10 18:00:00,4.94,4.94,4.9,4.91,183751.34
2026-08-10 18:05:00,4.91,4.91,4.9,4.91,27507.43
2026-08-10 18:10:00,4.91,4.93,4.89,4.92,221150.63
2026-08-10 18:15:00,4.92,4.92,4.91,4.91,3378.46
2026-08-10 18:20:00,4.91,4.93,4.91,4.92,8259.38
2026-08-10 18:25:00,4.92,4.93,4.92,4.92,14376.45
2026-08-10 18:30:00,4.92,4.93,4.91,4.93,81315.78
2026-08-10 18:35:00,4.93,4.95,4.93,4.95,60985.95
2026-08-10 18:40:00,4.95,4.95,4.94,4.95,2891.64
2026-08-10 18:45:00,4.95,4.97,4.94,4.95,17372.24
2026-08-10 18:50:00,4.95,4.96,4.94,4.95,59121.73
2026-08-10 18:55:00,4.95,4.95,4.94,4.95,17181.81
2026-08-10 19:00:00,4.95,4.95,4.93,4.94,27765.1
2026-08-10 19:05:00,4.94,4.95,4.92,4.92,76802.74
2026-08-10 19:10:00,4.92,4.94,4.92,4.93,57763.51
2026-08-10 19:15:00,4.93,4.94,4.92,4.94,21964.92
2026-08-10 19:20:00,4.94,4.94,4.93,4.94,119847.62
2026-08-10 19:25:00,4.94,4.95,4.92,4.93,30877.83
2026-08-10 19:30:00,4.93,4.94,4.93,4.93,32345.3
2026-08-10 19:35:00,4.93,4.96,4.93,4.95,119772.09
2026-08-10 19:40:00,4.95,4.95,4.94,4.95,91493.86
2026-08-10 19:45:00,4.95,4.95,4.95,4.95,172122.54
2026-08-10 19:50:00,4.95,4.96,4.94,4.94,23111.89
2026-08-10 19:55:00,4.94,4.94,4.93,4.93,6917.45
2026-08-10 20:00:00,4.93,4.94,4.93,4.93,47237.14
2026-08-10 20:05:00,4.93,4.93,4.93,4.93,112964.11
2026-08-10 20:10:00,4.93,4.94,4.92,4.92,18187.64
2026-08-10 20:15:00,4.92,4.93,4.91,4.92,48996.44
2026-08-10 20:20:00,4.92,4.92,4.9,4.9,208364.06
2026-08-10 20:25:00,4.9,4.9,4.9,4.9,52828.61
2026-08-10 20:30:00,4.9,4.91,4.89,4.91,75082.16
2026-08-10 20:35:00,4.91,4.91,4.9,4.91,46783.97
2026-08-10 20:40:00,4.91,4.91,4.9,4.9,62436.25
2026-08-10 20:45:00,4.9,4.92,4.9,4.92,10822.25
2026-08-10 20:50:00,4.92,4.92,4.91,4.92,63995.88
2026-08-10 20:55:00,4.92,4.92,4.91,4.92,146468.56
2026-08-10 21:00:00,4.92,4.92,4.91,4.92,36184.45
2026-08-10 21:05:00,4.92,4.93,4.92,4.93,134585.95
2026-08-10 21:10:00,4.93,4.93,4.92,4.92,44813.43
2026-08-10 21:15:00,4.92,4.93,4.92,4.92,66600.78
2026-08-10 21:20:00,4.92,4.92,4.91,4.91,93275.93
2026-08-10 21:25:00,4.91,4.92,4.91,4.92,42454.0
2026-08-10 21:30:00,4.92,4.93,4.91,4.91,30664.16
2026-08-10 21:35:00,4.91,4.93,4.91,4.93,51499.82
2026-08-10 21:40:00,4.93,4.94,4.91,4.91,95803.09
2026-08-10 21:45:00,4.91,4.93,4.9,4.92,4417.07
2026-08-10 21:50:00,4.92,4.93,4.91,4.92,32531.83
2026-08-10 21:55:00,4.92,4.94,4.9,4.93,13909.66
2026-08-10 22:00:00,4.93,4.95,4.93,4.95,54949.78
2026-08-10 22:05:00,4.95,4.96,4.94,4.94,410388.56
2026-08-10 22:10:00,4.94,4.95,4.94,4.95,172632.97
2026-08-10 22:15:00,4.95,4.95,4.93,4.94,29190.4
2026-08-10 22:20:00,4.94,4.94,4.93,4.94,68116.72
2026-08-10 22:25:00,4.94,4.94,4.93,4.94,30857.77
2026-08-10 22:30:00,4.94,4.94,4.92,4.93,60982.33
2026-08-10 22:35:00,4.93,4.93,4.93,4.93,97919.84
2026-08-10 22:40:00,4.93,4.94,4.92,4.93,76390.26
2026-08-10 22:45:00,4.93,4.93,4.93,4.93,55787.62
2026-08-10 22:50:00,4.93,4.94,4.93,4.93,38965.87
2026-08-10 22:55:00,4.93,4.93,4.92,4.92,23598.99
2026-08-10 23:00:00,4.92,4.93,4.91,4.92,12199.19
2026-08-10 23:05:00,4.92,4.92,4.91,4.92,67942.55
2026-08-10 23:10:00,4.92,4.92,4.91,4.91,60293.48
2026-08-10 23:15:00,4.91,4.91,4.89,4.89,24985.17
2026-08-10 23:20:00,4.89,4.9,4.87,4.89,235731.28
2026-08-10 23:25:00,4.89,4.9,4.88,4.9,29280.14
2026-08-10 23:30:00,4.9,4.9,4.88,4.88,21030.91
2026-08-10 23:35:00,4.88,4.9,4.88,4.89,108729.31
2026-08-10 23:40:00,4.89,4.9,4.87,4.88,52760.12
2026-08-10 23:45:00,4.88,4.89,4.87,4.89,634640.29
2026-08-10 23:50:00,4.89,4.9,4.88,4.9,172931.19
2026-08-10 23:55:00,4.9,4.9,4.89,4.89,5936.89
2026-08-11 00:00:00,4.89,4.89,4.88,4.89,30394.95
2026-08-11 00:05:00,4.89,4.9,4.86,4.89,170389.94
2026-08-11 00:10:00,4.89,4.9,4.89,4.9,5076.75
2026-08-11 00:15:00,4.9,4.9,4.89,4.89,10752.84
2026-08-11 00:20:00,4.89,4.89,4.88,4.89,57614.58
2026-08-11 00:25:00,4.89,4.89,4.87,4.88,6899.32
2026-08-11 00:30:00,4.88,4.88,4.86,4.87,15864.85
2026-08-11 00:35:00,4.87,4.88,4.86,4.87,39173.28
2026-08-11 00:40:00,4.87,4.88,4.85,4.88,196287.87
2026-08-11 00:45:00,4.88,4.89,4.86,4.89,14090.28
2026-08-11 00:50:00,4.89,4.9,4.87,4.89,250129.36
2026-08-11 00:55:00,4.89,4.91,4.89,4.91,39635.87
2026-08-11 01:00:00,4.91,4.91,4.88,4.9,61550.4
2026-08-11 01:05:00,4.9,4.9,4.89,4.9,123045.54
2026-08-11 01:10:00,4.9,4.9,4.89,4.9,11851.31
2026-08-11 01:15:00,4.9,4.9,4.89,4.89,9614.43
2026-08-11 01:20:00,4.89,4.9,4.89,4.89,59148.61
2026-08-11 01:25:00,4.89,4.9,4.87,4.9,30434.22
2026-08-11 01:30:00,4.9,4.92,4.9,4.92,31146.79
2026-08-11 01:35:00,4.92,4.92,4.9,4.91,11740.84
2026-08-11 01:40:00,4.91,4.91,4.9,4.9,33397.71
2026-08-11 01:45:00,4.9,4.91,4.88,4.89,18129.33
2026-08-11 01:50:00,4.89,4.9,4.88,4.89,21793.31
2026-08-11 01:55:00,4.89,4.89,4.87,4.87,11276.26
2026-08-11 02:00:00,4.87,4.89,4.86,4.88,9845.39
2026-08-11 02:05:00,4.88,4.89,4.87,4.88,284551.37
2026-08-11 02:10:00,4.88,4.89,4.87,4.89,233957.61
2026-08-11 02:15:00,4.89,4.9,4.89,4.89,16909.69
2026-08-11 02:20:00,4.89,4.9,4.88,4.89,47693.5
2026-08-11 02:25:00,4.89,4.89,4.88,4.88,23291.07
2026-08-11 02:30:00,4.88,4.89,4.86,4.87,11963.56
2026-08-11 02:35:00,4.87,4.89,4.86,4.88,392439.53
2026-08-11 02:40:00,4.88,4.89,4.87,4.88,13828.0
2026-08-11 02:45:00,4.88,4.89,4.87,4.88,84813.43
2026-08-11 02:50:00,4.88,4.9,4.87,4.9,302015.21
2026-08-11 02:55:00,4.9,4.9,4.9,4.9,410.33
2026-08-11 03:00:00,4.9,4.91,4.89,4.89,29638.48
2026-08-11 03:05:00,4.89,4.89,4.87,4.88,53734.6
2026-08-11 03:10:00,4.88,4.89,4.86,4.89,74949.59
2026-08-11 03:15:00,4.89,4.89,4.89,4.89,17724.35
2026-08-11 03:20:00,4.89,4.9,4.88,4.9,17628.94
2026-08-11 03:25:00,4.9,4.91,4.89,4.9,26983.55
2026-08-11 03:30:00,4.9,4.9,4.89,4.9,52049.39
2026-08-11 03:35:00,4.9,4.92,4.9,4.92,8654.43
2026-08-11 03:40:00,4.92,4.94,4.91,4.93,24765.7
2026-08-11 03:45:00,4.93,4.93,4.92,4.93,24488.31
2026-08-11 03:50:00,4.93,4.94,4.92,4.92,69638.75
2026-08-11 03:55:00,4.92,4.94,4.9,4.9,100172.02
2026-08-11 04:00:00,4.9,4.91,4.88,4.89,20635.87
2026-08-11 04:05:00,4.89,4.89,4.89,4.89,4117.11
2026-08-11 04:10:00,4.89,4.91,4.89,4.9,25145.4
2026-08-11 04:15:00,4.9,4.91,4.9,4.91,24191.19
2026-08-11 04:20:00,4.91,4.92,4.9,4.92,26026.46
2026-08-11 04:25:00,4.92,4.93,4.91,4.92,185426.4
2026-08-11 04:30:00,4.92,4.92,4.91,4.91,6113.65
2026-08-11 04:35:00,4.91,4.93,4.91,4.92,60636.0
2026-08-11 04:40:00,4.92,4.92,4.91,4.91,150783.42
2026-08-11 04:45:00,4.91,4.92,4.9,4.9,36066.67
2026-08-11 04:50:00,4.9,4.93,4.9,4.91,71244.58
2026-08-11 04:55:00,4.91,4.93,4.9,4.9,135423.89
2026-08-11 05:00:00,4.9,4.9,4.88,4.89,173398.53
2026-08-11 05:05:00,4.89,4.9,4.88,4.89,9732.22
2026-08-11 05:10:00,4.89,4.89,4.88,4.89,10740.06
2026-08-11 05:15:00,4.89,4.89,4.88,4.89,12433.08
2026-08-11 05:20:00,4.89,4.89,4.87,4.88,37339.5
2026-08-11 05:25:00,4.88,4.88,4.86,4.86,83654.63
2026-08-11 05:30:00,4.86,4.88,4.85,4.88,131099.53
2026-08-11 05:35:00,4.88,4.89,4.87,4.89,38933.56
2026-08-11 05:40:00,4.89,4.89,4.88,4.88,78116.36
2026-08-11 05:45:00,4.88,4.89,4.87,4.88,7531.52
2026-08-11 05:50:00,4.88,4.89,4.88,4.89,18145.64
2026-08-11 05:55:00,4.89,4.89,4.86,4.87,2505.01
2026-08-11 06:00:00,4.87,4.88,4.87,4.88,20612.47
2026-08-11 06:05:00,4.88,4.89,4.87,4.87,781.33
2026-08-11 06:10:00,4.87,4.89,4.87,4.88,19243.46
2026-08-11 06:15:00,4.88,4.88,4.87,4.88,51452.13
2026-08-11 06:20:00,4.88,4.89,4.87,4.88,58826.94
2026-08-11 06:25:00,4.88,4.88,4.88,4.88,230371.72
2026-08-11 06:30:00,4.88,4.9,4.88,4.89,11834.53
2026-08-11 06:35:00,4.89,4.91,4.89,4.9,40589.56
2026-08-11 06:40:00,4.9,4.91,4.9,4.9,82876.47
2026-08-11 06:45:00,4.9,4.91,4.89,4.89,44090.77
2026-08-11 06:50:00,4.89,4.9,4.88,4.89,20611.93
2026-08-11 06:55:00,4.89,4.9,4.88,4.89,6087.07
2026-08-11 07:00:00,4.89,4.89,4.87,4.88,4281.18
2026-08-11 07:05:00,4.88,4.88,4.88,4.88,96297.89
2026-08-11 07:10:00,4.88,4.88,4.87,4.88,44952.89
2026-08-11 07:15:00,4.88,4.88,4.86,4.87,191354.8
2026-08-11 07:20:00,4.87,4.87,4.86,4.86,270477.44
2026-08-11 07:25:00,4.86,4.87,4.85,4.85,5780.58
2026-08-11 07:30:00,4.85,4.86,4.85,4.85,40661.82
2026-08-11 07:35:00,4.85,4.86,4.85,4.86,70599.93
2026-08-11 07:40:00,4.86,4.87,4.84,4.86,390763.71
2026-08-11 07:45:00,4.86,4.89,4.86,4.88,69303.2
2026-08-11 07:50:00,4.88,4.9,4.87,4.87,6577.14
2026-08-11 07:55:00,4.87,4.87,4.86,4.87,6316.37
2026-08-11 08:00:00,4.87,4.87,4.84,4.85,72823.8
2026-08-11 08:05:00,4.85,4.86,4.85,4.86,30062.5
2026-08-11 08:10:00,4.86,4.86,4.85,4.86,9651.04
2026-08-11 08:15:00,4.86,4.86,4.85,4.86,47492.14
2026-08-11 08:20:00,4.86,4.86,4.85,4.85,18783.19
2026-08-11 08:25:00,4.85,4.85,4.85,4.85,2358.85
2026-08-11 08:30:00,4.85,4.86,4.84,4.86,165695.33
2026-08-11 08:35:00,4.86,4.87,4.86,4.86,22371.57
2026-08-11 08:40:00,4.86,4.87,4.85,4.86,76900.68
2026-08-11 08:45:00,4.86,4.88,4.84,4.87,26446.04
2026-08-11 08:50:00,4.87,4.88,4.87,4.88,55200.95
2026-08-11 08:55:00,4.88,4.88,4.87,4.88,26300.86
2026-08-11 09:00:00,4.88,4.88,4.87,4.88,7471.5
2026-08-11 09:05:00,4.88,4.88,4.86,4.86,9994.5
2026-08-11 09:10:00,4.86,4.87,4.86,4.87,77625.47
2026-08-11 09:15:00,4.87,4.87,4.84,4.84,5716.53
2026-08-11 09:20:00,4.84,4.85,4.83,4.85,84371.29
2026-08-11 09:25:00,4.85,4.87,4.83,4.86,82400.51
2026-08-11 09:30:00,4.86,4.88,4.85,4.88,1275.2
2026-08-11 09:35:00,4.88,4.88,4.88,4.88,51456.92
2026-08-11 09:40:00,4.88,4.89,4.87,4.89,8254.56
2026-08-11 09:45:00,4.89,4.89,4.87,4.87,21129.78
2026-08-11 09:50:00,4.87,4.88,4.87,4.88,13930.54
2026-08-11 09:55:00,4.88,4.88,4.87,4.87,12422.22
2026-08-11 10:00:00,4.87,4.89,4.86,4.88,3969.33
2026-08-11 10:05:00,4.88,4.88,4.87,4.87,14558.01
2026-08-11 10:10:00,4.87,4.87,4.86,4.86,77250.08
2026-08-11 10:15:00,4.86,4.87,4.86,4.86,76798.93
2026-08-11 10:20:00,4.86,4.87,4.86,4.87,58233.72
2026-08-11 10:25:00,4.87,4.88,4.86,4.86,3795.9
2026-08-11 10:30:00,4.86,4.86,4.86,4.86,62831.65
2026-08-11 10:35:00,4.86,4.87,4.85,4.86,1390.8
2026-08-11 10:40:00,4.86,4.87,4.85,4.86,603.19
2026-08-11 10:45:00,4.86,4.86,4.85,4.86,38883.15
2026-08-11 10:50:00,4.86,4.87,4.86,4.86,59691.92
2026-08-11 10:55:00,4.86,4.87,4.85,4.86,75775.22
2026-08-11 11:00:00,4.86,4.87,4.85,4.85,28767.06
2026-08-11 11:05:00,4.85,4.86,4.84,4.86,22966.48
2026-08-11 11:10:00,4.86,4.87,4.84,4.85,10.0
2026-08-11 11:15:00,4.85,4.86,4.84,4.86,28915.68
2026-08-11 11:20:00,4.86,4.86,4.84,4.85,49057.15
2026-08-11 11:25:00,4.85,4.85,4.84,4.84,2782.75
2026-08-11 11:30:00,4.84,4.84,4.83,4.84,5626.75
2026-08-11 11:35:00,4.84,4.85,4.83,4.85,13847.36
2026-08-11 11:40:00,4.85,4.85,4.84,4.85,12780.4
2026-08-11 11:45:00,4.85,4.86,4.84,4.86,41452.78
2026-08-11 11:50:00,4.86,4.87,4.86,4.87,189459.45
2026-08-11 11:55:00,4.87,4.88,4.86,4.88,50789.02
2026-08-11 12:00:00,4.88,4.89,4.86,4.87,204489.74
2026-08-11 12:05:00,4.87,4.87,4.86,4.87,133682.97
2026-08-11 12:10:00,4.87,4.87,4.86,4.87,2481.1
2026-08-11 12:15:00,4.87,4.87,4.85,4.86,64084.18
2026-08-11 12:20:00,4.86,4.86,4.85,4.85,95372.76
2026-08-11 12:25:00,4.85,4.87,4.84,4.86,3406.58
2026-08-11 12:30:00,4.86,4.87,4.85,4.86,64551.26
2026-08-11 12:35:00,4.86,4.87,4.85,4.86,80326.09
2026-08-11 12:40:00,4.86,4.86,4.86,4.86,16619.81
2026-08-11 12:45:00,4.86,4.88,4.86,4.87,2001.01
2026-08-11 12:50:00,4.87,4.89,4.87,4.87,1370.89
2026-08-11 12:55:00,4.87,4.88,4.87,4.87,108779.88
2026-08-11 13:00:00,4.87,4.87,4.87,4.87,20674.79
2026-08-11 13:05:00,4.87,4.87,4.86,4.87,75343.96
2026-08-11 13:10:00,4.87,4.88,4.86,4.87,25160.95
2026-08-11 13:15:00,4.87,4.88,4.86,4.88,165855.75
2026-08-11 13:20:00,4.88,4.88,4.86,4.87,15685.08
2026-08-11 13:25:00,4.87,4.87,4.86,4.86,8254.32
2026-08-11 13:30:00,4.86,4.87,4.83,4.84,3364.76
2026-08-11 13:35:00,4.84,4.84,4.82,4.82,44717.36
2026-08-11 13:40:00,4.82,4.83,4.81,4.83,142718.19
2026-08-11 13:45:00,4.83,4.84,4.81,4.84,429750.83
2026-08-11 13:50:00,4.84,4.85,4.84,4.85,20551.03
2026-08-11 13:55:00,4.85,4.87,4.84,4.86,27911.81
2026-08-11 14:00:00,4.86,4.86,4.84,4.84,50734.12
2026-08-11 14:05:00,4.84,4.86,4.83,4.86,4290.88
2026-08-11 14:10:00,4.86,4.86,4.85,4.86,15418.3
2026-08-11 14:15:00,4.86,4.87,4.86,4.86,33747.99
2026-08-11 14:20:00,4.86,4.88,4.86,4.88,11666.24
2026-08-11 14:25:00,4.88,4.89,4.88,4.89,61703.65
2026-08-11 14:30:00,4.89,4.9,4.88,4.89,68697.63
2026-08-11 14:35:00,4.89,4.91,4.88,4.9,139687.81
2026-08-11 14:40:00,4.9,4.91,4.89,4.89,103939.59
2026-08-11 14:45:00,4.89,4.89,4.89,4.89,46350.92
2026-08-11 14:50:00,4.89,4.89,4.87,4.87,79167.22
2026-08-11 14:55:00,4.87,4.87,4.86,4.87,45494.87
2026-08-11 15:00:00,4.87,4.87,4.86,4.86,5899.93
2026-08-11 15:05:00,4.86,4.87,4.86,4.86,34322.89
2026-08-11 15:10:00,4.86,4.87,4.85,4.87,58009.32
2026-08-11 15:15:00,4.87,4.88,4.87,4.88,2344.84
2026-08-11 15:20:00,4.88,4.88,4.86,4.87,4326.79
2026-08-11 15:25:00,4.87,4.88,4.87,4.87,115141.63
2026-08-11 15:30:00,4.87,4.9,4.87,4.89,68188.68
2026-08-11 15:35:00,4.89,4.9,4.89,4.9,172170.6
2026-08-11 15:40:00,4.9,4.91,4.89,4.89,68457.72
2026-08-11 15:45:00,4.89,4.9,4.89,4.9,10518.87
2026-08-11 15:50:00,4.9,4.92,4.89,4.91,1815.3
2026-08-11 15:55:00,4.91,4.93,4.9,4.91,303234.25
2026-08-11 16:00:00,4.91,4.92,4.9,4.9,862748.4
2026-08-11 16:05:00,4.9,4.91,4.9,4.9,3786.18
2026-08-11 16:10:00,4.9,4.92,4.89,4.89,142971.18
2026-08-11 16:15:00,4.89,4.9,4.89,4.89,49148.92
2026-08-11 16:20:00,4.89,4.89,4.89,4.89,77846.81
2026-08-11 16:25:00,4.89,4.9,4.89,4.9,21504.67
2026-08-11 16:30:00,4.9,4.9,4.88,4.89,71110.9
2026-08-11 16:35:00,4.89,4.9,4.88,4.89,48410.18
2026-08-11 16:40:00,4.89,4.9,4.88,4.89,280.98
2026-08-11 16:45:00,4.89,4.91,4.88,4.88,499386.54
2026-08-11 16:50:00,4.88,4.89,4.88,4.89,108675.9
2026-08-11 16:55:00,4.89,4.89,4.87,4.88,192815.83
2026-08-11 17:00:00,4.88,4.88,4.87,4.88,298642.22
2026-08-11 17:05:00,4.88,4.88,4.87,4.87,110280.46
2026-08-11 17:10:00,4.87,4.88,4.85,4.86,22331.34
2026-08-11 17:15:00,4.86,4.86,4.85,4.86,77479.4
2026-08-11 17:20:00,4.86,4.86,4.85,4.85,112390.33
2026-08-11 17:25:00,4.85,4.85,4.84,4.85,3338.74
2026-08-11 17:30:00,4.85,4.85,4.85,4.85,3682.67
2026-08-11 17:35:00,4.85,4.86,4.83,4.84,165133.87
2026-08-11 17:40:00,4.84,4.85,4.84,4.84,33115.35
2026-08-11 17:45:00,4.84,4.85,4.83,4.84,137576.37
2026-08-11 17:50:00,4.84,4.84,4.84,4.84,97126.82
2026-08-11 17:55:00,4.84,4.84,4.82,4.83,86360.48
2026-08-11 18:00:00,4.83,4.85,4.82,4.84,23663.92
2026-08-11 18:05:00,4.84,4.85,4.83,4.83,24464.32
2026-08-11 18:10:00,4.83,4.84,4.82,4.84,49725.52
2026-08-11 18:15:00,4.84,4.84,4.83,4.84,15644.84
2026-08-11 18:20:00,4.84,4.84,4.83,4.83,44729.16
2026-08-11 18:25:00,4.83,4.83,4.83,4.83,51310.66
2026-08-11 18:30:00,4.83,4.83,4.83,4.83,22116.01
2026-08-11 18:35:00,4.83,4.84,4.82,4.82,10949.5
2026-08-11 18:40:00,4.82,4.83,4.8,4.81,1083.26
2026-08-11 18:45:00,4.81,4.81,4.8,4.81,169866.14
2026-08-11 18:50:00,4.81,4.82,4.8,4.8,10921.5
2026-08-11 18:55:00,4.8,4.81,4.79,4.79,25497.53
2026-08-11 19:00:00,4.79,4.8,4.78,4.8,487763.21
2026-08-11 19:05:00,4.8,4.81,4.79,4.81,551.11
2026-08-11 19:10:00,4.81,4.82,4.79,4.81,66276.62
2026-08-11 19:15:00,4.81,4.84,4.81,4.83,41088.24
2026-08-11 19:20:00,4.83,4.85,4.83,4.85,4275.37
2026-08-11 19:25:00,4.85,4.85,4.83,4.84,103901.4
2026-08-11 19:30:00,4.84,4.84,4.83,4.84,3585.97
2026-08-11 19:35:00,4.84,4.84,4.82,4.82,26714.29
2026-08-11 19:40:00,4.82,4.83,4.8,4.82,23915.08
2026-08-11 19:45:00,4.82,4.83,4.81,4.83,29020.04
2026-08-11 19:50:00,4.83,4.84,4.83,4.83,7324.44
2026-08-11 19:55:00,4.83,4.84,4.83,4.83,15198.04
2026-08-11 20:00:00,4.83,4.84,4.82,4.82,91401.71
2026-08-11 20:05:00,4.82,4.83,4.81,4.82,26793.49
2026-08-11 20:10:00,4.82,4.83,4.81,4.83,26513.31
2026-08-11 20:15:00,4.83,4.84,4.82,4.83,65973.07
2026-08-11 20:20:00,4.83,4.86,4.83,4.85,92742.6
2026-08-11 20:25:00,4.85,4.86,4.83,4.84,60596.37
2026-08-11 20:30:00,4.84,4.84,4.83,4.84,4164.73
2026-08-11 20:35:00,4.84,4.84,4.83,4.84,29417.78
2026-08-11 20:40:00,4.84,4.85,4.82,4.84,14928.56
2026-08-11 20:45:00,4.84,4.84,4.82,4.83,70176.3
2026-08-11 20:50:00,4.83,4.83,4.82,4.83,66774.5
2026-08-11 20:55:00,4.83,4.84,4.82,4.84,6516.88
2026-08-11 21:00:00,4.84,4.85,4.83,4.85,10656.64
2026-08-11 21:05:00,4.85,4.85,4.83,4.85,2774.35
2026-08-11 21:10:00,4.85,4.85,4.84,4.84,28324.3
2026-08-11 21:15:00,4.84,4.85,4.82,4.82,34578.58
2026-08-11 21:20:00,4.82,4.83,4.82,4.82,137028.93
2026-08-11 21:25:00,4.82,4.84,4.82,4.84,26848.84
2026-08-11 21:30:00,4.84,4.84,4.84,4.84,80182.33
2026-08-11 21:35:00,4.84,4.84,4.83,4.84,40508.8
2026-08-11 21:40:00,4.84,4.84,4.83,4.84,58011.48
2026-08-11 21:45:00,4.84,4.84,4.82,4.82,28440.6
2026-08-11 21:50:00,4.82,4.83,4.82,4.83,86568.65
2026-08-11 21:55:00,4.83,4.83,4.82,4.83,124857.72
2026-08-11 22:00:00,4.83,4.84,4.82,4.82,216474.29
2026-08-11 22:05:00,4.82,4.83,4.82,4.83,59817.54
2026-08-11 22:10:00,4.83,4.83,4.82,4.82,28403.0
2026-08-11 22:15:00,4.82,4.83,4.81,4.81,9500.52
2026-08-11 22:20:00,4.81,4.83,4.81,4.81,74298.69
2026-08-11 22:25:00,4.81,4.82,4.79,4.81,66379.4
2026-08-11 22:30:00,4.81,4.81,4.79,4.79,42226.45
2026-08-11 22:35:00,4.79,4.81,4.78,4.8,63641.14
2026-08-11 22:40:00,4.8,4.8,4.8,4.8,21935.76
2026-08-11 22:45:00,4.8,4.81,4.78,4.8,132421.59
2026-08-11 22:50:00,4.8,4.81,4.79,4.79,35013.86
2026-08-11 22:55:00,4.79,4.8,4.78,4.79,21260.59
2026-08-11 23:00:00,4.79,4.8,4.79,4.8,47081.64
2026-08-11 23:05:00,4.8,4.81,4.8,4.8,50732.58
2026-08-11 23:10:00,4.8,4.81,4.78,4.79,14741.85
2026-08-11 23:15:00,4.79,4.79,4.79,4.79,37760.58
2026-08-11 23:20:00,4.79,4.8,4.79,4.79,193676.76
2026-08-11 23:25:00,4.79,4.8,4.78,4.79,626.72
2026-08-11 23:30:00,4.79,4.81,4.78,4.8,39721.43
2026-08-11 23:35:00,4.8,4.8,4.79,4.8,3102.53
2026-08-11 23:40:00,4.8,4.8,4.79,4.79,13763.03
2026-08-11 23:45:00,4.79,4.81,4.78,4.8,219058.71
2026-08-11 23:50:00,4.8,4.81,4.8,4.8,83569.31
2026-08-11 23:55:00,4.8,4.82,4.79,4.82,2876.09
2026-08-12 00:00:00,4.82,4.84,4.81,4.83,75107.66
2026-08-12 00:05:00,4.83,4.84,4.83,4.84,28893.32
2026-08-12 00:10:00,4.84,4.85,4.83,4.84,29548.01
2026-08-12 00:15:00,4.84,4.85,4.83,4.85,13312.77
2026-08-12 00:20:00,4.85,4.85,4.84,4.84,18057.75
2026-08-12 00:25:00,4.84,4.85,4.83,4.84,66420.55
2026-08-12 00:30:00,4.84,4.85,4.84,4.85,89367.37
2026-08-12 00:35:00,4.85,4.85,4.84,4.84,7076.03
2026-08-12 00:40:00,4.84,4.84,4.84,4.84,28095.81
2026-08-12 00:45:00,4.84,4.85,4.83,4.83,6251.7
2026-08-12 00:50:00,4.83,4.84,4.82,4.84,83.72
2026-08-12 00:55:00,4.84,4.84,4.83,4.84,38294.2
2026-08-12 01:00:00,4.84,4.84,4.83,4.83,72994.8
2026-08-12 01:05:00,4.83,4.84,4.83,4.83,23546.68
2026-08-12 01:10:00,4.83,4.84,4.81,4.81,146873.14
2026-08-12 01:15:00,4.81,4.82,4.8,4.81,73708.01
2026-08-12 01:20:00,4.81,4.83,4.81,4.83,47249.54
2026-08-12 01:25:00,4.83,4.84,4.83,4.83,72957.52
2026-08-12 01:30:00,4.83,4.84,4.81,4.82,132334.63
2026-08-12 01:35:00,4.82,4.82,4.81,4.81,56045.5
2026-08-12 01:40:00,4.81,4.82,4.8,4.8,55198.25
2026-08-12 01:45:00,4.8,4.81,4.8,4.81,24868.6
2026-08-12 01:50:00,4.81,4.83,4.8,4.83,22243.74
2026-08-12 01:55:00,4.83,4.84,4.82,4.83,164122.06
2026-08-12 02:00:00,4.83,4.84,4.83,4.84,42507.72
2026-08-12 02:05:00,4.84,4.84,4.83,4.84,84113.09
2026-08-12 02:10:00,4.84,4.85,4.83,4.83,119193.46
2026-08-12 02:15:00,4.83,4.84,4.83,4.84,6761.01
2026-08-12 02:20:00,4.84,4.84,4.82,4.82,38563.89
2026-08-12 02:25:00,4.82,4.83,4.82,4.83,40933.83
2026-08-12 02:30:00,4.83,4.83,4.82,4.83,102.05
2026-08-12 02:35:00,4.83,4.84,4.82,4.83,17257.26
2026-08-12 02:40:00,4.83,4.83,4.82,4.83,147752.77
2026-08-12 02:45:00,4.83,4.83,4.81,4.81,75864.13
2026-08-12 02:50:00,4.81,4.82,4.81,4.81,84961.18
2026-08-12 02:55:00,4.81,4.82,4.8,4.8,64699.7
2026-08-12 03:00:00,4.8,4.81,4.8,4.81,34850.77
2026-08-12 03:05:00,4.81,4.82,4.8,4.81,66225.28
2026-08-12 03:10:00,4.81,4.83,4.81,4.81,158712.25
2026-08-12 03:15:00,4.81,4.83,4.81,4.82,33954.25
2026-08-12 03:20:00,4.82,4.84,4.82,4.83,71123.08
2026-08-12 03:25:00,4.83,4.85,4.83,4.84,13839.43
2026-08-12 03:30:00,4.84,4.84,4.84,4.84,158754.49
2026-08-12 03:35:00,4.84,4.84,4.83,4.84,119388.9
2026-08-12 03:40:00,4.84,4.86,4.83,4.86,39468.42
2026-08-12 03:45:00,4.86,4.86,4.85,4.86,1214.46
2026-08-12 03:50:00,4.86,4.86,4.85,4.85,10643.1
2026-08-12 03:55:00,4.85,4.87,4.84,4.84,89540.17
2026-08-12 04:00:00,4.84,4.86,4.84,4.84,19026.32
2026-08-12 04:05:00,4.84,4.84,4.84,4.84,43613.45
2026-08-12 04:10:00,4.84,4.84,4.82,4.82,40030.56
2026-08-12 04:15:00,4.82,4.83,4.81,4.81,3128.34
2026-08-12 04:20:00,4.81,4.83,4.81,4.82,65499.53
2026-08-12 04:25:00,4.82,4.83,4.82,4.82,9971.86
2026-08-12 04:30:00,4.82,4.84,4.82,4.83,11960.23
2026-08-12 04:35:00,4.83,4.84,4.83,4.83,129820.04
2026-08-12 04:40:00,4.83,4.84,4.83,4.84,6342.68
2026-08-12 04:45:00,4.84,4.87,4.83,4.86,9803.13
2026-08-12 04:50:00,4.86,4.87,4.85,4.85,35191.57
2026-08-12 04:55:00,4.85,4.87,4.85,4.87,3023.26
2026-08-12 05:00:00,4.87,4.88,4.85,4.85,7061.89
2026-08-12 05:05:00,4.85,4.87,4.84,4.84,1111493.17
2026-08-12 05:10:00,4.84,4.85,4.84,4.84,68293.37
2026-08-12 05:15:00,4.84,4.86,4.83,4.84,68192.4
2026-08-12 05:20:00,4.84,4.84,4.83,4.83,29333.35
2026-08-12 05:25:00,4.83,4.84,4.82,4.83,18681.95
2026-08-12 05:30:00,4.83,4.83,4.81,4.83,128817.99
2026-08-12 05:35:00,4.83,4.83,4.82,4.82,35108.26
2026-08-12 05:40:00,4.82,4.83,4.81,4.82,23367.92
2026-08-12 05:45:00,4.82,4.83,4.81,4.81,22395.41
2026-08-12 05:50:00,4.81,4.82,4.8,4.82,1614.13
2026-08-12 05:55:00,4.82,4.82,4.8,4.81,984.51
2026-08-12 06:00:00,4.81,4.82,4.8,4.82,50516.65
2026-08-12 06:05:00,4.82,4.82,4.82,4.82,15576.34
2026-08-12 06:10:00,4.82,4.83,4.81,4.82,186804.69
2026-08-12 06:15:00,4.82,4.82,4.8,4.81,37107.88
2026-08-12 06:20:00,4.81,4.82,4.8,4.82,38152.69
2026-08-12 06:25:00,4.82,4.82,4.8,4.8,8993.79
2026-08-12 06:30:00,4.8,4.8,4.79,4.79,16952.59
2026-08-12 06:35:00,4.79,4.79,4.78,4.79,85766.76
2026-08-12 06:40:00,4.79,4.8,4.78,4.79,153118.21
2026-08-12 06:45:00,4.79,4.8,4.79,4.79,17001.6
2026-08-12 06:50:00,4.79,4.8,4.78,4.79,16302.41
2026-08-12 06:55:00,4.79,4.81,4.79,4.8,71613.35
2026-08-12 07:00:00,4.8,4.81,4.79,4.8,8753.19
2026-08-12 07:05:00,4.8,4.82,4.79,4.82,5496.85
2026-08-12 07:10:00,4.82,4.82,4.8,4.81,47619.62
2026-08-12 07:15:00,4.81,4.82,4.8,4.81,70577.97
2026-08-12 07:20:00,4.81,4.81,4.78,4.79,13815.75
2026-08-12 07:25:00,4.79,4.8,4.77,4.78,50738.95
2026-08-12 07:30:00,4.78,4.79,4.78,4.78,18538.47
2026-08-12 07:35:00,4.78,4.79,4.77,4.79,668211.21
2026-08-12 07:40:00,4.79,4.8,4.78,4.8,77852.21
2026-08-12 07:45:00,4.8,4.82,4.79,4.82,22898.71
2026-08-12 07:50:00,4.82,4.82,4.81,4.82,57202.32
2026-08-12 07:55:00,4.82,4.82,4.81,4.81,128315.86
2026-08-12 08:00:00,4.81,4.82,4.8,4.81,122855.61
2026-08-12 08:05:00,4.81,4.81,4.8,4.81,17898.35
2026-08-12 08:10:00,4.81,4.82,4.8,4.82,29820.83
2026-08-12 08:15:00,4.82,4.84,4.81,4.83,151185.65
2026-08-12 08:20:00,4.83,4.84,4.82,4.84,206748.22
2026-08-12 08:25:00,4.84,4.85,4.83,4.84,169028.82
2026-08-12 08:30:00,4.84,4.84,4.83,4.83,31277.57
2026-08-12 08:35:00,4.83,4.84,4.83,4.84,123875.58
2026-08-12 08:40:00,4.84,4.85,4.83,4.84,66777.11
2026-08-12 08:45:00,4.84,4.85,4.83,4.84,11302.6
2026-08-12 08:50:00,4.84,4.86,4.84,4.85,7007.67
2026-08-12 08:55:00,4.85,4.86,4.85,4.86,135524.22
2026-08-12 09:00:00,4.86,4.86,4.84,4.85,18393.61
2026-08-12 09:05:00,4.85,4.86,4.84,4.85,89736.34
2026-08-12 09:10:00,4.85,4.87,4.85,4.86,29192.04
2026-08-12 09:15:00,4.86,4.86,4.85,4.86,19299.71
2026-08-12 09:20:00,4.86,4.86,4.85,4.85,8004.86
2026-08-12 09:25:00,4.85,4.87,4.85,4.87,57626.43
2026-08-12 09:30:00,4.87,4.87,4.86,4.86,18670.97
2026-08-12 09:35:00,4.86,4.87,4.84,4.85,797.85
2026-08-12 09:40:00,4.85,4.86,4.84,4.86,165147.36
2026-08-12 09:45:00,4.86,4.86,4.85,4.86,1241.48
2026-08-12 09:50:00,4.86,4.86,4.85,4.85,7090.74
2026-08-12 09:55:00,4.85,4.87,4.84,4.85,41634.02
2026-08-12 10:00:00,4.85,4.86,4.84,4.84,40973.06
2026-08-12 10:05:00,4.84,4.85,4.83,4.85,50626.58
2026-08-12 10:10:00,4.85,4.85,4.85,4.85,8751.21
2026-08-12 10:15:00,4.85,4.85,4.84,4.85,10435.9
2026-08-12 10:20:00,4.85,4.87,4.84,4.86,99988.62
2026-08-12 10:25:00,4.86,4.87,4.86,4.86,180719.29
2026-08-12 10:30:00,4.86,4.87,4.85,4.87,5661.88
2026-08-12 10:35:00,4.87,4.89,4.87,4.88,83657.35
2026-08-12 10:40:00,4.88,4.9,4.87,4.88,155039.42
2026-08-12 10:45:00,4.88,4.88,4.87,4.87,86603.6
2026-08-12 10:50:00,4.87,4.88,4.87,4.87,72382.84
2026-08-12 10:55:00,4.87,4.89,4.86,4.86,117397.05
2026-08-12 11:00:00,4.86,4.86,4.84,4.84,492.4
2026-08-12 11:05:00,4.84,4.85,4.83,4.84,20314.64
2026-08-12 11:10:00,4.84,4.85,4.84,4.84,106857.11
2026-08-12 11:15:00,4.84,4.86,4.83,4.85,155945.24
2026-08-12 11:20:00,4.85,4.87,4.85,4.87,24812.37
2026-08-12 11:25:00,4.87,4.87,4.86,4.87,38940.42
2026-08-12 11:30:00,4.87,4.88,4.86,4.86,5376.64
2026-08-12 11:35:00,4.86,4.88,4.86,4.88,19660.34
2026-08-12 11:40:00,4.88,4.89,4.87,4.88,16380.51
2026-08-12 11:45:00,4.88,4.88,4.87,4.88,57537.17
2026-08-12 11:50:00,4.88,4.89,4.87,4.87,85804.66
2026-08-12 11:55:00,4.87,4.89,4.86,4.86,127657.35
2026-08-12 12:00:00,4.86,4.86,4.86,4.86,91744.0
2026-08-12 12:05:00,4.86,4.87,4.86,4.86,5041.47
2026-08-12 12:10:00,4.86,4.86,4.85,4.86,28532.86
2026-08-12 12:15:00,4.86,4.88,4.85,4.87,1650.92
2026-08-12 12:20:00,4.87,4.87,4.86,4.87,21467.64
2026-08-12 12:25:00,4.87,4.87,4.86,4.87,67665.33
2026-08-12 12:30:00,4.87,4.87,4.87,4.87,77159.3
2026-08-12 12:35:00,4.87,4.89,4.86,4.88,9159.94
2026-08-12 12:40:00,4.88,4.88,4.87,4.87,26535.49
2026-08-12 12:45:00,4.87,4.88,4.87,4.87,42055.37
2026-08-12 12:50:00,4.87,4.89,4.86,4.86,295791.72
2026-08-12 12:55:00,4.86,4.88,4.86,4.87,49731.04
2026-08-12 13:00:00,4.87,4.89,4.86,4.86,226227.34
2026-08-12 13:05:00,4.86,4.89,4.86,4.89,131924.82
2026-08-12 13:10:00,4.89,4.89,4.88,4.88,39199.17
2026-08-12 13:15:00,4.88,4.89,4.88,4.89,101306.62
2026-08-12 13:20:00,4.89,4.9,4.88,4.88,42408.22
2026-08-12 13:25:00,4.88,4.9,4.86,4.87,35525.58
2026-08-12 13:30:00,4.87,4.87,4.86,4.86,23116.58
2026-08-12 13:35:00,4.86,4.88,4.85,4.85,2304.44
2026-08-12 13:40:00,4.85,4.85,4.84,4.84,95146.39
2026-08-12 13:45:00,4.84,4.85,4.84,4.84,19723.96
2026-08-12 13:50:00,4.84,4.85,4.84,4.85,8440.08
2026-08-12 13:55:00,4.85,4.85,4.83,4.84,4796.17
2026-08-12 14:00:00,4.84,4.84,4.83,4.83,56071.77
2026-08-12 14:05:00,4.83,4.84,4.83,4.84,126746.73
2026-08-12 14:10:00,4.84,4.85,4.83,4.85,46111.42
2026-08-12 14:15:00,4.85,4.85,4.85,4.85,2829.55
2026-08-12 14:20:00,4.85,4.87,4.85,4.86,22723.94
2026-08-12 14:25:00,4.86,4.86,4.85,4.85,92017.3
2026-08-12 14:30:00,4.85,4.86,4.85,4.85,2562.59
2026-08-12 14:35:00,4.85,4.85,4.85,4.85,7777.52
2026-08-12 14:40:00,4.85,4.86,4.85,4.85,17816.33
2026-08-12 14:45:00,4.85,4.86,4.85,4.85,6907.25
2026-08-12 14:50:00,4.85,4.87,4.85,4.86,18367.08
2026-08-12 14:55:00,4.86,4.87,4.84,4.87,5793.01
2026-08-12 15:00:00,4.87,4.88,4.87,4.88,109699.87
2026-08-12 15:05:00,4.88,4.88,4.87,4.87,80082.94
2026-08-12 15:10:00,4.87,4.88,4.86,4.87,26781.2
2026-08-12 15:15:00,4.87,4.87,4.85,4.85,146183.97
2026-08-12 15:20:00,4.85,4.86,4.84,4.86,110229.54
2026-08-12 15:25:00,4.86,4.87,4.85,4.87,109017.9
2026-08-12 15:30:00,4.87,4.87,4.86,4.87,101426.5
2026-08-12 15:35:00,4.87,4.88,4.87,4.88,43132.43
2026-08-12 15:40:00,4.88,4.9,4.88,4.89,14789.54
2026-08-12 15:45:00,4.89,4.91,4.89,4.89,434473.42
2026-08-12 15:50:00,4.89,4.9,4.88,4.9,22570.87
2026-08-12 15:55:00,4.9,4.9,4.89,4.89,16930.05
2026-08-12 16:00:00,4.89,4.89,4.88,4.88,3463.67
2026-08-12 16:05:00,4.88,4.89,4.87,4.88,10458.73
2026-08-12 16:10:00,4.88,4.89,4.88,4.88,59674.53
2026-08-12 16:15:00,4.88,4.9,4.86,4.87,3368.27
2026-08-12 16:20:00,4.87,4.87,4.86,4.87,19157.85
2026-08-12 16:25:00,4.87,4.87,4.85,4.85,170150.45
2026-08-12 16:30:00,4.85,4.85,4.84,4.85,58896.21
2026-08-12 16:35:00,4.85,4.85,4.84,4.85,16526.44
2026-08-12 16:40:00,4.85,4.85,4.85,4.85,1573.88
2026-08-12 16:45:00,4.85,4.85,4.83,4.85,16836.56
2026-08-12 16:50:00,4.85,4.85,4.81,4.82,41728.68
2026-08-12 16:55:00,4.82,4.83,4.81,4.83,709782.7
2026-08-12 17:00:00,4.83,4.85,4.82,4.84,747722.95
2026-08-12 17:05:00,4.84,4.85,4.83,4.84,162925.58
2026-08-12 17:10:00,4.84,4.84,4.82,4.83,24300.6
2026-08-12 17:15:00,4.83,4.84,4.81,4.82,114408.98
2026-08-12 17:20:00,4.82,4.84,4.82,4.83,23951.1
2026-08-12 17:25:00,4.83,4.85,4.83,4.85,2043.93
2026-08-12 17:30:00,4.85,4.86,4.84,4.86,51555.79
2026-08-12 17:35:00,4.86,4.87,4.84,4.85,149715.07
2026-08-12 17:40:00,4.85,4.86,4.84,4.84,28181.7
2026-08-12 17:45:00,4.84,4.84,4.82,4.83,37579.71
2026-08-12 17:50:00,4.83,4.84,4.82,4.84,74882.27
2026-08-12 17:55:00,4.84,4.84,4.81,4.84,69162.68
2026-08-12 18:00:00,4.84,4.85,4.84,4.85,71057.93
2026-08-12 18:05:00,4.85,4.85,4.84,4.85,13063.72
2026-08-12 18:10:00,4.85,4.85,4.84,4.85,17889.05
2026-08-12 18:15:00,4.85,4.85,4.84,4.84,80254.06
2026-08-12 18:20:00,4.84,4.85,4.82,4.84,335056.28
2026-08-12 18:25:00,4.84,4.84,4.84,4.84,10718.89
2026-08-12 18:30:00,4.84,4.85,4.84,4.84,9216.85
2026-08-12 18:35:00,4.84,4.86,4.83,4.85,70679.71
2026-08-12 18:40:00,4.85,4.87,4.84,4.86,17207.27
2026-08-12 18:45:00,4.86,4.87,4.86,4.87,22299.24
2026-08-12 18:50:00,4.87,4.87,4.86,4.86,185937.2
2026-08-12 18:55:00,4.86,4.87,4.85,4.86,77228.45
2026-08-12 19:00:00,4.86,4.86,4.85,4.85,226346.91
2026-08-12 19:05:00,4.85,4.86,4.85,4.86,2166.17
2026-08-12 19:10:00,4.86,4.87,4.86,4.86,44169.87
2026-08-12 19:15:00,4.86,4.87,4.86,4.87,9341.07
2026-08-12 19:20:00,4.87,4.88,4.86,4.88,7502.92
2026-08-12 19:25:00,4.88,4.88,4.87,4.87,229085.66
2026-08-12 19:30:00,4.87,4.87,4.86,4.86,18807.94
2026-08-12 19:35:00,4.86,4.87,4.85,4.85,20117.45
2026-08-12 19:40:00,4.85,4.86,4.85,4.86,11376.94
2026-08-12 19:45:00,4.86,4.87,4.86,4.86,55339.53
2026-08-12 19:50:00,4.86,4.87,4.86,4.87,79613.07
2026-08-12 19:55:00,4.87,4.87,4.86,4.86,69921.81
2026-08-12 20:00:00,4.86,4.87,4.86,4.86,20548.21
2026-08-12 20:05:00,4.86,4.86,4.84,4.85,6447.04
2026-08-12 20:10:00,4.85,4.85,4.84,4.84,115783.05
2026-08-12 20:15:00,4.84,4.85,4.84,4.84,36311.75
2026-08-12 20:20:00,4.84,4.85,4.83,4.83,43025.68
2026-08-12 20:25:00,4.83,4.84,4.83,4.84,46827.1
2026-08-12 20:30:00,4.84,4.85,4.83,4.85,25334.13
2026-08-12 20:35:00,4.85,4.87,4.84,4.87,44113.41
2026-08-12 20:40:00,4.87,4.88,4.87,4.88,5984.3
2026-08-12 20:45:00,4.88,4.89,4.88,4.88,7396.26
2026-08-12 20:50:00,4.88,4.9,4.87,4.88,17703.53
2026-08-12 20:55:00,4.88,4.89,4.88,4.88,40860.83
2026-08-12 21:00:00,4.88,4.89,4.87,4.88,86368.69
2026-08-12 21:05:00,4.88,4.88,4.87,4.88,43477.16
2026-08-12 21:10:00,4.88,4.89,4.86,4.86,12465.51
2026-08-12 21:15:00,4.86,4.87,4.86,4.87,23826.34
2026-08-12 21:20:00,4.87,4.89,4.87,4.88,56270.89
2026-08-12 21:25:00,4.88,4.89,4.87,4.87,67217.47
2026-08-12 21:30:00,4.87,4.88,4.86,4.87,24734.8
2026-08-12 21:35:00,4.87,4.87,4.85,4.85,3395.93
2026-08-12 21:40:00,4.85,4.86,4.85,4.86,37796.69
2026-08-12 21:45:00,4.86,4.86,4.85,4.85,54580.91
2026-08-12 21:50:00,4.85,4.86,4.83,4.84,80202.7
2026-08-12 21:55:00,4.84,4.85,4.84,4.85,106524.46
2026-08-12 22:00:00,4.85,4.86,4.83,4.84,102033.23
2026-08-12 22:05:00,4.84,4.84,4.83,4.84,2682.69
2026-08-12 22:10:00,4.84,4.84,4.84,4.84,46189.85
2026-08-12 22:15:00,4.84,4.85,4.83,4.84,41131.97
2026-08-12 22:20:00,4.84,4.85,4.83,4.83,35914.08
2026-08-12 22:25:00,4.83,4.84,4.82,4.82,8935.86
2026-08-12 22:30:00,4.82,4.82,4.81,4.81,18377.6
2026-08-12 22:35:00,4.81,4.82,4.81,4.81,51928.24
2026-08-12 22:40:00,4.81,4.83,4.8,4.82,140669.04
2026-08-12 22:45:00,4.82,4.82,4.82,4.82,121844.72
2026-08-12 22:50:00,4.82,4.83,4.82,4.83,2418.51
2026-08-12 22:55:00,4.83,4.84,4.81,4.83,24298.56
2026-08-12 23:00:00,4.83,4.84,4.82,4.83,115111.32
2026-08-12 23:05:00,4.83,4.83,4.81,4.82,25752.55
2026-08-12 23:10:00,4.82,4.82,4.81,4.82,37718.8
2026-08-12 23:15:00,4.82,4.83,4.81,4.83,16444.39
2026-08-12 23:20:00,4.83,4.84,4.82,4.84,5448.92
2026-08-12 23:25:00,4.84,4.84,4.83,4.84,44498.46
2026-08-12 23:30:00,4.84,4.84,4.83,4.83,24515.16
2026-08-12 23:35:00,4.83,4.85,4.83,4.84,16175.29
2026-08-12 23:40:00,4.84,4.84,4.83,4.84,144275.07
2026-08-12 23:45:00,4.84,4.85,4.83,4.84,47574.24
2026-08-12 23:50:00,4.84,4.85,4.84,4.84,27809.64
2026-08-12 23:55:00,4.84,4.85,4.83,4.83,19034.23
2026-08-13 00:00:00,4.83,4.84,4.83,4.84,83808.15
2026-08-13 00:05:00,4.84,4.84,4.83,4.83,84298.57
2026-08-13 00:10:00,4.83,4.83,4.83,4.83,45268.55
2026-08-13 00:15:00,4.83,4.84,4.82,4.84,182112.97
2026-08-13 00:20:00,4.84,4.85,4.83,4.84,39491.7
2026-08-13 00:25:00,4.84,4.84,4.83,4.83,39866.41
2026-08-13 00:30:00,4.83,4.84,4.82,4.82,3405.54
2026-08-13 00:35:00,4.82,4.83,4.82,4.82,30346.28
2026-08-13 00:40:00,4.82,4.83,4.81,4.83,23138.04
2026-08-13 00:45:00,4.83,4.83,4.81,4.81,7310.26
2026-08-13 00:50:00,4.81,4.82,4.81,4.82,11511.67
2026-08-13 00:55:00,4.82,4.82,4.81,4.82,21173.02
2026-08-13 01:00:00,4.82,4.83,4.81,4.83,329063.0
2026-08-13 01:05:00,4.83,4.84,4.82,4.83,5528.09
2026-08-13 01:10:00,4.83,4.83,4.82,4.83,10500.6
2026-08-13 01:15:00,4.83,4.83,4.82,4.83,62985.25
2026-08-13 01:20:00,4.83,4.83,4.8,4.81,255991.35
2026-08-13 01:25:00,4.81,4.83,4.8,4.81,38902.09
2026-08-13 01:30:00,4.81,4.82,4.8,4.81,61225.41
2026-08-13 01:35:00,4.81,4.81,4.8,4.81,35269.52
2026-08-13 01:40:00,4.81,4.81,4.81,4.81,84394.94
2026-08-13 01:45:00,4.81,4.83,4.8,4.83,27440.36
2026-08-13 01:50:00,4.83,4.85,4.82,4.83,4056.1
2026-08-13 01:55:00,4.83,4.84,4.83,4.84,9781.53
2026-08-13 02:00:00,4.84,4.84,4.82,4.83,848.24
2026-08-13 02:05:00,4.83,4.83,4.81,4.83,102439.5
2026-08-13 02:10:00,4.83,4.85,4.82,4.84,9552.07
2026-08-13 02:15:00,4.84,4.84,4.83,4.84,57552.58
2026-08-13 02:20:00,4.84,4.84,4.83,4.83,18538.84
2026-08-13 02:25:00,4.83,4.84,4.83,4.84,66689.51
2026-08-13 02:30:00,4.84,4.84,4.82,4.83,73270.58
2026-08-13 02:35:00,4.83,4.84,4.82,4.83,16204.6
2026-08-13 02:40:00,4.83,4.84,4.82,4.83,9239.58
2026-08-13 02:45:00,4.83,4.85,4.83,4.84,128360.17
2026-08-13 02:50:00,4.84,4.85,4.84,4.84,19852.18
2026-08-13 02:55:00,4.84,4.85,4.84,4.84,32256.93
2026-08-13 03:00:00,4.84,4.86,4.84,4.85,21011.46
2026-08-13 03:05:00,4.85,4.85,4.84,4.84,7353.95
2026-08-13 03:10:00,4.84,4.84,4.83,4.83,109210.95
2026-08-13 03:15:00,4.83,4.85,4.83,4.84,108161.41
2026-08-13 03:20:00,4.84,4.84,4.84,4.84,632.18
2026-08-13 03:25:00,4.84,4.84,4.83,4.83,1661.78
2026-08-13 03:30:00,4.83,4.83,4.82,4.82,46589.56
2026-08-13 03:35:00,4.82,4.83,4.8,4.81,20686.53
2026-08-13 03:40:00,4.81,4.82,4.81,4.82,218548.31
2026-08-13 03:45:00,4.82,4.82,4.79,4.81,27815.13
2026-08-13 03:50:00,4.81,4.82,4.8,4.82,87679.57
2026-08-13 03:55:00,4.82,4.83,4.82,4.82,142293.07
2026-08-13 04:00:00,4.82,4.83,4.81,4.82,74737.63
2026-08-13 04:05:00,4.82,4.83,4.81,4.82,82633.84
2026-08-13 04:10:00,4.82,4.83,4.81,4.82,71722.69
2026-08-13 04:15:00,4.82,4.83,4.82,4.83,26731.26
2026-08-13 04:20:00,4.83,4.83,4.8,4.81,36837.63
2026-08-13 04:25:00,4.81,4.83,4.79,4.82,38591.35
2026-08-13 04:30:00,4.82,4.83,4.82,4.82,93989.15
2026-08-13 04:35:00,4.82,4.83,4.82,4.83,209583.4
2026-08-13 04:40:00,4.83,4.83,4.83,4.83,183896.87
2026-08-13 04:45:00,4.83,4.83,4.83,4.83,23183.28
2026-08-13 04:50:00,4.83,4.84,4.82,4.83,9050.57
2026-08-13 04:55:00,4.83,4.84,4.82,4.83,10036.18
2026-08-13 05:00:00,4.83,4.85,4.83,4.84,68056.77
2026-08-13 05:05:00,4.84,4.86,4.83,4.83,610198.22
2026-08-13 05:10:00,4.83,4.84,4.82,4.83,36955.6
2026-08-13 05:15:00,4.83,4.83,4.82,4.82,62118.35
2026-08-13 05:20:00,4.82,4.83,4.82,4.82,59488.71
2026-08-13 05:25:00,4.82,4.83,4.82,4.83,113063.85
2026-08-13 05:30:00,4.83,4.84,4.82,4.84,5280.06
2026-08-13 05:35:00,4.84,4.85,4.84,4.85,20835.03
2026-08-13 05:40:00,4.85,4.87,4.83,4.84,28587.33
2026-08-13 05:45:00,4.84,4.84,4.84,4.84,19653.7
2026-08-13 05:50:00,4.84,4.84,4.83,4.83,60958.76
2026-08-13 05:55:00,4.83,4.84,4.82,4.83,2819.38
2026-08-13 06:00:00,4.83,4.83,4.81,4.81,24874.23
2026-08-13 06:05:00,4.81,4.82,4.8,4.8,160066.65
2026-08-13 06:10:00,4.8,4.81,4.79,4.81,111079.31
2026-08-13 06:15:00,4.81,4.82,4.81,4.81,59290.21
2026-08-13 06:20:00,4.81,4.83,4.8,4.83,126439.63
2026-08-13 06:25:00,4.83,4.84,4.82,4.83,106998.56
2026-08-13 06:30:00,4.83,4.83,4.81,4.81,33493.49
2026-08-13 06:35:00,4.81,4.82,4.79,4.82,178248.29
2026-08-13 06:40:00,4.82,4.82,4.81,4.82,47972.05
2026-08-13 06:45:00,4.82,4.84,4.81,4.83,12301.51
2026-08-13 06:50:00,4.83,4.83,4.82,4.82,25509.61
2026-08-13 06:55:00,4.82,4.83,4.81,4.82,105799.01
2026-08-13 07:00:00,4.82,4.83,4.82,4.82,66083.91
2026-08-13 07:05:00,4.82,4.83,4.82,4.83,38163.2
2026-08-13 07:10:00,4.83,4.83,4.82,4.83,49744.29
2026-08-13 07:15:00,4.83,4.83,4.82,4.83,74033.45
2026-08-13 07:20:00,4.83,4.84,4.81,4.81,13474.76
2026-08-13 07:25:00,4.81,4.82,4.81,4.81,14634.3
2026-08-13 07:30:00,4.81,4.82,4.81,4.81,38179.97
2026-08-13 07:35:00,4.81,4.81,4.79,4.8,83061.71
2026-08-13 07:40:00,4.8,4.81,4.79,4.79,250036.38
2026-08-13 07:45:00,4.79,4.79,4.79,4.79,57077.47
2026-08-13 07:50:00,4.79,4.8,4.79,4.8,23574.38
2026-08-13 07:55:00,4.8,4.8,4.79,4.79,38844.12
2026-08-13 08:00:00,4.79,4.79,4.77,4.77,32470.03
2026-08-13 08:05:00,4.77,4.77,4.76,4.76,18635.7
2026-08-13 08:10:00,4.76,4.78,4.76,4.77,87867.83
2026-08-13 08:15:00,4.77,4.77,4.75,4.75,20672.91
2026-08-13 08:20:00,4.75,4.76,4.74,4.75,21152.34
2026-08-13 08:25:00,4.75,4.75,4.74,4.75,29577.51
2026-08-13 08:30:00,4.75,4.75,4.75,4.75,119928.9
2026-08-13 08:35:00,4.75,4.76,4.74,4.75,599.37
2026-08-13 08:40:00,4.75,4.76,4.75,4.76,38250.71
2026-08-13 08:45:00,4.76,4.76,4.74,4.74,28367.07
2026-08-13 08:50:00,4.74,4.75,4.74,4.75,102749.55
2026-08-13 08:55:00,4.75,4.76,4.75,4.76,3862.81
2026-08-13 09:00:00,4.76,4.78,4.76,4.77,18985.53
2026-08-13 09:05:00,4.77,4.78,4.76,4.77,90946.85
2026-08-13 09:10:00,4.77,4.78,4.75,4.77,184038.11
2026-08-13 09:15:00,4.77,4.79,4.76,4.79,27363.84
2026-08-13 09:20:00,4.79,4.8,4.76,4.79,341970.79
2026-08-13 09:25:00,4.79,4.8,4.79,4.79,63909.61
2026-08-13 09:30:00,4.79,4.8,4.78,4.8,154024.63
2026-08-13 09:35:00,4.8,4.81,4.79,4.81,30617.19
2026-08-13 09:40:00,4.81,4.81,4.81,4.81,9431.0
2026-08-13 09:45:00,4.81,4.81,4.79,4.81,24830.85
2026-08-13 09:50:00,4.81,4.82,4.8,4.82,72872.99
2026-08-13 09:55:00,4.82,4.83,4.81,4.81,154406.58
2026-08-13 10:00:00,4.81,4.82,4.81,4.82,19840.13
2026-08-13 10:05:00,4.82,4.82,4.81,4.82,43356.04
2026-08-13 10:10:00,4.82,4.83,4.82,4.82,4691.83
2026-08-13 10:15:00,4.82,4.82,4.81,4.81,18672.32
2026-08-13 10:20:00,4.81,4.82,4.8,4.82,91511.89
2026-08-13 10:25:00,4.82,4.82,4.81,4.82,822.01
2026-08-13 10:30:00,4.82,4.82,4.82,4.82,61368.02
2026-08-13 10:35:00,4.82,4.82,4.81,4.81,52189.1
2026-08-13 10:40:00,4.81,4.82,4.8,4.8,114571.67
2026-08-13 10:45:00,4.8,4.81,4.8,4.8,126709.76
2026-08-13 10:50:00,4.8,4.81,4.79,4.79,11858.83
2026-08-13 10:55:00,4.79,4.8,4.77,4.79,146641.86
2026-08-13 11:00:00,4.79,4.79,4.78,4.79,31227.35
2026-08-13 11:05:00,4.79,4.8,4.77,4.79,38848.34
2026-08-13 11:10:00,4.79,4.8,4.79,4.8,86100.39
2026-08-13 11:15:00,4.8,4.8,4.79,4.8,9600.42
2026-08-13 11:20:00,4.8,4.8,4.78,4.8,27390.99
2026-08-13 11:25:00,4.8,4.8,4.79,4.8,6778.5
2026-08-13 11:30:00,4.8,4.81,4.79,4.81,201872.2
2026-08-13 11:35:00,4.81,4.82,4.81,4.81,171928.55
2026-08-13 11:40:00,4.81,4.83,4.81,4.82,3043.09
2026-08-13 11:45:00,4.82,4.83,4.81,4.82,43151.06
2026-08-13 11:50:00,4.82,4.83,4.81,4.82,522650.08
2026-08-13 11:55:00,4.82,4.82,4.81,4.81,12845.58
2026-08-13 12:00:00,4.81,4.82,4.8,4.8,76360.57
2026-08-13 12:05:00,4.8,4.81,4.8,4.81,79353.18
2026-08-13 12:10:00,4.81,4.82,4.79,4.79,83672.51
2026-08-13 12:15:00,4.79,4.79,4.78,4.78,2060.68
2026-08-13 12:20:00,4.78,4.79,4.77,4.78,11400.67
2026-08-13 12:25:00,4.78,4.79,4.78,4.78,43492.02
2026-08-13 12:30:00,4.78,4.78,4.76,4.76,22918.54
2026-08-13 12:35:00,4.76,4.76,4.75,4.76,14216.31
2026-08-13 12:40:00,4.76,4.77,4.76,4.76,16773.82
2026-08-13 12:45:00,4.76,4.78,4.75,4.76,63447.53
2026-08-13 12:50:00,4.76,4.76,4.75,4.75,91497.3
2026-08-13 12:55:00,4.75,4.76,4.75,4.76,158418.52
2026-08-13 13:00:00,4.76,4.76,4.75,4.75,43652.79
2026-08-13 13:05:00,4.75,4.77,4.75,4.76,38004.24
2026-08-13 13:10:00,4.76,4.77,4.76,4.77,83773.02
2026-08-13 13:15:00,4.77,4.78,4.77,4.78,113383.87
2026-08-13 13:20:00,4.78,4.78,4.78,4.78,45654.41
2026-08-13 13:25:00,4.78,4.79,4.77,4.79,37203.14
2026-08-13 13:30:00,4.79,4.81,4.79,4.8,21436.48
2026-08-13 13:35:00,4.8,4.81,4.8,4.81,3227.82
2026-08-13 13:40:00,4.81,4.81,4.79,4.8,11247.04
2026-08-13 13:45:00,4.8,4.81,4.79,4.81,3694.54
2026-08-13 13:50:00,4.81,4.81,4.8,4.81,1085.58
2026-08-13 13:55:00,4.81,4.83,4.8,4.8,942090.95
2026-08-13 14:00:00,4.8,4.8,4.79,4.79,34573.69
2026-08-13 14:05:00,4.79,4.79,4.77,4.77,11761.6
2026-08-13 14:10:00,4.77,4.77,4.76,4.76,37561.92
2026-08-13 14:15:00,4.76,4.77,4.75,4.76,66651.74
2026-08-13 14:20:00,4.76,4.77,4.75,4.76,27889.64
2026-08-13 14:25:00,4.76,4.77,4.74,4.74,47852.39
2026-08-13 14:30:00,4.74,4.75,4.74,4.74,15649.53
2026-08-13 14:35:00,4.74,4.76,4.73,4.76,43299.08
2026-08-13 14:40:00,4.76,4.76,4.72,4.73,97780.43
2026-08-13 14:45:00,4.73,4.74,4.73,4.74,47716.33
2026-08-13 14:50:00,4.74,4.74,4.73,4.74,10475.31
2026-08-13 14:55:00,4.74,4.74,4.73,4.74,311436.04
2026-08-13 15:00:00,4.74,4.75,4.73,4.74,9027.6
2026-08-13 15:05:00,4.74,4.75,4.73,4.75,266054.66
2026-08-13 15:10:00,4.75,4.75,4.74,4.74,161016.58
2026-08-13 15:15:00,4.74,4.76,4.73,4.75,131384.44
2026-08-13 15:20:00,4.75,4.76,4.74,4.75,22598.32
2026-08-13 15:25:00,4.75,4.76,4.73,4.76,714507.16
2026-08-13 15:30:00,4.76,4.78,4.75,4.77,810.46
2026-08-13 15:35:00,4.77,4.77,4.74,4.75,3991.88
2026-08-13 15:40:00,4.75,4.75,4.75,4.75,12060.11
2026-08-13 15:45:00,4.75,4.76,4.73,4.73,65068.25
2026-08-13 15:50:00,4.73,4.75,4.71,4.74,1039537.61
2026-08-13 15:55:00,4.74,4.76,4.74,4.75,10932.7
2026-08-13 16:00:00,4.75,4.75,4.74,4.74,14885.8
2026-08-13 16:05:00,4.74,4.76,4.73,4.76,80704.04
2026-08-13 16:10:00,4.76,4.76,4.74,4.74,8010.2
2026-08-13 16:15:00,4.74,4.74,4.73,4.74,37210.89
2026-08-13 16:20:00,4.74,4.76,4.74,4.75,55141.97
2026-08-13 16:25:00,4.75,4.76,4.72,4.73,30395.69
2026-08-13 16:30:00,4.73,4.73,4.72,4.72,147057.13
2026-08-13 16:35:00,4.72,4.72,4.72,4.72,79011.76
2026-08-13 16:40:00,4.72,4.72,4.71,4.72,90073.75
2026-08-13 16:45:00,4.72,4.73,4.72,4.72,34314.55
2026-08-13 16:50:00,4.72,4.73,4.72,4.73,252051.55
2026-08-13 16:55:00,4.73,4.73,4.73,4.73,35496.09
2026-08-13 17:00:00,4.73,4.73,4.71,4.72,1058.08
2026-08-13 17:05:00,4.72,4.73,4.71,4.73,13635.18
2026-08-13 17:10:00,4.73,4.74,4.71,4.72,37007.19
2026-08-13 17:15:00,4.72,4.74,4.7,4.73,736140.01
2026-08-13 17:20:00,4.73,4.75,4.72,4.75,328486.31
2026-08-13 17:25:00,4.75,4.76,4.73,4.74,30525.04
2026-08-13 17:30:00,4.74,4.74,4.72,4.72,160292.13
2026-08-13 17:35:00,4.72,4.73,4.72,4.72,46863.18
2026-08-13 17:40:00,4.72,4.73,4.72,4.72,41790.35
2026-08-13 17:45:00,4.72,4.73,4.7,4.73,104182.29
2026-08-13 17:50:00,4.73,4.74,4.72,4.73,23811.46
2026-08-13 17:55:00,4.73,4.74,4.71,4.74,358964.33
2026-08-13 18:00:00,4.74,4.76,4.74,4.75,82478.88
2026-08-13 18:05:00,4.75,4.79,4.75,4.78,44196.89
2026-08-13 18:10:00,4.78,4.78,4.77,4.78,26872.43
2026-08-13 18:15:00,4.78,4.78,4.77,4.78,69321.19
2026-08-13 18:20:00,4.78,4.8,4.77,4.8,38244.97
2026-08-13 18:25:00,4.8,4.8,4.8,4.8,22200.23
2026-08-13 18:30:00,4.8,4.8,4.78,4.79,33059.58
2026-08-13 18:35:00,4.79,4.8,4.77,4.78,17835.06
2026-08-13 18:40:00,4.78,4.79,4.78,4.78,87500.37
2026-08-13 18:45:00,4.78,4.79,4.78,4.78,24935.23
2026-08-13 18:50:00,4.78,4.79,4.76,4.76,41185.38
2026-08-13 18:55:00,4.76,4.77,4.76,4.77,7629.91
2026-08-13 19:00:00,4.77,4.77,4.75,4.76,39405.38
2026-08-13 19:05:00,4.76,4.77,4.76,4.76,26675.06
2026-08-13 19:10:00,4.76,4.76,4.75,4.76,7637.27
2026-08-13 19:15:00,4.76,4.78,4.76,4.76,58366.14
2026-08-13 19:20:00,4.76,4.77,4.76,4.76,68458.85
2026-08-13 19:25:00,4.76,4.76,4.76,4.76,24533.23
2026-08-13 19:30:00,4.76,4.78,4.75,4.77,61096.63
2026-08-13 19:35:00,4.77,4.77,4.77,4.77,22900.65
2026-08-13 19:40:00,4.77,4.79,4.76,4.78,1611.65
2026-08-13 19:45:00,4.78,4.79,4.78,4.78,11177.62
2026-08-13 19:50:00,4.78,4.78,4.77,4.78,20971.15
2026-08-13 19:55:00,4.78,4.79,4.78,4.78,22199.99
2026-08-13 20:00:00,4.78,4.79,4.78,4.78,113135.92
2026-08-13 20:05:00,4.78,4.79,4.77,4.77,72932.78
2026-08-13 20:10:00,4.77,4.78,4.77,4.77,54585.57
2026-08-13 20:15:00,4.77,4.79,4.77,4.78,31124.01
2026-08-13 20:20:00,4.78,4.8,4.77,4.79,33462.13
2026-08-13 20:25:00,4.79,4.81,4.78,4.79,19302.01
2026-08-13 20:30:00,4.79,4.79,4.77,4.78,24572.58
2026-08-13 20:35:00,4.78,4.79,4.78,4.79,313963.33
2026-08-13 20:40:00,4.79,4.79,4.77,4.77,33457.8
2026-08-13 20:45:00,4.77,4.78,4.77,4.77,14968.52
2026-08-13 20:50:00,4.77,4.78,4.77,4.78,84896.42
2026-08-13 20:55:00,4.78,4.78,4.77,4.78,25250.01
2026-08-13 21:00:00,4.78,4.78,4.78,4.78,5172.56
2026-08-13 21:05:00,4.78,4.78,4.77,4.78,31834.73
2026-08-13 21:10:00,4.78,4.79,4.78,4.78,16793.42
2026-08-13 21:15:00,4.78,4.8,4.78,4.8,43444.64
2026-08-13 21:20:00,4.8,4.8,4.79,4.8,124853.32
2026-08-13 21:25:00,4.8,4.8,4.79,4.79,109438.06
2026-08-13 21:30:00,4.79,4.8,4.79,4.79,34035.1
2026-08-13 21:35:00,4.79,4.81,4.78,4.8,16281.11
2026-08-13 21:40:00,4.8,4.8,4.78,4.79,30645.65
2026-08-13 21:45:00,4.79,4.79,4.77,4.79,15067.17
2026-08-13 21:50:00,4.79,4.79,4.78,4.78,160976.34
2026-08-13 21:55:00,4.78,4.79,4.77,4.79,186620.13
2026-08-13 22:00:00,4.79,4.79,4.78,4.79,52444.59
2026-08-13 22:05:00,4.79,4.79,4.78,4.78,100818.56
2026-08-13 22:10:00,4.78,4.78,4.76,4.77,97789.8
2026-08-13 22:15:00,4.77,4.78,4.76,4.78,51445.29
2026-08-13 22:20:00,4.78,4.78,4.77,4.77,95869.31
2026-08-13 22:25:00,4.77,4.78,4.76,4.76,2650.51
2026-08-13 22:30:00,4.76,4.77,4.76,4.77,10336.75
2026-08-13 22:35:00,4.77,4.78,4.77,4.77,42694.03
2026-08-13 22:40:00,4.77,4.77,4.77,4.77,58644.11
2026-08-13 22:45:00,4.77,4.79,4.76,4.78,39890.31
2026-08-13 22:50:00,4.78,4.79,4.78,4.78,69052.02
2026-08-13 22:55:00,4.78,4.79,4.78,4.78,104292.86
2026-08-13 23:00:00,4.78,4.79,4.78,4.78,132388.05
2026-08-13 23:05:00,4.78,4.79,4.78,4.78,2379.63
2026-08-13 23:10:00,4.78,4.78,4.77,4.77,90954.55
2026-08-13 23:15:00,4.77,4.77,4.76,4.76,36430.89
2026-08-13 23:20:00,4.76,4.77,4.74,4.75,3127.41
2026-08-13 23:25:00,4.75,4.76,4.75,4.75,65613.02
2026-08-13 23:30:00,4.75,4.76,4.75,4.76,27497.33
2026-08-13 23:35:00,4.76,4.76,4.75,4.75,19185.25
2026-08-13 23:40:00,4.75,4.76,4.74,4.76,43552.35
2026-08-13 23:45:00,4.76,4.76,4.74,4.76,46936.33
2026-08-13 23:50:00,4.76,4.77,4.75,4.76,16805.99
2026-08-13 23:55:00,4.76,4.76,4.76,4.76,42.31
2026-08-14 00:00:00,4.76,4.77,4.74,4.77,21464.42
2026-08-14 00:05:00,4.77,4.77,4.76,4.77,6047.61
2026-08-14 00:10:00,4.77,4.77,4.75,4.75,91446.25
2026-08-14 00:15:00,4.75,4.76,4.74,4.76,80275.38
2026-08-14 00:20:00,4.76,4.77,4.76,4.77,23400.24
2026-08-14 00:25:00,4.77,4.77,4.76,4.76,69896.57
2026-08-14 00:30:00,4.76,4.76,4.74,4.75,34359.64
2026-08-14 00:35:00,4.75,4.76,4.75,4.76,9708.3
2026-08-14 00:40:00,4.76,4.77,4.74,4.76,17547.2
2026-08-14 00:45:00,4.76,4.77,4.76,4.77,7910.33
2026-08-14 00:50:00,4.77,4.79,4.77,4.79,15410.66
2026-08-14 00:55:00,4.79,4.8,4.78,4.78,125450.87
2026-08-14 01:00:00,4.78,4.79,4.77,4.77,16313.0
2026-08-14 01:05:00,4.77,4.78,4.76,4.78,79049.67
2026-08-14 01:10:00,4.78,4.78,4.77,4.77,15230.9
2026-08-14 01:15:00,4.77,4.79,4.77,4.78,57675.28
2026-08-14 01:20:00,4.78,4.78,4.77,4.77,165594.18
2026-08-14 01:25:00,4.77,4.78,4.76,4.77,1575.5
2026-08-14 01:30:00,4.77,4.77,4.76,4.76,21717.21
2026-08-14 01:35:00,4.76,4.77,4.74,4.77,117535.97
2026-08-14 01:40:00,4.77,4.78,4.76,4.77,49080.3
2026-08-14 01:45:00,4.77,4.78,4.77,4.78,10466.31
2026-08-14 01:50:00,4.78,4.78,4.77,4.77,91682.14
2026-08-14 01:55:00,4.77,4.78,4.77,4.78,6720.34
2026-08-14 02:00:00,4.78,4.78,4.74,4.75,38600.37
2026-08-14 02:05:00,4.75,4.76,4.73,4.76,88989.92
2026-08-14 02:10:00,4.76,4.77,4.76,4.77,100125.66
2026-08-14 02:15:00,4.77,4.78,4.77,4.78,23059.84
2026-08-14 02:20:00,4.78,4.79,4.77,4.78,9195.2
2026-08-14 02:25:00,4.78,4.79,4.78,4.78,18423.0
2026-08-14 02:30:00,4.78,4.8,4.77,4.78,19900.79
2026-08-14 02:35:00,4.78,4.79,4.78,4.78,143721.57
2026-08-14 02:40:00,4.78,4.79,4.78,4.79,13055.55
2026-08-14 02:45:00,4.79,4.79,4.78,4.79,98672.36
2026-08-14 02:50:00,4.79,4.81,4.77,4.78,62112.49
2026-08-14 02:55:00,4.78,4.79,4.78,4.78,27312.22
2026-08-14 03:00:00,4.78,4.78,4.78,4.78,151765.95
2026-08-14 03:05:00,4.78,4.78,4.77,4.78,25675.0
2026-08-14 03:10:00,4.78,4.78,4.76,4.77,120499.81
2026-08-14 03:15:00,4.77,4.78,4.75,4.76,694.39
2026-08-14 03:20:00,4.76,4.76,4.74,4.76,15543.47
2026-08-14 03:25:00,4.76,4.76,4.75,4.76,74996.37
2026-08-14 03:30:00,4.76,4.77,4.75,4.77,47961.5
2026-08-14 03:35:00,4.77,4.78,4.77,4.77,33455.01
2026-08-14 03:40:00,4.77,4.77,4.75,4.75,115058.1
2026-08-14 03:45:00,4.75,4.76,4.75,4.76,357721.32
2026-08-14 03:50:00,4.76,4.77,4.74,4.76,157240.32
2026-08-14 03:55:00,4.76,4.78,4.76,4.77,8137.4
2026-08-14 04:00:00,4.77,4.78,4.77,4.77,24339.3
2026-08-14 04:05:00,4.77,4.77,4.75,4.76,36217.47
2026-08-14 04:10:00,4.76,4.77,4.75,4.75,5607.35
2026-08-14 04:15:00,4.75,4.75,4.73,4.74,2954.02
2026-08-14 04:20:00,4.74,4.74,4.73,4.74,103273.35
2026-08-14 04:25:00,4.74,4.74,4.73,4.74,43392.77
2026-08-14 04:30:00,4.74,4.75,4.73,4.74,71212.0
2026-08-14 04:35:00,4.74,4.76,4.73,4.76,26825.78
2026-08-14 04:40:00,4.76,4.76,4.75,4.76,51563.6
2026-08-14 04:45:00,4.76,4.76,4.75,4.76,44441.74
2026-08-14 04:50:00,4.76,4.78,4.76,4.76,55174.74
2026-08-14 04:55:00,4.76,4.77,4.76,4.77,95163.37
2026-08-14 05:00:00,4.77,4.79,4.77,4.78,45544.2
2026-08-14 05:05:00,4.78,4.78,4.77,4.78,21507.26
2026-08-14 05:10:00,4.78,4.79,4.77,4.79,6617.02
2026-08-14 05:15:00,4.79,4.8,4.78,4.78,102663.71
2026-08-14 05:20:00,4.78,4.79,4.76,4.77,191081.96
2026-08-14 05:25:00,4.77,4.77,4.77,4.77,32209.14
2026-08-14 05:30:00,4.77,4.77,4.76,4.76,2221.18
2026-08-14 05:35:00,4.76,4.78,4.76,4.78,134360.65
2026-08-14 05:40:00,4.78,4.78,4.77,4.78,127450.15
2026-08-14 05:45:00,4.78,4.78,4.77,4.77,8904.21
2026-08-14 05:50:00,4.77,4.78,4.77,4.78,38388.22
2026-08-14 05:55:00,4.78,4.79,4.77,4.78,202326.28
2026-08-14 06:00:00,4.78,4.78,4.76,4.76,15444.07
2026-08-14 06:05:00,4.76,4.77,4.76,4.76,25603.15
2026-08-14 06:10:00,4.76,4.77,4.76,4.77,12786.93
2026-08-14 06:15:00,4.77,4.79,4.76,4.78,18285.85
2026-08-14 06:20:00,4.78,4.78,4.77,4.77,3603.27
2026-08-14 06:25:00,4.77,4.78,4.77,4.77,16849.03
2026-08-14 06:30:00,4.77,4.78,4.77,4.78,49256.4
2026-08-14 06:35:00,4.78,4.78,4.76,4.76,2340.88
2026-08-14 06:40:00,4.76,4.77,4.76,4.77,238143.19
2026-08-14 06:45:00,4.77,4.77,4.76,4.76,4307.53
2026-08-14 06:50:00,4.76,4.77,4.76,4.76,58447.2
2026-08-14 06:55:00,4.76,4.77,4.76,4.76,30975.75
2026-08-14 07:00:00,4.76,4.77,4.76,4.76,52141.33
2026-08-14 07:05:00,4.76,4.77,4.76,4.77,32270.74
2026-08-14 07:10:00,4.77,4.79,4.77,4.78,80451.74
2026-08-14 07:15:00,4.78,4.79,4.77,4.78,173097.44
2026-08-14 07:20:00,4.78,4.78,4.77,4.78,32669.86
2026-08-14 07:25:00,4.78,4.78,4.76,4.77,16150.93
2026-08-14 07:30:00,4.77,4.77,4.75,4.76,1885.16
2026-08-14 07:35:00,4.76,4.76,4.75,4.76,17062.78
2026-08-14 07:40:00,4.76,4.77,4.75,4.76,126539.44
2026-08-14 07:45:00,4.76,4.78,4.76,4.77,23173.08
2026-08-14 07:50:00,4.77,4.78,4.77,4.78,80732.85
2026-08-14 07:55:00,4.78,4.79,4.77,4.79,74116.6
2026-08-14 08:00:00,4.79,4.8,4.78,4.79,156072.25
2026-08-14 08:05:00,4.79,4.79,4.78,4.78,59058.01
2026-08-14 08:10:00,4.78,4.79,4.76,4.77,40772.87
2026-08-14 08:15:00,4.77,4.77,4.76,4.77,14041.59
2026-08-14 08:20:00,4.77,4.78,4.76,4.77,6980.54
2026-08-14 08:25:00,4.77,4.77,4.76,4.76,33111.61
2026-08-14 08:30:00,4.76,4.76,4.75,4.76,42936.26
2026-08-14 08:35:00,4.76,4.76,4.75,4.75,20299.33
2026-08-14 08:40:00,4.75,4.76,4.74,4.74,22876.39
2026-08-14 08:45:00,4.74,4.75,4.73,4.74,61687.9
2026-08-14 08:50:00,4.74,4.75,4.73,4.73,51981.2
2026-08-14 08:55:00,4.73,4.74,4.73,4.73,17150.17
2026-08-14 09:00:00,4.73,4.73,4.71,4.71,1006.7
2026-08-14 09:05:00,4.71,4.72,4.7,4.71,11201.34
2026-08-14 09:10:00,4.71,4.73,4.7,4.73,54452.05
2026-08-14 09:15:00,4.73,4.73,4.72,4.72,5587.75
2026-08-14 09:20:00,4.72,4.73,4.72,4.72,90193.25
2026-08-14 09:25:00,4.72,4.74,4.7,4.73,125307.93
2026-08-14 09:30:00,4.73,4.73,4.72,4.72,27520.22
2026-08-14 09:35:00,4.72,4.73,4.72,4.73,27578.73
2026-08-14 09:40:00,4.73,4.73,4.72,4.72,5314.12
2026-08-14 09:45:00,4.72,4.74,4.72,4.73,42763.35
2026-08-14 09:50:00,4.73,4.74,4.72,4.73,93824.6
2026-08-14 09:55:00,4.73,4.74,4.71,4.74,86511.34
2026-08-14 10:00:00,4.74,4.74,4.73,4.73,50754.34
2026-08-14 10:05:00,4.73,4.75,4.72,4.72,8404.91
2026-08-14 10:10:00,4.72,4.73,4.72,4.72,91748.18
2026-08-14 10:15:00,4.72,4.73,4.7,4.72,37291.29
2026-08-14 10:20:00,4.72,4.74,4.71,4.73,124271.92
2026-08-14 10:25:00,4.73,4.75,4.72,4.75,11855.38
2026-08-14 10:30:00,4.75,4.75,4.74,4.74,141755.74
2026-08-14 10:35:00,4.74,4.75,4.74,4.75,3962.77
2026-08-14 10:40:00,4.75,4.75,4.72,4.72,60723.74
2026-08-14 10:45:00,4.72,4.73,4.71,4.73,4912.62
2026-08-14 10:50:00,4.73,4.73,4.73,4.73,35831.84
2026-08-14 10:55:00,4.73,4.74,4.71,4.72,164124.19
2026-08-14 11:00:00,4.72,4.72,4.71,4.72,316.95
2026-08-14 11:05:00,4.72,4.73,4.71,4.72,15474.65
2026-08-14 11:10:00,4.72,4.74,4.71,4.73,71359.55
2026-08-14 11:15:00,4.73,4.74,4.72,4.74,21414.55
2026-08-14 11:20:00,4.74,4.74,4.71,4.71,47237.86
2026-08-14 11:25:00,4.71,4.72,4.71,4.71,17847.17
2026-08-14 11:30:00,4.71,4.72,4.71,4.72,39623.72
2026-08-14 11:35:00,4.72,4.72,4.72,4.72,109175.06
2026-08-14 11:40:00,4.72,4.73,4.7,4.72,35124.13
2026-08-14 11:45:00,4.72,4.73,4.71,4.72,25598.09
2026-08-14 11:50:00,4.72,4.72,4.71,4.71,80771.2
2026-08-14 11:55:00,4.71,4.72,4.71,4.71,17108.73
2026-08-14 12:00:00,4.71,4.71,4.7,4.7,5980.69
2026-08-14 12:05:00,4.7,4.71,4.68,4.69,71308.29
2026-08-14 12:10:00,4.69,4.7,4.68,4.7,1404732.07
2026-08-14 12:15:00,4.7,4.71,4.69,4.71,53819.43
2026-08-14 12:20:00,4.71,4.71,4.69,4.69,87298.4
2026-08-14 12:25:00,4.69,4.7,4.69,4.7,102005.06
2026-08-14 12:30:00,4.7,4.7,4.68,4.69,128648.38
2026-08-14 12:35:00,4.69,4.69,4.68,4.69,22017.87
2026-08-14 12:40:00,4.69,4.71,4.68,4.7,9502.81
2026-08-14 12:45:00,4.7,4.71,4.7,4.71,52471.08
2026-08-14 12:50:00,4.71,4.72,4.69,4.72,393532.39
2026-08-14 12:55:00,4.72,4.73,4.7,4.72,53961.86
2026-08-14 13:00:00,4.72,4.72,4.72,4.72,11564.81
2026-08-14 13:05:00,4.72,4.72,4.71,4.72,18968.42
2026-08-14 13:10:00,4.72,4.73,4.7,4.72,31171.41
2026-08-14 13:15:00,4.72,4.73,4.72,4.73,22708.55
2026-08-14 13:20:00,4.73,4.74,4.73,4.74,1183.56
2026-08-14 13:25:00,4.74,4.75,4.72,4.72,57635.4
2026-08-14 13:30:00,4.72,4.72,4.7,4.7,13135.49
2026-08-14 13:35:00,4.7,4.71,4.7,4.71,5425.48
2026-08-14 13:40:00,4.71,4.73,4.71,4.72,39005.87
2026-08-14 13:45:00,4.72,4.73,4.72,4.73,137702.34
2026-08-14 13:50:00,4.73,4.74,4.72,4.74,22927.43
2026-08-14 13:55:00,4.74,4.75,4.73,4.74,5372.12
2026-08-14 14:00:00,4.74,4.75,4.74,4.74,42784.46
2026-08-14 14:05:00,4.74,4.75,4.73,4.74,23772.52
2026-08-14 14:10:00,4.74,4.75,4.74,4.75,165016.8
2026-08-14 14:15:00,4.75,4.75,4.74,4.75,76677.43
2026-08-14 14:20:00,4.75,4.76,4.74,4.74,94523.11
2026-08-14 14:25:00,4.74,4.76,4.74,4.75,14958.19
2026-08-14 14:30:00,4.75,4.76,4.74,4.74,198937.08
2026-08-14 14:35:00,4.74,4.75,4.74,4.75,44723.63
2026-08-14 14:40:00,4.75,4.75,4.73,4.73,59702.34
2026-08-14 14:45:00,4.73,4.74,4.7,4.71,29655.35
2026-08-14 14:50:00,4.71,4.73,4.7,4.72,601302.83
2026-08-14 14:55:00,4.72,4.73,4.72,4.72,154004.43
2026-08-14 15:00:00,4.72,4.73,4.72,4.73,121683.64
2026-08-14 15:05:00,4.73,4.73,4.72,4.72,27435.9
2026-08-14 15:10:00,4.72,4.73,4.72,4.72,99025.74
2026-08-14 15:15:00,4.72,4.72,4.71,4.71,5511.32
2026-08-14 15:20:00,4.71,4.72,4.71,4.72,51669.54
2026-08-14 15:25:00,4.72,4.72,4.69,4.71,124306.97
2026-08-14 15:30:00,4.71,4.72,4.71,4.71,26441.9
2026-08-14 15:35:00,4.71,4.71,4.7,4.71,53532.96
2026-08-14 15:40:00,4.71,4.71,4.7,4.71,48999.67
2026-08-14 15:45:00,4.71,4.71,4.68,4.69,78280.81
2026-08-14 15:50:00,4.69,4.7,4.68,4.7,4736.37
2026-08-14 15:55:00,4.7,4.7,4.7,4.7,5182.79
2026-08-14 16:00:00,4.7,4.71,4.68,4.7,218325.95
2026-08-14 16:05:00,4.7,4.72,4.7,4.72,8013.61
2026-08-14 16:10:00,4.72,4.72,4.72,4.72,27647.87
2026-08-14 16:15:00,4.72,4.72,4.69,4.71,66892.83
2026-08-14 16:20:00,4.71,4.71,4.7,4.71,38573.64
2026-08-14 16:25:00,4.71,4.72,4.71,4.72,5267.29
2026-08-14 16:30:00,4.72,4.72,4.72,4.72,46979.95
2026-08-14 16:35:00,4.72,4.72,4.71,4.72,3755.4
2026-08-14 16:40:00,4.72,4.73,4.71,4.72,64396.82
2026-08-14 16:45:00,4.72,4.73,4.72,4.72,2866.53
2026-08-14 16:50:00,4.72,4.73,4.7,4.7,53973.64
2026-08-14 16:55:00,4.7,4.7,4.7,4.7,1201.58
2026-08-14 17:00:00,4.7,4.71,4.7,4.7,60486.16
2026-08-14 17:05:00,4.7,4.71,4.7,4.7,101146.93
2026-08-14 17:10:00,4.7,4.71,4.69,4.71,17356.4
2026-08-14 17:15:00,4.71,4.71,4.7,4.71,990.83
2026-08-14 17:20:00,4.71,4.71,4.7,4.71,41526.97
2026-08-14 17:25:00,4.71,4.72,4.7,4.72,179025.6
2026-08-14 17:30:00,4.72,4.73,4.72,4.72,98619.43
2026-08-14 17:35:00,4.72,4.73,4.72,4.72,128227.26
2026-08-14 17:40:00,4.72,4.74,4.71,4.73,30272.95
2026-08-14 17:45:00,4.73,4.74,4.73,4.74,85551.64
2026-08-14 17:50:00,4.74,4.74,4.73,4.74,12523.06
2026-08-14 17:55:00,4.74,4.75,4.74,4.75,19866.12
2026-08-14 18:00:00,4.75,4.76,4.74,4.76,225524.33
2026-08-14 18:05:00,4.76,4.77,4.76,4.76,8737.52
2026-08-14 18:10:00,4.76,4.79,4.76,4.78,96913.68
2026-08-14 18:15:00,4.78,4.78,4.77,4.77,69762.52
2026-08-14 18:20:00,4.77,4.77,4.76,4.76,176943.49
2026-08-14 18:25:00,4.76,4.76,4.75,4.76,54591.3
2026-08-14 18:30:00,4.76,4.78,4.75,4.75,21710.97
2026-08-14 18:35:00,4.75,4.76,4.75,4.76,19218.82
2026-08-14 18:40:00,4.76,4.77,4.75,4.77,44800.22
2026-08-14 18:45:00,4.77,4.78,4.76,4.77,22800.46
2026-08-14 18:50:00,4.77,4.78,4.76,4.78,3452.73
2026-08-14 18:55:00,4.78,4.79,4.78,4.78,37827.82
2026-08-14 19:00:00,4.78,4.8,4.77,4.77,133738.53
2026-08-14 19:05:00,4.77,4.78,4.76,4.76,68017.63
2026-08-14 19:10:00,4.76,4.77,4.76,4.76,3051.34
2026-08-14 19:15:00,4.76,4.77,4.73,4.74,46666.22
2026-08-14 19:20:00,4.74,4.76,4.73,4.73,286559.77
2026-08-14 19:25:00,4.73,4.75,4.73,4.74,90382.86
2026-08-14 19:30:00,4.74,4.75,4.74,4.74,59608.63
2026-08-14 19:35:00,4.74,4.75,4.74,4.74,122099.19
2026-08-14 19:40:00,4.74,4.75,4.74,4.75,1025.18
2026-08-14 19:45:00,4.75,4.75,4.75,4.75,59350.25
2026-08-14 19:50:00,4.75,4.75,4.74,4.74,39925.54
2026-08-14 19:55:00,4.74,4.74,4.73,4.73,15541.42
2026-08-14 20:00:00,4.73,4.74,4.73,4.74,2624.54
2026-08-14 20:05:00,4.74,4.74,4.74,4.74,19404.77
2026-08-14 20:10:00,4.74,4.75,4.74,4.74,32820.4
2026-08-14 20:15:00,4.74,4.75,4.74,4.74,14346.04
2026-08-14 20:20:00,4.74,4.75,4.73,4.75,67060.19
2026-08-14 20:25:00,4.75,4.75,4.74,4.74,113542.69
2026-08-14 20:30:00,4.74,4.75,4.73,4.74,15783.95
2026-08-14 20:35:00,4.74,4.74,4.74,4.74,52920.72
2026-08-14 20:40:00,4.74,4.74,4.74,4.74,34786.78
2026-08-14 20:45:00,4.74,4.75,4.74,4.75,99853.29
2026-08-14 20:50:00,4.75,4.75,4.74,4.75,65340.87
2026-08-14 20:55:00,4.75,4.75,4.73,4.74,126184.99
2026-08-14 21:00:00,4.74,4.75,4.73,4.74,20358.27
2026-08-14 21:05:00,4.74,4.75,4.73,4.74,8391.15
2026-08-14 21:10:00,4.74,4.74,4.73,4.73,48919.42
2026-08-14 21:15:00,4.73,4.74,4.73,4.73,21504.17
2026-08-14 21:20:00,4.73,4.74,4.72,4.73,21803.31
2026-08-14 21:25:00,4.73,4.73,4.72,4.73,17798.91
2026-08-14 21:30:00,4.73,4.73,4.72,4.72,761.09
2026-08-14 21:35:00,4.72,4.73,4.72,4.72,80722.39
2026-08-14 21:40:00,4.72,4.73,4.71,4.71,31657.8
2026-08-14 21:45:00,4.71,4.72,4.7,4.7,73857.64
2026-08-14 21:50:00,4.7,4.7,4.69,4.69,15160.06
2026-08-14 21:55:00,4.69,4.7,4.68,4.7,248093.36
2026-08-14 22:00:00,4.7,4.71,4.7,4.7,79585.02
2026-08-14 22:05:00,4.7,4.71,4.7,4.7,58491.87
2026-08-14 22:10:00,4.7,4.7,4.69,4.7,19362.05
2026-08-14 22:15:00,4.7,4.71,4.7,4.71,48569.63
2026-08-14 22:20:00,4.71,4.71,4.7,4.71,3198.86
2026-08-14 22:25:00,4.71,4.71,4.71,4.71,52105.22
2026-08-14 22:30:00,4.71,4.72,4.71,4.72,57593.0
2026-08-14 22:35:00,4.72,4.73,4.71,4.73,13880.96
2026-08-14 22:40:00,4.73,4.73,4.71,4.72,116717.22
2026-08-14 22:45:00,4.72,4.72,4.71,4.72,17873.97
2026-08-14 22:50:00,4.72,4.72,4.7,4.7,2158.16
2026-08-14 22:55:00,4.7,4.71,4.7,4.7,89288.51
2026-08-14 23:00:00,4.7,4.71,4.7,4.7,17011.63
2026-08-14 23:05:00,4.7,4.71,4.69,4.7,4995.35
2026-08-14 23:10:00,4.7,4.7,4.69,4.69,5256.53
2026-08-14 23:15:00,4.69,4.7,4.68,4.69,8254.71
2026-08-14 23:20:00,4.69,4.69,4.68,4.68,3841.42
2026-08-14 23:25:00,4.68,4.7,4.68,4.69,11900.02
2026-08-14 23:30:00,4.69,4.69,4.67,4.68,44535.37
2026-08-14 23:35:00,4.68,4.68,4.66,4.67,45477.23
2026-08-14 23:40:00,4.67,4.68,4.67,4.67,5746.73
2026-08-14 23:45:00,4.67,4.68,4.66,4.67,23792.55
2026-08-14 23:50:00,4.67,4.67,4.66,4.67,3153.84
2026-08-14 23:55:00,4.67,4.67,4.67,4.67,345409.7
2026-08-15 00:00:00,4.67,4.67,4.65,4.65,254714.49
2026-08-15 00:05:00,4.65,4.66,4.64,4.66,80222.25
2026-08-15 00:10:00,4.66,4.67,4.64,4.66,28536.58
2026-08-15 00:15:00,4.66,4.68,4.65,4.68,119648.15
2026-08-15 00:20:00,4.68,4.68,4.66,4.67,103192.87
2026-08-15 00:25:00,4.67,4.68,4.66,4.67,36758.32
2026-08-15 00:30:00,4.67,4.68,4.65,4.68,209063.95
2026-08-15 00:35:00,4.68,4.69,4.68,4.69,9539.21
2026-08-15 00:40:00,4.69,4.69,4.68,4.68,186389.54
2026-08-15 00:45:00,4.68,4.69,4.68,4.68,36871.86
2026-08-15 00:50:00,4.68,4.68,4.67,4.67,9251.45
2026-08-15 00:55:00,4.67,4.69,4.65,4.69,230517.88
2026-08-15 01:00:00,4.69,4.69,4.67,4.68,21729.89
2026-08-15 01:05:00,4.68,4.69,4.66,4.69,400460.97
2026-08-15 01:10:00,4.69,4.69,4.67,4.67,175185.71
2026-08-15 01:15:00,4.67,4.68,4.65,4.68,228761.31
2026-08-15 01:20:00,4.68,4.68,4.66,4.68,98668.75
2026-08-15 01:25:00,4.68,4.7,4.68,4.69,14458.96
2026-08-15 01:30:00,4.69,4.7,4.68,4.7,47012.46
2026-08-15 01:35:00,4.7,4.7,4.68,4.69,76823.08
2026-08-15 01:40:00,4.69,4.69,4.68,4.68,44350.47
2026-08-15 01:45:00,4.68,4.69,4.66,4.66,253.61
2026-08-15 01:50:00,4.66,4.67,4.65,4.65,59256.96
2026-08-15 01:55:00,4.65,4.66,4.63,4.64,5202.43
2026-08-15 02:00:00,4.64,4.65,4.63,4.64,35444.77
2026-08-15 02:05:00,4.64,4.65,4.64,4.64,16049.53
2026-08-15 02:10:00,4.64,4.65,4.62,4.63,6215.06
2026-08-15 02:15:00,4.63,4.65,4.62,4.65,57923.08
2026-08-15 02:20:00,4.65,4.65,4.64,4.64,2296.71
2026-08-15 02:25:00,4.64,4.66,4.64,4.65,21907.03
2026-08-15 02:30:00,4.65,4.66,4.65,4.65,2807.22
2026-08-15 02:35:00,4.65,4.66,4.64,4.66,115438.25
2026-08-15 02:40:00,4.66,4.66,4.65,4.65,47133.12
2026-08-15 02:45:00,4.65,4.67,4.63,4.66,31525.03
2026-08-15 02:50:00,4.66,4.68,4.65,4.67,76299.01
2026-08-15 02:55:00,4.67,4.69,4.67,4.68,137135.03
2026-08-15 03:00:00,4.68,4.69,4.68,4.68,14936.19
2026-08-15 03:05:00,4.68,4.7,4.68,4.69,122858.31
2026-08-15 03:10:00,4.69,4.69,4.67,4.68,39104.51
2026-08-15 03:15:00,4.68,4.68,4.67,4.68,20328.88
2026-08-15 03:20:00,4.68,4.69,4.67,4.67,3124.95
2026-08-15 03:25:00,4.67,4.68,4.67,4.68,17763.72
2026-08-15 03:30:00,4.68,4.68,4.67,4.68,43084.81
2026-08-15 03:35:00,4.68,4.69,4.68,4.69,25246.56
2026-08-15 03:40:00,4.69,4.7,4.68,4.7,1996.18
2026-08-15 03:45:00,4.7,4.71,4.68,4.68,967494.18
2026-08-15 03:50:00,4.68,4.69,4.68,4.69,15577.04
2026-08-15 03:55:00,4.69,4.7,4.69,4.69,16138.59
2026-08-15 04:00:00,4.69,4.71,4.68,4.68,9038.99
2026-08-15 04:05:00,4.68,4.69,4.68,4.68,4729.61
2026-08-15 04:10:00,4.68,4.69,4.67,4.69,225975.12
2026-08-15 04:15:00,4.69,4.7,4.68,4.69,42558.36
2026-08-15 04:20:00,4.69,4.7,4.69,4.69,330273.72
2026-08-15 04:25:00,4.69,4.7,4.68,4.68,30347.51
2026-08-15 04:30:00,4.68,4.68,4.67,4.67,12941.37
2026-08-15 04:35:00,4.67,4.67,4.67,4.67,75262.47
2026-08-15 04:40:00,4.67,4.67,4.66,4.66,90933.46
2026-08-15 04:45:00,4.66,4.69,4.66,4.68,30700.26
2026-08-15 04:50:00,4.68,4.69,4.67,4.67,64995.0
2026-08-15 04:55:00,4.67,4.68,4.67,4.68,3617.79
2026-08-15 05:00:00,4.68,4.68,4.66,4.66,38842.94
2026-08-15 05:05:00,4.66,4.67,4.66,4.66,9606.45
2026-08-15 05:10:00,4.66,4.67,4.65,4.65,11278.1
2026-08-15 05:15:00,4.65,4.66,4.65,4.66,49398.82
2026-08-15 05:20:00,4.66,4.66,4.64,4.65,1909.68
2026-08-15 05:25:00,4.65,4.65,4.63,4.63,4285.82
2026-08-15 05:30:00,4.63,4.64,4.63,4.64,45085.5
2026-08-15 05:35:00,4.64,4.64,4.63,4.63,61577.71
2026-08-15 05:40:00,4.63,4.64,4.63,4.64,70952.69
2026-08-15 05:45:00,4.64,4.64,4.62,4.62,39133.54
2026-08-15 05:50:00,4.62,4.62,4.61,4.62,8909.66
2026-08-15 05:55:00,4.62,4.63,4.6,4.63,568999.99
2026-08-15 06:00:00,4.63,4.64,4.61,4.63,180111.81
2026-08-15 06:05:00,4.63,4.64,4.63,4.63,11949.05
2026-08-15 06:10:00,4.63,4.63,4.62,4.62,37256.53
2026-08-15 06:15:00,4.62,4.62,4.6,4.61,30862.56
2026-08-15 06:20:00,4.61,4.62,4.61,4.62,1887.32
2026-08-15 06:25:00,4.62,4.63,4.62,4.63,77316.14
2026-08-15 06:30:00,4.63,4.64,4.61,4.64,296088.36
2026-08-15 06:35:00,4.64,4.65,4.62,4.62,27758.77
2026-08-15 06:40:00,4.62,4.63,4.61,4.62,10648.33
2026-08-15 06:45:00,4.62,4.63,4.62,4.63,20238.48
2026-08-15 06:50:00,4.63,4.64,4.62,4.63,77650.89
2026-08-15 06:55:00,4.63,4.63,4.6,4.61,31543.36
2026-08-15 07:00:00,4.61,4.62,4.61,4.61,84714.4
2026-08-15 07:05:00,4.61,4.62,4.6,4.62,27766.27
2026-08-15 07:10:00,4.62,4.63,4.61,4.62,40012.41
2026-08-15 07:15:00,4.62,4.62,4.61,4.61,23495.43
2026-08-15 07:20:00,4.61,4.63,4.59,4.62,292643.54
2026-08-15 07:25:00,4.62,4.62,4.61,4.62,192.51
2026-08-15 07:30:00,4.62,4.64,4.61,4.63,19957.87
2026-08-15 07:35:00,4.63,4.64,4.63,4.64,23470.44
2026-08-15 07:40:00,4.64,4.64,4.63,4.63,21959.99
2026-08-15 07:45:00,4.63,4.64,4.62,4.62,11025.88
2026-08-15 07:50:00,4.62,4.63,4.62,4.63,98453.59
2026-08-15 07:55:00,4.63,4.63,4.63,4.63,1286.93
2026-08-15 08:00:00,4.63,4.63,4.62,4.62,17387.55
2026-08-15 08:05:00,4.62,4.62,4.6,4.61,15104.9
2026-08-15 08:10:00,4.61,4.62,4.59,4.62,381674.64
2026-08-15 08:15:00,4.62,4.63,4.61,4.62,36764.85
2026-08-15 08:20:00,4.62,4.62,4.61,4.61,880.6
2026-08-15 08:25:00,4.61,4.62,4.61,4.61,19864.26
2026-08-15 08:30:00,4.61,4.62,4.61,4.61,1376.67
2026-08-15 08:35:00,4.61,4.63,4.6,4.63,58437.77
2026-08-15 08:40:00,4.63,4.63,4.61,4.61,27781.12
2026-08-15 08:45:00,4.61,4.63,4.61,4.62,107879.55
2026-08-15 08:50:00,4.62,4.63,4.62,4.62,1784.5
2026-08-15 08:55:00,4.62,4.63,4.61,4.62,8687.63
2026-08-15 09:00:00,4.62,4.62,4.61,4.62,28865.46
2026-08-15 09:05:00,4.62,4.62,4.6,4.6,63047.53
2026-08-15 09:10:00,4.6,4.62,4.59,4.61,47168.45
2026-08-15 09:15:00,4.61,4.63,4.6,4.62,148058.8
2026-08-15 09:20:00,4.62,4.64,4.62,4.63,291846.26
2026-08-15 09:25:00,4.63,4.63,4.62,4.62,26465.0
2026-08-15 09:30:00,4.62,4.63,4.61,4.62,26100.25
2026-08-15 09:35:00,4.62,4.63,4.61,4.63,6283.25
2026-08-15 09:40:00,4.63,4.63,4.61,4.62,19111.81
2026-08-15 09:45:00,4.62,4.62,4.6,4.61,51286.12
2026-08-15 09:50:00,4.61,4.62,4.6,4.61,93084.64
2026-08-15 09:55:00,4.61,4.62,4.61,4.62,104559.96
2026-08-15 10:00:00,4.62,4.63,4.62,4.63,63797.81
2026-08-15 10:05:00,4.63,4.63,4.61,4.61,121619.73
2026-08-15 10:10:00,4.61,4.63,4.61,4.62,5029.38
2026-08-15 10:15:00,4.62,4.64,4.6,4.63,164499.97
2026-08-15 10:20:00,4.63,4.64,4.62,4.62,17977.51
2026-08-15 10:25:00,4.62,4.63,4.62,4.62,20197.11
2026-08-15 10:30:00,4.62,4.62,4.62,4.62,2527.04
2026-08-15 10:35:00,4.62,4.62,4.61,4.62,9828.87
2026-08-15 10:40:00,4.62,4.62,4.62,4.62,127852.59
2026-08-15 10:45:00,4.62,4.62,4.59,4.6,93355.26
2026-08-15 10:50:00,4.6,4.6,4.59,4.6,50169.37
2026-08-15 10:55:00,4.6,4.61,4.58,4.6,848374.96
2026-08-15 11:00:00,4.6,4.61,4.59,4.59,19180.5
2026-08-15 11:05:00,4.59,4.6,4.58,4.6,16356.46
2026-08-15 11:10:00,4.6,4.61,4.59,4.61,625197.31
2026-08-15 11:15:00,4.61,4.61,4.6,4.6,45173.17
2026-08-15 11:20:00,4.6,4.61,4.6,4.6,92637.16
2026-08-15 11:25:00,4.6,4.61,4.58,4.6,208993.55
2026-08-15 11:30:00,4.6,4.62,4.59,4.61,274039.6
2026-08-15 11:35:00,4.61,4.62,4.6,4.61,49036.31
2026-08-15 11:40:00,4.61,4.61,4.6,4.61,22325.72
2026-08-15 11:45:00,4.61,4.62,4.6,4.61,66517.06
2026-08-15 11:50:00,4.61,4.61,4.6,4.6,25007.11
2026-08-15 11:55:00,4.6,4.61,4.58,4.58,94255.01
2026-08-15 12:00:00,4.58,4.59,4.57,4.57,173532.05
2026-08-15 12:05:00,4.57,4.59,4.56,4.59,24449.88
2026-08-15 12:10:00,4.59,4.59,4.58,4.58,53213.86
2026-08-15 12:15:00,4.58,4.59,4.58,4.58,109475.07
2026-08-15 12:20:00,4.58,4.59,4.56,4.59,145873.81
2026-08-15 12:25:00,4.59,4.6,4.59,4.59,3652.28
2026-08-15 12:30:00,4.59,4.6,4.58,4.6,10362.13
2026-08-15 12:35:00,4.6,4.6,4.59,4.6,12606.51
2026-08-15 12:40:00,4.6,4.61,4.59,4.59,36751.19
2026-08-15 12:45:00,4.59,4.6,4.58,4.59,120343.73
2026-08-15 12:50:00,4.59,4.59,4.57,4.59,91749.74
2026-08-15 12:55:00,4.59,4.6,4.59,4.59,91709.19
2026-08-15 13:00:00,4.59,4.61,4.58,4.61,399518.11
2026-08-15 13:05:00,4.61,4.61,4.59,4.59,60506.89
2026-08-15 13:10:00,4.59,4.61,4.59,4.59,2301.08
2026-08-15 13:15:00,4.59,4.6,4.59,4.6,52555.6
2026-08-15 13:20:00,4.6,4.61,4.58,4.59,57269.6
2026-08-15 13:25:00,4.59,4.6,4.57,4.6,146170.61
2026-08-15 13:30:00,4.6,4.61,4.59,4.6,50453.72
2026-08-15 13:35:00,4.6,4.61,4.6,4.6,31622.68
2026-08-15 13:40:00,4.6,4.6,4.59,4.59,94009.83
2026-08-15 13:45:00,4.59,4.6,4.59,4.6,114239.42
2026-08-15 13:50:00,4.6,4.61,4.58,4.61,226130.42
2026-08-15 13:55:00,4.61,4.61,4.6,4.61,50237.65
2026-08-15 14:00:00,4.61,4.61,4.59,4.61,53964.53
2026-08-15 14:05:00,4.61,4.61,4.59,4.59,4815.64
2026-08-15 14:10:00,4.59,4.59,4.58,4.59,88173.54
2026-08-15 14:15:00,4.59,4.6,4.59,4.59,25695.98
2026-08-15 14:20:00,4.59,4.61,4.59,4.6,55451.66
2026-08-15 14:25:00,4.6,4.61,4.59,4.59,33590.76
2026-08-15 14:30:00,4.59,4.6,4.59,4.59,394095.69
2026-08-15 14:35:00,4.59,4.6,4.59,4.6,89569.55
2026-08-15 14:40:00,4.6,4.6,4.6,4.6,2184.22
2026-08-15 14:45:00,4.6,4.6,4.59,4.6,126742.73
2026-08-15 14:50:00,4.6,4.6,4.59,4.59,18735.14
2026-08-15 14:55:00,4.59,4.6,4.58,4.6,534884.23
2026-08-15 15:00:00,4.6,4.6,4.59,4.59,27890.35
2026-08-15 15:05:00,4.59,4.6,4.59,4.59,8202.84
2026-08-15 15:10:00,4.59,4.59,4.58,4.59,24873.53
2026-08-15 15:15:00,4.59,4.6,4.59,4.59,12813.43
2026-08-15 15:20:00,4.59,4.61,4.59,4.6,24423.56
2026-08-15 15:25:00,4.6,4.6,4.59,4.6,32834.86
2026-08-15 15:30:00,4.6,4.61,4.59,4.61,99683.11
2026-08-15 15:35:00,4.61,4.61,4.6,4.61,13228.82
2026-08-15 15:40:00,4.61,4.61,4.6,4.6,373158.12
2026-08-15 15:45:00,4.6,4.6,4.59,4.59,109838.06
2026-08-15 15:50:00,4.59,4.61,4.59,4.6,167015.79
2026-08-15 15:55:00,4.6,4.62,4.6,4.61,45583.65
2026-08-15 16:00:00,4.61,4.63,4.6,4.6,364642.98
2026-08-15 16:05:00,4.6,4.61,4.6,4.61,1921.98
2026-08-15 16:10:00,4.61,4.61,4.6,4.61,83412.59
2026-08-15 16:15:00,4.61,4.62,4.59,4.6,392259.58
2026-08-15 16:20:00,4.6,4.61,4.59,4.6,15186.83
2026-08-15 16:25:00,4.6,4.62,4.6,4.6,302115.28
2026-08-15 16:30:00,4.6,4.6,4.59,4.6,30228.77
2026-08-15 16:35:00,4.6,4.6,4.59,4.6,17357.46
2026-08-15 16:40:00,4.6,4.61,4.59,4.61,64966.74
2026-08-15 16:45:00,4.61,4.61,4.58,4.59,23729.28
2026-08-15 16:50:00,4.59,4.6,4.58,4.59,39826.78
2026-08-15 16:55:00,4.59,4.59,4.59,4.59,10855.59
2026-08-15 17:00:00,4.59,4.6,4.59,4.6,112070.45
2026-08-15 17:05:00,4.6,4.6,4.59,4.6,30464.43
2026-08-15 17:10:00,4.6,4.6,4.58,4.58,39389.18
2026-08-15 17:15:00,4.58,4.59,4.58,4.59,68870.19
2026-08-15 17:20:00,4.59,4.6,4.59,4.59,11117.92
2026-08-15 17:25:00,4.59,4.59,4.58,4.59,38466.89
2026-08-15 17:30:00,4.59,4.59,4.58,4.59,2017.46
2026-08-15 17:35:00,4.59,4.59,4.57,4.57,131495.5
2026-08-15 17:40:00,4.57,4.58,4.56,4.58,181056.84
2026-08-15 17:45:00,4.58,4.59,4.57,4.59,146158.31
2026-08-15 17:50:00,4.59,4.6,4.58,4.6,123799.74
2026-08-15 17:55:00,4.6,4.6,4.59,4.6,45397.41
2026-08-15 18:00:00,4.6,4.6,4.59,4.6,28315.95
2026-08-15 18:05:00,4.6,4.61,4.6,4.6,8994.41
2026-08-15 18:10:00,4.6,4.62,4.6,4.6,70467.62
2026-08-15 18:15:00,4.6,4.6,4.59,4.6,34394.42
2026-08-15 18:20:00,4.6,4.6,4.58,4.58,57486.35
2026-08-15 18:25:00,4.58,4.59,4.58,4.59,103168.71
2026-08-15 18:30:00,4.59,4.59,4.58,4.59,104176.5
2026-08-15 18:35:00,4.59,4.59,4.57,4.58,14087.18
2026-08-15 18:40:00,4.58,4.58,4.56,4.57,147520.48
2026-08-15 18:45:00,4.57,4.6,4.56,4.59,154760.82
2026-08-15 18:50:00,4.59,4.6,4.57,4.57,49251.35
2026-08-15 18:55:00,4.57,4.58,4.55,4.58,161584.0
2026-08-15 19:00:00,4.58,4.59,4.57,4.57,80628.16
2026-08-15 19:05:00,4.57,4.58,4.56,4.56,38061.73
2026-08-15 19:10:00,4.56,4.56,4.55,4.56,4298.08
2026-08-15 19:15:00,4.56,4.56,4.53,4.53,67395.85
2026-08-15 19:20:00,4.53,4.54,4.53,4.53,5364.86
2026-08-15 19:25:00,4.53,4.53,4.53,4.53,3803.08
2026-08-15 19:30:00,4.53,4.53,4.52,4.53,30155.86
2026-08-15 19:35:00,4.53,4.54,4.51,4.54,118451.51
2026-08-15 19:40:00,4.54,4.54,4.54,4.54,9913.25
2026-08-15 19:45:00,4.54,4.54,4.53,4.54,53473.02
2026-08-15 19:50:00,4.54,4.55,4.54,4.55,30973.12
2026-08-15 19:55:00,4.55,4.56,4.54,4.54,41084.94
2026-08-15 20:00:00,4.54,4.56,4.54,4.56,95029.76
2026-08-15 20:05:00,4.56,4.56,4.56,4.56,40349.84
2026-08-15 20:10:00,4.56,4.56,4.55,4.55,2026.09
2026-08-15 20:15:00,4.55,4.56,4.55,4.56,3712.53
2026-08-15 20:20:00,4.56,4.56,4.54,4.55,100806.46
2026-08-15 20:25:00,4.55,4.56,4.55,4.55,36447.0
2026-08-15 20:30:00,4.55,4.56,4.55,4.56,34373.19
2026-08-15 20:35:00,4.56,4.58,4.56,4.57,58456.58
2026-08-15 20:40:00,4.57,4.59,4.57,4.58,3695.61
2026-08-15 20:45:00,4.58,4.59,4.58,4.59,37232.95
2026-08-15 20:50:00,4.59,4.6,4.59,4.59,12245.82
2026-08-15 20:55:00,4.59,4.6,4.58,4.6,20518.31
2026-08-15 21:00:00,4.6,4.6,4.59,4.59,24167.57
2026-08-15 21:05:00,4.59,4.6,4.59,4.59,16355.01
2026-08-15 21:10:00,4.59,4.6,4.59,4.6,52954.97
2026-08-15 21:15:00,4.6,4.61,4.59,4.6,73943.36
2026-08-15 21:20:00,4.6,4.61,4.6,4.6,80444.78
2026-08-15 21:25:00,4.6,4.6,4.59,4.6,53640.27
2026-08-15 21:30:00,4.6,4.62,4.59,4.61,106.09
2026-08-15 21:35:00,4.61,4.62,4.6,4.6,170121.58
2026-08-15 21:40:00,4.6,4.62,4.59,4.59,291784.92
2026-08-15 21:45:00,4.59,4.6,4.59,4.59,10150.31
2026-08-15 21:50:00,4.59,4.59,4.57,4.58,83638.94
2026-08-15 21:55:00,4.58,4.58,4.56,4.57,395.96
2026-08-15 22:00:00,4.57,4.57,4.57,4.57,48603.36
2026-08-15 22:05:00,4.57,4.57,4.56,4.56,57.38
2026-08-15 22:10:00,4.56,4.56,4.55,4.55,22085.72
2026-08-15 22:15:00,4.55,4.55,4.54,4.54,8990.88
2026-08-15 22:20:00,4.54,4.54,4.52,4.53,6722.37
2026-08-15 22:25:00,4.53,4.54,4.51,4.53,494552.92
2026-08-15 22:30:00,4.53,4.55,4.51,4.55,200088.98
2026-08-15 22:35:00,4.55,4.55,4.54,4.54,9974.64
2026-08-15 22:40:00,4.54,4.55,4.54,4.54,149848.61
2026-08-15 22:45:00,4.54,4.54,4.52,4.53,52553.41
2026-08-15 22:50:00,4.53,4.54,4.51,4.54,114204.88
2026-08-15 22:55:00,4.54,4.54,4.53,4.53,141429.91
2026-08-15 23:00:00,4.53,4.54,4.53,4.54,49596.89
2026-08-15 23:05:00,4.54,4.55,4.53,4.55,723265.35
2026-08-15 23:10:00,4.55,4.56,4.54,4.54,34056.02
2026-08-15 23:15:00,4.54,4.55,4.54,4.54,64298.02
2026-08-15 23:20:00,4.54,4.55,4.54,4.55,31338.62
2026-08-15 23:25:00,4.55,4.57,4.54,4.56,19675.13
2026-08-15 23:30:00,4.56,4.57,4.55,4.56,2256.65
2026-08-15 23:35:00,4.56,4.57,4.55,4.55,102140.9
2026-08-15 23:40:00,4.55,4.57,4.55,4.56,3951.77
2026-08-15 23:45:00,4.56,4.57,4.54,4.55,108707.4
2026-08-15 23:50:00,4.55,4.56,4.55,4.56,55052.34
2026-08-15 23:55:00,4.56,4.56,4.54,4.55,82115.34
2026-08-16 00:00:00,4.55,4.58,4.55,4.57,67931.18
2026-08-16 00:05:00,4.57,4.58,4.57,4.58,52820.42
2026-08-16 00:10:00,4.58,4.58,4.56,4.56,44118.62
2026-08-16 00:15:00,4.56,4.57,4.56,4.57,12996.68
2026-08-16 00:20:00,4.57,4.58,4.57,4.58,13627.09
2026-08-16 00:25:00,4.58,4.58,4.58,4.58,46903.37
2026-08-16 00:30:00,4.58,4.59,4.57,4.58,55743.36
2026-08-16 00:35:00,4.58,4.59,4.57,4.58,176697.43
2026-08-16 00:40:00,4.58,4.58,4.55,4.55,53853.9
2026-08-16 00:45:00,4.55,4.56,4.55,4.56,19596.55
2026-08-16 00:50:00,4.56,4.57,4.56,4.56,59096.83
2026-08-16 00:55:00,4.56,4.57,4.55,4.57,17256.14
2026-08-16 01:00:00,4.57,4.57,4.56,4.57,52147.81
2026-08-16 01:05:00,4.57,4.58,4.56,4.58,71945.87
2026-08-16 01:10:00,4.58,4.58,4.57,4.58,26329.49
2026-08-16 01:15:00,4.58,4.58,4.55,4.56,24608.58
2026-08-16 01:20:00,4.56,4.57,4.56,4.57,48360.91
2026-08-16 01:25:00,4.57,4.57,4.56,4.57,12612.33
2026-08-16 01:30:00,4.57,4.58,4.57,4.58,5266.51
2026-08-16 01:35:00,4.58,4.59,4.58,4.59,59846.87
2026-08-16 01:40:00,4.59,4.59,4.58,4.58,2179.93
2026-08-16 01:45:00,4.58,4.59,4.58,4.59,7055.78
2026-08-16 01:50:00,4.59,4.6,4.58,4.58,17899.49
2026-08-16 01:55:00,4.58,4.6,4.58,4.59,680.93
2026-08-16 02:00:00,4.59,4.59,4.58,4.59,94281.28
2026-08-16 02:05:00,4.59,4.59,4.58,4.58,19643.17
2026-08-16 02:10:00,4.58,4.58,4.57,4.57,32640.64
2026-08-16 02:15:00,4.57,4.59,4.57,4.58,15092.97
2026-08-16 02:20:00,4.58,4.58,4.57,4.58,191062.62
2026-08-16 02:25:00,4.58,4.58,4.56,4.56,19237.33
2026-08-16 02:30:00,4.56,4.57,4.56,4.57,46165.73
2026-08-16 02:35:00,4.57,4.57,4.56,4.57,48153.51
2026-08-16 02:40:00,4.57,4.57,4.56,4.57,44301.81
2026-08-16 02:45:00,4.57,4.57,4.56,4.57,3502.8
2026-08-16 02:50:00,4.57,4.58,4.57,4.58,6138.69
2026-08-16 02:55:00,4.58,4.59,4.58,4.59,123760.13
2026-08-16 03:00:00,4.59,4.61,4.58,4.6,46979.46
2026-08-16 03:05:00,4.6,4.6,4.6,4.6,15733.49
2026-08-16 03:10:00,4.6,4.6,4.57,4.58,4554.23
2026-08-16 03:15:00,4.58,4.58,4.57,4.58,1054.55
2026-08-16 03:20:00,4.58,4.58,4.58,4.58,19463.01
2026-08-16 03:25:00,4.58,4.58,4.57,4.57,92869.15
2026-08-16 03:30:00,4.57,4.58,4.55,4.55,1318.66
2026-08-16 03:35:00,4.55,4.56,4.54,4.56,392884.27
2026-08-16 03:40:00,4.56,4.56,4.55,4.55,55742.49
2026-08-16 03:45:00,4.55,4.56,4.53,4.55,100175.05
2026-08-16 03:50:00,4.55,4.57,4.55,4.56,147705.31
2026-08-16 03:55:00,4.56,4.56,4.56,4.56,58473.04
2026-08-16 04:00:00,4.56,4.56,4.55,4.55,47527.78
2026-08-16 04:05:00,4.55,4.57,4.54,4.56,106397.99
2026-08-16 04:10:00,4.56,4.57,4.56,4.56,129486.48
2026-08-16 04:15:00,4.56,4.57,4.55,4.55,52952.96
2026-08-16 04:20:00,4.55,4.56,4.54,4.54,99724.79
2026-08-16 04:25:00,4.54,4.56,4.54,4.56,32875.96
2026-08-16 04:30:00,4.56,4.57,4.56,4.56,63625.43
2026-08-16 04:35:00,4.56,4.58,4.56,4.57,154715.61
2026-08-16 04:40:00,4.57,4.59,4.57,4.58,37533.44
2026-08-16 04:45:00,4.58,4.59,4.57,4.57,1852.45
2026-08-16 04:50:00,4.57,4.58,4.56,4.57,72143.41
2026-08-16 04:55:00,4.57,4.57,4.56,4.57,174161.67
2026-08-16 05:00:00,4.57,4.57,4.54,4.54,32470.32
2026-08-16 05:05:00,4.54,4.55,4.54,4.55,88914.29
2026-08-16 05:10:00,4.55,4.56,4.55,4.55,148240.55
2026-08-16 05:15:00,4.55,4.56,4.53,4.54,96430.93
2026-08-16 05:20:00,4.54,4.54,4.53,4.53,146173.33
2026-08-16 05:25:00,4.53,4.54,4.51,4.54,169874.39
2026-08-16 05:30:00,4.54,4.55,4.53,4.55,121787.43
2026-08-16 05:35:00,4.55,4.56,4.53,4.56,353489.88
2026-08-16 05:40:00,4.56,4.57,4.56,4.57,194969.82
2026-08-16 05:45:00,4.57,4.57,4.56,4.57,50372.39
2026-08-16 05:50:00,4.57,4.58,4.56,4.57,26058.88
2026-08-16 05:55:00,4.57,4.57,4.56,4.57,35129.02
2026-08-16 06:00:00,4.57,4.58,4.57,4.57,104785.6
2026-08-16 06:05:00,4.57,4.57,4.55,4.56,69426.67
2026-08-16 06:10:00,4.56,4.57,4.55,4.57,14491.29
2026-08-16 06:15:00,4.57,4.58,4.56,4.57,4357.73
2026-08-16 06:20:00,4.57,4.57,4.56,4.56,68188.73
2026-08-16 06:25:00,4.56,4.58,4.55,4.55,29750.7
2026-08-16 06:30:00,4.55,4.55,4.55,4.55,37906.42
2026-08-16 06:35:00,4.55,4.55,4.54,4.54,10838.16
2026-08-16 06:40:00,4.54,4.55,4.52,4.55,128265.99
2026-08-16 06:45:00,4.55,4.56,4.54,4.55,16421.96
2026-08-16 06:50:00,4.55,4.56,4.54,4.54,147294.14
2026-08-16 06:55:00,4.54,4.55,4.53,4.53,13114.68
2026-08-16 07:00:00,4.53,4.53,4.52,4.53,67886.1
2026-08-16 07:05:00,4.53,4.53,4.51,4.53,40108.87
2026-08-16 07:10:00,4.53,4.54,4.51,4.52,37163.3
2026-08-16 07:15:00,4.52,4.53,4.5,4.53,129181.5
2026-08-16 07:20:00,4.53,4.53,4.52,4.52,35439.59
2026-08-16 07:25:00,4.52,4.53,4.52,4.53,260589.11
2026-08-16 07:30:00,4.53,4.54,4.52,4.53,241174.87
2026-08-16 07:35:00,4.53,4.54,4.53,4.54,16812.81
2026-08-16 07:40:00,4.54,4.54,4.52,4.53,167237.61
2026-08-16 07:45:00,4.53,4.54,4.52,4.53,1818.28
2026-08-16 07:50:00,4.53,4.55,4.53,4.55,1982.36
2026-08-16 07:55:00,4.55,4.56,4.55,4.55,129466.46
2026-08-16 08:00:00,4.55,4.56,4.55,4.56,84502.22
2026-08-16 08:05:00,4.56,4.56,4.55,4.56,22328.99
2026-08-16 08:10:00,4.56,4.56,4.54,4.55,3135.54
2026-08-16 08:15:00,4.55,4.57,4.55,4.57,13576.73
2026-08-16 08:20:00,4.57,4.57,4.56,4.56,16901.43
2026-08-16 08:25:00,4.56,4.56,4.56,4.56,24336.08
2026-08-16 08:30:00,4.56,4.58,4.56,4.57,108540.04
2026-08-16 08:35:00,4.57,4.57,4.57,4.57,5400.92
2026-08-16 08:40:00,4.57,4.58,4.57,4.57,30234.32
2026-08-16 08:45:00,4.57,4.57,4.57,4.57,96125.99
2026-08-16 08:50:00,4.57,4.6,4.57,4.59,26596.35
2026-08-16 08:55:00,4.59,4.59,4.57,4.58,41925.01
2026-08-16 09:00:00,4.58,4.59,4.57,4.58,8805.17
2026-08-16 09:05:00,4.58,4.59,4.57,4.58,21708.01
2026-08-16 09:10:00,4.58,4.58,4.57,4.58,64046.97
2026-08-16 09:15:00,4.58,4.59,4.57,4.58,16718.33
2026-08-16 09:20:00,4.58,4.58,4.57,4.57,2288.24
2026-08-16 09:25:00,4.57,4.57,4.57,4.57,10461.67
2026-08-16 09:30:00,4.57,4.57,4.56,4.56,26907.33
2026-08-16 09:35:00,4.56,4.57,4.56,4.56,27181.34
2026-08-16 09:40:00,4.56,4.57,4.55,4.56,116466.97
2026-08-16 09:45:00,4.56,4.57,4.56,4.56,24597.45
2026-08-16 09:50:00,4.56,4.56,4.55,4.55,107437.28
2026-08-16 09:55:00,4.55,4.56,4.53,4.53,103736.98
2026-08-16 10:00:00,4.53,4.53,4.53,4.53,69860.82
2026-08-16 10:05:00,4.53,4.54,4.53,4.53,68012.32
2026-08-16 10:10:00,4.53,4.53,4.52,4.53,92164.61
2026-08-16 10:15:00,4.53,4.53,4.51,4.53,115981.74
2026-08-16 10:20:00,4.53,4.53,4.52,4.53,9269.15
2026-08-16 10:25:00,4.53,4.55,4.52,4.54,28111.92
2026-08-16 10:30:00,4.54,4.55,4.53,4.53,208403.17
2026-08-16 10:35:00,4.53,4.54,4.53,4.53,179578.63
2026-08-16 10:40:00,4.53,4.54,4.52,4.52,27231.5
2026-08-16 10:45:00,4.52,4.54,4.51,4.53,265047.37
2026-08-16 10:50:00,4.53,4.54,4.52,4.52,69859.38
2026-08-16 10:55:00,4.52,4.53,4.51,4.53,361388.35
2026-08-16 11:00:00,4.53,4.54,4.53,4.53,20970.72
2026-08-16 11:05:00,4.53,4.55,4.53,4.55,11747.4
2026-08-16 11:10:00,4.55,4.55,4.55,4.55,106408.86
2026-08-16 11:15:00,4.55,4.55,4.54,4.54,36783.26
2026-08-16 11:20:00,4.54,4.55,4.52,4.53,49154.78
2026-08-16 11:25:00,4.53,4.54,4.51,4.52,52733.42
2026-08-16 11:30:00,4.52,4.54,4.51,4.53,12469.46
2026-08-16 11:35:00,4.53,4.54,4.53,4.54,56262.3
2026-08-16 11:40:00,4.54,4.54,4.52,4.53,42725.64
2026-08-16 11:45:00,4.53,4.55,4.52,4.54,31419.23
2026-08-16 11:50:00,4.54,4.55,4.54,4.54,104915.29
2026-08-16 11:55:00,4.54,4.55,4.54,4.54,7914.19
2026-08-16 12:00:00,4.54,4.55,4.53,4.55,3808.76
2026-08-16 12:05:00,4.55,4.55,4.54,4.55,4843.46
2026-08-16 12:10:00,4.55,4.57,4.55,4.56,5862.77
2026-08-16 12:15:00,4.56,4.57,4.55,4.55,187018.71
2026-08-16 12:20:00,4.55,4.57,4.55,4.56,147.61
2026-08-16 12:25:00,4.56,4.57,4.55,4.56,47096.28
2026-08-16 12:30:00,4.56,4.56,4.55,4.55,141512.83
2026-08-16 12:35:00,4.55,4.56,4.54,4.54,9468.66
2026-08-16 12:40:00,4.54,4.55,4.54,4.55,159180.28
2026-08-16 12:45:00,4.55,4.55,4.54,4.54,30594.46
2026-08-16 12:50:00,4.54,4.55,4.53,4.54,38166.57
2026-08-16 12:55:00,4.54,4.55,4.54,4.55,24671.32
2026-08-16 13:00:00,4.55,4.56,4.54,4.56,35510.81
2026-08-16 13:05:00,4.56,4.57,4.56,4.57,33844.45
2026-08-16 13:10:00,4.57,4.57,4.55,4.56,156273.75
2026-08-16 13:15:00,4.56,4.56,4.54,4.54,31133.25
2026-08-16 13:20:00,4.54,4.54,4.54,4.54,3437.44
2026-08-16 13:25:00,4.54,4.56,4.54,4.54,24949.45
2026-08-16 13:30:00,4.54,4.55,4.53,4.53,28926.54
2026-08-16 13:35:00,4.53,4.54,4.53,4.53,100243.78
2026-08-16 13:40:00,4.53,4.54,4.53,4.53,95695.74
2026-08-16 13:45:00,4.53,4.54,4.53,4.53,120544.18
2026-08-16 13:50:00,4.53,4.54,4.53,4.53,56249.98
2026-08-16 13:55:00,4.53,4.54,4.53,4.54,24585.56
2026-08-16 14:00:00,4.54,4.54,4.53,4.54,51712.31
2026-08-16 14:05:00,4.54,4.55,4.53,4.54,133753.5
2026-08-16 14:10:00,4.54,4.54,4.53,4.53,237604.81
2026-08-16 14:15:00,4.53,4.53,4.52,4.53,25853.01
2026-08-16 14:20:00,4.53,4.53,4.52,4.53,88720.96
2026-08-16 14:25:00,4.53,4.53,4.5,4.51,45776.01
2026-08-16 14:30:00,4.51,4.52,4.5,4.51,28052.28
2026-08-16 14:35:00,4.51,4.53,4.51,4.53,32158.23
2026-08-16 14:40:00,4.53,4.53,4.52,4.52,20855.21
2026-08-16 14:45:00,4.52,4.54,4.51,4.54,112766.98
2026-08-16 14:50:00,4.54,4.55,4.53,4.54,27370.27
2026-08-16 14:55:00,4.54,4.56,4.54,4.55,60653.31
2026-08-16 15:00:00,4.55,4.56,4.55,4.55,21631.54
2026-08-16 15:05:00,4.55,4.57,4.55,4.56,24871.18
2026-08-16 15:10:00,4.56,4.59,4.55,4.58,17654.81
2026-08-16 15:15:00,4.58,4.59,4.57,4.58,15334.84
2026-08-16 15:20:00,4.58,4.59,4.58,4.59,72697.65
2026-08-16 15:25:00,4.59,4.59,4.56,4.56,6782.94
2026-08-16 15:30:00,4.56,4.57,4.55,4.57,51514.09
2026-08-16 15:35:00,4.57,4.58,4.56,4.57,68861.8
2026-08-16 15:40:00,4.57,4.57,4.57,4.57,10061.06
2026-08-16 15:45:00,4.57,4.59,4.57,4.59,126565.67
2026-08-16 15:50:00,4.59,4.6,4.59,4.6,67360.17
2026-08-16 15:55:00,4.6,4.6,4.59,4.6,12865.11
2026-08-16 16:00:00,4.6,4.6,4.59,4.59,41938.39
2026-08-16 16:05:00,4.59,4.6,4.58,4.58,42062.73
2026-08-16 16:10:00,4.58,4.59,4.58,4.58,7038.73
2026-08-16 16:15:00,4.58,4.59,4.58,4.58,2897.6
2026-08-16 16:20:00,4.58,4.59,4.58,4.58,30607.25
2026-08-16 16:25:00,4.58,4.58,4.58,4.58,39730.39
2026-08-16 16:30:00,4.58,4.58,4.57,4.57,105697.75
2026-08-16 16:35:00,4.57,4.59,4.57,4.59,11349.94
2026-08-16 16:40:00,4.59,4.59,4.57,4.58,23743.41
2026-08-16 16:45:00,4.58,4.58,4.57,4.58,104418.64
2026-08-16 16:50:00,4.58,4.59,4.57,4.57,352057.24
2026-08-16 16:55:00,4.57,4.58,4.56,4.58,17979.57
2026-08-16 17:00:00,4.58,4.58,4.58,4.58,2715.47
2026-08-16 17:05:00,4.58,4.58,4.57,4.57,17387.26
2026-08-16 17:10:00,4.57,4.58,4.57,4.57,1742.6
2026-08-16 17:15:00,4.57,4.59,4.57,4.58,2037.96
2026-08-16 17:20:00,4.58,4.6,4.58,4.59,48605.19
2026-08-16 17:25:00,4.59,4.6,4.58,4.59,4406.89
2026-08-16 17:30:00,4.59,4.59,4.57,4.57,28275.15
2026-08-16 17:35:00,4.57,4.58,4.56,4.56,7081.5
2026-08-16 17:40:00,4.56,4.56,4.56,4.56,97932.49
2026-08-16 17:45:00,4.56,4.57,4.56,4.57,26147.52
2026-08-16 17:50:00,4.57,4.58,4.56,4.56,60837.86
2026-08-16 17:55:00,4.56,4.57,4.56,4.57,18580.92
2026-08-16 18:00:00,4.57,4.58,4.57,4.57,7408.61
2026-08-16 18:05:00,4.57,4.57,4.57,4.57,70701.47
2026-08-16 18:10:00,4.57,4.57,4.56,4.57,52540.54
2026-08-16 18:15:00,4.57,4.58,4.57,4.57,32016.48
2026-08-16 18:20:00,4.57,4.58,4.57,4.58,44018.87
2026-08-16 18:25:00,4.58,4.59,4.58,4.58,98184.46
2026-08-16 18:30:00,4.58,4.58,4.56,4.57,28654.45
2026-08-16 18:35:00,4.57,4.58,4.57,4.58,98941.55
2026-08-16 18:40:00,4.58,4.58,4.56,4.56,49533.79
2026-08-16 18:45:00,4.56,4.57,4.55,4.55,539.85
2026-08-16 18:50:00,4.55,4.56,4.54,4.55,63589.2
2026-08-16 18:55:00,4.55,4.55,4.54,4.55,39565.86
2026-08-16 19:00:00,4.55,4.55,4.53,4.53,42513.77
2026-08-16 19:05:00,4.53,4.54,4.53,4.53,7719.95
2026-08-16 19:10:00,4.53,4.55,4.53,4.54,60798.91
2026-08-16 19:15:00,4.54,4.55,4.54,4.55,64323.29
2026-08-16 19:20:00,4.55,4.56,4.54,4.55,37040.85
2026-08-16 19:25:00,4.55,4.56,4.55,4.56,140504.05
2026-08-16 19:30:00,4.56,4.56,4.55,4.55,90275.36
2026-08-16 19:35:00,4.55,4.56,4.55,4.55,2450.92
2026-08-16 19:40:00,4.55,4.56,4.55,4.55,23679.81
2026-08-16 19:45:00,4.55,4.56,4.54,4.55,3784.72
2026-08-16 19:50:00,4.55,4.56,4.55,4.56,1039.73
2026-08-16 19:55:00,4.56,4.56,4.55,4.56,4898.32
2026-08-16 20:00:00,4.56,4.56,4.55,4.55,12938.42
2026-08-16 20:05:00,4.55,4.55,4.55,4.55,7041.79
2026-08-16 20:10:00,4.55,4.56,4.55,4.55,77063.5
2026-08-16 20:15:00,4.55,4.56,4.54,4.55,1541.71
2026-08-16 20:20:00,4.55,4.55,4.54,4.55,699.07
2026-08-16 20:25:00,4.55,4.55,4.53,4.53,24449.82
2026-08-16 20:30:00,4.53,4.54,4.53,4.53,88684.56
2026-08-16 20:35:00,4.53,4.54,4.52,4.54,35708.01
2026-08-16 20:40:00,4.54,4.55,4.53,4.54,31735.29
2026-08-16 20:45:00,4.54,4.54,4.52,4.53,108784.17
2026-08-16 20:50:00,4.53,4.53,4.52,4.52,1352.94
2026-08-16 20:55:00,4.52,4.53,4.52,4.52,5788.17
2026-08-16 21:00:00,4.52,4.53,4.51,4.53,49334.73
2026-08-16 21:05:00,4.53,4.54,4.53,4.54,20293.13
2026-08-16 21:10:00,4.54,4.55,4.54,4.55,71671.74
2026-08-16 21:15:00,4.55,4.55,4.55,4.55,115862.7
2026-08-16 21:20:00,4.55,4.56,4.55,4.55,4771.21
2026-08-16 21:25:00,4.55,4.56,4.55,4.56,131901.84
2026-08-16 21:30:00,4.56,4.56,4.55,4.56,154657.59
2026-08-16 21:35:00,4.56,4.58,4.56,4.57,56419.79
2026-08-16 21:40:00,4.57,4.57,4.56,4.57,2473.93
2026-08-16 21:45:00,4.57,4.57,4.56,4.56,9511.77
2026-08-16 21:50:00,4.56,4.58,4.56,4.57,54358.46
2026-08-16 21:55:00,4.57,4.59,4.56,4.58,15772.9
2026-08-16 22:00:00,4.58,4.59,4.56,4.57,2339.62
2026-08-16 22:05:00,4.57,4.58,4.56,4.56,30513.31
2026-08-16 22:10:00,4.56,4.57,4.56,4.57,22834.86
2026-08-16 22:15:00,4.57,4.57,4.57,4.57,22479.66
2026-08-16 22:20:00,4.57,4.57,4.57,4.57,17145.01
2026-08-16 22:25:00,4.57,4.58,4.54,4.55,238586.63
2026-08-16 22:30:00,4.55,4.56,4.55,4.55,217785.13
2026-08-16 22:35:00,4.55,4.56,4.55,4.56,113480.98
2026-08-16 22:40:00,4.56,4.57,4.56,4.56,47855.33
2026-08-16 22:45:00,4.56,4.57,4.55,4.57,1669.62
2026-08-16 22:50:00,4.57,4.58,4.56,4.58,836.09
2026-08-16 22:55:00,4.58,4.58,4.56,4.57,54921.98
2026-08-16 23:00:00,4.57,4.57,4.56,4.57,34754.74
2026-08-16 23:05:00,4.57,4.58,4.57,4.58,11687.35
2026-08-16 23:10:00,4.58,4.6,4.58,4.6,5026.16
2026-08-16 23:15:00,4.6,4.6,4.58,4.58,311072.1
2026-08-16 23:20:00,4.58,4.59,4.58,4.59,284235.99
2026-08-16 23:25:00,4.59,4.6,4.59,4.59,6897.98
2026-08-16 23:30:00,4.59,4.6,4.59,4.6,432.42
2026-08-16 23:35:00,4.6,4.61,4.59,4.61,47187.93
2026-08-16 23:40:00,4.61,4.61,4.6,4.61,53334.57
2026-08-16 23:45:00,4.61,4.62,4.59,4.6,26744.92
2026-08-16 23:50:00,4.6,4.6,4.59,4.6,97928.03
2026-08-16 23:55:00,4.6,4.6,4.59,4.59,101043.12
2026-08-17 00:00:00,4.59,4.59,4.57,4.58,88864.13
2026-08-17 00:05:00,4.58,4.59,4.57,4.57,4573.13
2026-08-17 00:10:00,4.57,4.59,4.57,4.59,5942.05
2026-08-17 00:15:00,4.59,4.6,4.59,4.6,47471.05
2026-08-17 00:20:00,4.6,4.61,4.58,4.59,271554.03
2026-08-17 00:25:00,4.59,4.61,4.58,4.6,2016.16
2026-08-17 00:30:00,4.6,4.62,4.59,4.59,387375.81
2026-08-17 00:35:00,4.59,4.61,4.58,4.59,15150.41
2026-08-17 00:40:00,4.59,4.6,4.59,4.6,174815.94
2026-08-17 00:45:00,4.6,4.6,4.59,4.6,126020.54
2026-08-17 00:50:00,4.6,4.6,4.58,4.58,118492.97
2026-08-17 00:55:00,4.58,4.59,4.58,4.59,45455.54
2026-08-17 01:00:00,4.59,4.59,4.59,4.59,17946.52
2026-08-17 01:05:00,4.59,4.6,4.59,4.59,13275.98
2026-08-17 01:10:00,4.59,4.61,4.59,4.6,13575.07
2026-08-17 01:15:00,4.6,4.61,4.59,4.61,19646.15
2026-08-17 01:20:00,4.61,4.61,4.59,4.59,43615.81
2026-08-17 01:25:00,4.59,4.59,4.58,4.59,176302.79
2026-08-17 01:30:00,4.59,4.59,4.58,4.59,11754.46
2026-08-17 01:35:00,4.59,4.59,4.58,4.59,11125.69
2026-08-17 01:40:00,4.59,4.59,4.58,4.58,32208.86
2026-08-17 01:45:00,4.58,4.59,4.57,4.58,82082.33
2026-08-17 01:50:00,4.58,4.58,4.58,4.58,36803.16
2026-08-17 01:55:00,4.58,4.58,4.57,4.57,39134.96
2026-08-17 02:00:00,4.57,4.58,4.56,4.57,97761.62
2026-08-17 02:05:00,4.57,4.58,4.57,4.57,7841.69
2026-08-17 02:10:00,4.57,4.57,4.55,4.56,43525.72
2026-08-17 02:15:00,4.56,4.57,4.55,4.56,37780.71
2026-08-17 02:20:00,4.56,4.56,4.56,4.56,31981.11
2026-08-17 02:25:00,4.56,4.56,4.55,4.55,157904.94
2026-08-17 02:30:00,4.55,4.55,4.54,4.55,25494.96
2026-08-17 02:35:00,4.55,4.55,4.54,4.54,39086.35
2026-08-17 02:40:00,4.54,4.55,4.54,4.55,1667.29
2026-08-17 02:45:00,4.55,4.56,4.54,4.55,31656.04
2026-08-17 02:50:00,4.55,4.55,4.54,4.54,48635.07
2026-08-17 02:55:00,4.54,4.55,4.53,4.54,5307.39
2026-08-17 03:00:00,4.54,4.54,4.53,4.53,10025.56
2026-08-17 03:05:00,4.53,4.53,4.53,4.53,40363.63
2026-08-17 03:10:00,4.53,4.55,4.53,4.54,7723.46
2026-08-17 03:15:00,4.54,4.55,4.53,4.53,2624.31
2026-08-17 03:20:00,4.53,4.54,4.51,4.52,76650.58
2026-08-17 03:25:00,4.52,4.53,4.52,4.52,323.04
2026-08-17 03:30:00,4.52,4.52,4.51,4.51,35133.03
2026-08-17 03:35:00,4.51,4.52,4.5,4.52,288120.84
2026-08-17 03:40:00,4.52,4.52,4.5,4.51,3653.86
2026-08-17 03:45:00,4.51,4.53,4.5,4.53,80211.54
2026-08-17 03:50:00,4.53,4.54,4.52,4.52,54009.11
2026-08-17 03:55:00,4.52,4.53,4.5,4.53,573824.15
2026-08-17 04:00:00,4.53,4.54,4.51,4.52,29349.67
2026-08-17 04:05:00,4.52,4.53,4.51,4.52,25976.39
2026-08-17 04:10:00,4.52,4.53,4.51,4.52,52288.46
2026-08-17 04:15:00,4.52,4.52,4.5,4.51,22582.27
2026-08-17 04:20:00,4.51,4.51,4.49,4.5,51080.67
2026-08-17 04:25:00,4.5,4.51,4.49,4.51,11146.43
2026-08-17 04:30:00,4.51,4.52,4.5,4.51,151864.83
2026-08-17 04:35:00,4.51,4.51,4.5,4.51,20836.79
2026-08-17 04:40:00,4.51,4.52,4.49,4.51,232134.8
2026-08-17 04:45:00,4.51,4.52,4.5,4.52,62533.28
2026-08-17 04:50:00,4.52,4.52,4.51,4.52,92357.8
2026-08-17 04:55:00,4.52,4.52,4.52,4.52,6067.47
2026-08-17 05:00:00,4.52,4.53,4.51,4.52,32719.96
2026-08-17 05:05:00,4.52,4.53,4.51,4.52,18476.7
2026-08-17 05:10:00,4.52,4.52,4.51,4.51,13480.67
2026-08-17 05:15:00,4.51,4.54,4.51,4.53,24997.5
2026-08-17 05:20:00,4.53,4.54,4.52,4.53,44380.29
2026-08-17 05:25:00,4.53,4.54,4.53,4.53,47233.01
2026-08-17 05:30:00,4.53,4.53,4.53,4.53,37794.31
2026-08-17 05:35:00,4.53,4.54,4.53,4.54,1990.95
2026-08-17 05:40:00,4.54,4.55,4.53,4.54,148278.82
2026-08-17 05:45:00,4.54,4.54,4.53,4.53,28180.17
2026-08-17 05:50:00,4.53,4.53,4.52,4.53,13628.52
2026-08-17 05:55:00,4.53,4.53,4.52,4.53,42066.12
2026-08-17 06:00:00,4.53,4.55,4.52,4.55,2503.83
2026-08-17 06:05:00,4.55,4.56,4.54,4.55,27362.48
2026-08-17 06:10:00,4.55,4.56,4.55,4.55,40275.12
2026-08-17 06:15:00,4.55,4.56,4.55,4.56,27253.77
2026-08-17 06:20:00,4.56,4.56,4.55,4.56,28667.04
2026-08-17 06:25:00,4.56,4.58,4.56,4.58,37055.71
2026-08-17 06:30:00,4.58,4.58,4.55,4.57,56675.4
2026-08-17 06:35:00,4.57,4.57,4.56,4.56,12552.46
2026-08-17 06:40:00,4.56,4.56,4.53,4.53,51548.04
2026-08-17 06:45:00,4.53,4.54,4.53,4.54,92149.91
2026-08-17 06:50:00,4.54,4.54,4.54,4.54,24723.31
2026-08-17 06:55:00,4.54,4.54,4.54,4.54,48011.4
2026-08-17 07:00:00,4.54,4.54,4.53,4.53,20160.01
2026-08-17 07:05:00,4.53,4.53,4.51,4.52,55018.55
2026-08-17 07:10:00,4.52,4.52,4.5,4.5,124621.45
2026-08-17 07:15:00,4.5,4.51,4.49,4.5,134726.09
2026-08-17 07:20:00,4.5,4.51,4.5,4.5,60613.55
2026-08-17 07:25:00,4.5,4.51,4.48,4.5,144839.15
2026-08-17 07:30:00,4.5,4.5,4.49,4.49,6482.49
2026-08-17 07:35:00,4.49,4.5,4.48,4.5,121372.86
2026-08-17 07:40:00,4.5,4.51,4.49,4.51,74056.5
2026-08-17 07:45:00,4.51,4.52,4.5,4.51,11852.46
2026-08-17 07:50:00,4.51,4.52,4.5,4.5,126651.21
2026-08-17 07:55:00,4.5,4.5,4.49,4.5,14344.95
2026-08-17 08:00:00,4.5,4.51,4.49,4.5,78439.3
2026-08-17 08:05:00,4.5,4.51,4.49,4.51,208567.53
2026-08-17 08:10:00,4.51,4.52,4.5,4.5,56006.21
2026-08-17 08:15:00,4.5,4.51,4.5,4.5,11165.24
2026-08-17 08:20:00,4.5,4.51,4.49,4.49,9869.97
2026-08-17 08:25:00,4.49,4.5,4.48,4.5,71654.52
2026-08-17 08:30:00,4.5,4.51,4.5,4.5,5760.42
2026-08-17 08:35:00,4.5,4.52,4.48,4.48,129377.8
2026-08-17 08:40:00,4.48,4.49,4.47,4.48,2967.32
2026-08-17 08:45:00,4.48,4.48,4.47,4.47,17183.46
2026-08-17 08:50:00,4.47,4.47,4.45,4.47,69521.11
2026-08-17 08:55:00,4.47,4.48,4.47,4.47,81507.21
2026-08-17 09:00:00,4.47,4.47,4.46,4.47,2761.4
2026-08-17 09:05:00,4.47,4.47,4.46,4.47,15876.24
2026-08-17 09:10:00,4.47,4.47,4.46,4.46,1941.82
2026-08-17 09:15:00,4.46,4.47,4.45,4.45,50690.25
2026-08-17 09:20:00,4.45,4.46,4.44,4.44,129464.56
2026-08-17 09:25:00,4.44,4.45,4.44,4.44,108141.73
2026-08-17 09:30:00,4.44,4.45,4.43,4.45,269456.66
2026-08-17 09:35:00,4.45,4.45,4.45,4.45,108574.34
2026-08-17 09:40:00,4.45,4.45,4.45,4.45,28885.14
2026-08-17 09:45:00,4.45,4.45,4.44,4.44,48281.33
2026-08-17 09:50:00,4.44,4.44,4.44,4.44,69911.49
2026-08-17 09:55:00,4.44,4.44,4.44,4.44,26575.12
2026-08-17 10:00:00,4.44,4.45,4.42,4.45,71979.21
2026-08-17 10:05:00,4.45,4.45,4.43,4.45,403422.22
2026-08-17 10:10:00,4.45,4.46,4.45,4.46,36126.15
2026-08-17 10:15:00,4.46,4.46,4.46,4.46,47096.44
2026-08-17 10:20:00,4.46,4.46,4.45,4.45,7460.67
2026-08-17 10:25:00,4.45,4.46,4.45,4.45,108876.68
2026-08-17 10:30:00,4.45,4.46,4.45,4.46,147667.5
2026-08-17 10:35:00,4.46,4.47,4.44,4.47,186081.47
2026-08-17 10:40:00,4.47,4.48,4.46,4.46,7886.36
2026-08-17 10:45:00,4.46,4.47,4.46,4.47,18209.68
2026-08-17 10:50:00,4.47,4.47,4.47,4.47,101095.45
2026-08-17 10:55:00,4.47,4.48,4.45,4.48,108677.77
2026-08-17 11:00:00,4.48,4.48,4.47,4.48,3809.09
2026-08-17 11:05:00,4.48,4.49,4.46,4.49,407773.19
2026-08-17 11:10:00,4.49,4.51,4.49,4.51,64686.95
2026-08-17 11:15:00,4.51,4.51,4.49,4.51,58060.32
2026-08-17 11:20:00,4.51,4.51,4.5,4.5,20228.35
2026-08-17 11:25:00,4.5,4.5,4.49,4.5,51748.92
2026-08-17 11:30:00,4.5,4.5,4.49,4.5,2776.14
2026-08-17 11:35:00,4.5,4.51,4.49,4.49,44367.88
2026-08-17 11:40:00,4.49,4.49,4.49,4.49,46008.43
2026-08-17 11:45:00,4.49,4.5,4.47,4.47,41740.21
2026-08-17 11:50:00,4.47,4.47,4.46,4.46,8401.39
2026-08-17 11:55:00,4.46,4.47,4.46,4.47,84261.28
2026-08-17 12:00:00,4.47,4.48,4.47,4.48,3237.96
2026-08-17 12:05:00,4.48,4.48,4.46,4.47,191153.15
2026-08-17 12:10:00,4.47,4.48,4.46,4.47,51302.21
2026-08-17 12:15:00,4.47,4.47,4.46,4.46,208376.12
2026-08-17 12:20:00,4.46,4.46,4.46,4.46,98710.78
2026-08-17 12:25:00,4.46,4.47,4.45,4.45,6916.21
2026-08-17 12:30:00,4.45,4.45,4.45,4.45,15164.64
2026-08-17 12:35:00,4.45,4.46,4.43,4.44,52688.25
2026-08-17 12:40:00,4.44,4.45,4.43,4.44,100785.4
2026-08-17 12:45:00,4.44,4.44,4.43,4.43,40213.82
2026-08-17 12:50:00,4.43,4.44,4.43,4.44,8642.1
2026-08-17 12:55:00,4.44,4.45,4.43,4.44,100745.62
2026-08-17 13:00:00,4.44,4.44,4.43,4.43,36873.99
2026-08-17 13:05:00,4.43,4.44,4.43,4.43,103869.58
2026-08-17 13:10:00,4.43,4.43,4.42,4.42,72730.32
2026-08-17 13:15:00,4.42,4.43,4.4,4.43,71810.34
2026-08-17 13:20:00,4.43,4.44,4.42,4.43,55538.39
2026-08-17 13:25:00,4.43,4.44,4.43,4.44,42086.99
2026-08-17 13:30:00,4.44,4.44,4.44,4.44,10743.45
2026-08-17 13:35:00,4.44,4.45,4.43,4.45,277583.54
2026-08-17 13:40:00,4.45,4.45,4.43,4.45,216479.53
2026-08-17 13:45:00,4.45,4.46,4.44,4.46,39880.93
2026-08-17 13:50:00,4.46,4.46,4.45,4.45,38205.75
2026-08-17 13:55:00,4.45,4.45,4.44,4.45,60601.06
2026-08-17 14:00:00,4.45,4.46,4.45,4.46,35702.64
2026-08-17 14:05:00,4.46,4.47,4.45,4.47,153441.74
2026-08-17 14:10:00,4.47,4.47,4.45,4.47,27075.51
2026-08-17 14:15:00,4.47,4.47,4.45,4.47,146914.42
2026-08-17 14:20:00,4.47,4.49,4.47,4.48,11989.59
2026-08-17 14:25:00,4.48,4.49,4.48,4.48,29785.38
2026-08-17 14:30:00,4.48,4.49,4.48,4.49,45172.92
2026-08-17 14:35:00,4.49,4.49,4.47,4.48,11900.79
2026-08-17 14:40:00,4.48,4.48,4.47,4.47,91690.61
2026-08-17 14:45:00,4.47,4.47,4.46,4.47,23892.62
2026-08-17 14:50:00,4.47,4.47,4.45,4.45,14653.26
2026-08-17 14:55:00,4.45,4.46,4.45,4.45,5948.03
2026-08-17 15:00:00,4.45,4.45,4.44,4.44,215564.36
2026-08-17 15:05:00,4.44,4.45,4.43,4.45,195443.0
2026-08-17 15:10:00,4.45,4.46,4.44,4.45,32224.36
2026-08-17 15:15:00,4.45,4.46,4.43,4.46,273229.03
2026-08-17 15:20:00,4.46,4.46,4.45,4.46,50765.56
2026-08-17 15:25:00,4.46,4.46,4.46,4.46,5732.59
2026-08-17 15:30:00,4.46,4.46,4.46,4.46,17599.82
2026-08-17 15:35:00,4.46,4.46,4.45,4.45,847.13
2026-08-17 15:40:00,4.45,4.47,4.45,4.46,16870.87
2026-08-17 15:45:00,4.46,4.46,4.45,4.46,4330.17
2026-08-17 15:50:00,4.46,4.46,4.44,4.44,89456.9
2026-08-17 15:55:00,4.44,4.45,4.41,4.42,121999.01
2026-08-17 16:00:00,4.42,4.43,4.41,4.42,3171.41
2026-08-17 16:05:00,4.42,4.44,4.42,4.43,7237.69
2026-08-17 16:10:00,4.43,4.44,4.43,4.44,616.02
2026-08-17 16:15:00,4.44,4.44,4.43,4.43,183090.27
2026-08-17 16:20:00,4.43,4.44,4.43,4.44,50167.74
2026-08-17 16:25:00,4.44,4.44,4.43,4.44,21739.14
2026-08-17 16:30:00,4.44,4.45,4.44,4.45,108573.19
2026-08-17 16:35:00,4.45,4.45,4.44,4.45,46099.83
2026-08-17 16:40:00,4.45,4.46,4.44,4.45,18529.61
2026-08-17 16:45:00,4.45,4.45,4.44,4.45,10658.48
2026-08-17 16:50:00,4.45,4.45,4.44,4.45,2735.76
2026-08-17 16:55:00,4.45,4.46,4.44,4.45,14922.78
2026-08-17 17:00:00,4.45,4.46,4.44,4.44,38421.55
2026-08-17 17:05:00,4.44,4.45,4.44,4.45,13706.34
2026-08-17 17:10:00,4.45,4.45,4.44,4.44,33439.5
2026-08-17 17:15:00,4.44,4.45,4.43,4.45,41394.69
2026-08-17 17:20:00,4.45,4.46,4.44,4.45,82205.32
2026-08-17 17:25:00,4.45,4.45,4.43,4.43,2885.72
2026-08-17 17:30:00,4.43,4.44,4.43,4.44,4038.41
2026-08-17 17:35:00,4.44,4.44,4.43,4.44,112687.94
2026-08-17 17:40:00,4.44,4.44,4.42,4.42,20166.98
2026-08-17 17:45:00,4.42,4.43,4.4,4.43,3001.18
2026-08-17 17:50:00,4.43,4.44,4.42,4.42,19145.86
2026-08-17 17:55:00,4.42,4.43,4.41,4.41,829.38
2026-08-17 18:00:00,4.41,4.43,4.4,4.42,102504.67
2026-08-17 18:05:00,4.42,4.43,4.41,4.43,94099.05
2026-08-17 18:10:00,4.43,4.44,4.41,4.44,15933.23
2026-08-17 18:15:00,4.44,4.44,4.42,4.43,37520.35
2026-08-17 18:20:00,4.43,4.43,4.41,4.43,20002.35
2026-08-17 18:25:00,4.43,4.43,4.42,4.42,10642.57
2026-08-17 18:30:00,4.42,4.43,4.42,4.42,105864.4
2026-08-17 18:35:00,4.42,4.43,4.41,4.41,24571.1
2026-08-17 18:40:00,4.41,4.42,4.4,4.42,107569.24
2026-08-17 18:45:00,4.42,4.43,4.4,4.41,18197.06
2026-08-17 18:50:00,4.41,4.42,4.39,4.4,28654.98
2026-08-17 18:55:00,4.4,4.4,4.38,4.39,37146.97
2026-08-17 19:00:00,4.39,4.4,4.37,4.4,417423.73
2026-08-17 19:05:00,4.4,4.41,4.4,4.4,18811.93
2026-08-17 19:10:00,4.4,4.41,4.4,4.4,3078.2
2026-08-17 19:15:00,4.4,4.41,4.4,4.41,58889.48
2026-08-17 19:20:00,4.41,4.41,4.39,4.39,15283.86
2026-08-17 19:25:00,4.39,4.41,4.38,4.4,59215.76
2026-08-17 19:30:00,4.4,4.41,4.4,4.4,9336.7
2026-08-17 19:35:00,4.4,4.41,4.4,4.41,41552.6
2026-08-17 19:40:00,4.41,4.41,4.39,4.4,135620.12
2026-08-17 19:45:00,4.4,4.41,4.4,4.41,56528.16
2026-08-17 19:50:00,4.41,4.42,4.39,4.39,132193.92
2026-08-17 19:55:00,4.39,4.4,4.39,4.4,18378.8
2026-08-17 20:00:00,4.4,4.4,4.39,4.4,41953.5
2026-08-17 20:05:00,4.4,4.4,4.39,4.4,88081.3
2026-08-17 20:10:00,4.4,4.4,4.4,4.4,15118.36
2026-08-17 20:15:00,4.4,4.4,4.39,4.39,3774.65
2026-08-17 20:20:00,4.39,4.4,4.39,4.39,23528.39
2026-08-17 20:25:00,4.39,4.4,4.39,4.39,33727.03
2026-08-17 20:30:00,4.39,4.39,4.38,4.38,84405.23
2026-08-17 20:35:00,4.38,4.4,4.38,4.4,35627.51
2026-08-17 20:40:00,4.4,4.42,4.39,4.41,31447.09
2026-08-17 20:45:00,4.41,4.41,4.39,4.4,58048.74
2026-08-17 20:50:00,4.4,4.4,4.4,4.4,54875.5
2026-08-17 20:55:00,4.4,4.4,4.39,4.39,48181.59
2026-08-17 21:00:00,4.39,4.4,4.38,4.38,30487.14
2026-08-17 21:05:00,4.38,4.39,4.38,4.39,822309.21
2026-08-17 21:10:00,4.39,4.39,4.38,4.38,63648.7
2026-08-17 21:15:00,4.38,4.38,4.38,4.38,34.91
2026-08-17 21:20:00,4.38,4.39,4.36,4.39,12187.17
2026-08-17 21:25:00,4.39,4.4,4.39,4.39,37162.43
2026-08-17 21:30:00,4.39,4.4,4.38,4.38,9313.76
2026-08-17 21:35:00,4.38,4.39,4.38,4.39,134174.01
2026-08-17 21:40:00,4.39,4.4,4.39,4.39,7976.25
2026-08-17 21:45:00,4.39,4.41,4.38,4.4,69760.49
2026-08-17 21:50:00,4.4,4.41,4.4,4.4,4470.91
2026-08-17 21:55:00,4.4,4.4,4.38,4.39,256434.13
2026-08-17 22:00:00,4.39,4.4,4.37,4.39,62211.15
2026-08-17 22:05:00,4.39,4.4,4.38,4.39,23292.19
2026-08-17 22:10:00,4.39,4.4,4.37,4.38,62456.21
2026-08-17 22:15:00,4.38,4.4,4.37,4.39,89521.02
2026-08-17 22:20:00,4.39,4.39,4.39,4.39,44797.66
2026-08-17 22:25:00,4.39,4.39,4.38,4.39,43132.73
2026-08-17 22:30:00,4.39,4.39,4.38,4.39,9171.4
2026-08-17 22:35:00,4.39,4.41,4.39,4.41,48062.38
2026-08-17 22:40:00,4.41,4.41,4.4,4.4,36654.39
2026-08-17 22:45:00,4.4,4.42,4.4,4.42,34346.9
2026-08-17 22:50:00,4.42,4.42,4.41,4.41,23303.05
2026-08-17 22:55:00,4.41,4.43,4.41,4.42,15555.37
2026-08-17 23:00:00,4.42,4.42,4.42,4.42,105936.02
2026-08-17 23:05:00,4.42,4.43,4.41,4.42,20015.69
2026-08-17 23:10:00,4.42,4.43,4.41,4.42,18168.25
2026-08-17 23:15:00,4.42,4.42,4.41,4.42,62222.09
2026-08-17 23:20:00,4.42,4.43,4.4,4.43,25289.55
2026-08-17 23:25:00,4.43,4.44,4.42,4.43,8532.78
2026-08-17 23:30:00,4.43,4.45,4.42,4.44,33942.71
2026-08-17 23:35:00,4.44,4.46,4.44,4.45,11290.09
2026-08-17 23:40:00,4.45,4.45,4.43,4.44,16614.5
2026-08-17 23:45:00,4.44,4.45,4.42,4.43,69182.96
2026-08-17 23:50:00,4.43,4.44,4.42,4.43,84025.66
2026-08-17 23:55:00,4.43,4.43,4.42,4.43,14134.33
2026-08-18 00:00:00,4.43,4.44,4.42,4.43,16462.73
2026-08-18 00:05:00,4.43,4.43,4.4,4.41,120294.79
2026-08-18 00:10:00,4.41,4.42,4.4,4.42,15244.67
2026-08-18 00:15:00,4.42,4.42,4.41,4.41,6289.07
2026-08-18 00:20:00,4.41,4.42,4.41,4.41,21090.97
2026-08-18 00:25:00,4.41,4.41,4.41,4.41,28214.26
2026-08-18 00:30:00,4.41,4.42,4.41,4.42,25689.33
2026-08-18 00:35:00,4.42,4.43,4.41,4.42,148139.87
2026-08-18 00:40:00,4.42,4.43,4.42,4.42,322886.99
2026-08-18 00:45:00,4.42,4.42,4.4,4.41,68618.03
2026-08-18 00:50:00,4.41,4.41,4.38,4.39,81262.98
2026-08-18 00:55:00,4.39,4.4,4.39,4.4,1726.47
2026-08-18 01:00:00,4.4,4.41,4.4,4.4,29997.46
2026-08-18 01:05:00,4.4,4.41,4.39,4.4,24780.38
2026-08-18 01:10:00,4.4,4.41,4.4,4.4,70547.77
2026-08-18 01:15:00,4.4,4.41,4.4,4.4,4403.51
2026-08-18 01:20:00,4.4,4.41,4.39,4.4,32129.57
2026-08-18 01:25:00,4.4,4.41,4.39,4.41,31284.15
2026-08-18 01:30:00,4.41,4.41,4.4,4.41,31503.12
2026-08-18 01:35:00,4.41,4.41,4.41,4.41,5419.2
2026-08-18 01:40:00,4.41,4.41,4.39,4.4,84007.85
2026-08-18 01:45:00,4.4,4.4,4.39,4.4,90758.88
2026-08-18 01:50:00,4.4,4.41,4.39,4.39,148413.94
2026-08-18 01:55:00,4.39,4.4,4.39,4.39,37198.23
2026-08-18 02:00:00,4.39,4.4,4.39,4.4,24961.52
2026-08-18 02:05:00,4.4,4.4,4.39,4.39,10818.87
2026-08-18 02:10:00,4.39,4.39,4.37,4.38,64513.1
2026-08-18 02:15:00,4.38,4.38,4.37,4.37,65093.96
2026-08-18 02:20:00,4.37,4.37,4.37,4.37,8823.77
2026-08-18 02:25:00,4.37,4.37,4.37,4.37,66972.13
2026-08-18 02:30:00,4.37,4.38,4.37,4.38,9222.22
2026-08-18 02:35:00,4.38,4.39,4.36,4.37,11582.01
2026-08-18 02:40:00,4.37,4.39,4.34,4.35,8200.68
2026-08-18 02:45:00,4.35,4.35,4.34,4.34,81889.11
2026-08-18 02:50:00,4.34,4.35,4.32,4.34,393477.85
2026-08-18 02:55:00,4.34,4.35,4.33,4.34,3695.59
2026-08-18 03:00:00,4.34,4.34,4.34,4.34,40532.32
2026-08-18 03:05:00,4.34,4.35,4.34,4.35,19616.26
2026-08-18 03:10:00,4.35,4.36,4.33,4.36,225383.37
2026-08-18 03:15:00,4.36,4.37,4.36,4.37,235288.06
2026-08-18 03:20:00,4.37,4.38,4.36,4.38,14097.98
2026-08-18 03:25:00,4.38,4.39,4.37,4.39,1062532.68
2026-08-18 03:30:00,4.39,4.39,4.39,4.39,53810.3
2026-08-18 03:35:00,4.39,4.39,4.38,4.38,181916.08
2026-08-18 03:40:00,4.38,4.38,4.37,4.38,22765.48
2026-08-18 03:45:00,4.38,4.38,4.37,4.38,10062.61
2026-08-18 03:50:00,4.38,4.38,4.37,4.38,899.25
2026-08-18 03:55:00,4.38,4.38,4.37,4.37,92524.26
2026-08-18 04:00:00,4.37,4.37,4.35,4.36,52980.2
2026-08-18 04:05:00,4.36,4.36,4.35,4.36,25177.22
2026-08-18 04:10:00,4.36,4.37,4.35,4.36,12874.31
2026-08-18 04:15:00,4.36,4.36,4.36,4.36,34422.8
2026-08-18 04:20:00,4.36,4.36,4.34,4.35,5630.79
2026-08-18 04:25:00,4.35,4.35,4.33,4.33,12654.11
2026-08-18 04:30:00,4.33,4.34,4.32,4.34,574653.45
2026-08-18 04:35:00,4.34,4.34,4.33,4.33,31944.78
2026-08-18 04:40:00,4.33,4.33,4.32,4.33,27125.03
2026-08-18 04:45:00,4.33,4.33,4.32,4.32,4756.74
2026-08-18 04:50:00,4.32,4.34,4.31,4.33,432951.44
2026-08-18 04:55:00,4.33,4.34,4.31,4.34,96597.13
2026-08-18 05:00:00,4.34,4.34,4.33,4.34,86495.15
2026-08-18 05:05:00,4.34,4.34,4.33,4.33,149345.91
2026-08-18 05:10:00,4.33,4.34,4.32,4.33,30870.47
2026-08-18 05:15:00,4.33,4.33,4.32,4.32,12462.12
2026-08-18 05:20:00,4.32,4.33,4.31,4.31,143649.47
2026-08-18 05:25:00,4.31,4.33,4.3,4.32,29695.26
2026-08-18 05:30:00,4.32,4.32,4.32,4.32,26551.93
2026-08-18 05:35:00,4.32,4.33,4.31,4.33,28389.18
2026-08-18 05:40:00,4.33,4.33,4.32,4.33,379697.64
2026-08-18 05:45:00,4.33,4.36,4.32,4.35,66584.49
2026-08-18 05:50:00,4.35,4.36,4.33,4.35,109526.1
2026-08-18 05:55:00,4.35,4.36,4.35,4.35,304746.66
2026-08-18 06:00:00,4.35,4.35,4.34,4.34,58424.36
2026-08-18 06:05:00,4.34,4.34,4.34,4.34,64224.58
2026-08-18 06:10:00,4.34,4.35,4.33,4.35,361578.24
2026-08-18 06:15:00,4.35,4.35,4.33,4.34,26972.77
2026-08-18 06:20:00,4.34,4.34,4.33,4.33,42622.88
2026-08-18 06:25:00,4.33,4.34,4.33,4.33,22237.55
2026-08-18 06:30:00,4.33,4.34,4.32,4.33,29841.91
2026-08-18 06:35:00,4.33,4.33,4.32,4.33,34425.36
2026-08-18 06:40:00,4.33,4.33,4.32,4.32,487.81
2026-08-18 06:45:00,4.32,4.34,4.31,4.33,101403.06
2026-08-18 06:50:00,4.33,4.35,4.33,4.34,146446.09
2026-08-18 06:55:00,4.34,4.35,4.33,4.33,9377.57
2026-08-18 07:00:00,4.33,4.35,4.32,4.35,338925.64
2026-08-18 07:05:00,4.35,4.38,4.35,4.37,35672.36
2026-08-18 07:10:00,4.37,4.37,4.37,4.37,33166.21
2026-08-18 07:15:00,4.37,4.38,4.37,4.37,1771.61
2026-08-18 07:20:00,4.37,4.37,4.35,4.36,78632.28
2026-08-18 07:25:00,4.36,4.36,4.36,4.36,9117.56
2026-08-18 07:30:00,4.36,4.36,4.35,4.35,29889.2
2026-08-18 07:35:00,4.35,4.35,4.35,4.35,5131.83
2026-08-18 07:40:00,4.35,4.36,4.34,4.36,138029.3
2026-08-18 07:45:00,4.36,4.36,4.35,4.36,5042.98
2026-08-18 07:50:00,4.36,4.36,4.34,4.35,32515.94
2026-08-18 07:55:00,4.35,4.35,4.33,4.34,37741.49
2026-08-18 08:00:00,4.34,4.35,4.33,4.34,44919.53
2026-08-18 08:05:00,4.34,4.36,4.33,4.35,60943.42
2026-08-18 08:10:00,4.35,4.35,4.34,4.35,115188.38
2026-08-18 08:15:00,4.35,4.35,4.34,4.34,10967.56
2026-08-18 08:20:00,4.34,4.35,4.34,4.35,23407.95
2026-08-18 08:25:00,4.35,4.35,4.35,4.35,5266.32
2026-08-18 08:30:00,4.35,4.36,4.35,4.35,2511.02
2026-08-18 08:35:00,4.35,4.37,4.35,4.36,30709.14
2026-08-18 08:40:00,4.36,4.38,4.36,4.38,34336.15
2026-08-18 08:45:00,4.38,4.38,4.38,4.38,11150.61
2026-08-18 08:50:00,4.38,4.38,4.37,4.38,1257.58
2026-08-18 08:55:00,4.38,4.39,4.36,4.37,144774.7
2026-08-18 09:00:00,4.37,4.37,4.35,4.36,7585.98
2026-08-18 09:05:00,4.36,4.37,4.35,4.37,36644.19
2026-08-18 09:10:00,4.37,4.38,4.35,4.35,107925.36
2026-08-18 09:15:00,4.35,4.35,4.34,4.34,98997.32
2026-08-18 09:20:00,4.34,4.35,4.33,4.33,5346.83
2026-08-18 09:25:00,4.33,4.34,4.33,4.34,4034.43
2026-08-18 09:30:00,4.34,4.36,4.34,4.35,259327.21
2026-08-18 09:35:00,4.35,4.36,4.35,4.36,5325.94
2026-08-18 09:40:00,4.36,4.37,4.34,4.34,71667.17
2026-08-18 09:45:00,4.34,4.35,4.34,4.34,50717.35
2026-08-18 09:50:00,4.34,4.34,4.32,4.32,174428.5
2026-08-18 09:55:00,4.32,4.33,4.32,4.32,6729.86
2026-08-18 10:00:00,4.32,4.35,4.32,4.34,44726.83
2026-08-18 10:05:00,4.34,4.35,4.33,4.34,46131.65
2026-08-18 10:10:00,4.34,4.35,4.33,4.33,249791.26
2026-08-18 10:15:00,4.33,4.34,4.33,4.34,10363.09
2026-08-18 10:20:00,4.34,4.35,4.33,4.34,29025.0
2026-08-18 10:25:00,4.34,4.35,4.34,4.35,183191.85
2026-08-18 10:30:00,4.35,4.35,4.34,4.34,9941.17
2026-08-18 10:35:00,4.34,4.35,4.34,4.34,157940.75
2026-08-18 10:40:00,4.34,4.34,4.33,4.34,66185.6
2026-08-18 10:45:00,4.34,4.36,4.34,4.36,28677.61
2026-08-18 10:50:00,4.36,4.37,4.35,4.36,21003.71
2026-08-18 10:55:00,4.36,4.38,4.36,4.37,28798.81
2026-08-18 11:00:00,4.37,4.37,4.37,4.37,34290.92
2026-08-18 11:05:00,4.37,4.39,4.37,4.38,4282.28
2026-08-18 11:10:00,4.38,4.39,4.37,4.39,34645.92
2026-08-18 11:15:00,4.39,4.39,4.38,4.38,36693.51
2026-08-18 11:20:00,4.38,4.4,4.37,4.39,54096.52
2026-08-18 11:25:00,4.39,4.4,4.39,4.39,35510.72
2026-08-18 11:30:00,4.39,4.4,4.39,4.39,96001.96
2026-08-18 11:35:00,4.39,4.39,4.38,4.39,100190.61
2026-08-18 11:40:00,4.39,4.39,4.37,4.38,16440.55
2026-08-18 11:45:00,4.38,4.39,4.37,4.38,6664.96
2026-08-18 11:50:00,4.38,4.38,4.38,4.38,37374.98
2026-08-18 11:55:00,4.38,4.38,4.36,4.36,124123.41
2026-08-18 12:00:00,4.36,4.36,4.34,4.34,171177.48
2026-08-18 12:05:00,4.34,4.34,4.32,4.32,8866.49
2026-08-18 12:10:00,4.32,4.32,4.31,4.32,44015.65
2026-08-18 12:15:00,4.32,4.32,4.3,4.32,13484.66
2026-08-18 12:20:00,4.32,4.33,4.32,4.32,6503.28
2026-08-18 12:25:00,4.32,4.33,4.32,4.33,34760.18
2026-08-18 12:30:00,4.33,4.34,4.33,4.34,8789.8
2026-08-18 12:35:00,4.34,4.34,4.33,4.34,116446.78
2026-08-18 12:40:00,4.34,4.35,4.33,4.33,2107.85
2026-08-18 12:45:00,4.33,4.34,4.33,4.34,129990.39
2026-08-18 12:50:00,4.34,4.34,4.34,4.34,33933.31
2026-08-18 12:55:00,4.34,4.34,4.32,4.32,98617.09
2026-08-18 13:00:00,4.32,4.34,4.31,4.33,33223.97
2026-08-18 13:05:00,4.33,4.34,4.33,4.34,43807.93
2026-08-18 13:10:00,4.34,4.35,4.34,4.35,36736.8
2026-08-18 13:15:00,4.35,4.35,4.34,4.35,25769.8
2026-08-18 13:20:00,4.35,4.36,4.34,4.34,28728.63
2026-08-18 13:25:00,4.34,4.35,4.34,4.34,2620.03
2026-08-18 13:30:00,4.34,4.36,4.34,4.35,58682.66
2026-08-18 13:35:00,4.35,4.37,4.35,4.36,130829.35
2026-08-18 13:40:00,4.36,4.36,4.35,4.36,58584.87
2026-08-18 13:45:00,4.36,4.37,4.35,4.37,61278.33
2026-08-18 13:50:00,4.37,4.37,4.37,4.37,7448.15
2026-08-18 13:55:00,4.37,4.37,4.37,4.37,514.83
2026-08-18 14:00:00,4.37,4.38,4.37,4.38,72257.78
2026-08-18 14:05:00,4.38,4.38,4.37,4.38,81025.29
2026-08-18 14:10:00,4.38,4.38,4.37,4.38,16152.41
2026-08-18 14:15:00,4.38,4.39,4.38,4.38,157710.41
2026-08-18 14:20:00,4.38,4.38,4.36,4.37,4175.64
2026-08-18 14:25:00,4.37,4.39,4.37,4.39,37690.08
2026-08-18 14:30:00,4.39,4.4,4.39,4.4,164248.76
2026-08-18 14:35:00,4.4,4.4,4.39,4.39,1952.74
2026-08-18 14:40:00,4.39,4.4,4.38,4.39,17009.56
2026-08-18 14:45:00,4.39,4.4,4.38,4.39,32492.24
2026-08-18 14:50:00,4.39,4.39,4.39,4.39,24169.08
2026-08-18 14:55:00,4.39,4.4,4.37,4.38,230.1
2026-08-18 15:00:00,4.38,4.38,4.36,4.36,26199.54
2026-08-18 15:05:00,4.36,4.39,4.36,4.38,46757.93
2026-08-18 15:10:00,4.38,4.39,4.37,4.37,117148.64
2026-08-18 15:15:00,4.37,4.38,4.37,4.38,71768.98
2026-08-18 15:20:00,4.38,4.38,4.37,4.38,100327.18
2026-08-18 15:25:00,4.38,4.39,4.37,4.37,11078.46
2026-08-18 15:30:00,4.37,4.39,4.37,4.39,11505.27
2026-08-18 15:35:00,4.39,4.39,4.38,4.38,157157.45
2026-08-18 15:40:00,4.38,4.38,4.37,4.37,3347.17
2026-08-18 15:45:00,4.37,4.37,4.36,4.37,62220.18
2026-08-18 15:50:00,4.37,4.37,4.36,4.36,188337.26
2026-08-18 15:55:00,4.36,4.37,4.35,4.36,77098.16
2026-08-18 16:00:00,4.36,4.37,4.36,4.37,25628.87
2026-08-18 16:05:00,4.37,4.38,4.36,4.37,35080.62
2026-08-18 16:10:00,4.37,4.38,4.36,4.37,39485.45
2026-08-18 16:15:00,4.37,4.39,4.37,4.38,6187.46
2026-08-18 16:20:00,4.38,4.39,4.37,4.37,187188.27
2026-08-18 16:25:00,4.37,4.37,4.36,4.37,41097.85
2026-08-18 16:30:00,4.37,4.37,4.35,4.36,32934.71
2026-08-18 16:35:00,4.36,4.37,4.36,4.36,79118.27
2026-08-18 16:40:00,4.36,4.37,4.36,4.36,23818.9
2026-08-18 16:45:00,4.36,4.37,4.35,4.36,30056.76
2026-08-18 16:50:00,4.36,4.37,4.34,4.36,55272.78
2026-08-18 16:55:00,4.36,4.36,4.36,4.36,9283.42
2026-08-18 17:00:00,4.36,4.37,4.36,4.37,17174.39
2026-08-18 17:05:00,4.37,4.37,4.36,4.36,4616.53
2026-08-18 17:10:00,4.36,4.37,4.35,4.35,4830.62
2026-08-18 17:15:00,4.35,4.36,4.35,4.35,33013.48
2026-08-18 17:20:00,4.35,4.36,4.34,4.36,13352.27
2026-08-18 17:25:00,4.36,4.36,4.35,4.35,117059.93
2026-08-18 17:30:00,4.35,4.36,4.35,4.35,105408.0
2026-08-18 17:35:00,4.35,4.37,4.35,4.36,101581.11
2026-08-18 17:40:00,4.36,4.37,4.35,4.36,87316.86
2026-08-18 17:45:00,4.36,4.37,4.36,4.36,59709.94
2026-08-18 17:50:00,4.36,4.36,4.36,4.36,35996.03
2026-08-18 17:55:00,4.36,4.37,4.36,4.36,276.51
2026-08-18 18:00:00,4.36,4.37,4.35,4.37,296708.53
2026-08-18 18:05:00,4.37,4.37,4.36,4.36,7314.57
2026-08-18 18:10:00,4.36,4.37,4.35,4.36,60124.07
2026-08-18 18:15:00,4.36,4.36,4.35,4.36,5372.69
2026-08-18 18:20:00,4.36,4.36,4.35,4.35,47810.98
2026-08-18 18:25:00,4.35,4.36,4.35,4.36,71267.96
2026-08-18 18:30:00,4.36,4.36,4.35,4.35,6077.56
2026-08-18 18:35:00,4.35,4.36,4.35,4.35,17259.13
2026-08-18 18:40:00,4.35,4.35,4.34,4.35,83225.37
2026-08-18 18:45:00,4.35,4.36,4.34,4.35,125027.15
2026-08-18 18:50:00,4.35,4.36,4.34,4.35,40537.58
2026-08-18 18:55:00,4.35,4.35,4.34,4.35,48581.05
2026-08-18 19:00:00,4.35,4.35,4.34,4.34,37183.78
2026-08-18 19:05:00,4.34,4.36,4.34,4.36,44621.75
2026-08-18 19:10:00,4.36,4.36,4.34,4.35,89346.36
2026-08-18 19:15:00,4.35,4.35,4.34,4.35,73148.33
2026-08-18 19:20:00,4.35,4.36,4.35,4.35,1931.71
2026-08-18 19:25:00,4.35,4.35,4.34,4.34,31763.63
2026-08-18 19:30:00,4.34,4.35,4.34,4.34,46747.66
2026-08-18 19:35:00,4.34,4.36,4.34,4.36,9492.07
2026-08-18 19:40:00,4.36,4.37,4.35,4.35,44306.92
2026-08-18 19:45:00,4.35,4.36,4.35,4.35,15195.67
2026-08-18 19:50:00,4.35,4.35,4.35,4.35,39471.96
2026-08-18 19:55:00,4.35,4.36,4.34,4.34,17986.19
2026-08-18 20:00:00,4.34,4.34,4.33,4.33,54124.24
2026-08-18 20:05:00,4.33,4.34,4.33,4.33,4881.58
2026-08-18 20:10:00,4.33,4.33,4.33,4.33,5470.3
2026-08-18 20:15:00,4.33,4.35,4.33,4.34,65945.33
2026-08-18 20:20:00,4.34,4.34,4.33,4.34,1580.02
2026-08-18 20:25:00,4.34,4.34,4.33,4.34,3600.58
2026-08-18 20:30:00,4.34,4.35,4.33,4.35,484885.1
2026-08-18 20:35:00,4.35,4.35,4.34,4.34,23842.67
2026-08-18 20:40:00,4.34,4.35,4.33,4.35,398926.23
2026-08-18 20:45:00,4.35,4.35,4.34,4.35,148400.65
2026-08-18 20:50:00,4.35,4.35,4.33,4.34,74279.48
2026-08-18 20:55:00,4.34,4.34,4.32,4.33,18578.97
2026-08-18 21:00:00,4.33,4.34,4.33,4.34,29258.16
2026-08-18 21:05:00,4.34,4.34,4.34,4.34,85039.13
2026-08-18 21:10:00,4.34,4.34,4.33,4.34,61809.24
2026-08-18 21:15:00,4.34,4.35,4.33,4.34,6416.93
2026-08-18 21:20:00,4.34,4.34,4.33,4.34,100931.78
2026-08-18 21:25:00,4.34,4.34,4.33,4.33,3306.21
2026-08-18 21:30:00,4.33,4.33,4.32,4.33,26512.21
2026-08-18 21:35:00,4.33,4.34,4.31,4.33,443003.62
2026-08-18 21:40:00,4.33,4.34,4.32,4.34,391695.45
2026-08-18 21:45:00,4.34,4.35,4.33,4.35,54057.44
2026-08-18 21:50:00,4.35,4.35,4.33,4.35,186013.09
2026-08-18 21:55:00,4.35,4.35,4.33,4.34,108783.25
2026-08-18 22:00:00,4.34,4.35,4.33,4.33,5683.84
2026-08-18 22:05:00,4.33,4.34,4.32,4.32,178182.06
2026-08-18 22:10:00,4.32,4.34,4.31,4.33,23730.58
2026-08-18 22:15:00,4.33,4.34,4.32,4.34,192854.16
2026-08-18 22:20:00,4.34,4.35,4.32,4.35,251674.53
2026-08-18 22:25:00,4.35,4.36,4.35,4.35,5041.48
2026-08-18 22:30:00,4.35,4.36,4.34,4.36,11878.19
2026-08-18 22:35:00,4.36,4.36,4.35,4.35,33899.04
2026-08-18 22:40:00,4.35,4.35,4.34,4.34,28269.36
2026-08-18 22:45:00,4.34,4.34,4.33,4.34,157315.1
2026-08-18 22:50:00,4.34,4.35,4.34,4.35,75636.96
2026-08-18 22:55:00,4.35,4.35,4.34,4.34,90642.63
2026-08-18 23:00:00,4.34,4.36,4.33,4.35,488823.67
2026-08-18 23:05:00,4.35,4.36,4.35,4.36,40116.46
2026-08-18 23:10:00,4.36,4.37,4.36,4.36,242829.78
2026-08-18 23:15:00,4.36,4.37,4.35,4.36,14809.1
2026-08-18 23:20:00,4.36,4.36,4.35,4.35,18415.07
2026-08-18 23:25:00,4.35,4.36,4.34,4.35,3809.09
2026-08-18 23:30:00,4.35,4.36,4.34,4.34,9959.9
2026-08-18 23:35:00,4.34,4.34,4.34,4.34,10081.34
2026-08-18 23:40:00,4.34,4.34,4.34,4.34,104818.77
2026-08-18 23:45:00,4.34,4.35,4.34,4.34,393.5
2026-08-18 23:50:00,4.34,4.35,4.33,4.34,11839.31
2026-08-18 23:55:00,4.34,4.34,4.33,4.33,122944.24
2026-08-19 00:00:00,4.33,4.34,4.33,4.33,19197.88
2026-08-19 00:05:00,4.33,4.34,4.33,4.33,16144.31
2026-08-19 00:10:00,4.33,4.34,4.33,4.33,49252.89
2026-08-19 00:15:00,4.33,4.34,4.33,4.33,67743.35
2026-08-19 00:20:00,4.33,4.34,4.31,4.34,493323.14
2026-08-19 00:25:00,4.34,4.34,4.33,4.34,173458.57
2026-08-19 00:30:00,4.34,4.36,4.34,4.34,140964.76
2026-08-19 00:35:00,4.34,4.35,4.34,4.34,2325.92
2026-08-19 00:40:00,4.34,4.35,4.33,4.35,2910.34
2026-08-19 00:45:00,4.35,4.36,4.34,4.35,261293.8
2026-08-19 00:50:00,4.35,4.35,4.34,4.35,42707.1
2026-08-19 00:55:00,4.35,4.35,4.34,4.34,61798.11
2026-08-19 01:00:00,4.34,4.36,4.34,4.36,16675.66
2026-08-19 01:05:00,4.36,4.36,4.33,4.34,206724.16
2026-08-19 01:10:00,4.34,4.34,4.33,4.34,13238.8
2026-08-19 01:15:00,4.34,4.34,4.33,4.33,4667.1
2026-08-19 01:20:00,4.33,4.34,4.33,4.33,43344.72
2026-08-19 01:25:00,4.33,4.34,4.32,4.33,32760.04
2026-08-19 01:30:00,4.33,4.33,4.32,4.32,25116.64
2026-08-19 01:35:00,4.32,4.34,4.32,4.33,54477.66
2026-08-19 01:40:00,4.33,4.34,4.33,4.33,86298.96
2026-08-19 01:45:00,4.33,4.34,4.33,4.33,96368.63
2026-08-19 01:50:00,4.33,4.33,4.33,4.33,5711.95
2026-08-19 01:55:00,4.33,4.33,4.32,4.33,21529.47
2026-08-19 02:00:00,4.33,4.33,4.32,4.32,3815.54
2026-08-19 02:05:00,4.32,4.32,4.31,4.32,57012.93
2026-08-19 02:10:00,4.32,4.32,4.31,4.31,12774.68
2026-08-19 02:15:00,4.31,4.34,4.31,4.33,17679.24
2026-08-19 02:20:00,4.33,4.33,4.33,4.33,4217.84
2026-08-19 02:25:00,4.33,4.34,4.32,4.34,443457.37
2026-08-19 02:30:00,4.34,4.34,4.33,4.33,147643.42
2026-08-19 02:35:00,4.33,4.34,4.32,4.32,35847.69
2026-08-19 02:40:00,4.32,4.34,4.32,4.34,8431.23
2026-08-19 02:45:00,4.34,4.34,4.33,4.34,112253.79
2026-08-19 02:50:00,4.34,4.34,4.33,4.34,77712.18
2026-08-19 02:55:00,4.34,4.34,4.33,4.33,40878.27
2026-08-19 03:00:00,4.33,4.34,4.33,4.33,21964.14
2026-08-19 03:05:00,4.33,4.34,4.31,4.32,40271.33
2026-08-19 03:10:00,4.32,4.32,4.31,4.32,18507.01
2026-08-19 03:15:00,4.32,4.33,4.3,4.32,173332.43
2026-08-19 03:20:00,4.32,4.34,4.31,4.34,59564.28
2026-08-19 03:25:00,4.34,4.34,4.33,4.33,45111.75
2026-08-19 03:30:00,4.33,4.34,4.33,4.34,39295.02
2026-08-19 03:35:00,4.34,4.34,4.34,4.34,16901.15
2026-08-19 03:40:00,4.34,4.35,4.33,4.33,100900.65
2026-08-19 03:45:00,4.33,4.34,4.32,4.33,121273.65
2026-08-19 03:50:00,4.33,4.35,4.33,4.34,4116.72
2026-08-19 03:55:00,4.34,4.36,4.34,4.36,31231.43
2026-08-19 04:00:00,4.36,4.38,4.35,4.35,142022.88
2026-08-19 04:05:00,4.35,4.36,4.35,4.35,40355.71
2026-08-19 04:10:00,4.35,4.37,4.34,4.35,89115.19
2026-08-19 04:15:00,4.35,4.35,4.35,4.35,8464.97
2026-08-19 04:20:00,4.35,4.36,4.34,4.35,14972.44
2026-08-19 04:25:00,4.35,4.36,4.35,4.35,45170.66
2026-08-19 04:30:00,4.35,4.36,4.34,4.35,274469.68
2026-08-19 04:35:00,4.35,4.35,4.33,4.33,5302.51
2026-08-19 04:40:00,4.33,4.33,4.32,4.32,112265.77
2026-08-19 04:45:00,4.32,4.33,4.31,4.33,26215.84
2026-08-19 04:50:00,4.33,4.33,4.32,4.32,175118.45
2026-08-19 04:55:00,4.32,4.32,4.31,4.32,59209.48
2026-08-19 05:00:00,4.32,4.33,4.3,4.33,304225.21
2026-08-19 05:05:00,4.33,4.33,4.32,4.32,61334.45
2026-08-19 05:10:00,4.32,4.33,4.32,4.32,4269.91
2026-08-19 05:15:00,4.32,4.33,4.32,4.32,169527.06
2026-08-19 05:20:00,4.32,4.32,4.31,4.32,178087.46
2026-08-19 05:25:00,4.32,4.32,4.31,4.32,69833.78
2026-08-19 05:30:00,4.32,4.33,4.32,4.32,11051.71
2026-08-19 05:35:00,4.32,4.33,4.32,4.32,257803.44
2026-08-19 05:40:00,4.32,4.32,4.32,4.32,221939.64
2026-08-19 05:45:00,4.32,4.33,4.31,4.32,16449.2
2026-08-19 05:50:00,4.32,4.32,4.31,4.32,10045.24
2026-08-19 05:55:00,4.32,4.33,4.31,4.32,17314.07
2026-08-19 06:00:00,4.32,4.33,4.32,4.32,68880.67
2026-08-19 06:05:00,4.32,4.32,4.32,4.32,88284.61
2026-08-19 06:10:00,4.32,4.32,4.32,4.32,91769.73
2026-08-19 06:15:00,4.32,4.32,4.31,4.31,61808.94
2026-08-19 06:20:00,4.31,4.32,4.31,4.31,54643.22
2026-08-19 06:25:00,4.31,4.32,4.3,4.31,22785.03
2026-08-19 06:30:00,4.31,4.32,4.3,4.31,191229.88
2026-08-19 06:35:00,4.31,4.33,4.31,4.32,23865.35
2026-08-19 06:40:00,4.32,4.33,4.32,4.33,361.84
2026-08-19 06:45:00,4.33,4.34,4.33,4.34,40870.42
2026-08-19 06:50:00,4.34,4.35,4.33,4.35,25683.27
2026-08-19 06:55:00,4.35,4.35,4.34,4.35,51753.8
2026-08-19 07:00:00,4.35,4.36,4.35,4.36,91438.92
2026-08-19 07:05:00,4.36,4.36,4.34,4.34,52155.04
2026-08-19 07:10:00,4.34,4.35,4.34,4.35,24142.1
2026-08-19 07:15:00,4.35,4.36,4.34,4.34,132353.7
2026-08-19 07:20:00,4.34,4.35,4.34,4.34,25815.27
2026-08-19 07:25:00,4.34,4.35,4.34,4.35,56104.3
2026-08-19 07:30:00,4.35,4.35,4.34,4.35,88629.09
2026-08-19 07:35:00,4.35,4.35,4.34,4.35,39908.36
2026-08-19 07:40:00,4.35,4.37,4.35,4.36,6250.23
2026-08-19 07:45:00,4.36,4.37,4.35,4.35,223774.0
2026-08-19 07:50:00,4.35,4.35,4.34,4.35,68919.58
2026-08-19 07:55:00,4.35,4.35,4.34,4.35,3076.1
2026-08-19 08:00:00,4.35,4.36,4.35,4.35,15074.67
2026-08-19 08:05:00,4.35,4.36,4.34,4.34,1776.87
2026-08-19 08:10:00,4.34,4.35,4.34,4.35,27834.92
2026-08-19 08:15:00,4.35,4.35,4.33,4.33,120243.7
2026-08-19 08:20:00,4.33,4.35,4.33,4.35,42993.07
2026-08-19 08:25:00,4.35,4.35,4.33,4.34,2113.6
2026-08-19 08:30:00,4.34,4.34,4.34,4.34,14617.05
2026-08-19 08:35:00,4.34,4.35,4.33,4.34,90789.03
2026-08-19 08:40:00,4.34,4.35,4.33,4.34,21502.49
2026-08-19 08:45:00,4.34,4.36,4.33,4.35,95784.4
2026-08-19 08:50:00,4.35,4.36,4.34,4.35,13098.39
2026-08-19 08:55:00,4.35,4.36,4.35,4.35,54432.96
2026-08-19 09:00:00,4.35,4.36,4.34,4.35,9017.45
2026-08-19 09:05:00,4.35,4.35,4.34,4.35,45105.09
2026-08-19 09:10:00,4.35,4.36,4.34,4.34,114990.99
2026-08-19 09:15:00,4.34,4.35,4.33,4.33,9125.95
2026-08-19 09:20:00,4.33,4.34,4.33,4.33,68546.87
2026-08-19 09:25:00,4.33,4.33,4.33,4.33,635.47
2026-08-19 09:30:00,4.33,4.33,4.32,4.33,45699.68
2026-08-19 09:35:00,4.33,4.34,4.32,4.34,69113.45
2026-08-19 09:40:00,4.34,4.34,4.33,4.33,882.81
2026-08-19 09:45:00,4.33,4.35,4.33,4.34,720.3
2026-08-19 09:50:00,4.34,4.36,4.34,4.35,37186.28
2026-08-19 09:55:00,4.35,4.37,4.34,4.34,765639.08
2026-08-19 10:00:00,4.34,4.38,4.34,4.36,97840.95
2026-08-19 10:05:00,4.36,4.37,4.36,4.37,51890.98
2026-08-19 10:10:00,4.37,4.38,4.36,4.36,383506.33
2026-08-19 10:15:00,4.36,4.37,4.35,4.35,1071.21
2026-08-19 10:20:00,4.35,4.35,4.35,4.35,18437.83
2026-08-19 10:25:00,4.35,4.37,4.35,4.37,45243.47
2026-08-19 10:30:00,4.37,4.37,4.36,4.37,2534.33
2026-08-19 10:35:00,4.37,4.39,4.36,4.36,61549.66
2026-08-19 10:40:00,4.36,4.37,4.36,4.37,48905.67
2026-08-19 10:45:00,4.37,4.37,4.36,4.37,8826.44
2026-08-19 10:50:00,4.37,4.38,4.37,4.37,21121.08
2026-08-19 10:55:00,4.37,4.37,4.37,4.37,33673.93
2026-08-19 11:00:00,4.37,4.38,4.36,4.37,248371.86
2026-08-19 11:05:00,4.37,4.37,4.35,4.36,76769.84
2026-08-19 11:10:00,4.36,4.37,4.35,4.35,16920.38
2026-08-19 11:15:00,4.35,4.35,4.34,4.35,79648.17
2026-08-19 11:20:00,4.35,4.36,4.35,4.36,39614.35
2026-08-19 11:25:00,4.36,4.36,4.35,4.35,19061.97
2026-08-19 11:30:00,4.35,4.36,4.35,4.36,937.64
2026-08-19 11:35:00,4.36,4.36,4.34,4.35,2151.61
2026-08-19 11:40:00,4.35,4.36,4.34,4.35,120338.3
2026-08-19 11:45:00,4.35,4.37,4.35,4.36,49054.89
2026-08-19 11:50:00,4.36,4.36,4.36,4.36,50107.57
2026-08-19 11:55:00,4.36,4.36,4.34,4.35,22725.91
2026-08-19 12:00:00,4.35,4.36,4.34,4.34,20034.87
2026-08-19 12:05:00,4.34,4.35,4.34,4.35,43132.38
2026-08-19 12:10:00,4.35,4.36,4.35,4.35,78656.88
2026-08-19 12:15:00,4.35,4.36,4.35,4.36,23544.98
2026-08-19 12:20:00,4.36,4.36,4.34,4.34,44032.43
2026-08-19 12:25:00,4.34,4.34,4.34,4.34,18311.89
2026-08-19 12:30:00,4.34,4.34,4.34,4.34,19518.96
2026-08-19 12:35:00,4.34,4.34,4.32,4.33,25788.35
2026-08-19 12:40:00,4.33,4.34,4.31,4.34,117633.35
2026-08-19 12:45:00,4.34,4.34,4.33,4.34,34795.39
2026-08-19 12:50:00,4.34,4.35,4.32,4.34,318881.55
2026-08-19 12:55:00,4.34,4.35,4.34,4.35,4575.13
2026-08-19 13:00:00,4.35,4.35,4.34,4.35,77939.13
2026-08-19 13:05:00,4.35,4.35,4.34,4.35,9306.9
2026-08-19 13:10:00,4.35,4.35,4.32,4.33,63103.3
2026-08-19 13:15:00,4.33,4.34,4.32,4.34,33734.04
2026-08-19 13:20:00,4.34,4.34,4.32,4.33,147632.11
2026-08-19 13:25:00,4.33,4.33,4.32,4.33,18692.68
2026-08-19 13:30:00,4.33,4.35,4.33,4.34,21012.96
2026-08-19 13:35:00,4.34,4.34,4.33,4.34,130127.67
2026-08-19 13:40:00,4.34,4.35,4.33,4.33,96335.39
2026-08-19 13:45:00,4.33,4.34,4.33,4.33,20327.7
2026-08-19 13:50:00,4.33,4.34,4.32,4.32,77670.54
2026-08-19 13:55:00,4.32,4.33,4.32,4.33,37184.61
2026-08-19 14:00:00,4.33,4.34,4.32,4.33,3322.65
2026-08-19 14:05:00,4.33,4.33,4.32,4.32,135.14
2026-08-19 14:10:00,4.32,4.33,4.3,4.31,10704.73
2026-08-19 14:15:00,4.31,4.32,4.3,4.31,39694.59
2026-08-19 14:20:00,4.31,4.31,4.29,4.29,1667.64
2026-08-19 14:25:00,4.29,4.3,4.28,4.3,12591.52
2026-08-19 14:30:00,4.3,4.31,4.29,4.3,292550.06
2026-08-19 14:35:00,4.3,4.31,4.29,4.31,165336.79
2026-08-19 14:40:00,4.31,4.33,4.3,4.32,577318.44
2026-08-19 14:45:00,4.32,4.33,4.3,4.33,359340.65
2026-08-19 14:50:00,4.33,4.34,4.32,4.32,129437.69
2026-08-19 14:55:00,4.32,4.33,4.31,4.33,467316.02
2026-08-19 15:00:00,4.33,4.33,4.32,4.32,9736.13
2026-08-19 15:05:00,4.32,4.33,4.32,4.32,11024.07
2026-08-19 15:10:00,4.32,4.33,4.31,4.32,33683.31
2026-08-19 15:15:00,4.32,4.33,4.31,4.33,450100.71
2026-08-19 15:20:00,4.33,4.33,4.31,4.32,40992.03
2026-08-19 15:25:00,4.32,4.32,4.3,4.31,7404.56
2026-08-19 15:30:00,4.31,4.32,4.3,4.31,224764.39
2026-08-19 15:35:00,4.31,4.32,4.3,4.3,81918.23
2026-08-19 15:40:00,4.3,4.31,4.29,4.31,46584.65
2026-08-19 15:45:00,4.31,4.31,4.3,4.31,15761.45
2026-08-19 15:50:00,4.31,4.32,4.31,4.31,9320.38
2026-08-19 15:55:00,4.31,4.32,4.31,4.32,46394.26
2026-08-19 16:00:00,4.32,4.32,4.31,4.32,4527.79
2026-08-19 16:05:00,4.32,4.32,4.31,4.32,10608.1
2026-08-19 16:10:00,4.32,4.32,4.31,4.32,103879.84
2026-08-19 16:15:00,4.32,4.32,4.31,4.31,89014.93
2026-08-19 16:20:00,4.31,4.31,4.3,4.3,25144.98
2026-08-19 16:25:00,4.3,4.31,4.3,4.31,69286.8
2026-08-19 16:30:00,4.31,4.31,4.3,4.31,15035.54
2026-08-19 16:35:00,4.31,4.31,4.3,4.31,23259.91
2026-08-19 16:40:00,4.31,4.31,4.29,4.3,33731.69
2026-08-19 16:45:00,4.3,4.31,4.29,4.3,14220.33
2026-08-19 16:50:00,4.3,4.3,4.29,4.3,91281.66
2026-08-19 16:55:00,4.3,4.3,4.3,4.3,34398.62
2026-08-19 17:00:00,4.3,4.3,4.29,4.3,10664.8
2026-08-19 17:05:00,4.3,4.3,4.3,4.3,16379.58
2026-08-19 17:10:00,4.3,4.31,4.3,4.31,4428.0
2026-08-19 17:15:00,4.31,4.32,4.3,4.31,64355.73
2026-08-19 17:20:00,4.31,4.32,4.29,4.3,166182.46
2026-08-19 17:25:00,4.3,4.3,4.29,4.3,33745.97
2026-08-19 17:30:00,4.3,4.3,4.29,4.3,2512.88
2026-08-19 17:35:00,4.3,4.3,4.3,4.3,32556.13
2026-08-19 17:40:00,4.3,4.3,4.28,4.29,156948.27
2026-08-19 17:45:00,4.29,4.3,4.27,4.29,30854.42
2026-08-19 17:50:00,4.29,4.3,4.29,4.29,128211.83
2026-08-19 17:55:00,4.29,4.3,4.28,4.3,152426.0
2026-08-19 18:00:00,4.3,4.31,4.29,4.3,2794.85
2026-08-19 18:05:00,4.3,4.31,4.29,4.31,73346.01
2026-08-19 18:10:00,4.31,4.32,4.31,4.31,32010.47
2026-08-19 18:15:00,4.31,4.31,4.31,4.31,38448.24
2026-08-19 18:20:00,4.31,4.31,4.3,4.31,105336.35
2026-08-19 18:25:00,4.31,4.31,4.3,4.31,139486.19
2026-08-19 18:30:00,4.31,4.31,4.31,4.31,59254.63
2026-08-19 18:35:00,4.31,4.31,4.31,4.31,75602.48
2026-08-19 18:40:00,4.31,4.32,4.3,4.32,20722.06
2026-08-19 18:45:00,4.32,4.32,4.31,4.31,8738.39
2026-08-19 18:50:00,4.31,4.32,4.3,4.31,30038.12
2026-08-19 18:55:00,4.31,4.32,4.3,4.31,152797.0
2026-08-19 19:00:00,4.31,4.32,4.31,4.31,28627.38
2026-08-19 19:05:00,4.31,4.31,4.29,4.3,73778.22
2026-08-19 19:10:00,4.3,4.3,4.29,4.3,39560.28
2026-08-19 19:15:00,4.3,4.3,4.3,4.3,37779.25
2026-08-19 19:20:00,4.3,4.31,4.3,4.3,47872.09
2026-08-19 19:25:00,4.3,4.3,4.29,4.29,19688.16
2026-08-19 19:30:00,4.29,4.3,4.28,4.3,364849.93
2026-08-19 19:35:00,4.3,4.3,4.29,4.3,53691.36
2026-08-19 19:40:00,4.3,4.3,4.28,4.3,371059.47
2026-08-19 19:45:00,4.3,4.31,4.29,4.29,190523.21
2026-08-19 19:50:00,4.29,4.29,4.29,4.29,18252.84
2026-08-19 19:55:00,4.29,4.29,4.27,4.28,5501.48
2026-08-19 20:00:00,4.28,4.29,4.26,4.28,20160.7
2026-08-19 20:05:00,4.28,4.29,4.28,4.29,20773.32
2026-08-19 20:10:00,4.29,4.29,4.28,4.29,87809.48
2026-08-19 20:15:00,4.29,4.31,4.28,4.3,47344.98
2026-08-19 20:20:00,4.3,4.3,4.29,4.29,70524.54
2026-08-19 20:25:00,4.29,4.29,4.28,4.29,112837.57
2026-08-19 20:30:00,4.29,4.29,4.27,4.28,17625.13
2026-08-19 20:35:00,4.28,4.29,4.27,4.28,57187.71
2026-08-19 20:40:00,4.28,4.29,4.26,4.28,67044.54
2026-08-19 20:45:00,4.28,4.29,4.28,4.28,70307.02
2026-08-19 20:50:00,4.28,4.29,4.27,4.28,38473.66
2026-08-19 20:55:00,4.28,4.3,4.27,4.29,60811.68
2026-08-19 21:00:00,4.29,4.3,4.28,4.3,37390.22
2026-08-19 21:05:00,4.3,4.3,4.29,4.3,84392.1
2026-08-19 21:10:00,4.3,4.3,4.29,4.29,49769.17
2026-08-19 21:15:00,4.29,4.31,4.28,4.3,131313.0
2026-08-19 21:20:00,4.3,4.31,4.3,4.3,7495.48
2026-08-19 21:25:00,4.3,4.31,4.3,4.3,16350.73
2026-08-19 21:30:00,4.3,4.31,4.29,4.31,15613.01
2026-08-19 21:35:00,4.31,4.31,4.29,4.3,112805.71
2026-08-19 21:40:00,4.3,4.31,4.3,4.31,35854.37
2026-08-19 21:45:00,4.31,4.32,4.3,4.31,48912.94
2026-08-19 21:50:00,4.31,4.33,4.31,4.33,9622.34
2026-08-19 21:55:00,4.33,4.33,4.32,4.32,135557.7
2026-08-19 22:00:00,4.32,4.32,4.3,4.31,7375.22
2026-08-19 22:05:00,4.31,4.33,4.31,4.32,2325.85
2026-08-19 22:10:00,4.32,4.32,4.32,4.32,38819.14
2026-08-19 22:15:00,4.32,4.32,4.32,4.32,44575.2
2026-08-19 22:20:00,4.32,4.33,4.31,4.31,97997.46
2026-08-19 22:25:00,4.31,4.31,4.3,4.3,98620.75
2026-08-19 22:30:00,4.3,4.3,4.3,4.3,9786.78
2026-08-19 22:35:00,4.3,4.32,4.3,4.32,120414.2
2026-08-19 22:40:00,4.32,4.32,4.32,4.32,182025.18
2026-08-19 22:45:00,4.32,4.32,4.31,4.31,31274.25
2026-08-19 22:50:00,4.31,4.32,4.3,4.3,40205.2
2026-08-19 22:55:00,4.3,4.31,4.29,4.3,47146.7
2026-08-19 23:00:00,4.3,4.31,4.29,4.3,183662.37
2026-08-19 23:05:00,4.3,4.31,4.29,4.3,20370.71
2026-08-19 23:10:00,4.3,4.31,4.3,4.3,61547.07
2026-08-19 23:15:00,4.3,4.3,4.29,4.29,21426.89
2026-08-19 23:20:00,4.29,4.3,4.27,4.3,186571.64
2026-08-19 23:25:00,4.3,4.3,4.29,4.3,20814.51
2026-08-19 23:30:00,4.3,4.3,4.28,4.3,138602.46
2026-08-19 23:35:00,4.3,4.31,4.29,4.3,14975.38
2026-08-19 23:40:00,4.3,4.3,4.29,4.29,14354.55
2026-08-19 23:45:00,4.29,4.29,4.28,4.28,8699.11
2026-08-19 23:50:00,4.28,4.3,4.27,4.29,95742.75
2026-08-19 23:55:00,4.29,4.3,4.29,4.3,64778.95
2026-08-20 00:00:00,4.3,4.31,4.29,4.31,47637.41
2026-08-20 00:05:00,4.31,4.31,4.31,4.31,12038.16
2026-08-20 00:10:00,4.31,4.32,4.31,4.31,37917.44
2026-08-20 00:15:00,4.31,4.31,4.29,4.3,62644.42
2026-08-20 00:20:00,4.3,4.3,4.29,4.29,58117.51
2026-08-20 00:25:00,4.29,4.29,4.29,4.29,45004.42
2026-08-20 00:30:00,4.29,4.29,4.29,4.29,38106.19
2026-08-20 00:35:00,4.29,4.3,4.27,4.29,147821.99
2026-08-20 00:40:00,4.29,4.31,4.29,4.3,20332.32
2026-08-20 00:45:00,4.3,4.31,4.29,4.29,32190.37
2026-08-20 00:50:00,4.29,4.31,4.29,4.3,2576.21
2026-08-20 00:55:00,4.3,4.3,4.29,4.29,41162.89
2026-08-20 01:00:00,4.29,4.3,4.29,4.3,120337.48
2026-08-20 01:05:00,4.3,4.31,4.29,4.29,32207.66
2026-08-20 01:10:00,4.29,4.3,4.29,4.29,12729.48
2026-08-20 01:15:00,4.29,4.3,4.29,4.3,18697.31
2026-08-20 01:20:00,4.3,4.3,4.29,4.3,54339.57
2026-08-20 01:25:00,4.3,4.3,4.28,4.29,23163.31
2026-08-20 01:30:00,4.29,4.29,4.29,4.29,59803.23
2026-08-20 01:35:00,4.29,4.29,4.28,4.29,160243.89
2026-08-20 01:40:00,4.29,4.29,4.27,4.29,132199.65
2026-08-20 01:45:00,4.29,4.29,4.27,4.28,52170.55
2026-08-20 01:50:00,4.28,4.28,4.28,4.28,81955.83
2026-08-20 01:55:00,4.28,4.29,4.27,4.27,29216.53
2026-08-20 02:00:00,4.27,4.28,4.27,4.28,344325.06
2026-08-20 02:05:00,4.28,4.28,4.26,4.28,404333.89
2026-08-20 02:10:00,4.28,4.29,4.28,4.28,47324.64
2026-08-20 02:15:00,4.28,4.29,4.28,4.29,1795.21
2026-08-20 02:20:00,4.29,4.29,4.29,4.29,7676.08
2026-08-20 02:25:00,4.29,4.29,4.27,4.28,2726.96
2026-08-20 02:30:00,4.28,4.28,4.28,4.28,60199.59
2026-08-20 02:35:00,4.28,4.28,4.27,4.28,899.14
2026-08-20 02:40:00,4.28,4.3,4.27,4.29,66235.71
2026-08-20 02:45:00,4.29,4.29,4.28,4.28,8498.93
2026-08-20 02:50:00,4.28,4.29,4.27,4.28,526637.34
2026-08-20 02:55:00,4.28,4.3,4.27,4.29,206233.49
2026-08-20 03:00:00,4.29,4.3,4.27,4.28,29342.77
2026-08-20 03:05:00,4.28,4.29,4.27,4.29,23513.94
2026-08-20 03:10:00,4.29,4.3,4.29,4.3,152963.91
2026-08-20 03:15:00,4.3,4.31,4.3,4.3,14494.72
2026-08-20 03:20:00,4.3,4.31,4.29,4.3,2282.89
2026-08-20 03:25:00,4.3,4.3,4.29,4.3,56424.03
2026-08-20 03:30:00,4.3,4.3,4.29,4.29,61196.67
2026-08-20 03:35:00,4.29,4.31,4.29,4.31,4935.45
2026-08-20 03:40:00,4.31,4.32,4.3,4.3,294973.22
2026-08-20 03:45:00,4.3,4.31,4.3,4.31,62326.04
2026-08-20 03:50:00,4.31,4.31,4.3,4.3,12933.07
2026-08-20 03:55:00,4.3,4.31,4.3,4.3,152088.28
2026-08-20 04:00:00,4.3,4.3,4.29,4.29,28078.54
2026-08-20 04:05:00,4.29,4.3,4.29,4.3,19901.59
2026-08-20 04:10:00,4.3,4.3,4.29,4.3,2161.98
2026-08-20 04:15:00,4.3,4.31,4.3,4.31,56275.89
2026-08-20 04:20:00,4.31,4.32,4.3,4.3,39110.77
2026-08-20 04:25:00,4.3,4.3,4.29,4.3,82826.71
2026-08-20 04:30:00,4.3,4.3,4.29,4.3,79641.35
2026-08-20 04:35:00,4.3,4.3,4.29,4.29,6377.93
2026-08-20 04:40:00,4.29,4.31,4.29,4.31,40303.16
2026-08-20 04:45:00,4.31,4.32,4.3,4.3,491187.22
2026-08-20 04:50:00,4.3,4.32,4.3,4.32,120724.92
2026-08-20 04:55:00,4.32,4.32,4.31,4.31,25480.55
2026-08-20 05:00:00,4.31,4.32,4.29,4.3,172044.95
2026-08-20 05:05:00,4.3,4.3,4.28,4.29,53260.89
2026-08-20 05:10:00,4.29,4.29,4.27,4.27,79960.05
2026-08-20 05:15:00,4.27,4.29,4.26,4.28,65647.88
2026-08-20 05:20:00,4.28,4.29,4.27,4.27,26842.83
2026-08-20 05:25:00,4.27,4.29,4.27,4.28,66387.6
2026-08-20 05:30:00,4.28,4.3,4.28,4.29,103858.21
2026-08-20 05:35:00,4.29,4.3,4.28,4.29,2988.2
2026-08-20 05:40:00,4.29,4.3,4.28,4.28,59792.99
2026-08-20 05:45:00,4.28,4.29,4.28,4.29,67487.89
2026-08-20 05:50:00,4.29,4.3,4.28,4.28,40401.78
2026-08-20 05:55:00,4.28,4.29,4.28,4.28,111200.63
2026-08-20 06:00:00,4.28,4.28,4.28,4.28,28056.38
2026-08-20 06:05:00,4.28,4.29,4.27,4.28,84331.09
2026-08-20 06:10:00,4.28,4.28,4.27,4.28,16922.28
2026-08-20 06:15:00,4.28,4.29,4.27,4.28,38216.55
2026-08-20 06:20:00,4.28,4.29,4.28,4.29,16531.77
2026-08-20 06:25:00,4.29,4.29,4.27,4.28,25795.24
2026-08-20 06:30:00,4.28,4.29,4.27,4.28,2246.87
2026-08-20 06:35:00,4.28,4.29,4.27,4.27,80959.75
2026-08-20 06:40:00,4.27,4.27,4.25,4.25,99196.88
2026-08-20 06:45:00,4.25,4.27,4.25,4.26,23401.12
2026-08-20 06:50:00,4.26,4.27,4.26,4.26,25270.31
2026-08-20 06:55:00,4.26,4.26,4.25,4.26,142189.7
2026-08-20 07:00:00,4.26,4.26,4.25,4.25,46959.64
2026-08-20 07:05:00,4.25,4.26,4.25,4.25,8376.82
2026-08-20 07:10:00,4.25,4.26,4.24,4.26,457275.32
2026-08-20 07:15:00,4.26,4.27,4.26,4.27,26277.97
2026-08-20 07:20:00,4.27,4.27,4.26,4.26,48176.55
2026-08-20 07:25:00,4.26,4.27,4.25,4.26,185807.6
2026-08-20 07:30:00,4.26,4.26,4.25,4.26,15839.38
2026-08-20 07:35:00,4.26,4.26,4.24,4.26,18880.4
2026-08-20 07:40:00,4.26,4.27,4.26,4.26,162322.26
2026-08-20 07:45:00,4.26,4.26,4.26,4.26,49127.97
2026-08-20 07:50:00,4.26,4.27,4.25,4.27,6692.65
2026-08-20 07:55:00,4.27,4.27,4.27,4.27,10237.96
2026-08-20 08:00:00,4.27,4.29,4.27,4.28,67625.69
2026-08-20 08:05:00,4.28,4.28,4.27,4.28,36410.89
2026-08-20 08:10:00,4.28,4.29,4.26,4.27,47595.49
2026-08-20 08:15:00,4.27,4.27,4.26,4.27,124839.17
2026-08-20 08:20:00,4.27,4.29,4.26,4.28,13912.92
2026-08-20 08:25:00,4.28,4.29,4.28,4.28,38590.84
2026-08-20 08:30:00,4.28,4.28,4.27,4.28,5230.05
2026-08-20 08:35:00,4.28,4.28,4.27,4.27,7303.46
2026-08-20 08:40:00,4.27,4.27,4.26,4.27,2109.46
2026-08-20 08:45:00,4.27,4.27,4.26,4.27,112028.65
2026-08-20 08:50:00,4.27,4.27,4.27,4.27,8872.36
2026-08-20 08:55:00,4.27,4.28,4.27,4.27,44356.19
2026-08-20 09:00:00,4.27,4.28,4.27,4.28,7011.69
2026-08-20 09:05:00,4.28,4.28,4.27,4.28,17092.31
2026-08-20 09:10:00,4.28,4.29,4.26,4.28,43800.4
2026-08-20 09:15:00,4.28,4.29,4.28,4.28,6272.57
2026-08-20 09:20:00,4.28,4.29,4.27,4.28,8606.98
2026-08-20 09:25:00,4.28,4.29,4.28,4.28,56090.99
2026-08-20 09:30:00,4.28,4.3,4.27,4.3,135787.11
2026-08-20 09:35:00,4.3,4.31,4.3,4.3,19021.74
2026-08-20 09:40:00,4.3,4.31,4.29,4.29,16415.73
2026-08-20 09:45:00,4.29,4.3,4.29,4.3,13053.38
2026-08-20 09:50:00,4.3,4.31,4.3,4.31,53243.05
2026-08-20 09:55:00,4.31,4.31,4.29,4.3,23673.58
2026-08-20 10:00:00,4.3,4.3,4.3,4.3,11093.68
2026-08-20 10:05:00,4.3,4.3,4.29,4.3,90645.4
2026-08-20 10:10:00,4.3,4.3,4.28,4.29,5771.46
2026-08-20 10:15:00,4.29,4.29,4.27,4.27,25540.02
2026-08-20 10:20:00,4.27,4.27,4.26,4.26,218551.16
2026-08-20 10:25:00,4.26,4.28,4.26,4.27,14373.32
2026-08-20 10:30:00,4.27,4.28,4.27,4.28,11891.88
2026-08-20 10:35:00,4.28,4.29,4.28,4.29,18302.47
2026-08-20 10:40:00,4.29,4.29,4.28,4.29,48065.8
2026-08-20 10:45:00,4.29,4.3,4.29,4.3,51639.97
2026-08-20 10:50:00,4.3,4.31,4.3,4.3,16257.09
2026-08-20 10:55:00,4.3,4.31,4.3,4.3,38656.71
2026-08-20 11:00:00,4.3,4.31,4.29,4.3,49358.47
2026-08-20 11:05:00,4.3,4.3,4.29,4.3,79483.46
2026-08-20 11:10:00,4.3,4.3,4.29,4.3,33476.03
2026-08-20 11:15:00,4.3,4.31,4.3,4.3,56606.42
2026-08-20 11:20:00,4.3,4.32,4.3,4.32,78706.94
2026-08-20 11:25:00,4.32,4.32,4.31,4.32,5447.06
2026-08-20 11:30:00,4.32,4.34,4.3,4.31,82331.29
2026-08-20 11:35:00,4.31,4.31,4.3,4.3,14369.69
2026-08-20 11:40:00,4.3,4.31,4.3,4.31,21635.47
2026-08-20 11:45:00,4.31,4.31,4.3,4.31,25671.43
2026-08-20 11:50:00,4.31,4.32,4.3,4.3,29033.63
2026-08-20 11:55:00,4.3,4.31,4.29,4.29,64344.66
2026-08-20 12:00:00,4.29,4.31,4.28,4.3,63022.4
2026-08-20 12:05:00,4.3,4.3,4.29,4.3,36026.08
2026-08-20 12:10:00,4.3,4.3,4.29,4.29,6092.52
2026-08-20 12:15:00,4.29,4.3,4.29,4.29,28623.45
2026-08-20 12:20:00,4.29,4.31,4.28,4.3,11877.71
2026-08-20 12:25:00,4.3,4.31,4.3,4.31,19257.75
2026-08-20 12:30:00,4.31,4.32,4.3,4.31,51180.73
2026-08-20 12:35:00,4.31,4.32,4.31,4.31,2576.44
2026-08-20 12:40:00,4.31,4.32,4.3,4.3,375805.08
2026-08-20 12:45:00,4.3,4.31,4.3,4.31,134252.23
2026-08-20 12:50:00,4.31,4.33,4.3,4.3,515941.91
2026-08-20 12:55:00,4.3,4.3,4.29,4.3,47256.97
2026-08-20 13:00:00,4.3,4.3,4.3,4.3,16888.72
2026-08-20 13:05:00,4.3,4.31,4.29,4.31,26149.15
2026-08-20 13:10:00,4.31,4.31,4.3,4.3,51775.54
2026-08-20 13:15:00,4.3,4.31,4.29,4.3,226313.41
2026-08-20 13:20:00,4.3,4.3,4.29,4.29,291.18
2026-08-20 13:25:00,4.29,4.29,4.28,4.28,42863.09
2026-08-20 13:30:00,4.28,4.29,4.28,4.28,62877.5
2026-08-20 13:35:00,4.28,4.29,4.28,4.28,69472.19
2026-08-20 13:40:00,4.28,4.28,4.26,4.27,39698.89
2026-08-20 13:45:00,4.27,4.28,4.27,4.28,33027.17
2026-08-20 13:50:00,4.28,4.28,4.27,4.27,13624.45
2026-08-20 13:55:00,4.27,4.28,4.27,4.27,58918.15
2026-08-20 14:00:00,4.27,4.27,4.26,4.26,6512.32
2026-08-20 14:05:00,4.26,4.27,4.26,4.27,292376.06
2026-08-20 14:10:00,4.27,4.29,4.27,4.28,60350.79
2026-08-20 14:15:00,4.28,4.28,4.27,4.27,20091.49
2026-08-20 14:20:00,4.27,4.27,4.26,4.27,54433.92
2026-08-20 14:25:00,4.27,4.27,4.26,4.26,30743.31
2026-08-20 14:30:00,4.26,4.28,4.25,4.27,21240.82
2026-08-20 14:35:00,4.27,4.28,4.26,4.26,119619.2
2026-08-20 14:40:00,4.26,4.27,4.25,4.26,14640.6
2026-08-20 14:45:00,4.26,4.27,4.25,4.25,56753.86
2026-08-20 14:50:00,4.25,4.26,4.25,4.25,46056.49
2026-08-20 14:55:00,4.25,4.27,4.25,4.26,39144.84
2026-08-20 15:00:00,4.26,4.27,4.26,4.27,105137.85
2026-08-20 15:05:00,4.27,4.28,4.26,4.27,15162.83
2026-08-20 15:10:00,4.27,4.27,4.26,4.26,49384.43
2026-08-20 15:15:00,4.26,4.27,4.25,4.27,699583.79
2026-08-20 15:20:00,4.27,4.28,4.27,4.28,59860.68
2026-08-20 15:25:00,4.28,4.29,4.28,4.29,28294.16
2026-08-20 15:30:00,4.29,4.3,4.29,4.29,5020.95
2026-08-20 15:35:00,4.29,4.3,4.28,4.3,19474.3
2026-08-20 15:40:00,4.3,4.3,4.28,4.29,4469.37
2026-08-20 15:45:00,4.29,4.3,4.29,4.3,63962.77
2026-08-20 15:50:00,4.3,4.3,4.29,4.29,138245.97
2026-08-20 15:55:00,4.29,4.31,4.29,4.31,19313.25
2026-08-20 16:00:00,4.31,4.31,4.3,4.3,2515.29
2026-08-20 16:05:00,4.3,4.3,4.29,4.29,226.81
2026-08-20 16:10:00,4.29,4.3,4.29,4.3,8784.88
2026-08-20 16:15:00,4.3,4.31,4.29,4.3,35086.14
2026-08-20 16:20:00,4.3,4.3,4.29,4.3,16216.47
2026-08-20 16:25:00,4.3,4.32,4.29,4.31,18124.19
2026-08-20 16:30:00,4.31,4.31,4.29,4.3,1433.54
2026-08-20 16:35:00,4.3,4.31,4.3,4.31,69999.38
2026-08-20 16:40:00,4.31,4.32,4.31,4.32,83509.92
2026-08-20 16:45:00,4.32,4.33,4.31,4.31,88026.2
2026-08-20 16:50:00,4.31,4.32,4.3,4.3,39717.51
2026-08-20 16:55:00,4.3,4.31,4.29,4.31,48691.01
2026-08-20 17:00:00,4.31,4.33,4.29,4.3,41254.42
2026-08-20 17:05:00,4.3,4.31,4.3,4.3,133321.56
2026-08-20 17:10:00,4.3,4.3,4.29,4.29,3700.56
2026-08-20 17:15:00,4.29,4.3,4.29,4.29,9112.32
2026-08-20 17:20:00,4.29,4.29,4.29,4.29,169805.06
2026-08-20 17:25:00,4.29,4.3,4.28,4.3,3546.21
2026-08-20 17:30:00,4.3,4.31,4.3,4.3,42427.93
2026-08-20 17:35:00,4.3,4.3,4.3,4.3,18062.22
2026-08-20 17:40:00,4.3,4.3,4.28,4.29,90965.66
2026-08-20 17:45:00,4.29,4.29,4.26,4.27,79820.63
2026-08-20 17:50:00,4.27,4.27,4.26,4.26,748.3
2026-08-20 17:55:00,4.26,4.27,4.25,4.25,51150.3
2026-08-20 18:00:00,4.25,4.26,4.24,4.25,87463.53
2026-08-20 18:05:00,4.25,4.27,4.23,4.26,306584.87
2026-08-20 18:10:00,4.26,4.26,4.26,4.26,7910.41
2026-08-20 18:15:00,4.26,4.28,4.26,4.28,29636.2
2026-08-20 18:20:00,4.28,4.28,4.27,4.28,47199.5
2026-08-20 18:25:00,4.28,4.28,4.27,4.28,3706.12
2026-08-20 18:30:00,4.28,4.29,4.27,4.27,60621.37
2026-08-20 18:35:00,4.27,4.27,4.26,4.26,81373.01
2026-08-20 18:40:00,4.26,4.26,4.25,4.26,33668.81
2026-08-20 18:45:00,4.26,4.26,4.24,4.26,68379.13
2026-08-20 18:50:00,4.26,4.26,4.25,4.25,32665.37
2026-08-20 18:55:00,4.25,4.26,4.25,4.26,13690.64
2026-08-20 19:00:00,4.26,4.27,4.25,4.26,71869.82
2026-08-20 19:05:00,4.26,4.28,4.26,4.28,49212.37
2026-08-20 19:10:00,4.28,4.29,4.28,4.29,21252.66
2026-08-20 19:15:00,4.29,4.3,4.28,4.29,41462.32
2026-08-20 19:20:00,4.29,4.29,4.28,4.29,89015.5
2026-08-20 19:25:00,4.29,4.29,4.28,4.29,33095.12
2026-08-20 19:30:00,4.29,4.3,4.28,4.29,31589.86
2026-08-20 19:35:00,4.29,4.29,4.27,4.28,22434.8
2026-08-20 19:40:00,4.28,4.29,4.27,4.27,19127.01
2026-08-20 19:45:00,4.27,4.27,4.26,4.26,4915.81
2026-08-20 19:50:00,4.26,4.27,4.25,4.27,257016.75
2026-08-20 19:55:00,4.27,4.28,4.27,4.27,17944.65
2026-08-20 20:00:00,4.27,4.28,4.26,4.27,25427.81
2026-08-20 20:05:00,4.27,4.28,4.27,4.28,18810.6
2026-08-20 20:10:00,4.28,4.29,4.27,4.27,130646.82
2026-08-20 20:15:00,4.27,4.27,4.26,4.26,44189.5
2026-08-20 20:20:00,4.26,4.27,4.25,4.26,37999.74
2026-08-20 20:25:00,4.26,4.26,4.24,4.24,56422.8
2026-08-20 20:30:00,4.24,4.25,4.24,4.25,9621.93
2026-08-20 20:35:00,4.25,4.26,4.25,4.26,34411.95
2026-08-20 20:40:00,4.26,4.27,4.24,4.27,104336.44
2026-08-20 20:45:00,4.27,4.27,4.26,4.26,792.35
2026-08-20 20:50:00,4.26,4.27,4.26,4.27,4223.04
2026-08-20 20:55:00,4.27,4.27,4.26,4.27,7304.41
2026-08-20 21:00:00,4.27,4.28,4.26,4.28,36991.57
2026-08-20 21:05:00,4.28,4.28,4.27,4.27,101555.43
2026-08-20 21:10:00,4.27,4.27,4.26,4.26,86761.76
2026-08-20 21:15:00,4.26,4.26,4.25,4.26,41905.31
2026-08-20 21:20:00,4.26,4.26,4.25,4.25,192175.32
2026-08-20 21:25:00,4.25,4.26,4.24,4.25,27922.99
2026-08-20 21:30:00,4.25,4.28,4.24,4.27,18995.61
2026-08-20 21:35:00,4.27,4.27,4.26,4.26,10420.73
2026-08-20 21:40:00,4.26,4.28,4.26,4.27,106431.9
2026-08-20 21:45:00,4.27,4.27,4.25,4.26,124604.75
2026-08-20 21:50:00,4.26,4.27,4.25,4.26,71149.02
2026-08-20 21:55:00,4.26,4.26,4.25,4.26,26490.98
2026-08-20 22:00:00,4.26,4.26,4.25,4.25,9113.63
2026-08-20 22:05:00,4.25,4.26,4.24,4.26,88281.89
2026-08-20 22:10:00,4.26,4.28,4.26,4.27,164724.18
2026-08-20 22:15:00,4.27,4.27,4.27,4.27,1292.97
2026-08-20 22:20:00,4.27,4.27,4.27,4.27,21030.67
2026-08-20 22:25:00,4.27,4.28,4.25,4.26,7187.5
2026-08-20 22:30:00,4.26,4.27,4.24,4.27,225822.79
2026-08-20 22:35:00,4.27,4.27,4.26,4.26,138752.84
2026-08-20 22:40:00,4.26,4.26,4.26,4.26,14114.85
2026-08-20 22:45:00,4.26,4.26,4.25,4.25,6412.46
2026-08-20 22:50:00,4.25,4.26,4.25,4.25,46111.18
2026-08-20 22:55:00,4.25,4.26,4.25,4.25,26294.97
2026-08-20 23:00:00,4.25,4.26,4.24,4.26,76459.75
2026-08-20 23:05:00,4.26,4.27,4.25,4.27,252901.67
2026-08-20 23:10:00,4.27,4.27,4.26,4.27,22385.93
2026-08-20 23:15:00,4.27,4.27,4.27,4.27,6356.08
2026-08-20 23:20:00,4.27,4.27,4.25,4.25,84172.41
2026-08-20 23:25:00,4.25,4.26,4.25,4.26,25237.46
2026-08-20 23:30:00,4.26,4.27,4.25,4.27,28334.81
2026-08-20 23:35:00,4.27,4.28,4.27,4.28,34645.66
2026-08-20 23:40:00,4.28,4.28,4.26,4.27,135167.37
2026-08-20 23:45:00,4.27,4.27,4.27,4.27,68706.14
2026-08-20 23:50:00,4.27,4.28,4.26,4.27,60979.08
2026-08-20 23:55:00,4.27,4.28,4.27,4.28,23869.39
2026-08-21 00:00:00,4.28,4.28,4.27,4.28,69631.35
2026-08-21 00:05:00,4.28,4.29,4.28,4.28,124568.92
2026-08-21 00:10:00,4.28,4.31,4.28,4.31,5635.19
2026-08-21 00:15:00,4.31,4.32,4.3,4.32,71741.99
2026-08-21 00:20:00,4.32,4.33,4.31,4.31,90615.52
2026-08-21 00:25:00,4.31,4.32,4.3,4.31,20684.02
2026-08-21 00:30:00,4.31,4.32,4.3,4.3,328866.03
2026-08-21 00:35:00,4.3,4.31,4.29,4.29,26236.26
2026-08-21 00:40:00,4.29,4.3,4.28,4.28,59860.28
2026-08-21 00:45:00,4.28,4.29,4.27,4.28,1437.38
2026-08-21 00:50:00,4.28,4.28,4.28,4.28,60227.91
2026-08-21 00:55:00,4.28,4.29,4.28,4.28,10828.92
2026-08-21 01:00:00,4.28,4.3,4.28,4.28,53709.8
2026-08-21 01:05:00,4.28,4.29,4.27,4.27,33556.59
2026-08-21 01:10:00,4.27,4.28,4.25,4.26,394.35
2026-08-21 01:15:00,4.26,4.26,4.25,4.26,226990.33
2026-08-21 01:20:00,4.26,4.27,4.24,4.26,50160.24
2026-08-21 01:25:00,4.26,4.26,4.24,4.25,10128.45
2026-08-21 01:30:00,4.25,4.25,4.24,4.24,15193.89
2026-08-21 01:35:00,4.24,4.25,4.24,4.24,205617.13
2026-08-21 01:40:00,4.24,4.25,4.23,4.25,23380.49
2026-08-21 01:45:00,4.25,4.26,4.24,4.26,177607.01
2026-08-21 01:50:00,4.26,4.28,4.26,4.27,41594.57
2026-08-21 01:55:00,4.27,4.27,4.26,4.27,1823.19
2026-08-21 02:00:00,4.27,4.28,4.26,4.26,130206.61
2026-08-21 02:05:00,4.26,4.26,4.26,4.26,26543.71
2026-08-21 02:10:00,4.26,4.27,4.25,4.25,236.19
2026-08-21 02:15:00,4.25,4.26,4.24,4.26,11519.97
2026-08-21 02:20:00,4.26,4.27,4.25,4.27,37010.74
2026-08-21 02:25:00,4.27,4.29,4.27,4.28,19979.71
2026-08-21 02:30:00,4.28,4.29,4.27,4.28,7137.17
2026-08-21 02:35:00,4.28,4.28,4.28,4.28,23435.61
2026-08-21 02:40:00,4.28,4.29,4.27,4.28,624268.73
2026-08-21 02:45:00,4.28,4.28,4.27,4.27,249.49
2026-08-21 02:50:00,4.27,4.27,4.27,4.27,40506.56
2026-08-21 02:55:00,4.27,4.27,4.27,4.27,89055.5
2026-08-21 03:00:00,4.27,4.28,4.27,4.27,20515.07
2026-08-21 03:05:00,4.27,4.28,4.27,4.28,153827.25
2026-08-21 03:10:00,4.28,4.28,4.27,4.27,124596.51
2026-08-21 03:15:00,4.27,4.27,4.26,4.26,9736.62
2026-08-21 03:20:00,4.26,4.26,4.25,4.26,96571.4
2026-08-21 03:25:00,4.26,4.27,4.26,4.27,33222.0
2026-08-21 03:30:00,4.27,4.28,4.27,4.27,14322.99
2026-08-21 03:35:00,4.27,4.28,4.26,4.27,11474.41
2026-08-21 03:40:00,4.27,4.28,4.27,4.28,17574.56
2026-08-21 03:45:00,4.28,4.28,4.25,4.26,43734.05
2026-08-21 03:50:00,4.26,4.27,4.25,4.27,23855.29
2026-08-21 03:55:00,4.27,4.27,4.25,4.25,85452.62
2026-08-21 04:00:00,4.25,4.25,4.24,4.25,9883.79
2026-08-21 04:05:00,4.25,4.25,4.23,4.23,50645.51
2026-08-21 04:10:00,4.23,4.25,4.22,4.24,52524.99
2026-08-21 04:15:00,4.24,4.25,4.24,4.24,7278.33
2026-08-21 04:20:00,4.24,4.25,4.24,4.25,7390.05
2026-08-21 04:25:00,4.25,4.25,4.24,4.24,65164.48
2026-08-21 04:30:00,4.24,4.25,4.23,4.25,342705.38
2026-08-21 04:35:00,4.25,4.25,4.25,4.25,71987.24
2026-08-21 04:40:00,4.25,4.26,4.24,4.24,5229.42
2026-08-21 04:45:00,4.24,4.26,4.24,4.25,139696.39
2026-08-21 04:50:00,4.25,4.26,4.25,4.26,31467.93
2026-08-21 04:55:00,4.26,4.27,4.26,4.26,17763.01
2026-08-21 05:00:00,4.26,4.27,4.26,4.27,12347.51
2026-08-21 05:05:00,4.27,4.28,4.27,4.27,35128.87
2026-08-21 05:10:00,4.27,4.28,4.27,4.27,31575.33
2026-08-21 05:15:00,4.27,4.28,4.26,4.27,2385.89
2026-08-21 05:20:00,4.27,4.28,4.25,4.26,96134.04
2026-08-21 05:25:00,4.26,4.26,4.25,4.25,16587.67
2026-08-21 05:30:00,4.25,4.26,4.24,4.25,91945.19
2026-08-21 05:35:00,4.25,4.26,4.24,4.25,64286.0
2026-08-21 05:40:00,4.25,4.25,4.23,4.23,19240.78
2026-08-21 05:45:00,4.23,4.23,4.22,4.23,64154.31
2026-08-21 05:50:00,4.23,4.23,4.22,4.22,118379.78
2026-08-21 05:55:00,4.22,4.23,4.21,4.22,119527.29
2026-08-21 06:00:00,4.22,4.23,4.21,4.22,13307.81
2026-08-21 06:05:00,4.22,4.22,4.21,4.21,6314.61
2026-08-21 06:10:00,4.21,4.21,4.19,4.21,113728.98
2026-08-21 06:15:00,4.21,4.22,4.21,4.22,555666.48
2026-08-21 06:20:00,4.22,4.22,4.21,4.22,103234.97
2026-08-21 06:25:00,4.22,4.22,4.2,4.21,11020.11
2026-08-21 06:30:00,4.21,4.22,4.2,4.22,10386.92
2026-08-21 06:35:00,4.22,4.22,4.22,4.22,45957.47
2026-08-21 06:40:00,4.22,4.22,4.22,4.22,123805.6
2026-08-21 06:45:00,4.22,4.23,4.21,4.23,2930.32
2026-08-21 06:50:00,4.23,4.24,4.22,4.24,493186.84
2026-08-21 06:55:00,4.24,4.24,4.22,4.22,28700.3
2026-08-21 07:00:00,4.22,4.23,4.22,4.23,42728.83
2026-08-21 07:05:00,4.23,4.23,4.21,4.22,75671.33
2026-08-21 07:10:00,4.22,4.23,4.22,4.23,4288.39
2026-08-21 07:15:00,4.23,4.25,4.22,4.25,58168.73
2026-08-21 07:20:00,4.25,4.26,4.23,4.25,447898.07
2026-08-21 07:25:00,4.25,4.26,4.25,4.26,25870.17
2026-08-21 07:30:00,4.26,4.26,4.24,4.25,22158.86
2026-08-21 07:35:00,4.25,4.25,4.24,4.25,147273.47
2026-08-21 07:40:00,4.25,4.26,4.25,4.26,29270.09
2026-08-21 07:45:00,4.26,4.27,4.26,4.27,100802.33
2026-08-21 07:50:00,4.27,4.28,4.26,4.28,55402.65
2026-08-21 07:55:00,4.28,4.3,4.27,4.27,227215.37
2026-08-21 08:00:00,4.27,4.29,4.27,4.27,62295.28
2026-08-21 08:05:00,4.27,4.27,4.26,4.26,25258.35
2026-08-21 08:10:00,4.26,4.26,4.25,4.26,70694.63
2026-08-21 08:15:00,4.26,4.26,4.26,4.26,41201.51
2026-08-21 08:20:00,4.26,4.27,4.25,4.27,30136.75
2026-08-21 08:25:00,4.27,4.27,4.26,4.26,25438.45
2026-08-21 08:30:00,4.26,4.27,4.26,4.26,55407.95
2026-08-21 08:35:00,4.26,4.27,4.26,4.27,10680.39
2026-08-21 08:40:00,4.27,4.27,4.26,4.27,807.81
2026-08-21 08:45:00,4.27,4.27,4.26,4.27,22906.94
2026-08-21 08:50:00,4.27,4.27,4.26,4.26,34037.53
2026-08-21 08:55:00,4.26,4.26,4.25,4.26,157510.54
2026-08-21 09:00:00,4.26,4.26,4.25,4.26,76007.65
2026-08-21 09:05:00,4.26,4.26,4.24,4.25,35980.37
2026-08-21 09:10:00,4.25,4.25,4.25,4.25,8682.67
2026-08-21 09:15:00,4.25,4.26,4.23,4.24,22452.02
2026-08-21 09:20:00,4.24,4.25,4.24,4.24,2372.36
2026-08-21 09:25:00,4.24,4.24,4.22,4.23,30775.11
2026-08-21 09:30:00,4.23,4.25,4.22,4.25,21572.61
2026-08-21 09:35:00,4.25,4.26,4.24,4.25,27686.08
2026-08-21 09:40:00,4.25,4.26,4.25,4.25,5677.87
2026-08-21 09:45:00,4.25,4.25,4.24,4.24,50755.84
2026-08-21 09:50:00,4.24,4.25,4.24,4.25,2763.8
2026-08-21 09:55:00,4.25,4.25,4.24,4.24,114816.96
2026-08-21 10:00:00,4.24,4.26,4.24,4.26,24718.45
2026-08-21 10:05:00,4.26,4.26,4.25,4.25,67950.34
2026-08-21 10:10:00,4.25,4.26,4.24,4.24,18212.27
2026-08-21 10:15:00,4.24,4.24,4.23,4.23,20633.54
2026-08-21 10:20:00,4.23,4.23,4.23,4.23,123253.8
2026-08-21 10:25:00,4.23,4.23,4.22,4.22,16401.99
2026-08-21 10:30:00,4.22,4.24,4.22,4.23,10942.11
2026-08-21 10:35:00,4.23,4.24,4.22,4.24,50727.56
2026-08-21 10:40:00,4.24,4.25,4.24,4.25,46697.1
2026-08-21 10:45:00,4.25,4.25,4.23,4.23,13631.05
2026-08-21 10:50:00,4.23,4.24,4.21,4.21,56853.9
2026-08-21 10:55:00,4.21,4.22,4.2,4.22,202845.17
2026-08-21 11:00:00,4.22,4.22,4.2,4.21,91254.83
2026-08-21 11:05:00,4.21,4.21,4.21,4.21,12933.98
2026-08-21 11:10:00,4.21,4.22,4.19,4.22,140154.42
2026-08-21 11:15:00,4.22,4.22,4.2,4.21,169166.36
2026-08-21 11:20:00,4.21,4.22,4.2,4.21,50639.72
2026-08-21 11:25:00,4.21,4.23,4.21,4.23,78635.87
2026-08-21 11:30:00,4.23,4.23,4.21,4.21,160354.24
2026-08-21 11:35:00,4.21,4.22,4.21,4.22,1069.52
2026-08-21 11:40:00,4.22,4.22,4.21,4.22,405455.84
2026-08-21 11:45:00,4.22,4.22,4.21,4.22,27993.24
2026-08-21 11:50:00,4.22,4.22,4.2,4.2,42582.92
2026-08-21 11:55:00,4.2,4.21,4.19,4.21,35463.73
2026-08-21 12:00:00,4.21,4.21,4.2,4.2,2182.32
2026-08-21 12:05:00,4.2,4.21,4.19,4.2,37220.4
2026-08-21 12:10:00,4.2,4.2,4.18,4.18,55593.06
2026-08-21 12:15:00,4.18,4.18,4.17,4.17,73204.19
2026-08-21 12:20:00,4.17,4.18,4.17,4.17,138638.76
2026-08-21 12:25:00,4.17,4.19,4.15,4.18,29314.2
2026-08-21 12:30:00,4.18,4.2,4.16,4.19,198403.68
2026-08-21 12:35:00,4.19,4.21,4.19,4.2,62827.31
2026-08-21 12:40:00,4.2,4.21,4.2,4.21,6207.01
2026-08-21 12:45:00,4.21,4.21,4.18,4.19,172588.19
2026-08-21 12:50:00,4.19,4.21,4.19,4.21,16460.34
2026-08-21 12:55:00,4.21,4.22,4.2,4.21,448688.61
2026-08-21 13:00:00,4.21,4.22,4.2,4.22,352728.46
2026-08-21 13:05:00,4.22,4.23,4.2,4.23,67252.72
2026-08-21 13:10:00,4.23,4.23,4.22,4.23,16367.48
2026-08-21 13:15:00,4.23,4.23,4.22,4.22,51353.68
2026-08-21 13:20:00,4.22,4.23,4.2,4.21,24648.42
2026-08-21 13:25:00,4.21,4.22,4.2,4.22,169245.57
2026-08-21 13:30:00,4.22,4.23,4.21,4.22,193305.38
2026-08-21 13:35:00,4.22,4.23,4.22,4.23,158.47
2026-08-21 13:40:00,4.23,4.23,4.22,4.23,41062.77
2026-08-21 13:45:00,4.23,4.24,4.22,4.22,40392.71
2026-08-21 13:50:00,4.22,4.23,4.2,4.21,34822.94
2026-08-21 13:55:00,4.21,4.22,4.19,4.22,11522.92
2026-08-21 14:00:00,4.22,4.22,4.21,4.21,7019.62
2026-08-21 14:05:00,4.21,4.22,4.2,4.22,96530.36
2026-08-21 14:10:00,4.22,4.22,4.21,4.22,31580.52
2026-08-21 14:15:00,4.22,4.23,4.2,4.23,251403.77
2026-08-21 14:20:00,4.23,4.24,4.23,4.24,25103.77
2026-08-21 14:25:00,4.24,4.24,4.23,4.23,3415.42
2026-08-21 14:30:00,4.23,4.23,4.23,4.23,196512.67
2026-08-21 14:35:00,4.23,4.24,4.22,4.22,190452.97
2026-08-21 14:40:00,4.22,4.23,4.22,4.22,6839.53
2026-08-21 14:45:00,4.22,4.22,4.22,4.22,132556.95
2026-08-21 14:50:00,4.22,4.23,4.22,4.23,61973.24
2026-08-21 14:55:00,4.23,4.24,4.22,4.23,20058.34
2026-08-21 15:00:00,4.23,4.23,4.22,4.22,65931.44
2026-08-21 15:05:00,4.22,4.23,4.21,4.23,92604.77
2026-08-21 15:10:00,4.23,4.24,4.23,4.24,3549.65
2026-08-21 15:15:00,4.24,4.25,4.24,4.25,169874.38
2026-08-21 15:20:00,4.25,4.26,4.24,4.26,34717.8
2026-08-21 15:25:00,4.26,4.26,4.25,4.25,81905.9
2026-08-21 15:30:00,4.25,4.25,4.24,4.24,2882.27
2026-08-21 15:35:00,4.24,4.25,4.24,4.24,41339.27
2026-08-21 15:40:00,4.24,4.25,4.24,4.24,1455.03
2026-08-21 15:45:00,4.24,4.25,4.24,4.24,5246.4
2026-08-21 15:50:00,4.24,4.25,4.23,4.25,16682.63
2026-08-21 15:55:00,4.25,4.26,4.25,4.25,37955.07
2026-08-21 16:00:00,4.25,4.26,4.24,4.24,20113.42
2026-08-21 16:05:00,4.24,4.25,4.24,4.25,36887.53
2026-08-21 16:10:00,4.25,4.25,4.24,4.25,4742.2
2026-08-21 16:15:00,4.25,4.25,4.24,4.25,26778.74
2026-08-21 16:20:00,4.25,4.26,4.25,4.26,7555.95
2026-08-21 16:25:00,4.26,4.26,4.25,4.25,40970.64
2026-08-21 16:30:00,4.25,4.26,4.24,4.25,49142.8
2026-08-21 16:35:00,4.25,4.26,4.24,4.26,310208.0
2026-08-21 16:40:00,4.26,4.26,4.25,4.26,11662.69
2026-08-21 16:45:00,4.26,4.26,4.24,4.25,6306.59
2026-08-21 16:50:00,4.25,4.25,4.24,4.24,240.05
2026-08-21 16:55:00,4.24,4.25,4.24,4.25,17070.1
2026-08-21 17:00:00,4.25,4.26,4.23,4.24,27156.73
2026-08-21 17:05:00,4.24,4.24,4.23,4.23,13869.08
2026-08-21 17:10:00,4.23,4.23,4.22,4.23,43402.3
2026-08-21 17:15:00,4.23,4.23,4.21,4.22,60119.42
2026-08-21 17:20:00,4.22,4.22,4.21,4.22,88052.1
2026-08-21 17:25:00,4.22,4.22,4.21,4.21,37056.52
2026-08-21 17:30:00,4.21,4.22,4.21,4.21,3910.09
2026-08-21 17:35:00,4.21,4.22,4.2,4.2,70319.67
2026-08-21 17:40:00,4.2,4.21,4.19,4.2,62375.79
2026-08-21 17:45:00,4.2,4.2,4.2,4.2,23766.11
2026-08-21 17:50:00,4.2,4.21,4.2,4.2,74911.57
2026-08-21 17:55:00,4.2,4.21,4.2,4.2,698.81
2026-08-21 18:00:00,4.2,4.21,4.2,4.21,64870.42
2026-08-21 18:05:00,4.21,4.21,4.2,4.2,57676.57
2026-08-21 18:10:00,4.2,4.2,4.19,4.2,17376.37
2026-08-21 18:15:00,4.2,4.2,4.19,4.2,24198.28
2026-08-21 18:20:00,4.2,4.2,4.19,4.2,16882.85
2026-08-21 18:25:00,4.2,4.2,4.19,4.19,19409.19
2026-08-21 18:30:00,4.19,4.2,4.19,4.2,6605.94
2026-08-21 18:35:00,4.2,4.2,4.19,4.2,88113.82
2026-08-21 18:40:00,4.2,4.2,4.19,4.2,84285.02
2026-08-21 18:45:00,4.2,4.21,4.19,4.19,181218.47
2026-08-21 18:50:00,4.19,4.2,4.19,4.2,1611.56
2026-08-21 18:55:00,4.2,4.2,4.19,4.19,78162.68
2026-08-21 19:00:00,4.19,4.2,4.19,4.19,51268.86
2026-08-21 19:05:00,4.19,4.19,4.17,4.18,18721.95
2026-08-21 19:10:00,4.18,4.18,4.17,4.17,101876.75
2026-08-21 19:15:00,4.17,4.17,4.16,4.16,8278.68
2026-08-21 19:20:00,4.16,4.16,4.15,4.15,8327.04
2026-08-21 19:25:00,4.15,4.16,4.15,4.15,40546.62
2026-08-21 19:30:00,4.15,4.16,4.15,4.16,70940.44
2026-08-21 19:35:00,4.16,4.17,4.14,4.17,332344.23
2026-08-21 19:40:00,4.17,4.18,4.17,4.18,22254.68
2026-08-21 19:45:00,4.18,4.18,4.17,4.17,44016.84
2026-08-21 19:50:00,4.17,4.19,4.17,4.19,105584.57
2026-08-21 19:55:00,4.19,4.2,4.19,4.19,15168.0
2026-08-21 20:00:00,4.19,4.21,4.18,4.21,194820.48
2026-08-21 20:05:00,4.21,4.21,4.2,4.21,3561.56
2026-08-21 20:10:00,4.21,4.21,4.2,4.2,26551.01
2026-08-21 20:15:00,4.2,4.21,4.19,4.2,97259.72
2026-08-21 20:20:00,4.2,4.22,4.2,4.21,12441.81
2026-08-21 20:25:00,4.21,4.22,4.2,4.2,160417.13
2026-08-21 20:30:00,4.2,4.22,4.2,4.21,51.1
2026-08-21 20:35:00,4.21,4.21,4.2,4.21,71416.21
2026-08-21 20:40:00,4.21,4.21,4.2,4.2,110256.34
2026-08-21 20:45:00,4.2,4.23,4.2,4.22,22657.35
2026-08-21 20:50:00,4.22,4.22,4.2,4.21,15416.9
2026-08-21 20:55:00,4.21,4.21,4.19,4.2,135043.55
2026-08-21 21:00:00,4.2,4.21,4.19,4.19,144119.01
2026-08-21 21:05:00,4.19,4.22,4.19,4.2,19666.08
2026-08-21 21:10:00,4.2,4.22,4.2,4.21,994.69
2026-08-21 21:15:00,4.21,4.21,4.2,4.21,27597.61
2026-08-21 21:20:00,4.21,4.22,4.2,4.22,112465.21
2026-08-21 21:25:00,4.22,4.23,4.21,4.21,5724.32
2026-08-21 21:30:00,4.21,4.22,4.21,4.22,73870.65
2026-08-21 21:35:00,4.22,4.23,4.21,4.21,36501.98
2026-08-21 21:40:00,4.21,4.23,4.21,4.22,32250.0
2026-08-21 21:45:00,4.22,4.24,4.22,4.23,59043.98
2026-08-21 21:50:00,4.23,4.24,4.21,4.21,134393.22
2026-08-21 21:55:00,4.21,4.22,4.21,4.22,49981.64
2026-08-21 22:00:00,4.22,4.22,4.21,4.21,17237.39
2026-08-21 22:05:00,4.21,4.21,4.2,4.2,22858.45
2026-08-21 22:10:00,4.2,4.21,4.2,4.2,26890.68
2026-08-21 22:15:00,4.2,4.2,4.19,4.2,36194.18
2026-08-21 22:20:00,4.2,4.2,4.18,4.19,31990.74
2026-08-21 22:25:00,4.19,4.2,4.19,4.19,27829.92
2026-08-21 22:30:00,4.19,4.19,4.18,4.19,7683.32
2026-08-21 22:35:00,4.19,4.19,4.18,4.18,82006.85
2026-08-21 22:40:00,4.18,4.19,4.18,4.19,106.78
2026-08-21 22:45:00,4.19,4.19,4.18,4.19,35420.93
2026-08-21 22:50:00,4.19,4.19,4.18,4.19,3191.47
2026-08-21 22:55:00,4.19,4.2,4.18,4.19,47801.89
2026-08-21 23:00:00,4.19,4.19,4.19,4.19,59694.22
2026-08-21 23:05:00,4.19,4.2,4.18,4.18,8572.43
2026-08-21 23:10:00,4.18,4.19,4.18,4.19,64805.85
2026-08-21 23:15:00,4.19,4.19,4.17,4.18,86572.18
2026-08-21 23:20:00,4.18,4.18,4.18,4.18,112862.73
2026-08-21 23:25:00,4.18,4.19,4.18,4.19,1737.42
2026-08-21 23:30:00,4.19,4.19,4.17,4.18,3306.85
2026-08-21 23:35:00,4.18,4.19,4.18,4.19,106865.36
2026-08-21 23:40:00,4.19,4.19,4.18,4.18,26685.29
2026-08-21 23:45:00,4.18,4.19,4.18,4.18,2436.52
2026-08-21 23:50:00,4.18,4.19,4.18,4.18,261360.26
2026-08-21 23:55:00,4.18,4.19,4.18,4.18,72702.71
2026-08-22 00:00:00,4.18,4.18,4.18,4.18,814.49
2026-08-22 00:05:00,4.18,4.19,4.17,4.19,67188.16
2026-08-22 00:10:00,4.19,4.19,4.18,4.18,187477.74
2026-08-22 00:15:00,4.18,4.18,4.18,4.18,23323.35
2026-08-22 00:20:00,4.18,4.18,4.17,4.18,14403.52
2026-08-22 00:25:00,4.18,4.19,4.18,4.18,14030.42
2026-08-22 00:30:00,4.18,4.18,4.16,4.17,22747.91
2026-08-22 00:35:00,4.17,4.17,4.16,4.16,80730.19
2026-08-22 00:40:00,4.16,4.17,4.15,4.16,159561.58
2026-08-22 00:45:00,4.16,4.18,4.16,4.18,19318.23
2026-08-22 00:50:00,4.18,4.18,4.17,4.18,55902.16
2026-08-22 00:55:00,4.18,4.19,4.17,4.18,198519.35
2026-08-22 01:00:00,4.18,4.19,4.18,4.18,17251.84
2026-08-22 01:05:00,4.18,4.18,4.15,4.16,67741.64
2026-08-22 01:10:00,4.16,4.17,4.15,4.16,49015.29
2026-08-22 01:15:00,4.16,4.18,4.16,4.18,95921.01
2026-08-22 01:20:00,4.18,4.18,4.17,4.17,263354.77
2026-08-22 01:25:00,4.17,4.18,4.17,4.18,23578.91
2026-08-22 01:30:00,4.18,4.19,4.16,4.19,117954.63
2026-08-22 01:35:00,4.19,4.19,4.18,4.18,16332.89
2026-08-22 01:40:00,4.18,4.2,4.17,4.19,57816.99
2026-08-22 01:45:00,4.19,4.19,4.18,4.19,24519.88
2026-08-22 01:50:00,4.19,4.19,4.18,4.18,3880.86
2026-08-22 01:55:00,4.18,4.2,4.18,4.19,15546.41
2026-08-22 02:00:00,4.19,4.19,4.19,4.19,11474.14
2026-08-22 02:05:00,4.19,4.19,4.18,4.18,841.11
2026-08-22 02:10:00,4.18,4.18,4.18,4.18,111238.8
2026-08-22 02:15:00,4.18,4.2,4.18,4.19,105973.19
2026-08-22 02:20:00,4.19,4.19,4.18,4.19,19871.67
2026-08-22 02:25:00,4.19,4.19,4.18,4.19,5856.54
2026-08-22 02:30:00,4.19,4.2,4.18,4.19,70250.58
2026-08-22 02:35:00,4.19,4.2,4.19,4.19,144.45
2026-08-22 02:40:00,4.19,4.2,4.17,4.18,7216.12
2026-08-22 02:45:00,4.18,4.2,4.18,4.2,3105.0
2026-08-22 02:50:00,4.2,4.21,4.18,4.18,51414.01
2026-08-22 02:55:00,4.18,4.19,4.18,4.19,29997.1
2026-08-22 03:00:00,4.19,4.2,4.19,4.19,28644.46
2026-08-22 03:05:00,4.19,4.2,4.19,4.2,39691.16
2026-08-22 03:10:00,4.2,4.2,4.2,4.2,7245.14
2026-08-22 03:15:00,4.2,4.21,4.19,4.2,27577.97
2026-08-22 03:20:00,4.2,4.2,4.19,4.2,53863.04
2026-08-22 03:25:00,4.2,4.21,4.2,4.21,45211.19
2026-08-22 03:30:00,4.21,4.23,4.21,4.22,25420.39
2026-08-22 03:35:00,4.22,4.25,4.22,4.25,84316.7
2026-08-22 03:40:00,4.25,4.27,4.24,4.26,61633.8
2026-08-22 03:45:00,4.26,4.28,4.25,4.25,157091.37
2026-08-22 03:50:00,4.25,4.26,4.24,4.25,62870.16
2026-08-22 03:55:00,4.25,4.25,4.24,4.25,24003.31
2026-08-22 04:00:00,4.25,4.25,4.24,4.25,50769.1
2026-08-22 04:05:00,4.25,4.25,4.24,4.24,27235.23
2026-08-22 04:10:00,4.24,4.25,4.24,4.24,13344.29
2026-08-22 04:15:00,4.24,4.26,4.23,4.23,5597.9
2026-08-22 04:20:00,4.23,4.24,4.23,4.23,102249.08
2026-08-22 04:25:00,4.23,4.25,4.23,4.23,105688.88
2026-08-22 04:30:00,4.23,4.25,4.23,4.23,261163.28
2026-08-22 04:35:00,4.23,4.24,4.23,4.23,14110.03
2026-08-22 04:40:00,4.23,4.25,4.23,4.24,8124.05
2026-08-22 04:45:00,4.24,4.26,4.23,4.24,60203.49
2026-08-22 04:50:00,4.24,4.24,4.22,4.23,54019.44
2026-08-22 04:55:00,4.23,4.23,4.22,4.22,12126.51
2026-08-22 05:00:00,4.22,4.23,4.2,4.21,252546.46
2026-08-22 05:05:00,4.21,4.23,4.2,4.23,35440.53
2026-08-22 05:10:00,4.23,4.24,4.21,4.21,278169.42
2026-08-22 05:15:00,4.21,4.21,4.2,4.2,23500.8
2026-08-22 05:20:00,4.2,4.22,4.2,4.21,16012.69
2026-08-22 05:25:00,4.21,4.22,4.19,4.19,96219.49
2026-08-22 05:30:00,4.19,4.2,4.18,4.19,78380.88
2026-08-22 05:35:00,4.19,4.2,4.17,4.19,38246.27
2026-08-22 05:40:00,4.19,4.2,4.18,4.19,19952.11
2026-08-22 05:45:00,4.19,4.21,4.18,4.21,259000.77
2026-08-22 05:50:00,4.21,4.22,4.2,4.22,6408.31
2026-08-22 05:55:00,4.22,4.23,4.21,4.23,38638.47
2026-08-22 06:00:00,4.23,4.24,4.23,4.23,49365.42
2026-08-22 06:05:00,4.23,4.23,4.22,4.22,106057.34
2026-08-22 06:10:00,4.22,4.23,4.21,4.22,27700.16
2026-08-22 06:15:00,4.22,4.22,4.21,4.22,81695.33
2026-08-22 06:20:00,4.22,4.23,4.21,4.21,216221.69
2026-08-22 06:25:00,4.21,4.21,4.2,4.21,45337.04
2026-08-22 06:30:00,4.21,4.21,4.2,4.2,61315.6
2026-08-22 06:35:00,4.2,4.2,4.2,4.2,169721.6
2026-08-22 06:40:00,4.2,4.22,4.2,4.21,24188.45
2026-08-22 06:45:00,4.21,4.23,4.2,4.2,97363.05
2026-08-22 06:50:00,4.2,4.2,4.18,4.19,114049.79
2026-08-22 06:55:00,4.19,4.21,4.18,4.2,45997.21
2026-08-22 07:00:00,4.2,4.21,4.2,4.21,57407.2
2026-08-22 07:05:00,4.21,4.21,4.2,4.21,257827.73
2026-08-22 07:10:00,4.21,4.22,4.18,4.19,52963.43
2026-08-22 07:15:00,4.19,4.21,4.18,4.2,42345.33
2026-08-22 07:20:00,4.2,4.2,4.18,4.19,32264.81
2026-08-22 07:25:00,4.19,4.19,4.18,4.18,23309.77
2026-08-22 07:30:00,4.18,4.18,4.17,4.17,19926.17
2026-08-22 07:35:00,4.17,4.18,4.16,4.17,143311.91
2026-08-22 07:40:00,4.17,4.18,4.17,4.18,9558.77
2026-08-22 07:45:00,4.18,4.19,4.17,4.19,201147.17
2026-08-22 07:50:00,4.19,4.19,4.17,4.17,1203.56
2026-08-22 07:55:00,4.17,4.17,4.16,4.17,165682.0
2026-08-22 08:00:00,4.17,4.19,4.17,4.19,27110.42
2026-08-22 08:05:00,4.19,4.21,4.19,4.21,7007.14
2026-08-22 08:10:00,4.21,4.22,4.19,4.21,71841.0
2026-08-22 08:15:00,4.21,4.22,4.21,4.22,79293.32
2026-08-22 08:20:00,4.22,4.23,4.22,4.22,1584.16
2026-08-22 08:25:00,4.22,4.22,4.22,4.22,22876.06
2026-08-22 08:30:00,4.22,4.22,4.21,4.22,14499.6
2026-08-22 08:35:00,4.22,4.22,4.21,4.22,3841.82
2026-08-22 08:40:00,4.22,4.23,4.21,4.22,33562.41
2026-08-22 08:45:00,4.22,4.22,4.2,4.2,53705.96
2026-08-22 08:50:00,4.2,4.21,4.2,4.2,2127.11
2026-08-22 08:55:00,4.2,4.21,4.2,4.21,1714.84
2026-08-22 09:00:00,4.21,4.22,4.2,4.21,72291.8
2026-08-22 09:05:00,4.21,4.22,4.21,4.22,37483.89
2026-08-22 09:10:00,4.22,4.22,4.21,4.21,27323.26
2026-08-22 09:15:00,4.21,4.24,4.21,4.24,18988.23
2026-08-22 09:20:00,4.24,4.25,4.22,4.25,6200.98
2026-08-22 09:25:00,4.25,4.25,4.24,4.24,5153.55
2026-08-22 09:30:00,4.24,4.25,4.24,4.25,113184.96
2026-08-22 09:35:00,4.25,4.26,4.24,4.25,188744.08
2026-08-22 09:40:00,4.25,4.25,4.24,4.25,249062.62
2026-08-22 09:45:00,4.25,4.25,4.22,4.23,13794.88
2026-08-22 09:50:00,4.23,4.23,4.21,4.22,19880.3
2026-08-22 09:55:00,4.22,4.23,4.21,4.21,102941.06
2026-08-22 10:00:00,4.21,4.21,4.21,4.21,7347.71
2026-08-22 10:05:00,4.21,4.23,4.2,4.22,40025.01
2026-08-22 10:10:00,4.22,4.23,4.21,4.21,39476.49
2026-08-22 10:15:00,4.21,4.23,4.2,4.22,108189.97
2026-08-22 10:20:00,4.22,4.22,4.2,4.21,26213.9
2026-08-22 10:25:00,4.21,4.21,4.2,4.2,2020.04
2026-08-22 10:30:00,4.2,4.21,4.2,4.21,2567.23
2026-08-22 10:35:00,4.21,4.22,4.2,4.22,37973.39
2026-08-22 10:40:00,4.22,4.22,4.21,4.21,38540.12
2026-08-22 10:45:00,4.21,4.23,4.21,4.23,24041.79
2026-08-22 10:50:00,4.23,4.24,4.22,4.24,2499.98
2026-08-22 10:55:00,4.24,4.24,4.21,4.22,24289.55
2026-08-22 11:00:00,4.22,4.23,4.21,4.22,8451.04
2026-08-22 11:05:00,4.22,4.23,4.2,4.23,13786.57
2026-08-22 11:10:00,4.23,4.23,4.2,4.22,6509.67
2026-08-22 11:15:00,4.22,4.23,4.2,4.21,66642.42
2026-08-22 11:20:00,4.21,4.21,4.21,4.21,15878.86
2026-08-22 11:25:00,4.21,4.21,4.19,4.19,16971.83
2026-08-22 11:30:00,4.19,4.21,4.19,4.19,44232.32
2026-08-22 11:35:00,4.19,4.2,4.19,4.19,6060.04
2026-08-22 11:40:00,4.19,4.2,4.19,4.19,145976.17
2026-08-22 11:45:00,4.19,4.2,4.17,4.18,58392.21
2026-08-22 11:50:00,4.18,4.18,4.17,4.18,19873.21
2026-08-22 11:55:00,4.18,4.18,4.17,4.18,20996.82
2026-08-22 12:00:00,4.18,4.18,4.15,4.16,36770.01
2026-08-22 12:05:00,4.16,4.16,4.15,4.16,62556.81
2026-08-22 12:10:00,4.16,4.17,4.15,4.17,425104.82
2026-08-22 12:15:00,4.17,4.18,4.16,4.17,2779.57
2026-08-22 12:20:00,4.17,4.18,4.16,4.17,168331.82
2026-08-22 12:25:00,4.17,4.18,4.16,4.18,111295.61
2026-08-22 12:30:00,4.18,4.19,4.18,4.19,30248.95
2026-08-22 12:35:00,4.19,4.2,4.18,4.2,14124.57
2026-08-22 12:40:00,4.2,4.2,4.19,4.2,6413.22
2026-08-22 12:45:00,4.2,4.2,4.19,4.19,123597.7
2026-08-22 12:50:00,4.19,4.21,4.19,4.2,19226.27
2026-08-22 12:55:00,4.2,4.21,4.18,4.2,108942.57
2026-08-22 13:00:00,4.2,4.21,4.18,4.18,41376.37
2026-08-22 13:05:00,4.18,4.19,4.17,4.18,154357.15
2026-08-22 13:10:00,4.18,4.18,4.17,4.18,30089.38
2026-08-22 13:15:00,4.18,4.19,4.15,4.16,17400.86
2026-08-22 13:20:00,4.16,4.16,4.15,4.16,158435.51
2026-08-22 13:25:00,4.16,4.16,4.15,4.16,11195.85
2026-08-22 13:30:00,4.16,4.16,4.15,4.15,15798.83
2026-08-22 13:35:00,4.15,4.16,4.15,4.15,74515.07
2026-08-22 13:40:00,4.15,4.16,4.15,4.15,3228.2
2026-08-22 13:45:00,4.15,4.16,4.15,4.16,492248.37
2026-08-22 13:50:00,4.16,4.16,4.14,4.16,55987.93
2026-08-22 13:55:00,4.16,4.16,4.15,4.15,30495.33
2026-08-22 14:00:00,4.15,4.15,4.14,4.15,46116.09
2026-08-22 14:05:00,4.15,4.15,4.13,4.14,5169.44
2026-08-22 14:10:00,4.14,4.15,4.13,4.15,165924.49
2026-08-22 14:15:00,4.15,4.16,4.14,4.15,514940.28
2026-08-22 14:20:00,4.15,4.16,4.13,4.14,96779.15
2026-08-22 14:25:00,4.14,4.14,4.13,4.14,1393.36
2026-08-22 14:30:00,4.14,4.15,4.13,4.15,24365.95
2026-08-22 14:35:00,4.15,4.15,4.14,4.15,147508.54
2026-08-22 14:40:00,4.15,4.16,4.15,4.16,225783.05
2026-08-22 14:45:00,4.16,4.16,4.15,4.15,90285.92
2026-08-22 14:50:00,4.15,4.17,4.15,4.17,50081.3
2026-08-22 14:55:00,4.17,4.19,4.17,4.19,25276.57
2026-08-22 15:00:00,4.19,4.21,4.18,4.21,25389.31
2026-08-22 15:05:00,4.21,4.22,4.2,4.2,982.24
2026-08-22 15:10:00,4.2,4.21,4.19,4.2,56111.63
2026-08-22 15:15:00,4.2,4.2,4.19,4.19,89225.09
2026-08-22 15:20:00,4.19,4.19,4.18,4.18,3317.42
2026-08-22 15:25:00,4.18,4.2,4.18,4.2,44732.13
2026-08-22 15:30:00,4.2,4.2,4.19,4.19,33569.96
2026-08-22 15:35:00,4.19,4.2,4.17,4.18,38149.79
2026-08-22 15:40:00,4.18,4.19,4.16,4.17,24120.16
2026-08-22 15:45:00,4.17,4.17,4.16,4.17,66620.61
2026-08-22 15:50:00,4.17,4.19,4.17,4.18,13398.73
2026-08-22 15:55:00,4.18,4.18,4.16,4.17,49010.21
2026-08-22 16:00:00,4.17,4.19,4.16,4.18,63431.55
2026-08-22 16:05:00,4.18,4.18,4.17,4.18,27799.58
2026-08-22 16:10:00,4.18,4.19,4.17,4.18,87602.32
2026-08-22 16:15:00,4.18,4.2,4.17,4.18,158861.36
2026-08-22 16:20:00,4.18,4.18,4.16,4.16,10012.53
2026-08-22 16:25:00,4.16,4.17,4.15,4.15,46429.59
2026-08-22 16:30:00,4.15,4.17,4.15,4.16,14084.03
2026-08-22 16:35:00,4.16,4.16,4.14,4.15,87647.6
2026-08-22 16:40:00,4.15,4.16,4.15,4.15,36789.82
2026-08-22 16:45:00,4.15,4.16,4.14,4.15,44694.58
2026-08-22 16:50:00,4.15,4.16,4.13,4.14,46130.26
2026-08-22 16:55:00,4.14,4.16,4.14,4.15,7732.19
2026-08-22 17:00:00,4.15,4.15,4.13,4.13,603.93
2026-08-22 17:05:00,4.13,4.14,4.12,4.12,34167.08
2026-08-22 17:10:00,4.12,4.12,4.11,4.12,37018.68
2026-08-22 17:15:00,4.12,4.13,4.11,4.13,71012.54
2026-08-22 17:20:00,4.13,4.15,4.13,4.14,21498.11
2026-08-22 17:25:00,4.14,4.15,4.13,4.15,59098.13
2026-08-22 17:30:00,4.15,4.15,4.13,4.14,225411.82
2026-08-22 17:35:00,4.14,4.15,4.12,4.12,126122.85
2026-08-22 17:40:00,4.12,4.13,4.11,4.13,196700.98
2026-08-22 17:45:00,4.13,4.15,4.12,4.14,136544.38
2026-08-22 17:50:00,4.14,4.14,4.13,4.14,334274.46
2026-08-22 17:55:00,4.14,4.14,4.14,4.14,69085.55
2026-08-22 18:00:00,4.14,4.15,4.14,4.15,86149.18
2026-08-22 18:05:00,4.15,4.15,4.13,4.15,65860.73
2026-08-22 18:10:00,4.15,4.16,4.13,4.15,120798.87
2026-08-22 18:15:00,4.15,4.15,4.14,4.14,19536.04
2026-08-22 18:20:00,4.14,4.18,4.14,4.17,94517.63
2026-08-22 18:25:00,4.17,4.2,4.17,4.19,23270.84
2026-08-22 18:30:00,4.19,4.19,4.19,4.19,30563.48
2026-08-22 18:35:00,4.19,4.19,4.17,4.17,26285.04
2026-08-22 18:40:00,4.17,4.19,4.17,4.18,14930.77
2026-08-22 18:45:00,4.18,4.19,4.18,4.18,181407.18
2026-08-22 18:50:00,4.18,4.2,4.18,4.19,59849.31
2026-08-22 18:55:00,4.19,4.21,4.19,4.21,42604.49
2026-08-22 19:00:00,4.21,4.22,4.2,4.2,9792.75
2026-08-22 19:05:00,4.2,4.21,4.2,4.2,60220.85
2026-08-22 19:10:00,4.2,4.22,4.19,4.2,256108.48
2026-08-22 19:15:00,4.2,4.2,4.2,4.2,141163.03
2026-08-22 19:20:00,4.2,4.21,4.19,4.2,74906.01
2026-08-22 19:25:00,4.2,4.21,4.18,4.19,188949.25
2026-08-22 19:30:00,4.19,4.19,4.17,4.18,24112.11
2026-08-22 19:35:00,4.18,4.21,4.17,4.2,35706.38
2026-08-22 19:40:00,4.2,4.2,4.18,4.18,62969.94
2026-08-22 19:45:00,4.18,4.19,4.17,4.17,14698.59
2026-08-22 19:50:00,4.17,4.17,4.15,4.15,2037.54
2026-08-22 19:55:00,4.15,4.15,4.12,4.13,57208.3
2026-08-22 20:00:00,4.13,4.14,4.12,4.13,71744.17
2026-08-22 20:05:00,4.13,4.14,4.12,4.12,31561.13
2026-08-22 20:10:00,4.12,4.14,4.12,4.13,164793.13
2026-08-22 20:15:00,4.13,4.13,4.13,4.13,27914.38
2026-08-22 20:20:00,4.13,4.14,4.12,4.13,54681.89
2026-08-22 20:25:00,4.13,4.13,4.11,4.11,87260.74
2026-08-22 20:30:00,4.11,4.11,4.1,4.11,98381.59
2026-08-22 20:35:00,4.11,4.12,4.09,4.12,101609.64
2026-08-22 20:40:00,4.12,4.14,4.12,4.14,3394.4
2026-08-22 20:45:00,4.14,4.14,4.11,4.13,51106.07
2026-08-22 20:50:00,4.13,4.14,4.12,4.12,6670.34
2026-08-22 20:55:00,4.12,4.13,4.12,4.12,80336.93
2026-08-22 21:00:00,4.12,4.13,4.12,4.12,18252.37
2026-08-22 21:05:00,4.12,4.13,4.1,4.11,4014.07
2026-08-22 21:10:00,4.11,4.12,4.09,4.12,276682.79
2026-08-22 21:15:00,4.12,4.12,4.11,4.12,89327.05
2026-08-22 21:20:00,4.12,4.13,4.12,4.13,26994.71
2026-08-22 21:25:00,4.13,4.14,4.12,4.13,36967.83
2026-08-22 21:30:00,4.13,4.14,4.13,4.14,82.83
2026-08-22 21:35:00,4.14,4.15,4.13,4.15,10263.92
2026-08-22 21:40:00,4.15,4.15,4.14,4.15,85826.81
2026-08-22 21:45:00,4.15,4.15,4.14,4.14,44373.13
2026-08-22 21:50:00,4.14,4.15,4.14,4.14,12371.54
2026-08-22 21:55:00,4.14,4.15,4.12,4.13,12341.31
2026-08-22 22:00:00,4.13,4.15,4.13,4.14,131419.42
2026-08-22 22:05:00,4.14,4.15,4.14,4.15,96430.59
2026-08-22 22:10:00,4.15,4.17,4.14,4.17,95601.95
2026-08-22 22:15:00,4.17,4.18,4.16,4.17,75578.32
2026-08-22 22:20:00,4.17,4.18,4.16,4.18,52959.98
2026-08-22 22:25:00,4.18,4.18,4.17,4.17,9336.51
2026-08-22 22:30:00,4.17,4.18,4.16,4.18,72298.34
2026-08-22 22:35:00,4.18,4.18,4.17,4.17,881.15
2026-08-22 22:40:00,4.17,4.18,4.17,4.17,51528.26
2026-08-22 22:45:00,4.17,4.18,4.17,4.17,29801.82
2026-08-22 22:50:00,4.17,4.18,4.17,4.18,7554.2
2026-08-22 22:55:00,4.18,4.19,4.17,4.18,47385.66
2026-08-22 23:00:00,4.18,4.2,4.18,4.2,12231.87
2026-08-22 23:05:00,4.2,4.21,4.19,4.2,28893.97
2026-08-22 23:10:00,4.2,4.22,4.19,4.2,105014.65
2026-08-22 23:15:00,4.2,4.2,4.19,4.2,14240.7
2026-08-22 23:20:00,4.2,4.21,4.19,4.2,6110.13
2026-08-22 23:25:00,4.2,4.22,4.19,4.2,3387.17
2026-08-22 23:30:00,4.2,4.2,4.18,4.19,3545.72
2026-08-22 23:35:00,4.19,4.19,4.19,4.19,5549.57
2026-08-22 23:40:00,4.19,4.2,4.19,4.2,69351.33
2026-08-22 23:45:00,4.2,4.2,4.19,4.19,58330.28
2026-08-22 23:50:00,4.19,4.19,4.17,4.17,33019.1
2026-08-22 23:55:00,4.17,4.17,4.15,4.17,77433.99
2026-08-23 00:00:00,4.17,4.17,4.16,4.16,13163.11
2026-08-23 00:05:00,4.16,4.17,4.15,4.17,19475.71
2026-08-23 00:10:00,4.17,4.17,4.15,4.16,22997.72
2026-08-23 00:15:00,4.16,4.17,4.15,4.16,101812.92
2026-08-23 00:20:00,4.16,4.16,4.15,4.16,96590.46
2026-08-23 00:25:00,4.16,4.17,4.16,4.17,2938.03
2026-08-23 00:30:00,4.17,4.18,4.16,4.18,70748.23
2026-08-23 00:35:00,4.18,4.19,4.18,4.18,14084.88
2026-08-23 00:40:00,4.18,4.19,4.18,4.19,15065.45
2026-08-23 00:45:00,4.19,4.19,4.18,4.18,38207.57
2026-08-23 00:50:00,4.18,4.19,4.16,4.17,25353.24
2026-08-23 00:55:00,4.17,4.18,4.16,4.17,111649.62
2026-08-23 01:00:00,4.17,4.17,4.16,4.17,66638.05
2026-08-23 01:05:00,4.17,4.18,4.16,4.16,12786.04
2026-08-23 01:10:00,4.16,4.16,4.15,4.16,37632.66
2026-08-23 01:15:00,4.16,4.16,4.13,4.15,184327.4
2026-08-23 01:20:00,4.15,4.16,4.15,4.16,135572.24
2026-08-23 01:25:00,4.16,4.17,4.14,4.14,9774.53
2026-08-23 01:30:00,4.14,4.15,4.14,4.15,18795.64
2026-08-23 01:35:00,4.15,4.15,4.13,4.15,20281.3
2026-08-23 01:40:00,4.15,4.16,4.14,4.15,36199.27
2026-08-23 01:45:00,4.15,4.15,4.14,4.15,12.53
2026-08-23 01:50:00,4.15,4.16,4.14,4.15,174773.94
2026-08-23 01:55:00,4.15,4.17,4.15,4.17,9218.37
2026-08-23 02:00:00,4.17,4.17,4.15,4.17,4522.4
2026-08-23 02:05:00,4.17,4.18,4.17,4.18,1043.31
2026-08-23 02:10:00,4.18,4.2,4.17,4.19,27021.7
2026-08-23 02:15:00,4.19,4.2,4.19,4.19,2671.43
2026-08-23 02:20:00,4.19,4.19,4.17,4.18,1085.79
2026-08-23 02:25:00,4.18,4.19,4.18,4.18,60287.37
2026-08-23 02:30:00,4.18,4.19,4.17,4.19,8862.59
2026-08-23 02:35:00,4.19,4.19,4.18,4.19,104872.44
2026-08-23 02:40:00,4.19,4.23,4.19,4.22,64324.49
2026-08-23 02:45:00,4.22,4.22,4.21,4.21,41333.02
2026-08-23 02:50:00,4.21,4.23,4.2,4.21,89557.01
2026-08-23 02:55:00,4.21,4.22,4.2,4.22,107563.42
2026-08-23 03:00:00,4.22,4.23,4.21,4.23,35442.64
2026-08-23 03:05:00,4.23,4.26,4.22,4.24,45002.86
2026-08-23 03:10:00,4.24,4.25,4.23,4.24,29120.34
2026-08-23 03:15:00,4.24,4.26,4.23,4.26,39682.59
2026-08-23 03:20:00,4.26,4.28,4.26,4.28,36186.86
2026-08-23 03:25:00,4.28,4.29,4.28,4.28,17166.75
2026-08-23 03:30:00,4.28,4.29,4.28,4.28,97947.81
2026-08-23 03:35:00,4.28,4.29,4.27,4.29,64629.32
2026-08-23 03:40:00,4.29,4.3,4.29,4.3,3387.56
2026-08-23 03:45:00,4.3,4.31,4.29,4.29,130474.4
2026-08-23 03:50:00,4.29,4.3,4.29,4.3,51798.49
2026-08-23 03:55:00,4.3,4.32,4.3,4.3,55191.8
2026-08-23 04:00:00,4.3,4.3,4.27,4.27,20255.74
2026-08-23 04:05:00,4.27,4.29,4.27,4.27,28044.2
2026-08-23 04:10:00,4.27,4.27,4.25,4.25,28963.7
2026-08-23 04:15:00,4.25,4.25,4.25,4.25,43667.52
2026-08-23 04:20:00,4.25,4.27,4.23,4.27,30902.04
2026-08-23 04:25:00,4.27,4.27,4.24,4.25,146830.36
2026-08-23 04:30:00,4.25,4.26,4.25,4.25,73095.0
2026-08-23 04:35:00,4.25,4.26,4.25,4.25,176464.84
2026-08-23 04:40:00,4.25,4.26,4.25,4.25,12837.82
2026-08-23 04:45:00,4.25,4.26,4.24,4.26,75487.23
2026-08-23 04:50:00,4.26,4.26,4.24,4.24,14697.8
2026-08-23 04:55:00,4.24,4.25,4.24,4.24,44246.57
2026-08-23 05:00:00,4.24,4.25,4.23,4.23,136677.9
2026-08-23 05:05:00,4.23,4.26,4.22,4.26,70883.51
2026-08-23 05:10:00,4.26,4.26,4.25,4.25,66264.11
2026-08-23 05:15:00,4.25,4.26,4.25,4.25,112088.32
2026-08-23 05:20:00,4.25,4.26,4.24,4.25,62260.33
2026-08-23 05:25:00,4.25,4.27,4.25,4.26,83837.1
2026-08-23 05:30:00,4.26,4.27,4.25,4.27,74695.51
2026-08-23 05:35:00,4.27,4.27,4.25,4.25,172022.63
2026-08-23 05:40:00,4.25,4.26,4.24,4.26,16127.97
2026-08-23 05:45:00,4.26,4.27,4.26,4.26,13926.18
2026-08-23 05:50:00,4.26,4.27,4.25,4.27,38052.32
2026-08-23 05:55:00,4.27,4.27,4.24,4.25,20853.26
2026-08-23 06:00:00,4.25,4.26,4.24,4.26,5986.74
2026-08-23 06:05:00,4.26,4.27,4.23,4.24,61920.38
2026-08-23 06:10:00,4.24,4.25,4.23,4.24,59246.52
2026-08-23 06:15:00,4.24,4.24,4.23,4.24,64972.8
2026-08-23 06:20:00,4.24,4.24,4.23,4.23,51103.29
2026-08-23 06:25:00,4.23,4.25,4.22,4.24,34609.4
2026-08-23 06:30:00,4.24,4.25,4.24,4.25,80232.46
2026-08-23 06:35:00,4.25,4.26,4.24,4.24,25904.37
2026-08-23 06:40:00,4.24,4.25,4.23,4.24,30373.36
2026-08-23 06:45:00,4.24,4.26,4.24,4.26,62386.68
2026-08-23 06:50:00,4.26,4.27,4.24,4.25,236427.6
2026-08-23 06:55:00,4.25,4.25,4.22,4.23,64963.39
2026-08-23 07:00:00,4.23,4.23,4.23,4.23,19218.11
2026-08-23 07:05:00,4.23,4.23,4.21,4.22,53525.99
2026-08-23 07:10:00,4.22,4.23,4.21,4.23,163355.07
2026-08-23 07:15:00,4.23,4.23,4.21,4.22,423704.4
2026-08-23 07:20:00,4.22,4.24,4.22,4.23,71001.66
2026-08-23 07:25:00,4.23,4.25,4.23,4.23,10789.32
2026-08-23 07:30:00,4.23,4.24,4.23,4.23,15266.52
2026-08-23 07:35:00,4.23,4.24,4.23,4.23,3957.97
2026-08-23 07:40:00,4.23,4.25,4.23,4.24,5653.66
2026-08-23 07:45:00,4.24,4.24,4.22,4.23,8264.95
2026-08-23 07:50:00,4.23,4.24,4.21,4.23,96706.96
2026-08-23 07:55:00,4.23,4.23,4.22,4.23,35767.48
2026-08-23 08:00:00,4.23,4.24,4.2,4.22,142583.42
2026-08-23 08:05:00,4.22,4.23,4.2,4.23,36039.59
2026-08-23 08:10:00,4.23,4.24,4.22,4.24,78622.42
2026-08-23 08:15:00,4.24,4.25,4.24,4.24,63742.78
2026-08-23 08:20:00,4.24,4.27,4.24,4.25,1261.67
2026-08-23 08:25:00,4.25,4.27,4.25,4.26,103620.8
2026-08-23 08:30:00,4.26,4.27,4.26,4.26,1645.74
2026-08-23 08:35:00,4.26,4.27,4.25,4.26,37559.92
2026-08-23 08:40:00,4.26,4.27,4.26,4.27,66397.26
2026-08-23 08:45:00,4.27,4.3,4.27,4.29,1552.57
2026-08-23 08:50:00,4.29,4.29,4.28,4.29,9361.64
2026-08-23 08:55:00,4.29,4.29,4.27,4.27,71050.77
2026-08-23 09:00:00,4.27,4.29,4.27,4.29,94510.21
2026-08-23 09:05:00,4.29,4.29,4.28,4.28,47368.3
2026-08-23 09:10:00,4.28,4.29,4.28,4.29,69775.02
2026-08-23 09:15:00,4.29,4.31,4.28,4.3,117206.77
2026-08-23 09:20:00,4.3,4.31,4.3,4.31,34454.31
2026-08-23 09:25:00,4.31,4.32,4.29,4.29,571298.87
2026-08-23 09:30:00,4.29,4.31,4.29,4.31,88257.57
2026-08-23 09:35:00,4.31,4.31,4.29,4.31,307072.93
2026-08-23 09:40:00,4.31,4.31,4.31,4.31,76439.29
2026-08-23 09:45:00,4.31,4.33,4.3,4.3,460553.81
2026-08-23 09:50:00,4.3,4.31,4.29,4.3,2168.4
2026-08-23 09:55:00,4.3,4.32,4.29,4.29,10805.08
2026-08-23 10:00:00,4.29,4.3,4.27,4.28,7882.61
2026-08-23 10:05:00,4.28,4.31,4.26,4.3,1283.95
2026-08-23 10:10:00,4.3,4.31,4.29,4.29,319523.5
2026-08-23 10:15:00,4.29,4.29,4.27,4.27,85469.28
2026-08-23 10:20:00,4.27,4.28,4.26,4.26,20901.04
2026-08-23 10:25:00,4.26,4.28,4.26,4.27,57665.74
2026-08-23 10:30:00,4.27,4.29,4.27,4.28,26351.55
2026-08-23 10:35:00,4.28,4.3,4.28,4.29,163350.19
2026-08-23 10:40:00,4.29,4.3,4.29,4.3,6139.92
2026-08-23 10:45:00,4.3,4.31,4.28,4.28,321250.58
2026-08-23 10:50:00,4.28,4.3,4.28,4.3,11005.04
2026-08-23 10:55:00,4.3,4.32,4.29,4.31,17418.16
2026-08-23 11:00:00,4.31,4.32,4.3,4.3,87791.2
2026-08-23 11:05:00,4.3,4.31,4.29,4.31,44372.09
2026-08-23 11:10:00,4.31,4.31,4.3,4.3,28314.96
2026-08-23 11:15:00,4.3,4.3,4.3,4.3,2166.84
2026-08-23 11:20:00,4.3,4.31,4.3,4.31,68908.42
2026-08-23 11:25:00,4.31,4.32,4.3,4.3,26693.77
2026-08-23 11:30:00,4.3,4.31,4.29,4.31,24502.08
2026-08-23 11:35:00,4.31,4.32,4.29,4.3,278648.12
2026-08-23 11:40:00,4.3,4.3,4.3,4.3,2359.28
2026-08-23 11:45:00,4.3,4.3,4.29,4.3,186387.33
2026-08-23 11:50:00,4.3,4.3,4.29,4.29,678.49
2026-08-23 11:55:00,4.29,4.3,4.29,4.29,72932.63
2026-08-23 12:00:00,4.29,4.3,4.27,4.28,244153.19
2026-08-23 12:05:00,4.28,4.29,4.26,4.27,159568.85
2026-08-23 12:10:00,4.27,4.27,4.24,4.25,35930.19
2026-08-23 12:15:00,4.25,4.26,4.24,4.26,3846.22
2026-08-23 12:20:00,4.26,4.28,4.26,4.28,57599.95
2026-08-23 12:25:00,4.28,4.29,4.28,4.29,68940.79
2026-08-23 12:30:00,4.29,4.29,4.28,4.28,109713.08
2026-08-23 12:35:00,4.28,4.29,4.28,4.28,65107.25
2026-08-23 12:40:00,4.28,4.29,4.27,4.29,295917.08
2026-08-23 12:45:00,4.29,4.31,4.28,4.31,116669.21
2026-08-23 12:50:00,4.31,4.31,4.29,4.3,3980.78
2026-08-23 12:55:00,4.3,4.31,4.3,4.31,63850.07
2026-08-23 13:00:00,4.31,4.33,4.3,4.3,70669.76
2026-08-23 13:05:00,4.3,4.31,4.29,4.29,16346.67
2026-08-23 13:10:00,4.29,4.29,4.27,4.28,113432.26
2026-08-23 13:15:00,4.28,4.29,4.26,4.28,32464.7
2026-08-23 13:20:00,4.28,4.28,4.27,4.27,83017.28
2026-08-23 13:25:00,4.27,4.27,4.23,4.24,37708.99
2026-08-23 13:30:00,4.24,4.25,4.22,4.23,51326.24
2026-08-23 13:35:00,4.23,4.24,4.23,4.23,45212.7
2026-08-23 13:40:00,4.23,4.23,4.23,4.23,112488.94
2026-08-23 13:45:00,4.23,4.24,4.22,4.23,109572.57
2026-08-23 13:50:00,4.23,4.24,4.21,4.24,154082.26
2026-08-23 13:55:00,4.24,4.25,4.22,4.24,66534.09
2026-08-23 14:00:00,4.24,4.24,4.22,4.22,73794.42
2026-08-23 14:05:00,4.22,4.22,4.22,4.22,50109.04
2026-08-23 14:10:00,4.22,4.23,4.21,4.21,82007.86
2026-08-23 14:15:00,4.21,4.22,4.2,4.2,47401.46
2026-08-23 14:20:00,4.2,4.2,4.19,4.19,44814.32
2026-08-23 14:25:00,4.19,4.2,4.18,4.19,99057.64
2026-08-23 14:30:00,4.19,4.2,4.18,4.19,113143.08
2026-08-23 14:35:00,4.19,4.21,4.19,4.2,5455.87
2026-08-23 14:40:00,4.2,4.21,4.19,4.21,26032.35
2026-08-23 14:45:00,4.21,4.22,4.19,4.21,11092.9
2026-08-23 14:50:00,4.21,4.23,4.2,4.22,182591.7
2026-08-23 14:55:00,4.22,4.23,4.22,4.23,354.43
2026-08-23 15:00:00,4.23,4.23,4.2,4.21,3171.42
2026-08-23 15:05:00,4.21,4.23,4.2,4.22,50388.89
2026-08-23 15:10:00,4.22,4.23,4.21,4.22,5690.11
2026-08-23 15:15:00,4.22,4.23,4.21,4.22,24086.96
2026-08-23 15:20:00,4.22,4.24,4.22,4.23,58448.04
2026-08-23 15:25:00,4.23,4.24,4.22,4.23,1619.19
2026-08-23 15:30:00,4.23,4.24,4.22,4.23,51308.97
2026-08-23 15:35:00,4.23,4.25,4.23,4.24,49933.09
2026-08-23 15:40:00,4.24,4.24,4.23,4.24,28754.55
2026-08-23 15:45:00,4.24,4.27,4.23,4.26,104918.38
2026-08-23 15:50:00,4.26,4.26,4.24,4.25,25429.28
2026-08-23 15:55:00,4.25,4.25,4.24,4.24,51161.88
2026-08-23 16:00:00,4.24,4.25,4.23,4.23,37238.12
2026-08-23 16:05:00,4.23,4.25,4.23,4.24,26786.63
2026-08-23 16:10:00,4.24,4.26,4.24,4.26,49119.68
2026-08-23 16:15:00,4.26,4.26,4.24,4.25,107049.86
2026-08-23 16:20:00,4.25,4.25,4.23,4.24,57240.3
2026-08-23 16:25:00,4.24,4.25,4.24,4.24,24183.24
2026-08-23 16:30:00,4.24,4.25,4.24,4.25,7605.76
2026-08-23 16:35:00,4.25,4.25,4.23,4.23,12412.42
2026-08-23 16:40:00,4.23,4.24,4.21,4.21,14355.39
2026-08-23 16:45:00,4.21,4.23,4.2,4.22,51157.94
2026-08-23 16:50:00,4.22,4.22,4.19,4.19,35874.42
2026-08-23 16:55:00,4.19,4.2,4.17,4.19,37350.5
2026-08-23 17:00:00,4.19,4.2,4.19,4.19,28831.89
2026-08-23 17:05:00,4.19,4.19,4.17,4.17,16017.04
2026-08-23 17:10:00,4.17,4.19,4.15,4.18,236712.06
2026-08-23 17:15:00,4.18,4.19,4.15,4.16,53729.52
2026-08-23 17:20:00,4.16,4.18,4.15,4.17,124274.1
2026-08-23 17:25:00,4.17,4.17,4.15,4.17,52990.87
2026-08-23 17:30:00,4.17,4.19,4.16,4.18,214867.52
2026-08-23 17:35:00,4.18,4.2,4.18,4.19,32681.85
2026-08-23 17:40:00,4.19,4.21,4.18,4.2,15671.24
2026-08-23 17:45:00,4.2,4.2,4.18,4.19,30417.78
2026-08-23 17:50:00,4.19,4.21,4.18,4.19,60361.27
2026-08-23 17:55:00,4.19,4.2,4.18,4.18,45471.86
2026-08-23 18:00:00,4.18,4.19,4.18,4.19,5813.93
2026-08-23 18:05:00,4.19,4.21,4.18,4.2,105129.71
2026-08-23 18:10:00,4.2,4.2,4.19,4.2,46633.27
2026-08-23 18:15:00,4.2,4.21,4.2,4.21,383.85
2026-08-23 18:20:00,4.21,4.21,4.19,4.21,1290.42
2026-08-23 18:25:00,4.21,4.22,4.2,4.21,135794.86
2026-08-23 18:30:00,4.21,4.23,4.21,4.23,38304.16
2026-08-23 18:35:00,4.23,4.23,4.22,4.23,7508.08
2026-08-23 18:40:00,4.23,4.23,4.21,4.21,44478.56
2026-08-23 18:45:00,4.21,4.22,4.21,4.21,10888.42
2026-08-23 18:50:00,4.21,4.22,4.21,4.21,57317.65
2026-08-23 18:55:00,4.21,4.21,4.2,4.2,135743.92
2026-08-23 19:00:00,4.2,4.22,4.2,4.21,41033.05
2026-08-23 19:05:00,4.21,4.23,4.21,4.23,42704.68
2026-08-23 19:10:00,4.23,4.23,4.22,4.23,16250.67
2026-08-23 19:15:00,4.23,4.26,4.22,4.24,369.56
2026-08-23 19:20:00,4.24,4.25,4.23,4.24,40987.94
2026-08-23 19:25:00,4.24,4.25,4.24,4.25,13087.24
2026-08-23 19:30:00,4.25,4.26,4.25,4.25,67869.5
2026-08-23 19:35:00,4.25,4.25,4.24,4.25,220673.74
2026-08-23 19:40:00,4.25,4.25,4.23,4.24,32872.24
2026-08-23 19:45:00,4.24,4.24,4.23,4.23,57287.25
2026-08-23 19:50:00,4.23,4.24,4.23,4.23,86384.19
2026-08-23 19:55:00,4.23,4.23,4.22,4.23,12430.99
2026-08-23 20:00:00,4.23,4.24,4.23,4.23,82539.05
2026-08-23 20:05:00,4.23,4.24,4.22,4.24,32032.24
2026-08-23 20:10:00,4.24,4.24,4.23,4.24,107743.81
2026-08-23 20:15:00,4.24,4.24,4.23,4.24,23428.58
2026-08-23 20:20:00,4.24,4.26,4.23,4.25,7014.16
2026-08-23 20:25:00,4.25,4.25,4.23,4.24,6517.08
2026-08-23 20:30:00,4.24,4.24,4.24,4.24,8482.06
2026-08-23 20:35:00,4.24,4.25,4.24,4.25,191453.11
2026-08-23 20:40:00,4.25,4.25,4.23,4.23,41674.18
2026-08-23 20:45:00,4.23,4.24,4.23,4.24,95181.0
2026-08-23 20:50:00,4.24,4.25,4.23,4.24,66826.23
2026-08-23 20:55:00,4.24,4.25,4.23,4.23,30385.85
2026-08-23 21:00:00,4.23,4.24,4.23,4.23,188183.21
2026-08-23 21:05:00,4.23,4.24,4.22,4.23,6192.39
2026-08-23 21:10:00,4.23,4.23,4.21,4.21,20980.95
2026-08-23 21:15:00,4.21,4.21,4.2,4.21,1426.92
2026-08-23 21:20:00,4.21,4.21,4.2,4.21,22949.24
2026-08-23 21:25:00,4.21,4.26,4.21,4.25,81566.0
2026-08-23 21:30:00,4.25,4.25,4.24,4.25,74111.4
2026-08-23 21:35:00,4.25,4.25,4.24,4.25,22286.45
2026-08-23 21:40:00,4.25,4.26,4.24,4.26,22460.03
2026-08-23 21:45:00,4.26,4.27,4.25,4.25,201031.49
2026-08-23 21:50:00,4.25,4.25,4.25,4.25,51535.73
2026-08-23 21:55:00,4.25,4.25,4.22,4.23,27634.58
2026-08-23 22:00:00,4.23,4.24,4.23,4.24,47413.17
2026-08-23 22:05:00,4.24,4.25,4.23,4.23,73116.59
2026-08-23 22:10:00,4.23,4.24,4.23,4.23,808.3
2026-08-23 22:15:00,4.23,4.24,4.22,4.22,55693.66
2026-08-23 22:20:00,4.22,4.23,4.21,4.22,30944.8
2026-08-23 22:25:00,4.22,4.23,4.2,4.21,38803.81
2026-08-23 22:30:00,4.21,4.21,4.2,4.2,3411.07
2026-08-23 22:35:00,4.2,4.2,4.19,4.19,19148.29
2026-08-23 22:40:00,4.19,4.2,4.19,4.2,30195.86
2026-08-23 22:45:00,4.2,4.21,4.18,4.21,226706.94
2026-08-23 22:50:00,4.21,4.24,4.2,4.23,16419.64
2026-08-23 22:55:00,4.23,4.24,4.23,4.24,20735.86
2026-08-23 23:00:00,4.24,4.24,4.23,4.23,1521.6
2026-08-23 23:05:00,4.23,4.25,4.23,4.25,56579.34
2026-08-23 23:10:00,4.25,4.25,4.23,4.23,177008.43
2026-08-23 23:15:00,4.23,4.24,4.22,4.24,39235.95
2026-08-23 23:20:00,4.24,4.25,4.23,4.23,64549.76
2026-08-23 23:25:00,4.23,4.23,4.22,4.22,87519.99
2026-08-23 23:30:00,4.22,4.22,4.22,4.22,21663.85
2026-08-23 23:35:00,4.22,4.23,4.2,4.21,1389.71
2026-08-23 23:40:00,4.21,4.21,4.19,4.2,75547.18
2026-08-23 23:45:00,4.2,4.22,4.2,4.21,65523.05
2026-08-23 23:50:00,4.21,4.23,4.21,4.22,125902.05
2026-08-23 23:55:00,4.22,4.22,4.21,4.22,65036.68
2026-08-24 00:00:00,4.22,4.23,4.21,4.22,33315.87
2026-08-24 00:05:00,4.22,4.24,4.2,4.22,227763.34
2026-08-24 00:10:00,4.22,4.22,4.21,4.21,61853.94
2026-08-24 00:15:00,4.21,4.23,4.19,4.22,115015.45
2026-08-24 00:20:00,4.22,4.23,4.21,4.22,20298.49
2026-08-24 00:25:00,4.22,4.23,4.21,4.21,17310.46
2026-08-24 00:30:00,4.21,4.22,4.21,4.22,126027.52
2026-08-24 00:35:00,4.22,4.23,4.21,4.22,21337.44
2026-08-24 00:40:00,4.22,4.24,4.21,4.23,22970.62
2026-08-24 00:45:00,4.23,4.24,4.22,4.24,1635.58
2026-08-24 00:50:00,4.24,4.25,4.24,4.25,19979.03
2026-08-24 00:55:00,4.25,4.26,4.24,4.24,84644.14
2026-08-24 01:00:00,4.24,4.25,4.24,4.25,103350.29
2026-08-24 01:05:00,4.25,4.26,4.24,4.24,51331.8
2026-08-24 01:10:00,4.24,4.26,4.24,4.25,215326.44
2026-08-24 01:15:00,4.25,4.28,4.23,4.26,46673.99
2026-08-24 01:20:00,4.26,4.27,4.25,4.25,154614.02
2026-08-24 01:25:00,4.25,4.27,4.24,4.24,946529.74
2026-08-24 01:30:00,4.24,4.25,4.24,4.25,84202.66
2026-08-24 01:35:00,4.25,4.27,4.24,4.26,104257.16
2026-08-24 01:40:00,4.26,4.27,4.26,4.27,179605.47
2026-08-24 01:45:00,4.27,4.28,4.26,4.26,19158.17
2026-08-24 01:50:00,4.26,4.28,4.26,4.27,66641.04
2026-08-24 01:55:00,4.27,4.28,4.27,4.28,16726.68
2026-08-24 02:00:00,4.28,4.28,4.26,4.27,26156.22
2026-08-24 02:05:00,4.27,4.27,4.26,4.26,105392.96
2026-08-24 02:10:00,4.26,4.26,4.25,4.25,25318.76
2026-08-24 02:15:00,4.25,4.27,4.25,4.27,30633.89
2026-08-24 02:20:00,4.27,4.27,4.26,4.27,36708.71
2026-08-24 02:25:00,4.27,4.28,4.26,4.28,135216.0
2026-08-24 02:30:00,4.28,4.29,4.27,4.27,222039.58
2026-08-24 02:35:00,4.27,4.28,4.26,4.27,65585.54
2026-08-24 02:40:00,4.27,4.28,4.26,4.26,297895.54
2026-08-24 02:45:00,4.26,4.28,4.25,4.25,48448.4
2026-08-24 02:50:00,4.25,4.26,4.24,4.24,103294.62
2026-08-24 02:55:00,4.24,4.25,4.22,4.23,19114.28
2026-08-24 03:00:00,4.23,4.24,4.21,4.22,16248.36
2026-08-24 03:05:00,4.22,4.24,4.22,4.23,9876.36
2026-08-24 03:10:00,4.23,4.25,4.23,4.24,129943.21
2026-08-24 03:15:00,4.24,4.24,4.2,4.22,15062.2
2026-08-24 03:20:00,4.22,4.22,4.22,4.22,61019.86
2026-08-24 03:25:00,4.22,4.23,4.22,4.22,16604.4
2026-08-24 03:30:00,4.22,4.23,4.22,4.23,60251.6
2026-08-24 03:35:00,4.23,4.24,4.21,4.23,122602.56
2026-08-24 03:40:00,4.23,4.23,4.21,4.22,115425.15
2026-08-24 03:45:00,4.22,4.22,4.21,4.22,9274.17
2026-08-24 03:50:00,4.22,4.24,4.21,4.24,86134.43
2026-08-24 03:55:00,4.24,4.24,4.24,4.24,119859.22
2026-08-24 04:00:00,4.24,4.27,4.24,4.26,39251.09
2026-08-24 04:05:00,4.26,4.26,4.25,4.26,3756.74
2026-08-24 04:10:00,4.26,4.26,4.25,4.25,90072.65
2026-08-24 04:15:00,4.25,4.25,4.24,4.25,26874.97
2026-08-24 04:20:00,4.25,4.26,4.23,4.25,40983.9
2026-08-24 04:25:00,4.25,4.27,4.24,4.26,11470.02
2026-08-24 04:30:00,4.26,4.27,4.25,4.27,57948.12
2026-08-24 04:35:00,4.27,4.29,4.27,4.28,105579.39
2026-08-24 04:40:00,4.28,4.28,4.27,4.27,58616.32
2026-08-24 04:45:00,4.27,4.27,4.25,4.26,107193.08
2026-08-24 04:50:00,4.26,4.31,4.26,4.3,55516.43
2026-08-24 04:55:00,4.3,4.31,4.3,4.31,20737.74
2026-08-24 05:00:00,4.31,4.31,4.3,4.31,6374.83
2026-08-24 05:05:00,4.31,4.32,4.3,4.3,18788.51
2026-08-24 05:10:00,4.3,4.3,4.29,4.3,97845.14
2026-08-24 05:15:00,4.3,4.31,4.29,4.29,317219.57
2026-08-24 05:20:00,4.29,4.29,4.29,4.29,75166.23
2026-08-24 05:25:00,4.29,4.29,4.26,4.28,27953.8
2026-08-24 05:30:00,4.28,4.3,4.27,4.27,517549.98
2026-08-24 05:35:00,4.27,4.28,4.27,4.27,16048.12
2026-08-24 05:40:00,4.27,4.28,4.27,4.27,88712.83
2026-08-24 05:45:00,4.27,4.28,4.27,4.27,63685.95
2026-08-24 05:50:00,4.27,4.28,4.26,4.28,34625.46
2026-08-24 05:55:00,4.28,4.28,4.26,4.26,21113.62
2026-08-24 06:00:00,4.26,4.27,4.24,4.25,2089.97
2026-08-24 06:05:00,4.25,4.27,4.24,4.26,66088.95
2026-08-24 06:10:00,4.26,4.28,4.25,4.27,21742.86
2026-08-24 06:15:00,4.27,4.28,4.26,4.26,68306.97
2026-08-24 06:20:00,4.26,4.26,4.26,4.26,31886.58
2026-08-24 06:25:00,4.26,4.28,4.25,4.26,99019.34
2026-08-24 06:30:00,4.26,4.27,4.25,4.27,15409.34
2026-08-24 06:35:00,4.27,4.29,4.27,4.27,42797.09
2026-08-24 06:40:00,4.27,4.28,4.27,4.27,13847.51
2026-08-24 06:45:00,4.27,4.28,4.26,4.27,38051.04
2026-08-24 06:50:00,4.27,4.29,4.26,4.28,46543.81
2026-08-24 06:55:00,4.28,4.29,4.27,4.27,520988.38
2026-08-24 07:00:00,4.27,4.28,4.27,4.27,15044.99
2026-08-24 07:05:00,4.27,4.27,4.25,4.27,14014.56
2026-08-24 07:10:00,4.27,4.28,4.23,4.24,229062.62
2026-08-24 07:15:00,4.24,4.25,4.22,4.24,26244.61
2026-08-24 07:20:00,4.24,4.24,4.23,4.24,52977.42
2026-08-24 07:25:00,4.24,4.24,4.23,4.24,47878.2
2026-08-24 07:30:00,4.24,4.26,4.24,4.25,70492.93
2026-08-24 07:35:00,4.25,4.25,4.23,4.24,49904.74
2026-08-24 07:40:00,4.24,4.25,4.24,4.24,50669.25
2026-08-24 07:45:00,4.24,4.25,4.23,4.25,52650.06
2026-08-24 07:50:00,4.25,4.25,4.23,4.25,52367.67
2026-08-24 07:55:00,4.25,4.26,4.25,4.26,35892.1
2026-08-24 08:00:00,4.26,4.26,4.26,4.26,45575.74
2026-08-24 08:05:00,4.26,4.26,4.23,4.24,4868.5
2026-08-24 08:10:00,4.24,4.25,4.22,4.22,52658.64
2026-08-24 08:15:00,4.22,4.24,4.22,4.23,18980.07
2026-08-24 08:20:00,4.23,4.23,4.22,4.23,64339.47
2026-08-24 08:25:00,4.23,4.25,4.23,4.24,88019.05
2026-08-24 08:30:00,4.24,4.24,4.23,4.24,7385.39
2026-08-24 08:35:00,4.24,4.25,4.23,4.24,38386.41
2026-08-24 08:40:00,4.24,4.25,4.23,4.23,28217.66
2026-08-24 08:45:00,4.23,4.27,4.23,4.25,32082.1
2026-08-24 08:50:00,4.25,4.27,4.24,4.26,31578.23
2026-08-24 08:55:00,4.26,4.27,4.25,4.27,48466.93
2026-08-24 09:00:00,4.27,4.28,4.26,4.27,20865.68
2026-08-24 09:05:00,4.27,4.28,4.27,4.28,15351.24
2026-08-24 09:10:00,4.28,4.28,4.25,4.27,11573.38
2026-08-24 09:15:00,4.27,4.27,4.27,4.27,46523.98
2026-08-24 09:20:00,4.27,4.27,4.26,4.26,11222.44
2026-08-24 09:25:00,4.26,4.28,4.26,4.27,29669.41
2026-08-24 09:30:00,4.27,4.28,4.27,4.28,11052.4
2026-08-24 09:35:00,4.28,4.29,4.25,4.25,78149.35
2026-08-24 09:40:00,4.25,4.26,4.25,4.26,54687.88
2026-08-24 09:45:00,4.26,4.27,4.26,4.26,119055.49
2026-08-24 09:50:00,4.26,4.26,4.25,4.26,15348.07
2026-08-24 09:55:00,4.26,4.27,4.23,4.24,43659.01
2026-08-24 10:00:00,4.24,4.24,4.23,4.24,15726.24
2026-08-24 10:05:00,4.24,4.24,4.22,4.23,43183.0
2026-08-24 10:10:00,4.23,4.25,4.2,4.21,54108.21
2026-08-24 10:15:00,4.21,4.22,4.19,4.22,97620.48
2026-08-24 10:20:00,4.22,4.22,4.2,4.21,30619.38
2026-08-24 10:25:00,4.21,4.21,4.2,4.2,286.08
2026-08-24 10:30:00,4.2,4.2,4.2,4.2,18047.7
2026-08-24 10:35:00,4.2,4.21,4.18,4.21,212210.37
2026-08-24 10:40:00,4.21,4.22,4.21,4.22,92681.72
2026-08-24 10:45:00,4.22,4.23,4.21,4.23,26608.31
2026-08-24 10:50:00,4.23,4.23,4.21,4.23,76703.01
2026-08-24 10:55:00,4.23,4.23,4.23,4.23,27679.06
2026-08-24 11:00:00,4.23,4.24,4.22,4.23,94543.65
2026-08-24 11:05:00,4.23,4.24,4.21,4.22,49722.01
2026-08-24 11:10:00,4.22,4.23,4.21,4.23,1400.65
2026-08-24 11:15:00,4.23,4.24,4.22,4.23,361949.84
2026-08-24 11:20:00,4.23,4.24,4.23,4.23,66951.41
2026-08-24 11:25:00,4.23,4.23,4.2,4.21,56944.32
2026-08-24 11:30:00,4.21,4.22,4.2,4.21,46089.09
2026-08-24 11:35:00,4.21,4.23,4.2,4.22,52091.71
2026-08-24 11:40:00,4.22,4.23,4.21,4.21,40856.22
2026-08-24 11:45:00,4.21,4.21,4.21,4.21,26941.14
2026-08-24 11:50:00,4.21,4.22,4.2,4.22,57013.45
2026-08-24 11:55:00,4.22,4.22,4.2,4.21,16361.74
2026-08-24 12:00:00,4.21,4.22,4.21,4.22,4329.03
2026-08-24 12:05:00,4.22,4.22,4.2,4.21,36052.01
2026-08-24 12:10:00,4.21,4.21,4.2,4.2,129793.79
2026-08-24 12:15:00,4.2,4.2,4.19,4.19,39583.45
2026-08-24 12:20:00,4.19,4.2,4.19,4.2,113892.2
2026-08-24 12:25:00,4.2,4.2,4.19,4.19,98139.53
2026-08-24 12:30:00,4.19,4.2,4.19,4.19,17218.53
2026-08-24 12:35:00,4.19,4.21,4.19,4.2,252222.96
2026-08-24 12:40:00,4.2,4.21,4.19,4.19,164128.69
2026-08-24 12:45:00,4.19,4.2,4.19,4.2,28611.4
2026-08-24 12:50:00,4.2,4.21,4.19,4.21,75531.07
2026-08-24 12:55:00,4.21,4.21,4.21,4.21,6986.76
2026-08-24 13:00:00,4.21,4.22,4.2,4.2,29268.27
2026-08-24 13:05:00,4.2,4.21,4.18,4.18,52433.71
2026-08-24 13:10:00,4.18,4.19,4.17,4.19,204306.28
2026-08-24 13:15:00,4.19,4.21,4.18,4.2,155555.6
2026-08-24 13:20:00,4.2,4.22,4.2,4.21,11866.55
2026-08-24 13:25:00,4.21,4.23,4.21,4.22,42038.2
2026-08-24 13:30:00,4.22,4.22,4.2,4.2,92200.54
2026-08-24 13:35:00,4.2,4.2,4.18,4.19,96095.51
2026-08-24 13:40:00,4.19,4.19,4.19,4.19,70380.93
2026-08-24 13:45:00,4.19,4.2,4.18,4.2,368141.35
2026-08-24 13:50:00,4.2,4.21,4.19,4.2,19742.2
2026-08-24 13:55:00,4.2,4.2,4.19,4.19,26875.86
2026-08-24 14:00:00,4.19,4.2,4.17,4.2,16614.08
2026-08-24 14:05:00,4.2,4.21,4.19,4.2,274459.5
2026-08-24 14:10:00,4.2,4.23,4.2,4.22,3053.49
2026-08-24 14:15:00,4.22,4.22,4.22,4.22,69186.31
2026-08-24 14:20:00,4.22,4.23,4.22,4.23,10833.24
2026-08-24 14:25:00,4.23,4.23,4.22,4.23,33702.36
2026-08-24 14:30:00,4.23,4.24,4.22,4.24,72656.15
2026-08-24 14:35:00,4.24,4.25,4.24,4.24,723.31
2026-08-24 14:40:00,4.24,4.26,4.24,4.25,142272.97
2026-08-24 14:45:00,4.25,4.26,4.23,4.24,232733.92
2026-08-24 14:50:00,4.24,4.25,4.23,4.24,21704.87
2026-08-24 14:55:00,4.24,4.25,4.23,4.24,180.12
2026-08-24 15:00:00,4.24,4.24,4.22,4.23,55064.51
2026-08-24 15:05:00,4.23,4.24,4.22,4.24,10697.09
2026-08-24 15:10:00,4.24,4.25,4.23,4.25,30598.61
2026-08-24 15:15:00,4.25,4.26,4.24,4.26,848.08
2026-08-24 15:20:00,4.26,4.26,4.23,4.23,186.44
2026-08-24 15:25:00,4.23,4.24,4.23,4.24,8169.24
2026-08-24 15:30:00,4.24,4.24,4.23,4.24,58543.01
2026-08-24 15:35:00,4.24,4.24,4.21,4.22,53049.6
2026-08-24 15:40:00,4.22,4.22,4.2,4.21,104723.72
2026-08-24 15:45:00,4.21,4.22,4.2,4.22,116598.34
2026-08-24 15:50:00,4.22,4.23,4.21,4.22,171293.03
2026-08-24 15:55:00,4.22,4.23,4.21,4.23,30698.31
2026-08-24 16:00:00,4.23,4.23,4.22,4.23,4805.44
2026-08-24 16:05:00,4.23,4.26,4.22,4.26,58308.0
2026-08-24 16:10:00,4.26,4.26,4.25,4.25,336574.92
2026-08-24 16:15:00,4.25,4.26,4.24,4.25,29254.77
2026-08-24 16:20:00,4.25,4.25,4.24,4.24,23197.12
2026-08-24 16:25:00,4.24,4.27,4.24,4.26,61195.35
2026-08-24 16:30:00,4.26,4.28,4.25,4.26,358106.81
2026-08-24 16:35:00,4.26,4.27,4.25,4.25,215711.98
2026-08-24 16:40:00,4.25,4.27,4.24,4.26,30762.58
2026-08-24 16:45:00,4.26,4.28,4.25,4.25,286728.96
2026-08-24 16:50:00,4.25,4.27,4.25,4.25,121058.99
2026-08-24 16:55:00,4.25,4.27,4.25,4.27,28853.76
2026-08-24 17:00:00,4.27,4.27,4.25,4.25,32612.59
2026-08-24 17:05:00,4.25,4.25,4.23,4.23,69845.32
2026-08-24 17:10:00,4.23,4.24,4.23,4.23,81274.44
2026-08-24 17:15:00,4.23,4.24,4.22,4.23,34465.01
2026-08-24 17:20:00,4.23,4.24,4.22,4.23,7304.2
2026-08-24 17:25:00,4.23,4.24,4.23,4.23,112409.3
2026-08-24 17:30:00,4.23,4.24,4.23,4.24,147666.08
2026-08-24 17:35:00,4.24,4.24,4.23,4.23,29354.9
2026-08-24 17:40:00,4.23,4.24,4.23,4.23,63189.89
2026-08-24 17:45:00,4.23,4.24,4.22,4.22,5582.48
2026-08-24 17:50:00,4.22,4.23,4.22,4.22,33991.14
2026-08-24 17:55:00,4.22,4.23,4.21,4.22,213589.0
2026-08-24 18:00:00,4.22,4.23,4.2,4.21,826.0
2026-08-24 18:05:00,4.21,4.23,4.21,4.22,17316.04
2026-08-24 18:10:00,4.22,4.23,4.22,4.23,69648.33
2026-08-24 18:15:00,4.23,4.24,4.23,4.23,50301.24
2026-08-24 18:20:00,4.23,4.24,4.21,4.22,3831.7
2026-08-24 18:25:00,4.22,4.23,4.22,4.23,25086.4
2026-08-24 18:30:00,4.23,4.26,4.23,4.24,32251.33
2026-08-24 18:35:00,4.24,4.25,4.24,4.24,80090.79
2026-08-24 18:40:00,4.24,4.25,4.23,4.25,23970.87
2026-08-24 18:45:00,4.25,4.26,4.22,4.23,21313.51
2026-08-24 18:50:00,4.23,4.25,4.23,4.24,7976.1
2026-08-24 18:55:00,4.24,4.26,4.24,4.26,33049.44
2026-08-24 19:00:00,4.26,4.28,4.25,4.25,101487.02
2026-08-24 19:05:00,4.25,4.25,4.25,4.25,54896.41
2026-08-24 19:10:00,4.25,4.25,4.25,4.25,25745.72
2026-08-24 19:15:00,4.25,4.26,4.25,4.26,110827.09
2026-08-24 19:20:00,4.26,4.27,4.25,4.25,53582.25
2026-08-24 19:25:00,4.25,4.27,4.25,4.27,11332.79
2026-08-24 19:30:00,4.27,4.27,4.24,4.25,4902.91
2026-08-24 19:35:00,4.25,4.25,4.24,4.25,22130.06
2026-08-24 19:40:00,4.25,4.25,4.24,4.24,4999.55
2026-08-24 19:45:00,4.24,4.26,4.24,4.26,15517.64
2026-08-24 19:50:00,4.26,4.28,4.25,4.25,1587918.87
2026-08-24 19:55:00,4.25,4.26,4.23,4.24,124967.06
2026-08-24 20:00:00,4.24,4.25,4.23,4.24,94279.55
2026-08-24 20:05:00,4.24,4.24,4.22,4.22,63495.38
2026-08-24 20:10:00,4.22,4.23,4.21,4.23,114188.38
2026-08-24 20:15:00,4.23,4.24,4.23,4.23,228213.68
2026-08-24 20:20:00,4.23,4.24,4.23,4.23,60662.92
2026-08-24 20:25:00,4.23,4.23,4.22,4.23,17124.16
2026-08-24 20:30:00,4.23,4.23,4.22,4.23,236727.14
2026-08-24 20:35:00,4.23,4.24,4.23,4.23,24294.0
2026-08-24 20:40:00,4.23,4.24,4.23,4.23,12629.69
2026-08-24 20:45:00,4.23,4.26,4.23,4.25,8951.82
2026-08-24 20:50:00,4.25,4.25,4.24,4.24,17370.35
2026-08-24 20:55:00,4.24,4.25,4.23,4.25,28032.93
2026-08-24 21:00:00,4.25,4.25,4.24,4.24,27293.07
2026-08-24 21:05:00,4.24,4.25,4.24,4.24,8050.92
2026-08-24 21:10:00,4.24,4.26,4.24,4.25,10871.04
2026-08-24 21:15:00,4.25,4.26,4.24,4.25,56124.45
2026-08-24 21:20:00,4.25,4.26,4.24,4.26,51231.01
2026-08-24 21:25:00,4.26,4.27,4.26,4.26,11553.08
2026-08-24 21:30:00,4.26,4.27,4.25,4.25,2371.87
2026-08-24 21:35:00,4.25,4.27,4.24,4.24,3483.41
2026-08-24 21:40:00,4.24,4.24,4.23,4.24,147754.04
2026-08-24 21:45:00,4.24,4.26,4.24,4.26,3793.97
2026-08-24 21:50:00,4.26,4.28,4.26,4.27,11479.59
2026-08-24 21:55:00,4.27,4.29,4.27,4.28,4215.88
2026-08-24 22:00:00,4.28,4.29,4.28,4.28,83575.45
2026-08-24 22:05:00,4.28,4.3,4.28,4.29,7410.92
2026-08-24 22:10:00,4.29,4.29,4.28,4.29,26165.93
2026-08-24 22:15:00,4.29,4.3,4.28,4.29,22241.49
2026-08-24 22:20:00,4.29,4.31,4.29,4.3,7537.2
2026-08-24 22:25:00,4.3,4.31,4.29,4.29,50314.43
2026-08-24 22:30:00,4.29,4.29,4.27,4.29,15568.84
2026-08-24 22:35:00,4.29,4.29,4.28,4.28,144456.62
2026-08-24 22:40:00,4.28,4.29,4.28,4.29,49687.34
2026-08-24 22:45:00,4.29,4.3,4.27,4.27,238901.01
2026-08-24 22:50:00,4.27,4.29,4.26,4.28,26.54
2026-08-24 22:55:00,4.28,4.28,4.27,4.27,30781.33
2026-08-24 23:00:00,4.27,4.28,4.26,4.26,38122.85
2026-08-24 23:05:00,4.26,4.27,4.24,4.25,11050.24
2026-08-24 23:10:00,4.25,4.26,4.24,4.25,28612.06
2026-08-24 23:15:00,4.25,4.26,4.24,4.26,3014.95
2026-08-24 23:20:00,4.26,4.26,4.24,4.26,37213.78
2026-08-24 23:25:00,4.26,4.26,4.25,4.26,61204.35
2026-08-24 23:30:00,4.26,4.27,4.24,4.25,3778.18
2026-08-24 23:35:00,4.25,4.26,4.24,4.25,70860.84
2026-08-24 23:40:00,4.25,4.26,4.24,4.25,45337.63
2026-08-24 23:45:00,4.25,4.25,4.24,4.25,2163.96
2026-08-24 23:50:00,4.25,4.25,4.24,4.24,144239.7
2026-08-24 23:55:00,4.24,4.25,4.24,4.24,3995.12
2026-08-25 00:00:00,4.24,4.25,4.23,4.24,48074.14
2026-08-25 00:05:00,4.24,4.25,4.24,4.25,25876.18
2026-08-25 00:10:00,4.25,4.25,4.24,4.25,36678.1
2026-08-25 00:15:00,4.25,4.26,4.24,4.25,39218.7
2026-08-25 00:20:00,4.25,4.25,4.23,4.23,27265.17
2026-08-25 00:25:00,4.23,4.24,4.21,4.21,8675.01
2026-08-25 00:30:00,4.21,4.22,4.2,4.22,33906.93
2026-08-25 00:35:00,4.22,4.22,4.21,4.22,146669.33
2026-08-25 00:40:00,4.22,4.22,4.21,4.21,126319.95
2026-08-25 00:45:00,4.21,4.21,4.21,4.21,126143.54
2026-08-25 00:50:00,4.21,4.23,4.19,4.22,857.81
2026-08-25 00:55:00,4.22,4.23,4.21,4.22,49538.89
2026-08-25 01:00:00,4.22,4.24,4.22,4.23,214829.38
2026-08-25 01:05:00,4.23,4.24,4.23,4.23,16994.74
2026-08-25 01:10:00,4.23,4.23,4.23,4.23,45388.34
2026-08-25 01:15:00,4.23,4.23,4.21,4.22,19629.96
2026-08-25 01:20:00,4.22,4.23,4.21,4.23,218395.04
2026-08-25 01:25:00,4.23,4.24,4.23,4.23,30605.69
2026-08-25 01:30:00,4.23,4.25,4.23,4.25,4932.51
2026-08-25 01:35:00,4.25,4.26,4.24,4.24,1147.57
2026-08-25 01:40:00,4.24,4.27,4.24,4.26,20543.15
2026-08-25 01:45:00,4.26,4.26,4.26,4.26,12380.95
2026-08-25 01:50:00,4.26,4.26,4.26,4.26,94265.42
2026-08-25 01:55:00,4.26,4.27,4.26,4.27,104856.49
2026-08-25 02:00:00,4.27,4.31,4.27,4.29,73302.36
2026-08-25 02:05:00,4.29,4.3,4.28,4.29,6379.31
2026-08-25 02:10:00,4.29,4.29,4.27,4.28,23051.77
2026-08-25 02:15:00,4.28,4.29,4.27,4.28,86753.52
2026-08-25 02:20:00,4.28,4.29,4.25,4.25,39446.8
2026-08-25 02:25:00,4.25,4.26,4.23,4.25,9924.89
2026-08-25 02:30:00,4.25,4.26,4.24,4.25,19515.86
2026-08-25 02:35:00,4.25,4.25,4.24,4.24,5652.67
2026-08-25 02:40:00,4.24,4.25,4.23,4.25,28763.45
2026-08-25 02:45:00,4.25,4.28,4.25,4.27,48457.67
2026-08-25 02:50:00,4.27,4.27,4.26,4.27,23927.02
2026-08-25 02:55:00,4.27,4.29,4.27,4.28,47100.26
2026-08-25 03:00:00,4.28,4.29,4.27,4.27,18242.95
2026-08-25 03:05:00,4.27,4.28,4.25,4.26,87398.86
2026-08-25 03:10:00,4.26,4.26,4.25,4.25,46581.34
2026-08-25 03:15:00,4.25,4.26,4.24,4.25,33736.46
2026-08-25 03:20:00,4.25,4.25,4.24,4.24,17911.65
2026-08-25 03:25:00,4.24,4.24,4.22,4.24,9336.2
2026-08-25 03:30:00,4.24,4.24,4.21,4.23,155761.94
2026-08-25 03:35:00,4.23,4.23,4.22,4.23,177241.36
2026-08-25 03:40:00,4.23,4.24,4.22,4.23,64505.72
2026-08-25 03:45:00,4.23,4.26,4.22,4.25,63850.56
2026-08-25 03:50:00,4.25,4.27,4.24,4.26,10597.69
2026-08-25 03:55:00,4.26,4.27,4.25,4.27,230052.01
2026-08-25 04:00:00,4.27,4.29,4.26,4.29,71620.41
2026-08-25 04:05:00,4.29,4.3,4.27,4.28,63101.6
2026-08-25 04:10:00,4.28,4.28,4.26,4.27,171579.38
2026-08-25 04:15:00,4.27,4.28,4.26,4.28,168033.65
2026-08-25 04:20:00,4.28,4.28,4.26,4.27,28488.56
2026-08-25 04:25:00,4.27,4.29,4.26,4.28,5013.06
2026-08-25 04:30:00,4.28,4.28,4.28,4.28,11526.21
2026-08-25 04:35:00,4.28,4.3,4.27,4.27,8452.49
2026-08-25 04:40:00,4.27,4.28,4.26,4.26,51194.16
2026-08-25 04:45:00,4.26,4.27,4.24,4.26,64368.48
2026-08-25 04:50:00,4.26,4.26,4.25,4.26,29085.03
2026-08-25 04:55:00,4.26,4.27,4.24,4.25,2657.7
2026-08-25 05:00:00,4.25,4.25,4.23,4.24,138854.2
2026-08-25 05:05:00,4.24,4.26,4.23,4.25,5143.49
2026-08-25 05:10:00,4.25,4.26,4.24,4.25,35422.38
2026-08-25 05:15:00,4.25,4.26,4.24,4.24,10005.53
2026-08-25 05:20:00,4.24,4.24,4.23,4.23,34002.65
2026-08-25 05:25:00,4.23,4.23,4.19,4.2,59363.65
2026-08-25 05:30:00,4.2,4.2,4.19,4.2,165308.8
2026-08-25 05:35:00,4.2,4.22,4.2,4.22,27135.28
2026-08-25 05:40:00,4.22,4.23,4.22,4.22,160690.05
2026-08-25 05:45:00,4.22,4.25,4.22,4.24,39068.54
2026-08-25 05:50:00,4.24,4.25,4.24,4.25,55622.56
2026-08-25 05:55:00,4.25,4.26,4.22,4.22,48468.77
2026-08-25 06:00:00,4.22,4.23,4.22,4.23,171855.03
2026-08-25 06:05:00,4.23,4.23,4.21,4.21,6068.58
2026-08-25 06:10:00,4.21,4.22,4.2,4.22,15998.37
2026-08-25 06:15:00,4.22,4.22,4.21,4.22,101709.58
2026-08-25 06:20:00,4.22,4.22,4.22,4.22,62797.23
2026-08-25 06:25:00,4.22,4.23,4.21,4.22,34052.69
2026-08-25 06:30:00,4.22,4.22,4.21,4.21,108068.05
2026-08-25 06:35:00,4.21,4.22,4.21,4.22,11259.33
2026-08-25 06:40:00,4.22,4.23,4.2,4.2,56742.22
2026-08-25 06:45:00,4.2,4.21,4.19,4.19,14311.02
2026-08-25 06:50:00,4.19,4.2,4.19,4.19,35378.0
2026-08-25 06:55:00,4.19,4.2,4.18,4.2,77877.24
2026-08-25 07:00:00,4.2,4.22,4.19,4.21,15277.24
2026-08-25 07:05:00,4.21,4.25,4.21,4.24,77988.63
2026-08-25 07:10:00,4.24,4.24,4.23,4.23,133536.77
2026-08-25 07:15:00,4.23,4.24,4.23,4.23,72899.56
2026-08-25 07:20:00,4.23,4.24,4.22,4.24,5772.5
2026-08-25 07:25:00,4.24,4.25,4.23,4.24,19778.14
2026-08-25 07:30:00,4.24,4.24,4.22,4.23,20047.27
2026-08-25 07:35:00,4.23,4.25,4.23,4.24,26114.0
2026-08-25 07:40:00,4.24,4.24,4.23,4.24,358070.34
2026-08-25 07:45:00,4.24,4.25,4.24,4.24,5099.0
2026-08-25 07:50:00,4.24,4.25,4.23,4.23,61303.48
2026-08-25 07:55:00,4.23,4.24,4.22,4.23,16862.35
2026-08-25 08:00:00,4.23,4.24,4.21,4.22,64926.58
2026-08-25 08:05:00,4.22,4.23,4.2,4.21,26944.61
2026-08-25 08:10:00,4.21,4.24,4.21,4.22,88610.44
2026-08-25 08:15:00,4.22,4.22,4.21,4.22,95.17
2026-08-25 08:20:00,4.22,4.23,4.22,4.22,811.05
2026-08-25 08:25:00,4.22,4.25,4.22,4.24,59411.33
2026-08-25 08:30:00,4.24,4.25,4.24,4.25,25399.7
2026-08-25 08:35:00,4.25,4.25,4.24,4.24,8022.23
2026-08-25 08:40:00,4.24,4.24,4.23,4.23,66826.59
2026-08-25 08:45:00,4.23,4.25,4.23,4.24,74962.12
2026-08-25 08:50:00,4.24,4.24,4.22,4.22,118903.65
2026-08-25 08:55:00,4.22,4.25,4.22,4.24,108697.99
2026-08-25 09:00:00,4.24,4.25,4.22,4.23,38315.39
2026-08-25 09:05:00,4.23,4.23,4.22,4.23,165.61
2026-08-25 09:10:00,4.23,4.23,4.22,4.22,60442.51
2026-08-25 09:15:00,4.22,4.24,4.21,4.23,22203.46
2026-08-25 09:20:00,4.23,4.24,4.22,4.23,61055.71
2026-08-25 09:25:00,4.23,4.25,4.23,4.24,51219.85
2026-08-25 09:30:00,4.24,4.25,4.24,4.24,70509.73
2026-08-25 09:35:00,4.24,4.24,4.21,4.22,158005.6
2026-08-25 09:40:00,4.22,4.22,4.19,4.2,97403.51
2026-08-25 09:45:00,4.2,4.21,4.19,4.2,74618.99
2026-08-25 09:50:00,4.2,4.21,4.19,4.21,34471.42
2026-08-25 09:55:00,4.21,4.21,4.19,4.2,41436.47
2026-08-25 10:00:00,4.2,4.2,4.18,4.19,17467.47
2026-08-25 10:05:00,4.19,4.2,4.18,4.2,46805.98
2026-08-25 10:10:00,4.2,4.22,4.2,4.21,184183.9
2026-08-25 10:15:00,4.21,4.22,4.21,4.22,628.89
2026-08-25 10:20:00,4.22,4.23,4.22,4.22,106527.34
2026-08-25 10:25:00,4.22,4.22,4.2,4.2,38857.39
2026-08-25 10:30:00,4.2,4.2,4.19,4.2,84903.59
2026-08-25 10:35:00,4.2,4.21,4.18,4.19,45110.88
2026-08-25 10:40:00,4.19,4.19,4.16,4.18,52268.47
2026-08-25 10:45:00,4.18,4.2,4.18,4.2,88716.13
2026-08-25 10:50:00,4.2,4.21,4.19,4.2,67830.26
2026-08-25 10:55:00,4.2,4.21,4.19,4.2,20964.07
2026-08-25 11:00:00,4.2,4.21,4.19,4.2,62311.14
2026-08-25 11:05:00,4.2,4.21,4.2,4.21,118190.49
2026-08-25 11:10:00,4.21,4.23,4.21,4.23,159213.11
2026-08-25 11:15:00,4.23,4.24,4.22,4.22,14092.32
2026-08-25 11:20:00,4.22,4.23,4.21,4.21,72997.61
2026-08-25 11:25:00,4.21,4.24,4.21,4.23,88645.54
2026-08-25 11:30:00,4.23,4.24,4.22,4.23,72534.1
2026-08-25 11:35:00,4.23,4.24,4.21,4.22,8844.19
2026-08-25 11:40:00,4.22,4.25,4.22,4.24,131374.36
2026-08-25 11:45:00,4.24,4.26,4.22,4.23,49675.92
2026-08-25 11:50:00,4.23,4.23,4.22,4.22,29226.16
2026-08-25 11:55:00,4.22,4.23,4.21,4.21,66510.63
2026-08-25 12:00:00,4.21,4.22,4.19,4.2,20194.66
2026-08-25 12:05:00,4.2,4.2,4.19,4.19,165134.75
2026-08-25 12:10:00,4.19,4.2,4.18,4.18,67155.87
2026-08-25 12:15:00,4.18,4.2,4.18,4.19,3145.3
2026-08-25 12:20:00,4.19,4.2,4.18,4.18,39062.95
2026-08-25 12:25:00,4.18,4.18,4.18,4.18,7809.11
2026-08-25 12:30:00,4.18,4.18,4.18,4.18,19442.46
2026-08-25 12:35:00,4.18,4.18,4.16,4.17,37970.09
2026-08-25 12:40:00,4.17,4.18,4.16,4.17,39951.41
2026-08-25 12:45:00,4.17,4.18,4.16,4.16,39845.91
2026-08-25 12:50:00,4.16,4.17,4.16,4.17,306832.27
2026-08-25 12:55:00,4.17,4.17,4.17,4.17,37114.46
2026-08-25 13:00:00,4.17,4.18,4.15,4.17,653686.4
2026-08-25 13:05:00,4.17,4.18,4.16,4.17,174609.72
2026-08-25 13:10:00,4.17,4.19,4.15,4.18,918031.82
2026-08-25 13:15:00,4.18,4.19,4.17,4.19,188811.58
2026-08-25 13:20:00,4.19,4.19,4.18,4.18,24151.47
2026-08-25 13:25:00,4.18,4.19,4.18,4.18,4022.61
2026-08-25 13:30:00,4.18,4.2,4.17,4.2,63230.11
2026-08-25 13:35:00,4.2,4.2,4.19,4.2,105918.7
2026-08-25 13:40:00,4.2,4.21,4.2,4.21,88974.41
2026-08-25 13:45:00,4.21,4.22,4.2,4.21,185697.94
2026-08-25 13:50:00,4.21,4.21,4.2,4.21,56337.37
2026-08-25 13:55:00,4.21,4.23,4.2,4.23,5123.03
2026-08-25 14:00:00,4.23,4.23,4.21,4.21,3924.06
2026-08-25 14:05:00,4.21,4.22,4.21,4.22,55070.62
2026-08-25 14:10:00,4.22,4.23,4.21,4.23,27069.64
2026-08-25 14:15:00,4.23,4.24,4.23,4.23,26593.76
2026-08-25 14:20:00,4.23,4.25,4.22,4.24,137979.97
2026-08-25 14:25:00,4.24,4.25,4.22,4.22,70502.5
2026-08-25 14:30:00,4.22,4.22,4.21,4.21,95817.9
2026-08-25 14:35:00,4.21,4.22,4.2,4.21,8581.49
2026-08-25 14:40:00,4.21,4.22,4.21,4.21,69590.47
2026-08-25 14:45:00,4.21,4.21,4.2,4.2,35333.9
2026-08-25 14:50:00,4.2,4.21,4.18,4.18,89753.62
2026-08-25 14:55:00,4.18,4.2,4.18,4.19,47595.68
2026-08-25 15:00:00,4.19,4.21,4.19,4.2,19378.0
2026-08-25 15:05:00,4.2,4.2,4.19,4.2,158995.19
2026-08-25 15:10:00,4.2,4.21,4.19,4.2,98217.88
2026-08-25 15:15:00,4.2,4.2,4.19,4.2,22019.31
2026-08-25 15:20:00,4.2,4.21,4.19,4.19,39436.59
2026-08-25 15:25:00,4.19,4.21,4.19,4.19,34357.4
2026-08-25 15:30:00,4.19,4.21,4.19,4.2,19827.71
2026-08-25 15:35:00,4.2,4.21,4.2,4.2,33515.04
2026-08-25 15:40:00,4.2,4.21,4.19,4.2,39572.49
2026-08-25 15:45:00,4.2,4.2,4.19,4.19,55169.97
2026-08-25 15:50:00,4.19,4.2,4.18,4.18,62828.13
2026-08-25 15:55:00,4.18,4.19,4.17,4.17,40615.05
2026-08-25 16:00:00,4.17,4.18,4.17,4.17,31913.94
2026-08-25 16:05:00,4.17,4.18,4.17,4.17,22302.79
2026-08-25 16:10:00,4.17,4.18,4.16,4.17,32961.02
2026-08-25 16:15:00,4.17,4.18,4.17,4.17,73413.54
2026-08-25 16:20:00,4.17,4.18,4.17,4.18,100135.71
2026-08-25 16:25:00,4.18,4.18,4.17,4.18,18315.92
2026-08-25 16:30:00,4.18,4.18,4.18,4.18,23379.65
2026-08-25 16:35:00,4.18,4.19,4.17,4.18,244790.89
2026-08-25 16:40:00,4.18,4.2,4.18,4.2,26120.77
2026-08-25 16:45:00,4.2,4.21,4.19,4.19,51619.4
2026-08-25 16:50:00,4.19,4.2,4.19,4.2,77199.6
2026-08-25 16:55:00,4.2,4.2,4.19,4.2,14137.96
2026-08-25 17:00:00,4.2,4.2,4.2,4.2,34795.74
2026-08-25 17:05:00,4.2,4.22,4.2,4.21,38076.95
2026-08-25 17:10:00,4.21,4.22,4.2,4.21,1663.17
2026-08-25 17:15:00,4.21,4.22,4.21,4.21,106290.73
2026-08-25 17:20:00,4.21,4.21,4.2,4.2,101517.87
2026-08-25 17:25:00,4.2,4.21,4.19,4.19,14099.7
2026-08-25 17:30:00,4.19,4.2,4.19,4.19,16143.85
2026-08-25 17:35:00,4.19,4.19,4.18,4.18,10955.8
2026-08-25 17:40:00,4.18,4.19,4.17,4.17,10062.0
2026-08-25 17:45:00,4.17,4.18,4.17,4.18,44541.34
2026-08-25 17:50:00,4.18,4.19,4.18,4.18,35650.96
2026-08-25 17:55:00,4.18,4.18,4.17,4.18,10482.08
2026-08-25 18:00:00,4.18,4.19,4.17,4.19,3339.23
2026-08-25 18:05:00,4.19,4.2,4.18,4.18,4099.32
2026-08-25 18:10:00,4.18,4.19,4.16,4.16,20340.6
2026-08-25 18:15:00,4.16,4.17,4.15,4.17,26320.18
2026-08-25 18:20:00,4.17,4.17,4.16,4.17,18934.59
2026-08-25 18:25:00,4.17,4.19,4.16,4.18,19947.42
2026-08-25 18:30:00,4.18,4.18,4.16,4.17,91468.07
2026-08-25 18:35:00,4.17,4.18,4.16,4.17,45340.81
2026-08-25 18:40:00,4.17,4.17,4.16,4.17,13559.79
2026-08-25 18:45:00,4.17,4.17,4.15,4.16,25115.36
2026-08-25 18:50:00,4.16,4.16,4.15,4.15,41845.58
2026-08-25 18:55:00,4.15,4.15,4.13,4.14,79490.75
2026-08-25 19:00:00,4.14,4.15,4.13,4.13,3443.35
2026-08-25 19:05:00,4.13,4.14,4.12,4.13,84299.22
2026-08-25 19:10:00,4.13,4.14,4.13,4.13,192267.62
2026-08-25 19:15:00,4.13,4.14,4.13,4.14,79932.1
2026-08-25 19:20:00,4.14,4.16,4.13,4.15,56184.89
2026-08-25 19:25:00,4.15,4.17,4.14,4.16,119201.01
2026-08-25 19:30:00,4.16,4.18,4.15,4.18,163650.41
2026-08-25 19:35:00,4.18,4.19,4.17,4.17,55359.13
2026-08-25 19:40:00,4.17,4.17,4.16,4.17,1861.06
2026-08-25 19:45:00,4.17,4.17,4.17,4.17,125300.41
2026-08-25 19:50:00,4.17,4.17,4.16,4.16,69721.93
2026-08-25 19:55:00,4.16,4.18,4.16,4.17,7859.99
2026-08-25 20:00:00,4.17,4.17,4.16,4.17,42419.35
2026-08-25 20:05:00,4.17,4.17,4.15,4.17,50797.06
2026-08-25 20:10:00,4.17,4.17,4.15,4.17,159595.87
2026-08-25 20:15:00,4.17,4.17,4.15,4.15,74528.22
2026-08-25 20:20:00,4.15,4.17,4.14,4.17,78745.33
2026-08-25 20:25:00,4.17,4.18,4.16,4.17,5393.37
2026-08-25 20:30:00,4.17,4.17,4.16,4.16,48787.48
2026-08-25 20:35:00,4.16,4.17,4.15,4.15,8083.08
2026-08-25 20:40:00,4.15,4.18,4.15,4.17,159029.07
2026-08-25 20:45:00,4.17,4.18,4.16,4.17,93984.6
2026-08-25 20:50:00,4.17,4.18,4.17,4.17,97.53
2026-08-25 20:55:00,4.17,4.19,4.17,4.19,100029.45
2026-08-25 21:00:00,4.19,4.2,4.19,4.2,33017.67
2026-08-25 21:05:00,4.2,4.2,4.19,4.19,1136.84
2026-08-25 21:10:00,4.19,4.2,4.19,4.2,131171.96
2026-08-25 21:15:00,4.2,4.21,4.19,4.19,4070.29
2026-08-25 21:20:00,4.19,4.19,4.18,4.19,19161.82
2026-08-25 21:25:00,4.19,4.19,4.16,4.16,4932.57
2026-08-25 21:30:00,4.16,4.17,4.15,4.15,24470.19
2026-08-25 21:35:00,4.15,4.17,4.14,4.15,56808.15
2026-08-25 21:40:00,4.15,4.16,4.15,4.15,33270.24
2026-08-25 21:45:00,4.15,4.16,4.14,4.15,54830.57
2026-08-25 21:50:00,4.15,4.16,4.14,4.14,15593.3
2026-08-25 21:55:00,4.14,4.15,4.14,4.15,61859.33
2026-08-25 22:00:00,4.15,4.16,4.14,4.15,58978.58
2026-08-25 22:05:00,4.15,4.16,4.15,4.15,44460.37
2026-08-25 22:10:00,4.15,4.16,4.15,4.16,64211.06
2026-08-25 22:15:00,4.16,4.17,4.16,4.17,26802.02
2026-08-25 22:20:00,4.17,4.17,4.15,4.15,18766.55
2026-08-25 22:25:00,4.15,4.15,4.14,4.14,231917.58
2026-08-25 22:30:00,4.14,4.17,4.14,4.16,95693.03
2026-08-25 22:35:00,4.16,4.17,4.16,4.16,60650.06
2026-08-25 22:40:00,4.16,4.18,4.16,4.17,42819.37
2026-08-25 22:45:00,4.17,4.18,4.17,4.18,83178.68
2026-08-25 22:50:00,4.18,4.19,4.17,4.19,13902.71
2026-08-25 22:55:00,4.19,4.2,4.18,4.19,50871.76
2026-08-25 23:00:00,4.19,4.21,4.18,4.2,81534.76
2026-08-25 23:05:00,4.2,4.2,4.19,4.2,97657.54
2026-08-25 23:10:00,4.2,4.21,4.18,4.19,38244.95
2026-08-25 23:15:00,4.19,4.2,4.18,4.2,11955.33
2026-08-25 23:20:00,4.2,4.21,4.19,4.19,20178.42
2026-08-25 23:25:00,4.19,4.2,4.19,4.19,167663.4
2026-08-25 23:30:00,4.19,4.21,4.19,4.19,23745.44
2026-08-25 23:35:00,4.19,4.19,4.17,4.18,32094.84
2026-08-25 23:40:00,4.18,4.19,4.18,4.18,51175.95
2026-08-25 23:45:00,4.18,4.19,4.17,4.18,28074.55
2026-08-25 23:50:00,4.18,4.18,4.17,4.18,64295.69
2026-08-25 23:55:00,4.18,4.2,4.17,4.19,94980.5
2026-08-26 00:00:00,4.19,4.19,4.18,4.18,93864.12
2026-08-26 00:05:00,4.18,4.19,4.17,4.17,17839.8
2026-08-26 00:10:00,4.17,4.19,4.17,4.18,7382.57
2026-08-26 00:15:00,4.18,4.18,4.17,4.17,10157.49
2026-08-26 00:20:00,4.17,4.17,4.14,4.15,10875.87
2026-08-26 00:25:00,4.15,4.17,4.14,4.16,13.1
2026-08-26 00:30:00,4.16,4.17,4.16,4.17,41431.61
2026-08-26 00:35:00,4.17,4.18,4.17,4.18,84350.55
2026-08-26 00:40:00,4.18,4.18,4.17,4.18,37346.85
2026-08-26 00:45:00,4.18,4.19,4.17,4.18,40624.17
2026-08-26 00:50:00,4.18,4.2,4.18,4.19,6236.15
2026-08-26 00:55:00,4.19,4.19,4.18,4.18,68513.73
2026-08-26 01:00:00,4.18,4.19,4.17,4.17,86213.57
2026-08-26 01:05:00,4.17,4.17,4.17,4.17,27444.05
2026-08-26 01:10:00,4.17,4.18,4.17,4.17,68389.34
2026-08-26 01:15:00,4.17,4.18,4.14,4.15,89442.51
2026-08-26 01:20:00,4.15,4.15,4.14,4.15,15195.36
2026-08-26 01:25:00,4.15,4.15,4.13,4.14,51088.28
2026-08-26 01:30:00,4.14,4.16,4.13,4.14,936.66
2026-08-26 01:35:00,4.14,4.14,4.13,4.14,21425.26
2026-08-26 01:40:00,4.14,4.14,4.12,4.13,87192.32
2026-08-26 01:45:00,4.13,4.15,4.13,4.14,28683.95
2026-08-26 01:50:00,4.14,4.15,4.13,4.14,585823.17
2026-08-26 01:55:00,4.14,4.16,4.13,4.16,709096.86
2026-08-26 02:00:00,4.16,4.16,4.14,4.15,8958.82
2026-08-26 02:05:00,4.15,4.17,4.14,4.16,10671.63
2026-08-26 02:10:00,4.16,4.16,4.14,4.14,80273.14
2026-08-26 02:15:00,4.14,4.15,4.14,4.14,50082.07
2026-08-26 02:20:00,4.14,4.15,4.14,4.15,92643.87
2026-08-26 02:25:00,4.15,4.15,4.14,4.14,13644.96
2026-08-26 02:30:00,4.14,4.15,4.14,4.15,175100.18
2026-08-26 02:35:00,4.15,4.19,4.15,4.18,103430.35
2026-08-26 02:40:00,4.18,4.21,4.18,4.2,7934.94
2026-08-26 02:45:00,4.2,4.21,4.19,4.19,86773.63
2026-08-26 02:50:00,4.19,4.2,4.19,4.19,80601.02
2026-08-26 02:55:00,4.19,4.19,4.17,4.18,128834.87
2026-08-26 03:00:00,4.18,4.21,4.18,4.19,49278.78
2026-08-26 03:05:00,4.19,4.21,4.18,4.18,107630.48
2026-08-26 03:10:00,4.18,4.2,4.18,4.19,16532.37
2026-08-26 03:15:00,4.19,4.2,4.18,4.19,23523.36
2026-08-26 03:20:00,4.19,4.2,4.19,4.2,15753.5
2026-08-26 03:25:00,4.2,4.2,4.18,4.2,188564.03
2026-08-26 03:30:00,4.2,4.21,4.19,4.19,139622.48
2026-08-26 03:35:00,4.19,4.21,4.18,4.19,556.65
2026-08-26 03:40:00,4.19,4.19,4.17,4.18,58815.33
2026-08-26 03:45:00,4.18,4.19,4.17,4.19,8688.71
2026-08-26 03:50:00,4.19,4.2,4.18,4.19,29393.85
2026-08-26 03:55:00,4.19,4.2,4.18,4.2,38856.1
2026-08-26 04:00:00,4.2,4.2,4.17,4.18,4470.69
2026-08-26 04:05:00,4.18,4.2,4.17,4.19,41149.99
2026-08-26 04:10:00,4.19,4.2,4.18,4.19,27870.14
2026-08-26 04:15:00,4.19,4.23,4.18,4.22,87795.02
2026-08-26 04:20:00,4.22,4.24,4.21,4.23,47693.85
2026-08-26 04:25:00,4.23,4.24,4.23,4.23,10233.12
2026-08-26 04:30:00,4.23,4.24,4.23,4.23,265435.39
2026-08-26 04:35:00,4.23,4.24,4.22,4.23,16689.57
2026-08-26 04:40:00,4.23,4.24,4.23,4.23,14115.72
2026-08-26 04:45:00,4.23,4.24,4.23,4.24,219.08
2026-08-26 04:50:00,4.24,4.25,4.23,4.25,33907.87
2026-08-26 04:55:00,4.25,4.26,4.24,4.25,38030.2
2026-08-26 05:00:00,4.25,4.26,4.24,4.24,329146.54
2026-08-26 05:05:00,4.24,4.25,4.24,4.24,20186.66
2026-08-26 05:10:00,4.24,4.24,4.23,4.24,42774.62
2026-08-26 05:15:00,4.24,4.24,4.22,4.23,151330.84
2026-08-26 05:20:00,4.23,4.24,4.22,4.23,29772.46
2026-08-26 05:25:00,4.23,4.25,4.21,4.22,71176.51
2026-08-26 05:30:00,4.22,4.22,4.21,4.21,19006.42
2026-08-26 05:35:00,4.21,4.21,4.19,4.19,27347.69
2026-08-26 05:40:00,4.19,4.2,4.19,4.19,689.8
2026-08-26 05:45:00,4.19,4.2,4.18,4.2,110445.68
2026-08-26 05:50:00,4.2,4.21,4.2,4.2,210555.45
2026-08-26 05:55:00,4.2,4.21,4.19,4.2,55556.64
2026-08-26 06:00:00,4.2,4.21,4.2,4.2,5064.38
2026-08-26 06:05:00,4.2,4.2,4.18,4.2,9317.84
2026-08-26 06:10:00,4.2,4.21,4.18,4.2,8502.62
2026-08-26 06:15:00,4.2,4.22,4.19,4.19,199207.63
2026-08-26 06:20:00,4.19,4.2,4.19,4.19,28351.06
2026-08-26 06:25:00,4.19,4.21,4.19,4.2,49141.07
2026-08-26 06:30:00,4.2,4.22,4.19,4.19,110530.08
2026-08-26 06:35:00,4.19,4.21,4.18,4.18,15698.26
2026-08-26 06:40:00,4.18,4.2,4.18,4.19,18105.08
2026-08-26 06:45:00,4.19,4.22,4.19,4.22,47968.65
2026-08-26 06:50:00,4.22,4.23,4.2,4.2,2461.44
2026-08-26 06:55:00,4.2,4.21,4.2,4.21,5384.61
2026-08-26 07:00:00,4.21,4.22,4.2,4.21,195890.13
2026-08-26 07:05:00,4.21,4.22,4.2,4.22,250665.0
2026-08-26 07:10:00,4.22,4.23,4.21,4.22,261508.23
2026-08-26 07:15:00,4.22,4.23,4.21,4.22,3510.61
2026-08-26 07:20:00,4.22,4.24,4.21,4.22,242085.59
2026-08-26 07:25:00,4.22,4.23,4.2,4.21,35308.22
2026-08-26 07:30:00,4.21,4.21,4.19,4.2,32551.65
2026-08-26 07:35:00,4.2,4.21,4.19,4.2,113331.99
2026-08-26 07:40:00,4.2,4.2,4.19,4.19,2738.21
2026-08-26 07:45:00,4.19,4.21,4.18,4.19,49328.03
2026-08-26 07:50:00,4.19,4.2,4.18,4.19,8549.83
2026-08-26 07:55:00,4.19,4.2,4.17,4.18,33262.49
2026-08-26 08:00:00,4.18,4.2,4.16,4.19,138675.82
2026-08-26 08:05:00,4.19,4.19,4.18,4.19,55656.62
2026-08-26 08:10:00,4.19,4.2,4.19,4.19,23219.22
2026-08-26 08:15:00,4.19,4.21,4.19,4.2,5857.55
2026-08-26 08:20:00,4.2,4.21,4.18,4.18,24864.74
2026-08-26 08:25:00,4.18,4.19,4.18,4.19,80053.01
2026-08-26 08:30:00,4.19,4.19,4.17,4.18,12975.91
2026-08-26 08:35:00,4.18,4.19,4.17,4.18,33002.17
2026-08-26 08:40:00,4.18,4.19,4.17,4.19,75669.3
2026-08-26 08:45:00,4.19,4.2,4.19,4.19,2971.92
2026-08-26 08:50:00,4.19,4.2,4.19,4.19,31234.99
2026-08-26 08:55:00,4.19,4.21,4.18,4.21,79349.1
2026-08-26 09:00:00,4.21,4.22,4.19,4.2,55807.83
2026-08-26 09:05:00,4.2,4.2,4.2,4.2,6695.34
2026-08-26 09:10:00,4.2,4.23,4.19,4.22,60397.24
2026-08-26 09:15:00,4.22,4.25,4.21,4.24,9270.0
2026-08-26 09:20:00,4.24,4.26,4.24,4.25,50644.42
2026-08-26 09:25:00,4.25,4.25,4.24,4.25,63984.84
2026-08-26 09:30:00,4.25,4.28,4.24,4.26,132529.74
2026-08-26 09:35:00,4.26,4.28,4.25,4.26,31084.89
2026-08-26 09:40:00,4.26,4.28,4.26,4.27,15263.23
2026-08-26 09:45:00,4.27,4.28,4.25,4.26,92932.64
2026-08-26 09:50:00,4.26,4.27,4.25,4.26,46906.45
2026-08-26 09:55:00,4.26,4.28,4.25,4.25,287361.18
2026-08-26 10:00:00,4.25,4.26,4.25,4.25,39746.84
2026-08-26 10:05:00,4.25,4.26,4.24,4.25,1331.28
2026-08-26 10:10:00,4.25,4.27,4.25,4.26,49515.48
2026-08-26 10:15:00,4.26,4.27,4.25,4.25,47516.7
2026-08-26 10:20:00,4.25,4.26,4.23,4.24,54205.54
2026-08-26 10:25:00,4.24,4.24,4.24,4.24,30239.92
2026-08-26 10:30:00,4.24,4.24,4.23,4.23,66274.74
2026-08-26 10:35:00,4.23,4.25,4.22,4.24,15906.95
2026-08-26 10:40:00,4.24,4.24,4.22,4.23,149510.21
2026-08-26 10:45:00,4.23,4.25,4.23,4.24,25812.89
2026-08-26 10:50:00,4.24,4.25,4.23,4.24,26169.84
2026-08-26 10:55:00,4.24,4.25,4.23,4.24,53244.95
2026-08-26 11:00:00,4.24,4.24,4.23,4.23,106875.33
2026-08-26 11:05:00,4.23,4.24,4.21,4.22,8356.74
2026-08-26 11:10:00,4.22,4.23,4.21,4.22,3721.07
2026-08-26 11:15:00,4.22,4.24,4.22,4.23,913.08
2026-08-26 11:20:00,4.23,4.25,4.23,4.25,20019.56
2026-08-26 11:25:00,4.25,4.25,4.23,4.24,41213.57
2026-08-26 11:30:00,4.24,4.24,4.23,4.24,14699.44
2026-08-26 11:35:00,4.24,4.24,4.23,4.23,76503.29
2026-08-26 11:40:00,4.23,4.24,4.22,4.22,66478.77
2026-08-26 11:45:00,4.22,4.23,4.22,4.23,221.58
2026-08-26 11:50:00,4.23,4.23,4.21,4.22,1485.18
2026-08-26 11:55:00,4.22,4.24,4.22,4.23,223108.64
2026-08-26 12:00:00,4.23,4.25,4.23,4.24,1449.28
2026-08-26 12:05:00,4.24,4.25,4.24,4.25,88889.49
2026-08-26 12:10:00,4.25,4.26,4.24,4.26,10338.18
2026-08-26 12:15:00,4.26,4.26,4.25,4.25,133225.94
2026-08-26 12:20:00,4.25,4.28,4.24,4.27,28368.88
2026-08-26 12:25:00,4.27,4.29,4.26,4.26,394498.45
2026-08-26 12:30:00,4.26,4.26,4.26,4.26,5305.05
2026-08-26 12:35:00,4.26,4.26,4.25,4.26,26723.21
2026-08-26 12:40:00,4.26,4.26,4.24,4.25,52685.21
2026-08-26 12:45:00,4.25,4.25,4.24,4.25,90901.99
2026-08-26 12:50:00,4.25,4.25,4.23,4.23,13292.72
2026-08-26 12:55:00,4.23,4.25,4.23,4.24,89333.94
2026-08-26 13:00:00,4.24,4.25,4.23,4.23,18335.44
2026-08-26 13:05:00,4.23,4.23,4.23,4.23,53827.11
2026-08-26 13:10:00,4.23,4.23,4.21,4.22,17999.85
2026-08-26 13:15:00,4.22,4.23,4.22,4.22,81515.47
2026-08-26 13:20:00,4.22,4.24,4.22,4.24,33348.02
2026-08-26 13:25:00,4.24,4.24,4.22,4.23,67041.2
2026-08-26 13:30:00,4.23,4.25,4.22,4.24,70653.36
2026-08-26 13:35:00,4.24,4.28,4.24,4.27,4651.43
2026-08-26 13:40:00,4.27,4.28,4.25,4.27,5160.85
2026-08-26 13:45:00,4.27,4.27,4.25,4.25,19179.16
2026-08-26 13:50:00,4.25,4.27,4.25,4.27,5678.6
2026-08-26 13:55:00,4.27,4.27,4.25,4.26,146074.29
2026-08-26 14:00:00,4.26,4.27,4.25,4.27,100783.96
2026-08-26 14:05:00,4.27,4.28,4.26,4.28,43891.17
2026-08-26 14:10:00,4.28,4.28,4.25,4.25,23443.14
2026-08-26 14:15:00,4.25,4.26,4.24,4.24,89793.83
2026-08-26 14:20:00,4.24,4.24,4.23,4.23,248539.18
2026-08-26 14:25:00,4.23,4.24,4.21,4.22,98430.41
2026-08-26 14:30:00,4.22,4.22,4.2,4.21,8117.15
2026-08-26 14:35:00,4.21,4.22,4.21,4.22,78861.1
2026-08-26 14:40:00,4.22,4.23,4.21,4.21,120867.31
2026-08-26 14:45:00,4.21,4.22,4.19,4.2,4293.04
2026-08-26 14:50:00,4.2,4.21,4.19,4.2,35561.26
2026-08-26 14:55:00,4.2,4.2,4.19,4.19,210546.97
2026-08-26 15:00:00,4.19,4.2,4.19,4.2,144623.5
2026-08-26 15:05:00,4.2,4.21,4.18,4.2,149839.07
2026-08-26 15:10:00,4.2,4.21,4.19,4.2,1519.35
2026-08-26 15:15:00,4.2,4.21,4.19,4.2,77038.62
2026-08-26 15:20:00,4.2,4.21,4.18,4.18,39205.58
2026-08-26 15:25:00,4.18,4.19,4.17,4.19,141428.36
2026-08-26 15:30:00,4.19,4.19,4.18,4.18,5549.1
2026-08-26 15:35:00,4.18,4.19,4.17,4.17,112499.72
2026-08-26 15:40:00,4.17,4.18,4.16,4.17,120029.79
2026-08-26 15:45:00,4.17,4.18,4.17,4.18,9872.0
2026-08-26 15:50:00,4.18,4.19,4.16,4.19,1087499.98
2026-08-26 15:55:00,4.19,4.2,4.17,4.2,9385.42
2026-08-26 16:00:00,4.2,4.2,4.19,4.2,21048.15
2026-08-26 16:05:00,4.2,4.21,4.2,4.2,16795.95
2026-08-26 16:10:00,4.2,4.21,4.19,4.21,2817.51
2026-08-26 16:15:00,4.21,4.22,4.2,4.22,47532.8
2026-08-26 16:20:00,4.22,4.22,4.22,4.22,70442.91
2026-08-26 16:25:00,4.22,4.23,4.21,4.23,61662.78
2026-08-26 16:30:00,4.23,4.25,4.23,4.24,1158.59
2026-08-26 16:35:00,4.24,4.25,4.24,4.24,24350.95
2026-08-26 16:40:00,4.24,4.25,4.24,4.25,7968.89
2026-08-26 16:45:00,4.25,4.26,4.24,4.25,8520.04
2026-08-26 16:50:00,4.25,4.26,4.25,4.26,54789.27
2026-08-26 16:55:00,4.26,4.26,4.25,4.25,108.38
2026-08-26 17:00:00,4.25,4.26,4.24,4.25,5808.45
2026-08-26 17:05:00,4.25,4.25,4.24,4.24,65449.11
2026-08-26 17:10:00,4.24,4.25,4.24,4.24,30058.93
2026-08-26 17:15:00,4.24,4.25,4.24,4.24,11474.31
2026-08-26 17:20:00,4.24,4.26,4.23,4.26,79059.03
2026-08-26 17:25:00,4.26,4.27,4.24,4.25,30222.75
2026-08-26 17:30:00,4.25,4.26,4.23,4.23,8064.68
2026-08-26 17:35:00,4.23,4.24,4.22,4.23,20309.14
2026-08-26 17:40:00,4.23,4.25,4.23,4.23,29710.13
2026-08-26 17:45:00,4.23,4.25,4.22,4.22,62289.18
2026-08-26 17:50:00,4.22,4.23,4.21,4.22,94422.71
2026-08-26 17:55:00,4.22,4.22,4.2,4.21,63856.7
2026-08-26 18:00:00,4.21,4.21,4.19,4.19,12656.93
2026-08-26 18:05:00,4.19,4.19,4.18,4.19,2676.6
2026-08-26 18:10:00,4.19,4.21,4.18,4.21,66819.0
2026-08-26 18:15:00,4.21,4.22,4.2,4.21,29813.12
2026-08-26 18:20:00,4.21,4.22,4.21,4.21,24385.66
2026-08-26 18:25:00,4.21,4.21,4.18,4.19,26835.09
2026-08-26 18:30:00,4.19,4.19,4.19,4.19,118235.43
2026-08-26 18:35:00,4.19,4.19,4.17,4.17,63379.65
2026-08-26 18:40:00,4.17,4.18,4.16,4.18,62699.43
2026-08-26 18:45:00,4.18,4.2,4.18,4.19,22399.95
2026-08-26 18:50:00,4.19,4.2,4.19,4.2,3347.76
2026-08-26 18:55:00,4.2,4.22,4.19,4.22,82353.07
2026-08-26 19:00:00,4.22,4.22,4.2,4.2,7502.99
2026-08-26 19:05:00,4.2,4.22,4.19,4.21,8571.67
2026-08-26 19:10:00,4.21,4.21,4.2,4.2,146947.92
2026-08-26 19:15:00,4.2,4.21,4.19,4.2,1837.75
2026-08-26 19:20:00,4.2,4.22,4.2,4.22,67096.88
2026-08-26 19:25:00,4.22,4.22,4.21,4.22,42973.12
2026-08-26 19:30:00,4.22,4.22,4.2,4.21,46376.5
2026-08-26 19:35:00,4.21,4.21,4.2,4.2,7300.84
2026-08-26 19:40:00,4.2,4.22,4.2,4.22,7019.14
2026-08-26 19:45:00,4.22,4.22,4.2,4.21,47695.69
2026-08-26 19:50:00,4.21,4.21,4.19,4.2,76584.91
2026-08-26 19:55:00,4.2,4.2,4.18,4.2,34421.16
2026-08-26 20:00:00,4.2,4.2,4.19,4.19,26061.79
2026-08-26 20:05:00,4.19,4.2,4.18,4.19,150200.06
2026-08-26 20:10:00,4.19,4.21,4.18,4.19,21609.69
2026-08-26 20:15:00,4.19,4.21,4.19,4.21,82034.73
2026-08-26 20:20:00,4.21,4.21,4.19,4.2,23101.71
2026-08-26 20:25:00,4.2,4.21,4.19,4.2,14461.74
2026-08-26 20:30:00,4.2,4.2,4.19,4.19,51164.34
2026-08-26 20:35:00,4.19,4.2,4.19,4.19,51952.87
2026-08-26 20:40:00,4.19,4.22,4.19,4.21,17353.63
2026-08-26 20:45:00,4.21,4.23,4.2,4.22,49809.86
2026-08-26 20:50:00,4.22,4.22,4.21,4.22,8114.67
2026-08-26 20:55:00,4.22,4.22,4.21,4.21,25661.22
2026-08-26 21:00:00,4.21,4.22,4.21,4.22,44858.32
2026-08-26 21:05:00,4.22,4.22,4.2,4.21,32968.96
2026-08-26 21:10:00,4.21,4.21,4.19,4.2,16913.18
2026-08-26 21:15:00,4.2,4.2,4.19,4.19,94103.03
2026-08-26 21:20:00,4.19,4.21,4.18,4.2,132106.48
2026-08-26 21:25:00,4.2,4.21,4.2,4.21,98692.47
2026-08-26 21:30:00,4.21,4.21,4.18,4.2,80269.29
2026-08-26 21:35:00,4.2,4.2,4.19,4.19,63013.33
2026-08-26 21:40:00,4.19,4.19,4.19,4.19,23691.69
2026-08-26 21:45:00,4.19,4.19,4.18,4.18,101622.46
2026-08-26 21:50:00,4.18,4.19,4.18,4.18,133751.36
2026-08-26 21:55:00,4.18,4.19,4.18,4.18,78055.01
2026-08-26 22:00:00,4.18,4.19,4.17,4.17,25032.17
2026-08-26 22:05:00,4.17,4.18,4.16,4.18,20541.02
2026-08-26 22:10:00,4.18,4.18,4.17,4.17,72176.51
2026-08-26 22:15:00,4.17,4.17,4.16,4.17,1068.5
2026-08-26 22:20:00,4.17,4.18,4.16,4.17,15077.34
2026-08-26 22:25:00,4.17,4.17,4.15,4.15,14910.99
2026-08-26 22:30:00,4.15,4.16,4.14,4.16,18865.05
2026-08-26 22:35:00,4.16,4.16,4.14,4.14,3507.39
2026-08-26 22:40:00,4.14,4.14,4.11,4.12,104914.36
2026-08-26 22:45:00,4.12,4.13,4.11,4.13,26734.21
2026-08-26 22:50:00,4.13,4.14,4.12,4.14,113027.22
2026-08-26 22:55:00,4.14,4.14,4.12,4.13,99116.14
2026-08-26 23:00:00,4.13,4.14,4.13,4.14,112724.18
2026-08-26 23:05:00,4.14,4.15,4.13,4.15,184341.34
2026-08-26 23:10:00,4.15,4.15,4.13,4.15,68138.01
2026-08-26 23:15:00,4.15,4.15,4.14,4.14,17244.22
2026-08-26 23:20:00,4.14,4.17,4.13,4.16,5663.82
2026-08-26 23:25:00,4.16,4.17,4.15,4.17,20257.8
2026-08-26 23:30:00,4.17,4.17,4.17,4.17,88165.11
2026-08-26 23:35:00,4.17,4.17,4.14,4.15,6163.78
2026-08-26 23:40:00,4.15,4.16,4.14,4.14,17245.01
2026-08-26 23:45:00,4.14,4.16,4.14,4.16,132370.91
2026-08-26 23:50:00,4.16,4.18,4.16,4.17,80356.97
2026-08-26 23:55:00,4.17,4.19,4.16,4.16,27111.54
2026-08-27 00:00:00,4.16,4.17,4.16,4.17,47178.03
2026-08-27 00:05:00,4.17,4.17,4.15,4.16,2294.87
2026-08-27 00:10:00,4.16,4.16,4.14,4.15,17183.59
2026-08-27 00:15:00,4.15,4.16,4.12,4.13,49425.89
2026-08-27 00:20:00,4.13,4.13,4.12,4.12,129160.94
2026-08-27 00:25:00,4.12,4.13,4.1,4.1,19541.51
2026-08-27 00:30:00,4.1,4.11,4.09,4.11,585098.87
2026-08-27 00:35:00,4.11,4.12,4.11,4.11,4013.76
2026-08-27 00:40:00,4.11,4.13,4.11,4.12,36267.73
2026-08-27 00:45:00,4.12,4.13,4.11,4.13,139183.74
2026-08-27 00:50:00,4.13,4.13,4.11,4.12,17408.17
2026-08-27 00:55:00,4.12,4.13,4.12,4.13,3817.71
2026-08-27 01:00:00,4.13,4.13,4.1,4.1,42147.08
2026-08-27 01:05:00,4.1,4.11,4.09,4.1,44042.85
2026-08-27 01:10:00,4.1,4.1,4.09,4.09,22010.58
2026-08-27 01:15:00,4.09,4.1,4.09,4.1,40126.47
2026-08-27 01:20:00,4.1,4.11,4.08,4.09,9719.23
2026-08-27 01:25:00,4.09,4.1,4.07,4.1,169902.83
2026-08-27 01:30:00,4.1,4.11,4.09,4.1,23976.01
2026-08-27 01:35:00,4.1,4.11,4.1,4.1,17455.73
2026-08-27 01:40:00,4.1,4.11,4.09,4.11,246390.15
2026-08-27 01:45:00,4.11,4.11,4.1,4.11,57142.4
2026-08-27 01:50:00,4.11,4.12,4.11,4.12,169003.96
2026-08-27 01:55:00,4.12,4.12,4.11,4.11,48360.82
2026-08-27 02:00:00,4.11,4.13,4.11,4.12,47518.55
2026-08-27 02:05:00,4.12,4.12,4.11,4.11,33924.88
2026-08-27 02:10:00,4.11,4.12,4.11,4.11,4910.41
2026-08-27 02:15:00,4.11,4.12,4.11,4.12,493498.47
2026-08-27 02:20:00,4.12,4.13,4.1,4.1,14708.43
2026-08-27 02:25:00,4.1,4.11,4.09,4.11,38417.79
2026-08-27 02:30:00,4.11,4.14,4.11,4.13,53197.48
2026-08-27 02:35:00,4.13,4.14,4.12,4.12,40271.53
2026-08-27 02:40:00,4.12,4.15,4.12,4.14,26416.16
2026-08-27 02:45:00,4.14,4.16,4.12,4.15,53513.55
2026-08-27 02:50:00,4.15,4.15,4.12,4.13,3982.76
2026-08-27 02:55:00,4.13,4.14,4.12,4.14,19441.19
2026-08-27 03:00:00,4.14,4.15,4.13,4.13,92130.96
2026-08-27 03:05:00,4.13,4.14,4.13,4.14,60813.11
2026-08-27 03:10:00,4.14,4.15,4.12,4.12,54562.17
2026-08-27 03:15:00,4.12,4.13,4.11,4.13,494641.49
2026-08-27 03:20:00,4.13,4.14,4.12,4.13,155899.12
2026-08-27 03:25:00,4.13,4.16,4.13,4.15,21306.23
2026-08-27 03:30:00,4.15,4.16,4.15,4.15,29306.13
2026-08-27 03:35:00,4.15,4.16,4.15,4.16,37019.12
2026-08-27 03:40:00,4.16,4.16,4.15,4.15,89768.53
2026-08-27 03:45:00,4.15,4.17,4.15,4.16,60853.62
2026-08-27 03:50:00,4.16,4.16,4.14,4.16,26458.48
2026-08-27 03:55:00,4.16,4.16,4.15,4.16,35897.7
2026-08-27 04:00:00,4.16,4.17,4.16,4.16,17200.53
2026-08-27 04:05:00,4.16,4.17,4.15,4.15,15518.88
2026-08-27 04:10:00,4.15,4.17,4.15,4.16,2244.94
2026-08-27 04:15:00,4.16,4.17,4.16,4.17,94529.67
2026-08-27 04:20:00,4.17,4.18,4.17,4.18,29977.29
2026-08-27 04:25:00,4.18,4.19,4.16,4.17,71483.52
2026-08-27 04:30:00,4.17,4.18,4.16,4.18,44170.83
2026-08-27 04:35:00,4.18,4.21,4.17,4.2,4268.88
2026-08-27 04:40:00,4.2,4.21,4.19,4.21,107487.62
2026-08-27 04:45:00,4.21,4.22,4.2,4.2,44676.43
2026-08-27 04:50:00,4.2,4.21,4.19,4.19,59045.54
2026-08-27 04:55:00,4.19,4.2,4.18,4.18,15317.75
2026-08-27 05:00:00,4.18,4.2,4.17,4.17,265282.89
2026-08-27 05:05:00,4.17,4.17,4.16,4.17,80750.3
2026-08-27 05:10:00,4.17,4.18,4.15,4.16,96130.5
2026-08-27 05:15:00,4.16,4.16,4.15,4.16,7525.49
2026-08-27 05:20:00,4.16,4.17,4.16,4.17,18561.38
2026-08-27 05:25:00,4.17,4.17,4.16,4.16,15495.64
2026-08-27 05:30:00,4.16,4.17,4.15,4.15,124136.14
2026-08-27 05:35:00,4.15,4.15,4.14,4.15,31649.23
2026-08-27 05:40:00,4.15,4.15,4.13,4.14,4357.86
2026-08-27 05:45:00,4.14,4.16,4.14,4.16,23357.03
2026-08-27 05:50:00,4.16,4.17,4.15,4.17,166602.01
2026-08-27 05:55:00,4.17,4.17,4.16,4.16,42327.92
2026-08-27 06:00:00,4.16,4.17,4.15,4.16,126776.34
2026-08-27 06:05:00,4.16,4.16,4.15,4.16,40203.46
2026-08-27 06:10:00,4.16,4.16,4.15,4.16,44854.55
2026-08-27 06:15:00,4.16,4.16,4.16,4.16,11419.19
2026-08-27 06:20:00,4.16,4.16,4.15,4.15,11070.81
2026-08-27 06:25:00,4.15,4.16,4.15,4.15,56697.48
2026-08-27 06:30:00,4.15,4.16,4.13,4.14,36340.9
2026-08-27 06:35:00,4.14,4.16,4.13,4.16,39203.29
2026-08-27 06:40:00,4.16,4.18,4.15,4.17,134716.75
2026-08-27 06:45:00,4.17,4.19,4.16,4.16,127933.1
2026-08-27 06:50:00,4.16,4.18,4.15,4.16,372985.44
2026-08-27 06:55:00,4.16,4.16,4.14,4.15,139889.74
2026-08-27 07:00:00,4.15,4.15,4.14,4.15,46714.24
2026-08-27 07:05:00,4.15,4.15,4.14,4.14,1773.24
2026-08-27 07:10:00,4.14,4.15,4.14,4.14,35058.72
2026-08-27 07:15:00,4.14,4.16,4.14,4.15,59055.36
2026-08-27 07:20:00,4.15,4.15,4.12,4.13,19269.94
2026-08-27 07:25:00,4.13,4.14,4.13,4.14,2466.66
2026-08-27 07:30:00,4.14,4.14,4.13,4.13,28949.89
2026-08-27 07:35:00,4.13,4.14,4.12,4.13,73131.08
2026-08-27 07:40:00,4.13,4.15,4.12,4.14,140274.59
2026-08-27 07:45:00,4.14,4.16,4.12,4.13,65640.14
2026-08-27 07:50:00,4.13,4.13,4.12,4.12,146994.54
2026-08-27 07:55:00,4.12,4.13,4.12,4.13,504.4
2026-08-27 08:00:00,4.13,4.14,4.13,4.13,22967.97
2026-08-27 08:05:00,4.13,4.13,4.12,4.12,71294.7
2026-08-27 08:10:00,4.12,4.13,4.1,4.11,16791.55
2026-08-27 08:15:00,4.11,4.11,4.08,4.09,32374.04
2026-08-27 08:20:00,4.09,4.1,4.09,4.1,27333.91
2026-08-27 08:25:00,4.1,4.1,4.09,4.09,16142.42
2026-08-27 08:30:00,4.09,4.1,4.09,4.1,222083.09
2026-08-27 08:35:00,4.1,4.11,4.09,4.11,24144.34
2026-08-27 08:40:00,4.11,4.11,4.1,4.11,243171.12
2026-08-27 08:45:00,4.11,4.11,4.1,4.11,3725.76
2026-08-27 08:50:00,4.11,4.11,4.09,4.1,23959.92
2026-08-27 08:55:00,4.1,4.1,4.1,4.1,49726.86
2026-08-27 09:00:00,4.1,4.13,4.1,4.12,3674.69
2026-08-27 09:05:00,4.12,4.14,4.12,4.13,26682.81
2026-08-27 09:10:00,4.13,4.13,4.12,4.13,1196.27
2026-08-27 09:15:00,4.13,4.15,4.12,4.15,24726.04
2026-08-27 09:20:00,4.15,4.16,4.14,4.15,26458.97
2026-08-27 09:25:00,4.15,4.16,4.14,4.16,39154.99
2026-08-27 09:30:00,4.16,4.18,4.16,4.17,61113.05
2026-08-27 09:35:00,4.17,4.18,4.17,4.17,21323.15
2026-08-27 09:40:00,4.17,4.18,4.17,4.18,28915.29
2026-08-27 09:45:00,4.18,4.19,4.18,4.19,28882.77
2026-08-27 09:50:00,4.19,4.19,4.16,4.17,245429.12
2026-08-27 09:55:00,4.17,4.17,4.15,4.15,6555.74
2026-08-27 10:00:00,4.15,4.16,4.14,4.15,71348.53
2026-08-27 10:05:00,4.15,4.17,4.14,4.16,33794.04
2026-08-27 10:10:00,4.16,4.17,4.15,4.16,26688.04
2026-08-27 10:15:00,4.16,4.16,4.15,4.15,208698.87
2026-08-27 10:20:00,4.15,4.16,4.15,4.15,43201.72
2026-08-27 10:25:00,4.15,4.17,4.15,4.16,45633.68
2026-08-27 10:30:00,4.16,4.17,4.15,4.15,22400.83
2026-08-27 10:35:00,4.15,4.16,4.14,4.15,124609.18
2026-08-27 10:40:00,4.15,4.16,4.13,4.13,44485.97
2026-08-27 10:45:00,4.13,4.14,4.13,4.14,22750.3
2026-08-27 10:50:00,4.14,4.14,4.12,4.14,103478.16
2026-08-27 10:55:00,4.14,4.16,4.13,4.16,9018.12
2026-08-27 11:00:00,4.16,4.17,4.14,4.14,181219.38
2026-08-27 11:05:00,4.14,4.14,4.13,4.14,11097.15
2026-08-27 11:10:00,4.14,4.14,4.12,4.14,156834.05
2026-08-27 11:15:00,4.14,4.15,4.14,4.15,24594.1
2026-08-27 11:20:00,4.15,4.16,4.15,4.16,33953.96
2026-08-27 11:25:00,4.16,4.16,4.15,4.16,48435.46
2026-08-27 11:30:00,4.16,4.16,4.15,4.16,12079.96
2026-08-27 11:35:00,4.16,4.16,4.14,4.16,59680.64
2026-08-27 11:40:00,4.16,4.17,4.15,4.16,704.25
2026-08-27 11:45:00,4.16,4.16,4.13,4.14,4335.78
2026-08-27 11:50:00,4.14,4.15,4.14,4.15,60518.1
2026-08-27 11:55:00,4.15,4.16,4.14,4.16,13254.84
2026-08-27 12:00:00,4.16,4.16,4.15,4.16,23617.22
2026-08-27 12:05:00,4.16,4.16,4.15,4.16,85506.73
2026-08-27 12:10:00,4.16,4.18,4.15,4.17,16820.55
2026-08-27 12:15:00,4.17,4.18,4.17,4.17,62985.36
2026-08-27 12:20:00,4.17,4.18,4.16,4.17,9848.04
2026-08-27 12:25:00,4.17,4.17,4.16,4.16,41650.68
2026-08-27 12:30:00,4.16,4.17,4.15,4.15,119282.51
2026-08-27 12:35:00,4.15,4.16,4.14,4.14,48331.09
2026-08-27 12:40:00,4.14,4.15,4.14,4.15,15549.63
2026-08-27 12:45:00,4.15,4.17,4.14,4.16,4768.24
2026-08-27 12:50:00,4.16,4.17,4.15,4.16,28575.48
2026-08-27 12:55:00,4.16,4.17,4.16,4.17,60758.62
2026-08-27 13:00:00,4.17,4.18,4.16,4.17,6840.32
2026-08-27 13:05:00,4.17,4.18,4.17,4.18,4958.28
2026-08-27 13:10:00,4.18,4.2,4.17,4.2,146194.69
2026-08-27 13:15:00,4.2,4.2,4.19,4.19,29450.92
2026-08-27 13:20:00,4.19,4.19,4.19,4.19,108884.09
2026-08-27 13:25:00,4.19,4.21,4.17,4.21,9795.57
2026-08-27 13:30:00,4.21,4.21,4.19,4.2,37113.2
2026-08-27 13:35:00,4.2,4.21,4.16,4.17,30031.9
2026-08-27 13:40:00,4.17,4.18,4.16,4.17,24555.07
2026-08-27 13:45:00,4.17,4.19,4.17,4.18,30674.26
2026-08-27 13:50:00,4.18,4.19,4.17,4.19,78173.32
2026-08-27 13:55:00,4.19,4.2,4.19,4.19,30263.62
2026-08-27 14:00:00,4.19,4.21,4.19,4.2,16084.74
2026-08-27 14:05:00,4.2,4.21,4.2,4.2,10259.09
2026-08-27 14:10:00,4.2,4.22,4.2,4.22,76269.54
2026-08-27 14:15:00,4.22,4.22,4.18,4.19,40930.6
2026-08-27 14:20:00,4.19,4.2,4.18,4.18,7387.41
2026-08-27 14:25:00,4.18,4.19,4.17,4.19,50730.45
2026-08-27 14:30:00,4.19,4.19,4.18,4.18,84744.11
2026-08-27 14:35:00,4.18,4.18,4.17,4.17,32479.04
2026-08-27 14:40:00,4.17,4.19,4.17,4.19,89416.22
2026-08-27 14:45:00,4.19,4.2,4.17,4.19,6503.28
2026-08-27 14:50:00,4.19,4.21,4.18,4.19,30280.34
2026-08-27 14:55:00,4.19,4.2,4.18,4.18,86419.65
2026-08-27 15:00:00,4.18,4.19,4.17,4.18,135788.33
2026-08-27 15:05:00,4.18,4.2,4.17,4.19,37012.8
2026-08-27 15:10:00,4.19,4.21,4.18,4.18,34281.94
2026-08-27 15:15:00,4.18,4.19,4.16,4.17,129364.36
2026-08-27 15:20:00,4.17,4.18,4.15,4.16,60350.99
2026-08-27 15:25:00,4.16,4.18,4.15,4.17,65257.52
2026-08-27 15:30:00,4.17,4.18,4.17,4.17,183519.03
2026-08-27 15:35:00,4.17,4.19,4.17,4.18,41568.9
2026-08-27 15:40:00,4.18,4.18,4.17,4.17,4263.01
2026-08-27 15:45:00,4.17,4.19,4.16,4.17,104562.95
2026-08-27 15:50:00,4.17,4.19,4.17,4.17,40136.12
2026-08-27 15:55:00,4.17,4.18,4.16,4.17,32723.93
2026-08-27 16:00:00,4.17,4.18,4.17,4.18,31185.35
2026-08-27 16:05:00,4.18,4.18,4.17,4.18,533.02
2026-08-27 16:10:00,4.18,4.19,4.17,4.19,49925.38
2026-08-27 16:15:00,4.19,4.2,4.19,4.19,121924.13
2026-08-27 16:20:00,4.19,4.19,4.17,4.18,145901.7
2026-08-27 16:25:00,4.18,4.19,4.17,4.17,73849.88
2026-08-27 16:30:00,4.17,4.17,4.16,4.16,31772.78
2026-08-27 16:35:00,4.16,4.17,4.16,4.17,76297.96
2026-08-27 16:40:00,4.17,4.18,4.16,4.18,34760.14
2026-08-27 16:45:00,4.18,4.18,4.17,4.18,58230.81
2026-08-27 16:50:00,4.18,4.19,4.16,4.17,100759.74
2026-08-27 16:55:00,4.17,4.18,4.17,4.17,27431.63
2026-08-27 17:00:00,4.17,4.18,4.16,4.17,43314.57
2026-08-27 17:05:00,4.17,4.17,4.15,4.16,12494.18
2026-08-27 17:10:00,4.16,4.18,4.15,4.16,47203.42
2026-08-27 17:15:00,4.16,4.16,4.14,4.15,120148.92
2026-08-27 17:20:00,4.15,4.16,4.13,4.15,77933.27
2026-08-27 17:25:00,4.15,4.16,4.13,4.14,49402.44
2026-08-27 17:30:00,4.14,4.14,4.13,4.13,114838.47
2026-08-27 17:35:00,4.13,4.15,4.12,4.13,129554.59
2026-08-27 17:40:00,4.13,4.14,4.11,4.14,112415.77
2026-08-27 17:45:00,4.14,4.14,4.12,4.12,39786.7
2026-08-27 17:50:00,4.12,4.12,4.1,4.11,6046.8
2026-08-27 17:55:00,4.11,4.12,4.1,4.11,278565.01
2026-08-27 18:00:00,4.11,4.12,4.1,4.12,81564.7
2026-08-27 18:05:00,4.12,4.15,4.12,4.14,7317.38
2026-08-27 18:10:00,4.14,4.15,4.13,4.14,16490.17
2026-08-27 18:15:00,4.14,4.16,4.14,4.15,2740.05
2026-08-27 18:20:00,4.15,4.16,4.13,4.14,172121.72
2026-08-27 18:25:00,4.14,4.15,4.13,4.15,427865.11
2026-08-27 18:30:00,4.15,4.16,4.14,4.16,12224.84
2026-08-27 18:35:00,4.16,4.17,4.15,4.16,43621.54
2026-08-27 18:40:00,4.16,4.17,4.16,4.16,11723.67
2026-08-27 18:45:00,4.16,4.17,4.15,4.17,22060.06
2026-08-27 18:50:00,4.17,4.17,4.16,4.16,2197.58
2026-08-27 18:55:00,4.16,4.17,4.15,4.15,77799.92
2026-08-27 19:00:00,4.15,4.16,4.15,4.15,59415.44
2026-08-27 19:05:00,4.15,4.16,4.14,4.14,143372.73
2026-08-27 19:10:00,4.14,4.15,4.13,4.14,178.38
2026-08-27 19:15:00,4.14,4.15,4.13,4.14,3415.17
2026-08-27 19:20:00,4.14,4.14,4.13,4.14,344443.95
2026-08-27 19:25:00,4.14,4.15,4.12,4.15,100801.93
2026-08-27 19:30:00,4.15,4.17,4.15,4.16,101228.8
2026-08-27 19:35:00,4.16,4.17,4.15,4.17,151968.65
2026-08-27 19:40:00,4.17,4.19,4.16,4.18,35677.28
2026-08-27 19:45:00,4.18,4.18,4.18,4.18,63920.38
2026-08-27 19:50:00,4.18,4.18,4.17,4.18,18549.55
2026-08-27 19:55:00,4.18,4.2,4.17,4.19,8732.4
2026-08-27 20:00:00,4.19,4.2,4.18,4.2,1579.08
2026-08-27 20:05:00,4.2,4.2,4.19,4.19,45920.22
2026-08-27 20:10:00,4.19,4.19,4.18,4.18,73621.23
2026-08-27 20:15:00,4.18,4.18,4.18,4.18,40267.61
2026-08-27 20:20:00,4.18,4.19,4.16,4.17,6273.98
2026-08-27 20:25:00,4.17,4.18,4.16,4.18,67732.32
2026-08-27 20:30:00,4.18,4.18,4.16,4.17,119377.36
2026-08-27 20:35:00,4.17,4.18,4.16,4.17,46096.01
2026-08-27 20:40:00,4.17,4.17,4.14,4.16,39521.29
2026-08-27 20:45:00,4.16,4.17,4.15,4.16,13820.37
2026-08-27 20:50:00,4.16,4.17,4.16,4.17,2657.01
2026-08-27 20:55:00,4.17,4.17,4.15,4.17,22751.66
2026-08-27 21:00:00,4.17,4.18,4.16,4.16,19072.58
2026-08-27 21:05:00,4.16,4.16,4.14,4.14,24443.79
2026-08-27 21:10:00,4.14,4.16,4.14,4.15,82111.01
2026-08-27 21:15:00,4.15,4.15,4.13,4.15,98863.93
2026-08-27 21:20:00,4.15,4.15,4.12,4.13,41047.04
2026-08-27 21:25:00,4.13,4.14,4.12,4.14,124604.22
2026-08-27 21:30:00,4.14,4.15,4.13,4.15,74366.06
2026-08-27 21:35:00,4.15,4.16,4.15,4.16,85241.31
2026-08-27 21:40:00,4.16,4.17,4.16,4.17,126474.42
2026-08-27 21:45:00,4.17,4.19,4.16,4.17,26451.13
2026-08-27 21:50:00,4.17,4.17,4.17,4.17,47239.97
2026-08-27 21:55:00,4.17,4.19,4.17,4.18,7279.85
2026-08-27 22:00:00,4.18,4.19,4.18,4.19,25321.07
2026-08-27 22:05:00,4.19,4.2,4.18,4.18,385319.76
2026-08-27 22:10:00,4.18,4.21,4.17,4.2,82294.66
2026-08-27 22:15:00,4.2,4.2,4.18,4.18,222949.51
2026-08-27 22:20:00,4.18,4.19,4.16,4.17,47028.31
2026-08-27 22:25:00,4.17,4.17,4.16,4.17,4487.9
2026-08-27 22:30:00,4.17,4.18,4.17,4.18,7068.47
2026-08-27 22:35:00,4.18,4.18,4.17,4.18,8750.87
2026-08-27 22:40:00,4.18,4.19,4.18,4.18,13473.21
2026-08-27 22:45:00,4.18,4.19,4.18,4.18,6281.51
2026-08-27 22:50:00,4.18,4.18,4.17,4.17,25925.0
2026-08-27 22:55:00,4.17,4.19,4.13,4.14,28153.59
2026-08-27 23:00:00,4.14,4.14,4.14,4.14,37483.21
2026-08-27 23:05:00,4.14,4.15,4.13,4.14,51645.23
2026-08-27 23:10:00,4.14,4.16,4.14,4.15,32946.55
2026-08-27 23:15:00,4.15,4.17,4.15,4.16,149556.79
2026-08-27 23:20:00,4.16,4.17,4.16,4.16,27881.37
2026-08-27 23:25:00,4.16,4.17,4.15,4.16,16186.09
2026-08-27 23:30:00,4.16,4.16,4.15,4.15,35110.29
2026-08-27 23:35:00,4.15,4.15,4.14,4.15,83308.85
2026-08-27 23:40:00,4.15,4.15,4.12,4.12,43800.8
2026-08-27 23:45:00,4.12,4.14,4.11,4.14,46693.55
2026-08-27 23:50:00,4.14,4.14,4.12,4.12,26448.45
2026-08-27 23:55:00,4.12,4.13,4.11,4.12,117309.3
2026-08-28 00:00:00,4.12,4.14,4.12,4.13,17299.02
2026-08-28 00:05:00,4.13,4.14,4.12,4.13,181332.14
2026-08-28 00:10:00,4.13,4.14,4.12,4.14,857708.35
2026-08-28 00:15:00,4.14,4.15,4.12,4.13,84073.02
2026-08-28 00:20:00,4.13,4.13,4.11,4.13,174106.81
2026-08-28 00:25:00,4.13,4.14,4.11,4.14,141281.47
2026-08-28 00:30:00,4.14,4.15,4.14,4.14,135769.81
2026-08-28 00:35:00,4.14,4.15,4.12,4.12,52665.35
2026-08-28 00:40:00,4.12,4.13,4.12,4.13,9327.45
2026-08-28 00:45:00,4.13,4.13,4.11,4.11,146666.6
2026-08-28 00:50:00,4.11,4.12,4.1,4.12,81208.29
2026-08-28 00:55:00,4.12,4.13,4.12,4.13,2910.57
2026-08-28 01:00:00,4.13,4.13,4.12,4.12,5620.59
2026-08-28 01:05:00,4.12,4.13,4.12,4.13,27755.49
2026-08-28 01:10:00,4.13,4.13,4.13,4.13,22489.39
2026-08-28 01:15:00,4.13,4.14,4.12,4.14,277350.9
2026-08-28 01:20:00,4.14,4.15,4.12,4.15,181920.07
2026-08-28 01:25:00,4.15,4.16,4.14,4.15,173203.5
2026-08-28 01:30:00,4.15,4.16,4.15,4.16,15419.62
2026-08-28 01:35:00,4.16,4.16,4.15,4.15,62217.25
2026-08-28 01:40:00,4.15,4.17,4.15,4.16,2644.03
2026-08-28 01:45:00,4.16,4.17,4.15,4.17,19700.15
2026-08-28 01:50:00,4.17,4.17,4.16,4.16,12517.31
2026-08-28 01:55:00,4.16,4.18,4.15,4.17,37330.83
2026-08-28 02:00:00,4.17,4.17,4.16,4.17,3976.63
2026-08-28 02:05:00,4.17,4.19,4.16,4.18,4888.39
2026-08-28 02:10:00,4.18,4.18,4.17,4.17,34151.14
2026-08-28 02:15:00,4.17,4.19,4.17,4.18,8274.55
2026-08-28 02:20:00,4.18,4.2,4.18,4.19,1800.04
2026-08-28 02:25:00,4.19,4.2,4.19,4.19,33730.65
2026-08-28 02:30:00,4.19,4.2,4.18,4.18,109978.78
2026-08-28 02:35:00,4.18,4.19,4.18,4.18,91795.74
2026-08-28 02:40:00,4.18,4.19,4.18,4.19,138607.1
2026-08-28 02:45:00,4.19,4.19,4.18,4.18,37773.13
2026-08-28 02:50:00,4.18,4.2,4.18,4.19,101155.59
2026-08-28 02:55:00,4.19,4.21,4.18,4.18,182641.52
2026-08-28 03:00:00,4.18,4.19,4.18,4.18,133723.37
2026-08-28 03:05:00,4.18,4.18,4.16,4.17,29890.91
2026-08-28 03:10:00,4.17,4.18,4.16,4.16,97932.46
2026-08-28 03:15:00,4.16,4.18,4.16,4.18,3313.57
2026-08-28 03:20:00,4.18,4.18,4.15,4.15,43531.18
2026-08-28 03:25:00,4.15,4.16,4.15,4.15,10580.72
2026-08-28 03:30:00,4.15,4.15,4.14,4.15,20007.73
2026-08-28 03:35:00,4.15,4.16,4.12,4.13,841.35
2026-08-28 03:40:00,4.13,4.13,4.12,4.13,39868.43
2026-08-28 03:45:00,4.13,4.14,4.12,4.14,56436.27
2026-08-28 03:50:00,4.14,4.14,4.13,4.13,43008.85
2026-08-28 03:55:00,4.13,4.14,4.11,4.11,14460.6
2026-08-28 04:00:00,4.11,4.13,4.11,4.13,21554.43
2026-08-28 04:05:00,4.13,4.15,4.12,4.14,24565.95
2026-08-28 04:10:00,4.14,4.14,4.13,4.13,142960.11
2026-08-28 04:15:00,4.13,4.14,4.11,4.12,30971.42
2026-08-28 04:20:00,4.12,4.14,4.11,4.13,12036.9
2026-08-28 04:25:00,4.13,4.16,4.12,4.15,24565.05
2026-08-28 04:30:00,4.15,4.15,4.14,4.15,44788.99
2026-08-28 04:35:00,4.15,4.17,4.15,4.16,118942.87
2026-08-28 04:40:00,4.16,4.17,4.13,4.14,63152.93
2026-08-28 04:45:00,4.14,4.14,4.13,4.13,115269.86
2026-08-28 04:50:00,4.13,4.14,4.13,4.14,1963.89
2026-08-28 04:55:00,4.14,4.15,4.14,4.14,1274.14
2026-08-28 05:00:00,4.14,4.16,4.14,4.14,59388.1
2026-08-28 05:05:00,4.14,4.16,4.14,4.15,23735.36
2026-08-28 05:10:00,4.15,4.16,4.15,4.16,57877.85
2026-08-28 05:15:00,4.16,4.16,4.14,4.15,62052.24
2026-08-28 05:20:00,4.15,4.16,4.14,4.15,46422.16
2026-08-28 05:25:00,4.15,4.16,4.15,4.15,26559.75
2026-08-28 05:30:00,4.15,4.17,4.15,4.17,199208.2
2026-08-28 05:35:00,4.17,4.17,4.16,4.17,68564.8
2026-08-28 05:40:00,4.17,4.18,4.16,4.17,2298.34
2026-08-28 05:45:00,4.17,4.19,4.17,4.19,17716.02
2026-08-28 05:50:00,4.19,4.2,4.17,4.19,182815.69
2026-08-28 05:55:00,4.19,4.2,4.18,4.2,180659.61
2026-08-28 06:00:00,4.2,4.21,4.18,4.19,65926.54
2026-08-28 06:05:00,4.19,4.2,4.17,4.17,14143.58
2026-08-28 06:10:00,4.17,4.2,4.16,4.18,36678.39
2026-08-28 06:15:00,4.18,4.19,4.17,4.19,9277.36
2026-08-28 06:20:00,4.19,4.21,4.18,4.2,32451.2
2026-08-28 06:25:00,4.2,4.21,4.18,4.19,432174.54
2026-08-28 06:30:00,4.19,4.21,4.18,4.2,60347.78
2026-08-28 06:35:00,4.2,4.21,4.17,4.19,6065.64
2026-08-28 06:40:00,4.19,4.19,4.17,4.18,21651.66
2026-08-28 06:45:00,4.18,4.19,4.16,4.17,4036.03
2026-08-28 06:50:00,4.17,4.17,4.16,4.16,30975.94
2026-08-28 06:55:00,4.16,4.18,4.16,4.18,122371.68
2026-08-28 07:00:00,4.18,4.19,4.16,4.19,18840.29
2026-08-28 07:05:00,4.19,4.19,4.16,4.17,163883.33
2026-08-28 07:10:00,4.17,4.18,4.16,4.18,23832.98
2026-08-28 07:15:00,4.18,4.19,4.16,4.19,54751.46
2026-08-28 07:20:00,4.19,4.2,4.18,4.18,32822.1
2026-08-28 07:25:00,4.18,4.19,4.17,4.18,31533.64
2026-08-28 07:30:00,4.18,4.18,4.15,4.15,14864.27
2026-08-28 07:35:00,4.15,4.16,4.13,4.13,90288.27
2026-08-28 07:40:00,4.13,4.14,4.13,4.14,35426.21
2026-08-28 07:45:00,4.14,4.15,4.14,4.15,14653.65
2026-08-28 07:50:00,4.15,4.16,4.14,4.16,13739.16
2026-08-28 07:55:00,4.16,4.18,4.16,4.17,50138.63
2026-08-28 08:00:00,4.17,4.18,4.15,4.16,152096.35
2026-08-28 08:05:00,4.16,4.16,4.15,4.16,52890.75
2026-08-28 08:10:00,4.16,4.16,4.14,4.16,20287.5
2026-08-28 08:15:00,4.16,4.16,4.14,4.15,146318.44
2026-08-28 08:20:00,4.15,4.16,4.13,4.16,10877.04
2026-08-28 08:25:00,4.16,4.17,4.16,4.16,179494.96
2026-08-28 08:30:00,4.16,4.17,4.15,4.15,1023.65
2026-08-28 08:35:00,4.15,4.16,4.15,4.15,9780.02
2026-08-28 08:40:00,4.15,4.16,4.15,4.15,14927.04
2026-08-28 08:45:00,4.15,4.17,4.15,4.16,216279.63
2026-08-28 08:50:00,4.16,4.17,4.15,4.17,87175.13
2026-08-28 08:55:00,4.17,4.18,4.16,4.16,38174.88
2026-08-28 09:00:00,4.16,4.17,4.16,4.17,381691.22
2026-08-28 09:05:00,4.17,4.18,4.15,4.16,1700.81
2026-08-28 09:10:00,4.16,4.16,4.15,4.16,9043.46
2026-08-28 09:15:00,4.16,4.16,4.15,4.15,110.15
2026-08-28 09:20:00,4.15,4.17,4.15,4.16,24304.08
2026-08-28 09:25:00,4.16,4.16,4.15,4.15,74479.37
2026-08-28 09:30:00,4.15,4.16,4.14,4.16,75481.04
2026-08-28 09:35:00,4.16,4.18,4.15,4.18,45483.13
2026-08-28 09:40:00,4.18,4.18,4.17,4.18,4404.78
2026-08-28 09:45:00,4.18,4.19,4.17,4.18,53495.24
2026-08-28 09:50:00,4.18,4.19,4.16,4.17,50568.64
2026-08-28 09:55:00,4.17,4.2,4.17,4.19,222176.07
2026-08-28 10:00:00,4.19,4.19,4.18,4.18,4694.46
2026-08-28 10:05:00,4.18,4.19,4.18,4.19,87422.77
2026-08-28 10:10:00,4.19,4.19,4.18,4.18,30225.08
2026-08-28 10:15:00,4.18,4.19,4.17,4.18,287.81
2026-08-28 10:20:00,4.18,4.21,4.18,4.19,15582.49
2026-08-28 10:25:00,4.19,4.2,4.18,4.18,47556.93
2026-08-28 10:30:00,4.18,4.18,4.17,4.18,56747.46
2026-08-28 10:35:00,4.18,4.19,4.17,4.18,40749.78
2026-08-28 10:40:00,4.18,4.18,4.17,4.17,93484.21
2026-08-28 10:45:00,4.17,4.18,4.17,4.17,30013.09
2026-08-28 10:50:00,4.17,4.22,4.17,4.2,16490.41
2026-08-28 10:55:00,4.2,4.22,4.2,4.21,33389.31
2026-08-28 11:00:00,4.21,4.22,4.2,4.21,147234.23
2026-08-28 11:05:00,4.21,4.22,4.21,4.21,97741.57
2026-08-28 11:10:00,4.21,4.24,4.21,4.23,6204.67
2026-08-28 11:15:00,4.23,4.25,4.22,4.22,203306.13
2026-08-28 11:20:00,4.22,4.23,4.2,4.2,12836.21
2026-08-28 11:25:00,4.2,4.22,4.19,4.19,78213.7
2026-08-28 11:30:00,4.19,4.2,4.19,4.19,17435.05
2026-08-28 11:35:00,4.19,4.2,4.17,4.19,2809.42
2026-08-28 11:40:00,4.19,4.19,4.18,4.18,48925.94
2026-08-28 11:45:00,4.18,4.18,4.17,4.18,71259.79
2026-08-28 11:50:00,4.18,4.19,4.17,4.18,1686.6
2026-08-28 11:55:00,4.18,4.19,4.18,4.19,20747.77
2026-08-28 12:00:00,4.19,4.19,4.18,4.19,102568.6
2026-08-28 12:05:00,4.19,4.19,4.18,4.18,22455.73
2026-08-28 12:10:00,4.18,4.19,4.17,4.17,16453.48
2026-08-28 12:15:00,4.17,4.17,4.15,4.15,36279.93
2026-08-28 12:20:00,4.15,4.16,4.14,4.14,40234.13
2026-08-28 12:25:00,4.14,4.16,4.13,4.15,91775.89
2026-08-28 12:30:00,4.15,4.16,4.14,4.15,57665.83
2026-08-28 12:35:00,4.15,4.15,4.14,4.14,148932.08
2026-08-28 12:40:00,4.14,4.15,4.14,4.15,129844.97
2026-08-28 12:45:00,4.15,4.15,4.15,4.15,48285.45
2026-08-28 12:50:00,4.15,4.16,4.15,4.15,69000.45
2026-08-28 12:55:00,4.15,4.16,4.12,4.13,89682.17
2026-08-28 13:00:00,4.13,4.14,4.11,4.12,179229.12
2026-08-28 13:05:00,4.12,4.13,4.12,4.13,74073.75
2026-08-28 13:10:00,4.13,4.14,4.12,4.14,693163.47
2026-08-28 13:15:00,4.14,4.14,4.13,4.13,14360.67
2026-08-28 13:20:00,4.13,4.14,4.12,4.14,91265.64
2026-08-28 13:25:00,4.14,4.15,4.12,4.13,37237.07
2026-08-28 13:30:00,4.13,4.13,4.12,4.13,1597.4
2026-08-28 13:35:00,4.13,4.13,4.13,4.13,106357.32
2026-08-28 13:40:00,4.13,4.14,4.11,4.14,358533.63
2026-08-28 13:45:00,4.14,4.14,4.12,4.12,11818.74
2026-08-28 13:50:00,4.12,4.13,4.11,4.13,326153.18
2026-08-28 13:55:00,4.13,4.14,4.13,4.13,19200.59
2026-08-28 14:00:00,4.13,4.13,4.12,4.12,19241.17
2026-08-28 14:05:00,4.12,4.15,4.12,4.14,11857.5
2026-08-28 14:10:00,4.14,4.14,4.12,4.12,19601.34
2026-08-28 14:15:00,4.12,4.14,4.12,4.13,48350.08
2026-08-28 14:20:00,4.13,4.14,4.13,4.13,83109.37
2026-08-28 14:25:00,4.13,4.14,4.12,4.13,17118.93
2026-08-28 14:30:00,4.13,4.14,4.12,4.13,89830.72
2026-08-28 14:35:00,4.13,4.14,4.12,4.12,5286.75
2026-08-28 14:40:00,4.12,4.14,4.11,4.13,299747.23
2026-08-28 14:45:00,4.13,4.14,4.12,4.14,16342.22
2026-08-28 14:50:00,4.14,4.14,4.12,4.13,64714.67
2026-08-28 14:55:00,4.13,4.13,4.12,4.13,66921.81
2026-08-28 15:00:00,4.13,4.14,4.12,4.14,243227.43
2026-08-28 15:05:00,4.14,4.15,4.14,4.15,113107.04
2026-08-28 15:10:00,4.15,4.16,4.13,4.14,28199.26
2026-08-28 15:15:00,4.14,4.15,4.13,4.14,2410.51
2026-08-28 15:20:00,4.14,4.15,4.14,4.14,2719.59
2026-08-28 15:25:00,4.14,4.15,4.13,4.13,18011.7
2026-08-28 15:30:00,4.13,4.13,4.12,4.12,117555.69
2026-08-28 15:35:00,4.12,4.13,4.12,4.12,268163.05
2026-08-28 15:40:00,4.12,4.13,4.11,4.13,347577.99
2026-08-28 15:45:00,4.13,4.15,4.12,4.15,148394.28
2026-08-28 15:50:00,4.15,4.15,4.14,4.15,73142.25
2026-08-28 15:55:00,4.15,4.15,4.14,4.14,37336.32
2026-08-28 16:00:00,4.14,4.16,4.14,4.15,30492.41
2026-08-28 16:05:00,4.15,4.15,4.13,4.13,21481.71
2026-08-28 16:10:00,4.13,4.15,4.12,4.14,19991.44
2026-08-28 16:15:00,4.14,4.15,4.14,4.15,202575.93
2026-08-28 16:20:00,4.15,4.16,4.14,4.16,41841.59
2026-08-28 16:25:00,4.16,4.17,4.16,4.17,17163.33
2026-08-28 16:30:00,4.17,4.17,4.16,4.17,52633.03
2026-08-28 16:35:00,4.17,4.17,4.16,4.16,19215.76
2026-08-28 16:40:00,4.16,4.19,4.15,4.18,140676.15
2026-08-28 16:45:00,4.18,4.21,4.18,4.2,61596.08
2026-08-28 16:50:00,4.2,4.21,4.19,4.21,20998.0
2026-08-28 16:55:00,4.21,4.22,4.21,4.22,22525.5
2026-08-28 17:00:00,4.22,4.22,4.21,4.22,12465.43
2026-08-28 17:05:00,4.22,4.23,4.22,4.23,8017.61
2026-08-28 17:10:00,4.23,4.24,4.22,4.22,45136.63
2026-08-28 17:15:00,4.22,4.23,4.21,4.22,168769.75
2026-08-28 17:20:00,4.22,4.22,4.21,4.21,2627.84
2026-08-28 17:25:00,4.21,4.21,4.18,4.19,53953.01
2026-08-28 17:30:00,4.19,4.2,4.19,4.2,27299.3
2026-08-28 17:35:00,4.2,4.21,4.19,4.19,386532.07
2026-08-28 17:40:00,4.19,4.21,4.18,4.19,113336.4
2026-08-28 17:45:00,4.19,4.19,4.16,4.17,39014.37
2026-08-28 17:50:00,4.17,4.18,4.16,4.17,3023.4
2026-08-28 17:55:00,4.17,4.17,4.16,4.16,13884.82
2026-08-28 18:00:00,4.16,4.18,4.15,4.17,18724.54
2026-08-28 18:05:00,4.17,4.19,4.17,4.18,71668.44
2026-08-28 18:10:00,4.18,4.18,4.16,4.17,162207.76
2026-08-28 18:15:00,4.17,4.19,4.17,4.18,21078.93
2026-08-28 18:20:00,4.18,4.2,4.17,4.19,10741.73
2026-08-28 18:25:00,4.19,4.2,4.18,4.18,159459.95
2026-08-28 18:30:00,4.18,4.19,4.16,4.17,81193.6
2026-08-28 18:35:00,4.17,4.17,4.16,4.16,8701.12
2026-08-28 18:40:00,4.16,4.16,4.15,4.16,66754.83
2026-08-28 18:45:00,4.16,4.18,4.15,4.18,109316.9
2026-08-28 18:50:00,4.18,4.19,4.16,4.17,12071.19
2026-08-28 18:55:00,4.17,4.18,4.15,4.15,28734.37
2026-08-28 19:00:00,4.15,4.15,4.12,4.14,11873.5
2026-08-28 19:05:00,4.14,4.14,4.13,4.14,15366.33
2026-08-28 19:10:00,4.14,4.14,4.13,4.13,37953.98
2026-08-28 19:15:00,4.13,4.14,4.12,4.13,12619.51
2026-08-28 19:20:00,4.13,4.13,4.12,4.13,5077.64
2026-08-28 19:25:00,4.13,4.14,4.13,4.13,20674.19
2026-08-28 19:30:00,4.13,4.14,4.12,4.12,600.24
2026-08-28 19:35:00,4.12,4.13,4.12,4.12,12097.9
2026-08-28 19:40:00,4.12,4.13,4.11,4.12,15918.21
2026-08-28 19:45:00,4.12,4.13,4.1,4.13,61354.07
2026-08-28 19:50:00,4.13,4.14,4.11,4.13,228545.51
2026-08-28 19:55:00,4.13,4.14,4.13,4.14,106862.58
2026-08-28 20:00:00,4.14,4.15,4.12,4.13,15199.38
2026-08-28 20:05:00,4.13,4.16,4.13,4.15,63707.78
2026-08-28 20:10:00,4.15,4.15,4.14,4.14,93168.51
2026-08-28 20:15:00,4.14,4.14,4.12,4.13,89985.18
2026-08-28 20:20:00,4.13,4.13,4.12,4.12,11310.6
2026-08-28 20:25:00,4.12,4.13,4.12,4.13,34062.9
2026-08-28 20:30:00,4.13,4.14,4.13,4.14,103191.84
2026-08-28 20:35:00,4.14,4.16,4.14,4.16,60776.14
2026-08-28 20:40:00,4.16,4.17,4.16,4.16,14331.76
2026-08-28 20:45:00,4.16,4.18,4.16,4.17,34673.82
2026-08-28 20:50:00,4.17,4.19,4.17,4.17,181800.73
2026-08-28 20:55:00,4.17,4.18,4.17,4.17,67653.97
2026-08-28 21:00:00,4.17,4.19,4.17,4.19,11709.55
2026-08-28 21:05:00,4.19,4.2,4.19,4.2,162709.67
2026-08-28 21:10:00,4.2,4.21,4.19,4.21,156473.51
2026-08-28 21:15:00,4.21,4.22,4.19,4.2,36212.52
2026-08-28 21:20:00,4.2,4.2,4.19,4.2,88644.39
2026-08-28 21:25:00,4.2,4.2,4.2,4.2,5831.99
2026-08-28 21:30:00,4.2,4.21,4.19,4.21,21180.83
2026-08-28 21:35:00,4.21,4.21,4.2,4.21,210511.08
2026-08-28 21:40:00,4.21,4.22,4.2,4.21,28068.54
2026-08-28 21:45:00,4.21,4.22,4.2,4.2,53207.01
2026-08-28 21:50:00,4.2,4.22,4.2,4.22,19599.95
2026-08-28 21:55:00,4.22,4.22,4.22,4.22,6118.59
2026-08-28 22:00:00,4.22,4.23,4.2,4.21,16766.83
2026-08-28 22:05:00,4.21,4.21,4.2,4.2,46578.57
2026-08-28 22:10:00,4.2,4.21,4.2,4.2,204227.27
2026-08-28 22:15:00,4.2,4.23,4.2,4.22,50573.11
2026-08-28 22:20:00,4.22,4.24,4.22,4.23,73415.9
2026-08-28 22:25:00,4.23,4.25,4.23,4.23,42914.06
2026-08-28 22:30:00,4.23,4.25,4.23,4.24,30763.63
2026-08-28 22:35:00,4.24,4.25,4.22,4.23,88531.87
2026-08-28 22:40:00,4.23,4.23,4.22,4.22,29390.98
2026-08-28 22:45:00,4.22,4.22,4.21,4.22,7141.0
2026-08-28 22:50:00,4.22,4.22,4.21,4.22,6615.2
2026-08-28 22:55:00,4.22,4.22,4.21,4.22,497.62
2026-08-28 23:00:00,4.22,4.23,4.21,4.23,10367.25
2026-08-28 23:05:00,4.23,4.24,4.22,4.23,34652.34
2026-08-28 23:10:00,4.23,4.23,4.23,4.23,47404.42
2026-08-28 23:15:00,4.23,4.23,4.22,4.23,22489.35
2026-08-28 23:20:00,4.23,4.24,4.22,4.23,179791.77
2026-08-28 23:25:00,4.23,4.24,4.22,4.24,4190.39
2026-08-28 23:30:00,4.24,4.24,4.22,4.23,14859.56
2026-08-28 23:35:00,4.23,4.24,4.23,4.24,34935.99
2026-08-28 23:40:00,4.24,4.25,4.23,4.24,39829.96
2026-08-28 23:45:00,4.24,4.25,4.23,4.23,575915.71
2026-08-28 23:50:00,4.23,4.25,4.23,4.24,21672.7
2026-08-28 23:55:00,4.24,4.26,4.23,4.23,976131.5
2026-08-29 00:00:00,4.23,4.24,4.23,4.23,30078.33
2026-08-29 00:05:00,4.23,4.24,4.22,4.24,54104.28
2026-08-29 00:10:00,4.24,4.25,4.22,4.23,22272.22
2026-08-29 00:15:00,4.23,4.23,4.22,4.23,42361.13
2026-08-29 00:20:00,4.23,4.24,4.21,4.22,4046.18
2026-08-29 00:25:00,4.22,4.23,4.21,4.22,42847.09
2026-08-29 00:30:00,4.22,4.23,4.21,4.23,69252.94
2026-08-29 00:35:00,4.23,4.23,4.21,4.22,9864.16
2026-08-29 00:40:00,4.22,4.22,4.21,4.21,11240.63
2026-08-29 00:45:00,4.21,4.22,4.2,4.22,159302.06
2026-08-29 00:50:00,4.22,4.23,4.19,4.2,26299.52
2026-08-29 00:55:00,4.2,4.2,4.19,4.19,171361.06
2026-08-29 01:00:00,4.19,4.2,4.18,4.18,70862.81
2026-08-29 01:05:00,4.18,4.19,4.18,4.19,19862.41
2026-08-29 01:10:00,4.19,4.19,4.18,4.19,4164.98
2026-08-29 01:15:00,4.19,4.19,4.17,4.18,52379.47
2026-08-29 01:20:00,4.18,4.19,4.18,4.19,1888.09
2026-08-29 01:25:00,4.19,4.2,4.18,4.18,15193.62
2026-08-29 01:30:00,4.18,4.2,4.18,4.19,79674.95
2026-08-29 01:35:00,4.19,4.2,4.19,4.2,56133.21
2026-08-29 01:40:00,4.2,4.21,4.19,4.19,39573.37
2026-08-29 01:45:00,4.19,4.2,4.17,4.17,94708.21
2026-08-29 01:50:00,4.17,4.18,4.17,4.17,27312.45
2026-08-29 01:55:00,4.17,4.17,4.16,4.16,88297.83
2026-08-29 02:00:00,4.16,4.18,4.15,4.16,6733.14
2026-08-29 02:05:00,4.16,4.16,4.15,4.16,40810.81
2026-08-29 02:10:00,4.16,4.16,4.15,4.16,2740.32
2026-08-29 02:15:00,4.16,4.17,4.15,4.17,188170.16
2026-08-29 02:20:00,4.17,4.17,4.15,4.17,183173.88
2026-08-29 02:25:00,4.17,4.17,4.16,4.17,4846.77
2026-08-29 02:30:00,4.17,4.17,4.15,4.16,104871.43
2026-08-29 02:35:00,4.16,4.16,4.15,4.15,37282.86
2026-08-29 02:40:00,4.15,4.17,4.15,4.16,30026.44
2026-08-29 02:45:00,4.16,4.16,4.14,4.16,31738.19
2026-08-29 02:50:00,4.16,4.16,4.15,4.16,8865.5
2026-08-29 02:55:00,4.16,4.16,4.13,4.14,44648.58
2026-08-29 03:00:00,4.14,4.15,4.14,4.15,1525.55
2026-08-29 03:05:00,4.15,4.16,4.14,4.15,31641.19
2026-08-29 03:10:00,4.15,4.15,4.12,4.13,33162.34
2026-08-29 03:15:00,4.13,4.14,4.11,4.12,655.4
2026-08-29 03:20:00,4.12,4.12,4.1,4.11,3786.69
2026-08-29 03:25:00,4.11,4.11,4.1,4.11,2895.59
2026-08-29 03:30:00,4.11,4.12,4.1,4.12,242113.9
2026-08-29 03:35:00,4.12,4.13,4.1,4.13,106248.02
2026-08-29 03:40:00,4.13,4.14,4.11,4.13,4053.28
2026-08-29 03:45:00,4.13,4.14,4.12,4.13,56939.61
2026-08-29 03:50:00,4.13,4.14,4.12,4.13,78273.98
2026-08-29 03:55:00,4.13,4.13,4.12,4.12,46738.36
2026-08-29 04:00:00,4.12,4.13,4.1,4.11,27126.65
2026-08-29 04:05:00,4.11,4.12,4.09,4.12,41390.7
2026-08-29 04:10:00,4.12,4.12,4.11,4.11,5190.48
2026-08-29 04:15:00,4.11,4.11,4.11,4.11,12756.12
2026-08-29 04:20:00,4.11,4.12,4.09,4.09,18584.06
2026-08-29 04:25:00,4.09,4.1,4.08,4.1,45556.94
2026-08-29 04:30:00,4.1,4.1,4.09,4.1,58900.13
2026-08-29 04:35:00,4.1,4.1,4.09,4.1,411.93
2026-08-29 04:40:00,4.1,4.11,4.09,4.11,29208.85
2026-08-29 04:45:00,4.11,4.12,4.09,4.11,220875.65
2026-08-29 04:50:00,4.11,4.13,4.1,4.12,13676.74
2026-08-29 04:55:00,4.12,4.14,4.11,4.11,3592.41
2026-08-29 05:00:00,4.11,4.12,4.1,4.11,155548.93
2026-08-29 05:05:00,4.11,4.11,4.09,4.09,73898.78
2026-08-29 05:10:00,4.09,4.1,4.08,4.09,90912.97
2026-08-29 05:15:00,4.09,4.1,4.09,4.1,63554.82
2026-08-29 05:20:00,4.1,4.11,4.08,4.11,302060.41
2026-08-29 05:25:00,4.11,4.12,4.1,4.11,5093.15
2026-08-29 05:30:00,4.11,4.11,4.09,4.09,53583.35
2026-08-29 05:35:00,4.09,4.1,4.08,4.08,58875.02
2026-08-29 05:40:00,4.08,4.08,4.08,4.08,37614.15
2026-08-29 05:45:00,4.08,4.09,4.07,4.08,310510.03
2026-08-29 05:50:00,4.08,4.09,4.08,4.08,28076.36
2026-08-29 05:55:00,4.08,4.09,4.07,4.09,256905.63
2026-08-29 06:00:00,4.09,4.1,4.08,4.1,427591.77
2026-08-29 06:05:00,4.1,4.1,4.09,4.1,40833.46
2026-08-29 06:10:00,4.1,4.11,4.09,4.11,21539.89
2026-08-29 06:15:00,4.11,4.12,4.09,4.12,291254.66
2026-08-29 06:20:00,4.12,4.13,4.11,4.12,155734.75
2026-08-29 06:25:00,4.12,4.13,4.11,4.11,50846.39
2026-08-29 06:30:00,4.11,4.12,4.1,4.12,83178.34
2026-08-29 06:35:00,4.12,4.12,4.11,4.12,22544.76
2026-08-29 06:40:00,4.12,4.13,4.11,4.11,75571.59
2026-08-29 06:45:00,4.11,4.13,4.11,4.12,55699.9
2026-08-29 06:50:00,4.12,4.14,4.12,4.14,39556.67
2026-08-29 06:55:00,4.14,4.15,4.13,4.14,39742.51
2026-08-29 07:00:00,4.14,4.14,4.11,4.12,48663.95
2026-08-29 07:05:00,4.12,4.13,4.11,4.11,23604.39
2026-08-29 07:10:00,4.11,4.12,4.1,4.12,760106.13
2026-08-29 07:15:00,4.12,4.15,4.12,4.14,45213.86
2026-08-29 07:20:00,4.14,4.14,4.1,4.11,13582.15
2026-08-29 07:25:00,4.11,4.12,4.1,4.11,16893.94
2026-08-29 07:30:00,4.11,4.13,4.11,4.13,39602.16
2026-08-29 07:35:00,4.13,4.15,4.12,4.14,114792.22
2026-08-29 07:40:00,4.14,4.15,4.14,4.15,9163.52
2026-08-29 07:45:00,4.15,4.16,4.14,4.15,151777.09
2026-08-29 07:50:00,4.15,4.16,4.15,4.16,2722.75
2026-08-29 07:55:00,4.16,4.18,4.16,4.17,8853.27
2026-08-29 08:00:00,4.17,4.17,4.16,4.16,42428.75
2026-08-29 08:05:00,4.16,4.16,4.13,4.14,166031.73
2026-08-29 08:10:00,4.14,4.14,4.13,4.13,73882.39
2026-08-29 08:15:00,4.13,4.14,4.12,4.13,26294.84
2026-08-29 08:20:00,4.13,4.13,4.12,4.12,258080.83
2026-08-29 08:25:00,4.12,4.12,4.11,4.12,167071.59
2026-08-29 08:30:00,4.12,4.14,4.12,4.13,28896.41
2026-08-29 08:35:00,4.13,4.13,4.12,4.12,11064.01
2026-08-29 08:40:00,4.12,4.14,4.12,4.13,245994.89
2026-08-29 08:45:00,4.13,4.13,4.13,4.13,12097.81
2026-08-29 08:50:00,4.13,4.14,4.13,4.13,78067.85
2026-08-29 08:55:00,4.13,4.14,4.11,4.12,21016.05
2026-08-29 09:00:00,4.12,4.14,4.11,4.13,114646.9
2026-08-29 09:05:00,4.13,4.14,4.11,4.11,10009.18
2026-08-29 09:10:00,4.11,4.11,4.1,4.1,7226.29
2026-08-29 09:15:00,4.1,4.11,4.09,4.11,39446.07
2026-08-29 09:20:00,4.11,4.11,4.1,4.1,55587.96
2026-08-29 09:25:00,4.1,4.11,4.08,4.09,70696.44
2026-08-29 09:30:00,4.09,4.09,4.09,4.09,24643.37
2026-08-29 09:35:00,4.09,4.09,4.09,4.09,20588.19
2026-08-29 09:40:00,4.09,4.12,4.09,4.11,16311.58
2026-08-29 09:45:00,4.11,4.12,4.1,4.12,129063.61
2026-08-29 09:50:00,4.12,4.13,4.11,4.12,9803.68
2026-08-29 09:55:00,4.12,4.13,4.11,4.13,22368.91
2026-08-29 10:00:00,4.13,4.15,4.12,4.15,25022.84
2026-08-29 10:05:00,4.15,4.17,4.14,4.14,980065.47
2026-08-29 10:10:00,4.14,4.15,4.14,4.15,6620.53
2026-08-29 10:15:00,4.15,4.16,4.14,4.16,8256.92
2026-08-29 10:20:00,4.16,4.17,4.15,4.16,34352.75
2026-08-29 10:25:00,4.16,4.17,4.15,4.15,5970.09
2026-08-29 10:30:00,4.15,4.15,4.13,4.14,20243.4
2026-08-29 10:35:00,4.14,4.15,4.14,4.14,76575.56
2026-08-29 10:40:00,4.14,4.17,4.14,4.17,71106.79
2026-08-29 10:45:00,4.17,4.18,4.16,4.18,31114.82
2026-08-29 10:50:00,4.18,4.18,4.18,4.18,30812.88
2026-08-29 10:55:00,4.18,4.2,4.17,4.17,228449.78
2026-08-29 11:00:00,4.17,4.19,4.16,4.16,732292.79
2026-08-29 11:05:00,4.16,4.17,4.15,4.15,46193.31
2026-08-29 11:10:00,4.15,4.16,4.14,4.15,37175.41
2026-08-29 11:15:00,4.15,4.15,4.14,4.15,173761.12
2026-08-29 11:20:00,4.15,4.15,4.14,4.14,82573.57
2026-08-29 11:25:00,4.14,4.15,4.14,4.14,127280.1
2026-08-29 11:30:00,4.14,4.15,4.14,4.14,36222.13
2026-08-29 11:35:00,4.14,4.15,4.14,4.14,167708.45
2026-08-29 11:40:00,4.14,4.15,4.12,4.13,65037.46
2026-08-29 11:45:00,4.13,4.14,4.13,4.14,30353.24
2026-08-29 11:50:00,4.14,4.15,4.13,4.15,7450.32
2026-08-29 11:55:00,4.15,4.15,4.14,4.14,49358.9
2026-08-29 12:00:00,4.14,4.15,4.14,4.15,13601.16
2026-08-29 12:05:00,4.15,4.15,4.13,4.15,110819.5
2026-08-29 12:10:00,4.15,4.17,4.15,4.16,3864.99
2026-08-29 12:15:00,4.16,4.16,4.14,4.15,55169.18
2026-08-29 12:20:00,4.15,4.15,4.13,4.14,86661.5
2026-08-29 12:25:00,4.14,4.16,4.13,4.15,80004.76
2026-08-29 12:30:00,4.15,4.18,4.15,4.17,1408.48
2026-08-29 12:35:00,4.17,4.17,4.16,4.16,63794.18
2026-08-29 12:40:00,4.16,4.16,4.15,4.15,31552.89
2026-08-29 12:45:00,4.15,4.16,4.14,4.16,206653.19
2026-08-29 12:50:00,4.16,4.17,4.16,4.16,45795.42
2026-08-29 12:55:00,4.16,4.17,4.16,4.16,94516.39
2026-08-29 13:00:00,4.16,4.17,4.16,4.17,57482.02
2026-08-29 13:05:00,4.17,4.18,4.16,4.16,20586.23
2026-08-29 13:10:00,4.16,4.18,4.15,4.18,57087.42
2026-08-29 13:15:00,4.18,4.2,4.17,4.18,27779.98
2026-08-29 13:20:00,4.18,4.2,4.18,4.2,116432.22
2026-08-29 13:25:00,4.2,4.2,4.18,4.19,12358.04
2026-08-29 13:30:00,4.19,4.2,4.18,4.18,9092.27
2026-08-29 13:35:00,4.18,4.19,4.18,4.18,71329.19
2026-08-29 13:40:00,4.18,4.18,4.14,4.16,92186.27
2026-08-29 13:45:00,4.16,4.16,4.15,4.15,69846.13
2026-08-29 13:50:00,4.15,4.16,4.15,4.15,1036.9
2026-08-29 13:55:00,4.15,4.16,4.14,4.14,12292.5
2026-08-29 14:00:00,4.14,4.15,4.14,4.15,79581.61
2026-08-29 14:05:00,4.15,4.15,4.14,4.14,68967.93
2026-08-29 14:10:00,4.14,4.15,4.13,4.13,7109.14
2026-08-29 14:15:00,4.13,4.14,4.12,4.13,220665.46
2026-08-29 14:20:00,4.13,4.15,4.13,4.13,239.47
2026-08-29 14:25:00,4.13,4.14,4.12,4.12,10.0
2026-08-29 14:30:00,4.12,4.13,4.11,4.11,62399.74
2026-08-29 14:35:00,4.11,4.12,4.1,4.1,25381.23
2026-08-29 14:40:00,4.1,4.12,4.1,4.11,218130.18
2026-08-29 14:45:00,4.11,4.12,4.1,4.12,39040.52
2026-08-29 14:50:00,4.12,4.12,4.1,4.11,2981.61
2026-08-29 14:55:00,4.11,4.11,4.1,4.11,38364.06
2026-08-29 15:00:00,4.11,4.14,4.11,4.12,32956.31
2026-08-29 15:05:00,4.12,4.13,4.12,4.13,4118.24
2026-08-29 15:10:00,4.13,4.14,4.12,4.12,48983.15
2026-08-29 15:15:00,4.12,4.13,4.11,4.12,27441.53
2026-08-29 15:20:00,4.12,4.14,4.11,4.13,21373.19
2026-08-29 15:25:00,4.13,4.14,4.12,4.13,116836.75
2026-08-29 15:30:00,4.13,4.14,4.13,4.13,16167.89
2026-08-29 15:35:00,4.13,4.14,4.12,4.13,12992.27
2026-08-29 15:40:00,4.13,4.14,4.12,4.13,165248.4
2026-08-29 15:45:00,4.13,4.13,4.12,4.13,61267.32
2026-08-29 15:50:00,4.13,4.14,4.11,4.12,22077.88
2026-08-29 15:55:00,4.12,4.13,4.11,4.13,8479.81
2026-08-29 16:00:00,4.13,4.13,4.1,4.11,111474.28
2026-08-29 16:05:00,4.11,4.13,4.1,4.13,172384.51
2026-08-29 16:10:00,4.13,4.13,4.13,4.13,49015.54
2026-08-29 16:15:00,4.13,4.13,4.1,4.11,59618.51
2026-08-29 16:20:00,4.11,4.12,4.1,4.11,119621.67
2026-08-29 16:25:00,4.11,4.12,4.1,4.11,36794.75
2026-08-29 16:30:00,4.11,4.11,4.11,4.11,82532.46
2026-08-29 16:35:00,4.11,4.12,4.1,4.12,13084.91
2026-08-29 16:40:00,4.12,4.13,4.11,4.12,18809.09
2026-08-29 16:45:00,4.12,4.12,4.11,4.12,19925.36
2026-08-29 16:50:00,4.12,4.12,4.11,4.11,20083.37
2026-08-29 16:55:00,4.11,4.13,4.1,4.12,95261.74
2026-08-29 17:00:00,4.12,4.13,4.11,4.11,26568.89
2026-08-29 17:05:00,4.11,4.11,4.1,4.11,30006.37
2026-08-29 17:10:00,4.11,4.12,4.11,4.11,13734.92
2026-08-29 17:15:00,4.11,4.12,4.1,4.11,39519.11
2026-08-29 17:20:00,4.11,4.11,4.09,4.11,416883.72
2026-08-29 17:25:00,4.11,4.12,4.11,4.12,142563.54
2026-08-29 17:30:00,4.12,4.12,4.12,4.12,97625.28
2026-08-29 17:35:00,4.12,4.12,4.1,4.1,36094.5
2026-08-29 17:40:00,4.1,4.1,4.1,4.1,142011.66
2026-08-29 17:45:00,4.1,4.1,4.09,4.1,15814.62
2026-08-29 17:50:00,4.1,4.11,4.09,4.1,34382.77
2026-08-29 17:55:00,4.1,4.11,4.09,4.1,103220.9
2026-08-29 18:00:00,4.1,4.11,4.08,4.11,357497.97
2026-08-29 18:05:00,4.11,4.11,4.09,4.11,18053.07
2026-08-29 18:10:00,4.11,4.12,4.11,4.11,5961.39
2026-08-29 18:15:00,4.11,4.12,4.11,4.11,176705.91
2026-08-29 18:20:00,4.11,4.13,4.11,4.13,12152.86
2026-08-29 18:25:00,4.13,4.14,4.12,4.13,31641.86
2026-08-29 18:30:00,4.13,4.13,4.1,4.11,91935.28
2026-08-29 18:35:00,4.11,4.11,4.09,4.09,51275.0
2026-08-29 18:40:00,4.09,4.1,4.08,4.08,65818.21
2026-08-29 18:45:00,4.08,4.1,4.08,4.09,157134.79
2026-08-29 18:50:00,4.09,4.1,4.08,4.08,11778.04
2026-08-29 18:55:00,4.08,4.12,4.08,4.1,13353.7
2026-08-29 19:00:00,4.1,4.11,4.09,4.1,138331.62
2026-08-29 19:05:00,4.1,4.11,4.1,4.11,26404.81
2026-08-29 19:10:00,4.11,4.12,4.11,4.11,3161.96
2026-08-29 19:15:00,4.11,4.12,4.09,4.11,61750.08
2026-08-29 19:20:00,4.11,4.13,4.11,4.12,186914.54
2026-08-29 19:25:00,4.12,4.14,4.12,4.14,13114.55
2026-08-29 19:30:00,4.14,4.14,4.14,4.14,280350.15
2026-08-29 19:35:00,4.14,4.15,4.13,4.14,110161.53
2026-08-29 19:40:00,4.14,4.15,4.13,4.14,20940.58
2026-08-29 19:45:00,4.14,4.14,4.13,4.13,209840.61
2026-08-29 19:50:00,4.13,4.14,4.12,4.12,37983.3
2026-08-29 19:55:00,4.12,4.13,4.11,4.12,56784.42
2026-08-29 20:00:00,4.12,4.13,4.12,4.12,79763.46
2026-08-29 20:05:00,4.12,4.13,4.11,4.11,61065.38
2026-08-29 20:10:00,4.11,4.12,4.11,4.11,1164.02
2026-08-29 20:15:00,4.11,4.12,4.11,4.12,6494.63
2026-08-29 20:20:00,4.12,4.12,4.12,4.12,86705.15
2026-08-29 20:25:00,4.12,4.13,4.11,4.12,183027.75
2026-08-29 20:30:00,4.12,4.13,4.11,4.12,17104.16
2026-08-29 20:35:00,4.12,4.13,4.1,4.11,120183.52
2026-08-29 20:40:00,4.11,4.12,4.09,4.11,669.9
2026-08-29 20:45:00,4.11,4.12,4.11,4.11,5468.06
2026-08-29 20:50:00,4.11,4.13,4.11,4.12,114500.73
2026-08-29 20:55:00,4.12,4.13,4.11,4.11,13875.16
2026-08-29 21:00:00,4.11,4.13,4.11,4.12,70283.51
2026-08-29 21:05:00,4.12,4.13,4.11,4.13,14095.62
2026-08-29 21:10:00,4.13,4.13,4.13,4.13,24426.08
2026-08-29 21:15:00,4.13,4.13,4.12,4.12,60366.26
2026-08-29 21:20:00,4.12,4.13,4.11,4.11,140609.69
2026-08-29 21:25:00,4.11,4.13,4.11,4.12,22925.88
2026-08-29 21:30:00,4.12,4.12,4.11,4.12,137477.47
2026-08-29 21:35:00,4.12,4.12,4.11,4.11,43945.37
2026-08-29 21:40:00,4.11,4.13,4.1,4.13,12123.16
2026-08-29 21:45:00,4.13,4.13,4.12,4.12,69650.76
2026-08-29 21:50:00,4.12,4.13,4.12,4.12,35407.34
2026-08-29 21:55:00,4.12,4.13,4.11,4.11,38286.13
2026-08-29 22:00:00,4.11,4.11,4.1,4.11,99658.34
2026-08-29 22:05:00,4.11,4.13,4.11,4.12,107333.11
2026-08-29 22:10:00,4.12,4.13,4.1,4.11,11639.3
2026-08-29 22:15:00,4.11,4.12,4.1,4.11,4096.75
2026-08-29 22:20:00,4.11,4.12,4.11,4.12,5516.36
2026-08-29 22:25:00,4.12,4.12,4.11,4.11,61333.45
2026-08-29 22:30:00,4.11,4.12,4.1,4.1,30081.84
2026-08-29 22:35:00,4.1,4.12,4.1,4.11,81612.81
2026-08-29 22:40:00,4.11,4.11,4.1,4.1,68915.3
2026-08-29 22:45:00,4.1,4.11,4.08,4.08,204411.69
2026-08-29 22:50:00,4.08,4.09,4.08,4.08,25827.47
2026-08-29 22:55:00,4.08,4.09,4.07,4.08,39098.97
2026-08-29 23:00:00,4.08,4.1,4.08,4.09,82510.68
2026-08-29 23:05:00,4.09,4.11,4.09,4.1,35889.75
2026-08-29 23:10:00,4.1,4.11,4.09,4.09,45254.95
2026-08-29 23:15:00,4.09,4.1,4.09,4.09,140654.22
2026-08-29 23:20:00,4.09,4.1,4.08,4.1,18142.82
2026-08-29 23:25:00,4.1,4.11,4.1,4.11,147946.93
2026-08-29 23:30:00,4.11,4.11,4.1,4.11,125203.92
2026-08-29 23:35:00,4.11,4.12,4.1,4.11,92359.86
2026-08-29 23:40:00,4.11,4.11,4.1,4.11,93991.34
2026-08-29 23:45:00,4.11,4.13,4.11,4.13,22155.04
2026-08-29 23:50:00,4.13,4.14,4.13,4.13,3564.98
2026-08-29 23:55:00,4.13,4.14,4.12,4.13,41788.35
2026-08-30 00:00:00,4.13,4.13,4.1,4.11,19143.81
2026-08-30 00:05:00,4.11,4.11,4.1,4.1,180114.64
2026-08-30 00:10:00,4.1,4.11,4.09,4.1,128398.44
2026-08-30 00:15:00,4.1,4.13,4.1,4.12,24963.88
2026-08-30 00:20:00,4.12,4.13,4.12,4.12,8995.88
2026-08-30 00:25:00,4.12,4.12,4.1,4.11,67834.38
2026-08-30 00:30:00,4.11,4.12,4.1,4.12,30609.54
2026-08-30 00:35:00,4.12,4.12,4.12,4.12,1792.02
2026-08-30 00:40:00,4.12,4.12,4.11,4.12,119243.54
2026-08-30 00:45:00,4.12,4.13,4.11,4.11,51047.01
2026-08-30 00:50:00,4.11,4.13,4.11,4.12,44507.54
2026-08-30 00:55:00,4.12,4.13,4.11,4.11,16170.1
2026-08-30 01:00:00,4.11,4.12,4.1,4.1,2083.1
2026-08-30 01:05:00,4.1,4.11,4.1,4.1,8635.02
2026-08-30 01:10:00,4.1,4.12,4.09,4.11,63874.96
2026-08-30 01:15:00,4.11,4.12,4.1,4.11,692.71
2026-08-30 01:20:00,4.11,4.13,4.1,4.12,26391.22
2026-08-30 01:25:00,4.12,4.12,4.12,4.12,14837.53
2026-08-30 01:30:00,4.12,4.14,4.11,4.14,8956.18
2026-08-30 01:35:00,4.14,4.14,4.12,4.13,15708.79
2026-08-30 01:40:00,4.13,4.13,4.12,4.13,44543.07
2026-08-30 01:45:00,4.13,4.13,4.12,4.13,27883.15
2026-08-30 01:50:00,4.13,4.13,4.12,4.13,44185.15
2026-08-30 01:55:00,4.13,4.13,4.1,4.12,12812.82
2026-08-30 02:00:00,4.12,4.13,4.11,4.12,52897.95
2026-08-30 02:05:00,4.12,4.14,4.12,4.14,17117.8
2026-08-30 02:10:00,4.14,4.15,4.13,4.13,233732.8
2026-08-30 02:15:00,4.13,4.13,4.12,4.13,51739.25
2026-08-30 02:20:00,4.13,4.14,4.13,4.13,25111.87
2026-08-30 02:25:00,4.13,4.13,4.13,4.13,79236.54
2026-08-30 02:30:00,4.13,4.15,4.12,4.15,30783.07
2026-08-30 02:35:00,4.15,4.16,4.12,4.13,28996.17
2026-08-30 02:40:00,4.13,4.15,4.13,4.13,52033.84
2026-08-30 02:45:00,4.13,4.13,4.12,4.12,7217.65
2026-08-30 02:50:00,4.12,4.14,4.12,4.13,4255.02
2026-08-30 02:55:00,4.13,4.14,4.12,4.14,631.78
2026-08-30 03:00:00,4.14,4.15,4.13,4.13,96196.75
2026-08-30 03:05:00,4.13,4.13,4.13,4.13,56194.18
2026-08-30 03:10:00,4.13,4.15,4.12,4.15,9787.62
2026-08-30 03:15:00,4.15,4.17,4.14,4.14,41741.53
2026-08-30 03:20:00,4.14,4.15,4.13,4.13,332613.75
2026-08-30 03:25:00,4.13,4.14,4.13,4.13,29047.58
2026-08-30 03:30:00,4.13,4.14,4.12,4.14,61829.15
2026-08-30 03:35:00,4.14,4.15,4.13,4.14,25715.2
2026-08-30 03:40:00,4.14,4.16,4.14,4.16,92393.38
2026-08-30 03:45:00,4.16,4.17,4.15,4.16,35202.35
2026-08-30 03:50:00,4.16,4.19,4.15,4.18,63733.9
2026-08-30 03:55:00,4.18,4.19,4.17,4.18,113109.59
2026-08-30 04:00:00,4.18,4.19,4.17,4.17,117467.84
2026-08-30 04:05:00,4.17,4.18,4.17,4.17,4049.62
2026-08-30 04:10:00,4.17,4.18,4.16,4.17,132704.14
2026-08-30 04:15:00,4.17,4.18,4.17,4.18,128621.91
2026-08-30 04:20:00,4.18,4.19,4.16,4.17,73685.74
2026-08-30 04:25:00,4.17,4.18,4.15,4.16,33335.38
2026-08-30 04:30:00,4.16,4.16,4.14,4.14,18141.73
2026-08-30 04:35:00,4.14,4.16,4.13,4.13,48998.93
2026-08-30 04:40:00,4.13,4.14,4.12,4.13,99578.79
2026-08-30 04:45:00,4.13,4.13,4.12,4.13,169708.0
2026-08-30 04:50:00,4.13,4.13,4.13,4.13,1654.36
2026-08-30 04:55:00,4.13,4.17,4.12,4.17,5013.18
2026-08-30 05:00:00,4.17,4.17,4.15,4.16,25439.8
2026-08-30 05:05:00,4.16,4.16,4.15,4.15,595.73
2026-08-30 05:10:00,4.15,4.16,4.14,4.14,5791.68
2026-08-30 05:15:00,4.14,4.15,4.14,4.14,108029.66
2026-08-30 05:20:00,4.14,4.15,4.12,4.12,34297.86
2026-08-30 05:25:00,4.12,4.13,4.11,4.12,22302.81
2026-08-30 05:30:00,4.12,4.13,4.09,4.1,45217.73
2026-08-30 05:35:00,4.1,4.1,4.1,4.1,140315.56
2026-08-30 05:40:00,4.1,4.11,4.09,4.11,62328.43
2026-08-30 05:45:00,4.11,4.12,4.1,4.11,129144.32
2026-08-30 05:50:00,4.11,4.11,4.09,4.1,79067.73
2026-08-30 05:55:00,4.1,4.13,4.1,4.12,13395.23
2026-08-30 06:00:00,4.12,4.15,4.12,4.15,39381.63
2026-08-30 06:05:00,4.15,4.15,4.13,4.13,22937.77
2026-08-30 06:10:00,4.13,4.15,4.13,4.14,10525.99
2026-08-30 06:15:00,4.14,4.14,4.13,4.13,8638.28
2026-08-30 06:20:00,4.13,4.15,4.13,4.15,25174.33
2026-08-30 06:25:00,4.15,4.15,4.14,4.14,195656.2
2026-08-30 06:30:00,4.14,4.15,4.13,4.14,784.59
2026-08-30 06:35:00,4.14,4.15,4.13,4.14,69430.36
2026-08-30 06:40:00,4.14,4.15,4.13,4.15,13531.6
2026-08-30 06:45:00,4.15,4.15,4.13,4.13,19508.04
2026-08-30 06:50:00,4.13,4.16,4.13,4.14,49546.51
2026-08-30 06:55:00,4.14,4.15,4.13,4.15,12897.81
2026-08-30 07:00:00,4.15,4.15,4.14,4.15,29911.34
2026-08-30 07:05:00,4.15,4.16,4.13,4.14,177366.6
2026-08-30 07:10:00,4.14,4.15,4.13,4.15,18546.0
2026-08-30 07:15:00,4.15,4.16,4.14,4.14,6786.47
2026-08-30 07:20:00,4.14,4.16,4.13,4.15,100717.14
2026-08-30 07:25:00,4.15,4.16,4.14,4.15,388.05
2026-08-30 07:30:00,4.15,4.16,4.15,4.16,5710.95
2026-08-30 07:35:00,4.16,4.17,4.15,4.17,22636.69
2026-08-30 07:40:00,4.17,4.17,4.16,4.17,16365.74
2026-08-30 07:45:00,4.17,4.17,4.16,4.17,41927.54
2026-08-30 07:50:00,4.17,4.17,4.15,4.16,86856.14
2026-08-30 07:55:00,4.16,4.17,4.16,4.16,11335.04
2026-08-30 08:00:00,4.16,4.17,4.15,4.15,221843.84
2026-08-30 08:05:00,4.15,4.16,4.15,4.15,14418.42
2026-08-30 08:10:00,4.15,4.15,4.15,4.15,41997.86
2026-08-30 08:15:00,4.15,4.16,4.14,4.15,8227.63
2026-08-30 08:20:00,4.15,4.17,4.15,4.17,66326.15
2026-08-30 08:25:00,4.17,4.17,4.15,4.15,13027.74
2026-08-30 08:30:00,4.15,4.15,4.13,4.14,140193.17
2026-08-30 08:35:00,4.14,4.14,4.14,4.14,71737.96
2026-08-30 08:40:00,4.14,4.15,4.13,4.14,8421.32
2026-08-30 08:45:00,4.14,4.15,4.12,4.13,15219.64
2026-08-30 08:50:00,4.13,4.13,4.12,4.12,2966.04
2026-08-30 08:55:00,4.12,4.13,4.12,4.12,3565.81
2026-08-30 09:00:00,4.12,4.14,4.12,4.14,12440.25
2026-08-30 09:05:00,4.14,4.16,4.13,4.16,10514.08
2026-08-30 09:10:00,4.16,4.17,4.14,4.14,31616.4
2026-08-30 09:15:00,4.14,4.15,4.13,4.13,35138.29
2026-08-30 09:20:00,4.13,4.14,4.13,4.14,83135.95
2026-08-30 09:25:00,4.14,4.15,4.13,4.14,30531.29
2026-08-30 09:30:00,4.14,4.16,4.13,4.15,24687.34
2026-08-30 09:35:00,4.15,4.18,4.15,4.17,33820.38
2026-08-30 09:40:00,4.17,4.18,4.16,4.16,16037.97
2026-08-30 09:45:00,4.16,4.17,4.16,4.16,20916.11
2026-08-30 09:50:00,4.16,4.16,4.13,4.14,67066.16
2026-08-30 09:55:00,4.14,4.15,4.14,4.14,3811.03
2026-08-30 10:00:00,4.14,4.14,4.12,4.13,4303.5
2026-08-30 10:05:00,4.13,4.14,4.13,4.13,9248.5
2026-08-30 10:10:00,4.13,4.13,4.12,4.13,103913.6
2026-08-30 10:15:00,4.13,4.13,4.12,4.13,28491.45
2026-08-30 10:20:00,4.13,4.13,4.11,4.11,15157.28
2026-08-30 10:25:00,4.11,4.12,4.09,4.1,12111.84
2026-08-30 10:30:00,4.1,4.12,4.1,4.11,18365.47
2026-08-30 10:35:00,4.11,4.12,4.11,4.12,108619.33
2026-08-30 10:40:00,4.12,4.13,4.11,4.12,27920.33
2026-08-30 10:45:00,4.12,4.12,4.11,4.11,52383.76
2026-08-30 10:50:00,4.11,4.12,4.1,4.11,30001.49
2026-08-30 10:55:00,4.11,4.12,4.1,4.12,10807.07
2026-08-30 11:00:00,4.12,4.15,4.11,4.13,18412.3
2026-08-30 11:05:00,4.13,4.15,4.13,4.14,84022.07
2026-08-30 11:10:00,4.14,4.16,4.14,4.15,30009.21
2026-08-30 11:15:00,4.15,4.16,4.14,4.16,15631.59
2026-08-30 11:20:00,4.16,4.19,4.15,4.18,116387.15
2026-08-30 11:25:00,4.18,4.19,4.17,4.17,284818.42
2026-08-30 11:30:00,4.17,4.18,4.16,4.17,64083.22
2026-08-30 11:35:00,4.17,4.18,4.16,4.18,19664.25
2026-08-30 11:40:00,4.18,4.19,4.17,4.17,39364.27
2026-08-30 11:45:00,4.17,4.18,4.17,4.17,34773.52
2026-08-30 11:50:00,4.17,4.18,4.17,4.17,19565.23
2026-08-30 11:55:00,4.17,4.18,4.16,4.16,106630.02
2026-08-30 12:00:00,4.16,4.17,4.16,4.17,36784.18
2026-08-30 12:05:00,4.17,4.18,4.17,4.18,1176.36
2026-08-30 12:10:00,4.18,4.2,4.17,4.18,119869.26
2026-08-30 12:15:00,4.18,4.19,4.17,4.17,166298.91
2026-08-30 12:20:00,4.17,4.18,4.17,4.18,19283.22
2026-08-30 12:25:00,4.18,4.19,4.17,4.17,66116.07
2026-08-30 12:30:00,4.17,4.18,4.17,4.17,1730.45
2026-08-30 12:35:00,4.17,4.18,4.17,4.17,104901.5
2026-08-30 12:40:00,4.17,4.18,4.17,4.17,13395.11
2026-08-30 12:45:00,4.17,4.19,4.16,4.17,128582.11
2026-08-30 12:50:00,4.17,4.2,4.15,4.18,16204.3
2026-08-30 12:55:00,4.18,4.2,4.17,4.18,78853.93
2026-08-30 13:00:00,4.18,4.2,4.16,4.19,16459.68
2026-08-30 13:05:00,4.19,4.2,4.17,4.17,293037.64
2026-08-30 13:10:00,4.17,4.18,4.14,4.14,13539.55
2026-08-30 13:15:00,4.14,4.15,4.14,4.15,18936.94
2026-08-30 13:20:00,4.15,4.16,4.15,4.16,77970.22
2026-08-30 13:25:00,4.16,4.17,4.15,4.15,10554.26
2026-08-30 13:30:00,4.15,4.15,4.15,4.15,55038.18
2026-08-30 13:35:00,4.15,4.17,4.14,4.14,215174.21
2026-08-30 13:40:00,4.14,4.15,4.13,4.14,41140.81
2026-08-30 13:45:00,4.14,4.14,4.12,4.13,75323.7
2026-08-30 13:50:00,4.13,4.13,4.11,4.13,10918.62
2026-08-30 13:55:00,4.13,4.14,4.12,4.12,131775.94
2026-08-30 14:00:00,4.12,4.13,4.11,4.13,66332.17
2026-08-30 14:05:00,4.13,4.13,4.12,4.12,97211.72
2026-08-30 14:10:00,4.12,4.13,4.11,4.12,123865.58
2026-08-30 14:15:00,4.12,4.13,4.11,4.13,50302.49
2026-08-30 14:20:00,4.13,4.14,4.13,4.14,122538.02
2026-08-30 14:25:00,4.14,4.14,4.13,4.13,73909.73
2026-08-30 14:30:00,4.13,4.14,4.12,4.13,15613.81
2026-08-30 14:35:00,4.13,4.14,4.12,4.13,58120.22
2026-08-30 14:40:00,4.13,4.13,4.12,4.13,17642.08
2026-08-30 14:45:00,4.13,4.14,4.12,4.14,18219.51
2026-08-30 14:50:00,4.14,4.16,4.13,4.15,32124.46
2026-08-30 14:55:00,4.15,4.15,4.13,4.14,33325.99
2026-08-30 15:00:00,4.14,4.16,4.13,4.16,32403.14
2026-08-30 15:05:00,4.16,4.17,4.15,4.15,16742.69
2026-08-30 15:10:00,4.15,4.15,4.14,4.15,11090.05
2026-08-30 15:15:00,4.15,4.15,4.14,4.15,48772.35
2026-08-30 15:20:00,4.15,4.16,4.15,4.15,11879.81
2026-08-30 15:25:00,4.15,4.16,4.14,4.14,1587.07
2026-08-30 15:30:00,4.14,4.15,4.13,4.13,71062.54
2026-08-30 15:35:00,4.13,4.14,4.13,4.13,20878.91
2026-08-30 15:40:00,4.13,4.13,4.12,4.13,3149.31
2026-08-30 15:45:00,4.13,4.14,4.11,4.14,348802.12
2026-08-30 15:50:00,4.14,4.14,4.14,4.14,9801.52
2026-08-30 15:55:00,4.14,4.15,4.12,4.13,52924.08
2026-08-30 16:00:00,4.13,4.14,4.1,4.11,76555.44
2026-08-30 16:05:00,4.11,4.12,4.1,4.11,68409.55
2026-08-30 16:10:00,4.11,4.13,4.1,4.12,34472.79
2026-08-30 16:15:00,4.12,4.12,4.11,4.12,283397.01
2026-08-30 16:20:00,4.12,4.14,4.11,4.13,261576.42
2026-08-30 16:25:00,4.13,4.14,4.13,4.13,43257.9
2026-08-30 16:30:00,4.13,4.14,4.12,4.13,130861.66
2026-08-30 16:35:00,4.13,4.13,4.11,4.11,112395.63
2026-08-30 16:40:00,4.11,4.12,4.1,4.12,58960.22
2026-08-30 16:45:00,4.12,4.13,4.11,4.13,635700.17
2026-08-30 16:50:00,4.13,4.15,4.12,4.14,13718.11
2026-08-30 16:55:00,4.14,4.14,4.12,4.13,8178.02
2026-08-30 17:00:00,4.13,4.14,4.11,4.12,6785.18
2026-08-30 17:05:00,4.12,4.14,4.11,4.13,163305.41
2026-08-30 17:10:00,4.13,4.14,4.13,4.14,15080.06
2026-08-30 17:15:00,4.14,4.17,4.13,4.16,32187.04
2026-08-30 17:20:00,4.16,4.16,4.13,4.14,102254.96
2026-08-30 17:25:00,4.14,4.14,4.13,4.13,134761.89
2026-08-30 17:30:00,4.13,4.14,4.12,4.13,178130.64
2026-08-30 17:35:00,4.13,4.14,4.13,4.14,7084.22
2026-08-30 17:40:00,4.14,4.15,4.14,4.15,11622.41
2026-08-30 17:45:00,4.15,4.16,4.15,4.15,10410.73
2026-08-30 17:50:00,4.15,4.16,4.15,4.16,46718.18
2026-08-30 17:55:00,4.16,4.16,4.15,4.16,103620.4
2026-08-30 18:00:00,4.16,4.16,4.14,4.16,16836.46
2026-08-30 18:05:00,4.16,4.16,4.15,4.16,20613.26
2026-08-30 18:10:00,4.16,4.16,4.15,4.15,88489.2
2026-08-30 18:15:00,4.15,4.15,4.13,4.14,28826.44
2026-08-30 18:20:00,4.14,4.14,4.12,4.13,66314.45
2026-08-30 18:25:00,4.13,4.14,4.13,4.13,82292.04
2026-08-30 18:30:00,4.13,4.14,4.13,4.14,19786.1
2026-08-30 18:35:00,4.14,4.14,4.13,4.13,42674.0
2026-08-30 18:40:00,4.13,4.14,4.12,4.13,120841.36
2026-08-30 18:45:00,4.13,4.13,4.13,4.13,13514.59
2026-08-30 18:50:00,4.13,4.13,4.11,4.12,98256.07
2026-08-30 18:55:00,4.12,4.12,4.11,4.12,58306.5
2026-08-30 19:00:00,4.12,4.12,4.11,4.12,95012.4
2026-08-30 19:05:00,4.12,4.12,4.12,4.12,202704.37
2026-08-30 19:10:00,4.12,4.12,4.11,4.11,92313.36
2026-08-30 19:15:00,4.11,4.12,4.11,4.11,55417.9
2026-08-30 19:20:00,4.11,4.12,4.1,4.12,33255.05
2026-08-30 19:25:00,4.12,4.13,4.11,4.13,147280.37
2026-08-30 19:30:00,4.13,4.14,4.12,4.14,28588.13
2026-08-30 19:35:00,4.14,4.15,4.13,4.14,3282.78
2026-08-30 19:40:00,4.14,4.18,4.14,4.16,51824.48
2026-08-30 19:45:00,4.16,4.16,4.13,4.14,173376.66
2026-08-30 19:50:00,4.14,4.15,4.1,4.12,55772.73
2026-08-30 19:55:00,4.12,4.13,4.09,4.1,28508.94
2026-08-30 20:00:00,4.1,4.1,4.07,4.07,9046.6
2026-08-30 20:05:00,4.07,4.09,4.07,4.09,3463.35
2026-08-30 20:10:00,4.09,4.11,4.08,4.1,40996.62
2026-08-30 20:15:00,4.1,4.12,4.1,4.11,71146.25
2026-08-30 20:20:00,4.11,4.13,4.11,4.13,7755.36
2026-08-30 20:25:00,4.13,4.14,4.12,4.12,35480.0
2026-08-30 20:30:00,4.12,4.13,4.12,4.12,49989.24
2026-08-30 20:35:00,4.12,4.13,4.11,4.12,28456.05
2026-08-30 20:40:00,4.12,4.12,4.12,4.12,56570.75
2026-08-30 20:45:00,4.12,4.13,4.1,4.12,40312.93
2026-08-30 20:50:00,4.12,4.12,4.11,4.12,61787.14
2026-08-30 20:55:00,4.12,4.14,4.11,4.12,3049.5
2026-08-30 21:00:00,4.12,4.12,4.11,4.11,82509.06
2026-08-30 21:05:00,4.11,4.12,4.1,4.12,143857.23
2026-08-30 21:10:00,4.12,4.12,4.11,4.12,37361.43
2026-08-30 21:15:00,4.12,4.14,4.11,4.11,22802.83
2026-08-30 21:20:00,4.11,4.14,4.11,4.13,10390.35
2026-08-30 21:25:00,4.13,4.14,4.13,4.13,79698.49
2026-08-30 21:30:00,4.13,4.14,4.12,4.13,72.57
2026-08-30 21:35:00,4.13,4.14,4.13,4.14,22260.48
2026-08-30 21:40:00,4.14,4.15,4.13,4.14,37667.82
2026-08-30 21:45:00,4.14,4.15,4.14,4.14,71154.53
2026-08-30 21:50:00,4.14,4.15,4.13,4.13,35186.92
2026-08-30 21:55:00,4.13,4.13,4.12,4.13,11390.07
2026-08-30 22:00:00,4.13,4.14,4.11,4.13,46335.15
2026-08-30 22:05:00,4.13,4.14,4.12,4.13,17571.67
2026-08-30 22:10:00,4.13,4.13,4.12,4.13,127583.52
2026-08-30 22:15:00,4.13,4.13,4.12,4.13,35713.4
2026-08-30 22:20:00,4.13,4.13,4.13,4.13,3515.38
2026-08-30 22:25:00,4.13,4.15,4.13,4.14,18468.63
2026-08-30 22:30:00,4.14,4.15,4.13,4.13,122950.25
2026-08-30 22:35:00,4.13,4.13,4.12,4.13,132642.66
2026-08-30 22:40:00,4.13,4.13,4.12,4.12,19110.29
2026-08-30 22:45:00,4.12,4.13,4.1,4.11,58778.94
2026-08-30 22:50:00,4.11,4.12,4.09,4.12,45397.16
2026-08-30 22:55:00,4.12,4.12,4.11,4.11,52013.33
2026-08-30 23:00:00,4.11,4.12,4.1,4.1,17315.03
2026-08-30 23:05:00,4.1,4.11,4.09,4.11,710557.29
2026-08-30 23:10:00,4.11,4.12,4.1,4.12,83469.95
2026-08-30 23:15:00,4.12,4.12,4.1,4.11,62776.56
2026-08-30 23:20:00,4.11,4.12,4.1,4.12,138000.35
2026-08-30 23:25:00,4.12,4.14,4.11,4.12,62430.5
2026-08-30 23:30:00,4.12,4.13,4.12,4.13,150497.66
2026-08-30 23:35:00,4.13,4.13,4.12,4.13,29218.31
2026-08-30 23:40:00,4.13,4.16,4.13,4.15,33980.5
2026-08-30 23:45:00,4.15,4.15,4.14,4.14,59915.33
2026-08-30 23:50:00,4.14,4.15,4.14,4.15,87910.4
2026-08-30 23:55:00,4.15,4.15,4.12,4.13,26849.71
2026-08-31 00:00:00,4.13,4.13,4.11,4.12,27853.41
2026-08-31 00:05:00,4.12,4.12,4.09,4.09,3384.86
2026-08-31 00:10:00,4.09,4.11,4.09,4.1,55076.69
2026-08-31 00:15:00,4.1,4.1,4.08,4.1,10945.53
2026-08-31 00:20:00,4.1,4.1,4.08,4.08,115485.62
2026-08-31 00:25:00,4.08,4.09,4.07,4.08,128591.9
2026-08-31 00:30:00,4.08,4.09,4.08,4.09,31812.77
2026-08-31 00:35:00,4.09,4.1,4.09,4.1,46337.77
2026-08-31 00:40:00,4.1,4.1,4.08,4.09,32843.13
2026-08-31 00:45:00,4.09,4.09,4.08,4.09,20153.59
2026-08-31 00:50:00,4.09,4.09,4.07,4.08,79094.46
2026-08-31 00:55:00,4.08,4.09,4.07,4.09,107392.84
2026-08-31 01:00:00,4.09,4.09,4.07,4.08,12951.12
2026-08-31 01:05:00,4.08,4.1,4.07,4.09,10598.02
2026-08-31 01:10:00,4.09,4.1,4.08,4.08,78418.79
2026-08-31 01:15:00,4.08,4.08,4.06,4.08,17179.49
2026-08-31 01:20:00,4.08,4.09,4.07,4.08,1625.53
2026-08-31 01:25:00,4.08,4.1,4.08,4.09,24161.5
2026-08-31 01:30:00,4.09,4.1,4.07,4.08,46174.15
2026-08-31 01:35:00,4.08,4.08,4.06,4.08,54043.25
2026-08-31 01:40:00,4.08,4.08,4.08,4.08,110628.74
2026-08-31 01:45:00,4.08,4.1,4.08,4.09,78976.94
2026-08-31 01:50:00,4.09,4.11,4.09,4.1,31806.5
2026-08-31 01:55:00,4.1,4.1,4.08,4.09,101441.38
2026-08-31 02:00:00,4.09,4.1,4.07,4.09,6736.99
2026-08-31 02:05:00,4.09,4.09,4.08,4.09,41808.11
2026-08-31 02:10:00,4.09,4.1,4.08,4.1,30706.0
2026-08-31 02:15:00,4.1,4.11,4.09,4.1,113062.52
2026-08-31 02:20:00,4.1,4.11,4.08,4.09,51390.88
2026-08-31 02:25:00,4.09,4.09,4.07,4.07,244556.52
2026-08-31 02:30:00,4.07,4.08,4.06,4.07,107583.61
2026-08-31 02:35:00,4.07,4.07,4.06,4.06,28423.46
2026-08-31 02:40:00,4.06,4.07,4.05,4.07,355580.49
2026-08-31 02:45:00,4.07,4.08,4.06,4.08,33063.0
2026-08-31 02:50:00,4.08,4.1,4.08,4.1,53801.42
2026-08-31 02:55:00,4.1,4.1,4.08,4.09,8145.97
2026-08-31 03:00:00,4.09,4.09,4.08,4.09,1807.96
2026-08-31 03:05:00,4.09,4.11,4.08,4.1,271988.14
2026-08-31 03:10:00,4.1,4.1,4.09,4.09,19532.9
2026-08-31 03:15:00,4.09,4.09,4.08,4.08,5548.89
2026-08-31 03:20:00,4.08,4.09,4.08,4.08,2489.65
2026-08-31 03:25:00,4.08,4.08,4.07,4.07,143947.56
2026-08-31 03:30:00,4.07,4.08,4.05,4.08,211687.83
2026-08-31 03:35:00,4.08,4.09,4.07,4.08,20637.5
2026-08-31 03:40:00,4.08,4.09,4.08,4.08,9758.25
2026-08-31 03:45:00,4.08,4.08,4.08,4.08,1629.62
2026-08-31 03:50:00,4.08,4.08,4.07,4.07,424.84
2026-08-31 03:55:00,4.07,4.08,4.07,4.07,40084.02
2026-08-31 04:00:00,4.07,4.07,4.06,4.07,47638.41
2026-08-31 04:05:00,4.07,4.08,4.06,4.07,223278.89
2026-08-31 04:10:00,4.07,4.07,4.07,4.07,52770.19
2026-08-31 04:15:00,4.07,4.08,4.05,4.08,47483.61
2026-08-31 04:20:00,4.08,4.08,4.06,4.07,26402.52
2026-08-31 04:25:00,4.07,4.09,4.07,4.08,26202.63
2026-08-31 04:30:00,4.08,4.08,4.06,4.07,19397.3
2026-08-31 04:35:00,4.07,4.08,4.06,4.07,45815.98
2026-08-31 04:40:00,4.07,4.07,4.04,4.06,2223.65
2026-08-31 04:45:00,4.06,4.07,4.04,4.05,2271.75
2026-08-31 04:50:00,4.05,4.05,4.03,4.03,21644.02
2026-08-31 04:55:00,4.03,4.04,4.02,4.03,261648.28
2026-08-31 05:00:00,4.03,4.03,4.01,4.02,19860.44
2026-08-31 05:05:00,4.02,4.03,4.02,4.03,53665.1
2026-08-31 05:10:00,4.03,4.04,4.01,4.02,1818.16
2026-08-31 05:15:00,4.02,4.03,4.02,4.03,140321.63
2026-08-31 05:20:00,4.03,4.04,4.03,4.03,125711.45
2026-08-31 05:25:00,4.03,4.04,4.03,4.03,40239.9
2026-08-31 05:30:00,4.03,4.04,4.02,4.04,89107.38
2026-08-31 05:35:00,4.04,4.05,4.03,4.05,56413.08
2026-08-31 05:40:00,4.05,4.06,4.03,4.04,52757.75
2026-08-31 05:45:00,4.04,4.05,4.03,4.04,102096.08
2026-08-31 05:50:00,4.04,4.05,4.03,4.05,766747.75
2026-08-31 05:55:00,4.05,4.05,4.03,4.05,14605.3
2026-08-31 06:00:00,4.05,4.06,4.03,4.04,12207.67
2026-08-31 06:05:00,4.04,4.05,4.02,4.03,61255.88
2026-08-31 06:10:00,4.03,4.04,4.02,4.04,349892.28
2026-08-31 06:15:00,4.04,4.05,4.03,4.05,92131.7
2026-08-31 06:20:00,4.05,4.05,4.04,4.05,1202.52
2026-08-31 06:25:00,4.05,4.05,4.04,4.05,368586.92
2026-08-31 06:30:00,4.05,4.05,4.04,4.04,20378.51
2026-08-31 06:35:00,4.04,4.05,4.03,4.03,47464.42
2026-08-31 06:40:00,4.03,4.04,4.02,4.04,747386.55
2026-08-31 06:45:00,4.04,4.04,4.03,4.03,157765.91
2026-08-31 06:50:00,4.03,4.05,4.02,4.04,166112.92
2026-08-31 06:55:00,4.04,4.05,4.04,4.04,49221.91
2026-08-31 07:00:00,4.04,4.05,4.03,4.05,118311.89
2026-08-31 07:05:00,4.05,4.06,4.03,4.06,689618.53
2026-08-31 07:10:00,4.06,4.07,4.06,4.06,31678.08
2026-08-31 07:15:00,4.06,4.07,4.06,4.07,3615.85
2026-08-31 07:20:00,4.07,4.07,4.05,4.06,67009.55
2026-08-31 07:25:00,4.06,4.06,4.06,4.06,38933.86
2026-08-31 07:30:00,4.06,4.07,4.05,4.07,5788.22
2026-08-31 07:35:00,4.07,4.08,4.06,4.06,3703.21
2026-08-31 07:40:00,4.06,4.07,4.05,4.07,57210.59
2026-08-31 07:45:00,4.07,4.08,4.07,4.08,111041.17
2026-08-31 07:50:00,4.08,4.08,4.07,4.07,127046.22
2026-08-31 07:55:00,4.07,4.08,4.06,4.07,28663.83
2026-08-31 08:00:00,4.07,4.07,4.06,4.06,53459.13
2026-08-31 08:05:00,4.06,4.09,4.06,4.09,57722.2
2026-08-31 08:10:00,4.09,4.1,4.08,4.1,86289.08
2026-08-31 08:15:00,4.1,4.13,4.1,4.12,2574.67
2026-08-31 08:20:00,4.12,4.13,4.1,4.11,196408.83
2026-08-31 08:25:00,4.11,4.12,4.09,4.1,266248.23
2026-08-31 08:30:00,4.1,4.11,4.09,4.09,321147.88
2026-08-31 08:35:00,4.09,4.1,4.08,4.09,14519.54
2026-08-31 08:40:00,4.09,4.11,4.08,4.09,254873.64
2026-08-31 08:45:00,4.09,4.1,4.08,4.09,2655.5
2026-08-31 08:50:00,4.09,4.1,4.08,4.09,22975.48
2026-08-31 08:55:00,4.09,4.1,4.08,4.08,189597.86
2026-08-31 09:00:00,4.08,4.09,4.07,4.08,558232.81
2026-08-31 09:05:00,4.08,4.09,4.07,4.07,1849.02
2026-08-31 09:10:00,4.07,4.08,4.05,4.05,1876.09
2026-08-31 09:15:00,4.05,4.06,4.04,4.05,25093.38
2026-08-31 09:20:00,4.05,4.05,4.04,4.04,15901.37
2026-08-31 09:25:00,4.04,4.06,4.03,4.06,30564.24
2026-08-31 09:30:00,4.06,4.07,4.05,4.06,46574.86
2026-08-31 09:35:00,4.06,4.07,4.05,4.06,102865.98
2026-08-31 09:40:00,4.06,4.07,4.06,4.06,60070.25
2026-08-31 09:45:00,4.06,4.07,4.05,4.05,4868.87
2026-08-31 09:50:00,4.05,4.06,4.05,4.05,8541.12
2026-08-31 09:55:00,4.05,4.07,4.04,4.05,16492.78
2026-08-31 10:00:00,4.05,4.05,4.04,4.05,194327.11
2026-08-31 10:05:00,4.05,4.05,4.04,4.05,95474.04
2026-08-31 10:10:00,4.05,4.05,4.04,4.04,29635.18
2026-08-31 10:15:00,4.04,4.05,4.04,4.05,8842.13
2026-08-31 10:20:00,4.05,4.05,4.04,4.05,67849.11
2026-08-31 10:25:00,4.05,4.05,4.04,4.05,3767.26
2026-08-31 10:30:00,4.05,4.05,4.03,4.03,5517.0
2026-08-31 10:35:00,4.03,4.04,4.03,4.04,1712.43
2026-08-31 10:40:00,4.04,4.04,4.03,4.04,75157.72
2026-08-31 10:45:00,4.04,4.04,4.03,4.04,65229.85
2026-08-31 10:50:00,4.04,4.06,4.03,4.05,8396.57
2026-08-31 10:55:00,4.05,4.06,4.03,4.03,13894.25
2026-08-31 11:00:00,4.03,4.04,4.03,4.03,128780.17
2026-08-31 11:05:00,4.03,4.04,4.02,4.03,25197.14
2026-08-31 11:10:00,4.03,4.04,4.01,4.02,83006.4
2026-08-31 11:15:00,4.02,4.03,4.01,4.02,14120.18
2026-08-31 11:20:00,4.02,4.03,4.01,4.01,40870.92
2026-08-31 11:25:00,4.01,4.01,4.0,4.01,14269.51
2026-08-31 11:30:00,4.01,4.01,4.0,4.0,71517.57
2026-08-31 11:35:00,4.0,4.01,3.99,4.01,7341.12
2026-08-31 11:40:00,4.01,4.03,4.01,4.03,238180.29
2026-08-31 11:45:00,4.03,4.04,4.02,4.03,22313.9
2026-08-31 11:50:00,4.03,4.03,4.03,4.03,58619.6
2026-08-31 11:55:00,4.03,4.03,4.02,4.02,73454.3
2026-08-31 12:00:00,4.02,4.03,4.01,4.02,143306.96
2026-08-31 12:05:00,4.02,4.04,4.01,4.03,42149.0
2026-08-31 12:10:00,4.03,4.05,4.03,4.04,81421.44
2026-08-31 12:15:00,4.04,4.06,4.04,4.06,2531.81
2026-08-31 12:20:00,4.06,4.06,4.04,4.05,4644.23
2026-08-31 12:25:00,4.05,4.06,4.04,4.04,5598.34
2026-08-31 12:30:00,4.04,4.05,4.02,4.04,26657.93
2026-08-31 12:35:00,4.04,4.04,4.03,4.03,33972.98
2026-08-31 12:40:00,4.03,4.04,4.02,4.02,27345.33
2026-08-31 12:45:00,4.02,4.03,4.02,4.02,5641.74
2026-08-31 12:50:00,4.02,4.02,4.01,4.01,26075.7
2026-08-31 12:55:00,4.01,4.03,3.99,4.02,25918.53
2026-08-31 13:00:00,4.02,4.03,4.01,4.02,42476.06
2026-08-31 13:05:00,4.02,4.02,4.0,4.01,103841.85
2026-08-31 13:10:00,4.01,4.02,4.0,4.01,20338.65
2026-08-31 13:15:00,4.01,4.02,4.01,4.01,8275.99
2026-08-31 13:20:00,4.01,4.02,4.01,4.02,3490.42
2026-08-31 13:25:00,4.02,4.02,4.01,4.02,26610.35
2026-08-31 13:30:00,4.02,4.03,4.02,4.02,76956.13
2026-08-31 13:35:00,4.02,4.02,4.01,4.01,110484.67
2026-08-31 13:40:00,4.01,4.03,4.01,4.03,68547.31
2026-08-31 13:45:00,4.03,4.04,4.02,4.03,102465.79
2026-08-31 13:50:00,4.03,4.04,4.02,4.03,99580.35
2026-08-31 13:55:00,4.03,4.04,4.02,4.04,83359.64
2026-08-31 14:00:00,4.04,4.05,4.02,4.03,128834.64
2026-08-31 14:05:00,4.03,4.06,4.03,4.05,76659.48
2026-08-31 14:10:00,4.05,4.08,4.04,4.07,56272.69
2026-08-31 14:15:00,4.07,4.09,4.07,4.09,54144.02
2026-08-31 14:20:00,4.09,4.1,4.08,4.1,32992.1
2026-08-31 14:25:00,4.1,4.1,4.08,4.09,60647.35
2026-08-31 14:30:00,4.09,4.1,4.07,4.07,116700.52
2026-08-31 14:35:00,4.07,4.08,4.07,4.07,85921.05
2026-08-31 14:40:00,4.07,4.07,4.06,4.06,123998.11
2026-08-31 14:45:00,4.06,4.06,4.05,4.05,38593.04
2026-08-31 14:50:00,4.05,4.06,4.04,4.05,103822.42
2026-08-31 14:55:00,4.05,4.06,4.05,4.05,27828.66
2026-08-31 15:00:00,4.05,4.06,4.05,4.06,9581.48
2026-08-31 15:05:00,4.06,4.08,4.06,4.07,8719.67
2026-08-31 15:10:00,4.07,4.08,4.06,4.06,63726.97
2026-08-31 15:15:00,4.06,4.07,4.06,4.07,17529.31
2026-08-31 15:20:00,4.07,4.07,4.06,4.07,123677.41
2026-08-31 15:25:00,4.07,4.07,4.06,4.07,19799.3
2026-08-31 15:30:00,4.07,4.07,4.06,4.06,25793.48
2026-08-31 15:35:00,4.06,4.08,4.05,4.07,126996.71
2026-08-31 15:40:00,4.07,4.09,4.06,4.09,19218.7
2026-08-31 15:45:00,4.09,4.09,4.08,4.09,71682.02
2026-08-31 15:50:00,4.09,4.09,4.09,4.09,123430.33
2026-08-31 15:55:00,4.09,4.09,4.07,4.08,52304.78
2026-08-31 16:00:00,4.08,4.09,4.08,4.08,158644.1
2026-08-31 16:05:00,4.08,4.11,4.08,4.1,43085.26
2026-08-31 16:10:00,4.1,4.11,4.09,4.11,53820.44
2026-08-31 16:15:00,4.11,4.12,4.09,4.1,560101.42
2026-08-31 16:20:00,4.1,4.11,4.09,4.09,161598.36
2026-08-31 16:25:00,4.09,4.1,4.08,4.08,15803.68
2026-08-31 16:30:00,4.08,4.09,4.07,4.09,4691.31
2026-08-31 16:35:00,4.09,4.11,4.08,4.1,75228.48
2026-08-31 16:40:00,4.1,4.12,4.1,4.12,777.09
2026-08-31 16:45:00,4.12,4.13,4.11,4.13,2106.44
2026-08-31 16:50:00,4.13,4.13,4.1,4.1,36783.81
2026-08-31 16:55:00,4.1,4.12,4.09,4.09,190079.52
2026-08-31 17:00:00,4.09,4.09,4.08,4.08,17422.73
2026-08-31 17:05:00,4.08,4.09,4.08,4.09,6078.47
2026-08-31 17:10:00,4.09,4.09,4.08,4.08,31748.42
2026-08-31 17:15:00,4.08,4.09,4.06,4.07,7550.38
2026-08-31 17:20:00,4.07,4.07,4.05,4.06,5602.81
2026-08-31 17:25:00,4.06,4.06,4.05,4.06,89800.2
2026-08-31 17:30:00,4.06,4.06,4.05,4.06,4787.6
2026-08-31 17:35:00,4.06,4.07,4.04,4.06,104170.16
2026-08-31 17:40:00,4.06,4.07,4.05,4.07,40489.87
2026-08-31 17:45:00,4.07,4.07,4.05,4.06,79005.03
2026-08-31 17:50:00,4.06,4.06,4.04,4.05,12247.82
2026-08-31 17:55:00,4.05,4.06,4.04,4.06,185786.65
2026-08-31 18:00:00,4.06,4.07,4.05,4.06,9329.27
2026-08-31 18:05:00,4.06,4.07,4.06,4.07,39001.46
2026-08-31 18:10:00,4.07,4.07,4.05,4.06,117898.67
2026-08-31 18:15:00,4.06,4.08,4.05,4.07,126446.09
2026-08-31 18:20:00,4.07,4.08,4.07,4.08,8008.0
2026-08-31 18:25:00,4.08,4.1,4.07,4.1,64001.28
2026-08-31 18:30:00,4.1,4.11,4.09,4.09,222361.55
2026-08-31 18:35:00,4.09,4.09,4.08,4.08,31068.88
2026-08-31 18:40:00,4.08,4.08,4.07,4.08,467.28
2026-08-31 18:45:00,4.08,4.08,4.07,4.08,9589.58
2026-08-31 18:50:00,4.08,4.09,4.07,4.07,33032.43
2026-08-31 18:55:00,4.07,4.09,4.07,4.09,22550.48
2026-08-31 19:00:00,4.09,4.1,4.08,4.08,111264.33
2026-08-31 19:05:00,4.08,4.09,4.07,4.08,12137.69
2026-08-31 19:10:00,4.08,4.1,4.05,4.06,31917.55
2026-08-31 19:15:00,4.06,4.08,4.06,4.08,73582.97
2026-08-31 19:20:00,4.08,4.08,4.07,4.07,18073.41
2026-08-31 19:25:00,4.07,4.08,4.06,4.07,44266.21
2026-08-31 19:30:00,4.07,4.08,4.06,4.07,5425.75
2026-08-31 19:35:00,4.07,4.07,4.07,4.07,1827.51
2026-08-31 19:40:00,4.07,4.08,4.06,4.07,30066.8
2026-08-31 19:45:00,4.07,4.09,4.07,4.09,5927.33
2026-08-31 19:50:00,4.09,4.11,4.08,4.1,2398.2
2026-08-31 19:55:00,4.1,4.11,4.09,4.09,72600.28
2026-08-31 20:00:00,4.09,4.12,4.08,4.11,184631.24
2026-08-31 20:05:00,4.11,4.12,4.09,4.12,5524.14
2026-08-31 20:10:00,4.12,4.15,4.12,4.14,74462.31
2026-08-31 20:15:00,4.14,4.15,4.13,4.13,25134.5
2026-08-31 20:20:00,4.13,4.14,4.12,4.13,2150.19
2026-08-31 20:25:00,4.13,4.14,4.1,4.11,51423.87
2026-08-31 20:30:00,4.11,4.12,4.1,4.12,9255.02
2026-08-31 20:35:00,4.12,4.12,4.11,4.12,39867.78
2026-08-31 20:40:00,4.12,4.13,4.11,4.12,3727.74
2026-08-31 20:45:00,4.12,4.12,4.11,4.12,65759.6
2026-08-31 20:50:00,4.12,4.13,4.1,4.11,50252.17
2026-08-31 20:55:00,4.11,4.11,4.1,4.11,13050.85
2026-08-31 21:00:00,4.11,4.11,4.11,4.11,1528.22
2026-08-31 21:05:00,4.11,4.13,4.1,4.12,74016.58
2026-08-31 21:10:00,4.12,4.13,4.11,4.12,85735.9
2026-08-31 21:15:00,4.12,4.12,4.1,4.11,18349.68
2026-08-31 21:20:00,4.11,4.11,4.09,4.1,54203.15
2026-08-31 21:25:00,4.1,4.1,4.09,4.1,2045.47
2026-08-31 21:30:00,4.1,4.12,4.1,4.11,59605.33
2026-08-31 21:35:00,4.11,4.14,4.1,4.13,17854.01
2026-08-31 21:40:00,4.13,4.16,4.13,4.16,6651.84
2026-08-31 21:45:00,4.16,4.16,4.15,4.16,13966.44
2026-08-31 21:50:00,4.16,4.17,4.15,4.15,46125.38
2026-08-31 21:55:00,4.15,4.16,4.14,4.14,206347.38
2026-08-31 22:00:00,4.14,4.16,4.13,4.14,62342.47
2026-08-31 22:05:00,4.14,4.16,4.13,4.14,693222.78
2026-08-31 22:10:00,4.14,4.15,4.12,4.13,202921.99
2026-08-31 22:15:00,4.13,4.14,4.12,4.12,379516.66
2026-08-31 22:20:00,4.12,4.12,4.1,4.11,7263.22
2026-08-31 22:25:00,4.11,4.11,4.1,4.1,68587.29
2026-08-31 22:30:00,4.1,4.11,4.1,4.1,111526.84
2026-08-31 22:35:00,4.1,4.1,4.1,4.1,20660.24
2026-08-31 22:40:00,4.1,4.11,4.1,4.1,143810.24
2026-08-31 22:45:00,4.1,4.1,4.09,4.1,40441.71
2026-08-31 22:50:00,4.1,4.11,4.09,4.1,78197.52
2026-08-31 22:55:00,4.1,4.1,4.09,4.1,21065.01
2026-08-31 23:00:00,4.1,4.11,4.1,4.1,94229.89
2026-08-31 23:05:00,4.1,4.13,4.1,4.12,36694.45
2026-08-31 23:10:00,4.12,4.14,4.12,4.13,102496.16
2026-08-31 23:15:00,4.13,4.15,4.12,4.12,16645.19
2026-08-31 23:20:00,4.12,4.14,4.12,4.14,95641.17
2026-08-31 23:25:00,4.14,4.14,4.11,4.13,19227.02
2026-08-31 23:30:00,4.13,4.13,4.13,4.13,2414.64
2026-08-31 23:35:00,4.13,4.13,4.13,4.13,6887.06
2026-08-31 23:40:00,4.13,4.15,4.13,4.14,7382.26
2026-08-31 23:45:00,4.14,4.17,4.13,4.15,25992.57
2026-08-31 23:50:00,4.15,4.16,4.15,4.15,64073.09
2026-08-31 23:55:00,4.15,4.17,4.14,4.14,70263.18
2026-09-01 00:00:00,4.14,4.15,4.13,4.13,26149.53
2026-09-01 00:05:00,4.13,4.15,4.13,4.14,59935.88
2026-09-01 00:10:00,4.14,4.18,4.13,4.16,24601.09
2026-09-01 00:15:00,4.16,4.17,4.15,4.16,131897.64
2026-09-01 00:20:00,4.16,4.17,4.14,4.15,381167.83
2026-09-01 00:25:00,4.15,4.16,4.14,4.14,76731.49
2026-09-01 00:30:00,4.14,4.15,4.13,4.15,95395.14
2026-09-01 00:35:00,4.15,4.16,4.15,4.16,259674.41
2026-09-01 00:40:00,4.16,4.17,4.16,4.16,82237.81
2026-09-01 00:45:00,4.16,4.18,4.16,4.18,205125.65
2026-09-01 00:50:00,4.18,4.18,4.17,4.18,128675.7
2026-09-01 00:55:00,4.18,4.19,4.18,4.19,14178.0
2026-09-01 01:00:00,4.19,4.2,4.19,4.19,155827.05
2026-09-01 01:05:00,4.19,4.21,4.17,4.18,36847.48
2026-09-01 01:10:00,4.18,4.19,4.17,4.18,74253.37
2026-09-01 01:15:00,4.18,4.18,4.16,4.17,78715.99
2026-09-01 01:20:00,4.17,4.17,4.15,4.15,68226.58
2026-09-01 01:25:00,4.15,4.17,4.14,4.15,263107.99
2026-09-01 01:30:00,4.15,4.16,4.14,4.15,127928.8
2026-09-01 01:35:00,4.15,4.17,4.14,4.17,75122.45
2026-09-01 01:40:00,4.17,4.2,4.17,4.19,66301.48
2026-09-01 01:45:00,4.19,4.2,4.18,4.18,846741.37
2026-09-01 01:50:00,4.18,4.18,4.18,4.18,71019.9
2026-09-01 01:55:00,4.18,4.19,4.18,4.18,27182.53
2026-09-01 02:00:00,4.18,4.19,4.17,4.17,18606.21
2026-09-01 02:05:00,4.17,4.18,4.15,4.16,20322.83
2026-09-01 02:10:00,4.16,4.18,4.15,4.15,100382.19
2026-09-01 02:15:00,4.15,4.16,4.14,4.14,449865.29
2026-09-01 02:20:00,4.14,4.15,4.13,4.14,81598.85
2026-09-01 02:25:00,4.14,4.16,4.13,4.16,135337.53
2026-09-01 02:30:00,4.16,4.16,4.15,4.16,82147.96
2026-09-01 02:35:00,4.16,4.18,4.16,4.17,5162.38
2026-09-01 02:40:00,4.17,4.18,4.16,4.16,310.53
2026-09-01 02:45:00,4.16,4.19,4.16,4.18,113743.92
2026-09-01 02:50:00,4.18,4.2,4.17,4.17,143661.97
2026-09-01 02:55:00,4.17,4.18,4.16,4.16,410739.23
2026-09-01 03:00:00,4.16,4.17,4.15,4.15,40393.23
2026-09-01 03:05:00,4.15,4.15,4.15,4.15,1640.22
2026-09-01 03:10:00,4.15,4.15,4.15,4.15,75414.88
2026-09-01 03:15:00,4.15,4.17,4.15,4.16,95441.87
2026-09-01 03:20:00,4.16,4.17,4.16,4.17,79479.19
2026-09-01 03:25:00,4.17,4.18,4.15,4.16,232217.38
2026-09-01 03:30:00,4.16,4.17,4.15,4.15,105987.41
2026-09-01 03:35:00,4.15,4.16,4.15,4.16,80072.85
2026-09-01 03:40:00,4.16,4.16,4.15,4.15,14788.04
2026-09-01 03:45:00,4.15,4.16,4.15,4.16,46272.07
2026-09-01 03:50:00,4.16,4.18,4.15,4.18,27860.9
2026-09-01 03:55:00,4.18,4.18,4.16,4.16,27505.39
2026-09-01 04:00:00,4.16,4.17,4.13,4.14,835.03
2026-09-01 04:05:00,4.14,4.15,4.13,4.13,63887.02
2026-09-01 04:10:00,4.13,4.14,4.13,4.13,20326.75
2026-09-01 04:15:00,4.13,4.15,4.12,4.14,22900.54
2026-09-01 04:20:00,4.14,4.15,4.14,4.15,13922.54
2026-09-01 04:25:00,4.15,4.15,4.13,4.14,193867.81
2026-09-01 04:30:00,4.14,4.14,4.13,4.13,8290.29
2026-09-01 04:35:00,4.13,4.14,4.11,4.14,304479.56
2026-09-01 04:40:00,4.14,4.14,4.12,4.12,32525.88
2026-09-01 04:45:00,4.12,4.13,4.11,4.13,103065.51
2026-09-01 04:50:00,4.13,4.13,4.12,4.12,5833.7
2026-09-01 04:55:00,4.12,4.13,4.11,4.13,725545.11
2026-09-01 05:00:00,4.13,4.14,4.11,4.12,161485.82
2026-09-01 05:05:00,4.12,4.12,4.1,4.11,2869.6
2026-09-01 05:10:00,4.11,4.12,4.11,4.11,2812.04
2026-09-01 05:15:00,4.11,4.12,4.1,4.12,13374.75
2026-09-01 05:20:00,4.12,4.12,4.1,4.11,17598.61
2026-09-01 05:25:00,4.11,4.12,4.11,4.12,89715.62
2026-09-01 05:30:00,4.12,4.15,4.12,4.14,13487.97
2026-09-01 05:35:00,4.14,4.14,4.12,4.12,66447.26
2026-09-01 05:40:00,4.12,4.14,4.12,4.13,215570.46
2026-09-01 05:45:00,4.13,4.14,4.12,4.14,117411.59
2026-09-01 05:50:00,4.14,4.16,4.14,4.16,19844.95
2026-09-01 05:55:00,4.16,4.16,4.14,4.15,40462.99
2026-09-01 06:00:00,4.15,4.15,4.13,4.14,22519.47
2026-09-01 06:05:00,4.14,4.15,4.13,4.14,313842.63
2026-09-01 06:10:00,4.14,4.14,4.13,4.13,62776.61
2026-09-01 06:15:00,4.13,4.14,4.12,4.14,174396.61
2026-09-01 06:20:00,4.14,4.14,4.13,4.14,86279.59
2026-09-01 06:25:00,4.14,4.15,4.13,4.14,37096.7
2026-09-01 06:30:00,4.14,4.15,4.14,4.15,62620.06
2026-09-01 06:35:00,4.15,4.17,4.14,4.16,19889.9
2026-09-01 06:40:00,4.16,4.18,4.16,4.17,28854.75
2026-09-01 06:45:00,4.17,4.18,4.15,4.16,48283.27
2026-09-01 06:50:00,4.16,4.16,4.16,4.16,214963.59
2026-09-01 06:55:00,4.16,4.17,4.15,4.16,289260.2
2026-09-01 07:00:00,4.16,4.17,4.16,4.16,49179.22
2026-09-01 07:05:00,4.16,4.17,4.13,4.15,183790.01
2026-09-01 07:10:00,4.15,4.15,4.14,4.14,59624.85
2026-09-01 07:15:00,4.14,4.15,4.11,4.12,12467.7
2026-09-01 07:20:00,4.12,4.13,4.12,4.13,191308.2
2026-09-01 07:25:00,4.13,4.14,4.12,4.13,88085.21
2026-09-01 07:30:00,4.13,4.14,4.11,4.12,35699.63
2026-09-01 07:35:00,4.12,4.13,4.1,4.12,417468.18
2026-09-01 07:40:00,4.12,4.13,4.11,4.11,22839.05
2026-09-01 07:45:00,4.11,4.13,4.1,4.12,25237.87
2026-09-01 07:50:00,4.12,4.12,4.1,4.1,27907.98
2026-09-01 07:55:00,4.1,4.11,4.09,4.11,749965.1
2026-09-01 08:00:00,4.11,4.12,4.1,4.12,207039.7
2026-09-01 08:05:00,4.12,4.12,4.1,4.12,51231.97
2026-09-01 08:10:00,4.12,4.13,4.11,4.12,231719.94
2026-09-01 08:15:00,4.12,4.14,4.12,4.12,55486.05
2026-09-01 08:20:00,4.12,4.13,4.12,4.13,31413.77
2026-09-01 08:25:00,4.13,4.13,4.12,4.12,37544.64
2026-09-01 08:30:00,4.12,4.12,4.11,4.11,69352.25
2026-09-01 08:35:00,4.11,4.11,4.09,4.09,53275.76
2026-09-01 08:40:00,4.09,4.1,4.08,4.08,63224.57
2026-09-01 08:45:00,4.08,4.09,4.07,4.09,412640.81
2026-09-01 08:50:00,4.09,4.11,4.08,4.11,76873.09
2026-09-01 08:55:00,4.11,4.13,4.11,4.12,20009.65
2026-09-01 09:00:00,4.12,4.14,4.12,4.13,16268.11
2026-09-01 09:05:00,4.13,4.15,4.13,4.15,27704.74
2026-09-01 09:10:00,4.15,4.16,4.14,4.14,5137.76
2026-09-01 09:15:00,4.14,4.14,4.12,4.13,28707.78
2026-09-01 09:20:00,4.13,4.14,4.12,4.14,8846.05
2026-09-01 09:25:00,4.14,4.14,4.14,4.14,54763.46
2026-09-01 09:30:00,4.14,4.15,4.13,4.15,61907.91
2026-09-01 09:35:00,4.15,4.16,4.14,4.15,68645.13
2026-09-01 09:40:00,4.15,4.16,4.15,4.15,56463.33
2026-09-01 09:45:00,4.15,4.16,4.14,4.14,7204.86
2026-09-01 09:50:00,4.14,4.16,4.14,4.16,78112.94
2026-09-01 09:55:00,4.16,4.17,4.15,4.16,60586.34
2026-09-01 10:00:00,4.16,4.17,4.15,4.15,49365.16
2026-09-01 10:05:00,4.15,4.16,4.14,4.15,30203.77
2026-09-01 10:10:00,4.15,4.15,4.14,4.14,29216.29
2026-09-01 10:15:00,4.14,4.15,4.13,4.15,36766.99
2026-09-01 10:20:00,4.15,4.15,4.14,4.15,43716.4
2026-09-01 10:25:00,4.15,4.16,4.14,4.16,1728.65
2026-09-01 10:30:00,4.16,4.16,4.15,4.15,18228.98
2026-09-01 10:35:00,4.15,4.17,4.14,4.16,3598.93
2026-09-01 10:40:00,4.16,4.16,4.14,4.15,106023.98
2026-09-01 10:45:00,4.15,4.17,4.15,4.16,36569.34
2026-09-01 10:50:00,4.16,4.17,4.16,4.16,88221.09
2026-09-01 10:55:00,4.16,4.18,4.15,4.15,18721.64
2026-09-01 11:00:00,4.15,4.17,4.15,4.16,167514.43
2026-09-01 11:05:00,4.16,4.17,4.15,4.17,66733.95
2026-09-01 11:10:00,4.17,4.17,4.17,4.17,13820.88
2026-09-01 11:15:00,4.17,4.17,4.14,4.15,96961.85
2026-09-01 11:20:00,4.15,4.17,4.15,4.16,19494.19
2026-09-01 11:25:00,4.16,4.16,4.15,4.16,3681.41
2026-09-01 11:30:00,4.16,4.17,4.16,4.17,18367.26
2026-09-01 11:35:00,4.17,4.18,4.17,4.18,140046.79
2026-09-01 11:40:00,4.18,4.19,4.17,4.18,2278.28
2026-09-01 11:45:00,4.18,4.19,4.17,4.18,62387.2
2026-09-01 11:50:00,4.18,4.18,4.17,4.17,28831.46
2026-09-01 11:55:00,4.17,4.17,4.15,4.16,149184.06
2026-09-01 12:00:00,4.16,4.16,4.13,4.14,30874.66
2026-09-01 12:05:00,4.14,4.15,4.13,4.14,27107.9
2026-09-01 12:10:00,4.14,4.15,4.13,4.15,54579.26
2026-09-01 12:15:00,4.15,4.15,4.11,4.13,11790.77
2026-09-01 12:20:00,4.13,4.13,4.12,4.12,3989.37
2026-09-01 12:25:00,4.12,4.13,4.1,4.12,9514.37
2026-09-01 12:30:00,4.12,4.13,4.11,4.12,95858.83
2026-09-01 12:35:00,4.12,4.13,4.1,4.11,78943.95
2026-09-01 12:40:00,4.11,4.12,4.1,4.12,65435.86
2026-09-01 12:45:00,4.12,4.13,4.11,4.12,79950.07
2026-09-01 12:50:00,4.12,4.14,4.09,4.1,4106.92
2026-09-01 12:55:00,4.1,4.1,4.09,4.09,14238.66
2026-09-01 13:00:00,4.09,4.1,4.09,4.1,7124.28
2026-09-01 13:05:00,4.1,4.1,4.09,4.09,28026.09
2026-09-01 13:10:00,4.09,4.1,4.09,4.09,125192.95
2026-09-01 13:15:00,4.09,4.09,4.08,4.08,10854.85
2026-09-01 13:20:00,4.08,4.09,4.07,4.09,179958.25
2026-09-01 13:25:00,4.09,4.1,4.07,4.1,70199.86
2026-09-01 13:30:00,4.1,4.1,4.08,4.08,41871.71
2026-09-01 13:35:00,4.08,4.09,4.07,4.09,15.74
2026-09-01 13:40:00,4.09,4.11,4.09,4.11,352.41
2026-09-01 13:45:00,4.11,4.11,4.09,4.1,17405.84
2026-09-01 13:50:00,4.1,4.11,4.1,4.1,67069.88
2026-09-01 13:55:00,4.1,4.11,4.08,4.08,242073.4
2026-09-01 14:00:00,4.08,4.09,4.08,4.08,32870.74
2026-09-01 14:05:00,4.08,4.1,4.07,4.09,30998.9
2026-09-01 14:10:00,4.09,4.1,4.09,4.09,42822.87
2026-09-01 14:15:00,4.09,4.09,4.06,4.07,40725.17
2026-09-01 14:20:00,4.07,4.08,4.05,4.05,3078.72
2026-09-01 14:25:00,4.05,4.06,4.04,4.06,29189.45
2026-09-01 14:30:00,4.06,4.06,4.04,4.05,22931.05
2026-09-01 14:35:00,4.05,4.05,4.03,4.03,117078.33
2026-09-01 14:40:00,4.03,4.04,4.01,4.04,98047.29
2026-09-01 14:45:00,4.04,4.04,4.02,4.03,58688.78
2026-09-01 14:50:00,4.03,4.03,4.01,4.03,183054.47
2026-09-01 14:55:00,4.03,4.03,4.03,4.03,44112.68
2026-09-01 15:00:00,4.03,4.04,4.03,4.04,94045.46
2026-09-01 15:05:00,4.04,4.04,4.03,4.03,38726.62
2026-09-01 15:10:00,4.03,4.04,4.03,4.03,5207.04
2026-09-01 15:15:00,4.03,4.04,4.02,4.04,145269.56
2026-09-01 15:20:00,4.04,4.05,4.03,4.05,185780.87
2026-09-01 15:25:00,4.05,4.08,4.04,4.06,46858.88
2026-09-01 15:30:00,4.06,4.07,4.06,4.07,75967.2
2026-09-01 15:35:00,4.07,4.08,4.07,4.07,22832.2
2026-09-01 15:40:00,4.07,4.08,4.06,4.07,3705.7
2026-09-01 15:45:00,4.07,4.07,4.04,4.05,24277.8
2026-09-01 15:50:00,4.05,4.06,4.04,4.04,49415.8
2026-09-01 15:55:00,4.04,4.07,4.04,4.07,35858.95
2026-09-01 16:00:00,4.07,4.07,4.06,4.06,99257.79
2026-09-01 16:05:00,4.06,4.06,4.05,4.06,31092.98
2026-09-01 16:10:00,4.06,4.06,4.05,4.06,56045.31
2026-09-01 16:15:00,4.06,4.06,4.04,4.05,3268.41
2026-09-01 16:20:00,4.05,4.05,4.04,4.05,20088.15
2026-09-01 16:25:00,4.05,4.05,4.04,4.04,116797.19
2026-09-01 16:30:00,4.04,4.05,4.02,4.03,115966.99
2026-09-01 16:35:00,4.03,4.05,4.02,4.04,26850.23
2026-09-01 16:40:00,4.04,4.05,4.04,4.04,65791.24
2026-09-01 16:45:00,4.04,4.05,4.01,4.02,212804.78
2026-09-01 16:50:00,4.02,4.03,4.01,4.03,292310.93
2026-09-01 16:55:00,4.03,4.04,4.01,4.04,238327.77
2026-09-01 17:00:00,4.04,4.04,4.03,4.03,23152.53
2026-09-01 17:05:00,4.03,4.04,4.03,4.03,41599.27
2026-09-01 17:10:00,4.03,4.04,4.02,4.03,233091.62
2026-09-01 17:15:00,4.03,4.04,4.03,4.03,11339.15
2026-09-01 17:20:00,4.03,4.03,4.02,4.02,95371.48
2026-09-01 17:25:00,4.02,4.03,4.01,4.03,161787.53
2026-09-01 17:30:00,4.03,4.04,4.02,4.03,90601.75
2026-09-01 17:35:00,4.03,4.04,4.02,4.03,25100.4
2026-09-01 17:40:00,4.03,4.04,4.02,4.02,98212.62
2026-09-01 17:45:00,4.02,4.03,4.02,4.02,69269.41
2026-09-01 17:50:00,4.02,4.03,4.02,4.02,11230.28
2026-09-01 17:55:00,4.02,4.03,4.02,4.03,28432.69
2026-09-01 18:00:00,4.03,4.04,4.02,4.04,136798.41
2026-09-01 18:05:00,4.04,4.04,4.02,4.04,403367.18
2026-09-01 18:10:00,4.04,4.04,4.04,4.04,40741.01
2026-09-01 18:15:00,4.04,4.05,4.03,4.03,109749.25
2026-09-01 18:20:00,4.03,4.05,4.03,4.04,18935.11
2026-09-01 18:25:00,4.04,4.04,4.02,4.03,27348.09
2026-09-01 18:30:00,4.03,4.04,4.03,4.04,22454.79
2026-09-01 18:35:00,4.04,4.05,4.03,4.04,40001.71
2026-09-01 18:40:00,4.04,4.06,4.04,4.05,12199.25
2026-09-01 18:45:00,4.05,4.05,4.04,4.05,21927.67
2026-09-01 18:50:00,4.05,4.05,4.03,4.05,35369.23
2026-09-01 18:55:00,4.05,4.05,4.05,4.05,2332.68
2026-09-01 19:00:00,4.05,4.05,4.03,4.04,81196.46
2026-09-01 19:05:00,4.04,4.05,4.03,4.05,32541.82
2026-09-01 19:10:00,4.05,4.06,4.03,4.05,177883.45
2026-09-01 19:15:00,4.05,4.06,4.04,4.04,3417.24
2026-09-01 19:20:00,4.04,4.05,4.04,4.05,18303.29
2026-09-01 19:25:00,4.05,4.05,4.04,4.05,164913.01
2026-09-01 19:30:00,4.05,4.05,4.04,4.04,9096.51
2026-09-01 19:35:00,4.04,4.05,4.04,4.05,24924.86
2026-09-01 19:40:00,4.05,4.05,4.05,4.05,60084.11
2026-09-01 19:45:00,4.05,4.05,4.03,4.04,12349.32
2026-09-01 19:50:00,4.04,4.05,4.02,4.03,24604.53
2026-09-01 19:55:00,4.03,4.04,4.02,4.03,26976.36
2026-09-01 20:00:00,4.03,4.04,4.03,4.04,51085.14
2026-09-01 20:05:00,4.04,4.04,4.03,4.03,26709.99
2026-09-01 20:10:00,4.03,4.04,4.03,4.04,83702.06
2026-09-01 20:15:00,4.04,4.04,4.03,4.03,2451.34
2026-09-01 20:20:00,4.03,4.04,4.03,4.04,7322.13
2026-09-01 20:25:00,4.04,4.05,4.04,4.05,83625.26
2026-09-01 20:30:00,4.05,4.05,4.03,4.04,67054.68
2026-09-01 20:35:00,4.04,4.05,4.03,4.05,2678.96
2026-09-01 20:40:00,4.05,4.07,4.05,4.06,19003.14
2026-09-01 20:45:00,4.06,4.07,4.06,4.07,1045.32
2026-09-01 20:50:00,4.07,4.08,4.06,4.06,405225.8
2026-09-01 20:55:00,4.06,4.07,4.05,4.06,6782.5
2026-09-01 21:00:00,4.06,4.06,4.04,4.04,39917.68
2026-09-01 21:05:00,4.04,4.05,4.03,4.03,8426.51
2026-09-01 21:10:00,4.03,4.04,4.03,4.03,121321.93
2026-09-01 21:15:00,4.03,4.04,4.03,4.03,7359.55
2026-09-01 21:20:00,4.03,4.03,4.01,4.02,20767.82
2026-09-01 21:25:00,4.02,4.03,4.01,4.03,122095.97
2026-09-01 21:30:00,4.03,4.04,4.02,4.03,22966.72
2026-09-01 21:35:00,4.03,4.04,4.02,4.04,121724.08
2026-09-01 21:40:00,4.04,4.04,4.02,4.03,110004.8
2026-09-01 21:45:00,4.03,4.03,4.0,4.0,13079.44
2026-09-01 21:50:00,4.0,4.01,3.99,4.01,79756.69
2026-09-01 21:55:00,4.01,4.02,4.0,4.0,22501.02
2026-09-01 22:00:00,4.0,4.0,3.98,3.98,225891.42
2026-09-01 22:05:00,3.98,4.0,3.97,3.99,260038.59
2026-09-01 22:10:00,3.99,4.01,3.98,4.0,21950.45
2026-09-01 22:15:00,4.0,4.01,3.99,3.99,130943.15
2026-09-01 22:20:00,3.99,4.01,3.99,4.0,37909.79
2026-09-01 22:25:00,4.0,4.0,3.98,4.0,389345.2
2026-09-01 22:30:00,4.0,4.02,3.99,4.01,208597.41
2026-09-01 22:35:00,4.01,4.02,4.01,4.02,64640.89
2026-09-01 22:40:00,4.02,4.04,4.02,4.03,30369.8
2026-09-01 22:45:00,4.03,4.05,4.02,4.04,311419.52
2026-09-01 22:50:00,4.04,4.07,4.03,4.06,10719.03
2026-09-01 22:55:00,4.06,4.06,4.05,4.05,48037.17
2026-09-01 23:00:00,4.05,4.05,4.04,4.04,4611.51
2026-09-01 23:05:00,4.04,4.04,4.02,4.03,25800.33
2026-09-01 23:10:00,4.03,4.04,4.03,4.04,10056.71
2026-09-01 23:15:00,4.04,4.05,4.04,4.05,54547.63
2026-09-01 23:20:00,4.05,4.07,4.05,4.05,19157.09
2026-09-01 23:25:00,4.05,4.06,4.05,4.05,2181.33
2026-09-01 23:30:00,4.05,4.06,4.04,4.05,207428.49
2026-09-01 23:35:00,4.05,4.06,4.04,4.04,60896.69
2026-09-01 23:40:00,4.04,4.05,4.03,4.05,71031.12
2026-09-01 23:45:00,4.05,4.05,4.04,4.04,19542.08
2026-09-01 23:50:00,4.04,4.06,4.04,4.05,13591.72
2026-09-01 23:55:00,4.05,4.07,4.04,4.06,140672.91
2026-09-02 00:00:00,4.06,4.06,4.03,4.05,11198.06
2026-09-02 00:05:00,4.05,4.06,4.04,4.06,23947.46
2026-09-02 00:10:00,4.06,4.06,4.04,4.04,4960.58
2026-09-02 00:15:00,4.04,4.06,4.04,4.05,201648.95
2026-09-02 00:20:00,4.05,4.05,4.02,4.02,149687.78
2026-09-02 00:25:00,4.02,4.03,3.99,4.0,20487.43
2026-09-02 00:30:00,4.0,4.0,3.99,4.0,21031.56
2026-09-02 00:35:00,4.0,4.01,4.0,4.0,5086.66
2026-09-02 00:40:00,4.0,4.01,3.99,3.99,96965.78
2026-09-02 00:45:00,3.99,4.0,3.99,4.0,38994.79
2026-09-02 00:50:00,4.0,4.01,3.99,4.0,15584.97
2026-09-02 00:55:00,4.0,4.02,3.99,4.01,30921.75
2026-09-02 01:00:00,4.01,4.02,4.0,4.01,24169.16
2026-09-02 01:05:00,4.01,4.01,4.0,4.01,15054.61
2026-09-02 01:10:00,4.01,4.03,4.01,4.02,13133.04
2026-09-02 01:15:00,4.02,4.03,4.02,4.02,37505.77
2026-09-02 01:20:00,4.02,4.02,4.01,4.02,116603.45
2026-09-02 01:25:00,4.02,4.03,4.01,4.02,112733.38
2026-09-02 01:30:00,4.02,4.04,4.01,4.03,11.1
2026-09-02 01:35:00,4.03,4.05,4.03,4.04,52521.79
2026-09-02 01:40:00,4.04,4.07,4.04,4.06,100112.29
2026-09-02 01:45:00,4.06,4.06,4.05,4.05,105574.42
2026-09-02 01:50:00,4.05,4.06,4.05,4.05,77535.74
2026-09-02 01:55:00,4.05,4.06,4.04,4.04,21774.89
2026-09-02 02:00:00,4.04,4.06,4.04,4.05,63521.34
2026-09-02 02:05:00,4.05,4.06,4.04,4.05,163741.9
2026-09-02 02:10:00,4.05,4.05,4.02,4.03,37258.17
2026-09-02 02:15:00,4.03,4.05,4.03,4.04,139580.58
2026-09-02 02:20:00,4.04,4.04,4.03,4.04,248813.1
2026-09-02 02:25:00,4.04,4.04,4.03,4.03,8106.32
2026-09-02 02:30:00,4.03,4.04,4.02,4.03,24856.03
2026-09-02 02:35:00,4.03,4.03,4.01,4.01,183142.98
2026-09-02 02:40:00,4.01,4.02,4.01,4.02,3032.16
2026-09-02 02:45:00,4.02,4.03,4.01,4.02,89694.67
2026-09-02 02:50:00,4.02,4.05,4.02,4.05,8350.98
2026-09-02 02:55:00,4.05,4.06,4.04,4.05,4875.94
2026-09-02 03:00:00,4.05,4.08,4.05,4.07,30558.73
2026-09-02 03:05:00,4.07,4.07,4.05,4.05,86911.05
2026-09-02 03:10:00,4.05,4.06,4.05,4.05,107519.13
2026-09-02 03:15:00,4.05,4.06,4.04,4.05,11478.62
2026-09-02 03:20:00,4.05,4.06,4.05,4.06,16854.01
2026-09-02 03:25:00,4.06,4.07,4.06,4.07,25662.44
2026-09-02 03:30:00,4.07,4.07,4.07,4.07,15298.67
2026-09-02 03:35:00,4.07,4.08,4.06,4.06,119916.63
2026-09-02 03:40:00,4.06,4.07,4.05,4.07,40545.14
2026-09-02 03:45:00,4.07,4.08,4.05,4.07,22149.79
2026-09-02 03:50:00,4.07,4.08,4.06,4.07,86657.39
2026-09-02 03:55:00,4.07,4.08,4.06,4.06,263810.71
2026-09-02 04:00:00,4.06,4.06,4.03,4.04,15199.24
2026-09-02 04:05:00,4.04,4.05,4.02,4.02,81297.77
2026-09-02 04:10:00,4.02,4.05,4.01,4.05,246795.34
2026-09-02 04:15:00,4.05,4.06,4.04,4.06,3582.46
2026-09-02 04:20:00,4.06,4.06,4.05,4.05,82076.05
2026-09-02 04:25:00,4.05,4.05,4.05,4.05,74751.46
2026-09-02 04:30:00,4.05,4.05,4.03,4.04,28351.89
2026-09-02 04:35:00,4.04,4.05,4.03,4.05,28715.59
2026-09-02 04:40:00,4.05,4.05,4.04,4.04,55375.21
2026-09-02 04:45:00,4.04,4.06,4.04,4.06,63629.85
2026-09-02 04:50:00,4.06,4.07,4.05,4.06,167960.75
2026-09-02 04:55:00,4.06,4.07,4.05,4.06,274780.59
2026-09-02 05:00:00,4.06,4.06,4.05,4.05,16362.91
2026-09-02 05:05:00,4.05,4.06,4.05,4.05,22387.59
2026-09-02 05:10:00,4.05,4.07,4.05,4.06,64142.63
2026-09-02 05:15:00,4.06,4.07,4.06,4.06,66613.91
2026-09-02 05:20:00,4.06,4.07,4.06,4.07,43676.92
2026-09-02 05:25:00,4.07,4.09,4.06,4.08,18212.75
2026-09-02 05:30:00,4.08,4.1,4.06,4.07,40062.31
2026-09-02 05:35:00,4.07,4.07,4.05,4.06,71647.34
2026-09-02 05:40:00,4.06,4.06,4.04,4.05,17542.55
2026-09-02 05:45:00,4.05,4.06,4.04,4.05,20748.6
2026-09-02 05:50:00,4.05,4.06,4.04,4.06,40213.4
2026-09-02 05:55:00,4.06,4.06,4.04,4.04,31272.09
2026-09-02 06:00:00,4.04,4.05,4.04,4.04,5655.4
2026-09-02 06:05:00,4.04,4.04,4.03,4.04,45752.4
2026-09-02 06:10:00,4.04,4.04,4.02,4.03,16315.01
2026-09-02 06:15:00,4.03,4.03,4.01,4.02,61099.5
2026-09-02 06:20:00,4.02,4.02,4.01,4.01,42075.99
2026-09-02 06:25:00,4.01,4.01,3.98,3.99,56292.68
2026-09-02 06:30:00,3.99,4.0,3.99,4.0,79128.72
2026-09-02 06:35:00,4.0,4.02,4.0,4.01,24891.59
2026-09-02 06:40:00,4.01,4.02,3.99,4.0,12566.83
2026-09-02 06:45:00,4.0,4.0,3.98,3.99,22800.15
2026-09-02 06:50:00,3.99,4.0,3.99,3.99,79626.25
2026-09-02 06:55:00,3.99,4.01,3.98,4.0,73853.16
2026-09-02 07:00:00,4.0,4.01,4.0,4.01,318.0
2026-09-02 07:05:00,4.01,4.01,4.0,4.0,87518.11
2026-09-02 07:10:00,4.0,4.0,3.99,3.99,7136.69
2026-09-02 07:15:00,3.99,4.0,3.98,3.98,127447.09
2026-09-02 07:20:00,3.98,3.98,3.97,3.97,13634.55
2026-09-02 07:25:00,3.97,3.98,3.96,3.98,194446.24
2026-09-02 07:30:00,3.98,3.99,3.98,3.99,44369.07
2026-09-02 07:35:00,3.99,4.0,3.98,3.99,67263.42
2026-09-02 07:40:00,3.99,3.99,3.98,3.98,77937.23
2026-09-02 07:45:00,3.98,4.0,3.97,3.99,17255.83
2026-09-02 07:50:00,3.99,4.01,3.99,4.0,75002.36
2026-09-02 07:55:00,4.0,4.02,4.0,4.01,9425.1
2026-09-02 08:00:00,4.01,4.01,4.0,4.0,7713.94
2026-09-02 08:05:00,4.0,4.01,4.0,4.01,52788.79
2026-09-02 08:10:00,4.01,4.01,4.0,4.01,80362.11
2026-09-02 08:15:00,4.01,4.02,4.0,4.01,4024.61
2026-09-02 08:20:00,4.01,4.01,4.0,4.01,4297.23
2026-09-02 08:25:00,4.01,4.02,4.0,4.01,13010.25
2026-09-02 08:30:00,4.01,4.01,4.0,4.0,10733.81
2026-09-02 08:35:00,4.0,4.03,3.99,4.02,5868.31
2026-09-02 08:40:00,4.02,4.05,4.02,4.05,3930.01
2026-09-02 08:45:00,4.05,4.05,4.05,4.05,14214.4
2026-09-02 08:50:00,4.05,4.06,4.05,4.06,1555.1
2026-09-02 08:55:00,4.06,4.07,4.05,4.05,38411.56
2026-09-02 09:00:00,4.05,4.07,4.05,4.07,17083.04
2026-09-02 09:05:00,4.07,4.08,4.06,4.07,76388.49
2026-09-02 09:10:00,4.07,4.09,4.06,4.08,10817.09
2026-09-02 09:15:00,4.08,4.09,4.07,4.09,6335.76
2026-09-02 09:20:00,4.09,4.1,4.08,4.09,62772.84
2026-09-02 09:25:00,4.09,4.1,4.07,4.08,36651.04
2026-09-02 09:30:00,4.08,4.08,4.05,4.07,87752.12
2026-09-02 09:35:00,4.07,4.07,4.06,4.07,96715.48
2026-09-02 09:40:00,4.07,4.07,4.06,4.07,3732.8
2026-09-02 09:45:00,4.07,4.07,4.05,4.06,47659.22
2026-09-02 09:50:00,4.06,4.06,4.04,4.05,92468.78
2026-09-02 09:55:00,4.05,4.05,4.04,4.05,1898.01
2026-09-02 10:00:00,4.05,4.06,4.05,4.05,29925.29
2026-09-02 10:05:00,4.05,4.06,4.04,4.05,45018.93
2026-09-02 10:10:00,4.05,4.06,4.04,4.05,52728.17
2026-09-02 10:15:00,4.05,4.07,4.04,4.06,46807.22
2026-09-02 10:20:00,4.06,4.08,4.06,4.07,21824.06
2026-09-02 10:25:00,4.07,4.09,4.07,4.09,6591.76
2026-09-02 10:30:00,4.09,4.1,4.08,4.08,66157.26
2026-09-02 10:35:00,4.08,4.09,4.07,4.07,1159866.88
2026-09-02 10:40:00,4.07,4.08,4.06,4.06,492463.32
2026-09-02 10:45:00,4.06,4.07,4.06,4.06,2979.54
2026-09-02 10:50:00,4.06,4.08,4.05,4.07,55675.4
2026-09-02 10:55:00,4.07,4.09,4.07,4.08,77349.15
2026-09-02 11:00:00,4.08,4.08,4.07,4.07,282530.93
2026-09-02 11:05:00,4.07,4.09,4.06,4.09,47026.91
2026-09-02 11:10:00,4.09,4.1,4.08,4.09,92664.01
2026-09-02 11:15:00,4.09,4.1,4.08,4.1,854.48
2026-09-02 11:20:00,4.1,4.11,4.09,4.09,89116.52
2026-09-02 11:25:00,4.09,4.1,4.08,4.1,12801.78
2026-09-02 11:30:00,4.1,4.11,4.09,4.11,237398.28
2026-09-02 11:35:00,4.11,4.12,4.09,4.1,31339.71
2026-09-02 11:40:00,4.1,4.12,4.09,4.11,29946.51
2026-09-02 11:45:00,4.11,4.11,4.09,4.1,26848.91
2026-09-02 11:50:00,4.1,4.11,4.09,4.1,3251.06
2026-09-02 11:55:00,4.1,4.1,4.1,4.1,2143.02
2026-09-02 12:00:00,4.1,4.11,4.09,4.09,96568.0
2026-09-02 12:05:00,4.09,4.1,4.08,4.09,44803.08
2026-09-02 12:10:00,4.09,4.1,4.09,4.1,40457.86
2026-09-02 12:15:00,4.1,4.1,4.1,4.1,124607.36
2026-09-02 12:20:00,4.1,4.1,4.09,4.09,6861.58
2026-09-02 12:25:00,4.09,4.1,4.08,4.09,38375.41
2026-09-02 12:30:00,4.09,4.11,4.08,4.1,28742.73
2026-09-02 12:35:00,4.1,4.11,4.09,4.1,11396.0
2026-09-02 12:40:00,4.1,4.1,4.09,4.1,13785.69
2026-09-02 12:45:00,4.1,4.1,4.1,4.1,35512.73
2026-09-02 12:50:00,4.1,4.11,4.09,4.11,55862.9
2026-09-02 12:55:00,4.11,4.12,4.1,4.12,37629.37
2026-09-02 13:00:00,4.12,4.13,4.11,4.13,100547.92
2026-09-02 13:05:00,4.13,4.13,4.11,4.12,91277.93
2026-09-02 13:10:00,4.12,4.12,4.09,4.11,27885.07
2026-09-02 13:15:00,4.11,4.12,4.11,4.11,42880.91
2026-09-02 13:20:00,4.11,4.12,4.11,4.11,60097.2
2026-09-02 13:25:00,4.11,4.12,4.11,4.12,5325.93
2026-09-02 13:30:00,4.12,4.12,4.11,4.11,171230.93
2026-09-02 13:35:00,4.11,4.11,4.09,4.1,115275.2
2026-09-02 13:40:00,4.1,4.1,4.09,4.1,32644.79
2026-09-02 13:45:00,4.1,4.1,4.08,4.08,27472.63
2026-09-02 13:50:00,4.08,4.08,4.08,4.08,2583.77
2026-09-02 13:55:00,4.08,4.08,4.07,4.08,1748.93
2026-09-02 14:00:00,4.08,4.09,4.05,4.06,70914.65
2026-09-02 14:05:00,4.06,4.06,4.04,4.06,9041.8
2026-09-02 14:10:00,4.06,4.07,4.06,4.06,73579.22
2026-09-02 14:15:00,4.06,4.07,4.05,4.05,44324.5
2026-09-02 14:20:00,4.05,4.08,4.05,4.06,19187.78
2026-09-02 14:25:00,4.06,4.07,4.06,4.07,33347.51
2026-09-02 14:30:00,4.07,4.08,4.06,4.06,8331.78
2026-09-02 14:35:00,4.06,4.08,4.05,4.07,23884.68
2026-09-02 14:40:00,4.07,4.07,4.05,4.06,4549.82
2026-09-02 14:45:00,4.06,4.06,4.06,4.06,35330.42
2026-09-02 14:50:00,4.06,4.06,4.05,4.05,53566.04
2026-09-02 14:55:00,4.05,4.06,4.04,4.05,35362.49
2026-09-02 15:00:00,4.05,4.05,4.04,4.05,251058.68
2026-09-02 15:05:00,4.05,4.07,4.04,4.05,6003.29
2026-09-02 15:10:00,4.05,4.06,4.04,4.04,10972.11
2026-09-02 15:15:00,4.04,4.05,4.04,4.04,4599.94
2026-09-02 15:20:00,4.04,4.05,4.03,4.03,16737.67
2026-09-02 15:25:00,4.03,4.04,4.03,4.04,32858.19
2026-09-02 15:30:00,4.04,4.06,4.03,4.05,129.55
2026-09-02 15:35:00,4.05,4.05,4.04,4.05,45596.74
2026-09-02 15:40:00,4.05,4.05,4.03,4.04,40669.61
2026-09-02 15:45:00,4.04,4.05,4.03,4.04,12582.65
2026-09-02 15:50:00,4.04,4.04,4.03,4.04,122421.78
2026-09-02 15:55:00,4.04,4.06,4.04,4.06,128031.03
2026-09-02 16:00:00,4.06,4.07,4.06,4.07,53400.4
2026-09-02 16:05:00,4.07,4.07,4.06,4.07,26695.73
2026-09-02 16:10:00,4.07,4.09,4.07,4.08,11137.81
2026-09-02 16:15:00,4.08,4.09,4.07,4.07,5991.78
2026-09-02 16:20:00,4.07,4.08,4.07,4.07,90304.95
2026-09-02 16:25:00,4.07,4.08,4.06,4.06,97035.27
2026-09-02 16:30:00,4.06,4.07,4.05,4.07,58016.6
2026-09-02 16:35:00,4.07,4.07,4.06,4.06,51826.05
2026-09-02 16:40:00,4.06,4.09,4.06,4.08,85226.96
2026-09-02 16:45:00,4.08,4.09,4.08,4.09,229632.78
2026-09-02 16:50:00,4.09,4.09,4.07,4.09,30494.34
2026-09-02 16:55:00,4.09,4.12,4.08,4.12,8092.67
2026-09-02 17:00:00,4.12,4.13,4.11,4.11,52916.91
2026-09-02 17:05:00,4.11,4.11,4.1,4.11,26459.17
2026-09-02 17:10:00,4.11,4.11,4.1,4.1,56332.94
2026-09-02 17:15:00,4.1,4.1,4.09,4.09,297.2
2026-09-02 17:20:00,4.09,4.11,4.09,4.1,47593.95
2026-09-02 17:25:00,4.1,4.1,4.1,4.1,27847.6
2026-09-02 17:30:00,4.1,4.12,4.1,4.12,1148.72
2026-09-02 17:35:00,4.12,4.12,4.1,4.1,47020.19
2026-09-02 17:40:00,4.1,4.1,4.07,4.08,39878.65
2026-09-02 17:45:00,4.08,4.1,4.08,4.09,29817.37
2026-09-02 17:50:00,4.09,4.09,4.08,4.09,16733.52
2026-09-02 17:55:00,4.09,4.09,4.07,4.07,1050.06
2026-09-02 18:00:00,4.07,4.08,4.07,4.08,37886.78
2026-09-02 18:05:00,4.08,4.08,4.06,4.06,29572.18
2026-09-02 18:10:00,4.06,4.08,4.06,4.08,14687.29
2026-09-02 18:15:00,4.08,4.1,4.07,4.1,13495.66
2026-09-02 18:20:00,4.1,4.11,4.09,4.09,129343.67
2026-09-02 18:25:00,4.09,4.1,4.09,4.09,37251.18
2026-09-02 18:30:00,4.09,4.1,4.07,4.07,50869.49
2026-09-02 18:35:00,4.07,4.08,4.07,4.08,45364.79
2026-09-02 18:40:00,4.08,4.08,4.06,4.06,142456.13
2026-09-02 18:45:00,4.06,4.06,4.06,4.06,33235.21
2026-09-02 18:50:00,4.06,4.07,4.05,4.07,57385.61
2026-09-02 18:55:00,4.07,4.07,4.06,4.07,30926.14
2026-09-02 19:00:00,4.07,4.07,4.06,4.07,5391.01
2026-09-02 19:05:00,4.07,4.07,4.05,4.06,12372.56
2026-09-02 19:10:00,4.06,4.08,4.06,4.08,200744.09
2026-09-02 19:15:00,4.08,4.08,4.07,4.07,3200.62
2026-09-02 19:20:00,4.07,4.08,4.04,4.04,7357.61
2026-09-02 19:25:00,4.04,4.05,4.03,4.04,34445.52
2026-09-02 19:30:00,4.04,4.04,4.03,4.03,20765.72
2026-09-02 19:35:00,4.03,4.03,4.02,4.03,38908.13
2026-09-02 19:40:00,4.03,4.03,4.02,4.03,5639.07
2026-09-02 19:45:00,4.03,4.04,4.01,4.04,65298.14
2026-09-02 19:50:00,4.04,4.04,4.03,4.04,15983.19
2026-09-02 19:55:00,4.04,4.04,4.03,4.03,137320.71
2026-09-02 20:00:00,4.03,4.05,4.03,4.04,5384.79
2026-09-02 20:05:00,4.04,4.06,4.04,4.05,9714.65
2026-09-02 20:10:00,4.05,4.06,4.02,4.03,124894.92
2026-09-02 20:15:00,4.03,4.03,4.01,4.02,6171.49
2026-09-02 20:20:00,4.02,4.03,4.01,4.03,10166.15
2026-09-02 20:25:00,4.03,4.06,4.02,4.06,29488.71
2026-09-02 20:30:00,4.06,4.06,4.04,4.04,71747.0
2026-09-02 20:35:00,4.04,4.04,4.03,4.04,79.89
2026-09-02 20:40:00,4.04,4.05,4.03,4.04,135970.85
2026-09-02 20:45:00,4.04,4.05,4.03,4.03,21450.32
2026-09-02 20:50:00,4.03,4.03,4.03,4.03,666.77
2026-09-02 20:55:00,4.03,4.04,4.03,4.03,65501.05
2026-09-02 21:00:00,4.03,4.04,4.02,4.03,53086.49
2026-09-02 21:05:00,4.03,4.04,4.03,4.03,14116.18
2026-09-02 21:10:00,4.03,4.05,4.03,4.04,35320.39
2026-09-02 21:15:00,4.04,4.05,4.04,4.04,65061.19
2026-09-02 21:20:00,4.04,4.05,4.02,4.03,37299.41
2026-09-02 21:25:00,4.03,4.05,4.03,4.04,55857.62
2026-09-02 21:30:00,4.04,4.05,4.03,4.04,56371.47
2026-09-02 21:35:00,4.04,4.05,4.03,4.05,59558.35
2026-09-02 21:40:00,4.05,4.05,4.03,4.04,103001.1
2026-09-02 21:45:00,4.04,4.05,4.03,4.03,17770.62
2026-09-02 21:50:00,4.03,4.05,4.02,4.04,175311.71
2026-09-02 21:55:00,4.04,4.06,4.04,4.05,52967.0
2026-09-02 22:00:00,4.05,4.07,4.05,4.06,13449.18
2026-09-02 22:05:00,4.06,4.07,4.06,4.06,44939.04
2026-09-02 22:10:00,4.06,4.07,4.05,4.07,58761.72
2026-09-02 22:15:00,4.07,4.09,4.07,4.07,8932.04
2026-09-02 22:20:00,4.07,4.08,4.07,4.08,108052.25
2026-09-02 22:25:00,4.08,4.1,4.08,4.09,24175.77
2026-09-02 22:30:00,4.09,4.11,4.06,4.07,74874.04
2026-09-02 22:35:00,4.07,4.07,4.06,4.06,24499.02
2026-09-02 22:40:00,4.06,4.08,4.06,4.07,61308.17
2026-09-02 22:45:00,4.07,4.09,4.06,4.08,80354.8
2026-09-02 22:50:00,4.08,4.09,4.07,4.09,53658.0
2026-09-02 22:55:00,4.09,4.09,4.07,4.08,3716.04
2026-09-02 23:00:00,4.08,4.09,4.08,4.08,108588.78
2026-09-02 23:05:00,4.08,4.08,4.08,4.08,10814.1
2026-09-02 23:10:00,4.08,4.08,4.07,4.07,112579.81
2026-09-02 23:15:00,4.07,4.09,4.07,4.07,77079.12
2026-09-02 23:20:00,4.07,4.09,4.07,4.09,36988.75
2026-09-02 23:25:00,4.09,4.1,4.08,4.1,18384.9
2026-09-02 23:30:00,4.1,4.11,4.09,4.1,100548.31
2026-09-02 23:35:00,4.1,4.11,4.09,4.09,108909.5
2026-09-02 23:40:00,4.09,4.1,4.09,4.1,29085.42
2026-09-02 23:45:00,4.1,4.11,4.09,4.09,119332.29
2026-09-02 23:50:00,4.09,4.1,4.09,4.09,81986.63
2026-09-02 23:55:00,4.09,4.1,4.08,4.09,97636.19
2026-09-03 00:00:00,4.09,4.1,4.07,4.07,176210.02
2026-09-03 00:05:00,4.07,4.07,4.05,4.06,130854.84
2026-09-03 00:10:00,4.06,4.06,4.05,4.05,9660.65
2026-09-03 00:15:00,4.05,4.06,4.04,4.04,48007.36
2026-09-03 00:20:00,4.04,4.04,4.04,4.04,34660.33
2026-09-03 00:25:00,4.04,4.04,4.03,4.04,50463.24
2026-09-03 00:30:00,4.04,4.06,4.03,4.04,65336.42
2026-09-03 00:35:00,4.04,4.05,4.04,4.04,62994.44
2026-09-03 00:40:00,4.04,4.05,4.04,4.04,48258.1
2026-09-03 00:45:00,4.04,4.04,4.03,4.04,14923.91
2026-09-03 00:50:00,4.04,4.05,4.04,4.04,64.96
2026-09-03 00:55:00,4.04,4.05,4.04,4.04,32763.63
2026-09-03 01:00:00,4.04,4.05,4.02,4.03,23639.13
2026-09-03 01:05:00,4.03,4.05,4.03,4.04,35869.94
2026-09-03 01:10:00,4.04,4.06,4.04,4.05,5366.08
2026-09-03 01:15:00,4.05,4.07,4.05,4.07,18893.58
2026-09-03 01:20:00,4.07,4.07,4.06,4.06,15434.67
2026-09-03 01:25:00,4.06,4.07,4.05,4.05,52823.12
2026-09-03 01:30:00,4.05,4.05,4.03,4.03,4010.23
2026-09-03 01:35:00,4.03,4.04,4.01,4.02,21853.54
2026-09-03 01:40:00,4.02,4.06,4.02,4.06,23664.7
2026-09-03 01:45:00,4.06,4.06,4.04,4.05,97104.27
2026-09-03 01:50:00,4.05,4.06,4.05,4.06,23839.82
2026-09-03 01:55:00,4.06,4.06,4.06,4.06,117942.12
2026-09-03 02:00:00,4.06,4.07,4.05,4.07,16164.54
2026-09-03 02:05:00,4.07,4.08,4.07,4.08,35014.14
2026-09-03 02:10:00,4.08,4.1,4.06,4.09,23686.03
2026-09-03 02:15:00,4.09,4.1,4.09,4.1,33757.67
2026-09-03 02:20:00,4.1,4.11,4.09,4.1,19933.9
2026-09-03 02:25:00,4.1,4.12,4.1,4.11,11915.44
2026-09-03 02:30:00,4.11,4.12,4.09,4.1,36473.32
2026-09-03 02:35:00,4.1,4.11,4.1,4.1,80599.3
2026-09-03 02:40:00,4.1,4.11,4.08,4.09,34864.4
2026-09-03 02:45:00,4.09,4.11,4.08,4.09,109846.2
2026-09-03 02:50:00,4.09,4.09,4.08,4.09,1169.75
2026-09-03 02:55:00,4.09,4.09,4.09,4.09,38358.92
2026-09-03 03:00:00,4.09,4.12,4.09,4.12,74367.92
2026-09-03 03:05:00,4.12,4.12,4.09,4.1,5760.92
2026-09-03 03:10:00,4.1,4.11,4.1,4.11,42394.64
2026-09-03 03:15:00,4.11,4.12,4.1,4.12,5780.74
2026-09-03 03:20:00,4.12,4.12,4.1,4.12,6235.82
2026-09-03 03:25:00,4.12,4.13,4.11,4.11,11733.9
2026-09-03 03:30:00,4.11,4.12,4.08,4.08,31545.0
