datetime,open,high,low,close,volume
2026-07-05 03:35:00,1.354,1.3552,1.3532,1.3533,74158.82
2026-07-05 03:40:00,1.3533,1.3557,1.3524,1.3546,11423.11
2026-07-05 03:45:00,1.3546,1.3566,1.3538,1.356,30363.39
2026-07-05 03:50:00,1.356,1.3586,1.3554,1.3572,43531.39
2026-07-05 03:55:00,1.3572,1.361,1.3565,1.3603,91970.36
2026-07-05 04:00:00,1.3603,1.3623,1.3595,1.362,24495.01
2026-07-05 04:05:00,1.362,1.3628,1.3614,1.3618,70381.09
2026-07-05 04:10:00,1.3618,1.3666,1.3613,1.3651,54936.47
2026-07-05 04:15:00,1.3651,1.3667,1.3639,1.3648,51213.86
2026-07-05 04:20:00,1.3648,1.3659,1.3641,1.3647,50208.78
2026-07-05 04:25:00,1.3647,1.3665,1.3637,1.3647,49923.94
2026-07-05 04:30:00,1.3647,1.3655,1.3626,1.3627,37279.09
2026-07-05 04:35:00,1.3627,1.3643,1.3619,1.3636,39764.16
2026-07-05 04:40:00,1.3636,1.364,1.3623,1.3632,35513.3
2026-07-05 04:45:00,1.3632,1.3635,1.3628,1.3633,7321.27
2026-07-05 04:50:00,1.3633,1.3636,1.36,1.3608,3474.22
2026-07-05 04:55:00,1.3608,1.3625,1.3595,1.3619,44324.43
2026-07-05 05:00:00,1.3619,1.3619,1.3595,1.3608,19511.05
2026-07-05 05:05:00,1.3608,1.3616,1.3599,1.3604,54036.47
2026-07-05 05:10:00,1.3604,1.362,1.3594,1.3602,42243.19
2026-07-05 05:15:00,1.3602,1.3608,1.3595,1.36,29634.09
2026-07-05 05:20:00,1.36,1.3601,1.3557,1.3565,9008.77
2026-07-05 05:25:00,1.3565,1.3573,1.3564,1.3567,3534.38
2026-07-05 05:30:00,1.3567,1.357,1.3548,1.3553,22239.7
2026-07-05 05:35:00,1.3553,1.3558,1.3543,1.3556,2569.55
2026-07-05 05:40:00,1.3556,1.3565,1.355,1.3558,41923.06
2026-07-05 05:45:00,1.3558,1.3565,1.3549,1.3557,35471.42
2026-07-05 05:50:00,1.3557,1.357,1.3554,1.3563,6230.34
2026-07-05 05:55:00,1.3563,1.3584,1.3523,1.3542,51883.5
2026-07-05 06:00:00,1.3542,1.3579,1.3526,1.3565,40171.17
2026-07-05 06:05:00,1.3565,1.3617,1.3557,1.3598,49012.57
2026-07-05 06:10:00,1.3598,1.3598,1.3589,1.3594,35126.16
2026-07-05 06:15:00,1.3594,1.3597,1.3579,1.3588,35897.65
2026-07-05 06:20:00,1.3588,1.36,1.3568,1.3595,108985.84
2026-07-05 06:25:00,1.3595,1.3602,1.3583,1.3599,151801.48
2026-07-05 06:30:00,1.3599,1.3615,1.3583,1.3604,59230.14
2026-07-05 06:35:00,1.3604,1.3616,1.3597,1.361,22705.86
2026-07-05 06:40:00,1.361,1.3629,1.3603,1.3625,22107.83
2026-07-05 06:45:00,1.3625,1.3628,1.3623,1.3627,66250.13
2026-07-05 06:50:00,1.3627,1.3656,1.3626,1.3652,854.05
2026-07-05 06:55:00,1.3652,1.3671,1.3638,1.3649,17178.02
2026-07-05 07:00:00,1.3649,1.3652,1.363,1.3637,115099.93
2026-07-05 07:05:00,1.3637,1.3673,1.3637,1.3662,41921.42
2026-07-05 07:10:00,1.3662,1.3681,1.3661,1.3662,15685.17
2026-07-05 07:15:00,1.3662,1.3662,1.3635,1.3646,11367.66
2026-07-05 07:20:00,1.3646,1.3649,1.3624,1.3629,43292.83
2026-07-05 07:25:00,1.3629,1.3629,1.3607,1.3618,25357.08
2026-07-05 07:30:00,1.3618,1.3642,1.36,1.3624,10374.38
2026-07-05 07:35:00,1.3624,1.3627,1.3592,1.3606,57349.0
2026-07-05 07:40:00,1.3606,1.3629,1.3598,1.362,21637.92
2026-07-05 07:45:00,1.362,1.3628,1.3586,1.3609,67585.65
2026-07-05 07:50:00,1.3609,1.3623,1.3595,1.3603,24152.81
2026-07-05 07:55:00,1.3603,1.3618,1.3583,1.3612,33514.15
2026-07-05 08:00:00,1.3612,1.3633,1.3612,1.3619,66172.02
2026-07-05 08:05:00,1.3619,1.3621,1.3602,1.3611,66137.04
2026-07-05 08:10:00,1.3611,1.3616,1.3603,1.3605,124564.24
2026-07-05 08:15:00,1.3605,1.3611,1.36,1.3607,21821.54
2026-07-05 08:20:00,1.3607,1.3609,1.3589,1.3593,46446.97
2026-07-05 08:25:00,1.3593,1.3595,1.3582,1.3584,97714.31
2026-07-05 08:30:00,1.3584,1.3602,1.3569,1.3594,44930.66
2026-07-05 08:35:00,1.3594,1.3601,1.3576,1.3581,297.54
2026-07-05 08:40:00,1.3581,1.3583,1.3574,1.3579,108164.7
2026-07-05 08:45:00,1.3579,1.3591,1.3574,1.3575,41075.73
2026-07-05 08:50:00,1.3575,1.3604,1.3571,1.3591,134749.46
2026-07-05 08:55:00,1.3591,1.3598,1.3571,1.3585,81179.05
2026-07-05 09:00:00,1.3585,1.3596,1.3573,1.3594,7722.42
2026-07-05 09:05:00,1.3594,1.3626,1.3583,1.3618,3518.27
2026-07-05 09:10:00,1.3618,1.3626,1.3614,1.3625,65676.66
2026-07-05 09:15:00,1.3625,1.3643,1.361,1.3611,12514.74
2026-07-05 09:20:00,1.3611,1.3636,1.3606,1.3631,192827.41
2026-07-05 09:25:00,1.3631,1.3632,1.3622,1.3629,93854.5
2026-07-05 09:30:00,1.3629,1.366,1.3623,1.3635,76288.38
2026-07-05 09:35:00,1.3635,1.3664,1.3623,1.3651,155105.18
2026-07-05 09:40:00,1.3651,1.3676,1.3643,1.3672,47801.48
2026-07-05 09:45:00,1.3672,1.3715,1.3638,1.3704,11418.64
2026-07-05 09:50:00,1.3704,1.3737,1.3662,1.3668,307910.29
2026-07-05 09:55:00,1.3668,1.3695,1.3627,1.3631,122350.27
2026-07-05 10:00:00,1.3631,1.3651,1.3575,1.3579,87599.01
2026-07-05 10:05:00,1.3579,1.3594,1.357,1.3583,37640.95
2026-07-05 10:10:00,1.3583,1.3588,1.356,1.3565,25727.54
2026-07-05 10:15:00,1.3565,1.3568,1.3554,1.3565,56052.06
2026-07-05 10:20:00,1.3565,1.3578,1.3555,1.3575,6105.72
2026-07-05 10:25:00,1.3575,1.3587,1.3541,1.3551,37424.93
2026-07-05 10:30:00,1.3551,1.356,1.3539,1.3548,57581.7
2026-07-05 10:35:00,1.3548,1.3581,1.3487,1.3576,559578.22
2026-07-05 10:40:00,1.3576,1.3579,1.3552,1.3566,39836.03
2026-07-05 10:45:00,1.3566,1.3576,1.3561,1.3574,51296.78
2026-07-05 10:50:00,1.3574,1.3585,1.3564,1.357,3210.51
2026-07-05 10:55:00,1.357,1.3579,1.3556,1.3566,11845.12
2026-07-05 11:00:00,1.3566,1.3579,1.3561,1.3574,133365.52
2026-07-05 11:05:00,1.3574,1.3592,1.357,1.3585,98413.53
2026-07-05 11:10:00,1.3585,1.3588,1.3554,1.3555,106306.2
2026-07-05 11:15:00,1.3555,1.3586,1.3552,1.3583,8191.69
2026-07-05 11:20:00,1.3583,1.3586,1.3545,1.3576,7160.91
2026-07-05 11:25:00,1.3576,1.3594,1.3565,1.3594,91346.51
2026-07-05 11:30:00,1.3594,1.3598,1.3586,1.3591,5410.26
2026-07-05 11:35:00,1.3591,1.3605,1.359,1.3601,1114.63
2026-07-05 11:40:00,1.3601,1.3616,1.3587,1.3612,5939.02
2026-07-05 11:45:00,1.3612,1.3635,1.3608,1.3628,2177.95
2026-07-05 11:50:00,1.3628,1.3639,1.3621,1.3624,1507.59
2026-07-05 11:55:00,1.3624,1.3647,1.3621,1.3634,27478.15
2026-07-05 12:00:00,1.3634,1.3643,1.363,1.3631,78724.42
2026-07-05 12:05:00,1.3631,1.3646,1.3614,1.3628,332.93
2026-07-05 12:10:00,1.3628,1.3641,1.362,1.3638,11868.41
2026-07-05 12:15:00,1.3638,1.3642,1.363,1.3641,6818.13
2026-07-05 12:20:00,1.3641,1.3675,1.3638,1.3654,510.65
2026-07-05 12:25:00,1.3654,1.3685,1.3649,1.3679,26902.29
2026-07-05 12:30:00,1.3679,1.3691,1.3663,1.3673,49873.35
2026-07-05 12:35:00,1.3673,1.3681,1.3671,1.368,1519.27
2026-07-05 12:40:00,1.368,1.3735,1.3658,1.3667,742834.72
2026-07-05 12:45:00,1.3667,1.3694,1.3659,1.3687,26700.95
2026-07-05 12:50:00,1.3687,1.369,1.3655,1.3666,35627.42
2026-07-05 12:55:00,1.3666,1.368,1.3659,1.3676,9421.48
2026-07-05 13:00:00,1.3676,1.368,1.3663,1.3664,37558.21
2026-07-05 13:05:00,1.3664,1.3672,1.3661,1.367,194892.75
2026-07-05 13:10:00,1.367,1.3685,1.3665,1.3679,22599.58
2026-07-05 13:15:00,1.3679,1.3717,1.3636,1.3645,155310.36
2026-07-05 13:20:00,1.3645,1.3671,1.364,1.3663,234473.17
2026-07-05 13:25:00,1.3663,1.3666,1.363,1.3632,63751.42
2026-07-05 13:30:00,1.3632,1.3649,1.3629,1.3647,61342.21
2026-07-05 13:35:00,1.3647,1.3672,1.3639,1.3657,37755.82
2026-07-05 13:40:00,1.3657,1.3685,1.3627,1.3642,20994.71
2026-07-05 13:45:00,1.3642,1.3651,1.3634,1.3639,7708.45
2026-07-05 13:50:00,1.3639,1.3645,1.3629,1.3638,93971.51
2026-07-05 13:55:00,1.3638,1.3641,1.3623,1.3631,9709.65
2026-07-05 14:00:00,1.3631,1.3638,1.3598,1.3609,52650.5
2026-07-05 14:05:00,1.3609,1.3625,1.3585,1.3592,22296.44
2026-07-05 14:10:00,1.3592,1.3593,1.3587,1.3591,7545.08
2026-07-05 14:15:00,1.3591,1.3601,1.3588,1.3598,153631.51
2026-07-05 14:20:00,1.3598,1.3642,1.3588,1.3629,194006.91
2026-07-05 14:25:00,1.3629,1.3651,1.3614,1.3641,36846.78
2026-07-05 14:30:00,1.3641,1.3648,1.3607,1.3613,26023.81
2026-07-05 14:35:00,1.3613,1.3617,1.3603,1.3612,62435.91
2026-07-05 14:40:00,1.3612,1.3623,1.3599,1.362,18684.81
2026-07-05 14:45:00,1.362,1.3625,1.3608,1.3624,24743.48
2026-07-05 14:50:00,1.3624,1.3631,1.3597,1.3615,18507.07
2026-07-05 14:55:00,1.3615,1.3623,1.3589,1.3609,5203.61
2026-07-05 15:00:00,1.3609,1.3623,1.3599,1.3609,32026.46
2026-07-05 15:05:00,1.3609,1.3613,1.3599,1.3611,39760.47
2026-07-05 15:10:00,1.3611,1.3619,1.3595,1.3606,37476.76
2026-07-05 15:15:00,1.3606,1.3609,1.3576,1.3579,152865.85
2026-07-05 15:20:00,1.3579,1.3598,1.3549,1.3555,79444.68
2026-07-05 15:25:00,1.3555,1.3572,1.355,1.3568,14416.71
2026-07-05 15:30:00,1.3568,1.36,1.3509,1.3587,65883.65
2026-07-05 15:35:00,1.3587,1.3618,1.358,1.3617,63474.12
2026-07-05 15:40:00,1.3617,1.3637,1.3607,1.3626,39562.65
2026-07-05 15:45:00,1.3626,1.3637,1.3611,1.362,9728.53
2026-07-05 15:50:00,1.362,1.3633,1.3608,1.3624,121245.56
2026-07-05 15:55:00,1.3624,1.3625,1.3599,1.362,7869.78
2026-07-05 16:00:00,1.362,1.3629,1.3592,1.36,27543.3
2026-07-05 16:05:00,1.36,1.3609,1.3595,1.3603,3621.0
2026-07-05 16:10:00,1.3603,1.3613,1.3556,1.3563,152189.49
2026-07-05 16:15:00,1.3563,1.3572,1.3557,1.3559,4304.1
2026-07-05 16:20:00,1.3559,1.3569,1.3507,1.3533,76892.06
2026-07-05 16:25:00,1.3533,1.3584,1.3491,1.3573,83235.87
2026-07-05 16:30:00,1.3573,1.3612,1.3552,1.3608,132708.77
2026-07-05 16:35:00,1.3608,1.3609,1.36,1.3607,39078.21
2026-07-05 16:40:00,1.3607,1.3629,1.3585,1.3598,8414.36
2026-07-05 16:45:00,1.3598,1.3601,1.3594,1.36,27641.58
2026-07-05 16:50:00,1.36,1.3602,1.3579,1.3583,25823.47
2026-07-05 16:55:00,1.3583,1.3591,1.3565,1.3589,65230.47
2026-07-05 17:00:00,1.3589,1.3602,1.3576,1.3588,28218.61
2026-07-05 17:05:00,1.3588,1.3594,1.3563,1.3575,45716.0
2026-07-05 17:10:00,1.3575,1.3602,1.3565,1.3602,8918.61
2026-07-05 17:15:00,1.3602,1.3609,1.3576,1.359,38693.42
2026-07-05 17:20:00,1.359,1.3603,1.3585,1.359,69778.12
2026-07-05 17:25:00,1.359,1.3596,1.3581,1.3587,30565.23
2026-07-05 17:30:00,1.3587,1.3595,1.3564,1.3586,93411.02
2026-07-05 17:35:00,1.3586,1.3615,1.3585,1.3611,8427.97
2026-07-05 17:40:00,1.3611,1.3655,1.3597,1.3635,53542.32
2026-07-05 17:45:00,1.3635,1.3635,1.363,1.3635,114662.99
2026-07-05 17:50:00,1.3635,1.3636,1.3615,1.3626,134664.74
2026-07-05 17:55:00,1.3626,1.3626,1.361,1.3614,32010.2
2026-07-05 18:00:00,1.3614,1.3623,1.3549,1.3553,98064.07
2026-07-05 18:05:00,1.3553,1.3577,1.3545,1.3575,49783.58
2026-07-05 18:10:00,1.3575,1.3582,1.3574,1.3576,74926.64
2026-07-05 18:15:00,1.3576,1.3585,1.3544,1.356,20297.47
2026-07-05 18:20:00,1.356,1.3571,1.355,1.356,93142.79
2026-07-05 18:25:00,1.356,1.3585,1.3555,1.3565,48211.77
2026-07-05 18:30:00,1.3565,1.3602,1.3511,1.3594,51314.05
2026-07-05 18:35:00,1.3594,1.363,1.3582,1.3626,40288.62
2026-07-05 18:40:00,1.3626,1.3634,1.3614,1.3626,1529.86
2026-07-05 18:45:00,1.3626,1.3642,1.3622,1.3637,21514.57
2026-07-05 18:50:00,1.3637,1.3638,1.3608,1.3624,17640.31
2026-07-05 18:55:00,1.3624,1.3645,1.362,1.3643,18806.67
2026-07-05 19:00:00,1.3643,1.3658,1.3643,1.3643,20194.48
2026-07-05 19:05:00,1.3643,1.3654,1.3627,1.3637,18960.68
2026-07-05 19:10:00,1.3637,1.3654,1.3613,1.3623,1425.92
2026-07-05 19:15:00,1.3623,1.3633,1.3605,1.3618,42915.39
2026-07-05 19:20:00,1.3618,1.3626,1.3612,1.3624,117921.35
2026-07-05 19:25:00,1.3624,1.3635,1.3617,1.3622,18449.11
2026-07-05 19:30:00,1.3622,1.3629,1.3614,1.3622,104780.3
2026-07-05 19:35:00,1.3622,1.3671,1.3572,1.3586,112280.8
2026-07-05 19:40:00,1.3586,1.361,1.3575,1.361,18470.82
2026-07-05 19:45:00,1.361,1.363,1.3605,1.3627,10593.05
2026-07-05 19:50:00,1.3627,1.3635,1.3602,1.3617,49336.55
2026-07-05 19:55:00,1.3617,1.3663,1.3595,1.3604,276886.37
2026-07-05 20:00:00,1.3604,1.3612,1.3577,1.3584,7786.63
2026-07-05 20:05:00,1.3584,1.3588,1.3566,1.3568,9438.92
2026-07-05 20:10:00,1.3568,1.3576,1.3555,1.3561,32140.91
2026-07-05 20:15:00,1.3561,1.3588,1.3555,1.3585,39243.56
2026-07-05 20:20:00,1.3585,1.3593,1.3576,1.3578,17016.6
2026-07-05 20:25:00,1.3578,1.3597,1.3571,1.3596,2896.91
2026-07-05 20:30:00,1.3596,1.362,1.3592,1.361,35768.79
2026-07-05 20:35:00,1.361,1.3646,1.3607,1.3622,10898.74
2026-07-05 20:40:00,1.3622,1.3639,1.3596,1.3604,51515.16
2026-07-05 20:45:00,1.3604,1.3606,1.3588,1.3592,9658.77
2026-07-05 20:50:00,1.3592,1.3606,1.3566,1.3567,14739.6
2026-07-05 20:55:00,1.3567,1.3588,1.356,1.3564,38944.56
2026-07-05 21:00:00,1.3564,1.3575,1.3563,1.3571,68211.31
2026-07-05 21:05:00,1.3571,1.3592,1.3558,1.3578,6730.83
2026-07-05 21:10:00,1.3578,1.3589,1.3551,1.3557,114507.65
2026-07-05 21:15:00,1.3557,1.3594,1.3552,1.358,32451.8
2026-07-05 21:20:00,1.358,1.3618,1.3566,1.3607,28891.79
2026-07-05 21:25:00,1.3607,1.3609,1.3599,1.3603,26934.51
2026-07-05 21:30:00,1.3603,1.3613,1.359,1.3612,118699.14
2026-07-05 21:35:00,1.3612,1.3663,1.3611,1.3643,81059.55
2026-07-05 21:40:00,1.3643,1.3668,1.362,1.3632,168051.9
2026-07-05 21:45:00,1.3632,1.3687,1.3594,1.3606,45794.38
2026-07-05 21:50:00,1.3606,1.3609,1.3588,1.3592,3367.29
2026-07-05 21:55:00,1.3592,1.3602,1.3558,1.3568,15360.8
2026-07-05 22:00:00,1.3568,1.357,1.3547,1.3555,98878.21
2026-07-05 22:05:00,1.3555,1.359,1.355,1.3568,26368.1
2026-07-05 22:10:00,1.3568,1.3591,1.356,1.3583,35648.62
2026-07-05 22:15:00,1.3583,1.3614,1.358,1.361,65850.78
2026-07-05 22:20:00,1.361,1.3633,1.3603,1.3627,51270.8
2026-07-05 22:25:00,1.3627,1.3658,1.3581,1.3594,159733.02
2026-07-05 22:30:00,1.3594,1.3598,1.3564,1.358,145151.52
2026-07-05 22:35:00,1.358,1.359,1.3576,1.3585,85770.51
2026-07-05 22:40:00,1.3585,1.3597,1.3575,1.3597,22173.09
2026-07-05 22:45:00,1.3597,1.3642,1.3581,1.3633,114625.7
2026-07-05 22:50:00,1.3633,1.3655,1.3596,1.3608,179124.23
2026-07-05 22:55:00,1.3608,1.3612,1.3592,1.3612,87991.44
2026-07-05 23:00:00,1.3612,1.3633,1.3601,1.3627,14876.03
2026-07-05 23:05:00,1.3627,1.3633,1.3617,1.3627,91796.14
2026-07-05 23:10:00,1.3627,1.3683,1.3591,1.3605,348516.59
2026-07-05 23:15:00,1.3605,1.3637,1.3594,1.3626,480.31
2026-07-05 23:20:00,1.3626,1.3636,1.3604,1.3614,143419.85
2026-07-05 23:25:00,1.3614,1.3645,1.3613,1.3627,3517.46
2026-07-05 23:30:00,1.3627,1.3648,1.3627,1.3642,14983.4
2026-07-05 23:35:00,1.3642,1.3656,1.3634,1.3641,57472.95
2026-07-05 23:40:00,1.3641,1.3651,1.3635,1.3651,22525.83
2026-07-05 23:45:00,1.3651,1.3698,1.3616,1.3624,200284.34
2026-07-05 23:50:00,1.3624,1.3657,1.3617,1.3645,29036.95
2026-07-05 23:55:00,1.3645,1.3657,1.3636,1.3656,147848.34
2026-07-06 00:00:00,1.3656,1.3667,1.3653,1.3665,55659.39
2026-07-06 00:05:00,1.3665,1.3681,1.3664,1.3664,82079.08
2026-07-06 00:10:00,1.3664,1.3719,1.3613,1.3625,319821.96
2026-07-06 00:15:00,1.3625,1.3677,1.358,1.3587,37330.6
2026-07-06 00:20:00,1.3587,1.3596,1.3586,1.3595,29287.35
2026-07-06 00:25:00,1.3595,1.3614,1.3587,1.3602,22601.17
2026-07-06 00:30:00,1.3602,1.3603,1.3586,1.3591,18008.4
2026-07-06 00:35:00,1.3591,1.3604,1.3589,1.3594,1538.83
2026-07-06 00:40:00,1.3594,1.3613,1.3556,1.3568,119767.48
2026-07-06 00:45:00,1.3568,1.3598,1.3554,1.359,13189.32
2026-07-06 00:50:00,1.359,1.3598,1.355,1.3579,29907.34
2026-07-06 00:55:00,1.3579,1.3588,1.3554,1.3555,29693.88
2026-07-06 01:00:00,1.3555,1.3564,1.3535,1.3559,27557.36
2026-07-06 01:05:00,1.3559,1.3603,1.3508,1.3597,385793.66
2026-07-06 01:10:00,1.3597,1.3609,1.3577,1.3593,127631.11
2026-07-06 01:15:00,1.3593,1.3597,1.3564,1.3592,79142.66
2026-07-06 01:20:00,1.3592,1.361,1.3588,1.3597,215.0
2026-07-06 01:25:00,1.3597,1.3618,1.3582,1.3606,8960.55
2026-07-06 01:30:00,1.3606,1.3625,1.36,1.3617,38360.12
2026-07-06 01:35:00,1.3617,1.3631,1.3615,1.3626,2130.89
2026-07-06 01:40:00,1.3626,1.3648,1.3584,1.359,494437.9
2026-07-06 01:45:00,1.359,1.3616,1.3587,1.3606,34394.42
2026-07-06 01:50:00,1.3606,1.361,1.36,1.3608,100384.01
2026-07-06 01:55:00,1.3608,1.3618,1.3592,1.3597,21860.88
2026-07-06 02:00:00,1.3597,1.36,1.3591,1.3598,113219.27
2026-07-06 02:05:00,1.3598,1.3602,1.3594,1.3596,35594.28
2026-07-06 02:10:00,1.3596,1.3607,1.3583,1.3602,198391.19
2026-07-06 02:15:00,1.3602,1.3638,1.3597,1.3626,13001.78
2026-07-06 02:20:00,1.3626,1.3669,1.3608,1.3613,156924.49
2026-07-06 02:25:00,1.3613,1.3614,1.36,1.3601,19107.41
2026-07-06 02:30:00,1.3601,1.3604,1.3578,1.3583,25975.78
2026-07-06 02:35:00,1.3583,1.3586,1.3551,1.3557,29628.85
2026-07-06 02:40:00,1.3557,1.3591,1.3528,1.3583,24440.17
2026-07-06 02:45:00,1.3583,1.3587,1.3548,1.3561,4878.48
2026-07-06 02:50:00,1.3561,1.3582,1.3553,1.3573,11758.09
2026-07-06 02:55:00,1.3573,1.3587,1.3544,1.3563,9808.55
2026-07-06 03:00:00,1.3563,1.357,1.3552,1.356,56136.68
2026-07-06 03:05:00,1.356,1.356,1.3528,1.3534,2435.94
2026-07-06 03:10:00,1.3534,1.3534,1.3523,1.3527,10408.08
2026-07-06 03:15:00,1.3527,1.3537,1.3527,1.3534,109751.04
2026-07-06 03:20:00,1.3534,1.3574,1.3531,1.3562,12974.79
2026-07-06 03:25:00,1.3562,1.3565,1.3521,1.3537,66261.88
2026-07-06 03:30:00,1.3537,1.3587,1.3511,1.3573,77080.43
2026-07-06 03:35:00,1.3573,1.3575,1.3567,1.357,33506.58
2026-07-06 03:40:00,1.357,1.3578,1.357,1.3575,152053.6
2026-07-06 03:45:00,1.3575,1.3581,1.3551,1.3555,88533.93
2026-07-06 03:50:00,1.3555,1.3572,1.3554,1.3565,80657.11
2026-07-06 03:55:00,1.3565,1.357,1.3551,1.3557,30040.5
2026-07-06 04:00:00,1.3557,1.3579,1.353,1.3544,19035.97
2026-07-06 04:05:00,1.3544,1.3552,1.3531,1.3533,35370.78
2026-07-06 04:10:00,1.3533,1.3557,1.3511,1.3551,42191.83
2026-07-06 04:15:00,1.3551,1.3565,1.3527,1.3531,40753.98
2026-07-06 04:20:00,1.3531,1.3535,1.3501,1.3507,3979.16
2026-07-06 04:25:00,1.3507,1.3532,1.3503,1.3527,133173.16
2026-07-06 04:30:00,1.3527,1.3545,1.3481,1.3538,80393.59
2026-07-06 04:35:00,1.3538,1.3576,1.3489,1.357,253511.97
2026-07-06 04:40:00,1.357,1.3599,1.3558,1.3584,9622.62
2026-07-06 04:45:00,1.3584,1.3593,1.358,1.359,26215.26
2026-07-06 04:50:00,1.359,1.3611,1.3585,1.3607,1031.19
2026-07-06 04:55:00,1.3607,1.361,1.3592,1.3598,16465.66
2026-07-06 05:00:00,1.3598,1.3625,1.3594,1.3622,22959.15
2026-07-06 05:05:00,1.3622,1.3631,1.3617,1.3631,1074.87
2026-07-06 05:10:00,1.3631,1.3638,1.3619,1.3625,18769.46
2026-07-06 05:15:00,1.3625,1.3635,1.3616,1.3621,23879.3
2026-07-06 05:20:00,1.3621,1.3642,1.3616,1.3634,39462.76
2026-07-06 05:25:00,1.3634,1.3645,1.3618,1.3629,80237.08
2026-07-06 05:30:00,1.3629,1.3646,1.3593,1.3602,2046.93
2026-07-06 05:35:00,1.3602,1.3622,1.3599,1.3613,94151.18
2026-07-06 05:40:00,1.3613,1.363,1.36,1.3624,38695.37
2026-07-06 05:45:00,1.3624,1.3633,1.3618,1.3628,99653.33
2026-07-06 05:50:00,1.3628,1.3634,1.3607,1.361,181088.86
2026-07-06 05:55:00,1.361,1.3629,1.3601,1.3628,94091.66
2026-07-06 06:00:00,1.3628,1.3635,1.3605,1.3608,57686.48
2026-07-06 06:05:00,1.3608,1.3629,1.359,1.3601,162.25
2026-07-06 06:10:00,1.3601,1.3621,1.3598,1.362,119856.77
2026-07-06 06:15:00,1.362,1.3627,1.3573,1.358,17356.48
2026-07-06 06:20:00,1.358,1.3626,1.357,1.3608,87540.26
2026-07-06 06:25:00,1.3608,1.3627,1.3599,1.3613,25692.04
2026-07-06 06:30:00,1.3613,1.3635,1.36,1.3631,37723.73
2026-07-06 06:35:00,1.3631,1.3635,1.3624,1.3625,54107.28
2026-07-06 06:40:00,1.3625,1.3631,1.3617,1.3626,19722.7
2026-07-06 06:45:00,1.3626,1.3657,1.3624,1.3647,1357.83
2026-07-06 06:50:00,1.3647,1.3675,1.3621,1.3633,551914.4
2026-07-06 06:55:00,1.3633,1.3635,1.3609,1.3613,172889.07
2026-07-06 07:00:00,1.3613,1.3628,1.3612,1.3619,90936.31
2026-07-06 07:05:00,1.3619,1.364,1.3609,1.3634,20990.82
2026-07-06 07:10:00,1.3634,1.3647,1.3633,1.3646,181759.81
2026-07-06 07:15:00,1.3646,1.3687,1.3645,1.3666,97668.77
2026-07-06 07:20:00,1.3666,1.3707,1.3641,1.3645,92175.25
2026-07-06 07:25:00,1.3645,1.3646,1.3628,1.3636,1475.76
2026-07-06 07:30:00,1.3636,1.366,1.3607,1.3609,77103.8
2026-07-06 07:35:00,1.3609,1.3625,1.3598,1.3618,118831.77
2026-07-06 07:40:00,1.3618,1.3632,1.3601,1.3601,28896.87
2026-07-06 07:45:00,1.3601,1.3601,1.3579,1.3597,15318.8
2026-07-06 07:50:00,1.3597,1.3599,1.3583,1.3584,13456.28
2026-07-06 07:55:00,1.3584,1.3619,1.3569,1.3609,89418.37
2026-07-06 08:00:00,1.3609,1.363,1.3599,1.3605,19262.07
2026-07-06 08:05:00,1.3605,1.3617,1.3593,1.3609,68334.68
2026-07-06 08:10:00,1.3609,1.3618,1.3597,1.3598,23400.99
2026-07-06 08:15:00,1.3598,1.3618,1.3586,1.3606,7890.35
2026-07-06 08:20:00,1.3606,1.3611,1.3602,1.3605,7213.63
2026-07-06 08:25:00,1.3605,1.3615,1.3586,1.3605,120398.82
2026-07-06 08:30:00,1.3605,1.3626,1.3595,1.3611,59536.35
2026-07-06 08:35:00,1.3611,1.3632,1.3602,1.3623,56663.23
2026-07-06 08:40:00,1.3623,1.3625,1.3578,1.3579,3072.09
2026-07-06 08:45:00,1.3579,1.3592,1.3573,1.3577,1417.43
2026-07-06 08:50:00,1.3577,1.3599,1.3565,1.3584,76213.17
2026-07-06 08:55:00,1.3584,1.3623,1.358,1.3613,18154.29
2026-07-06 09:00:00,1.3613,1.3629,1.3588,1.3594,13605.48
2026-07-06 09:05:00,1.3594,1.3601,1.3578,1.358,47083.66
2026-07-06 09:10:00,1.358,1.358,1.3561,1.3562,5332.64
2026-07-06 09:15:00,1.3562,1.3571,1.3534,1.3539,145511.67
2026-07-06 09:20:00,1.3539,1.3549,1.3524,1.3524,38799.07
2026-07-06 09:25:00,1.3524,1.3541,1.3524,1.3535,3330.18
2026-07-06 09:30:00,1.3535,1.3547,1.353,1.3538,34345.8
2026-07-06 09:35:00,1.3538,1.3559,1.3522,1.355,145326.54
2026-07-06 09:40:00,1.355,1.356,1.3535,1.3551,69873.03
2026-07-06 09:45:00,1.3551,1.3569,1.355,1.3568,1330.14
2026-07-06 09:50:00,1.3568,1.3596,1.3567,1.359,17497.47
2026-07-06 09:55:00,1.359,1.3618,1.3583,1.3606,352603.98
2026-07-06 10:00:00,1.3606,1.3621,1.3588,1.3613,8961.53
2026-07-06 10:05:00,1.3613,1.3625,1.3603,1.3606,72189.96
2026-07-06 10:10:00,1.3606,1.3607,1.3579,1.359,39395.91
2026-07-06 10:15:00,1.359,1.3617,1.3578,1.3598,2252.92
2026-07-06 10:20:00,1.3598,1.3599,1.3582,1.3586,85002.83
2026-07-06 10:25:00,1.3586,1.3594,1.3584,1.3585,41317.57
2026-07-06 10:30:00,1.3585,1.3591,1.3569,1.3572,12521.26
2026-07-06 10:35:00,1.3572,1.3575,1.3564,1.3565,2225.13
2026-07-06 10:40:00,1.3565,1.359,1.3562,1.3579,109310.59
2026-07-06 10:45:00,1.3579,1.3602,1.3578,1.3595,24429.36
2026-07-06 10:50:00,1.3595,1.3611,1.3586,1.3588,84783.74
2026-07-06 10:55:00,1.3588,1.362,1.3586,1.36,10627.29
2026-07-06 11:00:00,1.36,1.3613,1.3589,1.359,59090.88
2026-07-06 11:05:00,1.359,1.3607,1.3582,1.3582,5652.46
2026-07-06 11:10:00,1.3582,1.36,1.3577,1.3593,35518.33
2026-07-06 11:15:00,1.3593,1.361,1.3577,1.3588,186160.77
2026-07-06 11:20:00,1.3588,1.3592,1.3566,1.357,43483.82
2026-07-06 11:25:00,1.357,1.3587,1.3556,1.3584,88508.7
2026-07-06 11:30:00,1.3584,1.359,1.3577,1.3588,30966.8
2026-07-06 11:35:00,1.3588,1.3605,1.3587,1.3592,18015.65
2026-07-06 11:40:00,1.3592,1.3628,1.3582,1.3607,70537.23
2026-07-06 11:45:00,1.3607,1.3624,1.36,1.3621,81206.88
2026-07-06 11:50:00,1.3621,1.3636,1.3596,1.3597,15672.78
2026-07-06 11:55:00,1.3597,1.3599,1.3579,1.3581,930.82
2026-07-06 12:00:00,1.3581,1.3608,1.3581,1.36,3258.51
2026-07-06 12:05:00,1.36,1.3642,1.3577,1.3584,316263.58
2026-07-06 12:10:00,1.3584,1.3593,1.3563,1.3567,51081.39
2026-07-06 12:15:00,1.3567,1.357,1.3531,1.3534,40336.21
2026-07-06 12:20:00,1.3534,1.3534,1.3526,1.3528,3614.4
2026-07-06 12:25:00,1.3528,1.3567,1.3505,1.3559,104505.21
2026-07-06 12:30:00,1.3559,1.3576,1.3548,1.3549,22309.57
2026-07-06 12:35:00,1.3549,1.3557,1.3534,1.3537,83185.45
2026-07-06 12:40:00,1.3537,1.3566,1.3514,1.3558,29768.23
2026-07-06 12:45:00,1.3558,1.3565,1.3533,1.3544,39184.62
2026-07-06 12:50:00,1.3544,1.356,1.353,1.3536,48531.78
2026-07-06 12:55:00,1.3536,1.3541,1.3519,1.3529,160823.92
2026-07-06 13:00:00,1.3529,1.3541,1.35,1.3515,149980.94
2026-07-06 13:05:00,1.3515,1.3519,1.3488,1.3498,136640.95
2026-07-06 13:10:00,1.3498,1.3524,1.3491,1.3518,38756.88
2026-07-06 13:15:00,1.3518,1.3557,1.3515,1.3544,43072.46
2026-07-06 13:20:00,1.3544,1.3555,1.3537,1.3551,15641.29
2026-07-06 13:25:00,1.3551,1.3563,1.3546,1.3549,2790.26
2026-07-06 13:30:00,1.3549,1.3562,1.3545,1.3558,7638.17
2026-07-06 13:35:00,1.3558,1.3567,1.3549,1.3553,105229.32
2026-07-06 13:40:00,1.3553,1.3554,1.354,1.3549,9263.1
2026-07-06 13:45:00,1.3549,1.3589,1.351,1.358,551026.46
2026-07-06 13:50:00,1.358,1.3593,1.3552,1.3567,4419.77
2026-07-06 13:55:00,1.3567,1.3575,1.3533,1.3544,113476.74
2026-07-06 14:00:00,1.3544,1.3563,1.3539,1.3559,51000.79
2026-07-06 14:05:00,1.3559,1.3562,1.3522,1.3532,23137.65
2026-07-06 14:10:00,1.3532,1.3535,1.349,1.3493,872.76
2026-07-06 14:15:00,1.3493,1.3517,1.3445,1.3506,135218.62
2026-07-06 14:20:00,1.3506,1.351,1.3486,1.3501,52967.86
2026-07-06 14:25:00,1.3501,1.352,1.3479,1.3513,2702.86
2026-07-06 14:30:00,1.3513,1.3557,1.3483,1.3551,65690.13
2026-07-06 14:35:00,1.3551,1.3555,1.3533,1.3546,56738.97
2026-07-06 14:40:00,1.3546,1.3576,1.3493,1.357,34397.72
2026-07-06 14:45:00,1.357,1.3587,1.3566,1.3585,17082.77
2026-07-06 14:50:00,1.3585,1.3589,1.3577,1.358,25848.38
2026-07-06 14:55:00,1.358,1.3608,1.3548,1.3549,3892.49
2026-07-06 15:00:00,1.3549,1.3559,1.353,1.3536,68448.31
2026-07-06 15:05:00,1.3536,1.3543,1.3493,1.352,24462.65
2026-07-06 15:10:00,1.352,1.3538,1.3515,1.353,149727.38
2026-07-06 15:15:00,1.353,1.3552,1.3476,1.3545,192848.29
2026-07-06 15:20:00,1.3545,1.3588,1.3495,1.3579,178215.42
2026-07-06 15:25:00,1.3579,1.3593,1.3569,1.3588,35575.52
2026-07-06 15:30:00,1.3588,1.3597,1.3577,1.3577,3601.29
2026-07-06 15:35:00,1.3577,1.3593,1.3577,1.3585,81753.66
2026-07-06 15:40:00,1.3585,1.3625,1.3578,1.3617,70364.55
2026-07-06 15:45:00,1.3617,1.3622,1.3596,1.3604,51239.5
2026-07-06 15:50:00,1.3604,1.3628,1.3603,1.3626,11684.23
2026-07-06 15:55:00,1.3626,1.3629,1.3584,1.3588,14606.72
2026-07-06 16:00:00,1.3588,1.3591,1.3578,1.3582,8879.35
2026-07-06 16:05:00,1.3582,1.3599,1.3565,1.3573,43050.13
2026-07-06 16:10:00,1.3573,1.359,1.3528,1.3532,6316.51
2026-07-06 16:15:00,1.3532,1.3549,1.349,1.3512,55577.19
2026-07-06 16:20:00,1.3512,1.3535,1.3505,1.3525,1851.09
2026-07-06 16:25:00,1.3525,1.3527,1.351,1.3513,148581.09
2026-07-06 16:30:00,1.3513,1.352,1.3485,1.3489,42852.09
2026-07-06 16:35:00,1.3489,1.349,1.3448,1.3481,40549.03
2026-07-06 16:40:00,1.3481,1.351,1.3446,1.3498,359433.83
2026-07-06 16:45:00,1.3498,1.3515,1.3452,1.351,145094.29
2026-07-06 16:50:00,1.351,1.3553,1.3455,1.3542,284703.44
2026-07-06 16:55:00,1.3542,1.3555,1.353,1.3532,110701.76
2026-07-06 17:00:00,1.3532,1.3535,1.3504,1.3509,49914.21
2026-07-06 17:05:00,1.3509,1.352,1.3506,1.3511,74986.74
2026-07-06 17:10:00,1.3511,1.3514,1.3497,1.3502,19451.78
2026-07-06 17:15:00,1.3502,1.355,1.3472,1.3542,265658.44
2026-07-06 17:20:00,1.3542,1.357,1.3541,1.356,49072.12
2026-07-06 17:25:00,1.356,1.3564,1.3553,1.3557,37322.2
2026-07-06 17:30:00,1.3557,1.3563,1.3555,1.356,53026.4
2026-07-06 17:35:00,1.356,1.3562,1.3544,1.3555,70413.74
2026-07-06 17:40:00,1.3555,1.3582,1.355,1.3573,104448.2
2026-07-06 17:45:00,1.3573,1.3595,1.3564,1.3588,26193.29
2026-07-06 17:50:00,1.3588,1.3604,1.3581,1.3597,60951.37
2026-07-06 17:55:00,1.3597,1.3598,1.3565,1.3567,20367.5
2026-07-06 18:00:00,1.3567,1.3572,1.3558,1.3571,83272.45
2026-07-06 18:05:00,1.3571,1.3588,1.3565,1.358,71104.05
2026-07-06 18:10:00,1.358,1.3609,1.3572,1.3604,1369.3
2026-07-06 18:15:00,1.3604,1.3611,1.3582,1.3586,14840.8
2026-07-06 18:20:00,1.3586,1.3611,1.3586,1.361,44416.0
2026-07-06 18:25:00,1.361,1.3618,1.3582,1.3588,65341.89
2026-07-06 18:30:00,1.3588,1.359,1.3577,1.3589,103813.2
2026-07-06 18:35:00,1.3589,1.3611,1.3579,1.3601,174866.47
2026-07-06 18:40:00,1.3601,1.3606,1.3593,1.3598,5629.33
2026-07-06 18:45:00,1.3598,1.3619,1.3597,1.3609,90191.28
2026-07-06 18:50:00,1.3609,1.3653,1.3585,1.3589,181158.02
2026-07-06 18:55:00,1.3589,1.3595,1.3541,1.3547,33358.79
2026-07-06 19:00:00,1.3547,1.3566,1.3542,1.3559,34218.05
2026-07-06 19:05:00,1.3559,1.3584,1.3546,1.3582,179249.45
2026-07-06 19:10:00,1.3582,1.3594,1.3571,1.3587,932.29
2026-07-06 19:15:00,1.3587,1.3591,1.357,1.3572,100884.15
2026-07-06 19:20:00,1.3572,1.3578,1.3563,1.357,49175.66
2026-07-06 19:25:00,1.357,1.3582,1.3566,1.3577,5339.67
2026-07-06 19:30:00,1.3577,1.3585,1.3563,1.3582,2873.36
2026-07-06 19:35:00,1.3582,1.3602,1.3577,1.3589,93290.88
2026-07-06 19:40:00,1.3589,1.3599,1.3573,1.3586,36272.21
2026-07-06 19:45:00,1.3586,1.3603,1.356,1.3561,14755.21
2026-07-06 19:50:00,1.3561,1.3587,1.3549,1.3582,4515.17
2026-07-06 19:55:00,1.3582,1.3592,1.3562,1.3566,38022.94
2026-07-06 20:00:00,1.3566,1.3571,1.3533,1.3556,96307.11
2026-07-06 20:05:00,1.3556,1.3558,1.3545,1.3548,46789.29
2026-07-06 20:10:00,1.3548,1.3568,1.3536,1.3559,519.21
2026-07-06 20:15:00,1.3559,1.356,1.3537,1.3551,23052.31
2026-07-06 20:20:00,1.3551,1.3589,1.3528,1.3566,13259.98
2026-07-06 20:25:00,1.3566,1.3583,1.3561,1.3578,179873.17
2026-07-06 20:30:00,1.3578,1.3585,1.3562,1.3582,33762.73
2026-07-06 20:35:00,1.3582,1.3587,1.3558,1.356,98696.18
2026-07-06 20:40:00,1.356,1.3588,1.3543,1.358,6582.47
2026-07-06 20:45:00,1.358,1.3594,1.357,1.358,11514.1
2026-07-06 20:50:00,1.358,1.3589,1.3569,1.3587,6439.3
2026-07-06 20:55:00,1.3587,1.3605,1.3576,1.3599,52939.22
2026-07-06 21:00:00,1.3599,1.3601,1.3592,1.3596,28689.21
2026-07-06 21:05:00,1.3596,1.3619,1.3592,1.361,3073.35
2026-07-06 21:10:00,1.361,1.3638,1.3566,1.357,32230.38
2026-07-06 21:15:00,1.357,1.3595,1.3562,1.3587,41736.55
2026-07-06 21:20:00,1.3587,1.3603,1.357,1.3582,118232.8
2026-07-06 21:25:00,1.3582,1.3586,1.3566,1.3575,18742.7
2026-07-06 21:30:00,1.3575,1.3583,1.3558,1.3576,2659.44
2026-07-06 21:35:00,1.3576,1.358,1.3565,1.3571,65904.8
2026-07-06 21:40:00,1.3571,1.358,1.3564,1.3567,25872.99
2026-07-06 21:45:00,1.3567,1.3571,1.3537,1.3545,19236.7
2026-07-06 21:50:00,1.3545,1.3552,1.3513,1.3521,16269.16
2026-07-06 21:55:00,1.3521,1.3557,1.3513,1.3556,101046.3
2026-07-06 22:00:00,1.3556,1.3604,1.3552,1.3587,37392.64
2026-07-06 22:05:00,1.3587,1.3599,1.3561,1.3565,91790.31
2026-07-06 22:10:00,1.3565,1.3578,1.3558,1.3568,86920.86
2026-07-06 22:15:00,1.3568,1.3571,1.3563,1.3569,27644.26
2026-07-06 22:20:00,1.3569,1.3581,1.3567,1.358,11723.58
2026-07-06 22:25:00,1.358,1.3581,1.3572,1.3574,5682.53
2026-07-06 22:30:00,1.3574,1.3596,1.357,1.3593,219717.27
2026-07-06 22:35:00,1.3593,1.3602,1.359,1.3602,46054.0
2026-07-06 22:40:00,1.3602,1.3605,1.3563,1.3582,108910.92
2026-07-06 22:45:00,1.3582,1.3633,1.3569,1.3622,112563.56
2026-07-06 22:50:00,1.3622,1.3627,1.3592,1.3605,53428.75
2026-07-06 22:55:00,1.3605,1.3625,1.3602,1.3612,15860.25
2026-07-06 23:00:00,1.3612,1.3616,1.3574,1.3586,67434.74
2026-07-06 23:05:00,1.3586,1.3592,1.3574,1.3579,19460.39
2026-07-06 23:10:00,1.3579,1.3588,1.3567,1.3574,183275.68
2026-07-06 23:15:00,1.3574,1.3599,1.3572,1.3593,20001.56
2026-07-06 23:20:00,1.3593,1.3599,1.3574,1.3592,34219.07
2026-07-06 23:25:00,1.3592,1.3616,1.3588,1.3609,1529.08
2026-07-06 23:30:00,1.3609,1.3634,1.3605,1.3634,98.41
2026-07-06 23:35:00,1.3634,1.3685,1.3596,1.3605,101643.13
2026-07-06 23:40:00,1.3605,1.3642,1.3598,1.3622,196758.39
2026-07-06 23:45:00,1.3622,1.3646,1.3616,1.3641,22636.35
2026-07-06 23:50:00,1.3641,1.3644,1.362,1.3637,30423.74
2026-07-06 23:55:00,1.3637,1.3645,1.362,1.3626,24290.45
2026-07-07 00:00:00,1.3626,1.3674,1.3596,1.3608,541302.29
2026-07-07 00:05:00,1.3608,1.3647,1.3582,1.3592,410909.21
2026-07-07 00:10:00,1.3592,1.3622,1.3584,1.3619,18662.31
2026-07-07 00:15:00,1.3619,1.3628,1.3603,1.3608,15792.15
2026-07-07 00:20:00,1.3608,1.3624,1.36,1.3602,12392.11
2026-07-07 00:25:00,1.3602,1.3603,1.358,1.3587,11233.86
2026-07-07 00:30:00,1.3587,1.3588,1.3532,1.3546,11081.39
2026-07-07 00:35:00,1.3546,1.3575,1.3526,1.3566,42260.5
2026-07-07 00:40:00,1.3566,1.3572,1.3526,1.3542,76797.04
2026-07-07 00:45:00,1.3542,1.3562,1.3538,1.355,43404.87
2026-07-07 00:50:00,1.355,1.3566,1.3544,1.3551,94306.32
2026-07-07 00:55:00,1.3551,1.3559,1.3539,1.3541,29059.6
2026-07-07 01:00:00,1.3541,1.3582,1.3516,1.3572,562259.21
2026-07-07 01:05:00,1.3572,1.3609,1.3571,1.3607,14067.9
2026-07-07 01:10:00,1.3607,1.3618,1.3593,1.3594,2031.39
2026-07-07 01:15:00,1.3594,1.3602,1.3566,1.3582,64164.08
2026-07-07 01:20:00,1.3582,1.3593,1.3573,1.3581,10959.43
2026-07-07 01:25:00,1.3581,1.3605,1.3573,1.3605,38132.73
2026-07-07 01:30:00,1.3605,1.3606,1.3585,1.3598,32958.84
2026-07-07 01:35:00,1.3598,1.3613,1.3595,1.3598,25603.61
2026-07-07 01:40:00,1.3598,1.3601,1.3581,1.3581,34882.61
2026-07-07 01:45:00,1.3581,1.3593,1.3527,1.3555,88115.32
2026-07-07 01:50:00,1.3555,1.3576,1.3546,1.3571,78415.5
2026-07-07 01:55:00,1.3571,1.3584,1.3568,1.3577,4334.58
2026-07-07 02:00:00,1.3577,1.3586,1.3576,1.3578,173398.5
2026-07-07 02:05:00,1.3578,1.3582,1.3562,1.357,68133.18
2026-07-07 02:10:00,1.357,1.359,1.3558,1.3577,3995.1
2026-07-07 02:15:00,1.3577,1.3587,1.3558,1.356,33140.34
2026-07-07 02:20:00,1.356,1.3582,1.3533,1.3548,39250.55
2026-07-07 02:25:00,1.3548,1.3558,1.3494,1.3496,21747.93
2026-07-07 02:30:00,1.3496,1.3501,1.3465,1.3467,38466.45
2026-07-07 02:35:00,1.3467,1.3491,1.3463,1.3487,24133.12
2026-07-07 02:40:00,1.3487,1.3501,1.3485,1.3497,64679.93
2026-07-07 02:45:00,1.3497,1.3521,1.3496,1.3518,193153.87
2026-07-07 02:50:00,1.3518,1.3536,1.3515,1.353,23608.89
2026-07-07 02:55:00,1.353,1.3553,1.3526,1.3548,119618.85
2026-07-07 03:00:00,1.3548,1.3557,1.3533,1.3534,24514.32
2026-07-07 03:05:00,1.3534,1.3556,1.3501,1.3549,22141.17
2026-07-07 03:10:00,1.3549,1.355,1.3547,1.3547,84181.31
2026-07-07 03:15:00,1.3547,1.3583,1.3491,1.3576,45863.01
2026-07-07 03:20:00,1.3576,1.3597,1.3567,1.3593,19528.85
2026-07-07 03:25:00,1.3593,1.3619,1.3575,1.3615,16784.61
2026-07-07 03:30:00,1.3615,1.3648,1.3608,1.3647,52029.02
2026-07-07 03:35:00,1.3647,1.3707,1.3601,1.3613,112540.64
2026-07-07 03:40:00,1.3613,1.3621,1.3606,1.3609,119719.63
2026-07-07 03:45:00,1.3609,1.363,1.3602,1.3619,1924.71
2026-07-07 03:50:00,1.3619,1.3644,1.361,1.3628,33418.05
2026-07-07 03:55:00,1.3628,1.3653,1.3602,1.3607,484764.87
2026-07-07 04:00:00,1.3607,1.3647,1.3603,1.3636,48958.32
2026-07-07 04:05:00,1.3636,1.3662,1.3606,1.3615,344566.51
2026-07-07 04:10:00,1.3615,1.3619,1.3602,1.3616,34338.98
2026-07-07 04:15:00,1.3616,1.3622,1.3594,1.3604,30537.92
2026-07-07 04:20:00,1.3604,1.3618,1.3599,1.3615,96008.85
2026-07-07 04:25:00,1.3615,1.3621,1.3595,1.3595,116020.53
2026-07-07 04:30:00,1.3595,1.3598,1.3556,1.3568,19737.2
2026-07-07 04:35:00,1.3568,1.3592,1.3559,1.3583,76483.74
2026-07-07 04:40:00,1.3583,1.3587,1.3569,1.3585,12334.52
2026-07-07 04:45:00,1.3585,1.3588,1.3561,1.357,25351.55
2026-07-07 04:50:00,1.357,1.3582,1.3524,1.3535,47082.69
2026-07-07 04:55:00,1.3535,1.3541,1.3519,1.3527,21626.64
2026-07-07 05:00:00,1.3527,1.3542,1.3514,1.3541,3174.14
2026-07-07 05:05:00,1.3541,1.3545,1.3529,1.353,7679.76
2026-07-07 05:10:00,1.353,1.3558,1.3516,1.3537,45986.38
2026-07-07 05:15:00,1.3537,1.3541,1.3523,1.353,23712.28
2026-07-07 05:20:00,1.353,1.3531,1.3511,1.3517,12147.92
2026-07-07 05:25:00,1.3517,1.3526,1.3512,1.352,9706.62
2026-07-07 05:30:00,1.352,1.3522,1.3504,1.351,29666.0
2026-07-07 05:35:00,1.351,1.351,1.3486,1.3493,24962.43
2026-07-07 05:40:00,1.3493,1.3509,1.3485,1.3501,59515.05
2026-07-07 05:45:00,1.3501,1.3508,1.3477,1.3493,11256.37
2026-07-07 05:50:00,1.3493,1.3505,1.3493,1.3499,51419.55
2026-07-07 05:55:00,1.3499,1.3509,1.3493,1.3506,36794.58
2026-07-07 06:00:00,1.3506,1.3518,1.3477,1.348,18122.64
2026-07-07 06:05:00,1.348,1.3527,1.3438,1.3518,22353.13
2026-07-07 06:10:00,1.3518,1.3519,1.349,1.3502,4033.32
2026-07-07 06:15:00,1.3502,1.3512,1.3481,1.3492,195673.48
2026-07-07 06:20:00,1.3492,1.35,1.3454,1.3472,10826.87
2026-07-07 06:25:00,1.3472,1.3513,1.3446,1.3504,25783.23
2026-07-07 06:30:00,1.3504,1.3518,1.3502,1.3511,116621.3
2026-07-07 06:35:00,1.3511,1.3534,1.3504,1.353,90348.68
2026-07-07 06:40:00,1.353,1.3554,1.3527,1.3545,50122.07
2026-07-07 06:45:00,1.3545,1.3577,1.3544,1.356,2941.07
2026-07-07 06:50:00,1.356,1.3574,1.3544,1.3572,10404.6
2026-07-07 06:55:00,1.3572,1.3587,1.3571,1.3585,4252.76
2026-07-07 07:00:00,1.3585,1.359,1.3558,1.3588,26496.14
2026-07-07 07:05:00,1.3588,1.3589,1.3571,1.3584,106234.57
2026-07-07 07:10:00,1.3584,1.36,1.3549,1.3565,145332.14
2026-07-07 07:15:00,1.3565,1.3574,1.3561,1.3566,74625.87
2026-07-07 07:20:00,1.3566,1.357,1.3541,1.3547,103006.73
2026-07-07 07:25:00,1.3547,1.3555,1.3532,1.3535,17536.63
2026-07-07 07:30:00,1.3535,1.3544,1.3528,1.3539,25483.02
2026-07-07 07:35:00,1.3539,1.3553,1.3538,1.3539,30128.49
2026-07-07 07:40:00,1.3539,1.3556,1.3534,1.3554,76813.13
2026-07-07 07:45:00,1.3554,1.3565,1.3529,1.3549,38781.51
2026-07-07 07:50:00,1.3549,1.3581,1.3546,1.3576,87673.67
2026-07-07 07:55:00,1.3576,1.3581,1.3563,1.3573,19216.15
2026-07-07 08:00:00,1.3573,1.3583,1.3572,1.3582,583.2
2026-07-07 08:05:00,1.3582,1.3596,1.3581,1.3584,61530.48
2026-07-07 08:10:00,1.3584,1.3593,1.3566,1.3576,83347.38
2026-07-07 08:15:00,1.3576,1.3597,1.3565,1.3597,30757.25
2026-07-07 08:20:00,1.3597,1.3605,1.356,1.3574,112543.16
2026-07-07 08:25:00,1.3574,1.3583,1.3565,1.3568,189558.08
2026-07-07 08:30:00,1.3568,1.3577,1.3541,1.3543,74628.38
2026-07-07 08:35:00,1.3543,1.3565,1.354,1.3561,35297.9
2026-07-07 08:40:00,1.3561,1.3578,1.3547,1.3575,16849.87
2026-07-07 08:45:00,1.3575,1.3581,1.3557,1.3567,18902.79
2026-07-07 08:50:00,1.3567,1.3587,1.3559,1.3581,58121.29
2026-07-07 08:55:00,1.3581,1.3602,1.3567,1.3593,55833.31
2026-07-07 09:00:00,1.3593,1.3605,1.3581,1.3598,12577.87
2026-07-07 09:05:00,1.3598,1.3605,1.3571,1.3571,33243.38
2026-07-07 09:10:00,1.3571,1.359,1.356,1.3576,22709.1
2026-07-07 09:15:00,1.3576,1.3592,1.3563,1.3566,95565.61
2026-07-07 09:20:00,1.3566,1.3591,1.3552,1.3589,12504.63
2026-07-07 09:25:00,1.3589,1.3606,1.3569,1.3583,16066.96
2026-07-07 09:30:00,1.3583,1.3584,1.3565,1.3573,2462.14
2026-07-07 09:35:00,1.3573,1.3583,1.3571,1.3577,26067.39
2026-07-07 09:40:00,1.3577,1.3585,1.3532,1.3533,50905.62
2026-07-07 09:45:00,1.3533,1.355,1.3509,1.3544,378.79
2026-07-07 09:50:00,1.3544,1.3559,1.3537,1.3551,17446.25
2026-07-07 09:55:00,1.3551,1.3586,1.3548,1.3573,31275.76
2026-07-07 10:00:00,1.3573,1.358,1.3551,1.3578,13309.48
2026-07-07 10:05:00,1.3578,1.3583,1.356,1.3572,95853.4
2026-07-07 10:10:00,1.3572,1.3574,1.3555,1.3566,109964.2
2026-07-07 10:15:00,1.3566,1.3573,1.3556,1.3559,17693.94
2026-07-07 10:20:00,1.3559,1.3569,1.3542,1.3546,9684.66
2026-07-07 10:25:00,1.3546,1.3592,1.3545,1.3583,78863.6
2026-07-07 10:30:00,1.3583,1.3596,1.3571,1.3579,31327.59
2026-07-07 10:35:00,1.3579,1.3588,1.3557,1.3569,74560.89
2026-07-07 10:40:00,1.3569,1.3582,1.3523,1.3543,43397.53
2026-07-07 10:45:00,1.3543,1.3575,1.3522,1.3531,79619.1
2026-07-07 10:50:00,1.3531,1.3535,1.3518,1.3521,27600.23
2026-07-07 10:55:00,1.3521,1.3535,1.3508,1.3515,124772.94
2026-07-07 11:00:00,1.3515,1.3519,1.3484,1.3489,68279.03
2026-07-07 11:05:00,1.3489,1.3496,1.3479,1.3481,6796.27
2026-07-07 11:10:00,1.3481,1.3509,1.3477,1.3504,12632.29
2026-07-07 11:15:00,1.3504,1.3518,1.3484,1.3493,19277.88
2026-07-07 11:20:00,1.3493,1.3518,1.3483,1.3514,5675.6
2026-07-07 11:25:00,1.3514,1.3527,1.3508,1.3522,296.91
2026-07-07 11:30:00,1.3522,1.3529,1.3515,1.3519,82679.69
2026-07-07 11:35:00,1.3519,1.3522,1.3509,1.3516,32149.07
2026-07-07 11:40:00,1.3516,1.3549,1.3505,1.3545,26347.23
2026-07-07 11:45:00,1.3545,1.3557,1.3512,1.3524,99723.81
2026-07-07 11:50:00,1.3524,1.3544,1.3501,1.3521,15742.91
2026-07-07 11:55:00,1.3521,1.3527,1.3499,1.3507,47383.45
2026-07-07 12:00:00,1.3507,1.3553,1.3448,1.3543,77479.55
2026-07-07 12:05:00,1.3543,1.3545,1.3534,1.3537,16770.44
2026-07-07 12:10:00,1.3537,1.355,1.3535,1.3543,89842.14
2026-07-07 12:15:00,1.3543,1.3562,1.3535,1.355,198430.19
2026-07-07 12:20:00,1.355,1.3552,1.3519,1.3539,36408.65
2026-07-07 12:25:00,1.3539,1.3546,1.3527,1.3538,88304.38
2026-07-07 12:30:00,1.3538,1.3543,1.3527,1.353,238910.61
2026-07-07 12:35:00,1.353,1.3538,1.3495,1.3506,22393.91
2026-07-07 12:40:00,1.3506,1.3517,1.3485,1.3486,7785.19
2026-07-07 12:45:00,1.3486,1.3498,1.3467,1.3494,7148.38
2026-07-07 12:50:00,1.3494,1.3509,1.3483,1.3489,80553.02
2026-07-07 12:55:00,1.3489,1.3535,1.3429,1.3525,244421.11
2026-07-07 13:00:00,1.3525,1.3544,1.3524,1.354,59870.48
2026-07-07 13:05:00,1.354,1.3563,1.3523,1.3534,1135.3
2026-07-07 13:10:00,1.3534,1.3538,1.3507,1.3514,27248.14
2026-07-07 13:15:00,1.3514,1.3529,1.3506,1.3517,91964.98
2026-07-07 13:20:00,1.3517,1.3534,1.349,1.3494,80460.07
2026-07-07 13:25:00,1.3494,1.3494,1.3485,1.3487,5228.54
2026-07-07 13:30:00,1.3487,1.3524,1.3436,1.3512,7151.94
2026-07-07 13:35:00,1.3512,1.3544,1.3509,1.3536,88679.84
2026-07-07 13:40:00,1.3536,1.3543,1.3529,1.3539,57728.62
2026-07-07 13:45:00,1.3539,1.3542,1.3516,1.3534,109039.87
2026-07-07 13:50:00,1.3534,1.354,1.3531,1.3537,5537.06
2026-07-07 13:55:00,1.3537,1.3548,1.3492,1.3519,200159.76
2026-07-07 14:00:00,1.3519,1.3527,1.3506,1.3509,932.14
2026-07-07 14:05:00,1.3509,1.352,1.3494,1.3498,28696.59
2026-07-07 14:10:00,1.3498,1.3533,1.3454,1.3524,107208.99
2026-07-07 14:15:00,1.3524,1.3531,1.3506,1.3524,134855.52
2026-07-07 14:20:00,1.3524,1.3528,1.3504,1.3513,61114.5
2026-07-07 14:25:00,1.3513,1.3541,1.35,1.354,42866.5
2026-07-07 14:30:00,1.354,1.3549,1.3507,1.3507,23744.58
2026-07-07 14:35:00,1.3507,1.3511,1.347,1.3487,50867.55
2026-07-07 14:40:00,1.3487,1.349,1.3484,1.3484,18735.47
2026-07-07 14:45:00,1.3484,1.3515,1.3481,1.3504,41554.85
2026-07-07 14:50:00,1.3504,1.3518,1.3502,1.3513,28354.53
2026-07-07 14:55:00,1.3513,1.3532,1.3507,1.3531,26854.81
2026-07-07 15:00:00,1.3531,1.3537,1.3522,1.353,19766.17
2026-07-07 15:05:00,1.353,1.3531,1.3508,1.3517,48845.28
2026-07-07 15:10:00,1.3517,1.3537,1.3509,1.3531,76.11
2026-07-07 15:15:00,1.3531,1.3542,1.3522,1.3535,17991.72
2026-07-07 15:20:00,1.3535,1.3566,1.3528,1.3557,12025.08
2026-07-07 15:25:00,1.3557,1.3572,1.3547,1.356,49032.16
2026-07-07 15:30:00,1.356,1.3577,1.3559,1.3566,49982.45
2026-07-07 15:35:00,1.3566,1.3591,1.3542,1.3549,73061.17
2026-07-07 15:40:00,1.3549,1.3602,1.3526,1.3534,317102.67
2026-07-07 15:45:00,1.3534,1.356,1.3529,1.3551,86135.66
2026-07-07 15:50:00,1.3551,1.3567,1.3548,1.3565,17381.37
2026-07-07 15:55:00,1.3565,1.3577,1.3537,1.3555,65392.86
2026-07-07 16:00:00,1.3555,1.3567,1.3552,1.3555,6001.03
2026-07-07 16:05:00,1.3555,1.3603,1.3552,1.3588,25203.62
2026-07-07 16:10:00,1.3588,1.359,1.3584,1.3587,16764.13
2026-07-07 16:15:00,1.3587,1.3599,1.3572,1.3583,25597.62
2026-07-07 16:20:00,1.3583,1.3631,1.3554,1.3558,537782.2
2026-07-07 16:25:00,1.3558,1.3596,1.3548,1.3584,12599.31
2026-07-07 16:30:00,1.3584,1.3593,1.3571,1.3589,60997.14
2026-07-07 16:35:00,1.3589,1.3601,1.3582,1.3583,12029.07
2026-07-07 16:40:00,1.3583,1.3604,1.3544,1.3551,265884.27
2026-07-07 16:45:00,1.3551,1.3572,1.3547,1.3556,169480.43
2026-07-07 16:50:00,1.3556,1.3597,1.3514,1.3524,40520.75
2026-07-07 16:55:00,1.3524,1.3538,1.3515,1.3535,32459.47
2026-07-07 17:00:00,1.3535,1.3537,1.3517,1.3532,4231.38
2026-07-07 17:05:00,1.3532,1.3537,1.3519,1.353,28822.21
2026-07-07 17:10:00,1.353,1.3531,1.3482,1.3482,24004.15
2026-07-07 17:15:00,1.3482,1.3506,1.3426,1.3499,125431.55
2026-07-07 17:20:00,1.3499,1.3511,1.3485,1.3493,12567.89
2026-07-07 17:25:00,1.3493,1.3526,1.3442,1.3521,562085.8
2026-07-07 17:30:00,1.3521,1.3544,1.3515,1.3533,168547.69
2026-07-07 17:35:00,1.3533,1.3542,1.3521,1.3537,22365.55
2026-07-07 17:40:00,1.3537,1.3554,1.3533,1.3542,130011.61
2026-07-07 17:45:00,1.3542,1.3581,1.354,1.3564,36712.94
2026-07-07 17:50:00,1.3564,1.3608,1.3552,1.3598,2429.54
2026-07-07 17:55:00,1.3598,1.3638,1.3556,1.3564,45738.03
2026-07-07 18:00:00,1.3564,1.3616,1.3521,1.3532,69848.41
2026-07-07 18:05:00,1.3532,1.3553,1.3522,1.3528,77127.94
2026-07-07 18:10:00,1.3528,1.3538,1.3527,1.3529,275604.2
2026-07-07 18:15:00,1.3529,1.3538,1.3489,1.35,4614.48
2026-07-07 18:20:00,1.35,1.3504,1.3493,1.3496,74621.23
2026-07-07 18:25:00,1.3496,1.3507,1.3466,1.3489,117935.64
2026-07-07 18:30:00,1.3489,1.3514,1.3449,1.3506,106381.16
2026-07-07 18:35:00,1.3506,1.3536,1.3472,1.3529,883611.87
2026-07-07 18:40:00,1.3529,1.3537,1.35,1.3506,23869.4
2026-07-07 18:45:00,1.3506,1.3534,1.3469,1.352,546804.24
2026-07-07 18:50:00,1.352,1.3523,1.3512,1.3513,142671.81
2026-07-07 18:55:00,1.3513,1.353,1.3483,1.3487,33366.68
2026-07-07 19:00:00,1.3487,1.3515,1.3475,1.3478,82617.15
2026-07-07 19:05:00,1.3478,1.3515,1.3465,1.3513,57316.47
2026-07-07 19:10:00,1.3513,1.3527,1.351,1.3514,22350.8
2026-07-07 19:15:00,1.3514,1.3545,1.3487,1.3499,72826.06
2026-07-07 19:20:00,1.3499,1.3501,1.3489,1.3497,46009.12
2026-07-07 19:25:00,1.3497,1.3504,1.3466,1.3471,17619.03
2026-07-07 19:30:00,1.3471,1.3478,1.3464,1.3471,466.62
2026-07-07 19:35:00,1.3471,1.3488,1.347,1.3481,41638.07
2026-07-07 19:40:00,1.3481,1.3483,1.3464,1.347,130051.63
2026-07-07 19:45:00,1.347,1.3478,1.3447,1.3454,67399.36
2026-07-07 19:50:00,1.3454,1.3464,1.3442,1.3443,25483.23
2026-07-07 19:55:00,1.3443,1.3485,1.3387,1.3478,44765.27
2026-07-07 20:00:00,1.3478,1.3505,1.3423,1.3494,58676.91
2026-07-07 20:05:00,1.3494,1.3507,1.3486,1.3503,33451.29
2026-07-07 20:10:00,1.3503,1.3513,1.3482,1.3496,152579.98
2026-07-07 20:15:00,1.3496,1.3518,1.3482,1.3502,9491.61
2026-07-07 20:20:00,1.3502,1.3524,1.3493,1.3517,56761.76
2026-07-07 20:25:00,1.3517,1.3542,1.3516,1.3532,79256.04
2026-07-07 20:30:00,1.3532,1.3535,1.3499,1.35,157159.36
2026-07-07 20:35:00,1.35,1.3508,1.3448,1.347,9431.83
2026-07-07 20:40:00,1.347,1.3513,1.344,1.3508,8487.51
2026-07-07 20:45:00,1.3508,1.352,1.3499,1.3499,57408.94
2026-07-07 20:50:00,1.3499,1.3537,1.3479,1.3515,36240.95
2026-07-07 20:55:00,1.3515,1.354,1.3498,1.3534,133003.76
2026-07-07 21:00:00,1.3534,1.3541,1.3502,1.3509,34553.8
2026-07-07 21:05:00,1.3509,1.3511,1.3477,1.3477,148506.44
2026-07-07 21:10:00,1.3477,1.3501,1.3463,1.3499,49110.86
2026-07-07 21:15:00,1.3499,1.3512,1.3472,1.3477,41836.2
2026-07-07 21:20:00,1.3477,1.3484,1.3474,1.3479,14192.29
2026-07-07 21:25:00,1.3479,1.3521,1.342,1.3508,11354.18
2026-07-07 21:30:00,1.3508,1.3521,1.3482,1.3492,21863.48
2026-07-07 21:35:00,1.3492,1.3531,1.3438,1.3527,164631.09
2026-07-07 21:40:00,1.3527,1.3562,1.3513,1.3557,29883.48
2026-07-07 21:45:00,1.3557,1.358,1.3546,1.3557,4831.55
2026-07-07 21:50:00,1.3557,1.3588,1.3553,1.3588,21891.46
2026-07-07 21:55:00,1.3588,1.3596,1.3575,1.3576,727.65
2026-07-07 22:00:00,1.3576,1.3587,1.3532,1.3535,34631.93
2026-07-07 22:05:00,1.3535,1.3546,1.35,1.3502,14644.25
2026-07-07 22:10:00,1.3502,1.351,1.3462,1.3478,30987.35
2026-07-07 22:15:00,1.3478,1.3497,1.3477,1.3494,25.0
2026-07-07 22:20:00,1.3494,1.3513,1.3451,1.3505,766060.75
2026-07-07 22:25:00,1.3505,1.3522,1.3474,1.3483,34562.46
2026-07-07 22:30:00,1.3483,1.3517,1.3462,1.3512,43950.27
2026-07-07 22:35:00,1.3512,1.3528,1.3509,1.3526,213464.65
2026-07-07 22:40:00,1.3526,1.3538,1.351,1.3525,3068.57
2026-07-07 22:45:00,1.3525,1.3554,1.3524,1.3538,4217.3
2026-07-07 22:50:00,1.3538,1.3541,1.3518,1.3531,2633.16
2026-07-07 22:55:00,1.3531,1.3533,1.3506,1.3507,6866.45
2026-07-07 23:00:00,1.3507,1.3552,1.3505,1.3529,75690.91
2026-07-07 23:05:00,1.3529,1.3575,1.3508,1.3555,224714.68
2026-07-07 23:10:00,1.3555,1.3565,1.3552,1.356,80176.34
2026-07-07 23:15:00,1.356,1.3571,1.354,1.3546,23272.66
2026-07-07 23:20:00,1.3546,1.3548,1.3537,1.3541,36233.3
2026-07-07 23:25:00,1.3541,1.3568,1.3529,1.3565,100163.84
2026-07-07 23:30:00,1.3565,1.3593,1.3558,1.3569,35782.64
2026-07-07 23:35:00,1.3569,1.3603,1.3563,1.3595,45371.65
2026-07-07 23:40:00,1.3595,1.3651,1.3556,1.3561,83028.35
2026-07-07 23:45:00,1.3561,1.3599,1.3522,1.3531,99048.63
2026-07-07 23:50:00,1.3531,1.3538,1.353,1.353,15170.4
2026-07-07 23:55:00,1.353,1.3547,1.352,1.3542,30682.71
2026-07-08 00:00:00,1.3542,1.3555,1.3521,1.3524,19156.88
2026-07-08 00:05:00,1.3524,1.3525,1.3509,1.3512,11222.06
2026-07-08 00:10:00,1.3512,1.3537,1.3498,1.3535,131716.06
2026-07-08 00:15:00,1.3535,1.3566,1.3533,1.3549,31059.04
2026-07-08 00:20:00,1.3549,1.3566,1.3546,1.3566,135395.21
2026-07-08 00:25:00,1.3566,1.3597,1.3542,1.355,34385.39
2026-07-08 00:30:00,1.355,1.3551,1.3523,1.3532,6661.93
2026-07-08 00:35:00,1.3532,1.3565,1.3519,1.3543,232798.05
2026-07-08 00:40:00,1.3543,1.357,1.3534,1.355,84295.27
2026-07-08 00:45:00,1.355,1.3551,1.3516,1.3522,17099.11
2026-07-08 00:50:00,1.3522,1.3531,1.3511,1.3526,235804.66
2026-07-08 00:55:00,1.3526,1.3539,1.3518,1.3518,47981.81
2026-07-08 01:00:00,1.3518,1.3541,1.351,1.3532,38157.02
2026-07-08 01:05:00,1.3532,1.3549,1.3531,1.3542,59839.51
2026-07-08 01:10:00,1.3542,1.3573,1.3537,1.3558,2960.39
2026-07-08 01:15:00,1.3558,1.3573,1.3551,1.3563,113284.99
2026-07-08 01:20:00,1.3563,1.3609,1.3516,1.3529,135397.88
2026-07-08 01:25:00,1.3529,1.3531,1.3523,1.3525,169911.04
2026-07-08 01:30:00,1.3525,1.3538,1.3522,1.3528,128756.3
2026-07-08 01:35:00,1.3528,1.3529,1.3507,1.351,26263.14
2026-07-08 01:40:00,1.351,1.3522,1.3479,1.3484,72030.13
2026-07-08 01:45:00,1.3484,1.3534,1.3481,1.3515,21604.7
2026-07-08 01:50:00,1.3515,1.3525,1.3493,1.3497,9002.79
2026-07-08 01:55:00,1.3497,1.3504,1.3477,1.3493,20800.01
2026-07-08 02:00:00,1.3493,1.3524,1.3488,1.3523,192832.09
2026-07-08 02:05:00,1.3523,1.3534,1.3498,1.3526,52327.02
2026-07-08 02:10:00,1.3526,1.3527,1.352,1.3523,54378.31
2026-07-08 02:15:00,1.3523,1.3524,1.3513,1.3518,28218.56
2026-07-08 02:20:00,1.3518,1.3547,1.3508,1.354,78778.18
2026-07-08 02:25:00,1.354,1.3576,1.3532,1.3572,48124.45
2026-07-08 02:30:00,1.3572,1.3578,1.3558,1.357,94467.67
2026-07-08 02:35:00,1.357,1.3628,1.3532,1.3543,22547.44
2026-07-08 02:40:00,1.3543,1.3548,1.3535,1.3544,84092.69
2026-07-08 02:45:00,1.3544,1.3545,1.354,1.3541,84070.02
2026-07-08 02:50:00,1.3541,1.3551,1.3514,1.354,29272.94
2026-07-08 02:55:00,1.354,1.3567,1.3537,1.3559,33893.08
2026-07-08 03:00:00,1.3559,1.3563,1.3536,1.3551,72332.5
2026-07-08 03:05:00,1.3551,1.3558,1.3541,1.3549,154139.11
2026-07-08 03:10:00,1.3549,1.3559,1.354,1.3556,72576.03
2026-07-08 03:15:00,1.3556,1.3559,1.353,1.3547,41986.24
2026-07-08 03:20:00,1.3547,1.3559,1.3538,1.3541,37428.5
2026-07-08 03:25:00,1.3541,1.3561,1.3536,1.3557,11467.17
2026-07-08 03:30:00,1.3557,1.3567,1.3551,1.3557,55592.3
2026-07-08 03:35:00,1.3557,1.3558,1.3519,1.3522,23559.37
2026-07-08 03:40:00,1.3522,1.3524,1.3486,1.3492,60790.6
2026-07-08 03:45:00,1.3492,1.3506,1.3485,1.3498,48781.13
2026-07-08 03:50:00,1.3498,1.35,1.3475,1.3486,50412.85
2026-07-08 03:55:00,1.3486,1.3546,1.3476,1.3533,77865.85
2026-07-08 04:00:00,1.3533,1.3541,1.3497,1.3515,3976.3
2026-07-08 04:05:00,1.3515,1.3526,1.3494,1.3499,27112.05
2026-07-08 04:10:00,1.3499,1.3523,1.349,1.3515,8873.13
2026-07-08 04:15:00,1.3515,1.3555,1.3515,1.3545,61827.63
2026-07-08 04:20:00,1.3545,1.3563,1.3539,1.3559,20959.11
2026-07-08 04:25:00,1.3559,1.3573,1.3549,1.3562,136521.31
2026-07-08 04:30:00,1.3562,1.3563,1.3544,1.3547,270391.84
2026-07-08 04:35:00,1.3547,1.3579,1.3537,1.3562,4741.15
2026-07-08 04:40:00,1.3562,1.3572,1.3544,1.3552,174442.79
2026-07-08 04:45:00,1.3552,1.3576,1.3545,1.3572,76375.83
2026-07-08 04:50:00,1.3572,1.3608,1.3562,1.3587,41643.88
2026-07-08 04:55:00,1.3587,1.3623,1.3551,1.3557,26614.85
2026-07-08 05:00:00,1.3557,1.3575,1.3539,1.3539,59008.04
2026-07-08 05:05:00,1.3539,1.3572,1.353,1.3572,26273.15
2026-07-08 05:10:00,1.3572,1.36,1.356,1.3597,11210.62
2026-07-08 05:15:00,1.3597,1.3606,1.3591,1.3606,28894.65
2026-07-08 05:20:00,1.3606,1.3656,1.3602,1.3644,7076.91
2026-07-08 05:25:00,1.3644,1.3683,1.3621,1.3632,466990.98
2026-07-08 05:30:00,1.3632,1.364,1.3624,1.3636,20259.77
2026-07-08 05:35:00,1.3636,1.3642,1.3612,1.362,42787.42
2026-07-08 05:40:00,1.362,1.3646,1.3591,1.3596,93169.04
2026-07-08 05:45:00,1.3596,1.3611,1.3592,1.3605,83685.36
2026-07-08 05:50:00,1.3605,1.3605,1.3594,1.3602,195816.85
2026-07-08 05:55:00,1.3602,1.3607,1.3585,1.36,34927.81
2026-07-08 06:00:00,1.36,1.3614,1.359,1.3604,44210.39
2026-07-08 06:05:00,1.3604,1.365,1.3596,1.3619,86936.83
2026-07-08 06:10:00,1.3619,1.3676,1.3599,1.3606,329470.7
2026-07-08 06:15:00,1.3606,1.361,1.3576,1.359,17011.24
2026-07-08 06:20:00,1.359,1.364,1.3544,1.3554,50754.27
2026-07-08 06:25:00,1.3554,1.3554,1.3519,1.3522,132197.65
2026-07-08 06:30:00,1.3522,1.3531,1.3518,1.3526,6566.09
2026-07-08 06:35:00,1.3526,1.3536,1.35,1.3507,17585.75
2026-07-08 06:40:00,1.3507,1.3511,1.3507,1.351,38499.61
2026-07-08 06:45:00,1.351,1.3551,1.3471,1.3545,60726.35
2026-07-08 06:50:00,1.3545,1.356,1.3543,1.3554,17382.01
2026-07-08 06:55:00,1.3554,1.3587,1.3553,1.3571,7558.72
2026-07-08 07:00:00,1.3571,1.3583,1.3568,1.3579,138029.99
2026-07-08 07:05:00,1.3579,1.3613,1.3547,1.3555,222035.4
2026-07-08 07:10:00,1.3555,1.3557,1.3535,1.3536,57939.42
2026-07-08 07:15:00,1.3536,1.3537,1.3519,1.3532,41476.13
2026-07-08 07:20:00,1.3532,1.3554,1.3517,1.3554,43765.42
2026-07-08 07:25:00,1.3554,1.3562,1.3536,1.3547,19017.1
2026-07-08 07:30:00,1.3547,1.356,1.3526,1.3527,26583.6
2026-07-08 07:35:00,1.3527,1.3537,1.3519,1.3533,16630.86
2026-07-08 07:40:00,1.3533,1.3536,1.3508,1.3515,24384.42
2026-07-08 07:45:00,1.3515,1.3518,1.3487,1.3492,100496.18
2026-07-08 07:50:00,1.3492,1.3512,1.3453,1.3506,6390.33
2026-07-08 07:55:00,1.3506,1.3515,1.3491,1.3513,20215.3
2026-07-08 08:00:00,1.3513,1.355,1.3452,1.3538,887073.74
2026-07-08 08:05:00,1.3538,1.3543,1.3535,1.3537,23028.1
2026-07-08 08:10:00,1.3537,1.3546,1.3532,1.3532,11947.97
2026-07-08 08:15:00,1.3532,1.3552,1.3532,1.3541,5118.06
2026-07-08 08:20:00,1.3541,1.3571,1.351,1.3519,2343.41
2026-07-08 08:25:00,1.3519,1.3532,1.3504,1.3506,6248.69
2026-07-08 08:30:00,1.3506,1.351,1.3503,1.3507,101195.47
2026-07-08 08:35:00,1.3507,1.3514,1.35,1.3504,20425.14
2026-07-08 08:40:00,1.3504,1.3506,1.3491,1.3499,698.67
2026-07-08 08:45:00,1.3499,1.3541,1.3462,1.3532,29006.94
2026-07-08 08:50:00,1.3532,1.3536,1.3517,1.3518,61058.46
2026-07-08 08:55:00,1.3518,1.3538,1.3508,1.3511,22593.59
2026-07-08 09:00:00,1.3511,1.3522,1.3509,1.351,20741.03
2026-07-08 09:05:00,1.351,1.3526,1.3498,1.3517,26319.23
2026-07-08 09:10:00,1.3517,1.3533,1.3516,1.3518,2910.96
2026-07-08 09:15:00,1.3518,1.352,1.3483,1.3495,46450.42
2026-07-08 09:20:00,1.3495,1.3507,1.3483,1.3499,62688.16
2026-07-08 09:25:00,1.3499,1.3515,1.3497,1.3499,44331.65
2026-07-08 09:30:00,1.3499,1.3537,1.3444,1.3524,918173.97
2026-07-08 09:35:00,1.3524,1.3529,1.3506,1.3513,165100.3
2026-07-08 09:40:00,1.3513,1.3514,1.3508,1.3508,166574.52
2026-07-08 09:45:00,1.3508,1.3518,1.3502,1.3514,26068.56
2026-07-08 09:50:00,1.3514,1.3522,1.3507,1.3508,36844.47
2026-07-08 09:55:00,1.3508,1.3529,1.3455,1.3521,133642.1
2026-07-08 10:00:00,1.3521,1.3528,1.3512,1.3514,41012.23
2026-07-08 10:05:00,1.3514,1.3527,1.3503,1.3522,69016.27
2026-07-08 10:10:00,1.3522,1.3528,1.3515,1.3527,30182.9
2026-07-08 10:15:00,1.3527,1.3556,1.3518,1.3544,7224.29
2026-07-08 10:20:00,1.3544,1.3558,1.3532,1.3549,21155.16
2026-07-08 10:25:00,1.3549,1.3588,1.3533,1.3571,34151.24
2026-07-08 10:30:00,1.3571,1.3572,1.3533,1.3545,23385.57
2026-07-08 10:35:00,1.3545,1.3553,1.3539,1.355,39681.77
2026-07-08 10:40:00,1.355,1.3571,1.3542,1.3557,6679.06
2026-07-08 10:45:00,1.3557,1.3575,1.3548,1.3573,67967.01
2026-07-08 10:50:00,1.3573,1.3593,1.357,1.3581,43179.04
2026-07-08 10:55:00,1.3581,1.361,1.3577,1.3608,30309.07
2026-07-08 11:00:00,1.3608,1.3612,1.36,1.3607,15376.16
2026-07-08 11:05:00,1.3607,1.3624,1.3597,1.3615,97717.27
2026-07-08 11:10:00,1.3615,1.3628,1.3601,1.3604,76255.81
2026-07-08 11:15:00,1.3604,1.3647,1.3599,1.3642,23404.79
2026-07-08 11:20:00,1.3642,1.3647,1.3628,1.3631,81763.65
2026-07-08 11:25:00,1.3631,1.364,1.3625,1.3633,136274.13
2026-07-08 11:30:00,1.3633,1.364,1.361,1.3613,908.06
2026-07-08 11:35:00,1.3613,1.3613,1.3592,1.3608,4301.69
2026-07-08 11:40:00,1.3608,1.3621,1.3607,1.3621,44041.1
2026-07-08 11:45:00,1.3621,1.3624,1.3619,1.3623,18618.86
2026-07-08 11:50:00,1.3623,1.3623,1.3582,1.3586,23523.46
2026-07-08 11:55:00,1.3586,1.363,1.3586,1.3617,2448.06
2026-07-08 12:00:00,1.3617,1.3645,1.3593,1.3608,165214.72
2026-07-08 12:05:00,1.3608,1.3616,1.357,1.358,49625.79
2026-07-08 12:10:00,1.358,1.3585,1.3565,1.3573,67811.57
2026-07-08 12:15:00,1.3573,1.3592,1.3567,1.3568,63491.11
2026-07-08 12:20:00,1.3568,1.3572,1.3553,1.3568,13908.56
2026-07-08 12:25:00,1.3568,1.3586,1.355,1.3581,7385.91
2026-07-08 12:30:00,1.3581,1.3599,1.3581,1.3596,51423.44
2026-07-08 12:35:00,1.3596,1.361,1.3575,1.3586,23394.87
2026-07-08 12:40:00,1.3586,1.3615,1.3576,1.3601,149216.26
2026-07-08 12:45:00,1.3601,1.3638,1.3593,1.3633,15622.05
2026-07-08 12:50:00,1.3633,1.3646,1.3623,1.3633,2219.52
2026-07-08 12:55:00,1.3633,1.3657,1.3624,1.3646,39544.63
2026-07-08 13:00:00,1.3646,1.3652,1.3624,1.3645,6532.73
2026-07-08 13:05:00,1.3645,1.3647,1.3605,1.3615,5463.8
2026-07-08 13:10:00,1.3615,1.3649,1.3607,1.3634,38041.0
2026-07-08 13:15:00,1.3634,1.3683,1.3609,1.3618,67179.34
2026-07-08 13:20:00,1.3618,1.3657,1.3595,1.3603,36724.12
2026-07-08 13:25:00,1.3603,1.3619,1.3599,1.3617,6389.14
2026-07-08 13:30:00,1.3617,1.365,1.3604,1.3642,95654.19
2026-07-08 13:35:00,1.3642,1.3655,1.3632,1.3633,61228.16
2026-07-08 13:40:00,1.3633,1.3689,1.3593,1.3601,161940.66
2026-07-08 13:45:00,1.3601,1.3634,1.3597,1.3629,36965.03
2026-07-08 13:50:00,1.3629,1.3642,1.3627,1.3629,1872.5
2026-07-08 13:55:00,1.3629,1.3665,1.3582,1.3594,370731.17
2026-07-08 14:00:00,1.3594,1.3613,1.358,1.3605,67157.07
2026-07-08 14:05:00,1.3605,1.3605,1.3592,1.3595,68751.67
2026-07-08 14:10:00,1.3595,1.3613,1.3593,1.3595,39387.94
2026-07-08 14:15:00,1.3595,1.3626,1.3578,1.3618,39843.85
2026-07-08 14:20:00,1.3618,1.3623,1.3592,1.3611,11060.75
2026-07-08 14:25:00,1.3611,1.3635,1.3594,1.3631,201836.04
2026-07-08 14:30:00,1.3631,1.3657,1.3624,1.365,21172.73
2026-07-08 14:35:00,1.365,1.3679,1.3616,1.3627,44423.41
2026-07-08 14:40:00,1.3627,1.3627,1.3614,1.3627,31070.34
2026-07-08 14:45:00,1.3627,1.3639,1.3624,1.3625,33822.3
2026-07-08 14:50:00,1.3625,1.3633,1.3621,1.3623,394.43
2026-07-08 14:55:00,1.3623,1.3642,1.3608,1.3641,19526.89
2026-07-08 15:00:00,1.3641,1.3664,1.3612,1.3621,33426.35
2026-07-08 15:05:00,1.3621,1.3623,1.3596,1.3601,141031.77
2026-07-08 15:10:00,1.3601,1.362,1.3597,1.3605,60051.85
2026-07-08 15:15:00,1.3605,1.3618,1.3594,1.3611,43626.9
2026-07-08 15:20:00,1.3611,1.3622,1.3607,1.3607,57919.02
2026-07-08 15:25:00,1.3607,1.3625,1.3605,1.3622,4303.14
2026-07-08 15:30:00,1.3622,1.3653,1.36,1.3606,400244.27
2026-07-08 15:35:00,1.3606,1.3629,1.3592,1.3594,16278.02
2026-07-08 15:40:00,1.3594,1.3604,1.3586,1.3587,5349.55
2026-07-08 15:45:00,1.3587,1.3592,1.3568,1.357,38619.48
2026-07-08 15:50:00,1.357,1.3602,1.3516,1.3594,337826.38
2026-07-08 15:55:00,1.3594,1.3618,1.3536,1.361,346527.17
2026-07-08 16:00:00,1.361,1.3615,1.3589,1.3591,21560.35
2026-07-08 16:05:00,1.3591,1.3612,1.3587,1.3609,78630.02
2026-07-08 16:10:00,1.3609,1.3625,1.3599,1.3616,6514.81
2026-07-08 16:15:00,1.3616,1.3642,1.3611,1.3636,97083.79
2026-07-08 16:20:00,1.3636,1.3637,1.3609,1.3622,12248.46
2026-07-08 16:25:00,1.3622,1.3622,1.361,1.3619,146635.36
2026-07-08 16:30:00,1.3619,1.363,1.3605,1.3611,69789.6
2026-07-08 16:35:00,1.3611,1.3621,1.3579,1.36,37910.34
2026-07-08 16:40:00,1.36,1.3605,1.3575,1.3585,52288.34
2026-07-08 16:45:00,1.3585,1.3617,1.3563,1.3605,286196.0
2026-07-08 16:50:00,1.3605,1.364,1.3595,1.3638,23323.53
2026-07-08 16:55:00,1.3638,1.3665,1.3637,1.3664,51317.26
2026-07-08 17:00:00,1.3664,1.3678,1.3659,1.3674,101601.45
2026-07-08 17:05:00,1.3674,1.3702,1.3673,1.37,84195.86
2026-07-08 17:10:00,1.37,1.3701,1.3668,1.3683,10772.75
2026-07-08 17:15:00,1.3683,1.371,1.3657,1.3669,393131.53
2026-07-08 17:20:00,1.3669,1.3707,1.3641,1.3649,6528.09
2026-07-08 17:25:00,1.3649,1.3697,1.3619,1.3631,401880.18
2026-07-08 17:30:00,1.3631,1.3653,1.362,1.3642,80218.4
2026-07-08 17:35:00,1.3642,1.3647,1.3618,1.3635,60502.16
2026-07-08 17:40:00,1.3635,1.3654,1.363,1.3651,25991.2
2026-07-08 17:45:00,1.3651,1.3695,1.3622,1.3631,51102.88
2026-07-08 17:50:00,1.3631,1.3639,1.3616,1.3617,111817.62
2026-07-08 17:55:00,1.3617,1.3627,1.3589,1.3593,87026.74
2026-07-08 18:00:00,1.3593,1.3596,1.3585,1.3593,34928.12
2026-07-08 18:05:00,1.3593,1.3596,1.3573,1.3582,1381.79
2026-07-08 18:10:00,1.3582,1.359,1.3577,1.3588,21234.7
2026-07-08 18:15:00,1.3588,1.3634,1.3573,1.3616,101269.86
2026-07-08 18:20:00,1.3616,1.3635,1.3603,1.3634,42852.78
2026-07-08 18:25:00,1.3634,1.3644,1.3633,1.3641,8203.66
2026-07-08 18:30:00,1.3641,1.3701,1.3602,1.3609,438332.53
2026-07-08 18:35:00,1.3609,1.3617,1.3564,1.3567,51464.31
2026-07-08 18:40:00,1.3567,1.3578,1.3555,1.3572,10653.19
2026-07-08 18:45:00,1.3572,1.3588,1.3552,1.3569,3214.6
2026-07-08 18:50:00,1.3569,1.3582,1.3557,1.3581,144629.87
2026-07-08 18:55:00,1.3581,1.3629,1.3546,1.3617,3779.02
2026-07-08 19:00:00,1.3617,1.3624,1.3607,1.362,3405.36
2026-07-08 19:05:00,1.362,1.3622,1.3602,1.3619,8637.61
2026-07-08 19:10:00,1.3619,1.3624,1.3578,1.3583,8589.73
2026-07-08 19:15:00,1.3583,1.3586,1.3549,1.3564,160846.24
2026-07-08 19:20:00,1.3564,1.3617,1.3525,1.3603,155434.78
2026-07-08 19:25:00,1.3603,1.3646,1.3588,1.3623,91064.55
2026-07-08 19:30:00,1.3623,1.3643,1.3598,1.3636,19228.29
2026-07-08 19:35:00,1.3636,1.3661,1.3622,1.365,7938.34
2026-07-08 19:40:00,1.365,1.3658,1.3632,1.3643,174200.44
2026-07-08 19:45:00,1.3643,1.3656,1.3631,1.3656,28813.01
2026-07-08 19:50:00,1.3656,1.3657,1.3654,1.3656,23627.41
2026-07-08 19:55:00,1.3656,1.3657,1.3633,1.3638,55931.87
2026-07-08 20:00:00,1.3638,1.3653,1.3625,1.3643,26476.54
2026-07-08 20:05:00,1.3643,1.3651,1.362,1.3648,144621.75
2026-07-08 20:10:00,1.3648,1.3656,1.3638,1.364,25297.92
2026-07-08 20:15:00,1.364,1.3662,1.3639,1.3658,14209.0
2026-07-08 20:20:00,1.3658,1.3693,1.3614,1.3625,39743.32
2026-07-08 20:25:00,1.3625,1.3626,1.3593,1.3606,38590.44
2026-07-08 20:30:00,1.3606,1.362,1.3588,1.3591,71178.42
2026-07-08 20:35:00,1.3591,1.3604,1.3552,1.3562,135015.93
2026-07-08 20:40:00,1.3562,1.3603,1.3504,1.3592,67289.25
2026-07-08 20:45:00,1.3592,1.3627,1.3582,1.3626,24195.76
2026-07-08 20:50:00,1.3626,1.3642,1.36,1.3603,84241.65
2026-07-08 20:55:00,1.3603,1.3605,1.36,1.3603,7251.59
2026-07-08 21:00:00,1.3603,1.3607,1.3581,1.3596,1497.03
2026-07-08 21:05:00,1.3596,1.361,1.3585,1.3604,193551.88
2026-07-08 21:10:00,1.3604,1.3611,1.3601,1.3602,109639.28
2026-07-08 21:15:00,1.3602,1.3617,1.3599,1.3605,6736.21
2026-07-08 21:20:00,1.3605,1.3613,1.3594,1.3606,13735.78
2026-07-08 21:25:00,1.3606,1.3634,1.3605,1.3624,87174.34
2026-07-08 21:30:00,1.3624,1.3643,1.3621,1.3641,58794.68
2026-07-08 21:35:00,1.3641,1.3663,1.3633,1.3652,43566.5
2026-07-08 21:40:00,1.3652,1.367,1.363,1.364,28427.97
2026-07-08 21:45:00,1.364,1.3642,1.3612,1.3613,66747.26
2026-07-08 21:50:00,1.3613,1.362,1.3598,1.3608,99438.69
2026-07-08 21:55:00,1.3608,1.3634,1.3598,1.3625,8556.28
2026-07-08 22:00:00,1.3625,1.3663,1.3624,1.3655,62333.1
2026-07-08 22:05:00,1.3655,1.3672,1.363,1.3644,51225.93
2026-07-08 22:10:00,1.3644,1.3653,1.3629,1.3648,13863.92
2026-07-08 22:15:00,1.3648,1.3654,1.3634,1.3649,20554.64
2026-07-08 22:20:00,1.3649,1.3668,1.3636,1.3662,80641.87
2026-07-08 22:25:00,1.3662,1.3668,1.3651,1.3665,14021.61
2026-07-08 22:30:00,1.3665,1.3692,1.3664,1.3691,35428.11
2026-07-08 22:35:00,1.3691,1.3695,1.3684,1.3687,90266.14
2026-07-08 22:40:00,1.3687,1.3739,1.3649,1.366,83735.61
2026-07-08 22:45:00,1.366,1.3663,1.3632,1.3643,39236.91
2026-07-08 22:50:00,1.3643,1.3677,1.3635,1.3658,34666.12
2026-07-08 22:55:00,1.3658,1.3667,1.3657,1.3665,14632.72
2026-07-08 23:00:00,1.3665,1.3666,1.3633,1.3655,19041.72
2026-07-08 23:05:00,1.3655,1.3665,1.3623,1.3624,22695.23
2026-07-08 23:10:00,1.3624,1.3633,1.3614,1.3615,22137.47
2026-07-08 23:15:00,1.3615,1.3622,1.3582,1.3584,58945.29
2026-07-08 23:20:00,1.3584,1.3599,1.3574,1.3579,32457.16
2026-07-08 23:25:00,1.3579,1.3622,1.3545,1.3614,187130.84
2026-07-08 23:30:00,1.3614,1.3627,1.3609,1.3622,11760.15
2026-07-08 23:35:00,1.3622,1.364,1.3612,1.3637,66046.53
2026-07-08 23:40:00,1.3637,1.3665,1.3627,1.3657,28452.38
2026-07-08 23:45:00,1.3657,1.3676,1.3653,1.3671,66998.06
2026-07-08 23:50:00,1.3671,1.3689,1.3645,1.3654,121345.54
2026-07-08 23:55:00,1.3654,1.3658,1.3639,1.3651,19923.94
2026-07-09 00:00:00,1.3651,1.369,1.3647,1.3666,10516.92
2026-07-09 00:05:00,1.3666,1.367,1.3617,1.3628,38307.75
2026-07-09 00:10:00,1.3628,1.3648,1.3623,1.3642,129002.76
2026-07-09 00:15:00,1.3642,1.3667,1.363,1.3663,6502.92
2026-07-09 00:20:00,1.3663,1.3687,1.3658,1.3677,12020.84
2026-07-09 00:25:00,1.3677,1.3723,1.3648,1.3656,65966.31
2026-07-09 00:30:00,1.3656,1.3663,1.365,1.3653,16103.35
2026-07-09 00:35:00,1.3653,1.3696,1.3647,1.3686,32281.25
2026-07-09 00:40:00,1.3686,1.3691,1.3667,1.3678,113321.22
2026-07-09 00:45:00,1.3678,1.3701,1.3654,1.3666,677965.58
2026-07-09 00:50:00,1.3666,1.3685,1.3656,1.3665,32779.23
2026-07-09 00:55:00,1.3665,1.3681,1.3654,1.368,10815.01
2026-07-09 01:00:00,1.368,1.3699,1.3665,1.369,2781.71
2026-07-09 01:05:00,1.369,1.3692,1.3681,1.3686,10661.07
2026-07-09 01:10:00,1.3686,1.3687,1.3655,1.3667,11074.26
2026-07-09 01:15:00,1.3667,1.3694,1.3648,1.3652,218716.18
2026-07-09 01:20:00,1.3652,1.3663,1.365,1.366,10364.9
2026-07-09 01:25:00,1.366,1.3693,1.364,1.3676,114690.7
2026-07-09 01:30:00,1.3676,1.3695,1.3674,1.369,5065.34
2026-07-09 01:35:00,1.369,1.3723,1.3666,1.3671,59331.91
2026-07-09 01:40:00,1.3671,1.371,1.3637,1.3646,6199.29
2026-07-09 01:45:00,1.3646,1.3661,1.3641,1.365,60724.78
2026-07-09 01:50:00,1.365,1.3667,1.3644,1.366,14112.05
2026-07-09 01:55:00,1.366,1.3662,1.3638,1.3645,63768.51
2026-07-09 02:00:00,1.3645,1.3672,1.3638,1.3668,69695.62
2026-07-09 02:05:00,1.3668,1.3696,1.3619,1.3628,110381.96
2026-07-09 02:10:00,1.3628,1.3635,1.3619,1.3623,75343.48
2026-07-09 02:15:00,1.3623,1.3629,1.3602,1.3604,75426.1
2026-07-09 02:20:00,1.3604,1.3624,1.3576,1.3604,78214.65
2026-07-09 02:25:00,1.3604,1.3638,1.3602,1.3623,60297.85
2026-07-09 02:30:00,1.3623,1.3638,1.3617,1.362,2445.4
2026-07-09 02:35:00,1.362,1.363,1.3607,1.3609,8378.19
2026-07-09 02:40:00,1.3609,1.3609,1.36,1.3607,16555.2
2026-07-09 02:45:00,1.3607,1.3611,1.3574,1.358,153735.81
2026-07-09 02:50:00,1.358,1.3623,1.3545,1.3613,201302.81
2026-07-09 02:55:00,1.3613,1.3636,1.3605,1.3633,34502.29
2026-07-09 03:00:00,1.3633,1.3636,1.3613,1.3618,71403.5
2026-07-09 03:05:00,1.3618,1.362,1.3592,1.3599,40719.66
2026-07-09 03:10:00,1.3599,1.3624,1.3597,1.3616,120050.58
2026-07-09 03:15:00,1.3616,1.3629,1.3603,1.3619,17476.3
2026-07-09 03:20:00,1.3619,1.3634,1.3611,1.3632,31778.87
2026-07-09 03:25:00,1.3632,1.3636,1.362,1.3621,69715.89
2026-07-09 03:30:00,1.3621,1.3646,1.3615,1.3642,16230.95
2026-07-09 03:35:00,1.3642,1.3682,1.3633,1.3669,1485.28
2026-07-09 03:40:00,1.3669,1.3716,1.3629,1.3635,89662.65
2026-07-09 03:45:00,1.3635,1.3652,1.3629,1.3644,59455.35
2026-07-09 03:50:00,1.3644,1.3657,1.3624,1.3654,12686.66
2026-07-09 03:55:00,1.3654,1.3665,1.3648,1.3662,162.16
2026-07-09 04:00:00,1.3662,1.3663,1.365,1.3652,25486.41
2026-07-09 04:05:00,1.3652,1.3657,1.3628,1.3634,76009.97
2026-07-09 04:10:00,1.3634,1.3636,1.3625,1.3629,108991.58
2026-07-09 04:15:00,1.3629,1.365,1.3623,1.3649,18886.94
2026-07-09 04:20:00,1.3649,1.3689,1.3644,1.3674,4975.81
2026-07-09 04:25:00,1.3674,1.3718,1.3634,1.364,67109.24
2026-07-09 04:30:00,1.364,1.3645,1.362,1.3621,57640.19
2026-07-09 04:35:00,1.3621,1.3623,1.3611,1.3614,16458.0
2026-07-09 04:40:00,1.3614,1.3639,1.361,1.3631,16978.26
2026-07-09 04:45:00,1.3631,1.3651,1.3612,1.3636,50083.33
2026-07-09 04:50:00,1.3636,1.3648,1.3593,1.3608,58676.16
2026-07-09 04:55:00,1.3608,1.3614,1.3594,1.3607,19990.25
2026-07-09 05:00:00,1.3607,1.363,1.3585,1.3625,496796.97
2026-07-09 05:05:00,1.3625,1.3632,1.3609,1.3612,15197.84
2026-07-09 05:10:00,1.3612,1.3628,1.3612,1.3626,48253.96
2026-07-09 05:15:00,1.3626,1.3639,1.3622,1.3636,58836.61
2026-07-09 05:20:00,1.3636,1.3652,1.3635,1.365,94053.92
2026-07-09 05:25:00,1.365,1.3669,1.365,1.3659,2336.45
2026-07-09 05:30:00,1.3659,1.3671,1.3619,1.3634,2070.69
2026-07-09 05:35:00,1.3634,1.3643,1.3624,1.3624,13.44
2026-07-09 05:40:00,1.3624,1.3627,1.3617,1.3623,32875.88
2026-07-09 05:45:00,1.3623,1.3639,1.3585,1.3587,47095.76
2026-07-09 05:50:00,1.3587,1.3593,1.358,1.3587,66802.12
2026-07-09 05:55:00,1.3587,1.3622,1.3537,1.3608,260393.09
2026-07-09 06:00:00,1.3608,1.362,1.3596,1.3597,68309.89
2026-07-09 06:05:00,1.3597,1.3603,1.3569,1.358,45334.37
2026-07-09 06:10:00,1.358,1.3597,1.3551,1.3591,104168.89
2026-07-09 06:15:00,1.3591,1.3598,1.3579,1.3597,16255.54
2026-07-09 06:20:00,1.3597,1.3608,1.3572,1.3577,23985.36
2026-07-09 06:25:00,1.3577,1.3603,1.3572,1.3583,5810.26
2026-07-09 06:30:00,1.3583,1.3589,1.3572,1.3588,158898.35
2026-07-09 06:35:00,1.3588,1.3646,1.3574,1.3625,11554.01
2026-07-09 06:40:00,1.3625,1.3645,1.3593,1.3606,9140.25
2026-07-09 06:45:00,1.3606,1.3628,1.3585,1.3601,30523.4
2026-07-09 06:50:00,1.3601,1.3602,1.3572,1.359,82071.19
2026-07-09 06:55:00,1.359,1.363,1.3548,1.3626,67418.97
2026-07-09 07:00:00,1.3626,1.3649,1.3621,1.3633,198137.54
2026-07-09 07:05:00,1.3633,1.3644,1.3628,1.3639,19304.75
2026-07-09 07:10:00,1.3639,1.3653,1.3618,1.3635,48286.88
2026-07-09 07:15:00,1.3635,1.3649,1.3623,1.3643,43214.94
2026-07-09 07:20:00,1.3643,1.3663,1.3636,1.3651,50223.2
2026-07-09 07:25:00,1.3651,1.3666,1.3612,1.3622,26105.48
2026-07-09 07:30:00,1.3622,1.3625,1.3584,1.3598,142941.85
2026-07-09 07:35:00,1.3598,1.3609,1.3592,1.3597,73007.63
2026-07-09 07:40:00,1.3597,1.3597,1.3576,1.3578,6974.9
2026-07-09 07:45:00,1.3578,1.3579,1.3574,1.3577,26170.26
2026-07-09 07:50:00,1.3577,1.3615,1.3532,1.3605,76442.47
2026-07-09 07:55:00,1.3605,1.3607,1.3591,1.3602,31474.0
2026-07-09 08:00:00,1.3602,1.3606,1.3573,1.359,5478.66
2026-07-09 08:05:00,1.359,1.3606,1.3584,1.3602,146086.6
2026-07-09 08:10:00,1.3602,1.3613,1.3594,1.3608,48003.65
2026-07-09 08:15:00,1.3608,1.3613,1.3596,1.3596,12890.38
2026-07-09 08:20:00,1.3596,1.3632,1.3588,1.3629,32400.04
2026-07-09 08:25:00,1.3629,1.3646,1.3607,1.3638,17818.92
2026-07-09 08:30:00,1.3638,1.3647,1.3626,1.363,27593.55
2026-07-09 08:35:00,1.363,1.3645,1.3627,1.3642,93496.81
2026-07-09 08:40:00,1.3642,1.3648,1.3604,1.3614,21395.44
2026-07-09 08:45:00,1.3614,1.3647,1.3603,1.3632,149034.26
2026-07-09 08:50:00,1.3632,1.3633,1.3624,1.3628,64303.08
2026-07-09 08:55:00,1.3628,1.3641,1.3616,1.3633,27292.27
2026-07-09 09:00:00,1.3633,1.3649,1.3628,1.363,66914.2
2026-07-09 09:05:00,1.363,1.3645,1.3607,1.3616,97505.21
2026-07-09 09:10:00,1.3616,1.3618,1.3613,1.3614,105833.9
2026-07-09 09:15:00,1.3614,1.3625,1.3571,1.3599,4188.74
2026-07-09 09:20:00,1.3599,1.3621,1.3595,1.3604,658.24
2026-07-09 09:25:00,1.3604,1.3604,1.3601,1.3603,85438.18
2026-07-09 09:30:00,1.3603,1.3615,1.3569,1.3585,26424.03
2026-07-09 09:35:00,1.3585,1.3587,1.3561,1.357,29453.14
2026-07-09 09:40:00,1.357,1.3579,1.3548,1.3556,98809.13
2026-07-09 09:45:00,1.3556,1.3561,1.3548,1.3559,11621.77
2026-07-09 09:50:00,1.3559,1.3561,1.3543,1.3545,58397.03
2026-07-09 09:55:00,1.3545,1.3585,1.3517,1.3572,41856.71
2026-07-09 10:00:00,1.3572,1.3614,1.3542,1.3605,179603.3
2026-07-09 10:05:00,1.3605,1.3607,1.3597,1.3606,104490.3
2026-07-09 10:10:00,1.3606,1.361,1.3576,1.3581,2555.27
2026-07-09 10:15:00,1.3581,1.361,1.3576,1.3598,84.13
2026-07-09 10:20:00,1.3598,1.3619,1.3597,1.3612,8602.98
2026-07-09 10:25:00,1.3612,1.3622,1.3579,1.3601,100533.7
2026-07-09 10:30:00,1.3601,1.3621,1.3557,1.3615,56674.4
2026-07-09 10:35:00,1.3615,1.3624,1.3576,1.358,57372.49
2026-07-09 10:40:00,1.358,1.3603,1.3572,1.3597,48673.21
2026-07-09 10:45:00,1.3597,1.3639,1.3556,1.3627,323212.15
2026-07-09 10:50:00,1.3627,1.365,1.3621,1.3623,51828.95
2026-07-09 10:55:00,1.3623,1.3679,1.3619,1.3664,127462.09
2026-07-09 11:00:00,1.3664,1.3666,1.3646,1.3655,15309.37
2026-07-09 11:05:00,1.3655,1.3657,1.3627,1.3633,42336.23
2026-07-09 11:10:00,1.3633,1.3647,1.3622,1.3642,26304.01
2026-07-09 11:15:00,1.3642,1.3642,1.3628,1.3631,25487.15
2026-07-09 11:20:00,1.3631,1.3656,1.3628,1.3629,97878.46
2026-07-09 11:25:00,1.3629,1.3661,1.3628,1.3653,145509.15
2026-07-09 11:30:00,1.3653,1.3665,1.3636,1.3648,347769.34
2026-07-09 11:35:00,1.3648,1.3695,1.3619,1.3624,189782.24
2026-07-09 11:40:00,1.3624,1.3633,1.3591,1.3592,8953.17
2026-07-09 11:45:00,1.3592,1.3621,1.3559,1.3602,127899.51
2026-07-09 11:50:00,1.3602,1.3603,1.3559,1.3574,82041.26
2026-07-09 11:55:00,1.3574,1.3596,1.3562,1.3583,170223.41
2026-07-09 12:00:00,1.3583,1.3605,1.3571,1.3604,173188.75
2026-07-09 12:05:00,1.3604,1.3624,1.3587,1.3614,5236.52
2026-07-09 12:10:00,1.3614,1.362,1.3587,1.3609,43237.44
2026-07-09 12:15:00,1.3609,1.3615,1.36,1.3602,19269.52
2026-07-09 12:20:00,1.3602,1.3623,1.359,1.3612,92758.5
2026-07-09 12:25:00,1.3612,1.3646,1.36,1.3634,23835.95
2026-07-09 12:30:00,1.3634,1.365,1.3607,1.3618,45069.6
2026-07-09 12:35:00,1.3618,1.3631,1.3592,1.3595,59114.53
2026-07-09 12:40:00,1.3595,1.3606,1.3571,1.3581,7077.66
2026-07-09 12:45:00,1.3581,1.3585,1.3565,1.3566,6231.74
2026-07-09 12:50:00,1.3566,1.3576,1.3536,1.3546,13560.48
2026-07-09 12:55:00,1.3546,1.3566,1.3513,1.3557,47342.78
2026-07-09 13:00:00,1.3557,1.3565,1.354,1.3553,5877.27
2026-07-09 13:05:00,1.3553,1.356,1.3517,1.354,12072.59
2026-07-09 13:10:00,1.354,1.355,1.3502,1.3509,12619.65
2026-07-09 13:15:00,1.3509,1.3514,1.3483,1.3502,5876.39
2026-07-09 13:20:00,1.3502,1.3503,1.3492,1.3503,54066.63
2026-07-09 13:25:00,1.3503,1.3506,1.3477,1.3479,22847.85
2026-07-09 13:30:00,1.3479,1.3498,1.346,1.3474,43039.5
2026-07-09 13:35:00,1.3474,1.3521,1.3435,1.3509,174543.17
2026-07-09 13:40:00,1.3509,1.3532,1.3506,1.3515,133202.79
2026-07-09 13:45:00,1.3515,1.3561,1.3462,1.3549,31086.39
2026-07-09 13:50:00,1.3549,1.3553,1.3518,1.3522,8625.82
2026-07-09 13:55:00,1.3522,1.3544,1.3472,1.3537,269956.39
2026-07-09 14:00:00,1.3537,1.3575,1.348,1.3568,405532.03
2026-07-09 14:05:00,1.3568,1.3606,1.3535,1.3598,462028.7
2026-07-09 14:10:00,1.3598,1.3616,1.3592,1.3612,36713.21
2026-07-09 14:15:00,1.3612,1.3625,1.3607,1.3613,39914.32
2026-07-09 14:20:00,1.3613,1.3625,1.3588,1.36,14485.13
2026-07-09 14:25:00,1.36,1.3601,1.3597,1.3601,7773.71
2026-07-09 14:30:00,1.3601,1.3613,1.3581,1.3588,36119.09
2026-07-09 14:35:00,1.3588,1.3616,1.3585,1.3603,36507.04
2026-07-09 14:40:00,1.3603,1.3615,1.3591,1.361,44702.78
2026-07-09 14:45:00,1.361,1.3614,1.359,1.3601,15943.79
2026-07-09 14:50:00,1.3601,1.3604,1.3568,1.3572,42541.26
2026-07-09 14:55:00,1.3572,1.3577,1.3551,1.3564,80875.42
2026-07-09 15:00:00,1.3564,1.3574,1.354,1.3559,7381.36
2026-07-09 15:05:00,1.3559,1.3564,1.3537,1.3543,110461.97
2026-07-09 15:10:00,1.3543,1.3552,1.3526,1.353,34790.38
2026-07-09 15:15:00,1.353,1.3542,1.3512,1.3515,19160.43
2026-07-09 15:20:00,1.3515,1.3541,1.3506,1.3535,117616.5
2026-07-09 15:25:00,1.3535,1.3568,1.3531,1.3556,67544.72
2026-07-09 15:30:00,1.3556,1.3575,1.3554,1.3558,23353.84
2026-07-09 15:35:00,1.3558,1.3573,1.3547,1.3567,90534.81
2026-07-09 15:40:00,1.3567,1.3569,1.3538,1.3552,29830.57
2026-07-09 15:45:00,1.3552,1.358,1.3546,1.358,9369.02
2026-07-09 15:50:00,1.358,1.3582,1.3543,1.3558,27609.79
2026-07-09 15:55:00,1.3558,1.3589,1.3546,1.3581,120311.96
2026-07-09 16:00:00,1.3581,1.3596,1.3537,1.3557,39907.3
2026-07-09 16:05:00,1.3557,1.3584,1.3551,1.3575,4839.04
2026-07-09 16:10:00,1.3575,1.3588,1.3569,1.3575,500.13
2026-07-09 16:15:00,1.3575,1.3589,1.3556,1.3565,144792.74
2026-07-09 16:20:00,1.3565,1.3584,1.3542,1.355,7772.21
2026-07-09 16:25:00,1.355,1.3567,1.3548,1.3565,29238.0
2026-07-09 16:30:00,1.3565,1.3566,1.3553,1.3561,145618.43
2026-07-09 16:35:00,1.3561,1.3573,1.3558,1.3563,74722.87
2026-07-09 16:40:00,1.3563,1.3576,1.3547,1.3548,8660.56
2026-07-09 16:45:00,1.3548,1.3551,1.3519,1.3525,9286.76
2026-07-09 16:50:00,1.3525,1.3528,1.3506,1.3509,15092.93
2026-07-09 16:55:00,1.3509,1.3514,1.3492,1.3503,27876.52
2026-07-09 17:00:00,1.3503,1.351,1.3497,1.35,47085.78
2026-07-09 17:05:00,1.35,1.3536,1.3496,1.3533,27153.39
2026-07-09 17:10:00,1.3533,1.3543,1.3519,1.3523,32847.67
2026-07-09 17:15:00,1.3523,1.3545,1.3516,1.3529,5560.74
2026-07-09 17:20:00,1.3529,1.3536,1.3497,1.3512,175143.59
2026-07-09 17:25:00,1.3512,1.3515,1.3493,1.3499,150126.48
2026-07-09 17:30:00,1.3499,1.3545,1.3474,1.3535,13606.44
2026-07-09 17:35:00,1.3535,1.3539,1.3518,1.3527,27736.68
2026-07-09 17:40:00,1.3527,1.354,1.3516,1.3537,26055.69
2026-07-09 17:45:00,1.3537,1.3542,1.3516,1.3522,2925.66
2026-07-09 17:50:00,1.3522,1.3531,1.3494,1.3502,2019.81
2026-07-09 17:55:00,1.3502,1.352,1.3499,1.3515,33772.24
2026-07-09 18:00:00,1.3515,1.3525,1.3501,1.3524,23829.36
2026-07-09 18:05:00,1.3524,1.3547,1.3523,1.3541,12493.76
2026-07-09 18:10:00,1.3541,1.3541,1.3522,1.3541,2246.32
2026-07-09 18:15:00,1.3541,1.3567,1.3536,1.3559,28212.94
2026-07-09 18:20:00,1.3559,1.3561,1.3542,1.3548,60029.07
2026-07-09 18:25:00,1.3548,1.3556,1.3538,1.354,3731.87
2026-07-09 18:30:00,1.354,1.3546,1.3511,1.352,20833.48
2026-07-09 18:35:00,1.352,1.3526,1.3513,1.3519,14615.93
2026-07-09 18:40:00,1.3519,1.3519,1.3511,1.3516,9049.9
2026-07-09 18:45:00,1.3516,1.3554,1.3506,1.3552,2758.02
2026-07-09 18:50:00,1.3552,1.3579,1.355,1.3577,22918.25
2026-07-09 18:55:00,1.3577,1.3577,1.3569,1.3574,41305.95
2026-07-09 19:00:00,1.3574,1.358,1.3561,1.3568,99240.59
2026-07-09 19:05:00,1.3568,1.3595,1.3559,1.3595,44122.29
2026-07-09 19:10:00,1.3595,1.36,1.3569,1.3571,16827.7
2026-07-09 19:15:00,1.3571,1.3593,1.3562,1.3591,18453.94
2026-07-09 19:20:00,1.3591,1.3609,1.358,1.3602,39297.97
2026-07-09 19:25:00,1.3602,1.3603,1.3575,1.3598,4730.77
2026-07-09 19:30:00,1.3598,1.3607,1.358,1.3588,62721.31
2026-07-09 19:35:00,1.3588,1.3632,1.3565,1.3571,159950.61
2026-07-09 19:40:00,1.3571,1.3571,1.3537,1.3548,49857.39
2026-07-09 19:45:00,1.3548,1.3583,1.3537,1.3576,89674.14
2026-07-09 19:50:00,1.3576,1.3616,1.3535,1.3547,355411.25
2026-07-09 19:55:00,1.3547,1.3558,1.354,1.3549,3969.98
2026-07-09 20:00:00,1.3549,1.3557,1.3535,1.3545,15696.97
2026-07-09 20:05:00,1.3545,1.3582,1.3537,1.3563,16315.83
2026-07-09 20:10:00,1.3563,1.3583,1.3561,1.3565,20490.55
2026-07-09 20:15:00,1.3565,1.3579,1.3515,1.3528,61752.98
2026-07-09 20:20:00,1.3528,1.354,1.3527,1.354,111352.42
2026-07-09 20:25:00,1.354,1.3551,1.3524,1.3539,36673.62
2026-07-09 20:30:00,1.3539,1.3539,1.3522,1.3533,109142.08
2026-07-09 20:35:00,1.3533,1.3545,1.353,1.3536,37797.95
2026-07-09 20:40:00,1.3536,1.3563,1.3529,1.3548,73083.2
2026-07-09 20:45:00,1.3548,1.358,1.3537,1.3562,23683.14
2026-07-09 20:50:00,1.3562,1.3593,1.3551,1.3585,17569.24
2026-07-09 20:55:00,1.3585,1.3604,1.3565,1.3575,30651.9
2026-07-09 21:00:00,1.3575,1.3604,1.357,1.3597,26954.29
2026-07-09 21:05:00,1.3597,1.3653,1.3553,1.3561,37427.75
2026-07-09 21:10:00,1.3561,1.3562,1.3546,1.3557,10688.56
2026-07-09 21:15:00,1.3557,1.3559,1.353,1.3536,42633.3
2026-07-09 21:20:00,1.3536,1.3543,1.3531,1.3541,56558.71
2026-07-09 21:25:00,1.3541,1.3561,1.3529,1.3559,54761.01
2026-07-09 21:30:00,1.3559,1.3591,1.3551,1.3589,13072.64
2026-07-09 21:35:00,1.3589,1.3595,1.3566,1.357,21376.77
2026-07-09 21:40:00,1.357,1.358,1.3568,1.358,74610.1
2026-07-09 21:45:00,1.358,1.3603,1.3571,1.3591,76551.94
2026-07-09 21:50:00,1.3591,1.3594,1.3587,1.3588,4746.67
2026-07-09 21:55:00,1.3588,1.3599,1.3588,1.3594,32809.9
2026-07-09 22:00:00,1.3594,1.3653,1.3568,1.3574,41933.32
2026-07-09 22:05:00,1.3574,1.3577,1.3567,1.3574,3797.15
2026-07-09 22:10:00,1.3574,1.3583,1.3557,1.358,44792.75
2026-07-09 22:15:00,1.358,1.3583,1.3559,1.3559,79884.01
2026-07-09 22:20:00,1.3559,1.3586,1.3553,1.3577,341078.86
2026-07-09 22:25:00,1.3577,1.3577,1.3571,1.3576,15821.7
2026-07-09 22:30:00,1.3576,1.3591,1.3564,1.3587,37132.81
2026-07-09 22:35:00,1.3587,1.3593,1.3573,1.3585,34062.44
2026-07-09 22:40:00,1.3585,1.3595,1.3582,1.3592,137333.59
2026-07-09 22:45:00,1.3592,1.3599,1.3558,1.357,228651.84
2026-07-09 22:50:00,1.357,1.358,1.3566,1.3567,7100.89
2026-07-09 22:55:00,1.3567,1.3582,1.3553,1.3579,48168.47
2026-07-09 23:00:00,1.3579,1.3614,1.3574,1.3606,29245.67
2026-07-09 23:05:00,1.3606,1.362,1.3585,1.3602,1767.16
2026-07-09 23:10:00,1.3602,1.3655,1.3565,1.3576,65432.01
2026-07-09 23:15:00,1.3576,1.3581,1.3553,1.3557,20780.01
2026-07-09 23:20:00,1.3557,1.356,1.354,1.356,15409.79
2026-07-09 23:25:00,1.356,1.3569,1.353,1.3537,29044.1
2026-07-09 23:30:00,1.3537,1.3556,1.3516,1.3542,131070.39
2026-07-09 23:35:00,1.3542,1.36,1.353,1.3586,10748.5
2026-07-09 23:40:00,1.3586,1.3597,1.3573,1.3574,4054.28
2026-07-09 23:45:00,1.3574,1.3579,1.3541,1.3542,21249.77
2026-07-09 23:50:00,1.3542,1.3571,1.3529,1.3566,157066.11
2026-07-09 23:55:00,1.3566,1.3579,1.3524,1.3538,76214.76
2026-07-10 00:00:00,1.3538,1.3562,1.3515,1.3554,52575.59
2026-07-10 00:05:00,1.3554,1.3561,1.3546,1.3558,82475.62
2026-07-10 00:10:00,1.3558,1.357,1.353,1.3536,99910.37
2026-07-10 00:15:00,1.3536,1.3552,1.3499,1.3547,3586.87
2026-07-10 00:20:00,1.3547,1.3593,1.3493,1.3581,34584.05
2026-07-10 00:25:00,1.3581,1.3599,1.3561,1.3565,59354.99
2026-07-10 00:30:00,1.3565,1.3576,1.3549,1.3555,205050.76
2026-07-10 00:35:00,1.3555,1.3581,1.3502,1.3567,95034.84
2026-07-10 00:40:00,1.3567,1.3569,1.3559,1.3566,8721.94
2026-07-10 00:45:00,1.3566,1.3579,1.3553,1.3563,25215.38
2026-07-10 00:50:00,1.3563,1.3566,1.3533,1.3552,69549.69
2026-07-10 00:55:00,1.3552,1.3561,1.3544,1.3559,13021.75
2026-07-10 01:00:00,1.3559,1.3571,1.3549,1.3561,24402.28
2026-07-10 01:05:00,1.3561,1.3565,1.3539,1.3548,25571.52
2026-07-10 01:10:00,1.3548,1.3549,1.3536,1.3538,72770.8
2026-07-10 01:15:00,1.3538,1.3538,1.3526,1.3529,189672.12
2026-07-10 01:20:00,1.3529,1.3538,1.3485,1.3495,95455.74
2026-07-10 01:25:00,1.3495,1.3498,1.3461,1.3477,40304.66
2026-07-10 01:30:00,1.3477,1.3483,1.3472,1.3477,23728.39
2026-07-10 01:35:00,1.3477,1.3494,1.3472,1.3485,74506.48
2026-07-10 01:40:00,1.3485,1.35,1.3483,1.3492,23120.83
2026-07-10 01:45:00,1.3492,1.351,1.3486,1.3498,25089.92
2026-07-10 01:50:00,1.3498,1.3532,1.3466,1.352,602945.05
2026-07-10 01:55:00,1.352,1.3534,1.3515,1.3517,45464.21
2026-07-10 02:00:00,1.3517,1.3534,1.3494,1.3525,7306.15
2026-07-10 02:05:00,1.3525,1.3565,1.3465,1.3551,290365.35
2026-07-10 02:10:00,1.3551,1.3576,1.3541,1.3572,16368.2
2026-07-10 02:15:00,1.3572,1.3602,1.357,1.3597,35436.32
2026-07-10 02:20:00,1.3597,1.3603,1.3585,1.359,49956.9
2026-07-10 02:25:00,1.359,1.3611,1.3566,1.3576,8558.58
2026-07-10 02:30:00,1.3576,1.3592,1.3567,1.3586,24178.29
2026-07-10 02:35:00,1.3586,1.3597,1.3579,1.358,12378.51
2026-07-10 02:40:00,1.358,1.3614,1.355,1.3562,26080.8
2026-07-10 02:45:00,1.3562,1.3562,1.3535,1.3549,166388.98
2026-07-10 02:50:00,1.3549,1.3585,1.354,1.3577,40955.11
2026-07-10 02:55:00,1.3577,1.3607,1.3575,1.3605,117823.36
2026-07-10 03:00:00,1.3605,1.3662,1.3568,1.3579,213946.28
2026-07-10 03:05:00,1.3579,1.3634,1.3549,1.3559,108698.37
2026-07-10 03:10:00,1.3559,1.3575,1.3557,1.3559,63983.63
2026-07-10 03:15:00,1.3559,1.3575,1.3558,1.3572,247.48
2026-07-10 03:20:00,1.3572,1.3588,1.3568,1.3584,20327.93
2026-07-10 03:25:00,1.3584,1.3589,1.3559,1.3564,25434.17
2026-07-10 03:30:00,1.3564,1.3573,1.3549,1.3563,313008.58
2026-07-10 03:35:00,1.3563,1.3579,1.355,1.3551,61546.43
2026-07-10 03:40:00,1.3551,1.3575,1.3551,1.3568,89225.84
2026-07-10 03:45:00,1.3568,1.3573,1.3548,1.3554,75513.79
2026-07-10 03:50:00,1.3554,1.3562,1.3551,1.3554,49514.67
2026-07-10 03:55:00,1.3554,1.3561,1.3551,1.3558,6230.68
2026-07-10 04:00:00,1.3558,1.3559,1.3543,1.3554,95581.51
2026-07-10 04:05:00,1.3554,1.3557,1.3532,1.3537,10068.21
2026-07-10 04:10:00,1.3537,1.3548,1.3506,1.3509,33790.03
2026-07-10 04:15:00,1.3509,1.3527,1.3502,1.352,24182.85
2026-07-10 04:20:00,1.352,1.352,1.3497,1.3504,17206.89
2026-07-10 04:25:00,1.3504,1.3528,1.3503,1.3525,90602.73
2026-07-10 04:30:00,1.3525,1.3536,1.3524,1.3532,32068.2
2026-07-10 04:35:00,1.3532,1.3538,1.3531,1.3537,30715.36
2026-07-10 04:40:00,1.3537,1.3545,1.3524,1.3543,13173.7
2026-07-10 04:45:00,1.3543,1.3554,1.3536,1.3538,25633.19
2026-07-10 04:50:00,1.3538,1.3546,1.3535,1.354,49357.53
2026-07-10 04:55:00,1.354,1.3543,1.3534,1.3537,14412.42
2026-07-10 05:00:00,1.3537,1.3539,1.3509,1.3528,20529.25
2026-07-10 05:05:00,1.3528,1.3531,1.3497,1.3508,39040.95
2026-07-10 05:10:00,1.3508,1.3517,1.3498,1.3505,53473.81
2026-07-10 05:15:00,1.3505,1.3505,1.3474,1.3491,23491.61
2026-07-10 05:20:00,1.3491,1.3499,1.3475,1.3485,125000.22
2026-07-10 05:25:00,1.3485,1.3494,1.3475,1.3484,70609.48
2026-07-10 05:30:00,1.3484,1.3485,1.3444,1.3448,18211.2
2026-07-10 05:35:00,1.3448,1.3476,1.3404,1.3469,65933.58
2026-07-10 05:40:00,1.3469,1.3514,1.3468,1.3506,30264.36
2026-07-10 05:45:00,1.3506,1.3513,1.3497,1.3513,54312.69
2026-07-10 05:50:00,1.3513,1.3537,1.3513,1.3535,19791.03
2026-07-10 05:55:00,1.3535,1.3538,1.3506,1.3523,1089.2
2026-07-10 06:00:00,1.3523,1.3544,1.3518,1.3528,12763.41
2026-07-10 06:05:00,1.3528,1.3562,1.3511,1.3547,346690.43
2026-07-10 06:10:00,1.3547,1.3552,1.3545,1.3547,143166.34
2026-07-10 06:15:00,1.3547,1.3564,1.3529,1.353,21291.64
2026-07-10 06:20:00,1.353,1.3554,1.3529,1.3543,9901.47
2026-07-10 06:25:00,1.3543,1.3543,1.3538,1.3539,31463.52
2026-07-10 06:30:00,1.3539,1.3551,1.352,1.3543,113594.42
2026-07-10 06:35:00,1.3543,1.3556,1.3537,1.354,116350.24
2026-07-10 06:40:00,1.354,1.3554,1.353,1.3545,49150.85
2026-07-10 06:45:00,1.3545,1.3547,1.3527,1.3535,78189.91
2026-07-10 06:50:00,1.3535,1.3546,1.3531,1.3535,20893.17
2026-07-10 06:55:00,1.3535,1.3545,1.349,1.3509,158872.82
2026-07-10 07:00:00,1.3509,1.3534,1.3509,1.3521,12309.7
2026-07-10 07:05:00,1.3521,1.3535,1.3513,1.3528,288.72
2026-07-10 07:10:00,1.3528,1.3541,1.3519,1.3519,58839.07
2026-07-10 07:15:00,1.3519,1.3553,1.3514,1.3552,4995.5
2026-07-10 07:20:00,1.3552,1.3553,1.3501,1.3513,56694.61
2026-07-10 07:25:00,1.3513,1.3525,1.3496,1.3509,65272.38
2026-07-10 07:30:00,1.3509,1.3518,1.3504,1.3515,24858.19
2026-07-10 07:35:00,1.3515,1.3527,1.351,1.3511,233332.36
2026-07-10 07:40:00,1.3511,1.3521,1.3487,1.3499,15046.98
2026-07-10 07:45:00,1.3499,1.3514,1.3472,1.3485,3779.32
2026-07-10 07:50:00,1.3485,1.3553,1.348,1.3527,25933.51
2026-07-10 07:55:00,1.3527,1.354,1.3517,1.3535,8016.97
2026-07-10 08:00:00,1.3535,1.3569,1.3517,1.3555,82526.0
2026-07-10 08:05:00,1.3555,1.3577,1.354,1.3566,6552.38
2026-07-10 08:10:00,1.3566,1.3576,1.3565,1.3573,23025.86
2026-07-10 08:15:00,1.3573,1.3608,1.3549,1.3555,217832.54
2026-07-10 08:20:00,1.3555,1.3577,1.3513,1.3526,79518.9
2026-07-10 08:25:00,1.3526,1.3537,1.3514,1.3516,8715.83
2026-07-10 08:30:00,1.3516,1.3521,1.3505,1.3505,80920.61
2026-07-10 08:35:00,1.3505,1.3506,1.3496,1.3498,117613.58
2026-07-10 08:40:00,1.3498,1.3508,1.3472,1.3484,43439.11
2026-07-10 08:45:00,1.3484,1.3501,1.3481,1.3494,10688.11
2026-07-10 08:50:00,1.3494,1.3494,1.3458,1.3475,65257.33
2026-07-10 08:55:00,1.3475,1.3495,1.3465,1.3491,12295.19
2026-07-10 09:00:00,1.3491,1.3517,1.3474,1.3506,29949.03
2026-07-10 09:05:00,1.3506,1.3531,1.3502,1.3522,66304.11
2026-07-10 09:10:00,1.3522,1.3576,1.3517,1.3564,5314.08
2026-07-10 09:15:00,1.3564,1.3567,1.3539,1.3548,11691.9
2026-07-10 09:20:00,1.3548,1.3563,1.3526,1.3537,32902.92
2026-07-10 09:25:00,1.3537,1.3538,1.3488,1.3519,1001.14
2026-07-10 09:30:00,1.3519,1.3538,1.3512,1.3524,35387.74
2026-07-10 09:35:00,1.3524,1.3539,1.3496,1.35,120261.02
2026-07-10 09:40:00,1.35,1.3533,1.3498,1.3521,8068.53
2026-07-10 09:45:00,1.3521,1.3534,1.3514,1.3523,7701.09
2026-07-10 09:50:00,1.3523,1.3537,1.3513,1.3537,28712.47
2026-07-10 09:55:00,1.3537,1.3539,1.3501,1.351,37285.95
2026-07-10 10:00:00,1.351,1.3524,1.3504,1.3508,22059.49
2026-07-10 10:05:00,1.3508,1.3519,1.3497,1.3498,191648.99
2026-07-10 10:10:00,1.3498,1.3501,1.348,1.3488,46628.1
2026-07-10 10:15:00,1.3488,1.3497,1.3475,1.349,7477.47
2026-07-10 10:20:00,1.349,1.3506,1.3477,1.3478,7612.16
2026-07-10 10:25:00,1.3478,1.3493,1.3477,1.3479,42421.61
2026-07-10 10:30:00,1.3479,1.3487,1.3459,1.3471,48482.37
2026-07-10 10:35:00,1.3471,1.3514,1.3435,1.3508,118836.94
2026-07-10 10:40:00,1.3508,1.3514,1.3498,1.3513,49391.86
2026-07-10 10:45:00,1.3513,1.353,1.3505,1.3521,130887.34
2026-07-10 10:50:00,1.3521,1.3537,1.3503,1.3504,63116.94
2026-07-10 10:55:00,1.3504,1.351,1.3488,1.3494,17335.03
2026-07-10 11:00:00,1.3494,1.3508,1.349,1.3497,9643.67
2026-07-10 11:05:00,1.3497,1.3513,1.3462,1.3472,17885.14
2026-07-10 11:10:00,1.3472,1.3476,1.3464,1.3475,22715.35
2026-07-10 11:15:00,1.3475,1.3496,1.3449,1.3455,6289.37
2026-07-10 11:20:00,1.3455,1.3469,1.3447,1.3468,30256.72
2026-07-10 11:25:00,1.3468,1.3468,1.346,1.346,49978.71
2026-07-10 11:30:00,1.346,1.3473,1.3453,1.3464,11726.9
2026-07-10 11:35:00,1.3464,1.3504,1.3456,1.349,46899.1
2026-07-10 11:40:00,1.349,1.3496,1.3465,1.3473,72477.41
2026-07-10 11:45:00,1.3473,1.3498,1.3438,1.3487,319350.29
2026-07-10 11:50:00,1.3487,1.3492,1.3483,1.3489,14398.54
2026-07-10 11:55:00,1.3489,1.3531,1.3487,1.3516,4089.55
2026-07-10 12:00:00,1.3516,1.3518,1.3496,1.3505,14219.59
2026-07-10 12:05:00,1.3505,1.3509,1.3488,1.3501,35780.62
2026-07-10 12:10:00,1.3501,1.3516,1.3487,1.3504,18805.58
2026-07-10 12:15:00,1.3504,1.3524,1.3499,1.3505,36073.53
2026-07-10 12:20:00,1.3505,1.3513,1.3479,1.3488,34334.95
2026-07-10 12:25:00,1.3488,1.3497,1.3462,1.3479,26952.6
2026-07-10 12:30:00,1.3479,1.3524,1.3462,1.352,20450.44
2026-07-10 12:35:00,1.352,1.3529,1.349,1.3496,44496.27
2026-07-10 12:40:00,1.3496,1.3518,1.3467,1.3471,10215.02
2026-07-10 12:45:00,1.3471,1.3508,1.3445,1.3496,79168.51
2026-07-10 12:50:00,1.3496,1.3497,1.3488,1.3494,40119.83
2026-07-10 12:55:00,1.3494,1.3497,1.3485,1.3488,9153.89
2026-07-10 13:00:00,1.3488,1.353,1.3481,1.3522,46422.05
2026-07-10 13:05:00,1.3522,1.3522,1.351,1.3513,24385.53
2026-07-10 13:10:00,1.3513,1.354,1.3494,1.3521,10867.42
2026-07-10 13:15:00,1.3521,1.354,1.3478,1.3488,24582.27
2026-07-10 13:20:00,1.3488,1.3507,1.3464,1.3499,324063.64
2026-07-10 13:25:00,1.3499,1.351,1.3466,1.3486,1820.7
2026-07-10 13:30:00,1.3486,1.3497,1.3478,1.3484,126246.5
2026-07-10 13:35:00,1.3484,1.349,1.3451,1.346,37171.44
2026-07-10 13:40:00,1.346,1.3467,1.3452,1.3464,28725.92
2026-07-10 13:45:00,1.3464,1.3474,1.345,1.3455,669.08
2026-07-10 13:50:00,1.3455,1.3493,1.3401,1.3486,5322.08
2026-07-10 13:55:00,1.3486,1.3494,1.3469,1.3482,52321.19
2026-07-10 14:00:00,1.3482,1.3482,1.3456,1.3464,96032.87
2026-07-10 14:05:00,1.3464,1.3476,1.3449,1.3453,21272.85
2026-07-10 14:10:00,1.3453,1.35,1.3437,1.3483,7887.27
2026-07-10 14:15:00,1.3483,1.3497,1.3469,1.3479,29837.32
2026-07-10 14:20:00,1.3479,1.3511,1.3467,1.349,11978.92
2026-07-10 14:25:00,1.349,1.35,1.3464,1.3473,19170.56
2026-07-10 14:30:00,1.3473,1.3505,1.3448,1.3494,199060.58
2026-07-10 14:35:00,1.3494,1.3499,1.3484,1.3491,15823.22
2026-07-10 14:40:00,1.3491,1.3507,1.3457,1.3474,140070.98
2026-07-10 14:45:00,1.3474,1.3508,1.3419,1.35,80083.91
2026-07-10 14:50:00,1.35,1.3527,1.3494,1.3515,105853.16
2026-07-10 14:55:00,1.3515,1.3541,1.3511,1.3523,102191.74
2026-07-10 15:00:00,1.3523,1.3528,1.3483,1.3497,638.12
2026-07-10 15:05:00,1.3497,1.3503,1.348,1.349,78541.48
2026-07-10 15:10:00,1.349,1.3491,1.346,1.3467,41723.99
2026-07-10 15:15:00,1.3467,1.3503,1.3436,1.3499,23455.47
2026-07-10 15:20:00,1.3499,1.3499,1.3476,1.3486,113804.63
2026-07-10 15:25:00,1.3486,1.3523,1.3478,1.35,24634.15
2026-07-10 15:30:00,1.35,1.3528,1.3496,1.3522,22632.65
2026-07-10 15:35:00,1.3522,1.3532,1.3511,1.3522,20325.45
2026-07-10 15:40:00,1.3522,1.3574,1.3487,1.3497,14277.99
2026-07-10 15:45:00,1.3497,1.3502,1.3497,1.3498,30872.26
2026-07-10 15:50:00,1.3498,1.3503,1.3472,1.3483,31151.01
2026-07-10 15:55:00,1.3483,1.3493,1.3461,1.3462,71201.72
2026-07-10 16:00:00,1.3462,1.3477,1.3459,1.3475,12051.92
2026-07-10 16:05:00,1.3475,1.3491,1.3455,1.3468,33094.0
2026-07-10 16:10:00,1.3468,1.347,1.3464,1.3465,30768.09
2026-07-10 16:15:00,1.3465,1.3472,1.345,1.3456,5876.43
2026-07-10 16:20:00,1.3456,1.348,1.3411,1.3467,301869.72
2026-07-10 16:25:00,1.3467,1.3472,1.3415,1.3438,9434.52
2026-07-10 16:30:00,1.3438,1.3443,1.3409,1.3417,126437.98
2026-07-10 16:35:00,1.3417,1.3425,1.3395,1.3407,42080.37
2026-07-10 16:40:00,1.3407,1.345,1.3375,1.3442,7378.74
2026-07-10 16:45:00,1.3442,1.3486,1.3426,1.347,63674.79
2026-07-10 16:50:00,1.347,1.3484,1.3464,1.348,5057.18
2026-07-10 16:55:00,1.348,1.3485,1.3473,1.3475,115542.09
2026-07-10 17:00:00,1.3475,1.3496,1.3453,1.3489,350919.44
2026-07-10 17:05:00,1.3489,1.3497,1.3471,1.3481,120783.95
2026-07-10 17:10:00,1.3481,1.3521,1.3469,1.3521,104476.24
2026-07-10 17:15:00,1.3521,1.3527,1.3493,1.3497,110439.87
2026-07-10 17:20:00,1.3497,1.3501,1.3471,1.3478,228422.41
2026-07-10 17:25:00,1.3478,1.3498,1.3436,1.3491,484307.64
2026-07-10 17:30:00,1.3491,1.3499,1.3474,1.3476,66542.05
2026-07-10 17:35:00,1.3476,1.349,1.3462,1.3462,78288.86
2026-07-10 17:40:00,1.3462,1.3471,1.3455,1.3466,134909.3
2026-07-10 17:45:00,1.3466,1.3478,1.3461,1.3468,56790.41
2026-07-10 17:50:00,1.3468,1.3514,1.3417,1.3507,140370.35
2026-07-10 17:55:00,1.3507,1.3534,1.3486,1.3488,33839.77
2026-07-10 18:00:00,1.3488,1.3489,1.3462,1.3475,63420.42
2026-07-10 18:05:00,1.3475,1.351,1.3461,1.3498,89217.01
2026-07-10 18:10:00,1.3498,1.3514,1.3495,1.3512,9003.5
2026-07-10 18:15:00,1.3512,1.3539,1.3471,1.348,90881.91
2026-07-10 18:20:00,1.348,1.3483,1.3475,1.3481,51964.64
2026-07-10 18:25:00,1.3481,1.3492,1.3474,1.3489,9212.81
2026-07-10 18:30:00,1.3489,1.3519,1.3488,1.3505,11633.5
2026-07-10 18:35:00,1.3505,1.353,1.3481,1.3487,30168.54
2026-07-10 18:40:00,1.3487,1.3494,1.3452,1.3462,29005.31
2026-07-10 18:45:00,1.3462,1.348,1.3424,1.3475,25247.67
2026-07-10 18:50:00,1.3475,1.3494,1.3472,1.3487,95063.09
2026-07-10 18:55:00,1.3487,1.3504,1.3474,1.3496,45740.87
2026-07-10 19:00:00,1.3496,1.3516,1.3493,1.3508,9514.62
2026-07-10 19:05:00,1.3508,1.352,1.3493,1.3517,15681.47
2026-07-10 19:10:00,1.3517,1.357,1.3488,1.3493,152069.37
2026-07-10 19:15:00,1.3493,1.3494,1.3488,1.3491,8671.24
2026-07-10 19:20:00,1.3491,1.3494,1.3477,1.3493,64415.59
2026-07-10 19:25:00,1.3493,1.3499,1.3475,1.3483,59281.54
2026-07-10 19:30:00,1.3483,1.3488,1.3458,1.3472,7175.54
2026-07-10 19:35:00,1.3472,1.3472,1.3458,1.3468,32430.29
2026-07-10 19:40:00,1.3468,1.3483,1.3464,1.3472,6514.86
2026-07-10 19:45:00,1.3472,1.3481,1.3452,1.3461,32081.36
2026-07-10 19:50:00,1.3461,1.3481,1.3435,1.3446,29217.69
2026-07-10 19:55:00,1.3446,1.3452,1.3422,1.3449,238706.36
2026-07-10 20:00:00,1.3449,1.3458,1.3442,1.3453,12737.65
2026-07-10 20:05:00,1.3453,1.3453,1.3438,1.3441,104606.95
2026-07-10 20:10:00,1.3441,1.3441,1.3438,1.344,30711.71
2026-07-10 20:15:00,1.344,1.3443,1.3427,1.3435,11443.27
2026-07-10 20:20:00,1.3435,1.3471,1.3429,1.3469,159001.98
2026-07-10 20:25:00,1.3469,1.3474,1.3457,1.3462,29173.08
2026-07-10 20:30:00,1.3462,1.3475,1.3455,1.3462,27879.22
2026-07-10 20:35:00,1.3462,1.347,1.3459,1.3464,54835.11
2026-07-10 20:40:00,1.3464,1.348,1.3432,1.3445,25855.48
2026-07-10 20:45:00,1.3445,1.3453,1.3437,1.344,74148.46
2026-07-10 20:50:00,1.344,1.3453,1.3434,1.3448,65601.77
2026-07-10 20:55:00,1.3448,1.346,1.3434,1.344,21304.77
2026-07-10 21:00:00,1.344,1.3445,1.3393,1.3402,22492.91
2026-07-10 21:05:00,1.3402,1.3442,1.3349,1.3434,52092.88
2026-07-10 21:10:00,1.3434,1.3461,1.3395,1.3456,48155.17
2026-07-10 21:15:00,1.3456,1.3464,1.3456,1.346,24687.07
2026-07-10 21:20:00,1.346,1.3467,1.3451,1.3464,139.17
2026-07-10 21:25:00,1.3464,1.3489,1.3458,1.348,20421.93
2026-07-10 21:30:00,1.348,1.3488,1.3449,1.3459,3406.73
2026-07-10 21:35:00,1.3459,1.3469,1.345,1.3467,37519.68
2026-07-10 21:40:00,1.3467,1.348,1.3448,1.3453,14863.82
2026-07-10 21:45:00,1.3453,1.3453,1.3408,1.3419,12664.35
2026-07-10 21:50:00,1.3419,1.3449,1.3372,1.3443,65115.75
2026-07-10 21:55:00,1.3443,1.3447,1.3429,1.3438,34665.67
2026-07-10 22:00:00,1.3438,1.3467,1.3411,1.3466,34547.59
2026-07-10 22:05:00,1.3466,1.3467,1.3464,1.3466,23229.2
2026-07-10 22:10:00,1.3466,1.3473,1.3456,1.3472,48182.47
2026-07-10 22:15:00,1.3472,1.3494,1.3467,1.3471,56106.84
2026-07-10 22:20:00,1.3471,1.3473,1.3442,1.3451,15037.34
2026-07-10 22:25:00,1.3451,1.3463,1.3446,1.3459,58370.9
2026-07-10 22:30:00,1.3459,1.3467,1.3423,1.3424,79163.66
2026-07-10 22:35:00,1.3424,1.3432,1.3405,1.3431,32273.72
2026-07-10 22:40:00,1.3431,1.3443,1.3414,1.3434,21458.89
2026-07-10 22:45:00,1.3434,1.3465,1.3429,1.3446,4394.07
2026-07-10 22:50:00,1.3446,1.3478,1.343,1.346,101985.33
2026-07-10 22:55:00,1.346,1.3479,1.3444,1.3457,20542.25
2026-07-10 23:00:00,1.3457,1.3467,1.3457,1.3458,28256.26
2026-07-10 23:05:00,1.3458,1.3471,1.3445,1.3465,13689.25
2026-07-10 23:10:00,1.3465,1.3484,1.3457,1.3468,52257.64
2026-07-10 23:15:00,1.3468,1.3496,1.3465,1.3483,47481.18
2026-07-10 23:20:00,1.3483,1.349,1.3477,1.3483,55140.45
2026-07-10 23:25:00,1.3483,1.3488,1.3477,1.3485,33001.77
2026-07-10 23:30:00,1.3485,1.3507,1.3482,1.3501,8061.11
2026-07-10 23:35:00,1.3501,1.3521,1.3499,1.3518,83760.59
2026-07-10 23:40:00,1.3518,1.3539,1.3474,1.3485,143112.99
2026-07-10 23:45:00,1.3485,1.3512,1.3477,1.3507,56290.3
2026-07-10 23:50:00,1.3507,1.3534,1.3486,1.3517,39298.3
2026-07-10 23:55:00,1.3517,1.3538,1.3515,1.3532,32650.19
2026-07-11 00:00:00,1.3532,1.3557,1.3501,1.3511,361764.59
2026-07-11 00:05:00,1.3511,1.3545,1.3464,1.3477,707649.86
2026-07-11 00:10:00,1.3477,1.3491,1.3475,1.3486,25912.07
2026-07-11 00:15:00,1.3486,1.3532,1.3444,1.3451,25168.06
2026-07-11 00:20:00,1.3451,1.3453,1.3431,1.3448,217831.68
2026-07-11 00:25:00,1.3448,1.3493,1.3436,1.3469,168024.8
2026-07-11 00:30:00,1.3469,1.3495,1.3462,1.3485,184749.04
2026-07-11 00:35:00,1.3485,1.352,1.3464,1.3505,10524.49
2026-07-11 00:40:00,1.3505,1.3513,1.3498,1.351,119318.44
2026-07-11 00:45:00,1.351,1.353,1.3492,1.3497,356974.58
2026-07-11 00:50:00,1.3497,1.3503,1.3496,1.3501,6531.39
2026-07-11 00:55:00,1.3501,1.3528,1.3482,1.3487,145269.08
2026-07-11 01:00:00,1.3487,1.3495,1.3453,1.3472,20501.92
2026-07-11 01:05:00,1.3472,1.349,1.346,1.3475,3547.61
2026-07-11 01:10:00,1.3475,1.3502,1.3473,1.3484,97351.86
2026-07-11 01:15:00,1.3484,1.3488,1.3438,1.345,36574.61
2026-07-11 01:20:00,1.345,1.3465,1.345,1.3463,700.62
2026-07-11 01:25:00,1.3463,1.3465,1.344,1.3443,50176.42
2026-07-11 01:30:00,1.3443,1.3478,1.3433,1.3457,17211.55
2026-07-11 01:35:00,1.3457,1.3468,1.3433,1.3451,25047.85
2026-07-11 01:40:00,1.3451,1.3453,1.3421,1.3437,139029.26
2026-07-11 01:45:00,1.3437,1.3461,1.3434,1.3452,7855.23
2026-07-11 01:50:00,1.3452,1.3469,1.3438,1.3459,13484.54
2026-07-11 01:55:00,1.3459,1.3474,1.345,1.3452,1495.22
2026-07-11 02:00:00,1.3452,1.3476,1.3429,1.3458,5399.3
2026-07-11 02:05:00,1.3458,1.3464,1.3439,1.3447,59515.07
2026-07-11 02:10:00,1.3447,1.3472,1.344,1.3458,14664.01
2026-07-11 02:15:00,1.3458,1.3508,1.3442,1.3482,77641.91
2026-07-11 02:20:00,1.3482,1.3517,1.3441,1.3446,270465.09
2026-07-11 02:25:00,1.3446,1.3464,1.343,1.346,6668.93
2026-07-11 02:30:00,1.346,1.3483,1.3457,1.3467,5594.48
2026-07-11 02:35:00,1.3467,1.3475,1.3456,1.3459,38926.92
2026-07-11 02:40:00,1.3459,1.3484,1.3456,1.3466,45800.25
2026-07-11 02:45:00,1.3466,1.3478,1.3461,1.3462,32242.87
2026-07-11 02:50:00,1.3462,1.3488,1.3461,1.348,30009.59
2026-07-11 02:55:00,1.348,1.3502,1.3479,1.349,16730.22
2026-07-11 03:00:00,1.349,1.354,1.3464,1.3475,201098.86
2026-07-11 03:05:00,1.3475,1.3502,1.3473,1.3487,20571.34
2026-07-11 03:10:00,1.3487,1.3502,1.347,1.3495,55076.73
2026-07-11 03:15:00,1.3495,1.3497,1.3487,1.349,43318.26
2026-07-11 03:20:00,1.349,1.3517,1.3465,1.3476,111723.59
2026-07-11 03:25:00,1.3476,1.3528,1.343,1.3442,204707.82
2026-07-11 03:30:00,1.3442,1.3487,1.344,1.3477,6664.19
2026-07-11 03:35:00,1.3477,1.3512,1.3471,1.35,161262.28
2026-07-11 03:40:00,1.35,1.3508,1.3488,1.349,37932.45
2026-07-11 03:45:00,1.349,1.3492,1.3469,1.3474,56732.45
2026-07-11 03:50:00,1.3474,1.3492,1.3469,1.3483,52021.99
2026-07-11 03:55:00,1.3483,1.3523,1.3483,1.3501,6684.53
2026-07-11 04:00:00,1.3501,1.3504,1.3478,1.3485,30950.15
2026-07-11 04:05:00,1.3485,1.3489,1.347,1.3471,145804.5
2026-07-11 04:10:00,1.3471,1.3474,1.3437,1.3445,158140.59
2026-07-11 04:15:00,1.3445,1.3484,1.343,1.3463,154281.73
2026-07-11 04:20:00,1.3463,1.3466,1.3433,1.3447,17336.11
2026-07-11 04:25:00,1.3447,1.3474,1.3423,1.3456,33455.83
2026-07-11 04:30:00,1.3456,1.3497,1.3455,1.3488,72785.66
2026-07-11 04:35:00,1.3488,1.3493,1.3461,1.3469,27506.82
2026-07-11 04:40:00,1.3469,1.3485,1.3443,1.3452,7468.2
2026-07-11 04:45:00,1.3452,1.3476,1.3408,1.341,17429.04
2026-07-11 04:50:00,1.341,1.3422,1.3381,1.3404,78199.99
2026-07-11 04:55:00,1.3404,1.3442,1.3352,1.3438,139578.83
2026-07-11 05:00:00,1.3438,1.348,1.3413,1.3471,282140.73
2026-07-11 05:05:00,1.3471,1.3477,1.3471,1.3471,34955.14
2026-07-11 05:10:00,1.3471,1.35,1.3463,1.3495,2570.9
2026-07-11 05:15:00,1.3495,1.3498,1.3487,1.349,10052.37
2026-07-11 05:20:00,1.349,1.3519,1.3484,1.3514,34594.17
2026-07-11 05:25:00,1.3514,1.352,1.3513,1.3519,71402.0
2026-07-11 05:30:00,1.3519,1.3565,1.3494,1.3507,9391.69
2026-07-11 05:35:00,1.3507,1.3565,1.3479,1.3489,4983.71
2026-07-11 05:40:00,1.3489,1.3491,1.3481,1.3483,17616.37
2026-07-11 05:45:00,1.3483,1.3495,1.3479,1.3487,4826.09
2026-07-11 05:50:00,1.3487,1.349,1.3452,1.3464,13660.3
2026-07-11 05:55:00,1.3464,1.3493,1.3458,1.3478,5259.77
2026-07-11 06:00:00,1.3478,1.349,1.3477,1.3479,83872.99
2026-07-11 06:05:00,1.3479,1.3482,1.3479,1.3481,52110.48
2026-07-11 06:10:00,1.3481,1.3513,1.3479,1.3509,1148.55
2026-07-11 06:15:00,1.3509,1.3543,1.3468,1.3473,500228.69
2026-07-11 06:20:00,1.3473,1.3476,1.3449,1.3452,34719.77
2026-07-11 06:25:00,1.3452,1.3484,1.3446,1.348,134492.27
2026-07-11 06:30:00,1.348,1.3484,1.3473,1.3474,73026.26
2026-07-11 06:35:00,1.3474,1.3484,1.3466,1.3477,72412.44
2026-07-11 06:40:00,1.3477,1.3478,1.3432,1.3455,163674.5
2026-07-11 06:45:00,1.3455,1.3473,1.345,1.3468,139089.29
2026-07-11 06:50:00,1.3468,1.3483,1.3467,1.3467,18172.37
2026-07-11 06:55:00,1.3467,1.3468,1.3458,1.346,52491.7
2026-07-11 07:00:00,1.346,1.3497,1.343,1.3493,286782.48
2026-07-11 07:05:00,1.3493,1.3496,1.3455,1.3461,16716.03
2026-07-11 07:10:00,1.3461,1.3488,1.3434,1.3482,243181.6
2026-07-11 07:15:00,1.3482,1.349,1.3439,1.3449,40764.65
2026-07-11 07:20:00,1.3449,1.3485,1.3442,1.3476,25682.69
2026-07-11 07:25:00,1.3476,1.3482,1.3445,1.3449,39538.2
2026-07-11 07:30:00,1.3449,1.3468,1.3425,1.3458,20037.91
2026-07-11 07:35:00,1.3458,1.3487,1.3457,1.3483,2394.22
2026-07-11 07:40:00,1.3483,1.3507,1.348,1.3482,189275.49
2026-07-11 07:45:00,1.3482,1.3497,1.3467,1.3476,37566.45
2026-07-11 07:50:00,1.3476,1.3477,1.3456,1.3464,22021.5
2026-07-11 07:55:00,1.3464,1.3475,1.346,1.3472,27227.96
2026-07-11 08:00:00,1.3472,1.3481,1.3467,1.3474,44980.59
2026-07-11 08:05:00,1.3474,1.3474,1.3447,1.3454,13820.44
2026-07-11 08:10:00,1.3454,1.3455,1.3445,1.3451,10771.45
2026-07-11 08:15:00,1.3451,1.3453,1.3425,1.3429,154465.6
2026-07-11 08:20:00,1.3429,1.346,1.3377,1.3454,187667.54
2026-07-11 08:25:00,1.3454,1.3458,1.3444,1.3447,43356.4
2026-07-11 08:30:00,1.3447,1.3458,1.3441,1.3452,58163.01
2026-07-11 08:35:00,1.3452,1.3471,1.3451,1.3456,13550.71
2026-07-11 08:40:00,1.3456,1.3471,1.3421,1.3429,61123.2
2026-07-11 08:45:00,1.3429,1.3459,1.3406,1.3453,32883.49
2026-07-11 08:50:00,1.3453,1.3492,1.3446,1.3478,41489.89
2026-07-11 08:55:00,1.3478,1.3491,1.3476,1.3479,4230.16
2026-07-11 09:00:00,1.3479,1.3488,1.3464,1.3479,6042.17
2026-07-11 09:05:00,1.3479,1.3488,1.3463,1.3465,63016.26
2026-07-11 09:10:00,1.3465,1.3482,1.3455,1.3456,1872.5
2026-07-11 09:15:00,1.3456,1.3495,1.3452,1.3486,47197.66
2026-07-11 09:20:00,1.3486,1.3528,1.3478,1.3515,16903.88
2026-07-11 09:25:00,1.3515,1.3536,1.3515,1.3528,52569.02
2026-07-11 09:30:00,1.3528,1.3535,1.3505,1.3529,31559.21
2026-07-11 09:35:00,1.3529,1.3549,1.3511,1.3515,376123.45
2026-07-11 09:40:00,1.3515,1.3571,1.349,1.3501,200593.73
2026-07-11 09:45:00,1.3501,1.3548,1.3492,1.3538,17470.07
2026-07-11 09:50:00,1.3538,1.3574,1.3512,1.3521,302620.88
2026-07-11 09:55:00,1.3521,1.3523,1.35,1.3501,55598.62
2026-07-11 10:00:00,1.3501,1.3503,1.3482,1.3482,72406.84
2026-07-11 10:05:00,1.3482,1.3492,1.3478,1.3489,13745.0
2026-07-11 10:10:00,1.3489,1.3511,1.3482,1.3509,46844.35
2026-07-11 10:15:00,1.3509,1.3526,1.3504,1.3523,28409.7
2026-07-11 10:20:00,1.3523,1.3579,1.3479,1.3485,715247.96
2026-07-11 10:25:00,1.3485,1.3495,1.3452,1.3462,30651.38
2026-07-11 10:30:00,1.3462,1.3469,1.3447,1.3447,14444.94
2026-07-11 10:35:00,1.3447,1.3456,1.342,1.3425,69949.69
2026-07-11 10:40:00,1.3425,1.3446,1.342,1.3435,91240.39
2026-07-11 10:45:00,1.3435,1.3445,1.3435,1.3443,3944.97
2026-07-11 10:50:00,1.3443,1.3446,1.3407,1.3408,90229.53
2026-07-11 10:55:00,1.3408,1.342,1.3405,1.3416,21783.11
2026-07-11 11:00:00,1.3416,1.3441,1.3387,1.3435,17119.38
2026-07-11 11:05:00,1.3435,1.3444,1.3407,1.3431,133298.54
2026-07-11 11:10:00,1.3431,1.3463,1.3422,1.3439,11052.71
2026-07-11 11:15:00,1.3439,1.3464,1.3431,1.3451,39099.88
2026-07-11 11:20:00,1.3451,1.3459,1.344,1.3452,10166.26
2026-07-11 11:25:00,1.3452,1.3459,1.3447,1.3458,105191.87
2026-07-11 11:30:00,1.3458,1.3463,1.3458,1.346,22183.24
2026-07-11 11:35:00,1.346,1.3467,1.3447,1.3447,3216.96
2026-07-11 11:40:00,1.3447,1.345,1.3442,1.3448,150144.53
2026-07-11 11:45:00,1.3448,1.3466,1.3438,1.3461,60965.49
2026-07-11 11:50:00,1.3461,1.3471,1.3432,1.3438,27926.74
2026-07-11 11:55:00,1.3438,1.3441,1.3419,1.3425,35725.89
2026-07-11 12:00:00,1.3425,1.3447,1.3393,1.3441,82866.91
2026-07-11 12:05:00,1.3441,1.347,1.344,1.3463,30383.69
2026-07-11 12:10:00,1.3463,1.3474,1.3419,1.344,41332.8
2026-07-11 12:15:00,1.344,1.3447,1.3415,1.3427,50715.36
2026-07-11 12:20:00,1.3427,1.345,1.3416,1.3443,104890.94
2026-07-11 12:25:00,1.3443,1.345,1.3423,1.3427,2912.84
2026-07-11 12:30:00,1.3427,1.3445,1.3404,1.3407,15392.12
2026-07-11 12:35:00,1.3407,1.3412,1.3398,1.34,20027.12
2026-07-11 12:40:00,1.34,1.3413,1.339,1.3394,189210.11
2026-07-11 12:45:00,1.3394,1.3419,1.338,1.341,24672.93
2026-07-11 12:50:00,1.341,1.3441,1.3357,1.3379,18802.63
2026-07-11 12:55:00,1.3379,1.3389,1.3356,1.3367,101489.01
2026-07-11 13:00:00,1.3367,1.3409,1.3342,1.3402,211880.01
2026-07-11 13:05:00,1.3402,1.3421,1.3389,1.3413,59953.26
2026-07-11 13:10:00,1.3413,1.3414,1.3406,1.3407,29065.39
2026-07-11 13:15:00,1.3407,1.3411,1.3371,1.3392,45619.9
2026-07-11 13:20:00,1.3392,1.3395,1.3376,1.3382,1451.22
2026-07-11 13:25:00,1.3382,1.3384,1.337,1.3384,16373.48
2026-07-11 13:30:00,1.3384,1.3396,1.3355,1.3389,57180.62
2026-07-11 13:35:00,1.3389,1.3408,1.3373,1.3395,73403.13
2026-07-11 13:40:00,1.3395,1.3425,1.3342,1.3416,669901.65
2026-07-11 13:45:00,1.3416,1.3417,1.34,1.3401,17054.48
2026-07-11 13:50:00,1.3401,1.3406,1.3399,1.3403,445.52
2026-07-11 13:55:00,1.3403,1.3439,1.3356,1.3431,198504.41
2026-07-11 14:00:00,1.3431,1.3438,1.3429,1.3433,113251.76
2026-07-11 14:05:00,1.3433,1.3445,1.3425,1.344,36190.1
2026-07-11 14:10:00,1.344,1.3462,1.3436,1.346,111455.74
2026-07-11 14:15:00,1.346,1.3485,1.3452,1.3478,10753.56
2026-07-11 14:20:00,1.3478,1.348,1.346,1.3466,32240.3
2026-07-11 14:25:00,1.3466,1.3482,1.3437,1.345,63790.75
2026-07-11 14:30:00,1.345,1.3457,1.3444,1.3446,131984.55
2026-07-11 14:35:00,1.3446,1.3454,1.3428,1.3431,23498.86
2026-07-11 14:40:00,1.3431,1.3463,1.339,1.3457,148918.09
2026-07-11 14:45:00,1.3457,1.3482,1.345,1.3476,13309.36
2026-07-11 14:50:00,1.3476,1.3487,1.346,1.3485,916.85
2026-07-11 14:55:00,1.3485,1.349,1.3473,1.3473,234980.46
2026-07-11 15:00:00,1.3473,1.3483,1.3452,1.3482,27958.55
2026-07-11 15:05:00,1.3482,1.3489,1.3473,1.3483,90820.78
2026-07-11 15:10:00,1.3483,1.3491,1.3482,1.3487,36891.86
2026-07-11 15:15:00,1.3487,1.3496,1.3439,1.3457,44620.86
2026-07-11 15:20:00,1.3457,1.3462,1.3446,1.345,39296.85
2026-07-11 15:25:00,1.345,1.3451,1.3409,1.3417,25164.37
2026-07-11 15:30:00,1.3417,1.3439,1.3388,1.3428,128355.87
2026-07-11 15:35:00,1.3428,1.3442,1.3421,1.3434,26261.21
2026-07-11 15:40:00,1.3434,1.3445,1.3421,1.343,149840.39
2026-07-11 15:45:00,1.343,1.3462,1.3415,1.3444,158557.32
2026-07-11 15:50:00,1.3444,1.3456,1.3433,1.3439,37126.75
2026-07-11 15:55:00,1.3439,1.3448,1.3413,1.3417,9698.45
2026-07-11 16:00:00,1.3417,1.3424,1.3402,1.3418,53059.27
2026-07-11 16:05:00,1.3418,1.3437,1.3405,1.3419,10655.86
2026-07-11 16:10:00,1.3419,1.3435,1.3401,1.3405,26074.98
2026-07-11 16:15:00,1.3405,1.3434,1.3379,1.3389,45886.12
2026-07-11 16:20:00,1.3389,1.3407,1.3371,1.3399,1271.27
2026-07-11 16:25:00,1.3399,1.3441,1.3387,1.3423,73867.03
2026-07-11 16:30:00,1.3423,1.3432,1.3393,1.3399,2349.23
2026-07-11 16:35:00,1.3399,1.3405,1.3371,1.3373,83639.47
2026-07-11 16:40:00,1.3373,1.3386,1.3357,1.3362,17596.11
2026-07-11 16:45:00,1.3362,1.3365,1.3353,1.3358,47511.01
2026-07-11 16:50:00,1.3358,1.3388,1.3322,1.3378,50721.99
2026-07-11 16:55:00,1.3378,1.3416,1.3347,1.3407,177099.18
2026-07-11 17:00:00,1.3407,1.3435,1.3395,1.3425,46130.63
2026-07-11 17:05:00,1.3425,1.344,1.3409,1.3421,13542.33
2026-07-11 17:10:00,1.3421,1.3421,1.3388,1.3419,53426.7
2026-07-11 17:15:00,1.3419,1.3433,1.3408,1.3423,65825.74
2026-07-11 17:20:00,1.3423,1.3431,1.3409,1.3423,57745.73
2026-07-11 17:25:00,1.3423,1.3439,1.3414,1.343,122318.13
2026-07-11 17:30:00,1.343,1.3446,1.3429,1.3442,153729.64
2026-07-11 17:35:00,1.3442,1.3467,1.3441,1.3448,18414.21
2026-07-11 17:40:00,1.3448,1.346,1.343,1.3434,10840.83
2026-07-11 17:45:00,1.3434,1.344,1.3429,1.3431,65839.48
2026-07-11 17:50:00,1.3431,1.3449,1.3416,1.3446,64929.22
2026-07-11 17:55:00,1.3446,1.3463,1.3434,1.3462,62417.22
2026-07-11 18:00:00,1.3462,1.3497,1.3451,1.3487,18613.69
2026-07-11 18:05:00,1.3487,1.3546,1.3484,1.3539,17504.18
2026-07-11 18:10:00,1.3539,1.3552,1.3515,1.3529,73261.53
2026-07-11 18:15:00,1.3529,1.3545,1.3526,1.3533,217268.38
2026-07-11 18:20:00,1.3533,1.354,1.3518,1.3528,7046.37
2026-07-11 18:25:00,1.3528,1.3542,1.3512,1.3522,81507.83
2026-07-11 18:30:00,1.3522,1.3528,1.3515,1.3518,42588.42
2026-07-11 18:35:00,1.3518,1.3533,1.3505,1.3526,261180.77
2026-07-11 18:40:00,1.3526,1.3569,1.3492,1.3502,110786.24
2026-07-11 18:45:00,1.3502,1.3504,1.3469,1.3474,53491.31
2026-07-11 18:50:00,1.3474,1.3479,1.3455,1.3466,79876.61
2026-07-11 18:55:00,1.3466,1.3482,1.3462,1.348,6870.49
2026-07-11 19:00:00,1.348,1.3517,1.3435,1.3441,357698.41
2026-07-11 19:05:00,1.3441,1.3451,1.3407,1.3422,4261.67
2026-07-11 19:10:00,1.3422,1.3476,1.3419,1.3454,41033.42
2026-07-11 19:15:00,1.3454,1.3467,1.3415,1.3431,56828.55
2026-07-11 19:20:00,1.3431,1.3432,1.3412,1.3415,75657.63
2026-07-11 19:25:00,1.3415,1.3425,1.3395,1.3396,3422.36
2026-07-11 19:30:00,1.3396,1.3415,1.339,1.3411,63943.22
2026-07-11 19:35:00,1.3411,1.3412,1.3374,1.3387,127217.67
2026-07-11 19:40:00,1.3387,1.3392,1.3383,1.3385,90565.62
2026-07-11 19:45:00,1.3385,1.3398,1.3382,1.3393,4736.28
2026-07-11 19:50:00,1.3393,1.3418,1.3385,1.341,115567.79
2026-07-11 19:55:00,1.341,1.3439,1.3407,1.3431,69476.98
2026-07-11 20:00:00,1.3431,1.3463,1.3431,1.3452,1159.75
2026-07-11 20:05:00,1.3452,1.3478,1.3437,1.3473,6011.39
2026-07-11 20:10:00,1.3473,1.3485,1.3461,1.3463,5970.81
2026-07-11 20:15:00,1.3463,1.3513,1.3448,1.3493,18321.6
2026-07-11 20:20:00,1.3493,1.3499,1.3473,1.348,98285.1
2026-07-11 20:25:00,1.348,1.3528,1.3459,1.3518,72354.9
2026-07-11 20:30:00,1.3518,1.3549,1.3472,1.3483,51869.17
2026-07-11 20:35:00,1.3483,1.3489,1.3474,1.3474,66939.38
2026-07-11 20:40:00,1.3474,1.3478,1.3472,1.3478,4145.53
2026-07-11 20:45:00,1.3478,1.3479,1.3465,1.3472,16702.47
2026-07-11 20:50:00,1.3472,1.3482,1.3453,1.3482,853.89
2026-07-11 20:55:00,1.3482,1.3505,1.348,1.3485,39308.1
2026-07-11 21:00:00,1.3485,1.351,1.3469,1.3502,5014.18
2026-07-11 21:05:00,1.3502,1.3528,1.348,1.3517,4047.33
2026-07-11 21:10:00,1.3517,1.3577,1.3485,1.3499,217643.56
2026-07-11 21:15:00,1.3499,1.3499,1.3487,1.349,296.9
2026-07-11 21:20:00,1.349,1.3492,1.3478,1.3492,139797.64
2026-07-11 21:25:00,1.3492,1.3502,1.3478,1.3489,7163.16
2026-07-11 21:30:00,1.3489,1.3493,1.3474,1.3486,22751.88
2026-07-11 21:35:00,1.3486,1.3489,1.3454,1.3465,115082.48
2026-07-11 21:40:00,1.3465,1.3502,1.3457,1.3494,1592.16
2026-07-11 21:45:00,1.3494,1.3499,1.3485,1.3497,68234.58
2026-07-11 21:50:00,1.3497,1.35,1.3494,1.3496,66968.8
2026-07-11 21:55:00,1.3496,1.3515,1.3495,1.3513,25238.04
2026-07-11 22:00:00,1.3513,1.3566,1.3475,1.3486,103756.3
2026-07-11 22:05:00,1.3486,1.3492,1.3464,1.3478,27402.7
2026-07-11 22:10:00,1.3478,1.3487,1.3467,1.3484,8575.52
2026-07-11 22:15:00,1.3484,1.349,1.3469,1.3471,71615.69
2026-07-11 22:20:00,1.3471,1.3487,1.3451,1.3468,73257.92
2026-07-11 22:25:00,1.3468,1.3492,1.3466,1.3482,96137.95
2026-07-11 22:30:00,1.3482,1.3489,1.3473,1.3476,4433.74
2026-07-11 22:35:00,1.3476,1.3493,1.3468,1.3492,5054.75
2026-07-11 22:40:00,1.3492,1.351,1.3486,1.3505,35486.97
2026-07-11 22:45:00,1.3505,1.3506,1.3482,1.3486,4937.52
2026-07-11 22:50:00,1.3486,1.3502,1.3484,1.3488,31483.3
2026-07-11 22:55:00,1.3488,1.3508,1.3488,1.3498,71809.39
2026-07-11 23:00:00,1.3498,1.3519,1.3495,1.3512,50006.15
2026-07-11 23:05:00,1.3512,1.3519,1.3482,1.3492,18421.78
2026-07-11 23:10:00,1.3492,1.3502,1.3439,1.3452,5452.35
2026-07-11 23:15:00,1.3452,1.3479,1.3452,1.347,74903.38
2026-07-11 23:20:00,1.347,1.3472,1.3442,1.3467,9522.98
2026-07-11 23:25:00,1.3467,1.3484,1.3462,1.3484,3444.02
2026-07-11 23:30:00,1.3484,1.3511,1.3478,1.3506,8881.41
2026-07-11 23:35:00,1.3506,1.3511,1.3492,1.3494,65581.18
2026-07-11 23:40:00,1.3494,1.3509,1.3491,1.3503,37375.08
2026-07-11 23:45:00,1.3503,1.3512,1.3486,1.3494,69663.72
2026-07-11 23:50:00,1.3494,1.3505,1.3468,1.3475,40050.8
2026-07-11 23:55:00,1.3475,1.3476,1.3459,1.3467,49223.8
2026-07-12 00:00:00,1.3467,1.3479,1.3457,1.3463,27809.66
2026-07-12 00:05:00,1.3463,1.3465,1.3434,1.3437,10248.04
2026-07-12 00:10:00,1.3437,1.3441,1.3405,1.3413,69258.74
2026-07-12 00:15:00,1.3413,1.3422,1.3371,1.3381,110724.02
2026-07-12 00:20:00,1.3381,1.3401,1.3365,1.337,62285.11
2026-07-12 00:25:00,1.337,1.3407,1.3348,1.34,28789.11
2026-07-12 00:30:00,1.34,1.3434,1.3363,1.3423,7138.52
2026-07-12 00:35:00,1.3423,1.343,1.3412,1.3415,14718.35
2026-07-12 00:40:00,1.3415,1.3423,1.3402,1.3402,75848.96
2026-07-12 00:45:00,1.3402,1.3405,1.3387,1.3397,53523.0
2026-07-12 00:50:00,1.3397,1.3428,1.3393,1.342,93519.14
2026-07-12 00:55:00,1.342,1.3447,1.3415,1.3437,43855.37
2026-07-12 01:00:00,1.3437,1.3444,1.3434,1.3435,18555.95
2026-07-12 01:05:00,1.3435,1.3459,1.342,1.3439,177940.86
2026-07-12 01:10:00,1.3439,1.3453,1.343,1.3439,75087.49
2026-07-12 01:15:00,1.3439,1.3488,1.3438,1.3466,1000.02
2026-07-12 01:20:00,1.3466,1.3477,1.344,1.3447,53747.85
2026-07-12 01:25:00,1.3447,1.3449,1.341,1.3436,21501.75
2026-07-12 01:30:00,1.3436,1.3454,1.3418,1.3446,74157.33
2026-07-12 01:35:00,1.3446,1.3453,1.3423,1.3452,16430.06
2026-07-12 01:40:00,1.3452,1.3466,1.3452,1.346,66640.5
2026-07-12 01:45:00,1.346,1.3467,1.3457,1.3467,53952.8
2026-07-12 01:50:00,1.3467,1.347,1.3449,1.3463,53128.73
2026-07-12 01:55:00,1.3463,1.3473,1.3455,1.3457,9631.86
2026-07-12 02:00:00,1.3457,1.3474,1.3448,1.3468,152361.14
2026-07-12 02:05:00,1.3468,1.3495,1.3462,1.3483,29364.12
2026-07-12 02:10:00,1.3483,1.3489,1.3463,1.3474,744.93
2026-07-12 02:15:00,1.3474,1.3479,1.3453,1.3472,2998.61
2026-07-12 02:20:00,1.3472,1.3478,1.3467,1.3473,3015.17
2026-07-12 02:25:00,1.3473,1.348,1.3463,1.3473,44818.8
2026-07-12 02:30:00,1.3473,1.348,1.3468,1.3477,1945.21
2026-07-12 02:35:00,1.3477,1.3489,1.3461,1.3466,30049.02
2026-07-12 02:40:00,1.3466,1.3478,1.3458,1.3459,34434.93
2026-07-12 02:45:00,1.3459,1.3478,1.3432,1.3445,51464.57
2026-07-12 02:50:00,1.3445,1.3447,1.344,1.3446,38232.54
2026-07-12 02:55:00,1.3446,1.3449,1.3416,1.343,30238.81
2026-07-12 03:00:00,1.343,1.3453,1.3415,1.345,57545.0
2026-07-12 03:05:00,1.345,1.3462,1.3445,1.3459,9114.53
2026-07-12 03:10:00,1.3459,1.3488,1.3443,1.3444,18659.25
2026-07-12 03:15:00,1.3444,1.3452,1.3421,1.3433,35384.89
2026-07-12 03:20:00,1.3433,1.3436,1.3425,1.3434,67180.05
2026-07-12 03:25:00,1.3434,1.3475,1.3416,1.3459,15324.52
2026-07-12 03:30:00,1.3459,1.3483,1.3455,1.3476,17946.78
2026-07-12 03:35:00,1.3476,1.3483,1.3454,1.3462,1043.38
2026-07-12 03:40:00,1.3462,1.3476,1.346,1.346,34253.42
2026-07-12 03:45:00,1.346,1.3486,1.344,1.3471,20563.47
2026-07-12 03:50:00,1.3471,1.3492,1.3465,1.3479,21728.15
2026-07-12 03:55:00,1.3479,1.3492,1.345,1.3466,95899.08
2026-07-12 04:00:00,1.3466,1.3468,1.3439,1.3449,49881.02
2026-07-12 04:05:00,1.3449,1.3459,1.3439,1.3456,60745.59
2026-07-12 04:10:00,1.3456,1.3457,1.3451,1.3456,18480.4
2026-07-12 04:15:00,1.3456,1.3466,1.3417,1.3434,13454.13
2026-07-12 04:20:00,1.3434,1.3439,1.3425,1.3429,15162.47
2026-07-12 04:25:00,1.3429,1.3447,1.3394,1.3416,90628.07
2026-07-12 04:30:00,1.3416,1.3441,1.3398,1.3437,9287.2
2026-07-12 04:35:00,1.3437,1.3444,1.3417,1.3428,18283.02
2026-07-12 04:40:00,1.3428,1.3448,1.3407,1.344,81747.7
2026-07-12 04:45:00,1.344,1.3461,1.3437,1.3454,43183.29
2026-07-12 04:50:00,1.3454,1.3476,1.3451,1.3475,26332.91
2026-07-12 04:55:00,1.3475,1.3494,1.3474,1.3484,18172.31
2026-07-12 05:00:00,1.3484,1.3497,1.3474,1.3494,39998.44
2026-07-12 05:05:00,1.3494,1.3554,1.3465,1.3477,838159.14
2026-07-12 05:10:00,1.3477,1.3487,1.3455,1.3485,2148.39
2026-07-12 05:15:00,1.3485,1.3493,1.3483,1.3491,41072.11
2026-07-12 05:20:00,1.3491,1.3512,1.3489,1.3491,46650.04
2026-07-12 05:25:00,1.3491,1.3498,1.3467,1.3477,12574.71
2026-07-12 05:30:00,1.3477,1.3494,1.3476,1.3478,9100.02
2026-07-12 05:35:00,1.3478,1.3485,1.3453,1.3466,52551.99
2026-07-12 05:40:00,1.3466,1.3472,1.3461,1.347,55589.84
2026-07-12 05:45:00,1.347,1.3493,1.3433,1.3448,23280.54
2026-07-12 05:50:00,1.3448,1.346,1.3446,1.3446,107268.22
2026-07-12 05:55:00,1.3446,1.3472,1.3425,1.3463,25588.51
2026-07-12 06:00:00,1.3463,1.347,1.3451,1.3454,119961.25
2026-07-12 06:05:00,1.3454,1.3467,1.341,1.3421,109210.02
2026-07-12 06:10:00,1.3421,1.3466,1.3419,1.3461,27959.94
2026-07-12 06:15:00,1.3461,1.3469,1.3456,1.346,15117.7
2026-07-12 06:20:00,1.346,1.3468,1.3443,1.3445,24813.09
2026-07-12 06:25:00,1.3445,1.3472,1.343,1.3472,53246.43
2026-07-12 06:30:00,1.3472,1.3475,1.3467,1.3469,53047.48
2026-07-12 06:35:00,1.3469,1.3471,1.3445,1.3453,9540.32
2026-07-12 06:40:00,1.3453,1.3479,1.3443,1.3463,68248.34
2026-07-12 06:45:00,1.3463,1.3489,1.3455,1.3475,71257.07
2026-07-12 06:50:00,1.3475,1.3492,1.3464,1.3467,12073.92
2026-07-12 06:55:00,1.3467,1.348,1.3466,1.3474,10473.71
2026-07-12 07:00:00,1.3474,1.3484,1.3467,1.3478,99866.19
2026-07-12 07:05:00,1.3478,1.3526,1.3459,1.3466,6012.88
2026-07-12 07:10:00,1.3466,1.349,1.3454,1.3486,45284.01
2026-07-12 07:15:00,1.3486,1.352,1.3436,1.3447,24251.0
2026-07-12 07:20:00,1.3447,1.3452,1.3415,1.3421,127909.57
2026-07-12 07:25:00,1.3421,1.3432,1.3391,1.3395,16481.32
2026-07-12 07:30:00,1.3395,1.3409,1.3384,1.3402,69443.67
2026-07-12 07:35:00,1.3402,1.3418,1.34,1.3414,143510.24
2026-07-12 07:40:00,1.3414,1.3443,1.3389,1.3432,233511.35
2026-07-12 07:45:00,1.3432,1.3438,1.3414,1.3438,6810.41
2026-07-12 07:50:00,1.3438,1.3458,1.3436,1.3453,75526.46
2026-07-12 07:55:00,1.3453,1.3472,1.3425,1.3447,125645.63
2026-07-12 08:00:00,1.3447,1.3477,1.3439,1.3466,57398.39
2026-07-12 08:05:00,1.3466,1.3469,1.346,1.3469,43744.0
2026-07-12 08:10:00,1.3469,1.3475,1.3454,1.3464,2346.35
2026-07-12 08:15:00,1.3464,1.3472,1.3447,1.3454,25226.25
2026-07-12 08:20:00,1.3454,1.3471,1.3446,1.3466,12225.63
2026-07-12 08:25:00,1.3466,1.3489,1.3455,1.3483,79565.62
2026-07-12 08:30:00,1.3483,1.3488,1.3482,1.3483,9653.34
2026-07-12 08:35:00,1.3483,1.3494,1.3471,1.3483,23268.96
2026-07-12 08:40:00,1.3483,1.3494,1.3475,1.3493,26675.18
2026-07-12 08:45:00,1.3493,1.3502,1.3456,1.3469,46877.85
2026-07-12 08:50:00,1.3469,1.3482,1.3459,1.3466,79326.68
2026-07-12 08:55:00,1.3466,1.3478,1.3464,1.3473,53830.69
2026-07-12 09:00:00,1.3473,1.3499,1.3468,1.3477,117240.38
2026-07-12 09:05:00,1.3477,1.3485,1.3468,1.3479,45498.52
2026-07-12 09:10:00,1.3479,1.3518,1.3477,1.3509,78777.38
2026-07-12 09:15:00,1.3509,1.3526,1.35,1.3511,81875.89
2026-07-12 09:20:00,1.3511,1.3559,1.349,1.3496,76069.32
2026-07-12 09:25:00,1.3496,1.355,1.3449,1.3459,1908.81
2026-07-12 09:30:00,1.3459,1.3481,1.3452,1.3462,20817.94
2026-07-12 09:35:00,1.3462,1.3467,1.3451,1.3458,1419.65
2026-07-12 09:40:00,1.3458,1.3464,1.3447,1.3452,16463.58
2026-07-12 09:45:00,1.3452,1.3481,1.344,1.3479,8735.9
2026-07-12 09:50:00,1.3479,1.3535,1.3453,1.3462,176499.69
2026-07-12 09:55:00,1.3462,1.3464,1.345,1.3455,107283.46
2026-07-12 10:00:00,1.3455,1.3465,1.3435,1.3443,116623.06
2026-07-12 10:05:00,1.3443,1.3446,1.3437,1.3437,70906.96
2026-07-12 10:10:00,1.3437,1.3447,1.3425,1.344,19206.8
2026-07-12 10:15:00,1.344,1.3464,1.3439,1.3462,126470.79
2026-07-12 10:20:00,1.3462,1.347,1.3448,1.3454,26567.78
2026-07-12 10:25:00,1.3454,1.3479,1.3446,1.3475,64521.47
2026-07-12 10:30:00,1.3475,1.3481,1.347,1.348,64624.2
2026-07-12 10:35:00,1.348,1.3529,1.3451,1.3459,363755.16
2026-07-12 10:40:00,1.3459,1.3472,1.3454,1.3463,323.65
2026-07-12 10:45:00,1.3463,1.3473,1.3441,1.3456,116961.93
2026-07-12 10:50:00,1.3456,1.3476,1.3454,1.3474,9495.68
2026-07-12 10:55:00,1.3474,1.3518,1.3453,1.346,94937.47
2026-07-12 11:00:00,1.346,1.3462,1.3436,1.3449,191847.12
2026-07-12 11:05:00,1.3449,1.3465,1.3447,1.3456,159380.02
2026-07-12 11:10:00,1.3456,1.3458,1.3423,1.3435,28983.43
2026-07-12 11:15:00,1.3435,1.3444,1.3407,1.343,43822.04
2026-07-12 11:20:00,1.343,1.3451,1.3419,1.3438,31614.91
2026-07-12 11:25:00,1.3438,1.3449,1.3433,1.3437,62358.73
2026-07-12 11:30:00,1.3437,1.3455,1.3423,1.3434,25729.95
2026-07-12 11:35:00,1.3434,1.3454,1.3427,1.3432,79309.29
2026-07-12 11:40:00,1.3432,1.3452,1.3409,1.3427,45423.0
2026-07-12 11:45:00,1.3427,1.345,1.3402,1.3443,91181.85
2026-07-12 11:50:00,1.3443,1.3444,1.3435,1.3438,348.86
2026-07-12 11:55:00,1.3438,1.3471,1.3418,1.3462,359643.12
2026-07-12 12:00:00,1.3462,1.3479,1.3457,1.3472,41422.34
2026-07-12 12:05:00,1.3472,1.3521,1.347,1.3504,41633.58
2026-07-12 12:10:00,1.3504,1.354,1.3502,1.3536,173528.08
2026-07-12 12:15:00,1.3536,1.3547,1.3532,1.354,16321.89
2026-07-12 12:20:00,1.354,1.3545,1.3524,1.3542,190832.61
2026-07-12 12:25:00,1.3542,1.3547,1.3504,1.3522,13400.74
2026-07-12 12:30:00,1.3522,1.3547,1.3497,1.3503,9209.53
2026-07-12 12:35:00,1.3503,1.3514,1.3476,1.3486,35977.29
2026-07-12 12:40:00,1.3486,1.3525,1.345,1.3463,116167.47
2026-07-12 12:45:00,1.3463,1.3474,1.3457,1.3464,10439.84
2026-07-12 12:50:00,1.3464,1.3501,1.3461,1.35,115856.7
2026-07-12 12:55:00,1.35,1.3537,1.3498,1.3519,74495.04
2026-07-12 13:00:00,1.3519,1.3529,1.3507,1.3523,119290.85
2026-07-12 13:05:00,1.3523,1.3529,1.3515,1.3524,60852.47
2026-07-12 13:10:00,1.3524,1.3558,1.3483,1.3492,92965.87
2026-07-12 13:15:00,1.3492,1.351,1.3469,1.3486,18993.48
2026-07-12 13:20:00,1.3486,1.3519,1.346,1.3468,35760.42
2026-07-12 13:25:00,1.3468,1.347,1.3454,1.3455,22976.33
2026-07-12 13:30:00,1.3455,1.3467,1.3451,1.3465,25473.53
2026-07-12 13:35:00,1.3465,1.3487,1.3453,1.3464,4017.69
2026-07-12 13:40:00,1.3464,1.3467,1.3449,1.3457,19914.45
2026-07-12 13:45:00,1.3457,1.3503,1.3446,1.3496,117853.94
2026-07-12 13:50:00,1.3496,1.3526,1.3453,1.3462,302600.66
2026-07-12 13:55:00,1.3462,1.3471,1.3462,1.3467,124868.55
2026-07-12 14:00:00,1.3467,1.3472,1.3445,1.3454,11940.42
2026-07-12 14:05:00,1.3454,1.3469,1.3447,1.3468,37129.77
2026-07-12 14:10:00,1.3468,1.3477,1.3446,1.3449,26014.88
2026-07-12 14:15:00,1.3449,1.3458,1.3433,1.3457,23630.12
2026-07-12 14:20:00,1.3457,1.3468,1.3451,1.3465,13924.19
2026-07-12 14:25:00,1.3465,1.3471,1.3454,1.346,69528.71
2026-07-12 14:30:00,1.346,1.349,1.3452,1.3479,11008.78
2026-07-12 14:35:00,1.3479,1.3504,1.3478,1.35,33941.19
2026-07-12 14:40:00,1.35,1.3542,1.3473,1.3483,5626.05
2026-07-12 14:45:00,1.3483,1.35,1.3481,1.3498,32059.3
2026-07-12 14:50:00,1.3498,1.3509,1.3494,1.3508,39522.63
2026-07-12 14:55:00,1.3508,1.3544,1.3502,1.3541,41048.15
2026-07-12 15:00:00,1.3541,1.3572,1.3505,1.3511,169896.64
2026-07-12 15:05:00,1.3511,1.3564,1.3482,1.3492,6949.71
2026-07-12 15:10:00,1.3492,1.3546,1.3452,1.3463,183384.32
2026-07-12 15:15:00,1.3463,1.3465,1.3431,1.3435,253141.91
2026-07-12 15:20:00,1.3435,1.3452,1.3424,1.3441,124385.02
2026-07-12 15:25:00,1.3441,1.3447,1.3422,1.3428,28244.08
2026-07-12 15:30:00,1.3428,1.3463,1.3389,1.3454,59007.42
2026-07-12 15:35:00,1.3454,1.3493,1.3449,1.3487,28048.27
2026-07-12 15:40:00,1.3487,1.3494,1.3483,1.3483,12623.46
2026-07-12 15:45:00,1.3483,1.3484,1.3467,1.3472,56300.77
2026-07-12 15:50:00,1.3472,1.3497,1.3467,1.3497,14333.63
2026-07-12 15:55:00,1.3497,1.3526,1.3495,1.3509,124049.02
2026-07-12 16:00:00,1.3509,1.3521,1.3504,1.3506,21495.7
2026-07-12 16:05:00,1.3506,1.3518,1.3505,1.3514,19627.51
2026-07-12 16:10:00,1.3514,1.3515,1.3503,1.3512,40690.13
2026-07-12 16:15:00,1.3512,1.3522,1.3489,1.3492,145584.91
2026-07-12 16:20:00,1.3492,1.3495,1.3477,1.3485,64813.5
2026-07-12 16:25:00,1.3485,1.3491,1.3447,1.3459,21224.61
2026-07-12 16:30:00,1.3459,1.3474,1.3455,1.3473,117523.68
2026-07-12 16:35:00,1.3473,1.3497,1.3462,1.349,13455.33
2026-07-12 16:40:00,1.349,1.3511,1.3474,1.3504,2057.54
2026-07-12 16:45:00,1.3504,1.3514,1.3498,1.3505,14822.87
2026-07-12 16:50:00,1.3505,1.3507,1.3475,1.3482,17537.85
2026-07-12 16:55:00,1.3482,1.3511,1.346,1.3498,1829.56
2026-07-12 17:00:00,1.3498,1.3507,1.3491,1.3503,1012.18
2026-07-12 17:05:00,1.3503,1.3524,1.3501,1.3515,25793.81
2026-07-12 17:10:00,1.3515,1.355,1.3473,1.3482,148781.34
2026-07-12 17:15:00,1.3482,1.3483,1.3457,1.347,44107.51
2026-07-12 17:20:00,1.347,1.3473,1.345,1.3458,31771.24
2026-07-12 17:25:00,1.3458,1.3464,1.3449,1.3451,56112.0
2026-07-12 17:30:00,1.3451,1.3455,1.3438,1.3444,13322.37
2026-07-12 17:35:00,1.3444,1.3457,1.3441,1.3455,6737.87
2026-07-12 17:40:00,1.3455,1.3456,1.343,1.3439,28055.51
2026-07-12 17:45:00,1.3439,1.3478,1.3385,1.347,82912.53
2026-07-12 17:50:00,1.347,1.3476,1.3466,1.347,14513.15
2026-07-12 17:55:00,1.347,1.3479,1.3469,1.3474,143311.02
2026-07-12 18:00:00,1.3474,1.3483,1.3465,1.347,5030.8
2026-07-12 18:05:00,1.347,1.3475,1.346,1.3462,71229.82
2026-07-12 18:10:00,1.3462,1.3466,1.343,1.3434,160020.81
2026-07-12 18:15:00,1.3434,1.3454,1.3397,1.3446,85020.11
2026-07-12 18:20:00,1.3446,1.3447,1.3429,1.3443,43008.34
2026-07-12 18:25:00,1.3443,1.3463,1.3441,1.3459,29626.09
2026-07-12 18:30:00,1.3459,1.3476,1.3456,1.3466,89452.55
2026-07-12 18:35:00,1.3466,1.3481,1.3466,1.3471,56292.44
2026-07-12 18:40:00,1.3471,1.3494,1.3459,1.3484,61576.19
2026-07-12 18:45:00,1.3484,1.3505,1.3467,1.3474,176481.85
2026-07-12 18:50:00,1.3474,1.35,1.3473,1.3495,9537.99
2026-07-12 18:55:00,1.3495,1.3501,1.3486,1.3497,66788.4
2026-07-12 19:00:00,1.3497,1.3515,1.3485,1.3511,198009.02
2026-07-12 19:05:00,1.3511,1.3561,1.3508,1.3543,8463.7
2026-07-12 19:10:00,1.3543,1.3591,1.3498,1.3509,31724.78
2026-07-12 19:15:00,1.3509,1.3522,1.3508,1.3517,52907.31
2026-07-12 19:20:00,1.3517,1.3543,1.3484,1.3495,149121.45
2026-07-12 19:25:00,1.3495,1.3503,1.3459,1.3472,30348.07
2026-07-12 19:30:00,1.3472,1.3487,1.3463,1.3486,699.62
2026-07-12 19:35:00,1.3486,1.3495,1.3437,1.3442,18794.66
2026-07-12 19:40:00,1.3442,1.3475,1.3383,1.3465,119210.58
2026-07-12 19:45:00,1.3465,1.3469,1.3457,1.3464,133775.55
2026-07-12 19:50:00,1.3464,1.3467,1.3459,1.3464,5799.19
2026-07-12 19:55:00,1.3464,1.3476,1.3452,1.3455,9620.29
2026-07-12 20:00:00,1.3455,1.3477,1.3451,1.3472,83076.14
2026-07-12 20:05:00,1.3472,1.3475,1.3466,1.347,62860.15
2026-07-12 20:10:00,1.347,1.3488,1.3447,1.345,15351.26
2026-07-12 20:15:00,1.345,1.3484,1.3441,1.3479,11999.23
2026-07-12 20:20:00,1.3479,1.3506,1.3477,1.3501,69868.81
2026-07-12 20:25:00,1.3501,1.3507,1.3467,1.3471,12957.8
2026-07-12 20:30:00,1.3471,1.3471,1.3425,1.3435,59324.31
2026-07-12 20:35:00,1.3435,1.3467,1.341,1.3459,292601.89
2026-07-12 20:40:00,1.3459,1.3468,1.343,1.3436,74879.18
2026-07-12 20:45:00,1.3436,1.3482,1.3431,1.3475,2421.17
2026-07-12 20:50:00,1.3475,1.3497,1.3465,1.3494,56661.84
2026-07-12 20:55:00,1.3494,1.35,1.3468,1.347,4822.26
2026-07-12 21:00:00,1.347,1.3475,1.3422,1.3438,57998.17
2026-07-12 21:05:00,1.3438,1.3441,1.3437,1.3439,19971.12
2026-07-12 21:10:00,1.3439,1.3447,1.3435,1.3435,1159.87
2026-07-12 21:15:00,1.3435,1.3478,1.3376,1.3467,203796.69
2026-07-12 21:20:00,1.3467,1.3474,1.3456,1.3471,30544.33
2026-07-12 21:25:00,1.3471,1.3476,1.3459,1.3463,35009.67
2026-07-12 21:30:00,1.3463,1.3479,1.3452,1.3452,5849.11
2026-07-12 21:35:00,1.3452,1.3467,1.3446,1.3467,16298.94
2026-07-12 21:40:00,1.3467,1.3475,1.3466,1.3475,80365.72
2026-07-12 21:45:00,1.3475,1.3476,1.3463,1.3471,47257.24
2026-07-12 21:50:00,1.3471,1.3473,1.3465,1.347,33175.74
2026-07-12 21:55:00,1.347,1.3472,1.3447,1.3459,104712.97
2026-07-12 22:00:00,1.3459,1.346,1.3448,1.3449,434.08
2026-07-12 22:05:00,1.3449,1.3453,1.3423,1.3433,32861.73
2026-07-12 22:10:00,1.3433,1.3451,1.3431,1.3449,79790.51
2026-07-12 22:15:00,1.3449,1.3453,1.3434,1.3438,61647.65
2026-07-12 22:20:00,1.3438,1.3478,1.3384,1.3466,76046.57
2026-07-12 22:25:00,1.3466,1.3469,1.345,1.3468,7378.92
2026-07-12 22:30:00,1.3468,1.3476,1.3457,1.3463,36009.64
2026-07-12 22:35:00,1.3463,1.3471,1.3431,1.3453,62067.78
2026-07-12 22:40:00,1.3453,1.3467,1.3427,1.3437,38858.78
2026-07-12 22:45:00,1.3437,1.3476,1.3404,1.3468,23758.93
2026-07-12 22:50:00,1.3468,1.3491,1.3458,1.3482,19390.96
2026-07-12 22:55:00,1.3482,1.3497,1.3465,1.3471,222151.46
2026-07-12 23:00:00,1.3471,1.3489,1.3462,1.3469,160450.61
2026-07-12 23:05:00,1.3469,1.3478,1.3455,1.3469,3469.57
2026-07-12 23:10:00,1.3469,1.3471,1.3435,1.3452,6643.8
2026-07-12 23:15:00,1.3452,1.3485,1.3398,1.348,37407.7
2026-07-12 23:20:00,1.348,1.3503,1.3453,1.3478,106134.36
2026-07-12 23:25:00,1.3478,1.3491,1.3477,1.3481,58157.11
2026-07-12 23:30:00,1.3481,1.3487,1.3466,1.3484,7133.48
2026-07-12 23:35:00,1.3484,1.3485,1.3478,1.3485,33523.44
2026-07-12 23:40:00,1.3485,1.3486,1.3455,1.3458,28759.59
2026-07-12 23:45:00,1.3458,1.3461,1.3453,1.3453,51836.23
2026-07-12 23:50:00,1.3453,1.3475,1.3405,1.3468,196868.03
2026-07-12 23:55:00,1.3468,1.3473,1.3441,1.346,39767.14
2026-07-13 00:00:00,1.346,1.3469,1.3438,1.345,13991.89
2026-07-13 00:05:00,1.345,1.3454,1.3412,1.3434,6146.95
2026-07-13 00:10:00,1.3434,1.3436,1.3412,1.3419,14966.29
2026-07-13 00:15:00,1.3419,1.3455,1.3417,1.3446,25574.65
2026-07-13 00:20:00,1.3446,1.3455,1.3436,1.3445,122638.4
2026-07-13 00:25:00,1.3445,1.3447,1.3426,1.3434,99563.91
2026-07-13 00:30:00,1.3434,1.3434,1.3419,1.3426,211572.3
2026-07-13 00:35:00,1.3426,1.3453,1.3425,1.3445,96231.83
2026-07-13 00:40:00,1.3445,1.3445,1.3415,1.3421,143877.44
2026-07-13 00:45:00,1.3421,1.3422,1.342,1.342,13057.03
2026-07-13 00:50:00,1.342,1.343,1.3411,1.3415,15020.27
2026-07-13 00:55:00,1.3415,1.3452,1.3394,1.3444,44077.94
2026-07-13 01:00:00,1.3444,1.3455,1.3435,1.3437,33288.52
2026-07-13 01:05:00,1.3437,1.3448,1.3423,1.3432,33677.31
2026-07-13 01:10:00,1.3432,1.3438,1.3412,1.3417,31818.94
2026-07-13 01:15:00,1.3417,1.3432,1.3404,1.3419,4562.07
2026-07-13 01:20:00,1.3419,1.3425,1.3377,1.3398,19076.93
2026-07-13 01:25:00,1.3398,1.3414,1.3382,1.3395,17141.19
2026-07-13 01:30:00,1.3395,1.3408,1.3395,1.3406,36375.51
2026-07-13 01:35:00,1.3406,1.3445,1.3371,1.3435,29672.35
2026-07-13 01:40:00,1.3435,1.3476,1.3399,1.3469,168627.7
2026-07-13 01:45:00,1.3469,1.3472,1.3461,1.3466,37773.96
2026-07-13 01:50:00,1.3466,1.3503,1.3456,1.3497,67170.54
2026-07-13 01:55:00,1.3497,1.3525,1.3455,1.3461,68627.98
2026-07-13 02:00:00,1.3461,1.3473,1.3457,1.3462,142287.89
2026-07-13 02:05:00,1.3462,1.3466,1.3429,1.3443,134212.03
2026-07-13 02:10:00,1.3443,1.3495,1.344,1.3485,182353.06
2026-07-13 02:15:00,1.3485,1.3489,1.3484,1.3489,57018.62
2026-07-13 02:20:00,1.3489,1.3523,1.3456,1.3466,277011.14
2026-07-13 02:25:00,1.3466,1.3468,1.3454,1.3461,23823.24
2026-07-13 02:30:00,1.3461,1.3496,1.3446,1.3488,50918.65
2026-07-13 02:35:00,1.3488,1.3522,1.3484,1.3517,120922.52
2026-07-13 02:40:00,1.3517,1.3532,1.3502,1.3531,2431.92
2026-07-13 02:45:00,1.3531,1.3538,1.3511,1.3532,29582.04
2026-07-13 02:50:00,1.3532,1.357,1.3498,1.3505,291822.4
2026-07-13 02:55:00,1.3505,1.3545,1.3458,1.3468,253903.13
2026-07-13 03:00:00,1.3468,1.3491,1.345,1.349,77097.61
2026-07-13 03:05:00,1.349,1.3516,1.3487,1.3496,4886.67
2026-07-13 03:10:00,1.3496,1.3538,1.3488,1.3532,134342.2
2026-07-13 03:15:00,1.3532,1.3547,1.3521,1.3541,21438.66
2026-07-13 03:20:00,1.3541,1.3567,1.3522,1.3566,181409.21
2026-07-13 03:25:00,1.3566,1.3573,1.3561,1.3569,68.38
2026-07-13 03:30:00,1.3569,1.3572,1.3552,1.357,28165.28
2026-07-13 03:35:00,1.357,1.3575,1.353,1.3556,22093.69
2026-07-13 03:40:00,1.3556,1.3582,1.3524,1.353,166358.74
2026-07-13 03:45:00,1.353,1.3538,1.3522,1.3536,39234.3
2026-07-13 03:50:00,1.3536,1.3539,1.3505,1.3519,19939.26
2026-07-13 03:55:00,1.3519,1.352,1.3502,1.3509,65258.64
2026-07-13 04:00:00,1.3509,1.3533,1.3503,1.3523,14740.35
2026-07-13 04:05:00,1.3523,1.3543,1.351,1.3532,14519.89
2026-07-13 04:10:00,1.3532,1.3553,1.3517,1.3527,17650.4
2026-07-13 04:15:00,1.3527,1.3542,1.3509,1.3535,45649.25
2026-07-13 04:20:00,1.3535,1.3537,1.3506,1.3511,25331.81
2026-07-13 04:25:00,1.3511,1.3542,1.35,1.3525,24278.78
2026-07-13 04:30:00,1.3525,1.3533,1.3502,1.3514,33342.76
2026-07-13 04:35:00,1.3514,1.3515,1.3461,1.3463,42018.7
2026-07-13 04:40:00,1.3463,1.3466,1.3449,1.3451,39020.58
2026-07-13 04:45:00,1.3451,1.348,1.3449,1.3464,4876.64
2026-07-13 04:50:00,1.3464,1.3492,1.3456,1.3488,49114.04
2026-07-13 04:55:00,1.3488,1.3496,1.3487,1.3487,52758.62
2026-07-13 05:00:00,1.3487,1.3507,1.3478,1.3494,81145.11
2026-07-13 05:05:00,1.3494,1.3515,1.348,1.3485,16842.45
2026-07-13 05:10:00,1.3485,1.3485,1.3471,1.348,131866.8
2026-07-13 05:15:00,1.348,1.3498,1.3477,1.3489,23566.2
2026-07-13 05:20:00,1.3489,1.352,1.3486,1.3507,137581.19
2026-07-13 05:25:00,1.3507,1.3517,1.3501,1.3513,35428.45
2026-07-13 05:30:00,1.3513,1.3519,1.3505,1.3514,67956.73
2026-07-13 05:35:00,1.3514,1.3536,1.3505,1.3521,3388.94
2026-07-13 05:40:00,1.3521,1.3555,1.3516,1.3544,42398.06
2026-07-13 05:45:00,1.3544,1.3594,1.3502,1.3507,123904.27
2026-07-13 05:50:00,1.3507,1.3532,1.3501,1.3524,83152.03
2026-07-13 05:55:00,1.3524,1.3531,1.3488,1.35,13573.28
2026-07-13 06:00:00,1.35,1.3517,1.3496,1.3512,97084.22
2026-07-13 06:05:00,1.3512,1.3528,1.3507,1.352,290881.37
2026-07-13 06:10:00,1.352,1.3548,1.3515,1.3533,18174.4
2026-07-13 06:15:00,1.3533,1.3534,1.3525,1.3528,19215.97
2026-07-13 06:20:00,1.3528,1.3574,1.3523,1.3573,54325.76
2026-07-13 06:25:00,1.3573,1.3582,1.3567,1.3577,79808.57
2026-07-13 06:30:00,1.3577,1.3607,1.3536,1.3545,555953.27
2026-07-13 06:35:00,1.3545,1.3578,1.3504,1.3513,131893.34
2026-07-13 06:40:00,1.3513,1.3523,1.35,1.3507,5795.49
2026-07-13 06:45:00,1.3507,1.3531,1.3495,1.3525,43964.15
2026-07-13 06:50:00,1.3525,1.3533,1.3515,1.3532,21545.61
2026-07-13 06:55:00,1.3532,1.3539,1.3499,1.3521,47095.2
2026-07-13 07:00:00,1.3521,1.3567,1.3513,1.355,75121.63
2026-07-13 07:05:00,1.355,1.3582,1.3548,1.3562,144860.73
2026-07-13 07:10:00,1.3562,1.3622,1.3527,1.3534,58217.37
2026-07-13 07:15:00,1.3534,1.3536,1.3521,1.3528,20098.01
2026-07-13 07:20:00,1.3528,1.3544,1.3524,1.3543,3536.42
2026-07-13 07:25:00,1.3543,1.3598,1.3508,1.3521,43940.2
2026-07-13 07:30:00,1.3521,1.3538,1.3502,1.3515,49587.71
2026-07-13 07:35:00,1.3515,1.3527,1.3502,1.3522,32766.56
2026-07-13 07:40:00,1.3522,1.3524,1.3508,1.3512,8333.14
2026-07-13 07:45:00,1.3512,1.3528,1.35,1.3517,203863.05
2026-07-13 07:50:00,1.3517,1.3566,1.3515,1.3549,10115.3
2026-07-13 07:55:00,1.3549,1.3574,1.3536,1.3544,80194.26
2026-07-13 08:00:00,1.3544,1.3562,1.3542,1.356,17225.66
2026-07-13 08:05:00,1.356,1.3573,1.3549,1.355,24493.73
2026-07-13 08:10:00,1.355,1.3569,1.3548,1.3567,25381.38
2026-07-13 08:15:00,1.3567,1.3572,1.3566,1.3566,34142.49
2026-07-13 08:20:00,1.3566,1.358,1.3559,1.3572,13166.67
2026-07-13 08:25:00,1.3572,1.3575,1.3565,1.3572,77768.06
2026-07-13 08:30:00,1.3572,1.3607,1.3533,1.3543,722010.79
2026-07-13 08:35:00,1.3543,1.3592,1.3529,1.3581,97254.58
2026-07-13 08:40:00,1.3581,1.3589,1.3572,1.3586,42523.08
2026-07-13 08:45:00,1.3586,1.3638,1.3538,1.3548,177391.25
2026-07-13 08:50:00,1.3548,1.3559,1.3542,1.3555,6257.21
2026-07-13 08:55:00,1.3555,1.3559,1.3542,1.3555,68417.29
2026-07-13 09:00:00,1.3555,1.3595,1.352,1.353,123024.68
2026-07-13 09:05:00,1.353,1.3558,1.3521,1.3546,20816.42
2026-07-13 09:10:00,1.3546,1.3549,1.3516,1.3535,44701.27
2026-07-13 09:15:00,1.3535,1.3546,1.3521,1.353,37492.4
2026-07-13 09:20:00,1.353,1.3537,1.35,1.3503,13000.75
2026-07-13 09:25:00,1.3503,1.3515,1.3476,1.3498,45445.88
2026-07-13 09:30:00,1.3498,1.3516,1.3493,1.3512,24023.38
2026-07-13 09:35:00,1.3512,1.352,1.3488,1.3488,28789.61
2026-07-13 09:40:00,1.3488,1.3509,1.3484,1.3499,18534.39
2026-07-13 09:45:00,1.3499,1.3506,1.3488,1.3493,7524.98
2026-07-13 09:50:00,1.3493,1.3511,1.3485,1.3491,4395.87
2026-07-13 09:55:00,1.3491,1.3512,1.3484,1.3504,127183.9
2026-07-13 10:00:00,1.3504,1.3513,1.3494,1.3504,24925.16
2026-07-13 10:05:00,1.3504,1.3537,1.3502,1.3536,28904.21
2026-07-13 10:10:00,1.3536,1.3555,1.3534,1.3552,38528.01
2026-07-13 10:15:00,1.3552,1.3571,1.3543,1.3553,33754.37
2026-07-13 10:20:00,1.3553,1.3563,1.3524,1.3526,52376.56
2026-07-13 10:25:00,1.3526,1.354,1.3502,1.3513,42970.09
2026-07-13 10:30:00,1.3513,1.3514,1.3509,1.3509,72930.75
2026-07-13 10:35:00,1.3509,1.3516,1.3486,1.3497,5405.4
2026-07-13 10:40:00,1.3497,1.3502,1.3468,1.3485,34776.16
2026-07-13 10:45:00,1.3485,1.349,1.3471,1.3476,55312.85
2026-07-13 10:50:00,1.3476,1.3483,1.3474,1.3483,13209.75
2026-07-13 10:55:00,1.3483,1.3496,1.3475,1.3488,31893.85
2026-07-13 11:00:00,1.3488,1.3505,1.3488,1.3498,1445.12
2026-07-13 11:05:00,1.3498,1.3511,1.3497,1.3506,36292.97
2026-07-13 11:10:00,1.3506,1.3512,1.3506,1.3507,19497.72
2026-07-13 11:15:00,1.3507,1.3546,1.3501,1.3536,20791.17
2026-07-13 11:20:00,1.3536,1.3578,1.3528,1.3548,21320.27
2026-07-13 11:25:00,1.3548,1.3575,1.3537,1.3575,27824.47
2026-07-13 11:30:00,1.3575,1.3629,1.3528,1.354,710446.07
2026-07-13 11:35:00,1.354,1.3542,1.3507,1.3525,42548.55
2026-07-13 11:40:00,1.3525,1.3559,1.3524,1.3549,58219.17
2026-07-13 11:45:00,1.3549,1.3554,1.3525,1.3533,29167.57
2026-07-13 11:50:00,1.3533,1.3565,1.3532,1.3564,41679.36
2026-07-13 11:55:00,1.3564,1.3582,1.3554,1.3574,32668.86
2026-07-13 12:00:00,1.3574,1.3577,1.3552,1.3555,42934.89
2026-07-13 12:05:00,1.3555,1.356,1.3541,1.3553,40055.86
2026-07-13 12:10:00,1.3553,1.3555,1.3549,1.3554,3263.8
2026-07-13 12:15:00,1.3554,1.356,1.3545,1.3555,2735.85
2026-07-13 12:20:00,1.3555,1.3567,1.3547,1.3556,84055.29
2026-07-13 12:25:00,1.3556,1.3561,1.3544,1.3553,1455.64
2026-07-13 12:30:00,1.3553,1.3564,1.3533,1.3553,80507.55
2026-07-13 12:35:00,1.3553,1.3559,1.355,1.3559,84930.52
2026-07-13 12:40:00,1.3559,1.3597,1.3551,1.3586,131047.15
2026-07-13 12:45:00,1.3586,1.3625,1.3578,1.36,31940.65
2026-07-13 12:50:00,1.36,1.3651,1.3576,1.3589,88015.67
2026-07-13 12:55:00,1.3589,1.362,1.358,1.3612,33804.97
2026-07-13 13:00:00,1.3612,1.3631,1.3592,1.3631,39963.9
2026-07-13 13:05:00,1.3631,1.3645,1.3618,1.3641,121189.37
2026-07-13 13:10:00,1.3641,1.3643,1.3606,1.3608,35844.62
2026-07-13 13:15:00,1.3608,1.3648,1.3576,1.3584,405754.64
2026-07-13 13:20:00,1.3584,1.3612,1.357,1.3597,16218.17
2026-07-13 13:25:00,1.3597,1.3601,1.3558,1.3558,28354.23
2026-07-13 13:30:00,1.3558,1.3576,1.3555,1.3573,92116.31
2026-07-13 13:35:00,1.3573,1.3578,1.3553,1.3568,132896.31
2026-07-13 13:40:00,1.3568,1.3608,1.3563,1.3595,49532.41
2026-07-13 13:45:00,1.3595,1.3608,1.3584,1.3606,159604.26
2026-07-13 13:50:00,1.3606,1.3623,1.3598,1.3601,202496.57
2026-07-13 13:55:00,1.3601,1.3628,1.3594,1.3625,35416.57
2026-07-13 14:00:00,1.3625,1.3634,1.3605,1.3614,42651.6
2026-07-13 14:05:00,1.3614,1.3631,1.361,1.363,25230.89
2026-07-13 14:10:00,1.363,1.3658,1.3626,1.3641,21724.71
2026-07-13 14:15:00,1.3641,1.3646,1.3615,1.363,95618.66
2026-07-13 14:20:00,1.363,1.3685,1.3599,1.3609,32097.14
2026-07-13 14:25:00,1.3609,1.3624,1.3596,1.3612,61612.76
2026-07-13 14:30:00,1.3612,1.3618,1.3591,1.3603,44067.91
2026-07-13 14:35:00,1.3603,1.3641,1.3595,1.3622,133208.51
2026-07-13 14:40:00,1.3622,1.3633,1.3587,1.3588,55997.02
2026-07-13 14:45:00,1.3588,1.3616,1.3561,1.3567,317142.87
2026-07-13 14:50:00,1.3567,1.36,1.3522,1.3533,317921.13
2026-07-13 14:55:00,1.3533,1.3553,1.3514,1.3522,102778.96
2026-07-13 15:00:00,1.3522,1.3541,1.3519,1.352,53658.5
2026-07-13 15:05:00,1.352,1.3528,1.3506,1.3508,57819.49
2026-07-13 15:10:00,1.3508,1.3518,1.3474,1.3491,11143.45
2026-07-13 15:15:00,1.3491,1.3511,1.3482,1.3482,23036.9
2026-07-13 15:20:00,1.3482,1.3503,1.3472,1.3487,1109.03
2026-07-13 15:25:00,1.3487,1.3502,1.3477,1.3501,36021.37
2026-07-13 15:30:00,1.3501,1.3508,1.3459,1.347,44442.32
2026-07-13 15:35:00,1.347,1.3478,1.3447,1.3452,2752.69
2026-07-13 15:40:00,1.3452,1.3481,1.3448,1.3472,22217.17
2026-07-13 15:45:00,1.3472,1.3515,1.3445,1.3502,8996.14
2026-07-13 15:50:00,1.3502,1.3523,1.3494,1.3509,52942.34
2026-07-13 15:55:00,1.3509,1.3527,1.3477,1.3481,1532.63
2026-07-13 16:00:00,1.3481,1.3525,1.3448,1.3513,223943.93
2026-07-13 16:05:00,1.3513,1.3519,1.3502,1.3505,17105.14
2026-07-13 16:10:00,1.3505,1.3514,1.349,1.3497,20738.3
2026-07-13 16:15:00,1.3497,1.3503,1.3494,1.3501,46579.04
2026-07-13 16:20:00,1.3501,1.3525,1.3489,1.3518,5017.21
2026-07-13 16:25:00,1.3518,1.3537,1.3506,1.3533,37126.54
2026-07-13 16:30:00,1.3533,1.3561,1.3531,1.3552,465.8
2026-07-13 16:35:00,1.3552,1.3566,1.3549,1.3563,76397.17
2026-07-13 16:40:00,1.3563,1.3564,1.3557,1.3561,47990.16
2026-07-13 16:45:00,1.3561,1.3581,1.3561,1.357,59513.87
2026-07-13 16:50:00,1.357,1.3573,1.3541,1.3561,70012.63
2026-07-13 16:55:00,1.3561,1.3569,1.3543,1.3562,33700.83
2026-07-13 17:00:00,1.3562,1.3576,1.3554,1.356,37457.58
2026-07-13 17:05:00,1.356,1.3579,1.3551,1.3571,6258.73
2026-07-13 17:10:00,1.3571,1.358,1.3564,1.3564,11617.31
2026-07-13 17:15:00,1.3564,1.3577,1.3547,1.3556,7489.17
2026-07-13 17:20:00,1.3556,1.3582,1.3549,1.3575,7466.38
2026-07-13 17:25:00,1.3575,1.3585,1.3553,1.3563,32401.02
2026-07-13 17:30:00,1.3563,1.3565,1.3556,1.3563,30986.42
2026-07-13 17:35:00,1.3563,1.3573,1.3559,1.3565,29922.98
2026-07-13 17:40:00,1.3565,1.3566,1.3542,1.3548,23670.07
2026-07-13 17:45:00,1.3548,1.3574,1.3543,1.3551,88367.29
2026-07-13 17:50:00,1.3551,1.3562,1.3548,1.3549,5355.41
2026-07-13 17:55:00,1.3549,1.3563,1.3538,1.3559,4366.16
2026-07-13 18:00:00,1.3559,1.3567,1.3521,1.3529,495.41
2026-07-13 18:05:00,1.3529,1.3533,1.3501,1.3511,29324.67
2026-07-13 18:10:00,1.3511,1.3525,1.3501,1.3509,42127.55
2026-07-13 18:15:00,1.3509,1.3523,1.3466,1.3469,16685.91
2026-07-13 18:20:00,1.3469,1.3472,1.3466,1.347,86296.85
2026-07-13 18:25:00,1.347,1.3484,1.3458,1.3482,15807.5
2026-07-13 18:30:00,1.3482,1.3484,1.3452,1.3479,11260.61
2026-07-13 18:35:00,1.3479,1.3522,1.3436,1.3513,373291.79
2026-07-13 18:40:00,1.3513,1.3521,1.3498,1.3508,29800.81
2026-07-13 18:45:00,1.3508,1.3541,1.3507,1.3531,71915.27
2026-07-13 18:50:00,1.3531,1.3531,1.3513,1.3518,20940.47
2026-07-13 18:55:00,1.3518,1.3532,1.3511,1.3518,110328.04
2026-07-13 19:00:00,1.3518,1.3556,1.3508,1.354,69835.65
2026-07-13 19:05:00,1.354,1.3547,1.3525,1.3532,66425.46
2026-07-13 19:10:00,1.3532,1.3537,1.3513,1.3513,18478.39
2026-07-13 19:15:00,1.3513,1.3525,1.3479,1.3498,1488.66
2026-07-13 19:20:00,1.3498,1.3513,1.3464,1.3488,9707.09
2026-07-13 19:25:00,1.3488,1.3501,1.3478,1.3491,29753.24
2026-07-13 19:30:00,1.3491,1.3498,1.348,1.3484,7713.51
2026-07-13 19:35:00,1.3484,1.3504,1.3473,1.3491,136696.7
2026-07-13 19:40:00,1.3491,1.35,1.3486,1.3499,90220.87
2026-07-13 19:45:00,1.3499,1.3513,1.3494,1.35,16784.24
2026-07-13 19:50:00,1.35,1.351,1.3492,1.3507,39446.85
2026-07-13 19:55:00,1.3507,1.3515,1.349,1.3504,18005.31
2026-07-13 20:00:00,1.3504,1.3506,1.3478,1.3494,88075.14
2026-07-13 20:05:00,1.3494,1.3502,1.3472,1.3475,84341.35
2026-07-13 20:10:00,1.3475,1.3519,1.3474,1.3517,419.49
2026-07-13 20:15:00,1.3517,1.3524,1.3507,1.3512,140741.85
2026-07-13 20:20:00,1.3512,1.3516,1.35,1.3516,22991.82
2026-07-13 20:25:00,1.3516,1.353,1.3494,1.3505,73234.79
2026-07-13 20:30:00,1.3505,1.3515,1.347,1.348,6437.5
2026-07-13 20:35:00,1.348,1.3486,1.3478,1.3485,38374.74
2026-07-13 20:40:00,1.3485,1.3497,1.3456,1.346,5172.12
2026-07-13 20:45:00,1.346,1.349,1.3425,1.3483,39127.98
2026-07-13 20:50:00,1.3483,1.3493,1.3471,1.3481,43480.18
2026-07-13 20:55:00,1.3481,1.3481,1.3469,1.3475,3715.68
2026-07-13 21:00:00,1.3475,1.3511,1.3441,1.3498,215694.01
2026-07-13 21:05:00,1.3498,1.3506,1.3486,1.3487,76383.67
2026-07-13 21:10:00,1.3487,1.3508,1.3485,1.3502,5496.08
2026-07-13 21:15:00,1.3502,1.3541,1.3491,1.3528,69823.09
2026-07-13 21:20:00,1.3528,1.3529,1.3507,1.3517,88567.14
2026-07-13 21:25:00,1.3517,1.3537,1.349,1.3497,70617.63
2026-07-13 21:30:00,1.3497,1.351,1.3468,1.3472,1094.94
2026-07-13 21:35:00,1.3472,1.3503,1.3451,1.3492,349.61
2026-07-13 21:40:00,1.3492,1.3493,1.3487,1.3492,125216.38
2026-07-13 21:45:00,1.3492,1.3496,1.3462,1.3477,23478.5
2026-07-13 21:50:00,1.3477,1.3502,1.3476,1.3486,766.71
2026-07-13 21:55:00,1.3486,1.3498,1.3457,1.3461,11308.6
2026-07-13 22:00:00,1.3461,1.3469,1.3458,1.3469,32918.33
2026-07-13 22:05:00,1.3469,1.3475,1.3456,1.3458,4347.68
2026-07-13 22:10:00,1.3458,1.3502,1.3398,1.3495,68759.81
2026-07-13 22:15:00,1.3495,1.3515,1.349,1.3505,10942.3
2026-07-13 22:20:00,1.3505,1.3507,1.3468,1.3474,41227.99
2026-07-13 22:25:00,1.3474,1.3499,1.3428,1.3491,74877.35
2026-07-13 22:30:00,1.3491,1.3512,1.348,1.3502,15995.1
2026-07-13 22:35:00,1.3502,1.3516,1.3494,1.3511,1890.11
2026-07-13 22:40:00,1.3511,1.3519,1.3462,1.3468,118198.68
2026-07-13 22:45:00,1.3468,1.3478,1.3426,1.3433,13555.2
2026-07-13 22:50:00,1.3433,1.3449,1.3388,1.3401,211558.67
2026-07-13 22:55:00,1.3401,1.3437,1.3366,1.3431,289895.87
2026-07-13 23:00:00,1.3431,1.3453,1.3384,1.3448,346121.01
2026-07-13 23:05:00,1.3448,1.3455,1.3422,1.3433,56988.15
2026-07-13 23:10:00,1.3433,1.3439,1.3412,1.3422,100049.14
2026-07-13 23:15:00,1.3422,1.3461,1.3392,1.3455,199831.71
2026-07-13 23:20:00,1.3455,1.3468,1.3451,1.3453,32809.87
2026-07-13 23:25:00,1.3453,1.3494,1.345,1.3492,17156.92
2026-07-13 23:30:00,1.3492,1.3495,1.3484,1.3485,358145.37
2026-07-13 23:35:00,1.3485,1.35,1.346,1.3465,15169.91
2026-07-13 23:40:00,1.3465,1.3469,1.3443,1.3452,805.35
2026-07-13 23:45:00,1.3452,1.3462,1.3445,1.3455,9534.2
2026-07-13 23:50:00,1.3455,1.3467,1.3448,1.3463,44023.18
2026-07-13 23:55:00,1.3463,1.3471,1.3461,1.347,19859.43
2026-07-14 00:00:00,1.347,1.3474,1.3456,1.3462,54970.7
2026-07-14 00:05:00,1.3462,1.3492,1.3456,1.3488,101320.22
2026-07-14 00:10:00,1.3488,1.3499,1.3484,1.3498,5312.87
2026-07-14 00:15:00,1.3498,1.3522,1.3487,1.3512,589.46
2026-07-14 00:20:00,1.3512,1.3535,1.3468,1.3474,138259.93
2026-07-14 00:25:00,1.3474,1.3504,1.3473,1.3491,30828.25
2026-07-14 00:30:00,1.3491,1.3502,1.3488,1.3494,28335.55
2026-07-14 00:35:00,1.3494,1.3503,1.3483,1.3491,91830.57
2026-07-14 00:40:00,1.3491,1.3494,1.3477,1.3484,59506.78
2026-07-14 00:45:00,1.3484,1.349,1.3475,1.3483,66317.15
2026-07-14 00:50:00,1.3483,1.3508,1.3473,1.3498,8011.71
2026-07-14 00:55:00,1.3498,1.3524,1.3491,1.3512,42684.71
2026-07-14 01:00:00,1.3512,1.3534,1.3507,1.3533,15394.42
2026-07-14 01:05:00,1.3533,1.3545,1.3523,1.3536,15735.87
2026-07-14 01:10:00,1.3536,1.3564,1.3532,1.3557,36561.29
2026-07-14 01:15:00,1.3557,1.3614,1.3516,1.3523,39638.59
2026-07-14 01:20:00,1.3523,1.3583,1.3481,1.3492,15664.51
2026-07-14 01:25:00,1.3492,1.3505,1.3484,1.35,210168.3
2026-07-14 01:30:00,1.35,1.3504,1.3478,1.348,15675.62
2026-07-14 01:35:00,1.348,1.3497,1.3453,1.3476,63803.87
2026-07-14 01:40:00,1.3476,1.3506,1.3466,1.3503,35130.18
2026-07-14 01:45:00,1.3503,1.3564,1.345,1.3463,67348.37
2026-07-14 01:50:00,1.3463,1.3469,1.342,1.3433,34442.3
2026-07-14 01:55:00,1.3433,1.3433,1.3413,1.3418,31214.6
2026-07-14 02:00:00,1.3418,1.3421,1.3392,1.3403,74902.25
2026-07-14 02:05:00,1.3403,1.3418,1.34,1.3405,58394.85
2026-07-14 02:10:00,1.3405,1.3416,1.3405,1.3408,16690.04
2026-07-14 02:15:00,1.3408,1.3418,1.3392,1.3404,7702.26
2026-07-14 02:20:00,1.3404,1.3421,1.3391,1.3392,5171.25
2026-07-14 02:25:00,1.3392,1.3415,1.3385,1.341,16709.44
2026-07-14 02:30:00,1.341,1.3455,1.3354,1.3442,17393.69
2026-07-14 02:35:00,1.3442,1.3448,1.3442,1.3443,1133.3
2026-07-14 02:40:00,1.3443,1.3454,1.3421,1.3431,11030.26
2026-07-14 02:45:00,1.3431,1.3433,1.3389,1.3409,11877.85
2026-07-14 02:50:00,1.3409,1.3415,1.3387,1.3398,32839.12
2026-07-14 02:55:00,1.3398,1.3439,1.3395,1.343,29729.07
2026-07-14 03:00:00,1.343,1.3474,1.3413,1.3464,34842.81
2026-07-14 03:05:00,1.3464,1.3479,1.346,1.3464,16888.7
2026-07-14 03:10:00,1.3464,1.3471,1.345,1.3457,67628.22
2026-07-14 03:15:00,1.3457,1.3464,1.3449,1.3449,13793.27
2026-07-14 03:20:00,1.3449,1.3473,1.3438,1.3468,94071.27
2026-07-14 03:25:00,1.3468,1.3471,1.3419,1.344,58200.62
2026-07-14 03:30:00,1.344,1.3443,1.3417,1.342,31291.08
2026-07-14 03:35:00,1.342,1.3435,1.3407,1.3429,97575.75
2026-07-14 03:40:00,1.3429,1.3439,1.3418,1.3422,66891.75
2026-07-14 03:45:00,1.3422,1.3438,1.3417,1.3427,55091.98
2026-07-14 03:50:00,1.3427,1.3452,1.3425,1.3445,70659.27
2026-07-14 03:55:00,1.3445,1.3458,1.343,1.3446,30516.94
2026-07-14 04:00:00,1.3446,1.3466,1.3437,1.345,31839.29
2026-07-14 04:05:00,1.345,1.347,1.344,1.3444,130856.96
2026-07-14 04:10:00,1.3444,1.3452,1.3432,1.3435,73597.82
2026-07-14 04:15:00,1.3435,1.3471,1.3432,1.3461,157283.26
2026-07-14 04:20:00,1.3461,1.3484,1.3456,1.3476,226791.73
2026-07-14 04:25:00,1.3476,1.3488,1.3468,1.3472,79069.42
2026-07-14 04:30:00,1.3472,1.3477,1.3451,1.3454,93815.19
2026-07-14 04:35:00,1.3454,1.348,1.3445,1.3467,41114.66
2026-07-14 04:40:00,1.3467,1.3474,1.3459,1.3462,33919.91
2026-07-14 04:45:00,1.3462,1.347,1.3446,1.3452,64083.05
2026-07-14 04:50:00,1.3452,1.3461,1.3442,1.3456,102579.78
2026-07-14 04:55:00,1.3456,1.3464,1.3444,1.3456,104345.65
2026-07-14 05:00:00,1.3456,1.3465,1.3429,1.3437,451.03
2026-07-14 05:05:00,1.3437,1.3463,1.3422,1.3453,19367.21
2026-07-14 05:10:00,1.3453,1.3463,1.3441,1.3446,7924.43
2026-07-14 05:15:00,1.3446,1.3449,1.3426,1.343,24658.98
2026-07-14 05:20:00,1.343,1.3447,1.3422,1.3446,161232.91
2026-07-14 05:25:00,1.3446,1.3461,1.3434,1.3435,100079.16
2026-07-14 05:30:00,1.3435,1.3458,1.3434,1.3444,67022.1
2026-07-14 05:35:00,1.3444,1.3445,1.3413,1.3424,3445.31
2026-07-14 05:40:00,1.3424,1.3433,1.3417,1.3421,152941.14
2026-07-14 05:45:00,1.3421,1.3426,1.3398,1.3399,74627.8
2026-07-14 05:50:00,1.3399,1.3432,1.3393,1.3428,98410.75
2026-07-14 05:55:00,1.3428,1.3441,1.3419,1.3432,11243.01
2026-07-14 06:00:00,1.3432,1.3433,1.3411,1.3412,23565.33
2026-07-14 06:05:00,1.3412,1.3427,1.3412,1.3424,135645.52
2026-07-14 06:10:00,1.3424,1.3438,1.3407,1.3409,111853.39
2026-07-14 06:15:00,1.3409,1.341,1.3397,1.3401,77005.56
2026-07-14 06:20:00,1.3401,1.3424,1.3381,1.3413,146551.38
2026-07-14 06:25:00,1.3413,1.3458,1.3388,1.3449,610984.76
2026-07-14 06:30:00,1.3449,1.3469,1.3447,1.346,2451.03
2026-07-14 06:35:00,1.346,1.3468,1.3445,1.3446,130974.14
2026-07-14 06:40:00,1.3446,1.3458,1.3431,1.3447,12713.89
2026-07-14 06:45:00,1.3447,1.3467,1.3442,1.3463,126412.29
2026-07-14 06:50:00,1.3463,1.3464,1.3432,1.3433,237639.1
2026-07-14 06:55:00,1.3433,1.3446,1.3421,1.3444,42707.85
2026-07-14 07:00:00,1.3444,1.3466,1.3418,1.3433,164686.53
2026-07-14 07:05:00,1.3433,1.3434,1.3428,1.3433,26976.29
2026-07-14 07:10:00,1.3433,1.3436,1.3399,1.3418,10499.48
2026-07-14 07:15:00,1.3418,1.3443,1.3417,1.3433,113853.97
2026-07-14 07:20:00,1.3433,1.3448,1.3431,1.3442,21285.63
2026-07-14 07:25:00,1.3442,1.3458,1.3433,1.3439,17868.42
2026-07-14 07:30:00,1.3439,1.346,1.3434,1.3439,147586.13
2026-07-14 07:35:00,1.3439,1.3466,1.3432,1.3466,73600.41
2026-07-14 07:40:00,1.3466,1.3504,1.345,1.3455,8779.07
2026-07-14 07:45:00,1.3455,1.3513,1.3427,1.3435,1164824.2
2026-07-14 07:50:00,1.3435,1.344,1.342,1.3428,44642.7
2026-07-14 07:55:00,1.3428,1.3439,1.3408,1.3425,74265.53
2026-07-14 08:00:00,1.3425,1.3427,1.3418,1.3426,75932.29
2026-07-14 08:05:00,1.3426,1.3441,1.3423,1.3437,73538.3
2026-07-14 08:10:00,1.3437,1.3458,1.3424,1.3457,8703.5
2026-07-14 08:15:00,1.3457,1.3461,1.3446,1.3455,123210.65
2026-07-14 08:20:00,1.3455,1.348,1.3434,1.3472,180909.23
2026-07-14 08:25:00,1.3472,1.3489,1.3466,1.3475,33537.5
2026-07-14 08:30:00,1.3475,1.3522,1.3447,1.3452,389774.3
2026-07-14 08:35:00,1.3452,1.3472,1.3442,1.3455,219962.57
2026-07-14 08:40:00,1.3455,1.3463,1.345,1.3459,62423.9
2026-07-14 08:45:00,1.3459,1.3466,1.3455,1.3461,50985.03
2026-07-14 08:50:00,1.3461,1.348,1.3459,1.3477,42696.14
2026-07-14 08:55:00,1.3477,1.3506,1.3472,1.3492,115536.81
2026-07-14 09:00:00,1.3492,1.351,1.3481,1.35,16958.55
2026-07-14 09:05:00,1.35,1.3551,1.3466,1.3472,569017.02
2026-07-14 09:10:00,1.3472,1.3473,1.3437,1.3441,21003.33
2026-07-14 09:15:00,1.3441,1.3448,1.34,1.3414,75628.06
2026-07-14 09:20:00,1.3414,1.3439,1.3361,1.3431,12588.36
2026-07-14 09:25:00,1.3431,1.3452,1.3426,1.345,16926.8
2026-07-14 09:30:00,1.345,1.3462,1.3437,1.345,63613.15
2026-07-14 09:35:00,1.345,1.3483,1.3428,1.3435,183951.86
2026-07-14 09:40:00,1.3435,1.3481,1.3428,1.3462,162947.08
2026-07-14 09:45:00,1.3462,1.3494,1.3437,1.3442,87897.84
2026-07-14 09:50:00,1.3442,1.3455,1.344,1.3453,51044.84
2026-07-14 09:55:00,1.3453,1.3504,1.341,1.3415,16296.09
2026-07-14 10:00:00,1.3415,1.3463,1.3368,1.3454,11538.04
2026-07-14 10:05:00,1.3454,1.3456,1.3439,1.3451,150172.33
2026-07-14 10:10:00,1.3451,1.3469,1.3448,1.3462,112214.83
2026-07-14 10:15:00,1.3462,1.3465,1.3452,1.3458,27430.69
2026-07-14 10:20:00,1.3458,1.3471,1.3443,1.345,111077.09
2026-07-14 10:25:00,1.345,1.3472,1.3429,1.3436,80292.87
2026-07-14 10:30:00,1.3436,1.345,1.3431,1.3439,39050.71
2026-07-14 10:35:00,1.3439,1.3445,1.3423,1.3429,12983.11
2026-07-14 10:40:00,1.3429,1.3457,1.3417,1.3455,3934.04
2026-07-14 10:45:00,1.3455,1.3469,1.343,1.3445,84429.27
2026-07-14 10:50:00,1.3445,1.3458,1.3438,1.3447,1596.81
2026-07-14 10:55:00,1.3447,1.3454,1.344,1.3449,111895.25
2026-07-14 11:00:00,1.3449,1.347,1.3439,1.3464,13046.64
2026-07-14 11:05:00,1.3464,1.3473,1.3436,1.3448,21986.71
2026-07-14 11:10:00,1.3448,1.3465,1.3448,1.3457,58560.58
2026-07-14 11:15:00,1.3457,1.3476,1.3444,1.3462,83262.75
2026-07-14 11:20:00,1.3462,1.347,1.346,1.3464,3793.86
2026-07-14 11:25:00,1.3464,1.3474,1.3441,1.3461,6706.86
2026-07-14 11:30:00,1.3461,1.3482,1.3459,1.3473,3461.9
2026-07-14 11:35:00,1.3473,1.349,1.3461,1.3488,771.92
2026-07-14 11:40:00,1.3488,1.3503,1.3479,1.3486,33189.67
2026-07-14 11:45:00,1.3486,1.3491,1.3471,1.3475,12302.22
2026-07-14 11:50:00,1.3475,1.3506,1.3436,1.3443,750092.19
2026-07-14 11:55:00,1.3443,1.3461,1.3438,1.3448,266736.05
2026-07-14 12:00:00,1.3448,1.3463,1.3437,1.3457,30465.51
2026-07-14 12:05:00,1.3457,1.3472,1.3452,1.3461,113134.38
2026-07-14 12:10:00,1.3461,1.3475,1.3457,1.3471,108339.68
2026-07-14 12:15:00,1.3471,1.349,1.3471,1.3485,130278.49
2026-07-14 12:20:00,1.3485,1.3531,1.3463,1.347,346445.88
2026-07-14 12:25:00,1.347,1.3475,1.3458,1.3464,22031.88
2026-07-14 12:30:00,1.3464,1.3477,1.3426,1.3431,51545.91
2026-07-14 12:35:00,1.3431,1.3443,1.3421,1.3437,40067.38
2026-07-14 12:40:00,1.3437,1.3481,1.3388,1.3468,283353.11
2026-07-14 12:45:00,1.3468,1.3494,1.3456,1.349,97579.36
2026-07-14 12:50:00,1.349,1.3506,1.3472,1.3478,57345.19
2026-07-14 12:55:00,1.3478,1.3488,1.3453,1.3457,87637.13
2026-07-14 13:00:00,1.3457,1.3476,1.3454,1.3476,4308.07
2026-07-14 13:05:00,1.3476,1.3513,1.3471,1.3507,81085.26
2026-07-14 13:10:00,1.3507,1.351,1.3501,1.3503,21554.27
2026-07-14 13:15:00,1.3503,1.3505,1.3484,1.3487,48161.31
2026-07-14 13:20:00,1.3487,1.355,1.3483,1.3528,37760.83
2026-07-14 13:25:00,1.3528,1.3529,1.3495,1.3509,33760.22
2026-07-14 13:30:00,1.3509,1.3523,1.3499,1.3499,84365.95
2026-07-14 13:35:00,1.3499,1.3535,1.3495,1.3518,1939.16
2026-07-14 13:40:00,1.3518,1.3533,1.3516,1.3531,67633.64
2026-07-14 13:45:00,1.3531,1.3558,1.3503,1.3514,14621.61
2026-07-14 13:50:00,1.3514,1.3529,1.3508,1.351,5706.44
2026-07-14 13:55:00,1.351,1.3559,1.3485,1.3489,39480.85
2026-07-14 14:00:00,1.3489,1.3518,1.3465,1.3472,273090.34
2026-07-14 14:05:00,1.3472,1.3484,1.3449,1.3479,66171.89
2026-07-14 14:10:00,1.3479,1.3504,1.3447,1.3452,49498.48
2026-07-14 14:15:00,1.3452,1.346,1.3444,1.345,70301.29
2026-07-14 14:20:00,1.345,1.3456,1.3425,1.3434,123025.87
2026-07-14 14:25:00,1.3434,1.3444,1.3423,1.3435,28328.97
2026-07-14 14:30:00,1.3435,1.3436,1.3381,1.3393,747.63
2026-07-14 14:35:00,1.3393,1.3438,1.3382,1.3418,95813.04
2026-07-14 14:40:00,1.3418,1.3441,1.3416,1.3439,3510.24
2026-07-14 14:45:00,1.3439,1.3489,1.3396,1.3478,730874.4
2026-07-14 14:50:00,1.3478,1.3495,1.3474,1.3485,9853.12
2026-07-14 14:55:00,1.3485,1.3507,1.3467,1.3476,34833.22
2026-07-14 15:00:00,1.3476,1.3478,1.3442,1.3461,1233.74
2026-07-14 15:05:00,1.3461,1.3489,1.3454,1.3484,17780.69
2026-07-14 15:10:00,1.3484,1.3523,1.3442,1.3455,554580.07
2026-07-14 15:15:00,1.3455,1.3466,1.3455,1.3466,68563.63
2026-07-14 15:20:00,1.3466,1.3472,1.3443,1.3451,27422.9
2026-07-14 15:25:00,1.3451,1.3453,1.3451,1.3453,220865.07
2026-07-14 15:30:00,1.3453,1.3461,1.3451,1.3451,54530.26
2026-07-14 15:35:00,1.3451,1.3462,1.3448,1.3455,62607.23
2026-07-14 15:40:00,1.3455,1.3459,1.344,1.3446,26705.03
2026-07-14 15:45:00,1.3446,1.3475,1.3441,1.3472,22376.81
2026-07-14 15:50:00,1.3472,1.3496,1.3466,1.3487,30425.87
2026-07-14 15:55:00,1.3487,1.3498,1.3475,1.3485,96590.63
2026-07-14 16:00:00,1.3485,1.3494,1.3459,1.3468,64005.45
2026-07-14 16:05:00,1.3468,1.3502,1.3458,1.3497,7602.16
2026-07-14 16:10:00,1.3497,1.3526,1.3485,1.3524,20367.93
2026-07-14 16:15:00,1.3524,1.3525,1.3494,1.3504,14236.06
2026-07-14 16:20:00,1.3504,1.3516,1.3488,1.3489,72388.8
2026-07-14 16:25:00,1.3489,1.3492,1.3479,1.3482,76080.44
2026-07-14 16:30:00,1.3482,1.3503,1.3474,1.3494,45009.51
2026-07-14 16:35:00,1.3494,1.3501,1.3467,1.347,85339.15
2026-07-14 16:40:00,1.347,1.3489,1.345,1.3457,12648.5
2026-07-14 16:45:00,1.3457,1.3482,1.3445,1.345,13934.93
2026-07-14 16:50:00,1.345,1.3467,1.3443,1.3452,15716.36
2026-07-14 16:55:00,1.3452,1.347,1.3448,1.3469,21796.21
2026-07-14 17:00:00,1.3469,1.3487,1.346,1.3476,12902.69
2026-07-14 17:05:00,1.3476,1.3476,1.3454,1.3461,107178.72
2026-07-14 17:10:00,1.3461,1.3492,1.3457,1.349,64314.16
2026-07-14 17:15:00,1.349,1.351,1.3486,1.3505,89472.37
2026-07-14 17:20:00,1.3505,1.3507,1.3464,1.3475,36308.46
2026-07-14 17:25:00,1.3475,1.351,1.3463,1.3496,101076.8
2026-07-14 17:30:00,1.3496,1.3516,1.346,1.3473,4817.37
2026-07-14 17:35:00,1.3473,1.3505,1.3472,1.3496,863.42
2026-07-14 17:40:00,1.3496,1.3504,1.3485,1.3486,65684.01
2026-07-14 17:45:00,1.3486,1.3496,1.3406,1.3422,81144.52
2026-07-14 17:50:00,1.3422,1.3443,1.3402,1.3428,1525.6
2026-07-14 17:55:00,1.3428,1.3433,1.3424,1.3425,21870.75
2026-07-14 18:00:00,1.3425,1.3429,1.3386,1.3388,16969.05
2026-07-14 18:05:00,1.3388,1.3389,1.3354,1.3358,88945.69
2026-07-14 18:10:00,1.3358,1.338,1.3341,1.3357,76249.73
2026-07-14 18:15:00,1.3357,1.3366,1.3352,1.3358,123589.62
2026-07-14 18:20:00,1.3358,1.337,1.3349,1.3362,71868.05
2026-07-14 18:25:00,1.3362,1.3375,1.3346,1.335,35121.76
2026-07-14 18:30:00,1.335,1.3379,1.3312,1.337,591820.59
2026-07-14 18:35:00,1.337,1.3422,1.3316,1.341,872363.42
2026-07-14 18:40:00,1.341,1.3429,1.3404,1.3419,91565.8
2026-07-14 18:45:00,1.3419,1.3426,1.3404,1.3425,6471.34
2026-07-14 18:50:00,1.3425,1.3427,1.3417,1.3424,30544.99
2026-07-14 18:55:00,1.3424,1.3426,1.3395,1.3396,171776.37
2026-07-14 19:00:00,1.3396,1.3418,1.3387,1.3409,100164.52
2026-07-14 19:05:00,1.3409,1.343,1.3403,1.3427,7441.46
2026-07-14 19:10:00,1.3427,1.344,1.3402,1.3412,868.48
2026-07-14 19:15:00,1.3412,1.3417,1.3396,1.3408,188.73
2026-07-14 19:20:00,1.3408,1.3418,1.3377,1.3381,9418.3
2026-07-14 19:25:00,1.3381,1.3419,1.3359,1.3414,81531.67
2026-07-14 19:30:00,1.3414,1.3447,1.3404,1.3444,56567.15
2026-07-14 19:35:00,1.3444,1.3473,1.3433,1.3468,69228.19
2026-07-14 19:40:00,1.3468,1.3482,1.3466,1.347,10641.66
2026-07-14 19:45:00,1.347,1.3478,1.3463,1.3467,3339.42
2026-07-14 19:50:00,1.3467,1.3479,1.3449,1.3451,15119.52
2026-07-14 19:55:00,1.3451,1.3455,1.344,1.345,24539.38
2026-07-14 20:00:00,1.345,1.3495,1.3445,1.3481,32348.36
2026-07-14 20:05:00,1.3481,1.3492,1.3473,1.3475,7930.03
2026-07-14 20:10:00,1.3475,1.3496,1.3471,1.3489,52106.75
2026-07-14 20:15:00,1.3489,1.3491,1.3476,1.3478,22766.21
2026-07-14 20:20:00,1.3478,1.3492,1.3476,1.3491,55823.53
2026-07-14 20:25:00,1.3491,1.3543,1.3475,1.3529,1204.71
2026-07-14 20:30:00,1.3529,1.3549,1.351,1.3518,4529.54
2026-07-14 20:35:00,1.3518,1.352,1.3516,1.352,58398.83
2026-07-14 20:40:00,1.352,1.3554,1.3495,1.3508,51794.55
2026-07-14 20:45:00,1.3508,1.3539,1.3498,1.3532,1810.51
2026-07-14 20:50:00,1.3532,1.359,1.3496,1.3501,4432.14
2026-07-14 20:55:00,1.3501,1.3504,1.3481,1.3484,24156.31
2026-07-14 21:00:00,1.3484,1.3491,1.3479,1.349,100251.67
2026-07-14 21:05:00,1.349,1.3504,1.3485,1.3497,48240.07
2026-07-14 21:10:00,1.3497,1.3507,1.3469,1.348,65382.15
2026-07-14 21:15:00,1.348,1.3494,1.3471,1.348,11491.07
2026-07-14 21:20:00,1.348,1.3493,1.3459,1.3462,46074.53
2026-07-14 21:25:00,1.3462,1.3476,1.3452,1.3475,243730.52
2026-07-14 21:30:00,1.3475,1.3488,1.3462,1.3474,63177.18
2026-07-14 21:35:00,1.3474,1.3495,1.3468,1.3482,21627.32
2026-07-14 21:40:00,1.3482,1.3486,1.3479,1.3484,15853.79
2026-07-14 21:45:00,1.3484,1.349,1.3472,1.348,15648.73
2026-07-14 21:50:00,1.348,1.3491,1.3476,1.348,195810.0
2026-07-14 21:55:00,1.348,1.3499,1.3472,1.3494,50805.63
2026-07-14 22:00:00,1.3494,1.3505,1.3471,1.3485,180142.83
2026-07-14 22:05:00,1.3485,1.3486,1.3481,1.3485,39248.3
2026-07-14 22:10:00,1.3485,1.3503,1.3476,1.3486,32158.91
2026-07-14 22:15:00,1.3486,1.3502,1.3478,1.3483,66019.13
2026-07-14 22:20:00,1.3483,1.3497,1.3468,1.3469,28269.95
2026-07-14 22:25:00,1.3469,1.3485,1.3461,1.3462,11110.84
2026-07-14 22:30:00,1.3462,1.3468,1.3435,1.3438,7083.98
2026-07-14 22:35:00,1.3438,1.3451,1.3402,1.3411,113183.82
2026-07-14 22:40:00,1.3411,1.3452,1.3403,1.3451,60386.33
2026-07-14 22:45:00,1.3451,1.3452,1.343,1.3433,88931.37
2026-07-14 22:50:00,1.3433,1.3439,1.3418,1.342,54000.48
2026-07-14 22:55:00,1.342,1.3425,1.3388,1.3388,30215.54
2026-07-14 23:00:00,1.3388,1.3388,1.3373,1.3382,15847.04
2026-07-14 23:05:00,1.3382,1.3395,1.3372,1.3378,7638.77
2026-07-14 23:10:00,1.3378,1.338,1.3362,1.337,22783.94
2026-07-14 23:15:00,1.337,1.3374,1.3345,1.335,45881.43
2026-07-14 23:20:00,1.335,1.3365,1.3345,1.3351,69140.73
2026-07-14 23:25:00,1.3351,1.3354,1.3332,1.3334,23680.26
2026-07-14 23:30:00,1.3334,1.3377,1.3306,1.3367,7194.93
2026-07-14 23:35:00,1.3367,1.3379,1.3362,1.3375,226.18
2026-07-14 23:40:00,1.3375,1.3385,1.3365,1.3374,6730.11
2026-07-14 23:45:00,1.3374,1.3409,1.3361,1.3374,59606.37
2026-07-14 23:50:00,1.3374,1.3401,1.337,1.3387,14407.08
2026-07-14 23:55:00,1.3387,1.3395,1.338,1.3389,10395.42
2026-07-15 00:00:00,1.3389,1.3422,1.3372,1.3411,62096.26
2026-07-15 00:05:00,1.3411,1.3426,1.3395,1.3401,57553.55
2026-07-15 00:10:00,1.3401,1.3412,1.3394,1.3396,16555.13
2026-07-15 00:15:00,1.3396,1.3414,1.3382,1.3405,5525.74
2026-07-15 00:20:00,1.3405,1.3409,1.3395,1.3396,4208.74
2026-07-15 00:25:00,1.3396,1.3408,1.3381,1.3385,89585.77
2026-07-15 00:30:00,1.3385,1.3391,1.3366,1.338,13952.06
2026-07-15 00:35:00,1.338,1.339,1.3365,1.3387,433.37
2026-07-15 00:40:00,1.3387,1.3393,1.3368,1.337,71825.42
2026-07-15 00:45:00,1.337,1.3385,1.3365,1.3381,82875.84
2026-07-15 00:50:00,1.3381,1.3414,1.3381,1.3402,69495.72
2026-07-15 00:55:00,1.3402,1.3404,1.3387,1.3391,54205.61
2026-07-15 01:00:00,1.3391,1.3397,1.3378,1.3387,43344.73
2026-07-15 01:05:00,1.3387,1.3397,1.337,1.3374,41887.52
2026-07-15 01:10:00,1.3374,1.3386,1.3365,1.3373,5427.63
2026-07-15 01:15:00,1.3373,1.3388,1.3349,1.3359,22151.36
2026-07-15 01:20:00,1.3359,1.3362,1.3351,1.3361,24353.02
2026-07-15 01:25:00,1.3361,1.3377,1.3347,1.3355,27511.56
2026-07-15 01:30:00,1.3355,1.3367,1.3337,1.3344,40991.63
2026-07-15 01:35:00,1.3344,1.3369,1.3285,1.3359,129524.04
2026-07-15 01:40:00,1.3359,1.339,1.3309,1.3383,114024.22
2026-07-15 01:45:00,1.3383,1.3387,1.3349,1.3349,121449.72
2026-07-15 01:50:00,1.3349,1.338,1.33,1.3376,229933.56
2026-07-15 01:55:00,1.3376,1.3386,1.3374,1.338,107227.41
2026-07-15 02:00:00,1.338,1.3387,1.3378,1.3381,13467.37
2026-07-15 02:05:00,1.3381,1.3387,1.3362,1.3368,24504.84
2026-07-15 02:10:00,1.3368,1.3368,1.333,1.3345,32182.0
2026-07-15 02:15:00,1.3345,1.3366,1.333,1.3357,11676.56
2026-07-15 02:20:00,1.3357,1.337,1.3335,1.3341,55263.66
2026-07-15 02:25:00,1.3341,1.3348,1.3325,1.3346,7442.26
2026-07-15 02:30:00,1.3346,1.3379,1.3299,1.3373,1271714.32
2026-07-15 02:35:00,1.3373,1.3392,1.3364,1.3381,29350.06
2026-07-15 02:40:00,1.3381,1.3408,1.3376,1.3404,25196.13
2026-07-15 02:45:00,1.3404,1.3407,1.3388,1.3398,26812.72
2026-07-15 02:50:00,1.3398,1.3409,1.3369,1.3375,257836.89
2026-07-15 02:55:00,1.3375,1.3402,1.336,1.3393,3357.66
2026-07-15 03:00:00,1.3393,1.3406,1.3364,1.3381,4884.47
2026-07-15 03:05:00,1.3381,1.3382,1.3364,1.3374,2377.24
2026-07-15 03:10:00,1.3374,1.3401,1.3369,1.338,14501.55
2026-07-15 03:15:00,1.338,1.3397,1.3375,1.3392,123939.2
2026-07-15 03:20:00,1.3392,1.3398,1.3383,1.3384,6394.8
2026-07-15 03:25:00,1.3384,1.339,1.3382,1.3384,9817.19
2026-07-15 03:30:00,1.3384,1.3394,1.3374,1.3393,85999.14
2026-07-15 03:35:00,1.3393,1.3451,1.3355,1.3363,100628.51
2026-07-15 03:40:00,1.3363,1.3398,1.3345,1.3384,634.24
2026-07-15 03:45:00,1.3384,1.3413,1.3336,1.3344,14499.98
2026-07-15 03:50:00,1.3344,1.336,1.3305,1.3356,11108.33
2026-07-15 03:55:00,1.3356,1.3384,1.3341,1.3371,342.85
2026-07-15 04:00:00,1.3371,1.3389,1.3344,1.3349,8004.02
2026-07-15 04:05:00,1.3349,1.3386,1.3329,1.3379,118821.63
2026-07-15 04:10:00,1.3379,1.3397,1.3372,1.3396,64291.68
2026-07-15 04:15:00,1.3396,1.3398,1.338,1.3394,55455.94
2026-07-15 04:20:00,1.3394,1.3418,1.3372,1.338,210679.78
2026-07-15 04:25:00,1.338,1.339,1.3333,1.3355,236809.12
2026-07-15 04:30:00,1.3355,1.3366,1.3348,1.3359,17865.38
2026-07-15 04:35:00,1.3359,1.3363,1.3344,1.3345,77236.79
2026-07-15 04:40:00,1.3345,1.3393,1.3341,1.3386,4391.52
2026-07-15 04:45:00,1.3386,1.3437,1.3378,1.342,72427.07
2026-07-15 04:50:00,1.342,1.3437,1.3414,1.3436,22047.44
2026-07-15 04:55:00,1.3436,1.3479,1.3408,1.3416,85979.13
2026-07-15 05:00:00,1.3416,1.3451,1.3413,1.3439,42225.62
2026-07-15 05:05:00,1.3439,1.3459,1.3429,1.3451,140104.26
2026-07-15 05:10:00,1.3451,1.3477,1.3447,1.3472,183.46
2026-07-15 05:15:00,1.3472,1.3476,1.3454,1.3456,11021.6
2026-07-15 05:20:00,1.3456,1.3473,1.3433,1.3433,33207.15
2026-07-15 05:25:00,1.3433,1.3474,1.3397,1.3408,114206.42
2026-07-15 05:30:00,1.3408,1.344,1.3377,1.3386,185644.47
2026-07-15 05:35:00,1.3386,1.3395,1.3337,1.3363,1175.96
2026-07-15 05:40:00,1.3363,1.3365,1.3358,1.3363,3155.6
2026-07-15 05:45:00,1.3363,1.3372,1.3357,1.337,11457.53
2026-07-15 05:50:00,1.337,1.3378,1.3369,1.3373,52747.03
2026-07-15 05:55:00,1.3373,1.3385,1.3365,1.3373,29550.3
2026-07-15 06:00:00,1.3373,1.3377,1.3345,1.3352,16368.87
2026-07-15 06:05:00,1.3352,1.3384,1.3345,1.3382,8419.77
2026-07-15 06:10:00,1.3382,1.3402,1.3355,1.3358,92780.82
2026-07-15 06:15:00,1.3358,1.3366,1.3347,1.3354,8216.51
2026-07-15 06:20:00,1.3354,1.3366,1.3354,1.3361,18803.31
2026-07-15 06:25:00,1.3361,1.3393,1.3307,1.3383,45541.05
2026-07-15 06:30:00,1.3383,1.3389,1.3362,1.3366,15327.93
2026-07-15 06:35:00,1.3366,1.3396,1.3307,1.3386,91874.22
2026-07-15 06:40:00,1.3386,1.3388,1.3372,1.3375,24176.57
2026-07-15 06:45:00,1.3375,1.3388,1.3336,1.3348,277123.04
2026-07-15 06:50:00,1.3348,1.3367,1.334,1.3364,11194.15
2026-07-15 06:55:00,1.3364,1.3366,1.3334,1.3339,205899.34
2026-07-15 07:00:00,1.3339,1.3341,1.3334,1.3335,122186.2
2026-07-15 07:05:00,1.3335,1.3361,1.3291,1.3353,181813.7
2026-07-15 07:10:00,1.3353,1.3361,1.3336,1.3336,49984.33
2026-07-15 07:15:00,1.3336,1.3361,1.3314,1.3352,879767.33
2026-07-15 07:20:00,1.3352,1.3372,1.3328,1.3331,24844.94
2026-07-15 07:25:00,1.3331,1.3339,1.3299,1.331,16626.44
2026-07-15 07:30:00,1.331,1.3344,1.3252,1.3336,129276.35
2026-07-15 07:35:00,1.3336,1.3372,1.3316,1.3353,4056.48
2026-07-15 07:40:00,1.3353,1.336,1.3347,1.3355,27491.05
2026-07-15 07:45:00,1.3355,1.3389,1.3335,1.337,96684.74
2026-07-15 07:50:00,1.337,1.3374,1.337,1.3374,27085.12
2026-07-15 07:55:00,1.3374,1.3375,1.3366,1.3375,53070.37
2026-07-15 08:00:00,1.3375,1.338,1.3352,1.3352,25185.55
2026-07-15 08:05:00,1.3352,1.3364,1.3337,1.3355,62274.87
2026-07-15 08:10:00,1.3355,1.3359,1.335,1.3355,4850.16
2026-07-15 08:15:00,1.3355,1.3388,1.3345,1.3382,82770.63
2026-07-15 08:20:00,1.3382,1.3397,1.3365,1.337,51158.1
2026-07-15 08:25:00,1.337,1.337,1.3352,1.3368,750.35
2026-07-15 08:30:00,1.3368,1.3381,1.3351,1.3357,175619.66
2026-07-15 08:35:00,1.3357,1.3363,1.3345,1.3357,7593.18
2026-07-15 08:40:00,1.3357,1.3371,1.3346,1.3368,116032.94
2026-07-15 08:45:00,1.3368,1.3371,1.3326,1.3341,17349.38
2026-07-15 08:50:00,1.3341,1.3362,1.3329,1.3349,1119.63
2026-07-15 08:55:00,1.3349,1.3369,1.3343,1.3353,97136.95
2026-07-15 09:00:00,1.3353,1.3357,1.3339,1.3356,36718.25
2026-07-15 09:05:00,1.3356,1.336,1.3338,1.334,45163.6
2026-07-15 09:10:00,1.334,1.3345,1.3313,1.3324,156287.9
2026-07-15 09:15:00,1.3324,1.3326,1.3315,1.332,77580.28
2026-07-15 09:20:00,1.332,1.3368,1.3317,1.3364,66487.54
2026-07-15 09:25:00,1.3364,1.3373,1.3364,1.3364,31664.91
2026-07-15 09:30:00,1.3364,1.3379,1.3356,1.3372,14283.69
2026-07-15 09:35:00,1.3372,1.3379,1.3357,1.3376,63759.81
2026-07-15 09:40:00,1.3376,1.3388,1.3375,1.3381,1075.19
2026-07-15 09:45:00,1.3381,1.3381,1.3347,1.3354,137994.61
2026-07-15 09:50:00,1.3354,1.3358,1.3344,1.3348,50070.27
2026-07-15 09:55:00,1.3348,1.338,1.3334,1.3371,31816.65
2026-07-15 10:00:00,1.3371,1.3382,1.3365,1.3381,27105.14
2026-07-15 10:05:00,1.3381,1.3388,1.3359,1.3362,22512.68
2026-07-15 10:10:00,1.3362,1.3372,1.3353,1.3367,3754.05
2026-07-15 10:15:00,1.3367,1.3369,1.334,1.3354,244326.44
2026-07-15 10:20:00,1.3354,1.3383,1.3342,1.338,52451.25
2026-07-15 10:25:00,1.338,1.3389,1.3365,1.3373,7725.3
2026-07-15 10:30:00,1.3373,1.3375,1.3355,1.3364,49024.33
2026-07-15 10:35:00,1.3364,1.3379,1.3347,1.3355,68536.34
2026-07-15 10:40:00,1.3355,1.336,1.3327,1.3331,11596.94
2026-07-15 10:45:00,1.3331,1.3356,1.3317,1.3353,11383.94
2026-07-15 10:50:00,1.3353,1.3361,1.3347,1.3357,27842.4
2026-07-15 10:55:00,1.3357,1.3357,1.3327,1.3336,7970.3
2026-07-15 11:00:00,1.3336,1.335,1.3333,1.3348,1515.76
2026-07-15 11:05:00,1.3348,1.3351,1.334,1.3342,108006.31
2026-07-15 11:10:00,1.3342,1.3344,1.3332,1.3337,19030.8
2026-07-15 11:15:00,1.3337,1.3356,1.3278,1.3347,309011.21
2026-07-15 11:20:00,1.3347,1.3355,1.3317,1.3325,42366.11
2026-07-15 11:25:00,1.3325,1.3333,1.3301,1.3302,3014.49
2026-07-15 11:30:00,1.3302,1.3325,1.3293,1.3321,116937.78
2026-07-15 11:35:00,1.3321,1.3325,1.3311,1.3317,94898.87
2026-07-15 11:40:00,1.3317,1.3329,1.3298,1.3308,17070.61
2026-07-15 11:45:00,1.3308,1.3336,1.326,1.333,192480.18
2026-07-15 11:50:00,1.333,1.3342,1.3305,1.3311,1890.54
2026-07-15 11:55:00,1.3311,1.3349,1.3265,1.3341,98296.76
2026-07-15 12:00:00,1.3341,1.3346,1.329,1.3309,25775.13
2026-07-15 12:05:00,1.3309,1.3313,1.3305,1.3306,5063.81
2026-07-15 12:10:00,1.3306,1.3307,1.3264,1.3275,17221.17
2026-07-15 12:15:00,1.3275,1.3278,1.326,1.3263,56967.26
2026-07-15 12:20:00,1.3263,1.3293,1.326,1.3268,21828.95
2026-07-15 12:25:00,1.3268,1.3301,1.3241,1.3289,529008.99
2026-07-15 12:30:00,1.3289,1.3321,1.3286,1.3306,42948.16
2026-07-15 12:35:00,1.3306,1.3332,1.3265,1.3324,81146.2
2026-07-15 12:40:00,1.3324,1.3339,1.3322,1.3334,23041.75
2026-07-15 12:45:00,1.3334,1.3347,1.3294,1.3309,1888.93
2026-07-15 12:50:00,1.3309,1.3325,1.3302,1.3323,72776.66
2026-07-15 12:55:00,1.3323,1.3363,1.3277,1.3358,128345.91
2026-07-15 13:00:00,1.3358,1.3372,1.3344,1.3369,60002.93
2026-07-15 13:05:00,1.3369,1.3372,1.3343,1.336,6529.67
2026-07-15 13:10:00,1.336,1.3371,1.3347,1.3349,21609.39
2026-07-15 13:15:00,1.3349,1.3359,1.3316,1.3327,1344.3
2026-07-15 13:20:00,1.3327,1.3335,1.332,1.333,779.31
2026-07-15 13:25:00,1.333,1.3331,1.3308,1.3314,8619.06
2026-07-15 13:30:00,1.3314,1.3325,1.3291,1.3305,56734.33
2026-07-15 13:35:00,1.3305,1.334,1.3277,1.3332,19303.56
2026-07-15 13:40:00,1.3332,1.3355,1.3322,1.3342,17144.31
2026-07-15 13:45:00,1.3342,1.3345,1.3311,1.3327,41959.21
2026-07-15 13:50:00,1.3327,1.3337,1.3317,1.3322,66877.65
2026-07-15 13:55:00,1.3322,1.3361,1.3269,1.3353,131172.68
2026-07-15 14:00:00,1.3353,1.3357,1.3346,1.3348,55941.89
2026-07-15 14:05:00,1.3348,1.3352,1.3342,1.3348,85056.97
2026-07-15 14:10:00,1.3348,1.3353,1.3316,1.3329,142041.52
2026-07-15 14:15:00,1.3329,1.333,1.3322,1.3324,30931.63
2026-07-15 14:20:00,1.3324,1.3336,1.3293,1.3293,110370.46
2026-07-15 14:25:00,1.3293,1.3295,1.3282,1.3291,116650.58
2026-07-15 14:30:00,1.3291,1.33,1.3278,1.3282,25200.73
2026-07-15 14:35:00,1.3282,1.33,1.3279,1.3293,14743.83
2026-07-15 14:40:00,1.3293,1.3323,1.329,1.3313,6231.57
2026-07-15 14:45:00,1.3313,1.3343,1.3312,1.3339,110021.39
2026-07-15 14:50:00,1.3339,1.3342,1.3293,1.3306,12594.75
2026-07-15 14:55:00,1.3306,1.3326,1.3295,1.3298,55213.69
2026-07-15 15:00:00,1.3298,1.3298,1.3247,1.3264,121802.75
2026-07-15 15:05:00,1.3264,1.3285,1.3253,1.3275,5945.86
2026-07-15 15:10:00,1.3275,1.3276,1.3235,1.3245,251923.89
2026-07-15 15:15:00,1.3245,1.3252,1.3231,1.3248,100932.73
2026-07-15 15:20:00,1.3248,1.3256,1.3231,1.3254,12951.44
2026-07-15 15:25:00,1.3254,1.3295,1.3202,1.3285,667878.12
2026-07-15 15:30:00,1.3285,1.331,1.3284,1.3305,25820.09
2026-07-15 15:35:00,1.3305,1.3336,1.329,1.3323,7536.51
2026-07-15 15:40:00,1.3323,1.3348,1.3317,1.3343,71097.05
2026-07-15 15:45:00,1.3343,1.3353,1.332,1.332,11934.07
2026-07-15 15:50:00,1.332,1.3383,1.3316,1.3371,6460.68
2026-07-15 15:55:00,1.3371,1.3373,1.3352,1.3357,42074.97
2026-07-15 16:00:00,1.3357,1.3388,1.3309,1.3318,111442.49
2026-07-15 16:05:00,1.3318,1.334,1.3297,1.3304,15673.29
2026-07-15 16:10:00,1.3304,1.3314,1.3297,1.3309,3905.46
2026-07-15 16:15:00,1.3309,1.3335,1.3294,1.3333,22904.3
2026-07-15 16:20:00,1.3333,1.3347,1.3311,1.3312,9938.17
2026-07-15 16:25:00,1.3312,1.3337,1.3308,1.333,131488.81
2026-07-15 16:30:00,1.333,1.3342,1.3287,1.3302,3646.29
2026-07-15 16:35:00,1.3302,1.3307,1.3291,1.3293,51045.16
2026-07-15 16:40:00,1.3293,1.3317,1.3278,1.3301,61005.05
2026-07-15 16:45:00,1.3301,1.3321,1.3298,1.3305,4191.45
2026-07-15 16:50:00,1.3305,1.3309,1.3301,1.3309,47097.41
2026-07-15 16:55:00,1.3309,1.3315,1.3297,1.33,34551.37
2026-07-15 17:00:00,1.33,1.3304,1.3289,1.3289,9924.11
2026-07-15 17:05:00,1.3289,1.333,1.3285,1.3317,148437.94
2026-07-15 17:10:00,1.3317,1.3318,1.3292,1.3308,142914.28
2026-07-15 17:15:00,1.3308,1.3328,1.3304,1.3324,16426.85
2026-07-15 17:20:00,1.3324,1.3338,1.3316,1.3332,84448.68
2026-07-15 17:25:00,1.3332,1.3334,1.3312,1.3323,30207.76
2026-07-15 17:30:00,1.3323,1.3343,1.3322,1.3332,93538.98
2026-07-15 17:35:00,1.3332,1.3346,1.3328,1.3341,26797.25
2026-07-15 17:40:00,1.3341,1.3346,1.3338,1.3338,1856.6
2026-07-15 17:45:00,1.3338,1.3397,1.3332,1.3386,50410.65
2026-07-15 17:50:00,1.3386,1.3445,1.3356,1.3365,106761.21
2026-07-15 17:55:00,1.3365,1.3368,1.3332,1.3333,8273.56
2026-07-15 18:00:00,1.3333,1.3335,1.3309,1.3325,4262.09
2026-07-15 18:05:00,1.3325,1.333,1.3311,1.3318,21745.1
2026-07-15 18:10:00,1.3318,1.3333,1.3316,1.3324,23722.17
2026-07-15 18:15:00,1.3324,1.3343,1.3317,1.3341,64901.36
2026-07-15 18:20:00,1.3341,1.3347,1.3334,1.3338,7151.83
2026-07-15 18:25:00,1.3338,1.335,1.3338,1.334,17461.41
2026-07-15 18:30:00,1.334,1.3375,1.333,1.3352,47354.9
2026-07-15 18:35:00,1.3352,1.3369,1.3343,1.3352,47892.63
2026-07-15 18:40:00,1.3352,1.3384,1.3348,1.3367,109685.9
2026-07-15 18:45:00,1.3367,1.3376,1.336,1.3373,64558.12
2026-07-15 18:50:00,1.3373,1.3397,1.3348,1.3397,35880.13
2026-07-15 18:55:00,1.3397,1.3412,1.3394,1.3403,37724.59
2026-07-15 19:00:00,1.3403,1.3455,1.3351,1.3364,409029.48
2026-07-15 19:05:00,1.3364,1.3374,1.3347,1.3357,84734.56
2026-07-15 19:10:00,1.3357,1.3373,1.3356,1.3365,95225.03
2026-07-15 19:15:00,1.3365,1.3375,1.3343,1.335,39447.74
2026-07-15 19:20:00,1.335,1.3373,1.3341,1.336,26488.43
2026-07-15 19:25:00,1.336,1.3382,1.3358,1.3372,99091.94
2026-07-15 19:30:00,1.3372,1.3386,1.3371,1.3375,56513.67
2026-07-15 19:35:00,1.3375,1.3383,1.3368,1.3382,1312.84
2026-07-15 19:40:00,1.3382,1.3385,1.3358,1.3367,31735.2
2026-07-15 19:45:00,1.3367,1.3377,1.3347,1.3352,5666.76
2026-07-15 19:50:00,1.3352,1.3354,1.3335,1.3343,8059.87
2026-07-15 19:55:00,1.3343,1.3361,1.3336,1.335,22858.4
2026-07-15 20:00:00,1.335,1.3364,1.333,1.3349,157503.25
2026-07-15 20:05:00,1.3349,1.3352,1.333,1.3345,344336.85
2026-07-15 20:10:00,1.3345,1.3353,1.3338,1.3345,69193.39
2026-07-15 20:15:00,1.3345,1.3347,1.3339,1.3345,88261.11
2026-07-15 20:20:00,1.3345,1.339,1.3342,1.3368,16173.75
2026-07-15 20:25:00,1.3368,1.3397,1.3346,1.3394,35976.71
2026-07-15 20:30:00,1.3394,1.3395,1.3381,1.3391,48560.23
2026-07-15 20:35:00,1.3391,1.3395,1.3381,1.3386,32720.0
2026-07-15 20:40:00,1.3386,1.339,1.3366,1.3371,55637.48
2026-07-15 20:45:00,1.3371,1.3416,1.3351,1.3407,1857.59
2026-07-15 20:50:00,1.3407,1.3411,1.339,1.3398,333.99
2026-07-15 20:55:00,1.3398,1.3411,1.3392,1.3411,6827.88
2026-07-15 21:00:00,1.3411,1.3419,1.3388,1.3396,44546.48
2026-07-15 21:05:00,1.3396,1.3401,1.3394,1.3401,21869.57
2026-07-15 21:10:00,1.3401,1.3453,1.3371,1.3378,16708.2
2026-07-15 21:15:00,1.3378,1.34,1.3373,1.3384,74656.94
2026-07-15 21:20:00,1.3384,1.3392,1.337,1.3385,36557.39
2026-07-15 21:25:00,1.3385,1.3412,1.3347,1.3359,81454.71
2026-07-15 21:30:00,1.3359,1.3379,1.3355,1.3365,31535.81
2026-07-15 21:35:00,1.3365,1.3376,1.3342,1.3356,81361.22
2026-07-15 21:40:00,1.3356,1.3375,1.3354,1.3363,219448.39
2026-07-15 21:45:00,1.3363,1.3379,1.3359,1.3367,41059.24
2026-07-15 21:50:00,1.3367,1.3372,1.3339,1.3347,64126.07
2026-07-15 21:55:00,1.3347,1.3366,1.3324,1.3325,59448.31
2026-07-15 22:00:00,1.3325,1.3358,1.3319,1.3332,19580.29
2026-07-15 22:05:00,1.3332,1.3339,1.3329,1.3338,51305.35
2026-07-15 22:10:00,1.3338,1.3355,1.3322,1.3345,44628.61
2026-07-15 22:15:00,1.3345,1.3365,1.3343,1.3345,23618.52
2026-07-15 22:20:00,1.3345,1.3352,1.3344,1.3351,46436.37
2026-07-15 22:25:00,1.3351,1.3358,1.3347,1.335,20128.53
2026-07-15 22:30:00,1.335,1.3368,1.3333,1.3349,11120.19
2026-07-15 22:35:00,1.3349,1.3354,1.3341,1.3354,18432.9
2026-07-15 22:40:00,1.3354,1.3371,1.3346,1.3359,5927.91
2026-07-15 22:45:00,1.3359,1.336,1.3356,1.3358,116257.49
2026-07-15 22:50:00,1.3358,1.3362,1.3326,1.3357,17509.15
2026-07-15 22:55:00,1.3357,1.3402,1.3351,1.3389,134055.04
2026-07-15 23:00:00,1.3389,1.3402,1.3357,1.3359,17017.12
2026-07-15 23:05:00,1.3359,1.3364,1.3346,1.3351,3076.13
2026-07-15 23:10:00,1.3351,1.3357,1.3338,1.335,60709.41
2026-07-15 23:15:00,1.335,1.336,1.3327,1.3339,29317.48
2026-07-15 23:20:00,1.3339,1.3341,1.3327,1.3329,3645.61
2026-07-15 23:25:00,1.3329,1.3332,1.3321,1.3323,7565.73
2026-07-15 23:30:00,1.3323,1.333,1.3308,1.3316,139352.12
2026-07-15 23:35:00,1.3316,1.3319,1.3305,1.3311,144426.44
2026-07-15 23:40:00,1.3311,1.3326,1.3309,1.3319,46357.46
2026-07-15 23:45:00,1.3319,1.3336,1.3287,1.3331,82368.94
2026-07-15 23:50:00,1.3331,1.3336,1.3322,1.3329,22257.47
2026-07-15 23:55:00,1.3329,1.3355,1.3274,1.335,85722.22
2026-07-16 00:00:00,1.335,1.3357,1.3323,1.3332,34123.72
2026-07-16 00:05:00,1.3332,1.3353,1.3299,1.3346,26372.07
2026-07-16 00:10:00,1.3346,1.3359,1.3298,1.3308,60807.3
2026-07-16 00:15:00,1.3308,1.3311,1.3296,1.3306,10260.44
2026-07-16 00:20:00,1.3306,1.331,1.3295,1.3302,13971.9
2026-07-16 00:25:00,1.3302,1.331,1.3294,1.3306,244631.26
2026-07-16 00:30:00,1.3306,1.3346,1.327,1.3336,115632.15
2026-07-16 00:35:00,1.3336,1.3348,1.3315,1.3333,347.66
2026-07-16 00:40:00,1.3333,1.3341,1.3293,1.3307,111701.53
2026-07-16 00:45:00,1.3307,1.3329,1.3306,1.3312,31482.44
2026-07-16 00:50:00,1.3312,1.3318,1.3299,1.3314,9806.1
2026-07-16 00:55:00,1.3314,1.3347,1.3292,1.3342,35158.82
2026-07-16 01:00:00,1.3342,1.3384,1.3317,1.3377,149015.36
2026-07-16 01:05:00,1.3377,1.3401,1.3358,1.3365,30378.91
2026-07-16 01:10:00,1.3365,1.3385,1.3346,1.3374,13716.75
2026-07-16 01:15:00,1.3374,1.3381,1.3369,1.3377,27244.46
2026-07-16 01:20:00,1.3377,1.3379,1.3351,1.3361,9496.86
2026-07-16 01:25:00,1.3361,1.3364,1.3356,1.3364,31499.64
2026-07-16 01:30:00,1.3364,1.3369,1.3359,1.3363,92933.88
2026-07-16 01:35:00,1.3363,1.3376,1.3354,1.3356,25953.7
2026-07-16 01:40:00,1.3356,1.336,1.3336,1.3341,37227.5
2026-07-16 01:45:00,1.3341,1.3348,1.3328,1.333,22304.36
2026-07-16 01:50:00,1.333,1.3345,1.3305,1.3307,25844.15
2026-07-16 01:55:00,1.3307,1.3312,1.3295,1.3303,28631.54
2026-07-16 02:00:00,1.3303,1.333,1.3278,1.3321,144702.99
2026-07-16 02:05:00,1.3321,1.3322,1.3311,1.3318,12215.74
2026-07-16 02:10:00,1.3318,1.3354,1.329,1.3347,359426.62
2026-07-16 02:15:00,1.3347,1.3349,1.3335,1.3348,12989.72
2026-07-16 02:20:00,1.3348,1.3363,1.3315,1.3319,128691.54
2026-07-16 02:25:00,1.3319,1.3336,1.3298,1.3302,23626.41
2026-07-16 02:30:00,1.3302,1.3342,1.3252,1.3334,307629.23
2026-07-16 02:35:00,1.3334,1.3363,1.333,1.3337,21665.13
2026-07-16 02:40:00,1.3337,1.3376,1.3306,1.3372,2502.1
2026-07-16 02:45:00,1.3372,1.338,1.3369,1.337,96574.62
2026-07-16 02:50:00,1.337,1.3371,1.3356,1.337,17461.79
2026-07-16 02:55:00,1.337,1.3382,1.335,1.3378,25556.44
2026-07-16 03:00:00,1.3378,1.3379,1.3375,1.3378,26543.28
2026-07-16 03:05:00,1.3378,1.3396,1.3375,1.339,2064.29
2026-07-16 03:10:00,1.339,1.3441,1.334,1.335,374213.17
2026-07-16 03:15:00,1.335,1.3382,1.3342,1.3367,34804.76
2026-07-16 03:20:00,1.3367,1.3377,1.3367,1.3377,5447.58
2026-07-16 03:25:00,1.3377,1.3382,1.3352,1.3367,26521.3
2026-07-16 03:30:00,1.3367,1.3398,1.3364,1.339,6403.21
2026-07-16 03:35:00,1.339,1.3437,1.337,1.3413,9837.19
2026-07-16 03:40:00,1.3413,1.3434,1.3401,1.3409,13550.23
2026-07-16 03:45:00,1.3409,1.3437,1.3392,1.3398,5922.49
2026-07-16 03:50:00,1.3398,1.3404,1.3394,1.3399,43188.89
2026-07-16 03:55:00,1.3399,1.3405,1.3386,1.3392,18050.46
2026-07-16 04:00:00,1.3392,1.3403,1.3382,1.3394,34260.64
2026-07-16 04:05:00,1.3394,1.3414,1.3364,1.3374,31570.11
2026-07-16 04:10:00,1.3374,1.3407,1.3335,1.3344,93161.69
2026-07-16 04:15:00,1.3344,1.3346,1.3325,1.3338,27338.58
2026-07-16 04:20:00,1.3338,1.3375,1.3334,1.336,15459.92
2026-07-16 04:25:00,1.336,1.3364,1.3348,1.3357,168532.17
2026-07-16 04:30:00,1.3357,1.3375,1.3349,1.337,2639.6
2026-07-16 04:35:00,1.337,1.3376,1.3346,1.3355,9460.91
2026-07-16 04:40:00,1.3355,1.3399,1.3352,1.3384,15647.5
2026-07-16 04:45:00,1.3384,1.3401,1.3371,1.3391,15682.27
2026-07-16 04:50:00,1.3391,1.3439,1.3385,1.3416,99313.33
2026-07-16 04:55:00,1.3416,1.345,1.3411,1.3425,46594.05
2026-07-16 05:00:00,1.3425,1.348,1.3395,1.3405,240413.35
2026-07-16 05:05:00,1.3405,1.3438,1.3374,1.3384,7706.86
2026-07-16 05:10:00,1.3384,1.3403,1.3382,1.3399,27118.01
2026-07-16 05:15:00,1.3399,1.3421,1.3397,1.3414,32723.35
2026-07-16 05:20:00,1.3414,1.3446,1.3408,1.3445,398657.49
2026-07-16 05:25:00,1.3445,1.3458,1.3441,1.3451,38947.81
2026-07-16 05:30:00,1.3451,1.3476,1.344,1.345,35793.71
2026-07-16 05:35:00,1.345,1.3465,1.3446,1.3447,3386.6
2026-07-16 05:40:00,1.3447,1.3491,1.342,1.3433,317855.7
2026-07-16 05:45:00,1.3433,1.3452,1.3418,1.3442,17385.83
2026-07-16 05:50:00,1.3442,1.3445,1.3428,1.3432,71568.26
2026-07-16 05:55:00,1.3432,1.3451,1.3424,1.3451,60620.41
2026-07-16 06:00:00,1.3451,1.3483,1.3444,1.3482,98642.86
2026-07-16 06:05:00,1.3482,1.3514,1.3445,1.3453,857999.56
2026-07-16 06:10:00,1.3453,1.3463,1.3438,1.345,139038.74
2026-07-16 06:15:00,1.345,1.3451,1.3422,1.3432,10489.32
2026-07-16 06:20:00,1.3432,1.3457,1.3405,1.3411,19152.47
2026-07-16 06:25:00,1.3411,1.3439,1.3374,1.3381,463235.63
2026-07-16 06:30:00,1.3381,1.3398,1.3361,1.3365,9613.55
2026-07-16 06:35:00,1.3365,1.3417,1.3328,1.3334,144343.05
2026-07-16 06:40:00,1.3334,1.335,1.3314,1.3325,62945.73
2026-07-16 06:45:00,1.3325,1.3336,1.327,1.3297,4632.12
2026-07-16 06:50:00,1.3297,1.3316,1.3253,1.3311,236187.8
2026-07-16 06:55:00,1.3311,1.3325,1.3303,1.3324,119897.13
2026-07-16 07:00:00,1.3324,1.3333,1.3323,1.3329,2596.0
2026-07-16 07:05:00,1.3329,1.3355,1.3328,1.3353,29053.84
2026-07-16 07:10:00,1.3353,1.3361,1.3343,1.3352,42339.19
2026-07-16 07:15:00,1.3352,1.3365,1.3336,1.3345,76530.41
2026-07-16 07:20:00,1.3345,1.3365,1.3329,1.3338,55061.1
2026-07-16 07:25:00,1.3338,1.3353,1.3319,1.3338,13362.47
2026-07-16 07:30:00,1.3338,1.3353,1.3288,1.3301,36864.97
2026-07-16 07:35:00,1.3301,1.3304,1.3288,1.3297,80071.7
2026-07-16 07:40:00,1.3297,1.3322,1.325,1.3316,134080.58
2026-07-16 07:45:00,1.3316,1.3345,1.3304,1.3327,63083.14
2026-07-16 07:50:00,1.3327,1.3354,1.3316,1.3338,108084.52
2026-07-16 07:55:00,1.3338,1.3349,1.3332,1.3347,59386.65
2026-07-16 08:00:00,1.3347,1.3347,1.332,1.3325,27610.87
2026-07-16 08:05:00,1.3325,1.3329,1.3307,1.3308,41517.18
2026-07-16 08:10:00,1.3308,1.3308,1.3293,1.3297,142178.42
2026-07-16 08:15:00,1.3297,1.3306,1.3282,1.329,562.25
2026-07-16 08:20:00,1.329,1.3309,1.3279,1.3298,61545.07
2026-07-16 08:25:00,1.3298,1.3319,1.3294,1.3314,58464.4
2026-07-16 08:30:00,1.3314,1.3338,1.3313,1.3324,80628.99
2026-07-16 08:35:00,1.3324,1.3336,1.3311,1.3318,24248.85
2026-07-16 08:40:00,1.3318,1.3356,1.3281,1.335,362478.26
2026-07-16 08:45:00,1.335,1.3363,1.3317,1.3325,5270.45
2026-07-16 08:50:00,1.3325,1.3335,1.3265,1.328,40231.39
2026-07-16 08:55:00,1.328,1.3281,1.3272,1.3277,65144.45
2026-07-16 09:00:00,1.3277,1.3283,1.3275,1.328,28225.88
2026-07-16 09:05:00,1.328,1.3307,1.325,1.33,494375.36
2026-07-16 09:10:00,1.33,1.3324,1.3293,1.3313,17699.72
2026-07-16 09:15:00,1.3313,1.3321,1.3283,1.3309,27881.08
2026-07-16 09:20:00,1.3309,1.3338,1.3285,1.3326,163850.0
2026-07-16 09:25:00,1.3326,1.3335,1.332,1.3327,53452.05
2026-07-16 09:30:00,1.3327,1.3338,1.3322,1.3323,61482.25
2026-07-16 09:35:00,1.3323,1.3353,1.3316,1.3336,5157.61
2026-07-16 09:40:00,1.3336,1.3356,1.3327,1.3356,14032.7
2026-07-16 09:45:00,1.3356,1.337,1.3354,1.3365,186613.66
2026-07-16 09:50:00,1.3365,1.337,1.336,1.3365,29791.07
2026-07-16 09:55:00,1.3365,1.3376,1.336,1.3361,99709.12
2026-07-16 10:00:00,1.3361,1.3377,1.3355,1.3377,3845.96
2026-07-16 10:05:00,1.3377,1.3402,1.3371,1.3396,181667.48
2026-07-16 10:10:00,1.3396,1.3433,1.3391,1.3412,206376.08
2026-07-16 10:15:00,1.3412,1.3428,1.3412,1.3416,8107.08
2026-07-16 10:20:00,1.3416,1.342,1.3402,1.3414,28869.3
2026-07-16 10:25:00,1.3414,1.3444,1.3393,1.3402,11470.94
2026-07-16 10:30:00,1.3402,1.3409,1.3381,1.3382,8962.66
2026-07-16 10:35:00,1.3382,1.3393,1.3382,1.339,25018.35
2026-07-16 10:40:00,1.339,1.3409,1.3387,1.3401,112355.06
2026-07-16 10:45:00,1.3401,1.3421,1.3398,1.3399,135958.26
2026-07-16 10:50:00,1.3399,1.3412,1.3389,1.3401,83276.01
2026-07-16 10:55:00,1.3401,1.3401,1.3386,1.3389,8447.33
2026-07-16 11:00:00,1.3389,1.3397,1.3382,1.3395,90010.08
2026-07-16 11:05:00,1.3395,1.3435,1.3387,1.3425,72275.74
2026-07-16 11:10:00,1.3425,1.3426,1.3413,1.3421,93.47
2026-07-16 11:15:00,1.3421,1.3428,1.3397,1.3408,30969.97
2026-07-16 11:20:00,1.3408,1.342,1.3376,1.3413,40922.49
2026-07-16 11:25:00,1.3413,1.3413,1.3377,1.3381,56931.14
2026-07-16 11:30:00,1.3381,1.3388,1.3374,1.338,43642.68
2026-07-16 11:35:00,1.338,1.3401,1.3377,1.34,47871.87
2026-07-16 11:40:00,1.34,1.3429,1.3368,1.3377,165745.72
2026-07-16 11:45:00,1.3377,1.3381,1.3362,1.3366,129950.33
2026-07-16 11:50:00,1.3366,1.3366,1.3344,1.3348,5517.88
2026-07-16 11:55:00,1.3348,1.3355,1.3346,1.3348,45058.38
2026-07-16 12:00:00,1.3348,1.3366,1.3338,1.3351,92121.99
2026-07-16 12:05:00,1.3351,1.3376,1.3338,1.3363,13913.12
2026-07-16 12:10:00,1.3363,1.337,1.3344,1.3345,34781.82
2026-07-16 12:15:00,1.3345,1.3364,1.3343,1.3345,93205.21
2026-07-16 12:20:00,1.3345,1.3362,1.3343,1.3352,46231.16
2026-07-16 12:25:00,1.3352,1.3356,1.3346,1.3356,12125.07
2026-07-16 12:30:00,1.3356,1.3368,1.3347,1.3363,40180.82
2026-07-16 12:35:00,1.3363,1.3384,1.3351,1.3381,75861.28
2026-07-16 12:40:00,1.3381,1.3384,1.3347,1.3353,55931.17
2026-07-16 12:45:00,1.3353,1.3378,1.3348,1.337,19436.98
2026-07-16 12:50:00,1.337,1.3376,1.3347,1.3357,22405.7
2026-07-16 12:55:00,1.3357,1.3363,1.3331,1.3331,111133.4
2026-07-16 13:00:00,1.3331,1.3354,1.3328,1.3342,9107.93
2026-07-16 13:05:00,1.3342,1.3355,1.3336,1.3345,17881.04
2026-07-16 13:10:00,1.3345,1.3369,1.3338,1.3355,28482.52
2026-07-16 13:15:00,1.3355,1.336,1.3335,1.3336,37349.82
2026-07-16 13:20:00,1.3336,1.3343,1.3313,1.3342,14281.83
2026-07-16 13:25:00,1.3342,1.3359,1.3339,1.3349,24178.93
2026-07-16 13:30:00,1.3349,1.3365,1.3332,1.336,41512.5
2026-07-16 13:35:00,1.336,1.338,1.3358,1.3368,45403.62
2026-07-16 13:40:00,1.3368,1.3379,1.3358,1.336,73199.65
2026-07-16 13:45:00,1.336,1.3364,1.3344,1.335,6040.09
2026-07-16 13:50:00,1.335,1.336,1.3312,1.3324,12588.36
2026-07-16 13:55:00,1.3324,1.3324,1.3308,1.3309,145478.14
2026-07-16 14:00:00,1.3309,1.332,1.3294,1.3314,4628.24
2026-07-16 14:05:00,1.3314,1.3326,1.3314,1.3322,16866.81
2026-07-16 14:10:00,1.3322,1.3333,1.3321,1.3322,13301.65
2026-07-16 14:15:00,1.3322,1.3327,1.3311,1.3317,13313.24
2026-07-16 14:20:00,1.3317,1.3332,1.3313,1.3328,1153.69
2026-07-16 14:25:00,1.3328,1.3353,1.3327,1.3347,42030.1
2026-07-16 14:30:00,1.3347,1.3349,1.3323,1.3328,31816.06
2026-07-16 14:35:00,1.3328,1.3337,1.3325,1.3334,77000.49
2026-07-16 14:40:00,1.3334,1.3337,1.3303,1.332,74178.43
2026-07-16 14:45:00,1.332,1.3326,1.3309,1.3321,4904.3
2026-07-16 14:50:00,1.3321,1.3327,1.3313,1.3315,805.32
2026-07-16 14:55:00,1.3315,1.3325,1.3291,1.3305,104020.03
2026-07-16 15:00:00,1.3305,1.3309,1.3282,1.329,119131.0
2026-07-16 15:05:00,1.329,1.3312,1.3231,1.3304,235005.3
2026-07-16 15:10:00,1.3304,1.3311,1.3277,1.3299,75903.25
2026-07-16 15:15:00,1.3299,1.3342,1.3299,1.3328,9686.61
2026-07-16 15:20:00,1.3328,1.3341,1.3324,1.3335,63563.82
2026-07-16 15:25:00,1.3335,1.335,1.3314,1.3333,28462.2
2026-07-16 15:30:00,1.3333,1.335,1.3331,1.3345,24044.91
2026-07-16 15:35:00,1.3345,1.3354,1.3341,1.3347,75729.75
2026-07-16 15:40:00,1.3347,1.3347,1.3338,1.3339,412.86
2026-07-16 15:45:00,1.3339,1.3376,1.3335,1.3371,44591.81
2026-07-16 15:50:00,1.3371,1.3381,1.3367,1.3376,36948.28
2026-07-16 15:55:00,1.3376,1.3383,1.3365,1.3367,27984.63
2026-07-16 16:00:00,1.3367,1.3389,1.3363,1.3384,47701.01
2026-07-16 16:05:00,1.3384,1.3395,1.3379,1.3394,80580.68
2026-07-16 16:10:00,1.3394,1.3396,1.337,1.3381,40214.83
2026-07-16 16:15:00,1.3381,1.3383,1.337,1.3372,3786.16
2026-07-16 16:20:00,1.3372,1.3403,1.3367,1.3385,40971.01
2026-07-16 16:25:00,1.3385,1.3393,1.3372,1.3382,59611.8
2026-07-16 16:30:00,1.3382,1.3413,1.3339,1.3344,36335.51
2026-07-16 16:35:00,1.3344,1.3355,1.3343,1.3351,62345.54
2026-07-16 16:40:00,1.3351,1.339,1.3349,1.3382,135461.68
2026-07-16 16:45:00,1.3382,1.3404,1.3341,1.3354,5901.53
2026-07-16 16:50:00,1.3354,1.3362,1.3345,1.3357,90672.71
2026-07-16 16:55:00,1.3357,1.3358,1.3323,1.3326,13261.66
2026-07-16 17:00:00,1.3326,1.3352,1.332,1.3334,20062.27
2026-07-16 17:05:00,1.3334,1.334,1.333,1.3334,920.83
2026-07-16 17:10:00,1.3334,1.3353,1.3327,1.3346,1345.78
2026-07-16 17:15:00,1.3346,1.3348,1.3343,1.3347,43748.97
2026-07-16 17:20:00,1.3347,1.3363,1.3342,1.335,60189.06
2026-07-16 17:25:00,1.335,1.3362,1.3337,1.3356,4721.07
2026-07-16 17:30:00,1.3356,1.3371,1.3355,1.336,81767.54
2026-07-16 17:35:00,1.336,1.3363,1.3352,1.3358,9443.94
2026-07-16 17:40:00,1.3358,1.3392,1.3357,1.3375,101966.63
2026-07-16 17:45:00,1.3375,1.3409,1.3359,1.3399,9516.31
2026-07-16 17:50:00,1.3399,1.3412,1.3384,1.3405,72360.74
2026-07-16 17:55:00,1.3405,1.3465,1.3356,1.3365,189937.53
2026-07-16 18:00:00,1.3365,1.3378,1.3347,1.3377,7965.6
2026-07-16 18:05:00,1.3377,1.3389,1.3369,1.3381,40578.71
2026-07-16 18:10:00,1.3381,1.3392,1.3354,1.3373,43514.39
2026-07-16 18:15:00,1.3373,1.3405,1.3355,1.3394,61734.34
2026-07-16 18:20:00,1.3394,1.3397,1.3393,1.3395,22581.13
2026-07-16 18:25:00,1.3395,1.3423,1.3355,1.3362,44370.5
2026-07-16 18:30:00,1.3362,1.3369,1.3338,1.3342,35801.33
2026-07-16 18:35:00,1.3342,1.3362,1.3342,1.3357,120841.69
2026-07-16 18:40:00,1.3357,1.336,1.3349,1.3354,127138.53
2026-07-16 18:45:00,1.3354,1.3371,1.3345,1.3367,35954.57
2026-07-16 18:50:00,1.3367,1.3382,1.3365,1.3382,44501.41
2026-07-16 18:55:00,1.3382,1.3421,1.3355,1.3363,87852.68
2026-07-16 19:00:00,1.3363,1.3365,1.3344,1.3345,14718.51
2026-07-16 19:05:00,1.3345,1.3381,1.3334,1.3371,30879.71
2026-07-16 19:10:00,1.3371,1.3381,1.3367,1.337,89522.53
2026-07-16 19:15:00,1.337,1.3385,1.3355,1.3378,3578.24
2026-07-16 19:20:00,1.3378,1.341,1.3332,1.3342,32929.71
2026-07-16 19:25:00,1.3342,1.3374,1.333,1.3357,30061.67
2026-07-16 19:30:00,1.3357,1.3359,1.3337,1.3341,177658.37
2026-07-16 19:35:00,1.3341,1.3349,1.3336,1.3349,32503.59
2026-07-16 19:40:00,1.3349,1.339,1.3332,1.3388,71908.04
2026-07-16 19:45:00,1.3388,1.3438,1.3367,1.3375,5804.41
2026-07-16 19:50:00,1.3375,1.3385,1.3344,1.3352,15129.27
2026-07-16 19:55:00,1.3352,1.339,1.3348,1.3365,74250.77
2026-07-16 20:00:00,1.3365,1.3373,1.3343,1.3367,129934.41
2026-07-16 20:05:00,1.3367,1.3378,1.3356,1.3371,82702.62
2026-07-16 20:10:00,1.3371,1.3374,1.3363,1.3366,79330.3
2026-07-16 20:15:00,1.3366,1.3367,1.3356,1.336,71800.64
2026-07-16 20:20:00,1.336,1.3374,1.334,1.3348,154558.92
2026-07-16 20:25:00,1.3348,1.3357,1.3341,1.3352,23075.16
2026-07-16 20:30:00,1.3352,1.3376,1.3338,1.3361,97578.7
2026-07-16 20:35:00,1.3361,1.341,1.3359,1.3388,119336.65
2026-07-16 20:40:00,1.3388,1.3435,1.3381,1.3417,3549.64
2026-07-16 20:45:00,1.3417,1.3443,1.3383,1.3393,32837.5
2026-07-16 20:50:00,1.3393,1.3399,1.3374,1.3392,109584.21
2026-07-16 20:55:00,1.3392,1.3395,1.3359,1.3371,134954.93
2026-07-16 21:00:00,1.3371,1.3379,1.3348,1.3352,14873.79
2026-07-16 21:05:00,1.3352,1.3387,1.3347,1.3378,2438.8
2026-07-16 21:10:00,1.3378,1.338,1.3347,1.335,34581.28
2026-07-16 21:15:00,1.335,1.3352,1.3336,1.3345,2665.55
2026-07-16 21:20:00,1.3345,1.339,1.3321,1.3377,330958.05
2026-07-16 21:25:00,1.3377,1.3384,1.3341,1.3348,32192.77
2026-07-16 21:30:00,1.3348,1.3365,1.3321,1.3333,114728.27
2026-07-16 21:35:00,1.3333,1.3356,1.3311,1.3351,124883.05
2026-07-16 21:40:00,1.3351,1.3354,1.3317,1.332,59390.13
2026-07-16 21:45:00,1.332,1.3344,1.328,1.3337,474487.58
2026-07-16 21:50:00,1.3337,1.3352,1.3334,1.3347,28461.83
2026-07-16 21:55:00,1.3347,1.3365,1.3339,1.3361,38037.6
2026-07-16 22:00:00,1.3361,1.3378,1.3351,1.3371,29184.01
2026-07-16 22:05:00,1.3371,1.3374,1.3359,1.3364,29312.81
2026-07-16 22:10:00,1.3364,1.3392,1.3359,1.3383,46230.4
2026-07-16 22:15:00,1.3383,1.344,1.3345,1.3353,75545.41
2026-07-16 22:20:00,1.3353,1.3367,1.3346,1.3363,13003.63
2026-07-16 22:25:00,1.3363,1.3382,1.3345,1.3374,32926.79
2026-07-16 22:30:00,1.3374,1.3396,1.3366,1.3389,7096.6
2026-07-16 22:35:00,1.3389,1.3413,1.3374,1.3391,47433.24
2026-07-16 22:40:00,1.3391,1.3413,1.3384,1.3409,73541.34
2026-07-16 22:45:00,1.3409,1.3417,1.339,1.3407,3556.97
2026-07-16 22:50:00,1.3407,1.3423,1.3406,1.3413,29926.28
2026-07-16 22:55:00,1.3413,1.3415,1.3388,1.3408,41323.46
2026-07-16 23:00:00,1.3408,1.3466,1.3378,1.3383,297520.61
2026-07-16 23:05:00,1.3383,1.3406,1.3341,1.3354,478470.75
2026-07-16 23:10:00,1.3354,1.3364,1.3322,1.3337,20282.11
2026-07-16 23:15:00,1.3337,1.3363,1.3335,1.3355,139817.31
2026-07-16 23:20:00,1.3355,1.3357,1.3336,1.335,50581.14
2026-07-16 23:25:00,1.335,1.3359,1.3305,1.3313,18351.97
2026-07-16 23:30:00,1.3313,1.3342,1.3255,1.3333,81748.39
2026-07-16 23:35:00,1.3333,1.3333,1.3309,1.332,44103.14
2026-07-16 23:40:00,1.332,1.3358,1.3294,1.3345,294232.85
2026-07-16 23:45:00,1.3345,1.335,1.3308,1.3319,37813.41
2026-07-16 23:50:00,1.3319,1.3356,1.3297,1.3345,89029.57
2026-07-16 23:55:00,1.3345,1.3365,1.3327,1.335,80294.73
2026-07-17 00:00:00,1.335,1.3356,1.3341,1.3344,30628.17
2026-07-17 00:05:00,1.3344,1.3348,1.3334,1.3337,9034.57
2026-07-17 00:10:00,1.3337,1.3338,1.3323,1.3324,47106.82
2026-07-17 00:15:00,1.3324,1.3324,1.3267,1.3273,86353.25
2026-07-17 00:20:00,1.3273,1.3279,1.3255,1.3257,27082.62
2026-07-17 00:25:00,1.3257,1.3285,1.3244,1.3277,19213.0
2026-07-17 00:30:00,1.3277,1.3314,1.3247,1.3304,33078.31
2026-07-17 00:35:00,1.3304,1.3312,1.3291,1.3299,48622.4
2026-07-17 00:40:00,1.3299,1.3324,1.3287,1.3311,65574.94
2026-07-17 00:45:00,1.3311,1.3314,1.3297,1.3306,160352.35
2026-07-17 00:50:00,1.3306,1.3324,1.3284,1.3321,125685.54
2026-07-17 00:55:00,1.3321,1.3333,1.3288,1.3304,29346.72
2026-07-17 01:00:00,1.3304,1.334,1.325,1.3334,33757.77
2026-07-17 01:05:00,1.3334,1.3365,1.3283,1.3355,610418.28
2026-07-17 01:10:00,1.3355,1.3355,1.3335,1.3343,58169.52
2026-07-17 01:15:00,1.3343,1.3348,1.3341,1.3346,21182.68
2026-07-17 01:20:00,1.3346,1.3353,1.334,1.334,75694.96
2026-07-17 01:25:00,1.334,1.3381,1.3334,1.3362,3137.07
2026-07-17 01:30:00,1.3362,1.3367,1.3359,1.336,54475.55
2026-07-17 01:35:00,1.336,1.3361,1.3349,1.3357,134618.03
2026-07-17 01:40:00,1.3357,1.3372,1.3341,1.3371,56614.88
2026-07-17 01:45:00,1.3371,1.3374,1.3361,1.3362,19898.1
2026-07-17 01:50:00,1.3362,1.337,1.3347,1.3347,78720.93
2026-07-17 01:55:00,1.3347,1.3366,1.3333,1.3355,414666.24
2026-07-17 02:00:00,1.3355,1.3355,1.3332,1.3342,217878.65
2026-07-17 02:05:00,1.3342,1.3355,1.334,1.3352,44281.64
2026-07-17 02:10:00,1.3352,1.3368,1.3325,1.3346,15836.71
2026-07-17 02:15:00,1.3346,1.3366,1.3344,1.3353,42871.89
2026-07-17 02:20:00,1.3353,1.3355,1.3333,1.3336,49659.95
2026-07-17 02:25:00,1.3336,1.3337,1.3321,1.3335,72292.45
2026-07-17 02:30:00,1.3335,1.3341,1.3317,1.3322,5209.92
2026-07-17 02:35:00,1.3322,1.3351,1.3307,1.3334,3804.85
2026-07-17 02:40:00,1.3334,1.3351,1.3333,1.3348,28529.55
2026-07-17 02:45:00,1.3348,1.3372,1.3336,1.3366,157680.92
2026-07-17 02:50:00,1.3366,1.3394,1.3365,1.3391,33901.25
2026-07-17 02:55:00,1.3391,1.3432,1.3341,1.3352,302139.81
2026-07-17 03:00:00,1.3352,1.338,1.3332,1.3367,5346.7
2026-07-17 03:05:00,1.3367,1.3378,1.3353,1.337,113594.19
2026-07-17 03:10:00,1.337,1.3376,1.3362,1.3368,9082.04
2026-07-17 03:15:00,1.3368,1.3391,1.3365,1.3387,29907.71
2026-07-17 03:20:00,1.3387,1.3394,1.3352,1.336,70305.33
2026-07-17 03:25:00,1.336,1.3371,1.3354,1.3371,89075.27
2026-07-17 03:30:00,1.3371,1.3377,1.3371,1.3372,1789.88
2026-07-17 03:35:00,1.3372,1.3384,1.3372,1.3379,32462.24
2026-07-17 03:40:00,1.3379,1.3393,1.337,1.338,91711.48
2026-07-17 03:45:00,1.338,1.3383,1.3355,1.3367,74975.98
2026-07-17 03:50:00,1.3367,1.342,1.3336,1.3348,14367.31
2026-07-17 03:55:00,1.3348,1.3401,1.3328,1.3388,139176.39
2026-07-17 04:00:00,1.3388,1.3416,1.3366,1.3371,17691.63
2026-07-17 04:05:00,1.3371,1.342,1.3337,1.3342,116379.23
2026-07-17 04:10:00,1.3342,1.3354,1.3325,1.3335,4075.57
2026-07-17 04:15:00,1.3335,1.3349,1.3317,1.332,322.63
2026-07-17 04:20:00,1.332,1.3335,1.3295,1.331,8667.52
2026-07-17 04:25:00,1.331,1.3325,1.3279,1.3288,26440.4
2026-07-17 04:30:00,1.3288,1.329,1.3257,1.3257,75533.01
2026-07-17 04:35:00,1.3257,1.3281,1.3256,1.3267,20191.34
2026-07-17 04:40:00,1.3267,1.3305,1.3237,1.3296,18194.52
2026-07-17 04:45:00,1.3296,1.3337,1.3294,1.3304,15637.82
2026-07-17 04:50:00,1.3304,1.3316,1.3304,1.331,40406.91
2026-07-17 04:55:00,1.331,1.333,1.3292,1.3314,8324.68
2026-07-17 05:00:00,1.3314,1.334,1.33,1.3332,133310.37
2026-07-17 05:05:00,1.3332,1.3359,1.3323,1.3351,121210.29
2026-07-17 05:10:00,1.3351,1.336,1.3312,1.3331,28263.99
2026-07-17 05:15:00,1.3331,1.3344,1.3303,1.3316,26081.18
2026-07-17 05:20:00,1.3316,1.3318,1.3288,1.3292,119730.03
2026-07-17 05:25:00,1.3292,1.3322,1.3275,1.3306,14693.26
2026-07-17 05:30:00,1.3306,1.3331,1.3294,1.3322,2636.77
2026-07-17 05:35:00,1.3322,1.3357,1.3297,1.3341,72551.19
2026-07-17 05:40:00,1.3341,1.3378,1.3334,1.3363,8441.88
2026-07-17 05:45:00,1.3363,1.3369,1.334,1.334,67300.56
2026-07-17 05:50:00,1.334,1.335,1.3316,1.3325,33730.33
2026-07-17 05:55:00,1.3325,1.3328,1.3282,1.3303,94428.66
2026-07-17 06:00:00,1.3303,1.3345,1.33,1.3332,31329.79
2026-07-17 06:05:00,1.3332,1.3346,1.3299,1.3308,104798.71
2026-07-17 06:10:00,1.3308,1.3328,1.3304,1.3324,14922.56
2026-07-17 06:15:00,1.3324,1.3351,1.3307,1.3332,34023.14
2026-07-17 06:20:00,1.3332,1.3393,1.3326,1.3374,4150.0
2026-07-17 06:25:00,1.3374,1.3383,1.3372,1.3373,41832.27
2026-07-17 06:30:00,1.3373,1.3374,1.336,1.3361,45223.45
2026-07-17 06:35:00,1.3361,1.3388,1.3359,1.3373,83402.89
2026-07-17 06:40:00,1.3373,1.3375,1.3337,1.336,59358.61
2026-07-17 06:45:00,1.336,1.3372,1.3359,1.3371,77118.85
2026-07-17 06:50:00,1.3371,1.3394,1.333,1.3333,8612.75
2026-07-17 06:55:00,1.3333,1.3349,1.3321,1.3331,26880.41
2026-07-17 07:00:00,1.3331,1.3352,1.3329,1.3334,37696.84
2026-07-17 07:05:00,1.3334,1.3341,1.3298,1.3309,29907.22
2026-07-17 07:10:00,1.3309,1.3322,1.3294,1.3295,6007.25
2026-07-17 07:15:00,1.3295,1.3333,1.3293,1.3319,41770.57
2026-07-17 07:20:00,1.3319,1.3339,1.3305,1.3319,19104.26
2026-07-17 07:25:00,1.3319,1.3337,1.3317,1.3328,107563.94
2026-07-17 07:30:00,1.3328,1.3332,1.3306,1.3308,150971.52
2026-07-17 07:35:00,1.3308,1.3319,1.3276,1.3281,21244.53
2026-07-17 07:40:00,1.3281,1.3303,1.3264,1.3294,121657.37
2026-07-17 07:45:00,1.3294,1.3328,1.3269,1.3322,56844.11
2026-07-17 07:50:00,1.3322,1.3379,1.3302,1.3356,67599.88
2026-07-17 07:55:00,1.3356,1.3377,1.3346,1.3366,128058.27
2026-07-17 08:00:00,1.3366,1.3387,1.3364,1.3387,24855.16
2026-07-17 08:05:00,1.3387,1.3391,1.3372,1.3381,27593.65
2026-07-17 08:10:00,1.3381,1.3394,1.3363,1.3367,58362.05
2026-07-17 08:15:00,1.3367,1.3376,1.3355,1.3356,17279.37
2026-07-17 08:20:00,1.3356,1.3356,1.3337,1.334,52885.35
2026-07-17 08:25:00,1.334,1.3351,1.3323,1.3343,29054.66
2026-07-17 08:30:00,1.3343,1.3365,1.3339,1.3359,30122.28
2026-07-17 08:35:00,1.3359,1.3386,1.3354,1.3372,4204.97
2026-07-17 08:40:00,1.3372,1.3393,1.335,1.3367,58882.62
2026-07-17 08:45:00,1.3367,1.3375,1.3336,1.3352,27267.09
2026-07-17 08:50:00,1.3352,1.3352,1.3333,1.3345,122093.81
2026-07-17 08:55:00,1.3345,1.3366,1.3337,1.3356,39750.99
2026-07-17 09:00:00,1.3356,1.3359,1.332,1.3334,24585.02
2026-07-17 09:05:00,1.3334,1.3345,1.3294,1.3322,14493.97
2026-07-17 09:10:00,1.3322,1.3343,1.3321,1.3335,79038.35
2026-07-17 09:15:00,1.3335,1.3373,1.3332,1.3347,88143.5
2026-07-17 09:20:00,1.3347,1.3363,1.334,1.3355,61312.14
2026-07-17 09:25:00,1.3355,1.3366,1.3324,1.3338,2070.75
2026-07-17 09:30:00,1.3338,1.3345,1.3336,1.334,39718.87
2026-07-17 09:35:00,1.334,1.3357,1.331,1.3314,134791.97
2026-07-17 09:40:00,1.3314,1.3318,1.3294,1.3304,64850.34
2026-07-17 09:45:00,1.3304,1.3316,1.3265,1.3295,29240.77
2026-07-17 09:50:00,1.3295,1.3319,1.3278,1.329,36369.99
2026-07-17 09:55:00,1.329,1.3291,1.3284,1.3286,23130.56
2026-07-17 10:00:00,1.3286,1.3312,1.3277,1.3302,4594.8
2026-07-17 10:05:00,1.3302,1.3332,1.3294,1.3322,21440.98
2026-07-17 10:10:00,1.3322,1.3338,1.3311,1.3328,8801.39
2026-07-17 10:15:00,1.3328,1.3331,1.3274,1.3295,13901.72
2026-07-17 10:20:00,1.3295,1.3297,1.3271,1.3272,139149.24
2026-07-17 10:25:00,1.3272,1.3284,1.3251,1.3256,65399.42
2026-07-17 10:30:00,1.3256,1.3269,1.3244,1.3262,10103.2
2026-07-17 10:35:00,1.3262,1.3279,1.3244,1.3275,34592.57
2026-07-17 10:40:00,1.3275,1.3293,1.3262,1.3291,21795.66
2026-07-17 10:45:00,1.3291,1.3335,1.3275,1.3318,145499.79
2026-07-17 10:50:00,1.3318,1.3328,1.3311,1.3314,35435.76
2026-07-17 10:55:00,1.3314,1.3346,1.3307,1.3339,25144.15
2026-07-17 11:00:00,1.3339,1.3354,1.332,1.3324,37353.11
2026-07-17 11:05:00,1.3324,1.3352,1.3314,1.3341,93335.56
2026-07-17 11:10:00,1.3341,1.3357,1.3301,1.3306,139202.19
2026-07-17 11:15:00,1.3306,1.3315,1.328,1.3293,9275.68
2026-07-17 11:20:00,1.3293,1.3293,1.3279,1.3286,39753.77
2026-07-17 11:25:00,1.3286,1.3287,1.3261,1.3269,54383.11
2026-07-17 11:30:00,1.3269,1.3303,1.3225,1.3293,189736.69
2026-07-17 11:35:00,1.3293,1.3295,1.3228,1.3261,9791.0
2026-07-17 11:40:00,1.3261,1.3288,1.324,1.3276,281199.82
2026-07-17 11:45:00,1.3276,1.3281,1.3264,1.3277,54019.75
2026-07-17 11:50:00,1.3277,1.3281,1.324,1.325,56774.83
2026-07-17 11:55:00,1.325,1.3268,1.3209,1.3262,9642.02
2026-07-17 12:00:00,1.3262,1.3311,1.3259,1.3305,20655.58
2026-07-17 12:05:00,1.3305,1.3324,1.3294,1.33,31024.46
2026-07-17 12:10:00,1.33,1.3327,1.327,1.3276,88994.72
2026-07-17 12:15:00,1.3276,1.3316,1.3264,1.3306,17094.04
2026-07-17 12:20:00,1.3306,1.3316,1.3281,1.3288,13466.72
2026-07-17 12:25:00,1.3288,1.3289,1.3279,1.3287,29908.08
2026-07-17 12:30:00,1.3287,1.33,1.327,1.3287,26546.84
2026-07-17 12:35:00,1.3287,1.3293,1.3285,1.3288,9238.67
2026-07-17 12:40:00,1.3288,1.333,1.3284,1.3321,7907.67
2026-07-17 12:45:00,1.3321,1.3343,1.3321,1.3335,7743.05
2026-07-17 12:50:00,1.3335,1.3364,1.3316,1.335,32851.64
2026-07-17 12:55:00,1.335,1.3377,1.3344,1.3359,25160.19
2026-07-17 13:00:00,1.3359,1.3387,1.335,1.3369,52489.25
2026-07-17 13:05:00,1.3369,1.3386,1.3346,1.3356,15976.87
2026-07-17 13:10:00,1.3356,1.3358,1.3297,1.3299,103991.2
2026-07-17 13:15:00,1.3299,1.3319,1.3297,1.3307,70146.06
2026-07-17 13:20:00,1.3307,1.3313,1.327,1.3277,42433.45
2026-07-17 13:25:00,1.3277,1.3301,1.3235,1.3296,8429.16
2026-07-17 13:30:00,1.3296,1.3348,1.3296,1.3325,78371.28
2026-07-17 13:35:00,1.3325,1.334,1.3307,1.3337,148572.96
2026-07-17 13:40:00,1.3337,1.3378,1.3329,1.3359,18523.4
2026-07-17 13:45:00,1.3359,1.3408,1.334,1.339,21440.26
2026-07-17 13:50:00,1.339,1.3409,1.3383,1.3398,53195.31
2026-07-17 13:55:00,1.3398,1.3433,1.3397,1.3429,9333.9
2026-07-17 14:00:00,1.3429,1.3452,1.3403,1.3407,130219.93
2026-07-17 14:05:00,1.3407,1.3433,1.3404,1.3431,19983.12
2026-07-17 14:10:00,1.3431,1.3465,1.3428,1.3441,4730.91
2026-07-17 14:15:00,1.3441,1.3468,1.3428,1.3466,11000.01
2026-07-17 14:20:00,1.3466,1.3496,1.3455,1.3458,20136.44
2026-07-17 14:25:00,1.3458,1.3508,1.3436,1.344,181722.45
2026-07-17 14:30:00,1.344,1.3491,1.3411,1.3424,280244.9
2026-07-17 14:35:00,1.3424,1.3436,1.3384,1.3413,101383.37
2026-07-17 14:40:00,1.3413,1.3466,1.3399,1.3437,92324.18
2026-07-17 14:45:00,1.3437,1.3475,1.3397,1.3405,24010.33
2026-07-17 14:50:00,1.3405,1.3456,1.337,1.3374,34887.94
2026-07-17 14:55:00,1.3374,1.3375,1.3334,1.3349,16999.21
2026-07-17 15:00:00,1.3349,1.3352,1.3299,1.3303,77212.12
2026-07-17 15:05:00,1.3303,1.3307,1.3278,1.3285,14478.77
2026-07-17 15:10:00,1.3285,1.3287,1.3264,1.3271,128926.87
2026-07-17 15:15:00,1.3271,1.3275,1.3245,1.3264,198458.9
2026-07-17 15:20:00,1.3264,1.3319,1.3245,1.3297,2921.87
2026-07-17 15:25:00,1.3297,1.3316,1.3292,1.3313,168407.55
2026-07-17 15:30:00,1.3313,1.3316,1.3261,1.3274,29165.04
2026-07-17 15:35:00,1.3274,1.3299,1.3232,1.3291,377971.64
2026-07-17 15:40:00,1.3291,1.3312,1.3266,1.3285,6895.25
2026-07-17 15:45:00,1.3285,1.3327,1.3269,1.3311,47471.83
2026-07-17 15:50:00,1.3311,1.3316,1.3263,1.3274,110921.53
2026-07-17 15:55:00,1.3274,1.3287,1.3244,1.3252,35193.06
2026-07-17 16:00:00,1.3252,1.3278,1.3241,1.3256,31075.55
2026-07-17 16:05:00,1.3256,1.3261,1.3251,1.3256,4026.22
2026-07-17 16:10:00,1.3256,1.3273,1.3229,1.323,91351.3
2026-07-17 16:15:00,1.323,1.3244,1.3216,1.3238,25784.27
2026-07-17 16:20:00,1.3238,1.3269,1.3189,1.3261,146.72
2026-07-17 16:25:00,1.3261,1.3279,1.3203,1.3273,34583.81
2026-07-17 16:30:00,1.3273,1.3304,1.3273,1.3293,1233.96
2026-07-17 16:35:00,1.3293,1.3308,1.3262,1.3277,145486.1
2026-07-17 16:40:00,1.3277,1.3281,1.325,1.3267,27619.39
2026-07-17 16:45:00,1.3267,1.3293,1.3212,1.3216,94078.67
2026-07-17 16:50:00,1.3216,1.3251,1.3165,1.3239,74841.7
2026-07-17 16:55:00,1.3239,1.3279,1.3234,1.3266,226039.82
2026-07-17 17:00:00,1.3266,1.3274,1.3246,1.3269,523.78
2026-07-17 17:05:00,1.3269,1.3325,1.3249,1.3292,23347.04
2026-07-17 17:10:00,1.3292,1.3292,1.3241,1.3253,110345.76
2026-07-17 17:15:00,1.3253,1.3254,1.3238,1.3249,31019.9
2026-07-17 17:20:00,1.3249,1.3263,1.3216,1.3221,61255.11
2026-07-17 17:25:00,1.3221,1.3223,1.3189,1.32,4132.14
2026-07-17 17:30:00,1.32,1.3252,1.3192,1.3238,45478.13
2026-07-17 17:35:00,1.3238,1.3256,1.3229,1.3239,44299.79
2026-07-17 17:40:00,1.3239,1.3251,1.3232,1.325,52985.41
2026-07-17 17:45:00,1.325,1.3258,1.3235,1.3255,25881.32
2026-07-17 17:50:00,1.3255,1.327,1.3254,1.326,66271.11
2026-07-17 17:55:00,1.326,1.3291,1.3257,1.3288,12423.15
2026-07-17 18:00:00,1.3288,1.331,1.3267,1.33,30379.84
2026-07-17 18:05:00,1.33,1.3304,1.3284,1.3287,23752.07
2026-07-17 18:10:00,1.3287,1.3324,1.3268,1.3308,101139.33
2026-07-17 18:15:00,1.3308,1.3321,1.3288,1.3321,284.08
2026-07-17 18:20:00,1.3321,1.3361,1.3305,1.3336,59500.62
2026-07-17 18:25:00,1.3336,1.3338,1.3313,1.3333,1415.23
2026-07-17 18:30:00,1.3333,1.3336,1.3298,1.3308,24147.23
2026-07-17 18:35:00,1.3308,1.3316,1.3294,1.3298,11999.34
2026-07-17 18:40:00,1.3298,1.3351,1.3279,1.3339,19344.03
2026-07-17 18:45:00,1.3339,1.3378,1.3339,1.334,137169.13
2026-07-17 18:50:00,1.334,1.3342,1.3302,1.3319,32303.21
2026-07-17 18:55:00,1.3319,1.3371,1.3309,1.335,39132.62
2026-07-17 19:00:00,1.335,1.3369,1.3324,1.3347,43801.45
2026-07-17 19:05:00,1.3347,1.3355,1.3342,1.3349,20983.56
2026-07-17 19:10:00,1.3349,1.3361,1.3281,1.3289,11820.41
2026-07-17 19:15:00,1.3289,1.3294,1.3275,1.3277,74707.44
2026-07-17 19:20:00,1.3277,1.3295,1.325,1.3254,8055.41
2026-07-17 19:25:00,1.3254,1.3289,1.3253,1.3279,89625.19
2026-07-17 19:30:00,1.3279,1.3308,1.3275,1.3305,3318.17
2026-07-17 19:35:00,1.3305,1.3321,1.3282,1.3293,663.12
2026-07-17 19:40:00,1.3293,1.3322,1.3291,1.3322,44847.82
2026-07-17 19:45:00,1.3322,1.3327,1.3305,1.3318,73173.73
2026-07-17 19:50:00,1.3318,1.3368,1.3308,1.3365,87018.5
2026-07-17 19:55:00,1.3365,1.3375,1.3346,1.3358,68294.2
2026-07-17 20:00:00,1.3358,1.3417,1.3305,1.3318,168710.65
2026-07-17 20:05:00,1.3318,1.3348,1.33,1.3326,19785.02
2026-07-17 20:10:00,1.3326,1.3344,1.3319,1.3344,40945.29
2026-07-17 20:15:00,1.3344,1.3362,1.333,1.3359,58413.6
2026-07-17 20:20:00,1.3359,1.3369,1.3344,1.3344,18636.28
2026-07-17 20:25:00,1.3344,1.3367,1.3293,1.3305,137875.07
2026-07-17 20:30:00,1.3305,1.3318,1.3286,1.3313,131034.91
2026-07-17 20:35:00,1.3313,1.3322,1.3286,1.329,2327.55
2026-07-17 20:40:00,1.329,1.3344,1.3281,1.3331,215098.66
2026-07-17 20:45:00,1.3331,1.3334,1.3283,1.3303,141831.93
2026-07-17 20:50:00,1.3303,1.3306,1.3264,1.3293,17203.93
2026-07-17 20:55:00,1.3293,1.3317,1.3275,1.3299,106002.35
2026-07-17 21:00:00,1.3299,1.3336,1.3281,1.3332,92375.4
2026-07-17 21:05:00,1.3332,1.3357,1.3311,1.3312,27268.84
2026-07-17 21:10:00,1.3312,1.3367,1.3295,1.3345,43643.34
2026-07-17 21:15:00,1.3345,1.3378,1.3309,1.3318,151777.27
2026-07-17 21:20:00,1.3318,1.337,1.331,1.3366,61831.62
2026-07-17 21:25:00,1.3366,1.3412,1.3327,1.3336,91867.35
2026-07-17 21:30:00,1.3336,1.34,1.3329,1.3374,142060.5
2026-07-17 21:35:00,1.3374,1.3391,1.337,1.3378,39507.15
2026-07-17 21:40:00,1.3378,1.3413,1.3332,1.3342,415783.0
2026-07-17 21:45:00,1.3342,1.3343,1.3321,1.3334,88545.5
2026-07-17 21:50:00,1.3334,1.3353,1.3324,1.3334,55230.96
2026-07-17 21:55:00,1.3334,1.3349,1.3328,1.333,56017.58
2026-07-17 22:00:00,1.333,1.3334,1.3275,1.3301,130766.21
2026-07-17 22:05:00,1.3301,1.3327,1.3288,1.3322,34541.54
2026-07-17 22:10:00,1.3322,1.3331,1.3315,1.3328,16095.56
2026-07-17 22:15:00,1.3328,1.3332,1.3315,1.3321,2031.76
2026-07-17 22:20:00,1.3321,1.3345,1.3304,1.3336,39968.21
2026-07-17 22:25:00,1.3336,1.3343,1.3324,1.3342,1224.75
2026-07-17 22:30:00,1.3342,1.3354,1.3303,1.3314,118077.33
2026-07-17 22:35:00,1.3314,1.3358,1.3309,1.3345,62851.38
2026-07-17 22:40:00,1.3345,1.3351,1.3337,1.334,15029.73
2026-07-17 22:45:00,1.334,1.335,1.3338,1.3345,37107.38
2026-07-17 22:50:00,1.3345,1.3345,1.3319,1.3331,27332.35
2026-07-17 22:55:00,1.3331,1.338,1.3329,1.3375,20620.83
2026-07-17 23:00:00,1.3375,1.3395,1.3375,1.338,22332.11
2026-07-17 23:05:00,1.338,1.3394,1.3365,1.3374,45045.56
2026-07-17 23:10:00,1.3374,1.3412,1.3367,1.3405,94655.75
2026-07-17 23:15:00,1.3405,1.3415,1.3397,1.3412,92522.23
2026-07-17 23:20:00,1.3412,1.3427,1.3401,1.3421,55462.21
2026-07-17 23:25:00,1.3421,1.3478,1.3379,1.3386,585110.36
2026-07-17 23:30:00,1.3386,1.3433,1.3351,1.3358,151644.47
2026-07-17 23:35:00,1.3358,1.3381,1.3323,1.3328,113023.36
2026-07-17 23:40:00,1.3328,1.3332,1.326,1.3284,41099.39
2026-07-17 23:45:00,1.3284,1.3321,1.323,1.3309,468885.82
2026-07-17 23:50:00,1.3309,1.3321,1.3298,1.3305,41948.11
2026-07-17 23:55:00,1.3305,1.3356,1.3274,1.3345,174161.83
2026-07-18 00:00:00,1.3345,1.3374,1.3343,1.3344,6507.37
2026-07-18 00:05:00,1.3344,1.336,1.3344,1.336,35030.32
2026-07-18 00:10:00,1.336,1.3373,1.3344,1.3354,32458.8
2026-07-18 00:15:00,1.3354,1.3365,1.3342,1.3359,76384.29
2026-07-18 00:20:00,1.3359,1.3396,1.3359,1.3388,18158.85
2026-07-18 00:25:00,1.3388,1.3425,1.3364,1.3411,85586.92
2026-07-18 00:30:00,1.3411,1.344,1.3381,1.3389,339330.57
2026-07-18 00:35:00,1.3389,1.3416,1.3386,1.3416,63658.95
2026-07-18 00:40:00,1.3416,1.3452,1.3409,1.344,38549.52
2026-07-18 00:45:00,1.344,1.35,1.3403,1.3413,45748.16
2026-07-18 00:50:00,1.3413,1.342,1.3383,1.3393,28737.52
2026-07-18 00:55:00,1.3393,1.3408,1.3381,1.3399,28077.1
2026-07-18 01:00:00,1.3399,1.34,1.3374,1.3376,102021.47
2026-07-18 01:05:00,1.3376,1.3412,1.3371,1.3409,19387.36
2026-07-18 01:10:00,1.3409,1.3417,1.3376,1.3395,3097.25
2026-07-18 01:15:00,1.3395,1.3409,1.338,1.3402,7053.0
2026-07-18 01:20:00,1.3402,1.3427,1.3372,1.3381,126453.38
2026-07-18 01:25:00,1.3381,1.3408,1.3377,1.3392,2434.19
2026-07-18 01:30:00,1.3392,1.3421,1.3391,1.3407,22311.35
2026-07-18 01:35:00,1.3407,1.3417,1.3406,1.3415,94611.97
2026-07-18 01:40:00,1.3415,1.3464,1.3413,1.3434,5432.3
2026-07-18 01:45:00,1.3434,1.3478,1.3432,1.3467,85182.45
2026-07-18 01:50:00,1.3467,1.3512,1.3435,1.3447,14193.56
2026-07-18 01:55:00,1.3447,1.349,1.344,1.3473,106721.06
2026-07-18 02:00:00,1.3473,1.349,1.3469,1.3477,2876.07
2026-07-18 02:05:00,1.3477,1.3515,1.3452,1.3463,30615.34
2026-07-18 02:10:00,1.3463,1.348,1.3429,1.3437,51172.75
2026-07-18 02:15:00,1.3437,1.346,1.3388,1.3405,5055.34
2026-07-18 02:20:00,1.3405,1.3428,1.34,1.3418,48492.95
2026-07-18 02:25:00,1.3418,1.3425,1.3413,1.3418,85398.31
2026-07-18 02:30:00,1.3418,1.3465,1.3417,1.3448,31341.19
2026-07-18 02:35:00,1.3448,1.3464,1.3444,1.3444,42113.6
2026-07-18 02:40:00,1.3444,1.3456,1.3406,1.3421,42581.17
2026-07-18 02:45:00,1.3421,1.3473,1.3375,1.3382,26236.95
2026-07-18 02:50:00,1.3382,1.3415,1.3372,1.3409,13581.09
2026-07-18 02:55:00,1.3409,1.3442,1.3409,1.3441,8293.69
2026-07-18 03:00:00,1.3441,1.3455,1.3427,1.3432,112047.55
2026-07-18 03:05:00,1.3432,1.3457,1.3413,1.3421,53197.43
2026-07-18 03:10:00,1.3421,1.346,1.3398,1.3405,2025.8
2026-07-18 03:15:00,1.3405,1.3417,1.3355,1.3388,35691.4
2026-07-18 03:20:00,1.3388,1.3413,1.3381,1.3401,47670.06
2026-07-18 03:25:00,1.3401,1.3425,1.339,1.3392,79403.17
2026-07-18 03:30:00,1.3392,1.3414,1.3371,1.3396,40240.44
2026-07-18 03:35:00,1.3396,1.3401,1.3378,1.3398,15289.99
2026-07-18 03:40:00,1.3398,1.3422,1.3379,1.3413,96921.38
2026-07-18 03:45:00,1.3413,1.3419,1.3401,1.3402,4675.57
2026-07-18 03:50:00,1.3402,1.3405,1.3383,1.3397,2054.35
2026-07-18 03:55:00,1.3397,1.3415,1.3388,1.3408,20330.2
2026-07-18 04:00:00,1.3408,1.3427,1.3398,1.3405,1224.74
2026-07-18 04:05:00,1.3405,1.3418,1.3401,1.341,36231.66
2026-07-18 04:10:00,1.341,1.3441,1.3402,1.3423,103921.07
2026-07-18 04:15:00,1.3423,1.3451,1.3414,1.3429,124870.1
2026-07-18 04:20:00,1.3429,1.3457,1.3415,1.3444,21451.19
2026-07-18 04:25:00,1.3444,1.3453,1.3437,1.3451,96913.07
2026-07-18 04:30:00,1.3451,1.3465,1.345,1.3464,78182.71
2026-07-18 04:35:00,1.3464,1.349,1.3412,1.3425,82985.11
2026-07-18 04:40:00,1.3425,1.3471,1.3408,1.3452,85746.72
2026-07-18 04:45:00,1.3452,1.3467,1.3402,1.3407,26800.73
2026-07-18 04:50:00,1.3407,1.3415,1.3395,1.3412,41922.11
2026-07-18 04:55:00,1.3412,1.3453,1.3399,1.3444,22280.86
2026-07-18 05:00:00,1.3444,1.3459,1.3442,1.3451,71533.2
2026-07-18 05:05:00,1.3451,1.3485,1.345,1.3481,29774.64
2026-07-18 05:10:00,1.3481,1.3534,1.3476,1.3524,170742.24
2026-07-18 05:15:00,1.3524,1.3534,1.3511,1.3532,171314.57
2026-07-18 05:20:00,1.3532,1.3533,1.3506,1.352,99739.28
2026-07-18 05:25:00,1.352,1.3548,1.3498,1.3503,284607.16
2026-07-18 05:30:00,1.3503,1.3508,1.3492,1.3501,370.91
2026-07-18 05:35:00,1.3501,1.3539,1.3492,1.3538,5515.41
2026-07-18 05:40:00,1.3538,1.3578,1.3508,1.352,251.46
2026-07-18 05:45:00,1.352,1.3544,1.3517,1.354,108453.88
2026-07-18 05:50:00,1.354,1.3573,1.3539,1.3551,62030.53
2026-07-18 05:55:00,1.3551,1.3607,1.3513,1.3521,114402.12
2026-07-18 06:00:00,1.3521,1.3523,1.3467,1.3486,14081.23
2026-07-18 06:05:00,1.3486,1.3516,1.3458,1.3468,38400.94
2026-07-18 06:10:00,1.3468,1.3489,1.3447,1.3479,16436.13
2026-07-18 06:15:00,1.3479,1.3512,1.3476,1.3507,6157.72
2026-07-18 06:20:00,1.3507,1.3562,1.3482,1.3492,481311.36
2026-07-18 06:25:00,1.3492,1.3505,1.3448,1.3471,176.76
2026-07-18 06:30:00,1.3471,1.3495,1.3446,1.3455,37425.24
2026-07-18 06:35:00,1.3455,1.3486,1.343,1.3443,169172.69
2026-07-18 06:40:00,1.3443,1.3463,1.3432,1.3447,128852.57
2026-07-18 06:45:00,1.3447,1.3456,1.3441,1.3456,46077.45
2026-07-18 06:50:00,1.3456,1.3486,1.3432,1.3439,13957.65
2026-07-18 06:55:00,1.3439,1.3467,1.3424,1.3442,28080.71
2026-07-18 07:00:00,1.3442,1.3445,1.3416,1.3423,84608.24
2026-07-18 07:05:00,1.3423,1.3461,1.3422,1.3452,12493.16
2026-07-18 07:10:00,1.3452,1.3506,1.3442,1.3482,127642.79
2026-07-18 07:15:00,1.3482,1.3501,1.3477,1.348,90034.35
2026-07-18 07:20:00,1.348,1.3493,1.3453,1.3469,126368.2
2026-07-18 07:25:00,1.3469,1.3473,1.346,1.3465,27089.38
2026-07-18 07:30:00,1.3465,1.3478,1.3449,1.3477,35616.99
2026-07-18 07:35:00,1.3477,1.3507,1.3451,1.3455,39130.04
2026-07-18 07:40:00,1.3455,1.3458,1.3441,1.3449,94277.42
2026-07-18 07:45:00,1.3449,1.3459,1.3414,1.3436,119162.69
2026-07-18 07:50:00,1.3436,1.345,1.3434,1.3447,47864.04
2026-07-18 07:55:00,1.3447,1.3453,1.341,1.3412,4465.71
2026-07-18 08:00:00,1.3412,1.3454,1.3363,1.3443,353030.89
2026-07-18 08:05:00,1.3443,1.3449,1.3406,1.3421,17334.52
2026-07-18 08:10:00,1.3421,1.344,1.342,1.3431,62057.35
2026-07-18 08:15:00,1.3431,1.3464,1.3425,1.3462,4302.78
2026-07-18 08:20:00,1.3462,1.3492,1.3446,1.3487,65882.71
2026-07-18 08:25:00,1.3487,1.3492,1.346,1.3473,12813.54
2026-07-18 08:30:00,1.3473,1.3474,1.3426,1.3437,75621.6
2026-07-18 08:35:00,1.3437,1.3453,1.3415,1.3452,37800.31
2026-07-18 08:40:00,1.3452,1.3487,1.344,1.3463,56740.06
2026-07-18 08:45:00,1.3463,1.348,1.3459,1.347,98682.1
2026-07-18 08:50:00,1.347,1.3483,1.346,1.347,7505.46
2026-07-18 08:55:00,1.347,1.3486,1.3462,1.348,55490.78
2026-07-18 09:00:00,1.348,1.3497,1.3463,1.3487,11847.45
2026-07-18 09:05:00,1.3487,1.3502,1.347,1.35,970.38
2026-07-18 09:10:00,1.35,1.3506,1.3484,1.3487,25190.26
2026-07-18 09:15:00,1.3487,1.349,1.3471,1.3474,16155.64
2026-07-18 09:20:00,1.3474,1.3485,1.3434,1.3445,3733.85
2026-07-18 09:25:00,1.3445,1.3464,1.3441,1.3459,89796.54
2026-07-18 09:30:00,1.3459,1.3476,1.3453,1.3474,8481.25
2026-07-18 09:35:00,1.3474,1.3513,1.3463,1.3495,76685.86
2026-07-18 09:40:00,1.3495,1.3503,1.3459,1.3471,89030.01
2026-07-18 09:45:00,1.3471,1.3528,1.346,1.3498,18744.34
2026-07-18 09:50:00,1.3498,1.3535,1.3496,1.352,16498.53
2026-07-18 09:55:00,1.352,1.3544,1.3504,1.3506,39511.79
2026-07-18 10:00:00,1.3506,1.351,1.3469,1.35,121871.08
2026-07-18 10:05:00,1.35,1.3502,1.3449,1.3475,109371.95
2026-07-18 10:10:00,1.3475,1.3487,1.3458,1.3473,36940.42
2026-07-18 10:15:00,1.3473,1.3481,1.3466,1.3479,74308.22
2026-07-18 10:20:00,1.3479,1.3495,1.344,1.3494,91786.2
2026-07-18 10:25:00,1.3494,1.3524,1.3467,1.3508,29058.34
2026-07-18 10:30:00,1.3508,1.3543,1.3489,1.353,35524.29
2026-07-18 10:35:00,1.353,1.3566,1.3523,1.3552,91008.42
2026-07-18 10:40:00,1.3552,1.3578,1.3515,1.3522,2856.93
2026-07-18 10:45:00,1.3522,1.3541,1.3486,1.3509,61509.76
2026-07-18 10:50:00,1.3509,1.3512,1.3489,1.3489,27562.43
2026-07-18 10:55:00,1.3489,1.3528,1.3484,1.3509,37678.37
2026-07-18 11:00:00,1.3509,1.3522,1.3479,1.3492,210508.2
2026-07-18 11:05:00,1.3492,1.3493,1.3467,1.3484,70220.0
2026-07-18 11:10:00,1.3484,1.3488,1.3471,1.3481,2519.94
2026-07-18 11:15:00,1.3481,1.3496,1.3472,1.349,5322.91
2026-07-18 11:20:00,1.349,1.3509,1.3482,1.3484,42424.12
2026-07-18 11:25:00,1.3484,1.3514,1.3469,1.3505,160101.64
2026-07-18 11:30:00,1.3505,1.3525,1.3491,1.3493,19826.94
2026-07-18 11:35:00,1.3493,1.3524,1.3476,1.3522,125336.0
2026-07-18 11:40:00,1.3522,1.3531,1.3496,1.3507,59102.41
2026-07-18 11:45:00,1.3507,1.3523,1.348,1.3494,54169.82
2026-07-18 11:50:00,1.3494,1.3497,1.3476,1.3493,29667.28
2026-07-18 11:55:00,1.3493,1.3524,1.3488,1.3516,121976.3
2026-07-18 12:00:00,1.3516,1.3528,1.3501,1.3523,88509.54
2026-07-18 12:05:00,1.3523,1.3552,1.3485,1.3486,9309.7
2026-07-18 12:10:00,1.3486,1.3505,1.3472,1.3474,131272.39
2026-07-18 12:15:00,1.3474,1.3497,1.3446,1.3459,3144.76
2026-07-18 12:20:00,1.3459,1.347,1.3452,1.3459,85184.19
2026-07-18 12:25:00,1.3459,1.3494,1.3453,1.3487,267672.61
2026-07-18 12:30:00,1.3487,1.3523,1.3481,1.3486,55233.98
2026-07-18 12:35:00,1.3486,1.3499,1.3439,1.3449,28866.12
2026-07-18 12:40:00,1.3449,1.3472,1.3434,1.3471,16610.04
2026-07-18 12:45:00,1.3471,1.3526,1.3456,1.3501,12125.15
2026-07-18 12:50:00,1.3501,1.3529,1.3496,1.3514,6609.65
2026-07-18 12:55:00,1.3514,1.3535,1.3508,1.3524,107303.01
2026-07-18 13:00:00,1.3524,1.3532,1.3496,1.3496,11606.16
2026-07-18 13:05:00,1.3496,1.3507,1.3473,1.349,1998.21
2026-07-18 13:10:00,1.349,1.353,1.3489,1.3515,71470.02
2026-07-18 13:15:00,1.3515,1.3531,1.3503,1.3512,13451.2
2026-07-18 13:20:00,1.3512,1.3516,1.3473,1.3478,6500.2
2026-07-18 13:25:00,1.3478,1.3495,1.3476,1.3476,28051.77
2026-07-18 13:30:00,1.3476,1.3514,1.3435,1.345,81521.85
2026-07-18 13:35:00,1.345,1.3488,1.3441,1.3475,10239.35
2026-07-18 13:40:00,1.3475,1.3488,1.3453,1.3458,51438.58
2026-07-18 13:45:00,1.3458,1.3488,1.3432,1.3466,175339.99
2026-07-18 13:50:00,1.3466,1.3471,1.3465,1.3465,64026.21
2026-07-18 13:55:00,1.3465,1.3489,1.3437,1.3479,27910.09
2026-07-18 14:00:00,1.3479,1.3499,1.3458,1.3463,9322.16
2026-07-18 14:05:00,1.3463,1.3517,1.3461,1.349,6124.6
2026-07-18 14:10:00,1.349,1.3495,1.348,1.3492,21916.11
2026-07-18 14:15:00,1.3492,1.3515,1.3492,1.3503,21679.41
2026-07-18 14:20:00,1.3503,1.3504,1.3487,1.349,15050.18
2026-07-18 14:25:00,1.349,1.35,1.3483,1.3494,26086.53
2026-07-18 14:30:00,1.3494,1.35,1.3486,1.3487,14168.53
2026-07-18 14:35:00,1.3487,1.3491,1.3474,1.3483,28244.79
2026-07-18 14:40:00,1.3483,1.3483,1.348,1.3482,87405.88
2026-07-18 14:45:00,1.3482,1.3482,1.3442,1.3464,22902.3
2026-07-18 14:50:00,1.3464,1.3482,1.345,1.3473,17407.82
2026-07-18 14:55:00,1.3473,1.3479,1.3422,1.3442,5923.99
2026-07-18 15:00:00,1.3442,1.3479,1.3441,1.3457,13947.88
2026-07-18 15:05:00,1.3457,1.3477,1.3456,1.3468,13922.71
2026-07-18 15:10:00,1.3468,1.3475,1.3453,1.3467,50940.8
2026-07-18 15:15:00,1.3467,1.347,1.343,1.3451,45818.36
2026-07-18 15:20:00,1.3451,1.346,1.3451,1.3455,14258.83
2026-07-18 15:25:00,1.3455,1.3456,1.3437,1.3448,156927.78
2026-07-18 15:30:00,1.3448,1.3492,1.3426,1.3475,22703.95
2026-07-18 15:35:00,1.3475,1.3483,1.3441,1.3456,60535.68
2026-07-18 15:40:00,1.3456,1.3485,1.3402,1.3477,274208.35
2026-07-18 15:45:00,1.3477,1.3483,1.3446,1.3452,81383.52
2026-07-18 15:50:00,1.3452,1.3455,1.3434,1.3447,67045.63
2026-07-18 15:55:00,1.3447,1.3482,1.342,1.347,141178.52
2026-07-18 16:00:00,1.347,1.3487,1.3467,1.3479,5185.19
2026-07-18 16:05:00,1.3479,1.3486,1.3477,1.3478,64530.33
2026-07-18 16:10:00,1.3478,1.3501,1.3472,1.3494,1344.57
2026-07-18 16:15:00,1.3494,1.3539,1.3491,1.3514,30319.12
2026-07-18 16:20:00,1.3514,1.3577,1.3504,1.3557,31475.54
2026-07-18 16:25:00,1.3557,1.3594,1.3542,1.3575,225886.89
2026-07-18 16:30:00,1.3575,1.3578,1.3557,1.3562,4806.05
2026-07-18 16:35:00,1.3562,1.3596,1.3561,1.3586,113340.03
2026-07-18 16:40:00,1.3586,1.3595,1.3542,1.3547,65949.92
2026-07-18 16:45:00,1.3547,1.3575,1.353,1.3556,43502.04
2026-07-18 16:50:00,1.3556,1.3561,1.3548,1.356,117785.5
2026-07-18 16:55:00,1.356,1.3576,1.3557,1.3574,1547.9
2026-07-18 17:00:00,1.3574,1.358,1.3555,1.3567,36134.5
2026-07-18 17:05:00,1.3567,1.3619,1.355,1.3593,26532.24
2026-07-18 17:10:00,1.3593,1.3635,1.3577,1.3581,249556.87
2026-07-18 17:15:00,1.3581,1.3611,1.3544,1.3551,917037.91
2026-07-18 17:20:00,1.3551,1.3577,1.3544,1.3557,57785.82
2026-07-18 17:25:00,1.3557,1.356,1.3504,1.3507,89640.43
2026-07-18 17:30:00,1.3507,1.3521,1.3454,1.3476,73714.75
2026-07-18 17:35:00,1.3476,1.349,1.3435,1.344,50001.62
2026-07-18 17:40:00,1.344,1.3476,1.3431,1.347,139252.79
2026-07-18 17:45:00,1.347,1.3479,1.3449,1.3465,37017.74
2026-07-18 17:50:00,1.3465,1.3493,1.344,1.3485,356492.5
2026-07-18 17:55:00,1.3485,1.3501,1.3478,1.349,7957.03
2026-07-18 18:00:00,1.349,1.3492,1.3461,1.347,73654.53
2026-07-18 18:05:00,1.347,1.3506,1.3462,1.3502,14228.48
2026-07-18 18:10:00,1.3502,1.3524,1.3498,1.3517,100720.88
2026-07-18 18:15:00,1.3517,1.3522,1.3503,1.3515,10524.72
2026-07-18 18:20:00,1.3515,1.3516,1.3484,1.3498,162367.0
2026-07-18 18:25:00,1.3498,1.3502,1.3484,1.3498,55220.13
2026-07-18 18:30:00,1.3498,1.3503,1.3471,1.3501,94373.54
2026-07-18 18:35:00,1.3501,1.3524,1.3476,1.3482,405120.07
2026-07-18 18:40:00,1.3482,1.3497,1.3469,1.3476,98826.38
2026-07-18 18:45:00,1.3476,1.3492,1.3463,1.349,86554.22
2026-07-18 18:50:00,1.349,1.3497,1.3476,1.3489,6695.63
2026-07-18 18:55:00,1.3489,1.351,1.3486,1.3494,78115.42
2026-07-18 19:00:00,1.3494,1.3544,1.3492,1.354,25326.93
2026-07-18 19:05:00,1.354,1.3553,1.3516,1.3532,43642.96
2026-07-18 19:10:00,1.3532,1.3545,1.3507,1.3516,36151.42
2026-07-18 19:15:00,1.3516,1.3526,1.3506,1.351,10429.16
2026-07-18 19:20:00,1.351,1.3533,1.3493,1.3531,207022.74
2026-07-18 19:25:00,1.3531,1.3536,1.3504,1.3519,58823.11
2026-07-18 19:30:00,1.3519,1.3519,1.3499,1.3508,11874.33
2026-07-18 19:35:00,1.3508,1.3517,1.3472,1.3477,34267.42
2026-07-18 19:40:00,1.3477,1.348,1.3419,1.3422,5918.52
2026-07-18 19:45:00,1.3422,1.3434,1.3393,1.3394,102696.65
2026-07-18 19:50:00,1.3394,1.3405,1.3387,1.3403,60424.94
2026-07-18 19:55:00,1.3403,1.3438,1.335,1.3425,113786.68
2026-07-18 20:00:00,1.3425,1.3433,1.3407,1.3409,18235.76
2026-07-18 20:05:00,1.3409,1.341,1.3401,1.3407,129388.79
2026-07-18 20:10:00,1.3407,1.3424,1.3394,1.3416,24798.11
2026-07-18 20:15:00,1.3416,1.3433,1.3379,1.3403,77674.6
2026-07-18 20:20:00,1.3403,1.3416,1.3374,1.3386,121890.7
2026-07-18 20:25:00,1.3386,1.3412,1.3364,1.34,114483.94
2026-07-18 20:30:00,1.34,1.3419,1.3392,1.3392,31787.89
2026-07-18 20:35:00,1.3392,1.3418,1.3332,1.3414,193630.7
2026-07-18 20:40:00,1.3414,1.3437,1.3392,1.3429,324784.37
2026-07-18 20:45:00,1.3429,1.3436,1.3406,1.3412,1080.35
2026-07-18 20:50:00,1.3412,1.3419,1.3383,1.3408,125501.28
2026-07-18 20:55:00,1.3408,1.345,1.3377,1.3438,162976.39
2026-07-18 21:00:00,1.3438,1.3447,1.339,1.3404,135844.59
2026-07-18 21:05:00,1.3404,1.3408,1.337,1.3389,54749.65
2026-07-18 21:10:00,1.3389,1.3419,1.3354,1.3411,126310.42
2026-07-18 21:15:00,1.3411,1.3418,1.3404,1.3406,34130.09
2026-07-18 21:20:00,1.3406,1.3449,1.3352,1.3439,137487.27
2026-07-18 21:25:00,1.3439,1.3449,1.3426,1.3428,10454.78
2026-07-18 21:30:00,1.3428,1.3456,1.3384,1.3445,204297.66
2026-07-18 21:35:00,1.3445,1.3452,1.3404,1.3406,68362.07
2026-07-18 21:40:00,1.3406,1.3439,1.34,1.343,23910.5
2026-07-18 21:45:00,1.343,1.3444,1.3421,1.3427,112074.74
2026-07-18 21:50:00,1.3427,1.3432,1.3387,1.3417,1386.86
2026-07-18 21:55:00,1.3417,1.342,1.341,1.3415,5405.28
2026-07-18 22:00:00,1.3415,1.3436,1.3387,1.3407,238884.18
2026-07-18 22:05:00,1.3407,1.3447,1.3365,1.3437,178500.53
2026-07-18 22:10:00,1.3437,1.3447,1.3432,1.3433,8926.09
2026-07-18 22:15:00,1.3433,1.3458,1.3429,1.3456,8744.86
2026-07-18 22:20:00,1.3456,1.3479,1.341,1.347,128085.65
2026-07-18 22:25:00,1.347,1.3485,1.3462,1.3476,194851.19
2026-07-18 22:30:00,1.3476,1.3488,1.347,1.3484,6576.32
2026-07-18 22:35:00,1.3484,1.3498,1.3475,1.3496,82600.59
2026-07-18 22:40:00,1.3496,1.3505,1.3477,1.3484,73912.03
2026-07-18 22:45:00,1.3484,1.3521,1.3432,1.3455,13570.28
2026-07-18 22:50:00,1.3455,1.3472,1.3424,1.3445,115465.87
2026-07-18 22:55:00,1.3445,1.3498,1.3436,1.3461,59766.01
2026-07-18 23:00:00,1.3461,1.3471,1.3455,1.3456,57241.75
2026-07-18 23:05:00,1.3456,1.3483,1.3454,1.3467,116695.01
2026-07-18 23:10:00,1.3467,1.3477,1.3428,1.3432,22291.47
2026-07-18 23:15:00,1.3432,1.3456,1.3431,1.3439,42301.76
2026-07-18 23:20:00,1.3439,1.344,1.3404,1.3425,14113.17
2026-07-18 23:25:00,1.3425,1.3434,1.3378,1.3396,2111.26
2026-07-18 23:30:00,1.3396,1.3405,1.3393,1.3401,107728.39
2026-07-18 23:35:00,1.3401,1.3453,1.3388,1.3427,51867.72
2026-07-18 23:40:00,1.3427,1.3457,1.3416,1.343,55854.28
2026-07-18 23:45:00,1.343,1.343,1.3395,1.3418,120121.92
2026-07-18 23:50:00,1.3418,1.3435,1.3371,1.3379,36560.28
2026-07-18 23:55:00,1.3379,1.339,1.3358,1.3368,1008.36
2026-07-19 00:00:00,1.3368,1.3392,1.3354,1.3392,10784.75
2026-07-19 00:05:00,1.3392,1.3397,1.3346,1.3357,59700.98
2026-07-19 00:10:00,1.3357,1.3376,1.3347,1.336,116249.65
2026-07-19 00:15:00,1.336,1.339,1.3344,1.3379,91288.39
2026-07-19 00:20:00,1.3379,1.3415,1.3375,1.3396,948.75
2026-07-19 00:25:00,1.3396,1.342,1.3358,1.3408,143762.65
2026-07-19 00:30:00,1.3408,1.35,1.3394,1.3488,403.26
2026-07-19 00:35:00,1.3488,1.3536,1.3487,1.3523,23856.82
2026-07-19 00:40:00,1.3523,1.3583,1.3484,1.3496,620382.58
2026-07-19 00:45:00,1.3496,1.3512,1.3489,1.3507,18195.53
2026-07-19 00:50:00,1.3507,1.3551,1.3464,1.3471,94695.95
2026-07-19 00:55:00,1.3471,1.352,1.3446,1.3457,31436.36
2026-07-19 01:00:00,1.3457,1.3459,1.3423,1.3428,137989.93
2026-07-19 01:05:00,1.3428,1.3428,1.3407,1.3409,145540.5
2026-07-19 01:10:00,1.3409,1.344,1.3381,1.3428,72214.44
2026-07-19 01:15:00,1.3428,1.3437,1.3424,1.3427,56132.33
2026-07-19 01:20:00,1.3427,1.3428,1.3397,1.34,24315.17
2026-07-19 01:25:00,1.34,1.3424,1.3373,1.3418,75867.17
2026-07-19 01:30:00,1.3418,1.3432,1.3401,1.3422,31182.34
2026-07-19 01:35:00,1.3422,1.3475,1.341,1.3456,139392.2
2026-07-19 01:40:00,1.3456,1.3458,1.3441,1.3452,52269.1
2026-07-19 01:45:00,1.3452,1.347,1.3437,1.3464,42941.94
2026-07-19 01:50:00,1.3464,1.3477,1.3444,1.3472,2510.94
2026-07-19 01:55:00,1.3472,1.3503,1.3464,1.3497,934.23
2026-07-19 02:00:00,1.3497,1.3513,1.3481,1.3482,10584.74
2026-07-19 02:05:00,1.3482,1.3493,1.3452,1.3458,75225.64
2026-07-19 02:10:00,1.3458,1.3483,1.3449,1.345,30217.58
2026-07-19 02:15:00,1.345,1.3482,1.3427,1.3478,25579.13
2026-07-19 02:20:00,1.3478,1.3522,1.3452,1.3464,883993.46
2026-07-19 02:25:00,1.3464,1.3469,1.3439,1.345,44913.18
2026-07-19 02:30:00,1.345,1.3465,1.3441,1.3456,67678.76
2026-07-19 02:35:00,1.3456,1.348,1.3452,1.347,209085.12
2026-07-19 02:40:00,1.347,1.3471,1.3446,1.3452,41205.45
2026-07-19 02:45:00,1.3452,1.3474,1.3438,1.3466,20702.75
2026-07-19 02:50:00,1.3466,1.3477,1.3453,1.3454,106834.84
2026-07-19 02:55:00,1.3454,1.347,1.345,1.3462,41685.78
2026-07-19 03:00:00,1.3462,1.348,1.3442,1.3444,22512.74
2026-07-19 03:05:00,1.3444,1.3467,1.3437,1.3458,32958.8
2026-07-19 03:10:00,1.3458,1.3491,1.3431,1.3486,23518.21
2026-07-19 03:15:00,1.3486,1.35,1.3472,1.349,32967.79
2026-07-19 03:20:00,1.349,1.3518,1.3465,1.3475,28326.99
2026-07-19 03:25:00,1.3475,1.349,1.346,1.3478,44085.84
2026-07-19 03:30:00,1.3478,1.3481,1.3463,1.3476,57090.07
2026-07-19 03:35:00,1.3476,1.3499,1.3472,1.3493,43343.26
2026-07-19 03:40:00,1.3493,1.3537,1.34,1.3427,269375.5
2026-07-19 03:45:00,1.3427,1.3449,1.3405,1.3438,67218.45
2026-07-19 03:50:00,1.3438,1.3461,1.3429,1.3449,24287.24
2026-07-19 03:55:00,1.3449,1.3462,1.3413,1.3432,139245.99
2026-07-19 04:00:00,1.3432,1.346,1.3418,1.3457,150812.79
2026-07-19 04:05:00,1.3457,1.3483,1.3453,1.348,45679.43
2026-07-19 04:10:00,1.348,1.3483,1.347,1.3473,7933.98
2026-07-19 04:15:00,1.3473,1.3481,1.3465,1.3477,156541.27
2026-07-19 04:20:00,1.3477,1.3491,1.3462,1.3471,32172.31
2026-07-19 04:25:00,1.3471,1.3493,1.347,1.3485,67400.69
2026-07-19 04:30:00,1.3485,1.3496,1.347,1.3478,23098.36
2026-07-19 04:35:00,1.3478,1.35,1.3463,1.3496,1980.86
2026-07-19 04:40:00,1.3496,1.3498,1.3482,1.3484,7868.73
2026-07-19 04:45:00,1.3484,1.3485,1.347,1.3477,20530.22
2026-07-19 04:50:00,1.3477,1.3496,1.3464,1.3479,31703.9
2026-07-19 04:55:00,1.3479,1.3498,1.3469,1.3482,59348.13
2026-07-19 05:00:00,1.3482,1.3511,1.3455,1.35,37838.8
2026-07-19 05:05:00,1.35,1.3535,1.3498,1.3528,73738.68
2026-07-19 05:10:00,1.3528,1.3563,1.3485,1.3491,263137.31
2026-07-19 05:15:00,1.3491,1.3541,1.3487,1.3514,5003.51
2026-07-19 05:20:00,1.3514,1.3547,1.3474,1.3479,293746.93
2026-07-19 05:25:00,1.3479,1.3481,1.3431,1.3453,21960.97
2026-07-19 05:30:00,1.3453,1.3459,1.3406,1.3417,59692.15
2026-07-19 05:35:00,1.3417,1.343,1.3413,1.3424,56394.18
2026-07-19 05:40:00,1.3424,1.3427,1.3395,1.3396,147429.21
2026-07-19 05:45:00,1.3396,1.3447,1.3389,1.3421,160169.74
2026-07-19 05:50:00,1.3421,1.3439,1.3416,1.3419,81886.87
2026-07-19 05:55:00,1.3419,1.3449,1.3416,1.3434,23413.26
2026-07-19 06:00:00,1.3434,1.3446,1.3422,1.3442,175206.7
2026-07-19 06:05:00,1.3442,1.3466,1.3438,1.3457,64238.32
2026-07-19 06:10:00,1.3457,1.348,1.3437,1.3444,19858.02
2026-07-19 06:15:00,1.3444,1.3474,1.3421,1.3449,28238.43
2026-07-19 06:20:00,1.3449,1.3471,1.3441,1.3455,38163.2
2026-07-19 06:25:00,1.3455,1.3462,1.3442,1.3449,128803.14
2026-07-19 06:30:00,1.3449,1.3481,1.3433,1.3449,11203.77
2026-07-19 06:35:00,1.3449,1.3472,1.3444,1.3464,2108.45
2026-07-19 06:40:00,1.3464,1.3488,1.3462,1.3468,350649.97
2026-07-19 06:45:00,1.3468,1.3475,1.3438,1.3446,20467.43
2026-07-19 06:50:00,1.3446,1.3449,1.3438,1.3447,36642.74
2026-07-19 06:55:00,1.3447,1.3454,1.3435,1.3447,48948.84
2026-07-19 07:00:00,1.3447,1.3502,1.3434,1.35,18283.39
2026-07-19 07:05:00,1.35,1.3523,1.3466,1.3474,25930.88
2026-07-19 07:10:00,1.3474,1.3507,1.3465,1.3492,52585.4
2026-07-19 07:15:00,1.3492,1.3494,1.3457,1.3473,2311.9
2026-07-19 07:20:00,1.3473,1.3495,1.3458,1.3488,97166.51
2026-07-19 07:25:00,1.3488,1.3503,1.3483,1.3495,110316.81
2026-07-19 07:30:00,1.3495,1.3524,1.3482,1.3515,5216.64
2026-07-19 07:35:00,1.3515,1.3574,1.3478,1.3485,273374.19
2026-07-19 07:40:00,1.3485,1.3492,1.3477,1.3479,4005.16
2026-07-19 07:45:00,1.3479,1.3486,1.3437,1.3464,68318.64
2026-07-19 07:50:00,1.3464,1.3488,1.3443,1.3471,14102.53
2026-07-19 07:55:00,1.3471,1.3508,1.3469,1.3488,93724.76
2026-07-19 08:00:00,1.3488,1.3499,1.3484,1.3496,30772.11
2026-07-19 08:05:00,1.3496,1.3517,1.3472,1.3506,75313.98
2026-07-19 08:10:00,1.3506,1.3533,1.3473,1.3497,52866.47
2026-07-19 08:15:00,1.3497,1.3523,1.3471,1.3518,101495.49
2026-07-19 08:20:00,1.3518,1.3535,1.3512,1.3525,58304.94
2026-07-19 08:25:00,1.3525,1.3552,1.3485,1.3498,125000.67
2026-07-19 08:30:00,1.3498,1.3506,1.3487,1.3504,131655.77
2026-07-19 08:35:00,1.3504,1.3519,1.3489,1.3499,32852.0
2026-07-19 08:40:00,1.3499,1.3543,1.3493,1.3537,54673.43
2026-07-19 08:45:00,1.3537,1.3558,1.3536,1.3548,32233.14
2026-07-19 08:50:00,1.3548,1.3581,1.3515,1.3525,613507.15
2026-07-19 08:55:00,1.3525,1.353,1.3505,1.3522,22820.33
2026-07-19 09:00:00,1.3522,1.3538,1.3505,1.3508,144807.6
2026-07-19 09:05:00,1.3508,1.3521,1.3443,1.3456,76727.17
2026-07-19 09:10:00,1.3456,1.3496,1.3445,1.3469,30939.56
2026-07-19 09:15:00,1.3469,1.351,1.3468,1.3491,9908.8
2026-07-19 09:20:00,1.3491,1.3499,1.3425,1.3444,114172.5
2026-07-19 09:25:00,1.3444,1.3461,1.3422,1.3434,13384.03
2026-07-19 09:30:00,1.3434,1.3458,1.3418,1.3452,38718.78
2026-07-19 09:35:00,1.3452,1.3475,1.3447,1.3472,101649.28
2026-07-19 09:40:00,1.3472,1.3513,1.3448,1.3494,249105.43
2026-07-19 09:45:00,1.3494,1.3496,1.3465,1.3485,7107.08
2026-07-19 09:50:00,1.3485,1.3486,1.3436,1.3457,119873.95
2026-07-19 09:55:00,1.3457,1.3487,1.3454,1.3486,2632.44
2026-07-19 10:00:00,1.3486,1.3506,1.3458,1.3472,91015.36
2026-07-19 10:05:00,1.3472,1.3474,1.3456,1.3469,88798.16
2026-07-19 10:10:00,1.3469,1.3482,1.346,1.3482,78778.8
2026-07-19 10:15:00,1.3482,1.3487,1.3456,1.3479,2481.05
2026-07-19 10:20:00,1.3479,1.3492,1.3458,1.3466,43821.05
2026-07-19 10:25:00,1.3466,1.3497,1.3404,1.343,12742.85
2026-07-19 10:30:00,1.343,1.3441,1.3405,1.3416,154358.23
2026-07-19 10:35:00,1.3416,1.3425,1.3409,1.3425,23637.2
2026-07-19 10:40:00,1.3425,1.3439,1.34,1.3434,120994.68
2026-07-19 10:45:00,1.3434,1.345,1.3421,1.3428,4344.83
2026-07-19 10:50:00,1.3428,1.347,1.3423,1.3459,100960.4
2026-07-19 10:55:00,1.3459,1.3507,1.3433,1.3489,154153.81
2026-07-19 11:00:00,1.3489,1.3504,1.3438,1.3445,10104.47
2026-07-19 11:05:00,1.3445,1.3504,1.344,1.3489,10585.04
2026-07-19 11:10:00,1.3489,1.3494,1.348,1.3486,99967.47
2026-07-19 11:15:00,1.3486,1.3507,1.3468,1.3498,113524.66
2026-07-19 11:20:00,1.3498,1.3533,1.349,1.3523,29176.31
2026-07-19 11:25:00,1.3523,1.3574,1.352,1.355,191929.13
2026-07-19 11:30:00,1.355,1.356,1.3524,1.3548,39631.59
2026-07-19 11:35:00,1.3548,1.3571,1.3504,1.3509,97181.15
2026-07-19 11:40:00,1.3509,1.3549,1.3489,1.3539,84704.47
2026-07-19 11:45:00,1.3539,1.3579,1.3538,1.3565,59235.97
2026-07-19 11:50:00,1.3565,1.3584,1.3559,1.3565,1212.1
2026-07-19 11:55:00,1.3565,1.3571,1.351,1.3525,32357.04
2026-07-19 12:00:00,1.3525,1.3554,1.3513,1.3538,207888.13
2026-07-19 12:05:00,1.3538,1.3561,1.3505,1.3515,23015.55
2026-07-19 12:10:00,1.3515,1.3569,1.3507,1.3566,58297.04
2026-07-19 12:15:00,1.3566,1.3583,1.3561,1.3573,8018.32
2026-07-19 12:20:00,1.3573,1.3616,1.3531,1.3544,506895.59
2026-07-19 12:25:00,1.3544,1.3566,1.3543,1.3557,62188.88
2026-07-19 12:30:00,1.3557,1.3562,1.3516,1.3554,9168.99
2026-07-19 12:35:00,1.3554,1.3607,1.3525,1.3531,251246.37
2026-07-19 12:40:00,1.3531,1.3558,1.3522,1.3556,23600.02
2026-07-19 12:45:00,1.3556,1.3615,1.351,1.3524,81874.07
2026-07-19 12:50:00,1.3524,1.3548,1.3519,1.3532,66101.13
2026-07-19 12:55:00,1.3532,1.3544,1.3509,1.3527,26897.71
2026-07-19 13:00:00,1.3527,1.3555,1.3512,1.3517,1275.18
2026-07-19 13:05:00,1.3517,1.3565,1.3509,1.3541,37040.66
2026-07-19 13:10:00,1.3541,1.3557,1.3504,1.352,46770.08
2026-07-19 13:15:00,1.352,1.3531,1.3502,1.3514,752.5
2026-07-19 13:20:00,1.3514,1.3546,1.3504,1.3536,74579.8
2026-07-19 13:25:00,1.3536,1.3561,1.3531,1.3551,35261.48
2026-07-19 13:30:00,1.3551,1.3573,1.3518,1.3527,419551.18
2026-07-19 13:35:00,1.3527,1.3549,1.3498,1.3504,104111.56
2026-07-19 13:40:00,1.3504,1.3544,1.3494,1.3495,28672.2
2026-07-19 13:45:00,1.3495,1.3511,1.3493,1.351,2838.46
2026-07-19 13:50:00,1.351,1.3515,1.3466,1.3475,2859.72
2026-07-19 13:55:00,1.3475,1.353,1.3462,1.3509,29674.7
2026-07-19 14:00:00,1.3509,1.3527,1.3503,1.3508,100860.33
2026-07-19 14:05:00,1.3508,1.3519,1.3472,1.3484,46685.47
2026-07-19 14:10:00,1.3484,1.3513,1.3463,1.351,72794.58
2026-07-19 14:15:00,1.351,1.3516,1.3457,1.3489,2409.63
2026-07-19 14:20:00,1.3489,1.3514,1.346,1.3479,53543.2
2026-07-19 14:25:00,1.3479,1.3485,1.3465,1.3481,61808.34
2026-07-19 14:30:00,1.3481,1.3489,1.3433,1.3435,6775.07
2026-07-19 14:35:00,1.3435,1.3468,1.3426,1.3464,58647.03
2026-07-19 14:40:00,1.3464,1.347,1.3456,1.3462,11419.87
2026-07-19 14:45:00,1.3462,1.348,1.3444,1.3452,7669.06
2026-07-19 14:50:00,1.3452,1.3485,1.345,1.3482,69112.33
2026-07-19 14:55:00,1.3482,1.3508,1.3467,1.3471,58489.63
2026-07-19 15:00:00,1.3471,1.3493,1.3471,1.3484,36678.1
2026-07-19 15:05:00,1.3484,1.3513,1.3434,1.3453,3487.34
2026-07-19 15:10:00,1.3453,1.348,1.3439,1.3464,145261.26
2026-07-19 15:15:00,1.3464,1.3474,1.3449,1.3469,72626.98
2026-07-19 15:20:00,1.3469,1.3476,1.3444,1.346,7805.72
2026-07-19 15:25:00,1.346,1.3476,1.3446,1.3475,33115.34
2026-07-19 15:30:00,1.3475,1.3502,1.3471,1.3496,61711.4
2026-07-19 15:35:00,1.3496,1.35,1.3478,1.3482,115280.82
2026-07-19 15:40:00,1.3482,1.3518,1.348,1.3499,14425.96
2026-07-19 15:45:00,1.3499,1.3501,1.3468,1.3482,48905.51
2026-07-19 15:50:00,1.3482,1.3501,1.3472,1.3481,143367.38
2026-07-19 15:55:00,1.3481,1.3523,1.3465,1.3516,31931.86
2026-07-19 16:00:00,1.3516,1.353,1.3508,1.352,20784.49
2026-07-19 16:05:00,1.352,1.352,1.3509,1.3517,81521.86
2026-07-19 16:10:00,1.3517,1.3539,1.3506,1.3523,2552.8
2026-07-19 16:15:00,1.3523,1.3537,1.3514,1.3517,53008.87
2026-07-19 16:20:00,1.3517,1.3542,1.351,1.3534,9049.99
2026-07-19 16:25:00,1.3534,1.3539,1.3497,1.3504,14030.66
2026-07-19 16:30:00,1.3504,1.3516,1.3466,1.3488,21509.32
2026-07-19 16:35:00,1.3488,1.3501,1.3481,1.3499,3396.12
2026-07-19 16:40:00,1.3499,1.3521,1.3492,1.3504,105551.82
2026-07-19 16:45:00,1.3504,1.3516,1.3446,1.3463,63774.62
2026-07-19 16:50:00,1.3463,1.3497,1.3453,1.3481,80775.75
2026-07-19 16:55:00,1.3481,1.3535,1.3468,1.3515,33329.94
2026-07-19 17:00:00,1.3515,1.3545,1.3506,1.3524,159290.24
2026-07-19 17:05:00,1.3524,1.3535,1.3477,1.3499,3026.92
2026-07-19 17:10:00,1.3499,1.3514,1.3481,1.3491,34186.88
2026-07-19 17:15:00,1.3491,1.3502,1.3487,1.3496,10217.5
2026-07-19 17:20:00,1.3496,1.3505,1.3474,1.3496,6693.62
2026-07-19 17:25:00,1.3496,1.3521,1.3482,1.3518,21111.45
2026-07-19 17:30:00,1.3518,1.3541,1.3489,1.3511,1949.13
2026-07-19 17:35:00,1.3511,1.3517,1.3505,1.3506,19145.33
2026-07-19 17:40:00,1.3506,1.3517,1.348,1.3491,10246.0
2026-07-19 17:45:00,1.3491,1.3513,1.3481,1.3506,32869.68
2026-07-19 17:50:00,1.3506,1.3547,1.3499,1.3545,15829.81
2026-07-19 17:55:00,1.3545,1.36,1.3537,1.3583,84688.03
2026-07-19 18:00:00,1.3583,1.3634,1.3572,1.3611,118289.21
2026-07-19 18:05:00,1.3611,1.3649,1.3593,1.3628,32221.8
2026-07-19 18:10:00,1.3628,1.3679,1.3586,1.3592,181582.29
2026-07-19 18:15:00,1.3592,1.3593,1.3563,1.3568,43541.55
2026-07-19 18:20:00,1.3568,1.358,1.3532,1.3542,84214.37
2026-07-19 18:25:00,1.3542,1.3556,1.3524,1.3547,67167.25
2026-07-19 18:30:00,1.3547,1.3558,1.3511,1.3522,56619.42
2026-07-19 18:35:00,1.3522,1.3552,1.3514,1.3546,5798.18
2026-07-19 18:40:00,1.3546,1.3553,1.3528,1.353,41666.0
2026-07-19 18:45:00,1.353,1.3544,1.3493,1.3507,153383.24
2026-07-19 18:50:00,1.3507,1.3518,1.3488,1.3496,113135.78
2026-07-19 18:55:00,1.3496,1.3521,1.3472,1.3487,24789.24
2026-07-19 19:00:00,1.3487,1.349,1.3449,1.3459,13144.13
2026-07-19 19:05:00,1.3459,1.3493,1.3456,1.3468,56004.61
2026-07-19 19:10:00,1.3468,1.3478,1.3453,1.3476,72941.6
2026-07-19 19:15:00,1.3476,1.3519,1.3449,1.3519,73758.67
2026-07-19 19:20:00,1.3519,1.3549,1.3503,1.3549,2192.69
2026-07-19 19:25:00,1.3549,1.3601,1.3496,1.3508,107611.79
2026-07-19 19:30:00,1.3508,1.3527,1.35,1.3524,33012.37
2026-07-19 19:35:00,1.3524,1.3526,1.3493,1.3505,32766.79
2026-07-19 19:40:00,1.3505,1.3533,1.3497,1.3529,11147.55
2026-07-19 19:45:00,1.3529,1.3534,1.3503,1.3512,40111.0
2026-07-19 19:50:00,1.3512,1.3521,1.3509,1.352,81598.71
2026-07-19 19:55:00,1.352,1.3594,1.3514,1.3584,27000.84
2026-07-19 20:00:00,1.3584,1.359,1.3535,1.3541,6907.95
2026-07-19 20:05:00,1.3541,1.3548,1.3515,1.3524,28578.54
2026-07-19 20:10:00,1.3524,1.3537,1.3448,1.3466,85658.86
2026-07-19 20:15:00,1.3466,1.3489,1.3464,1.3471,25629.48
2026-07-19 20:20:00,1.3471,1.3527,1.346,1.3514,47642.62
2026-07-19 20:25:00,1.3514,1.3522,1.351,1.3522,89137.64
2026-07-19 20:30:00,1.3522,1.3536,1.3518,1.3528,82343.4
2026-07-19 20:35:00,1.3528,1.3583,1.3519,1.3579,18563.1
2026-07-19 20:40:00,1.3579,1.3585,1.3545,1.3561,76939.59
2026-07-19 20:45:00,1.3561,1.3643,1.356,1.3613,76297.61
2026-07-19 20:50:00,1.3613,1.3639,1.3597,1.3639,65941.93
2026-07-19 20:55:00,1.3639,1.3669,1.3613,1.3624,68720.59
2026-07-19 21:00:00,1.3624,1.3724,1.3597,1.3722,63777.64
2026-07-19 21:05:00,1.3722,1.374,1.3718,1.3728,73010.72
2026-07-19 21:10:00,1.3728,1.3742,1.3703,1.3736,137118.1
2026-07-19 21:15:00,1.3736,1.3757,1.3706,1.3711,478506.3
2026-07-19 21:20:00,1.3711,1.3761,1.3661,1.3672,148491.33
2026-07-19 21:25:00,1.3672,1.3695,1.3643,1.365,628619.04
2026-07-19 21:30:00,1.365,1.3668,1.3642,1.3661,102733.96
2026-07-19 21:35:00,1.3661,1.3676,1.3659,1.3669,72507.5
2026-07-19 21:40:00,1.3669,1.3701,1.3651,1.3694,8165.18
2026-07-19 21:45:00,1.3694,1.3714,1.3655,1.3665,548.34
2026-07-19 21:50:00,1.3665,1.3669,1.3646,1.3659,10641.08
2026-07-19 21:55:00,1.3659,1.3718,1.3632,1.3639,419300.19
2026-07-19 22:00:00,1.3639,1.37,1.3605,1.3616,261617.83
2026-07-19 22:05:00,1.3616,1.364,1.3612,1.3635,10064.48
2026-07-19 22:10:00,1.3635,1.3664,1.3633,1.365,82589.99
2026-07-19 22:15:00,1.365,1.3683,1.361,1.362,422842.04
2026-07-19 22:20:00,1.362,1.3635,1.3611,1.3633,10002.19
2026-07-19 22:25:00,1.3633,1.3644,1.3616,1.3629,7573.92
2026-07-19 22:30:00,1.3629,1.3635,1.3619,1.3622,70422.98
2026-07-19 22:35:00,1.3622,1.3663,1.3617,1.3656,38640.49
2026-07-19 22:40:00,1.3656,1.3696,1.3638,1.3645,149382.08
2026-07-19 22:45:00,1.3645,1.369,1.3594,1.3605,12770.58
2026-07-19 22:50:00,1.3605,1.3635,1.3576,1.3589,161298.78
2026-07-19 22:55:00,1.3589,1.3647,1.3585,1.3642,63309.37
2026-07-19 23:00:00,1.3642,1.3662,1.3632,1.3653,82054.94
2026-07-19 23:05:00,1.3653,1.3682,1.3604,1.3617,123462.65
2026-07-19 23:10:00,1.3617,1.3645,1.3613,1.3627,71595.39
2026-07-19 23:15:00,1.3627,1.3663,1.3588,1.3595,103709.61
2026-07-19 23:20:00,1.3595,1.3607,1.3567,1.3567,22316.14
2026-07-19 23:25:00,1.3567,1.3585,1.3547,1.3548,39955.48
2026-07-19 23:30:00,1.3548,1.3564,1.3543,1.3548,60976.13
2026-07-19 23:35:00,1.3548,1.3608,1.3539,1.3599,107725.36
2026-07-19 23:40:00,1.3599,1.3662,1.3592,1.3646,921.02
2026-07-19 23:45:00,1.3646,1.3677,1.3638,1.3667,132334.69
2026-07-19 23:50:00,1.3667,1.3721,1.3662,1.3697,108627.89
2026-07-19 23:55:00,1.3697,1.37,1.3666,1.3678,21107.11
2026-07-20 00:00:00,1.3678,1.3691,1.3638,1.3643,1377.97
2026-07-20 00:05:00,1.3643,1.3651,1.3627,1.365,222151.16
2026-07-20 00:10:00,1.365,1.3657,1.3629,1.3635,102054.86
2026-07-20 00:15:00,1.3635,1.3638,1.3621,1.3626,11082.95
2026-07-20 00:20:00,1.3626,1.3634,1.3597,1.3608,52770.28
2026-07-20 00:25:00,1.3608,1.3657,1.3587,1.3649,53128.05
2026-07-20 00:30:00,1.3649,1.3672,1.3645,1.3662,76321.52
2026-07-20 00:35:00,1.3662,1.3677,1.3648,1.3667,95057.32
2026-07-20 00:40:00,1.3667,1.3698,1.3662,1.3696,77797.38
2026-07-20 00:45:00,1.3696,1.3717,1.3679,1.3714,1245.68
2026-07-20 00:50:00,1.3714,1.3726,1.3698,1.3723,125920.46
2026-07-20 00:55:00,1.3723,1.3726,1.3679,1.3698,118868.93
2026-07-20 01:00:00,1.3698,1.3746,1.3687,1.3724,52748.43
2026-07-20 01:05:00,1.3724,1.3745,1.3721,1.3736,4144.51
2026-07-20 01:10:00,1.3736,1.3765,1.3731,1.3739,82163.26
2026-07-20 01:15:00,1.3739,1.3755,1.3735,1.3748,45041.42
2026-07-20 01:20:00,1.3748,1.3787,1.3743,1.3785,6681.89
2026-07-20 01:25:00,1.3785,1.3787,1.3773,1.3773,38492.97
2026-07-20 01:30:00,1.3773,1.3792,1.3772,1.3784,54217.55
2026-07-20 01:35:00,1.3784,1.3806,1.3739,1.3743,71185.38
2026-07-20 01:40:00,1.3743,1.3754,1.37,1.3713,2325.24
2026-07-20 01:45:00,1.3713,1.3717,1.3703,1.3717,17744.32
2026-07-20 01:50:00,1.3717,1.372,1.367,1.3684,24161.98
2026-07-20 01:55:00,1.3684,1.3697,1.3669,1.3686,23616.97
2026-07-20 02:00:00,1.3686,1.3699,1.3663,1.3677,21837.18
2026-07-20 02:05:00,1.3677,1.3688,1.3662,1.3686,92074.68
2026-07-20 02:10:00,1.3686,1.37,1.3682,1.3691,45955.29
2026-07-20 02:15:00,1.3691,1.3691,1.3639,1.364,126356.97
2026-07-20 02:20:00,1.364,1.3643,1.3602,1.3624,112885.61
2026-07-20 02:25:00,1.3624,1.3646,1.362,1.3635,55926.73
2026-07-20 02:30:00,1.3635,1.3649,1.3609,1.3612,88993.03
2026-07-20 02:35:00,1.3612,1.3622,1.356,1.356,2009.58
2026-07-20 02:40:00,1.356,1.3575,1.3559,1.3563,31159.9
2026-07-20 02:45:00,1.3563,1.3581,1.3561,1.3581,70254.19
2026-07-20 02:50:00,1.3581,1.3582,1.3543,1.3566,38298.62
2026-07-20 02:55:00,1.3566,1.3573,1.3511,1.3511,25028.57
2026-07-20 03:00:00,1.3511,1.354,1.3503,1.3511,73111.79
2026-07-20 03:05:00,1.3511,1.3524,1.3488,1.3506,1768.43
2026-07-20 03:10:00,1.3506,1.352,1.3494,1.351,9445.9
2026-07-20 03:15:00,1.351,1.3544,1.351,1.3541,123998.54
2026-07-20 03:20:00,1.3541,1.3546,1.3522,1.353,126500.54
2026-07-20 03:25:00,1.353,1.3538,1.3487,1.3494,47413.16
2026-07-20 03:30:00,1.3494,1.351,1.3488,1.3493,52050.46
2026-07-20 03:35:00,1.3493,1.3501,1.3488,1.3489,25570.72
2026-07-20 03:40:00,1.3489,1.3507,1.3465,1.3499,271887.58
2026-07-20 03:45:00,1.3499,1.3517,1.3492,1.3506,5552.45
2026-07-20 03:50:00,1.3506,1.3513,1.3498,1.3503,27665.5
2026-07-20 03:55:00,1.3503,1.352,1.3432,1.3452,21277.01
2026-07-20 04:00:00,1.3452,1.3471,1.3441,1.3468,94631.88
2026-07-20 04:05:00,1.3468,1.3513,1.3438,1.3507,121533.29
2026-07-20 04:10:00,1.3507,1.3542,1.3503,1.353,31812.91
2026-07-20 04:15:00,1.353,1.3532,1.3475,1.3503,32309.63
2026-07-20 04:20:00,1.3503,1.3513,1.3489,1.3492,75843.86
2026-07-20 04:25:00,1.3492,1.3517,1.3446,1.351,95953.88
2026-07-20 04:30:00,1.351,1.3515,1.3496,1.3508,25687.88
2026-07-20 04:35:00,1.3508,1.3515,1.3487,1.349,48097.86
2026-07-20 04:40:00,1.349,1.3493,1.3448,1.3474,3595.48
2026-07-20 04:45:00,1.3474,1.3494,1.3456,1.3475,45120.34
2026-07-20 04:50:00,1.3475,1.3482,1.3475,1.3478,1967.51
2026-07-20 04:55:00,1.3478,1.3547,1.3474,1.352,249368.77
2026-07-20 05:00:00,1.352,1.3527,1.3488,1.3498,76239.33
2026-07-20 05:05:00,1.3498,1.351,1.3472,1.3491,145533.17
2026-07-20 05:10:00,1.3491,1.3514,1.3443,1.3509,140968.05
2026-07-20 05:15:00,1.3509,1.3542,1.3509,1.3533,113996.68
2026-07-20 05:20:00,1.3533,1.3565,1.3517,1.3562,20801.56
2026-07-20 05:25:00,1.3562,1.3573,1.3552,1.3555,5109.19
2026-07-20 05:30:00,1.3555,1.3564,1.3545,1.3547,11674.52
2026-07-20 05:35:00,1.3547,1.3549,1.3521,1.3529,11958.52
2026-07-20 05:40:00,1.3529,1.3542,1.3515,1.3528,63675.12
2026-07-20 05:45:00,1.3528,1.3548,1.3507,1.3516,7854.66
2026-07-20 05:50:00,1.3516,1.3526,1.3494,1.3494,47924.39
2026-07-20 05:55:00,1.3494,1.3541,1.344,1.3534,79110.01
2026-07-20 06:00:00,1.3534,1.3545,1.3529,1.3542,41509.91
2026-07-20 06:05:00,1.3542,1.3546,1.3514,1.3537,20562.9
2026-07-20 06:10:00,1.3537,1.3556,1.3536,1.3546,5929.16
2026-07-20 06:15:00,1.3546,1.3592,1.3544,1.3592,10749.39
2026-07-20 06:20:00,1.3592,1.3633,1.3589,1.3631,52829.88
2026-07-20 06:25:00,1.3631,1.3722,1.3627,1.3695,719.64
2026-07-20 06:30:00,1.3695,1.3716,1.3667,1.3693,65695.58
2026-07-20 06:35:00,1.3693,1.3729,1.3666,1.3678,40031.86
2026-07-20 06:40:00,1.3678,1.3687,1.363,1.3636,63839.29
2026-07-20 06:45:00,1.3636,1.3714,1.3632,1.3691,19519.78
2026-07-20 06:50:00,1.3691,1.3697,1.3655,1.3663,27589.96
2026-07-20 06:55:00,1.3663,1.368,1.3646,1.3678,23216.28
2026-07-20 07:00:00,1.3678,1.3699,1.3677,1.3682,38169.22
2026-07-20 07:05:00,1.3682,1.3685,1.3661,1.3666,136883.91
2026-07-20 07:10:00,1.3666,1.3674,1.3647,1.365,236841.32
2026-07-20 07:15:00,1.365,1.3655,1.3636,1.3638,11599.65
2026-07-20 07:20:00,1.3638,1.3661,1.3637,1.3641,4411.15
2026-07-20 07:25:00,1.3641,1.3686,1.3618,1.3673,489.79
2026-07-20 07:30:00,1.3673,1.3676,1.3671,1.3673,57968.81
2026-07-20 07:35:00,1.3673,1.3687,1.3654,1.367,73058.23
2026-07-20 07:40:00,1.367,1.3721,1.3635,1.3703,10119.22
2026-07-20 07:45:00,1.3703,1.3704,1.3673,1.3698,42333.31
2026-07-20 07:50:00,1.3698,1.3733,1.3678,1.369,80148.92
2026-07-20 07:55:00,1.369,1.3702,1.3678,1.3697,30316.23
2026-07-20 08:00:00,1.3697,1.3744,1.3657,1.3669,35695.7
2026-07-20 08:05:00,1.3669,1.3679,1.3641,1.3646,90548.77
2026-07-20 08:10:00,1.3646,1.3676,1.3635,1.3658,80550.34
2026-07-20 08:15:00,1.3658,1.3665,1.3652,1.3663,68974.77
2026-07-20 08:20:00,1.3663,1.3677,1.366,1.3675,1448.29
2026-07-20 08:25:00,1.3675,1.3716,1.3673,1.3711,4674.76
2026-07-20 08:30:00,1.3711,1.3764,1.3701,1.3736,50530.74
2026-07-20 08:35:00,1.3736,1.3768,1.373,1.3754,28401.29
2026-07-20 08:40:00,1.3754,1.3793,1.371,1.3718,138232.4
2026-07-20 08:45:00,1.3718,1.3758,1.3711,1.3737,59960.18
2026-07-20 08:50:00,1.3737,1.3797,1.3701,1.3706,429572.03
2026-07-20 08:55:00,1.3706,1.3709,1.3692,1.3698,35196.27
2026-07-20 09:00:00,1.3698,1.372,1.3692,1.3709,9954.1
2026-07-20 09:05:00,1.3709,1.3734,1.3698,1.3708,23225.85
2026-07-20 09:10:00,1.3708,1.3713,1.3705,1.3706,48563.89
2026-07-20 09:15:00,1.3706,1.3709,1.3649,1.3671,9906.06
2026-07-20 09:20:00,1.3671,1.3697,1.3621,1.3622,66349.09
2026-07-20 09:25:00,1.3622,1.3651,1.3609,1.3633,5221.62
2026-07-20 09:30:00,1.3633,1.3669,1.3621,1.3651,6173.99
2026-07-20 09:35:00,1.3651,1.3725,1.363,1.3704,34321.57
2026-07-20 09:40:00,1.3704,1.373,1.3702,1.3718,247731.67
2026-07-20 09:45:00,1.3718,1.3769,1.3681,1.3693,297514.75
2026-07-20 09:50:00,1.3693,1.3749,1.3645,1.3659,73444.64
2026-07-20 09:55:00,1.3659,1.3663,1.3654,1.3654,252234.12
2026-07-20 10:00:00,1.3654,1.3671,1.3642,1.3657,33986.6
2026-07-20 10:05:00,1.3657,1.3687,1.3652,1.3685,48859.42
2026-07-20 10:10:00,1.3685,1.3759,1.3677,1.375,22471.41
2026-07-20 10:15:00,1.375,1.3758,1.375,1.3758,124465.0
2026-07-20 10:20:00,1.3758,1.3809,1.3725,1.3736,112000.56
2026-07-20 10:25:00,1.3736,1.3809,1.3732,1.3787,10200.04
2026-07-20 10:30:00,1.3787,1.383,1.3771,1.3805,80935.78
2026-07-20 10:35:00,1.3805,1.3816,1.3716,1.374,16084.33
2026-07-20 10:40:00,1.374,1.3802,1.3705,1.3711,232521.51
2026-07-20 10:45:00,1.3711,1.3764,1.3665,1.3672,218344.66
2026-07-20 10:50:00,1.3672,1.3697,1.3638,1.3644,60258.36
2026-07-20 10:55:00,1.3644,1.3648,1.3605,1.3619,10632.75
2026-07-20 11:00:00,1.3619,1.3655,1.3618,1.3653,14350.78
2026-07-20 11:05:00,1.3653,1.366,1.361,1.3631,136491.05
2026-07-20 11:10:00,1.3631,1.3659,1.3602,1.364,36259.47
2026-07-20 11:15:00,1.364,1.3664,1.3634,1.3646,117547.45
2026-07-20 11:20:00,1.3646,1.3648,1.3639,1.3645,9836.75
2026-07-20 11:25:00,1.3645,1.3663,1.3611,1.3613,96300.8
2026-07-20 11:30:00,1.3613,1.3626,1.3577,1.3585,10534.12
2026-07-20 11:35:00,1.3585,1.3606,1.3536,1.3554,64830.84
2026-07-20 11:40:00,1.3554,1.3572,1.3549,1.3571,4260.31
2026-07-20 11:45:00,1.3571,1.3597,1.3539,1.3584,148973.28
2026-07-20 11:50:00,1.3584,1.359,1.356,1.3579,8810.27
2026-07-20 11:55:00,1.3579,1.361,1.3549,1.36,219081.87
2026-07-20 12:00:00,1.36,1.3622,1.3574,1.3574,189198.37
2026-07-20 12:05:00,1.3574,1.362,1.3551,1.3611,19138.33
2026-07-20 12:10:00,1.3611,1.3642,1.3596,1.3598,80080.08
2026-07-20 12:15:00,1.3598,1.3624,1.3547,1.3616,289519.98
2026-07-20 12:20:00,1.3616,1.363,1.3584,1.3594,20584.4
2026-07-20 12:25:00,1.3594,1.3602,1.3555,1.3577,89994.61
2026-07-20 12:30:00,1.3577,1.3625,1.357,1.3604,40942.16
2026-07-20 12:35:00,1.3604,1.3619,1.3589,1.3614,29240.9
2026-07-20 12:40:00,1.3614,1.3649,1.3605,1.3634,11590.5
2026-07-20 12:45:00,1.3634,1.3647,1.3595,1.3604,18383.78
2026-07-20 12:50:00,1.3604,1.3605,1.355,1.3554,77189.01
2026-07-20 12:55:00,1.3554,1.3562,1.3531,1.3534,906.28
2026-07-20 13:00:00,1.3534,1.357,1.351,1.3562,5059.04
2026-07-20 13:05:00,1.3562,1.3574,1.3559,1.3568,5960.74
2026-07-20 13:10:00,1.3568,1.3601,1.3538,1.3597,36435.14
2026-07-20 13:15:00,1.3597,1.364,1.3537,1.363,76611.94
2026-07-20 13:20:00,1.363,1.3636,1.3602,1.3613,3879.39
2026-07-20 13:25:00,1.3613,1.3621,1.3595,1.3595,6390.66
2026-07-20 13:30:00,1.3595,1.3601,1.3558,1.3572,47568.78
2026-07-20 13:35:00,1.3572,1.3577,1.3564,1.3572,175292.51
2026-07-20 13:40:00,1.3572,1.3577,1.3561,1.3571,32485.29
2026-07-20 13:45:00,1.3571,1.3592,1.354,1.3583,66000.32
2026-07-20 13:50:00,1.3583,1.362,1.3535,1.3606,238645.25
2026-07-20 13:55:00,1.3606,1.3615,1.3563,1.3564,22909.54
2026-07-20 14:00:00,1.3564,1.3602,1.3509,1.3598,391117.94
2026-07-20 14:05:00,1.3598,1.3629,1.3595,1.3619,87695.2
2026-07-20 14:10:00,1.3619,1.3648,1.3595,1.3618,26092.82
2026-07-20 14:15:00,1.3618,1.3636,1.3596,1.3629,381586.14
2026-07-20 14:20:00,1.3629,1.3653,1.3607,1.3649,52791.09
2026-07-20 14:25:00,1.3649,1.3663,1.3634,1.3655,103381.33
2026-07-20 14:30:00,1.3655,1.3694,1.3641,1.3677,35422.89
2026-07-20 14:35:00,1.3677,1.3719,1.367,1.371,94119.34
2026-07-20 14:40:00,1.371,1.3754,1.3696,1.374,22444.34
2026-07-20 14:45:00,1.374,1.375,1.3719,1.375,46029.71
2026-07-20 14:50:00,1.375,1.3751,1.3708,1.3719,33641.17
2026-07-20 14:55:00,1.3719,1.3734,1.3687,1.3702,174283.09
2026-07-20 15:00:00,1.3702,1.3738,1.3688,1.3737,47946.36
2026-07-20 15:05:00,1.3737,1.3747,1.3726,1.3733,44773.73
2026-07-20 15:10:00,1.3733,1.3757,1.3695,1.3726,62657.27
2026-07-20 15:15:00,1.3726,1.3746,1.3704,1.3731,45907.64
2026-07-20 15:20:00,1.3731,1.3732,1.3706,1.3719,112643.26
2026-07-20 15:25:00,1.3719,1.3732,1.3709,1.3724,41853.44
2026-07-20 15:30:00,1.3724,1.3744,1.3723,1.3738,30634.79
2026-07-20 15:35:00,1.3738,1.3753,1.3735,1.3737,237519.56
2026-07-20 15:40:00,1.3737,1.377,1.3735,1.3741,27626.64
2026-07-20 15:45:00,1.3741,1.3804,1.3736,1.3779,81806.8
2026-07-20 15:50:00,1.3779,1.3781,1.3731,1.3753,10767.37
2026-07-20 15:55:00,1.3753,1.3758,1.3736,1.3754,22373.84
2026-07-20 16:00:00,1.3754,1.3763,1.374,1.375,3374.83
2026-07-20 16:05:00,1.375,1.3801,1.3701,1.3709,13986.52
2026-07-20 16:10:00,1.3709,1.3713,1.3676,1.3692,42171.0
2026-07-20 16:15:00,1.3692,1.3702,1.3662,1.3686,5139.11
2026-07-20 16:20:00,1.3686,1.3705,1.3665,1.3682,12602.17
2026-07-20 16:25:00,1.3682,1.3724,1.3672,1.372,34168.89
2026-07-20 16:30:00,1.372,1.3733,1.3701,1.3703,27328.78
2026-07-20 16:35:00,1.3703,1.3731,1.3701,1.3726,54572.76
2026-07-20 16:40:00,1.3726,1.3758,1.369,1.3699,102268.41
2026-07-20 16:45:00,1.3699,1.3727,1.3692,1.3695,5283.68
2026-07-20 16:50:00,1.3695,1.3711,1.3687,1.37,26224.76
2026-07-20 16:55:00,1.37,1.3705,1.3678,1.3681,111712.01
2026-07-20 17:00:00,1.3681,1.3696,1.3652,1.3665,15528.87
2026-07-20 17:05:00,1.3665,1.368,1.3651,1.3654,102077.84
2026-07-20 17:10:00,1.3654,1.3664,1.3647,1.3658,62697.2
2026-07-20 17:15:00,1.3658,1.3671,1.3653,1.3664,10941.46
2026-07-20 17:20:00,1.3664,1.3681,1.3659,1.368,23256.87
2026-07-20 17:25:00,1.368,1.3684,1.3643,1.3659,21668.7
2026-07-20 17:30:00,1.3659,1.366,1.3641,1.3655,17240.28
2026-07-20 17:35:00,1.3655,1.3683,1.3629,1.3637,3676.79
2026-07-20 17:40:00,1.3637,1.3646,1.3621,1.3633,115091.94
2026-07-20 17:45:00,1.3633,1.3648,1.3605,1.3619,68360.17
2026-07-20 17:50:00,1.3619,1.3626,1.3589,1.3611,6231.76
2026-07-20 17:55:00,1.3611,1.3629,1.3601,1.3601,36036.58
2026-07-20 18:00:00,1.3601,1.3612,1.3583,1.3609,40166.3
2026-07-20 18:05:00,1.3609,1.3623,1.3595,1.3615,8442.55
2026-07-20 18:10:00,1.3615,1.3643,1.3597,1.3601,50879.84
2026-07-20 18:15:00,1.3601,1.3607,1.3558,1.3571,282019.99
2026-07-20 18:20:00,1.3571,1.3579,1.3545,1.3556,106839.97
2026-07-20 18:25:00,1.3556,1.3576,1.3509,1.352,32757.9
2026-07-20 18:30:00,1.352,1.3527,1.3509,1.351,25979.83
2026-07-20 18:35:00,1.351,1.3515,1.3487,1.3494,30506.93
2026-07-20 18:40:00,1.3494,1.3548,1.3457,1.3535,1614.61
2026-07-20 18:45:00,1.3535,1.3555,1.3535,1.3552,9528.37
2026-07-20 18:50:00,1.3552,1.36,1.354,1.3577,6063.76
2026-07-20 18:55:00,1.3577,1.3589,1.3547,1.3555,9582.82
2026-07-20 19:00:00,1.3555,1.3555,1.3535,1.3545,50365.9
2026-07-20 19:05:00,1.3545,1.3565,1.3524,1.3557,642951.76
2026-07-20 19:10:00,1.3557,1.3571,1.3537,1.3547,787.33
2026-07-20 19:15:00,1.3547,1.3566,1.3487,1.3558,643670.96
2026-07-20 19:20:00,1.3558,1.3594,1.3536,1.3587,107279.16
2026-07-20 19:25:00,1.3587,1.359,1.355,1.355,69802.57
2026-07-20 19:30:00,1.355,1.3597,1.3511,1.359,471211.91
2026-07-20 19:35:00,1.359,1.3604,1.3565,1.3578,61662.63
2026-07-20 19:40:00,1.3578,1.3585,1.3533,1.3569,19909.86
2026-07-20 19:45:00,1.3569,1.3601,1.3564,1.3592,12022.11
2026-07-20 19:50:00,1.3592,1.36,1.3579,1.359,13636.94
2026-07-20 19:55:00,1.359,1.3601,1.3577,1.3597,9151.85
2026-07-20 20:00:00,1.3597,1.3634,1.3578,1.3589,9952.45
2026-07-20 20:05:00,1.3589,1.3616,1.3556,1.3605,10954.82
2026-07-20 20:10:00,1.3605,1.364,1.3559,1.3561,82465.29
2026-07-20 20:15:00,1.3561,1.3575,1.3541,1.3556,84054.05
2026-07-20 20:20:00,1.3556,1.3558,1.3544,1.3545,169565.94
2026-07-20 20:25:00,1.3545,1.3559,1.3545,1.3553,6955.19
2026-07-20 20:30:00,1.3553,1.3571,1.3545,1.3566,11800.07
2026-07-20 20:35:00,1.3566,1.3601,1.3557,1.3579,49837.19
2026-07-20 20:40:00,1.3579,1.362,1.3566,1.3613,145206.29
2026-07-20 20:45:00,1.3613,1.3619,1.3592,1.3604,40873.36
2026-07-20 20:50:00,1.3604,1.3638,1.3604,1.3634,34235.66
2026-07-20 20:55:00,1.3634,1.3657,1.363,1.3651,14779.7
2026-07-20 21:00:00,1.3651,1.3661,1.3633,1.3638,74821.98
2026-07-20 21:05:00,1.3638,1.3642,1.3614,1.3617,57416.14
2026-07-20 21:10:00,1.3617,1.3657,1.3604,1.3652,11662.35
2026-07-20 21:15:00,1.3652,1.367,1.3603,1.3613,74655.5
2026-07-20 21:20:00,1.3613,1.3695,1.3584,1.3669,103118.22
2026-07-20 21:25:00,1.3669,1.3689,1.3664,1.368,160141.74
2026-07-20 21:30:00,1.368,1.3704,1.3675,1.3689,45285.05
2026-07-20 21:35:00,1.3689,1.3706,1.3644,1.3674,91668.95
2026-07-20 21:40:00,1.3674,1.3676,1.3637,1.3637,62299.19
2026-07-20 21:45:00,1.3637,1.3681,1.3619,1.3652,50252.94
2026-07-20 21:50:00,1.3652,1.3689,1.3646,1.3686,73746.31
2026-07-20 21:55:00,1.3686,1.3694,1.3651,1.367,43490.0
2026-07-20 22:00:00,1.367,1.3685,1.3661,1.3666,6935.69
2026-07-20 22:05:00,1.3666,1.3666,1.3662,1.3663,82710.67
2026-07-20 22:10:00,1.3663,1.367,1.3651,1.3653,29839.39
2026-07-20 22:15:00,1.3653,1.3654,1.3636,1.364,15470.83
2026-07-20 22:20:00,1.364,1.3643,1.3586,1.3599,95407.33
2026-07-20 22:25:00,1.3599,1.3603,1.3581,1.3592,18677.61
2026-07-20 22:30:00,1.3592,1.3603,1.3589,1.3594,867.1
2026-07-20 22:35:00,1.3594,1.3599,1.3578,1.3597,46307.0
2026-07-20 22:40:00,1.3597,1.3611,1.3562,1.3571,40594.3
2026-07-20 22:45:00,1.3571,1.3572,1.3565,1.3571,54440.58
2026-07-20 22:50:00,1.3571,1.3602,1.3564,1.3587,48129.58
2026-07-20 22:55:00,1.3587,1.3604,1.3582,1.3583,25027.72
2026-07-20 23:00:00,1.3583,1.3593,1.3561,1.3566,55780.21
2026-07-20 23:05:00,1.3566,1.3571,1.352,1.3547,18578.86
2026-07-20 23:10:00,1.3547,1.3569,1.3501,1.3507,24809.21
2026-07-20 23:15:00,1.3507,1.3553,1.3482,1.354,77528.23
2026-07-20 23:20:00,1.354,1.358,1.3534,1.3551,2750.33
2026-07-20 23:25:00,1.3551,1.3569,1.3545,1.3562,1162.08
2026-07-20 23:30:00,1.3562,1.3578,1.3538,1.3549,10132.66
2026-07-20 23:35:00,1.3549,1.3565,1.3534,1.3535,147826.79
2026-07-20 23:40:00,1.3535,1.354,1.3514,1.3517,94348.03
2026-07-20 23:45:00,1.3517,1.3529,1.3492,1.3493,5347.76
2026-07-20 23:50:00,1.3493,1.3521,1.348,1.3509,241506.49
2026-07-20 23:55:00,1.3509,1.3532,1.3502,1.3518,9391.29
2026-07-21 00:00:00,1.3518,1.3527,1.3506,1.3513,22316.35
2026-07-21 00:05:00,1.3513,1.3534,1.35,1.3531,317.73
2026-07-21 00:10:00,1.3531,1.3568,1.3528,1.3555,126233.47
2026-07-21 00:15:00,1.3555,1.3611,1.3551,1.359,22596.86
2026-07-21 00:20:00,1.359,1.3616,1.3581,1.3603,67564.41
2026-07-21 00:25:00,1.3603,1.3613,1.3582,1.3592,6440.17
2026-07-21 00:30:00,1.3592,1.3618,1.3572,1.3584,109261.01
2026-07-21 00:35:00,1.3584,1.3596,1.3582,1.3595,8708.57
2026-07-21 00:40:00,1.3595,1.3611,1.3574,1.3581,24392.3
2026-07-21 00:45:00,1.3581,1.3639,1.3571,1.3609,183392.55
2026-07-21 00:50:00,1.3609,1.3679,1.3597,1.3661,58082.86
2026-07-21 00:55:00,1.3661,1.3667,1.3643,1.3654,104385.9
2026-07-21 01:00:00,1.3654,1.3681,1.3651,1.3679,37245.89
2026-07-21 01:05:00,1.3679,1.3717,1.3671,1.3707,15644.96
2026-07-21 01:10:00,1.3707,1.3709,1.3693,1.3694,53601.36
2026-07-21 01:15:00,1.3694,1.3716,1.3647,1.3658,60802.09
2026-07-21 01:20:00,1.3658,1.3667,1.3639,1.3643,49771.34
2026-07-21 01:25:00,1.3643,1.3643,1.3627,1.3628,28640.28
2026-07-21 01:30:00,1.3628,1.3658,1.3628,1.3656,10119.82
2026-07-21 01:35:00,1.3656,1.3665,1.3633,1.3653,21672.01
2026-07-21 01:40:00,1.3653,1.3671,1.3593,1.3611,1728.69
2026-07-21 01:45:00,1.3611,1.368,1.3606,1.3663,138225.91
2026-07-21 01:50:00,1.3663,1.3696,1.3654,1.3681,238972.8
2026-07-21 01:55:00,1.3681,1.3726,1.3675,1.3696,50315.47
2026-07-21 02:00:00,1.3696,1.3696,1.3675,1.3691,22923.52
2026-07-21 02:05:00,1.3691,1.3734,1.3687,1.373,61387.38
2026-07-21 02:10:00,1.373,1.3773,1.3701,1.3769,11649.78
2026-07-21 02:15:00,1.3769,1.3792,1.3726,1.3749,2796.67
2026-07-21 02:20:00,1.3749,1.3783,1.3731,1.3755,21608.29
2026-07-21 02:25:00,1.3755,1.3798,1.3738,1.3794,40884.55
2026-07-21 02:30:00,1.3794,1.3814,1.3759,1.3775,2984.43
2026-07-21 02:35:00,1.3775,1.3793,1.3755,1.3792,8187.92
2026-07-21 02:40:00,1.3792,1.3818,1.3786,1.381,10355.44
2026-07-21 02:45:00,1.381,1.387,1.38,1.3865,5459.56
2026-07-21 02:50:00,1.3865,1.3909,1.3829,1.3841,528671.01
2026-07-21 02:55:00,1.3841,1.3847,1.3819,1.383,69681.26
2026-07-21 03:00:00,1.383,1.3887,1.3791,1.3796,214157.67
2026-07-21 03:05:00,1.3796,1.3802,1.3786,1.3794,61134.83
2026-07-21 03:10:00,1.3794,1.3819,1.3775,1.3781,51200.68
2026-07-21 03:15:00,1.3781,1.3797,1.3723,1.3728,89210.23
2026-07-21 03:20:00,1.3728,1.374,1.3705,1.3717,96377.32
2026-07-21 03:25:00,1.3717,1.3755,1.3686,1.3696,25200.66
2026-07-21 03:30:00,1.3696,1.3712,1.3655,1.3656,27893.99
2026-07-21 03:35:00,1.3656,1.3682,1.3651,1.3671,20664.94
2026-07-21 03:40:00,1.3671,1.3675,1.366,1.3663,13667.07
2026-07-21 03:45:00,1.3663,1.3666,1.3642,1.3649,60175.99
2026-07-21 03:50:00,1.3649,1.3651,1.3642,1.3646,14061.11
2026-07-21 03:55:00,1.3646,1.3668,1.364,1.3653,19632.72
2026-07-21 04:00:00,1.3653,1.3686,1.3652,1.366,24629.75
2026-07-21 04:05:00,1.366,1.3691,1.3652,1.3678,88321.97
2026-07-21 04:10:00,1.3678,1.3718,1.3646,1.3713,41801.6
2026-07-21 04:15:00,1.3713,1.3741,1.3709,1.3734,7690.04
2026-07-21 04:20:00,1.3734,1.3735,1.37,1.3716,31791.11
2026-07-21 04:25:00,1.3716,1.3741,1.3713,1.3726,197071.92
2026-07-21 04:30:00,1.3726,1.375,1.3707,1.3728,150869.4
2026-07-21 04:35:00,1.3728,1.3731,1.3703,1.3717,59260.0
2026-07-21 04:40:00,1.3717,1.3718,1.3714,1.3716,102847.64
2026-07-21 04:45:00,1.3716,1.3763,1.3711,1.3741,18653.48
2026-07-21 04:50:00,1.3741,1.3746,1.3691,1.3708,176335.06
2026-07-21 04:55:00,1.3708,1.3731,1.3692,1.3696,46047.03
2026-07-21 05:00:00,1.3696,1.3701,1.3662,1.3663,3115.9
2026-07-21 05:05:00,1.3663,1.3675,1.3644,1.3662,45448.06
2026-07-21 05:10:00,1.3662,1.3718,1.3655,1.3711,10128.26
2026-07-21 05:15:00,1.3711,1.3742,1.3703,1.3736,93662.28
2026-07-21 05:20:00,1.3736,1.3772,1.3732,1.3752,34520.57
2026-07-21 05:25:00,1.3752,1.3753,1.3729,1.3746,129458.38
2026-07-21 05:30:00,1.3746,1.3756,1.3698,1.3701,7655.68
2026-07-21 05:35:00,1.3701,1.373,1.3686,1.3722,6067.32
2026-07-21 05:40:00,1.3722,1.3724,1.3705,1.3716,2629.93
2026-07-21 05:45:00,1.3716,1.3721,1.3693,1.3708,5599.28
2026-07-21 05:50:00,1.3708,1.3719,1.3705,1.3711,11516.45
2026-07-21 05:55:00,1.3711,1.3725,1.3681,1.369,47885.68
2026-07-21 06:00:00,1.369,1.3731,1.3673,1.3729,63188.41
2026-07-21 06:05:00,1.3729,1.3788,1.3685,1.3772,121774.64
2026-07-21 06:10:00,1.3772,1.38,1.3761,1.3765,46115.56
2026-07-21 06:15:00,1.3765,1.3766,1.3719,1.3729,1200.75
2026-07-21 06:20:00,1.3729,1.3737,1.3721,1.3728,68700.87
2026-07-21 06:25:00,1.3728,1.3734,1.3719,1.3723,7700.08
2026-07-21 06:30:00,1.3723,1.3763,1.3698,1.3744,22085.47
2026-07-21 06:35:00,1.3744,1.376,1.3732,1.3732,60961.86
2026-07-21 06:40:00,1.3732,1.3732,1.3671,1.3676,91337.18
2026-07-21 06:45:00,1.3676,1.3689,1.3639,1.3657,212147.63
2026-07-21 06:50:00,1.3657,1.3657,1.361,1.3624,46878.84
2026-07-21 06:55:00,1.3624,1.363,1.3609,1.3625,8925.47
2026-07-21 07:00:00,1.3625,1.3628,1.3598,1.3609,1302.71
2026-07-21 07:05:00,1.3609,1.3619,1.3589,1.3609,92184.05
2026-07-21 07:10:00,1.3609,1.3619,1.3606,1.3617,39588.03
2026-07-21 07:15:00,1.3617,1.3626,1.3609,1.3614,18919.52
2026-07-21 07:20:00,1.3614,1.3628,1.3611,1.3617,15274.93
2026-07-21 07:25:00,1.3617,1.3626,1.3603,1.3605,30721.52
2026-07-21 07:30:00,1.3605,1.3616,1.3575,1.3609,9326.12
2026-07-21 07:35:00,1.3609,1.3646,1.3549,1.3633,603772.07
2026-07-21 07:40:00,1.3633,1.3645,1.3613,1.3634,23582.08
2026-07-21 07:45:00,1.3634,1.3659,1.3577,1.3593,35896.04
2026-07-21 07:50:00,1.3593,1.3609,1.3579,1.359,18610.48
2026-07-21 07:55:00,1.359,1.3603,1.3566,1.359,62034.05
2026-07-21 08:00:00,1.359,1.3614,1.3567,1.3604,124377.93
2026-07-21 08:05:00,1.3604,1.3608,1.3581,1.3591,10350.67
2026-07-21 08:10:00,1.3591,1.3601,1.358,1.3586,10519.65
2026-07-21 08:15:00,1.3586,1.3595,1.3561,1.3565,82146.35
2026-07-21 08:20:00,1.3565,1.3574,1.3537,1.3541,110520.07
2026-07-21 08:25:00,1.3541,1.3588,1.3499,1.358,461666.88
2026-07-21 08:30:00,1.358,1.3611,1.352,1.3604,58968.45
2026-07-21 08:35:00,1.3604,1.3649,1.3602,1.3629,55192.43
2026-07-21 08:40:00,1.3629,1.364,1.3622,1.3633,11392.27
2026-07-21 08:45:00,1.3633,1.3681,1.3625,1.3674,59722.72
2026-07-21 08:50:00,1.3674,1.3695,1.3653,1.3689,15740.89
2026-07-21 08:55:00,1.3689,1.3705,1.363,1.3648,155067.15
2026-07-21 09:00:00,1.3648,1.366,1.3607,1.3607,3880.56
2026-07-21 09:05:00,1.3607,1.3612,1.3594,1.3596,12779.22
2026-07-21 09:10:00,1.3596,1.3621,1.3585,1.3585,22287.41
2026-07-21 09:15:00,1.3585,1.3598,1.3583,1.3585,25400.53
2026-07-21 09:20:00,1.3585,1.3602,1.3536,1.3537,4170.96
2026-07-21 09:25:00,1.3537,1.3561,1.3489,1.3548,74638.91
2026-07-21 09:30:00,1.3548,1.3589,1.352,1.3584,431599.45
2026-07-21 09:35:00,1.3584,1.3595,1.3572,1.3581,16357.34
2026-07-21 09:40:00,1.3581,1.3609,1.357,1.3601,3237.01
2026-07-21 09:45:00,1.3601,1.3629,1.3576,1.3625,550394.86
2026-07-21 09:50:00,1.3625,1.3648,1.3612,1.3636,74460.36
2026-07-21 09:55:00,1.3636,1.3652,1.3624,1.3638,98110.21
2026-07-21 10:00:00,1.3638,1.364,1.3616,1.3634,40093.67
2026-07-21 10:05:00,1.3634,1.3637,1.3612,1.3615,71609.09
2026-07-21 10:10:00,1.3615,1.3619,1.3585,1.3611,1303.04
2026-07-21 10:15:00,1.3611,1.366,1.3559,1.3649,39048.81
2026-07-21 10:20:00,1.3649,1.3668,1.3616,1.3622,40815.73
2026-07-21 10:25:00,1.3622,1.3658,1.3584,1.3647,195456.29
2026-07-21 10:30:00,1.3647,1.368,1.3641,1.3651,7959.24
2026-07-21 10:35:00,1.3651,1.3694,1.365,1.3691,40682.97
2026-07-21 10:40:00,1.3691,1.3701,1.3686,1.3692,7370.16
2026-07-21 10:45:00,1.3692,1.3712,1.369,1.3706,41765.74
2026-07-21 10:50:00,1.3706,1.3707,1.3689,1.3698,3343.07
2026-07-21 10:55:00,1.3698,1.37,1.3673,1.3681,55919.0
2026-07-21 11:00:00,1.3681,1.3712,1.3675,1.3702,21672.0
2026-07-21 11:05:00,1.3702,1.376,1.3695,1.3747,3023.65
2026-07-21 11:10:00,1.3747,1.3749,1.3739,1.3748,45006.79
2026-07-21 11:15:00,1.3748,1.3795,1.3722,1.3735,476696.37
2026-07-21 11:20:00,1.3735,1.3751,1.3731,1.3739,120449.52
2026-07-21 11:25:00,1.3739,1.3754,1.3707,1.3711,18050.78
2026-07-21 11:30:00,1.3711,1.374,1.3705,1.3708,105227.14
2026-07-21 11:35:00,1.3708,1.3745,1.3687,1.373,20458.96
2026-07-21 11:40:00,1.373,1.3754,1.3693,1.3699,1021529.61
2026-07-21 11:45:00,1.3699,1.3702,1.3639,1.3652,21209.49
2026-07-21 11:50:00,1.3652,1.366,1.3631,1.3642,4349.79
2026-07-21 11:55:00,1.3642,1.3656,1.3616,1.3621,59670.19
2026-07-21 12:00:00,1.3621,1.3651,1.3609,1.3633,38868.42
2026-07-21 12:05:00,1.3633,1.3667,1.3627,1.3646,2767.92
2026-07-21 12:10:00,1.3646,1.3679,1.3643,1.3653,56341.82
2026-07-21 12:15:00,1.3653,1.3676,1.3636,1.3674,1249.04
2026-07-21 12:20:00,1.3674,1.3687,1.3624,1.3635,110689.58
2026-07-21 12:25:00,1.3635,1.3656,1.3615,1.3654,56694.34
2026-07-21 12:30:00,1.3654,1.3675,1.3654,1.3668,14988.39
2026-07-21 12:35:00,1.3668,1.368,1.3646,1.3663,7294.96
2026-07-21 12:40:00,1.3663,1.3709,1.3655,1.37,110835.3
2026-07-21 12:45:00,1.37,1.3702,1.3673,1.3692,23371.78
2026-07-21 12:50:00,1.3692,1.37,1.3669,1.3691,27369.62
2026-07-21 12:55:00,1.3691,1.3701,1.3671,1.3688,15.27
2026-07-21 13:00:00,1.3688,1.3716,1.3685,1.3702,42691.61
2026-07-21 13:05:00,1.3702,1.372,1.3684,1.3709,108257.72
2026-07-21 13:10:00,1.3709,1.3737,1.3662,1.3711,27953.04
2026-07-21 13:15:00,1.3711,1.3728,1.3704,1.3723,8634.99
2026-07-21 13:20:00,1.3723,1.3775,1.369,1.37,183828.23
2026-07-21 13:25:00,1.37,1.3722,1.3689,1.3712,15861.96
2026-07-21 13:30:00,1.3712,1.3715,1.3698,1.3703,72905.86
2026-07-21 13:35:00,1.3703,1.3721,1.3685,1.3689,15784.78
2026-07-21 13:40:00,1.3689,1.3692,1.3682,1.3688,7137.03
2026-07-21 13:45:00,1.3688,1.3703,1.3649,1.3671,26457.86
2026-07-21 13:50:00,1.3671,1.3704,1.3657,1.3699,998.87
2026-07-21 13:55:00,1.3699,1.373,1.3691,1.3716,6510.12
2026-07-21 14:00:00,1.3716,1.3718,1.368,1.3695,2447.31
2026-07-21 14:05:00,1.3695,1.3708,1.3661,1.3677,13014.89
2026-07-21 14:10:00,1.3677,1.3681,1.3646,1.3647,20613.04
2026-07-21 14:15:00,1.3647,1.3675,1.3646,1.3648,98924.83
2026-07-21 14:20:00,1.3648,1.367,1.364,1.3669,44127.78
2026-07-21 14:25:00,1.3669,1.369,1.3649,1.3677,24697.6
2026-07-21 14:30:00,1.3677,1.3678,1.3647,1.3673,88712.45
2026-07-21 14:35:00,1.3673,1.374,1.3655,1.371,17684.72
2026-07-21 14:40:00,1.371,1.3759,1.3692,1.3749,101742.03
2026-07-21 14:45:00,1.3749,1.3785,1.373,1.3737,35005.1
2026-07-21 14:50:00,1.3737,1.3737,1.3707,1.373,33590.4
2026-07-21 14:55:00,1.373,1.3775,1.3702,1.3766,78768.31
2026-07-21 15:00:00,1.3766,1.3776,1.3682,1.3725,255702.32
2026-07-21 15:05:00,1.3725,1.3728,1.3717,1.3721,24931.41
2026-07-21 15:10:00,1.3721,1.3749,1.372,1.3731,22283.12
2026-07-21 15:15:00,1.3731,1.3732,1.3725,1.3731,6805.3
2026-07-21 15:20:00,1.3731,1.375,1.37,1.3703,10836.71
2026-07-21 15:25:00,1.3703,1.3706,1.3696,1.3699,37110.04
2026-07-21 15:30:00,1.3699,1.3723,1.3688,1.3697,57518.72
2026-07-21 15:35:00,1.3697,1.3699,1.366,1.3694,6901.15
2026-07-21 15:40:00,1.3694,1.3724,1.3611,1.362,157.57
2026-07-21 15:45:00,1.362,1.362,1.3559,1.3592,20675.13
2026-07-21 15:50:00,1.3592,1.364,1.359,1.3623,5234.79
2026-07-21 15:55:00,1.3623,1.3653,1.3619,1.3651,93786.86
2026-07-21 16:00:00,1.3651,1.3687,1.3642,1.3674,8875.57
2026-07-21 16:05:00,1.3674,1.3677,1.3664,1.3664,29310.24
2026-07-21 16:10:00,1.3664,1.3677,1.3651,1.3656,124671.27
2026-07-21 16:15:00,1.3656,1.3668,1.3582,1.3583,87821.56
2026-07-21 16:20:00,1.3583,1.3602,1.3582,1.3591,31108.13
2026-07-21 16:25:00,1.3591,1.3618,1.3568,1.3613,91305.3
2026-07-21 16:30:00,1.3613,1.3675,1.3588,1.3659,18912.87
2026-07-21 16:35:00,1.3659,1.3687,1.3652,1.3664,29415.05
2026-07-21 16:40:00,1.3664,1.3714,1.3662,1.3674,23807.26
2026-07-21 16:45:00,1.3674,1.3723,1.3673,1.3719,73900.44
2026-07-21 16:50:00,1.3719,1.3727,1.3711,1.3715,120019.19
2026-07-21 16:55:00,1.3715,1.3749,1.3713,1.3747,67698.22
2026-07-21 17:00:00,1.3747,1.3755,1.3741,1.3752,11139.45
2026-07-21 17:05:00,1.3752,1.3752,1.3743,1.3744,48316.29
2026-07-21 17:10:00,1.3744,1.3768,1.3656,1.3663,56507.99
2026-07-21 17:15:00,1.3663,1.3687,1.3663,1.3677,244308.47
2026-07-21 17:20:00,1.3677,1.3689,1.3654,1.3661,142972.07
2026-07-21 17:25:00,1.3661,1.3692,1.3639,1.3685,52028.1
2026-07-21 17:30:00,1.3685,1.3722,1.368,1.3721,1679.86
2026-07-21 17:35:00,1.3721,1.3737,1.3714,1.372,79434.77
2026-07-21 17:40:00,1.372,1.3721,1.3694,1.3716,71813.79
2026-07-21 17:45:00,1.3716,1.3737,1.3692,1.3726,6229.66
2026-07-21 17:50:00,1.3726,1.3739,1.3725,1.3729,66183.51
2026-07-21 17:55:00,1.3729,1.3732,1.3722,1.3731,21543.61
2026-07-21 18:00:00,1.3731,1.3739,1.3664,1.3676,155557.43
2026-07-21 18:05:00,1.3676,1.3705,1.3661,1.369,57713.55
2026-07-21 18:10:00,1.369,1.3705,1.369,1.37,24138.63
2026-07-21 18:15:00,1.37,1.3706,1.3675,1.369,47681.49
2026-07-21 18:20:00,1.369,1.3735,1.3682,1.3707,13142.2
2026-07-21 18:25:00,1.3707,1.3714,1.3671,1.3691,63265.82
2026-07-21 18:30:00,1.3691,1.37,1.3632,1.3638,68841.66
2026-07-21 18:35:00,1.3638,1.3683,1.361,1.3673,42167.99
2026-07-21 18:40:00,1.3673,1.3678,1.3658,1.3662,20866.78
2026-07-21 18:45:00,1.3662,1.368,1.3651,1.3677,30868.05
2026-07-21 18:50:00,1.3677,1.3697,1.3668,1.3669,15587.51
2026-07-21 18:55:00,1.3669,1.3673,1.3653,1.3672,5773.11
2026-07-21 19:00:00,1.3672,1.3689,1.3651,1.3665,5569.24
2026-07-21 19:05:00,1.3665,1.3713,1.3655,1.3692,86313.31
2026-07-21 19:10:00,1.3692,1.3703,1.3691,1.3693,11936.93
2026-07-21 19:15:00,1.3693,1.3701,1.3677,1.3701,36367.98
2026-07-21 19:20:00,1.3701,1.3745,1.369,1.374,37497.38
2026-07-21 19:25:00,1.374,1.3783,1.3699,1.3711,65137.71
2026-07-21 19:30:00,1.3711,1.3748,1.371,1.3737,4686.61
2026-07-21 19:35:00,1.3737,1.3767,1.3732,1.3755,17796.45
2026-07-21 19:40:00,1.3755,1.3816,1.3711,1.3721,118617.72
2026-07-21 19:45:00,1.3721,1.3772,1.3716,1.3762,10039.26
2026-07-21 19:50:00,1.3762,1.3796,1.3757,1.3762,4405.41
2026-07-21 19:55:00,1.3762,1.3769,1.3754,1.3762,10865.95
2026-07-21 20:00:00,1.3762,1.3762,1.3725,1.3742,46917.83
2026-07-21 20:05:00,1.3742,1.3751,1.3716,1.3728,98166.44
2026-07-21 20:10:00,1.3728,1.374,1.3728,1.3729,15053.45
2026-07-21 20:15:00,1.3729,1.3751,1.3679,1.369,99342.87
2026-07-21 20:20:00,1.369,1.3728,1.3688,1.3708,113949.78
2026-07-21 20:25:00,1.3708,1.3714,1.3679,1.3713,12856.75
2026-07-21 20:30:00,1.3713,1.3718,1.3629,1.3661,37765.61
2026-07-21 20:35:00,1.3661,1.3696,1.3658,1.3692,58730.68
2026-07-21 20:40:00,1.3692,1.3697,1.3652,1.3654,61975.22
2026-07-21 20:45:00,1.3654,1.3686,1.3637,1.3684,46633.6
2026-07-21 20:50:00,1.3684,1.3696,1.3652,1.3659,215768.48
2026-07-21 20:55:00,1.3659,1.366,1.3634,1.3646,116154.7
2026-07-21 21:00:00,1.3646,1.3659,1.3641,1.3651,51609.81
2026-07-21 21:05:00,1.3651,1.3669,1.3621,1.3625,210460.88
2026-07-21 21:10:00,1.3625,1.3633,1.3597,1.3611,74318.71
2026-07-21 21:15:00,1.3611,1.3618,1.3578,1.3609,59183.07
2026-07-21 21:20:00,1.3609,1.3637,1.3554,1.3632,261214.97
2026-07-21 21:25:00,1.3632,1.368,1.3624,1.3665,56378.23
2026-07-21 21:30:00,1.3665,1.3665,1.3646,1.366,52674.28
2026-07-21 21:35:00,1.366,1.3665,1.3633,1.3637,1117.19
2026-07-21 21:40:00,1.3637,1.3642,1.3593,1.3617,27597.11
2026-07-21 21:45:00,1.3617,1.3633,1.3598,1.3603,25793.26
2026-07-21 21:50:00,1.3603,1.3654,1.3548,1.3641,219136.07
2026-07-21 21:55:00,1.3641,1.3646,1.3612,1.3621,43289.71
2026-07-21 22:00:00,1.3621,1.3655,1.3614,1.3637,24677.75
2026-07-21 22:05:00,1.3637,1.3669,1.3626,1.3668,129757.75
2026-07-21 22:10:00,1.3668,1.3678,1.3661,1.3671,96273.11
2026-07-21 22:15:00,1.3671,1.3713,1.3653,1.3695,26256.24
2026-07-21 22:20:00,1.3695,1.37,1.3674,1.3693,42763.38
2026-07-21 22:25:00,1.3693,1.3724,1.368,1.3721,33316.42
2026-07-21 22:30:00,1.3721,1.3729,1.3701,1.3701,136931.23
2026-07-21 22:35:00,1.3701,1.3704,1.3674,1.3681,9690.79
2026-07-21 22:40:00,1.3681,1.3688,1.367,1.3672,313248.35
2026-07-21 22:45:00,1.3672,1.3675,1.3649,1.3654,45952.75
2026-07-21 22:50:00,1.3654,1.3654,1.3631,1.3648,112852.8
2026-07-21 22:55:00,1.3648,1.3654,1.3631,1.3644,20706.36
2026-07-21 23:00:00,1.3644,1.3675,1.3632,1.3665,10762.63
2026-07-21 23:05:00,1.3665,1.3726,1.3661,1.3713,29339.09
2026-07-21 23:10:00,1.3713,1.3726,1.3687,1.3709,12893.6
2026-07-21 23:15:00,1.3709,1.3741,1.3702,1.3731,1370.65
2026-07-21 23:20:00,1.3731,1.3744,1.3691,1.3731,43595.76
2026-07-21 23:25:00,1.3731,1.3753,1.3713,1.374,208747.78
2026-07-21 23:30:00,1.374,1.3795,1.3711,1.3717,330360.75
2026-07-21 23:35:00,1.3717,1.3737,1.3713,1.3728,9721.98
2026-07-21 23:40:00,1.3728,1.3736,1.3708,1.3727,87885.32
2026-07-21 23:45:00,1.3727,1.3728,1.3709,1.3712,130937.47
2026-07-21 23:50:00,1.3712,1.3716,1.3655,1.3679,72734.43
2026-07-21 23:55:00,1.3679,1.3683,1.3645,1.3673,24853.57
2026-07-22 00:00:00,1.3673,1.3687,1.3652,1.3656,69884.32
2026-07-22 00:05:00,1.3656,1.3663,1.3644,1.3653,91342.15
2026-07-22 00:10:00,1.3653,1.3707,1.3631,1.3681,47088.78
2026-07-22 00:15:00,1.3681,1.3709,1.3657,1.3703,35569.97
2026-07-22 00:20:00,1.3703,1.3705,1.3685,1.3691,40464.13
2026-07-22 00:25:00,1.3691,1.373,1.3681,1.3722,2808.52
2026-07-22 00:30:00,1.3722,1.3722,1.3687,1.3705,46480.65
2026-07-22 00:35:00,1.3705,1.3716,1.3677,1.3707,21532.29
2026-07-22 00:40:00,1.3707,1.3714,1.3674,1.3706,124092.49
2026-07-22 00:45:00,1.3706,1.3723,1.3702,1.3708,27249.5
2026-07-22 00:50:00,1.3708,1.3709,1.368,1.369,121733.88
2026-07-22 00:55:00,1.369,1.3715,1.3687,1.3714,7290.31
2026-07-22 01:00:00,1.3714,1.3725,1.3686,1.3695,48205.84
2026-07-22 01:05:00,1.3695,1.3697,1.3656,1.3674,151716.62
2026-07-22 01:10:00,1.3674,1.3696,1.3632,1.3634,35214.18
2026-07-22 01:15:00,1.3634,1.365,1.3628,1.3629,25999.22
2026-07-22 01:20:00,1.3629,1.3665,1.3577,1.3652,339352.15
2026-07-22 01:25:00,1.3652,1.3659,1.3627,1.3647,13929.56
2026-07-22 01:30:00,1.3647,1.3655,1.3627,1.3635,26762.06
2026-07-22 01:35:00,1.3635,1.3655,1.3629,1.3632,220435.69
2026-07-22 01:40:00,1.3632,1.3669,1.3616,1.3657,21868.45
2026-07-22 01:45:00,1.3657,1.3713,1.3652,1.3702,47638.28
2026-07-22 01:50:00,1.3702,1.3713,1.3688,1.3697,84895.63
2026-07-22 01:55:00,1.3697,1.3745,1.367,1.369,10637.8
2026-07-22 02:00:00,1.369,1.3693,1.3669,1.3679,40627.28
2026-07-22 02:05:00,1.3679,1.3686,1.3674,1.3678,177203.39
2026-07-22 02:10:00,1.3678,1.3691,1.3654,1.3664,15237.2
2026-07-22 02:15:00,1.3664,1.3686,1.3645,1.3652,9524.9
2026-07-22 02:20:00,1.3652,1.3675,1.3649,1.3669,94172.13
2026-07-22 02:25:00,1.3669,1.3682,1.3659,1.3676,13683.63
2026-07-22 02:30:00,1.3676,1.3688,1.3649,1.3678,3367.02
2026-07-22 02:35:00,1.3678,1.3711,1.3661,1.37,56502.49
2026-07-22 02:40:00,1.37,1.3716,1.3696,1.3706,63191.54
2026-07-22 02:45:00,1.3706,1.3709,1.3681,1.3681,20399.08
2026-07-22 02:50:00,1.3681,1.3713,1.368,1.3691,17320.64
2026-07-22 02:55:00,1.3691,1.3729,1.3683,1.3705,46449.28
2026-07-22 03:00:00,1.3705,1.3723,1.3686,1.3687,39046.72
2026-07-22 03:05:00,1.3687,1.3691,1.3674,1.3684,275.57
2026-07-22 03:10:00,1.3684,1.3705,1.366,1.3663,24989.14
2026-07-22 03:15:00,1.3663,1.3675,1.3644,1.3645,38952.36
2026-07-22 03:20:00,1.3645,1.3667,1.3645,1.3656,10792.95
2026-07-22 03:25:00,1.3656,1.3715,1.3649,1.3695,49635.66
2026-07-22 03:30:00,1.3695,1.3712,1.3662,1.3687,1958.85
2026-07-22 03:35:00,1.3687,1.3725,1.3683,1.3707,7131.16
2026-07-22 03:40:00,1.3707,1.3716,1.3698,1.37,66396.54
2026-07-22 03:45:00,1.37,1.3714,1.3682,1.3706,75262.34
2026-07-22 03:50:00,1.3706,1.3724,1.3691,1.3718,14372.98
2026-07-22 03:55:00,1.3718,1.3745,1.3676,1.3687,69266.45
2026-07-22 04:00:00,1.3687,1.3713,1.3652,1.367,10220.89
2026-07-22 04:05:00,1.367,1.3738,1.3647,1.3725,7027.91
2026-07-22 04:10:00,1.3725,1.377,1.3682,1.3689,22732.7
2026-07-22 04:15:00,1.3689,1.3725,1.3674,1.3694,22870.81
2026-07-22 04:20:00,1.3694,1.3707,1.3658,1.3693,29311.35
2026-07-22 04:25:00,1.3693,1.3711,1.3675,1.3687,154139.97
2026-07-22 04:30:00,1.3687,1.3691,1.3641,1.3659,6723.55
2026-07-22 04:35:00,1.3659,1.3659,1.3647,1.3652,126932.26
2026-07-22 04:40:00,1.3652,1.3677,1.3627,1.3665,1906.49
2026-07-22 04:45:00,1.3665,1.368,1.3643,1.3651,30921.58
2026-07-22 04:50:00,1.3651,1.3683,1.3591,1.3673,76957.46
2026-07-22 04:55:00,1.3673,1.3696,1.3658,1.3667,146731.41
2026-07-22 05:00:00,1.3667,1.368,1.3617,1.363,35955.95
2026-07-22 05:05:00,1.363,1.3678,1.3624,1.3673,19855.14
2026-07-22 05:10:00,1.3673,1.37,1.3651,1.3683,273219.47
2026-07-22 05:15:00,1.3683,1.3706,1.3679,1.3684,6580.18
2026-07-22 05:20:00,1.3684,1.3734,1.3666,1.3711,50035.74
2026-07-22 05:25:00,1.3711,1.3747,1.3708,1.3747,69283.46
2026-07-22 05:30:00,1.3747,1.3799,1.3734,1.3782,67937.98
2026-07-22 05:35:00,1.3782,1.3787,1.3779,1.3784,7084.03
2026-07-22 05:40:00,1.3784,1.3803,1.3729,1.3743,5281.68
2026-07-22 05:45:00,1.3743,1.3793,1.371,1.3723,41402.42
2026-07-22 05:50:00,1.3723,1.3724,1.3679,1.3691,108581.31
2026-07-22 05:55:00,1.3691,1.373,1.3688,1.3713,28906.94
2026-07-22 06:00:00,1.3713,1.3726,1.368,1.3693,73554.36
2026-07-22 06:05:00,1.3693,1.3694,1.3667,1.3673,33430.31
2026-07-22 06:10:00,1.3673,1.3674,1.3658,1.3659,89134.23
2026-07-22 06:15:00,1.3659,1.3664,1.3617,1.3629,8594.95
2026-07-22 06:20:00,1.3629,1.3651,1.3596,1.364,115020.43
2026-07-22 06:25:00,1.364,1.3654,1.3638,1.3647,8748.47
2026-07-22 06:30:00,1.3647,1.3669,1.3646,1.3657,5602.32
2026-07-22 06:35:00,1.3657,1.3689,1.3652,1.3676,36380.82
2026-07-22 06:40:00,1.3676,1.3696,1.3675,1.3691,1609.67
2026-07-22 06:45:00,1.3691,1.3713,1.3667,1.3667,4117.77
2026-07-22 06:50:00,1.3667,1.3678,1.3657,1.3677,143271.03
2026-07-22 06:55:00,1.3677,1.3711,1.366,1.3704,52577.82
2026-07-22 07:00:00,1.3704,1.3729,1.3687,1.3692,83100.36
2026-07-22 07:05:00,1.3692,1.3712,1.3668,1.3702,12047.24
2026-07-22 07:10:00,1.3702,1.3721,1.3656,1.3676,28282.92
2026-07-22 07:15:00,1.3676,1.3694,1.3669,1.368,8352.39
2026-07-22 07:20:00,1.368,1.3726,1.3679,1.3726,121460.05
2026-07-22 07:25:00,1.3726,1.3754,1.3674,1.3686,56790.38
2026-07-22 07:30:00,1.3686,1.372,1.3667,1.3695,24500.9
2026-07-22 07:35:00,1.3695,1.3704,1.3642,1.3653,18627.35
2026-07-22 07:40:00,1.3653,1.368,1.365,1.3668,36936.63
2026-07-22 07:45:00,1.3668,1.367,1.3646,1.3648,113886.23
2026-07-22 07:50:00,1.3648,1.3685,1.3625,1.3672,22356.33
2026-07-22 07:55:00,1.3672,1.3689,1.3662,1.3689,52547.29
2026-07-22 08:00:00,1.3689,1.3765,1.3679,1.3765,69684.46
2026-07-22 08:05:00,1.3765,1.3816,1.372,1.3733,301167.43
2026-07-22 08:10:00,1.3733,1.3813,1.3733,1.3792,52052.33
2026-07-22 08:15:00,1.3792,1.3795,1.3767,1.3775,117078.75
2026-07-22 08:20:00,1.3775,1.3802,1.3765,1.3797,89255.43
2026-07-22 08:25:00,1.3797,1.3853,1.379,1.3845,71380.99
2026-07-22 08:30:00,1.3845,1.3861,1.3841,1.3854,145472.95
2026-07-22 08:35:00,1.3854,1.3862,1.383,1.3846,35045.7
2026-07-22 08:40:00,1.3846,1.3883,1.3838,1.3867,9956.28
2026-07-22 08:45:00,1.3867,1.3875,1.3856,1.3865,60174.73
2026-07-22 08:50:00,1.3865,1.392,1.3839,1.3844,136127.59
2026-07-22 08:55:00,1.3844,1.3866,1.3817,1.382,7025.4
2026-07-22 09:00:00,1.382,1.3851,1.3778,1.3784,49217.36
2026-07-22 09:05:00,1.3784,1.3843,1.3747,1.3758,161690.51
2026-07-22 09:10:00,1.3758,1.3814,1.3726,1.3737,47027.39
2026-07-22 09:15:00,1.3737,1.3753,1.3732,1.3735,82520.5
2026-07-22 09:20:00,1.3735,1.3797,1.3725,1.3792,115450.24
2026-07-22 09:25:00,1.3792,1.3809,1.3767,1.3789,38287.07
2026-07-22 09:30:00,1.3789,1.3836,1.3741,1.3753,131637.43
2026-07-22 09:35:00,1.3753,1.3759,1.3746,1.3753,50093.24
2026-07-22 09:40:00,1.3753,1.3781,1.3748,1.377,78120.81
2026-07-22 09:45:00,1.377,1.379,1.3747,1.3749,33841.88
2026-07-22 09:50:00,1.3749,1.3767,1.3745,1.3747,3554.42
2026-07-22 09:55:00,1.3747,1.3764,1.3729,1.3755,35036.12
2026-07-22 10:00:00,1.3755,1.3789,1.3706,1.3706,17955.03
2026-07-22 10:05:00,1.3706,1.3763,1.3701,1.3744,10312.21
2026-07-22 10:10:00,1.3744,1.3756,1.3729,1.374,15276.16
2026-07-22 10:15:00,1.374,1.3745,1.3694,1.3698,197.05
2026-07-22 10:20:00,1.3698,1.3702,1.3673,1.3694,11897.32
2026-07-22 10:25:00,1.3694,1.3699,1.3683,1.3697,18264.56
2026-07-22 10:30:00,1.3697,1.3706,1.3685,1.3688,19151.78
2026-07-22 10:35:00,1.3688,1.3692,1.366,1.3667,41988.15
2026-07-22 10:40:00,1.3667,1.3685,1.3658,1.3674,30519.45
2026-07-22 10:45:00,1.3674,1.3687,1.3613,1.3624,14796.85
2026-07-22 10:50:00,1.3624,1.3666,1.3589,1.3657,169785.61
2026-07-22 10:55:00,1.3657,1.3667,1.3634,1.3647,11527.24
2026-07-22 11:00:00,1.3647,1.3658,1.3608,1.3655,22467.38
2026-07-22 11:05:00,1.3655,1.3711,1.3642,1.3692,13350.87
2026-07-22 11:10:00,1.3692,1.37,1.3681,1.3681,16013.24
2026-07-22 11:15:00,1.3681,1.3718,1.368,1.3692,126378.55
2026-07-22 11:20:00,1.3692,1.3716,1.3654,1.3673,42432.04
2026-07-22 11:25:00,1.3673,1.3674,1.3629,1.3639,6938.36
2026-07-22 11:30:00,1.3639,1.3673,1.3606,1.3668,38041.59
2026-07-22 11:35:00,1.3668,1.3693,1.3651,1.3653,31547.44
2026-07-22 11:40:00,1.3653,1.3691,1.3653,1.3685,39697.2
2026-07-22 11:45:00,1.3685,1.3698,1.3674,1.3696,23224.47
2026-07-22 11:50:00,1.3696,1.3743,1.3682,1.372,5563.9
2026-07-22 11:55:00,1.372,1.3733,1.3652,1.367,199918.33
2026-07-22 12:00:00,1.367,1.3712,1.3662,1.3704,31798.27
2026-07-22 12:05:00,1.3704,1.3718,1.3688,1.3692,26423.48
2026-07-22 12:10:00,1.3692,1.3721,1.3683,1.371,64392.62
2026-07-22 12:15:00,1.371,1.3726,1.3686,1.3694,2979.56
2026-07-22 12:20:00,1.3694,1.3705,1.3675,1.368,30418.96
2026-07-22 12:25:00,1.368,1.3681,1.3668,1.3674,30751.32
2026-07-22 12:30:00,1.3674,1.369,1.3665,1.3685,178335.82
2026-07-22 12:35:00,1.3685,1.3702,1.3684,1.37,32256.07
2026-07-22 12:40:00,1.37,1.3703,1.3678,1.368,1021.4
2026-07-22 12:45:00,1.368,1.3698,1.3657,1.3659,70210.69
2026-07-22 12:50:00,1.3659,1.3667,1.364,1.3666,19619.17
2026-07-22 12:55:00,1.3666,1.3683,1.366,1.368,58103.88
2026-07-22 13:00:00,1.368,1.3729,1.3676,1.3692,35887.62
2026-07-22 13:05:00,1.3692,1.3703,1.3675,1.3687,90448.21
2026-07-22 13:10:00,1.3687,1.37,1.3668,1.3679,83717.53
2026-07-22 13:15:00,1.3679,1.3705,1.3663,1.3696,26712.29
2026-07-22 13:20:00,1.3696,1.3697,1.3669,1.3684,32399.03
2026-07-22 13:25:00,1.3684,1.3689,1.3643,1.3656,7655.38
2026-07-22 13:30:00,1.3656,1.3676,1.364,1.3653,5598.62
2026-07-22 13:35:00,1.3653,1.3668,1.3641,1.365,37708.49
2026-07-22 13:40:00,1.365,1.3698,1.3612,1.3686,740364.25
2026-07-22 13:45:00,1.3686,1.3698,1.3681,1.3692,19582.24
2026-07-22 13:50:00,1.3692,1.3744,1.3692,1.3729,423.68
2026-07-22 13:55:00,1.3729,1.377,1.3713,1.3765,68117.9
2026-07-22 14:00:00,1.3765,1.3779,1.3747,1.3763,88309.72
2026-07-22 14:05:00,1.3763,1.3833,1.3753,1.3803,169204.58
2026-07-22 14:10:00,1.3803,1.384,1.3797,1.3815,19084.03
2026-07-22 14:15:00,1.3815,1.3815,1.3776,1.3787,33923.08
2026-07-22 14:20:00,1.3787,1.3789,1.3752,1.3765,82225.0
2026-07-22 14:25:00,1.3765,1.3774,1.3754,1.3758,73855.16
2026-07-22 14:30:00,1.3758,1.3774,1.3708,1.3735,36086.58
2026-07-22 14:35:00,1.3735,1.378,1.3718,1.3762,6675.31
2026-07-22 14:40:00,1.3762,1.3781,1.3747,1.378,142488.19
2026-07-22 14:45:00,1.378,1.3794,1.3754,1.3785,49757.08
2026-07-22 14:50:00,1.3785,1.3824,1.3781,1.3803,14307.32
2026-07-22 14:55:00,1.3803,1.3814,1.3764,1.3796,211011.28
2026-07-22 15:00:00,1.3796,1.3801,1.3745,1.3756,1007.61
2026-07-22 15:05:00,1.3756,1.3777,1.3745,1.3771,98970.98
2026-07-22 15:10:00,1.3771,1.3785,1.3749,1.3759,140828.25
2026-07-22 15:15:00,1.3759,1.3777,1.3739,1.3749,9987.3
2026-07-22 15:20:00,1.3749,1.3762,1.373,1.376,106559.7
2026-07-22 15:25:00,1.376,1.3763,1.3737,1.374,1588.41
2026-07-22 15:30:00,1.374,1.3756,1.3735,1.3746,39128.27
2026-07-22 15:35:00,1.3746,1.3747,1.374,1.3744,2979.86
2026-07-22 15:40:00,1.3744,1.376,1.3694,1.3714,6572.66
2026-07-22 15:45:00,1.3714,1.3723,1.3692,1.3714,10738.89
2026-07-22 15:50:00,1.3714,1.374,1.3687,1.3734,7986.9
2026-07-22 15:55:00,1.3734,1.3752,1.3722,1.373,54116.9
2026-07-22 16:00:00,1.373,1.3758,1.3711,1.3748,204705.72
2026-07-22 16:05:00,1.3748,1.3755,1.3729,1.3738,56753.66
2026-07-22 16:10:00,1.3738,1.3747,1.3681,1.3703,58347.69
2026-07-22 16:15:00,1.3703,1.3709,1.3697,1.3697,43578.46
2026-07-22 16:20:00,1.3697,1.371,1.3687,1.3707,5394.18
2026-07-22 16:25:00,1.3707,1.3709,1.3695,1.3697,15855.38
2026-07-22 16:30:00,1.3697,1.3712,1.3679,1.3709,47349.04
2026-07-22 16:35:00,1.3709,1.3713,1.3649,1.3677,51079.66
2026-07-22 16:40:00,1.3677,1.3706,1.3634,1.3693,135727.22
2026-07-22 16:45:00,1.3693,1.3713,1.3682,1.3707,55457.49
2026-07-22 16:50:00,1.3707,1.3757,1.3706,1.3749,19925.18
2026-07-22 16:55:00,1.3749,1.3761,1.3742,1.3756,27774.87
2026-07-22 17:00:00,1.3756,1.3781,1.3746,1.3778,3271.63
2026-07-22 17:05:00,1.3778,1.3784,1.3744,1.3755,48647.21
2026-07-22 17:10:00,1.3755,1.3764,1.3747,1.3747,14383.71
2026-07-22 17:15:00,1.3747,1.3749,1.3715,1.3725,27152.93
2026-07-22 17:20:00,1.3725,1.3726,1.3709,1.3719,114575.33
2026-07-22 17:25:00,1.3719,1.3741,1.371,1.3739,24132.79
2026-07-22 17:30:00,1.3739,1.3781,1.3728,1.3766,13145.76
2026-07-22 17:35:00,1.3766,1.3775,1.3731,1.3761,114499.68
2026-07-22 17:40:00,1.3761,1.3783,1.3746,1.3778,7269.58
2026-07-22 17:45:00,1.3778,1.3788,1.3753,1.3774,46391.97
2026-07-22 17:50:00,1.3774,1.379,1.374,1.3745,36291.53
2026-07-22 17:55:00,1.3745,1.3784,1.3727,1.3764,121366.43
2026-07-22 18:00:00,1.3764,1.3795,1.3757,1.3784,20463.39
2026-07-22 18:05:00,1.3784,1.3794,1.3745,1.3774,60388.05
2026-07-22 18:10:00,1.3774,1.3795,1.3757,1.3785,54888.42
2026-07-22 18:15:00,1.3785,1.3806,1.3779,1.378,4855.85
2026-07-22 18:20:00,1.378,1.3794,1.3763,1.377,44445.56
2026-07-22 18:25:00,1.377,1.3785,1.3758,1.3781,875.88
2026-07-22 18:30:00,1.3781,1.3788,1.3753,1.377,8855.83
2026-07-22 18:35:00,1.377,1.3774,1.3748,1.376,27890.24
2026-07-22 18:40:00,1.376,1.3782,1.3726,1.3728,22209.39
2026-07-22 18:45:00,1.3728,1.3741,1.3723,1.3739,4625.27
2026-07-22 18:50:00,1.3739,1.3742,1.3714,1.3715,132280.0
2026-07-22 18:55:00,1.3715,1.3726,1.3687,1.3705,1063.27
2026-07-22 19:00:00,1.3705,1.3708,1.3699,1.3706,319000.48
2026-07-22 19:05:00,1.3706,1.3708,1.3705,1.3705,4129.17
2026-07-22 19:10:00,1.3705,1.372,1.3678,1.3686,30532.4
2026-07-22 19:15:00,1.3686,1.37,1.3676,1.3677,5414.96
2026-07-22 19:20:00,1.3677,1.3696,1.3673,1.3688,8868.68
2026-07-22 19:25:00,1.3688,1.3694,1.366,1.3668,305668.67
2026-07-22 19:30:00,1.3668,1.3717,1.3667,1.3702,14497.51
2026-07-22 19:35:00,1.3702,1.3713,1.3701,1.3702,2650.22
2026-07-22 19:40:00,1.3702,1.3711,1.37,1.3709,76971.05
2026-07-22 19:45:00,1.3709,1.3715,1.3691,1.3703,70436.52
2026-07-22 19:50:00,1.3703,1.3732,1.3696,1.3703,28299.02
2026-07-22 19:55:00,1.3703,1.3708,1.363,1.365,29800.43
2026-07-22 20:00:00,1.365,1.3659,1.3644,1.3646,130705.75
2026-07-22 20:05:00,1.3646,1.3655,1.364,1.3651,17713.61
2026-07-22 20:10:00,1.3651,1.3656,1.361,1.3642,55357.8
2026-07-22 20:15:00,1.3642,1.3656,1.3598,1.3617,63547.28
2026-07-22 20:20:00,1.3617,1.3647,1.3608,1.3642,2172.53
2026-07-22 20:25:00,1.3642,1.3662,1.3598,1.3655,115843.4
2026-07-22 20:30:00,1.3655,1.3682,1.3609,1.3672,87048.34
2026-07-22 20:35:00,1.3672,1.3696,1.3666,1.3684,34900.5
2026-07-22 20:40:00,1.3684,1.3685,1.3662,1.3671,171840.06
2026-07-22 20:45:00,1.3671,1.3671,1.3632,1.3635,17183.09
2026-07-22 20:50:00,1.3635,1.3644,1.3617,1.3621,41083.25
2026-07-22 20:55:00,1.3621,1.3627,1.3605,1.3613,5780.04
2026-07-22 21:00:00,1.3613,1.368,1.3587,1.367,29900.97
2026-07-22 21:05:00,1.367,1.3691,1.3617,1.3686,169419.34
2026-07-22 21:10:00,1.3686,1.369,1.3662,1.3667,46047.32
2026-07-22 21:15:00,1.3667,1.3685,1.3622,1.3679,89420.42
2026-07-22 21:20:00,1.3679,1.3737,1.367,1.3721,81805.45
2026-07-22 21:25:00,1.3721,1.3726,1.3697,1.3723,65341.44
2026-07-22 21:30:00,1.3723,1.3751,1.3695,1.3743,62247.85
2026-07-22 21:35:00,1.3743,1.3748,1.3735,1.3737,15855.68
2026-07-22 21:40:00,1.3737,1.3758,1.3732,1.3748,14548.87
2026-07-22 21:45:00,1.3748,1.3757,1.3714,1.3738,19898.51
2026-07-22 21:50:00,1.3738,1.375,1.3716,1.3739,14169.62
2026-07-22 21:55:00,1.3739,1.3756,1.3729,1.3745,145894.42
2026-07-22 22:00:00,1.3745,1.375,1.3742,1.3748,36816.16
2026-07-22 22:05:00,1.3748,1.3776,1.3737,1.3776,96802.03
2026-07-22 22:10:00,1.3776,1.3817,1.3741,1.3752,386761.83
2026-07-22 22:15:00,1.3752,1.3781,1.3742,1.3763,23306.82
2026-07-22 22:20:00,1.3763,1.3788,1.3753,1.3779,4324.58
2026-07-22 22:25:00,1.3779,1.379,1.3775,1.3788,163219.19
2026-07-22 22:30:00,1.3788,1.38,1.3765,1.3767,41526.42
2026-07-22 22:35:00,1.3767,1.3792,1.3759,1.3788,1918.76
2026-07-22 22:40:00,1.3788,1.3843,1.3773,1.3842,54662.82
2026-07-22 22:45:00,1.3842,1.388,1.382,1.3826,80607.71
2026-07-22 22:50:00,1.3826,1.386,1.3797,1.3811,57241.78
2026-07-22 22:55:00,1.3811,1.3836,1.3764,1.3775,49714.1
2026-07-22 23:00:00,1.3775,1.3814,1.3775,1.3808,46316.08
2026-07-22 23:05:00,1.3808,1.3858,1.3787,1.3793,20080.33
2026-07-22 23:10:00,1.3793,1.3852,1.3757,1.3768,328716.36
2026-07-22 23:15:00,1.3768,1.3799,1.3768,1.3792,73232.99
2026-07-22 23:20:00,1.3792,1.3832,1.3748,1.3752,245278.35
2026-07-22 23:25:00,1.3752,1.3753,1.3718,1.3731,48870.88
2026-07-22 23:30:00,1.3731,1.3748,1.3706,1.3726,8511.05
2026-07-22 23:35:00,1.3726,1.3741,1.3706,1.3712,1814.75
2026-07-22 23:40:00,1.3712,1.3737,1.3706,1.3714,65083.04
2026-07-22 23:45:00,1.3714,1.3743,1.3669,1.3696,68763.64
2026-07-22 23:50:00,1.3696,1.3703,1.3687,1.3699,16428.74
2026-07-22 23:55:00,1.3699,1.3708,1.3687,1.3688,48152.59
2026-07-23 00:00:00,1.3688,1.3688,1.3664,1.3682,6723.75
2026-07-23 00:05:00,1.3682,1.3693,1.3619,1.3633,24032.37
2026-07-23 00:10:00,1.3633,1.3643,1.3632,1.3634,18736.97
2026-07-23 00:15:00,1.3634,1.364,1.3616,1.3624,62806.09
2026-07-23 00:20:00,1.3624,1.3665,1.3619,1.3638,188284.55
2026-07-23 00:25:00,1.3638,1.3647,1.3623,1.3647,69709.0
2026-07-23 00:30:00,1.3647,1.3658,1.3619,1.3622,16738.75
2026-07-23 00:35:00,1.3622,1.3652,1.3618,1.3641,114051.95
2026-07-23 00:40:00,1.3641,1.3649,1.3627,1.3639,60519.74
2026-07-23 00:45:00,1.3639,1.3642,1.3608,1.3639,298044.85
2026-07-23 00:50:00,1.3639,1.3658,1.3629,1.3632,24291.48
2026-07-23 00:55:00,1.3632,1.3649,1.3619,1.3639,7962.38
2026-07-23 01:00:00,1.3639,1.3684,1.3599,1.3679,97590.63
2026-07-23 01:05:00,1.3679,1.3687,1.3668,1.3672,22688.71
2026-07-23 01:10:00,1.3672,1.3709,1.3659,1.3681,3308.63
2026-07-23 01:15:00,1.3681,1.3692,1.3672,1.369,52029.3
2026-07-23 01:20:00,1.369,1.372,1.3684,1.3711,18963.11
2026-07-23 01:25:00,1.3711,1.3742,1.3699,1.3738,18180.78
2026-07-23 01:30:00,1.3738,1.3745,1.3729,1.3741,55231.94
2026-07-23 01:35:00,1.3741,1.3773,1.3736,1.3751,11712.87
2026-07-23 01:40:00,1.3751,1.377,1.3738,1.3763,517.93
2026-07-23 01:45:00,1.3763,1.3771,1.3753,1.3763,41631.05
2026-07-23 01:50:00,1.3763,1.3797,1.3757,1.3793,10361.71
2026-07-23 01:55:00,1.3793,1.3827,1.3777,1.381,70053.73
2026-07-23 02:00:00,1.381,1.3819,1.3804,1.3806,54213.25
2026-07-23 02:05:00,1.3806,1.3872,1.3798,1.384,714.54
2026-07-23 02:10:00,1.384,1.3857,1.3812,1.3816,57606.93
2026-07-23 02:15:00,1.3816,1.382,1.3794,1.3796,38046.33
2026-07-23 02:20:00,1.3796,1.3818,1.3791,1.381,3912.23
2026-07-23 02:25:00,1.381,1.3822,1.3803,1.381,55994.78
2026-07-23 02:30:00,1.381,1.381,1.3784,1.38,71351.27
2026-07-23 02:35:00,1.38,1.3802,1.3751,1.3771,28504.05
2026-07-23 02:40:00,1.3771,1.379,1.3758,1.3788,14286.75
2026-07-23 02:45:00,1.3788,1.3792,1.3765,1.3773,143493.02
2026-07-23 02:50:00,1.3773,1.3776,1.374,1.3749,89004.52
2026-07-23 02:55:00,1.3749,1.3757,1.3743,1.3746,46217.77
2026-07-23 03:00:00,1.3746,1.3751,1.3744,1.3747,100386.49
2026-07-23 03:05:00,1.3747,1.3795,1.3723,1.3781,21505.5
2026-07-23 03:10:00,1.3781,1.3795,1.3773,1.3794,112949.53
2026-07-23 03:15:00,1.3794,1.3808,1.3781,1.3799,4767.87
2026-07-23 03:20:00,1.3799,1.3803,1.3775,1.3792,107744.75
2026-07-23 03:25:00,1.3792,1.3846,1.3773,1.3832,3729.93
2026-07-23 03:30:00,1.3832,1.3868,1.3783,1.3793,179146.7
2026-07-23 03:35:00,1.3793,1.3851,1.3787,1.3837,39693.2
2026-07-23 03:40:00,1.3837,1.3856,1.3828,1.3845,22030.63
2026-07-23 03:45:00,1.3845,1.3901,1.3819,1.3831,195696.42
2026-07-23 03:50:00,1.3831,1.3888,1.3812,1.3819,111106.05
2026-07-23 03:55:00,1.3819,1.3867,1.38,1.3807,28996.61
2026-07-23 04:00:00,1.3807,1.3826,1.3781,1.3793,18674.54
2026-07-23 04:05:00,1.3793,1.38,1.378,1.3796,45533.23
2026-07-23 04:10:00,1.3796,1.38,1.3782,1.3799,37222.3
2026-07-23 04:15:00,1.3799,1.3801,1.3783,1.3784,29742.65
2026-07-23 04:20:00,1.3784,1.3787,1.3763,1.3775,96372.42
2026-07-23 04:25:00,1.3775,1.3782,1.376,1.3778,3497.61
2026-07-23 04:30:00,1.3778,1.3795,1.3761,1.3767,23824.2
2026-07-23 04:35:00,1.3767,1.3794,1.3749,1.378,10221.32
2026-07-23 04:40:00,1.378,1.3836,1.3764,1.3823,2430.28
2026-07-23 04:45:00,1.3823,1.3855,1.3796,1.3808,230497.61
2026-07-23 04:50:00,1.3808,1.3824,1.3765,1.3794,53285.85
2026-07-23 04:55:00,1.3794,1.3823,1.378,1.3819,19144.27
2026-07-23 05:00:00,1.3819,1.3845,1.3784,1.3793,87679.04
2026-07-23 05:05:00,1.3793,1.3795,1.3774,1.3779,69875.53
2026-07-23 05:10:00,1.3779,1.381,1.3777,1.3787,18019.66
2026-07-23 05:15:00,1.3787,1.38,1.3778,1.3793,32842.72
2026-07-23 05:20:00,1.3793,1.3797,1.3781,1.3786,26922.78
2026-07-23 05:25:00,1.3786,1.3791,1.3776,1.378,38510.57
2026-07-23 05:30:00,1.378,1.3783,1.3765,1.377,31984.55
2026-07-23 05:35:00,1.377,1.3796,1.3763,1.3795,18194.56
2026-07-23 05:40:00,1.3795,1.3844,1.3793,1.3822,11455.68
2026-07-23 05:45:00,1.3822,1.3844,1.3816,1.3829,24979.5
2026-07-23 05:50:00,1.3829,1.388,1.3783,1.3792,2883.51
2026-07-23 05:55:00,1.3792,1.3809,1.3787,1.379,127476.95
2026-07-23 06:00:00,1.379,1.3792,1.3767,1.3786,19691.05
2026-07-23 06:05:00,1.3786,1.3805,1.3779,1.38,24883.68
2026-07-23 06:10:00,1.38,1.3802,1.3772,1.3778,27593.53
2026-07-23 06:15:00,1.3778,1.3785,1.3763,1.378,138275.85
2026-07-23 06:20:00,1.378,1.3792,1.3769,1.3784,13556.04
2026-07-23 06:25:00,1.3784,1.3791,1.3772,1.3777,10080.35
2026-07-23 06:30:00,1.3777,1.3782,1.3725,1.3728,45745.03
2026-07-23 06:35:00,1.3728,1.3736,1.3719,1.3728,16756.39
2026-07-23 06:40:00,1.3728,1.3738,1.372,1.3736,41621.9
2026-07-23 06:45:00,1.3736,1.3737,1.3704,1.3712,91597.88
2026-07-23 06:50:00,1.3712,1.3738,1.3694,1.373,751.44
2026-07-23 06:55:00,1.373,1.3757,1.3709,1.3747,32.69
2026-07-23 07:00:00,1.3747,1.377,1.373,1.3748,156100.21
2026-07-23 07:05:00,1.3748,1.3755,1.3717,1.3733,81442.16
2026-07-23 07:10:00,1.3733,1.3773,1.3731,1.3764,30768.6
2026-07-23 07:15:00,1.3764,1.3774,1.3718,1.3747,12186.23
2026-07-23 07:20:00,1.3747,1.3752,1.3731,1.3747,40843.07
2026-07-23 07:25:00,1.3747,1.3747,1.3711,1.3715,7724.23
2026-07-23 07:30:00,1.3715,1.3728,1.3625,1.3632,110533.04
2026-07-23 07:35:00,1.3632,1.3651,1.3628,1.3638,21010.91
2026-07-23 07:40:00,1.3638,1.365,1.3604,1.3639,27585.87
2026-07-23 07:45:00,1.3639,1.3646,1.3604,1.3631,25492.07
2026-07-23 07:50:00,1.3631,1.3659,1.3592,1.3646,107015.09
2026-07-23 07:55:00,1.3646,1.3649,1.3629,1.3632,31302.67
2026-07-23 08:00:00,1.3632,1.3678,1.3612,1.3652,21346.46
2026-07-23 08:05:00,1.3652,1.3673,1.3651,1.3673,15384.15
2026-07-23 08:10:00,1.3673,1.368,1.3669,1.3675,155809.89
2026-07-23 08:15:00,1.3675,1.3694,1.3626,1.3649,75094.19
2026-07-23 08:20:00,1.3649,1.3674,1.3604,1.3668,250373.48
2026-07-23 08:25:00,1.3668,1.3671,1.3629,1.3651,113692.32
2026-07-23 08:30:00,1.3651,1.3691,1.3637,1.3685,30606.45
2026-07-23 08:35:00,1.3685,1.3688,1.3661,1.3676,22655.64
2026-07-23 08:40:00,1.3676,1.3704,1.3674,1.3688,44744.49
2026-07-23 08:45:00,1.3688,1.3727,1.3681,1.3724,19214.62
2026-07-23 08:50:00,1.3724,1.3727,1.3705,1.3727,62856.77
2026-07-23 08:55:00,1.3727,1.3729,1.3708,1.3712,35662.67
2026-07-23 09:00:00,1.3712,1.374,1.3703,1.3726,39852.9
2026-07-23 09:05:00,1.3726,1.3782,1.3711,1.3779,13524.37
2026-07-23 09:10:00,1.3779,1.3789,1.3764,1.3765,12279.96
2026-07-23 09:15:00,1.3765,1.3797,1.3746,1.376,84570.76
2026-07-23 09:20:00,1.376,1.3823,1.3759,1.3812,52917.37
2026-07-23 09:25:00,1.3812,1.3873,1.3798,1.3849,41417.73
2026-07-23 09:30:00,1.3849,1.3904,1.3799,1.3807,20027.37
2026-07-23 09:35:00,1.3807,1.3843,1.3783,1.3828,47277.56
2026-07-23 09:40:00,1.3828,1.3862,1.382,1.386,34820.41
2026-07-23 09:45:00,1.386,1.3922,1.3816,1.3827,480551.69
2026-07-23 09:50:00,1.3827,1.3874,1.382,1.3867,64533.4
2026-07-23 09:55:00,1.3867,1.3875,1.3824,1.3834,19443.41
2026-07-23 10:00:00,1.3834,1.3836,1.3821,1.3833,26898.3
2026-07-23 10:05:00,1.3833,1.3846,1.3825,1.3825,41053.89
2026-07-23 10:10:00,1.3825,1.3837,1.3809,1.3816,36737.78
2026-07-23 10:15:00,1.3816,1.3866,1.3814,1.3863,28118.81
2026-07-23 10:20:00,1.3863,1.3887,1.3833,1.3842,75512.1
2026-07-23 10:25:00,1.3842,1.3864,1.3799,1.3804,393002.95
2026-07-23 10:30:00,1.3804,1.3812,1.3777,1.3806,6988.48
2026-07-23 10:35:00,1.3806,1.3831,1.3806,1.3823,18798.71
2026-07-23 10:40:00,1.3823,1.3872,1.3787,1.3795,16017.47
2026-07-23 10:45:00,1.3795,1.3806,1.3768,1.3803,12.69
2026-07-23 10:50:00,1.3803,1.3828,1.3785,1.3792,110421.01
2026-07-23 10:55:00,1.3792,1.3802,1.3785,1.3788,1868.19
2026-07-23 11:00:00,1.3788,1.3847,1.3781,1.3833,136114.18
2026-07-23 11:05:00,1.3833,1.3845,1.3785,1.3794,85372.97
2026-07-23 11:10:00,1.3794,1.38,1.3749,1.3757,29520.49
2026-07-23 11:15:00,1.3757,1.3773,1.3754,1.377,41242.37
2026-07-23 11:20:00,1.377,1.377,1.3754,1.3766,163256.8
2026-07-23 11:25:00,1.3766,1.3778,1.3673,1.3697,33861.83
2026-07-23 11:30:00,1.3697,1.377,1.3686,1.375,10048.31
2026-07-23 11:35:00,1.375,1.3791,1.3738,1.3773,162479.48
2026-07-23 11:40:00,1.3773,1.3785,1.3731,1.3765,19959.72
2026-07-23 11:45:00,1.3765,1.3806,1.3754,1.3798,47654.33
2026-07-23 11:50:00,1.3798,1.3804,1.3777,1.3778,29794.96
2026-07-23 11:55:00,1.3778,1.3792,1.3765,1.3769,160953.5
2026-07-23 12:00:00,1.3769,1.3804,1.3743,1.3796,57211.9
2026-07-23 12:05:00,1.3796,1.3843,1.3776,1.3831,392.22
2026-07-23 12:10:00,1.3831,1.3861,1.3822,1.384,63613.44
2026-07-23 12:15:00,1.384,1.3865,1.3833,1.3851,18748.32
2026-07-23 12:20:00,1.3851,1.387,1.3835,1.3851,61825.23
2026-07-23 12:25:00,1.3851,1.3868,1.3822,1.3832,98801.51
2026-07-23 12:30:00,1.3832,1.3858,1.3827,1.3855,25303.1
2026-07-23 12:35:00,1.3855,1.3893,1.3845,1.3885,1985.48
2026-07-23 12:40:00,1.3885,1.3925,1.3864,1.3873,152586.51
2026-07-23 12:45:00,1.3873,1.3905,1.3867,1.3903,31115.22
2026-07-23 12:50:00,1.3903,1.3938,1.3901,1.3925,26023.56
2026-07-23 12:55:00,1.3925,1.394,1.3886,1.3903,10092.08
2026-07-23 13:00:00,1.3903,1.3925,1.3859,1.3872,13076.14
2026-07-23 13:05:00,1.3872,1.3891,1.3868,1.3875,28364.89
2026-07-23 13:10:00,1.3875,1.3898,1.3843,1.3848,128907.06
2026-07-23 13:15:00,1.3848,1.3882,1.3802,1.3815,70744.25
2026-07-23 13:20:00,1.3815,1.3821,1.3807,1.3814,45445.85
2026-07-23 13:25:00,1.3814,1.3852,1.3805,1.3848,84644.33
2026-07-23 13:30:00,1.3848,1.3871,1.3796,1.381,44063.72
2026-07-23 13:35:00,1.381,1.3841,1.3806,1.3833,58911.28
2026-07-23 13:40:00,1.3833,1.3834,1.3817,1.3818,52648.29
2026-07-23 13:45:00,1.3818,1.3825,1.3807,1.382,810.76
2026-07-23 13:50:00,1.382,1.3827,1.379,1.3792,19936.26
2026-07-23 13:55:00,1.3792,1.3796,1.3762,1.3782,16218.66
2026-07-23 14:00:00,1.3782,1.3785,1.3761,1.3772,2545.33
2026-07-23 14:05:00,1.3772,1.3777,1.3747,1.3756,8085.53
2026-07-23 14:10:00,1.3756,1.3756,1.3747,1.3748,2922.18
2026-07-23 14:15:00,1.3748,1.3776,1.3739,1.3764,2878.38
2026-07-23 14:20:00,1.3764,1.3778,1.3751,1.3778,23650.31
2026-07-23 14:25:00,1.3778,1.3789,1.3758,1.3766,42544.6
2026-07-23 14:30:00,1.3766,1.3828,1.3754,1.3804,2907.45
2026-07-23 14:35:00,1.3804,1.383,1.3801,1.3809,165582.87
2026-07-23 14:40:00,1.3809,1.3837,1.3796,1.3819,43505.48
2026-07-23 14:45:00,1.3819,1.3828,1.3783,1.3789,106937.68
2026-07-23 14:50:00,1.3789,1.3811,1.3777,1.3806,47258.55
2026-07-23 14:55:00,1.3806,1.3828,1.3794,1.3813,81321.56
2026-07-23 15:00:00,1.3813,1.3834,1.3762,1.3768,46289.42
2026-07-23 15:05:00,1.3768,1.3792,1.3755,1.3779,4697.1
2026-07-23 15:10:00,1.3779,1.3801,1.3761,1.3799,23437.52
2026-07-23 15:15:00,1.3799,1.3809,1.3771,1.3771,75589.3
2026-07-23 15:20:00,1.3771,1.3779,1.3766,1.3768,189364.33
2026-07-23 15:25:00,1.3768,1.378,1.3733,1.3742,47899.46
2026-07-23 15:30:00,1.3742,1.3746,1.3729,1.3742,12672.61
2026-07-23 15:35:00,1.3742,1.3764,1.37,1.3753,260809.95
2026-07-23 15:40:00,1.3753,1.3781,1.3751,1.3759,25454.36
2026-07-23 15:45:00,1.3759,1.3791,1.3705,1.3782,604402.79
2026-07-23 15:50:00,1.3782,1.3791,1.3771,1.3778,16451.35
2026-07-23 15:55:00,1.3778,1.3824,1.3761,1.3798,1261.01
2026-07-23 16:00:00,1.3798,1.3823,1.3794,1.3818,120379.11
2026-07-23 16:05:00,1.3818,1.3837,1.3802,1.3829,24951.25
2026-07-23 16:10:00,1.3829,1.3846,1.3807,1.3837,68740.41
2026-07-23 16:15:00,1.3837,1.3864,1.3825,1.3841,8596.7
2026-07-23 16:20:00,1.3841,1.3861,1.3809,1.3823,56171.73
2026-07-23 16:25:00,1.3823,1.3826,1.3774,1.3792,66288.61
2026-07-23 16:30:00,1.3792,1.3824,1.3774,1.3817,67977.68
2026-07-23 16:35:00,1.3817,1.384,1.381,1.3827,40683.16
2026-07-23 16:40:00,1.3827,1.3843,1.3779,1.3793,57328.38
2026-07-23 16:45:00,1.3793,1.3797,1.3764,1.3771,24096.98
2026-07-23 16:50:00,1.3771,1.3801,1.3748,1.3748,77011.32
2026-07-23 16:55:00,1.3748,1.3759,1.3735,1.3747,123333.43
2026-07-23 17:00:00,1.3747,1.3769,1.3732,1.3739,37201.48
2026-07-23 17:05:00,1.3739,1.3743,1.3727,1.3739,122821.46
2026-07-23 17:10:00,1.3739,1.376,1.3721,1.3727,268321.41
2026-07-23 17:15:00,1.3727,1.3749,1.3721,1.3743,12771.23
2026-07-23 17:20:00,1.3743,1.3762,1.3716,1.3729,30487.94
2026-07-23 17:25:00,1.3729,1.3755,1.3688,1.3748,240745.08
2026-07-23 17:30:00,1.3748,1.3758,1.3745,1.3745,103374.55
2026-07-23 17:35:00,1.3745,1.3747,1.3732,1.3733,2632.93
2026-07-23 17:40:00,1.3733,1.3747,1.3698,1.3707,27674.94
2026-07-23 17:45:00,1.3707,1.3736,1.3689,1.3735,11899.81
2026-07-23 17:50:00,1.3735,1.3774,1.3683,1.3761,29659.56
2026-07-23 17:55:00,1.3761,1.3763,1.3746,1.3763,36285.54
2026-07-23 18:00:00,1.3763,1.3794,1.3751,1.3783,259.72
2026-07-23 18:05:00,1.3783,1.3841,1.3776,1.3838,9656.11
2026-07-23 18:10:00,1.3838,1.3849,1.3813,1.3816,23906.32
2026-07-23 18:15:00,1.3816,1.3822,1.3779,1.3812,3159.37
2026-07-23 18:20:00,1.3812,1.3814,1.378,1.3791,54584.97
2026-07-23 18:25:00,1.3791,1.3826,1.379,1.3824,77226.41
2026-07-23 18:30:00,1.3824,1.3829,1.3789,1.3802,76563.88
2026-07-23 18:35:00,1.3802,1.384,1.3797,1.3826,5454.08
2026-07-23 18:40:00,1.3826,1.3849,1.3819,1.3835,20765.62
2026-07-23 18:45:00,1.3835,1.3843,1.382,1.3823,83856.54
2026-07-23 18:50:00,1.3823,1.3835,1.3801,1.3828,29301.09
2026-07-23 18:55:00,1.3828,1.3839,1.3798,1.3813,129373.05
2026-07-23 19:00:00,1.3813,1.3852,1.3807,1.3847,624.91
2026-07-23 19:05:00,1.3847,1.3875,1.3825,1.3867,18809.2
2026-07-23 19:10:00,1.3867,1.3943,1.3855,1.3918,20998.31
2026-07-23 19:15:00,1.3918,1.3984,1.3912,1.3959,47089.12
2026-07-23 19:20:00,1.3959,1.3981,1.3942,1.3964,10065.53
2026-07-23 19:25:00,1.3964,1.4003,1.3919,1.3927,147295.04
2026-07-23 19:30:00,1.3927,1.3987,1.3906,1.3913,214309.94
2026-07-23 19:35:00,1.3913,1.3921,1.3865,1.388,19777.39
2026-07-23 19:40:00,1.388,1.3887,1.3824,1.3828,963.52
2026-07-23 19:45:00,1.3828,1.383,1.3803,1.3822,33311.41
2026-07-23 19:50:00,1.3822,1.3835,1.3814,1.3814,57684.25
2026-07-23 19:55:00,1.3814,1.3818,1.3781,1.3796,55140.0
2026-07-23 20:00:00,1.3796,1.3829,1.3793,1.3825,16936.65
2026-07-23 20:05:00,1.3825,1.387,1.3822,1.3867,8394.38
2026-07-23 20:10:00,1.3867,1.3908,1.3859,1.3891,65366.89
2026-07-23 20:15:00,1.3891,1.3905,1.3871,1.3878,17302.33
2026-07-23 20:20:00,1.3878,1.3878,1.3828,1.3843,15761.84
2026-07-23 20:25:00,1.3843,1.3889,1.3825,1.3871,84166.13
2026-07-23 20:30:00,1.3871,1.3899,1.3864,1.3893,37386.08
2026-07-23 20:35:00,1.3893,1.3914,1.386,1.3877,32618.61
2026-07-23 20:40:00,1.3877,1.3906,1.3876,1.3887,42126.64
2026-07-23 20:45:00,1.3887,1.3901,1.3859,1.3864,3855.22
2026-07-23 20:50:00,1.3864,1.388,1.3862,1.3867,28715.64
2026-07-23 20:55:00,1.3867,1.3892,1.3863,1.3871,51520.08
2026-07-23 21:00:00,1.3871,1.3882,1.3867,1.3876,17320.42
2026-07-23 21:05:00,1.3876,1.3892,1.3857,1.3885,64473.94
2026-07-23 21:10:00,1.3885,1.3895,1.3871,1.3892,30582.91
2026-07-23 21:15:00,1.3892,1.3925,1.3888,1.392,97065.48
2026-07-23 21:20:00,1.392,1.3921,1.3878,1.3882,67853.14
2026-07-23 21:25:00,1.3882,1.3887,1.3848,1.3862,4169.62
2026-07-23 21:30:00,1.3862,1.3894,1.3857,1.3877,66985.38
2026-07-23 21:35:00,1.3877,1.3884,1.3843,1.3861,15698.5
2026-07-23 21:40:00,1.3861,1.3873,1.385,1.3866,16379.74
2026-07-23 21:45:00,1.3866,1.3873,1.3827,1.3846,26705.54
2026-07-23 21:50:00,1.3846,1.388,1.3844,1.3879,7062.84
2026-07-23 21:55:00,1.3879,1.39,1.3855,1.3888,21417.37
2026-07-23 22:00:00,1.3888,1.3915,1.3864,1.3873,6183.13
2026-07-23 22:05:00,1.3873,1.3883,1.3857,1.3867,27336.41
2026-07-23 22:10:00,1.3867,1.3872,1.3811,1.3835,38745.9
2026-07-23 22:15:00,1.3835,1.3849,1.3833,1.3838,77596.65
2026-07-23 22:20:00,1.3838,1.3841,1.3823,1.3832,48948.09
2026-07-23 22:25:00,1.3832,1.3833,1.3816,1.3829,13385.99
2026-07-23 22:30:00,1.3829,1.3891,1.3808,1.3859,5880.8
2026-07-23 22:35:00,1.3859,1.3877,1.3836,1.3868,16016.63
2026-07-23 22:40:00,1.3868,1.3881,1.3847,1.3856,52764.06
2026-07-23 22:45:00,1.3856,1.3865,1.3819,1.3821,39584.5
2026-07-23 22:50:00,1.3821,1.3837,1.3815,1.3833,153980.97
2026-07-23 22:55:00,1.3833,1.388,1.3817,1.3861,106840.21
2026-07-23 23:00:00,1.3861,1.387,1.3837,1.3859,2788.24
2026-07-23 23:05:00,1.3859,1.3889,1.3844,1.3873,68324.69
2026-07-23 23:10:00,1.3873,1.3928,1.3867,1.3916,16578.07
2026-07-23 23:15:00,1.3916,1.3943,1.3873,1.3886,122105.4
2026-07-23 23:20:00,1.3886,1.3903,1.3877,1.3881,55514.03
2026-07-23 23:25:00,1.3881,1.3914,1.3879,1.3883,4632.67
2026-07-23 23:30:00,1.3883,1.3908,1.3876,1.3886,25969.53
2026-07-23 23:35:00,1.3886,1.3915,1.3869,1.3899,102281.82
2026-07-23 23:40:00,1.3899,1.3914,1.3885,1.3909,107746.26
2026-07-23 23:45:00,1.3909,1.3917,1.3848,1.3869,33319.37
2026-07-23 23:50:00,1.3869,1.391,1.3865,1.3888,4603.45
2026-07-23 23:55:00,1.3888,1.3906,1.3852,1.3865,7785.36
2026-07-24 00:00:00,1.3865,1.3872,1.3863,1.387,91012.68
2026-07-24 00:05:00,1.387,1.3896,1.3856,1.388,90216.05
2026-07-24 00:10:00,1.388,1.3896,1.3859,1.3891,54732.25
2026-07-24 00:15:00,1.3891,1.3919,1.3873,1.391,12930.75
2026-07-24 00:20:00,1.391,1.3956,1.3889,1.3938,46142.19
2026-07-24 00:25:00,1.3938,1.3987,1.3923,1.3984,109305.76
2026-07-24 00:30:00,1.3984,1.4004,1.3963,1.3968,29777.65
2026-07-24 00:35:00,1.3968,1.4004,1.3966,1.3998,25497.61
2026-07-24 00:40:00,1.3998,1.4041,1.3995,1.4033,16521.06
2026-07-24 00:45:00,1.4033,1.4092,1.3997,1.4003,32573.28
2026-07-24 00:50:00,1.4003,1.403,1.3988,1.4029,18725.75
2026-07-24 00:55:00,1.4029,1.4069,1.4027,1.4067,28230.8
2026-07-24 01:00:00,1.4067,1.4083,1.4026,1.4035,41065.97
2026-07-24 01:05:00,1.4035,1.4094,1.4009,1.4022,23908.96
2026-07-24 01:10:00,1.4022,1.4028,1.3983,1.3993,100927.85
2026-07-24 01:15:00,1.3993,1.4002,1.3942,1.3947,91262.93
2026-07-24 01:20:00,1.3947,1.395,1.3924,1.3931,28866.95
2026-07-24 01:25:00,1.3931,1.3956,1.3907,1.3955,26832.91
2026-07-24 01:30:00,1.3955,1.3975,1.3906,1.3917,9926.02
2026-07-24 01:35:00,1.3917,1.3948,1.3869,1.3876,168416.29
2026-07-24 01:40:00,1.3876,1.3909,1.3851,1.3896,4721.56
2026-07-24 01:45:00,1.3896,1.3897,1.3855,1.3879,171651.56
2026-07-24 01:50:00,1.3879,1.393,1.3878,1.3917,13115.36
2026-07-24 01:55:00,1.3917,1.3942,1.3883,1.3896,44502.67
2026-07-24 02:00:00,1.3896,1.3905,1.3885,1.3888,89170.39
2026-07-24 02:05:00,1.3888,1.3896,1.3876,1.3879,75540.49
2026-07-24 02:10:00,1.3879,1.3887,1.3867,1.3872,220922.69
2026-07-24 02:15:00,1.3872,1.3895,1.3859,1.389,7224.89
2026-07-24 02:20:00,1.389,1.389,1.3873,1.3883,26333.4
2026-07-24 02:25:00,1.3883,1.3933,1.3866,1.3927,8155.76
2026-07-24 02:30:00,1.3927,1.3966,1.3903,1.3932,58566.78
2026-07-24 02:35:00,1.3932,1.3958,1.3891,1.3898,299673.47
2026-07-24 02:40:00,1.3898,1.3932,1.3881,1.3907,34917.13
2026-07-24 02:45:00,1.3907,1.3918,1.3869,1.3895,64155.56
2026-07-24 02:50:00,1.3895,1.3933,1.3878,1.3908,77928.94
2026-07-24 02:55:00,1.3908,1.3911,1.3898,1.3904,43598.35
2026-07-24 03:00:00,1.3904,1.3911,1.3886,1.3897,43835.83
2026-07-24 03:05:00,1.3897,1.3939,1.3892,1.3937,27859.52
2026-07-24 03:10:00,1.3937,1.3972,1.3891,1.39,185341.41
2026-07-24 03:15:00,1.39,1.3903,1.3885,1.3895,916.94
2026-07-24 03:20:00,1.3895,1.3898,1.3886,1.3896,7839.49
2026-07-24 03:25:00,1.3896,1.3922,1.3871,1.3905,12872.44
2026-07-24 03:30:00,1.3905,1.3962,1.3885,1.3955,45209.39
2026-07-24 03:35:00,1.3955,1.397,1.395,1.3969,46007.59
2026-07-24 03:40:00,1.3969,1.4016,1.3963,1.3992,67260.65
2026-07-24 03:45:00,1.3992,1.4025,1.3964,1.3974,104212.44
2026-07-24 03:50:00,1.3974,1.4027,1.3961,1.4012,49789.37
2026-07-24 03:55:00,1.4012,1.4077,1.401,1.4043,4256.08
2026-07-24 04:00:00,1.4043,1.4053,1.4008,1.4023,29996.72
2026-07-24 04:05:00,1.4023,1.405,1.4,1.4014,88358.78
2026-07-24 04:10:00,1.4014,1.4027,1.3987,1.4002,74765.89
2026-07-24 04:15:00,1.4002,1.4046,1.4001,1.403,38444.42
2026-07-24 04:20:00,1.403,1.4045,1.4026,1.4028,34553.23
2026-07-24 04:25:00,1.4028,1.4081,1.4024,1.4049,47642.79
2026-07-24 04:30:00,1.4049,1.4056,1.4,1.401,12717.86
2026-07-24 04:35:00,1.401,1.4055,1.3997,1.4048,29706.55
2026-07-24 04:40:00,1.4048,1.4101,1.4029,1.4034,120233.05
2026-07-24 04:45:00,1.4034,1.4053,1.4025,1.405,5956.38
2026-07-24 04:50:00,1.405,1.408,1.4042,1.4076,16457.82
2026-07-24 04:55:00,1.4076,1.4126,1.4044,1.405,392202.3
2026-07-24 05:00:00,1.405,1.4063,1.3998,1.4009,45243.96
2026-07-24 05:05:00,1.4009,1.4025,1.3994,1.402,36235.1
2026-07-24 05:10:00,1.402,1.4062,1.4002,1.4048,129382.62
2026-07-24 05:15:00,1.4048,1.4055,1.4042,1.4045,7942.7
2026-07-24 05:20:00,1.4045,1.4052,1.4041,1.4046,80328.64
2026-07-24 05:25:00,1.4046,1.4061,1.4004,1.4019,92866.8
2026-07-24 05:30:00,1.4019,1.4028,1.3964,1.3987,228236.22
2026-07-24 05:35:00,1.3987,1.4032,1.3975,1.4011,30848.59
2026-07-24 05:40:00,1.4011,1.4016,1.3975,1.3991,27537.27
2026-07-24 05:45:00,1.3991,1.4005,1.398,1.3983,24387.35
2026-07-24 05:50:00,1.3983,1.3992,1.3966,1.3986,34160.16
2026-07-24 05:55:00,1.3986,1.4048,1.3975,1.4026,155795.95
2026-07-24 06:00:00,1.4026,1.4029,1.3987,1.3994,201168.69
2026-07-24 06:05:00,1.3994,1.3994,1.3942,1.3955,87908.89
2026-07-24 06:10:00,1.3955,1.3964,1.3925,1.3951,72329.93
2026-07-24 06:15:00,1.3951,1.3956,1.3943,1.3944,80561.52
2026-07-24 06:20:00,1.3944,1.3948,1.3929,1.394,11295.43
2026-07-24 06:25:00,1.394,1.395,1.3921,1.3943,79965.7
2026-07-24 06:30:00,1.3943,1.3987,1.3933,1.3983,20530.9
2026-07-24 06:35:00,1.3983,1.4003,1.3974,1.3991,9793.84
2026-07-24 06:40:00,1.3991,1.3999,1.3959,1.396,44992.27
2026-07-24 06:45:00,1.396,1.3976,1.3917,1.3929,8381.81
2026-07-24 06:50:00,1.3929,1.394,1.3904,1.3908,101994.75
2026-07-24 06:55:00,1.3908,1.3928,1.3888,1.3902,230047.48
2026-07-24 07:00:00,1.3902,1.3949,1.3893,1.3945,120553.74
2026-07-24 07:05:00,1.3945,1.3967,1.3916,1.3926,40931.01
2026-07-24 07:10:00,1.3926,1.3937,1.3925,1.3932,44560.07
2026-07-24 07:15:00,1.3932,1.3974,1.3904,1.3958,63552.98
2026-07-24 07:20:00,1.3958,1.3996,1.3951,1.3991,7511.49
2026-07-24 07:25:00,1.3991,1.4023,1.3959,1.3974,2523.73
2026-07-24 07:30:00,1.3974,1.3975,1.3967,1.3974,4489.16
2026-07-24 07:35:00,1.3974,1.401,1.3964,1.4001,3690.41
2026-07-24 07:40:00,1.4001,1.4012,1.3999,1.4011,32800.28
2026-07-24 07:45:00,1.4011,1.4047,1.4004,1.4024,94703.32
2026-07-24 07:50:00,1.4024,1.4043,1.3994,1.4037,8678.08
2026-07-24 07:55:00,1.4037,1.4098,1.4033,1.4089,23903.34
2026-07-24 08:00:00,1.4089,1.4151,1.407,1.4076,163233.68
2026-07-24 08:05:00,1.4076,1.41,1.4071,1.4071,39288.87
2026-07-24 08:10:00,1.4071,1.4087,1.4054,1.4065,6245.0
2026-07-24 08:15:00,1.4065,1.4098,1.4015,1.4025,77726.77
2026-07-24 08:20:00,1.4025,1.4059,1.401,1.4036,5341.97
2026-07-24 08:25:00,1.4036,1.4081,1.4032,1.4063,89802.4
2026-07-24 08:30:00,1.4063,1.4095,1.4014,1.4021,621633.43
2026-07-24 08:35:00,1.4021,1.4046,1.3995,1.4033,81496.69
2026-07-24 08:40:00,1.4033,1.4042,1.4017,1.4018,5853.11
2026-07-24 08:45:00,1.4018,1.4027,1.3997,1.4007,42470.29
2026-07-24 08:50:00,1.4007,1.4026,1.3992,1.4,268749.75
2026-07-24 08:55:00,1.4,1.4007,1.398,1.399,90590.19
2026-07-24 09:00:00,1.399,1.4021,1.3989,1.4014,56699.72
2026-07-24 09:05:00,1.4014,1.4028,1.4008,1.4009,52034.23
2026-07-24 09:10:00,1.4009,1.4023,1.4005,1.4014,21379.72
2026-07-24 09:15:00,1.4014,1.4033,1.4008,1.4024,28762.81
2026-07-24 09:20:00,1.4024,1.4067,1.4017,1.4044,39843.14
2026-07-24 09:25:00,1.4044,1.4051,1.4033,1.404,4617.55
2026-07-24 09:30:00,1.404,1.4048,1.4018,1.4018,12531.54
2026-07-24 09:35:00,1.4018,1.405,1.3997,1.4043,8310.66
2026-07-24 09:40:00,1.4043,1.4067,1.4042,1.4049,27933.52
2026-07-24 09:45:00,1.4049,1.4064,1.4016,1.4037,119050.7
2026-07-24 09:50:00,1.4037,1.4067,1.4001,1.4009,175983.71
2026-07-24 09:55:00,1.4009,1.406,1.3998,1.4039,32186.0
2026-07-24 10:00:00,1.4039,1.4065,1.4038,1.4061,15839.49
2026-07-24 10:05:00,1.4061,1.4067,1.4038,1.4061,52683.83
2026-07-24 10:10:00,1.4061,1.4089,1.403,1.4072,46661.87
2026-07-24 10:15:00,1.4072,1.4109,1.4038,1.4046,14884.51
2026-07-24 10:20:00,1.4046,1.4057,1.4035,1.4044,7538.03
2026-07-24 10:25:00,1.4044,1.4045,1.403,1.4036,17186.14
2026-07-24 10:30:00,1.4036,1.4044,1.4017,1.4017,32627.94
2026-07-24 10:35:00,1.4017,1.4031,1.4007,1.4031,113739.69
2026-07-24 10:40:00,1.4031,1.4036,1.3975,1.3995,6100.1
2026-07-24 10:45:00,1.3995,1.3997,1.3957,1.3965,68833.02
2026-07-24 10:50:00,1.3965,1.3972,1.396,1.3967,118665.76
2026-07-24 10:55:00,1.3967,1.4002,1.3934,1.3994,83686.91
2026-07-24 11:00:00,1.3994,1.402,1.3992,1.4016,77135.63
2026-07-24 11:05:00,1.4016,1.4062,1.4013,1.405,69024.72
2026-07-24 11:10:00,1.405,1.408,1.4028,1.4062,98696.18
2026-07-24 11:15:00,1.4062,1.4066,1.4044,1.4052,44544.66
2026-07-24 11:20:00,1.4052,1.4106,1.4017,1.4028,166039.06
2026-07-24 11:25:00,1.4028,1.4034,1.4002,1.4009,24134.58
2026-07-24 11:30:00,1.4009,1.4011,1.398,1.3986,48958.17
2026-07-24 11:35:00,1.3986,1.3996,1.3979,1.3995,16239.82
2026-07-24 11:40:00,1.3995,1.4016,1.3984,1.4009,15361.56
2026-07-24 11:45:00,1.4009,1.4018,1.3971,1.3978,117180.79
2026-07-24 11:50:00,1.3978,1.4042,1.397,1.4021,9973.31
2026-07-24 11:55:00,1.4021,1.4057,1.4014,1.4052,26676.79
2026-07-24 12:00:00,1.4052,1.4059,1.4016,1.4032,635.84
2026-07-24 12:05:00,1.4032,1.4074,1.4031,1.4066,67288.82
2026-07-24 12:10:00,1.4066,1.4099,1.4052,1.4089,7969.22
2026-07-24 12:15:00,1.4089,1.411,1.4057,1.41,30892.7
2026-07-24 12:20:00,1.41,1.4127,1.4082,1.4093,26874.45
2026-07-24 12:25:00,1.4093,1.412,1.4083,1.4115,48379.12
2026-07-24 12:30:00,1.4115,1.4117,1.4071,1.4077,55129.05
2026-07-24 12:35:00,1.4077,1.4081,1.4076,1.408,39188.14
2026-07-24 12:40:00,1.408,1.4082,1.4071,1.408,27354.06
2026-07-24 12:45:00,1.408,1.4099,1.4028,1.4038,197403.56
2026-07-24 12:50:00,1.4038,1.4042,1.4036,1.4038,44954.76
2026-07-24 12:55:00,1.4038,1.4048,1.4037,1.4045,26596.57
2026-07-24 13:00:00,1.4045,1.4075,1.4024,1.4075,20337.58
2026-07-24 13:05:00,1.4075,1.411,1.4073,1.4094,1305.6
2026-07-24 13:10:00,1.4094,1.4095,1.4075,1.4087,13733.49
2026-07-24 13:15:00,1.4087,1.409,1.4046,1.4074,217545.2
2026-07-24 13:20:00,1.4074,1.4127,1.4022,1.4033,220758.61
2026-07-24 13:25:00,1.4033,1.4037,1.4012,1.4015,16383.44
2026-07-24 13:30:00,1.4015,1.4046,1.4013,1.4036,17137.72
2026-07-24 13:35:00,1.4036,1.4078,1.4021,1.4078,33916.9
2026-07-24 13:40:00,1.4078,1.4122,1.4036,1.4043,202548.27
2026-07-24 13:45:00,1.4043,1.4044,1.4029,1.4037,97836.95
2026-07-24 13:50:00,1.4037,1.4039,1.4015,1.4032,6753.0
2026-07-24 13:55:00,1.4032,1.4037,1.401,1.4014,48022.18
2026-07-24 14:00:00,1.4014,1.4033,1.3958,1.3967,423.27
2026-07-24 14:05:00,1.3967,1.401,1.3942,1.3999,358125.57
2026-07-24 14:10:00,1.3999,1.4023,1.3991,1.4008,101740.66
2026-07-24 14:15:00,1.4008,1.4009,1.396,1.3973,5300.41
2026-07-24 14:20:00,1.3973,1.3993,1.3914,1.392,37285.95
2026-07-24 14:25:00,1.392,1.3939,1.3919,1.3933,149110.89
2026-07-24 14:30:00,1.3933,1.3934,1.3886,1.3893,4893.39
2026-07-24 14:35:00,1.3893,1.3941,1.3861,1.3928,61415.29
2026-07-24 14:40:00,1.3928,1.3954,1.3894,1.3941,34336.56
2026-07-24 14:45:00,1.3941,1.3969,1.3889,1.3963,262903.97
2026-07-24 14:50:00,1.3963,1.4004,1.3926,1.3992,81553.13
2026-07-24 14:55:00,1.3992,1.402,1.3951,1.4007,156737.25
2026-07-24 15:00:00,1.4007,1.4019,1.3963,1.3964,168309.61
2026-07-24 15:05:00,1.3964,1.3968,1.3957,1.3963,79977.96
2026-07-24 15:10:00,1.3963,1.3981,1.396,1.3976,45902.95
2026-07-24 15:15:00,1.3976,1.3999,1.3974,1.3987,8043.79
2026-07-24 15:20:00,1.3987,1.4005,1.3977,1.3988,10468.98
2026-07-24 15:25:00,1.3988,1.4013,1.398,1.3995,6198.11
2026-07-24 15:30:00,1.3995,1.4011,1.399,1.4,684.74
2026-07-24 15:35:00,1.4,1.4011,1.3963,1.3974,43225.35
2026-07-24 15:40:00,1.3974,1.3999,1.3963,1.3978,68378.31
2026-07-24 15:45:00,1.3978,1.3986,1.3961,1.3966,18159.68
2026-07-24 15:50:00,1.3966,1.3982,1.3959,1.3978,5919.4
2026-07-24 15:55:00,1.3978,1.4036,1.3974,1.403,25133.67
2026-07-24 16:00:00,1.403,1.4066,1.4027,1.4039,47751.9
2026-07-24 16:05:00,1.4039,1.4082,1.4035,1.4043,122527.85
2026-07-24 16:10:00,1.4043,1.4073,1.3995,1.4063,29637.77
2026-07-24 16:15:00,1.4063,1.4102,1.4049,1.409,49596.41
2026-07-24 16:20:00,1.409,1.4092,1.4066,1.407,2759.27
2026-07-24 16:25:00,1.407,1.408,1.4066,1.4068,9234.32
2026-07-24 16:30:00,1.4068,1.409,1.4062,1.4063,53078.72
2026-07-24 16:35:00,1.4063,1.4075,1.4039,1.4047,57577.86
2026-07-24 16:40:00,1.4047,1.4078,1.3998,1.4016,14852.38
2026-07-24 16:45:00,1.4016,1.4017,1.3991,1.3997,46632.74
2026-07-24 16:50:00,1.3997,1.4026,1.3991,1.4018,34582.74
2026-07-24 16:55:00,1.4018,1.404,1.4004,1.4035,18098.05
2026-07-24 17:00:00,1.4035,1.4116,1.4033,1.4091,34650.86
2026-07-24 17:05:00,1.4091,1.4115,1.4037,1.4058,42334.36
2026-07-24 17:10:00,1.4058,1.4072,1.4021,1.4041,9392.56
2026-07-24 17:15:00,1.4041,1.4053,1.4015,1.4028,113892.85
2026-07-24 17:20:00,1.4028,1.4067,1.4028,1.4054,16203.0
2026-07-24 17:25:00,1.4054,1.4056,1.4036,1.4047,230255.6
2026-07-24 17:30:00,1.4047,1.4085,1.4041,1.4044,13189.81
2026-07-24 17:35:00,1.4044,1.4046,1.4023,1.4026,52536.62
2026-07-24 17:40:00,1.4026,1.4042,1.4025,1.4026,51567.82
2026-07-24 17:45:00,1.4026,1.4039,1.4025,1.4038,2307.12
2026-07-24 17:50:00,1.4038,1.4061,1.4018,1.406,9004.8
2026-07-24 17:55:00,1.406,1.4066,1.4024,1.4049,56724.35
2026-07-24 18:00:00,1.4049,1.4051,1.4022,1.4036,93262.24
2026-07-24 18:05:00,1.4036,1.4059,1.401,1.4043,61143.64
2026-07-24 18:10:00,1.4043,1.4059,1.4024,1.4049,128366.93
2026-07-24 18:15:00,1.4049,1.4082,1.4048,1.4072,48786.14
2026-07-24 18:20:00,1.4072,1.411,1.4056,1.4086,29727.3
2026-07-24 18:25:00,1.4086,1.4097,1.408,1.4081,105138.33
2026-07-24 18:30:00,1.4081,1.4088,1.4077,1.408,5121.9
2026-07-24 18:35:00,1.408,1.4088,1.4072,1.4087,108144.01
2026-07-24 18:40:00,1.4087,1.4139,1.4065,1.4072,512258.25
2026-07-24 18:45:00,1.4072,1.4097,1.4046,1.4058,20405.08
2026-07-24 18:50:00,1.4058,1.4079,1.4027,1.4028,4713.5
2026-07-24 18:55:00,1.4028,1.4067,1.4011,1.4059,98832.04
2026-07-24 19:00:00,1.4059,1.4102,1.4054,1.4083,52960.16
2026-07-24 19:05:00,1.4083,1.4123,1.4061,1.4107,9831.77
2026-07-24 19:10:00,1.4107,1.4132,1.407,1.4083,10344.21
2026-07-24 19:15:00,1.4083,1.4127,1.4066,1.4125,35798.56
2026-07-24 19:20:00,1.4125,1.4146,1.4105,1.412,77346.99
2026-07-24 19:25:00,1.412,1.4127,1.41,1.4115,3034.08
2026-07-24 19:30:00,1.4115,1.4175,1.4073,1.4079,552401.0
2026-07-24 19:35:00,1.4079,1.4111,1.4073,1.4099,20793.86
2026-07-24 19:40:00,1.4099,1.4104,1.4073,1.4078,50432.02
2026-07-24 19:45:00,1.4078,1.4105,1.4074,1.4086,15539.56
2026-07-24 19:50:00,1.4086,1.4092,1.4062,1.407,96913.39
2026-07-24 19:55:00,1.407,1.4095,1.4063,1.4089,4883.06
2026-07-24 20:00:00,1.4089,1.4119,1.4084,1.4117,6941.15
2026-07-24 20:05:00,1.4117,1.418,1.4078,1.4083,37962.42
2026-07-24 20:10:00,1.4083,1.4108,1.4061,1.4105,964.19
2026-07-24 20:15:00,1.4105,1.4107,1.4077,1.4088,61381.38
2026-07-24 20:20:00,1.4088,1.4095,1.4028,1.4059,15729.42
2026-07-24 20:25:00,1.4059,1.4064,1.404,1.4046,51804.23
2026-07-24 20:30:00,1.4046,1.4072,1.4007,1.4025,143195.09
2026-07-24 20:35:00,1.4025,1.4045,1.3943,1.3985,140552.15
2026-07-24 20:40:00,1.3985,1.4036,1.3975,1.4022,62893.6
2026-07-24 20:45:00,1.4022,1.4043,1.3956,1.3958,26563.93
2026-07-24 20:50:00,1.3958,1.3966,1.3891,1.3896,116977.93
2026-07-24 20:55:00,1.3896,1.3924,1.3895,1.3918,40827.57
2026-07-24 21:00:00,1.3918,1.3925,1.3901,1.392,13016.05
2026-07-24 21:05:00,1.392,1.3927,1.3905,1.3922,58913.7
2026-07-24 21:10:00,1.3922,1.3943,1.391,1.3924,63571.2
2026-07-24 21:15:00,1.3924,1.3944,1.3902,1.3939,317615.77
2026-07-24 21:20:00,1.3939,1.3964,1.3934,1.3953,55858.87
2026-07-24 21:25:00,1.3953,1.3971,1.3909,1.3922,33788.62
2026-07-24 21:30:00,1.3922,1.3955,1.3903,1.3946,143426.85
2026-07-24 21:35:00,1.3946,1.3973,1.3909,1.396,160931.07
2026-07-24 21:40:00,1.396,1.3997,1.3942,1.3975,13136.67
2026-07-24 21:45:00,1.3975,1.3996,1.3932,1.3988,18740.97
2026-07-24 21:50:00,1.3988,1.3995,1.3968,1.3992,38899.1
2026-07-24 21:55:00,1.3992,1.4015,1.3991,1.4013,36524.01
2026-07-24 22:00:00,1.4013,1.4019,1.3988,1.3994,29552.13
2026-07-24 22:05:00,1.3994,1.4035,1.3936,1.4024,198.43
2026-07-24 22:10:00,1.4024,1.4045,1.4015,1.4024,7202.42
2026-07-24 22:15:00,1.4024,1.4047,1.3984,1.4001,2464.46
2026-07-24 22:20:00,1.4001,1.401,1.3976,1.3994,38495.61
2026-07-24 22:25:00,1.3994,1.4024,1.3989,1.4016,12494.88
2026-07-24 22:30:00,1.4016,1.4026,1.4004,1.4011,18808.93
2026-07-24 22:35:00,1.4011,1.4051,1.3984,1.404,41858.65
2026-07-24 22:40:00,1.404,1.4069,1.4036,1.4061,122392.09
2026-07-24 22:45:00,1.4061,1.4072,1.4048,1.4053,33555.04
2026-07-24 22:50:00,1.4053,1.4056,1.4033,1.4042,2732.74
2026-07-24 22:55:00,1.4042,1.4048,1.4013,1.402,78650.23
2026-07-24 23:00:00,1.402,1.4054,1.3986,1.3989,215965.8
2026-07-24 23:05:00,1.3989,1.4003,1.3932,1.396,3050.28
2026-07-24 23:10:00,1.396,1.4009,1.3928,1.3998,43886.86
2026-07-24 23:15:00,1.3998,1.4003,1.3963,1.3978,90291.52
2026-07-24 23:20:00,1.3978,1.3995,1.397,1.3991,16200.72
2026-07-24 23:25:00,1.3991,1.4022,1.3977,1.4017,127194.78
2026-07-24 23:30:00,1.4017,1.4032,1.399,1.3993,7837.67
2026-07-24 23:35:00,1.3993,1.4025,1.3988,1.4018,14304.34
2026-07-24 23:40:00,1.4018,1.4034,1.3996,1.4001,15905.57
2026-07-24 23:45:00,1.4001,1.4012,1.3952,1.3963,10423.82
2026-07-24 23:50:00,1.3963,1.3973,1.3959,1.3964,11164.0
2026-07-24 23:55:00,1.3964,1.3982,1.3927,1.3948,28913.09
2026-07-25 00:00:00,1.3948,1.3984,1.3931,1.3969,19034.31
2026-07-25 00:05:00,1.3969,1.3995,1.3956,1.3963,9356.41
2026-07-25 00:10:00,1.3963,1.4009,1.3955,1.4002,49610.11
2026-07-25 00:15:00,1.4002,1.4038,1.3998,1.4022,5372.86
2026-07-25 00:20:00,1.4022,1.4044,1.4014,1.4015,64955.25
2026-07-25 00:25:00,1.4015,1.4037,1.4011,1.4036,127384.28
2026-07-25 00:30:00,1.4036,1.406,1.4014,1.4047,12215.47
2026-07-25 00:35:00,1.4047,1.4055,1.4024,1.4024,137991.8
2026-07-25 00:40:00,1.4024,1.4037,1.401,1.4036,12707.92
2026-07-25 00:45:00,1.4036,1.4038,1.4023,1.4025,6194.24
2026-07-25 00:50:00,1.4025,1.4049,1.4021,1.4039,25749.33
2026-07-25 00:55:00,1.4039,1.4045,1.4006,1.4036,24889.44
2026-07-25 01:00:00,1.4036,1.4076,1.4036,1.4066,128713.15
2026-07-25 01:05:00,1.4066,1.4087,1.4053,1.4085,52740.42
2026-07-25 01:10:00,1.4085,1.4116,1.4071,1.4098,84912.03
2026-07-25 01:15:00,1.4098,1.4146,1.406,1.4067,68119.92
2026-07-25 01:20:00,1.4067,1.4088,1.4061,1.4077,18154.04
2026-07-25 01:25:00,1.4077,1.4078,1.4059,1.4071,64569.25
2026-07-25 01:30:00,1.4071,1.4099,1.4071,1.4096,13222.7
2026-07-25 01:35:00,1.4096,1.4107,1.4076,1.4085,108512.69
2026-07-25 01:40:00,1.4085,1.4146,1.4057,1.4133,1222.67
2026-07-25 01:45:00,1.4133,1.4145,1.4112,1.4126,32442.96
2026-07-25 01:50:00,1.4126,1.416,1.4087,1.4098,258042.34
2026-07-25 01:55:00,1.4098,1.4156,1.4064,1.4072,307965.72
2026-07-25 02:00:00,1.4072,1.408,1.4072,1.4075,14630.72
2026-07-25 02:05:00,1.4075,1.4119,1.4066,1.4118,76463.99
2026-07-25 02:10:00,1.4118,1.4162,1.4095,1.4135,19698.26
2026-07-25 02:15:00,1.4135,1.4188,1.4088,1.4093,1039869.63
2026-07-25 02:20:00,1.4093,1.4139,1.4071,1.4081,54202.26
2026-07-25 02:25:00,1.4081,1.4089,1.402,1.4038,92184.48
2026-07-25 02:30:00,1.4038,1.406,1.4028,1.4052,15112.02
2026-07-25 02:35:00,1.4052,1.407,1.4052,1.4063,21000.51
2026-07-25 02:40:00,1.4063,1.4079,1.4052,1.4064,50872.93
2026-07-25 02:45:00,1.4064,1.4109,1.4056,1.4085,155651.78
2026-07-25 02:50:00,1.4085,1.4098,1.4064,1.4079,2738.39
2026-07-25 02:55:00,1.4079,1.4092,1.4059,1.4092,5301.47
2026-07-25 03:00:00,1.4092,1.4099,1.4082,1.4091,82501.56
2026-07-25 03:05:00,1.4091,1.4104,1.4066,1.4079,73764.94
2026-07-25 03:10:00,1.4079,1.4116,1.4062,1.4071,29302.62
2026-07-25 03:15:00,1.4071,1.409,1.4053,1.4055,2105.95
2026-07-25 03:20:00,1.4055,1.4071,1.4,1.4013,107579.39
2026-07-25 03:25:00,1.4013,1.4054,1.4004,1.4031,56385.38
2026-07-25 03:30:00,1.4031,1.4044,1.4013,1.4043,16963.88
2026-07-25 03:35:00,1.4043,1.4066,1.4007,1.4007,8367.29
2026-07-25 03:40:00,1.4007,1.4022,1.4001,1.4017,149045.96
2026-07-25 03:45:00,1.4017,1.4025,1.3985,1.3993,7977.73
2026-07-25 03:50:00,1.3993,1.4049,1.399,1.4032,56870.7
2026-07-25 03:55:00,1.4032,1.4085,1.4027,1.4075,5429.79
2026-07-25 04:00:00,1.4075,1.411,1.4052,1.4103,10192.18
2026-07-25 04:05:00,1.4103,1.4108,1.4079,1.4087,27690.2
2026-07-25 04:10:00,1.4087,1.4105,1.4076,1.4097,7461.73
2026-07-25 04:15:00,1.4097,1.4103,1.4094,1.4095,4145.32
2026-07-25 04:20:00,1.4095,1.4112,1.4075,1.4083,66923.02
2026-07-25 04:25:00,1.4083,1.4113,1.4075,1.4094,74030.84
2026-07-25 04:30:00,1.4094,1.412,1.4077,1.4105,27714.55
2026-07-25 04:35:00,1.4105,1.4136,1.4103,1.4113,20503.58
2026-07-25 04:40:00,1.4113,1.4122,1.4087,1.409,122956.06
2026-07-25 04:45:00,1.409,1.4103,1.4073,1.41,96710.79
2026-07-25 04:50:00,1.41,1.4132,1.4069,1.4085,35956.2
2026-07-25 04:55:00,1.4085,1.4096,1.4045,1.4054,41582.76
2026-07-25 05:00:00,1.4054,1.4057,1.4033,1.4039,13236.25
2026-07-25 05:05:00,1.4039,1.4062,1.4003,1.4016,19203.78
2026-07-25 05:10:00,1.4016,1.4023,1.3978,1.3996,18766.59
2026-07-25 05:15:00,1.3996,1.3999,1.3984,1.3992,147636.08
2026-07-25 05:20:00,1.3992,1.4013,1.3962,1.399,132422.27
2026-07-25 05:25:00,1.399,1.3996,1.394,1.395,180662.51
2026-07-25 05:30:00,1.395,1.3982,1.3915,1.3976,23974.82
2026-07-25 05:35:00,1.3976,1.4039,1.3969,1.403,11819.98
2026-07-25 05:40:00,1.403,1.4071,1.4025,1.4052,60409.86
2026-07-25 05:45:00,1.4052,1.407,1.4021,1.4066,69302.78
2026-07-25 05:50:00,1.4066,1.4094,1.4036,1.4049,101010.71
2026-07-25 05:55:00,1.4049,1.4081,1.4042,1.4069,73360.4
2026-07-25 06:00:00,1.4069,1.4069,1.4041,1.4049,66713.79
2026-07-25 06:05:00,1.4049,1.4067,1.4009,1.4036,43989.39
2026-07-25 06:10:00,1.4036,1.4042,1.3998,1.4006,10607.22
2026-07-25 06:15:00,1.4006,1.4057,1.4005,1.4054,5841.92
2026-07-25 06:20:00,1.4054,1.4074,1.4048,1.4067,149160.12
2026-07-25 06:25:00,1.4067,1.4086,1.406,1.4083,296152.53
2026-07-25 06:30:00,1.4083,1.4128,1.4081,1.4119,84778.9
2026-07-25 06:35:00,1.4119,1.4133,1.4075,1.4094,2308.66
2026-07-25 06:40:00,1.4094,1.4151,1.4093,1.4128,25215.92
2026-07-25 06:45:00,1.4128,1.4166,1.4102,1.4115,11699.31
2026-07-25 06:50:00,1.4115,1.4136,1.4112,1.4128,29596.33
2026-07-25 06:55:00,1.4128,1.4155,1.4106,1.4116,111899.08
2026-07-25 07:00:00,1.4116,1.4145,1.4079,1.4093,243422.64
2026-07-25 07:05:00,1.4093,1.4107,1.4092,1.4105,65144.37
2026-07-25 07:10:00,1.4105,1.4133,1.4087,1.4095,68225.09
2026-07-25 07:15:00,1.4095,1.4143,1.4086,1.4113,27695.0
2026-07-25 07:20:00,1.4113,1.4117,1.4088,1.4098,58986.19
2026-07-25 07:25:00,1.4098,1.4129,1.4092,1.4119,60568.96
2026-07-25 07:30:00,1.4119,1.4148,1.4074,1.408,162471.11
2026-07-25 07:35:00,1.408,1.4105,1.4067,1.4076,20729.03
2026-07-25 07:40:00,1.4076,1.412,1.406,1.4105,83772.47
2026-07-25 07:45:00,1.4105,1.4111,1.4078,1.4097,86036.0
2026-07-25 07:50:00,1.4097,1.4142,1.4085,1.4126,22838.81
2026-07-25 07:55:00,1.4126,1.4174,1.4088,1.4096,4818.38
2026-07-25 08:00:00,1.4096,1.411,1.4069,1.4073,16537.84
2026-07-25 08:05:00,1.4073,1.4127,1.4064,1.412,274.34
2026-07-25 08:10:00,1.412,1.4161,1.4066,1.4078,87324.23
2026-07-25 08:15:00,1.4078,1.4129,1.4058,1.4106,34851.07
2026-07-25 08:20:00,1.4106,1.4119,1.4082,1.4104,106444.11
2026-07-25 08:25:00,1.4104,1.4146,1.4086,1.4092,82631.77
2026-07-25 08:30:00,1.4092,1.41,1.4058,1.4074,25643.11
2026-07-25 08:35:00,1.4074,1.4081,1.4073,1.4077,92064.27
2026-07-25 08:40:00,1.4077,1.4081,1.407,1.4079,116946.13
2026-07-25 08:45:00,1.4079,1.4086,1.404,1.4055,3951.1
2026-07-25 08:50:00,1.4055,1.4056,1.4016,1.4041,5360.63
2026-07-25 08:55:00,1.4041,1.4075,1.4008,1.4064,91614.06
2026-07-25 09:00:00,1.4064,1.41,1.4057,1.4079,29178.3
2026-07-25 09:05:00,1.4079,1.4108,1.4047,1.4067,29279.14
2026-07-25 09:10:00,1.4067,1.4072,1.4018,1.4043,25989.84
2026-07-25 09:15:00,1.4043,1.4055,1.3998,1.4006,56328.65
2026-07-25 09:20:00,1.4006,1.4022,1.4002,1.4016,21491.39
2026-07-25 09:25:00,1.4016,1.4032,1.4004,1.4031,68581.75
2026-07-25 09:30:00,1.4031,1.4035,1.4,1.4012,110194.45
2026-07-25 09:35:00,1.4012,1.4012,1.3983,1.3986,109264.98
2026-07-25 09:40:00,1.3986,1.402,1.3976,1.4017,28524.53
2026-07-25 09:45:00,1.4017,1.4025,1.3993,1.4008,30747.58
2026-07-25 09:50:00,1.4008,1.4031,1.3983,1.401,19479.17
2026-07-25 09:55:00,1.401,1.4042,1.399,1.4031,6531.51
2026-07-25 10:00:00,1.4031,1.4083,1.4019,1.4079,1133.46
2026-07-25 10:05:00,1.4079,1.4097,1.4057,1.4062,54425.32
2026-07-25 10:10:00,1.4062,1.4066,1.405,1.4056,16101.46
2026-07-25 10:15:00,1.4056,1.4064,1.4034,1.4054,40330.67
2026-07-25 10:20:00,1.4054,1.4116,1.4039,1.41,20101.04
2026-07-25 10:25:00,1.41,1.4121,1.4083,1.4097,27538.1
2026-07-25 10:30:00,1.4097,1.4116,1.4079,1.411,82659.12
2026-07-25 10:35:00,1.411,1.4177,1.409,1.4122,17393.17
2026-07-25 10:40:00,1.4122,1.4129,1.4081,1.4089,112748.5
2026-07-25 10:45:00,1.4089,1.4126,1.4079,1.4111,5833.05
2026-07-25 10:50:00,1.4111,1.4148,1.4111,1.4147,34099.98
2026-07-25 10:55:00,1.4147,1.4196,1.4103,1.4116,179640.85
2026-07-25 11:00:00,1.4116,1.4141,1.4084,1.4106,50813.27
2026-07-25 11:05:00,1.4106,1.4142,1.4091,1.4123,1971.01
2026-07-25 11:10:00,1.4123,1.4137,1.4116,1.4118,67610.18
2026-07-25 11:15:00,1.4118,1.4153,1.41,1.4146,22842.14
2026-07-25 11:20:00,1.4146,1.4151,1.4088,1.4109,47836.22
2026-07-25 11:25:00,1.4109,1.4122,1.4069,1.4084,31436.53
2026-07-25 11:30:00,1.4084,1.41,1.4077,1.408,3560.59
2026-07-25 11:35:00,1.408,1.4099,1.4063,1.4071,55519.97
2026-07-25 11:40:00,1.4071,1.4087,1.4039,1.4062,83968.36
2026-07-25 11:45:00,1.4062,1.4063,1.4037,1.4048,42582.52
2026-07-25 11:50:00,1.4048,1.4062,1.3983,1.3995,66602.25
2026-07-25 11:55:00,1.3995,1.4051,1.3986,1.4027,52324.6
2026-07-25 12:00:00,1.4027,1.407,1.4015,1.406,56685.32
2026-07-25 12:05:00,1.406,1.4083,1.4047,1.4075,179851.78
2026-07-25 12:10:00,1.4075,1.4125,1.406,1.4119,3358.22
2026-07-25 12:15:00,1.4119,1.4144,1.4092,1.4107,96280.17
2026-07-25 12:20:00,1.4107,1.4152,1.4103,1.413,8469.19
2026-07-25 12:25:00,1.413,1.4138,1.412,1.413,58706.71
2026-07-25 12:30:00,1.413,1.4131,1.4093,1.4121,16818.99
2026-07-25 12:35:00,1.4121,1.4131,1.4114,1.4131,38214.73
2026-07-25 12:40:00,1.4131,1.4148,1.4109,1.4119,43317.82
2026-07-25 12:45:00,1.4119,1.4138,1.4089,1.4094,8405.02
2026-07-25 12:50:00,1.4094,1.4096,1.4058,1.4066,50545.13
2026-07-25 12:55:00,1.4066,1.4083,1.405,1.4081,2852.43
2026-07-25 13:00:00,1.4081,1.4097,1.4074,1.4097,13265.02
2026-07-25 13:05:00,1.4097,1.4109,1.4094,1.4106,10.0
2026-07-25 13:10:00,1.4106,1.412,1.4071,1.4115,53020.06
2026-07-25 13:15:00,1.4115,1.4171,1.4104,1.4157,46791.05
2026-07-25 13:20:00,1.4157,1.4193,1.4109,1.4116,102715.41
2026-07-25 13:25:00,1.4116,1.4146,1.4113,1.4126,7933.25
2026-07-25 13:30:00,1.4126,1.4136,1.4123,1.4126,10622.64
2026-07-25 13:35:00,1.4126,1.4171,1.4089,1.4098,108122.45
2026-07-25 13:40:00,1.4098,1.411,1.4085,1.4086,74611.85
2026-07-25 13:45:00,1.4086,1.4119,1.4082,1.4116,23104.38
2026-07-25 13:50:00,1.4116,1.4139,1.4115,1.4134,74922.05
2026-07-25 13:55:00,1.4134,1.4192,1.4085,1.4097,16796.19
2026-07-25 14:00:00,1.4097,1.4139,1.4095,1.4133,43788.74
2026-07-25 14:05:00,1.4133,1.4166,1.4102,1.4108,122028.34
2026-07-25 14:10:00,1.4108,1.4134,1.4078,1.4109,8008.6
2026-07-25 14:15:00,1.4109,1.4115,1.4096,1.4097,72720.25
2026-07-25 14:20:00,1.4097,1.4125,1.4097,1.4098,26265.15
2026-07-25 14:25:00,1.4098,1.4137,1.4086,1.4112,19093.84
2026-07-25 14:30:00,1.4112,1.4133,1.4098,1.4121,20745.86
2026-07-25 14:35:00,1.4121,1.4142,1.4105,1.4109,56842.24
2026-07-25 14:40:00,1.4109,1.4118,1.4093,1.4105,70096.78
2026-07-25 14:45:00,1.4105,1.414,1.4092,1.4138,4121.71
2026-07-25 14:50:00,1.4138,1.4194,1.41,1.4109,264518.85
2026-07-25 14:55:00,1.4109,1.4147,1.4107,1.4138,117009.46
2026-07-25 15:00:00,1.4138,1.414,1.4089,1.4114,133542.86
2026-07-25 15:05:00,1.4114,1.4145,1.4107,1.4128,4480.51
2026-07-25 15:10:00,1.4128,1.4178,1.409,1.4097,528726.71
2026-07-25 15:15:00,1.4097,1.4121,1.4086,1.4119,191123.05
2026-07-25 15:20:00,1.4119,1.417,1.4101,1.4106,222376.68
2026-07-25 15:25:00,1.4106,1.413,1.4078,1.4097,31246.69
2026-07-25 15:30:00,1.4097,1.4114,1.4089,1.4114,209199.12
2026-07-25 15:35:00,1.4114,1.4142,1.4081,1.4091,46982.09
2026-07-25 15:40:00,1.4091,1.4104,1.4064,1.4096,99836.4
2026-07-25 15:45:00,1.4096,1.4121,1.404,1.406,113304.74
2026-07-25 15:50:00,1.406,1.4084,1.4056,1.4071,67593.67
2026-07-25 15:55:00,1.4071,1.412,1.4048,1.4103,16008.32
2026-07-25 16:00:00,1.4103,1.4148,1.41,1.4134,31717.0
2026-07-25 16:05:00,1.4134,1.4151,1.4109,1.4128,150880.76
2026-07-25 16:10:00,1.4128,1.4154,1.4093,1.4103,33353.49
2026-07-25 16:15:00,1.4103,1.4129,1.4073,1.4124,706.7
2026-07-25 16:20:00,1.4124,1.4127,1.4111,1.4114,21644.65
2026-07-25 16:25:00,1.4114,1.4133,1.4084,1.4107,4052.65
2026-07-25 16:30:00,1.4107,1.4127,1.408,1.4095,50619.25
2026-07-25 16:35:00,1.4095,1.4102,1.4071,1.4091,92745.99
2026-07-25 16:40:00,1.4091,1.4099,1.4084,1.4088,20670.57
2026-07-25 16:45:00,1.4088,1.4102,1.4078,1.4102,61979.52
2026-07-25 16:50:00,1.4102,1.4131,1.4071,1.4082,60406.85
2026-07-25 16:55:00,1.4082,1.4115,1.4051,1.4102,23699.51
2026-07-25 17:00:00,1.4102,1.4124,1.4098,1.4111,65828.26
2026-07-25 17:05:00,1.4111,1.4127,1.4103,1.4113,5194.46
2026-07-25 17:10:00,1.4113,1.4172,1.4112,1.4164,6372.48
2026-07-25 17:15:00,1.4164,1.4186,1.4129,1.4148,201347.83
2026-07-25 17:20:00,1.4148,1.4195,1.4104,1.4118,238380.2
2026-07-25 17:25:00,1.4118,1.4121,1.4084,1.4086,25234.82
2026-07-25 17:30:00,1.4086,1.41,1.4085,1.4087,53468.14
2026-07-25 17:35:00,1.4087,1.4099,1.4077,1.4097,55521.63
2026-07-25 17:40:00,1.4097,1.4113,1.4086,1.4103,2988.3
2026-07-25 17:45:00,1.4103,1.4127,1.4086,1.4119,64479.21
2026-07-25 17:50:00,1.4119,1.4126,1.4105,1.4115,61322.2
2026-07-25 17:55:00,1.4115,1.4123,1.4094,1.4111,66895.91
2026-07-25 18:00:00,1.4111,1.4117,1.409,1.409,19954.48
2026-07-25 18:05:00,1.409,1.4158,1.4069,1.4142,8076.41
2026-07-25 18:10:00,1.4142,1.4156,1.4103,1.4121,59270.26
2026-07-25 18:15:00,1.4121,1.4141,1.4109,1.4122,638.69
2026-07-25 18:20:00,1.4122,1.4153,1.4119,1.4133,8690.44
2026-07-25 18:25:00,1.4133,1.4166,1.4073,1.4099,30631.04
2026-07-25 18:30:00,1.4099,1.4124,1.4083,1.4102,46282.94
2026-07-25 18:35:00,1.4102,1.4113,1.4095,1.4103,16613.12
2026-07-25 18:40:00,1.4103,1.4114,1.4064,1.4084,56861.51
2026-07-25 18:45:00,1.4084,1.4089,1.4068,1.4081,32125.37
2026-07-25 18:50:00,1.4081,1.4133,1.4067,1.4127,82745.72
2026-07-25 18:55:00,1.4127,1.4163,1.4109,1.4149,66092.1
2026-07-25 19:00:00,1.4149,1.4151,1.4129,1.4136,3788.96
2026-07-25 19:05:00,1.4136,1.4169,1.4085,1.4099,108832.36
2026-07-25 19:10:00,1.4099,1.4106,1.408,1.4081,82452.11
2026-07-25 19:15:00,1.4081,1.4109,1.405,1.4054,86607.18
2026-07-25 19:20:00,1.4054,1.4092,1.4041,1.4091,48219.18
2026-07-25 19:25:00,1.4091,1.4124,1.4089,1.4117,64900.09
2026-07-25 19:30:00,1.4117,1.412,1.4113,1.4119,57407.3
2026-07-25 19:35:00,1.4119,1.4139,1.4107,1.4129,23519.09
2026-07-25 19:40:00,1.4129,1.4151,1.4102,1.4129,46240.45
2026-07-25 19:45:00,1.4129,1.4171,1.4112,1.4168,10451.52
2026-07-25 19:50:00,1.4168,1.423,1.4118,1.4129,410959.9
2026-07-25 19:55:00,1.4129,1.4151,1.4104,1.4139,19655.9
2026-07-25 20:00:00,1.4139,1.4179,1.4126,1.4169,1909.37
2026-07-25 20:05:00,1.4169,1.4169,1.4163,1.4165,142181.05
2026-07-25 20:10:00,1.4165,1.4167,1.4134,1.4138,27604.41
2026-07-25 20:15:00,1.4138,1.4143,1.413,1.4142,71582.03
2026-07-25 20:20:00,1.4142,1.4164,1.4126,1.4138,14871.22
2026-07-25 20:25:00,1.4138,1.4167,1.4091,1.4099,337012.31
2026-07-25 20:30:00,1.4099,1.4123,1.4076,1.4106,89432.37
2026-07-25 20:35:00,1.4106,1.4143,1.4092,1.4142,7061.57
2026-07-25 20:40:00,1.4142,1.4186,1.4131,1.4157,71153.37
2026-07-25 20:45:00,1.4157,1.4167,1.4148,1.4158,51090.68
2026-07-25 20:50:00,1.4158,1.4187,1.4152,1.4169,77859.28
2026-07-25 20:55:00,1.4169,1.4188,1.4165,1.4187,4545.92
2026-07-25 21:00:00,1.4187,1.4233,1.4174,1.4219,37405.67
2026-07-25 21:05:00,1.4219,1.4237,1.4216,1.4234,48107.19
2026-07-25 21:10:00,1.4234,1.4258,1.4201,1.4211,160632.41
2026-07-25 21:15:00,1.4211,1.4234,1.4203,1.4217,12059.97
2026-07-25 21:20:00,1.4217,1.4265,1.4172,1.4182,75065.18
2026-07-25 21:25:00,1.4182,1.4221,1.4164,1.4207,35143.74
2026-07-25 21:30:00,1.4207,1.4208,1.4178,1.4197,24318.56
2026-07-25 21:35:00,1.4197,1.4211,1.4194,1.4206,87230.91
2026-07-25 21:40:00,1.4206,1.4224,1.4174,1.4189,110054.61
2026-07-25 21:45:00,1.4189,1.4245,1.416,1.417,15619.3
2026-07-25 21:50:00,1.417,1.4171,1.4131,1.4148,42229.83
2026-07-25 21:55:00,1.4148,1.4194,1.4139,1.4186,8069.72
2026-07-25 22:00:00,1.4186,1.4198,1.416,1.4178,12003.22
2026-07-25 22:05:00,1.4178,1.419,1.4169,1.4187,14645.73
2026-07-25 22:10:00,1.4187,1.4218,1.4154,1.416,2455.7
2026-07-25 22:15:00,1.416,1.4218,1.412,1.4132,41440.69
2026-07-25 22:20:00,1.4132,1.4154,1.4131,1.415,4366.84
2026-07-25 22:25:00,1.415,1.4165,1.4129,1.4151,91961.69
2026-07-25 22:30:00,1.4151,1.4192,1.412,1.4126,699976.48
2026-07-25 22:35:00,1.4126,1.4155,1.4123,1.4152,210546.56
2026-07-25 22:40:00,1.4152,1.4178,1.4134,1.4176,26168.52
2026-07-25 22:45:00,1.4176,1.4188,1.4123,1.4143,55455.98
2026-07-25 22:50:00,1.4143,1.4168,1.4143,1.4154,3841.63
2026-07-25 22:55:00,1.4154,1.4166,1.4148,1.4152,18838.66
2026-07-25 23:00:00,1.4152,1.4205,1.4124,1.4182,38366.69
2026-07-25 23:05:00,1.4182,1.4192,1.4177,1.4182,2344.48
2026-07-25 23:10:00,1.4182,1.4201,1.4165,1.4172,13570.56
2026-07-25 23:15:00,1.4172,1.4214,1.4128,1.4132,202744.98
2026-07-25 23:20:00,1.4132,1.4134,1.4106,1.4111,6639.09
2026-07-25 23:25:00,1.4111,1.4132,1.4085,1.4099,41281.46
2026-07-25 23:30:00,1.4099,1.4149,1.4097,1.412,80501.83
2026-07-25 23:35:00,1.412,1.413,1.4115,1.413,13840.33
2026-07-25 23:40:00,1.413,1.4144,1.4105,1.4127,33833.17
2026-07-25 23:45:00,1.4127,1.413,1.4093,1.4117,7772.03
2026-07-25 23:50:00,1.4117,1.4132,1.4095,1.4096,63365.94
2026-07-25 23:55:00,1.4096,1.4108,1.4047,1.4062,96398.19
2026-07-26 00:00:00,1.4062,1.408,1.4051,1.4064,93604.58
2026-07-26 00:05:00,1.4064,1.4098,1.4025,1.4092,279964.31
2026-07-26 00:10:00,1.4092,1.4104,1.409,1.4091,12351.55
2026-07-26 00:15:00,1.4091,1.4137,1.4058,1.4123,286495.05
2026-07-26 00:20:00,1.4123,1.4152,1.4115,1.4138,36273.14
2026-07-26 00:25:00,1.4138,1.4183,1.4135,1.4168,83323.12
2026-07-26 00:30:00,1.4168,1.4173,1.4154,1.4164,195479.63
2026-07-26 00:35:00,1.4164,1.4186,1.4143,1.4175,77254.55
2026-07-26 00:40:00,1.4175,1.4195,1.4171,1.4174,61465.36
2026-07-26 00:45:00,1.4174,1.4193,1.4171,1.419,103181.25
2026-07-26 00:50:00,1.419,1.4209,1.4125,1.4132,4570.65
2026-07-26 00:55:00,1.4132,1.4173,1.412,1.4155,22864.97
2026-07-26 01:00:00,1.4155,1.4175,1.4139,1.415,75252.62
2026-07-26 01:05:00,1.415,1.4217,1.4146,1.418,26633.69
2026-07-26 01:10:00,1.418,1.4194,1.4164,1.419,66949.35
2026-07-26 01:15:00,1.419,1.4218,1.4171,1.419,23152.57
2026-07-26 01:20:00,1.419,1.4232,1.4174,1.4228,43961.24
2026-07-26 01:25:00,1.4228,1.4236,1.4207,1.4218,49978.83
2026-07-26 01:30:00,1.4218,1.426,1.4181,1.4188,141859.9
2026-07-26 01:35:00,1.4188,1.423,1.4157,1.4213,38282.97
2026-07-26 01:40:00,1.4213,1.4244,1.4202,1.4241,120691.28
2026-07-26 01:45:00,1.4241,1.4244,1.4208,1.4212,210366.74
2026-07-26 01:50:00,1.4212,1.4256,1.4204,1.4222,37727.64
2026-07-26 01:55:00,1.4222,1.4285,1.4196,1.4209,165544.98
2026-07-26 02:00:00,1.4209,1.4231,1.4176,1.4184,124548.68
2026-07-26 02:05:00,1.4184,1.4189,1.4156,1.4163,5574.28
2026-07-26 02:10:00,1.4163,1.4163,1.415,1.4163,43120.04
2026-07-26 02:15:00,1.4163,1.4171,1.4121,1.413,16125.6
2026-07-26 02:20:00,1.413,1.4172,1.413,1.4157,13654.9
2026-07-26 02:25:00,1.4157,1.4168,1.4118,1.4122,12983.08
2026-07-26 02:30:00,1.4122,1.419,1.4114,1.4178,90575.98
2026-07-26 02:35:00,1.4178,1.4199,1.4129,1.4152,77287.28
2026-07-26 02:40:00,1.4152,1.4168,1.4138,1.4167,60223.96
2026-07-26 02:45:00,1.4167,1.417,1.4137,1.4153,109090.97
2026-07-26 02:50:00,1.4153,1.4173,1.4149,1.4172,1032.9
2026-07-26 02:55:00,1.4172,1.4174,1.4168,1.4172,334.64
2026-07-26 03:00:00,1.4172,1.4207,1.4168,1.4202,2328.67
2026-07-26 03:05:00,1.4202,1.4247,1.4191,1.4237,135855.33
2026-07-26 03:10:00,1.4237,1.4238,1.4208,1.4223,43036.21
2026-07-26 03:15:00,1.4223,1.4243,1.4207,1.421,55853.69
2026-07-26 03:20:00,1.421,1.4264,1.4206,1.4239,22686.22
2026-07-26 03:25:00,1.4239,1.4295,1.4187,1.42,57596.5
2026-07-26 03:30:00,1.42,1.4201,1.4171,1.4194,4863.08
2026-07-26 03:35:00,1.4194,1.4203,1.4189,1.4197,15502.29
2026-07-26 03:40:00,1.4197,1.4197,1.4162,1.4166,52501.64
2026-07-26 03:45:00,1.4166,1.4171,1.4149,1.4154,66806.35
2026-07-26 03:50:00,1.4154,1.416,1.4143,1.4147,80960.62
2026-07-26 03:55:00,1.4147,1.4174,1.4147,1.4169,26396.25
2026-07-26 04:00:00,1.4169,1.4181,1.4143,1.4171,40734.93
2026-07-26 04:05:00,1.4171,1.4185,1.4114,1.4139,181600.12
2026-07-26 04:10:00,1.4139,1.4192,1.4114,1.4181,6355.44
2026-07-26 04:15:00,1.4181,1.4203,1.4134,1.4139,53908.24
2026-07-26 04:20:00,1.4139,1.4143,1.4117,1.4118,25967.64
2026-07-26 04:25:00,1.4118,1.4131,1.4118,1.413,52492.93
2026-07-26 04:30:00,1.413,1.4151,1.4099,1.4103,29758.82
2026-07-26 04:35:00,1.4103,1.4153,1.4101,1.4136,110273.01
2026-07-26 04:40:00,1.4136,1.4143,1.4087,1.4095,220389.1
2026-07-26 04:45:00,1.4095,1.4113,1.4093,1.4095,51390.93
2026-07-26 04:50:00,1.4095,1.4132,1.4086,1.4128,70705.85
2026-07-26 04:55:00,1.4128,1.4133,1.4085,1.4108,37098.76
2026-07-26 05:00:00,1.4108,1.412,1.4103,1.4112,26803.91
2026-07-26 05:05:00,1.4112,1.4124,1.4088,1.4094,47976.13
2026-07-26 05:10:00,1.4094,1.4133,1.4055,1.4129,131679.44
2026-07-26 05:15:00,1.4129,1.4144,1.4104,1.411,64723.05
2026-07-26 05:20:00,1.411,1.4136,1.4078,1.4129,3707.01
2026-07-26 05:25:00,1.4129,1.4147,1.4117,1.4143,61484.6
2026-07-26 05:30:00,1.4143,1.4165,1.4116,1.4164,21841.04
2026-07-26 05:35:00,1.4164,1.4171,1.4112,1.4113,67572.74
2026-07-26 05:40:00,1.4113,1.4133,1.4061,1.4071,41477.36
2026-07-26 05:45:00,1.4071,1.4106,1.4049,1.4101,343303.25
2026-07-26 05:50:00,1.4101,1.4143,1.409,1.4139,44215.36
2026-07-26 05:55:00,1.4139,1.4184,1.4124,1.4181,8810.82
2026-07-26 06:00:00,1.4181,1.4208,1.4162,1.4164,127387.8
2026-07-26 06:05:00,1.4164,1.4204,1.4161,1.4195,2823.81
2026-07-26 06:10:00,1.4195,1.4201,1.4175,1.4175,13848.33
2026-07-26 06:15:00,1.4175,1.4201,1.417,1.4199,6447.18
2026-07-26 06:20:00,1.4199,1.4207,1.419,1.4203,54120.28
2026-07-26 06:25:00,1.4203,1.4224,1.4194,1.4221,48354.36
2026-07-26 06:30:00,1.4221,1.4246,1.418,1.419,61777.06
2026-07-26 06:35:00,1.419,1.4196,1.4157,1.4192,253171.62
2026-07-26 06:40:00,1.4192,1.4194,1.4168,1.4191,125333.95
2026-07-26 06:45:00,1.4191,1.4195,1.415,1.4168,106963.45
2026-07-26 06:50:00,1.4168,1.4197,1.4164,1.418,8046.99
2026-07-26 06:55:00,1.418,1.4192,1.4172,1.4175,79943.52
2026-07-26 07:00:00,1.4175,1.4202,1.416,1.4185,16424.44
2026-07-26 07:05:00,1.4185,1.4196,1.4165,1.4195,69641.06
2026-07-26 07:10:00,1.4195,1.4223,1.4194,1.421,31313.41
2026-07-26 07:15:00,1.421,1.4227,1.4196,1.4215,127742.19
2026-07-26 07:20:00,1.4215,1.4257,1.4167,1.4175,172894.74
2026-07-26 07:25:00,1.4175,1.4188,1.4133,1.4148,89741.58
2026-07-26 07:30:00,1.4148,1.4154,1.4141,1.415,50483.53
2026-07-26 07:35:00,1.415,1.4194,1.4138,1.419,94362.52
2026-07-26 07:40:00,1.419,1.4216,1.4176,1.418,9660.1
2026-07-26 07:45:00,1.418,1.4211,1.418,1.4211,39591.74
2026-07-26 07:50:00,1.4211,1.4228,1.4163,1.4166,116.57
2026-07-26 07:55:00,1.4166,1.4224,1.4158,1.4198,13482.9
2026-07-26 08:00:00,1.4198,1.4204,1.4164,1.4175,77241.81
2026-07-26 08:05:00,1.4175,1.4188,1.4155,1.4158,72889.08
2026-07-26 08:10:00,1.4158,1.4194,1.4151,1.4183,55394.85
2026-07-26 08:15:00,1.4183,1.4216,1.4171,1.4202,13883.11
2026-07-26 08:20:00,1.4202,1.4208,1.42,1.4205,124155.34
2026-07-26 08:25:00,1.4205,1.4221,1.417,1.4172,770.52
2026-07-26 08:30:00,1.4172,1.4173,1.4137,1.4148,10771.08
2026-07-26 08:35:00,1.4148,1.4153,1.411,1.4123,28679.97
2026-07-26 08:40:00,1.4123,1.4127,1.4094,1.41,11016.03
2026-07-26 08:45:00,1.41,1.4113,1.4088,1.4103,13816.72
2026-07-26 08:50:00,1.4103,1.414,1.4097,1.4137,60403.86
2026-07-26 08:55:00,1.4137,1.414,1.4099,1.4099,5553.18
2026-07-26 09:00:00,1.4099,1.413,1.4088,1.4115,33105.06
2026-07-26 09:05:00,1.4115,1.4125,1.4101,1.4125,47508.81
2026-07-26 09:10:00,1.4125,1.4158,1.411,1.4156,42349.74
2026-07-26 09:15:00,1.4156,1.4192,1.4152,1.4176,2636.29
2026-07-26 09:20:00,1.4176,1.4201,1.4176,1.4183,101830.53
2026-07-26 09:25:00,1.4183,1.4203,1.4176,1.4202,56310.27
2026-07-26 09:30:00,1.4202,1.4232,1.4154,1.4164,18175.47
2026-07-26 09:35:00,1.4164,1.4241,1.416,1.4233,9258.35
2026-07-26 09:40:00,1.4233,1.4245,1.4186,1.4207,52407.44
2026-07-26 09:45:00,1.4207,1.4242,1.4199,1.4227,6985.72
2026-07-26 09:50:00,1.4227,1.4275,1.4198,1.4212,88582.59
2026-07-26 09:55:00,1.4212,1.4265,1.4182,1.4187,379463.84
2026-07-26 10:00:00,1.4187,1.4193,1.4148,1.4154,87377.99
2026-07-26 10:05:00,1.4154,1.4163,1.4137,1.4149,3313.85
2026-07-26 10:10:00,1.4149,1.4159,1.4145,1.4156,17472.63
2026-07-26 10:15:00,1.4156,1.4197,1.4152,1.4194,208994.15
2026-07-26 10:20:00,1.4194,1.4251,1.4141,1.4153,143640.48
2026-07-26 10:25:00,1.4153,1.417,1.4083,1.4108,28509.57
2026-07-26 10:30:00,1.4108,1.4124,1.4053,1.4066,130184.85
2026-07-26 10:35:00,1.4066,1.4088,1.4055,1.4069,61955.43
2026-07-26 10:40:00,1.4069,1.4086,1.4028,1.4045,51583.21
2026-07-26 10:45:00,1.4045,1.4055,1.4,1.4005,7396.32
2026-07-26 10:50:00,1.4005,1.4037,1.3965,1.4032,20250.74
2026-07-26 10:55:00,1.4032,1.4042,1.4024,1.4041,118796.67
2026-07-26 11:00:00,1.4041,1.4049,1.4015,1.4026,40215.48
2026-07-26 11:05:00,1.4026,1.4037,1.4005,1.4016,95404.0
2026-07-26 11:10:00,1.4016,1.4048,1.3982,1.4042,248478.22
2026-07-26 11:15:00,1.4042,1.4058,1.4024,1.4026,106675.1
2026-07-26 11:20:00,1.4026,1.4036,1.4019,1.4025,51892.52
2026-07-26 11:25:00,1.4025,1.4049,1.3976,1.4041,320588.07
2026-07-26 11:30:00,1.4041,1.4088,1.4016,1.4077,540112.9
2026-07-26 11:35:00,1.4077,1.4087,1.406,1.4066,153628.81
2026-07-26 11:40:00,1.4066,1.4099,1.4062,1.4083,76983.25
2026-07-26 11:45:00,1.4083,1.4113,1.408,1.4094,70266.59
2026-07-26 11:50:00,1.4094,1.4125,1.4091,1.4109,14138.86
2026-07-26 11:55:00,1.4109,1.414,1.4101,1.4124,16818.52
2026-07-26 12:00:00,1.4124,1.4172,1.4104,1.4168,19965.08
2026-07-26 12:05:00,1.4168,1.4171,1.415,1.415,13171.74
2026-07-26 12:10:00,1.415,1.4157,1.4141,1.4151,11634.16
2026-07-26 12:15:00,1.4151,1.4156,1.4116,1.4127,29223.58
2026-07-26 12:20:00,1.4127,1.415,1.4068,1.4086,75868.27
2026-07-26 12:25:00,1.4086,1.4116,1.4076,1.4114,4396.07
2026-07-26 12:30:00,1.4114,1.412,1.4072,1.4079,47496.37
2026-07-26 12:35:00,1.4079,1.4087,1.4041,1.4052,1959.51
2026-07-26 12:40:00,1.4052,1.4081,1.4045,1.4069,7015.94
2026-07-26 12:45:00,1.4069,1.4124,1.4061,1.4107,6148.08
2026-07-26 12:50:00,1.4107,1.4126,1.4097,1.411,60879.21
2026-07-26 12:55:00,1.411,1.4142,1.4096,1.412,74474.26
2026-07-26 13:00:00,1.412,1.4128,1.412,1.4125,2786.72
2026-07-26 13:05:00,1.4125,1.4166,1.4111,1.4147,6428.85
2026-07-26 13:10:00,1.4147,1.4164,1.4137,1.4159,65810.79
2026-07-26 13:15:00,1.4159,1.419,1.4157,1.4189,128167.42
2026-07-26 13:20:00,1.4189,1.4204,1.4176,1.4197,62277.15
2026-07-26 13:25:00,1.4197,1.4225,1.4182,1.4214,36750.2
2026-07-26 13:30:00,1.4214,1.4216,1.4184,1.4198,35103.99
2026-07-26 13:35:00,1.4198,1.4213,1.4193,1.4211,51260.12
2026-07-26 13:40:00,1.4211,1.4269,1.4157,1.4171,375305.3
2026-07-26 13:45:00,1.4171,1.419,1.4166,1.4184,8462.7
2026-07-26 13:50:00,1.4184,1.4193,1.4141,1.4145,76776.07
2026-07-26 13:55:00,1.4145,1.4223,1.414,1.4207,13055.8
2026-07-26 14:00:00,1.4207,1.4216,1.4174,1.4192,1894.62
2026-07-26 14:05:00,1.4192,1.4245,1.4183,1.4243,49193.56
2026-07-26 14:10:00,1.4243,1.4243,1.423,1.4234,100004.24
2026-07-26 14:15:00,1.4234,1.4272,1.4231,1.4258,247740.9
2026-07-26 14:20:00,1.4258,1.4293,1.4234,1.4247,43063.99
2026-07-26 14:25:00,1.4247,1.4283,1.4234,1.4283,22278.9
2026-07-26 14:30:00,1.4283,1.4287,1.426,1.4264,19726.07
2026-07-26 14:35:00,1.4264,1.4279,1.426,1.4269,37909.18
2026-07-26 14:40:00,1.4269,1.4301,1.4256,1.43,19011.76
2026-07-26 14:45:00,1.43,1.4341,1.4247,1.4261,405859.94
2026-07-26 14:50:00,1.4261,1.4275,1.4251,1.4268,11068.38
2026-07-26 14:55:00,1.4268,1.427,1.4254,1.4267,5681.75
2026-07-26 15:00:00,1.4267,1.4288,1.4254,1.428,15442.01
2026-07-26 15:05:00,1.428,1.4309,1.4278,1.4306,52567.23
2026-07-26 15:10:00,1.4306,1.4333,1.4271,1.4284,111159.7
2026-07-26 15:15:00,1.4284,1.429,1.4272,1.4286,6769.11
2026-07-26 15:20:00,1.4286,1.4329,1.4239,1.4248,34584.78
2026-07-26 15:25:00,1.4248,1.4263,1.4205,1.4214,41806.05
2026-07-26 15:30:00,1.4214,1.4215,1.4169,1.4182,1055.84
2026-07-26 15:35:00,1.4182,1.4186,1.4151,1.4169,51131.55
2026-07-26 15:40:00,1.4169,1.4176,1.4157,1.4159,163009.9
2026-07-26 15:45:00,1.4159,1.4195,1.4151,1.4173,24316.03
2026-07-26 15:50:00,1.4173,1.4174,1.4154,1.4172,23468.74
2026-07-26 15:55:00,1.4172,1.4187,1.4156,1.4185,22690.59
2026-07-26 16:00:00,1.4185,1.4186,1.4178,1.4184,4781.1
2026-07-26 16:05:00,1.4184,1.4207,1.4161,1.4206,26636.4
2026-07-26 16:10:00,1.4206,1.4224,1.42,1.4224,11768.1
2026-07-26 16:15:00,1.4224,1.4262,1.4216,1.4248,116674.95
2026-07-26 16:20:00,1.4248,1.4252,1.4213,1.4223,12646.56
2026-07-26 16:25:00,1.4223,1.4236,1.419,1.421,59254.15
2026-07-26 16:30:00,1.421,1.4226,1.4181,1.4184,11319.82
2026-07-26 16:35:00,1.4184,1.4213,1.4182,1.4185,22095.63
2026-07-26 16:40:00,1.4185,1.4202,1.4156,1.4161,18115.34
2026-07-26 16:45:00,1.4161,1.4196,1.415,1.4174,177709.64
2026-07-26 16:50:00,1.4174,1.4197,1.4173,1.419,59592.54
2026-07-26 16:55:00,1.419,1.4191,1.4168,1.4179,87446.71
2026-07-26 17:00:00,1.4179,1.4213,1.4165,1.4199,5929.62
2026-07-26 17:05:00,1.4199,1.4212,1.4158,1.4159,100747.95
2026-07-26 17:10:00,1.4159,1.4169,1.4094,1.4099,18957.69
2026-07-26 17:15:00,1.4099,1.4117,1.4074,1.4085,56449.49
2026-07-26 17:20:00,1.4085,1.4099,1.4058,1.4065,46017.9
2026-07-26 17:25:00,1.4065,1.4107,1.4017,1.4094,93957.04
2026-07-26 17:30:00,1.4094,1.4124,1.4083,1.4123,23195.16
2026-07-26 17:35:00,1.4123,1.4174,1.4109,1.4165,66666.85
2026-07-26 17:40:00,1.4165,1.4192,1.4142,1.4182,24453.97
2026-07-26 17:45:00,1.4182,1.4196,1.4123,1.4143,18972.72
2026-07-26 17:50:00,1.4143,1.4147,1.4117,1.4138,27041.07
2026-07-26 17:55:00,1.4138,1.4192,1.4136,1.4171,111915.65
2026-07-26 18:00:00,1.4171,1.4207,1.4155,1.4192,111967.5
2026-07-26 18:05:00,1.4192,1.4197,1.4148,1.4168,57460.27
2026-07-26 18:10:00,1.4168,1.4176,1.4127,1.4152,64472.94
2026-07-26 18:15:00,1.4152,1.417,1.4135,1.4158,50074.91
2026-07-26 18:20:00,1.4158,1.4188,1.4128,1.4184,82424.34
2026-07-26 18:25:00,1.4184,1.4198,1.4183,1.4198,204406.83
2026-07-26 18:30:00,1.4198,1.426,1.4198,1.4248,25907.82
2026-07-26 18:35:00,1.4248,1.4281,1.4237,1.4277,45450.08
2026-07-26 18:40:00,1.4277,1.4304,1.4266,1.428,36872.1
2026-07-26 18:45:00,1.428,1.4286,1.4268,1.4275,75005.01
2026-07-26 18:50:00,1.4275,1.4285,1.4259,1.4273,68947.33
2026-07-26 18:55:00,1.4273,1.4326,1.4259,1.4305,15204.15
2026-07-26 19:00:00,1.4305,1.4322,1.4287,1.4288,46477.09
2026-07-26 19:05:00,1.4288,1.4298,1.4251,1.4261,124696.35
2026-07-26 19:10:00,1.4261,1.4287,1.424,1.4278,9781.41
2026-07-26 19:15:00,1.4278,1.433,1.423,1.4242,504237.34
2026-07-26 19:20:00,1.4242,1.4262,1.4223,1.4248,71077.51
2026-07-26 19:25:00,1.4248,1.4259,1.4226,1.4254,27003.45
2026-07-26 19:30:00,1.4254,1.427,1.4221,1.4229,716.9
2026-07-26 19:35:00,1.4229,1.4272,1.4217,1.4246,100129.64
2026-07-26 19:40:00,1.4246,1.4249,1.4235,1.4248,10855.44
2026-07-26 19:45:00,1.4248,1.4267,1.4205,1.4212,20608.86
2026-07-26 19:50:00,1.4212,1.4218,1.4206,1.4208,168831.04
2026-07-26 19:55:00,1.4208,1.4262,1.4186,1.4227,23106.28
2026-07-26 20:00:00,1.4227,1.4256,1.4217,1.4254,94105.76
2026-07-26 20:05:00,1.4254,1.4265,1.421,1.4229,72810.51
2026-07-26 20:10:00,1.4229,1.4255,1.4218,1.4245,7717.89
2026-07-26 20:15:00,1.4245,1.4251,1.42,1.4216,90835.64
2026-07-26 20:20:00,1.4216,1.4243,1.4212,1.4225,21715.19
2026-07-26 20:25:00,1.4225,1.4233,1.4204,1.4215,16996.03
2026-07-26 20:30:00,1.4215,1.4253,1.4212,1.4251,15528.06
2026-07-26 20:35:00,1.4251,1.4268,1.4231,1.4249,104239.66
2026-07-26 20:40:00,1.4249,1.4261,1.4223,1.4228,11998.58
2026-07-26 20:45:00,1.4228,1.4234,1.4214,1.422,5146.94
2026-07-26 20:50:00,1.422,1.424,1.4219,1.4225,8032.05
2026-07-26 20:55:00,1.4225,1.4232,1.4206,1.4207,3066.08
2026-07-26 21:00:00,1.4207,1.4215,1.4182,1.4185,23235.05
2026-07-26 21:05:00,1.4185,1.4202,1.4167,1.4201,20203.41
2026-07-26 21:10:00,1.4201,1.4221,1.4198,1.4208,25406.15
2026-07-26 21:15:00,1.4208,1.4258,1.42,1.425,91701.9
2026-07-26 21:20:00,1.425,1.4269,1.4212,1.4225,53570.06
2026-07-26 21:25:00,1.4225,1.4286,1.4218,1.4252,11420.76
2026-07-26 21:30:00,1.4252,1.4287,1.4215,1.4243,35796.03
2026-07-26 21:35:00,1.4243,1.4268,1.4226,1.4252,88911.81
2026-07-26 21:40:00,1.4252,1.4285,1.4245,1.4274,27689.92
2026-07-26 21:45:00,1.4274,1.4315,1.4265,1.4289,7578.34
2026-07-26 21:50:00,1.4289,1.4312,1.4281,1.4283,101235.67
2026-07-26 21:55:00,1.4283,1.4347,1.4254,1.4267,68855.27
2026-07-26 22:00:00,1.4267,1.431,1.4244,1.4287,53548.95
2026-07-26 22:05:00,1.4287,1.4325,1.4284,1.4322,54023.51
2026-07-26 22:10:00,1.4322,1.4363,1.4288,1.4298,274562.41
2026-07-26 22:15:00,1.4298,1.4349,1.4296,1.4326,42186.54
2026-07-26 22:20:00,1.4326,1.4352,1.4319,1.4345,10024.05
2026-07-26 22:25:00,1.4345,1.4387,1.4296,1.4306,112699.21
2026-07-26 22:30:00,1.4306,1.4369,1.428,1.4288,190885.27
2026-07-26 22:35:00,1.4288,1.4305,1.4259,1.4283,23574.15
2026-07-26 22:40:00,1.4283,1.4308,1.4258,1.4263,102393.4
2026-07-26 22:45:00,1.4263,1.4311,1.4259,1.4287,93343.95
2026-07-26 22:50:00,1.4287,1.4327,1.4274,1.4298,55944.74
2026-07-26 22:55:00,1.4298,1.4322,1.4284,1.432,77204.84
2026-07-26 23:00:00,1.432,1.4321,1.429,1.4303,36166.49
2026-07-26 23:05:00,1.4303,1.432,1.4289,1.4314,57923.48
2026-07-26 23:10:00,1.4314,1.4333,1.4289,1.4292,173812.02
2026-07-26 23:15:00,1.4292,1.4321,1.425,1.4259,306452.09
2026-07-26 23:20:00,1.4259,1.4266,1.4242,1.4243,3643.23
2026-07-26 23:25:00,1.4243,1.4256,1.4213,1.424,23132.11
2026-07-26 23:30:00,1.424,1.4247,1.4223,1.4226,14160.96
2026-07-26 23:35:00,1.4226,1.4229,1.4213,1.4225,93525.83
2026-07-26 23:40:00,1.4225,1.423,1.4209,1.4218,11961.09
2026-07-26 23:45:00,1.4218,1.4235,1.419,1.4191,46167.64
2026-07-26 23:50:00,1.4191,1.4219,1.4163,1.4211,413595.64
2026-07-26 23:55:00,1.4211,1.4258,1.4168,1.4249,211058.41
2026-07-27 00:00:00,1.4249,1.4271,1.4221,1.4261,10130.36
2026-07-27 00:05:00,1.4261,1.4281,1.4205,1.4215,7408.76
2026-07-27 00:10:00,1.4215,1.4272,1.4197,1.4253,50114.91
2026-07-27 00:15:00,1.4253,1.4256,1.4222,1.4226,26403.23
2026-07-27 00:20:00,1.4226,1.4263,1.4209,1.4237,153100.44
2026-07-27 00:25:00,1.4237,1.4262,1.4224,1.426,22262.04
2026-07-27 00:30:00,1.426,1.4273,1.422,1.4229,54309.29
2026-07-27 00:35:00,1.4229,1.4262,1.4215,1.425,4956.99
2026-07-27 00:40:00,1.425,1.428,1.4242,1.4272,93532.43
2026-07-27 00:45:00,1.4272,1.4294,1.426,1.4285,3366.2
2026-07-27 00:50:00,1.4285,1.4312,1.4279,1.4294,149171.09
2026-07-27 00:55:00,1.4294,1.4319,1.4271,1.4288,6739.87
2026-07-27 01:00:00,1.4288,1.4305,1.4262,1.43,25581.31
2026-07-27 01:05:00,1.43,1.4305,1.428,1.4287,23636.93
2026-07-27 01:10:00,1.4287,1.4322,1.4279,1.4315,78807.2
2026-07-27 01:15:00,1.4315,1.433,1.4275,1.4289,8963.15
2026-07-27 01:20:00,1.4289,1.4296,1.4273,1.4275,111728.97
2026-07-27 01:25:00,1.4275,1.4287,1.4255,1.428,240615.59
2026-07-27 01:30:00,1.428,1.4296,1.4276,1.428,72311.43
2026-07-27 01:35:00,1.428,1.4287,1.4256,1.426,29092.53
2026-07-27 01:40:00,1.426,1.4271,1.4235,1.4265,85930.44
2026-07-27 01:45:00,1.4265,1.428,1.4254,1.428,35657.9
2026-07-27 01:50:00,1.428,1.431,1.4274,1.4297,18445.62
2026-07-27 01:55:00,1.4297,1.4315,1.4295,1.4304,127691.97
2026-07-27 02:00:00,1.4304,1.4342,1.4284,1.4341,15082.88
2026-07-27 02:05:00,1.4341,1.4381,1.4315,1.4374,11526.25
2026-07-27 02:10:00,1.4374,1.4414,1.4337,1.4349,22596.84
2026-07-27 02:15:00,1.4349,1.4355,1.4333,1.4338,31.91
2026-07-27 02:20:00,1.4338,1.4377,1.4325,1.4352,13129.64
2026-07-27 02:25:00,1.4352,1.4391,1.4323,1.4328,54207.74
2026-07-27 02:30:00,1.4328,1.4374,1.4288,1.4296,46125.95
2026-07-27 02:35:00,1.4296,1.4308,1.4269,1.4288,18757.99
2026-07-27 02:40:00,1.4288,1.4296,1.4263,1.4277,69271.84
2026-07-27 02:45:00,1.4277,1.4295,1.4261,1.4289,58745.62
2026-07-27 02:50:00,1.4289,1.4314,1.4236,1.4253,20497.06
2026-07-27 02:55:00,1.4253,1.4274,1.4236,1.4266,100736.68
2026-07-27 03:00:00,1.4266,1.4269,1.4261,1.4265,8678.5
2026-07-27 03:05:00,1.4265,1.4272,1.4218,1.4242,44654.67
2026-07-27 03:10:00,1.4242,1.4247,1.4208,1.4215,50931.12
2026-07-27 03:15:00,1.4215,1.4235,1.4204,1.4227,151930.07
2026-07-27 03:20:00,1.4227,1.4232,1.4205,1.4208,25305.4
2026-07-27 03:25:00,1.4208,1.4239,1.4179,1.4234,116152.42
2026-07-27 03:30:00,1.4234,1.4245,1.4172,1.4173,17673.76
2026-07-27 03:35:00,1.4173,1.419,1.4169,1.4173,33697.89
2026-07-27 03:40:00,1.4173,1.4173,1.4149,1.4153,2740.96
2026-07-27 03:45:00,1.4153,1.4159,1.4102,1.4136,87025.11
2026-07-27 03:50:00,1.4136,1.4178,1.4098,1.4167,181324.82
2026-07-27 03:55:00,1.4167,1.4173,1.4149,1.4165,101917.38
2026-07-27 04:00:00,1.4165,1.4185,1.4159,1.4182,30919.95
2026-07-27 04:05:00,1.4182,1.4203,1.418,1.42,301111.02
2026-07-27 04:10:00,1.42,1.4222,1.4192,1.4219,39944.05
2026-07-27 04:15:00,1.4219,1.4221,1.4192,1.4195,109168.46
2026-07-27 04:20:00,1.4195,1.4205,1.4177,1.4185,14454.44
2026-07-27 04:25:00,1.4185,1.4231,1.417,1.4216,84675.26
2026-07-27 04:30:00,1.4216,1.4222,1.4145,1.4162,91447.88
2026-07-27 04:35:00,1.4162,1.4172,1.416,1.4171,206075.74
2026-07-27 04:40:00,1.4171,1.4206,1.4112,1.4196,13070.98
2026-07-27 04:45:00,1.4196,1.4198,1.4158,1.4168,120154.11
2026-07-27 04:50:00,1.4168,1.4175,1.4142,1.4146,34504.59
2026-07-27 04:55:00,1.4146,1.4169,1.4083,1.4165,217786.41
2026-07-27 05:00:00,1.4165,1.4217,1.4127,1.4205,24752.69
2026-07-27 05:05:00,1.4205,1.4225,1.4203,1.4224,213139.77
2026-07-27 05:10:00,1.4224,1.4227,1.4196,1.4204,13623.34
2026-07-27 05:15:00,1.4204,1.4225,1.4188,1.4216,45844.51
2026-07-27 05:20:00,1.4216,1.4231,1.4197,1.4206,4492.76
2026-07-27 05:25:00,1.4206,1.4219,1.4181,1.4217,26476.71
2026-07-27 05:30:00,1.4217,1.4237,1.4201,1.4227,3890.87
2026-07-27 05:35:00,1.4227,1.4235,1.4173,1.419,47321.52
2026-07-27 05:40:00,1.419,1.4229,1.4186,1.4225,41643.44
2026-07-27 05:45:00,1.4225,1.4254,1.4217,1.4217,55180.66
2026-07-27 05:50:00,1.4217,1.4242,1.421,1.423,59378.27
2026-07-27 05:55:00,1.423,1.4263,1.4208,1.425,98204.32
2026-07-27 06:00:00,1.425,1.4257,1.4219,1.4228,9230.33
2026-07-27 06:05:00,1.4228,1.4234,1.4195,1.4195,44986.06
2026-07-27 06:10:00,1.4195,1.4236,1.4139,1.4222,306677.29
2026-07-27 06:15:00,1.4222,1.4241,1.4209,1.4217,63559.69
2026-07-27 06:20:00,1.4217,1.4256,1.4216,1.4254,7022.55
2026-07-27 06:25:00,1.4254,1.4264,1.424,1.4245,46673.9
2026-07-27 06:30:00,1.4245,1.4252,1.4214,1.4221,31397.22
2026-07-27 06:35:00,1.4221,1.4248,1.4198,1.4246,19447.54
2026-07-27 06:40:00,1.4246,1.4258,1.4225,1.4237,17739.94
2026-07-27 06:45:00,1.4237,1.4258,1.4207,1.4216,3997.61
2026-07-27 06:50:00,1.4216,1.4227,1.4177,1.4183,72062.86
2026-07-27 06:55:00,1.4183,1.4234,1.418,1.4221,8753.12
2026-07-27 07:00:00,1.4221,1.4248,1.4204,1.4226,25026.71
2026-07-27 07:05:00,1.4226,1.4237,1.4225,1.4228,44691.96
2026-07-27 07:10:00,1.4228,1.4244,1.422,1.4232,69573.71
2026-07-27 07:15:00,1.4232,1.4241,1.4215,1.4218,77542.53
2026-07-27 07:20:00,1.4218,1.4253,1.4197,1.4239,158141.42
2026-07-27 07:25:00,1.4239,1.4241,1.4213,1.4217,91733.75
2026-07-27 07:30:00,1.4217,1.4238,1.4205,1.4226,265.44
2026-07-27 07:35:00,1.4226,1.427,1.4196,1.4202,259869.92
2026-07-27 07:40:00,1.4202,1.4207,1.4156,1.4182,8575.34
2026-07-27 07:45:00,1.4182,1.4235,1.4164,1.4224,37643.11
2026-07-27 07:50:00,1.4224,1.4243,1.4219,1.4238,57686.21
2026-07-27 07:55:00,1.4238,1.4282,1.4212,1.4261,26750.68
2026-07-27 08:00:00,1.4261,1.4293,1.4241,1.428,23694.68
2026-07-27 08:05:00,1.428,1.4297,1.4271,1.4285,1456.95
2026-07-27 08:10:00,1.4285,1.4341,1.4277,1.4329,2190.71
2026-07-27 08:15:00,1.4329,1.4365,1.4288,1.4295,130321.05
2026-07-27 08:20:00,1.4295,1.4332,1.4263,1.427,170416.14
2026-07-27 08:25:00,1.427,1.4291,1.4253,1.4289,55234.99
2026-07-27 08:30:00,1.4289,1.429,1.4229,1.4244,46432.8
2026-07-27 08:35:00,1.4244,1.4246,1.4186,1.42,30703.44
2026-07-27 08:40:00,1.42,1.423,1.4143,1.4157,22331.2
2026-07-27 08:45:00,1.4157,1.4189,1.4128,1.4181,80052.59
2026-07-27 08:50:00,1.4181,1.4209,1.4166,1.4193,12841.46
2026-07-27 08:55:00,1.4193,1.4227,1.4188,1.4203,95578.47
2026-07-27 09:00:00,1.4203,1.4218,1.4179,1.4188,12180.72
2026-07-27 09:05:00,1.4188,1.4194,1.4148,1.4156,142874.1
2026-07-27 09:10:00,1.4156,1.4174,1.4145,1.4166,30416.02
2026-07-27 09:15:00,1.4166,1.418,1.4158,1.4171,109101.74
2026-07-27 09:20:00,1.4171,1.4192,1.4154,1.4157,28008.03
2026-07-27 09:25:00,1.4157,1.4169,1.4144,1.4167,24536.61
2026-07-27 09:30:00,1.4167,1.4233,1.4161,1.4207,45248.31
2026-07-27 09:35:00,1.4207,1.4222,1.4201,1.422,5928.54
2026-07-27 09:40:00,1.422,1.4273,1.4218,1.4266,27892.48
2026-07-27 09:45:00,1.4266,1.4272,1.4263,1.4266,37100.45
2026-07-27 09:50:00,1.4266,1.4267,1.4244,1.4245,26760.42
2026-07-27 09:55:00,1.4245,1.4277,1.4202,1.4217,48394.66
2026-07-27 10:00:00,1.4217,1.4229,1.4195,1.4198,29452.16
2026-07-27 10:05:00,1.4198,1.4215,1.4185,1.4205,25412.3
2026-07-27 10:10:00,1.4205,1.4213,1.416,1.418,63882.12
2026-07-27 10:15:00,1.418,1.4212,1.4169,1.4175,13351.52
2026-07-27 10:20:00,1.4175,1.4188,1.416,1.4183,135010.95
2026-07-27 10:25:00,1.4183,1.4219,1.418,1.4217,42743.57
2026-07-27 10:30:00,1.4217,1.4218,1.4184,1.4196,16486.62
2026-07-27 10:35:00,1.4196,1.4204,1.418,1.419,119078.27
2026-07-27 10:40:00,1.419,1.4228,1.4185,1.4202,32443.64
2026-07-27 10:45:00,1.4202,1.4207,1.4196,1.4206,140592.43
2026-07-27 10:50:00,1.4206,1.4244,1.4184,1.4238,162475.26
2026-07-27 10:55:00,1.4238,1.4241,1.4202,1.4208,119573.43
2026-07-27 11:00:00,1.4208,1.4244,1.4208,1.4239,35003.28
2026-07-27 11:05:00,1.4239,1.4255,1.4203,1.4227,14997.65
2026-07-27 11:10:00,1.4227,1.4237,1.4224,1.4234,106050.0
2026-07-27 11:15:00,1.4234,1.427,1.4184,1.4196,6696.44
2026-07-27 11:20:00,1.4196,1.4224,1.4196,1.4197,16001.71
2026-07-27 11:25:00,1.4197,1.4231,1.4178,1.4207,4712.36
2026-07-27 11:30:00,1.4207,1.4211,1.4181,1.4187,264610.1
2026-07-27 11:35:00,1.4187,1.4226,1.4186,1.42,32778.06
2026-07-27 11:40:00,1.42,1.4229,1.4186,1.4218,242584.43
2026-07-27 11:45:00,1.4218,1.4224,1.4178,1.4182,10161.91
2026-07-27 11:50:00,1.4182,1.4211,1.413,1.4206,55992.13
2026-07-27 11:55:00,1.4206,1.4252,1.419,1.4235,11500.05
2026-07-27 12:00:00,1.4235,1.4246,1.4191,1.4204,57450.64
2026-07-27 12:05:00,1.4204,1.4212,1.4204,1.4204,89503.48
2026-07-27 12:10:00,1.4204,1.422,1.4164,1.417,16422.47
2026-07-27 12:15:00,1.417,1.419,1.4164,1.4189,83357.38
2026-07-27 12:20:00,1.4189,1.421,1.4178,1.4186,43461.82
2026-07-27 12:25:00,1.4186,1.4209,1.4177,1.4188,23152.69
2026-07-27 12:30:00,1.4188,1.4218,1.4183,1.421,44757.36
2026-07-27 12:35:00,1.421,1.4229,1.4205,1.4226,88832.38
2026-07-27 12:40:00,1.4226,1.4236,1.4194,1.4205,27097.66
2026-07-27 12:45:00,1.4205,1.4215,1.4168,1.4172,19662.08
2026-07-27 12:50:00,1.4172,1.4198,1.4121,1.419,39553.47
2026-07-27 12:55:00,1.419,1.4237,1.4183,1.4213,2431.18
2026-07-27 13:00:00,1.4213,1.4217,1.4205,1.4209,148139.95
2026-07-27 13:05:00,1.4209,1.4216,1.4191,1.4196,47570.48
2026-07-27 13:10:00,1.4196,1.4249,1.419,1.4243,134316.08
2026-07-27 13:15:00,1.4243,1.4257,1.4189,1.4207,1021.1
2026-07-27 13:20:00,1.4207,1.4216,1.4187,1.4193,10795.68
2026-07-27 13:25:00,1.4193,1.4222,1.4186,1.4201,40098.35
2026-07-27 13:30:00,1.4201,1.4275,1.4196,1.4253,4395.2
2026-07-27 13:35:00,1.4253,1.4254,1.4217,1.4238,162343.76
2026-07-27 13:40:00,1.4238,1.4282,1.4235,1.4276,20296.18
2026-07-27 13:45:00,1.4276,1.4281,1.4235,1.4242,118482.14
2026-07-27 13:50:00,1.4242,1.4271,1.4212,1.4245,74422.09
2026-07-27 13:55:00,1.4245,1.4275,1.424,1.426,4468.17
2026-07-27 14:00:00,1.426,1.4282,1.4258,1.427,26854.39
2026-07-27 14:05:00,1.427,1.4273,1.4233,1.4238,127740.15
2026-07-27 14:10:00,1.4238,1.428,1.4235,1.4253,108697.91
2026-07-27 14:15:00,1.4253,1.4265,1.4252,1.4264,17323.96
2026-07-27 14:20:00,1.4264,1.4264,1.4249,1.4256,38859.25
2026-07-27 14:25:00,1.4256,1.4301,1.4243,1.4293,68411.06
2026-07-27 14:30:00,1.4293,1.4301,1.4289,1.4294,1649.91
2026-07-27 14:35:00,1.4294,1.4313,1.4263,1.4298,55313.27
2026-07-27 14:40:00,1.4298,1.4305,1.4298,1.4303,25528.54
2026-07-27 14:45:00,1.4303,1.4367,1.4272,1.4282,297803.62
2026-07-27 14:50:00,1.4282,1.4284,1.4251,1.4274,10271.77
2026-07-27 14:55:00,1.4274,1.4277,1.4254,1.4267,48335.02
2026-07-27 15:00:00,1.4267,1.4274,1.4259,1.4264,166634.23
2026-07-27 15:05:00,1.4264,1.4276,1.4242,1.4242,59713.73
2026-07-27 15:10:00,1.4242,1.4252,1.4227,1.4249,5179.42
2026-07-27 15:15:00,1.4249,1.4255,1.4215,1.423,3043.64
2026-07-27 15:20:00,1.423,1.4242,1.4222,1.4237,18453.99
2026-07-27 15:25:00,1.4237,1.4246,1.421,1.4218,87628.37
2026-07-27 15:30:00,1.4218,1.4218,1.42,1.4201,31191.32
2026-07-27 15:35:00,1.4201,1.4216,1.4168,1.4176,128919.53
2026-07-27 15:40:00,1.4176,1.4218,1.4126,1.4205,236619.2
2026-07-27 15:45:00,1.4205,1.4239,1.4205,1.4232,32973.85
2026-07-27 15:50:00,1.4232,1.4239,1.4182,1.4194,13466.98
2026-07-27 15:55:00,1.4194,1.4196,1.4151,1.418,3361.67
2026-07-27 16:00:00,1.418,1.4216,1.4157,1.4204,170339.35
2026-07-27 16:05:00,1.4204,1.4217,1.4194,1.4198,41169.8
2026-07-27 16:10:00,1.4198,1.424,1.4173,1.4229,333123.77
2026-07-27 16:15:00,1.4229,1.4251,1.4226,1.4244,29930.42
2026-07-27 16:20:00,1.4244,1.4276,1.4238,1.4266,3115.16
2026-07-27 16:25:00,1.4266,1.4284,1.4242,1.4255,109984.53
2026-07-27 16:30:00,1.4255,1.4256,1.4236,1.4244,31139.26
2026-07-27 16:35:00,1.4244,1.4252,1.4236,1.4239,1249.77
2026-07-27 16:40:00,1.4239,1.4262,1.4234,1.4258,112251.34
2026-07-27 16:45:00,1.4258,1.4275,1.4226,1.4227,2443.62
2026-07-27 16:50:00,1.4227,1.4234,1.421,1.4228,68759.47
2026-07-27 16:55:00,1.4228,1.4235,1.4217,1.4224,45092.08
2026-07-27 17:00:00,1.4224,1.4235,1.4214,1.4226,125338.35
2026-07-27 17:05:00,1.4226,1.424,1.4225,1.4231,78354.46
2026-07-27 17:10:00,1.4231,1.4274,1.4225,1.4258,17634.2
2026-07-27 17:15:00,1.4258,1.4285,1.4254,1.4267,28340.34
2026-07-27 17:20:00,1.4267,1.4278,1.4226,1.4236,34396.99
2026-07-27 17:25:00,1.4236,1.4264,1.4214,1.4222,10315.28
2026-07-27 17:30:00,1.4222,1.4233,1.4179,1.4191,154494.0
2026-07-27 17:35:00,1.4191,1.4213,1.4187,1.4201,17445.15
2026-07-27 17:40:00,1.4201,1.425,1.4184,1.4233,101371.75
2026-07-27 17:45:00,1.4233,1.4243,1.4216,1.4226,51381.7
2026-07-27 17:50:00,1.4226,1.4263,1.421,1.4241,6922.69
2026-07-27 17:55:00,1.4241,1.4245,1.419,1.4194,7102.84
2026-07-27 18:00:00,1.4194,1.4214,1.4165,1.4207,14872.04
2026-07-27 18:05:00,1.4207,1.4216,1.4173,1.4181,115723.66
2026-07-27 18:10:00,1.4181,1.4208,1.4172,1.4204,6039.54
2026-07-27 18:15:00,1.4204,1.4216,1.4187,1.4213,83638.96
2026-07-27 18:20:00,1.4213,1.4253,1.4208,1.4234,17343.7
2026-07-27 18:25:00,1.4234,1.4244,1.4223,1.4234,152804.94
2026-07-27 18:30:00,1.4234,1.428,1.423,1.4265,83347.17
2026-07-27 18:35:00,1.4265,1.43,1.4264,1.4286,6226.59
2026-07-27 18:40:00,1.4286,1.4325,1.4244,1.4255,123394.31
2026-07-27 18:45:00,1.4255,1.4257,1.4229,1.4247,42009.5
2026-07-27 18:50:00,1.4247,1.4264,1.4246,1.4254,85432.07
2026-07-27 18:55:00,1.4254,1.4309,1.4249,1.4279,23507.24
2026-07-27 19:00:00,1.4279,1.43,1.4248,1.4254,112168.92
2026-07-27 19:05:00,1.4254,1.4289,1.4244,1.4278,8023.37
2026-07-27 19:10:00,1.4278,1.4302,1.4254,1.4286,167716.96
2026-07-27 19:15:00,1.4286,1.4286,1.4262,1.4265,65593.99
2026-07-27 19:20:00,1.4265,1.4283,1.4232,1.4255,17033.7
2026-07-27 19:25:00,1.4255,1.4263,1.4233,1.4246,872.68
2026-07-27 19:30:00,1.4246,1.426,1.4183,1.42,13938.48
2026-07-27 19:35:00,1.42,1.4215,1.4191,1.4204,24701.11
2026-07-27 19:40:00,1.4204,1.4231,1.4183,1.4199,2532.96
2026-07-27 19:45:00,1.4199,1.4239,1.4168,1.4226,22562.51
2026-07-27 19:50:00,1.4226,1.4236,1.4222,1.4234,57836.4
2026-07-27 19:55:00,1.4234,1.4239,1.4219,1.4219,147456.96
2026-07-27 20:00:00,1.4219,1.4255,1.4216,1.425,4763.04
2026-07-27 20:05:00,1.425,1.4256,1.4235,1.4243,90627.1
2026-07-27 20:10:00,1.4243,1.4293,1.4229,1.4257,94568.06
2026-07-27 20:15:00,1.4257,1.4264,1.4243,1.4248,22587.2
2026-07-27 20:20:00,1.4248,1.427,1.4236,1.4245,10699.93
2026-07-27 20:25:00,1.4245,1.4268,1.4223,1.4223,10345.8
2026-07-27 20:30:00,1.4223,1.4228,1.4185,1.4208,23195.78
2026-07-27 20:35:00,1.4208,1.4236,1.419,1.4202,26440.1
2026-07-27 20:40:00,1.4202,1.4244,1.4144,1.4238,318757.71
2026-07-27 20:45:00,1.4238,1.4238,1.4199,1.4205,9057.41
2026-07-27 20:50:00,1.4205,1.425,1.4192,1.4236,70746.47
2026-07-27 20:55:00,1.4236,1.4262,1.4233,1.4246,73865.98
2026-07-27 21:00:00,1.4246,1.4301,1.4242,1.4289,7624.12
2026-07-27 21:05:00,1.4289,1.4305,1.4285,1.4303,18857.9
2026-07-27 21:10:00,1.4303,1.4312,1.4299,1.4309,60884.03
2026-07-27 21:15:00,1.4309,1.4374,1.4305,1.4348,27467.77
2026-07-27 21:20:00,1.4348,1.4372,1.4307,1.4318,273497.79
2026-07-27 21:25:00,1.4318,1.4354,1.4296,1.4353,64651.18
2026-07-27 21:30:00,1.4353,1.437,1.4335,1.4355,66729.9
2026-07-27 21:35:00,1.4355,1.4376,1.4341,1.4362,29522.09
2026-07-27 21:40:00,1.4362,1.4381,1.4344,1.436,9758.32
2026-07-27 21:45:00,1.436,1.4389,1.4338,1.4345,52801.86
2026-07-27 21:50:00,1.4345,1.4376,1.4306,1.431,807637.24
2026-07-27 21:55:00,1.431,1.4378,1.4302,1.436,11276.81
2026-07-27 22:00:00,1.436,1.4388,1.4341,1.4346,102996.65
2026-07-27 22:05:00,1.4346,1.4347,1.4311,1.4312,37291.17
2026-07-27 22:10:00,1.4312,1.4324,1.4298,1.4309,8296.58
2026-07-27 22:15:00,1.4309,1.4346,1.4277,1.4286,48639.03
2026-07-27 22:20:00,1.4286,1.4292,1.4235,1.4252,38554.75
2026-07-27 22:25:00,1.4252,1.4253,1.4244,1.4245,72775.39
2026-07-27 22:30:00,1.4245,1.4295,1.4242,1.4263,137295.63
2026-07-27 22:35:00,1.4263,1.427,1.4245,1.4258,47951.94
2026-07-27 22:40:00,1.4258,1.432,1.4232,1.4314,42923.05
2026-07-27 22:45:00,1.4314,1.4336,1.4308,1.4327,48284.16
2026-07-27 22:50:00,1.4327,1.4394,1.4324,1.4384,46631.3
2026-07-27 22:55:00,1.4384,1.4389,1.4345,1.4361,54555.5
2026-07-27 23:00:00,1.4361,1.4368,1.4353,1.4359,68832.67
2026-07-27 23:05:00,1.4359,1.4363,1.4345,1.4362,16482.22
2026-07-27 23:10:00,1.4362,1.4416,1.4327,1.4334,444457.98
2026-07-27 23:15:00,1.4334,1.4383,1.4301,1.4314,50933.73
2026-07-27 23:20:00,1.4314,1.4352,1.4297,1.4339,12773.12
2026-07-27 23:25:00,1.4339,1.4355,1.4324,1.4325,37427.48
2026-07-27 23:30:00,1.4325,1.4358,1.4321,1.4333,49987.13
2026-07-27 23:35:00,1.4333,1.4369,1.4298,1.43,63025.74
2026-07-27 23:40:00,1.43,1.4321,1.4292,1.4314,57465.84
2026-07-27 23:45:00,1.4314,1.4318,1.4289,1.4295,18018.58
2026-07-27 23:50:00,1.4295,1.4301,1.4264,1.4282,47570.62
2026-07-27 23:55:00,1.4282,1.4296,1.4243,1.425,88074.16
2026-07-28 00:00:00,1.425,1.4269,1.4234,1.4239,61608.06
2026-07-28 00:05:00,1.4239,1.4244,1.4197,1.4211,6613.61
2026-07-28 00:10:00,1.4211,1.4216,1.4194,1.4212,2912.04
2026-07-28 00:15:00,1.4212,1.426,1.4188,1.4253,131505.19
2026-07-28 00:20:00,1.4253,1.4262,1.4231,1.4245,61852.2
2026-07-28 00:25:00,1.4245,1.4313,1.4241,1.4295,23017.91
2026-07-28 00:30:00,1.4295,1.4317,1.4286,1.431,45972.64
2026-07-28 00:35:00,1.431,1.4354,1.4306,1.4331,176328.88
2026-07-28 00:40:00,1.4331,1.4334,1.4325,1.4326,25449.04
2026-07-28 00:45:00,1.4326,1.4369,1.4325,1.4342,53044.99
2026-07-28 00:50:00,1.4342,1.4391,1.4329,1.4363,64455.73
2026-07-28 00:55:00,1.4363,1.4375,1.4356,1.4374,44376.07
2026-07-28 01:00:00,1.4374,1.4384,1.4366,1.4367,23571.19
2026-07-28 01:05:00,1.4367,1.4398,1.4326,1.4336,249721.06
2026-07-28 01:10:00,1.4336,1.4338,1.432,1.433,139576.95
2026-07-28 01:15:00,1.433,1.4372,1.4299,1.4355,34115.42
2026-07-28 01:20:00,1.4355,1.4397,1.4323,1.4389,25482.21
2026-07-28 01:25:00,1.4389,1.4456,1.437,1.4428,96220.99
2026-07-28 01:30:00,1.4428,1.4433,1.4413,1.4414,8168.78
2026-07-28 01:35:00,1.4414,1.4458,1.4377,1.4382,27665.92
2026-07-28 01:40:00,1.4382,1.443,1.4331,1.4344,244189.2
2026-07-28 01:45:00,1.4344,1.4373,1.434,1.4367,96487.24
2026-07-28 01:50:00,1.4367,1.4403,1.4358,1.4402,14175.69
2026-07-28 01:55:00,1.4402,1.442,1.4394,1.441,17310.64
2026-07-28 02:00:00,1.441,1.4445,1.4369,1.4382,7766.97
2026-07-28 02:05:00,1.4382,1.4444,1.4365,1.444,37012.89
2026-07-28 02:10:00,1.444,1.4463,1.4413,1.4427,57023.89
2026-07-28 02:15:00,1.4427,1.4469,1.4392,1.4404,431252.92
2026-07-28 02:20:00,1.4404,1.4442,1.4387,1.4424,178325.28
2026-07-28 02:25:00,1.4424,1.444,1.4419,1.4432,800.76
2026-07-28 02:30:00,1.4432,1.4482,1.4426,1.4473,23920.36
2026-07-28 02:35:00,1.4473,1.4485,1.4449,1.4468,95197.02
2026-07-28 02:40:00,1.4468,1.4496,1.4458,1.4458,36461.76
2026-07-28 02:45:00,1.4458,1.4475,1.4451,1.4464,47127.19
2026-07-28 02:50:00,1.4464,1.4477,1.444,1.4454,224722.45
2026-07-28 02:55:00,1.4454,1.4455,1.4442,1.4446,22576.33
2026-07-28 03:00:00,1.4446,1.4451,1.4439,1.4442,213478.35
2026-07-28 03:05:00,1.4442,1.4502,1.4416,1.4422,634889.83
2026-07-28 03:10:00,1.4422,1.4458,1.4414,1.4446,1363.93
2026-07-28 03:15:00,1.4446,1.4532,1.4432,1.4485,91003.0
2026-07-28 03:20:00,1.4485,1.4527,1.4472,1.4502,82278.83
2026-07-28 03:25:00,1.4502,1.4528,1.447,1.4475,34201.67
2026-07-28 03:30:00,1.4475,1.4487,1.442,1.4433,33374.17
2026-07-28 03:35:00,1.4433,1.445,1.4405,1.4422,47150.32
2026-07-28 03:40:00,1.4422,1.4424,1.4403,1.4418,17378.17
2026-07-28 03:45:00,1.4418,1.4419,1.4375,1.438,58697.61
2026-07-28 03:50:00,1.438,1.4398,1.4354,1.4372,21277.5
2026-07-28 03:55:00,1.4372,1.4396,1.4343,1.4352,89216.04
2026-07-28 04:00:00,1.4352,1.4374,1.4333,1.4338,133654.78
2026-07-28 04:05:00,1.4338,1.4368,1.4316,1.4326,11614.32
2026-07-28 04:10:00,1.4326,1.4358,1.4316,1.4349,5018.29
2026-07-28 04:15:00,1.4349,1.4394,1.4331,1.4371,9788.86
2026-07-28 04:20:00,1.4371,1.44,1.4366,1.4399,19705.11
2026-07-28 04:25:00,1.4399,1.4441,1.4397,1.4436,52721.25
2026-07-28 04:30:00,1.4436,1.4446,1.4405,1.4413,4626.55
2026-07-28 04:35:00,1.4413,1.4418,1.4397,1.4404,110993.62
2026-07-28 04:40:00,1.4404,1.4431,1.4398,1.4427,2184.2
2026-07-28 04:45:00,1.4427,1.444,1.4413,1.4428,65775.97
2026-07-28 04:50:00,1.4428,1.4461,1.4412,1.444,66521.14
2026-07-28 04:55:00,1.444,1.448,1.4425,1.4428,9195.42
2026-07-28 05:00:00,1.4428,1.4439,1.4392,1.4412,29715.99
2026-07-28 05:05:00,1.4412,1.4417,1.4388,1.4396,3982.94
2026-07-28 05:10:00,1.4396,1.4413,1.4389,1.4412,7734.98
2026-07-28 05:15:00,1.4412,1.4417,1.437,1.4374,35340.24
2026-07-28 05:20:00,1.4374,1.4384,1.4359,1.4384,26613.31
2026-07-28 05:25:00,1.4384,1.4406,1.4383,1.4388,70463.18
2026-07-28 05:30:00,1.4388,1.4408,1.4377,1.4377,24328.0
2026-07-28 05:35:00,1.4377,1.438,1.4339,1.4352,188336.72
2026-07-28 05:40:00,1.4352,1.4373,1.4351,1.4363,1589.41
2026-07-28 05:45:00,1.4363,1.438,1.4354,1.4375,435.85
2026-07-28 05:50:00,1.4375,1.4391,1.4346,1.4358,41628.2
2026-07-28 05:55:00,1.4358,1.4381,1.4353,1.4373,81695.68
2026-07-28 06:00:00,1.4373,1.4387,1.4368,1.4386,23682.39
2026-07-28 06:05:00,1.4386,1.4441,1.4379,1.4405,18195.08
2026-07-28 06:10:00,1.4405,1.4429,1.4336,1.4363,236197.55
2026-07-28 06:15:00,1.4363,1.4413,1.4345,1.4402,4003.36
2026-07-28 06:20:00,1.4402,1.4419,1.438,1.4386,47829.91
2026-07-28 06:25:00,1.4386,1.4423,1.4364,1.4377,3547.26
2026-07-28 06:30:00,1.4377,1.4425,1.4374,1.441,7295.11
2026-07-28 06:35:00,1.441,1.4427,1.4383,1.4425,67258.07
2026-07-28 06:40:00,1.4425,1.4434,1.4403,1.4414,45476.14
2026-07-28 06:45:00,1.4414,1.4426,1.4398,1.4416,15333.93
2026-07-28 06:50:00,1.4416,1.4419,1.4397,1.4399,151558.27
2026-07-28 06:55:00,1.4399,1.4418,1.4371,1.4388,6923.19
2026-07-28 07:00:00,1.4388,1.4392,1.437,1.439,44115.1
2026-07-28 07:05:00,1.439,1.44,1.4329,1.4338,90878.86
2026-07-28 07:10:00,1.4338,1.4339,1.4293,1.4309,40012.36
2026-07-28 07:15:00,1.4309,1.4313,1.4289,1.4293,135993.46
2026-07-28 07:20:00,1.4293,1.4306,1.4281,1.4285,33274.98
2026-07-28 07:25:00,1.4285,1.43,1.4278,1.4286,47744.37
2026-07-28 07:30:00,1.4286,1.4292,1.4263,1.4277,14598.61
2026-07-28 07:35:00,1.4277,1.4314,1.4274,1.4313,42105.34
2026-07-28 07:40:00,1.4313,1.4319,1.4274,1.4303,68324.34
2026-07-28 07:45:00,1.4303,1.4328,1.4251,1.4275,9604.11
2026-07-28 07:50:00,1.4275,1.4285,1.427,1.4278,75429.09
2026-07-28 07:55:00,1.4278,1.4323,1.4221,1.4313,88770.75
2026-07-28 08:00:00,1.4313,1.4339,1.4307,1.4333,124472.77
2026-07-28 08:05:00,1.4333,1.4341,1.4311,1.4321,103578.83
2026-07-28 08:10:00,1.4321,1.4364,1.4315,1.4356,159099.51
2026-07-28 08:15:00,1.4356,1.4409,1.4346,1.4393,2252.36
2026-07-28 08:20:00,1.4393,1.4426,1.4392,1.4413,68985.55
2026-07-28 08:25:00,1.4413,1.4463,1.4371,1.4383,213094.62
2026-07-28 08:30:00,1.4383,1.4401,1.4378,1.4398,27680.11
2026-07-28 08:35:00,1.4398,1.443,1.4395,1.4427,36536.1
2026-07-28 08:40:00,1.4427,1.4465,1.4405,1.441,57749.0
2026-07-28 08:45:00,1.441,1.4424,1.4397,1.4415,55134.15
2026-07-28 08:50:00,1.4415,1.4435,1.4414,1.4421,40639.91
2026-07-28 08:55:00,1.4421,1.4433,1.437,1.4383,65733.33
2026-07-28 09:00:00,1.4383,1.439,1.4368,1.438,61384.42
2026-07-28 09:05:00,1.438,1.4473,1.4372,1.4438,27360.94
2026-07-28 09:10:00,1.4438,1.4486,1.4383,1.4395,294156.97
2026-07-28 09:15:00,1.4395,1.4413,1.4385,1.4399,34253.37
2026-07-28 09:20:00,1.4399,1.4424,1.4389,1.4403,101058.84
2026-07-28 09:25:00,1.4403,1.4412,1.4376,1.4385,148995.84
2026-07-28 09:30:00,1.4385,1.4397,1.4333,1.435,36649.4
2026-07-28 09:35:00,1.435,1.4378,1.4345,1.4364,141987.64
2026-07-28 09:40:00,1.4364,1.4392,1.435,1.4377,100027.0
2026-07-28 09:45:00,1.4377,1.4406,1.4376,1.4402,20870.84
2026-07-28 09:50:00,1.4402,1.4406,1.4373,1.4404,74922.27
2026-07-28 09:55:00,1.4404,1.4412,1.439,1.4401,33432.09
2026-07-28 10:00:00,1.4401,1.4403,1.4357,1.437,81325.54
2026-07-28 10:05:00,1.437,1.4385,1.4348,1.4378,281431.72
2026-07-28 10:10:00,1.4378,1.4417,1.4351,1.4416,144449.91
2026-07-28 10:15:00,1.4416,1.4481,1.4393,1.44,122900.01
2026-07-28 10:20:00,1.44,1.4408,1.4334,1.4368,12383.43
2026-07-28 10:25:00,1.4368,1.4373,1.4357,1.4362,45562.22
2026-07-28 10:30:00,1.4362,1.4394,1.4344,1.4387,13383.32
2026-07-28 10:35:00,1.4387,1.4436,1.4368,1.4396,31324.52
2026-07-28 10:40:00,1.4396,1.4408,1.4376,1.4391,40927.91
2026-07-28 10:45:00,1.4391,1.4418,1.4379,1.4417,7051.63
2026-07-28 10:50:00,1.4417,1.4438,1.4395,1.4428,36151.85
2026-07-28 10:55:00,1.4428,1.4432,1.438,1.4406,29372.37
2026-07-28 11:00:00,1.4406,1.4409,1.4401,1.4408,73304.16
2026-07-28 11:05:00,1.4408,1.443,1.4398,1.4416,37393.5
2026-07-28 11:10:00,1.4416,1.4417,1.4365,1.4386,109619.78
2026-07-28 11:15:00,1.4386,1.444,1.4383,1.4415,115385.19
2026-07-28 11:20:00,1.4415,1.4444,1.4411,1.4422,80420.98
2026-07-28 11:25:00,1.4422,1.4445,1.439,1.4404,130410.13
2026-07-28 11:30:00,1.4404,1.4419,1.4384,1.4404,68894.98
2026-07-28 11:35:00,1.4404,1.4412,1.4392,1.4403,31359.92
2026-07-28 11:40:00,1.4403,1.444,1.4394,1.4428,14807.05
2026-07-28 11:45:00,1.4428,1.4433,1.4421,1.4433,56077.39
2026-07-28 11:50:00,1.4433,1.4443,1.4413,1.4424,100396.84
2026-07-28 11:55:00,1.4424,1.4433,1.4416,1.4422,2630.36
2026-07-28 12:00:00,1.4422,1.443,1.4407,1.4416,32734.66
2026-07-28 12:05:00,1.4416,1.4421,1.4412,1.442,40902.98
2026-07-28 12:10:00,1.442,1.445,1.44,1.4442,77365.31
2026-07-28 12:15:00,1.4442,1.4475,1.4435,1.4468,31807.71
2026-07-28 12:20:00,1.4468,1.4503,1.4434,1.4444,43814.26
2026-07-28 12:25:00,1.4444,1.4484,1.444,1.4471,2030.13
2026-07-28 12:30:00,1.4471,1.4497,1.4436,1.4486,23093.45
2026-07-28 12:35:00,1.4486,1.4511,1.4449,1.4454,366060.81
2026-07-28 12:40:00,1.4454,1.4479,1.4434,1.4461,2249.76
2026-07-28 12:45:00,1.4461,1.4508,1.4453,1.4479,181922.69
2026-07-28 12:50:00,1.4479,1.4484,1.4459,1.4464,106980.39
2026-07-28 12:55:00,1.4464,1.4479,1.4447,1.4472,134205.05
2026-07-28 13:00:00,1.4472,1.4508,1.442,1.443,36790.34
2026-07-28 13:05:00,1.443,1.4435,1.4399,1.44,28719.0
2026-07-28 13:10:00,1.44,1.4432,1.4381,1.4407,24861.48
2026-07-28 13:15:00,1.4407,1.4433,1.4404,1.4412,15936.44
2026-07-28 13:20:00,1.4412,1.4436,1.4403,1.4427,94322.26
2026-07-28 13:25:00,1.4427,1.4473,1.4392,1.4404,337722.61
2026-07-28 13:30:00,1.4404,1.4425,1.4404,1.4407,14109.1
2026-07-28 13:35:00,1.4407,1.446,1.4371,1.4428,80359.6
2026-07-28 13:40:00,1.4428,1.4458,1.4424,1.4452,4132.5
2026-07-28 13:45:00,1.4452,1.4453,1.4432,1.4443,118943.5
2026-07-28 13:50:00,1.4443,1.4477,1.4442,1.447,25336.42
2026-07-28 13:55:00,1.447,1.449,1.4464,1.4473,1786.61
2026-07-28 14:00:00,1.4473,1.4486,1.4462,1.4464,316391.45
2026-07-28 14:05:00,1.4464,1.4502,1.4461,1.4489,95712.03
2026-07-28 14:10:00,1.4489,1.4519,1.4487,1.4512,96503.24
2026-07-28 14:15:00,1.4512,1.4546,1.4464,1.4473,563849.77
2026-07-28 14:20:00,1.4473,1.448,1.4436,1.4443,27738.68
2026-07-28 14:25:00,1.4443,1.4464,1.4442,1.4454,115217.8
2026-07-28 14:30:00,1.4454,1.451,1.444,1.4494,27128.62
2026-07-28 14:35:00,1.4494,1.4521,1.4493,1.4501,7018.23
2026-07-28 14:40:00,1.4501,1.4511,1.4494,1.4499,71673.64
2026-07-28 14:45:00,1.4499,1.4559,1.4459,1.4471,55558.27
2026-07-28 14:50:00,1.4471,1.4483,1.4461,1.4463,75407.29
2026-07-28 14:55:00,1.4463,1.4466,1.4435,1.4454,56112.57
2026-07-28 15:00:00,1.4454,1.4476,1.4433,1.4439,75170.4
2026-07-28 15:05:00,1.4439,1.4465,1.4422,1.443,26320.84
2026-07-28 15:10:00,1.443,1.4436,1.4398,1.4435,75988.73
2026-07-28 15:15:00,1.4435,1.4479,1.4394,1.4408,4263.86
2026-07-28 15:20:00,1.4408,1.4443,1.4402,1.4413,10363.11
2026-07-28 15:25:00,1.4413,1.4423,1.4398,1.4414,25893.52
2026-07-28 15:30:00,1.4414,1.4432,1.4388,1.4399,33272.74
2026-07-28 15:35:00,1.4399,1.4427,1.4379,1.4392,32512.09
2026-07-28 15:40:00,1.4392,1.4401,1.4367,1.4398,103110.93
2026-07-28 15:45:00,1.4398,1.4401,1.4372,1.4381,69716.9
2026-07-28 15:50:00,1.4381,1.4407,1.4359,1.4378,16332.55
2026-07-28 15:55:00,1.4378,1.4387,1.4359,1.4382,23142.03
2026-07-28 16:00:00,1.4382,1.4423,1.4335,1.4409,158064.45
2026-07-28 16:05:00,1.4409,1.4447,1.4384,1.4388,175621.87
2026-07-28 16:10:00,1.4388,1.4423,1.4351,1.4417,324273.61
2026-07-28 16:15:00,1.4417,1.4453,1.4356,1.4447,363056.07
2026-07-28 16:20:00,1.4447,1.4454,1.4417,1.4453,244.92
2026-07-28 16:25:00,1.4453,1.4463,1.4435,1.4453,12623.42
2026-07-28 16:30:00,1.4453,1.4466,1.4405,1.4411,4407.75
2026-07-28 16:35:00,1.4411,1.4424,1.441,1.4421,58129.19
2026-07-28 16:40:00,1.4421,1.4429,1.4401,1.4414,1773.48
2026-07-28 16:45:00,1.4414,1.4441,1.4393,1.4401,9129.28
2026-07-28 16:50:00,1.4401,1.4405,1.4391,1.4399,178886.51
2026-07-28 16:55:00,1.4399,1.4447,1.4336,1.4433,216121.76
2026-07-28 17:00:00,1.4433,1.4447,1.4426,1.4427,13083.55
2026-07-28 17:05:00,1.4427,1.4455,1.4403,1.4453,42970.1
2026-07-28 17:10:00,1.4453,1.4473,1.4386,1.4412,223.95
2026-07-28 17:15:00,1.4412,1.445,1.4357,1.4438,40336.17
2026-07-28 17:20:00,1.4438,1.4472,1.4427,1.4469,37406.7
2026-07-28 17:25:00,1.4469,1.4481,1.4432,1.445,20028.3
2026-07-28 17:30:00,1.445,1.4458,1.4449,1.4455,415.64
2026-07-28 17:35:00,1.4455,1.45,1.4441,1.4488,13494.11
2026-07-28 17:40:00,1.4488,1.4493,1.4466,1.4474,82286.25
2026-07-28 17:45:00,1.4474,1.4499,1.4473,1.4492,90903.01
2026-07-28 17:50:00,1.4492,1.451,1.4487,1.4491,16069.76
2026-07-28 17:55:00,1.4491,1.4495,1.4473,1.4494,14473.67
2026-07-28 18:00:00,1.4494,1.4525,1.4484,1.4516,66065.7
2026-07-28 18:05:00,1.4516,1.4562,1.4487,1.4499,185733.95
2026-07-28 18:10:00,1.4499,1.4532,1.4466,1.4476,141485.92
2026-07-28 18:15:00,1.4476,1.4483,1.4458,1.447,20733.43
2026-07-28 18:20:00,1.447,1.449,1.4469,1.4476,1984.06
2026-07-28 18:25:00,1.4476,1.4506,1.4472,1.4482,62054.91
2026-07-28 18:30:00,1.4482,1.4482,1.4415,1.4439,39554.56
2026-07-28 18:35:00,1.4439,1.446,1.4435,1.4453,11532.22
2026-07-28 18:40:00,1.4453,1.4471,1.4444,1.4452,50221.96
2026-07-28 18:45:00,1.4452,1.4465,1.4427,1.4446,9780.01
2026-07-28 18:50:00,1.4446,1.446,1.4441,1.4457,21618.24
2026-07-28 18:55:00,1.4457,1.45,1.4444,1.447,50898.06
2026-07-28 19:00:00,1.447,1.4489,1.4465,1.4487,128150.2
2026-07-28 19:05:00,1.4487,1.4517,1.4482,1.4508,17867.18
2026-07-28 19:10:00,1.4508,1.4569,1.4475,1.4481,483072.85
2026-07-28 19:15:00,1.4481,1.4487,1.4472,1.4483,32102.26
2026-07-28 19:20:00,1.4483,1.4496,1.4481,1.4488,1884.57
2026-07-28 19:25:00,1.4488,1.4532,1.4448,1.4457,139062.67
2026-07-28 19:30:00,1.4457,1.4465,1.441,1.4419,3331.25
2026-07-28 19:35:00,1.4419,1.4424,1.441,1.4411,20120.72
2026-07-28 19:40:00,1.4411,1.4415,1.439,1.4398,125675.57
2026-07-28 19:45:00,1.4398,1.443,1.435,1.4424,233772.01
2026-07-28 19:50:00,1.4424,1.4439,1.4411,1.4429,17260.77
2026-07-28 19:55:00,1.4429,1.4436,1.4426,1.4431,90890.53
2026-07-28 20:00:00,1.4431,1.444,1.4409,1.4421,172589.09
2026-07-28 20:05:00,1.4421,1.4435,1.4401,1.4407,43986.03
2026-07-28 20:10:00,1.4407,1.4412,1.4383,1.439,202297.31
2026-07-28 20:15:00,1.439,1.4436,1.4326,1.4425,61539.22
2026-07-28 20:20:00,1.4425,1.4432,1.4413,1.4419,61697.24
2026-07-28 20:25:00,1.4419,1.444,1.4399,1.4409,37444.24
2026-07-28 20:30:00,1.4409,1.4445,1.4393,1.4423,23612.96
2026-07-28 20:35:00,1.4423,1.4451,1.4392,1.44,4791.85
2026-07-28 20:40:00,1.44,1.4405,1.4371,1.4372,190830.12
2026-07-28 20:45:00,1.4372,1.4381,1.4321,1.4368,683.44
2026-07-28 20:50:00,1.4368,1.4382,1.4356,1.4373,23451.68
2026-07-28 20:55:00,1.4373,1.4431,1.437,1.4422,62275.92
2026-07-28 21:00:00,1.4422,1.4453,1.4416,1.4441,1187.59
2026-07-28 21:05:00,1.4441,1.4461,1.4427,1.4433,9852.83
2026-07-28 21:10:00,1.4433,1.4456,1.439,1.4396,108786.09
2026-07-28 21:15:00,1.4396,1.4434,1.4355,1.4425,127622.43
2026-07-28 21:20:00,1.4425,1.4434,1.4404,1.442,62770.67
2026-07-28 21:25:00,1.442,1.4445,1.4402,1.4435,33769.93
2026-07-28 21:30:00,1.4435,1.4463,1.4419,1.442,13216.76
2026-07-28 21:35:00,1.442,1.4447,1.4404,1.444,19892.98
2026-07-28 21:40:00,1.444,1.4523,1.4425,1.4502,3002.8
2026-07-28 21:45:00,1.4502,1.4521,1.4489,1.449,5049.74
2026-07-28 21:50:00,1.449,1.4518,1.4434,1.4448,57466.51
2026-07-28 21:55:00,1.4448,1.4462,1.444,1.4459,92810.06
2026-07-28 22:00:00,1.4459,1.4504,1.4453,1.4493,25974.58
2026-07-28 22:05:00,1.4493,1.4516,1.4485,1.4514,17292.58
2026-07-28 22:10:00,1.4514,1.454,1.4486,1.4498,218595.36
2026-07-28 22:15:00,1.4498,1.4499,1.4453,1.4463,14948.16
2026-07-28 22:20:00,1.4463,1.4486,1.4457,1.4483,137023.08
2026-07-28 22:25:00,1.4483,1.4494,1.4442,1.4445,121937.26
2026-07-28 22:30:00,1.4445,1.4461,1.4438,1.445,31447.61
2026-07-28 22:35:00,1.445,1.4493,1.4444,1.4472,1529.78
2026-07-28 22:40:00,1.4472,1.4484,1.446,1.447,1634.26
2026-07-28 22:45:00,1.447,1.4478,1.4425,1.4447,81085.89
2026-07-28 22:50:00,1.4447,1.446,1.4433,1.446,1422.36
2026-07-28 22:55:00,1.446,1.4469,1.4446,1.4462,192639.37
2026-07-28 23:00:00,1.4462,1.4474,1.4458,1.4473,72560.09
2026-07-28 23:05:00,1.4473,1.4485,1.4459,1.4462,96004.23
2026-07-28 23:10:00,1.4462,1.4492,1.4419,1.4421,56694.86
2026-07-28 23:15:00,1.4421,1.4421,1.4381,1.4406,65992.14
2026-07-28 23:20:00,1.4406,1.4438,1.4393,1.4427,29006.97
2026-07-28 23:25:00,1.4427,1.444,1.4399,1.4411,81116.63
2026-07-28 23:30:00,1.4411,1.4412,1.4375,1.4382,39225.67
2026-07-28 23:35:00,1.4382,1.4415,1.435,1.4398,35746.11
2026-07-28 23:40:00,1.4398,1.4416,1.4386,1.4392,57844.79
2026-07-28 23:45:00,1.4392,1.4436,1.4377,1.4423,10022.88
2026-07-28 23:50:00,1.4423,1.4444,1.4412,1.442,20986.39
2026-07-28 23:55:00,1.442,1.443,1.4411,1.4415,19301.61
2026-07-29 00:00:00,1.4415,1.444,1.4407,1.4432,70317.07
2026-07-29 00:05:00,1.4432,1.449,1.441,1.4461,53212.24
2026-07-29 00:10:00,1.4461,1.4475,1.4447,1.4457,18426.8
2026-07-29 00:15:00,1.4457,1.4528,1.4443,1.4503,26366.55
2026-07-29 00:20:00,1.4503,1.4551,1.4454,1.4468,77337.24
2026-07-29 00:25:00,1.4468,1.448,1.44,1.4415,48562.12
2026-07-29 00:30:00,1.4415,1.4416,1.4365,1.4391,43543.21
2026-07-29 00:35:00,1.4391,1.4426,1.438,1.442,59639.47
2026-07-29 00:40:00,1.442,1.4424,1.4366,1.4382,36616.74
2026-07-29 00:45:00,1.4382,1.4453,1.4371,1.4429,16413.65
2026-07-29 00:50:00,1.4429,1.448,1.4419,1.4448,40403.84
2026-07-29 00:55:00,1.4448,1.4456,1.4432,1.4443,3122.22
2026-07-29 01:00:00,1.4443,1.4481,1.4442,1.4479,34501.76
2026-07-29 01:05:00,1.4479,1.454,1.4467,1.45,79966.96
2026-07-29 01:10:00,1.45,1.4533,1.4493,1.452,2135.29
2026-07-29 01:15:00,1.452,1.4579,1.4494,1.45,339696.04
2026-07-29 01:20:00,1.45,1.4563,1.4474,1.4484,45273.47
2026-07-29 01:25:00,1.4484,1.4517,1.4482,1.4505,3697.77
2026-07-29 01:30:00,1.4505,1.4543,1.4478,1.4488,205151.19
2026-07-29 01:35:00,1.4488,1.4548,1.4462,1.4473,273140.16
2026-07-29 01:40:00,1.4473,1.4494,1.4469,1.4483,137919.1
2026-07-29 01:45:00,1.4483,1.4497,1.4466,1.4493,76174.25
2026-07-29 01:50:00,1.4493,1.4529,1.4487,1.4497,16968.38
2026-07-29 01:55:00,1.4497,1.4499,1.4485,1.4492,76360.6
2026-07-29 02:00:00,1.4492,1.4547,1.446,1.4466,49583.39
2026-07-29 02:05:00,1.4466,1.448,1.4463,1.4464,39162.79
2026-07-29 02:10:00,1.4464,1.4481,1.4457,1.4464,132975.67
2026-07-29 02:15:00,1.4464,1.448,1.4447,1.4468,60654.77
2026-07-29 02:20:00,1.4468,1.4488,1.4448,1.4486,87021.41
2026-07-29 02:25:00,1.4486,1.4532,1.445,1.4463,204154.07
2026-07-29 02:30:00,1.4463,1.4479,1.4438,1.4458,9721.61
2026-07-29 02:35:00,1.4458,1.447,1.4454,1.4463,1576.11
2026-07-29 02:40:00,1.4463,1.4477,1.4455,1.4473,29330.78
2026-07-29 02:45:00,1.4473,1.4524,1.4472,1.451,101150.32
2026-07-29 02:50:00,1.451,1.4541,1.446,1.4469,36045.65
2026-07-29 02:55:00,1.4469,1.4485,1.4465,1.4466,62892.89
2026-07-29 03:00:00,1.4466,1.4468,1.4443,1.445,10024.6
2026-07-29 03:05:00,1.445,1.4469,1.4429,1.4457,110282.31
2026-07-29 03:10:00,1.4457,1.4515,1.4453,1.4496,72589.22
2026-07-29 03:15:00,1.4496,1.4531,1.4479,1.4525,2604.56
2026-07-29 03:20:00,1.4525,1.4586,1.4494,1.4549,3103.33
2026-07-29 03:25:00,1.4549,1.4551,1.45,1.4505,53089.05
2026-07-29 03:30:00,1.4505,1.4545,1.4453,1.4466,197858.53
2026-07-29 03:35:00,1.4466,1.4485,1.4462,1.4471,7089.16
2026-07-29 03:40:00,1.4471,1.4482,1.4442,1.4456,10831.14
2026-07-29 03:45:00,1.4456,1.4471,1.4448,1.4464,22732.64
2026-07-29 03:50:00,1.4464,1.4465,1.4447,1.4453,1214.98
2026-07-29 03:55:00,1.4453,1.4474,1.4446,1.4474,25581.11
2026-07-29 04:00:00,1.4474,1.4481,1.4461,1.4463,46523.18
2026-07-29 04:05:00,1.4463,1.4481,1.4454,1.4473,29308.0
2026-07-29 04:10:00,1.4473,1.4487,1.4472,1.4487,21186.51
2026-07-29 04:15:00,1.4487,1.4487,1.4458,1.4473,91961.72
2026-07-29 04:20:00,1.4473,1.4479,1.444,1.4474,75058.88
2026-07-29 04:25:00,1.4474,1.4494,1.447,1.4482,39643.24
2026-07-29 04:30:00,1.4482,1.4507,1.4472,1.4505,156330.62
2026-07-29 04:35:00,1.4505,1.4511,1.448,1.4501,82856.32
2026-07-29 04:40:00,1.4501,1.4516,1.4476,1.4513,149922.97
2026-07-29 04:45:00,1.4513,1.4529,1.4501,1.4525,26216.36
2026-07-29 04:50:00,1.4525,1.4531,1.4507,1.4508,16270.68
2026-07-29 04:55:00,1.4508,1.4521,1.4496,1.4519,91757.92
2026-07-29 05:00:00,1.4519,1.4539,1.4502,1.4528,73181.2
2026-07-29 05:05:00,1.4528,1.454,1.4523,1.4536,62250.92
2026-07-29 05:10:00,1.4536,1.4559,1.4523,1.4551,83841.59
2026-07-29 05:15:00,1.4551,1.4564,1.4515,1.4528,209683.87
2026-07-29 05:20:00,1.4528,1.4546,1.4525,1.4529,24671.62
2026-07-29 05:25:00,1.4529,1.4536,1.4488,1.4507,12440.51
2026-07-29 05:30:00,1.4507,1.451,1.448,1.45,115402.27
2026-07-29 05:35:00,1.45,1.4536,1.4499,1.4524,37812.41
2026-07-29 05:40:00,1.4524,1.454,1.4524,1.4534,62183.82
2026-07-29 05:45:00,1.4534,1.4556,1.4523,1.4542,5379.85
2026-07-29 05:50:00,1.4542,1.4565,1.4511,1.4523,71632.59
2026-07-29 05:55:00,1.4523,1.4541,1.4503,1.4519,30706.43
2026-07-29 06:00:00,1.4519,1.4523,1.4501,1.4504,109504.58
2026-07-29 06:05:00,1.4504,1.4515,1.4496,1.4511,49739.77
2026-07-29 06:10:00,1.4511,1.4524,1.4508,1.4512,3477.23
2026-07-29 06:15:00,1.4512,1.452,1.4489,1.4496,48997.73
2026-07-29 06:20:00,1.4496,1.4503,1.4467,1.4469,50481.95
2026-07-29 06:25:00,1.4469,1.447,1.4455,1.4463,71203.18
2026-07-29 06:30:00,1.4463,1.4472,1.4433,1.4439,20776.87
2026-07-29 06:35:00,1.4439,1.4448,1.4424,1.4435,24634.69
2026-07-29 06:40:00,1.4435,1.4461,1.4432,1.4455,6204.53
2026-07-29 06:45:00,1.4455,1.4484,1.4454,1.4481,31496.67
2026-07-29 06:50:00,1.4481,1.4492,1.4448,1.4462,65331.26
2026-07-29 06:55:00,1.4462,1.447,1.4416,1.4434,8997.23
2026-07-29 07:00:00,1.4434,1.4444,1.4411,1.4411,69710.14
2026-07-29 07:05:00,1.4411,1.4415,1.4404,1.4411,25108.67
2026-07-29 07:10:00,1.4411,1.4417,1.4404,1.4413,101742.78
2026-07-29 07:15:00,1.4413,1.4421,1.4394,1.4401,14211.34
2026-07-29 07:20:00,1.4401,1.443,1.434,1.4417,218336.43
2026-07-29 07:25:00,1.4417,1.4425,1.4381,1.4392,90707.74
2026-07-29 07:30:00,1.4392,1.442,1.4387,1.4407,14390.43
2026-07-29 07:35:00,1.4407,1.4438,1.438,1.4426,11180.93
2026-07-29 07:40:00,1.4426,1.4431,1.4414,1.4423,22710.69
2026-07-29 07:45:00,1.4423,1.4427,1.4416,1.4424,39255.26
2026-07-29 07:50:00,1.4424,1.4448,1.4415,1.4439,82864.44
2026-07-29 07:55:00,1.4439,1.4458,1.4412,1.4415,8774.8
2026-07-29 08:00:00,1.4415,1.4436,1.44,1.4415,18294.34
2026-07-29 08:05:00,1.4415,1.4447,1.4407,1.4446,172583.52
2026-07-29 08:10:00,1.4446,1.4452,1.4431,1.4435,21985.91
2026-07-29 08:15:00,1.4435,1.4445,1.4423,1.4441,70987.3
2026-07-29 08:20:00,1.4441,1.4441,1.4401,1.4417,37374.18
2026-07-29 08:25:00,1.4417,1.4447,1.4386,1.4434,75698.03
2026-07-29 08:30:00,1.4434,1.4449,1.441,1.4445,76062.26
2026-07-29 08:35:00,1.4445,1.4453,1.4437,1.4447,45728.33
2026-07-29 08:40:00,1.4447,1.4455,1.4439,1.4441,4051.62
2026-07-29 08:45:00,1.4441,1.4442,1.4402,1.4427,10263.09
2026-07-29 08:50:00,1.4427,1.4443,1.4417,1.4442,46536.68
2026-07-29 08:55:00,1.4442,1.4464,1.4441,1.4442,32649.15
2026-07-29 09:00:00,1.4442,1.4465,1.4433,1.4465,407.72
2026-07-29 09:05:00,1.4465,1.447,1.4443,1.4465,5174.04
2026-07-29 09:10:00,1.4465,1.4488,1.4459,1.4481,1458.59
2026-07-29 09:15:00,1.4481,1.4496,1.4469,1.4494,5006.92
2026-07-29 09:20:00,1.4494,1.4507,1.4453,1.4468,14126.65
2026-07-29 09:25:00,1.4468,1.4502,1.4429,1.4442,43265.34
2026-07-29 09:30:00,1.4442,1.4443,1.4429,1.4432,27932.6
2026-07-29 09:35:00,1.4432,1.4436,1.4419,1.4428,52398.68
2026-07-29 09:40:00,1.4428,1.4431,1.4385,1.4389,15757.82
2026-07-29 09:45:00,1.4389,1.4399,1.4388,1.4395,27515.79
2026-07-29 09:50:00,1.4395,1.4415,1.4386,1.4396,34791.6
2026-07-29 09:55:00,1.4396,1.4427,1.4396,1.4402,93019.43
2026-07-29 10:00:00,1.4402,1.4414,1.439,1.4411,9029.77
2026-07-29 10:05:00,1.4411,1.4439,1.4362,1.4434,12357.68
2026-07-29 10:10:00,1.4434,1.4445,1.4427,1.4439,72364.36
2026-07-29 10:15:00,1.4439,1.4442,1.4423,1.4425,17342.76
2026-07-29 10:20:00,1.4425,1.4437,1.4387,1.439,44622.36
2026-07-29 10:25:00,1.439,1.4394,1.4363,1.4377,1916.62
2026-07-29 10:30:00,1.4377,1.4413,1.4313,1.4407,431745.42
2026-07-29 10:35:00,1.4407,1.4413,1.4363,1.4374,125311.42
2026-07-29 10:40:00,1.4374,1.4384,1.4371,1.4378,55019.85
2026-07-29 10:45:00,1.4378,1.4383,1.4371,1.4376,12397.09
2026-07-29 10:50:00,1.4376,1.4393,1.4372,1.4387,79042.31
2026-07-29 10:55:00,1.4387,1.4429,1.4332,1.4418,487081.45
2026-07-29 11:00:00,1.4418,1.442,1.4412,1.4417,82577.29
2026-07-29 11:05:00,1.4417,1.4428,1.4393,1.4394,38398.3
2026-07-29 11:10:00,1.4394,1.4436,1.4365,1.4428,14693.96
2026-07-29 11:15:00,1.4428,1.4438,1.44,1.4414,1457.91
2026-07-29 11:20:00,1.4414,1.4428,1.4413,1.4422,11000.95
2026-07-29 11:25:00,1.4422,1.4429,1.4402,1.4422,4680.96
2026-07-29 11:30:00,1.4422,1.4456,1.4416,1.4428,31652.12
2026-07-29 11:35:00,1.4428,1.4468,1.4418,1.4459,32402.27
2026-07-29 11:40:00,1.4459,1.4465,1.4453,1.4455,39442.12
2026-07-29 11:45:00,1.4455,1.4459,1.4448,1.4448,11319.85
2026-07-29 11:50:00,1.4448,1.4461,1.4419,1.4426,1743.85
2026-07-29 11:55:00,1.4426,1.4453,1.4415,1.4441,8138.05
2026-07-29 12:00:00,1.4441,1.4444,1.4425,1.4434,12680.86
2026-07-29 12:05:00,1.4434,1.4447,1.4419,1.4432,122428.03
2026-07-29 12:10:00,1.4432,1.4444,1.4424,1.4444,171000.12
2026-07-29 12:15:00,1.4444,1.4448,1.4439,1.4441,46184.52
2026-07-29 12:20:00,1.4441,1.4483,1.4424,1.4468,22149.51
2026-07-29 12:25:00,1.4468,1.4503,1.4432,1.444,8145.64
2026-07-29 12:30:00,1.444,1.4458,1.4407,1.4427,41317.76
2026-07-29 12:35:00,1.4427,1.4435,1.4402,1.4406,62988.54
2026-07-29 12:40:00,1.4406,1.4419,1.4394,1.4413,1366.44
2026-07-29 12:45:00,1.4413,1.4447,1.4411,1.4429,12472.55
2026-07-29 12:50:00,1.4429,1.4435,1.4409,1.4415,27106.63
2026-07-29 12:55:00,1.4415,1.4429,1.4384,1.4404,44140.82
2026-07-29 13:00:00,1.4404,1.441,1.4387,1.4394,62602.25
2026-07-29 13:05:00,1.4394,1.4421,1.4393,1.4415,74090.61
2026-07-29 13:10:00,1.4415,1.442,1.4408,1.4411,7451.15
2026-07-29 13:15:00,1.4411,1.4433,1.439,1.4424,116154.17
2026-07-29 13:20:00,1.4424,1.4435,1.4419,1.4424,189805.84
2026-07-29 13:25:00,1.4424,1.448,1.4423,1.4469,14819.95
2026-07-29 13:30:00,1.4469,1.4474,1.4458,1.4461,29355.36
2026-07-29 13:35:00,1.4461,1.4468,1.4448,1.4457,15566.41
2026-07-29 13:40:00,1.4457,1.4478,1.4422,1.4436,246106.57
2026-07-29 13:45:00,1.4436,1.4464,1.4428,1.445,23661.05
2026-07-29 13:50:00,1.445,1.4494,1.444,1.4488,17286.27
2026-07-29 13:55:00,1.4488,1.4506,1.4468,1.4491,143666.9
2026-07-29 14:00:00,1.4491,1.4556,1.4467,1.455,79492.18
2026-07-29 14:05:00,1.455,1.4557,1.45,1.4508,23688.8
2026-07-29 14:10:00,1.4508,1.4518,1.4487,1.4506,9639.9
2026-07-29 14:15:00,1.4506,1.4557,1.4465,1.4476,302276.55
2026-07-29 14:20:00,1.4476,1.4477,1.4465,1.4468,83673.84
2026-07-29 14:25:00,1.4468,1.4494,1.446,1.4484,54158.89
2026-07-29 14:30:00,1.4484,1.4489,1.4453,1.4462,2141.13
2026-07-29 14:35:00,1.4462,1.4467,1.4447,1.4454,38598.82
2026-07-29 14:40:00,1.4454,1.447,1.4449,1.4463,18501.94
2026-07-29 14:45:00,1.4463,1.4466,1.4453,1.4464,32522.28
2026-07-29 14:50:00,1.4464,1.447,1.4462,1.4467,61597.09
2026-07-29 14:55:00,1.4467,1.4484,1.4442,1.4455,12943.9
2026-07-29 15:00:00,1.4455,1.4461,1.443,1.4439,1733.15
2026-07-29 15:05:00,1.4439,1.4447,1.4423,1.4437,19315.17
2026-07-29 15:10:00,1.4437,1.4442,1.4424,1.4431,50106.59
2026-07-29 15:15:00,1.4431,1.4448,1.4398,1.4408,22282.18
2026-07-29 15:20:00,1.4408,1.441,1.4376,1.4379,10581.36
2026-07-29 15:25:00,1.4379,1.4403,1.4318,1.4397,455791.24
2026-07-29 15:30:00,1.4397,1.4425,1.4365,1.4414,205361.88
2026-07-29 15:35:00,1.4414,1.4418,1.4392,1.4395,5286.59
2026-07-29 15:40:00,1.4395,1.4401,1.4375,1.4381,9327.76
2026-07-29 15:45:00,1.4381,1.4392,1.4338,1.4348,97819.43
2026-07-29 15:50:00,1.4348,1.435,1.4309,1.4319,52372.19
2026-07-29 15:55:00,1.4319,1.4333,1.4285,1.4306,177845.7
2026-07-29 16:00:00,1.4306,1.4321,1.4292,1.4314,89536.99
2026-07-29 16:05:00,1.4314,1.433,1.4303,1.4319,77273.61
2026-07-29 16:10:00,1.4319,1.4363,1.4281,1.4356,429899.85
2026-07-29 16:15:00,1.4356,1.4386,1.4345,1.4375,3057.85
2026-07-29 16:20:00,1.4375,1.4387,1.4371,1.4379,33616.09
2026-07-29 16:25:00,1.4379,1.438,1.4367,1.4378,31976.96
2026-07-29 16:30:00,1.4378,1.4413,1.4365,1.4408,56663.46
2026-07-29 16:35:00,1.4408,1.4426,1.4398,1.4425,81822.06
2026-07-29 16:40:00,1.4425,1.4457,1.4416,1.4455,38598.47
2026-07-29 16:45:00,1.4455,1.4466,1.4452,1.4458,128418.08
2026-07-29 16:50:00,1.4458,1.4468,1.4457,1.4468,5967.33
2026-07-29 16:55:00,1.4468,1.4482,1.4461,1.4479,131056.24
2026-07-29 17:00:00,1.4479,1.4492,1.4475,1.4489,40913.1
2026-07-29 17:05:00,1.4489,1.45,1.447,1.4492,10639.81
2026-07-29 17:10:00,1.4492,1.4518,1.4485,1.4515,149470.2
2026-07-29 17:15:00,1.4515,1.4521,1.4507,1.4518,20836.42
2026-07-29 17:20:00,1.4518,1.4545,1.4509,1.4525,6890.45
2026-07-29 17:25:00,1.4525,1.4549,1.4524,1.4528,206.21
2026-07-29 17:30:00,1.4528,1.454,1.4523,1.4534,105500.97
2026-07-29 17:35:00,1.4534,1.454,1.4523,1.4539,132218.82
2026-07-29 17:40:00,1.4539,1.4554,1.4497,1.4506,123994.32
2026-07-29 17:45:00,1.4506,1.4518,1.449,1.4495,7592.1
2026-07-29 17:50:00,1.4495,1.451,1.4488,1.4498,37831.54
2026-07-29 17:55:00,1.4498,1.4517,1.447,1.4483,27769.22
2026-07-29 18:00:00,1.4483,1.4487,1.4467,1.447,20240.86
2026-07-29 18:05:00,1.447,1.4481,1.4442,1.4446,33906.97
2026-07-29 18:10:00,1.4446,1.4466,1.4438,1.4447,8560.32
2026-07-29 18:15:00,1.4447,1.4529,1.4445,1.4512,18043.71
2026-07-29 18:20:00,1.4512,1.4528,1.4508,1.4517,67361.43
2026-07-29 18:25:00,1.4517,1.4526,1.4512,1.4515,23678.88
2026-07-29 18:30:00,1.4515,1.453,1.451,1.4522,16291.04
2026-07-29 18:35:00,1.4522,1.4577,1.4492,1.4497,10408.44
2026-07-29 18:40:00,1.4497,1.4529,1.4494,1.4512,25742.28
2026-07-29 18:45:00,1.4512,1.4516,1.4506,1.4513,6755.72
2026-07-29 18:50:00,1.4513,1.4537,1.451,1.4535,39887.79
2026-07-29 18:55:00,1.4535,1.4552,1.4516,1.4549,15566.15
2026-07-29 19:00:00,1.4549,1.4552,1.4519,1.454,63445.31
2026-07-29 19:05:00,1.454,1.4552,1.4508,1.4524,14033.42
2026-07-29 19:10:00,1.4524,1.4527,1.4493,1.451,263086.03
2026-07-29 19:15:00,1.451,1.4518,1.4483,1.4501,4133.54
2026-07-29 19:20:00,1.4501,1.4521,1.4493,1.4518,34170.8
2026-07-29 19:25:00,1.4518,1.4535,1.4511,1.4526,9879.71
2026-07-29 19:30:00,1.4526,1.4538,1.4505,1.4528,44721.83
2026-07-29 19:35:00,1.4528,1.457,1.4485,1.4497,189586.24
2026-07-29 19:40:00,1.4497,1.4507,1.4494,1.45,38066.4
2026-07-29 19:45:00,1.45,1.4513,1.4478,1.4495,53202.65
2026-07-29 19:50:00,1.4495,1.4504,1.4485,1.4503,45496.68
2026-07-29 19:55:00,1.4503,1.4518,1.4489,1.4502,11345.23
2026-07-29 20:00:00,1.4502,1.4526,1.4497,1.4517,60035.17
2026-07-29 20:05:00,1.4517,1.4518,1.4504,1.4512,217282.67
2026-07-29 20:10:00,1.4512,1.4515,1.4493,1.4497,6695.51
2026-07-29 20:15:00,1.4497,1.4518,1.4485,1.4518,43943.58
2026-07-29 20:20:00,1.4518,1.4553,1.448,1.4481,125247.09
2026-07-29 20:25:00,1.4481,1.4507,1.4481,1.4494,21154.55
2026-07-29 20:30:00,1.4494,1.4508,1.4478,1.4493,19996.61
2026-07-29 20:35:00,1.4493,1.4515,1.4472,1.4495,30897.08
2026-07-29 20:40:00,1.4495,1.452,1.4482,1.4501,34376.74
2026-07-29 20:45:00,1.4501,1.4523,1.4475,1.4512,44363.29
2026-07-29 20:50:00,1.4512,1.4517,1.4493,1.4494,77207.82
2026-07-29 20:55:00,1.4494,1.4495,1.4481,1.4494,4601.2
2026-07-29 21:00:00,1.4494,1.4494,1.4478,1.4483,40594.2
2026-07-29 21:05:00,1.4483,1.4502,1.4471,1.4494,34329.56
2026-07-29 21:10:00,1.4494,1.4496,1.4461,1.448,12002.15
2026-07-29 21:15:00,1.448,1.4504,1.4472,1.4504,5384.19
2026-07-29 21:20:00,1.4504,1.4531,1.4502,1.4513,596.64
2026-07-29 21:25:00,1.4513,1.4529,1.4509,1.451,26516.68
2026-07-29 21:30:00,1.451,1.4532,1.4505,1.4528,12689.02
2026-07-29 21:35:00,1.4528,1.4555,1.4523,1.4546,26396.25
2026-07-29 21:40:00,1.4546,1.4553,1.4536,1.4542,2647.77
2026-07-29 21:45:00,1.4542,1.4574,1.4502,1.4513,455950.16
2026-07-29 21:50:00,1.4513,1.4523,1.4505,1.4516,29770.33
2026-07-29 21:55:00,1.4516,1.4533,1.4511,1.4512,17122.26
2026-07-29 22:00:00,1.4512,1.4519,1.4489,1.4508,95767.87
2026-07-29 22:05:00,1.4508,1.4517,1.45,1.4508,49366.8
2026-07-29 22:10:00,1.4508,1.4515,1.4489,1.4495,11802.18
2026-07-29 22:15:00,1.4495,1.452,1.4487,1.4518,42663.66
2026-07-29 22:20:00,1.4518,1.4544,1.4518,1.4532,195053.1
2026-07-29 22:25:00,1.4532,1.4564,1.4529,1.4561,1363.87
2026-07-29 22:30:00,1.4561,1.4576,1.4543,1.4557,2272.94
2026-07-29 22:35:00,1.4557,1.4564,1.4547,1.4555,42676.02
2026-07-29 22:40:00,1.4555,1.4559,1.4525,1.4539,13077.95
2026-07-29 22:45:00,1.4539,1.4576,1.4496,1.4508,115375.17
2026-07-29 22:50:00,1.4508,1.4521,1.4508,1.4513,36225.74
2026-07-29 22:55:00,1.4513,1.4522,1.4509,1.4518,20574.07
2026-07-29 23:00:00,1.4518,1.4532,1.4425,1.4457,117827.06
2026-07-29 23:05:00,1.4457,1.4468,1.4449,1.4455,187596.16
2026-07-29 23:10:00,1.4455,1.4457,1.4444,1.4446,14477.75
2026-07-29 23:15:00,1.4446,1.4457,1.4437,1.4455,6339.18
2026-07-29 23:20:00,1.4455,1.4486,1.4448,1.448,2098.06
2026-07-29 23:25:00,1.448,1.4482,1.4452,1.446,182368.7
2026-07-29 23:30:00,1.446,1.4495,1.4452,1.4475,93663.32
2026-07-29 23:35:00,1.4475,1.4485,1.4471,1.4475,60179.08
2026-07-29 23:40:00,1.4475,1.4491,1.446,1.4468,172829.11
2026-07-29 23:45:00,1.4468,1.4477,1.446,1.4463,21090.44
2026-07-29 23:50:00,1.4463,1.4508,1.4416,1.4503,66665.39
2026-07-29 23:55:00,1.4503,1.4529,1.4494,1.4523,8395.09
2026-07-30 00:00:00,1.4523,1.4539,1.4514,1.4537,31052.46
2026-07-30 00:05:00,1.4537,1.454,1.4522,1.4528,65564.65
2026-07-30 00:10:00,1.4528,1.4532,1.4488,1.4507,50852.56
2026-07-30 00:15:00,1.4507,1.4511,1.4504,1.4504,330.16
2026-07-30 00:20:00,1.4504,1.4532,1.4493,1.4522,10409.95
2026-07-30 00:25:00,1.4522,1.4536,1.4519,1.4532,23137.71
2026-07-30 00:30:00,1.4532,1.4539,1.4515,1.4516,603.9
2026-07-30 00:35:00,1.4516,1.4521,1.4501,1.4504,57133.18
2026-07-30 00:40:00,1.4504,1.451,1.4463,1.4479,39529.83
2026-07-30 00:45:00,1.4479,1.4489,1.446,1.4467,32265.0
2026-07-30 00:50:00,1.4467,1.449,1.4464,1.4486,80965.7
2026-07-30 00:55:00,1.4486,1.4526,1.4485,1.4507,116801.94
2026-07-30 01:00:00,1.4507,1.4546,1.4505,1.4521,17905.24
2026-07-30 01:05:00,1.4521,1.4528,1.4496,1.4507,45159.1
2026-07-30 01:10:00,1.4507,1.4522,1.4493,1.4516,76635.16
2026-07-30 01:15:00,1.4516,1.4523,1.4494,1.4499,35607.86
2026-07-30 01:20:00,1.4499,1.4514,1.4489,1.4505,125741.28
2026-07-30 01:25:00,1.4505,1.4508,1.4468,1.4479,69082.04
2026-07-30 01:30:00,1.4479,1.4489,1.4465,1.4465,151726.6
2026-07-30 01:35:00,1.4465,1.4475,1.445,1.4457,31397.86
2026-07-30 01:40:00,1.4457,1.448,1.443,1.447,400951.3
2026-07-30 01:45:00,1.447,1.448,1.4458,1.4476,8849.93
2026-07-30 01:50:00,1.4476,1.4486,1.4434,1.4452,24615.79
2026-07-30 01:55:00,1.4452,1.4455,1.4428,1.4445,21903.57
2026-07-30 02:00:00,1.4445,1.4469,1.4437,1.4459,79674.16
2026-07-30 02:05:00,1.4459,1.4503,1.4407,1.4498,38832.11
2026-07-30 02:10:00,1.4498,1.4509,1.4472,1.4482,84100.23
2026-07-30 02:15:00,1.4482,1.4482,1.446,1.447,37356.6
2026-07-30 02:20:00,1.447,1.4509,1.4433,1.4497,37066.52
2026-07-30 02:25:00,1.4497,1.4504,1.4481,1.4489,137421.04
2026-07-30 02:30:00,1.4489,1.4531,1.4481,1.4501,94183.55
2026-07-30 02:35:00,1.4501,1.4501,1.4478,1.4492,6009.86
2026-07-30 02:40:00,1.4492,1.4512,1.4492,1.45,59737.21
2026-07-30 02:45:00,1.45,1.4543,1.4489,1.4534,75835.65
2026-07-30 02:50:00,1.4534,1.4564,1.4513,1.4521,5320.27
2026-07-30 02:55:00,1.4521,1.4527,1.4508,1.4522,24537.09
2026-07-30 03:00:00,1.4522,1.4529,1.4508,1.4518,16467.19
2026-07-30 03:05:00,1.4518,1.4522,1.4494,1.4499,218874.81
2026-07-30 03:10:00,1.4499,1.4523,1.4498,1.4509,61742.96
2026-07-30 03:15:00,1.4509,1.4516,1.4481,1.4503,172855.1
2026-07-30 03:20:00,1.4503,1.4508,1.4491,1.4492,39266.05
2026-07-30 03:25:00,1.4492,1.4506,1.4439,1.4452,10933.34
2026-07-30 03:30:00,1.4452,1.4463,1.4414,1.4431,36850.6
2026-07-30 03:35:00,1.4431,1.4442,1.4412,1.4436,83184.82
2026-07-30 03:40:00,1.4436,1.4454,1.4423,1.445,40609.85
2026-07-30 03:45:00,1.445,1.4495,1.4435,1.449,74763.82
2026-07-30 03:50:00,1.449,1.4491,1.4471,1.4486,53903.63
2026-07-30 03:55:00,1.4486,1.4511,1.447,1.4498,48360.35
2026-07-30 04:00:00,1.4498,1.4508,1.4495,1.4505,23613.68
2026-07-30 04:05:00,1.4505,1.4533,1.4504,1.4525,62088.59
2026-07-30 04:10:00,1.4525,1.4526,1.4516,1.4525,35721.45
2026-07-30 04:15:00,1.4525,1.4525,1.4521,1.4522,59807.54
2026-07-30 04:20:00,1.4522,1.4552,1.4522,1.4543,119965.59
2026-07-30 04:25:00,1.4543,1.457,1.4502,1.4509,504020.16
2026-07-30 04:30:00,1.4509,1.4512,1.4506,1.4511,7566.18
2026-07-30 04:35:00,1.4511,1.4543,1.4504,1.4529,64636.03
2026-07-30 04:40:00,1.4529,1.4585,1.4482,1.4496,765743.87
2026-07-30 04:45:00,1.4496,1.4514,1.4483,1.4499,19159.78
2026-07-30 04:50:00,1.4499,1.4526,1.4481,1.4489,15592.38
2026-07-30 04:55:00,1.4489,1.4504,1.4475,1.4489,80099.98
2026-07-30 05:00:00,1.4489,1.4497,1.4475,1.448,79829.54
2026-07-30 05:05:00,1.448,1.4482,1.4435,1.4452,123420.07
2026-07-30 05:10:00,1.4452,1.4483,1.4441,1.4472,47245.9
2026-07-30 05:15:00,1.4472,1.448,1.4471,1.4478,2312.89
2026-07-30 05:20:00,1.4478,1.4488,1.4452,1.4481,10060.07
2026-07-30 05:25:00,1.4481,1.449,1.4445,1.445,91601.91
2026-07-30 05:30:00,1.445,1.4493,1.445,1.4492,72823.74
2026-07-30 05:35:00,1.4492,1.4509,1.4489,1.4508,49069.31
2026-07-30 05:40:00,1.4508,1.4524,1.4482,1.4488,58960.28
2026-07-30 05:45:00,1.4488,1.4506,1.4486,1.4503,119891.62
2026-07-30 05:50:00,1.4503,1.4533,1.4495,1.4524,106418.64
2026-07-30 05:55:00,1.4524,1.4533,1.4516,1.452,66082.22
2026-07-30 06:00:00,1.452,1.4531,1.4512,1.4529,68833.0
2026-07-30 06:05:00,1.4529,1.4532,1.4488,1.4494,20056.39
2026-07-30 06:10:00,1.4494,1.4496,1.4468,1.4473,52407.82
2026-07-30 06:15:00,1.4473,1.4493,1.4442,1.4453,151624.37
2026-07-30 06:20:00,1.4453,1.4461,1.4439,1.4442,93568.41
2026-07-30 06:25:00,1.4442,1.4471,1.4396,1.446,271232.23
2026-07-30 06:30:00,1.446,1.4493,1.446,1.4474,20490.98
2026-07-30 06:35:00,1.4474,1.4477,1.4467,1.4471,25416.52
2026-07-30 06:40:00,1.4471,1.4486,1.4464,1.4486,45293.5
2026-07-30 06:45:00,1.4486,1.4487,1.4457,1.4472,2576.82
2026-07-30 06:50:00,1.4472,1.4493,1.4463,1.449,29239.17
2026-07-30 06:55:00,1.449,1.4507,1.4483,1.4496,26941.36
2026-07-30 07:00:00,1.4496,1.4515,1.4496,1.45,25635.1
2026-07-30 07:05:00,1.45,1.4513,1.4483,1.4492,87824.73
2026-07-30 07:10:00,1.4492,1.4512,1.4488,1.4499,84773.69
2026-07-30 07:15:00,1.4499,1.4512,1.4479,1.4485,28830.14
2026-07-30 07:20:00,1.4485,1.4496,1.4464,1.4489,2630.09
2026-07-30 07:25:00,1.4489,1.45,1.4449,1.4459,14481.5
2026-07-30 07:30:00,1.4459,1.4472,1.4416,1.4424,19230.65
2026-07-30 07:35:00,1.4424,1.4463,1.4401,1.4451,44568.02
2026-07-30 07:40:00,1.4451,1.4493,1.4446,1.4475,41863.74
2026-07-30 07:45:00,1.4475,1.4509,1.4465,1.4503,52324.97
2026-07-30 07:50:00,1.4503,1.4514,1.4472,1.4485,7956.01
2026-07-30 07:55:00,1.4485,1.4512,1.4483,1.45,11993.76
2026-07-30 08:00:00,1.45,1.4513,1.4497,1.4512,23511.06
2026-07-30 08:05:00,1.4512,1.4527,1.4502,1.4507,9781.21
2026-07-30 08:10:00,1.4507,1.4509,1.4497,1.4507,39274.01
2026-07-30 08:15:00,1.4507,1.4523,1.4487,1.4494,2050.4
2026-07-30 08:20:00,1.4494,1.4495,1.4477,1.4489,75035.46
2026-07-30 08:25:00,1.4489,1.4495,1.4474,1.4475,87021.42
2026-07-30 08:30:00,1.4475,1.4492,1.4461,1.4487,9218.43
2026-07-30 08:35:00,1.4487,1.4492,1.4468,1.4482,107951.42
2026-07-30 08:40:00,1.4482,1.4504,1.4463,1.4502,41839.57
2026-07-30 08:45:00,1.4502,1.4542,1.4495,1.4524,22507.03
2026-07-30 08:50:00,1.4524,1.4546,1.4515,1.4531,13703.79
2026-07-30 08:55:00,1.4531,1.4544,1.4517,1.4535,64382.32
2026-07-30 09:00:00,1.4535,1.4579,1.4497,1.451,36849.89
2026-07-30 09:05:00,1.451,1.4525,1.4491,1.4502,5073.61
2026-07-30 09:10:00,1.4502,1.4509,1.4494,1.4496,16657.89
2026-07-30 09:15:00,1.4496,1.4522,1.4487,1.4504,708.42
2026-07-30 09:20:00,1.4504,1.4523,1.4503,1.4522,47712.87
2026-07-30 09:25:00,1.4522,1.4539,1.4517,1.4518,144299.79
2026-07-30 09:30:00,1.4518,1.453,1.4511,1.4515,25360.86
2026-07-30 09:35:00,1.4515,1.4523,1.4505,1.4516,23829.27
2026-07-30 09:40:00,1.4516,1.4538,1.4483,1.449,9628.4
2026-07-30 09:45:00,1.449,1.4509,1.4487,1.4495,12706.25
2026-07-30 09:50:00,1.4495,1.451,1.4494,1.4503,42602.44
2026-07-30 09:55:00,1.4503,1.4509,1.4469,1.4481,83244.58
2026-07-30 10:00:00,1.4481,1.4498,1.4479,1.449,130810.18
2026-07-30 10:05:00,1.449,1.4496,1.4475,1.4477,18084.92
2026-07-30 10:10:00,1.4477,1.4515,1.4477,1.4504,17333.96
2026-07-30 10:15:00,1.4504,1.4528,1.449,1.4512,3291.83
2026-07-30 10:20:00,1.4512,1.4542,1.4506,1.4526,2093.45
2026-07-30 10:25:00,1.4526,1.4542,1.4524,1.4527,38745.99
2026-07-30 10:30:00,1.4527,1.4548,1.4513,1.454,47161.52
2026-07-30 10:35:00,1.454,1.4566,1.4535,1.4563,97717.78
2026-07-30 10:40:00,1.4563,1.4565,1.4533,1.4542,9708.69
2026-07-30 10:45:00,1.4542,1.4592,1.4494,1.4504,60820.13
2026-07-30 10:50:00,1.4504,1.4508,1.4499,1.4501,15913.97
2026-07-30 10:55:00,1.4501,1.452,1.4483,1.4519,3548.18
2026-07-30 11:00:00,1.4519,1.4576,1.447,1.4479,94989.9
2026-07-30 11:05:00,1.4479,1.4512,1.4478,1.4486,40724.26
2026-07-30 11:10:00,1.4486,1.4529,1.4477,1.4522,81666.09
2026-07-30 11:15:00,1.4522,1.453,1.4499,1.4524,31309.15
2026-07-30 11:20:00,1.4524,1.4548,1.4473,1.4483,289718.86
2026-07-30 11:25:00,1.4483,1.4486,1.4435,1.4437,212678.23
2026-07-30 11:30:00,1.4437,1.4443,1.4416,1.442,90281.99
2026-07-30 11:35:00,1.442,1.4448,1.4389,1.4435,322119.54
2026-07-30 11:40:00,1.4435,1.4456,1.4427,1.4443,98314.83
2026-07-30 11:45:00,1.4443,1.4453,1.4434,1.4446,40868.33
2026-07-30 11:50:00,1.4446,1.4497,1.4398,1.4489,47271.1
2026-07-30 11:55:00,1.4489,1.4495,1.4474,1.4479,3746.28
2026-07-30 12:00:00,1.4479,1.4483,1.4474,1.4483,11649.58
2026-07-30 12:05:00,1.4483,1.449,1.4475,1.4488,10748.77
2026-07-30 12:10:00,1.4488,1.4515,1.4477,1.4507,20836.91
2026-07-30 12:15:00,1.4507,1.4532,1.4499,1.4519,6496.06
2026-07-30 12:20:00,1.4519,1.4522,1.451,1.4522,57673.61
2026-07-30 12:25:00,1.4522,1.4561,1.4506,1.4535,2154.68
2026-07-30 12:30:00,1.4535,1.4537,1.4491,1.45,4847.22
2026-07-30 12:35:00,1.45,1.4537,1.4497,1.4518,39698.42
2026-07-30 12:40:00,1.4518,1.4539,1.4513,1.4536,635.36
2026-07-30 12:45:00,1.4536,1.4547,1.4496,1.451,60778.41
2026-07-30 12:50:00,1.451,1.4516,1.447,1.4481,2956.29
2026-07-30 12:55:00,1.4481,1.4488,1.4468,1.4474,31540.63
2026-07-30 13:00:00,1.4474,1.4496,1.4472,1.4494,82251.88
2026-07-30 13:05:00,1.4494,1.4503,1.447,1.4472,88.74
2026-07-30 13:10:00,1.4472,1.4473,1.4449,1.4462,12382.84
2026-07-30 13:15:00,1.4462,1.4463,1.4455,1.4459,8154.0
2026-07-30 13:20:00,1.4459,1.4476,1.4451,1.4469,33444.27
2026-07-30 13:25:00,1.4469,1.4516,1.4456,1.4511,46212.66
2026-07-30 13:30:00,1.4511,1.4514,1.4496,1.4504,60240.67
2026-07-30 13:35:00,1.4504,1.4513,1.447,1.4492,54924.04
2026-07-30 13:40:00,1.4492,1.4493,1.4483,1.4489,26238.1
2026-07-30 13:45:00,1.4489,1.4492,1.4474,1.4483,5426.61
2026-07-30 13:50:00,1.4483,1.4524,1.4473,1.4502,24733.36
2026-07-30 13:55:00,1.4502,1.4512,1.4488,1.449,41735.11
2026-07-30 14:00:00,1.449,1.4492,1.4467,1.4474,105323.22
2026-07-30 14:05:00,1.4474,1.4506,1.4472,1.4496,31603.91
2026-07-30 14:10:00,1.4496,1.4498,1.448,1.4495,40979.39
2026-07-30 14:15:00,1.4495,1.451,1.4484,1.4504,26083.94
2026-07-30 14:20:00,1.4504,1.4508,1.449,1.4495,57433.37
2026-07-30 14:25:00,1.4495,1.4496,1.4467,1.449,56859.97
2026-07-30 14:30:00,1.449,1.4505,1.4486,1.4494,29744.58
2026-07-30 14:35:00,1.4494,1.4524,1.4491,1.4503,15742.08
2026-07-30 14:40:00,1.4503,1.4508,1.4497,1.4501,80639.13
2026-07-30 14:45:00,1.4501,1.4508,1.4452,1.4472,103756.21
2026-07-30 14:50:00,1.4472,1.449,1.447,1.448,66518.24
2026-07-30 14:55:00,1.448,1.4487,1.4472,1.4475,74089.24
2026-07-30 15:00:00,1.4475,1.4501,1.4466,1.4488,33644.34
2026-07-30 15:05:00,1.4488,1.4501,1.448,1.449,2864.39
2026-07-30 15:10:00,1.449,1.4499,1.4466,1.4479,33983.14
2026-07-30 15:15:00,1.4479,1.4505,1.4466,1.4499,39918.13
2026-07-30 15:20:00,1.4499,1.4501,1.4456,1.4459,125998.35
2026-07-30 15:25:00,1.4459,1.4471,1.4455,1.447,3974.3
2026-07-30 15:30:00,1.447,1.4488,1.445,1.4484,69610.1
2026-07-30 15:35:00,1.4484,1.4496,1.4465,1.4476,4313.44
2026-07-30 15:40:00,1.4476,1.4505,1.4468,1.449,106131.97
2026-07-30 15:45:00,1.449,1.4498,1.4477,1.448,133974.16
2026-07-30 15:50:00,1.448,1.4508,1.4471,1.4502,5186.68
2026-07-30 15:55:00,1.4502,1.4522,1.4497,1.4517,82965.92
2026-07-30 16:00:00,1.4517,1.4573,1.447,1.448,50836.85
2026-07-30 16:05:00,1.448,1.4489,1.4468,1.4484,28889.72
2026-07-30 16:10:00,1.4484,1.4493,1.4466,1.4471,128693.48
2026-07-30 16:15:00,1.4471,1.4478,1.4419,1.442,8599.98
2026-07-30 16:20:00,1.442,1.4462,1.4384,1.4451,21225.61
2026-07-30 16:25:00,1.4451,1.4492,1.4447,1.4462,47095.51
2026-07-30 16:30:00,1.4462,1.4501,1.4453,1.4477,75228.89
2026-07-30 16:35:00,1.4477,1.448,1.4474,1.4475,77965.1
2026-07-30 16:40:00,1.4475,1.4498,1.4468,1.4497,1263.9
2026-07-30 16:45:00,1.4497,1.4523,1.448,1.4513,12874.38
2026-07-30 16:50:00,1.4513,1.4525,1.4487,1.4503,56300.24
2026-07-30 16:55:00,1.4503,1.4503,1.4499,1.4501,26620.39
2026-07-30 17:00:00,1.4501,1.4503,1.449,1.449,106530.15
2026-07-30 17:05:00,1.449,1.4521,1.4488,1.4514,692.64
2026-07-30 17:10:00,1.4514,1.4517,1.4499,1.4516,10440.71
2026-07-30 17:15:00,1.4516,1.4516,1.4502,1.4513,45388.69
2026-07-30 17:20:00,1.4513,1.4576,1.446,1.4469,109887.64
2026-07-30 17:25:00,1.4469,1.4488,1.4465,1.4474,10208.02
2026-07-30 17:30:00,1.4474,1.4505,1.4458,1.4496,83050.53
2026-07-30 17:35:00,1.4496,1.4524,1.4469,1.4474,51407.99
2026-07-30 17:40:00,1.4474,1.4495,1.4462,1.4488,50299.96
2026-07-30 17:45:00,1.4488,1.4498,1.4469,1.4483,49318.25
2026-07-30 17:50:00,1.4483,1.4504,1.4478,1.4489,58507.2
2026-07-30 17:55:00,1.4489,1.449,1.4481,1.4483,58664.21
2026-07-30 18:00:00,1.4483,1.45,1.4471,1.4486,67573.38
2026-07-30 18:05:00,1.4486,1.4493,1.448,1.4492,24287.12
2026-07-30 18:10:00,1.4492,1.4505,1.4479,1.4494,157413.61
2026-07-30 18:15:00,1.4494,1.4509,1.447,1.4482,84867.37
2026-07-30 18:20:00,1.4482,1.4494,1.4472,1.4473,167406.2
2026-07-30 18:25:00,1.4473,1.4489,1.4457,1.4475,31688.42
2026-07-30 18:30:00,1.4475,1.4478,1.4459,1.4471,74986.6
2026-07-30 18:35:00,1.4471,1.4503,1.4455,1.4502,19815.59
2026-07-30 18:40:00,1.4502,1.455,1.4475,1.4539,37497.48
2026-07-30 18:45:00,1.4539,1.4551,1.4536,1.4549,21918.55
2026-07-30 18:50:00,1.4549,1.4574,1.4546,1.4573,20166.12
2026-07-30 18:55:00,1.4573,1.4577,1.4544,1.4553,16308.4
2026-07-30 19:00:00,1.4553,1.4577,1.4539,1.4571,52903.13
2026-07-30 19:05:00,1.4571,1.4591,1.4566,1.4591,54429.61
2026-07-30 19:10:00,1.4591,1.4643,1.4567,1.4577,253798.17
2026-07-30 19:15:00,1.4577,1.4577,1.4556,1.4561,40208.33
2026-07-30 19:20:00,1.4561,1.4589,1.4545,1.4567,7228.27
2026-07-30 19:25:00,1.4567,1.4598,1.4515,1.4524,165879.98
2026-07-30 19:30:00,1.4524,1.454,1.4469,1.4477,59297.99
2026-07-30 19:35:00,1.4477,1.4479,1.4438,1.4441,119414.72
2026-07-30 19:40:00,1.4441,1.4465,1.4439,1.4461,101537.74
2026-07-30 19:45:00,1.4461,1.4469,1.4448,1.4462,13199.2
2026-07-30 19:50:00,1.4462,1.4496,1.4433,1.4486,46310.18
2026-07-30 19:55:00,1.4486,1.452,1.4477,1.4514,67477.64
2026-07-30 20:00:00,1.4514,1.4528,1.4514,1.4526,12090.8
2026-07-30 20:05:00,1.4526,1.4535,1.4497,1.4519,49868.97
2026-07-30 20:10:00,1.4519,1.4535,1.4508,1.4513,30277.7
2026-07-30 20:15:00,1.4513,1.4517,1.4483,1.449,104027.13
2026-07-30 20:20:00,1.449,1.4548,1.4488,1.4542,39596.69
2026-07-30 20:25:00,1.4542,1.4544,1.4525,1.4531,89621.16
2026-07-30 20:30:00,1.4531,1.4546,1.453,1.4542,97440.23
2026-07-30 20:35:00,1.4542,1.4547,1.4517,1.4527,14916.62
2026-07-30 20:40:00,1.4527,1.4541,1.4524,1.4531,45118.77
2026-07-30 20:45:00,1.4531,1.4545,1.4516,1.4518,1402.27
2026-07-30 20:50:00,1.4518,1.4522,1.4512,1.4513,45315.94
2026-07-30 20:55:00,1.4513,1.452,1.4501,1.4502,57506.75
2026-07-30 21:00:00,1.4502,1.4506,1.4485,1.4499,27473.46
2026-07-30 21:05:00,1.4499,1.4506,1.447,1.4479,85253.09
2026-07-30 21:10:00,1.4479,1.4494,1.4447,1.4464,25632.2
2026-07-30 21:15:00,1.4464,1.4474,1.4463,1.4469,87555.66
2026-07-30 21:20:00,1.4469,1.451,1.4459,1.4501,55815.67
2026-07-30 21:25:00,1.4501,1.4523,1.4492,1.4509,4151.59
2026-07-30 21:30:00,1.4509,1.4532,1.4491,1.4522,21728.36
2026-07-30 21:35:00,1.4522,1.4529,1.4511,1.4523,5756.86
2026-07-30 21:40:00,1.4523,1.4527,1.4495,1.4495,18797.24
2026-07-30 21:45:00,1.4495,1.4509,1.4489,1.4498,20523.95
2026-07-30 21:50:00,1.4498,1.4502,1.4478,1.4502,46093.62
2026-07-30 21:55:00,1.4502,1.4537,1.4481,1.4507,23426.35
2026-07-30 22:00:00,1.4507,1.4519,1.4505,1.4519,7176.94
2026-07-30 22:05:00,1.4519,1.4526,1.4519,1.4525,70279.69
2026-07-30 22:10:00,1.4525,1.453,1.4501,1.4506,66418.4
2026-07-30 22:15:00,1.4506,1.4527,1.4494,1.451,70357.81
2026-07-30 22:20:00,1.451,1.4539,1.4504,1.4522,39544.13
2026-07-30 22:25:00,1.4522,1.4536,1.4503,1.4517,10275.59
2026-07-30 22:30:00,1.4517,1.4517,1.4495,1.4498,28761.3
2026-07-30 22:35:00,1.4498,1.4522,1.4489,1.4516,98073.73
2026-07-30 22:40:00,1.4516,1.4531,1.4515,1.4515,29452.89
2026-07-30 22:45:00,1.4515,1.4524,1.4479,1.4496,24394.03
2026-07-30 22:50:00,1.4496,1.4517,1.4494,1.4512,37546.46
2026-07-30 22:55:00,1.4512,1.4536,1.4506,1.4529,28812.54
2026-07-30 23:00:00,1.4529,1.4536,1.4504,1.4525,5457.51
2026-07-30 23:05:00,1.4525,1.4531,1.4497,1.4513,59052.08
2026-07-30 23:10:00,1.4513,1.453,1.4483,1.4484,43491.56
2026-07-30 23:15:00,1.4484,1.4488,1.447,1.4485,55565.45
2026-07-30 23:20:00,1.4485,1.4502,1.4477,1.4484,29805.93
2026-07-30 23:25:00,1.4484,1.4496,1.447,1.4476,13046.3
2026-07-30 23:30:00,1.4476,1.4511,1.4472,1.4504,82255.76
2026-07-30 23:35:00,1.4504,1.4515,1.4491,1.4508,19084.92
2026-07-30 23:40:00,1.4508,1.4531,1.447,1.4477,27835.71
2026-07-30 23:45:00,1.4477,1.4477,1.446,1.4461,63882.97
2026-07-30 23:50:00,1.4461,1.4462,1.4451,1.4452,38100.04
2026-07-30 23:55:00,1.4452,1.4471,1.4434,1.444,34984.93
2026-07-31 00:00:00,1.444,1.448,1.4377,1.4475,70160.8
2026-07-31 00:05:00,1.4475,1.4482,1.4441,1.4447,2981.99
2026-07-31 00:10:00,1.4447,1.4482,1.4415,1.4475,41225.62
2026-07-31 00:15:00,1.4475,1.4476,1.447,1.4471,22814.04
2026-07-31 00:20:00,1.4471,1.4478,1.442,1.4426,546.97
2026-07-31 00:25:00,1.4426,1.4433,1.4413,1.4429,5947.03
2026-07-31 00:30:00,1.4429,1.4468,1.44,1.4463,150270.86
2026-07-31 00:35:00,1.4463,1.4472,1.4446,1.4454,29813.5
2026-07-31 00:40:00,1.4454,1.4458,1.4436,1.444,34044.36
2026-07-31 00:45:00,1.444,1.448,1.4385,1.4467,116556.16
2026-07-31 00:50:00,1.4467,1.4474,1.4454,1.4455,61961.48
2026-07-31 00:55:00,1.4455,1.4466,1.4452,1.4454,27352.46
2026-07-31 01:00:00,1.4454,1.4484,1.4423,1.4476,191857.84
2026-07-31 01:05:00,1.4476,1.4511,1.4447,1.451,55587.42
2026-07-31 01:10:00,1.451,1.4517,1.4499,1.4515,13957.41
2026-07-31 01:15:00,1.4515,1.4554,1.45,1.4538,14802.29
2026-07-31 01:20:00,1.4538,1.4567,1.4495,1.45,67274.0
2026-07-31 01:25:00,1.45,1.4506,1.4498,1.4503,8210.77
2026-07-31 01:30:00,1.4503,1.4517,1.4484,1.4493,128506.18
2026-07-31 01:35:00,1.4493,1.4518,1.4484,1.45,94153.95
2026-07-31 01:40:00,1.45,1.451,1.4483,1.4507,85953.6
2026-07-31 01:45:00,1.4507,1.4541,1.4505,1.4524,69619.27
2026-07-31 01:50:00,1.4524,1.4561,1.4521,1.455,122836.2
2026-07-31 01:55:00,1.455,1.4579,1.4546,1.4557,26134.54
2026-07-31 02:00:00,1.4557,1.4568,1.4533,1.4536,32445.11
2026-07-31 02:05:00,1.4536,1.4557,1.4528,1.4546,44334.52
2026-07-31 02:10:00,1.4546,1.4596,1.4503,1.4516,405728.2
2026-07-31 02:15:00,1.4516,1.456,1.4472,1.4485,237636.51
2026-07-31 02:20:00,1.4485,1.4487,1.4473,1.4475,17339.61
2026-07-31 02:25:00,1.4475,1.448,1.4456,1.4461,84112.04
2026-07-31 02:30:00,1.4461,1.4474,1.4425,1.445,17914.54
2026-07-31 02:35:00,1.445,1.4472,1.4401,1.4463,43203.4
2026-07-31 02:40:00,1.4463,1.4463,1.4444,1.4453,54960.66
2026-07-31 02:45:00,1.4453,1.4483,1.4446,1.4474,72252.14
2026-07-31 02:50:00,1.4474,1.4474,1.4464,1.4468,60838.93
2026-07-31 02:55:00,1.4468,1.4503,1.443,1.4496,16630.66
2026-07-31 03:00:00,1.4496,1.4497,1.4471,1.4478,50248.61
2026-07-31 03:05:00,1.4478,1.4478,1.4436,1.4453,47143.69
2026-07-31 03:10:00,1.4453,1.4469,1.4442,1.4448,7016.86
2026-07-31 03:15:00,1.4448,1.4492,1.4415,1.448,124374.36
2026-07-31 03:20:00,1.448,1.4483,1.4455,1.4462,44132.21
2026-07-31 03:25:00,1.4462,1.4465,1.4452,1.4454,82373.02
2026-07-31 03:30:00,1.4454,1.4496,1.4404,1.449,86908.21
2026-07-31 03:35:00,1.449,1.4495,1.4462,1.4479,13402.62
2026-07-31 03:40:00,1.4479,1.4501,1.4475,1.4494,19921.18
2026-07-31 03:45:00,1.4494,1.4512,1.4491,1.451,3514.54
2026-07-31 03:50:00,1.451,1.4512,1.4501,1.4506,13785.29
2026-07-31 03:55:00,1.4506,1.4507,1.4495,1.4497,219986.1
2026-07-31 04:00:00,1.4497,1.4505,1.4429,1.4463,104181.33
2026-07-31 04:05:00,1.4463,1.4466,1.4438,1.444,35733.83
2026-07-31 04:10:00,1.444,1.4466,1.4395,1.4461,96345.49
2026-07-31 04:15:00,1.4461,1.4463,1.4438,1.4445,5077.98
2026-07-31 04:20:00,1.4445,1.4498,1.4381,1.4484,35857.55
2026-07-31 04:25:00,1.4484,1.4488,1.4472,1.4486,39487.44
2026-07-31 04:30:00,1.4486,1.4515,1.4467,1.4471,37051.95
2026-07-31 04:35:00,1.4471,1.4472,1.4435,1.4445,46720.18
2026-07-31 04:40:00,1.4445,1.4445,1.4405,1.4407,31244.17
2026-07-31 04:45:00,1.4407,1.4436,1.4366,1.4424,294846.42
2026-07-31 04:50:00,1.4424,1.4429,1.4402,1.441,48619.29
2026-07-31 04:55:00,1.441,1.4415,1.4387,1.4396,176215.37
2026-07-31 05:00:00,1.4396,1.442,1.4383,1.4408,32366.99
2026-07-31 05:05:00,1.4408,1.4416,1.4408,1.4416,4108.89
2026-07-31 05:10:00,1.4416,1.4449,1.436,1.4438,32182.4
2026-07-31 05:15:00,1.4438,1.4462,1.443,1.4457,135003.11
2026-07-31 05:20:00,1.4457,1.4475,1.4453,1.4463,81983.16
2026-07-31 05:25:00,1.4463,1.4482,1.4458,1.4481,77161.62
2026-07-31 05:30:00,1.4481,1.4494,1.4479,1.4491,97769.34
2026-07-31 05:35:00,1.4491,1.4507,1.4482,1.4483,17749.12
2026-07-31 05:40:00,1.4483,1.4495,1.448,1.4486,1192.88
2026-07-31 05:45:00,1.4486,1.4515,1.448,1.4495,40223.98
2026-07-31 05:50:00,1.4495,1.4503,1.4489,1.449,90353.38
2026-07-31 05:55:00,1.449,1.4504,1.4481,1.4502,13199.7
2026-07-31 06:00:00,1.4502,1.4502,1.4492,1.4497,182441.31
2026-07-31 06:05:00,1.4497,1.4523,1.4492,1.4513,26560.29
2026-07-31 06:10:00,1.4513,1.4549,1.4506,1.4534,39489.25
2026-07-31 06:15:00,1.4534,1.4591,1.4482,1.4495,475942.39
2026-07-31 06:20:00,1.4495,1.4512,1.4487,1.4492,102823.79
2026-07-31 06:25:00,1.4492,1.4494,1.4473,1.4483,17017.04
2026-07-31 06:30:00,1.4483,1.4485,1.4441,1.4451,256585.56
2026-07-31 06:35:00,1.4451,1.4459,1.4426,1.4453,97140.98
2026-07-31 06:40:00,1.4453,1.4476,1.4427,1.4449,189135.72
2026-07-31 06:45:00,1.4449,1.4451,1.4429,1.4431,31777.88
2026-07-31 06:50:00,1.4431,1.4453,1.4376,1.4442,34121.37
2026-07-31 06:55:00,1.4442,1.4485,1.4379,1.4479,330921.8
2026-07-31 07:00:00,1.4479,1.4495,1.4459,1.4473,35835.05
2026-07-31 07:05:00,1.4473,1.4494,1.4472,1.4477,49473.13
2026-07-31 07:10:00,1.4477,1.4481,1.4413,1.4429,20646.66
2026-07-31 07:15:00,1.4429,1.4456,1.4424,1.4442,86722.64
2026-07-31 07:20:00,1.4442,1.4492,1.4416,1.4479,17609.51
2026-07-31 07:25:00,1.4479,1.4495,1.4467,1.4469,312052.3
2026-07-31 07:30:00,1.4469,1.4477,1.4436,1.4462,64506.9
2026-07-31 07:35:00,1.4462,1.4474,1.4452,1.4459,63390.73
2026-07-31 07:40:00,1.4459,1.4487,1.4458,1.4466,68772.83
2026-07-31 07:45:00,1.4466,1.4469,1.4433,1.4453,19769.46
2026-07-31 07:50:00,1.4453,1.4459,1.4426,1.4445,75689.2
2026-07-31 07:55:00,1.4445,1.4475,1.4443,1.4474,72499.99
2026-07-31 08:00:00,1.4474,1.4476,1.4451,1.4466,51977.82
2026-07-31 08:05:00,1.4466,1.4472,1.4448,1.4448,16354.21
2026-07-31 08:10:00,1.4448,1.4478,1.4446,1.4465,4307.44
2026-07-31 08:15:00,1.4465,1.4466,1.4451,1.4459,164917.82
2026-07-31 08:20:00,1.4459,1.4469,1.4458,1.4462,26908.42
2026-07-31 08:25:00,1.4462,1.4489,1.4458,1.4471,113009.44
2026-07-31 08:30:00,1.4471,1.4471,1.4453,1.4463,50326.46
2026-07-31 08:35:00,1.4463,1.4474,1.4426,1.4431,40703.54
2026-07-31 08:40:00,1.4431,1.4439,1.4415,1.4421,149866.53
2026-07-31 08:45:00,1.4421,1.4428,1.4395,1.4407,4540.83
2026-07-31 08:50:00,1.4407,1.4429,1.4385,1.4423,16930.33
2026-07-31 08:55:00,1.4423,1.4455,1.44,1.4448,1517.82
2026-07-31 09:00:00,1.4448,1.4469,1.444,1.4442,103734.06
2026-07-31 09:05:00,1.4442,1.4446,1.4435,1.4445,24490.3
2026-07-31 09:10:00,1.4445,1.4458,1.4444,1.445,106290.79
2026-07-31 09:15:00,1.445,1.4451,1.4424,1.4444,96357.57
2026-07-31 09:20:00,1.4444,1.4456,1.4419,1.4425,22338.01
2026-07-31 09:25:00,1.4425,1.4431,1.4409,1.4416,65367.53
2026-07-31 09:30:00,1.4416,1.445,1.4359,1.4444,79643.1
2026-07-31 09:35:00,1.4444,1.4461,1.4424,1.4436,13779.74
2026-07-31 09:40:00,1.4436,1.4441,1.4433,1.4435,76276.11
2026-07-31 09:45:00,1.4435,1.4444,1.4421,1.444,49084.89
2026-07-31 09:50:00,1.444,1.4445,1.4428,1.4428,106452.51
2026-07-31 09:55:00,1.4428,1.4447,1.4421,1.4431,16870.62
2026-07-31 10:00:00,1.4431,1.4438,1.4414,1.442,129348.34
2026-07-31 10:05:00,1.442,1.4429,1.4409,1.4429,47206.81
2026-07-31 10:10:00,1.4429,1.4446,1.4406,1.4416,58891.27
2026-07-31 10:15:00,1.4416,1.4449,1.4403,1.4443,16112.81
2026-07-31 10:20:00,1.4443,1.4447,1.4437,1.4445,174733.96
2026-07-31 10:25:00,1.4445,1.4461,1.4419,1.4431,78686.68
2026-07-31 10:30:00,1.4431,1.4466,1.4427,1.4439,17817.62
2026-07-31 10:35:00,1.4439,1.4443,1.4431,1.4441,15713.45
2026-07-31 10:40:00,1.4441,1.4446,1.4403,1.4415,35557.46
2026-07-31 10:45:00,1.4415,1.4445,1.4381,1.4432,263029.62
2026-07-31 10:50:00,1.4432,1.4456,1.4407,1.4408,3397.64
2026-07-31 10:55:00,1.4408,1.4419,1.4405,1.4408,5430.14
2026-07-31 11:00:00,1.4408,1.4426,1.4402,1.4421,138587.28
2026-07-31 11:05:00,1.4421,1.4456,1.4413,1.4442,48880.11
2026-07-31 11:10:00,1.4442,1.4456,1.4425,1.4429,148300.51
2026-07-31 11:15:00,1.4429,1.4449,1.4427,1.4444,44155.71
2026-07-31 11:20:00,1.4444,1.4444,1.4425,1.4435,44351.26
2026-07-31 11:25:00,1.4435,1.4446,1.4413,1.4423,21754.31
2026-07-31 11:30:00,1.4423,1.4468,1.4381,1.4461,265823.63
2026-07-31 11:35:00,1.4461,1.4462,1.4429,1.4439,48473.0
2026-07-31 11:40:00,1.4439,1.4443,1.4407,1.4412,63772.58
2026-07-31 11:45:00,1.4412,1.4443,1.4352,1.4437,68341.99
2026-07-31 11:50:00,1.4437,1.4442,1.4422,1.4425,6552.5
2026-07-31 11:55:00,1.4425,1.4433,1.4422,1.4433,19987.11
2026-07-31 12:00:00,1.4433,1.4463,1.4417,1.444,169804.88
2026-07-31 12:05:00,1.444,1.4447,1.4431,1.444,154277.31
2026-07-31 12:10:00,1.444,1.4461,1.4424,1.4436,228998.07
2026-07-31 12:15:00,1.4436,1.4442,1.4418,1.4432,14581.39
2026-07-31 12:20:00,1.4432,1.4448,1.4426,1.4442,60421.21
2026-07-31 12:25:00,1.4442,1.4447,1.4413,1.4421,657.34
2026-07-31 12:30:00,1.4421,1.4432,1.4409,1.4411,61696.39
2026-07-31 12:35:00,1.4411,1.4428,1.4401,1.4411,11005.56
2026-07-31 12:40:00,1.4411,1.4414,1.439,1.4391,57612.79
2026-07-31 12:45:00,1.4391,1.4406,1.4372,1.4384,9671.99
2026-07-31 12:50:00,1.4384,1.4439,1.4352,1.4427,397993.23
2026-07-31 12:55:00,1.4427,1.4453,1.4384,1.4444,25056.56
2026-07-31 13:00:00,1.4444,1.4488,1.4432,1.4479,18247.57
2026-07-31 13:05:00,1.4479,1.4519,1.4455,1.4465,208672.68
2026-07-31 13:10:00,1.4465,1.4474,1.4461,1.4471,26443.99
2026-07-31 13:15:00,1.4471,1.4476,1.447,1.4472,40262.73
2026-07-31 13:20:00,1.4472,1.449,1.4441,1.4444,25085.52
2026-07-31 13:25:00,1.4444,1.4452,1.4428,1.443,61400.35
2026-07-31 13:30:00,1.443,1.4454,1.4372,1.4445,422559.95
2026-07-31 13:35:00,1.4445,1.4466,1.4431,1.4456,1040.96
2026-07-31 13:40:00,1.4456,1.4509,1.4453,1.4497,4208.82
2026-07-31 13:45:00,1.4497,1.4504,1.4494,1.4499,7549.01
2026-07-31 13:50:00,1.4499,1.4561,1.4478,1.4484,186714.93
2026-07-31 13:55:00,1.4484,1.4486,1.4429,1.4452,4531.03
2026-07-31 14:00:00,1.4452,1.4499,1.4407,1.4417,61948.93
2026-07-31 14:05:00,1.4417,1.4426,1.4402,1.4406,88594.67
2026-07-31 14:10:00,1.4406,1.4434,1.4393,1.443,28718.27
2026-07-31 14:15:00,1.443,1.4442,1.4416,1.444,190277.27
2026-07-31 14:20:00,1.444,1.4456,1.442,1.4432,3786.31
2026-07-31 14:25:00,1.4432,1.4454,1.4423,1.445,24447.13
2026-07-31 14:30:00,1.445,1.4464,1.4427,1.4436,61610.87
2026-07-31 14:35:00,1.4436,1.4462,1.4386,1.4452,15363.03
2026-07-31 14:40:00,1.4452,1.4485,1.4451,1.4473,7126.12
2026-07-31 14:45:00,1.4473,1.4488,1.446,1.4484,91115.06
2026-07-31 14:50:00,1.4484,1.4487,1.4465,1.4485,6975.56
2026-07-31 14:55:00,1.4485,1.4534,1.4451,1.4462,731348.66
2026-07-31 15:00:00,1.4462,1.4473,1.4453,1.4454,2104.44
2026-07-31 15:05:00,1.4454,1.4459,1.4445,1.4453,116059.48
2026-07-31 15:10:00,1.4453,1.4464,1.4449,1.4454,834.24
2026-07-31 15:15:00,1.4454,1.4476,1.4445,1.4471,5001.0
2026-07-31 15:20:00,1.4471,1.4486,1.4465,1.4473,39819.3
2026-07-31 15:25:00,1.4473,1.4517,1.4436,1.445,147421.4
2026-07-31 15:30:00,1.445,1.4473,1.4433,1.4438,78762.44
2026-07-31 15:35:00,1.4438,1.4463,1.4438,1.4451,82672.26
2026-07-31 15:40:00,1.4451,1.4454,1.4449,1.4452,17102.48
2026-07-31 15:45:00,1.4452,1.4461,1.4449,1.4452,2848.77
2026-07-31 15:50:00,1.4452,1.4453,1.4422,1.4424,132620.76
2026-07-31 15:55:00,1.4424,1.4439,1.4408,1.441,5315.57
2026-07-31 16:00:00,1.441,1.4432,1.44,1.4403,9987.46
2026-07-31 16:05:00,1.4403,1.4409,1.4398,1.4402,14411.22
2026-07-31 16:10:00,1.4402,1.441,1.4384,1.4388,34209.47
2026-07-31 16:15:00,1.4388,1.4412,1.4374,1.4404,4998.7
2026-07-31 16:20:00,1.4404,1.4434,1.4344,1.442,36487.19
2026-07-31 16:25:00,1.442,1.4453,1.4415,1.4442,4578.24
2026-07-31 16:30:00,1.4442,1.4452,1.4426,1.4429,11157.92
2026-07-31 16:35:00,1.4429,1.4464,1.4423,1.4464,122223.59
2026-07-31 16:40:00,1.4464,1.4501,1.4462,1.4491,10952.08
2026-07-31 16:45:00,1.4491,1.4513,1.4438,1.4451,44866.78
2026-07-31 16:50:00,1.4451,1.4461,1.4447,1.4461,21590.35
2026-07-31 16:55:00,1.4461,1.4482,1.4451,1.4471,18550.58
2026-07-31 17:00:00,1.4471,1.4475,1.4437,1.4445,32180.98
2026-07-31 17:05:00,1.4445,1.4448,1.4428,1.4439,70259.7
2026-07-31 17:10:00,1.4439,1.4446,1.4412,1.4423,95255.43
2026-07-31 17:15:00,1.4423,1.4435,1.4415,1.4428,73461.71
2026-07-31 17:20:00,1.4428,1.4435,1.4403,1.441,86085.96
2026-07-31 17:25:00,1.441,1.4429,1.4397,1.4424,8996.03
2026-07-31 17:30:00,1.4424,1.4431,1.4389,1.4393,316280.68
2026-07-31 17:35:00,1.4393,1.4446,1.4338,1.4432,46438.57
2026-07-31 17:40:00,1.4432,1.4438,1.4423,1.4427,69355.31
2026-07-31 17:45:00,1.4427,1.4432,1.4397,1.4402,3629.53
2026-07-31 17:50:00,1.4402,1.4408,1.4401,1.4405,10029.55
2026-07-31 17:55:00,1.4405,1.4416,1.4374,1.4385,56937.24
2026-07-31 18:00:00,1.4385,1.4402,1.4379,1.4394,15083.29
2026-07-31 18:05:00,1.4394,1.4453,1.4378,1.4422,15622.44
2026-07-31 18:10:00,1.4422,1.446,1.4419,1.4438,67240.57
2026-07-31 18:15:00,1.4438,1.4453,1.4421,1.4441,37945.08
2026-07-31 18:20:00,1.4441,1.4451,1.4434,1.4451,3424.24
2026-07-31 18:25:00,1.4451,1.4459,1.4432,1.4436,3536.67
2026-07-31 18:30:00,1.4436,1.4474,1.4432,1.4474,48567.88
2026-07-31 18:35:00,1.4474,1.4497,1.443,1.4435,357035.35
2026-07-31 18:40:00,1.4435,1.4467,1.4427,1.4429,36346.47
2026-07-31 18:45:00,1.4429,1.443,1.4395,1.4407,24345.91
2026-07-31 18:50:00,1.4407,1.4436,1.4379,1.4397,9350.48
2026-07-31 18:55:00,1.4397,1.4447,1.4335,1.4439,119179.94
2026-07-31 19:00:00,1.4439,1.4448,1.4409,1.4424,920.01
2026-07-31 19:05:00,1.4424,1.4425,1.4401,1.4415,55954.89
2026-07-31 19:10:00,1.4415,1.443,1.4409,1.4429,7658.16
2026-07-31 19:15:00,1.4429,1.4436,1.4398,1.4403,39515.48
2026-07-31 19:20:00,1.4403,1.4409,1.4366,1.4383,111865.7
2026-07-31 19:25:00,1.4383,1.4385,1.4359,1.4364,8427.53
2026-07-31 19:30:00,1.4364,1.4377,1.4317,1.4324,16900.27
2026-07-31 19:35:00,1.4324,1.4337,1.4317,1.4328,60717.77
2026-07-31 19:40:00,1.4328,1.4348,1.4314,1.4342,62926.28
2026-07-31 19:45:00,1.4342,1.438,1.4341,1.4366,3375.93
2026-07-31 19:50:00,1.4366,1.4369,1.4344,1.4363,183350.21
2026-07-31 19:55:00,1.4363,1.4402,1.4354,1.4381,50286.03
2026-07-31 20:00:00,1.4381,1.4401,1.4338,1.436,67535.05
2026-07-31 20:05:00,1.436,1.4366,1.4352,1.4363,8121.64
2026-07-31 20:10:00,1.4363,1.4376,1.4351,1.4374,21877.13
2026-07-31 20:15:00,1.4374,1.439,1.435,1.4352,8355.53
2026-07-31 20:20:00,1.4352,1.4359,1.4331,1.4342,97314.17
2026-07-31 20:25:00,1.4342,1.4388,1.4312,1.438,11073.9
2026-07-31 20:30:00,1.438,1.4419,1.4371,1.4403,237312.65
2026-07-31 20:35:00,1.4403,1.4406,1.4374,1.44,22703.33
2026-07-31 20:40:00,1.44,1.4404,1.4374,1.4394,53924.31
2026-07-31 20:45:00,1.4394,1.4412,1.4366,1.4399,72178.67
2026-07-31 20:50:00,1.4399,1.44,1.4387,1.4393,1910.22
2026-07-31 20:55:00,1.4393,1.4399,1.4379,1.4398,51082.78
2026-07-31 21:00:00,1.4398,1.4412,1.4363,1.4383,95403.05
2026-07-31 21:05:00,1.4383,1.4389,1.4376,1.4387,64140.36
2026-07-31 21:10:00,1.4387,1.4398,1.4371,1.4397,132749.94
2026-07-31 21:15:00,1.4397,1.4403,1.4386,1.4401,19447.59
2026-07-31 21:20:00,1.4401,1.4418,1.4369,1.4403,10402.76
2026-07-31 21:25:00,1.4403,1.4418,1.4398,1.4414,98415.19
2026-07-31 21:30:00,1.4414,1.4433,1.4408,1.4425,72857.33
2026-07-31 21:35:00,1.4425,1.4437,1.44,1.4407,16576.59
2026-07-31 21:40:00,1.4407,1.4438,1.4393,1.4394,32770.77
2026-07-31 21:45:00,1.4394,1.4404,1.4359,1.437,89005.76
2026-07-31 21:50:00,1.437,1.4401,1.4359,1.4382,82847.5
2026-07-31 21:55:00,1.4382,1.4398,1.4373,1.4374,60124.6
2026-07-31 22:00:00,1.4374,1.4392,1.4353,1.436,21762.36
2026-07-31 22:05:00,1.436,1.4361,1.4349,1.436,53328.99
2026-07-31 22:10:00,1.436,1.4363,1.435,1.4358,4968.71
2026-07-31 22:15:00,1.4358,1.4404,1.4354,1.4381,46701.59
2026-07-31 22:20:00,1.4381,1.4408,1.4364,1.4387,39970.89
2026-07-31 22:25:00,1.4387,1.4404,1.4367,1.4391,1877.55
2026-07-31 22:30:00,1.4391,1.4423,1.439,1.4409,34364.06
2026-07-31 22:35:00,1.4409,1.441,1.4388,1.4392,162605.48
2026-07-31 22:40:00,1.4392,1.4402,1.4355,1.4381,31942.58
2026-07-31 22:45:00,1.4381,1.4423,1.4372,1.4412,59621.66
2026-07-31 22:50:00,1.4412,1.4414,1.441,1.4412,98929.46
2026-07-31 22:55:00,1.4412,1.4424,1.4389,1.4392,14849.81
2026-07-31 23:00:00,1.4392,1.4397,1.4365,1.4369,104145.01
2026-07-31 23:05:00,1.4369,1.4392,1.4365,1.4382,823.29
2026-07-31 23:10:00,1.4382,1.4386,1.4376,1.4378,82114.36
2026-07-31 23:15:00,1.4378,1.4398,1.4364,1.4397,145445.27
2026-07-31 23:20:00,1.4397,1.442,1.4397,1.4419,93057.04
2026-07-31 23:25:00,1.4419,1.4423,1.4402,1.4413,126911.3
2026-07-31 23:30:00,1.4413,1.4447,1.4405,1.4436,48611.14
2026-07-31 23:35:00,1.4436,1.4456,1.4427,1.4445,6407.69
2026-07-31 23:40:00,1.4445,1.4458,1.4414,1.4426,177127.16
2026-07-31 23:45:00,1.4426,1.4434,1.4401,1.4421,7123.16
2026-07-31 23:50:00,1.4421,1.4481,1.4382,1.4394,318490.43
2026-07-31 23:55:00,1.4394,1.4402,1.4378,1.4395,36298.52
2026-08-01 00:00:00,1.4395,1.4405,1.4394,1.44,108719.45
2026-08-01 00:05:00,1.44,1.4422,1.4398,1.442,3534.29
2026-08-01 00:10:00,1.442,1.4468,1.438,1.4391,221145.93
2026-08-01 00:15:00,1.4391,1.4428,1.437,1.4415,92098.4
2026-08-01 00:20:00,1.4415,1.4456,1.4389,1.4399,43235.83
2026-08-01 00:25:00,1.4399,1.4405,1.4394,1.4403,62097.03
2026-08-01 00:30:00,1.4403,1.4411,1.439,1.439,98323.51
2026-08-01 00:35:00,1.439,1.4404,1.4389,1.44,26218.17
2026-08-01 00:40:00,1.44,1.4404,1.4388,1.4401,4889.69
2026-08-01 00:45:00,1.4401,1.4412,1.44,1.4402,3850.06
2026-08-01 00:50:00,1.4402,1.4433,1.4355,1.4383,106065.7
2026-08-01 00:55:00,1.4383,1.439,1.4357,1.4359,35892.55
2026-08-01 01:00:00,1.4359,1.4368,1.435,1.436,42115.04
2026-08-01 01:05:00,1.436,1.4373,1.4347,1.4369,11033.24
2026-08-01 01:10:00,1.4369,1.4374,1.4353,1.4364,145976.94
2026-08-01 01:15:00,1.4364,1.4367,1.4333,1.4341,53197.78
2026-08-01 01:20:00,1.4341,1.4379,1.4288,1.4374,115880.49
2026-08-01 01:25:00,1.4374,1.4408,1.4369,1.4399,78522.53
2026-08-01 01:30:00,1.4399,1.4402,1.4386,1.4395,128290.52
2026-08-01 01:35:00,1.4395,1.4405,1.4388,1.4391,146017.2
2026-08-01 01:40:00,1.4391,1.4409,1.4388,1.439,27724.65
2026-08-01 01:45:00,1.439,1.4397,1.4386,1.4391,36504.23
2026-08-01 01:50:00,1.4391,1.4399,1.437,1.4373,32707.34
2026-08-01 01:55:00,1.4373,1.4383,1.4357,1.4359,5982.38
2026-08-01 02:00:00,1.4359,1.436,1.4324,1.4324,103574.62
2026-08-01 02:05:00,1.4324,1.4346,1.4284,1.4337,73049.8
2026-08-01 02:10:00,1.4337,1.4339,1.4314,1.4333,36771.74
2026-08-01 02:15:00,1.4333,1.4367,1.4332,1.4355,81278.98
2026-08-01 02:20:00,1.4355,1.4388,1.4309,1.4381,181188.23
2026-08-01 02:25:00,1.4381,1.4437,1.4381,1.4429,11400.97
2026-08-01 02:30:00,1.4429,1.4445,1.4403,1.4404,17032.1
2026-08-01 02:35:00,1.4404,1.4409,1.4372,1.4388,9036.03
2026-08-01 02:40:00,1.4388,1.4404,1.4386,1.4397,131081.21
2026-08-01 02:45:00,1.4397,1.4418,1.4393,1.4395,38665.69
2026-08-01 02:50:00,1.4395,1.4418,1.4384,1.4409,35494.77
2026-08-01 02:55:00,1.4409,1.4422,1.4379,1.4386,64847.16
2026-08-01 03:00:00,1.4386,1.4426,1.4373,1.4404,76175.57
2026-08-01 03:05:00,1.4404,1.4409,1.44,1.44,99069.49
2026-08-01 03:10:00,1.44,1.4423,1.4392,1.4415,7549.81
2026-08-01 03:15:00,1.4415,1.4463,1.4394,1.4401,238171.4
2026-08-01 03:20:00,1.4401,1.4433,1.4391,1.441,69411.03
2026-08-01 03:25:00,1.441,1.447,1.4357,1.437,1773.42
2026-08-01 03:30:00,1.437,1.437,1.4352,1.4353,9617.13
2026-08-01 03:35:00,1.4353,1.4361,1.4326,1.4328,12258.51
2026-08-01 03:40:00,1.4328,1.4381,1.4272,1.4368,458654.51
2026-08-01 03:45:00,1.4368,1.4382,1.4357,1.4362,43467.55
2026-08-01 03:50:00,1.4362,1.4375,1.4342,1.4343,103629.24
2026-08-01 03:55:00,1.4343,1.4373,1.4304,1.4365,644213.17
2026-08-01 04:00:00,1.4365,1.4385,1.4357,1.4385,30126.02
2026-08-01 04:05:00,1.4385,1.44,1.4381,1.439,27581.07
2026-08-01 04:10:00,1.439,1.44,1.4372,1.438,97633.78
2026-08-01 04:15:00,1.438,1.4389,1.4361,1.4374,19900.28
2026-08-01 04:20:00,1.4374,1.44,1.4364,1.439,12219.46
2026-08-01 04:25:00,1.439,1.44,1.4351,1.4357,49293.39
2026-08-01 04:30:00,1.4357,1.4377,1.4353,1.4368,15509.05
2026-08-01 04:35:00,1.4368,1.4388,1.4359,1.4382,60818.62
2026-08-01 04:40:00,1.4382,1.4386,1.4355,1.4361,16127.24
2026-08-01 04:45:00,1.4361,1.4368,1.4337,1.4353,12436.44
2026-08-01 04:50:00,1.4353,1.4356,1.4332,1.4342,27161.44
2026-08-01 04:55:00,1.4342,1.4388,1.43,1.4377,26704.98
2026-08-01 05:00:00,1.4377,1.4382,1.4356,1.4366,3852.63
2026-08-01 05:05:00,1.4366,1.4386,1.436,1.4376,30783.41
2026-08-01 05:10:00,1.4376,1.4393,1.4374,1.439,44934.67
2026-08-01 05:15:00,1.439,1.4391,1.437,1.439,47048.74
2026-08-01 05:20:00,1.439,1.4404,1.4369,1.4385,16965.14
2026-08-01 05:25:00,1.4385,1.4399,1.4385,1.4392,24236.68
2026-08-01 05:30:00,1.4392,1.44,1.4386,1.4391,37974.78
2026-08-01 05:35:00,1.4391,1.4412,1.4366,1.4366,45307.88
2026-08-01 05:40:00,1.4366,1.4373,1.4351,1.4372,19910.56
2026-08-01 05:45:00,1.4372,1.4384,1.4356,1.4384,153.44
2026-08-01 05:50:00,1.4384,1.4385,1.4367,1.438,196658.8
2026-08-01 05:55:00,1.438,1.4412,1.438,1.4408,350.34
2026-08-01 06:00:00,1.4408,1.441,1.438,1.439,365080.21
2026-08-01 06:05:00,1.439,1.4398,1.4378,1.4383,25684.23
2026-08-01 06:10:00,1.4383,1.4398,1.4364,1.4365,41622.03
2026-08-01 06:15:00,1.4365,1.4367,1.4348,1.436,38780.05
2026-08-01 06:20:00,1.436,1.4384,1.4351,1.438,3909.28
2026-08-01 06:25:00,1.438,1.4411,1.4375,1.4398,15766.95
2026-08-01 06:30:00,1.4398,1.4405,1.4382,1.4386,9257.34
2026-08-01 06:35:00,1.4386,1.4438,1.4384,1.4434,78079.63
2026-08-01 06:40:00,1.4434,1.4439,1.44,1.4406,26762.18
2026-08-01 06:45:00,1.4406,1.4437,1.44,1.4436,34690.0
2026-08-01 06:50:00,1.4436,1.4448,1.4406,1.4416,78573.84
2026-08-01 06:55:00,1.4416,1.443,1.4407,1.443,31868.3
2026-08-01 07:00:00,1.443,1.4468,1.4407,1.4413,43405.02
2026-08-01 07:05:00,1.4413,1.4427,1.4385,1.4402,1878.27
2026-08-01 07:10:00,1.4402,1.4412,1.4382,1.4393,120086.41
2026-08-01 07:15:00,1.4393,1.4421,1.4388,1.4412,5528.69
2026-08-01 07:20:00,1.4412,1.4415,1.4387,1.4397,55872.75
2026-08-01 07:25:00,1.4397,1.4413,1.4396,1.4408,89943.37
2026-08-01 07:30:00,1.4408,1.4416,1.4381,1.4393,121242.03
2026-08-01 07:35:00,1.4393,1.4404,1.4383,1.4384,16724.21
2026-08-01 07:40:00,1.4384,1.4389,1.437,1.4372,3448.2
2026-08-01 07:45:00,1.4372,1.4392,1.436,1.4366,19657.73
2026-08-01 07:50:00,1.4366,1.4396,1.4356,1.4384,35739.4
2026-08-01 07:55:00,1.4384,1.441,1.4384,1.4399,7229.68
2026-08-01 08:00:00,1.4399,1.44,1.4386,1.4388,6182.9
2026-08-01 08:05:00,1.4388,1.4395,1.4369,1.4374,1806.43
2026-08-01 08:10:00,1.4374,1.4383,1.4351,1.4358,110915.45
2026-08-01 08:15:00,1.4358,1.4364,1.4342,1.4356,22163.52
2026-08-01 08:20:00,1.4356,1.438,1.4345,1.4362,20651.36
2026-08-01 08:25:00,1.4362,1.4369,1.4351,1.4359,31064.48
2026-08-01 08:30:00,1.4359,1.4364,1.4353,1.4357,8844.68
2026-08-01 08:35:00,1.4357,1.4373,1.4351,1.4369,14187.14
2026-08-01 08:40:00,1.4369,1.4381,1.4363,1.4364,22376.92
2026-08-01 08:45:00,1.4364,1.4365,1.4338,1.4355,14434.29
2026-08-01 08:50:00,1.4355,1.4366,1.4354,1.4359,31065.83
2026-08-01 08:55:00,1.4359,1.4367,1.4343,1.4364,46886.84
2026-08-01 09:00:00,1.4364,1.4395,1.4352,1.4386,53618.39
2026-08-01 09:05:00,1.4386,1.4393,1.4364,1.4373,22731.9
2026-08-01 09:10:00,1.4373,1.4383,1.4358,1.4362,68954.99
2026-08-01 09:15:00,1.4362,1.4416,1.4347,1.4412,20191.25
2026-08-01 09:20:00,1.4412,1.4423,1.4397,1.4405,149327.94
2026-08-01 09:25:00,1.4405,1.4406,1.4386,1.4402,3064.91
2026-08-01 09:30:00,1.4402,1.4422,1.4395,1.4397,19672.77
2026-08-01 09:35:00,1.4397,1.4416,1.4366,1.4379,27953.33
2026-08-01 09:40:00,1.4379,1.4398,1.4372,1.4387,16291.39
2026-08-01 09:45:00,1.4387,1.441,1.4386,1.4398,303187.19
2026-08-01 09:50:00,1.4398,1.4429,1.4393,1.4419,152294.25
2026-08-01 09:55:00,1.4419,1.4434,1.4415,1.4422,6988.42
2026-08-01 10:00:00,1.4422,1.4479,1.4367,1.438,54256.79
2026-08-01 10:05:00,1.438,1.4393,1.4371,1.4373,118858.18
2026-08-01 10:10:00,1.4373,1.4411,1.4363,1.4394,11781.33
2026-08-01 10:15:00,1.4394,1.4406,1.4363,1.4375,41515.18
2026-08-01 10:20:00,1.4375,1.4378,1.4362,1.437,69668.17
2026-08-01 10:25:00,1.437,1.4381,1.4362,1.4374,18087.39
2026-08-01 10:30:00,1.4374,1.4388,1.4356,1.4374,121307.73
2026-08-01 10:35:00,1.4374,1.4383,1.4367,1.4375,54430.88
2026-08-01 10:40:00,1.4375,1.4415,1.437,1.44,24690.25
2026-08-01 10:45:00,1.44,1.4416,1.4384,1.4388,50530.3
2026-08-01 10:50:00,1.4388,1.4394,1.4369,1.4374,50116.02
2026-08-01 10:55:00,1.4374,1.4409,1.4374,1.4399,19649.94
2026-08-01 11:00:00,1.4399,1.4405,1.4388,1.4396,9597.86
2026-08-01 11:05:00,1.4396,1.4398,1.4394,1.4396,42364.21
2026-08-01 11:10:00,1.4396,1.4401,1.4393,1.4394,5304.77
2026-08-01 11:15:00,1.4394,1.4408,1.439,1.4398,53679.54
2026-08-01 11:20:00,1.4398,1.4406,1.4374,1.4381,38896.62
2026-08-01 11:25:00,1.4381,1.4383,1.437,1.4375,814.3
2026-08-01 11:30:00,1.4375,1.4398,1.4375,1.4383,4322.24
2026-08-01 11:35:00,1.4383,1.4433,1.4352,1.4425,5814.91
2026-08-01 11:40:00,1.4425,1.4431,1.4404,1.4412,55689.88
2026-08-01 11:45:00,1.4412,1.4439,1.4368,1.4375,6701.64
2026-08-01 11:50:00,1.4375,1.4409,1.4317,1.44,30935.88
2026-08-01 11:55:00,1.44,1.4435,1.4346,1.4358,156103.51
2026-08-01 12:00:00,1.4358,1.4366,1.434,1.436,12988.94
2026-08-01 12:05:00,1.436,1.4366,1.4348,1.4357,82064.29
2026-08-01 12:10:00,1.4357,1.4377,1.4351,1.4357,50018.99
2026-08-01 12:15:00,1.4357,1.4361,1.4341,1.4345,7412.95
2026-08-01 12:20:00,1.4345,1.4355,1.4309,1.4321,58942.99
2026-08-01 12:25:00,1.4321,1.4325,1.4298,1.4303,101064.97
2026-08-01 12:30:00,1.4303,1.4327,1.4274,1.432,218606.42
2026-08-01 12:35:00,1.432,1.4327,1.4298,1.4305,14105.19
2026-08-01 12:40:00,1.4305,1.4352,1.4284,1.4342,364657.15
2026-08-01 12:45:00,1.4342,1.4355,1.4328,1.4355,22411.48
2026-08-01 12:50:00,1.4355,1.4381,1.4333,1.437,19678.81
2026-08-01 12:55:00,1.437,1.4398,1.4309,1.439,226105.2
2026-08-01 13:00:00,1.439,1.4405,1.4388,1.4404,28248.46
2026-08-01 13:05:00,1.4404,1.4434,1.4404,1.4417,40899.78
2026-08-01 13:10:00,1.4417,1.4428,1.4395,1.4423,60300.05
2026-08-01 13:15:00,1.4423,1.4448,1.4415,1.4437,23948.8
2026-08-01 13:20:00,1.4437,1.4463,1.4428,1.4463,14792.05
2026-08-01 13:25:00,1.4463,1.4469,1.4439,1.4446,8561.93
2026-08-01 13:30:00,1.4446,1.4454,1.4407,1.4421,705.22
2026-08-01 13:35:00,1.4421,1.4449,1.4414,1.4439,8704.77
2026-08-01 13:40:00,1.4439,1.4464,1.4422,1.4427,476134.33
2026-08-01 13:45:00,1.4427,1.4431,1.4414,1.4414,14034.96
2026-08-01 13:50:00,1.4414,1.4421,1.4405,1.4409,62558.44
2026-08-01 13:55:00,1.4409,1.447,1.4358,1.4371,5906.69
2026-08-01 14:00:00,1.4371,1.4382,1.433,1.4336,1330.46
2026-08-01 14:05:00,1.4336,1.4355,1.4308,1.4349,154282.66
2026-08-01 14:10:00,1.4349,1.4354,1.4326,1.435,49780.06
2026-08-01 14:15:00,1.435,1.4378,1.4288,1.4373,308720.16
2026-08-01 14:20:00,1.4373,1.4414,1.4362,1.4412,92228.56
2026-08-01 14:25:00,1.4412,1.4415,1.4394,1.4396,17185.04
2026-08-01 14:30:00,1.4396,1.4419,1.4394,1.4412,11032.44
2026-08-01 14:35:00,1.4412,1.4436,1.4411,1.4431,25443.25
2026-08-01 14:40:00,1.4431,1.4449,1.4431,1.4448,5219.81
2026-08-01 14:45:00,1.4448,1.4451,1.4427,1.445,55049.21
2026-08-01 14:50:00,1.445,1.4463,1.4442,1.4463,82230.34
2026-08-01 14:55:00,1.4463,1.4478,1.4453,1.4477,15895.0
2026-08-01 15:00:00,1.4477,1.4536,1.4432,1.4441,137878.21
2026-08-01 15:05:00,1.4441,1.4454,1.443,1.4453,16078.95
2026-08-01 15:10:00,1.4453,1.4486,1.4443,1.4469,42465.8
2026-08-01 15:15:00,1.4469,1.447,1.4425,1.4434,27616.94
2026-08-01 15:20:00,1.4434,1.4497,1.4385,1.4398,11906.62
2026-08-01 15:25:00,1.4398,1.4399,1.4376,1.4391,10746.98
2026-08-01 15:30:00,1.4391,1.4427,1.4367,1.4412,2771.66
2026-08-01 15:35:00,1.4412,1.442,1.4403,1.4406,15506.84
2026-08-01 15:40:00,1.4406,1.4426,1.4404,1.4419,6874.96
2026-08-01 15:45:00,1.4419,1.4436,1.4414,1.4428,3421.89
2026-08-01 15:50:00,1.4428,1.4447,1.4416,1.4421,38181.63
2026-08-01 15:55:00,1.4421,1.4427,1.4412,1.4424,24887.73
2026-08-01 16:00:00,1.4424,1.4434,1.4412,1.442,86540.51
2026-08-01 16:05:00,1.442,1.4435,1.4399,1.4404,111525.58
2026-08-01 16:10:00,1.4404,1.4413,1.4387,1.4411,18783.51
2026-08-01 16:15:00,1.4411,1.443,1.4396,1.4418,33261.99
2026-08-01 16:20:00,1.4418,1.4425,1.4408,1.4411,35474.58
2026-08-01 16:25:00,1.4411,1.4427,1.4403,1.4426,66293.26
2026-08-01 16:30:00,1.4426,1.4471,1.4425,1.4459,108456.93
2026-08-01 16:35:00,1.4459,1.4466,1.4412,1.443,3832.71
2026-08-01 16:40:00,1.443,1.4444,1.4423,1.4437,124079.26
2026-08-01 16:45:00,1.4437,1.4446,1.4401,1.4413,22408.58
2026-08-01 16:50:00,1.4413,1.4436,1.4413,1.4429,4727.08
2026-08-01 16:55:00,1.4429,1.4444,1.4422,1.4443,7618.06
2026-08-01 17:00:00,1.4443,1.4448,1.4431,1.4437,55112.02
2026-08-01 17:05:00,1.4437,1.4471,1.4436,1.4461,36123.73
2026-08-01 17:10:00,1.4461,1.4483,1.4439,1.4453,8186.52
2026-08-01 17:15:00,1.4453,1.4485,1.4452,1.4458,23005.31
2026-08-01 17:20:00,1.4458,1.447,1.4436,1.4446,130800.5
2026-08-01 17:25:00,1.4446,1.4468,1.4424,1.4437,89113.24
2026-08-01 17:30:00,1.4437,1.4441,1.4429,1.4431,7504.11
2026-08-01 17:35:00,1.4431,1.4435,1.4425,1.4425,116057.27
2026-08-01 17:40:00,1.4425,1.4429,1.4414,1.4422,32928.1
2026-08-01 17:45:00,1.4422,1.4422,1.4396,1.4413,971.51
2026-08-01 17:50:00,1.4413,1.4419,1.4386,1.4392,52693.8
2026-08-01 17:55:00,1.4392,1.4404,1.4384,1.4393,101462.46
2026-08-01 18:00:00,1.4393,1.4424,1.4387,1.441,7896.51
2026-08-01 18:05:00,1.441,1.4417,1.4377,1.4397,79038.81
2026-08-01 18:10:00,1.4397,1.4409,1.4378,1.4408,37948.98
2026-08-01 18:15:00,1.4408,1.4422,1.4394,1.4409,13531.36
2026-08-01 18:20:00,1.4409,1.4435,1.4403,1.4429,112726.78
2026-08-01 18:25:00,1.4429,1.4454,1.4426,1.4451,40455.99
2026-08-01 18:30:00,1.4451,1.4482,1.4406,1.4419,153592.96
2026-08-01 18:35:00,1.4419,1.4439,1.4396,1.4407,26087.57
2026-08-01 18:40:00,1.4407,1.4444,1.4399,1.4437,124999.37
2026-08-01 18:45:00,1.4437,1.4442,1.4399,1.4405,82672.41
2026-08-01 18:50:00,1.4405,1.4435,1.4405,1.443,34258.93
2026-08-01 18:55:00,1.443,1.4451,1.4412,1.4414,75936.96
2026-08-01 19:00:00,1.4414,1.4437,1.4404,1.4435,3479.7
2026-08-01 19:05:00,1.4435,1.4455,1.4422,1.4427,95948.44
2026-08-01 19:10:00,1.4427,1.443,1.4407,1.4418,9807.41
2026-08-01 19:15:00,1.4418,1.4432,1.4389,1.4407,113143.49
2026-08-01 19:20:00,1.4407,1.4426,1.4366,1.4379,37558.62
2026-08-01 19:25:00,1.4379,1.4388,1.4368,1.4371,16728.79
2026-08-01 19:30:00,1.4371,1.4379,1.4361,1.4373,17115.42
2026-08-01 19:35:00,1.4373,1.4423,1.4346,1.441,42110.23
2026-08-01 19:40:00,1.441,1.4414,1.4406,1.4407,27108.46
2026-08-01 19:45:00,1.4407,1.4414,1.44,1.4406,86253.06
2026-08-01 19:50:00,1.4406,1.4413,1.4402,1.4408,74725.58
2026-08-01 19:55:00,1.4408,1.4425,1.4396,1.4413,61797.21
2026-08-01 20:00:00,1.4413,1.4431,1.4402,1.441,20000.27
2026-08-01 20:05:00,1.441,1.4438,1.4384,1.4436,10655.59
2026-08-01 20:10:00,1.4436,1.4443,1.4429,1.443,49155.01
2026-08-01 20:15:00,1.443,1.4435,1.442,1.4435,7190.73
2026-08-01 20:20:00,1.4435,1.4477,1.4427,1.4461,61769.66
2026-08-01 20:25:00,1.4461,1.447,1.4449,1.4455,64780.7
2026-08-01 20:30:00,1.4455,1.446,1.4447,1.445,15638.37
2026-08-01 20:35:00,1.445,1.4491,1.4408,1.4415,664511.27
2026-08-01 20:40:00,1.4415,1.4439,1.4406,1.4434,87167.24
2026-08-01 20:45:00,1.4434,1.4443,1.4427,1.4441,34131.96
2026-08-01 20:50:00,1.4441,1.4474,1.4428,1.4464,127814.86
2026-08-01 20:55:00,1.4464,1.4468,1.4441,1.4445,5285.02
2026-08-01 21:00:00,1.4445,1.4475,1.4398,1.4411,169918.91
2026-08-01 21:05:00,1.4411,1.4412,1.4398,1.4399,38879.22
2026-08-01 21:10:00,1.4399,1.4421,1.4386,1.441,23255.81
2026-08-01 21:15:00,1.441,1.4416,1.44,1.4407,44588.91
2026-08-01 21:20:00,1.4407,1.4428,1.4399,1.4424,67706.88
2026-08-01 21:25:00,1.4424,1.4432,1.4413,1.4429,40141.0
2026-08-01 21:30:00,1.4429,1.444,1.4415,1.4438,53684.6
2026-08-01 21:35:00,1.4438,1.4494,1.4393,1.4402,186757.91
2026-08-01 21:40:00,1.4402,1.4403,1.4381,1.4389,3229.23
2026-08-01 21:45:00,1.4389,1.4428,1.4385,1.4424,22783.13
2026-08-01 21:50:00,1.4424,1.4442,1.4424,1.4436,62267.63
2026-08-01 21:55:00,1.4436,1.4462,1.4415,1.4419,101606.99
2026-08-01 22:00:00,1.4419,1.4439,1.441,1.4438,227338.86
2026-08-01 22:05:00,1.4438,1.4503,1.4395,1.4405,516116.39
2026-08-01 22:10:00,1.4405,1.4442,1.4392,1.442,82905.52
2026-08-01 22:15:00,1.442,1.446,1.4404,1.4426,11193.73
2026-08-01 22:20:00,1.4426,1.444,1.4415,1.4435,90606.39
2026-08-01 22:25:00,1.4435,1.4465,1.4426,1.4453,74210.67
2026-08-01 22:30:00,1.4453,1.4492,1.4419,1.4432,8891.98
2026-08-01 22:35:00,1.4432,1.4442,1.4399,1.4399,19263.84
2026-08-01 22:40:00,1.4399,1.44,1.435,1.435,22882.73
2026-08-01 22:45:00,1.435,1.4399,1.43,1.4392,108211.77
2026-08-01 22:50:00,1.4392,1.4426,1.4355,1.4412,46116.14
2026-08-01 22:55:00,1.4412,1.4412,1.4402,1.4411,15110.47
2026-08-01 23:00:00,1.4411,1.4441,1.4404,1.4433,142729.74
2026-08-01 23:05:00,1.4433,1.4439,1.4425,1.4435,39183.21
2026-08-01 23:10:00,1.4435,1.444,1.4384,1.4409,17478.9
2026-08-01 23:15:00,1.4409,1.4416,1.4372,1.44,22843.19
2026-08-01 23:20:00,1.44,1.4403,1.4369,1.4381,4616.29
2026-08-01 23:25:00,1.4381,1.4412,1.4323,1.4398,69106.19
2026-08-01 23:30:00,1.4398,1.4429,1.4355,1.4422,317511.08
2026-08-01 23:35:00,1.4422,1.4443,1.4419,1.443,52611.45
2026-08-01 23:40:00,1.443,1.4435,1.4414,1.4433,8772.05
2026-08-01 23:45:00,1.4433,1.4461,1.4394,1.4404,795.33
2026-08-01 23:50:00,1.4404,1.4445,1.4399,1.444,15538.74
2026-08-01 23:55:00,1.444,1.4464,1.4439,1.4461,21548.53
2026-08-02 00:00:00,1.4461,1.4464,1.4438,1.4438,105507.3
2026-08-02 00:05:00,1.4438,1.4449,1.4432,1.4435,24904.27
2026-08-02 00:10:00,1.4435,1.4448,1.4411,1.4422,30693.06
2026-08-02 00:15:00,1.4422,1.4428,1.442,1.4424,33360.8
2026-08-02 00:20:00,1.4424,1.4444,1.4418,1.4427,25513.85
2026-08-02 00:25:00,1.4427,1.443,1.4411,1.4418,153146.41
2026-08-02 00:30:00,1.4418,1.4426,1.4391,1.4408,112983.95
2026-08-02 00:35:00,1.4408,1.4408,1.4386,1.4402,16790.38
2026-08-02 00:40:00,1.4402,1.4403,1.4389,1.4398,202245.0
2026-08-02 00:45:00,1.4398,1.4402,1.4398,1.44,924.51
2026-08-02 00:50:00,1.44,1.4407,1.4384,1.4385,17679.04
2026-08-02 00:55:00,1.4385,1.4387,1.4359,1.4373,33825.4
2026-08-02 01:00:00,1.4373,1.44,1.4321,1.439,235690.05
2026-08-02 01:05:00,1.439,1.4398,1.4382,1.4383,57836.25
2026-08-02 01:10:00,1.4383,1.4391,1.4379,1.439,20147.5
2026-08-02 01:15:00,1.439,1.4399,1.4373,1.4385,36481.6
2026-08-02 01:20:00,1.4385,1.4392,1.4369,1.4375,738.67
2026-08-02 01:25:00,1.4375,1.4389,1.4362,1.4366,31471.1
2026-08-02 01:30:00,1.4366,1.4393,1.431,1.4384,35025.89
2026-08-02 01:35:00,1.4384,1.4417,1.4364,1.4416,52827.35
2026-08-02 01:40:00,1.4416,1.4437,1.4405,1.4429,66230.63
2026-08-02 01:45:00,1.4429,1.4459,1.4427,1.4449,22984.75
2026-08-02 01:50:00,1.4449,1.4511,1.4404,1.4418,262983.76
2026-08-02 01:55:00,1.4418,1.4432,1.4405,1.4418,13401.21
2026-08-02 02:00:00,1.4418,1.4418,1.4379,1.4382,29716.39
2026-08-02 02:05:00,1.4382,1.4399,1.4348,1.4371,20641.75
2026-08-02 02:10:00,1.4371,1.4374,1.4359,1.4366,36847.27
2026-08-02 02:15:00,1.4366,1.441,1.4342,1.4401,158536.68
2026-08-02 02:20:00,1.4401,1.441,1.4399,1.4409,117210.91
2026-08-02 02:25:00,1.4409,1.4428,1.4396,1.4414,98353.64
2026-08-02 02:30:00,1.4414,1.4427,1.4414,1.4421,46557.36
2026-08-02 02:35:00,1.4421,1.4431,1.4413,1.4431,62714.05
2026-08-02 02:40:00,1.4431,1.4433,1.442,1.442,68147.87
2026-08-02 02:45:00,1.442,1.4425,1.4411,1.4421,14817.25
2026-08-02 02:50:00,1.4421,1.4453,1.442,1.4442,2679.48
2026-08-02 02:55:00,1.4442,1.447,1.4394,1.4408,98893.28
2026-08-02 03:00:00,1.4408,1.4412,1.4397,1.4409,80339.16
2026-08-02 03:05:00,1.4409,1.4437,1.4404,1.4419,2976.8
2026-08-02 03:10:00,1.4419,1.442,1.4406,1.4415,58149.88
2026-08-02 03:15:00,1.4415,1.4417,1.4396,1.4396,29372.94
2026-08-02 03:20:00,1.4396,1.4452,1.4396,1.4437,19632.71
2026-08-02 03:25:00,1.4437,1.4469,1.4421,1.4446,11748.63
2026-08-02 03:30:00,1.4446,1.4475,1.4411,1.4417,245440.93
2026-08-02 03:35:00,1.4417,1.4447,1.4415,1.4433,1699.59
2026-08-02 03:40:00,1.4433,1.4467,1.4433,1.4458,46946.12
2026-08-02 03:45:00,1.4458,1.4462,1.4434,1.4441,70259.34
2026-08-02 03:50:00,1.4441,1.4481,1.4435,1.4459,27628.75
2026-08-02 03:55:00,1.4459,1.4476,1.4458,1.4475,47836.92
2026-08-02 04:00:00,1.4475,1.4506,1.4452,1.4463,27922.39
2026-08-02 04:05:00,1.4463,1.4515,1.4427,1.4436,249370.5
2026-08-02 04:10:00,1.4436,1.4474,1.4435,1.4461,21040.02
2026-08-02 04:15:00,1.4461,1.4501,1.4428,1.4442,77702.0
2026-08-02 04:20:00,1.4442,1.4505,1.4394,1.4405,204401.64
2026-08-02 04:25:00,1.4405,1.4406,1.4377,1.4391,207749.83
2026-08-02 04:30:00,1.4391,1.4401,1.4364,1.4382,35851.95
2026-08-02 04:35:00,1.4382,1.4389,1.4358,1.4371,94781.99
2026-08-02 04:40:00,1.4371,1.44,1.4318,1.4386,49794.73
2026-08-02 04:45:00,1.4386,1.4396,1.4373,1.4379,1376.27
2026-08-02 04:50:00,1.4379,1.4405,1.433,1.4393,396827.09
2026-08-02 04:55:00,1.4393,1.44,1.4387,1.4392,56676.42
2026-08-02 05:00:00,1.4392,1.4422,1.4375,1.4399,2071.15
2026-08-02 05:05:00,1.4399,1.441,1.4399,1.4409,61196.58
2026-08-02 05:10:00,1.4409,1.4438,1.4395,1.4433,51615.3
2026-08-02 05:15:00,1.4433,1.4462,1.4427,1.4451,151105.44
2026-08-02 05:20:00,1.4451,1.4459,1.4451,1.4455,21366.73
2026-08-02 05:25:00,1.4455,1.4493,1.4404,1.4417,547825.23
2026-08-02 05:30:00,1.4417,1.4456,1.4395,1.4442,23808.68
2026-08-02 05:35:00,1.4442,1.4457,1.4438,1.4445,10188.76
2026-08-02 05:40:00,1.4445,1.4468,1.4438,1.4464,10982.09
2026-08-02 05:45:00,1.4464,1.452,1.4413,1.4423,240756.01
2026-08-02 05:50:00,1.4423,1.4431,1.4403,1.4404,56698.2
2026-08-02 05:55:00,1.4404,1.4424,1.4397,1.4416,70207.76
2026-08-02 06:00:00,1.4416,1.4418,1.4411,1.4414,57206.09
2026-08-02 06:05:00,1.4414,1.4414,1.4391,1.4392,105622.0
2026-08-02 06:10:00,1.4392,1.4439,1.4339,1.4427,9850.18
2026-08-02 06:15:00,1.4427,1.4437,1.4417,1.4435,34312.02
2026-08-02 06:20:00,1.4435,1.4467,1.4422,1.4446,52799.87
2026-08-02 06:25:00,1.4446,1.4496,1.4403,1.4417,379749.69
2026-08-02 06:30:00,1.4417,1.4444,1.4391,1.4401,98931.3
2026-08-02 06:35:00,1.4401,1.4405,1.4372,1.4379,35572.15
2026-08-02 06:40:00,1.4379,1.4404,1.4319,1.4391,17670.64
2026-08-02 06:45:00,1.4391,1.4394,1.4359,1.4372,2109.42
2026-08-02 06:50:00,1.4372,1.4411,1.4357,1.4406,21392.01
2026-08-02 06:55:00,1.4406,1.4423,1.4405,1.4407,58103.63
2026-08-02 07:00:00,1.4407,1.4418,1.4398,1.4418,5598.35
2026-08-02 07:05:00,1.4418,1.444,1.4412,1.4438,21689.28
2026-08-02 07:10:00,1.4438,1.4492,1.4411,1.4423,879554.42
2026-08-02 07:15:00,1.4423,1.445,1.4404,1.4413,118897.85
2026-08-02 07:20:00,1.4413,1.4436,1.4411,1.4428,152739.52
2026-08-02 07:25:00,1.4428,1.4444,1.4418,1.444,47634.6
2026-08-02 07:30:00,1.444,1.4469,1.4428,1.446,2300.79
2026-08-02 07:35:00,1.446,1.4462,1.4425,1.4434,2631.57
2026-08-02 07:40:00,1.4434,1.4449,1.4401,1.4405,32616.0
2026-08-02 07:45:00,1.4405,1.442,1.4394,1.4408,54826.1
2026-08-02 07:50:00,1.4408,1.445,1.4394,1.4445,2415.19
2026-08-02 07:55:00,1.4445,1.445,1.4415,1.4443,19240.32
2026-08-02 08:00:00,1.4443,1.4445,1.4433,1.4442,2280.2
2026-08-02 08:05:00,1.4442,1.4463,1.4426,1.4451,6597.16
2026-08-02 08:10:00,1.4451,1.4467,1.4427,1.4431,10593.41
2026-08-02 08:15:00,1.4431,1.4437,1.4428,1.4436,26556.61
2026-08-02 08:20:00,1.4436,1.4442,1.4399,1.442,4316.96
2026-08-02 08:25:00,1.442,1.444,1.4414,1.4433,23113.12
2026-08-02 08:30:00,1.4433,1.4454,1.4412,1.4415,149262.78
2026-08-02 08:35:00,1.4415,1.4441,1.4414,1.443,59269.34
2026-08-02 08:40:00,1.443,1.4443,1.4425,1.4442,9790.88
2026-08-02 08:45:00,1.4442,1.4462,1.4435,1.4436,130056.26
2026-08-02 08:50:00,1.4436,1.4442,1.4415,1.4428,22009.14
2026-08-02 08:55:00,1.4428,1.4439,1.4422,1.4422,2963.79
2026-08-02 09:00:00,1.4422,1.4448,1.4414,1.443,222224.48
2026-08-02 09:05:00,1.443,1.4437,1.4428,1.4431,729.0
2026-08-02 09:10:00,1.4431,1.4443,1.4419,1.4426,171588.27
2026-08-02 09:15:00,1.4426,1.4435,1.438,1.4389,29701.54
2026-08-02 09:20:00,1.4389,1.4423,1.4357,1.441,14117.45
2026-08-02 09:25:00,1.441,1.4424,1.4408,1.4411,37454.32
2026-08-02 09:30:00,1.4411,1.4412,1.4373,1.4373,13273.89
2026-08-02 09:35:00,1.4373,1.439,1.437,1.4384,5130.64
2026-08-02 09:40:00,1.4384,1.4384,1.4376,1.4379,21023.62
2026-08-02 09:45:00,1.4379,1.4387,1.432,1.4344,109627.23
2026-08-02 09:50:00,1.4344,1.435,1.4291,1.4298,33838.8
2026-08-02 09:55:00,1.4298,1.4329,1.4253,1.4319,1357093.82
2026-08-02 10:00:00,1.4319,1.4323,1.4303,1.4305,15008.6
2026-08-02 10:05:00,1.4305,1.435,1.4245,1.4344,99106.25
2026-08-02 10:10:00,1.4344,1.4347,1.4331,1.434,56297.41
2026-08-02 10:15:00,1.434,1.4378,1.429,1.4372,432160.37
2026-08-02 10:20:00,1.4372,1.4377,1.4346,1.4376,34996.1
2026-08-02 10:25:00,1.4376,1.439,1.4375,1.4378,7712.71
2026-08-02 10:30:00,1.4378,1.4386,1.4363,1.4368,21306.18
2026-08-02 10:35:00,1.4368,1.4405,1.4317,1.4396,119369.54
2026-08-02 10:40:00,1.4396,1.4427,1.4393,1.4422,77661.98
2026-08-02 10:45:00,1.4422,1.4429,1.4412,1.442,178519.12
2026-08-02 10:50:00,1.442,1.4421,1.4402,1.4409,81142.37
2026-08-02 10:55:00,1.4409,1.4431,1.4389,1.443,127935.76
2026-08-02 11:00:00,1.443,1.4447,1.4379,1.4403,16909.66
2026-08-02 11:05:00,1.4403,1.4425,1.4385,1.4407,40264.92
2026-08-02 11:10:00,1.4407,1.4421,1.4402,1.4412,21566.5
2026-08-02 11:15:00,1.4412,1.4433,1.4407,1.4423,55391.05
2026-08-02 11:20:00,1.4423,1.4424,1.4402,1.4418,14891.06
2026-08-02 11:25:00,1.4418,1.4422,1.4408,1.4413,31031.19
2026-08-02 11:30:00,1.4413,1.4414,1.4406,1.4411,52204.85
2026-08-02 11:35:00,1.4411,1.4421,1.4403,1.4413,11134.29
2026-08-02 11:40:00,1.4413,1.4442,1.4408,1.4426,5184.9
2026-08-02 11:45:00,1.4426,1.4453,1.4397,1.4406,841048.84
2026-08-02 11:50:00,1.4406,1.4411,1.4384,1.4391,10346.78
2026-08-02 11:55:00,1.4391,1.4402,1.4376,1.4383,25023.44
2026-08-02 12:00:00,1.4383,1.4404,1.4373,1.4386,901.4
2026-08-02 12:05:00,1.4386,1.44,1.438,1.439,126650.92
2026-08-02 12:10:00,1.439,1.4392,1.4372,1.4377,736.98
2026-08-02 12:15:00,1.4377,1.4389,1.4349,1.4363,36291.52
2026-08-02 12:20:00,1.4363,1.4371,1.4358,1.4369,43905.54
2026-08-02 12:25:00,1.4369,1.4374,1.4353,1.4353,2515.88
2026-08-02 12:30:00,1.4353,1.4367,1.434,1.4347,49657.06
2026-08-02 12:35:00,1.4347,1.4363,1.4308,1.4321,10150.47
2026-08-02 12:40:00,1.4321,1.4326,1.4318,1.432,46226.35
2026-08-02 12:45:00,1.432,1.4345,1.4313,1.434,6550.73
2026-08-02 12:50:00,1.434,1.4364,1.4337,1.4358,311.3
2026-08-02 12:55:00,1.4358,1.4392,1.4354,1.4387,400.36
2026-08-02 13:00:00,1.4387,1.4414,1.4364,1.4393,39312.02
2026-08-02 13:05:00,1.4393,1.4409,1.4384,1.4404,46795.89
2026-08-02 13:10:00,1.4404,1.441,1.4375,1.4385,8962.18
2026-08-02 13:15:00,1.4385,1.4412,1.4369,1.4385,64813.01
2026-08-02 13:20:00,1.4385,1.4447,1.4384,1.4433,6256.31
2026-08-02 13:25:00,1.4433,1.4467,1.4396,1.4401,309254.86
2026-08-02 13:30:00,1.4401,1.4403,1.4357,1.4372,4155.49
2026-08-02 13:35:00,1.4372,1.4373,1.4343,1.4369,37662.2
2026-08-02 13:40:00,1.4369,1.4391,1.4329,1.4347,55830.07
2026-08-02 13:45:00,1.4347,1.4355,1.4346,1.435,19076.37
2026-08-02 13:50:00,1.435,1.4352,1.434,1.4351,58412.54
2026-08-02 13:55:00,1.4351,1.4357,1.4329,1.4336,54962.94
2026-08-02 14:00:00,1.4336,1.4357,1.4324,1.4333,10136.14
2026-08-02 14:05:00,1.4333,1.4365,1.433,1.4331,21962.75
2026-08-02 14:10:00,1.4331,1.4353,1.429,1.4292,132833.38
2026-08-02 14:15:00,1.4292,1.4297,1.4271,1.4284,258.18
2026-08-02 14:20:00,1.4284,1.4289,1.4255,1.426,12528.93
2026-08-02 14:25:00,1.426,1.4288,1.4199,1.428,140865.23
2026-08-02 14:30:00,1.428,1.4301,1.4248,1.4293,261741.16
2026-08-02 14:35:00,1.4293,1.4301,1.427,1.4282,60955.71
2026-08-02 14:40:00,1.4282,1.4293,1.4267,1.4269,72840.56
2026-08-02 14:45:00,1.4269,1.4312,1.4244,1.4305,838437.16
2026-08-02 14:50:00,1.4305,1.4342,1.4261,1.4334,593848.04
2026-08-02 14:55:00,1.4334,1.4356,1.4324,1.4337,68223.9
2026-08-02 15:00:00,1.4337,1.4342,1.4319,1.4322,78697.92
2026-08-02 15:05:00,1.4322,1.4361,1.429,1.4355,727614.21
2026-08-02 15:10:00,1.4355,1.4373,1.4348,1.4355,17068.58
2026-08-02 15:15:00,1.4355,1.4403,1.4343,1.4386,32108.36
2026-08-02 15:20:00,1.4386,1.4398,1.4357,1.4358,58427.58
2026-08-02 15:25:00,1.4358,1.4378,1.4345,1.4376,94023.02
2026-08-02 15:30:00,1.4376,1.4378,1.4364,1.4369,205262.31
2026-08-02 15:35:00,1.4369,1.4403,1.4368,1.44,44558.52
2026-08-02 15:40:00,1.44,1.4407,1.4382,1.4387,12097.43
2026-08-02 15:45:00,1.4387,1.4389,1.438,1.4382,4076.82
2026-08-02 15:50:00,1.4382,1.4392,1.4367,1.4392,142369.76
2026-08-02 15:55:00,1.4392,1.4397,1.4378,1.4389,13900.24
2026-08-02 16:00:00,1.4389,1.4398,1.4348,1.4365,119602.93
2026-08-02 16:05:00,1.4365,1.4367,1.4364,1.4366,15393.3
2026-08-02 16:10:00,1.4366,1.441,1.4351,1.4401,17886.84
2026-08-02 16:15:00,1.4401,1.4406,1.4383,1.4404,29963.23
2026-08-02 16:20:00,1.4404,1.4407,1.4383,1.4388,30930.34
2026-08-02 16:25:00,1.4388,1.4403,1.435,1.436,52927.24
2026-08-02 16:30:00,1.436,1.4361,1.4334,1.4349,24686.59
2026-08-02 16:35:00,1.4349,1.4366,1.4328,1.4334,110731.84
2026-08-02 16:40:00,1.4334,1.4377,1.4333,1.4351,288963.22
2026-08-02 16:45:00,1.4351,1.4356,1.4346,1.4353,65831.65
2026-08-02 16:50:00,1.4353,1.4354,1.4314,1.4322,93847.14
2026-08-02 16:55:00,1.4322,1.4329,1.4299,1.4313,214769.17
2026-08-02 17:00:00,1.4313,1.4327,1.4304,1.4325,23072.15
2026-08-02 17:05:00,1.4325,1.4339,1.4317,1.4334,80010.46
2026-08-02 17:10:00,1.4334,1.4345,1.4313,1.4322,17893.0
2026-08-02 17:15:00,1.4322,1.4323,1.4293,1.4307,58296.14
2026-08-02 17:20:00,1.4307,1.432,1.4303,1.4306,50763.13
2026-08-02 17:25:00,1.4306,1.4318,1.43,1.43,9025.89
2026-08-02 17:30:00,1.43,1.4315,1.4286,1.4296,67942.33
2026-08-02 17:35:00,1.4296,1.4298,1.4272,1.4279,22046.89
2026-08-02 17:40:00,1.4279,1.4321,1.424,1.4311,20580.3
2026-08-02 17:45:00,1.4311,1.4318,1.4295,1.4302,4504.86
2026-08-02 17:50:00,1.4302,1.4338,1.4293,1.4337,57713.09
2026-08-02 17:55:00,1.4337,1.4348,1.4306,1.4323,68437.23
2026-08-02 18:00:00,1.4323,1.4332,1.4306,1.4311,4648.82
2026-08-02 18:05:00,1.4311,1.4329,1.4286,1.4301,48595.28
2026-08-02 18:10:00,1.4301,1.4307,1.4284,1.4285,33665.1
2026-08-02 18:15:00,1.4285,1.4325,1.4262,1.431,49523.26
2026-08-02 18:20:00,1.431,1.432,1.4284,1.4295,61254.2
2026-08-02 18:25:00,1.4295,1.4299,1.4283,1.4289,14046.76
2026-08-02 18:30:00,1.4289,1.432,1.4272,1.4316,9530.57
2026-08-02 18:35:00,1.4316,1.4326,1.43,1.4324,53860.69
2026-08-02 18:40:00,1.4324,1.4328,1.4279,1.4284,25071.09
2026-08-02 18:45:00,1.4284,1.4323,1.4252,1.4314,145466.99
2026-08-02 18:50:00,1.4314,1.4317,1.4306,1.4312,3405.22
2026-08-02 18:55:00,1.4312,1.4316,1.4276,1.4297,53855.97
2026-08-02 19:00:00,1.4297,1.4309,1.4276,1.4284,41462.4
2026-08-02 19:05:00,1.4284,1.4322,1.4275,1.4321,89681.72
2026-08-02 19:10:00,1.4321,1.4325,1.4304,1.4319,88501.81
2026-08-02 19:15:00,1.4319,1.4347,1.4303,1.4326,62198.19
2026-08-02 19:20:00,1.4326,1.4355,1.4323,1.4349,42260.34
2026-08-02 19:25:00,1.4349,1.4362,1.4322,1.4325,76120.97
2026-08-02 19:30:00,1.4325,1.4339,1.4307,1.4324,178735.53
2026-08-02 19:35:00,1.4324,1.4327,1.4299,1.4308,25591.63
2026-08-02 19:40:00,1.4308,1.431,1.4272,1.428,16113.28
2026-08-02 19:45:00,1.428,1.4298,1.4244,1.4251,13327.72
2026-08-02 19:50:00,1.4251,1.4251,1.4228,1.4233,29206.21
2026-08-02 19:55:00,1.4233,1.4236,1.4203,1.4215,34631.93
2026-08-02 20:00:00,1.4215,1.4226,1.4198,1.4203,87475.18
2026-08-02 20:05:00,1.4203,1.4209,1.4202,1.4208,56253.95
2026-08-02 20:10:00,1.4208,1.4234,1.4171,1.4224,186927.77
2026-08-02 20:15:00,1.4224,1.4235,1.4213,1.4216,33179.64
2026-08-02 20:20:00,1.4216,1.4217,1.4152,1.4189,1081.09
2026-08-02 20:25:00,1.4189,1.4231,1.4143,1.4219,53938.42
2026-08-02 20:30:00,1.4219,1.422,1.4189,1.4197,37842.56
2026-08-02 20:35:00,1.4197,1.4219,1.4193,1.4201,145830.66
2026-08-02 20:40:00,1.4201,1.4205,1.4187,1.4189,11273.5
2026-08-02 20:45:00,1.4189,1.4189,1.4162,1.4166,1390.8
2026-08-02 20:50:00,1.4166,1.4218,1.4124,1.4206,142660.36
2026-08-02 20:55:00,1.4206,1.421,1.4191,1.4193,17768.72
2026-08-02 21:00:00,1.4193,1.4214,1.4173,1.4212,149206.55
2026-08-02 21:05:00,1.4212,1.422,1.4197,1.421,60513.4
2026-08-02 21:10:00,1.421,1.4236,1.4188,1.4227,101126.73
2026-08-02 21:15:00,1.4227,1.4255,1.4215,1.4223,86171.54
2026-08-02 21:20:00,1.4223,1.4261,1.418,1.4255,224107.82
2026-08-02 21:25:00,1.4255,1.4274,1.4228,1.4269,125574.46
2026-08-02 21:30:00,1.4269,1.4288,1.4253,1.4274,67184.79
2026-08-02 21:35:00,1.4274,1.4277,1.4264,1.4268,26084.56
2026-08-02 21:40:00,1.4268,1.4273,1.4235,1.424,142987.46
2026-08-02 21:45:00,1.424,1.4241,1.4238,1.4238,96665.83
2026-08-02 21:50:00,1.4238,1.4291,1.418,1.428,356942.2
2026-08-02 21:55:00,1.428,1.43,1.4275,1.4289,81716.92
2026-08-02 22:00:00,1.4289,1.4292,1.4269,1.4291,4841.23
2026-08-02 22:05:00,1.4291,1.4293,1.426,1.4264,700.46
2026-08-02 22:10:00,1.4264,1.4305,1.4228,1.4292,76653.35
2026-08-02 22:15:00,1.4292,1.4316,1.4275,1.4311,38543.5
2026-08-02 22:20:00,1.4311,1.4317,1.4294,1.4295,26955.02
2026-08-02 22:25:00,1.4295,1.4305,1.4277,1.4288,63967.01
2026-08-02 22:30:00,1.4288,1.4307,1.4241,1.4303,470288.43
2026-08-02 22:35:00,1.4303,1.4303,1.4277,1.428,44893.26
2026-08-02 22:40:00,1.428,1.4291,1.4267,1.428,118095.56
2026-08-02 22:45:00,1.428,1.4289,1.4246,1.4254,10734.11
2026-08-02 22:50:00,1.4254,1.4259,1.4249,1.4255,56348.03
2026-08-02 22:55:00,1.4255,1.4281,1.4255,1.4274,1859.8
2026-08-02 23:00:00,1.4274,1.4303,1.4249,1.4289,32464.19
2026-08-02 23:05:00,1.4289,1.4296,1.4276,1.4286,14662.73
2026-08-02 23:10:00,1.4286,1.4323,1.4229,1.4318,589602.15
2026-08-02 23:15:00,1.4318,1.4325,1.4311,1.432,45079.41
2026-08-02 23:20:00,1.432,1.4321,1.4291,1.4295,53709.09
2026-08-02 23:25:00,1.4295,1.4303,1.4286,1.4299,9985.74
2026-08-02 23:30:00,1.4299,1.4302,1.4271,1.4289,11403.92
2026-08-02 23:35:00,1.4289,1.4305,1.4269,1.4275,30250.92
2026-08-02 23:40:00,1.4275,1.4292,1.4274,1.4281,14723.44
2026-08-02 23:45:00,1.4281,1.4289,1.4271,1.4286,87160.87
2026-08-02 23:50:00,1.4286,1.4291,1.4281,1.4283,528.54
2026-08-02 23:55:00,1.4283,1.4307,1.4272,1.4302,19444.41
2026-08-03 00:00:00,1.4302,1.4323,1.4296,1.4317,47286.77
2026-08-03 00:05:00,1.4317,1.4329,1.4307,1.4326,66535.57
2026-08-03 00:10:00,1.4326,1.4381,1.4325,1.4354,51509.55
2026-08-03 00:15:00,1.4354,1.439,1.4319,1.4331,69603.66
2026-08-03 00:20:00,1.4331,1.4334,1.4304,1.4328,51823.93
2026-08-03 00:25:00,1.4328,1.4391,1.4281,1.4292,411188.09
2026-08-03 00:30:00,1.4292,1.4319,1.425,1.4256,439156.1
2026-08-03 00:35:00,1.4256,1.4271,1.425,1.4261,17577.72
2026-08-03 00:40:00,1.4261,1.4278,1.4256,1.4277,18137.5
2026-08-03 00:45:00,1.4277,1.4293,1.427,1.4286,48415.77
2026-08-03 00:50:00,1.4286,1.4304,1.4279,1.4296,64791.88
2026-08-03 00:55:00,1.4296,1.4308,1.4274,1.4286,100858.56
2026-08-03 01:00:00,1.4286,1.4315,1.4281,1.4295,14072.36
2026-08-03 01:05:00,1.4295,1.4297,1.4269,1.4288,10702.62
2026-08-03 01:10:00,1.4288,1.4309,1.4285,1.4298,71934.27
2026-08-03 01:15:00,1.4298,1.4306,1.4268,1.4285,3208.16
2026-08-03 01:20:00,1.4285,1.4303,1.4263,1.4292,23030.25
2026-08-03 01:25:00,1.4292,1.4297,1.4286,1.4292,78657.95
2026-08-03 01:30:00,1.4292,1.4351,1.4269,1.4277,21025.25
2026-08-03 01:35:00,1.4277,1.4291,1.4273,1.4276,22243.98
2026-08-03 01:40:00,1.4276,1.4283,1.4265,1.4267,10264.96
2026-08-03 01:45:00,1.4267,1.4268,1.4257,1.426,35488.14
2026-08-03 01:50:00,1.426,1.4286,1.4258,1.4284,2114.87
2026-08-03 01:55:00,1.4284,1.4314,1.4268,1.4304,59288.63
2026-08-03 02:00:00,1.4304,1.4336,1.4261,1.4272,73110.88
2026-08-03 02:05:00,1.4272,1.4282,1.4241,1.4251,47802.62
2026-08-03 02:10:00,1.4251,1.4268,1.4245,1.426,143536.48
2026-08-03 02:15:00,1.426,1.4276,1.4251,1.4271,26227.33
2026-08-03 02:20:00,1.4271,1.4277,1.4231,1.4232,2210.44
2026-08-03 02:25:00,1.4232,1.4241,1.4194,1.4199,22132.99
2026-08-03 02:30:00,1.4199,1.422,1.4181,1.4185,88006.76
2026-08-03 02:35:00,1.4185,1.4229,1.4148,1.4222,135306.13
2026-08-03 02:40:00,1.4222,1.4234,1.4206,1.4207,35937.84
2026-08-03 02:45:00,1.4207,1.423,1.4197,1.4223,10318.8
2026-08-03 02:50:00,1.4223,1.4227,1.4214,1.4222,112622.89
2026-08-03 02:55:00,1.4222,1.4238,1.4216,1.423,116507.19
2026-08-03 03:00:00,1.423,1.4267,1.4212,1.4238,36790.3
2026-08-03 03:05:00,1.4238,1.424,1.4223,1.4237,27908.11
2026-08-03 03:10:00,1.4237,1.425,1.4226,1.4247,5592.54
2026-08-03 03:15:00,1.4247,1.4278,1.4244,1.4277,14591.32
2026-08-03 03:20:00,1.4277,1.4281,1.4265,1.4279,141107.79
2026-08-03 03:25:00,1.4279,1.4304,1.4251,1.4302,189136.26
2026-08-03 03:30:00,1.4302,1.4328,1.427,1.4277,320655.93
2026-08-03 03:35:00,1.4277,1.4299,1.425,1.4265,8755.82
2026-08-03 03:40:00,1.4265,1.4299,1.4252,1.4285,15321.17
2026-08-03 03:45:00,1.4285,1.429,1.4256,1.4267,32216.55
2026-08-03 03:50:00,1.4267,1.4278,1.4251,1.4252,54042.4
2026-08-03 03:55:00,1.4252,1.4253,1.4239,1.4251,54866.8
2026-08-03 04:00:00,1.4251,1.4254,1.4233,1.4239,35053.49
2026-08-03 04:05:00,1.4239,1.4251,1.4231,1.4239,119949.3
2026-08-03 04:10:00,1.4239,1.4241,1.4236,1.4239,79711.05
2026-08-03 04:15:00,1.4239,1.4266,1.4216,1.4257,28412.46
2026-08-03 04:20:00,1.4257,1.4279,1.4249,1.4268,164678.72
2026-08-03 04:25:00,1.4268,1.4301,1.4257,1.4288,34697.79
2026-08-03 04:30:00,1.4288,1.4314,1.4288,1.4305,5890.78
2026-08-03 04:35:00,1.4305,1.4308,1.4288,1.4301,484.41
2026-08-03 04:40:00,1.4301,1.4336,1.4292,1.4332,227053.01
2026-08-03 04:45:00,1.4332,1.4348,1.4317,1.4336,2136.33
2026-08-03 04:50:00,1.4336,1.4343,1.4297,1.4317,62557.26
2026-08-03 04:55:00,1.4317,1.4331,1.431,1.432,111196.2
2026-08-03 05:00:00,1.432,1.4325,1.4308,1.432,99151.26
2026-08-03 05:05:00,1.432,1.4329,1.4291,1.4313,145892.48
2026-08-03 05:10:00,1.4313,1.4329,1.4303,1.4308,17734.22
2026-08-03 05:15:00,1.4308,1.4312,1.428,1.4288,29776.43
2026-08-03 05:20:00,1.4288,1.4291,1.4282,1.4289,10509.67
2026-08-03 05:25:00,1.4289,1.4319,1.4282,1.431,121353.73
2026-08-03 05:30:00,1.431,1.4364,1.4301,1.4354,44188.18
2026-08-03 05:35:00,1.4354,1.4363,1.435,1.4353,54699.67
2026-08-03 05:40:00,1.4353,1.4376,1.4346,1.437,35091.8
2026-08-03 05:45:00,1.437,1.4373,1.4351,1.4358,14684.08
2026-08-03 05:50:00,1.4358,1.4408,1.433,1.434,87261.49
2026-08-03 05:55:00,1.434,1.4384,1.4285,1.4297,58782.08
2026-08-03 06:00:00,1.4297,1.4334,1.4289,1.4322,34807.06
2026-08-03 06:05:00,1.4322,1.4347,1.4311,1.4327,1900.0
2026-08-03 06:10:00,1.4327,1.4348,1.4312,1.4329,38234.44
2026-08-03 06:15:00,1.4329,1.4345,1.4326,1.4336,10991.57
2026-08-03 06:20:00,1.4336,1.4338,1.4319,1.4323,227572.11
2026-08-03 06:25:00,1.4323,1.435,1.4283,1.4308,75989.64
2026-08-03 06:30:00,1.4308,1.4314,1.4299,1.4305,28875.78
2026-08-03 06:35:00,1.4305,1.4324,1.43,1.4301,7854.14
2026-08-03 06:40:00,1.4301,1.4331,1.4288,1.4321,105626.27
2026-08-03 06:45:00,1.4321,1.4344,1.4319,1.4325,48496.49
2026-08-03 06:50:00,1.4325,1.4353,1.4313,1.4331,15777.7
2026-08-03 06:55:00,1.4331,1.4388,1.429,1.4295,631382.9
2026-08-03 07:00:00,1.4295,1.4339,1.4288,1.4331,14354.74
2026-08-03 07:05:00,1.4331,1.4376,1.4307,1.4316,47917.37
2026-08-03 07:10:00,1.4316,1.4344,1.4313,1.4341,17776.06
2026-08-03 07:15:00,1.4341,1.4396,1.4332,1.4389,51787.95
2026-08-03 07:20:00,1.4389,1.4427,1.4381,1.4417,132594.56
2026-08-03 07:25:00,1.4417,1.4441,1.4412,1.444,37411.02
2026-08-03 07:30:00,1.444,1.4462,1.443,1.4446,385.61
2026-08-03 07:35:00,1.4446,1.4458,1.4432,1.4439,3341.38
2026-08-03 07:40:00,1.4439,1.445,1.4435,1.4446,36370.94
2026-08-03 07:45:00,1.4446,1.4505,1.4399,1.4411,199393.38
2026-08-03 07:50:00,1.4411,1.4446,1.44,1.4443,27243.43
2026-08-03 07:55:00,1.4443,1.4477,1.4389,1.4403,85405.83
2026-08-03 08:00:00,1.4403,1.4431,1.4384,1.4426,77471.52
2026-08-03 08:05:00,1.4426,1.4443,1.4402,1.4433,23930.82
2026-08-03 08:10:00,1.4433,1.4437,1.4406,1.4407,11072.77
2026-08-03 08:15:00,1.4407,1.4417,1.4382,1.4401,57083.87
2026-08-03 08:20:00,1.4401,1.4441,1.4396,1.4429,16822.68
2026-08-03 08:25:00,1.4429,1.4441,1.4407,1.4433,86051.78
2026-08-03 08:30:00,1.4433,1.4442,1.4426,1.4435,3337.81
2026-08-03 08:35:00,1.4435,1.447,1.4432,1.4456,138862.79
2026-08-03 08:40:00,1.4456,1.446,1.4421,1.4426,3194.36
2026-08-03 08:45:00,1.4426,1.4431,1.4414,1.4425,55165.96
2026-08-03 08:50:00,1.4425,1.4454,1.4388,1.4401,3744.45
2026-08-03 08:55:00,1.4401,1.4409,1.439,1.4399,17441.32
2026-08-03 09:00:00,1.4399,1.4403,1.4368,1.4382,29444.04
2026-08-03 09:05:00,1.4382,1.4397,1.4372,1.4388,228474.9
2026-08-03 09:10:00,1.4388,1.44,1.4381,1.4383,102436.36
2026-08-03 09:15:00,1.4383,1.4395,1.4377,1.4393,20014.6
2026-08-03 09:20:00,1.4393,1.4406,1.4386,1.4404,39547.65
2026-08-03 09:25:00,1.4404,1.4411,1.4355,1.4378,18431.63
2026-08-03 09:30:00,1.4378,1.4414,1.4375,1.4409,99669.09
2026-08-03 09:35:00,1.4409,1.4446,1.4408,1.4437,34237.03
2026-08-03 09:40:00,1.4437,1.4465,1.4403,1.441,86895.12
2026-08-03 09:45:00,1.441,1.4426,1.4404,1.4416,4928.83
2026-08-03 09:50:00,1.4416,1.4433,1.4406,1.4412,27882.1
2026-08-03 09:55:00,1.4412,1.4439,1.4405,1.4432,59073.74
2026-08-03 10:00:00,1.4432,1.4444,1.4413,1.4421,7928.01
2026-08-03 10:05:00,1.4421,1.4476,1.437,1.4381,212556.24
2026-08-03 10:10:00,1.4381,1.4394,1.436,1.4368,4716.41
2026-08-03 10:15:00,1.4368,1.4368,1.4329,1.4345,42750.64
2026-08-03 10:20:00,1.4345,1.4352,1.434,1.435,144939.57
2026-08-03 10:25:00,1.435,1.4359,1.4343,1.4344,31212.37
2026-08-03 10:30:00,1.4344,1.4344,1.433,1.4334,74858.53
2026-08-03 10:35:00,1.4334,1.4379,1.4328,1.435,34271.24
2026-08-03 10:40:00,1.435,1.436,1.4328,1.4332,76878.96
2026-08-03 10:45:00,1.4332,1.4344,1.4327,1.4339,63165.85
2026-08-03 10:50:00,1.4339,1.4344,1.4336,1.434,57910.81
2026-08-03 10:55:00,1.434,1.4358,1.4332,1.4357,289.48
2026-08-03 11:00:00,1.4357,1.4367,1.4343,1.4361,36212.8
2026-08-03 11:05:00,1.4361,1.4377,1.4336,1.4339,113539.45
2026-08-03 11:10:00,1.4339,1.434,1.4325,1.4326,87989.44
2026-08-03 11:15:00,1.4326,1.4352,1.4303,1.435,55371.79
2026-08-03 11:20:00,1.435,1.4371,1.4319,1.4335,10051.65
2026-08-03 11:25:00,1.4335,1.4361,1.4333,1.436,78869.9
2026-08-03 11:30:00,1.436,1.4368,1.4307,1.4326,28616.1
2026-08-03 11:35:00,1.4326,1.4341,1.4303,1.4303,5063.34
2026-08-03 11:40:00,1.4303,1.4343,1.425,1.4335,410968.34
2026-08-03 11:45:00,1.4335,1.4363,1.432,1.4338,7482.38
2026-08-03 11:50:00,1.4338,1.4352,1.4303,1.4305,30778.76
2026-08-03 11:55:00,1.4305,1.4336,1.4278,1.433,106032.97
2026-08-03 12:00:00,1.433,1.4346,1.4329,1.4343,78868.79
2026-08-03 12:05:00,1.4343,1.4372,1.428,1.4359,57048.49
2026-08-03 12:10:00,1.4359,1.4393,1.4322,1.4338,49752.18
2026-08-03 12:15:00,1.4338,1.4344,1.4308,1.4318,28900.33
2026-08-03 12:20:00,1.4318,1.4322,1.4296,1.4296,11496.43
2026-08-03 12:25:00,1.4296,1.4339,1.4263,1.4334,50970.71
2026-08-03 12:30:00,1.4334,1.4378,1.4274,1.4368,50267.06
2026-08-03 12:35:00,1.4368,1.4378,1.4356,1.4358,79042.19
2026-08-03 12:40:00,1.4358,1.4385,1.4351,1.4372,2868.38
2026-08-03 12:45:00,1.4372,1.4387,1.4354,1.4362,38910.3
2026-08-03 12:50:00,1.4362,1.4363,1.4317,1.4332,48923.5
2026-08-03 12:55:00,1.4332,1.4338,1.433,1.4334,3019.44
2026-08-03 13:00:00,1.4334,1.4352,1.4319,1.4343,50685.35
2026-08-03 13:05:00,1.4343,1.4377,1.4338,1.4374,21110.93
2026-08-03 13:10:00,1.4374,1.439,1.4351,1.4358,157520.09
2026-08-03 13:15:00,1.4358,1.4358,1.4336,1.4339,39306.86
2026-08-03 13:20:00,1.4339,1.4345,1.4337,1.4338,95347.48
2026-08-03 13:25:00,1.4338,1.4351,1.4334,1.4339,75041.0
2026-08-03 13:30:00,1.4339,1.4361,1.433,1.4347,112624.79
2026-08-03 13:35:00,1.4347,1.4394,1.4302,1.4383,36087.27
2026-08-03 13:40:00,1.4383,1.4397,1.4375,1.4384,33217.94
2026-08-03 13:45:00,1.4384,1.4401,1.4367,1.4386,18925.06
2026-08-03 13:50:00,1.4386,1.4408,1.4369,1.4372,171387.36
2026-08-03 13:55:00,1.4372,1.4375,1.4353,1.4353,18223.61
2026-08-03 14:00:00,1.4353,1.4376,1.4342,1.4371,14304.11
2026-08-03 14:05:00,1.4371,1.4381,1.435,1.4357,12991.6
2026-08-03 14:10:00,1.4357,1.436,1.433,1.4343,38275.43
2026-08-03 14:15:00,1.4343,1.4361,1.4338,1.4351,16833.77
2026-08-03 14:20:00,1.4351,1.4367,1.4344,1.4364,87201.63
2026-08-03 14:25:00,1.4364,1.4381,1.4355,1.4379,19417.16
2026-08-03 14:30:00,1.4379,1.4387,1.4357,1.4375,4309.02
2026-08-03 14:35:00,1.4375,1.4381,1.4366,1.4374,57442.36
2026-08-03 14:40:00,1.4374,1.4375,1.4338,1.4366,13447.59
2026-08-03 14:45:00,1.4366,1.4379,1.4352,1.4357,39297.39
2026-08-03 14:50:00,1.4357,1.4377,1.4344,1.4373,19016.68
2026-08-03 14:55:00,1.4373,1.4382,1.4347,1.436,79042.23
2026-08-03 15:00:00,1.436,1.4379,1.4348,1.4364,11826.03
2026-08-03 15:05:00,1.4364,1.441,1.4363,1.4394,145784.71
2026-08-03 15:10:00,1.4394,1.4403,1.4386,1.4393,3195.05
2026-08-03 15:15:00,1.4393,1.4421,1.4382,1.4416,45388.85
2026-08-03 15:20:00,1.4416,1.4421,1.4398,1.4408,85408.62
2026-08-03 15:25:00,1.4408,1.4437,1.4402,1.443,22446.17
2026-08-03 15:30:00,1.443,1.4488,1.4388,1.4396,108292.32
2026-08-03 15:35:00,1.4396,1.4417,1.439,1.4403,123504.75
2026-08-03 15:40:00,1.4403,1.4419,1.4385,1.4412,12048.68
2026-08-03 15:45:00,1.4412,1.445,1.4412,1.4426,129060.68
2026-08-03 15:50:00,1.4426,1.4475,1.4371,1.4384,113834.76
2026-08-03 15:55:00,1.4384,1.4426,1.4381,1.4405,4918.27
2026-08-03 16:00:00,1.4405,1.4453,1.4358,1.4363,366442.42
2026-08-03 16:05:00,1.4363,1.4398,1.4362,1.4396,41307.13
2026-08-03 16:10:00,1.4396,1.4409,1.438,1.4408,82422.15
2026-08-03 16:15:00,1.4408,1.4432,1.4355,1.437,171668.01
2026-08-03 16:20:00,1.437,1.4379,1.4358,1.4374,21359.77
2026-08-03 16:25:00,1.4374,1.4408,1.4363,1.4398,154764.6
2026-08-03 16:30:00,1.4398,1.4401,1.4375,1.4392,18788.86
2026-08-03 16:35:00,1.4392,1.4437,1.4391,1.4426,97870.93
2026-08-03 16:40:00,1.4426,1.447,1.4391,1.4402,140319.33
2026-08-03 16:45:00,1.4402,1.4407,1.4392,1.4405,32499.59
2026-08-03 16:50:00,1.4405,1.4455,1.4371,1.4378,139281.86
2026-08-03 16:55:00,1.4378,1.4394,1.4369,1.4388,22008.23
2026-08-03 17:00:00,1.4388,1.4393,1.4359,1.4369,108033.9
2026-08-03 17:05:00,1.4369,1.4376,1.4361,1.4376,26744.99
2026-08-03 17:10:00,1.4376,1.439,1.4368,1.4377,43061.89
2026-08-03 17:15:00,1.4377,1.4416,1.4369,1.4404,32040.88
2026-08-03 17:20:00,1.4404,1.441,1.4386,1.441,158798.29
2026-08-03 17:25:00,1.441,1.4469,1.4372,1.4384,34685.59
2026-08-03 17:30:00,1.4384,1.4407,1.4381,1.4394,15275.88
2026-08-03 17:35:00,1.4394,1.4404,1.4365,1.4368,87961.93
2026-08-03 17:40:00,1.4368,1.438,1.4368,1.4372,5285.01
2026-08-03 17:45:00,1.4372,1.4394,1.4354,1.4377,74835.24
2026-08-03 17:50:00,1.4377,1.4385,1.4373,1.4383,7859.46
2026-08-03 17:55:00,1.4383,1.4387,1.4376,1.4377,64704.13
2026-08-03 18:00:00,1.4377,1.4386,1.4373,1.4381,268356.77
2026-08-03 18:05:00,1.4381,1.4381,1.4369,1.4369,14900.4
2026-08-03 18:10:00,1.4369,1.4376,1.435,1.4353,23856.12
2026-08-03 18:15:00,1.4353,1.437,1.4347,1.4368,15207.28
2026-08-03 18:20:00,1.4368,1.4379,1.4358,1.4376,7424.49
2026-08-03 18:25:00,1.4376,1.439,1.4364,1.4387,84133.5
2026-08-03 18:30:00,1.4387,1.4415,1.4387,1.4396,16397.77
2026-08-03 18:35:00,1.4396,1.4414,1.4395,1.4412,40087.39
2026-08-03 18:40:00,1.4412,1.4425,1.4406,1.4422,45013.39
2026-08-03 18:45:00,1.4422,1.4445,1.4419,1.4444,24046.32
2026-08-03 18:50:00,1.4444,1.4448,1.4443,1.4446,25292.8
2026-08-03 18:55:00,1.4446,1.4469,1.4431,1.446,8286.96
2026-08-03 19:00:00,1.446,1.4463,1.4439,1.4455,3963.14
2026-08-03 19:05:00,1.4455,1.446,1.445,1.4458,88220.77
2026-08-03 19:10:00,1.4458,1.4463,1.4433,1.4442,117027.36
2026-08-03 19:15:00,1.4442,1.4452,1.4435,1.4439,7189.71
2026-08-03 19:20:00,1.4439,1.4456,1.4439,1.4454,3304.72
2026-08-03 19:25:00,1.4454,1.4464,1.4451,1.4461,51888.02
2026-08-03 19:30:00,1.4461,1.4483,1.4453,1.4466,79364.22
2026-08-03 19:35:00,1.4466,1.4522,1.4419,1.4425,396417.07
2026-08-03 19:40:00,1.4425,1.4458,1.4423,1.4453,6304.14
2026-08-03 19:45:00,1.4453,1.4486,1.4402,1.4412,82058.01
2026-08-03 19:50:00,1.4412,1.4429,1.4403,1.442,34255.51
2026-08-03 19:55:00,1.442,1.4437,1.4409,1.4433,97362.39
2026-08-03 20:00:00,1.4433,1.4443,1.4404,1.4417,95659.49
2026-08-03 20:05:00,1.4417,1.4446,1.4417,1.4435,15700.67
2026-08-03 20:10:00,1.4435,1.4444,1.4427,1.443,23756.25
2026-08-03 20:15:00,1.443,1.4448,1.4428,1.4447,735.1
2026-08-03 20:20:00,1.4447,1.4472,1.4393,1.4406,227929.15
2026-08-03 20:25:00,1.4406,1.4442,1.4391,1.4431,102562.96
2026-08-03 20:30:00,1.4431,1.445,1.4419,1.4422,20741.82
2026-08-03 20:35:00,1.4422,1.4427,1.44,1.4415,5648.4
2026-08-03 20:40:00,1.4415,1.4465,1.4394,1.4464,122629.07
2026-08-03 20:45:00,1.4464,1.4529,1.4434,1.444,209127.38
2026-08-03 20:50:00,1.444,1.4496,1.4391,1.4399,225965.7
2026-08-03 20:55:00,1.4399,1.442,1.4393,1.4395,68462.51
2026-08-03 21:00:00,1.4395,1.4404,1.4362,1.4385,19821.94
2026-08-03 21:05:00,1.4385,1.4393,1.4365,1.4375,8648.7
2026-08-03 21:10:00,1.4375,1.4378,1.4352,1.4368,157176.36
2026-08-03 21:15:00,1.4368,1.438,1.4346,1.4349,6230.1
2026-08-03 21:20:00,1.4349,1.4365,1.4339,1.4342,42426.81
2026-08-03 21:25:00,1.4342,1.4356,1.4326,1.4346,10017.58
2026-08-03 21:30:00,1.4346,1.4355,1.4333,1.4337,44077.99
2026-08-03 21:35:00,1.4337,1.4341,1.4326,1.4336,78250.05
2026-08-03 21:40:00,1.4336,1.438,1.4276,1.4367,122140.61
2026-08-03 21:45:00,1.4367,1.4367,1.4334,1.4358,198217.99
2026-08-03 21:50:00,1.4358,1.4365,1.4346,1.4354,11054.77
2026-08-03 21:55:00,1.4354,1.4378,1.4327,1.4339,87944.52
2026-08-03 22:00:00,1.4339,1.4362,1.4338,1.4355,28479.95
2026-08-03 22:05:00,1.4355,1.4396,1.4311,1.4389,327112.22
2026-08-03 22:10:00,1.4389,1.4414,1.4385,1.4404,7114.83
2026-08-03 22:15:00,1.4404,1.443,1.4399,1.4426,11451.23
2026-08-03 22:20:00,1.4426,1.4441,1.4399,1.4402,48088.04
2026-08-03 22:25:00,1.4402,1.4412,1.4383,1.441,60014.76
2026-08-03 22:30:00,1.441,1.4412,1.4392,1.4406,37031.83
2026-08-03 22:35:00,1.4406,1.4433,1.4403,1.4413,88766.39
2026-08-03 22:40:00,1.4413,1.4416,1.44,1.4403,77715.31
2026-08-03 22:45:00,1.4403,1.4412,1.4395,1.4405,49330.51
2026-08-03 22:50:00,1.4405,1.4434,1.44,1.4418,22992.58
2026-08-03 22:55:00,1.4418,1.442,1.4396,1.4402,20219.91
2026-08-03 23:00:00,1.4402,1.442,1.4394,1.4419,47453.8
2026-08-03 23:05:00,1.4419,1.4428,1.4414,1.4423,33940.83
2026-08-03 23:10:00,1.4423,1.4426,1.4393,1.4412,28764.57
2026-08-03 23:15:00,1.4412,1.4449,1.4394,1.4437,29482.55
2026-08-03 23:20:00,1.4437,1.4441,1.4421,1.4426,34183.59
2026-08-03 23:25:00,1.4426,1.4471,1.4411,1.4451,54609.32
2026-08-03 23:30:00,1.4451,1.4451,1.4434,1.4443,97883.64
2026-08-03 23:35:00,1.4443,1.4481,1.444,1.4474,32554.64
2026-08-03 23:40:00,1.4474,1.449,1.4469,1.4489,24198.01
2026-08-03 23:45:00,1.4489,1.4526,1.448,1.452,9772.75
2026-08-03 23:50:00,1.452,1.453,1.4517,1.4526,6379.25
2026-08-03 23:55:00,1.4526,1.4572,1.4525,1.4556,50925.81
2026-08-04 00:00:00,1.4556,1.4607,1.4554,1.4589,2701.56
2026-08-04 00:05:00,1.4589,1.4626,1.4587,1.4614,40212.81
2026-08-04 00:10:00,1.4614,1.4635,1.4596,1.4602,3428.56
2026-08-04 00:15:00,1.4602,1.4611,1.4581,1.4594,54544.74
2026-08-04 00:20:00,1.4594,1.4604,1.4579,1.4581,26579.61
2026-08-04 00:25:00,1.4581,1.4619,1.4539,1.455,29393.25
2026-08-04 00:30:00,1.455,1.4578,1.4515,1.452,375804.74
2026-08-04 00:35:00,1.452,1.4546,1.4519,1.4537,47673.54
2026-08-04 00:40:00,1.4537,1.4594,1.4504,1.4511,100182.89
2026-08-04 00:45:00,1.4511,1.454,1.4481,1.449,139799.96
2026-08-04 00:50:00,1.449,1.4534,1.4453,1.4463,36427.84
2026-08-04 00:55:00,1.4463,1.4469,1.4445,1.4446,97653.48
2026-08-04 01:00:00,1.4446,1.4469,1.4406,1.441,37924.08
2026-08-04 01:05:00,1.441,1.4415,1.4397,1.4408,1366.42
2026-08-04 01:10:00,1.4408,1.4444,1.4394,1.442,7876.42
2026-08-04 01:15:00,1.442,1.4423,1.441,1.4421,70756.8
2026-08-04 01:20:00,1.4421,1.4456,1.4406,1.4454,62434.24
2026-08-04 01:25:00,1.4454,1.4517,1.442,1.4426,78101.03
2026-08-04 01:30:00,1.4426,1.4449,1.4414,1.4433,46836.63
2026-08-04 01:35:00,1.4433,1.4454,1.4432,1.4447,9346.26
2026-08-04 01:40:00,1.4447,1.4466,1.4394,1.4408,39438.46
2026-08-04 01:45:00,1.4408,1.4443,1.4382,1.444,43409.29
2026-08-04 01:50:00,1.444,1.4481,1.4404,1.4413,43488.63
2026-08-04 01:55:00,1.4413,1.4414,1.4411,1.4412,7940.24
2026-08-04 02:00:00,1.4412,1.4413,1.436,1.4367,68359.55
2026-08-04 02:05:00,1.4367,1.4369,1.4335,1.4342,2054.99
2026-08-04 02:10:00,1.4342,1.4361,1.4327,1.4357,11177.88
2026-08-04 02:15:00,1.4357,1.4376,1.4352,1.4364,124808.87
2026-08-04 02:20:00,1.4364,1.4383,1.4363,1.4381,67145.09
2026-08-04 02:25:00,1.4381,1.4389,1.4364,1.4386,69363.27
2026-08-04 02:30:00,1.4386,1.44,1.4383,1.439,35545.11
2026-08-04 02:35:00,1.439,1.4402,1.4378,1.4381,38221.59
2026-08-04 02:40:00,1.4381,1.4385,1.4351,1.4352,3223.06
2026-08-04 02:45:00,1.4352,1.4361,1.4312,1.4331,73558.9
2026-08-04 02:50:00,1.4331,1.4376,1.4267,1.4367,300064.52
2026-08-04 02:55:00,1.4367,1.4383,1.4362,1.4372,71325.17
2026-08-04 03:00:00,1.4372,1.4384,1.4339,1.434,37586.06
2026-08-04 03:05:00,1.434,1.4366,1.4308,1.4358,136847.96
2026-08-04 03:10:00,1.4358,1.4389,1.4343,1.4347,108783.71
2026-08-04 03:15:00,1.4347,1.437,1.4323,1.4363,261199.05
2026-08-04 03:20:00,1.4363,1.4386,1.4322,1.4378,156333.41
2026-08-04 03:25:00,1.4378,1.4384,1.4349,1.4361,24803.48
2026-08-04 03:30:00,1.4361,1.4367,1.4339,1.4347,18642.59
2026-08-04 03:35:00,1.4347,1.4381,1.4346,1.437,8089.19
2026-08-04 03:40:00,1.437,1.4372,1.4345,1.4352,161251.39
2026-08-04 03:45:00,1.4352,1.4353,1.4347,1.4353,23823.88
2026-08-04 03:50:00,1.4353,1.4383,1.4346,1.4347,10131.35
2026-08-04 03:55:00,1.4347,1.4363,1.4338,1.436,26695.45
2026-08-04 04:00:00,1.436,1.4365,1.4359,1.4361,60619.55
2026-08-04 04:05:00,1.4361,1.4376,1.4356,1.4373,34112.31
2026-08-04 04:10:00,1.4373,1.4381,1.4359,1.4375,33238.01
2026-08-04 04:15:00,1.4375,1.4386,1.4353,1.436,1984.38
2026-08-04 04:20:00,1.436,1.4411,1.4318,1.4401,31848.15
2026-08-04 04:25:00,1.4401,1.4419,1.4388,1.4418,24509.89
2026-08-04 04:30:00,1.4418,1.4418,1.441,1.4416,92487.81
2026-08-04 04:35:00,1.4416,1.4432,1.4413,1.4423,57995.43
2026-08-04 04:40:00,1.4423,1.4425,1.4402,1.4403,12320.88
2026-08-04 04:45:00,1.4403,1.4409,1.4394,1.4404,241969.72
2026-08-04 04:50:00,1.4404,1.4414,1.4358,1.4364,46716.24
2026-08-04 04:55:00,1.4364,1.4372,1.434,1.4342,112390.1
2026-08-04 05:00:00,1.4342,1.4345,1.4306,1.4319,372762.97
2026-08-04 05:05:00,1.4319,1.4343,1.4311,1.4341,21040.35
2026-08-04 05:10:00,1.4341,1.4355,1.4298,1.4301,104455.77
2026-08-04 05:15:00,1.4301,1.433,1.4254,1.4318,155371.78
2026-08-04 05:20:00,1.4318,1.4329,1.4288,1.4306,5069.9
2026-08-04 05:25:00,1.4306,1.4314,1.4303,1.4303,81833.81
2026-08-04 05:30:00,1.4303,1.4338,1.4263,1.4325,171439.33
2026-08-04 05:35:00,1.4325,1.4339,1.4313,1.4331,14830.48
2026-08-04 05:40:00,1.4331,1.4352,1.431,1.4339,84524.96
2026-08-04 05:45:00,1.4339,1.4364,1.4307,1.4352,58169.23
2026-08-04 05:50:00,1.4352,1.437,1.4338,1.4344,47566.31
2026-08-04 05:55:00,1.4344,1.4357,1.4325,1.4353,18695.63
2026-08-04 06:00:00,1.4353,1.4356,1.4329,1.4339,151865.58
2026-08-04 06:05:00,1.4339,1.4346,1.4319,1.4324,27912.52
2026-08-04 06:10:00,1.4324,1.4347,1.4315,1.4328,11425.11
2026-08-04 06:15:00,1.4328,1.4348,1.4327,1.4332,21574.42
2026-08-04 06:20:00,1.4332,1.4339,1.4319,1.4337,50996.92
2026-08-04 06:25:00,1.4337,1.4342,1.4337,1.4338,24067.13
2026-08-04 06:30:00,1.4338,1.4338,1.4269,1.4281,90740.11
2026-08-04 06:35:00,1.4281,1.4286,1.4268,1.4275,39694.86
2026-08-04 06:40:00,1.4275,1.4306,1.4271,1.4297,16282.9
2026-08-04 06:45:00,1.4297,1.4307,1.4288,1.43,71570.96
2026-08-04 06:50:00,1.43,1.4328,1.4275,1.4314,429197.63
2026-08-04 06:55:00,1.4314,1.4347,1.4269,1.4333,12398.85
2026-08-04 07:00:00,1.4333,1.4365,1.4301,1.4359,176113.36
2026-08-04 07:05:00,1.4359,1.4368,1.4356,1.4365,54282.85
2026-08-04 07:10:00,1.4365,1.4386,1.4337,1.438,2913.07
2026-08-04 07:15:00,1.438,1.4425,1.4376,1.4418,60665.55
2026-08-04 07:20:00,1.4418,1.443,1.4417,1.4429,15525.37
2026-08-04 07:25:00,1.4429,1.4433,1.4385,1.4406,11893.36
2026-08-04 07:30:00,1.4406,1.4415,1.4383,1.4385,8123.13
2026-08-04 07:35:00,1.4385,1.4418,1.4383,1.4403,28359.23
2026-08-04 07:40:00,1.4403,1.4405,1.4386,1.4392,2123.58
2026-08-04 07:45:00,1.4392,1.4396,1.4379,1.4395,136559.08
2026-08-04 07:50:00,1.4395,1.4408,1.4378,1.4389,119898.45
2026-08-04 07:55:00,1.4389,1.4404,1.4385,1.4389,104065.61
2026-08-04 08:00:00,1.4389,1.4402,1.4375,1.4391,38287.11
2026-08-04 08:05:00,1.4391,1.4415,1.4374,1.4387,17571.63
2026-08-04 08:10:00,1.4387,1.44,1.4366,1.44,19231.93
2026-08-04 08:15:00,1.44,1.4404,1.4379,1.4385,49695.09
2026-08-04 08:20:00,1.4385,1.4412,1.4367,1.4397,13025.09
2026-08-04 08:25:00,1.4397,1.4443,1.4384,1.4435,109495.26
2026-08-04 08:30:00,1.4435,1.4442,1.4419,1.4441,50412.9
2026-08-04 08:35:00,1.4441,1.4443,1.4408,1.4414,40059.65
2026-08-04 08:40:00,1.4414,1.4431,1.441,1.4428,24858.76
2026-08-04 08:45:00,1.4428,1.4432,1.4426,1.4426,24332.17
2026-08-04 08:50:00,1.4426,1.4468,1.4391,1.4399,54791.85
2026-08-04 08:55:00,1.4399,1.4406,1.4398,1.4404,24768.73
2026-08-04 09:00:00,1.4404,1.442,1.4386,1.4413,8282.12
2026-08-04 09:05:00,1.4413,1.4456,1.4367,1.4375,501589.4
2026-08-04 09:10:00,1.4375,1.4388,1.4349,1.4368,40785.52
2026-08-04 09:15:00,1.4368,1.4374,1.4358,1.4369,69852.75
2026-08-04 09:20:00,1.4369,1.4371,1.4344,1.4352,129961.72
2026-08-04 09:25:00,1.4352,1.4364,1.4346,1.4349,16417.07
2026-08-04 09:30:00,1.4349,1.4361,1.4311,1.4315,93023.23
2026-08-04 09:35:00,1.4315,1.4325,1.43,1.4308,52648.21
2026-08-04 09:40:00,1.4308,1.4329,1.4287,1.4309,94063.35
2026-08-04 09:45:00,1.4309,1.4315,1.4287,1.4301,44626.3
2026-08-04 09:50:00,1.4301,1.4342,1.4237,1.4334,257965.43
2026-08-04 09:55:00,1.4334,1.4339,1.431,1.4326,225984.84
2026-08-04 10:00:00,1.4326,1.4344,1.4306,1.434,11358.18
2026-08-04 10:05:00,1.434,1.4344,1.4333,1.4335,80989.87
2026-08-04 10:10:00,1.4335,1.4352,1.4333,1.4342,10156.08
2026-08-04 10:15:00,1.4342,1.4376,1.434,1.4346,13185.06
2026-08-04 10:20:00,1.4346,1.435,1.4328,1.4331,53528.94
2026-08-04 10:25:00,1.4331,1.4351,1.433,1.4337,4294.89
2026-08-04 10:30:00,1.4337,1.4355,1.4332,1.4351,21229.5
2026-08-04 10:35:00,1.4351,1.4375,1.4349,1.4368,45997.6
2026-08-04 10:40:00,1.4368,1.4388,1.4349,1.4358,76216.33
2026-08-04 10:45:00,1.4358,1.436,1.4326,1.4333,6199.45
2026-08-04 10:50:00,1.4333,1.4337,1.4314,1.4331,427.22
2026-08-04 10:55:00,1.4331,1.4343,1.4324,1.4326,34783.49
2026-08-04 11:00:00,1.4326,1.4338,1.432,1.4331,4319.54
2026-08-04 11:05:00,1.4331,1.4342,1.4323,1.4323,28632.02
2026-08-04 11:10:00,1.4323,1.4331,1.4275,1.4299,4962.92
2026-08-04 11:15:00,1.4299,1.4346,1.4276,1.4331,71262.21
2026-08-04 11:20:00,1.4331,1.4345,1.4312,1.4318,101039.53
2026-08-04 11:25:00,1.4318,1.4334,1.4303,1.4322,32758.58
2026-08-04 11:30:00,1.4322,1.4325,1.4321,1.4323,23283.9
2026-08-04 11:35:00,1.4323,1.4327,1.4301,1.4305,68025.79
2026-08-04 11:40:00,1.4305,1.4325,1.4299,1.4323,9830.22
2026-08-04 11:45:00,1.4323,1.4339,1.4323,1.4329,33533.58
2026-08-04 11:50:00,1.4329,1.4351,1.4315,1.4347,69883.57
2026-08-04 11:55:00,1.4347,1.4349,1.4322,1.434,18019.58
2026-08-04 12:00:00,1.434,1.4346,1.433,1.4332,68088.79
2026-08-04 12:05:00,1.4332,1.4345,1.431,1.4337,78889.87
2026-08-04 12:10:00,1.4337,1.436,1.4332,1.4343,85577.85
2026-08-04 12:15:00,1.4343,1.4346,1.432,1.4332,41940.35
2026-08-04 12:20:00,1.4332,1.4334,1.4314,1.4321,152302.75
2026-08-04 12:25:00,1.4321,1.4366,1.4318,1.4348,11118.03
2026-08-04 12:30:00,1.4348,1.4352,1.4337,1.435,84812.5
2026-08-04 12:35:00,1.435,1.4372,1.4343,1.435,182643.87
2026-08-04 12:40:00,1.435,1.4357,1.4337,1.435,23120.93
2026-08-04 12:45:00,1.435,1.4369,1.4339,1.4363,13416.31
2026-08-04 12:50:00,1.4363,1.4381,1.4351,1.4374,3916.58
2026-08-04 12:55:00,1.4374,1.4393,1.4373,1.4385,67414.26
2026-08-04 13:00:00,1.4385,1.4395,1.4374,1.4381,12836.93
2026-08-04 13:05:00,1.4381,1.4407,1.4376,1.439,16424.69
2026-08-04 13:10:00,1.439,1.4425,1.4387,1.4413,40211.06
2026-08-04 13:15:00,1.4413,1.4428,1.441,1.4422,17001.36
2026-08-04 13:20:00,1.4422,1.4446,1.4417,1.4445,77732.83
2026-08-04 13:25:00,1.4445,1.4505,1.4418,1.4423,62775.54
2026-08-04 13:30:00,1.4423,1.4426,1.4402,1.4407,11982.86
2026-08-04 13:35:00,1.4407,1.4427,1.4394,1.4419,153778.11
2026-08-04 13:40:00,1.4419,1.4426,1.4406,1.4425,43443.82
2026-08-04 13:45:00,1.4425,1.4447,1.4392,1.4405,595411.65
2026-08-04 13:50:00,1.4405,1.4415,1.4389,1.439,15822.02
2026-08-04 13:55:00,1.439,1.4412,1.4371,1.4398,67785.66
2026-08-04 14:00:00,1.4398,1.4422,1.4377,1.4412,16890.62
2026-08-04 14:05:00,1.4412,1.4412,1.4404,1.4405,11631.79
2026-08-04 14:10:00,1.4405,1.4411,1.4382,1.441,14755.74
2026-08-04 14:15:00,1.441,1.4414,1.4397,1.4405,25620.64
2026-08-04 14:20:00,1.4405,1.4419,1.4387,1.4395,4743.98
2026-08-04 14:25:00,1.4395,1.4432,1.439,1.4409,136188.27
2026-08-04 14:30:00,1.4409,1.4434,1.4396,1.4402,8847.64
2026-08-04 14:35:00,1.4402,1.4421,1.4336,1.4367,34211.32
2026-08-04 14:40:00,1.4367,1.4406,1.4362,1.4398,88324.76
2026-08-04 14:45:00,1.4398,1.4428,1.4387,1.4402,6678.19
2026-08-04 14:50:00,1.4402,1.443,1.4391,1.4412,64103.94
2026-08-04 14:55:00,1.4412,1.4425,1.4388,1.439,25946.97
2026-08-04 15:00:00,1.439,1.4416,1.4385,1.4413,76026.08
2026-08-04 15:05:00,1.4413,1.442,1.4361,1.4385,20473.31
2026-08-04 15:10:00,1.4385,1.4422,1.438,1.4419,39033.73
2026-08-04 15:15:00,1.4419,1.447,1.4392,1.4398,185603.9
2026-08-04 15:20:00,1.4398,1.44,1.4383,1.4392,86387.4
2026-08-04 15:25:00,1.4392,1.4413,1.4361,1.4377,129851.11
2026-08-04 15:30:00,1.4377,1.4388,1.4369,1.4381,3200.5
2026-08-04 15:35:00,1.4381,1.4393,1.4373,1.4391,28788.82
2026-08-04 15:40:00,1.4391,1.4415,1.4387,1.4395,12455.95
2026-08-04 15:45:00,1.4395,1.4404,1.4385,1.4385,64296.49
2026-08-04 15:50:00,1.4385,1.4424,1.4371,1.4411,20294.29
2026-08-04 15:55:00,1.4411,1.442,1.4401,1.4409,3267.34
2026-08-04 16:00:00,1.4409,1.4441,1.4397,1.4426,26546.88
2026-08-04 16:05:00,1.4426,1.4451,1.4425,1.4444,38428.96
2026-08-04 16:10:00,1.4444,1.4467,1.4405,1.4414,1999.36
2026-08-04 16:15:00,1.4414,1.4451,1.4414,1.4443,11145.31
2026-08-04 16:20:00,1.4443,1.4455,1.4426,1.4429,160281.43
2026-08-04 16:25:00,1.4429,1.4442,1.4411,1.4411,35714.42
2026-08-04 16:30:00,1.4411,1.4419,1.439,1.4404,155370.13
2026-08-04 16:35:00,1.4404,1.4413,1.44,1.4405,50035.33
2026-08-04 16:40:00,1.4405,1.442,1.4387,1.4417,3160.05
2026-08-04 16:45:00,1.4417,1.4422,1.4393,1.4396,95620.89
2026-08-04 16:50:00,1.4396,1.4415,1.439,1.4408,6927.12
2026-08-04 16:55:00,1.4408,1.4415,1.4395,1.4395,101481.0
2026-08-04 17:00:00,1.4395,1.4403,1.4387,1.4403,11649.33
2026-08-04 17:05:00,1.4403,1.4414,1.4392,1.4412,126347.53
2026-08-04 17:10:00,1.4412,1.4412,1.4406,1.4408,37097.82
2026-08-04 17:15:00,1.4408,1.4417,1.4385,1.4407,96952.81
2026-08-04 17:20:00,1.4407,1.4445,1.4387,1.4437,23305.83
2026-08-04 17:25:00,1.4437,1.444,1.4425,1.4438,66778.63
2026-08-04 17:30:00,1.4438,1.4479,1.4399,1.4407,93371.15
2026-08-04 17:35:00,1.4407,1.4412,1.4399,1.4404,92208.36
2026-08-04 17:40:00,1.4404,1.4417,1.437,1.4371,69832.49
2026-08-04 17:45:00,1.4371,1.4388,1.4369,1.4384,102146.88
2026-08-04 17:50:00,1.4384,1.44,1.4357,1.4371,53178.25
2026-08-04 17:55:00,1.4371,1.4403,1.4355,1.4393,882.74
2026-08-04 18:00:00,1.4393,1.4394,1.4388,1.4391,12849.01
2026-08-04 18:05:00,1.4391,1.4409,1.4376,1.4379,50762.76
2026-08-04 18:10:00,1.4379,1.4388,1.4337,1.435,1696.12
2026-08-04 18:15:00,1.435,1.4367,1.4343,1.4364,52329.56
2026-08-04 18:20:00,1.4364,1.4365,1.4344,1.4349,23969.94
2026-08-04 18:25:00,1.4349,1.4374,1.4341,1.4367,190692.59
2026-08-04 18:30:00,1.4367,1.4381,1.4348,1.4356,111508.21
2026-08-04 18:35:00,1.4356,1.4365,1.4355,1.4365,1114.18
2026-08-04 18:40:00,1.4365,1.4371,1.4346,1.4346,219.46
2026-08-04 18:45:00,1.4346,1.4353,1.4331,1.4334,37385.92
2026-08-04 18:50:00,1.4334,1.4345,1.433,1.4335,20482.69
2026-08-04 18:55:00,1.4335,1.4337,1.4315,1.4317,13142.88
2026-08-04 19:00:00,1.4317,1.4353,1.4277,1.4339,182672.7
2026-08-04 19:05:00,1.4339,1.4341,1.433,1.4336,33437.26
2026-08-04 19:10:00,1.4336,1.4368,1.433,1.4362,43332.31
2026-08-04 19:15:00,1.4362,1.4363,1.4308,1.4325,42136.63
2026-08-04 19:20:00,1.4325,1.4331,1.4312,1.4326,31692.13
2026-08-04 19:25:00,1.4326,1.4345,1.4321,1.4343,18694.03
2026-08-04 19:30:00,1.4343,1.4364,1.4342,1.4349,72667.37
2026-08-04 19:35:00,1.4349,1.4364,1.4324,1.4331,132792.93
2026-08-04 19:40:00,1.4331,1.4343,1.4278,1.4282,70587.71
2026-08-04 19:45:00,1.4282,1.4295,1.4258,1.4269,43068.53
2026-08-04 19:50:00,1.4269,1.4286,1.4246,1.4264,41971.09
2026-08-04 19:55:00,1.4264,1.4288,1.4255,1.4277,39188.12
2026-08-04 20:00:00,1.4277,1.4302,1.424,1.4295,102776.53
2026-08-04 20:05:00,1.4295,1.4302,1.4287,1.4299,9863.14
2026-08-04 20:10:00,1.4299,1.4344,1.4289,1.4338,21856.29
2026-08-04 20:15:00,1.4338,1.4359,1.4331,1.4358,17433.22
2026-08-04 20:20:00,1.4358,1.4382,1.4341,1.4374,3236.02
2026-08-04 20:25:00,1.4374,1.438,1.4354,1.4364,126839.98
2026-08-04 20:30:00,1.4364,1.4366,1.4349,1.4361,120012.62
2026-08-04 20:35:00,1.4361,1.4376,1.4359,1.4374,128062.5
2026-08-04 20:40:00,1.4374,1.438,1.4338,1.4349,23997.82
2026-08-04 20:45:00,1.4349,1.4356,1.4323,1.4325,36451.44
2026-08-04 20:50:00,1.4325,1.4356,1.4309,1.4332,46174.17
2026-08-04 20:55:00,1.4332,1.4368,1.4313,1.4351,10969.99
2026-08-04 21:00:00,1.4351,1.436,1.4332,1.4354,143971.12
2026-08-04 21:05:00,1.4354,1.4391,1.4345,1.4381,2913.72
2026-08-04 21:10:00,1.4381,1.4395,1.4378,1.4387,146288.78
2026-08-04 21:15:00,1.4387,1.4396,1.4379,1.4392,23631.09
2026-08-04 21:20:00,1.4392,1.4426,1.4384,1.4421,78814.09
2026-08-04 21:25:00,1.4421,1.4469,1.439,1.4399,108552.23
2026-08-04 21:30:00,1.4399,1.442,1.4383,1.4392,37333.7
2026-08-04 21:35:00,1.4392,1.4398,1.4369,1.4383,8943.77
2026-08-04 21:40:00,1.4383,1.439,1.4363,1.4374,22337.77
2026-08-04 21:45:00,1.4374,1.4378,1.4372,1.4375,75675.79
2026-08-04 21:50:00,1.4375,1.4381,1.4336,1.4354,20927.92
2026-08-04 21:55:00,1.4354,1.4363,1.4348,1.4353,18252.77
2026-08-04 22:00:00,1.4353,1.4362,1.4329,1.4338,77850.83
2026-08-04 22:05:00,1.4338,1.4357,1.4336,1.4348,60087.98
2026-08-04 22:10:00,1.4348,1.4376,1.4318,1.4359,38357.11
2026-08-04 22:15:00,1.4359,1.4373,1.4338,1.4347,334800.93
2026-08-04 22:20:00,1.4347,1.435,1.4322,1.4335,14252.49
2026-08-04 22:25:00,1.4335,1.4359,1.433,1.4356,41620.06
2026-08-04 22:30:00,1.4356,1.4391,1.434,1.4368,8134.18
2026-08-04 22:35:00,1.4368,1.4389,1.434,1.438,20900.87
2026-08-04 22:40:00,1.438,1.44,1.4378,1.4395,959.35
2026-08-04 22:45:00,1.4395,1.44,1.4394,1.4394,2122.18
2026-08-04 22:50:00,1.4394,1.4407,1.4391,1.4402,94780.49
2026-08-04 22:55:00,1.4402,1.4416,1.4399,1.4415,13999.32
2026-08-04 23:00:00,1.4415,1.4455,1.4404,1.4454,22284.85
2026-08-04 23:05:00,1.4454,1.4459,1.4445,1.4456,49823.35
2026-08-04 23:10:00,1.4456,1.4483,1.4447,1.4456,27493.78
2026-08-04 23:15:00,1.4456,1.4512,1.4408,1.4413,14045.72
2026-08-04 23:20:00,1.4413,1.4427,1.438,1.4387,39207.54
2026-08-04 23:25:00,1.4387,1.4388,1.438,1.4382,26797.67
2026-08-04 23:30:00,1.4382,1.4383,1.4351,1.4358,58306.96
2026-08-04 23:35:00,1.4358,1.4376,1.4349,1.4371,29200.39
2026-08-04 23:40:00,1.4371,1.439,1.4354,1.436,31300.36
2026-08-04 23:45:00,1.436,1.4364,1.4349,1.4351,177387.25
2026-08-04 23:50:00,1.4351,1.4353,1.4323,1.4351,37439.98
2026-08-04 23:55:00,1.4351,1.4368,1.4297,1.4325,16257.92
2026-08-05 00:00:00,1.4325,1.4363,1.4321,1.4362,1442.93
2026-08-05 00:05:00,1.4362,1.4373,1.4351,1.4353,9495.47
2026-08-05 00:10:00,1.4353,1.4358,1.4327,1.4329,89873.72
2026-08-05 00:15:00,1.4329,1.4339,1.4325,1.4334,64135.45
2026-08-05 00:20:00,1.4334,1.4364,1.4319,1.4349,22894.64
2026-08-05 00:25:00,1.4349,1.4359,1.4343,1.4348,47526.23
2026-08-05 00:30:00,1.4348,1.4355,1.4319,1.4326,168707.48
2026-08-05 00:35:00,1.4326,1.4337,1.4304,1.4306,82687.94
2026-08-05 00:40:00,1.4306,1.4308,1.429,1.4302,832.09
2026-08-05 00:45:00,1.4302,1.4304,1.4284,1.4291,24529.23
2026-08-05 00:50:00,1.4291,1.4292,1.4277,1.4285,46019.64
2026-08-05 00:55:00,1.4285,1.4291,1.4276,1.4287,18815.8
2026-08-05 01:00:00,1.4287,1.4317,1.4238,1.4308,368002.22
2026-08-05 01:05:00,1.4308,1.4315,1.4307,1.4314,37390.04
2026-08-05 01:10:00,1.4314,1.4329,1.4278,1.4299,5904.86
2026-08-05 01:15:00,1.4299,1.4327,1.4288,1.4317,31416.86
2026-08-05 01:20:00,1.4317,1.4337,1.4314,1.4333,38394.21
2026-08-05 01:25:00,1.4333,1.4343,1.4321,1.4334,252877.66
2026-08-05 01:30:00,1.4334,1.4335,1.4328,1.4332,187987.99
2026-08-05 01:35:00,1.4332,1.4343,1.4329,1.4338,53120.25
2026-08-05 01:40:00,1.4338,1.4343,1.431,1.4321,35817.54
2026-08-05 01:45:00,1.4321,1.4325,1.4289,1.4308,4461.66
2026-08-05 01:50:00,1.4308,1.4312,1.4306,1.4309,67383.61
2026-08-05 01:55:00,1.4309,1.4341,1.4301,1.4338,8257.69
2026-08-05 02:00:00,1.4338,1.4342,1.4308,1.4313,2481.2
2026-08-05 02:05:00,1.4313,1.4313,1.4296,1.4306,2362.28
2026-08-05 02:10:00,1.4306,1.4333,1.4305,1.4328,192136.1
2026-08-05 02:15:00,1.4328,1.4334,1.4306,1.4309,742.26
2026-08-05 02:20:00,1.4309,1.4325,1.429,1.432,51184.24
2026-08-05 02:25:00,1.432,1.4328,1.428,1.4286,183947.53
2026-08-05 02:30:00,1.4286,1.4314,1.4277,1.431,49674.06
2026-08-05 02:35:00,1.431,1.4318,1.4298,1.4312,121956.33
2026-08-05 02:40:00,1.4312,1.4327,1.429,1.4323,92314.89
2026-08-05 02:45:00,1.4323,1.4338,1.4297,1.4314,91488.34
2026-08-05 02:50:00,1.4314,1.4326,1.4309,1.4314,12787.41
2026-08-05 02:55:00,1.4314,1.4332,1.4311,1.4319,184.94
2026-08-05 03:00:00,1.4319,1.4327,1.4297,1.4308,8245.11
2026-08-05 03:05:00,1.4308,1.4308,1.4281,1.4296,115493.97
2026-08-05 03:10:00,1.4296,1.4314,1.4296,1.4307,122844.81
2026-08-05 03:15:00,1.4307,1.4307,1.4284,1.4288,58045.98
2026-08-05 03:20:00,1.4288,1.4334,1.4259,1.4324,1153.55
2026-08-05 03:25:00,1.4324,1.4336,1.4296,1.4296,52012.15
2026-08-05 03:30:00,1.4296,1.4304,1.428,1.4294,34755.11
2026-08-05 03:35:00,1.4294,1.4306,1.4289,1.4296,133347.46
2026-08-05 03:40:00,1.4296,1.431,1.4283,1.4304,54071.39
2026-08-05 03:45:00,1.4304,1.4305,1.4253,1.4253,9865.39
2026-08-05 03:50:00,1.4253,1.4279,1.4199,1.4274,270990.47
2026-08-05 03:55:00,1.4274,1.4309,1.4246,1.4295,160843.29
2026-08-05 04:00:00,1.4295,1.4329,1.4257,1.4318,521470.41
2026-08-05 04:05:00,1.4318,1.4334,1.4312,1.4318,9429.79
2026-08-05 04:10:00,1.4318,1.4332,1.4308,1.4314,47481.4
2026-08-05 04:15:00,1.4314,1.4332,1.43,1.4318,64615.34
2026-08-05 04:20:00,1.4318,1.4328,1.4311,1.4323,55403.46
2026-08-05 04:25:00,1.4323,1.4325,1.4315,1.4325,741.17
2026-08-05 04:30:00,1.4325,1.4325,1.4296,1.4306,33507.17
2026-08-05 04:35:00,1.4306,1.4312,1.4247,1.4259,110433.86
2026-08-05 04:40:00,1.4259,1.4269,1.4246,1.4263,10519.83
2026-08-05 04:45:00,1.4263,1.4293,1.4254,1.4267,31113.14
2026-08-05 04:50:00,1.4267,1.4286,1.4213,1.4228,23361.95
2026-08-05 04:55:00,1.4228,1.4255,1.4223,1.4247,12703.58
2026-08-05 05:00:00,1.4247,1.4291,1.4213,1.4285,180.51
2026-08-05 05:05:00,1.4285,1.4288,1.4281,1.4286,3259.61
2026-08-05 05:10:00,1.4286,1.4296,1.4255,1.4264,19979.74
2026-08-05 05:15:00,1.4264,1.43,1.4204,1.4292,29068.24
2026-08-05 05:20:00,1.4292,1.4294,1.428,1.4283,36401.02
2026-08-05 05:25:00,1.4283,1.4316,1.4279,1.4302,38289.55
2026-08-05 05:30:00,1.4302,1.4324,1.4292,1.4314,4275.07
2026-08-05 05:35:00,1.4314,1.4324,1.4296,1.4304,115723.31
2026-08-05 05:40:00,1.4304,1.4312,1.4285,1.4309,5362.59
2026-08-05 05:45:00,1.4309,1.4324,1.4308,1.4316,9617.99
2026-08-05 05:50:00,1.4316,1.4319,1.4305,1.4307,114752.47
2026-08-05 05:55:00,1.4307,1.4335,1.4267,1.4328,137226.44
2026-08-05 06:00:00,1.4328,1.4334,1.4311,1.4318,124204.05
2026-08-05 06:05:00,1.4318,1.4334,1.4317,1.4324,230860.27
2026-08-05 06:10:00,1.4324,1.4343,1.4323,1.434,67769.85
2026-08-05 06:15:00,1.434,1.4346,1.4299,1.4334,38019.61
2026-08-05 06:20:00,1.4334,1.4348,1.4323,1.4346,70617.61
2026-08-05 06:25:00,1.4346,1.4361,1.4337,1.4358,3778.5
2026-08-05 06:30:00,1.4358,1.4362,1.431,1.432,10257.93
2026-08-05 06:35:00,1.432,1.4324,1.4301,1.4304,62383.73
2026-08-05 06:40:00,1.4304,1.4318,1.4293,1.4315,47681.05
2026-08-05 06:45:00,1.4315,1.4355,1.4307,1.4322,27828.9
2026-08-05 06:50:00,1.4322,1.4332,1.4308,1.4312,10055.9
2026-08-05 06:55:00,1.4312,1.4352,1.4259,1.4347,25762.12
2026-08-05 07:00:00,1.4347,1.4372,1.4334,1.4357,5391.62
2026-08-05 07:05:00,1.4357,1.439,1.4326,1.4335,115025.43
2026-08-05 07:10:00,1.4335,1.4343,1.4331,1.4339,113878.8
2026-08-05 07:15:00,1.4339,1.4347,1.4308,1.4317,24260.31
2026-08-05 07:20:00,1.4317,1.4349,1.4311,1.4342,33708.11
2026-08-05 07:25:00,1.4342,1.4346,1.4333,1.4343,176779.11
2026-08-05 07:30:00,1.4343,1.4375,1.4333,1.4357,128160.32
2026-08-05 07:35:00,1.4357,1.4364,1.4328,1.4336,76083.96
2026-08-05 07:40:00,1.4336,1.438,1.4293,1.43,92949.52
2026-08-05 07:45:00,1.43,1.4332,1.4282,1.4317,26113.17
2026-08-05 07:50:00,1.4317,1.4322,1.4302,1.4312,2058.08
2026-08-05 07:55:00,1.4312,1.4332,1.4304,1.433,40989.87
2026-08-05 08:00:00,1.433,1.4338,1.431,1.4312,1653.13
2026-08-05 08:05:00,1.4312,1.4328,1.43,1.4326,43661.9
2026-08-05 08:10:00,1.4326,1.4344,1.4323,1.434,27843.99
2026-08-05 08:15:00,1.434,1.4344,1.4331,1.4331,27700.25
2026-08-05 08:20:00,1.4331,1.4364,1.4298,1.4309,93370.2
2026-08-05 08:25:00,1.4309,1.4329,1.4301,1.4316,59322.98
2026-08-05 08:30:00,1.4316,1.433,1.4304,1.4329,13470.5
2026-08-05 08:35:00,1.4329,1.4346,1.4321,1.4341,8072.72
2026-08-05 08:40:00,1.4341,1.4348,1.4318,1.4336,182.7
2026-08-05 08:45:00,1.4336,1.4376,1.4314,1.4376,24555.19
2026-08-05 08:50:00,1.4376,1.438,1.4358,1.4366,25332.5
2026-08-05 08:55:00,1.4366,1.4388,1.4357,1.4387,16423.26
2026-08-05 09:00:00,1.4387,1.4424,1.4359,1.4369,14660.75
2026-08-05 09:05:00,1.4369,1.4386,1.4354,1.4384,61620.39
2026-08-05 09:10:00,1.4384,1.4392,1.433,1.4338,44607.98
2026-08-05 09:15:00,1.4338,1.4348,1.4312,1.4317,23898.12
2026-08-05 09:20:00,1.4317,1.4357,1.4317,1.4344,17870.29
2026-08-05 09:25:00,1.4344,1.4405,1.429,1.4303,660195.47
2026-08-05 09:30:00,1.4303,1.431,1.4292,1.4306,99082.76
2026-08-05 09:35:00,1.4306,1.4309,1.4298,1.4301,118775.75
2026-08-05 09:40:00,1.4301,1.4314,1.4292,1.4293,37873.33
2026-08-05 09:45:00,1.4293,1.4306,1.4286,1.4288,170686.52
2026-08-05 09:50:00,1.4288,1.43,1.4262,1.4279,32270.19
2026-08-05 09:55:00,1.4279,1.4296,1.4274,1.429,76373.18
2026-08-05 10:00:00,1.429,1.4312,1.4273,1.4298,46460.86
2026-08-05 10:05:00,1.4298,1.4317,1.4291,1.4307,6287.78
2026-08-05 10:10:00,1.4307,1.4315,1.4296,1.431,27693.5
2026-08-05 10:15:00,1.431,1.4315,1.4303,1.4312,66128.25
2026-08-05 10:20:00,1.4312,1.4327,1.4291,1.4315,26678.56
2026-08-05 10:25:00,1.4315,1.4322,1.4305,1.4312,102297.62
2026-08-05 10:30:00,1.4312,1.434,1.4303,1.4339,11316.56
2026-08-05 10:35:00,1.4339,1.4366,1.4296,1.4309,226370.61
2026-08-05 10:40:00,1.4309,1.4334,1.4308,1.4327,27362.02
2026-08-05 10:45:00,1.4327,1.433,1.4322,1.4326,9042.53
2026-08-05 10:50:00,1.4326,1.4328,1.4307,1.4323,129923.19
2026-08-05 10:55:00,1.4323,1.4352,1.4302,1.4308,27876.51
2026-08-05 11:00:00,1.4308,1.432,1.4307,1.431,24465.48
2026-08-05 11:05:00,1.431,1.4349,1.4296,1.4329,10612.4
2026-08-05 11:10:00,1.4329,1.4359,1.4315,1.4357,110709.42
2026-08-05 11:15:00,1.4357,1.4379,1.4355,1.4371,92568.73
2026-08-05 11:20:00,1.4371,1.4376,1.4354,1.4355,77286.16
2026-08-05 11:25:00,1.4355,1.4367,1.4345,1.4347,39177.08
2026-08-05 11:30:00,1.4347,1.4378,1.4339,1.4372,36539.07
2026-08-05 11:35:00,1.4372,1.4381,1.4366,1.437,21756.64
2026-08-05 11:40:00,1.437,1.4375,1.4336,1.4342,65373.43
2026-08-05 11:45:00,1.4342,1.4347,1.4334,1.4337,11690.34
2026-08-05 11:50:00,1.4337,1.4349,1.4309,1.4309,46455.13
2026-08-05 11:55:00,1.4309,1.4354,1.4305,1.4336,28530.58
2026-08-05 12:00:00,1.4336,1.435,1.4294,1.4304,14139.03
2026-08-05 12:05:00,1.4304,1.4319,1.43,1.4303,62745.94
2026-08-05 12:10:00,1.4303,1.4317,1.4299,1.43,97097.57
2026-08-05 12:15:00,1.43,1.4336,1.4237,1.4323,81596.89
2026-08-05 12:20:00,1.4323,1.4343,1.4314,1.4328,6366.82
2026-08-05 12:25:00,1.4328,1.4333,1.4317,1.4322,72647.48
2026-08-05 12:30:00,1.4322,1.4341,1.4314,1.4321,16130.35
2026-08-05 12:35:00,1.4321,1.4357,1.4317,1.4349,15610.29
2026-08-05 12:40:00,1.4349,1.437,1.4343,1.4365,65710.27
2026-08-05 12:45:00,1.4365,1.4371,1.4345,1.4346,146877.13
2026-08-05 12:50:00,1.4346,1.4351,1.4311,1.4338,165988.84
2026-08-05 12:55:00,1.4338,1.4354,1.4326,1.4326,21632.35
2026-08-05 13:00:00,1.4326,1.4362,1.4321,1.4346,34858.25
2026-08-05 13:05:00,1.4346,1.4356,1.4323,1.4328,38647.53
2026-08-05 13:10:00,1.4328,1.4336,1.4322,1.4331,48779.96
2026-08-05 13:15:00,1.4331,1.4334,1.4308,1.4313,66946.0
2026-08-05 13:20:00,1.4313,1.4331,1.4305,1.4317,44415.12
2026-08-05 13:25:00,1.4317,1.4342,1.4315,1.4336,14163.36
2026-08-05 13:30:00,1.4336,1.4351,1.4327,1.4327,32154.6
2026-08-05 13:35:00,1.4327,1.4342,1.4297,1.4308,50711.91
2026-08-05 13:40:00,1.4308,1.4311,1.4242,1.426,57025.92
2026-08-05 13:45:00,1.426,1.4286,1.4238,1.4274,135146.71
2026-08-05 13:50:00,1.4274,1.4323,1.4253,1.4315,220183.1
2026-08-05 13:55:00,1.4315,1.4334,1.4304,1.4326,7180.06
2026-08-05 14:00:00,1.4326,1.4327,1.4311,1.432,70109.96
2026-08-05 14:05:00,1.432,1.4358,1.4317,1.4356,23510.97
2026-08-05 14:10:00,1.4356,1.4398,1.4335,1.4393,21054.5
2026-08-05 14:15:00,1.4393,1.4402,1.4345,1.436,7930.94
2026-08-05 14:20:00,1.436,1.4395,1.4346,1.4373,17157.85
2026-08-05 14:25:00,1.4373,1.4427,1.4327,1.4331,189299.03
2026-08-05 14:30:00,1.4331,1.4368,1.4328,1.4361,4234.34
2026-08-05 14:35:00,1.4361,1.4368,1.4338,1.4346,211804.95
2026-08-05 14:40:00,1.4346,1.4358,1.4329,1.4329,87298.74
2026-08-05 14:45:00,1.4329,1.4338,1.4296,1.4308,6026.12
2026-08-05 14:50:00,1.4308,1.4351,1.43,1.4329,9591.06
2026-08-05 14:55:00,1.4329,1.4329,1.4293,1.4319,85063.3
2026-08-05 15:00:00,1.4319,1.4365,1.4317,1.4339,17362.46
2026-08-05 15:05:00,1.4339,1.4349,1.4333,1.4334,1250.45
2026-08-05 15:10:00,1.4334,1.4352,1.4329,1.434,26997.85
2026-08-05 15:15:00,1.434,1.4356,1.4331,1.435,22689.11
2026-08-05 15:20:00,1.435,1.4364,1.4327,1.4328,30242.75
2026-08-05 15:25:00,1.4328,1.4333,1.4311,1.4318,42959.23
2026-08-05 15:30:00,1.4318,1.4324,1.4291,1.4302,90845.4
2026-08-05 15:35:00,1.4302,1.4306,1.4286,1.4299,31038.61
2026-08-05 15:40:00,1.4299,1.4301,1.4293,1.4295,21392.96
2026-08-05 15:45:00,1.4295,1.4302,1.4288,1.4298,53654.2
2026-08-05 15:50:00,1.4298,1.4333,1.4298,1.4329,65214.03
2026-08-05 15:55:00,1.4329,1.4338,1.4306,1.4315,72406.59
2026-08-05 16:00:00,1.4315,1.4327,1.4309,1.4326,240895.91
2026-08-05 16:05:00,1.4326,1.4345,1.4311,1.4336,68198.54
2026-08-05 16:10:00,1.4336,1.4374,1.4296,1.4325,98343.19
2026-08-05 16:15:00,1.4325,1.4333,1.4319,1.4321,32338.83
2026-08-05 16:20:00,1.4321,1.4335,1.4285,1.4299,17652.61
2026-08-05 16:25:00,1.4299,1.4304,1.4285,1.429,179171.72
2026-08-05 16:30:00,1.429,1.4302,1.4262,1.4275,143212.72
2026-08-05 16:35:00,1.4275,1.4311,1.4231,1.4299,244096.53
2026-08-05 16:40:00,1.4299,1.4311,1.4282,1.4297,14480.64
2026-08-05 16:45:00,1.4297,1.4303,1.4252,1.4256,60990.57
2026-08-05 16:50:00,1.4256,1.4292,1.4193,1.4286,337496.52
2026-08-05 16:55:00,1.4286,1.4286,1.4258,1.4264,14936.25
2026-08-05 17:00:00,1.4264,1.4282,1.4248,1.4281,23511.43
2026-08-05 17:05:00,1.4281,1.4307,1.4247,1.4296,428423.11
2026-08-05 17:10:00,1.4296,1.4317,1.4296,1.4312,66242.59
2026-08-05 17:15:00,1.4312,1.4337,1.4304,1.4333,52970.79
2026-08-05 17:20:00,1.4333,1.4363,1.4317,1.4346,78773.76
2026-08-05 17:25:00,1.4346,1.4347,1.4321,1.4331,69559.82
2026-08-05 17:30:00,1.4331,1.4333,1.4318,1.4325,122493.29
2026-08-05 17:35:00,1.4325,1.4335,1.4297,1.4308,33577.62
2026-08-05 17:40:00,1.4308,1.4324,1.4283,1.4293,15295.92
2026-08-05 17:45:00,1.4293,1.4299,1.4276,1.4279,205243.42
2026-08-05 17:50:00,1.4279,1.4331,1.4251,1.432,467024.04
2026-08-05 17:55:00,1.432,1.4322,1.4293,1.4312,14606.18
2026-08-05 18:00:00,1.4312,1.4326,1.4302,1.4324,45290.18
2026-08-05 18:05:00,1.4324,1.4332,1.4299,1.4314,119558.57
2026-08-05 18:10:00,1.4314,1.4329,1.4312,1.4323,124691.83
2026-08-05 18:15:00,1.4323,1.4336,1.4316,1.4325,15275.93
2026-08-05 18:20:00,1.4325,1.4329,1.43,1.4318,14456.86
2026-08-05 18:25:00,1.4318,1.4327,1.4292,1.4312,25449.3
2026-08-05 18:30:00,1.4312,1.4319,1.4289,1.4303,135608.88
2026-08-05 18:35:00,1.4303,1.4315,1.4292,1.4296,150995.83
2026-08-05 18:40:00,1.4296,1.4328,1.4289,1.4321,35084.97
2026-08-05 18:45:00,1.4321,1.4325,1.4294,1.4315,31205.63
2026-08-05 18:50:00,1.4315,1.4316,1.4282,1.4293,59807.65
2026-08-05 18:55:00,1.4293,1.4313,1.4286,1.4308,34096.79
2026-08-05 19:00:00,1.4308,1.434,1.4295,1.4339,13080.03
2026-08-05 19:05:00,1.4339,1.4343,1.4304,1.4329,92561.73
2026-08-05 19:10:00,1.4329,1.4336,1.4322,1.4328,25368.78
2026-08-05 19:15:00,1.4328,1.4358,1.4323,1.4349,115818.32
2026-08-05 19:20:00,1.4349,1.4367,1.4331,1.4345,67543.37
2026-08-05 19:25:00,1.4345,1.4352,1.4338,1.4344,40390.98
2026-08-05 19:30:00,1.4344,1.4348,1.4342,1.4346,52223.01
2026-08-05 19:35:00,1.4346,1.4401,1.4298,1.4304,83179.43
2026-08-05 19:40:00,1.4304,1.4307,1.43,1.4301,7217.0
2026-08-05 19:45:00,1.4301,1.4308,1.4269,1.4283,61355.43
2026-08-05 19:50:00,1.4283,1.4304,1.4281,1.4296,14569.83
2026-08-05 19:55:00,1.4296,1.4337,1.4286,1.4328,25584.62
2026-08-05 20:00:00,1.4328,1.4391,1.4292,1.4304,57191.03
2026-08-05 20:05:00,1.4304,1.4318,1.4286,1.4294,54878.16
2026-08-05 20:10:00,1.4294,1.4301,1.4287,1.4288,17883.64
2026-08-05 20:15:00,1.4288,1.429,1.4256,1.4261,649.76
2026-08-05 20:20:00,1.4261,1.4265,1.4244,1.4246,7848.03
2026-08-05 20:25:00,1.4246,1.4251,1.4198,1.4201,32118.2
2026-08-05 20:30:00,1.4201,1.4202,1.4185,1.4193,4972.92
2026-08-05 20:35:00,1.4193,1.4199,1.416,1.4173,1158.07
2026-08-05 20:40:00,1.4173,1.4181,1.4161,1.4166,22015.67
2026-08-05 20:45:00,1.4166,1.4186,1.4106,1.4179,800094.93
2026-08-05 20:50:00,1.4179,1.4182,1.416,1.4176,30426.41
2026-08-05 20:55:00,1.4176,1.4212,1.4174,1.4199,138790.7
2026-08-05 21:00:00,1.4199,1.4237,1.4191,1.4234,62694.06
2026-08-05 21:05:00,1.4234,1.4237,1.4228,1.4234,81613.3
2026-08-05 21:10:00,1.4234,1.4238,1.4207,1.4211,6222.37
2026-08-05 21:15:00,1.4211,1.4226,1.4197,1.4221,121151.39
2026-08-05 21:20:00,1.4221,1.4241,1.4204,1.4239,83744.27
2026-08-05 21:25:00,1.4239,1.4251,1.4231,1.4247,86189.02
2026-08-05 21:30:00,1.4247,1.4256,1.4226,1.424,565.46
2026-08-05 21:35:00,1.424,1.4244,1.4237,1.4241,3100.88
2026-08-05 21:40:00,1.4241,1.429,1.4205,1.4277,159381.86
2026-08-05 21:45:00,1.4277,1.4295,1.4237,1.429,3338.24
2026-08-05 21:50:00,1.429,1.4308,1.4287,1.4298,83464.52
2026-08-05 21:55:00,1.4298,1.4311,1.429,1.43,3048.74
2026-08-05 22:00:00,1.43,1.4308,1.4296,1.4305,70826.14
2026-08-05 22:05:00,1.4305,1.4308,1.4292,1.4299,7609.53
2026-08-05 22:10:00,1.4299,1.4323,1.4281,1.4319,26110.01
2026-08-05 22:15:00,1.4319,1.4324,1.4304,1.4308,7371.39
2026-08-05 22:20:00,1.4308,1.4312,1.4263,1.4268,6784.17
2026-08-05 22:25:00,1.4268,1.4285,1.4234,1.4249,12392.49
2026-08-05 22:30:00,1.4249,1.4253,1.4213,1.4217,44896.79
2026-08-05 22:35:00,1.4217,1.4223,1.4207,1.4209,61311.75
2026-08-05 22:40:00,1.4209,1.4217,1.4204,1.4205,4605.54
2026-08-05 22:45:00,1.4205,1.4218,1.4181,1.4197,139877.58
2026-08-05 22:50:00,1.4197,1.4239,1.4135,1.4234,144874.11
2026-08-05 22:55:00,1.4234,1.4243,1.4201,1.4212,5471.55
2026-08-05 23:00:00,1.4212,1.4253,1.4167,1.4245,3322.02
2026-08-05 23:05:00,1.4245,1.4249,1.4228,1.4241,221863.61
2026-08-05 23:10:00,1.4241,1.4244,1.4211,1.4213,2752.68
2026-08-05 23:15:00,1.4213,1.4225,1.4213,1.4221,89174.95
2026-08-05 23:20:00,1.4221,1.4234,1.4219,1.422,20029.52
2026-08-05 23:25:00,1.422,1.4253,1.4214,1.4246,23953.13
2026-08-05 23:30:00,1.4246,1.4279,1.4238,1.4272,40400.73
2026-08-05 23:35:00,1.4272,1.4272,1.4259,1.4268,28025.64
2026-08-05 23:40:00,1.4268,1.4276,1.4263,1.4263,61491.21
2026-08-05 23:45:00,1.4263,1.4268,1.426,1.4265,4474.79
2026-08-05 23:50:00,1.4265,1.4282,1.4238,1.4277,30651.34
2026-08-05 23:55:00,1.4277,1.4304,1.4261,1.4297,18669.5
2026-08-06 00:00:00,1.4297,1.4315,1.4283,1.4306,175825.31
2026-08-06 00:05:00,1.4306,1.4317,1.4292,1.4308,15661.53
2026-08-06 00:10:00,1.4308,1.4335,1.4272,1.428,311307.09
2026-08-06 00:15:00,1.428,1.4282,1.4234,1.4243,30339.99
2026-08-06 00:20:00,1.4243,1.4288,1.4242,1.4287,28424.42
2026-08-06 00:25:00,1.4287,1.4314,1.4285,1.4295,158171.03
2026-08-06 00:30:00,1.4295,1.4346,1.4291,1.4329,27491.59
2026-08-06 00:35:00,1.4329,1.4342,1.4297,1.4301,10680.04
2026-08-06 00:40:00,1.4301,1.4325,1.4254,1.4266,662380.68
2026-08-06 00:45:00,1.4266,1.4268,1.4246,1.425,8510.33
2026-08-06 00:50:00,1.425,1.4253,1.4239,1.4239,19782.61
2026-08-06 00:55:00,1.4239,1.4255,1.4232,1.4246,12623.53
2026-08-06 01:00:00,1.4246,1.4255,1.4236,1.4238,69659.66
2026-08-06 01:05:00,1.4238,1.4244,1.4232,1.4235,68898.89
2026-08-06 01:10:00,1.4235,1.424,1.4186,1.4214,13772.3
2026-08-06 01:15:00,1.4214,1.4249,1.4213,1.4242,5500.91
2026-08-06 01:20:00,1.4242,1.4258,1.424,1.4249,19450.26
2026-08-06 01:25:00,1.4249,1.4264,1.424,1.4257,149667.54
2026-08-06 01:30:00,1.4257,1.4284,1.4255,1.4282,128283.75
2026-08-06 01:35:00,1.4282,1.4283,1.4258,1.4261,126520.95
2026-08-06 01:40:00,1.4261,1.4293,1.426,1.4278,147500.08
2026-08-06 01:45:00,1.4278,1.4283,1.4255,1.4269,31000.23
2026-08-06 01:50:00,1.4269,1.4278,1.4265,1.4276,90438.97
2026-08-06 01:55:00,1.4276,1.4288,1.4268,1.4278,6796.1
2026-08-06 02:00:00,1.4278,1.4287,1.4277,1.4284,18233.51
2026-08-06 02:05:00,1.4284,1.4291,1.4277,1.4285,59725.62
2026-08-06 02:10:00,1.4285,1.4298,1.4277,1.4293,38998.86
2026-08-06 02:15:00,1.4293,1.4302,1.4279,1.4279,44915.98
2026-08-06 02:20:00,1.4279,1.4287,1.4271,1.4271,30660.13
2026-08-06 02:25:00,1.4271,1.4282,1.4247,1.4256,4333.75
2026-08-06 02:30:00,1.4256,1.4278,1.4248,1.4263,47706.97
2026-08-06 02:35:00,1.4263,1.4288,1.4262,1.4283,47938.79
2026-08-06 02:40:00,1.4283,1.4291,1.4273,1.4275,39506.2
2026-08-06 02:45:00,1.4275,1.4318,1.4267,1.4309,9383.54
2026-08-06 02:50:00,1.4309,1.4316,1.4286,1.4293,63631.55
2026-08-06 02:55:00,1.4293,1.4304,1.4259,1.4263,28368.61
2026-08-06 03:00:00,1.4263,1.4266,1.4235,1.4248,11016.33
2026-08-06 03:05:00,1.4248,1.4255,1.4214,1.4215,6653.38
2026-08-06 03:10:00,1.4215,1.4223,1.4182,1.4199,34623.2
2026-08-06 03:15:00,1.4199,1.4213,1.4196,1.4209,79147.15
2026-08-06 03:20:00,1.4209,1.4246,1.4205,1.422,51554.98
2026-08-06 03:25:00,1.422,1.4229,1.4218,1.4223,86843.14
2026-08-06 03:30:00,1.4223,1.4235,1.4211,1.4229,5381.49
2026-08-06 03:35:00,1.4229,1.4232,1.4189,1.4196,5169.01
2026-08-06 03:40:00,1.4196,1.4223,1.4164,1.4167,4560.96
2026-08-06 03:45:00,1.4167,1.4168,1.4166,1.4167,54176.87
2026-08-06 03:50:00,1.4167,1.4177,1.4156,1.4167,75822.5
2026-08-06 03:55:00,1.4167,1.4205,1.4166,1.4199,163952.56
2026-08-06 04:00:00,1.4199,1.4226,1.417,1.4217,21596.33
2026-08-06 04:05:00,1.4217,1.4217,1.4206,1.4208,8529.3
2026-08-06 04:10:00,1.4208,1.4218,1.4201,1.4208,493.97
2026-08-06 04:15:00,1.4208,1.423,1.4146,1.4225,37898.49
2026-08-06 04:20:00,1.4225,1.4251,1.4202,1.4243,216184.37
2026-08-06 04:25:00,1.4243,1.4255,1.4236,1.4236,22617.59
2026-08-06 04:30:00,1.4236,1.4239,1.4161,1.4176,66897.17
2026-08-06 04:35:00,1.4176,1.4221,1.4145,1.4212,14980.16
2026-08-06 04:40:00,1.4212,1.4225,1.4183,1.4186,35612.97
2026-08-06 04:45:00,1.4186,1.4213,1.4158,1.4199,399736.45
2026-08-06 04:50:00,1.4199,1.425,1.4153,1.4236,105136.2
2026-08-06 04:55:00,1.4236,1.4259,1.4231,1.425,48130.41
2026-08-06 05:00:00,1.425,1.428,1.4248,1.4273,61069.08
2026-08-06 05:05:00,1.4273,1.432,1.4265,1.4289,111335.8
2026-08-06 05:10:00,1.4289,1.4305,1.4282,1.4282,13419.83
2026-08-06 05:15:00,1.4282,1.431,1.4269,1.4303,106580.83
2026-08-06 05:20:00,1.4303,1.4309,1.4281,1.4287,3531.64
2026-08-06 05:25:00,1.4287,1.4303,1.4285,1.429,32910.02
2026-08-06 05:30:00,1.429,1.4317,1.429,1.431,10020.6
2026-08-06 05:35:00,1.431,1.4374,1.4263,1.4271,63837.96
2026-08-06 05:40:00,1.4271,1.4275,1.427,1.4274,2587.62
2026-08-06 05:45:00,1.4274,1.4281,1.4231,1.4234,146583.86
2026-08-06 05:50:00,1.4234,1.4243,1.4223,1.4234,1814.03
2026-08-06 05:55:00,1.4234,1.4248,1.423,1.4247,40219.95
2026-08-06 06:00:00,1.4247,1.4259,1.4229,1.4238,103208.65
2026-08-06 06:05:00,1.4238,1.4242,1.4227,1.4228,11727.8
2026-08-06 06:10:00,1.4228,1.4235,1.4221,1.4232,20514.99
2026-08-06 06:15:00,1.4232,1.4287,1.4227,1.4269,37653.07
2026-08-06 06:20:00,1.4269,1.4277,1.4238,1.4241,24414.4
2026-08-06 06:25:00,1.4241,1.4249,1.4214,1.4224,20258.81
2026-08-06 06:30:00,1.4224,1.4275,1.417,1.4264,405146.53
2026-08-06 06:35:00,1.4264,1.4279,1.4247,1.425,69002.23
2026-08-06 06:40:00,1.425,1.4275,1.4228,1.4261,2832.77
2026-08-06 06:45:00,1.4261,1.4296,1.4256,1.4279,28742.63
2026-08-06 06:50:00,1.4279,1.4293,1.4272,1.428,39440.36
2026-08-06 06:55:00,1.428,1.4289,1.4264,1.4264,35260.5
2026-08-06 07:00:00,1.4264,1.4295,1.4247,1.427,4091.5
2026-08-06 07:05:00,1.427,1.4278,1.427,1.4277,49692.95
2026-08-06 07:10:00,1.4277,1.4285,1.4266,1.4274,29183.09
2026-08-06 07:15:00,1.4274,1.4289,1.4267,1.4282,46439.8
2026-08-06 07:20:00,1.4282,1.4294,1.4273,1.4293,8704.96
2026-08-06 07:25:00,1.4293,1.4304,1.4286,1.4297,53469.72
2026-08-06 07:30:00,1.4297,1.4309,1.4259,1.427,27120.93
2026-08-06 07:35:00,1.427,1.4291,1.4255,1.4282,1654.72
2026-08-06 07:40:00,1.4282,1.431,1.4258,1.4267,346248.04
2026-08-06 07:45:00,1.4267,1.4272,1.4247,1.4253,83529.5
2026-08-06 07:50:00,1.4253,1.4265,1.4245,1.4254,36463.05
2026-08-06 07:55:00,1.4254,1.4269,1.4234,1.4267,30768.39
2026-08-06 08:00:00,1.4267,1.4271,1.4231,1.4248,2003.19
2026-08-06 08:05:00,1.4248,1.4248,1.4234,1.4248,46922.68
2026-08-06 08:10:00,1.4248,1.4273,1.4246,1.4262,81501.93
2026-08-06 08:15:00,1.4262,1.4286,1.4232,1.4277,54337.99
2026-08-06 08:20:00,1.4277,1.4308,1.4272,1.4298,6427.56
2026-08-06 08:25:00,1.4298,1.4303,1.4261,1.4267,18109.39
2026-08-06 08:30:00,1.4267,1.428,1.4254,1.4269,10758.48
2026-08-06 08:35:00,1.4269,1.4283,1.4246,1.426,22324.93
2026-08-06 08:40:00,1.426,1.4266,1.4251,1.4255,39387.71
2026-08-06 08:45:00,1.4255,1.4273,1.4238,1.4264,147548.89
2026-08-06 08:50:00,1.4264,1.4292,1.4254,1.4278,75014.83
2026-08-06 08:55:00,1.4278,1.4305,1.4272,1.4301,23311.2
2026-08-06 09:00:00,1.4301,1.4343,1.4266,1.4273,58369.86
2026-08-06 09:05:00,1.4273,1.4305,1.4263,1.4285,13388.2
2026-08-06 09:10:00,1.4285,1.4343,1.4262,1.4269,268368.52
2026-08-06 09:15:00,1.4269,1.4283,1.426,1.427,14475.04
2026-08-06 09:20:00,1.427,1.4274,1.4265,1.4268,6466.22
2026-08-06 09:25:00,1.4268,1.427,1.425,1.4251,192493.94
2026-08-06 09:30:00,1.4251,1.4279,1.4251,1.4272,81694.22
2026-08-06 09:35:00,1.4272,1.4305,1.4255,1.4304,68528.18
2026-08-06 09:40:00,1.4304,1.4309,1.4279,1.4292,12963.28
2026-08-06 09:45:00,1.4292,1.4314,1.4275,1.43,102189.02
2026-08-06 09:50:00,1.43,1.431,1.4289,1.4292,114240.03
2026-08-06 09:55:00,1.4292,1.4323,1.4243,1.4255,98460.49
2026-08-06 10:00:00,1.4255,1.429,1.4254,1.4279,4300.33
2026-08-06 10:05:00,1.4279,1.4284,1.4264,1.4273,92605.46
2026-08-06 10:10:00,1.4273,1.4282,1.424,1.4241,41548.32
2026-08-06 10:15:00,1.4241,1.429,1.4238,1.4261,34533.48
2026-08-06 10:20:00,1.4261,1.4278,1.4254,1.4256,90059.39
2026-08-06 10:25:00,1.4256,1.4278,1.4244,1.4261,2973.34
2026-08-06 10:30:00,1.4261,1.4264,1.4257,1.4257,73995.52
2026-08-06 10:35:00,1.4257,1.4269,1.4242,1.425,190731.01
2026-08-06 10:40:00,1.425,1.4251,1.423,1.4236,9807.92
2026-08-06 10:45:00,1.4236,1.4261,1.4229,1.4258,90592.48
2026-08-06 10:50:00,1.4258,1.4267,1.424,1.4251,14767.92
2026-08-06 10:55:00,1.4251,1.4261,1.4247,1.4247,17808.02
2026-08-06 11:00:00,1.4247,1.4253,1.424,1.4246,11304.87
2026-08-06 11:05:00,1.4246,1.429,1.4237,1.4279,70841.69
2026-08-06 11:10:00,1.4279,1.4329,1.4267,1.4314,10000.94
2026-08-06 11:15:00,1.4314,1.4354,1.4273,1.4282,57002.0
2026-08-06 11:20:00,1.4282,1.4299,1.4276,1.4283,238768.2
2026-08-06 11:25:00,1.4283,1.429,1.4272,1.4279,124093.61
2026-08-06 11:30:00,1.4279,1.4302,1.4274,1.4296,14114.76
2026-08-06 11:35:00,1.4296,1.4323,1.4253,1.4266,474694.03
2026-08-06 11:40:00,1.4266,1.4305,1.4255,1.4279,36210.19
2026-08-06 11:45:00,1.4279,1.4296,1.4269,1.4288,243794.83
2026-08-06 11:50:00,1.4288,1.43,1.4243,1.4267,55660.68
2026-08-06 11:55:00,1.4267,1.429,1.4252,1.4282,57796.38
2026-08-06 12:00:00,1.4282,1.4285,1.4241,1.4259,57952.19
2026-08-06 12:05:00,1.4259,1.4292,1.4256,1.4282,15353.73
2026-08-06 12:10:00,1.4282,1.4288,1.4255,1.4257,63036.73
2026-08-06 12:15:00,1.4257,1.4257,1.4249,1.4255,48442.8
2026-08-06 12:20:00,1.4255,1.427,1.4238,1.4265,41575.72
2026-08-06 12:25:00,1.4265,1.4278,1.4257,1.4276,48539.9
2026-08-06 12:30:00,1.4276,1.4299,1.4266,1.4293,94733.27
2026-08-06 12:35:00,1.4293,1.4311,1.427,1.431,24508.09
2026-08-06 12:40:00,1.431,1.4328,1.4305,1.4326,33931.24
2026-08-06 12:45:00,1.4326,1.4365,1.4321,1.4351,8963.97
2026-08-06 12:50:00,1.4351,1.4362,1.4338,1.4345,84325.65
2026-08-06 12:55:00,1.4345,1.4355,1.4311,1.4331,42831.99
2026-08-06 13:00:00,1.4331,1.434,1.4305,1.4321,118857.67
2026-08-06 13:05:00,1.4321,1.433,1.4303,1.4308,13840.58
2026-08-06 13:10:00,1.4308,1.4357,1.4264,1.427,492026.83
2026-08-06 13:15:00,1.427,1.4277,1.4241,1.4246,20996.4
2026-08-06 13:20:00,1.4246,1.4261,1.4239,1.4252,23919.81
2026-08-06 13:25:00,1.4252,1.4256,1.4241,1.4255,1350.28
2026-08-06 13:30:00,1.4255,1.4274,1.4196,1.4267,34346.07
2026-08-06 13:35:00,1.4267,1.4287,1.4252,1.427,63115.76
2026-08-06 13:40:00,1.427,1.4294,1.4238,1.4242,35238.56
2026-08-06 13:45:00,1.4242,1.4243,1.4224,1.4232,197970.93
2026-08-06 13:50:00,1.4232,1.4233,1.4226,1.423,9399.57
2026-08-06 13:55:00,1.423,1.4238,1.4208,1.4216,19003.94
2026-08-06 14:00:00,1.4216,1.4235,1.4195,1.4234,22561.05
2026-08-06 14:05:00,1.4234,1.4271,1.4197,1.4266,951523.79
2026-08-06 14:10:00,1.4266,1.4277,1.4251,1.4271,81144.32
2026-08-06 14:15:00,1.4271,1.4294,1.4245,1.4249,149322.65
2026-08-06 14:20:00,1.4249,1.425,1.4221,1.423,10801.88
2026-08-06 14:25:00,1.423,1.4274,1.4194,1.426,386673.98
2026-08-06 14:30:00,1.426,1.4271,1.4257,1.4263,14219.04
2026-08-06 14:35:00,1.4263,1.4291,1.4241,1.4288,63060.54
2026-08-06 14:40:00,1.4288,1.4337,1.4242,1.4247,91635.59
2026-08-06 14:45:00,1.4247,1.4258,1.4231,1.4253,118507.75
2026-08-06 14:50:00,1.4253,1.4259,1.4244,1.4253,52776.96
2026-08-06 14:55:00,1.4253,1.4272,1.423,1.4266,9624.97
2026-08-06 15:00:00,1.4266,1.4281,1.4241,1.4252,30125.7
2026-08-06 15:05:00,1.4252,1.4273,1.4218,1.4225,6917.55
2026-08-06 15:10:00,1.4225,1.4236,1.4204,1.4225,629.65
2026-08-06 15:15:00,1.4225,1.4247,1.4163,1.424,16847.06
2026-08-06 15:20:00,1.424,1.4266,1.4212,1.4257,461544.29
2026-08-06 15:25:00,1.4257,1.4265,1.4256,1.4257,35084.12
2026-08-06 15:30:00,1.4257,1.4266,1.4249,1.4256,18858.16
2026-08-06 15:35:00,1.4256,1.4273,1.4243,1.4243,4114.91
2026-08-06 15:40:00,1.4243,1.4259,1.4195,1.4216,7919.96
2026-08-06 15:45:00,1.4216,1.4249,1.4191,1.4239,88780.68
2026-08-06 15:50:00,1.4239,1.4266,1.4188,1.4254,54863.38
2026-08-06 15:55:00,1.4254,1.4273,1.4246,1.427,82647.01
2026-08-06 16:00:00,1.427,1.4271,1.4254,1.4256,21744.14
2026-08-06 16:05:00,1.4256,1.4264,1.4255,1.4256,7749.28
2026-08-06 16:10:00,1.4256,1.4263,1.4253,1.4253,22043.45
2026-08-06 16:15:00,1.4253,1.4268,1.424,1.4259,3485.12
2026-08-06 16:20:00,1.4259,1.4265,1.4248,1.4253,8267.98
2026-08-06 16:25:00,1.4253,1.4276,1.4244,1.4268,32712.4
2026-08-06 16:30:00,1.4268,1.4285,1.4266,1.4282,34637.93
2026-08-06 16:35:00,1.4282,1.4283,1.426,1.4267,147810.95
2026-08-06 16:40:00,1.4267,1.4269,1.4243,1.4259,34122.28
2026-08-06 16:45:00,1.4259,1.4268,1.4256,1.4262,5025.15
2026-08-06 16:50:00,1.4262,1.4277,1.4251,1.4272,16060.91
2026-08-06 16:55:00,1.4272,1.4293,1.4257,1.4289,11227.45
2026-08-06 17:00:00,1.4289,1.4303,1.4281,1.4302,27021.21
2026-08-06 17:05:00,1.4302,1.4321,1.4297,1.4315,52698.58
2026-08-06 17:10:00,1.4315,1.432,1.4303,1.4317,22885.27
2026-08-06 17:15:00,1.4317,1.4337,1.4314,1.4322,44090.14
2026-08-06 17:20:00,1.4322,1.4333,1.4311,1.4318,10481.75
2026-08-06 17:25:00,1.4318,1.433,1.428,1.4298,60857.48
2026-08-06 17:30:00,1.4298,1.4298,1.4272,1.4297,9712.37
2026-08-06 17:35:00,1.4297,1.4343,1.4295,1.4333,112440.64
2026-08-06 17:40:00,1.4333,1.4365,1.4295,1.4305,406474.37
2026-08-06 17:45:00,1.4305,1.4306,1.4291,1.4292,58557.45
2026-08-06 17:50:00,1.4292,1.4304,1.4291,1.4296,50374.91
2026-08-06 17:55:00,1.4296,1.4305,1.4287,1.4293,11113.79
2026-08-06 18:00:00,1.4293,1.4297,1.4278,1.4285,97727.43
2026-08-06 18:05:00,1.4285,1.4299,1.4278,1.4294,40094.87
2026-08-06 18:10:00,1.4294,1.4308,1.4292,1.4303,97169.11
2026-08-06 18:15:00,1.4303,1.4305,1.4275,1.4294,20584.54
2026-08-06 18:20:00,1.4294,1.4306,1.4265,1.4274,67616.87
2026-08-06 18:25:00,1.4274,1.4289,1.4265,1.4275,5794.3
2026-08-06 18:30:00,1.4275,1.4284,1.4269,1.4283,37396.89
2026-08-06 18:35:00,1.4283,1.4296,1.4281,1.4294,104844.25
2026-08-06 18:40:00,1.4294,1.4299,1.427,1.4272,67058.91
2026-08-06 18:45:00,1.4272,1.4301,1.4266,1.4287,38800.19
2026-08-06 18:50:00,1.4287,1.429,1.427,1.4272,16798.65
2026-08-06 18:55:00,1.4272,1.4295,1.4256,1.4286,60074.57
2026-08-06 19:00:00,1.4286,1.4302,1.4286,1.4299,100685.03
2026-08-06 19:05:00,1.4299,1.4302,1.4281,1.4285,20998.9
2026-08-06 19:10:00,1.4285,1.4292,1.4278,1.4283,56101.8
2026-08-06 19:15:00,1.4283,1.4296,1.4274,1.4289,123942.27
2026-08-06 19:20:00,1.4289,1.4292,1.4288,1.4291,4369.38
2026-08-06 19:25:00,1.4291,1.4305,1.4279,1.4304,49205.73
2026-08-06 19:30:00,1.4304,1.4322,1.4275,1.4288,114605.37
2026-08-06 19:35:00,1.4288,1.4311,1.4269,1.4301,53442.83
2026-08-06 19:40:00,1.4301,1.4318,1.4261,1.4273,75555.93
2026-08-06 19:45:00,1.4273,1.4289,1.4264,1.4265,16237.03
2026-08-06 19:50:00,1.4265,1.4293,1.4247,1.4287,21494.42
2026-08-06 19:55:00,1.4287,1.4308,1.4271,1.4307,58001.43
2026-08-06 20:00:00,1.4307,1.4324,1.429,1.4304,3160.32
2026-08-06 20:05:00,1.4304,1.4312,1.4303,1.4306,206254.71
2026-08-06 20:10:00,1.4306,1.433,1.429,1.43,9991.62
2026-08-06 20:15:00,1.43,1.4307,1.4299,1.4304,95960.86
2026-08-06 20:20:00,1.4304,1.4309,1.4293,1.4296,101758.48
2026-08-06 20:25:00,1.4296,1.4302,1.4274,1.4276,20819.19
2026-08-06 20:30:00,1.4276,1.4314,1.4271,1.4305,44656.01
2026-08-06 20:35:00,1.4305,1.4318,1.4289,1.4298,31659.28
2026-08-06 20:40:00,1.4298,1.4329,1.4292,1.4327,6434.98
2026-08-06 20:45:00,1.4327,1.4335,1.4312,1.4317,10630.29
2026-08-06 20:50:00,1.4317,1.4363,1.4312,1.4348,20195.67
2026-08-06 20:55:00,1.4348,1.4358,1.4336,1.4356,107189.25
2026-08-06 21:00:00,1.4356,1.4374,1.4356,1.4365,2076.77
2026-08-06 21:05:00,1.4365,1.4387,1.4346,1.4347,13584.35
2026-08-06 21:10:00,1.4347,1.4367,1.4342,1.4367,141049.54
2026-08-06 21:15:00,1.4367,1.4372,1.4361,1.4364,15328.43
2026-08-06 21:20:00,1.4364,1.4371,1.4352,1.4354,190904.33
2026-08-06 21:25:00,1.4354,1.4384,1.4347,1.4366,30170.05
2026-08-06 21:30:00,1.4366,1.4378,1.4349,1.436,3965.71
2026-08-06 21:35:00,1.436,1.4371,1.4356,1.4368,210000.27
2026-08-06 21:40:00,1.4368,1.4387,1.4351,1.4357,1386.36
2026-08-06 21:45:00,1.4357,1.4393,1.4345,1.4386,46997.47
2026-08-06 21:50:00,1.4386,1.4394,1.4367,1.4372,19974.0
2026-08-06 21:55:00,1.4372,1.4384,1.433,1.4353,201929.23
2026-08-06 22:00:00,1.4353,1.4375,1.43,1.431,46905.02
2026-08-06 22:05:00,1.431,1.4354,1.4284,1.4294,224132.01
2026-08-06 22:10:00,1.4294,1.4305,1.4274,1.4286,2133.57
2026-08-06 22:15:00,1.4286,1.4314,1.4268,1.4276,64508.57
2026-08-06 22:20:00,1.4276,1.4285,1.4267,1.4282,36592.59
2026-08-06 22:25:00,1.4282,1.4292,1.4262,1.4283,16943.34
2026-08-06 22:30:00,1.4283,1.429,1.426,1.4266,19333.64
2026-08-06 22:35:00,1.4266,1.4266,1.4252,1.4261,3217.13
2026-08-06 22:40:00,1.4261,1.4285,1.4258,1.4278,90175.33
2026-08-06 22:45:00,1.4278,1.4278,1.4245,1.4272,2290.62
2026-08-06 22:50:00,1.4272,1.4281,1.4247,1.4253,17407.15
2026-08-06 22:55:00,1.4253,1.4269,1.4237,1.4253,8403.45
2026-08-06 23:00:00,1.4253,1.4261,1.4232,1.4249,671.14
2026-08-06 23:05:00,1.4249,1.4258,1.4244,1.4253,49610.26
2026-08-06 23:10:00,1.4253,1.4288,1.4228,1.4279,2220.7
2026-08-06 23:15:00,1.4279,1.428,1.4266,1.427,27314.51
2026-08-06 23:20:00,1.427,1.4289,1.4263,1.4286,62435.88
2026-08-06 23:25:00,1.4286,1.4288,1.4263,1.4276,233237.13
2026-08-06 23:30:00,1.4276,1.4288,1.4254,1.4256,28074.44
2026-08-06 23:35:00,1.4256,1.4307,1.4207,1.4294,140194.1
2026-08-06 23:40:00,1.4294,1.4306,1.4264,1.4265,188143.99
2026-08-06 23:45:00,1.4265,1.4298,1.4255,1.4286,44168.84
2026-08-06 23:50:00,1.4286,1.43,1.4273,1.4285,33005.7
2026-08-06 23:55:00,1.4285,1.4288,1.4264,1.4278,139922.97
2026-08-07 00:00:00,1.4278,1.4282,1.4269,1.428,70495.25
2026-08-07 00:05:00,1.428,1.4289,1.4269,1.428,59303.43
2026-08-07 00:10:00,1.428,1.4292,1.4231,1.4252,43294.59
2026-08-07 00:15:00,1.4252,1.4258,1.425,1.4253,67183.4
2026-08-07 00:20:00,1.4253,1.4308,1.42,1.4295,275410.26
2026-08-07 00:25:00,1.4295,1.4296,1.4283,1.4295,8086.72
2026-08-07 00:30:00,1.4295,1.4299,1.4277,1.4283,32803.23
2026-08-07 00:35:00,1.4283,1.4295,1.4275,1.429,116846.54
2026-08-07 00:40:00,1.429,1.4306,1.4283,1.4295,73415.99
2026-08-07 00:45:00,1.4295,1.4297,1.4282,1.4293,22709.8
2026-08-07 00:50:00,1.4293,1.4314,1.4282,1.4309,11132.27
2026-08-07 00:55:00,1.4309,1.4316,1.4305,1.4311,100138.65
2026-08-07 01:00:00,1.4311,1.4337,1.4309,1.432,26668.52
2026-08-07 01:05:00,1.432,1.4346,1.4317,1.433,26465.11
2026-08-07 01:10:00,1.433,1.4344,1.4293,1.4296,29004.38
2026-08-07 01:15:00,1.4296,1.4315,1.4277,1.4305,10129.16
2026-08-07 01:20:00,1.4305,1.4326,1.4291,1.4297,3112.26
2026-08-07 01:25:00,1.4297,1.4314,1.4294,1.431,17587.32
2026-08-07 01:30:00,1.431,1.431,1.4262,1.428,14725.28
2026-08-07 01:35:00,1.428,1.4293,1.4267,1.4276,102971.92
2026-08-07 01:40:00,1.4276,1.4279,1.4271,1.4279,38648.53
2026-08-07 01:45:00,1.4279,1.4283,1.427,1.4276,82052.99
2026-08-07 01:50:00,1.4276,1.4282,1.4262,1.4271,15751.23
2026-08-07 01:55:00,1.4271,1.4311,1.4209,1.4304,223974.88
2026-08-07 02:00:00,1.4304,1.4314,1.4296,1.4297,217333.91
2026-08-07 02:05:00,1.4297,1.4305,1.429,1.4296,110052.13
2026-08-07 02:10:00,1.4296,1.4344,1.429,1.4341,143137.71
2026-08-07 02:15:00,1.4341,1.4346,1.4338,1.4343,48158.4
2026-08-07 02:20:00,1.4343,1.4348,1.4336,1.4344,36724.18
2026-08-07 02:25:00,1.4344,1.4345,1.4311,1.4318,24391.45
2026-08-07 02:30:00,1.4318,1.4375,1.431,1.4356,13047.24
2026-08-07 02:35:00,1.4356,1.4357,1.4333,1.4342,76695.18
2026-08-07 02:40:00,1.4342,1.4358,1.4331,1.4351,16858.65
2026-08-07 02:45:00,1.4351,1.437,1.4341,1.437,78575.27
2026-08-07 02:50:00,1.437,1.4429,1.4344,1.4353,317929.06
2026-08-07 02:55:00,1.4353,1.4375,1.4351,1.437,1069.05
2026-08-07 03:00:00,1.437,1.4406,1.4325,1.4335,206775.57
2026-08-07 03:05:00,1.4335,1.4344,1.4324,1.4326,6481.45
2026-08-07 03:10:00,1.4326,1.4343,1.4324,1.4336,205498.86
2026-08-07 03:15:00,1.4336,1.435,1.4323,1.4343,8946.91
2026-08-07 03:20:00,1.4343,1.4372,1.4339,1.436,44816.91
2026-08-07 03:25:00,1.436,1.4403,1.4322,1.4326,32105.34
2026-08-07 03:30:00,1.4326,1.4349,1.4323,1.4332,27578.89
2026-08-07 03:35:00,1.4332,1.434,1.4293,1.4308,118725.96
2026-08-07 03:40:00,1.4308,1.433,1.4307,1.4312,29091.91
2026-08-07 03:45:00,1.4312,1.432,1.4294,1.431,27111.4
2026-08-07 03:50:00,1.431,1.4336,1.4307,1.4328,53266.75
2026-08-07 03:55:00,1.4328,1.4344,1.4319,1.4336,62728.27
2026-08-07 04:00:00,1.4336,1.4345,1.4333,1.4335,2273.93
2026-08-07 04:05:00,1.4335,1.4342,1.4304,1.4324,2807.14
2026-08-07 04:10:00,1.4324,1.4331,1.4318,1.4324,13201.46
2026-08-07 04:15:00,1.4324,1.4337,1.4316,1.4336,57034.8
2026-08-07 04:20:00,1.4336,1.435,1.4322,1.4334,22869.17
2026-08-07 04:25:00,1.4334,1.4364,1.4321,1.4357,67553.35
2026-08-07 04:30:00,1.4357,1.4393,1.4353,1.4382,76869.63
2026-08-07 04:35:00,1.4382,1.4394,1.4378,1.4392,94334.25
2026-08-07 04:40:00,1.4392,1.4401,1.4362,1.4389,71664.71
2026-08-07 04:45:00,1.4389,1.4398,1.4365,1.4375,45029.26
2026-08-07 04:50:00,1.4375,1.4383,1.4368,1.437,23336.31
2026-08-07 04:55:00,1.437,1.4398,1.433,1.4335,56528.36
2026-08-07 05:00:00,1.4335,1.436,1.4335,1.4358,128150.17
2026-08-07 05:05:00,1.4358,1.4367,1.434,1.4362,7165.19
2026-08-07 05:10:00,1.4362,1.4399,1.4359,1.4385,24837.78
2026-08-07 05:15:00,1.4385,1.4398,1.4382,1.4383,41446.59
2026-08-07 05:20:00,1.4383,1.4397,1.4367,1.4377,10617.56
2026-08-07 05:25:00,1.4377,1.44,1.437,1.4383,75391.73
2026-08-07 05:30:00,1.4383,1.4397,1.4369,1.4393,20656.01
2026-08-07 05:35:00,1.4393,1.4439,1.4358,1.4364,422637.6
2026-08-07 05:40:00,1.4364,1.4374,1.4348,1.4355,34931.92
2026-08-07 05:45:00,1.4355,1.4419,1.4312,1.4317,209530.07
2026-08-07 05:50:00,1.4317,1.4341,1.4312,1.4321,7859.79
2026-08-07 05:55:00,1.4321,1.4363,1.4316,1.4363,72018.24
2026-08-07 06:00:00,1.4363,1.4386,1.4323,1.4341,41535.09
2026-08-07 06:05:00,1.4341,1.4366,1.4339,1.4358,30855.22
2026-08-07 06:10:00,1.4358,1.4374,1.4352,1.4374,7510.35
2026-08-07 06:15:00,1.4374,1.4399,1.4348,1.4358,5930.92
2026-08-07 06:20:00,1.4358,1.4365,1.4353,1.4353,4061.08
2026-08-07 06:25:00,1.4353,1.4416,1.432,1.4327,91091.2
2026-08-07 06:30:00,1.4327,1.4331,1.4291,1.4296,40150.07
2026-08-07 06:35:00,1.4296,1.4308,1.4285,1.4297,17472.94
2026-08-07 06:40:00,1.4297,1.4304,1.4254,1.4263,88797.06
2026-08-07 06:45:00,1.4263,1.4266,1.4262,1.4262,81631.48
2026-08-07 06:50:00,1.4262,1.4262,1.4245,1.4248,41106.87
2026-08-07 06:55:00,1.4248,1.4257,1.4247,1.4249,52423.58
2026-08-07 07:00:00,1.4249,1.4299,1.4188,1.4291,39993.11
2026-08-07 07:05:00,1.4291,1.4312,1.4264,1.4268,67316.29
2026-08-07 07:10:00,1.4268,1.4288,1.4265,1.4273,30746.98
2026-08-07 07:15:00,1.4273,1.4302,1.4254,1.4262,43638.71
2026-08-07 07:20:00,1.4262,1.4305,1.42,1.4293,667195.95
2026-08-07 07:25:00,1.4293,1.4297,1.4279,1.4294,47501.42
2026-08-07 07:30:00,1.4294,1.4297,1.4278,1.4295,50884.18
2026-08-07 07:35:00,1.4295,1.4301,1.4285,1.4285,3343.47
2026-08-07 07:40:00,1.4285,1.4289,1.4257,1.4259,27166.09
2026-08-07 07:45:00,1.4259,1.4261,1.4241,1.4255,56190.38
2026-08-07 07:50:00,1.4255,1.4283,1.4248,1.4269,68705.64
2026-08-07 07:55:00,1.4269,1.4302,1.4236,1.4294,842221.24
2026-08-07 08:00:00,1.4294,1.4295,1.4258,1.427,25966.26
2026-08-07 08:05:00,1.427,1.4298,1.4261,1.4286,159280.3
2026-08-07 08:10:00,1.4286,1.4356,1.4284,1.434,173793.69
2026-08-07 08:15:00,1.434,1.4354,1.4321,1.4327,24507.15
2026-08-07 08:20:00,1.4327,1.4333,1.4293,1.4305,48100.24
2026-08-07 08:25:00,1.4305,1.4312,1.4303,1.431,4519.89
2026-08-07 08:30:00,1.431,1.435,1.4289,1.4343,48660.12
2026-08-07 08:35:00,1.4343,1.4358,1.4328,1.4339,38598.36
2026-08-07 08:40:00,1.4339,1.4341,1.4336,1.4337,41184.84
2026-08-07 08:45:00,1.4337,1.4349,1.4305,1.4318,5332.86
2026-08-07 08:50:00,1.4318,1.433,1.4316,1.4328,18591.2
2026-08-07 08:55:00,1.4328,1.4358,1.4321,1.4348,21399.81
2026-08-07 09:00:00,1.4348,1.4368,1.4348,1.4353,22866.12
2026-08-07 09:05:00,1.4353,1.4371,1.433,1.4365,68532.87
2026-08-07 09:10:00,1.4365,1.4404,1.434,1.4346,101427.52
2026-08-07 09:15:00,1.4346,1.4351,1.4329,1.4336,10656.34
2026-08-07 09:20:00,1.4336,1.4349,1.4313,1.4317,35701.97
2026-08-07 09:25:00,1.4317,1.432,1.4284,1.4285,74425.09
2026-08-07 09:30:00,1.4285,1.4307,1.4263,1.4303,28254.06
2026-08-07 09:35:00,1.4303,1.4313,1.4279,1.4285,17050.88
2026-08-07 09:40:00,1.4285,1.4286,1.4268,1.4283,8155.07
2026-08-07 09:45:00,1.4283,1.4289,1.427,1.4279,35126.58
2026-08-07 09:50:00,1.4279,1.4281,1.4272,1.4274,1698.27
2026-08-07 09:55:00,1.4274,1.4288,1.427,1.4274,61225.13
2026-08-07 10:00:00,1.4274,1.4324,1.4227,1.4314,42013.81
2026-08-07 10:05:00,1.4314,1.4319,1.4303,1.4309,40428.16
2026-08-07 10:10:00,1.4309,1.4311,1.4299,1.4299,168030.67
2026-08-07 10:15:00,1.4299,1.4309,1.4294,1.4295,37372.78
2026-08-07 10:20:00,1.4295,1.4303,1.4257,1.427,5864.69
2026-08-07 10:25:00,1.427,1.4316,1.4215,1.4304,171547.98
2026-08-07 10:30:00,1.4304,1.4315,1.4295,1.431,42349.69
2026-08-07 10:35:00,1.431,1.434,1.4305,1.4323,2066.84
2026-08-07 10:40:00,1.4323,1.434,1.4295,1.4299,6532.95
2026-08-07 10:45:00,1.4299,1.4347,1.4284,1.4333,857.95
2026-08-07 10:50:00,1.4333,1.4341,1.4324,1.4324,58932.63
2026-08-07 10:55:00,1.4324,1.4324,1.4319,1.4324,799.11
2026-08-07 11:00:00,1.4324,1.4331,1.432,1.4327,2177.87
2026-08-07 11:05:00,1.4327,1.4329,1.4318,1.4321,47353.1
2026-08-07 11:10:00,1.4321,1.4335,1.4311,1.4332,189094.43
2026-08-07 11:15:00,1.4332,1.4346,1.4329,1.4342,164.09
2026-08-07 11:20:00,1.4342,1.4353,1.4332,1.4343,26212.17
2026-08-07 11:25:00,1.4343,1.4359,1.4323,1.4344,8701.25
2026-08-07 11:30:00,1.4344,1.4354,1.4336,1.4352,19390.96
2026-08-07 11:35:00,1.4352,1.4381,1.4311,1.4323,14447.59
2026-08-07 11:40:00,1.4323,1.4323,1.431,1.432,85513.16
2026-08-07 11:45:00,1.432,1.4374,1.4318,1.4358,12464.13
2026-08-07 11:50:00,1.4358,1.4359,1.4324,1.4326,95251.46
2026-08-07 11:55:00,1.4326,1.4328,1.4287,1.4305,117223.02
2026-08-07 12:00:00,1.4305,1.4318,1.4301,1.4315,6497.77
2026-08-07 12:05:00,1.4315,1.4343,1.4312,1.4338,88431.02
2026-08-07 12:10:00,1.4338,1.4367,1.4326,1.4328,209473.87
2026-08-07 12:15:00,1.4328,1.4341,1.4316,1.4323,42260.0
2026-08-07 12:20:00,1.4323,1.4325,1.4318,1.4325,169325.1
2026-08-07 12:25:00,1.4325,1.4343,1.4319,1.4337,76530.1
2026-08-07 12:30:00,1.4337,1.4381,1.4296,1.4309,157170.14
2026-08-07 12:35:00,1.4309,1.4319,1.4287,1.4304,18517.64
2026-08-07 12:40:00,1.4304,1.4317,1.4294,1.4313,72710.25
2026-08-07 12:45:00,1.4313,1.4327,1.4277,1.4283,10500.05
2026-08-07 12:50:00,1.4283,1.4333,1.4223,1.4325,49782.72
2026-08-07 12:55:00,1.4325,1.4345,1.4324,1.4327,42704.26
2026-08-07 13:00:00,1.4327,1.4355,1.4322,1.4345,186542.09
2026-08-07 13:05:00,1.4345,1.4346,1.4319,1.4344,43123.51
2026-08-07 13:10:00,1.4344,1.4356,1.4303,1.4325,5249.34
2026-08-07 13:15:00,1.4325,1.436,1.4318,1.4341,32956.5
2026-08-07 13:20:00,1.4341,1.4378,1.4308,1.4314,255600.32
2026-08-07 13:25:00,1.4314,1.4324,1.4292,1.4301,53099.53
2026-08-07 13:30:00,1.4301,1.4337,1.4296,1.4321,109807.97
2026-08-07 13:35:00,1.4321,1.4338,1.4306,1.4307,11283.23
2026-08-07 13:40:00,1.4307,1.431,1.4296,1.4306,35126.48
2026-08-07 13:45:00,1.4306,1.4313,1.4292,1.4307,245354.4
2026-08-07 13:50:00,1.4307,1.4334,1.4304,1.4317,25463.57
2026-08-07 13:55:00,1.4317,1.4341,1.4308,1.4333,73771.18
2026-08-07 14:00:00,1.4333,1.4343,1.4319,1.4334,11479.55
2026-08-07 14:05:00,1.4334,1.4356,1.4327,1.4349,92001.83
2026-08-07 14:10:00,1.4349,1.4395,1.4306,1.431,268653.94
2026-08-07 14:15:00,1.431,1.4339,1.4299,1.4338,83905.24
2026-08-07 14:20:00,1.4338,1.4349,1.4308,1.4313,24960.39
2026-08-07 14:25:00,1.4313,1.4347,1.4308,1.4346,130206.69
2026-08-07 14:30:00,1.4346,1.4371,1.434,1.4361,16373.52
2026-08-07 14:35:00,1.4361,1.4365,1.4332,1.4337,29503.62
2026-08-07 14:40:00,1.4337,1.4385,1.4328,1.4352,72444.84
2026-08-07 14:45:00,1.4352,1.44,1.4303,1.4313,208183.19
2026-08-07 14:50:00,1.4313,1.4341,1.4301,1.4336,9570.71
2026-08-07 14:55:00,1.4336,1.4371,1.4312,1.4369,82424.51
2026-08-07 15:00:00,1.4369,1.438,1.4359,1.4368,28899.77
2026-08-07 15:05:00,1.4368,1.4383,1.4363,1.4379,34369.27
2026-08-07 15:10:00,1.4379,1.4415,1.4378,1.4389,43068.0
2026-08-07 15:15:00,1.4389,1.4393,1.4368,1.4385,158272.1
2026-08-07 15:20:00,1.4385,1.4386,1.4356,1.4371,73120.78
2026-08-07 15:25:00,1.4371,1.4372,1.4354,1.4357,19719.26
2026-08-07 15:30:00,1.4357,1.4392,1.4351,1.4375,19963.96
2026-08-07 15:35:00,1.4375,1.4385,1.4322,1.4336,95881.94
2026-08-07 15:40:00,1.4336,1.434,1.4331,1.4339,11665.72
2026-08-07 15:45:00,1.4339,1.4385,1.4331,1.4373,53564.39
2026-08-07 15:50:00,1.4373,1.4386,1.4367,1.4372,16487.89
2026-08-07 15:55:00,1.4372,1.4387,1.4363,1.4378,59296.85
2026-08-07 16:00:00,1.4378,1.438,1.4344,1.4353,105540.73
2026-08-07 16:05:00,1.4353,1.4375,1.4348,1.4358,23279.32
2026-08-07 16:10:00,1.4358,1.436,1.4353,1.4359,27758.03
2026-08-07 16:15:00,1.4359,1.437,1.4328,1.4345,52434.1
2026-08-07 16:20:00,1.4345,1.4346,1.4323,1.4336,107581.9
2026-08-07 16:25:00,1.4336,1.4365,1.4329,1.4353,87215.82
2026-08-07 16:30:00,1.4353,1.4355,1.4341,1.4351,12271.44
2026-08-07 16:35:00,1.4351,1.4353,1.4314,1.4329,59707.87
2026-08-07 16:40:00,1.4329,1.4339,1.427,1.4283,12219.11
2026-08-07 16:45:00,1.4283,1.4293,1.4264,1.4267,34068.45
2026-08-07 16:50:00,1.4267,1.4268,1.423,1.4244,68946.39
2026-08-07 16:55:00,1.4244,1.4287,1.4195,1.4276,75023.04
2026-08-07 17:00:00,1.4276,1.4287,1.427,1.4286,36517.49
2026-08-07 17:05:00,1.4286,1.4304,1.4266,1.4271,5494.25
2026-08-07 17:10:00,1.4271,1.43,1.4236,1.4291,495589.2
2026-08-07 17:15:00,1.4291,1.4325,1.4266,1.4314,122302.43
2026-08-07 17:20:00,1.4314,1.4349,1.4309,1.4329,81876.41
2026-08-07 17:25:00,1.4329,1.4334,1.4303,1.4309,27066.9
2026-08-07 17:30:00,1.4309,1.4325,1.43,1.4321,24915.0
2026-08-07 17:35:00,1.4321,1.4325,1.4299,1.4303,85887.43
2026-08-07 17:40:00,1.4303,1.4317,1.4282,1.4294,5899.92
2026-08-07 17:45:00,1.4294,1.4301,1.4259,1.428,13985.92
2026-08-07 17:50:00,1.428,1.4282,1.4271,1.4272,135728.43
2026-08-07 17:55:00,1.4272,1.4283,1.4263,1.4268,7307.57
2026-08-07 18:00:00,1.4268,1.4271,1.426,1.4263,5605.41
2026-08-07 18:05:00,1.4263,1.4299,1.421,1.4295,18751.09
2026-08-07 18:10:00,1.4295,1.4337,1.4279,1.4318,8103.51
2026-08-07 18:15:00,1.4318,1.4321,1.4299,1.4314,80838.86
2026-08-07 18:20:00,1.4314,1.4318,1.4297,1.4316,6541.11
2026-08-07 18:25:00,1.4316,1.4318,1.4301,1.4302,32497.69
2026-08-07 18:30:00,1.4302,1.4348,1.4301,1.4333,8809.3
2026-08-07 18:35:00,1.4333,1.436,1.4323,1.4339,22077.63
2026-08-07 18:40:00,1.4339,1.4345,1.4331,1.4338,9635.09
2026-08-07 18:45:00,1.4338,1.4343,1.4299,1.4307,85.07
2026-08-07 18:50:00,1.4307,1.4316,1.43,1.431,28694.26
2026-08-07 18:55:00,1.431,1.4311,1.4306,1.4309,1605.81
2026-08-07 19:00:00,1.4309,1.4314,1.4301,1.4305,156402.53
2026-08-07 19:05:00,1.4305,1.4357,1.426,1.4343,42455.22
2026-08-07 19:10:00,1.4343,1.4374,1.434,1.4373,15515.75
2026-08-07 19:15:00,1.4373,1.441,1.4364,1.4402,88171.39
2026-08-07 19:20:00,1.4402,1.4403,1.437,1.4393,17881.53
2026-08-07 19:25:00,1.4393,1.4408,1.4375,1.4382,69526.13
2026-08-07 19:30:00,1.4382,1.4382,1.4358,1.4359,7132.07
2026-08-07 19:35:00,1.4359,1.4384,1.4357,1.4371,13159.88
2026-08-07 19:40:00,1.4371,1.4405,1.4356,1.4396,74120.99
2026-08-07 19:45:00,1.4396,1.4403,1.4342,1.4361,147705.99
2026-08-07 19:50:00,1.4361,1.4378,1.4349,1.4378,7890.36
2026-08-07 19:55:00,1.4378,1.4408,1.4344,1.4349,247373.82
2026-08-07 20:00:00,1.4349,1.4353,1.4335,1.4339,21391.75
2026-08-07 20:05:00,1.4339,1.4347,1.4298,1.4302,48847.79
2026-08-07 20:10:00,1.4302,1.4328,1.4299,1.4322,87583.41
2026-08-07 20:15:00,1.4322,1.4322,1.4309,1.4316,7288.13
2026-08-07 20:20:00,1.4316,1.4322,1.43,1.4314,17615.58
2026-08-07 20:25:00,1.4314,1.4345,1.4308,1.4338,97470.02
2026-08-07 20:30:00,1.4338,1.4345,1.4325,1.433,86028.44
2026-08-07 20:35:00,1.433,1.4333,1.4301,1.4316,51804.77
2026-08-07 20:40:00,1.4316,1.4316,1.4305,1.4307,33555.73
2026-08-07 20:45:00,1.4307,1.4315,1.4303,1.4304,42113.87
2026-08-07 20:50:00,1.4304,1.4319,1.4292,1.4294,57994.08
2026-08-07 20:55:00,1.4294,1.4304,1.428,1.428,64989.35
2026-08-07 21:00:00,1.428,1.429,1.4268,1.4285,90345.11
2026-08-07 21:05:00,1.4285,1.4298,1.4273,1.428,34018.78
2026-08-07 21:10:00,1.428,1.429,1.4258,1.4269,72697.28
2026-08-07 21:15:00,1.4269,1.4294,1.4222,1.4286,48724.34
2026-08-07 21:20:00,1.4286,1.4286,1.4234,1.4242,128045.19
2026-08-07 21:25:00,1.4242,1.4244,1.4223,1.4234,1155.11
2026-08-07 21:30:00,1.4234,1.4269,1.4201,1.4262,132078.07
2026-08-07 21:35:00,1.4262,1.4278,1.4254,1.4272,30802.68
2026-08-07 21:40:00,1.4272,1.4321,1.4243,1.4309,113886.74
2026-08-07 21:45:00,1.4309,1.431,1.4296,1.4298,6932.31
2026-08-07 21:50:00,1.4298,1.432,1.4289,1.4305,16782.36
2026-08-07 21:55:00,1.4305,1.4327,1.4298,1.4319,179529.87
2026-08-07 22:00:00,1.4319,1.4336,1.431,1.4327,4180.53
2026-08-07 22:05:00,1.4327,1.4331,1.4327,1.433,107457.86
2026-08-07 22:10:00,1.433,1.4414,1.4325,1.4393,163872.5
2026-08-07 22:15:00,1.4393,1.4402,1.4381,1.4397,26422.9
2026-08-07 22:20:00,1.4397,1.4437,1.4362,1.4372,119551.9
2026-08-07 22:25:00,1.4372,1.4407,1.4365,1.4402,77648.82
2026-08-07 22:30:00,1.4402,1.4441,1.4392,1.442,39671.19
2026-08-07 22:35:00,1.442,1.4433,1.4397,1.4398,126492.9
2026-08-07 22:40:00,1.4398,1.4419,1.4389,1.4402,9241.85
2026-08-07 22:45:00,1.4402,1.4433,1.4364,1.4373,331604.42
2026-08-07 22:50:00,1.4373,1.4398,1.4368,1.4388,11903.87
2026-08-07 22:55:00,1.4388,1.4424,1.4344,1.4357,270149.55
2026-08-07 23:00:00,1.4357,1.4362,1.4352,1.4359,54372.83
2026-08-07 23:05:00,1.4359,1.4379,1.4347,1.4374,29808.79
2026-08-07 23:10:00,1.4374,1.4399,1.4358,1.4387,49768.87
2026-08-07 23:15:00,1.4387,1.4393,1.438,1.4389,91234.12
2026-08-07 23:20:00,1.4389,1.4443,1.4354,1.4362,208616.26
2026-08-07 23:25:00,1.4362,1.4396,1.4351,1.4393,6619.99
2026-08-07 23:30:00,1.4393,1.4397,1.4382,1.4383,45065.86
2026-08-07 23:35:00,1.4383,1.4388,1.433,1.4346,67417.23
2026-08-07 23:40:00,1.4346,1.4361,1.4341,1.4342,31825.72
2026-08-07 23:45:00,1.4342,1.4346,1.4335,1.434,36201.61
2026-08-07 23:50:00,1.434,1.4352,1.4327,1.4327,270552.82
2026-08-07 23:55:00,1.4327,1.435,1.4326,1.4346,47408.46
2026-08-08 00:00:00,1.4346,1.4351,1.4342,1.4346,32388.55
2026-08-08 00:05:00,1.4346,1.4365,1.4338,1.4351,14099.25
2026-08-08 00:10:00,1.4351,1.4359,1.4323,1.4329,21636.08
2026-08-08 00:15:00,1.4329,1.4336,1.4311,1.4314,58333.66
2026-08-08 00:20:00,1.4314,1.4317,1.431,1.431,27734.45
2026-08-08 00:25:00,1.431,1.4321,1.4292,1.4293,4834.01
2026-08-08 00:30:00,1.4293,1.4304,1.427,1.4303,20815.91
2026-08-08 00:35:00,1.4303,1.4321,1.4296,1.4315,93910.53
2026-08-08 00:40:00,1.4315,1.4338,1.4309,1.4316,72413.8
2026-08-08 00:45:00,1.4316,1.4317,1.4306,1.4313,81918.44
2026-08-08 00:50:00,1.4313,1.4348,1.4293,1.4348,10718.67
2026-08-08 00:55:00,1.4348,1.435,1.433,1.4331,20519.0
2026-08-08 01:00:00,1.4331,1.4337,1.4321,1.4334,28026.11
2026-08-08 01:05:00,1.4334,1.4346,1.4319,1.4321,10463.3
2026-08-08 01:10:00,1.4321,1.4342,1.4315,1.434,44814.75
2026-08-08 01:15:00,1.434,1.4346,1.433,1.4343,5468.52
2026-08-08 01:20:00,1.4343,1.4347,1.4341,1.4346,54364.31
2026-08-08 01:25:00,1.4346,1.4356,1.4331,1.4332,122394.48
2026-08-08 01:30:00,1.4332,1.4335,1.4288,1.4302,223336.48
2026-08-08 01:35:00,1.4302,1.4313,1.4302,1.431,197058.92
2026-08-08 01:40:00,1.431,1.4343,1.4301,1.434,61977.28
2026-08-08 01:45:00,1.434,1.4347,1.4317,1.4329,9481.08
2026-08-08 01:50:00,1.4329,1.4352,1.4311,1.4346,73852.04
2026-08-08 01:55:00,1.4346,1.4366,1.4329,1.4358,56348.42
2026-08-08 02:00:00,1.4358,1.4368,1.4342,1.4349,68066.24
2026-08-08 02:05:00,1.4349,1.4358,1.4329,1.4345,50750.95
2026-08-08 02:10:00,1.4345,1.4358,1.4325,1.4356,26233.3
2026-08-08 02:15:00,1.4356,1.4394,1.435,1.4386,49150.25
2026-08-08 02:20:00,1.4386,1.4413,1.4382,1.4411,16630.99
2026-08-08 02:25:00,1.4411,1.4448,1.4381,1.4387,103307.06
2026-08-08 02:30:00,1.4387,1.4417,1.4381,1.4402,2383.25
2026-08-08 02:35:00,1.4402,1.4408,1.4381,1.4384,26786.81
2026-08-08 02:40:00,1.4384,1.4409,1.4373,1.4406,34231.58
2026-08-08 02:45:00,1.4406,1.4415,1.44,1.4411,21669.37
2026-08-08 02:50:00,1.4411,1.4448,1.4401,1.4429,12922.41
2026-08-08 02:55:00,1.4429,1.4454,1.4424,1.4437,23800.61
2026-08-08 03:00:00,1.4437,1.4437,1.4432,1.4436,130848.63
2026-08-08 03:05:00,1.4436,1.4492,1.4406,1.442,90075.01
2026-08-08 03:10:00,1.442,1.4474,1.4394,1.4404,129702.89
2026-08-08 03:15:00,1.4404,1.4417,1.4393,1.4409,4672.79
2026-08-08 03:20:00,1.4409,1.4436,1.4364,1.437,167179.49
2026-08-08 03:25:00,1.437,1.437,1.4355,1.4355,5634.02
2026-08-08 03:30:00,1.4355,1.4358,1.4336,1.4338,31588.96
2026-08-08 03:35:00,1.4338,1.4351,1.4335,1.4342,99684.41
2026-08-08 03:40:00,1.4342,1.4349,1.4323,1.4345,64057.66
2026-08-08 03:45:00,1.4345,1.4361,1.4329,1.4342,83750.19
2026-08-08 03:50:00,1.4342,1.4352,1.4319,1.4321,38837.84
2026-08-08 03:55:00,1.4321,1.4378,1.4303,1.4372,53273.33
2026-08-08 04:00:00,1.4372,1.4375,1.4361,1.4364,60002.92
2026-08-08 04:05:00,1.4364,1.4395,1.4357,1.4384,19226.52
2026-08-08 04:10:00,1.4384,1.4392,1.4365,1.4379,14992.95
2026-08-08 04:15:00,1.4379,1.4403,1.4374,1.4383,39184.56
2026-08-08 04:20:00,1.4383,1.4428,1.4381,1.4421,194400.09
2026-08-08 04:25:00,1.4421,1.4446,1.4412,1.4443,6637.8
2026-08-08 04:30:00,1.4443,1.445,1.443,1.4431,15061.43
2026-08-08 04:35:00,1.4431,1.4494,1.4409,1.4415,172237.09
2026-08-08 04:40:00,1.4415,1.4441,1.4414,1.4427,30216.92
2026-08-08 04:45:00,1.4427,1.4455,1.4416,1.4447,32182.0
2026-08-08 04:50:00,1.4447,1.4456,1.4442,1.445,25636.09
2026-08-08 04:55:00,1.445,1.4461,1.4428,1.4445,651.75
2026-08-08 05:00:00,1.4445,1.4468,1.4419,1.4426,10990.22
2026-08-08 05:05:00,1.4426,1.4478,1.4385,1.4393,138832.15
2026-08-08 05:10:00,1.4393,1.4418,1.4383,1.4408,3955.04
2026-08-08 05:15:00,1.4408,1.4419,1.4381,1.4381,190227.77
2026-08-08 05:20:00,1.4381,1.44,1.4353,1.438,36739.57
2026-08-08 05:25:00,1.438,1.4414,1.4365,1.4408,45335.32
2026-08-08 05:30:00,1.4408,1.447,1.4396,1.4447,103433.17
2026-08-08 05:35:00,1.4447,1.4491,1.4419,1.4427,18368.69
2026-08-08 05:40:00,1.4427,1.4447,1.4421,1.4447,147529.93
2026-08-08 05:45:00,1.4447,1.4455,1.4436,1.4438,17992.52
2026-08-08 05:50:00,1.4438,1.4481,1.4412,1.4422,133230.21
2026-08-08 05:55:00,1.4422,1.4485,1.438,1.4393,507340.47
2026-08-08 06:00:00,1.4393,1.4412,1.4392,1.4403,84645.48
2026-08-08 06:05:00,1.4403,1.4418,1.4379,1.4389,118186.58
2026-08-08 06:10:00,1.4389,1.4413,1.4378,1.4401,25631.66
2026-08-08 06:15:00,1.4401,1.4402,1.4375,1.4382,3873.03
2026-08-08 06:20:00,1.4382,1.4388,1.4374,1.4385,21529.91
2026-08-08 06:25:00,1.4385,1.4385,1.4373,1.4381,28481.44
2026-08-08 06:30:00,1.4381,1.44,1.4367,1.4398,37231.11
2026-08-08 06:35:00,1.4398,1.4404,1.4368,1.4375,26953.39
2026-08-08 06:40:00,1.4375,1.439,1.4352,1.4357,10298.34
2026-08-08 06:45:00,1.4357,1.4364,1.434,1.4354,100228.91
2026-08-08 06:50:00,1.4354,1.4374,1.4349,1.4371,2617.79
2026-08-08 06:55:00,1.4371,1.4378,1.4369,1.437,8263.22
2026-08-08 07:00:00,1.437,1.4373,1.4346,1.4359,48333.85
2026-08-08 07:05:00,1.4359,1.4364,1.4348,1.4352,35925.01
2026-08-08 07:10:00,1.4352,1.4359,1.4332,1.4334,75223.61
2026-08-08 07:15:00,1.4334,1.4336,1.43,1.4303,152469.89
2026-08-08 07:20:00,1.4303,1.4315,1.4278,1.4282,82133.88
2026-08-08 07:25:00,1.4282,1.4316,1.4237,1.4306,59170.34
2026-08-08 07:30:00,1.4306,1.4312,1.4292,1.4298,2067.66
2026-08-08 07:35:00,1.4298,1.4311,1.4292,1.4304,7772.84
2026-08-08 07:40:00,1.4304,1.4344,1.4284,1.4328,11074.35
2026-08-08 07:45:00,1.4328,1.4328,1.4304,1.431,54527.46
2026-08-08 07:50:00,1.431,1.432,1.4296,1.4309,76054.93
2026-08-08 07:55:00,1.4309,1.4323,1.4301,1.4314,18770.92
2026-08-08 08:00:00,1.4314,1.4323,1.4305,1.4323,16888.59
2026-08-08 08:05:00,1.4323,1.4323,1.4301,1.4305,33382.33
2026-08-08 08:10:00,1.4305,1.4336,1.4282,1.4329,185544.37
2026-08-08 08:15:00,1.4329,1.4357,1.4328,1.4331,21034.64
2026-08-08 08:20:00,1.4331,1.4342,1.4321,1.4331,32397.44
2026-08-08 08:25:00,1.4331,1.4358,1.4329,1.4353,25330.83
2026-08-08 08:30:00,1.4353,1.437,1.435,1.4364,150381.53
2026-08-08 08:35:00,1.4364,1.4378,1.4354,1.4365,18268.47
2026-08-08 08:40:00,1.4365,1.4366,1.435,1.4359,216289.56
2026-08-08 08:45:00,1.4359,1.4362,1.4326,1.4335,10851.45
2026-08-08 08:50:00,1.4335,1.4339,1.4312,1.4322,73550.28
2026-08-08 08:55:00,1.4322,1.4344,1.4309,1.4321,12211.69
2026-08-08 09:00:00,1.4321,1.4367,1.432,1.4356,15843.93
2026-08-08 09:05:00,1.4356,1.438,1.4349,1.4374,6343.85
2026-08-08 09:10:00,1.4374,1.4378,1.4369,1.4371,49279.89
2026-08-08 09:15:00,1.4371,1.4423,1.437,1.4415,58068.88
2026-08-08 09:20:00,1.4415,1.4435,1.4408,1.4428,2331.59
2026-08-08 09:25:00,1.4428,1.4437,1.4395,1.4401,42020.27
2026-08-08 09:30:00,1.4401,1.4402,1.4374,1.4388,74075.41
2026-08-08 09:35:00,1.4388,1.4401,1.4348,1.4366,60192.21
2026-08-08 09:40:00,1.4366,1.4367,1.4334,1.435,166424.36
2026-08-08 09:45:00,1.435,1.4353,1.4335,1.4338,98845.49
2026-08-08 09:50:00,1.4338,1.4346,1.4303,1.4325,12888.65
2026-08-08 09:55:00,1.4325,1.4365,1.4317,1.4364,21305.32
2026-08-08 10:00:00,1.4364,1.437,1.4364,1.4369,101906.16
2026-08-08 10:05:00,1.4369,1.4412,1.4348,1.4388,15389.88
2026-08-08 10:10:00,1.4388,1.4395,1.4347,1.437,15885.43
2026-08-08 10:15:00,1.437,1.4372,1.4325,1.4336,7892.86
2026-08-08 10:20:00,1.4336,1.436,1.4327,1.4331,89347.6
2026-08-08 10:25:00,1.4331,1.4353,1.4309,1.431,32237.27
2026-08-08 10:30:00,1.431,1.4338,1.4308,1.4326,7651.73
2026-08-08 10:35:00,1.4326,1.4363,1.4323,1.4352,43242.82
2026-08-08 10:40:00,1.4352,1.4389,1.4349,1.4383,18355.35
2026-08-08 10:45:00,1.4383,1.4403,1.4372,1.4384,114384.01
2026-08-08 10:50:00,1.4384,1.4386,1.4367,1.4379,158805.51
2026-08-08 10:55:00,1.4379,1.4398,1.4362,1.4398,16120.89
2026-08-08 11:00:00,1.4398,1.4414,1.4396,1.4402,51832.15
2026-08-08 11:05:00,1.4402,1.4415,1.438,1.4382,109664.89
2026-08-08 11:10:00,1.4382,1.4384,1.4361,1.4365,9123.32
2026-08-08 11:15:00,1.4365,1.4381,1.4357,1.4373,10754.5
2026-08-08 11:20:00,1.4373,1.4381,1.4355,1.4357,51898.2
2026-08-08 11:25:00,1.4357,1.4361,1.4324,1.4326,14744.93
2026-08-08 11:30:00,1.4326,1.4336,1.4317,1.4328,334007.5
2026-08-08 11:35:00,1.4328,1.4347,1.4305,1.4344,56657.57
2026-08-08 11:40:00,1.4344,1.4347,1.4343,1.4344,149433.77
2026-08-08 11:45:00,1.4344,1.4355,1.4326,1.4347,3918.2
2026-08-08 11:50:00,1.4347,1.436,1.4331,1.4352,7061.84
2026-08-08 11:55:00,1.4352,1.4368,1.4351,1.4358,21605.18
2026-08-08 12:00:00,1.4358,1.4401,1.4353,1.4385,35632.1
2026-08-08 12:05:00,1.4385,1.4402,1.4363,1.4372,84759.18
2026-08-08 12:10:00,1.4372,1.4392,1.4354,1.436,105076.22
2026-08-08 12:15:00,1.436,1.4367,1.434,1.435,9639.87
2026-08-08 12:20:00,1.435,1.4398,1.4342,1.4396,38930.76
2026-08-08 12:25:00,1.4396,1.4419,1.4373,1.4384,23987.05
2026-08-08 12:30:00,1.4384,1.4391,1.4363,1.4367,84071.42
2026-08-08 12:35:00,1.4367,1.4379,1.435,1.4363,13569.1
2026-08-08 12:40:00,1.4363,1.4372,1.4303,1.4314,11028.05
2026-08-08 12:45:00,1.4314,1.4334,1.4308,1.4322,13923.56
2026-08-08 12:50:00,1.4322,1.4339,1.4281,1.4291,41858.26
2026-08-08 12:55:00,1.4291,1.4314,1.4261,1.4308,29834.13
2026-08-08 13:00:00,1.4308,1.4318,1.4297,1.4304,12123.17
2026-08-08 13:05:00,1.4304,1.4319,1.4276,1.4283,4132.3
2026-08-08 13:10:00,1.4283,1.4312,1.427,1.4299,11232.77
2026-08-08 13:15:00,1.4299,1.4304,1.4279,1.4289,57291.73
2026-08-08 13:20:00,1.4289,1.4309,1.4283,1.4299,42244.22
2026-08-08 13:25:00,1.4299,1.4326,1.4287,1.4318,119341.97
2026-08-08 13:30:00,1.4318,1.4361,1.4264,1.4351,76275.75
2026-08-08 13:35:00,1.4351,1.4362,1.4343,1.4359,75681.42
2026-08-08 13:40:00,1.4359,1.4387,1.4356,1.4374,88689.65
2026-08-08 13:45:00,1.4374,1.4401,1.4357,1.4391,68748.17
2026-08-08 13:50:00,1.4391,1.4403,1.4376,1.4376,40426.92
2026-08-08 13:55:00,1.4376,1.4382,1.4351,1.4353,57614.48
2026-08-08 14:00:00,1.4353,1.4377,1.433,1.4334,132747.75
2026-08-08 14:05:00,1.4334,1.4339,1.4298,1.4305,42933.88
2026-08-08 14:10:00,1.4305,1.4343,1.427,1.4335,148210.69
2026-08-08 14:15:00,1.4335,1.4362,1.4329,1.4359,31951.47
2026-08-08 14:20:00,1.4359,1.4375,1.4355,1.4361,56100.52
2026-08-08 14:25:00,1.4361,1.4378,1.4358,1.4358,13147.39
2026-08-08 14:30:00,1.4358,1.4374,1.4314,1.4335,29999.18
2026-08-08 14:35:00,1.4335,1.4342,1.4281,1.4297,57463.04
2026-08-08 14:40:00,1.4297,1.431,1.4283,1.4303,15520.29
2026-08-08 14:45:00,1.4303,1.4338,1.4295,1.4321,52239.55
2026-08-08 14:50:00,1.4321,1.4332,1.4302,1.4305,69046.32
2026-08-08 14:55:00,1.4305,1.4319,1.4285,1.4314,102396.61
2026-08-08 15:00:00,1.4314,1.4331,1.4307,1.431,64786.36
2026-08-08 15:05:00,1.431,1.431,1.4298,1.4303,563.4
2026-08-08 15:10:00,1.4303,1.4306,1.4267,1.4272,9378.01
2026-08-08 15:15:00,1.4272,1.4289,1.4265,1.4283,40700.65
2026-08-08 15:20:00,1.4283,1.4285,1.4252,1.4264,118024.35
2026-08-08 15:25:00,1.4264,1.4297,1.4215,1.4287,12688.1
2026-08-08 15:30:00,1.4287,1.4295,1.4279,1.4282,40073.62
2026-08-08 15:35:00,1.4282,1.4297,1.4272,1.429,1098.52
2026-08-08 15:40:00,1.429,1.4309,1.428,1.4306,59409.86
2026-08-08 15:45:00,1.4306,1.4311,1.4297,1.4302,9392.12
2026-08-08 15:50:00,1.4302,1.4332,1.4299,1.4331,137775.33
2026-08-08 15:55:00,1.4331,1.4347,1.4321,1.4329,2917.23
2026-08-08 16:00:00,1.4329,1.4351,1.4313,1.435,59320.85
2026-08-08 16:05:00,1.435,1.4358,1.4337,1.4342,41325.59
2026-08-08 16:10:00,1.4342,1.4345,1.4326,1.4337,59322.0
2026-08-08 16:15:00,1.4337,1.4349,1.4329,1.4341,6039.69
2026-08-08 16:20:00,1.4341,1.4346,1.4307,1.4318,35889.0
2026-08-08 16:25:00,1.4318,1.4326,1.4295,1.4299,7431.52
2026-08-08 16:30:00,1.4299,1.4303,1.4285,1.4296,6816.77
2026-08-08 16:35:00,1.4296,1.4314,1.4288,1.4292,112484.74
2026-08-08 16:40:00,1.4292,1.4297,1.4266,1.4267,57401.46
2026-08-08 16:45:00,1.4267,1.43,1.425,1.4283,253115.11
2026-08-08 16:50:00,1.4283,1.4321,1.4256,1.4313,124538.57
2026-08-08 16:55:00,1.4313,1.4314,1.4274,1.4292,34336.06
2026-08-08 17:00:00,1.4292,1.4339,1.4257,1.4326,32166.33
2026-08-08 17:05:00,1.4326,1.4363,1.4309,1.4344,147.16
2026-08-08 17:10:00,1.4344,1.4346,1.4323,1.4334,26716.84
2026-08-08 17:15:00,1.4334,1.4362,1.4315,1.4351,4058.71
2026-08-08 17:20:00,1.4351,1.4359,1.4338,1.4348,54610.6
2026-08-08 17:25:00,1.4348,1.4372,1.4329,1.4335,3978.47
2026-08-08 17:30:00,1.4335,1.434,1.4333,1.4337,13618.61
2026-08-08 17:35:00,1.4337,1.4351,1.4326,1.4332,41590.49
2026-08-08 17:40:00,1.4332,1.4338,1.4322,1.4333,97312.2
2026-08-08 17:45:00,1.4333,1.4353,1.4314,1.4345,25475.4
2026-08-08 17:50:00,1.4345,1.4375,1.4342,1.4374,78586.28
2026-08-08 17:55:00,1.4374,1.4409,1.4369,1.4388,80198.35
2026-08-08 18:00:00,1.4388,1.4405,1.4387,1.4404,15108.82
2026-08-08 18:05:00,1.4404,1.4413,1.4398,1.4405,11985.61
2026-08-08 18:10:00,1.4405,1.4427,1.4393,1.4414,45006.91
2026-08-08 18:15:00,1.4414,1.4465,1.4364,1.4375,536601.82
2026-08-08 18:20:00,1.4375,1.4411,1.4364,1.4408,96384.45
2026-08-08 18:25:00,1.4408,1.4428,1.4398,1.4425,141886.27
2026-08-08 18:30:00,1.4425,1.4432,1.4406,1.443,43948.31
2026-08-08 18:35:00,1.443,1.4456,1.4414,1.4429,61089.97
2026-08-08 18:40:00,1.4429,1.4493,1.4382,1.4386,687898.56
2026-08-08 18:45:00,1.4386,1.4395,1.4373,1.4395,4631.98
2026-08-08 18:50:00,1.4395,1.4446,1.4351,1.4356,231073.66
2026-08-08 18:55:00,1.4356,1.4372,1.4355,1.4365,53530.9
2026-08-08 19:00:00,1.4365,1.4377,1.4363,1.437,16215.03
2026-08-08 19:05:00,1.437,1.4392,1.4368,1.4369,78541.53
2026-08-08 19:10:00,1.4369,1.4401,1.4325,1.433,285717.95
2026-08-08 19:15:00,1.433,1.4341,1.4317,1.4317,92803.3
2026-08-08 19:20:00,1.4317,1.4345,1.4313,1.4325,28443.83
2026-08-08 19:25:00,1.4325,1.4336,1.432,1.4323,164609.11
2026-08-08 19:30:00,1.4323,1.4335,1.4315,1.4316,35849.18
2026-08-08 19:35:00,1.4316,1.4327,1.4277,1.43,186728.25
2026-08-08 19:40:00,1.43,1.4315,1.4284,1.4306,24769.29
2026-08-08 19:45:00,1.4306,1.4326,1.4286,1.4287,2709.88
2026-08-08 19:50:00,1.4287,1.4308,1.4275,1.4293,27617.09
2026-08-08 19:55:00,1.4293,1.4327,1.4251,1.4315,597633.61
2026-08-08 20:00:00,1.4315,1.432,1.4298,1.4305,5687.57
2026-08-08 20:05:00,1.4305,1.4321,1.43,1.4312,28398.58
2026-08-08 20:10:00,1.4312,1.4322,1.4278,1.429,83603.08
2026-08-08 20:15:00,1.429,1.4292,1.4272,1.4277,71767.02
2026-08-08 20:20:00,1.4277,1.428,1.4259,1.4264,19600.2
2026-08-08 20:25:00,1.4264,1.4292,1.4217,1.4283,18244.16
2026-08-08 20:30:00,1.4283,1.4331,1.4225,1.4319,46722.58
2026-08-08 20:35:00,1.4319,1.4343,1.4312,1.4336,42155.57
2026-08-08 20:40:00,1.4336,1.4341,1.4327,1.4333,9034.3
2026-08-08 20:45:00,1.4333,1.4349,1.4331,1.4338,40723.76
2026-08-08 20:50:00,1.4338,1.4372,1.4338,1.4349,15359.0
2026-08-08 20:55:00,1.4349,1.435,1.4333,1.4338,152591.21
2026-08-08 21:00:00,1.4338,1.4343,1.4313,1.4325,94597.64
2026-08-08 21:05:00,1.4325,1.4348,1.4324,1.4333,85711.12
2026-08-08 21:10:00,1.4333,1.4342,1.4329,1.4336,6106.6
2026-08-08 21:15:00,1.4336,1.4379,1.4329,1.4357,26210.22
2026-08-08 21:20:00,1.4357,1.4363,1.4329,1.4344,14686.47
2026-08-08 21:25:00,1.4344,1.4351,1.4337,1.4344,26892.5
2026-08-08 21:30:00,1.4344,1.4353,1.434,1.4341,59416.97
2026-08-08 21:35:00,1.4341,1.4347,1.4317,1.432,48446.3
2026-08-08 21:40:00,1.432,1.434,1.4319,1.4334,13236.28
2026-08-08 21:45:00,1.4334,1.4342,1.4327,1.4329,72482.87
2026-08-08 21:50:00,1.4329,1.4346,1.4304,1.431,47919.9
2026-08-08 21:55:00,1.431,1.4319,1.4292,1.4299,27499.43
2026-08-08 22:00:00,1.4299,1.4328,1.4299,1.4309,38977.22
2026-08-08 22:05:00,1.4309,1.432,1.4307,1.4316,26499.87
2026-08-08 22:10:00,1.4316,1.4325,1.4299,1.4304,44534.89
2026-08-08 22:15:00,1.4304,1.4315,1.4292,1.4294,81233.07
2026-08-08 22:20:00,1.4294,1.4309,1.4291,1.4302,123397.24
2026-08-08 22:25:00,1.4302,1.4305,1.4287,1.429,20622.14
2026-08-08 22:30:00,1.429,1.4334,1.4273,1.4317,10159.76
2026-08-08 22:35:00,1.4317,1.4325,1.4313,1.4322,45871.96
2026-08-08 22:40:00,1.4322,1.4341,1.4272,1.4281,11521.18
2026-08-08 22:45:00,1.4281,1.4303,1.4277,1.4288,81940.75
2026-08-08 22:50:00,1.4288,1.4298,1.4265,1.4271,20999.65
2026-08-08 22:55:00,1.4271,1.4297,1.4219,1.429,126526.91
2026-08-08 23:00:00,1.429,1.4319,1.4252,1.431,102103.76
2026-08-08 23:05:00,1.431,1.4353,1.4303,1.4352,36764.61
2026-08-08 23:10:00,1.4352,1.4357,1.4332,1.434,72367.2
2026-08-08 23:15:00,1.434,1.4344,1.433,1.4332,12818.39
2026-08-08 23:20:00,1.4332,1.4335,1.4308,1.4312,10582.57
2026-08-08 23:25:00,1.4312,1.432,1.4302,1.4305,83211.89
2026-08-08 23:30:00,1.4305,1.4308,1.43,1.4302,22730.94
2026-08-08 23:35:00,1.4302,1.4341,1.429,1.4332,181936.67
2026-08-08 23:40:00,1.4332,1.4343,1.432,1.4342,62976.1
2026-08-08 23:45:00,1.4342,1.4371,1.4325,1.4362,36231.0
2026-08-08 23:50:00,1.4362,1.4412,1.4318,1.433,405020.89
2026-08-08 23:55:00,1.433,1.4358,1.4293,1.4306,276046.96
2026-08-09 00:00:00,1.4306,1.4312,1.4292,1.4295,77875.02
2026-08-09 00:05:00,1.4295,1.4296,1.4262,1.4284,24850.39
2026-08-09 00:10:00,1.4284,1.4315,1.4277,1.4297,9028.77
2026-08-09 00:15:00,1.4297,1.4306,1.4281,1.429,15933.37
2026-08-09 00:20:00,1.429,1.4314,1.4239,1.4304,252859.86
2026-08-09 00:25:00,1.4304,1.4315,1.4288,1.4291,4394.39
2026-08-09 00:30:00,1.4291,1.4358,1.4279,1.4337,101143.33
2026-08-09 00:35:00,1.4337,1.4338,1.4309,1.431,43.89
2026-08-09 00:40:00,1.431,1.4338,1.4306,1.431,1566.11
2026-08-09 00:45:00,1.431,1.4331,1.4309,1.4323,5651.43
2026-08-09 00:50:00,1.4323,1.4337,1.4322,1.4331,19180.59
2026-08-09 00:55:00,1.4331,1.4337,1.4325,1.4331,94016.14
2026-08-09 01:00:00,1.4331,1.4342,1.4322,1.4325,31920.79
2026-08-09 01:05:00,1.4325,1.434,1.4324,1.4337,30950.78
2026-08-09 01:10:00,1.4337,1.436,1.4337,1.4351,38816.5
2026-08-09 01:15:00,1.4351,1.4389,1.4349,1.4382,111574.32
2026-08-09 01:20:00,1.4382,1.4412,1.4347,1.4351,103982.95
2026-08-09 01:25:00,1.4351,1.4392,1.4322,1.4335,321724.15
2026-08-09 01:30:00,1.4335,1.4399,1.4313,1.4319,617288.82
2026-08-09 01:35:00,1.4319,1.433,1.4311,1.4328,13771.14
2026-08-09 01:40:00,1.4328,1.4359,1.4321,1.4352,12373.87
2026-08-09 01:45:00,1.4352,1.4402,1.4318,1.4327,314987.67
2026-08-09 01:50:00,1.4327,1.4367,1.4316,1.4354,31710.3
2026-08-09 01:55:00,1.4354,1.439,1.4328,1.4336,241309.82
2026-08-09 02:00:00,1.4336,1.4391,1.429,1.4296,30007.81
2026-08-09 02:05:00,1.4296,1.4307,1.4268,1.4304,80739.4
2026-08-09 02:10:00,1.4304,1.4318,1.4293,1.4295,140564.94
2026-08-09 02:15:00,1.4295,1.4338,1.4287,1.4324,40904.8
2026-08-09 02:20:00,1.4324,1.4337,1.4269,1.4278,86098.8
2026-08-09 02:25:00,1.4278,1.43,1.4257,1.4296,33226.53
2026-08-09 02:30:00,1.4296,1.4313,1.4258,1.4271,78293.27
2026-08-09 02:35:00,1.4271,1.432,1.4222,1.4306,193819.99
2026-08-09 02:40:00,1.4306,1.4321,1.4281,1.4288,4674.49
2026-08-09 02:45:00,1.4288,1.4328,1.4256,1.4318,114523.25
2026-08-09 02:50:00,1.4318,1.4326,1.4297,1.4303,63046.63
2026-08-09 02:55:00,1.4303,1.4325,1.4285,1.4297,21864.19
2026-08-09 03:00:00,1.4297,1.4323,1.4248,1.4265,17903.83
2026-08-09 03:05:00,1.4265,1.4288,1.425,1.4274,41628.64
2026-08-09 03:10:00,1.4274,1.4311,1.4242,1.4303,330890.42
2026-08-09 03:15:00,1.4303,1.4324,1.4303,1.4323,133413.91
2026-08-09 03:20:00,1.4323,1.4337,1.4313,1.4331,43554.92
2026-08-09 03:25:00,1.4331,1.4388,1.4281,1.4292,376499.32
2026-08-09 03:30:00,1.4292,1.4335,1.4266,1.4325,28771.71
2026-08-09 03:35:00,1.4325,1.4345,1.4287,1.4294,9242.72
2026-08-09 03:40:00,1.4294,1.4296,1.4261,1.4269,399448.76
2026-08-09 03:45:00,1.4269,1.4271,1.4232,1.425,29480.53
2026-08-09 03:50:00,1.425,1.4276,1.424,1.4275,3060.67
2026-08-09 03:55:00,1.4275,1.4285,1.4259,1.4274,39961.15
2026-08-09 04:00:00,1.4274,1.4285,1.4254,1.4256,7912.21
2026-08-09 04:05:00,1.4256,1.4268,1.4208,1.4217,33257.37
2026-08-09 04:10:00,1.4217,1.4227,1.4216,1.4222,22631.24
2026-08-09 04:15:00,1.4222,1.4232,1.4216,1.4232,35258.49
2026-08-09 04:20:00,1.4232,1.4241,1.4214,1.4214,26504.42
2026-08-09 04:25:00,1.4214,1.422,1.4185,1.4201,12236.09
2026-08-09 04:30:00,1.4201,1.4249,1.4156,1.4237,10554.1
2026-08-09 04:35:00,1.4237,1.4281,1.4233,1.4281,4280.68
2026-08-09 04:40:00,1.4281,1.4283,1.4248,1.4254,1449.79
2026-08-09 04:45:00,1.4254,1.4255,1.4233,1.4239,11624.65
2026-08-09 04:50:00,1.4239,1.4275,1.4231,1.4271,7535.52
2026-08-09 04:55:00,1.4271,1.4318,1.4239,1.4305,110843.2
2026-08-09 05:00:00,1.4305,1.4314,1.4289,1.4311,8990.16
2026-08-09 05:05:00,1.4311,1.4316,1.4301,1.4307,16487.72
2026-08-09 05:10:00,1.4307,1.4321,1.4292,1.4295,6226.45
2026-08-09 05:15:00,1.4295,1.4298,1.4255,1.426,38306.45
2026-08-09 05:20:00,1.426,1.4304,1.425,1.4285,9496.76
2026-08-09 05:25:00,1.4285,1.429,1.4283,1.4287,93978.23
2026-08-09 05:30:00,1.4287,1.43,1.428,1.4292,46246.89
2026-08-09 05:35:00,1.4292,1.4314,1.4281,1.431,33609.2
2026-08-09 05:40:00,1.431,1.4317,1.4303,1.4308,57473.93
2026-08-09 05:45:00,1.4308,1.4313,1.4285,1.4294,49363.46
2026-08-09 05:50:00,1.4294,1.4314,1.4283,1.4305,15743.74
2026-08-09 05:55:00,1.4305,1.4312,1.4284,1.4312,17894.06
2026-08-09 06:00:00,1.4312,1.4332,1.4302,1.432,4386.95
2026-08-09 06:05:00,1.432,1.4337,1.4316,1.4326,70374.14
2026-08-09 06:10:00,1.4326,1.4331,1.4314,1.4327,68062.9
2026-08-09 06:15:00,1.4327,1.436,1.4311,1.4353,60778.0
2026-08-09 06:20:00,1.4353,1.4356,1.4346,1.4351,18799.95
2026-08-09 06:25:00,1.4351,1.4376,1.435,1.4366,76065.81
2026-08-09 06:30:00,1.4366,1.4411,1.4362,1.4392,29758.47
2026-08-09 06:35:00,1.4392,1.4403,1.433,1.4349,35876.18
2026-08-09 06:40:00,1.4349,1.4366,1.4343,1.4351,83137.92
2026-08-09 06:45:00,1.4351,1.4377,1.4342,1.4372,104882.68
2026-08-09 06:50:00,1.4372,1.438,1.4354,1.436,51901.2
2026-08-09 06:55:00,1.436,1.4363,1.4311,1.4337,67166.27
2026-08-09 07:00:00,1.4337,1.4341,1.431,1.4333,17813.59
2026-08-09 07:05:00,1.4333,1.4339,1.4306,1.4312,21757.62
2026-08-09 07:10:00,1.4312,1.4337,1.43,1.4319,70537.56
2026-08-09 07:15:00,1.4319,1.4329,1.4317,1.4322,183786.38
2026-08-09 07:20:00,1.4322,1.4338,1.432,1.4334,35668.47
2026-08-09 07:25:00,1.4334,1.4357,1.4327,1.4356,48859.44
2026-08-09 07:30:00,1.4356,1.4362,1.4354,1.436,76595.66
2026-08-09 07:35:00,1.436,1.4361,1.4317,1.4338,74081.32
2026-08-09 07:40:00,1.4338,1.4372,1.4316,1.4356,55252.73
2026-08-09 07:45:00,1.4356,1.4368,1.433,1.4337,194.52
2026-08-09 07:50:00,1.4337,1.4352,1.433,1.4344,51406.21
2026-08-09 07:55:00,1.4344,1.4358,1.4324,1.4336,184215.23
2026-08-09 08:00:00,1.4336,1.4362,1.4327,1.4353,50629.83
2026-08-09 08:05:00,1.4353,1.4367,1.4352,1.4353,45707.98
2026-08-09 08:10:00,1.4353,1.4363,1.4353,1.4356,102784.66
2026-08-09 08:15:00,1.4356,1.4378,1.4343,1.4372,27828.48
2026-08-09 08:20:00,1.4372,1.4434,1.4338,1.4351,109643.33
2026-08-09 08:25:00,1.4351,1.4381,1.4348,1.4369,11196.25
2026-08-09 08:30:00,1.4369,1.44,1.4368,1.4396,72795.12
2026-08-09 08:35:00,1.4396,1.4409,1.4382,1.4405,30875.89
2026-08-09 08:40:00,1.4405,1.4411,1.4373,1.4382,22265.66
2026-08-09 08:45:00,1.4382,1.4422,1.4343,1.4352,83852.29
2026-08-09 08:50:00,1.4352,1.4352,1.4312,1.4315,198054.4
2026-08-09 08:55:00,1.4315,1.4316,1.429,1.4291,20490.94
2026-08-09 09:00:00,1.4291,1.433,1.4288,1.4319,27202.57
2026-08-09 09:05:00,1.4319,1.4326,1.4284,1.4298,104453.08
2026-08-09 09:10:00,1.4298,1.4336,1.4279,1.4314,4496.53
2026-08-09 09:15:00,1.4314,1.4318,1.4256,1.4279,36463.39
2026-08-09 09:20:00,1.4279,1.4287,1.4251,1.4274,61791.24
2026-08-09 09:25:00,1.4274,1.4289,1.4254,1.4267,179120.79
2026-08-09 09:30:00,1.4267,1.4281,1.426,1.4268,143445.95
2026-08-09 09:35:00,1.4268,1.4285,1.4266,1.4275,44511.27
2026-08-09 09:40:00,1.4275,1.4286,1.4259,1.4266,124371.25
2026-08-09 09:45:00,1.4266,1.4288,1.4239,1.425,13302.32
2026-08-09 09:50:00,1.425,1.4258,1.4244,1.4253,14655.97
2026-08-09 09:55:00,1.4253,1.4256,1.4236,1.4241,26515.5
2026-08-09 10:00:00,1.4241,1.4272,1.4235,1.4264,37366.66
2026-08-09 10:05:00,1.4264,1.4278,1.4257,1.4276,132134.69
2026-08-09 10:10:00,1.4276,1.4284,1.4264,1.4268,47494.17
2026-08-09 10:15:00,1.4268,1.4284,1.426,1.4274,19929.15
2026-08-09 10:20:00,1.4274,1.4299,1.4265,1.4272,8646.92
2026-08-09 10:25:00,1.4272,1.4277,1.4259,1.4274,132987.1
2026-08-09 10:30:00,1.4274,1.4303,1.4264,1.4289,84992.17
2026-08-09 10:35:00,1.4289,1.4297,1.4266,1.4271,4132.79
2026-08-09 10:40:00,1.4271,1.4283,1.4263,1.4274,20840.92
2026-08-09 10:45:00,1.4274,1.4303,1.4262,1.4293,28544.87
2026-08-09 10:50:00,1.4293,1.4306,1.429,1.4303,116999.5
2026-08-09 10:55:00,1.4303,1.4329,1.43,1.4319,11173.04
2026-08-09 11:00:00,1.4319,1.4325,1.4306,1.4308,13148.01
2026-08-09 11:05:00,1.4308,1.4314,1.4286,1.4294,19225.34
2026-08-09 11:10:00,1.4294,1.4348,1.429,1.4336,3540.65
2026-08-09 11:15:00,1.4336,1.4351,1.432,1.4345,33514.75
2026-08-09 11:20:00,1.4345,1.4396,1.4342,1.438,53519.49
2026-08-09 11:25:00,1.438,1.4415,1.4341,1.435,339835.56
2026-08-09 11:30:00,1.435,1.4363,1.433,1.4331,63877.94
2026-08-09 11:35:00,1.4331,1.4335,1.4291,1.4293,132792.96
2026-08-09 11:40:00,1.4293,1.4324,1.4282,1.4321,18934.17
2026-08-09 11:45:00,1.4321,1.4327,1.4286,1.429,4078.51
2026-08-09 11:50:00,1.429,1.4296,1.4277,1.4291,14964.97
2026-08-09 11:55:00,1.4291,1.4314,1.4288,1.4304,94287.63
2026-08-09 12:00:00,1.4304,1.431,1.4299,1.4299,185664.6
2026-08-09 12:05:00,1.4299,1.4321,1.4284,1.4317,69220.82
2026-08-09 12:10:00,1.4317,1.4329,1.4292,1.4296,832.29
2026-08-09 12:15:00,1.4296,1.4297,1.4292,1.4293,20340.11
2026-08-09 12:20:00,1.4293,1.4302,1.4289,1.4297,2123.34
2026-08-09 12:25:00,1.4297,1.431,1.428,1.429,35837.66
2026-08-09 12:30:00,1.429,1.4317,1.4253,1.4279,10198.65
2026-08-09 12:35:00,1.4279,1.4294,1.4254,1.426,17655.8
2026-08-09 12:40:00,1.426,1.43,1.4233,1.4287,291472.08
2026-08-09 12:45:00,1.4287,1.4292,1.4279,1.4283,14437.12
2026-08-09 12:50:00,1.4283,1.4287,1.4271,1.4274,9589.8
2026-08-09 12:55:00,1.4274,1.428,1.4243,1.4255,26788.98
2026-08-09 13:00:00,1.4255,1.4302,1.4247,1.4295,175976.75
2026-08-09 13:05:00,1.4295,1.4323,1.4283,1.4318,88477.67
2026-08-09 13:10:00,1.4318,1.4329,1.4299,1.4322,59579.33
2026-08-09 13:15:00,1.4322,1.4368,1.4318,1.4362,26427.71
2026-08-09 13:20:00,1.4362,1.4363,1.4351,1.4356,59662.48
2026-08-09 13:25:00,1.4356,1.4374,1.4339,1.4374,326.54
2026-08-09 13:30:00,1.4374,1.439,1.4348,1.4354,25006.32
2026-08-09 13:35:00,1.4354,1.4382,1.4346,1.4368,215292.15
2026-08-09 13:40:00,1.4368,1.4385,1.4367,1.438,2418.27
2026-08-09 13:45:00,1.438,1.4387,1.4356,1.436,62068.55
2026-08-09 13:50:00,1.436,1.4373,1.4345,1.4372,12468.0
2026-08-09 13:55:00,1.4372,1.4377,1.4369,1.4373,26335.0
2026-08-09 14:00:00,1.4373,1.4387,1.4371,1.4373,123832.47
2026-08-09 14:05:00,1.4373,1.4377,1.4368,1.4372,10052.6
2026-08-09 14:10:00,1.4372,1.4398,1.4372,1.4389,19315.16
2026-08-09 14:15:00,1.4389,1.4434,1.4341,1.4347,1554.75
2026-08-09 14:20:00,1.4347,1.4361,1.4322,1.4354,51468.11
2026-08-09 14:25:00,1.4354,1.4375,1.4306,1.4325,36206.3
2026-08-09 14:30:00,1.4325,1.4349,1.4318,1.4338,67273.04
2026-08-09 14:35:00,1.4338,1.4355,1.4329,1.4346,37096.64
2026-08-09 14:40:00,1.4346,1.4347,1.4323,1.4335,124840.45
2026-08-09 14:45:00,1.4335,1.4347,1.4331,1.4345,98844.54
2026-08-09 14:50:00,1.4345,1.4362,1.4328,1.4329,20963.11
2026-08-09 14:55:00,1.4329,1.4344,1.4329,1.4338,119613.97
2026-08-09 15:00:00,1.4338,1.4366,1.4333,1.4341,14.78
2026-08-09 15:05:00,1.4341,1.4343,1.4307,1.4323,39582.47
2026-08-09 15:10:00,1.4323,1.4335,1.4298,1.4299,29076.66
2026-08-09 15:15:00,1.4299,1.4305,1.4277,1.4299,60064.63
2026-08-09 15:20:00,1.4299,1.4305,1.4289,1.4302,224383.39
2026-08-09 15:25:00,1.4302,1.4306,1.4286,1.4294,60124.92
2026-08-09 15:30:00,1.4294,1.4347,1.4287,1.4325,27628.47
2026-08-09 15:35:00,1.4325,1.4326,1.4303,1.4315,90425.29
2026-08-09 15:40:00,1.4315,1.4341,1.431,1.4331,28530.37
2026-08-09 15:45:00,1.4331,1.4342,1.4327,1.4334,106527.16
2026-08-09 15:50:00,1.4334,1.4342,1.4301,1.4305,50917.15
2026-08-09 15:55:00,1.4305,1.4362,1.4302,1.4359,174462.57
2026-08-09 16:00:00,1.4359,1.4391,1.4342,1.4376,18023.42
2026-08-09 16:05:00,1.4376,1.443,1.4354,1.4358,318210.19
2026-08-09 16:10:00,1.4358,1.4398,1.4352,1.439,1380.46
2026-08-09 16:15:00,1.439,1.4416,1.4357,1.4362,107636.92
2026-08-09 16:20:00,1.4362,1.4369,1.4357,1.4364,29857.09
2026-08-09 16:25:00,1.4364,1.4402,1.4349,1.4379,37684.04
2026-08-09 16:30:00,1.4379,1.4391,1.4353,1.4368,75423.8
2026-08-09 16:35:00,1.4368,1.4432,1.4343,1.4351,15540.6
2026-08-09 16:40:00,1.4351,1.4374,1.433,1.4365,3786.5
2026-08-09 16:45:00,1.4365,1.4385,1.4351,1.438,8438.31
2026-08-09 16:50:00,1.438,1.4387,1.4371,1.4382,188640.53
2026-08-09 16:55:00,1.4382,1.4417,1.4333,1.434,23351.7
2026-08-09 17:00:00,1.434,1.4358,1.4329,1.4351,6658.46
2026-08-09 17:05:00,1.4351,1.4378,1.4347,1.4374,3211.49
2026-08-09 17:10:00,1.4374,1.4424,1.4333,1.4339,525499.4
2026-08-09 17:15:00,1.4339,1.4349,1.4333,1.4338,25240.35
2026-08-09 17:20:00,1.4338,1.4341,1.4317,1.4336,27887.36
2026-08-09 17:25:00,1.4336,1.4352,1.4309,1.4317,35546.55
2026-08-09 17:30:00,1.4317,1.4317,1.4295,1.4311,50074.52
2026-08-09 17:35:00,1.4311,1.4315,1.4274,1.4292,79589.45
2026-08-09 17:40:00,1.4292,1.4299,1.4275,1.4287,1119.57
2026-08-09 17:45:00,1.4287,1.4309,1.4265,1.4281,2621.71
2026-08-09 17:50:00,1.4281,1.4298,1.4251,1.4294,37346.87
2026-08-09 17:55:00,1.4294,1.4306,1.4267,1.4289,31579.58
2026-08-09 18:00:00,1.4289,1.4295,1.4283,1.4286,24866.41
2026-08-09 18:05:00,1.4286,1.4293,1.423,1.4239,64057.15
2026-08-09 18:10:00,1.4239,1.4251,1.4217,1.4228,66640.89
2026-08-09 18:15:00,1.4228,1.4249,1.417,1.4242,70448.38
2026-08-09 18:20:00,1.4242,1.4276,1.4186,1.4271,78249.81
2026-08-09 18:25:00,1.4271,1.4304,1.4221,1.4297,98369.18
2026-08-09 18:30:00,1.4297,1.4298,1.4291,1.4294,16619.8
2026-08-09 18:35:00,1.4294,1.4325,1.4294,1.431,78600.45
2026-08-09 18:40:00,1.431,1.4331,1.4305,1.4328,46565.11
2026-08-09 18:45:00,1.4328,1.4329,1.4297,1.431,31490.54
2026-08-09 18:50:00,1.431,1.4321,1.4294,1.4294,19001.2
2026-08-09 18:55:00,1.4294,1.4322,1.4286,1.4308,27034.14
2026-08-09 19:00:00,1.4308,1.4323,1.4303,1.4322,1289.34
2026-08-09 19:05:00,1.4322,1.4337,1.4306,1.4335,95381.62
2026-08-09 19:10:00,1.4335,1.4339,1.4301,1.4306,2751.38
2026-08-09 19:15:00,1.4306,1.4324,1.4293,1.4315,10083.44
2026-08-09 19:20:00,1.4315,1.4327,1.4295,1.4319,220956.66
2026-08-09 19:25:00,1.4319,1.4337,1.4309,1.4311,34179.06
2026-08-09 19:30:00,1.4311,1.4333,1.4291,1.4322,4497.96
2026-08-09 19:35:00,1.4322,1.4334,1.4289,1.4298,78735.61
2026-08-09 19:40:00,1.4298,1.4311,1.4288,1.4289,1863.99
2026-08-09 19:45:00,1.4289,1.4292,1.4279,1.4286,48036.33
2026-08-09 19:50:00,1.4286,1.4304,1.4248,1.4266,7815.86
2026-08-09 19:55:00,1.4266,1.4275,1.4257,1.4266,112281.68
2026-08-09 20:00:00,1.4266,1.4285,1.4247,1.4256,30189.85
2026-08-09 20:05:00,1.4256,1.4295,1.4207,1.4288,227238.0
2026-08-09 20:10:00,1.4288,1.4295,1.4277,1.4285,87936.72
2026-08-09 20:15:00,1.4285,1.4296,1.4257,1.427,36060.14
2026-08-09 20:20:00,1.427,1.4283,1.4242,1.4253,40908.12
2026-08-09 20:25:00,1.4253,1.4281,1.4216,1.4269,63409.52
2026-08-09 20:30:00,1.4269,1.4275,1.422,1.4239,128967.76
2026-08-09 20:35:00,1.4239,1.4241,1.4238,1.4239,17946.17
2026-08-09 20:40:00,1.4239,1.4286,1.4198,1.428,228773.98
2026-08-09 20:45:00,1.428,1.4289,1.4265,1.4272,298247.38
2026-08-09 20:50:00,1.4272,1.4308,1.4267,1.4302,115636.03
2026-08-09 20:55:00,1.4302,1.4341,1.429,1.434,25274.13
2026-08-09 21:00:00,1.434,1.4351,1.4328,1.4344,62153.82
2026-08-09 21:05:00,1.4344,1.4345,1.4292,1.4297,28075.1
2026-08-09 21:10:00,1.4297,1.4317,1.4287,1.4299,128976.68
2026-08-09 21:15:00,1.4299,1.4322,1.4297,1.4314,46137.11
2026-08-09 21:20:00,1.4314,1.4317,1.4298,1.4311,224349.91
2026-08-09 21:25:00,1.4311,1.4333,1.4305,1.4318,35893.87
2026-08-09 21:30:00,1.4318,1.4335,1.4313,1.4317,4459.99
2026-08-09 21:35:00,1.4317,1.4369,1.4308,1.436,103547.76
2026-08-09 21:40:00,1.436,1.4367,1.4348,1.4353,9529.28
2026-08-09 21:45:00,1.4353,1.4383,1.4338,1.4371,280251.8
2026-08-09 21:50:00,1.4371,1.4393,1.4368,1.4377,15158.12
2026-08-09 21:55:00,1.4377,1.4409,1.435,1.4355,506035.42
2026-08-09 22:00:00,1.4355,1.4386,1.4353,1.4382,16609.3
2026-08-09 22:05:00,1.4382,1.4426,1.4382,1.4408,30257.91
2026-08-09 22:10:00,1.4408,1.4437,1.4375,1.4387,292863.04
2026-08-09 22:15:00,1.4387,1.4447,1.4361,1.4366,29982.64
2026-08-09 22:20:00,1.4366,1.4394,1.4341,1.4348,93453.68
2026-08-09 22:25:00,1.4348,1.4359,1.434,1.4343,66228.93
2026-08-09 22:30:00,1.4343,1.4345,1.431,1.4317,158874.41
2026-08-09 22:35:00,1.4317,1.4321,1.429,1.4298,32599.48
2026-08-09 22:40:00,1.4298,1.431,1.4264,1.4267,14686.58
2026-08-09 22:45:00,1.4267,1.4277,1.4259,1.4274,106096.92
2026-08-09 22:50:00,1.4274,1.4283,1.4248,1.4254,23289.88
2026-08-09 22:55:00,1.4254,1.4268,1.4235,1.4244,308450.29
2026-08-09 23:00:00,1.4244,1.4259,1.4232,1.4235,3865.27
2026-08-09 23:05:00,1.4235,1.4272,1.4183,1.426,224020.84
2026-08-09 23:10:00,1.426,1.4266,1.425,1.425,7439.07
2026-08-09 23:15:00,1.425,1.4263,1.4244,1.4254,24324.87
2026-08-09 23:20:00,1.4254,1.4276,1.4241,1.4276,215531.41
2026-08-09 23:25:00,1.4276,1.4284,1.4242,1.4258,38337.43
2026-08-09 23:30:00,1.4258,1.4263,1.4226,1.4237,79280.57
2026-08-09 23:35:00,1.4237,1.426,1.4235,1.4244,44787.63
2026-08-09 23:40:00,1.4244,1.4249,1.4241,1.4248,80625.57
2026-08-09 23:45:00,1.4248,1.4265,1.4242,1.4261,46347.72
2026-08-09 23:50:00,1.4261,1.4288,1.4201,1.4283,549386.91
2026-08-09 23:55:00,1.4283,1.4294,1.427,1.4288,68417.22
2026-08-10 00:00:00,1.4288,1.429,1.4259,1.4273,211979.64
2026-08-10 00:05:00,1.4273,1.4311,1.4263,1.4309,31096.94
2026-08-10 00:10:00,1.4309,1.4343,1.4305,1.4343,40173.37
2026-08-10 00:15:00,1.4343,1.4349,1.4309,1.4312,13025.13
2026-08-10 00:20:00,1.4312,1.4328,1.4288,1.4318,12654.5
2026-08-10 00:25:00,1.4318,1.4354,1.4314,1.4336,7211.77
2026-08-10 00:30:00,1.4336,1.4353,1.4332,1.4353,20227.37
2026-08-10 00:35:00,1.4353,1.4362,1.4326,1.4343,12273.92
2026-08-10 00:40:00,1.4343,1.4361,1.4337,1.4343,105861.72
2026-08-10 00:45:00,1.4343,1.4363,1.4341,1.4362,28269.7
2026-08-10 00:50:00,1.4362,1.4377,1.4345,1.4374,58928.86
2026-08-10 00:55:00,1.4374,1.4383,1.4367,1.4372,41765.58
2026-08-10 01:00:00,1.4372,1.4394,1.4372,1.4386,58734.51
2026-08-10 01:05:00,1.4386,1.4399,1.4367,1.4391,55284.68
2026-08-10 01:10:00,1.4391,1.4438,1.4343,1.4352,18693.77
2026-08-10 01:15:00,1.4352,1.4353,1.4329,1.4332,8892.68
2026-08-10 01:20:00,1.4332,1.4353,1.4309,1.4348,753.95
2026-08-10 01:25:00,1.4348,1.4366,1.4336,1.4356,129308.27
2026-08-10 01:30:00,1.4356,1.4373,1.4335,1.4344,13279.26
2026-08-10 01:35:00,1.4344,1.4372,1.4327,1.4336,222427.47
2026-08-10 01:40:00,1.4336,1.4337,1.4303,1.4317,4114.92
2026-08-10 01:45:00,1.4317,1.4317,1.4303,1.4308,14427.37
2026-08-10 01:50:00,1.4308,1.4328,1.4278,1.4288,94548.65
2026-08-10 01:55:00,1.4288,1.43,1.4278,1.4289,35384.99
2026-08-10 02:00:00,1.4289,1.4292,1.4267,1.4278,8498.59
2026-08-10 02:05:00,1.4278,1.428,1.4264,1.4271,8686.54
2026-08-10 02:10:00,1.4271,1.4277,1.4264,1.4276,9764.35
2026-08-10 02:15:00,1.4276,1.4303,1.4253,1.4291,112317.38
2026-08-10 02:20:00,1.4291,1.4295,1.4269,1.429,76005.44
2026-08-10 02:25:00,1.429,1.4295,1.4268,1.4278,31564.97
2026-08-10 02:30:00,1.4278,1.4284,1.427,1.4275,36409.03
2026-08-10 02:35:00,1.4275,1.429,1.4274,1.4286,51237.02
2026-08-10 02:40:00,1.4286,1.4287,1.4266,1.4271,131554.71
2026-08-10 02:45:00,1.4271,1.4292,1.4263,1.4287,67991.18
2026-08-10 02:50:00,1.4287,1.4288,1.4273,1.4279,2840.93
2026-08-10 02:55:00,1.4279,1.4313,1.4273,1.4274,8191.04
2026-08-10 03:00:00,1.4274,1.4294,1.4245,1.4252,27972.52
2026-08-10 03:05:00,1.4252,1.4252,1.4229,1.4233,211508.68
2026-08-10 03:10:00,1.4233,1.4251,1.4211,1.4214,5245.29
2026-08-10 03:15:00,1.4214,1.4259,1.4209,1.4233,29849.49
2026-08-10 03:20:00,1.4233,1.4235,1.4196,1.4218,70142.72
2026-08-10 03:25:00,1.4218,1.4261,1.4212,1.4247,19331.36
2026-08-10 03:30:00,1.4247,1.4255,1.4242,1.4246,39328.44
2026-08-10 03:35:00,1.4246,1.426,1.4193,1.4207,115090.98
2026-08-10 03:40:00,1.4207,1.4232,1.4158,1.4196,112087.72
2026-08-10 03:45:00,1.4196,1.4204,1.4163,1.4167,18255.41
2026-08-10 03:50:00,1.4167,1.4211,1.4109,1.4205,58842.35
2026-08-10 03:55:00,1.4205,1.4211,1.4151,1.4189,9218.24
2026-08-10 04:00:00,1.4189,1.4214,1.4176,1.4187,2917.9
2026-08-10 04:05:00,1.4187,1.4204,1.4162,1.4174,18183.93
2026-08-10 04:10:00,1.4174,1.418,1.4126,1.4145,30356.25
2026-08-10 04:15:00,1.4145,1.4155,1.4132,1.415,56916.65
2026-08-10 04:20:00,1.415,1.4197,1.4139,1.4195,105875.12
2026-08-10 04:25:00,1.4195,1.4234,1.4168,1.4224,91084.7
2026-08-10 04:30:00,1.4224,1.4253,1.4179,1.424,174003.43
2026-08-10 04:35:00,1.424,1.4269,1.4179,1.4193,33070.92
2026-08-10 04:40:00,1.4193,1.4198,1.4178,1.4181,29910.89
2026-08-10 04:45:00,1.4181,1.4234,1.4143,1.4221,270258.45
2026-08-10 04:50:00,1.4221,1.4222,1.4201,1.4217,105434.33
2026-08-10 04:55:00,1.4217,1.425,1.4158,1.4237,19397.89
2026-08-10 05:00:00,1.4237,1.4246,1.4194,1.4216,7140.66
2026-08-10 05:05:00,1.4216,1.4224,1.4212,1.4218,26840.25
2026-08-10 05:10:00,1.4218,1.4263,1.4187,1.4255,172042.79
2026-08-10 05:15:00,1.4255,1.426,1.4223,1.423,295167.68
2026-08-10 05:20:00,1.423,1.426,1.4189,1.4247,110156.8
2026-08-10 05:25:00,1.4247,1.4262,1.4224,1.4255,2274.7
2026-08-10 05:30:00,1.4255,1.4271,1.4183,1.4188,217757.13
2026-08-10 05:35:00,1.4188,1.4189,1.4179,1.418,862.2
2026-08-10 05:40:00,1.418,1.42,1.4171,1.4194,114566.37
2026-08-10 05:45:00,1.4194,1.4238,1.4171,1.423,88396.9
2026-08-10 05:50:00,1.423,1.4265,1.4168,1.4261,48700.6
2026-08-10 05:55:00,1.4261,1.4277,1.4249,1.425,39473.58
2026-08-10 06:00:00,1.425,1.4282,1.4227,1.4239,37264.22
2026-08-10 06:05:00,1.4239,1.4243,1.4218,1.4234,3545.68
2026-08-10 06:10:00,1.4234,1.4275,1.4183,1.4271,142257.04
2026-08-10 06:15:00,1.4271,1.4288,1.4237,1.4239,25965.92
2026-08-10 06:20:00,1.4239,1.4282,1.4198,1.427,231007.07
2026-08-10 06:25:00,1.427,1.4287,1.421,1.4213,14702.4
2026-08-10 06:30:00,1.4213,1.4221,1.4175,1.4184,11451.22
2026-08-10 06:35:00,1.4184,1.4227,1.4158,1.4216,80199.88
2026-08-10 06:40:00,1.4216,1.4225,1.4167,1.418,29946.0
2026-08-10 06:45:00,1.418,1.4219,1.416,1.4216,38170.66
2026-08-10 06:50:00,1.4216,1.4217,1.42,1.4207,36176.37
2026-08-10 06:55:00,1.4207,1.4219,1.4178,1.4195,9263.14
2026-08-10 07:00:00,1.4195,1.4216,1.4176,1.4182,31295.32
2026-08-10 07:05:00,1.4182,1.4218,1.4133,1.4207,201018.51
2026-08-10 07:10:00,1.4207,1.4216,1.4173,1.4186,11301.73
2026-08-10 07:15:00,1.4186,1.4188,1.4173,1.4185,21833.83
2026-08-10 07:20:00,1.4185,1.4209,1.4177,1.4196,84900.97
2026-08-10 07:25:00,1.4196,1.4206,1.4128,1.4166,93.8
2026-08-10 07:30:00,1.4166,1.4189,1.4162,1.4164,8307.5
2026-08-10 07:35:00,1.4164,1.4165,1.4131,1.4132,17718.03
2026-08-10 07:40:00,1.4132,1.4159,1.4088,1.4147,562436.94
2026-08-10 07:45:00,1.4147,1.4159,1.4131,1.4134,14551.51
2026-08-10 07:50:00,1.4134,1.4175,1.4099,1.4168,330913.3
2026-08-10 07:55:00,1.4168,1.4181,1.411,1.412,14021.92
2026-08-10 08:00:00,1.412,1.4145,1.4114,1.4115,1238.41
2026-08-10 08:05:00,1.4115,1.4131,1.4108,1.4118,20269.97
2026-08-10 08:10:00,1.4118,1.4154,1.4083,1.4144,21999.84
2026-08-10 08:15:00,1.4144,1.415,1.4123,1.4129,3904.15
2026-08-10 08:20:00,1.4129,1.4155,1.4127,1.4141,85247.4
2026-08-10 08:25:00,1.4141,1.4164,1.414,1.4153,44425.49
2026-08-10 08:30:00,1.4153,1.4185,1.4124,1.4171,89984.91
2026-08-10 08:35:00,1.4171,1.4215,1.411,1.421,428.26
2026-08-10 08:40:00,1.421,1.4222,1.4196,1.4219,180755.2
2026-08-10 08:45:00,1.4219,1.4253,1.4218,1.4253,28518.63
2026-08-10 08:50:00,1.4253,1.4307,1.4212,1.4225,271449.76
2026-08-10 08:55:00,1.4225,1.4239,1.4171,1.4192,45751.12
2026-08-10 09:00:00,1.4192,1.4194,1.4158,1.4174,97277.22
2026-08-10 09:05:00,1.4174,1.4188,1.4167,1.4172,58954.77
2026-08-10 09:10:00,1.4172,1.4176,1.4132,1.4143,160022.13
2026-08-10 09:15:00,1.4143,1.4145,1.4104,1.4124,114782.61
2026-08-10 09:20:00,1.4124,1.4155,1.4086,1.4142,182238.67
2026-08-10 09:25:00,1.4142,1.4152,1.4121,1.4133,23117.02
2026-08-10 09:30:00,1.4133,1.416,1.4123,1.4144,50465.51
2026-08-10 09:35:00,1.4144,1.4189,1.4082,1.4177,126172.46
2026-08-10 09:40:00,1.4177,1.419,1.4155,1.4165,71875.62
2026-08-10 09:45:00,1.4165,1.4177,1.4124,1.4124,73606.51
2026-08-10 09:50:00,1.4124,1.416,1.4062,1.4153,58651.58
2026-08-10 09:55:00,1.4153,1.4168,1.4108,1.4121,56772.88
2026-08-10 10:00:00,1.4121,1.4122,1.4107,1.4117,83641.89
2026-08-10 10:05:00,1.4117,1.4152,1.4096,1.4141,4497.98
2026-08-10 10:10:00,1.4141,1.4179,1.4134,1.4175,14959.97
2026-08-10 10:15:00,1.4175,1.4191,1.4101,1.412,25908.78
2026-08-10 10:20:00,1.412,1.4122,1.4095,1.4106,35958.95
2026-08-10 10:25:00,1.4106,1.4117,1.4057,1.4079,37336.57
2026-08-10 10:30:00,1.4079,1.4085,1.4,1.4012,11852.33
2026-08-10 10:35:00,1.4012,1.4039,1.395,1.4033,39166.31
2026-08-10 10:40:00,1.4033,1.4035,1.4022,1.4025,46043.26
2026-08-10 10:45:00,1.4025,1.407,1.4014,1.4053,2777.79
2026-08-10 10:50:00,1.4053,1.4062,1.3995,1.4014,7139.82
2026-08-10 10:55:00,1.4014,1.4081,1.4007,1.4047,16603.87
2026-08-10 11:00:00,1.4047,1.4085,1.4016,1.4072,296798.67
2026-08-10 11:05:00,1.4072,1.4102,1.4067,1.4077,150460.44
2026-08-10 11:10:00,1.4077,1.4126,1.4075,1.4112,13840.83
2026-08-10 11:15:00,1.4112,1.4119,1.4055,1.4097,236.65
2026-08-10 11:20:00,1.4097,1.4112,1.4094,1.4104,134241.86
2026-08-10 11:25:00,1.4104,1.4126,1.4076,1.4119,7834.02
2026-08-10 11:30:00,1.4119,1.4124,1.4097,1.4111,39181.27
2026-08-10 11:35:00,1.4111,1.4135,1.4096,1.4127,33938.85
2026-08-10 11:40:00,1.4127,1.4133,1.4097,1.411,39117.31
2026-08-10 11:45:00,1.411,1.4127,1.408,1.409,59699.61
2026-08-10 11:50:00,1.409,1.4104,1.4074,1.4097,11619.5
2026-08-10 11:55:00,1.4097,1.4116,1.4073,1.4074,93133.98
2026-08-10 12:00:00,1.4074,1.4136,1.4055,1.4129,60406.7
2026-08-10 12:05:00,1.4129,1.4155,1.4118,1.4133,53270.8
2026-08-10 12:10:00,1.4133,1.4167,1.412,1.4162,74672.03
2026-08-10 12:15:00,1.4162,1.4172,1.4145,1.4157,100464.6
2026-08-10 12:20:00,1.4157,1.4205,1.4144,1.4196,136074.41
2026-08-10 12:25:00,1.4196,1.4216,1.4168,1.4178,193.66
2026-08-10 12:30:00,1.4178,1.4193,1.4108,1.412,1621.57
2026-08-10 12:35:00,1.412,1.4125,1.41,1.4118,3890.04
2026-08-10 12:40:00,1.4118,1.4136,1.4111,1.4129,107513.05
2026-08-10 12:45:00,1.4129,1.4185,1.4116,1.4175,29600.05
2026-08-10 12:50:00,1.4175,1.418,1.4172,1.4179,201218.57
2026-08-10 12:55:00,1.4179,1.4184,1.4148,1.418,14871.7
2026-08-10 13:00:00,1.418,1.4187,1.4149,1.4159,16968.18
2026-08-10 13:05:00,1.4159,1.416,1.4128,1.4132,13767.73
2026-08-10 13:10:00,1.4132,1.4136,1.411,1.4122,7071.68
2026-08-10 13:15:00,1.4122,1.4126,1.4082,1.4094,139023.22
2026-08-10 13:20:00,1.4094,1.4121,1.4082,1.4114,104144.64
2026-08-10 13:25:00,1.4114,1.413,1.4089,1.4117,214720.93
2026-08-10 13:30:00,1.4117,1.4155,1.4114,1.4154,79180.27
2026-08-10 13:35:00,1.4154,1.4182,1.4141,1.4146,75993.47
2026-08-10 13:40:00,1.4146,1.4169,1.4131,1.4164,120075.59
2026-08-10 13:45:00,1.4164,1.4173,1.4148,1.4164,15360.45
2026-08-10 13:50:00,1.4164,1.4191,1.4153,1.417,80484.22
2026-08-10 13:55:00,1.417,1.4172,1.4123,1.4128,89383.62
2026-08-10 14:00:00,1.4128,1.4133,1.408,1.4087,6777.18
2026-08-10 14:05:00,1.4087,1.409,1.4079,1.4084,16421.97
2026-08-10 14:10:00,1.4084,1.4098,1.4028,1.4029,4856.59
2026-08-10 14:15:00,1.4029,1.4044,1.4021,1.4023,110116.95
2026-08-10 14:20:00,1.4023,1.4056,1.4009,1.4055,24499.33
2026-08-10 14:25:00,1.4055,1.4079,1.4041,1.4072,23246.59
2026-08-10 14:30:00,1.4072,1.408,1.403,1.4059,54311.47
2026-08-10 14:35:00,1.4059,1.4079,1.3995,1.4006,87884.57
2026-08-10 14:40:00,1.4006,1.4055,1.3984,1.4045,4800.41
2026-08-10 14:45:00,1.4045,1.4049,1.4024,1.4029,35526.34
2026-08-10 14:50:00,1.4029,1.4066,1.3982,1.4053,4158.74
2026-08-10 14:55:00,1.4053,1.4064,1.4025,1.4034,14987.74
2026-08-10 15:00:00,1.4034,1.4048,1.4032,1.4035,27735.68
2026-08-10 15:05:00,1.4035,1.4087,1.3975,1.4075,201466.73
2026-08-10 15:10:00,1.4075,1.4092,1.4068,1.4085,98333.26
2026-08-10 15:15:00,1.4085,1.4109,1.3989,1.4015,32121.17
2026-08-10 15:20:00,1.4015,1.4047,1.3959,1.4037,154596.69
2026-08-10 15:25:00,1.4037,1.405,1.3999,1.4007,12615.41
2026-08-10 15:30:00,1.4007,1.4035,1.4005,1.4023,25725.9
2026-08-10 15:35:00,1.4023,1.4025,1.3961,1.3985,11994.41
2026-08-10 15:40:00,1.3985,1.3995,1.3972,1.3981,57323.7
2026-08-10 15:45:00,1.3981,1.3996,1.3959,1.3992,17871.2
2026-08-10 15:50:00,1.3992,1.4019,1.3965,1.4011,37852.12
2026-08-10 15:55:00,1.4011,1.403,1.4007,1.4027,61920.64
2026-08-10 16:00:00,1.4027,1.4073,1.4023,1.4053,23378.91
2026-08-10 16:05:00,1.4053,1.4068,1.4012,1.4033,1902.79
2026-08-10 16:10:00,1.4033,1.4047,1.4001,1.4015,62689.21
2026-08-10 16:15:00,1.4015,1.4047,1.4004,1.4033,9962.85
2026-08-10 16:20:00,1.4033,1.4048,1.4025,1.4041,579.94
2026-08-10 16:25:00,1.4041,1.4046,1.4029,1.4029,22613.0
2026-08-10 16:30:00,1.4029,1.4061,1.3989,1.4054,97677.34
2026-08-10 16:35:00,1.4054,1.4071,1.4034,1.4048,4928.95
2026-08-10 16:40:00,1.4048,1.4055,1.4028,1.403,107288.58
2026-08-10 16:45:00,1.403,1.4032,1.3982,1.4009,421205.26
2026-08-10 16:50:00,1.4009,1.4011,1.3982,1.3986,54933.78
2026-08-10 16:55:00,1.3986,1.3995,1.3957,1.3963,88095.87
2026-08-10 17:00:00,1.3963,1.4005,1.393,1.3996,160040.43
2026-08-10 17:05:00,1.3996,1.4031,1.3966,1.402,85662.87
2026-08-10 17:10:00,1.402,1.4046,1.4019,1.4041,22446.77
2026-08-10 17:15:00,1.4041,1.4049,1.4028,1.4039,64586.09
2026-08-10 17:20:00,1.4039,1.4044,1.4013,1.4015,8885.32
2026-08-10 17:25:00,1.4015,1.4049,1.4001,1.4035,100772.4
2026-08-10 17:30:00,1.4035,1.4043,1.3992,1.4009,94993.02
2026-08-10 17:35:00,1.4009,1.4017,1.4006,1.4014,35108.18
2026-08-10 17:40:00,1.4014,1.4051,1.3975,1.4046,223542.45
2026-08-10 17:45:00,1.4046,1.4073,1.4038,1.4039,96377.11
2026-08-10 17:50:00,1.4039,1.407,1.401,1.4049,11844.26
2026-08-10 17:55:00,1.4049,1.4073,1.3991,1.4024,10934.95
2026-08-10 18:00:00,1.4024,1.4053,1.4002,1.4047,419943.74
2026-08-10 18:05:00,1.4047,1.4048,1.4018,1.4027,23635.03
2026-08-10 18:10:00,1.4027,1.4041,1.4004,1.4009,147735.45
2026-08-10 18:15:00,1.4009,1.4042,1.3997,1.4037,172451.22
2026-08-10 18:20:00,1.4037,1.4047,1.4005,1.4009,41187.95
2026-08-10 18:25:00,1.4009,1.4069,1.3982,1.4043,60040.41
2026-08-10 18:30:00,1.4043,1.4092,1.4022,1.4083,64479.52
2026-08-10 18:35:00,1.4083,1.4085,1.4057,1.4063,113239.74
2026-08-10 18:40:00,1.4063,1.4064,1.4021,1.4046,137375.11
2026-08-10 18:45:00,1.4046,1.409,1.4036,1.4068,4847.9
2026-08-10 18:50:00,1.4068,1.4078,1.4009,1.4013,7907.68
2026-08-10 18:55:00,1.4013,1.4029,1.3993,1.4017,21257.94
2026-08-10 19:00:00,1.4017,1.4019,1.3988,1.3998,3537.13
2026-08-10 19:05:00,1.3998,1.4016,1.3951,1.3975,27371.74
2026-08-10 19:10:00,1.3975,1.4,1.396,1.398,14094.91
2026-08-10 19:15:00,1.398,1.4001,1.3965,1.4,1131.57
2026-08-10 19:20:00,1.4,1.405,1.395,1.404,16369.31
2026-08-10 19:25:00,1.404,1.4044,1.4039,1.4042,101163.66
2026-08-10 19:30:00,1.4042,1.4043,1.3956,1.3965,228472.71
2026-08-10 19:35:00,1.3965,1.3966,1.3939,1.3963,56408.21
2026-08-10 19:40:00,1.3963,1.3971,1.3919,1.3939,58866.26
2026-08-10 19:45:00,1.3939,1.3944,1.3903,1.3923,136689.57
2026-08-10 19:50:00,1.3923,1.3974,1.3886,1.396,127044.31
2026-08-10 19:55:00,1.396,1.3977,1.3954,1.3954,21623.14
2026-08-10 20:00:00,1.3954,1.3961,1.3918,1.3923,2100.52
2026-08-10 20:05:00,1.3923,1.3932,1.3864,1.3901,83388.36
2026-08-10 20:10:00,1.3901,1.3937,1.3892,1.3904,39987.76
2026-08-10 20:15:00,1.3904,1.3924,1.3882,1.3898,26742.05
2026-08-10 20:20:00,1.3898,1.3928,1.3889,1.3891,1744.57
2026-08-10 20:25:00,1.3891,1.3914,1.3867,1.3906,220278.05
2026-08-10 20:30:00,1.3906,1.3916,1.3842,1.3865,18756.76
2026-08-10 20:35:00,1.3865,1.388,1.3816,1.3818,1318.03
2026-08-10 20:40:00,1.3818,1.3822,1.3784,1.3812,11284.34
2026-08-10 20:45:00,1.3812,1.3841,1.3776,1.3788,19393.45
2026-08-10 20:50:00,1.3788,1.3825,1.3767,1.3817,126534.25
2026-08-10 20:55:00,1.3817,1.3859,1.3789,1.3849,515877.98
2026-08-10 21:00:00,1.3849,1.3893,1.3792,1.3885,127421.95
2026-08-10 21:05:00,1.3885,1.3903,1.3849,1.3898,22022.87
2026-08-10 21:10:00,1.3898,1.3917,1.3884,1.3904,74812.0
2026-08-10 21:15:00,1.3904,1.3948,1.3842,1.3936,40144.14
2026-08-10 21:20:00,1.3936,1.3969,1.3888,1.3965,130621.72
2026-08-10 21:25:00,1.3965,1.4012,1.3963,1.3985,75258.3
2026-08-10 21:30:00,1.3985,1.4057,1.3962,1.4017,28378.45
2026-08-10 21:35:00,1.4017,1.4019,1.3957,1.3966,105070.67
2026-08-10 21:40:00,1.3966,1.3996,1.3943,1.3953,33248.29
2026-08-10 21:45:00,1.3953,1.3968,1.3929,1.3943,82.42
2026-08-10 21:50:00,1.3943,1.3968,1.3912,1.3959,250628.28
2026-08-10 21:55:00,1.3959,1.3992,1.3897,1.3984,45150.92
2026-08-10 22:00:00,1.3984,1.4022,1.3953,1.4015,160539.74
2026-08-10 22:05:00,1.4015,1.4054,1.4004,1.4048,33404.85
2026-08-10 22:10:00,1.4048,1.408,1.4006,1.4031,63129.24
2026-08-10 22:15:00,1.4031,1.4064,1.4027,1.4048,312.71
2026-08-10 22:20:00,1.4048,1.4077,1.4038,1.406,4546.5
2026-08-10 22:25:00,1.406,1.4102,1.4049,1.4081,89487.39
2026-08-10 22:30:00,1.4081,1.4147,1.4076,1.4137,265883.02
2026-08-10 22:35:00,1.4137,1.4188,1.4093,1.4106,105995.5
2026-08-10 22:40:00,1.4106,1.4115,1.4065,1.4081,82624.22
2026-08-10 22:45:00,1.4081,1.412,1.408,1.4091,49381.48
2026-08-10 22:50:00,1.4091,1.4107,1.4061,1.4061,3352.15
2026-08-10 22:55:00,1.4061,1.4075,1.4044,1.4047,72200.01
2026-08-10 23:00:00,1.4047,1.4055,1.4027,1.4049,97691.03
2026-08-10 23:05:00,1.4049,1.4055,1.4016,1.403,63059.94
2026-08-10 23:10:00,1.403,1.4051,1.4026,1.404,73713.79
2026-08-10 23:15:00,1.404,1.406,1.4035,1.4054,27182.84
2026-08-10 23:20:00,1.4054,1.4057,1.3988,1.3999,8827.19
2026-08-10 23:25:00,1.3999,1.4046,1.3987,1.4027,25796.32
2026-08-10 23:30:00,1.4027,1.4031,1.4019,1.4029,6462.44
2026-08-10 23:35:00,1.4029,1.4052,1.4008,1.4008,150008.9
2026-08-10 23:40:00,1.4008,1.4023,1.3998,1.4022,97003.51
2026-08-10 23:45:00,1.4022,1.4029,1.3994,1.4008,104109.12
2026-08-10 23:50:00,1.4008,1.4068,1.3971,1.4051,56546.68
2026-08-10 23:55:00,1.4051,1.4052,1.4027,1.4027,5751.88
2026-08-11 00:00:00,1.4027,1.4053,1.4007,1.4033,114994.16
2026-08-11 00:05:00,1.4033,1.4057,1.4023,1.404,74359.2
2026-08-11 00:10:00,1.404,1.406,1.4012,1.4035,80352.65
2026-08-11 00:15:00,1.4035,1.404,1.4022,1.4029,7316.77
2026-08-11 00:20:00,1.4029,1.4058,1.4018,1.4025,34387.76
2026-08-11 00:25:00,1.4025,1.4064,1.4021,1.4044,8843.65
2026-08-11 00:30:00,1.4044,1.4074,1.4008,1.4018,207149.73
2026-08-11 00:35:00,1.4018,1.4026,1.3979,1.3986,71466.14
2026-08-11 00:40:00,1.3986,1.4063,1.3948,1.4043,8178.35
2026-08-11 00:45:00,1.4043,1.4052,1.4008,1.4014,29561.69
2026-08-11 00:50:00,1.4014,1.4017,1.3986,1.4001,51075.58
2026-08-11 00:55:00,1.4001,1.4026,1.3998,1.4017,113747.89
2026-08-11 01:00:00,1.4017,1.4019,1.398,1.3991,82517.95
2026-08-11 01:05:00,1.3991,1.3996,1.3966,1.3973,5237.93
2026-08-11 01:10:00,1.3973,1.3977,1.3947,1.3962,15791.09
2026-08-11 01:15:00,1.3962,1.3989,1.3957,1.3981,74012.18
2026-08-11 01:20:00,1.3981,1.3988,1.396,1.3979,15428.36
2026-08-11 01:25:00,1.3979,1.4009,1.3971,1.3977,15564.82
2026-08-11 01:30:00,1.3977,1.3999,1.3961,1.3981,48458.13
2026-08-11 01:35:00,1.3981,1.399,1.3946,1.3966,34063.32
2026-08-11 01:40:00,1.3966,1.3989,1.3953,1.396,38398.28
2026-08-11 01:45:00,1.396,1.4001,1.3951,1.3995,6391.69
2026-08-11 01:50:00,1.3995,1.3996,1.3934,1.3958,49288.04
2026-08-11 01:55:00,1.3958,1.3976,1.3956,1.3973,76843.05
2026-08-11 02:00:00,1.3973,1.4028,1.3968,1.4021,63101.27
2026-08-11 02:05:00,1.4021,1.4029,1.3946,1.3975,1940.81
2026-08-11 02:10:00,1.3975,1.3987,1.3931,1.394,31225.92
2026-08-11 02:15:00,1.394,1.3997,1.3934,1.3983,16232.02
2026-08-11 02:20:00,1.3983,1.4031,1.3981,1.4021,19854.66
2026-08-11 02:25:00,1.4021,1.4062,1.4002,1.4056,33893.91
2026-08-11 02:30:00,1.4056,1.4057,1.4017,1.4021,149477.41
2026-08-11 02:35:00,1.4021,1.4047,1.3983,1.4004,42386.9
2026-08-11 02:40:00,1.4004,1.4012,1.3983,1.4012,13099.35
2026-08-11 02:45:00,1.4012,1.4031,1.4006,1.4007,16731.51
2026-08-11 02:50:00,1.4007,1.4009,1.3983,1.3987,40886.21
2026-08-11 02:55:00,1.3987,1.3995,1.3977,1.3993,3650.32
2026-08-11 03:00:00,1.3993,1.4011,1.3968,1.4003,19872.38
2026-08-11 03:05:00,1.4003,1.4041,1.3991,1.4024,58259.83
2026-08-11 03:10:00,1.4024,1.4029,1.3996,1.4013,116822.14
2026-08-11 03:15:00,1.4013,1.4021,1.3983,1.3986,38817.23
2026-08-11 03:20:00,1.3986,1.3996,1.395,1.3971,36672.81
2026-08-11 03:25:00,1.3971,1.3998,1.3961,1.3967,238724.22
2026-08-11 03:30:00,1.3967,1.4003,1.3958,1.3999,79955.14
2026-08-11 03:35:00,1.3999,1.4039,1.399,1.4029,40216.13
2026-08-11 03:40:00,1.4029,1.4086,1.3983,1.399,199765.47
2026-08-11 03:45:00,1.399,1.3994,1.3975,1.3993,99413.9
2026-08-11 03:50:00,1.3993,1.4021,1.3975,1.399,43571.37
2026-08-11 03:55:00,1.399,1.3995,1.3972,1.3987,7221.32
2026-08-11 04:00:00,1.3987,1.3997,1.398,1.3986,18404.74
2026-08-11 04:05:00,1.3986,1.3996,1.3985,1.3988,4281.16
2026-08-11 04:10:00,1.3988,1.4001,1.3953,1.3964,45326.24
2026-08-11 04:15:00,1.3964,1.3985,1.3954,1.396,12122.07
2026-08-11 04:20:00,1.396,1.3983,1.3902,1.3971,31544.02
2026-08-11 04:25:00,1.3971,1.4002,1.3965,1.3992,28875.87
2026-08-11 04:30:00,1.3992,1.3993,1.3981,1.3993,52743.33
2026-08-11 04:35:00,1.3993,1.4008,1.3952,1.3969,29843.5
2026-08-11 04:40:00,1.3969,1.4,1.3964,1.3989,34021.61
2026-08-11 04:45:00,1.3989,1.3992,1.3961,1.3961,21518.94
2026-08-11 04:50:00,1.3961,1.3977,1.3949,1.3972,97459.12
2026-08-11 04:55:00,1.3972,1.3975,1.3914,1.3926,658.61
2026-08-11 05:00:00,1.3926,1.3944,1.3924,1.3943,55793.7
2026-08-11 05:05:00,1.3943,1.3955,1.3933,1.3949,320.72
2026-08-11 05:10:00,1.3949,1.401,1.3942,1.3992,78800.64
2026-08-11 05:15:00,1.3992,1.4015,1.3945,1.3957,147071.55
2026-08-11 05:20:00,1.3957,1.3968,1.3933,1.395,71968.81
2026-08-11 05:25:00,1.395,1.3982,1.3947,1.3974,25218.53
2026-08-11 05:30:00,1.3974,1.4027,1.3971,1.4017,27935.79
2026-08-11 05:35:00,1.4017,1.4021,1.3993,1.4019,14943.27
2026-08-11 05:40:00,1.4019,1.406,1.4012,1.4013,80628.01
2026-08-11 05:45:00,1.4013,1.4044,1.3986,1.399,42608.66
2026-08-11 05:50:00,1.399,1.3991,1.3963,1.3984,25977.6
2026-08-11 05:55:00,1.3984,1.4001,1.3931,1.3932,9024.07
2026-08-11 06:00:00,1.3932,1.3968,1.3922,1.3947,63827.97
2026-08-11 06:05:00,1.3947,1.3982,1.3896,1.3968,413471.51
2026-08-11 06:10:00,1.3968,1.3991,1.393,1.3948,145400.0
2026-08-11 06:15:00,1.3948,1.3952,1.3912,1.393,19964.07
2026-08-11 06:20:00,1.393,1.3965,1.393,1.3961,100425.2
2026-08-11 06:25:00,1.3961,1.3994,1.3912,1.3914,65850.79
2026-08-11 06:30:00,1.3914,1.3916,1.3885,1.3898,4054.64
2026-08-11 06:35:00,1.3898,1.3898,1.3872,1.3895,16286.8
2026-08-11 06:40:00,1.3895,1.3897,1.3876,1.3896,88272.76
2026-08-11 06:45:00,1.3896,1.3912,1.3876,1.3882,19106.41
2026-08-11 06:50:00,1.3882,1.3886,1.3827,1.3845,21283.35
2026-08-11 06:55:00,1.3845,1.3875,1.3831,1.3834,15455.1
2026-08-11 07:00:00,1.3834,1.3884,1.3794,1.3872,242639.62
2026-08-11 07:05:00,1.3872,1.3879,1.3837,1.3844,17681.66
2026-08-11 07:10:00,1.3844,1.3872,1.3796,1.386,75534.1
2026-08-11 07:15:00,1.386,1.3904,1.386,1.3886,15685.24
2026-08-11 07:20:00,1.3886,1.3894,1.3813,1.3847,2605.15
2026-08-11 07:25:00,1.3847,1.3874,1.383,1.3868,78868.29
2026-08-11 07:30:00,1.3868,1.3893,1.3825,1.3882,436937.35
2026-08-11 07:35:00,1.3882,1.3886,1.3857,1.3865,14524.26
2026-08-11 07:40:00,1.3865,1.3906,1.3865,1.3886,33623.01
2026-08-11 07:45:00,1.3886,1.3905,1.3865,1.3883,8203.04
2026-08-11 07:50:00,1.3883,1.3927,1.388,1.3915,81498.02
2026-08-11 07:55:00,1.3915,1.3942,1.3907,1.3913,128896.25
2026-08-11 08:00:00,1.3913,1.3925,1.3895,1.3902,22729.42
2026-08-11 08:05:00,1.3902,1.3918,1.3884,1.3891,63444.21
2026-08-11 08:10:00,1.3891,1.391,1.381,1.3828,99485.34
2026-08-11 08:15:00,1.3828,1.3836,1.381,1.382,21427.21
2026-08-11 08:20:00,1.382,1.3821,1.3809,1.3812,14489.53
2026-08-11 08:25:00,1.3812,1.3853,1.3799,1.3837,177595.83
2026-08-11 08:30:00,1.3837,1.3838,1.3807,1.3817,64625.57
2026-08-11 08:35:00,1.3817,1.3853,1.3814,1.3848,139266.98
2026-08-11 08:40:00,1.3848,1.3854,1.3811,1.3817,96169.28
2026-08-11 08:45:00,1.3817,1.3879,1.3809,1.3851,21171.81
2026-08-11 08:50:00,1.3851,1.3897,1.3821,1.389,242005.04
2026-08-11 08:55:00,1.389,1.3917,1.3854,1.3859,7533.08
2026-08-11 09:00:00,1.3859,1.3897,1.3812,1.3886,32034.64
2026-08-11 09:05:00,1.3886,1.391,1.3885,1.3906,61676.92
2026-08-11 09:10:00,1.3906,1.3911,1.389,1.3898,201.69
2026-08-11 09:15:00,1.3898,1.392,1.3853,1.3865,88243.69
2026-08-11 09:20:00,1.3865,1.3875,1.3821,1.384,200386.93
2026-08-11 09:25:00,1.384,1.3875,1.3787,1.3866,173404.31
2026-08-11 09:30:00,1.3866,1.3898,1.3833,1.3847,74990.99
2026-08-11 09:35:00,1.3847,1.3863,1.3836,1.3844,81471.93
2026-08-11 09:40:00,1.3844,1.3851,1.3826,1.3833,14484.36
2026-08-11 09:45:00,1.3833,1.3859,1.3816,1.3857,2248.29
2026-08-11 09:50:00,1.3857,1.3879,1.3819,1.3836,80609.61
2026-08-11 09:55:00,1.3836,1.3866,1.3806,1.3857,195090.09
2026-08-11 10:00:00,1.3857,1.3893,1.3827,1.3866,12522.91
2026-08-11 10:05:00,1.3866,1.3867,1.3829,1.3843,6724.84
2026-08-11 10:10:00,1.3843,1.3871,1.3782,1.3861,20524.62
2026-08-11 10:15:00,1.3861,1.3893,1.3851,1.3879,9939.2
2026-08-11 10:20:00,1.3879,1.3949,1.3866,1.3922,64530.52
2026-08-11 10:25:00,1.3922,1.3928,1.3911,1.3914,65031.51
2026-08-11 10:30:00,1.3914,1.395,1.3898,1.3938,58908.53
2026-08-11 10:35:00,1.3938,1.395,1.3917,1.3919,3754.12
2026-08-11 10:40:00,1.3919,1.392,1.3887,1.3892,14401.83
2026-08-11 10:45:00,1.3892,1.3902,1.3881,1.3886,4425.71
2026-08-11 10:50:00,1.3886,1.389,1.386,1.3872,15995.89
2026-08-11 10:55:00,1.3872,1.3881,1.386,1.3878,42003.19
2026-08-11 11:00:00,1.3878,1.3906,1.3829,1.3853,3959.63
2026-08-11 11:05:00,1.3853,1.3864,1.3845,1.3856,7782.28
2026-08-11 11:10:00,1.3856,1.3864,1.3839,1.3852,14067.23
2026-08-11 11:15:00,1.3852,1.3862,1.3837,1.3849,12351.14
2026-08-11 11:20:00,1.3849,1.3852,1.3834,1.3841,9163.93
2026-08-11 11:25:00,1.3841,1.388,1.3814,1.3868,106933.0
2026-08-11 11:30:00,1.3868,1.389,1.3808,1.3823,50944.91
2026-08-11 11:35:00,1.3823,1.3832,1.3804,1.3806,97667.92
2026-08-11 11:40:00,1.3806,1.3849,1.3754,1.3844,138046.03
2026-08-11 11:45:00,1.3844,1.3849,1.3837,1.3842,70676.54
2026-08-11 11:50:00,1.3842,1.386,1.3785,1.3818,42683.75
2026-08-11 11:55:00,1.3818,1.3857,1.3802,1.3854,19575.46
2026-08-11 12:00:00,1.3854,1.3865,1.3848,1.3859,4725.81
2026-08-11 12:05:00,1.3859,1.3864,1.3802,1.3819,5638.39
2026-08-11 12:10:00,1.3819,1.3854,1.3758,1.3848,305319.67
2026-08-11 12:15:00,1.3848,1.3877,1.3832,1.3838,27913.22
2026-08-11 12:20:00,1.3838,1.3845,1.3821,1.3833,36431.1
2026-08-11 12:25:00,1.3833,1.3871,1.3777,1.3864,299949.54
2026-08-11 12:30:00,1.3864,1.3868,1.3824,1.383,3717.33
2026-08-11 12:35:00,1.383,1.3855,1.3802,1.3842,347777.33
2026-08-11 12:40:00,1.3842,1.3892,1.3836,1.388,28621.43
2026-08-11 12:45:00,1.388,1.3937,1.3873,1.393,160041.59
2026-08-11 12:50:00,1.393,1.3953,1.3928,1.3937,128995.77
2026-08-11 12:55:00,1.3937,1.3962,1.3928,1.3954,140696.14
2026-08-11 13:00:00,1.3954,1.3997,1.3944,1.3983,162809.64
2026-08-11 13:05:00,1.3983,1.3985,1.3961,1.3973,36343.96
2026-08-11 13:10:00,1.3973,1.4024,1.3949,1.3956,6968.97
2026-08-11 13:15:00,1.3956,1.3959,1.3927,1.3935,3245.26
2026-08-11 13:20:00,1.3935,1.3937,1.3914,1.3919,17012.42
2026-08-11 13:25:00,1.3919,1.3976,1.3883,1.3895,214004.91
2026-08-11 13:30:00,1.3895,1.3908,1.3862,1.388,45575.59
2026-08-11 13:35:00,1.388,1.3881,1.3864,1.3871,37015.39
2026-08-11 13:40:00,1.3871,1.3881,1.3838,1.3853,2076.78
2026-08-11 13:45:00,1.3853,1.3882,1.3846,1.3875,67336.25
2026-08-11 13:50:00,1.3875,1.3887,1.3814,1.3863,62647.43
2026-08-11 13:55:00,1.3863,1.3908,1.3851,1.3888,33006.67
2026-08-11 14:00:00,1.3888,1.3907,1.3874,1.3906,4264.34
2026-08-11 14:05:00,1.3906,1.3932,1.3883,1.3915,7571.74
2026-08-11 14:10:00,1.3915,1.3924,1.3898,1.3922,2091.81
2026-08-11 14:15:00,1.3922,1.3963,1.3896,1.3953,204502.01
2026-08-11 14:20:00,1.3953,1.397,1.3943,1.3953,6888.49
2026-08-11 14:25:00,1.3953,1.396,1.394,1.3957,7813.36
2026-08-11 14:30:00,1.3957,1.3979,1.3957,1.397,72026.39
2026-08-11 14:35:00,1.397,1.4002,1.3927,1.3934,120744.26
2026-08-11 14:40:00,1.3934,1.3985,1.3905,1.3918,76931.97
2026-08-11 14:45:00,1.3918,1.3919,1.3855,1.3873,73363.25
2026-08-11 14:50:00,1.3873,1.389,1.3872,1.3881,80890.77
2026-08-11 14:55:00,1.3881,1.3888,1.3864,1.3868,63557.13
2026-08-11 15:00:00,1.3868,1.3889,1.382,1.3847,18740.63
2026-08-11 15:05:00,1.3847,1.3859,1.3838,1.3844,10237.54
2026-08-11 15:10:00,1.3844,1.3855,1.3818,1.3831,12022.96
2026-08-11 15:15:00,1.3831,1.3841,1.3817,1.3824,13302.44
2026-08-11 15:20:00,1.3824,1.3841,1.3812,1.3838,203080.62
2026-08-11 15:25:00,1.3838,1.3857,1.382,1.3823,39040.54
2026-08-11 15:30:00,1.3823,1.3842,1.3808,1.3814,35115.45
2026-08-11 15:35:00,1.3814,1.3836,1.3784,1.379,20795.37
2026-08-11 15:40:00,1.379,1.3795,1.3757,1.3758,762.9
2026-08-11 15:45:00,1.3758,1.3804,1.3706,1.3795,146301.08
2026-08-11 15:50:00,1.3795,1.3842,1.3737,1.3833,16046.21
2026-08-11 15:55:00,1.3833,1.3853,1.3794,1.3845,160417.92
2026-08-11 16:00:00,1.3845,1.3851,1.3795,1.3798,149971.41
2026-08-11 16:05:00,1.3798,1.382,1.3792,1.3796,97983.06
2026-08-11 16:10:00,1.3796,1.3833,1.3769,1.3822,26058.25
2026-08-11 16:15:00,1.3822,1.3855,1.3816,1.3849,111316.05
2026-08-11 16:20:00,1.3849,1.387,1.3836,1.3869,2638.13
2026-08-11 16:25:00,1.3869,1.3879,1.3848,1.385,102586.23
2026-08-11 16:30:00,1.385,1.3855,1.3823,1.3853,57333.58
2026-08-11 16:35:00,1.3853,1.3856,1.3837,1.3855,5838.71
2026-08-11 16:40:00,1.3855,1.3869,1.3853,1.3865,1085.68
2026-08-11 16:45:00,1.3865,1.389,1.3845,1.3858,10072.74
2026-08-11 16:50:00,1.3858,1.3871,1.3851,1.3861,68972.9
2026-08-11 16:55:00,1.3861,1.388,1.3855,1.3879,36720.75
2026-08-11 17:00:00,1.3879,1.3902,1.3859,1.3891,8876.79
2026-08-11 17:05:00,1.3891,1.3906,1.3857,1.3861,14706.63
2026-08-11 17:10:00,1.3861,1.3888,1.3829,1.3878,18666.73
2026-08-11 17:15:00,1.3878,1.3882,1.3836,1.3853,17060.96
2026-08-11 17:20:00,1.3853,1.3879,1.3835,1.3848,223365.99
2026-08-11 17:25:00,1.3848,1.3852,1.3832,1.3835,1165.79
2026-08-11 17:30:00,1.3835,1.3857,1.3808,1.3811,8414.2
2026-08-11 17:35:00,1.3811,1.383,1.3801,1.3828,11856.6
2026-08-11 17:40:00,1.3828,1.385,1.379,1.384,280101.02
2026-08-11 17:45:00,1.384,1.385,1.383,1.383,24602.8
2026-08-11 17:50:00,1.383,1.3848,1.3824,1.384,171557.96
2026-08-11 17:55:00,1.384,1.3887,1.3832,1.3878,195595.3
2026-08-11 18:00:00,1.3878,1.3915,1.3871,1.3891,1223.52
2026-08-11 18:05:00,1.3891,1.39,1.3865,1.3874,33027.51
2026-08-11 18:10:00,1.3874,1.3894,1.3856,1.3871,3420.94
2026-08-11 18:15:00,1.3871,1.3886,1.3855,1.387,161880.64
2026-08-11 18:20:00,1.387,1.3893,1.3844,1.3854,13866.96
2026-08-11 18:25:00,1.3854,1.3867,1.3827,1.3831,3654.71
2026-08-11 18:30:00,1.3831,1.3867,1.3813,1.3833,35527.4
2026-08-11 18:35:00,1.3833,1.388,1.3798,1.3872,315325.56
2026-08-11 18:40:00,1.3872,1.3884,1.3849,1.3867,13399.05
2026-08-11 18:45:00,1.3867,1.3882,1.3857,1.3881,34440.06
2026-08-11 18:50:00,1.3881,1.3901,1.3843,1.3843,16944.69
2026-08-11 18:55:00,1.3843,1.3871,1.3817,1.3821,12179.14
2026-08-11 19:00:00,1.3821,1.3837,1.3818,1.3829,93916.95
2026-08-11 19:05:00,1.3829,1.3837,1.3809,1.381,31778.64
2026-08-11 19:10:00,1.381,1.3831,1.375,1.3826,116591.5
2026-08-11 19:15:00,1.3826,1.3857,1.3772,1.3848,498930.29
2026-08-11 19:20:00,1.3848,1.3863,1.3843,1.3863,2204.97
2026-08-11 19:25:00,1.3863,1.392,1.3846,1.3898,39293.28
2026-08-11 19:30:00,1.3898,1.3916,1.389,1.3915,20232.32
2026-08-11 19:35:00,1.3915,1.3923,1.3864,1.3876,133993.92
2026-08-11 19:40:00,1.3876,1.3917,1.3861,1.3905,36196.27
2026-08-11 19:45:00,1.3905,1.3945,1.3868,1.3881,38933.14
2026-08-11 19:50:00,1.3881,1.3884,1.3878,1.3883,8576.67
2026-08-11 19:55:00,1.3883,1.3887,1.3867,1.3877,92347.44
2026-08-11 20:00:00,1.3877,1.3888,1.3872,1.3884,3895.24
2026-08-11 20:05:00,1.3884,1.3898,1.3873,1.3897,10026.6
2026-08-11 20:10:00,1.3897,1.3923,1.3891,1.3899,32215.36
2026-08-11 20:15:00,1.3899,1.3899,1.3833,1.3838,404.28
2026-08-11 20:20:00,1.3838,1.3897,1.3832,1.3873,22949.61
2026-08-11 20:25:00,1.3873,1.3941,1.386,1.3931,49118.07
2026-08-11 20:30:00,1.3931,1.3979,1.3885,1.3893,237648.59
2026-08-11 20:35:00,1.3893,1.3924,1.3851,1.3865,77084.85
2026-08-11 20:40:00,1.3865,1.3899,1.3862,1.3891,11919.08
2026-08-11 20:45:00,1.3891,1.3914,1.3858,1.3866,93399.83
2026-08-11 20:50:00,1.3866,1.3887,1.3847,1.3862,17835.33
2026-08-11 20:55:00,1.3862,1.3885,1.3848,1.385,111857.81
2026-08-11 21:00:00,1.385,1.3863,1.3847,1.3848,54368.94
2026-08-11 21:05:00,1.3848,1.3852,1.384,1.3848,173327.91
2026-08-11 21:10:00,1.3848,1.3913,1.3832,1.3889,18712.7
2026-08-11 21:15:00,1.3889,1.389,1.3851,1.3863,122384.29
2026-08-11 21:20:00,1.3863,1.3922,1.3858,1.3904,40991.86
2026-08-11 21:25:00,1.3904,1.3919,1.3868,1.3876,84573.43
2026-08-11 21:30:00,1.3876,1.388,1.3799,1.3832,150794.33
2026-08-11 21:35:00,1.3832,1.3838,1.381,1.3813,20752.53
2026-08-11 21:40:00,1.3813,1.3837,1.3795,1.3824,72336.9
2026-08-11 21:45:00,1.3824,1.3826,1.3803,1.3816,16274.31
2026-08-11 21:50:00,1.3816,1.3841,1.3816,1.3832,19087.07
2026-08-11 21:55:00,1.3832,1.3847,1.3802,1.3813,40760.24
2026-08-11 22:00:00,1.3813,1.3831,1.3804,1.3826,28689.87
2026-08-11 22:05:00,1.3826,1.3833,1.379,1.3816,41586.98
2026-08-11 22:10:00,1.3816,1.3853,1.3807,1.3833,38915.02
2026-08-11 22:15:00,1.3833,1.3848,1.3797,1.3797,4223.24
2026-08-11 22:20:00,1.3797,1.3835,1.3795,1.3814,30802.64
2026-08-11 22:25:00,1.3814,1.3827,1.3743,1.3756,2236.6
2026-08-11 22:30:00,1.3756,1.3785,1.3724,1.3776,236070.14
2026-08-11 22:35:00,1.3776,1.3789,1.3764,1.3775,32302.16
2026-08-11 22:40:00,1.3775,1.3803,1.3749,1.3779,22300.32
2026-08-11 22:45:00,1.3779,1.3796,1.3744,1.3755,45573.25
2026-08-11 22:50:00,1.3755,1.3772,1.3746,1.3761,50889.61
2026-08-11 22:55:00,1.3761,1.3768,1.3705,1.3712,186490.84
2026-08-11 23:00:00,1.3712,1.3745,1.3705,1.373,74715.43
2026-08-11 23:05:00,1.373,1.3756,1.3682,1.375,255441.37
2026-08-11 23:10:00,1.375,1.3785,1.3698,1.3771,157613.02
2026-08-11 23:15:00,1.3771,1.3815,1.3738,1.3805,484395.31
2026-08-11 23:20:00,1.3805,1.3831,1.3779,1.3797,87870.41
2026-08-11 23:25:00,1.3797,1.3835,1.3792,1.3827,42640.39
2026-08-11 23:30:00,1.3827,1.3838,1.3804,1.3816,39996.96
2026-08-11 23:35:00,1.3816,1.3849,1.3815,1.3842,669.47
2026-08-11 23:40:00,1.3842,1.3854,1.3822,1.3829,6830.38
2026-08-11 23:45:00,1.3829,1.3829,1.382,1.3826,141664.88
2026-08-11 23:50:00,1.3826,1.3876,1.3822,1.387,19096.58
2026-08-11 23:55:00,1.387,1.3879,1.3853,1.3878,30598.42
2026-08-12 00:00:00,1.3878,1.3894,1.3837,1.3858,26851.21
2026-08-12 00:05:00,1.3858,1.3903,1.3848,1.3879,136943.53
2026-08-12 00:10:00,1.3879,1.3894,1.3845,1.3859,128655.21
2026-08-12 00:15:00,1.3859,1.3872,1.3787,1.3818,21231.17
2026-08-12 00:20:00,1.3818,1.3834,1.374,1.3774,847.85
2026-08-12 00:25:00,1.3774,1.3774,1.3745,1.3749,13178.47
2026-08-12 00:30:00,1.3749,1.3807,1.3745,1.3746,46041.96
2026-08-12 00:35:00,1.3746,1.3793,1.3732,1.3773,18980.41
2026-08-12 00:40:00,1.3773,1.3798,1.3707,1.372,153059.24
2026-08-12 00:45:00,1.372,1.3756,1.3692,1.3751,19582.84
2026-08-12 00:50:00,1.3751,1.3763,1.371,1.3722,138309.51
2026-08-12 00:55:00,1.3722,1.3767,1.3668,1.3757,141989.97
2026-08-12 01:00:00,1.3757,1.3761,1.3743,1.3759,25770.99
2026-08-12 01:05:00,1.3759,1.3771,1.3741,1.3767,14396.19
2026-08-12 01:10:00,1.3767,1.3769,1.3716,1.3721,37389.79
2026-08-12 01:15:00,1.3721,1.373,1.3707,1.3729,48798.5
2026-08-12 01:20:00,1.3729,1.3754,1.3684,1.3745,61527.99
2026-08-12 01:25:00,1.3745,1.3782,1.372,1.3766,41772.9
2026-08-12 01:30:00,1.3766,1.3781,1.3728,1.3736,14448.16
2026-08-12 01:35:00,1.3736,1.3746,1.3686,1.3707,7281.92
2026-08-12 01:40:00,1.3707,1.3739,1.3683,1.373,200578.79
2026-08-12 01:45:00,1.373,1.3769,1.3707,1.3765,2781.68
2026-08-12 01:50:00,1.3765,1.3781,1.3753,1.3756,39557.59
2026-08-12 01:55:00,1.3756,1.3769,1.3751,1.376,45861.53
2026-08-12 02:00:00,1.376,1.3786,1.3746,1.3765,83239.63
2026-08-12 02:05:00,1.3765,1.3778,1.3757,1.3777,1751.98
2026-08-12 02:10:00,1.3777,1.3786,1.3773,1.3781,4641.1
2026-08-12 02:15:00,1.3781,1.3789,1.3758,1.376,81678.03
2026-08-12 02:20:00,1.376,1.3763,1.371,1.3726,12461.64
2026-08-12 02:25:00,1.3726,1.3766,1.3677,1.3757,20561.69
2026-08-12 02:30:00,1.3757,1.3779,1.3756,1.3772,13624.06
2026-08-12 02:35:00,1.3772,1.3806,1.377,1.379,48113.83
2026-08-12 02:40:00,1.379,1.3829,1.3773,1.3824,71909.81
2026-08-12 02:45:00,1.3824,1.3843,1.3815,1.3836,14983.52
2026-08-12 02:50:00,1.3836,1.3843,1.3821,1.3836,2624.78
2026-08-12 02:55:00,1.3836,1.3846,1.3804,1.3817,8745.24
2026-08-12 03:00:00,1.3817,1.3837,1.3808,1.3813,16048.1
2026-08-12 03:05:00,1.3813,1.3836,1.3769,1.3793,73648.75
2026-08-12 03:10:00,1.3793,1.3806,1.3776,1.3785,31112.78
2026-08-12 03:15:00,1.3785,1.3809,1.3777,1.3806,5539.38
2026-08-12 03:20:00,1.3806,1.3807,1.38,1.3805,11190.71
2026-08-12 03:25:00,1.3805,1.3845,1.378,1.3836,15290.91
2026-08-12 03:30:00,1.3836,1.3849,1.3824,1.3846,48768.43
2026-08-12 03:35:00,1.3846,1.3877,1.3841,1.3872,2835.8
2026-08-12 03:40:00,1.3872,1.3908,1.385,1.3855,91625.34
2026-08-12 03:45:00,1.3855,1.3856,1.3837,1.3853,83451.43
2026-08-12 03:50:00,1.3853,1.3892,1.3832,1.3838,31764.76
2026-08-12 03:55:00,1.3838,1.3901,1.3835,1.3888,45713.45
2026-08-12 04:00:00,1.3888,1.3945,1.3854,1.3862,139661.09
2026-08-12 04:05:00,1.3862,1.3899,1.3833,1.3842,75201.96
2026-08-12 04:10:00,1.3842,1.3871,1.3803,1.3804,189359.9
2026-08-12 04:15:00,1.3804,1.3813,1.3766,1.3777,77679.67
2026-08-12 04:20:00,1.3777,1.3808,1.3773,1.38,12938.15
2026-08-12 04:25:00,1.38,1.3817,1.3772,1.3786,6620.48
2026-08-12 04:30:00,1.3786,1.379,1.3738,1.3768,48974.43
2026-08-12 04:35:00,1.3768,1.3788,1.3746,1.3763,35108.75
2026-08-12 04:40:00,1.3763,1.3794,1.3751,1.3783,55712.22
2026-08-12 04:45:00,1.3783,1.3789,1.3733,1.375,20989.26
2026-08-12 04:50:00,1.375,1.3767,1.373,1.3764,29056.28
2026-08-12 04:55:00,1.3764,1.3797,1.3752,1.3774,28550.3
2026-08-12 05:00:00,1.3774,1.3781,1.3692,1.3714,52979.61
2026-08-12 05:05:00,1.3714,1.376,1.369,1.375,190242.45
2026-08-12 05:10:00,1.375,1.3759,1.375,1.3752,3402.32
2026-08-12 05:15:00,1.3752,1.3758,1.3737,1.3747,4269.71
2026-08-12 05:20:00,1.3747,1.3805,1.3726,1.3798,30833.05
2026-08-12 05:25:00,1.3798,1.3805,1.3797,1.3802,7905.37
2026-08-12 05:30:00,1.3802,1.3828,1.3794,1.3825,49147.04
2026-08-12 05:35:00,1.3825,1.385,1.3819,1.3841,13326.79
2026-08-12 05:40:00,1.3841,1.3855,1.3839,1.3854,10169.2
2026-08-12 05:45:00,1.3854,1.3902,1.3848,1.3896,180813.3
2026-08-12 05:50:00,1.3896,1.3931,1.3879,1.3885,87568.37
2026-08-12 05:55:00,1.3885,1.3936,1.3879,1.3924,50091.05
2026-08-12 06:00:00,1.3924,1.3939,1.391,1.3931,14997.95
2026-08-12 06:05:00,1.3931,1.3979,1.3915,1.392,225461.9
2026-08-12 06:10:00,1.392,1.3931,1.3918,1.3925,41942.3
2026-08-12 06:15:00,1.3925,1.3941,1.3921,1.3932,6806.13
2026-08-12 06:20:00,1.3932,1.3969,1.3883,1.3892,6697.1
2026-08-12 06:25:00,1.3892,1.3941,1.3867,1.3879,950455.45
2026-08-12 06:30:00,1.3879,1.3898,1.3871,1.3891,10918.49
2026-08-12 06:35:00,1.3891,1.3941,1.3875,1.3921,52745.69
2026-08-12 06:40:00,1.3921,1.3935,1.3914,1.3916,10715.99
2026-08-12 06:45:00,1.3916,1.3918,1.3894,1.3913,60683.73
2026-08-12 06:50:00,1.3913,1.3924,1.3887,1.3902,39756.15
2026-08-12 06:55:00,1.3902,1.3903,1.3863,1.388,107438.07
2026-08-12 07:00:00,1.388,1.3926,1.3841,1.391,26260.18
2026-08-12 07:05:00,1.391,1.3921,1.3894,1.392,1085.21
2026-08-12 07:10:00,1.392,1.3946,1.3903,1.3914,52439.7
2026-08-12 07:15:00,1.3914,1.3934,1.3902,1.391,33111.05
2026-08-12 07:20:00,1.391,1.3919,1.3873,1.3884,281833.22
2026-08-12 07:25:00,1.3884,1.3891,1.386,1.3879,8541.04
2026-08-12 07:30:00,1.3879,1.3912,1.3872,1.3904,11669.27
2026-08-12 07:35:00,1.3904,1.3936,1.3892,1.3916,18560.15
2026-08-12 07:40:00,1.3916,1.3969,1.3871,1.3881,227185.47
2026-08-12 07:45:00,1.3881,1.3934,1.3878,1.3925,52309.29
2026-08-12 07:50:00,1.3925,1.3947,1.3874,1.3886,270823.72
2026-08-12 07:55:00,1.3886,1.3905,1.3865,1.3896,17100.4
2026-08-12 08:00:00,1.3896,1.3912,1.3872,1.3911,49031.14
2026-08-12 08:05:00,1.3911,1.3948,1.3879,1.3891,1411.56
2026-08-12 08:10:00,1.3891,1.391,1.3885,1.39,73806.52
2026-08-12 08:15:00,1.39,1.3913,1.3897,1.3909,197058.45
2026-08-12 08:20:00,1.3909,1.3929,1.3831,1.3856,159776.96
2026-08-12 08:25:00,1.3856,1.3894,1.3854,1.3881,7589.18
2026-08-12 08:30:00,1.3881,1.3896,1.3865,1.387,13205.97
2026-08-12 08:35:00,1.387,1.3891,1.3853,1.3877,1958.85
2026-08-12 08:40:00,1.3877,1.3897,1.3817,1.3851,39986.96
2026-08-12 08:45:00,1.3851,1.3855,1.3836,1.385,1262.44
2026-08-12 08:50:00,1.385,1.3857,1.3778,1.3804,38819.42
2026-08-12 08:55:00,1.3804,1.3817,1.3773,1.3785,7378.81
2026-08-12 09:00:00,1.3785,1.3788,1.3743,1.3766,17370.82
2026-08-12 09:05:00,1.3766,1.3778,1.3712,1.3742,33883.39
2026-08-12 09:10:00,1.3742,1.3746,1.372,1.374,39991.75
2026-08-12 09:15:00,1.374,1.3747,1.3683,1.37,3733.36
2026-08-12 09:20:00,1.37,1.3728,1.3691,1.3703,55543.69
2026-08-12 09:25:00,1.3703,1.3713,1.3674,1.3697,39889.45
2026-08-12 09:30:00,1.3697,1.3744,1.3657,1.373,73020.02
2026-08-12 09:35:00,1.373,1.3753,1.3728,1.3738,25268.21
2026-08-12 09:40:00,1.3738,1.3756,1.3704,1.3749,26841.5
2026-08-12 09:45:00,1.3749,1.382,1.3747,1.3799,19894.45
2026-08-12 09:50:00,1.3799,1.3805,1.3771,1.3776,29493.5
2026-08-12 09:55:00,1.3776,1.3814,1.377,1.379,35426.8
2026-08-12 10:00:00,1.379,1.3829,1.3729,1.374,13794.74
2026-08-12 10:05:00,1.374,1.3778,1.3689,1.3769,318787.73
2026-08-12 10:10:00,1.3769,1.381,1.3735,1.3786,71869.55
2026-08-12 10:15:00,1.3786,1.3807,1.3762,1.3764,10542.41
2026-08-12 10:20:00,1.3764,1.377,1.3741,1.3752,13165.85
2026-08-12 10:25:00,1.3752,1.3803,1.3747,1.3786,6911.13
2026-08-12 10:30:00,1.3786,1.3802,1.378,1.3789,1143.44
2026-08-12 10:35:00,1.3789,1.3834,1.3784,1.3813,191147.03
2026-08-12 10:40:00,1.3813,1.3825,1.3798,1.3814,26618.2
2026-08-12 10:45:00,1.3814,1.3814,1.3803,1.3807,24217.77
2026-08-12 10:50:00,1.3807,1.3877,1.3806,1.3863,71623.43
2026-08-12 10:55:00,1.3863,1.3882,1.385,1.3879,68748.17
2026-08-12 11:00:00,1.3879,1.3898,1.3827,1.3851,10398.45
2026-08-12 11:05:00,1.3851,1.3876,1.3842,1.3867,103996.68
2026-08-12 11:10:00,1.3867,1.39,1.3863,1.3898,29787.84
2026-08-12 11:15:00,1.3898,1.3919,1.388,1.3908,102094.1
2026-08-12 11:20:00,1.3908,1.3914,1.3878,1.3895,15069.42
2026-08-12 11:25:00,1.3895,1.3906,1.3845,1.3869,104361.97
2026-08-12 11:30:00,1.3869,1.3881,1.3852,1.3856,36803.75
2026-08-12 11:35:00,1.3856,1.3856,1.3814,1.3836,16067.29
2026-08-12 11:40:00,1.3836,1.3909,1.3832,1.39,2917.25
2026-08-12 11:45:00,1.39,1.3907,1.3866,1.3873,88081.23
2026-08-12 11:50:00,1.3873,1.3885,1.3853,1.3869,116954.63
2026-08-12 11:55:00,1.3869,1.3875,1.3863,1.3866,40791.45
2026-08-12 12:00:00,1.3866,1.3898,1.3857,1.3885,353.6
2026-08-12 12:05:00,1.3885,1.3888,1.3875,1.3885,67869.18
2026-08-12 12:10:00,1.3885,1.3914,1.3869,1.3903,125587.56
2026-08-12 12:15:00,1.3903,1.3907,1.385,1.387,150800.06
2026-08-12 12:20:00,1.387,1.3877,1.3823,1.3832,93540.58
2026-08-12 12:25:00,1.3832,1.3854,1.3827,1.3833,95748.31
2026-08-12 12:30:00,1.3833,1.3859,1.3832,1.3857,50174.08
2026-08-12 12:35:00,1.3857,1.388,1.3848,1.3849,38603.48
2026-08-12 12:40:00,1.3849,1.3864,1.3827,1.3848,16757.13
2026-08-12 12:45:00,1.3848,1.3898,1.3839,1.387,34812.5
2026-08-12 12:50:00,1.387,1.3874,1.3861,1.3866,13548.8
2026-08-12 12:55:00,1.3866,1.3876,1.3858,1.3876,24787.09
2026-08-12 13:00:00,1.3876,1.3901,1.3867,1.39,100248.8
2026-08-12 13:05:00,1.39,1.3904,1.3879,1.3884,35474.71
2026-08-12 13:10:00,1.3884,1.3909,1.3883,1.3896,1199.07
2026-08-12 13:15:00,1.3896,1.3917,1.3868,1.3877,59619.04
2026-08-12 13:20:00,1.3877,1.3885,1.3876,1.3881,57483.4
2026-08-12 13:25:00,1.3881,1.3896,1.3879,1.3884,10219.49
2026-08-12 13:30:00,1.3884,1.3898,1.3868,1.3877,1733.4
2026-08-12 13:35:00,1.3877,1.3902,1.3843,1.3846,95939.24
2026-08-12 13:40:00,1.3846,1.3854,1.3823,1.3851,183431.67
2026-08-12 13:45:00,1.3851,1.3879,1.3844,1.3848,44288.9
2026-08-12 13:50:00,1.3848,1.3869,1.3803,1.3833,58349.05
2026-08-12 13:55:00,1.3833,1.3853,1.3826,1.3836,93304.99
2026-08-12 14:00:00,1.3836,1.3858,1.3809,1.3814,59721.74
2026-08-12 14:05:00,1.3814,1.3847,1.3813,1.3839,51215.35
2026-08-12 14:10:00,1.3839,1.3855,1.3798,1.3803,160063.29
2026-08-12 14:15:00,1.3803,1.3812,1.3786,1.3807,12998.43
2026-08-12 14:20:00,1.3807,1.3849,1.3806,1.3848,157849.53
2026-08-12 14:25:00,1.3848,1.3849,1.3793,1.3802,32310.4
2026-08-12 14:30:00,1.3802,1.3803,1.3776,1.3781,62267.63
2026-08-12 14:35:00,1.3781,1.3797,1.3733,1.3747,7112.86
2026-08-12 14:40:00,1.3747,1.3763,1.374,1.374,13628.2
2026-08-12 14:45:00,1.374,1.3768,1.3738,1.376,74029.89
2026-08-12 14:50:00,1.376,1.3789,1.3749,1.3772,179149.24
2026-08-12 14:55:00,1.3772,1.3773,1.3754,1.3768,74801.28
2026-08-12 15:00:00,1.3768,1.379,1.3754,1.3777,1851.61
2026-08-12 15:05:00,1.3777,1.3796,1.3766,1.3782,90490.04
2026-08-12 15:10:00,1.3782,1.3813,1.3736,1.3762,3366.35
2026-08-12 15:15:00,1.3762,1.3774,1.3751,1.3758,91831.0
2026-08-12 15:20:00,1.3758,1.3761,1.372,1.3733,101506.75
2026-08-12 15:25:00,1.3733,1.3743,1.3712,1.3739,65329.7
2026-08-12 15:30:00,1.3739,1.3748,1.371,1.3744,36674.6
2026-08-12 15:35:00,1.3744,1.3765,1.3702,1.3714,91365.28
2026-08-12 15:40:00,1.3714,1.3737,1.3698,1.3705,259535.39
2026-08-12 15:45:00,1.3705,1.3736,1.3653,1.373,729225.94
2026-08-12 15:50:00,1.373,1.3773,1.3695,1.3768,281312.94
2026-08-12 15:55:00,1.3768,1.3773,1.3748,1.3753,31590.18
2026-08-12 16:00:00,1.3753,1.3784,1.3698,1.3779,143196.17
2026-08-12 16:05:00,1.3779,1.379,1.3754,1.3757,106096.21
2026-08-12 16:10:00,1.3757,1.3788,1.3695,1.3779,89214.37
2026-08-12 16:15:00,1.3779,1.3787,1.3772,1.3777,661.84
2026-08-12 16:20:00,1.3777,1.379,1.3748,1.3749,56170.12
2026-08-12 16:25:00,1.3749,1.3754,1.3718,1.3733,48663.26
2026-08-12 16:30:00,1.3733,1.3779,1.3683,1.3765,239622.0
2026-08-12 16:35:00,1.3765,1.3774,1.3756,1.376,352.62
2026-08-12 16:40:00,1.376,1.3784,1.375,1.3778,63785.61
2026-08-12 16:45:00,1.3778,1.3823,1.3777,1.381,56100.36
2026-08-12 16:50:00,1.381,1.3816,1.3787,1.3794,39795.81
2026-08-12 16:55:00,1.3794,1.3809,1.3787,1.3797,50281.62
2026-08-12 17:00:00,1.3797,1.3799,1.3787,1.3792,140874.54
2026-08-12 17:05:00,1.3792,1.3879,1.379,1.3852,57595.17
2026-08-12 17:10:00,1.3852,1.3855,1.3794,1.3815,56617.06
2026-08-12 17:15:00,1.3815,1.3826,1.3787,1.3809,8782.7
2026-08-12 17:20:00,1.3809,1.3818,1.3755,1.3778,17551.36
2026-08-12 17:25:00,1.3778,1.378,1.3738,1.3749,47980.4
2026-08-12 17:30:00,1.3749,1.3821,1.3723,1.3804,73519.17
2026-08-12 17:35:00,1.3804,1.3844,1.3802,1.3823,104802.89
2026-08-12 17:40:00,1.3823,1.3855,1.3816,1.3852,41410.29
2026-08-12 17:45:00,1.3852,1.3858,1.3842,1.3842,34287.46
2026-08-12 17:50:00,1.3842,1.3845,1.3836,1.3844,81448.97
2026-08-12 17:55:00,1.3844,1.3867,1.3823,1.3854,67795.69
2026-08-12 18:00:00,1.3854,1.3869,1.3781,1.3816,24461.52
2026-08-12 18:05:00,1.3816,1.3839,1.38,1.3832,30962.13
2026-08-12 18:10:00,1.3832,1.3853,1.3809,1.3812,20178.65
2026-08-12 18:15:00,1.3812,1.3844,1.3781,1.3791,16695.38
2026-08-12 18:20:00,1.3791,1.3814,1.3771,1.3803,26446.24
2026-08-12 18:25:00,1.3803,1.3814,1.3794,1.3811,47188.86
2026-08-12 18:30:00,1.3811,1.3822,1.3802,1.3814,91746.29
2026-08-12 18:35:00,1.3814,1.3816,1.3767,1.377,14394.92
2026-08-12 18:40:00,1.377,1.3807,1.3759,1.3767,88859.12
2026-08-12 18:45:00,1.3767,1.3786,1.3742,1.3759,82486.06
2026-08-12 18:50:00,1.3759,1.3806,1.372,1.3795,479777.24
2026-08-12 18:55:00,1.3795,1.3799,1.3776,1.3792,4608.77
2026-08-12 19:00:00,1.3792,1.3795,1.3778,1.3788,3716.23
2026-08-12 19:05:00,1.3788,1.3813,1.3765,1.3765,50028.71
2026-08-12 19:10:00,1.3765,1.3781,1.376,1.3778,1813.28
2026-08-12 19:15:00,1.3778,1.3819,1.377,1.3802,50262.72
2026-08-12 19:20:00,1.3802,1.3803,1.3765,1.3785,30361.88
2026-08-12 19:25:00,1.3785,1.3794,1.3729,1.3744,241918.09
2026-08-12 19:30:00,1.3744,1.3757,1.3688,1.3728,128475.02
2026-08-12 19:35:00,1.3728,1.3739,1.3695,1.3734,12497.57
2026-08-12 19:40:00,1.3734,1.3762,1.3722,1.3757,48862.85
2026-08-12 19:45:00,1.3757,1.3789,1.3742,1.3783,119700.69
2026-08-12 19:50:00,1.3783,1.3808,1.3748,1.3755,52937.71
2026-08-12 19:55:00,1.3755,1.3797,1.3743,1.3793,39793.38
2026-08-12 20:00:00,1.3793,1.3794,1.3744,1.3769,19989.91
2026-08-12 20:05:00,1.3769,1.3788,1.3745,1.3757,78822.23
2026-08-12 20:10:00,1.3757,1.3773,1.3753,1.3767,11578.23
2026-08-12 20:15:00,1.3767,1.377,1.3722,1.373,123260.28
2026-08-12 20:20:00,1.373,1.3731,1.368,1.3695,1962.47
2026-08-12 20:25:00,1.3695,1.3732,1.3644,1.3722,82553.74
2026-08-12 20:30:00,1.3722,1.3751,1.3681,1.3746,183065.33
2026-08-12 20:35:00,1.3746,1.3756,1.3719,1.3724,6215.62
2026-08-12 20:40:00,1.3724,1.374,1.3715,1.3733,79517.16
2026-08-12 20:45:00,1.3733,1.3749,1.3724,1.3749,44933.68
2026-08-12 20:50:00,1.3749,1.3754,1.3676,1.3721,39617.3
2026-08-12 20:55:00,1.3721,1.3751,1.3691,1.3743,8078.08
2026-08-12 21:00:00,1.3743,1.3769,1.3733,1.3757,154026.83
2026-08-12 21:05:00,1.3757,1.3806,1.3744,1.3797,18441.15
2026-08-12 21:10:00,1.3797,1.3806,1.3764,1.3772,11730.43
2026-08-12 21:15:00,1.3772,1.3773,1.3763,1.3769,132548.74
2026-08-12 21:20:00,1.3769,1.3782,1.3721,1.3742,80587.51
2026-08-12 21:25:00,1.3742,1.3782,1.3713,1.3776,37512.52
2026-08-12 21:30:00,1.3776,1.3797,1.3774,1.3788,71045.61
2026-08-12 21:35:00,1.3788,1.3834,1.3786,1.3811,9762.0
2026-08-12 21:40:00,1.3811,1.3828,1.3804,1.3815,39070.66
2026-08-12 21:45:00,1.3815,1.3834,1.3793,1.3797,26691.77
2026-08-12 21:50:00,1.3797,1.3799,1.3751,1.3761,17729.41
2026-08-12 21:55:00,1.3761,1.3774,1.372,1.3735,91605.47
2026-08-12 22:00:00,1.3735,1.3762,1.3734,1.3759,99049.36
2026-08-12 22:05:00,1.3759,1.3849,1.3746,1.383,39168.16
2026-08-12 22:10:00,1.383,1.3841,1.3812,1.3823,6641.45
2026-08-12 22:15:00,1.3823,1.383,1.3802,1.3819,12264.67
2026-08-12 22:20:00,1.3819,1.3843,1.381,1.3828,37424.17
2026-08-12 22:25:00,1.3828,1.3847,1.3814,1.3825,23874.91
2026-08-12 22:30:00,1.3825,1.3849,1.3794,1.3808,15079.34
2026-08-12 22:35:00,1.3808,1.3856,1.3805,1.3845,4722.09
2026-08-12 22:40:00,1.3845,1.3858,1.3821,1.3821,64303.55
2026-08-12 22:45:00,1.3821,1.3825,1.3804,1.3819,41635.64
2026-08-12 22:50:00,1.3819,1.3829,1.3797,1.3807,63789.89
2026-08-12 22:55:00,1.3807,1.3814,1.3779,1.3796,3387.09
2026-08-12 23:00:00,1.3796,1.3806,1.3785,1.3789,114654.19
2026-08-12 23:05:00,1.3789,1.3807,1.3753,1.3765,21383.97
2026-08-12 23:10:00,1.3765,1.38,1.3748,1.3799,10046.86
2026-08-12 23:15:00,1.3799,1.3813,1.3784,1.3788,45787.19
2026-08-12 23:20:00,1.3788,1.3801,1.3775,1.3788,29089.39
2026-08-12 23:25:00,1.3788,1.3793,1.3788,1.3789,8193.19
2026-08-12 23:30:00,1.3789,1.3809,1.378,1.3792,1659.84
2026-08-12 23:35:00,1.3792,1.3803,1.3765,1.3771,66346.29
2026-08-12 23:40:00,1.3771,1.3789,1.3744,1.3775,50591.65
2026-08-12 23:45:00,1.3775,1.3807,1.3765,1.3795,57058.36
2026-08-12 23:50:00,1.3795,1.3796,1.3758,1.3767,35790.2
2026-08-12 23:55:00,1.3767,1.3812,1.3745,1.3791,210239.91
2026-08-13 00:00:00,1.3791,1.3794,1.3769,1.3771,752.91
2026-08-13 00:05:00,1.3771,1.3779,1.3716,1.3749,3516.38
2026-08-13 00:10:00,1.3749,1.375,1.3734,1.3744,3251.86
2026-08-13 00:15:00,1.3744,1.3752,1.3718,1.3725,24243.8
2026-08-13 00:20:00,1.3725,1.3735,1.3626,1.3659,46.17
2026-08-13 00:25:00,1.3659,1.37,1.3607,1.3688,182846.48
2026-08-13 00:30:00,1.3688,1.3711,1.3665,1.3671,33663.81
2026-08-13 00:35:00,1.3671,1.3708,1.3669,1.3681,20150.12
2026-08-13 00:40:00,1.3681,1.3739,1.3681,1.372,34304.24
2026-08-13 00:45:00,1.372,1.3758,1.3712,1.3755,59810.97
2026-08-13 00:50:00,1.3755,1.3775,1.3727,1.3728,135401.44
2026-08-13 00:55:00,1.3728,1.3753,1.3728,1.3738,85459.61
2026-08-13 01:00:00,1.3738,1.3764,1.3733,1.3737,13245.78
2026-08-13 01:05:00,1.3737,1.3764,1.3722,1.3734,7464.6
2026-08-13 01:10:00,1.3734,1.3734,1.3692,1.3721,103471.11
2026-08-13 01:15:00,1.3721,1.3724,1.3686,1.371,8532.83
2026-08-13 01:20:00,1.371,1.3733,1.3702,1.3723,18476.73
2026-08-13 01:25:00,1.3723,1.374,1.3676,1.3703,18022.45
2026-08-13 01:30:00,1.3703,1.3755,1.3659,1.3743,632952.58
2026-08-13 01:35:00,1.3743,1.3771,1.3742,1.3771,29698.42
2026-08-13 01:40:00,1.3771,1.3781,1.3761,1.3774,103924.78
2026-08-13 01:45:00,1.3774,1.3775,1.3725,1.3754,59330.23
2026-08-13 01:50:00,1.3754,1.3775,1.3745,1.3754,19123.92
2026-08-13 01:55:00,1.3754,1.3771,1.373,1.3735,36402.41
2026-08-13 02:00:00,1.3735,1.3735,1.3705,1.3707,8170.63
2026-08-13 02:05:00,1.3707,1.3711,1.3681,1.3702,16161.8
2026-08-13 02:10:00,1.3702,1.3739,1.3682,1.3689,30494.08
2026-08-13 02:15:00,1.3689,1.3742,1.3656,1.3728,651849.7
2026-08-13 02:20:00,1.3728,1.3739,1.3697,1.3701,24793.14
2026-08-13 02:25:00,1.3701,1.3726,1.3679,1.3716,250901.1
2026-08-13 02:30:00,1.3716,1.3733,1.3703,1.3728,62373.81
2026-08-13 02:35:00,1.3728,1.373,1.3691,1.3717,181274.51
2026-08-13 02:40:00,1.3717,1.373,1.3686,1.3726,1805.43
2026-08-13 02:45:00,1.3726,1.3752,1.3718,1.3735,115342.69
2026-08-13 02:50:00,1.3735,1.3751,1.3678,1.3681,199253.9
2026-08-13 02:55:00,1.3681,1.3697,1.3638,1.3655,10787.1
2026-08-13 03:00:00,1.3655,1.3692,1.3641,1.3677,12799.57
2026-08-13 03:05:00,1.3677,1.3682,1.3613,1.3632,55335.55
2026-08-13 03:10:00,1.3632,1.3664,1.3623,1.3624,27095.04
2026-08-13 03:15:00,1.3624,1.3667,1.3594,1.3607,3710.87
2026-08-13 03:20:00,1.3607,1.3619,1.3604,1.3614,53649.41
2026-08-13 03:25:00,1.3614,1.3653,1.3557,1.3644,212515.49
2026-08-13 03:30:00,1.3644,1.3655,1.3631,1.3636,17278.79
2026-08-13 03:35:00,1.3636,1.3643,1.3616,1.3621,9808.19
2026-08-13 03:40:00,1.3621,1.3643,1.3581,1.3638,62497.26
2026-08-13 03:45:00,1.3638,1.367,1.3587,1.3592,138540.9
2026-08-13 03:50:00,1.3592,1.3616,1.3589,1.3609,6536.12
2026-08-13 03:55:00,1.3609,1.3622,1.3543,1.3574,34298.26
2026-08-13 04:00:00,1.3574,1.362,1.3552,1.361,99006.51
2026-08-13 04:05:00,1.361,1.3631,1.3564,1.3622,16927.79
2026-08-13 04:10:00,1.3622,1.3635,1.3602,1.3623,6636.71
2026-08-13 04:15:00,1.3623,1.3648,1.3604,1.3641,15055.01
2026-08-13 04:20:00,1.3641,1.3652,1.3632,1.3647,70444.22
2026-08-13 04:25:00,1.3647,1.368,1.3616,1.3625,30525.88
2026-08-13 04:30:00,1.3625,1.3649,1.3586,1.3638,1117719.76
2026-08-13 04:35:00,1.3638,1.364,1.3613,1.3623,145942.81
2026-08-13 04:40:00,1.3623,1.3639,1.3604,1.3618,98983.19
2026-08-13 04:45:00,1.3618,1.3661,1.3574,1.3656,205007.89
2026-08-13 04:50:00,1.3656,1.367,1.3636,1.3664,10536.03
2026-08-13 04:55:00,1.3664,1.3688,1.365,1.3683,69.58
2026-08-13 05:00:00,1.3683,1.3694,1.3658,1.3693,76606.59
2026-08-13 05:05:00,1.3693,1.3712,1.3657,1.3691,73513.48
2026-08-13 05:10:00,1.3691,1.3693,1.3679,1.3689,136270.69
2026-08-13 05:15:00,1.3689,1.3706,1.3675,1.3692,1076.54
2026-08-13 05:20:00,1.3692,1.37,1.3667,1.3683,197616.4
2026-08-13 05:25:00,1.3683,1.3692,1.3664,1.3676,17244.14
2026-08-13 05:30:00,1.3676,1.3687,1.3651,1.3673,15226.18
2026-08-13 05:35:00,1.3673,1.3688,1.3637,1.3641,7811.47
2026-08-13 05:40:00,1.3641,1.3647,1.3629,1.3631,100961.8
2026-08-13 05:45:00,1.3631,1.366,1.3615,1.3632,5582.98
2026-08-13 05:50:00,1.3632,1.3639,1.356,1.359,25961.21
2026-08-13 05:55:00,1.359,1.3592,1.354,1.3541,7176.04
2026-08-13 06:00:00,1.3541,1.3551,1.3536,1.355,23296.68
2026-08-13 06:05:00,1.355,1.3553,1.3521,1.3537,25372.17
2026-08-13 06:10:00,1.3537,1.3579,1.3534,1.3548,110477.2
2026-08-13 06:15:00,1.3548,1.3555,1.3513,1.3522,17850.16
2026-08-13 06:20:00,1.3522,1.357,1.3509,1.3556,38846.27
2026-08-13 06:25:00,1.3556,1.3558,1.3544,1.3556,81242.18
2026-08-13 06:30:00,1.3556,1.3557,1.3552,1.3555,47637.03
2026-08-13 06:35:00,1.3555,1.3604,1.3543,1.3593,46424.92
2026-08-13 06:40:00,1.3593,1.3636,1.3561,1.3625,53760.19
2026-08-13 06:45:00,1.3625,1.3627,1.3576,1.3583,29678.88
2026-08-13 06:50:00,1.3583,1.3627,1.3573,1.3622,79322.11
2026-08-13 06:55:00,1.3622,1.3674,1.3568,1.3662,359128.03
2026-08-13 07:00:00,1.3662,1.3669,1.3619,1.3636,3779.29
2026-08-13 07:05:00,1.3636,1.365,1.3622,1.3636,5025.26
2026-08-13 07:10:00,1.3636,1.369,1.3635,1.3665,35034.24
2026-08-13 07:15:00,1.3665,1.3682,1.3656,1.3673,29617.17
2026-08-13 07:20:00,1.3673,1.3676,1.3656,1.3665,81544.98
2026-08-13 07:25:00,1.3665,1.3667,1.3635,1.3656,22540.1
2026-08-13 07:30:00,1.3656,1.3696,1.3649,1.3665,192388.0
2026-08-13 07:35:00,1.3665,1.3667,1.3663,1.3665,25494.41
2026-08-13 07:40:00,1.3665,1.3674,1.3642,1.3672,9406.5
2026-08-13 07:45:00,1.3672,1.37,1.3626,1.3639,368928.79
2026-08-13 07:50:00,1.3639,1.364,1.3619,1.363,69200.17
2026-08-13 07:55:00,1.363,1.3645,1.3617,1.364,251291.96
2026-08-13 08:00:00,1.364,1.3642,1.3612,1.3619,8532.25
2026-08-13 08:05:00,1.3619,1.364,1.359,1.359,4457.44
2026-08-13 08:10:00,1.359,1.3591,1.3566,1.358,75990.71
2026-08-13 08:15:00,1.358,1.3596,1.3539,1.3552,11395.38
2026-08-13 08:20:00,1.3552,1.3582,1.3546,1.3576,83288.75
2026-08-13 08:25:00,1.3576,1.3583,1.3514,1.3536,32021.12
2026-08-13 08:30:00,1.3536,1.3544,1.3488,1.3543,103582.36
2026-08-13 08:35:00,1.3543,1.3564,1.3537,1.3548,43783.15
2026-08-13 08:40:00,1.3548,1.3585,1.3535,1.3574,123484.25
2026-08-13 08:45:00,1.3574,1.3625,1.3571,1.3595,7640.74
2026-08-13 08:50:00,1.3595,1.3625,1.3563,1.3623,1506.66
2026-08-13 08:55:00,1.3623,1.3653,1.3614,1.3651,55460.07
2026-08-13 09:00:00,1.3651,1.3657,1.36,1.3618,5460.25
2026-08-13 09:05:00,1.3618,1.3631,1.3576,1.3598,174955.85
2026-08-13 09:10:00,1.3598,1.3599,1.356,1.3562,36168.26
2026-08-13 09:15:00,1.3562,1.3565,1.354,1.3554,18042.48
2026-08-13 09:20:00,1.3554,1.3557,1.3514,1.3526,80499.31
2026-08-13 09:25:00,1.3526,1.356,1.3511,1.3541,62263.4
2026-08-13 09:30:00,1.3541,1.3562,1.3533,1.3541,112866.8
2026-08-13 09:35:00,1.3541,1.3575,1.3482,1.3489,189364.71
2026-08-13 09:40:00,1.3489,1.3531,1.3429,1.3523,88876.97
2026-08-13 09:45:00,1.3523,1.3556,1.3522,1.3536,7283.7
2026-08-13 09:50:00,1.3536,1.3537,1.3495,1.3505,29669.89
2026-08-13 09:55:00,1.3505,1.351,1.3496,1.3503,13313.62
2026-08-13 10:00:00,1.3503,1.3514,1.3473,1.348,63036.85
2026-08-13 10:05:00,1.348,1.3496,1.3465,1.3493,98599.38
2026-08-13 10:10:00,1.3493,1.3515,1.3469,1.3494,63242.53
2026-08-13 10:15:00,1.3494,1.353,1.3488,1.3525,30517.4
2026-08-13 10:20:00,1.3525,1.3534,1.352,1.3529,47020.24
2026-08-13 10:25:00,1.3529,1.3545,1.3527,1.3539,2092.02
2026-08-13 10:30:00,1.3539,1.3573,1.3512,1.3566,190244.14
2026-08-13 10:35:00,1.3566,1.3578,1.3549,1.3561,57254.07
2026-08-13 10:40:00,1.3561,1.3567,1.355,1.3554,84741.47
2026-08-13 10:45:00,1.3554,1.3577,1.3531,1.3532,5720.91
2026-08-13 10:50:00,1.3532,1.3594,1.3517,1.3569,79311.53
2026-08-13 10:55:00,1.3569,1.3596,1.3564,1.3588,39362.53
2026-08-13 11:00:00,1.3588,1.3592,1.3563,1.3579,65711.39
2026-08-13 11:05:00,1.3579,1.3598,1.3569,1.3569,21734.52
2026-08-13 11:10:00,1.3569,1.3582,1.3537,1.3542,11799.37
2026-08-13 11:15:00,1.3542,1.3572,1.3502,1.3562,288188.65
2026-08-13 11:20:00,1.3562,1.3581,1.3534,1.3554,15534.44
2026-08-13 11:25:00,1.3554,1.3558,1.3464,1.3477,77090.9
2026-08-13 11:30:00,1.3477,1.3527,1.3454,1.3515,390929.12
2026-08-13 11:35:00,1.3515,1.3531,1.3495,1.3516,189591.3
2026-08-13 11:40:00,1.3516,1.3528,1.3505,1.3511,6991.66
2026-08-13 11:45:00,1.3511,1.3545,1.3502,1.3536,12019.25
2026-08-13 11:50:00,1.3536,1.3597,1.3518,1.3573,2242.92
2026-08-13 11:55:00,1.3573,1.3578,1.3548,1.3562,26140.7
2026-08-13 12:00:00,1.3562,1.358,1.3524,1.3532,24014.51
2026-08-13 12:05:00,1.3532,1.3544,1.3512,1.3537,22229.22
2026-08-13 12:10:00,1.3537,1.3592,1.3526,1.3569,4545.47
2026-08-13 12:15:00,1.3569,1.3576,1.3515,1.3538,83413.48
2026-08-13 12:20:00,1.3538,1.3539,1.3485,1.3509,32011.26
2026-08-13 12:25:00,1.3509,1.3517,1.3446,1.3455,113203.38
2026-08-13 12:30:00,1.3455,1.3501,1.345,1.3467,42730.52
2026-08-13 12:35:00,1.3467,1.3511,1.343,1.3505,51147.72
2026-08-13 12:40:00,1.3505,1.3513,1.3466,1.3482,14946.14
2026-08-13 12:45:00,1.3482,1.3513,1.3445,1.3503,798161.78
2026-08-13 12:50:00,1.3503,1.3554,1.3457,1.3543,5972.06
2026-08-13 12:55:00,1.3543,1.3554,1.3514,1.3541,280.35
2026-08-13 13:00:00,1.3541,1.3572,1.3532,1.3566,17418.6
2026-08-13 13:05:00,1.3566,1.3572,1.3538,1.3558,1575.46
2026-08-13 13:10:00,1.3558,1.3565,1.3548,1.3558,30932.87
2026-08-13 13:15:00,1.3558,1.356,1.3522,1.3546,29486.68
2026-08-13 13:20:00,1.3546,1.355,1.3541,1.3546,3568.5
2026-08-13 13:25:00,1.3546,1.356,1.353,1.3546,2853.9
2026-08-13 13:30:00,1.3546,1.3606,1.3543,1.3598,87795.0
2026-08-13 13:35:00,1.3598,1.3608,1.3589,1.3602,30869.93
2026-08-13 13:40:00,1.3602,1.3606,1.3559,1.3568,79136.61
2026-08-13 13:45:00,1.3568,1.3587,1.3565,1.3573,28628.35
2026-08-13 13:50:00,1.3573,1.3593,1.3556,1.3562,21761.58
2026-08-13 13:55:00,1.3562,1.3602,1.3527,1.3593,97380.62
2026-08-13 14:00:00,1.3593,1.3602,1.3542,1.3561,95215.03
2026-08-13 14:05:00,1.3561,1.3592,1.3534,1.3571,254336.42
2026-08-13 14:10:00,1.3571,1.3594,1.3568,1.3583,1589.13
2026-08-13 14:15:00,1.3583,1.3602,1.3576,1.3599,10301.5
2026-08-13 14:20:00,1.3599,1.3624,1.3552,1.3555,249930.54
2026-08-13 14:25:00,1.3555,1.3563,1.349,1.3533,19053.09
2026-08-13 14:30:00,1.3533,1.3535,1.3494,1.3509,1257.78
2026-08-13 14:35:00,1.3509,1.3518,1.3474,1.3485,61685.72
2026-08-13 14:40:00,1.3485,1.3506,1.3479,1.3484,3792.75
2026-08-13 14:45:00,1.3484,1.3529,1.3463,1.3524,35826.68
2026-08-13 14:50:00,1.3524,1.3534,1.3454,1.3494,29614.8
2026-08-13 14:55:00,1.3494,1.352,1.3458,1.3513,4237.34
2026-08-13 15:00:00,1.3513,1.3527,1.3432,1.3471,168673.19
2026-08-13 15:05:00,1.3471,1.3507,1.3462,1.3484,177999.37
2026-08-13 15:10:00,1.3484,1.3529,1.3448,1.3523,766.91
2026-08-13 15:15:00,1.3523,1.358,1.3523,1.355,11128.58
2026-08-13 15:20:00,1.355,1.3552,1.3542,1.3546,2788.45
2026-08-13 15:25:00,1.3546,1.3549,1.3524,1.3548,29037.55
2026-08-13 15:30:00,1.3548,1.3595,1.3539,1.3571,71398.48
2026-08-13 15:35:00,1.3571,1.3578,1.3543,1.3559,20658.1
2026-08-13 15:40:00,1.3559,1.3561,1.3543,1.3557,13871.74
2026-08-13 15:45:00,1.3557,1.3567,1.3518,1.3541,63081.97
2026-08-13 15:50:00,1.3541,1.3551,1.3528,1.3532,2466.13
2026-08-13 15:55:00,1.3532,1.3565,1.3494,1.35,127188.0
2026-08-13 16:00:00,1.35,1.3519,1.349,1.3502,116128.61
2026-08-13 16:05:00,1.3502,1.3505,1.3413,1.3443,20501.92
2026-08-13 16:10:00,1.3443,1.3471,1.3433,1.3461,73727.07
2026-08-13 16:15:00,1.3461,1.3491,1.3433,1.3483,8489.16
2026-08-13 16:20:00,1.3483,1.3487,1.347,1.3476,36547.95
2026-08-13 16:25:00,1.3476,1.35,1.3446,1.3495,297783.79
2026-08-13 16:30:00,1.3495,1.3501,1.3444,1.3445,36497.7
2026-08-13 16:35:00,1.3445,1.3478,1.3409,1.3472,1991.5
2026-08-13 16:40:00,1.3472,1.3478,1.3446,1.3448,2093.78
2026-08-13 16:45:00,1.3448,1.3497,1.3425,1.3489,6610.2
2026-08-13 16:50:00,1.3489,1.3497,1.3484,1.3486,4492.65
2026-08-13 16:55:00,1.3486,1.3529,1.3478,1.3512,14404.49
2026-08-13 17:00:00,1.3512,1.3514,1.3475,1.349,1099.24
2026-08-13 17:05:00,1.349,1.3523,1.3483,1.3517,4477.01
2026-08-13 17:10:00,1.3517,1.3517,1.348,1.3486,12620.88
2026-08-13 17:15:00,1.3486,1.3499,1.348,1.3493,29440.81
2026-08-13 17:20:00,1.3493,1.3501,1.347,1.3489,83995.72
2026-08-13 17:25:00,1.3489,1.3521,1.3475,1.3515,60269.93
2026-08-13 17:30:00,1.3515,1.3515,1.3473,1.3499,16413.68
2026-08-13 17:35:00,1.3499,1.3506,1.3428,1.3451,92376.11
2026-08-13 17:40:00,1.3451,1.3477,1.3441,1.3451,61330.54
2026-08-13 17:45:00,1.3451,1.3464,1.3417,1.3424,35329.21
2026-08-13 17:50:00,1.3424,1.3454,1.3424,1.3451,23826.35
2026-08-13 17:55:00,1.3451,1.3467,1.3393,1.3418,31213.26
2026-08-13 18:00:00,1.3418,1.3452,1.3405,1.3439,35370.74
2026-08-13 18:05:00,1.3439,1.3473,1.3379,1.3468,132246.18
2026-08-13 18:10:00,1.3468,1.3497,1.3437,1.3491,52759.98
2026-08-13 18:15:00,1.3491,1.3508,1.3472,1.3488,9498.9
2026-08-13 18:20:00,1.3488,1.3489,1.3468,1.3482,411.09
2026-08-13 18:25:00,1.3482,1.3506,1.3461,1.3486,29657.23
2026-08-13 18:30:00,1.3486,1.3489,1.3451,1.3471,100611.93
2026-08-13 18:35:00,1.3471,1.3503,1.3468,1.3478,10188.33
2026-08-13 18:40:00,1.3478,1.3482,1.3458,1.3459,128176.89
2026-08-13 18:45:00,1.3459,1.3519,1.3443,1.3509,10362.35
2026-08-13 18:50:00,1.3509,1.3533,1.3494,1.3532,7391.37
2026-08-13 18:55:00,1.3532,1.3553,1.3528,1.3543,38190.0
2026-08-13 19:00:00,1.3543,1.3591,1.353,1.3582,5218.69
2026-08-13 19:05:00,1.3582,1.3638,1.3552,1.3557,43383.09
2026-08-13 19:10:00,1.3557,1.3588,1.3527,1.3529,85433.8
2026-08-13 19:15:00,1.3529,1.3538,1.3513,1.3525,2794.54
2026-08-13 19:20:00,1.3525,1.3546,1.3498,1.3527,75899.02
2026-08-13 19:25:00,1.3527,1.3598,1.3499,1.357,57976.11
2026-08-13 19:30:00,1.357,1.3588,1.3567,1.3579,44297.48
2026-08-13 19:35:00,1.3579,1.3594,1.3554,1.3558,117484.0
2026-08-13 19:40:00,1.3558,1.3603,1.3546,1.359,16058.14
2026-08-13 19:45:00,1.359,1.3649,1.3554,1.3564,237357.37
2026-08-13 19:50:00,1.3564,1.3565,1.3524,1.3529,56245.94
2026-08-13 19:55:00,1.3529,1.3532,1.3502,1.3506,401333.65
2026-08-13 20:00:00,1.3506,1.3515,1.3489,1.3495,26427.66
2026-08-13 20:05:00,1.3495,1.3532,1.348,1.3504,34299.46
2026-08-13 20:10:00,1.3504,1.3516,1.3488,1.3516,28721.96
2026-08-13 20:15:00,1.3516,1.3538,1.3491,1.3501,35215.82
2026-08-13 20:20:00,1.3501,1.3528,1.3454,1.3472,83042.8
2026-08-13 20:25:00,1.3472,1.3482,1.3441,1.3461,107756.55
2026-08-13 20:30:00,1.3461,1.3501,1.3443,1.3485,30289.99
2026-08-13 20:35:00,1.3485,1.3502,1.3453,1.3475,87640.1
2026-08-13 20:40:00,1.3475,1.3489,1.3473,1.3486,67.65
2026-08-13 20:45:00,1.3486,1.3489,1.3449,1.3461,71175.64
2026-08-13 20:50:00,1.3461,1.347,1.3425,1.3432,135005.59
2026-08-13 20:55:00,1.3432,1.3479,1.3393,1.3472,12024.22
2026-08-13 21:00:00,1.3472,1.3488,1.343,1.3436,158270.52
2026-08-13 21:05:00,1.3436,1.3443,1.3413,1.3429,38458.49
2026-08-13 21:10:00,1.3429,1.3458,1.3381,1.3448,39170.97
2026-08-13 21:15:00,1.3448,1.3515,1.3417,1.3509,13965.62
2026-08-13 21:20:00,1.3509,1.3512,1.3493,1.3493,83507.83
2026-08-13 21:25:00,1.3493,1.3505,1.3468,1.3472,10169.68
2026-08-13 21:30:00,1.3472,1.3505,1.3459,1.35,120745.33
2026-08-13 21:35:00,1.35,1.3523,1.3481,1.3494,46626.0
2026-08-13 21:40:00,1.3494,1.3521,1.3472,1.3502,8016.63
2026-08-13 21:45:00,1.3502,1.3522,1.348,1.349,50920.19
2026-08-13 21:50:00,1.349,1.3493,1.3472,1.3473,389.08
2026-08-13 21:55:00,1.3473,1.3478,1.343,1.3432,40905.55
2026-08-13 22:00:00,1.3432,1.345,1.3412,1.3412,47466.9
2026-08-13 22:05:00,1.3412,1.3443,1.3403,1.3418,12020.98
2026-08-13 22:10:00,1.3418,1.3423,1.3383,1.3401,25899.35
2026-08-13 22:15:00,1.3401,1.3424,1.3366,1.3417,84509.62
2026-08-13 22:20:00,1.3417,1.3446,1.3373,1.3436,100030.77
2026-08-13 22:25:00,1.3436,1.3441,1.3396,1.341,29383.43
2026-08-13 22:30:00,1.341,1.3423,1.3391,1.3397,1379.07
2026-08-13 22:35:00,1.3397,1.3426,1.3376,1.342,52015.1
2026-08-13 22:40:00,1.342,1.3464,1.3388,1.3459,213912.67
2026-08-13 22:45:00,1.3459,1.3463,1.3449,1.346,27826.64
2026-08-13 22:50:00,1.346,1.3487,1.3456,1.3482,40092.16
2026-08-13 22:55:00,1.3482,1.3494,1.3422,1.3429,55763.35
2026-08-13 23:00:00,1.3429,1.346,1.3421,1.345,100457.8
2026-08-13 23:05:00,1.345,1.3477,1.3445,1.3459,44621.72
2026-08-13 23:10:00,1.3459,1.3475,1.3434,1.3461,21081.12
2026-08-13 23:15:00,1.3461,1.3478,1.3407,1.343,38166.18
2026-08-13 23:20:00,1.343,1.3449,1.3425,1.3442,13881.37
2026-08-13 23:25:00,1.3442,1.3508,1.3436,1.3504,46912.0
2026-08-13 23:30:00,1.3504,1.352,1.3491,1.3504,6508.8
2026-08-13 23:35:00,1.3504,1.3533,1.3476,1.3526,13061.66
2026-08-13 23:40:00,1.3526,1.3537,1.352,1.3533,118147.71
2026-08-13 23:45:00,1.3533,1.3592,1.3525,1.3567,38914.13
2026-08-13 23:50:00,1.3567,1.3593,1.3534,1.3546,9276.1
2026-08-13 23:55:00,1.3546,1.3549,1.3486,1.3502,4098.86
2026-08-14 00:00:00,1.3502,1.3589,1.3475,1.3566,13718.37
2026-08-14 00:05:00,1.3566,1.3586,1.3536,1.3566,24297.88
2026-08-14 00:10:00,1.3566,1.3605,1.3554,1.3581,65570.04
2026-08-14 00:15:00,1.3581,1.3629,1.3549,1.356,446995.95
2026-08-14 00:20:00,1.356,1.3584,1.3545,1.3547,167671.84
2026-08-14 00:25:00,1.3547,1.36,1.3545,1.3576,19866.68
2026-08-14 00:30:00,1.3576,1.3592,1.3569,1.3582,17910.5
2026-08-14 00:35:00,1.3582,1.3588,1.3519,1.3534,53929.16
2026-08-14 00:40:00,1.3534,1.3583,1.3486,1.3558,35920.23
2026-08-14 00:45:00,1.3558,1.3558,1.3516,1.3532,50651.64
2026-08-14 00:50:00,1.3532,1.3537,1.3505,1.3513,186194.65
2026-08-14 00:55:00,1.3513,1.3543,1.348,1.3531,80833.44
2026-08-14 01:00:00,1.3531,1.3557,1.3531,1.3547,43265.56
2026-08-14 01:05:00,1.3547,1.3573,1.3529,1.3555,203976.38
2026-08-14 01:10:00,1.3555,1.356,1.3529,1.3556,32630.75
2026-08-14 01:15:00,1.3556,1.3558,1.3545,1.3556,16494.36
2026-08-14 01:20:00,1.3556,1.3591,1.3554,1.3569,82801.6
2026-08-14 01:25:00,1.3569,1.3586,1.3524,1.3554,42466.83
2026-08-14 01:30:00,1.3554,1.3559,1.35,1.3516,43961.76
2026-08-14 01:35:00,1.3516,1.3527,1.3499,1.351,17617.11
2026-08-14 01:40:00,1.351,1.3546,1.3491,1.3498,76413.89
2026-08-14 01:45:00,1.3498,1.355,1.3493,1.3537,16506.04
2026-08-14 01:50:00,1.3537,1.3554,1.3488,1.3501,98252.88
2026-08-14 01:55:00,1.3501,1.3513,1.347,1.3485,8117.37
2026-08-14 02:00:00,1.3485,1.3495,1.3438,1.344,69752.37
2026-08-14 02:05:00,1.344,1.3535,1.3429,1.351,18355.19
2026-08-14 02:10:00,1.351,1.3527,1.3501,1.3507,16561.54
2026-08-14 02:15:00,1.3507,1.3516,1.3489,1.3503,94345.49
2026-08-14 02:20:00,1.3503,1.3509,1.3477,1.348,11823.6
2026-08-14 02:25:00,1.348,1.3484,1.3453,1.3457,12757.51
2026-08-14 02:30:00,1.3457,1.3523,1.3448,1.3505,51976.66
2026-08-14 02:35:00,1.3505,1.3544,1.348,1.3529,81366.11
2026-08-14 02:40:00,1.3529,1.3571,1.3523,1.3553,147044.52
2026-08-14 02:45:00,1.3553,1.36,1.3541,1.3598,37883.82
2026-08-14 02:50:00,1.3598,1.3621,1.3535,1.3545,74904.11
2026-08-14 02:55:00,1.3545,1.356,1.3544,1.3557,111943.95
2026-08-14 03:00:00,1.3557,1.3576,1.3528,1.3561,15543.99
2026-08-14 03:05:00,1.3561,1.3566,1.3533,1.3542,39341.29
2026-08-14 03:10:00,1.3542,1.3551,1.3528,1.3534,16773.87
2026-08-14 03:15:00,1.3534,1.354,1.3482,1.3496,2769.64
2026-08-14 03:20:00,1.3496,1.3508,1.3444,1.3471,18589.71
2026-08-14 03:25:00,1.3471,1.3476,1.3458,1.3468,11812.28
2026-08-14 03:30:00,1.3468,1.3508,1.3444,1.349,3708.13
2026-08-14 03:35:00,1.349,1.3495,1.347,1.3471,87734.15
2026-08-14 03:40:00,1.3471,1.3492,1.3453,1.3459,40807.39
2026-08-14 03:45:00,1.3459,1.3467,1.3405,1.3413,40311.6
2026-08-14 03:50:00,1.3413,1.3437,1.3411,1.3427,9799.61
2026-08-14 03:55:00,1.3427,1.347,1.3404,1.3466,620280.06
2026-08-14 04:00:00,1.3466,1.3496,1.3434,1.3456,104434.34
2026-08-14 04:05:00,1.3456,1.3499,1.3454,1.3485,30793.8
2026-08-14 04:10:00,1.3485,1.349,1.3428,1.343,49720.72
2026-08-14 04:15:00,1.343,1.3448,1.3398,1.3406,146551.72
2026-08-14 04:20:00,1.3406,1.3457,1.3364,1.3444,10623.78
2026-08-14 04:25:00,1.3444,1.345,1.3414,1.3427,38034.11
2026-08-14 04:30:00,1.3427,1.348,1.342,1.3472,3054.98
2026-08-14 04:35:00,1.3472,1.3487,1.3415,1.3428,15483.86
2026-08-14 04:40:00,1.3428,1.3471,1.3393,1.346,346800.21
2026-08-14 04:45:00,1.346,1.3483,1.3449,1.3453,100085.94
2026-08-14 04:50:00,1.3453,1.3458,1.3433,1.3436,89110.39
2026-08-14 04:55:00,1.3436,1.3457,1.3427,1.3452,33054.92
2026-08-14 05:00:00,1.3452,1.3508,1.3452,1.347,56429.4
2026-08-14 05:05:00,1.347,1.3492,1.3443,1.3472,97208.01
2026-08-14 05:10:00,1.3472,1.3487,1.3445,1.3452,29371.45
2026-08-14 05:15:00,1.3452,1.3477,1.3444,1.3461,45286.08
2026-08-14 05:20:00,1.3461,1.3502,1.3435,1.3496,290798.11
2026-08-14 05:25:00,1.3496,1.3512,1.3495,1.3503,4052.93
2026-08-14 05:30:00,1.3503,1.3505,1.3489,1.3504,46111.54
2026-08-14 05:35:00,1.3504,1.353,1.3494,1.3505,34487.51
2026-08-14 05:40:00,1.3505,1.3524,1.3495,1.3519,122231.44
2026-08-14 05:45:00,1.3519,1.3527,1.3481,1.3492,52321.02
2026-08-14 05:50:00,1.3492,1.3493,1.3479,1.3489,19456.86
2026-08-14 05:55:00,1.3489,1.3501,1.3447,1.3473,2885.72
2026-08-14 06:00:00,1.3473,1.349,1.3447,1.3452,229884.43
2026-08-14 06:05:00,1.3452,1.3489,1.3395,1.348,448686.06
2026-08-14 06:10:00,1.348,1.3528,1.3476,1.3525,42749.73
2026-08-14 06:15:00,1.3525,1.3552,1.3517,1.3542,4753.14
2026-08-14 06:20:00,1.3542,1.3559,1.3519,1.353,13558.67
2026-08-14 06:25:00,1.353,1.3574,1.353,1.357,20994.82
2026-08-14 06:30:00,1.357,1.3599,1.3564,1.3595,56795.08
2026-08-14 06:35:00,1.3595,1.3604,1.3546,1.3551,26915.98
2026-08-14 06:40:00,1.3551,1.357,1.3544,1.3568,6261.01
2026-08-14 06:45:00,1.3568,1.3606,1.3544,1.3597,16817.17
2026-08-14 06:50:00,1.3597,1.3647,1.3566,1.357,100008.83
2026-08-14 06:55:00,1.357,1.3589,1.3527,1.3539,3423.58
2026-08-14 07:00:00,1.3539,1.3575,1.3525,1.3549,35580.0
2026-08-14 07:05:00,1.3549,1.3551,1.352,1.3526,110255.49
2026-08-14 07:10:00,1.3526,1.3595,1.3521,1.3576,33686.73
2026-08-14 07:15:00,1.3576,1.3603,1.3573,1.3579,29957.49
2026-08-14 07:20:00,1.3579,1.3587,1.3542,1.3556,74874.06
2026-08-14 07:25:00,1.3556,1.3577,1.3522,1.3568,152.41
2026-08-14 07:30:00,1.3568,1.3576,1.3507,1.3534,37536.21
2026-08-14 07:35:00,1.3534,1.3545,1.3476,1.3492,4450.86
2026-08-14 07:40:00,1.3492,1.3508,1.3427,1.3463,3537.03
2026-08-14 07:45:00,1.3463,1.3468,1.3434,1.3444,151739.48
2026-08-14 07:50:00,1.3444,1.3445,1.3433,1.3443,2625.7
2026-08-14 07:55:00,1.3443,1.3451,1.3381,1.3403,84067.19
2026-08-14 08:00:00,1.3403,1.3412,1.3399,1.34,12490.52
2026-08-14 08:05:00,1.34,1.34,1.3352,1.3367,28181.27
2026-08-14 08:10:00,1.3367,1.3385,1.3323,1.3336,144607.63
2026-08-14 08:15:00,1.3336,1.3368,1.3304,1.3357,45193.04
2026-08-14 08:20:00,1.3357,1.3367,1.3348,1.3358,118197.33
2026-08-14 08:25:00,1.3358,1.3369,1.3305,1.3327,45160.95
2026-08-14 08:30:00,1.3327,1.3343,1.3316,1.3321,19287.36
2026-08-14 08:35:00,1.3321,1.3342,1.3277,1.3333,259081.85
2026-08-14 08:40:00,1.3333,1.3344,1.3328,1.3339,65591.7
2026-08-14 08:45:00,1.3339,1.3351,1.3322,1.335,30302.76
2026-08-14 08:50:00,1.335,1.3375,1.3324,1.3372,97771.65
2026-08-14 08:55:00,1.3372,1.3377,1.3356,1.3364,40456.0
2026-08-14 09:00:00,1.3364,1.3408,1.3306,1.3398,68625.53
2026-08-14 09:05:00,1.3398,1.3457,1.339,1.3438,30985.83
2026-08-14 09:10:00,1.3438,1.3461,1.3433,1.3449,19254.98
2026-08-14 09:15:00,1.3449,1.3451,1.3412,1.3415,80275.59
2026-08-14 09:20:00,1.3415,1.3415,1.3396,1.3399,1179.33
2026-08-14 09:25:00,1.3399,1.3415,1.3398,1.3413,75408.49
2026-08-14 09:30:00,1.3413,1.3414,1.336,1.3364,95688.05
2026-08-14 09:35:00,1.3364,1.3415,1.335,1.3398,38736.8
2026-08-14 09:40:00,1.3398,1.3405,1.3367,1.3384,9990.78
2026-08-14 09:45:00,1.3384,1.3408,1.3363,1.3407,8810.41
2026-08-14 09:50:00,1.3407,1.3407,1.3386,1.3391,107115.52
2026-08-14 09:55:00,1.3391,1.3435,1.3342,1.343,565321.12
2026-08-14 10:00:00,1.343,1.3461,1.3379,1.3454,600201.81
2026-08-14 10:05:00,1.3454,1.3473,1.345,1.3471,61728.0
2026-08-14 10:10:00,1.3471,1.3486,1.3432,1.3433,27380.39
2026-08-14 10:15:00,1.3433,1.3434,1.3388,1.3389,67983.8
2026-08-14 10:20:00,1.3389,1.3433,1.3384,1.342,35706.2
2026-08-14 10:25:00,1.342,1.3453,1.3368,1.3445,172749.25
2026-08-14 10:30:00,1.3445,1.345,1.3435,1.3441,21478.49
2026-08-14 10:35:00,1.3441,1.3469,1.3435,1.345,16999.23
2026-08-14 10:40:00,1.345,1.3469,1.3443,1.3451,16962.08
2026-08-14 10:45:00,1.3451,1.3468,1.3408,1.3437,163572.2
2026-08-14 10:50:00,1.3437,1.344,1.3374,1.3401,57079.68
2026-08-14 10:55:00,1.3401,1.3435,1.3371,1.3427,151100.38
2026-08-14 11:00:00,1.3427,1.3457,1.34,1.3455,18260.55
2026-08-14 11:05:00,1.3455,1.3515,1.3425,1.3501,40643.11
2026-08-14 11:10:00,1.3501,1.3532,1.3492,1.3527,4657.8
2026-08-14 11:15:00,1.3527,1.3554,1.3527,1.3538,24371.44
2026-08-14 11:20:00,1.3538,1.3548,1.3534,1.354,6809.61
2026-08-14 11:25:00,1.354,1.3544,1.3515,1.3533,52866.0
2026-08-14 11:30:00,1.3533,1.3541,1.3505,1.3518,24097.81
2026-08-14 11:35:00,1.3518,1.3539,1.3476,1.3482,275844.64
2026-08-14 11:40:00,1.3482,1.3515,1.348,1.3503,17287.83
2026-08-14 11:45:00,1.3503,1.351,1.3494,1.3509,25441.39
2026-08-14 11:50:00,1.3509,1.3525,1.3499,1.35,480.99
2026-08-14 11:55:00,1.35,1.35,1.347,1.3494,81002.38
2026-08-14 12:00:00,1.3494,1.3528,1.3485,1.3499,47463.28
2026-08-14 12:05:00,1.3499,1.3499,1.3466,1.3472,46001.28
2026-08-14 12:10:00,1.3472,1.35,1.3447,1.3481,18697.22
2026-08-14 12:15:00,1.3481,1.3502,1.3447,1.3471,59473.11
2026-08-14 12:20:00,1.3471,1.3495,1.3456,1.3489,1984.49
2026-08-14 12:25:00,1.3489,1.3519,1.3473,1.3481,9118.33
2026-08-14 12:30:00,1.3481,1.3489,1.3448,1.3473,30968.14
2026-08-14 12:35:00,1.3473,1.3474,1.3398,1.3424,35725.31
2026-08-14 12:40:00,1.3424,1.3462,1.342,1.3441,70506.56
2026-08-14 12:45:00,1.3441,1.3446,1.3413,1.3421,34605.6
2026-08-14 12:50:00,1.3421,1.346,1.34,1.3459,45140.43
2026-08-14 12:55:00,1.3459,1.3487,1.3457,1.3481,11755.18
2026-08-14 13:00:00,1.3481,1.3501,1.3456,1.3461,125535.43
2026-08-14 13:05:00,1.3461,1.3461,1.343,1.3443,29537.75
2026-08-14 13:10:00,1.3443,1.345,1.3397,1.3412,109220.56
2026-08-14 13:15:00,1.3412,1.3439,1.3407,1.3435,85353.43
2026-08-14 13:20:00,1.3435,1.3443,1.3364,1.3383,24949.6
2026-08-14 13:25:00,1.3383,1.3422,1.3381,1.3416,1465.68
2026-08-14 13:30:00,1.3416,1.3429,1.3383,1.3389,37704.9
2026-08-14 13:35:00,1.3389,1.342,1.3331,1.3371,123341.16
2026-08-14 13:40:00,1.3371,1.3371,1.3352,1.3355,206792.88
2026-08-14 13:45:00,1.3355,1.3376,1.3338,1.3372,15793.94
2026-08-14 13:50:00,1.3372,1.339,1.3361,1.3371,31956.35
2026-08-14 13:55:00,1.3371,1.34,1.3361,1.3395,71728.83
2026-08-14 14:00:00,1.3395,1.3421,1.3367,1.3375,9901.68
2026-08-14 14:05:00,1.3375,1.3411,1.3358,1.3389,59145.76
2026-08-14 14:10:00,1.3389,1.3415,1.3383,1.3409,5142.39
2026-08-14 14:15:00,1.3409,1.3422,1.3391,1.3393,15339.04
2026-08-14 14:20:00,1.3393,1.3426,1.3389,1.3424,46375.59
2026-08-14 14:25:00,1.3424,1.3469,1.342,1.3463,27688.88
2026-08-14 14:30:00,1.3463,1.3476,1.345,1.3473,110206.1
2026-08-14 14:35:00,1.3473,1.3497,1.3468,1.3487,38603.71
2026-08-14 14:40:00,1.3487,1.3525,1.3455,1.3464,70338.04
2026-08-14 14:45:00,1.3464,1.3476,1.3435,1.3444,147477.54
2026-08-14 14:50:00,1.3444,1.3445,1.3416,1.3426,207.07
2026-08-14 14:55:00,1.3426,1.3427,1.3416,1.3427,43086.34
2026-08-14 15:00:00,1.3427,1.3433,1.341,1.3424,16111.87
2026-08-14 15:05:00,1.3424,1.3448,1.341,1.3432,34129.02
2026-08-14 15:10:00,1.3432,1.3433,1.3417,1.3433,62106.32
2026-08-14 15:15:00,1.3433,1.347,1.3433,1.3468,126976.29
2026-08-14 15:20:00,1.3468,1.3495,1.3466,1.349,166141.93
2026-08-14 15:25:00,1.349,1.3491,1.3459,1.3479,48795.39
2026-08-14 15:30:00,1.3479,1.3507,1.3415,1.3459,2160.14
2026-08-14 15:35:00,1.3459,1.3494,1.3414,1.3423,3484.16
2026-08-14 15:40:00,1.3423,1.3449,1.3412,1.3436,72602.83
2026-08-14 15:45:00,1.3436,1.3482,1.3423,1.3454,43153.7
2026-08-14 15:50:00,1.3454,1.3481,1.3406,1.3433,45813.94
2026-08-14 15:55:00,1.3433,1.3448,1.3417,1.3443,72270.99
2026-08-14 16:00:00,1.3443,1.3465,1.3403,1.3404,63789.8
2026-08-14 16:05:00,1.3404,1.3412,1.336,1.338,14989.55
2026-08-14 16:10:00,1.338,1.3425,1.3376,1.3417,275857.15
2026-08-14 16:15:00,1.3417,1.345,1.3397,1.344,86883.45
2026-08-14 16:20:00,1.344,1.3446,1.3422,1.3433,27158.81
2026-08-14 16:25:00,1.3433,1.345,1.3404,1.3419,26054.5
2026-08-14 16:30:00,1.3419,1.3438,1.3418,1.3428,46399.56
2026-08-14 16:35:00,1.3428,1.345,1.3416,1.344,5647.32
2026-08-14 16:40:00,1.344,1.3484,1.344,1.3474,5499.93
2026-08-14 16:45:00,1.3474,1.3486,1.3472,1.3482,6174.82
2026-08-14 16:50:00,1.3482,1.3495,1.3445,1.3464,2874.04
2026-08-14 16:55:00,1.3464,1.3466,1.3444,1.3451,58760.16
2026-08-14 17:00:00,1.3451,1.3473,1.3434,1.3462,116020.52
2026-08-14 17:05:00,1.3462,1.3468,1.3451,1.3461,30266.64
2026-08-14 17:10:00,1.3461,1.3465,1.3441,1.3449,3189.66
2026-08-14 17:15:00,1.3449,1.3494,1.3445,1.3485,7690.21
2026-08-14 17:20:00,1.3485,1.3509,1.3471,1.3503,53860.04
2026-08-14 17:25:00,1.3503,1.3562,1.3468,1.3474,338657.26
2026-08-14 17:30:00,1.3474,1.3479,1.3413,1.3451,35397.55
2026-08-14 17:35:00,1.3451,1.3479,1.344,1.3469,148965.43
2026-08-14 17:40:00,1.3469,1.3488,1.3467,1.3474,18072.22
2026-08-14 17:45:00,1.3474,1.3493,1.3395,1.3413,12531.45
2026-08-14 17:50:00,1.3413,1.342,1.341,1.3416,74993.27
2026-08-14 17:55:00,1.3416,1.3438,1.341,1.343,85799.97
2026-08-14 18:00:00,1.343,1.3433,1.3387,1.339,63009.63
2026-08-14 18:05:00,1.339,1.343,1.3361,1.3424,10419.94
2026-08-14 18:10:00,1.3424,1.3462,1.3416,1.3439,22176.67
2026-08-14 18:15:00,1.3439,1.344,1.3394,1.3404,63132.02
2026-08-14 18:20:00,1.3404,1.3432,1.3395,1.3423,40795.87
2026-08-14 18:25:00,1.3423,1.3495,1.3404,1.3478,27549.88
2026-08-14 18:30:00,1.3478,1.3513,1.3433,1.3443,14963.2
2026-08-14 18:35:00,1.3443,1.3448,1.3397,1.3427,25740.15
2026-08-14 18:40:00,1.3427,1.3473,1.3414,1.3462,14664.38
2026-08-14 18:45:00,1.3462,1.3493,1.3457,1.3488,58147.92
2026-08-14 18:50:00,1.3488,1.3519,1.3485,1.3507,32097.74
2026-08-14 18:55:00,1.3507,1.3529,1.3501,1.3505,10544.16
2026-08-14 19:00:00,1.3505,1.354,1.3496,1.3536,33567.77
2026-08-14 19:05:00,1.3536,1.3557,1.353,1.3535,151378.96
2026-08-14 19:10:00,1.3535,1.3573,1.3504,1.3511,87864.84
2026-08-14 19:15:00,1.3511,1.3517,1.3459,1.3486,38109.75
2026-08-14 19:20:00,1.3486,1.3486,1.3435,1.3466,88254.7
2026-08-14 19:25:00,1.3466,1.3487,1.3463,1.3487,20016.47
2026-08-14 19:30:00,1.3487,1.3537,1.3462,1.3506,25840.12
2026-08-14 19:35:00,1.3506,1.3544,1.3494,1.3533,7455.99
2026-08-14 19:40:00,1.3533,1.3575,1.35,1.351,214045.3
2026-08-14 19:45:00,1.351,1.3562,1.3486,1.3491,27005.49
2026-08-14 19:50:00,1.3491,1.3503,1.3478,1.3496,26880.1
2026-08-14 19:55:00,1.3496,1.3497,1.3493,1.3494,90475.36
2026-08-14 20:00:00,1.3494,1.3557,1.349,1.3548,26719.15
2026-08-14 20:05:00,1.3548,1.3586,1.3528,1.3532,73917.4
2026-08-14 20:10:00,1.3532,1.3542,1.3532,1.3532,3809.85
2026-08-14 20:15:00,1.3532,1.3591,1.3484,1.3493,133516.37
2026-08-14 20:20:00,1.3493,1.3526,1.3483,1.3501,193912.37
2026-08-14 20:25:00,1.3501,1.3542,1.3498,1.3509,11392.76
2026-08-14 20:30:00,1.3509,1.3523,1.349,1.3492,10339.06
2026-08-14 20:35:00,1.3492,1.3511,1.3456,1.3461,79242.79
2026-08-14 20:40:00,1.3461,1.3483,1.3438,1.3475,4393.95
2026-08-14 20:45:00,1.3475,1.349,1.3412,1.3423,102221.94
2026-08-14 20:50:00,1.3423,1.3445,1.3385,1.3397,181714.1
2026-08-14 20:55:00,1.3397,1.3419,1.3391,1.3418,56027.46
2026-08-14 21:00:00,1.3418,1.3422,1.3369,1.3382,47830.93
2026-08-14 21:05:00,1.3382,1.3466,1.3368,1.3448,21079.68
2026-08-14 21:10:00,1.3448,1.3498,1.3417,1.3495,5489.7
2026-08-14 21:15:00,1.3495,1.3503,1.3455,1.3459,18888.64
2026-08-14 21:20:00,1.3459,1.3504,1.3435,1.3435,44644.01
2026-08-14 21:25:00,1.3435,1.3504,1.3428,1.3475,64305.86
2026-08-14 21:30:00,1.3475,1.3482,1.347,1.3472,56955.64
2026-08-14 21:35:00,1.3472,1.3475,1.3459,1.3463,49390.96
2026-08-14 21:40:00,1.3463,1.3492,1.3443,1.3481,11482.28
2026-08-14 21:45:00,1.3481,1.3485,1.3449,1.3469,3135.86
2026-08-14 21:50:00,1.3469,1.3479,1.3452,1.3464,25697.88
2026-08-14 21:55:00,1.3464,1.3475,1.3461,1.3466,549.37
2026-08-14 22:00:00,1.3466,1.3468,1.3424,1.344,1807.08
2026-08-14 22:05:00,1.344,1.3463,1.344,1.346,27757.71
2026-08-14 22:10:00,1.346,1.3527,1.3442,1.3498,9078.99
2026-08-14 22:15:00,1.3498,1.3509,1.3465,1.3468,11162.98
2026-08-14 22:20:00,1.3468,1.3483,1.3466,1.3473,21220.68
2026-08-14 22:25:00,1.3473,1.348,1.3452,1.3461,14232.97
2026-08-14 22:30:00,1.3461,1.348,1.345,1.3463,52773.1
2026-08-14 22:35:00,1.3463,1.352,1.3454,1.3501,47055.19
2026-08-14 22:40:00,1.3501,1.3518,1.35,1.3512,19445.66
2026-08-14 22:45:00,1.3512,1.3532,1.351,1.3531,42936.73
2026-08-14 22:50:00,1.3531,1.3554,1.3511,1.3537,19291.55
2026-08-14 22:55:00,1.3537,1.3549,1.3515,1.3528,55048.86
2026-08-14 23:00:00,1.3528,1.3532,1.3524,1.3526,22028.37
2026-08-14 23:05:00,1.3526,1.3558,1.3492,1.3504,248077.39
2026-08-14 23:10:00,1.3504,1.353,1.3461,1.3466,32066.08
2026-08-14 23:15:00,1.3466,1.3516,1.3452,1.3506,58033.19
2026-08-14 23:20:00,1.3506,1.3528,1.3498,1.3512,22309.08
2026-08-14 23:25:00,1.3512,1.3522,1.3487,1.3506,26119.42
2026-08-14 23:30:00,1.3506,1.3531,1.3498,1.3515,19025.21
2026-08-14 23:35:00,1.3515,1.3545,1.3511,1.3532,96981.5
2026-08-14 23:40:00,1.3532,1.3581,1.3492,1.3499,278810.46
2026-08-14 23:45:00,1.3499,1.3516,1.3492,1.3515,45063.75
2026-08-14 23:50:00,1.3515,1.3524,1.3453,1.348,37125.61
2026-08-14 23:55:00,1.348,1.3506,1.3466,1.3486,49897.92
2026-08-15 00:00:00,1.3486,1.3494,1.3457,1.346,59522.23
2026-08-15 00:05:00,1.346,1.346,1.3449,1.3455,26269.74
2026-08-15 00:10:00,1.3455,1.3468,1.3398,1.3402,21745.17
2026-08-15 00:15:00,1.3402,1.3425,1.3375,1.3375,31790.97
2026-08-15 00:20:00,1.3375,1.339,1.3355,1.3375,29738.51
2026-08-15 00:25:00,1.3375,1.3422,1.3326,1.3412,21898.11
2026-08-15 00:30:00,1.3412,1.3445,1.3399,1.3439,10179.29
2026-08-15 00:35:00,1.3439,1.345,1.3429,1.3435,76933.53
2026-08-15 00:40:00,1.3435,1.3458,1.3417,1.3432,111306.14
2026-08-15 00:45:00,1.3432,1.3459,1.3431,1.3433,19498.18
2026-08-15 00:50:00,1.3433,1.3444,1.343,1.344,23327.83
2026-08-15 00:55:00,1.344,1.3493,1.3433,1.3474,62864.9
2026-08-15 01:00:00,1.3474,1.3484,1.3429,1.3435,35378.23
2026-08-15 01:05:00,1.3435,1.3447,1.3433,1.3435,61351.66
2026-08-15 01:10:00,1.3435,1.3443,1.3401,1.342,10898.97
2026-08-15 01:15:00,1.342,1.3446,1.3396,1.34,10363.3
2026-08-15 01:20:00,1.34,1.3431,1.3371,1.3423,167846.2
2026-08-15 01:25:00,1.3423,1.3451,1.3422,1.3437,6177.66
2026-08-15 01:30:00,1.3437,1.3464,1.3429,1.3448,921.92
2026-08-15 01:35:00,1.3448,1.3507,1.3441,1.3465,34006.96
2026-08-15 01:40:00,1.3465,1.3472,1.3442,1.3455,92633.46
2026-08-15 01:45:00,1.3455,1.3467,1.3422,1.3447,51053.33
2026-08-15 01:50:00,1.3447,1.345,1.3407,1.3425,4139.65
2026-08-15 01:55:00,1.3425,1.3432,1.3408,1.3431,103774.29
2026-08-15 02:00:00,1.3431,1.3475,1.3361,1.3374,37081.85
2026-08-15 02:05:00,1.3374,1.3408,1.3348,1.3403,6785.51
2026-08-15 02:10:00,1.3403,1.3415,1.3351,1.3368,28328.13
2026-08-15 02:15:00,1.3368,1.3373,1.3332,1.3339,2036.57
2026-08-15 02:20:00,1.3339,1.3342,1.3262,1.3263,158454.45
2026-08-15 02:25:00,1.3263,1.3292,1.3253,1.3279,87939.69
2026-08-15 02:30:00,1.3279,1.3296,1.3252,1.3292,697771.05
2026-08-15 02:35:00,1.3292,1.3318,1.3264,1.327,1801.69
2026-08-15 02:40:00,1.327,1.33,1.3234,1.3295,53403.91
2026-08-15 02:45:00,1.3295,1.3296,1.3242,1.3254,27246.49
2026-08-15 02:50:00,1.3254,1.327,1.3201,1.3217,34388.96
2026-08-15 02:55:00,1.3217,1.3256,1.3176,1.3247,201693.17
2026-08-15 03:00:00,1.3247,1.3256,1.3203,1.3208,43932.6
2026-08-15 03:05:00,1.3208,1.3232,1.3174,1.3223,277594.23
2026-08-15 03:10:00,1.3223,1.3232,1.3191,1.3213,104720.38
2026-08-15 03:15:00,1.3213,1.3228,1.3208,1.3212,288.73
2026-08-15 03:20:00,1.3212,1.3265,1.3208,1.3237,123446.71
2026-08-15 03:25:00,1.3237,1.3281,1.3209,1.3273,386020.97
2026-08-15 03:30:00,1.3273,1.3286,1.3226,1.3242,287.27
2026-08-15 03:35:00,1.3242,1.3245,1.3226,1.3232,32861.72
2026-08-15 03:40:00,1.3232,1.3242,1.3227,1.323,30032.58
2026-08-15 03:45:00,1.323,1.3255,1.3203,1.3242,78592.42
2026-08-15 03:50:00,1.3242,1.3262,1.3237,1.3249,15806.73
2026-08-15 03:55:00,1.3249,1.3253,1.3232,1.3233,59770.18
2026-08-15 04:00:00,1.3233,1.3251,1.3194,1.3244,98363.26
2026-08-15 04:05:00,1.3244,1.3272,1.3225,1.325,48905.28
2026-08-15 04:10:00,1.325,1.3254,1.3236,1.3246,134785.21
2026-08-15 04:15:00,1.3246,1.3255,1.3215,1.3227,34134.34
2026-08-15 04:20:00,1.3227,1.3247,1.3209,1.3235,103083.33
2026-08-15 04:25:00,1.3235,1.3239,1.3216,1.3219,3433.1
2026-08-15 04:30:00,1.3219,1.3246,1.3201,1.3218,171803.98
2026-08-15 04:35:00,1.3218,1.3251,1.3178,1.3246,576265.31
2026-08-15 04:40:00,1.3246,1.3266,1.3243,1.326,5806.03
2026-08-15 04:45:00,1.326,1.3283,1.3245,1.327,89312.4
2026-08-15 04:50:00,1.327,1.3274,1.3236,1.3246,8812.35
2026-08-15 04:55:00,1.3246,1.3255,1.323,1.3237,20408.39
2026-08-15 05:00:00,1.3237,1.3261,1.3236,1.3244,30355.74
2026-08-15 05:05:00,1.3244,1.3255,1.322,1.3235,111472.14
2026-08-15 05:10:00,1.3235,1.3271,1.3213,1.3265,44576.62
2026-08-15 05:15:00,1.3265,1.3274,1.321,1.3229,22181.94
2026-08-15 05:20:00,1.3229,1.327,1.3187,1.3264,148829.07
2026-08-15 05:25:00,1.3264,1.3291,1.3261,1.3283,18318.73
2026-08-15 05:30:00,1.3283,1.3288,1.3274,1.3282,15179.13
2026-08-15 05:35:00,1.3282,1.3305,1.3239,1.3256,48258.72
2026-08-15 05:40:00,1.3256,1.3269,1.3254,1.3254,44187.27
2026-08-15 05:45:00,1.3254,1.3268,1.321,1.3219,40381.57
2026-08-15 05:50:00,1.3219,1.3231,1.3218,1.3224,60535.27
2026-08-15 05:55:00,1.3224,1.3281,1.3207,1.3277,24849.42
2026-08-15 06:00:00,1.3277,1.3318,1.3262,1.3292,2359.02
2026-08-15 06:05:00,1.3292,1.3362,1.3267,1.3333,40493.49
2026-08-15 06:10:00,1.3333,1.3383,1.3298,1.3371,4924.11
2026-08-15 06:15:00,1.3371,1.3385,1.3362,1.3373,175476.47
2026-08-15 06:20:00,1.3373,1.3373,1.332,1.3325,57704.13
2026-08-15 06:25:00,1.3325,1.334,1.3315,1.3339,44544.22
2026-08-15 06:30:00,1.3339,1.334,1.3274,1.3294,11141.66
2026-08-15 06:35:00,1.3294,1.3335,1.3277,1.3301,3551.79
2026-08-15 06:40:00,1.3301,1.3313,1.3276,1.3289,8797.83
2026-08-15 06:45:00,1.3289,1.3309,1.327,1.3277,52909.46
2026-08-15 06:50:00,1.3277,1.3297,1.3231,1.3241,40113.5
2026-08-15 06:55:00,1.3241,1.3269,1.3232,1.3264,115130.32
2026-08-15 07:00:00,1.3264,1.3308,1.326,1.3293,162491.83
2026-08-15 07:05:00,1.3293,1.3299,1.3268,1.3282,10118.36
2026-08-15 07:10:00,1.3282,1.3299,1.327,1.3295,53029.21
2026-08-15 07:15:00,1.3295,1.3303,1.3285,1.3292,4562.98
2026-08-15 07:20:00,1.3292,1.3293,1.3288,1.3289,18792.06
2026-08-15 07:25:00,1.3289,1.3325,1.3272,1.3302,46473.74
2026-08-15 07:30:00,1.3302,1.331,1.3274,1.3278,7350.7
2026-08-15 07:35:00,1.3278,1.3283,1.3215,1.3251,31960.86
2026-08-15 07:40:00,1.3251,1.3268,1.3243,1.3244,21905.57
2026-08-15 07:45:00,1.3244,1.3244,1.3223,1.3228,19101.03
2026-08-15 07:50:00,1.3228,1.3264,1.3217,1.3245,3005.07
2026-08-15 07:55:00,1.3245,1.3299,1.323,1.3287,8806.84
2026-08-15 08:00:00,1.3287,1.3348,1.3276,1.3299,29302.52
2026-08-15 08:05:00,1.3299,1.3326,1.3296,1.3322,30680.01
2026-08-15 08:10:00,1.3322,1.3357,1.3295,1.3335,4682.7
2026-08-15 08:15:00,1.3335,1.3384,1.3335,1.337,59980.65
2026-08-15 08:20:00,1.337,1.3375,1.3338,1.3356,23470.79
2026-08-15 08:25:00,1.3356,1.3369,1.3334,1.3343,48913.12
2026-08-15 08:30:00,1.3343,1.3344,1.3327,1.3335,47616.28
2026-08-15 08:35:00,1.3335,1.339,1.3326,1.3366,84485.72
2026-08-15 08:40:00,1.3366,1.3372,1.3346,1.3368,30360.86
2026-08-15 08:45:00,1.3368,1.3374,1.3329,1.3355,12453.85
2026-08-15 08:50:00,1.3355,1.3383,1.3314,1.3324,204.05
2026-08-15 08:55:00,1.3324,1.3343,1.329,1.3296,5444.32
2026-08-15 09:00:00,1.3296,1.3357,1.3284,1.3349,14475.1
2026-08-15 09:05:00,1.3349,1.3381,1.3323,1.3336,219980.79
2026-08-15 09:10:00,1.3336,1.334,1.3303,1.3305,25687.52
2026-08-15 09:15:00,1.3305,1.331,1.3278,1.3289,63492.0
2026-08-15 09:20:00,1.3289,1.3322,1.3288,1.3302,68723.4
2026-08-15 09:25:00,1.3302,1.3343,1.3279,1.3299,63903.36
2026-08-15 09:30:00,1.3299,1.3311,1.3231,1.3265,32305.59
2026-08-15 09:35:00,1.3265,1.3271,1.3225,1.3238,9013.65
2026-08-15 09:40:00,1.3238,1.3285,1.3213,1.3276,53681.11
2026-08-15 09:45:00,1.3276,1.3288,1.3274,1.3282,61144.91
2026-08-15 09:50:00,1.3282,1.3292,1.3249,1.3272,31018.92
2026-08-15 09:55:00,1.3272,1.3291,1.3244,1.3277,28423.35
2026-08-15 10:00:00,1.3277,1.3287,1.3272,1.3287,6858.01
2026-08-15 10:05:00,1.3287,1.3313,1.3277,1.3301,232954.69
2026-08-15 10:10:00,1.3301,1.3354,1.3298,1.3335,19739.52
2026-08-15 10:15:00,1.3335,1.3358,1.33,1.3325,18933.05
2026-08-15 10:20:00,1.3325,1.3336,1.3268,1.3283,7834.26
2026-08-15 10:25:00,1.3283,1.3301,1.3255,1.3262,133397.21
2026-08-15 10:30:00,1.3262,1.3278,1.3227,1.3232,70620.09
2026-08-15 10:35:00,1.3232,1.3257,1.3232,1.325,56892.24
2026-08-15 10:40:00,1.325,1.3251,1.32,1.3217,54942.98
2026-08-15 10:45:00,1.3217,1.3231,1.3211,1.3223,119286.4
2026-08-15 10:50:00,1.3223,1.3233,1.3193,1.3217,22354.09
2026-08-15 10:55:00,1.3217,1.324,1.3199,1.321,23369.96
2026-08-15 11:00:00,1.321,1.3215,1.3194,1.3199,67614.41
2026-08-15 11:05:00,1.3199,1.3225,1.3191,1.3194,28473.2
2026-08-15 11:10:00,1.3194,1.3214,1.3173,1.3196,144936.05
2026-08-15 11:15:00,1.3196,1.3229,1.3154,1.3217,130215.89
2026-08-15 11:20:00,1.3217,1.326,1.3194,1.3251,218800.45
2026-08-15 11:25:00,1.3251,1.3271,1.324,1.327,7121.6
2026-08-15 11:30:00,1.327,1.3309,1.3259,1.3304,21783.79
2026-08-15 11:35:00,1.3304,1.3323,1.329,1.3312,4246.4
2026-08-15 11:40:00,1.3312,1.334,1.3307,1.3312,124802.19
2026-08-15 11:45:00,1.3312,1.3365,1.3303,1.3334,33602.37
2026-08-15 11:50:00,1.3334,1.3334,1.3292,1.3294,39234.75
2026-08-15 11:55:00,1.3294,1.3318,1.327,1.3313,48865.13
2026-08-15 12:00:00,1.3313,1.3315,1.3285,1.3291,227776.21
2026-08-15 12:05:00,1.3291,1.3303,1.3284,1.3287,5941.97
2026-08-15 12:10:00,1.3287,1.3294,1.3249,1.3266,106038.37
2026-08-15 12:15:00,1.3266,1.3275,1.3254,1.3265,2495.32
2026-08-15 12:20:00,1.3265,1.3307,1.3263,1.3306,41851.42
2026-08-15 12:25:00,1.3306,1.3314,1.3264,1.3266,86638.86
2026-08-15 12:30:00,1.3266,1.3298,1.3258,1.3292,68162.4
2026-08-15 12:35:00,1.3292,1.3328,1.3291,1.33,2477.02
2026-08-15 12:40:00,1.33,1.3305,1.3294,1.3296,3736.55
2026-08-15 12:45:00,1.3296,1.33,1.326,1.3284,116168.68
2026-08-15 12:50:00,1.3284,1.3329,1.3278,1.3312,11443.75
2026-08-15 12:55:00,1.3312,1.3317,1.3244,1.3247,2714.86
2026-08-15 13:00:00,1.3247,1.3252,1.321,1.3221,17205.47
2026-08-15 13:05:00,1.3221,1.325,1.3212,1.3245,6402.48
2026-08-15 13:10:00,1.3245,1.3286,1.3245,1.3273,787.0
2026-08-15 13:15:00,1.3273,1.3286,1.3253,1.3265,43775.51
2026-08-15 13:20:00,1.3265,1.328,1.3253,1.3264,87405.1
2026-08-15 13:25:00,1.3264,1.3287,1.3234,1.3244,50938.22
2026-08-15 13:30:00,1.3244,1.3252,1.3231,1.3242,146231.1
2026-08-15 13:35:00,1.3242,1.3276,1.3216,1.3258,132277.33
2026-08-15 13:40:00,1.3258,1.3266,1.32,1.3204,663.98
2026-08-15 13:45:00,1.3204,1.3244,1.316,1.3235,495844.72
2026-08-15 13:50:00,1.3235,1.3339,1.3225,1.3308,88136.85
2026-08-15 13:55:00,1.3308,1.3349,1.3301,1.3335,26185.79
2026-08-15 14:00:00,1.3335,1.3344,1.3332,1.3342,146912.01
2026-08-15 14:05:00,1.3342,1.3349,1.3332,1.334,12517.18
2026-08-15 14:10:00,1.334,1.3348,1.332,1.3342,31732.99
2026-08-15 14:15:00,1.3342,1.339,1.3341,1.3367,173524.19
2026-08-15 14:20:00,1.3367,1.3387,1.3347,1.3361,23653.78
2026-08-15 14:25:00,1.3361,1.3393,1.3354,1.3371,22344.83
2026-08-15 14:30:00,1.3371,1.3404,1.3359,1.338,36777.72
2026-08-15 14:35:00,1.338,1.3426,1.334,1.3354,75044.28
2026-08-15 14:40:00,1.3354,1.3358,1.3336,1.3339,1710.42
2026-08-15 14:45:00,1.3339,1.3357,1.3293,1.3319,157350.66
2026-08-15 14:50:00,1.3319,1.3345,1.3313,1.3324,10992.58
2026-08-15 14:55:00,1.3324,1.3357,1.3316,1.3353,40679.29
2026-08-15 15:00:00,1.3353,1.3373,1.335,1.3364,39825.73
2026-08-15 15:05:00,1.3364,1.3369,1.3308,1.333,20929.21
2026-08-15 15:10:00,1.333,1.3364,1.3316,1.3337,85642.77
2026-08-15 15:15:00,1.3337,1.3394,1.3331,1.3372,37517.25
2026-08-15 15:20:00,1.3372,1.3375,1.3342,1.3361,14718.36
2026-08-15 15:25:00,1.3361,1.3376,1.3346,1.3358,42507.93
2026-08-15 15:30:00,1.3358,1.3411,1.3311,1.3324,123910.23
2026-08-15 15:35:00,1.3324,1.335,1.3309,1.3314,132308.22
2026-08-15 15:40:00,1.3314,1.3324,1.3255,1.3263,59864.7
2026-08-15 15:45:00,1.3263,1.3265,1.3247,1.3248,700.36
2026-08-15 15:50:00,1.3248,1.3284,1.323,1.3267,105285.66
2026-08-15 15:55:00,1.3267,1.3324,1.3266,1.3303,820.6
2026-08-15 16:00:00,1.3303,1.3329,1.3293,1.3326,114896.54
2026-08-15 16:05:00,1.3326,1.3346,1.3322,1.333,112844.39
2026-08-15 16:10:00,1.333,1.3346,1.3295,1.3295,28122.93
2026-08-15 16:15:00,1.3295,1.3308,1.3287,1.3303,8496.7
2026-08-15 16:20:00,1.3303,1.3325,1.3295,1.3323,49055.59
2026-08-15 16:25:00,1.3323,1.334,1.3304,1.3312,66192.11
2026-08-15 16:30:00,1.3312,1.335,1.3293,1.3298,14487.22
2026-08-15 16:35:00,1.3298,1.3302,1.3277,1.3278,23093.72
2026-08-15 16:40:00,1.3278,1.329,1.3249,1.3279,17518.16
2026-08-15 16:45:00,1.3279,1.3308,1.3279,1.3283,316462.59
2026-08-15 16:50:00,1.3283,1.3325,1.3274,1.3314,78395.32
2026-08-15 16:55:00,1.3314,1.332,1.33,1.3309,5877.71
2026-08-15 17:00:00,1.3309,1.3368,1.3295,1.3352,33694.52
2026-08-15 17:05:00,1.3352,1.3383,1.3341,1.338,3605.79
2026-08-15 17:10:00,1.338,1.3392,1.3335,1.3354,107220.04
2026-08-15 17:15:00,1.3354,1.3413,1.3325,1.3334,83715.73
2026-08-15 17:20:00,1.3334,1.3345,1.3318,1.334,35088.7
2026-08-15 17:25:00,1.334,1.3351,1.3322,1.3329,16346.64
2026-08-15 17:30:00,1.3329,1.3334,1.3316,1.3321,131849.32
2026-08-15 17:35:00,1.3321,1.3338,1.329,1.3291,87936.67
2026-08-15 17:40:00,1.3291,1.3327,1.3279,1.3287,33559.85
2026-08-15 17:45:00,1.3287,1.3315,1.3272,1.3296,27064.82
2026-08-15 17:50:00,1.3296,1.331,1.3283,1.329,26114.72
2026-08-15 17:55:00,1.329,1.329,1.3265,1.3275,9582.06
2026-08-15 18:00:00,1.3275,1.3288,1.3254,1.3263,52130.13
2026-08-15 18:05:00,1.3263,1.3284,1.3257,1.3282,32769.05
2026-08-15 18:10:00,1.3282,1.3291,1.326,1.3266,1969.95
2026-08-15 18:15:00,1.3266,1.3298,1.3255,1.3294,1122.2
2026-08-15 18:20:00,1.3294,1.3306,1.3294,1.3299,84198.37
2026-08-15 18:25:00,1.3299,1.331,1.3263,1.3278,36095.66
2026-08-15 18:30:00,1.3278,1.3287,1.3257,1.3258,3793.87
2026-08-15 18:35:00,1.3258,1.3301,1.3257,1.3259,52468.1
2026-08-15 18:40:00,1.3259,1.3285,1.3228,1.3276,8609.98
2026-08-15 18:45:00,1.3276,1.334,1.3257,1.3324,26336.51
2026-08-15 18:50:00,1.3324,1.3325,1.3296,1.3307,39319.01
2026-08-15 18:55:00,1.3307,1.3326,1.3306,1.3319,8468.78
2026-08-15 19:00:00,1.3319,1.3334,1.3287,1.3303,11866.01
2026-08-15 19:05:00,1.3303,1.3322,1.3282,1.332,8829.91
2026-08-15 19:10:00,1.332,1.335,1.3279,1.3298,81574.5
2026-08-15 19:15:00,1.3298,1.3325,1.3292,1.331,31265.79
2026-08-15 19:20:00,1.331,1.3322,1.3294,1.3297,1874.14
2026-08-15 19:25:00,1.3297,1.3308,1.3284,1.3294,16078.67
2026-08-15 19:30:00,1.3294,1.3317,1.3271,1.3312,80047.85
2026-08-15 19:35:00,1.3312,1.3325,1.3301,1.3319,218415.08
2026-08-15 19:40:00,1.3319,1.3322,1.3281,1.3284,35019.85
2026-08-15 19:45:00,1.3284,1.3313,1.3282,1.3312,27180.45
2026-08-15 19:50:00,1.3312,1.3329,1.3304,1.3328,5007.87
2026-08-15 19:55:00,1.3328,1.3329,1.3306,1.3315,76470.15
2026-08-15 20:00:00,1.3315,1.3325,1.3302,1.3321,46241.36
2026-08-15 20:05:00,1.3321,1.3337,1.3302,1.3336,13231.1
2026-08-15 20:10:00,1.3336,1.3344,1.3327,1.3339,12441.34
2026-08-15 20:15:00,1.3339,1.3341,1.3287,1.3303,30125.66
2026-08-15 20:20:00,1.3303,1.3307,1.3262,1.3275,43893.87
2026-08-15 20:25:00,1.3275,1.3302,1.3271,1.3301,9223.07
2026-08-15 20:30:00,1.3301,1.331,1.329,1.3291,6232.17
2026-08-15 20:35:00,1.3291,1.3321,1.327,1.3302,35212.6
2026-08-15 20:40:00,1.3302,1.3316,1.3257,1.326,97065.18
2026-08-15 20:45:00,1.326,1.3323,1.3244,1.3316,50031.88
2026-08-15 20:50:00,1.3316,1.3317,1.3287,1.3312,49863.27
2026-08-15 20:55:00,1.3312,1.3321,1.3298,1.3314,27469.49
2026-08-15 21:00:00,1.3314,1.3347,1.3309,1.3344,20624.59
2026-08-15 21:05:00,1.3344,1.3348,1.3343,1.3343,507.18
2026-08-15 21:10:00,1.3343,1.3361,1.332,1.3349,31106.26
2026-08-15 21:15:00,1.3349,1.3371,1.3344,1.3359,14207.56
2026-08-15 21:20:00,1.3359,1.3389,1.3351,1.3368,31518.68
2026-08-15 21:25:00,1.3368,1.3383,1.334,1.3367,25784.94
2026-08-15 21:30:00,1.3367,1.3392,1.3367,1.3382,6717.96
2026-08-15 21:35:00,1.3382,1.3414,1.3364,1.3368,913556.28
2026-08-15 21:40:00,1.3368,1.3413,1.3347,1.3356,283815.66
2026-08-15 21:45:00,1.3356,1.3359,1.3351,1.3358,29862.83
2026-08-15 21:50:00,1.3358,1.3416,1.3335,1.3345,34391.54
2026-08-15 21:55:00,1.3345,1.3359,1.3337,1.3346,169872.88
2026-08-15 22:00:00,1.3346,1.3374,1.3323,1.3353,143932.6
2026-08-15 22:05:00,1.3353,1.3392,1.3342,1.3378,11102.55
2026-08-15 22:10:00,1.3378,1.3421,1.3343,1.3351,422297.73
2026-08-15 22:15:00,1.3351,1.3369,1.3344,1.3369,15406.86
2026-08-15 22:20:00,1.3369,1.3397,1.3364,1.3394,77232.06
2026-08-15 22:25:00,1.3394,1.3409,1.3348,1.3356,55364.36
2026-08-15 22:30:00,1.3356,1.3406,1.3322,1.3333,269816.31
2026-08-15 22:35:00,1.3333,1.3376,1.3307,1.3362,9582.34
2026-08-15 22:40:00,1.3362,1.3397,1.3313,1.3324,161124.4
2026-08-15 22:45:00,1.3324,1.3364,1.3303,1.3347,43487.74
2026-08-15 22:50:00,1.3347,1.3348,1.3333,1.3337,79716.21
2026-08-15 22:55:00,1.3337,1.3356,1.3296,1.331,16477.9
2026-08-15 23:00:00,1.331,1.332,1.33,1.331,66086.73
2026-08-15 23:05:00,1.331,1.3335,1.3301,1.333,25960.94
2026-08-15 23:10:00,1.333,1.3332,1.3266,1.3266,17352.44
2026-08-15 23:15:00,1.3266,1.3268,1.3236,1.3254,32458.76
2026-08-15 23:20:00,1.3254,1.3262,1.323,1.3236,6096.19
2026-08-15 23:25:00,1.3236,1.3259,1.318,1.3253,376531.68
2026-08-15 23:30:00,1.3253,1.3271,1.3239,1.3245,230616.56
2026-08-15 23:35:00,1.3245,1.3245,1.32,1.3222,34855.52
2026-08-15 23:40:00,1.3222,1.3244,1.3185,1.3191,78441.68
2026-08-15 23:45:00,1.3191,1.3212,1.3154,1.3205,103926.36
2026-08-15 23:50:00,1.3205,1.3211,1.3184,1.3184,19082.69
2026-08-15 23:55:00,1.3184,1.3196,1.3161,1.3172,146731.02
2026-08-16 00:00:00,1.3172,1.3176,1.3153,1.317,84716.53
2026-08-16 00:05:00,1.317,1.318,1.3163,1.3172,48448.8
2026-08-16 00:10:00,1.3172,1.3187,1.3128,1.3135,46721.05
2026-08-16 00:15:00,1.3135,1.3176,1.3089,1.3165,64427.16
2026-08-16 00:20:00,1.3165,1.321,1.3164,1.3205,13699.23
2026-08-16 00:25:00,1.3205,1.3246,1.3197,1.3238,24538.16
2026-08-16 00:30:00,1.3238,1.3239,1.3216,1.3227,44687.49
2026-08-16 00:35:00,1.3227,1.3251,1.3216,1.3232,25964.23
2026-08-16 00:40:00,1.3232,1.3244,1.3208,1.3211,11675.62
2026-08-16 00:45:00,1.3211,1.3228,1.3203,1.3205,17713.71
2026-08-16 00:50:00,1.3205,1.3232,1.3174,1.3223,161434.89
2026-08-16 00:55:00,1.3223,1.3257,1.3172,1.3245,3628.22
2026-08-16 01:00:00,1.3245,1.3272,1.3212,1.3267,129163.88
2026-08-16 01:05:00,1.3267,1.3278,1.3259,1.3265,9737.54
2026-08-16 01:10:00,1.3265,1.329,1.3262,1.3288,8745.03
2026-08-16 01:15:00,1.3288,1.3305,1.3259,1.3276,48016.43
2026-08-16 01:20:00,1.3276,1.3278,1.3268,1.3268,138308.27
2026-08-16 01:25:00,1.3268,1.3294,1.3263,1.329,31228.03
2026-08-16 01:30:00,1.329,1.3298,1.3252,1.3288,23275.09
2026-08-16 01:35:00,1.3288,1.3315,1.3277,1.3297,13959.95
2026-08-16 01:40:00,1.3297,1.333,1.3234,1.3244,72136.69
2026-08-16 01:45:00,1.3244,1.326,1.3186,1.3215,67902.64
2026-08-16 01:50:00,1.3215,1.324,1.3214,1.3237,83608.32
2026-08-16 01:55:00,1.3237,1.324,1.3209,1.3221,1150.52
2026-08-16 02:00:00,1.3221,1.3247,1.3178,1.321,17463.68
2026-08-16 02:05:00,1.321,1.3257,1.3183,1.3245,34305.69
2026-08-16 02:10:00,1.3245,1.3286,1.3232,1.3255,11475.36
2026-08-16 02:15:00,1.3255,1.3281,1.3243,1.3266,22652.45
2026-08-16 02:20:00,1.3266,1.3269,1.3193,1.3214,171230.93
2026-08-16 02:25:00,1.3214,1.3263,1.319,1.325,4650.8
2026-08-16 02:30:00,1.325,1.3269,1.324,1.3261,42519.08
2026-08-16 02:35:00,1.3261,1.3286,1.3227,1.3281,278392.48
2026-08-16 02:40:00,1.3281,1.3307,1.3267,1.3294,100636.53
2026-08-16 02:45:00,1.3294,1.3312,1.3247,1.3252,67254.59
2026-08-16 02:50:00,1.3252,1.3287,1.3238,1.3284,32747.99
2026-08-16 02:55:00,1.3284,1.3299,1.3262,1.327,54624.21
2026-08-16 03:00:00,1.327,1.3276,1.3221,1.3239,42524.57
2026-08-16 03:05:00,1.3239,1.3249,1.3179,1.3213,70181.47
2026-08-16 03:10:00,1.3213,1.3246,1.3202,1.3235,4492.62
2026-08-16 03:15:00,1.3235,1.3258,1.3223,1.325,19476.88
2026-08-16 03:20:00,1.325,1.3275,1.3207,1.3264,103683.49
2026-08-16 03:25:00,1.3264,1.3277,1.3258,1.3275,60024.15
2026-08-16 03:30:00,1.3275,1.3298,1.3257,1.3283,19695.04
2026-08-16 03:35:00,1.3283,1.3293,1.325,1.327,83479.63
2026-08-16 03:40:00,1.327,1.3281,1.3263,1.3276,62149.31
2026-08-16 03:45:00,1.3276,1.3333,1.325,1.3261,41471.45
2026-08-16 03:50:00,1.3261,1.3271,1.3193,1.3202,3821.09
2026-08-16 03:55:00,1.3202,1.3206,1.3182,1.3185,106767.17
2026-08-16 04:00:00,1.3185,1.3187,1.3137,1.3147,30215.51
2026-08-16 04:05:00,1.3147,1.3174,1.3089,1.3168,122652.13
2026-08-16 04:10:00,1.3168,1.3171,1.3138,1.3169,161144.17
2026-08-16 04:15:00,1.3169,1.3202,1.3166,1.3181,233529.0
2026-08-16 04:20:00,1.3181,1.3207,1.3132,1.3135,86430.32
2026-08-16 04:25:00,1.3135,1.3138,1.3082,1.3102,88420.97
2026-08-16 04:30:00,1.3102,1.3123,1.3082,1.309,5546.96
2026-08-16 04:35:00,1.309,1.3094,1.306,1.3066,45822.24
2026-08-16 04:40:00,1.3066,1.3069,1.3025,1.3039,6465.16
2026-08-16 04:45:00,1.3039,1.3069,1.3012,1.3062,53624.07
2026-08-16 04:50:00,1.3062,1.3094,1.3052,1.3079,17265.09
2026-08-16 04:55:00,1.3079,1.3096,1.3079,1.3082,59469.38
2026-08-16 05:00:00,1.3082,1.3094,1.3046,1.3084,13110.5
2026-08-16 05:05:00,1.3084,1.3093,1.3033,1.3043,2060.82
2026-08-16 05:10:00,1.3043,1.3083,1.2995,1.3074,124890.31
2026-08-16 05:15:00,1.3074,1.3079,1.3036,1.3047,19341.99
2026-08-16 05:20:00,1.3047,1.3069,1.3044,1.3068,7878.97
2026-08-16 05:25:00,1.3068,1.3089,1.3017,1.3052,552.96
2026-08-16 05:30:00,1.3052,1.3054,1.3034,1.3038,4907.2
2026-08-16 05:35:00,1.3038,1.3051,1.3027,1.3049,56221.58
2026-08-16 05:40:00,1.3049,1.306,1.304,1.3044,73055.81
2026-08-16 05:45:00,1.3044,1.3049,1.3028,1.3035,15026.97
2026-08-16 05:50:00,1.3035,1.3044,1.2998,1.3016,52397.13
2026-08-16 05:55:00,1.3016,1.3028,1.2991,1.2996,16602.63
2026-08-16 06:00:00,1.2996,1.3034,1.2992,1.301,55597.36
2026-08-16 06:05:00,1.301,1.3058,1.299,1.3045,57410.05
2026-08-16 06:10:00,1.3045,1.3072,1.3025,1.3028,118799.17
2026-08-16 06:15:00,1.3028,1.3046,1.2997,1.3007,4789.49
2026-08-16 06:20:00,1.3007,1.3037,1.295,1.3025,422966.89
2026-08-16 06:25:00,1.3025,1.3051,1.3011,1.3039,36630.77
2026-08-16 06:30:00,1.3039,1.3066,1.3006,1.3061,309412.29
2026-08-16 06:35:00,1.3061,1.3094,1.3045,1.308,13255.89
2026-08-16 06:40:00,1.308,1.3102,1.3056,1.3072,119508.06
2026-08-16 06:45:00,1.3072,1.3088,1.3069,1.3073,20767.7
2026-08-16 06:50:00,1.3073,1.3115,1.3067,1.3109,12066.36
2026-08-16 06:55:00,1.3109,1.3142,1.3053,1.3134,189398.19
2026-08-16 07:00:00,1.3134,1.3146,1.3115,1.3133,66897.49
2026-08-16 07:05:00,1.3133,1.316,1.3123,1.3151,16093.26
2026-08-16 07:10:00,1.3151,1.3156,1.3137,1.3147,23599.74
2026-08-16 07:15:00,1.3147,1.3183,1.3136,1.3172,9239.4
2026-08-16 07:20:00,1.3172,1.3203,1.3164,1.3197,31841.82
2026-08-16 07:25:00,1.3197,1.3225,1.3187,1.3209,23327.52
2026-08-16 07:30:00,1.3209,1.3218,1.3206,1.3214,1219.33
2026-08-16 07:35:00,1.3214,1.3234,1.3211,1.3221,28938.48
2026-08-16 07:40:00,1.3221,1.3237,1.3192,1.3229,3190.88
2026-08-16 07:45:00,1.3229,1.3255,1.322,1.3232,48993.47
2026-08-16 07:50:00,1.3232,1.324,1.3199,1.3214,15462.82
2026-08-16 07:55:00,1.3214,1.3222,1.3162,1.3173,6078.69
2026-08-16 08:00:00,1.3173,1.3178,1.3122,1.3143,96305.96
2026-08-16 08:05:00,1.3143,1.3162,1.3123,1.3155,33455.43
2026-08-16 08:10:00,1.3155,1.3174,1.3128,1.3144,42098.4
2026-08-16 08:15:00,1.3144,1.3155,1.3104,1.3116,32701.35
2026-08-16 08:20:00,1.3116,1.3139,1.3065,1.3068,3002.4
2026-08-16 08:25:00,1.3068,1.3076,1.3032,1.3043,102415.89
2026-08-16 08:30:00,1.3043,1.3046,1.2985,1.301,42390.06
2026-08-16 08:35:00,1.301,1.3031,1.2982,1.3025,259985.55
2026-08-16 08:40:00,1.3025,1.3032,1.2999,1.3018,31132.02
2026-08-16 08:45:00,1.3018,1.3028,1.3018,1.3025,4417.39
2026-08-16 08:50:00,1.3025,1.3038,1.2997,1.3032,256023.59
2026-08-16 08:55:00,1.3032,1.3081,1.3031,1.3046,171384.33
2026-08-16 09:00:00,1.3046,1.3078,1.3034,1.3069,18890.22
2026-08-16 09:05:00,1.3069,1.3108,1.3052,1.3087,5368.55
2026-08-16 09:10:00,1.3087,1.3097,1.305,1.3069,13622.34
2026-08-16 09:15:00,1.3069,1.3073,1.3005,1.3014,117905.96
2026-08-16 09:20:00,1.3014,1.3034,1.3005,1.3028,33474.19
2026-08-16 09:25:00,1.3028,1.3038,1.2987,1.3003,64767.99
2026-08-16 09:30:00,1.3003,1.3038,1.297,1.3027,300712.4
2026-08-16 09:35:00,1.3027,1.3069,1.3025,1.3055,62324.3
2026-08-16 09:40:00,1.3055,1.3069,1.3012,1.3014,28533.88
2026-08-16 09:45:00,1.3014,1.3037,1.2964,1.3029,217890.15
2026-08-16 09:50:00,1.3029,1.3034,1.3026,1.3029,56634.21
2026-08-16 09:55:00,1.3029,1.3029,1.3025,1.3028,95970.34
2026-08-16 10:00:00,1.3028,1.3085,1.3016,1.3068,27262.3
2026-08-16 10:05:00,1.3068,1.3069,1.3053,1.3066,12261.64
2026-08-16 10:10:00,1.3066,1.307,1.3017,1.3032,125094.94
2026-08-16 10:15:00,1.3032,1.3064,1.3009,1.3041,18543.44
2026-08-16 10:20:00,1.3041,1.3126,1.3025,1.3095,136316.63
2026-08-16 10:25:00,1.3095,1.3115,1.3088,1.3104,30169.65
2026-08-16 10:30:00,1.3104,1.3115,1.3078,1.3109,29046.16
2026-08-16 10:35:00,1.3109,1.3125,1.3094,1.3111,1066.61
2026-08-16 10:40:00,1.3111,1.3111,1.3068,1.307,48927.83
2026-08-16 10:45:00,1.307,1.3095,1.3069,1.3077,123933.28
2026-08-16 10:50:00,1.3077,1.3108,1.3058,1.3101,3008.97
2026-08-16 10:55:00,1.3101,1.3137,1.3083,1.3111,53887.78
2026-08-16 11:00:00,1.3111,1.3128,1.311,1.3117,31548.74
2026-08-16 11:05:00,1.3117,1.3146,1.3116,1.3144,99262.17
2026-08-16 11:10:00,1.3144,1.3157,1.311,1.3136,58487.88
2026-08-16 11:15:00,1.3136,1.3145,1.3129,1.3144,28568.8
2026-08-16 11:20:00,1.3144,1.3157,1.3138,1.3151,13667.48
2026-08-16 11:25:00,1.3151,1.3182,1.315,1.3167,173467.31
2026-08-16 11:30:00,1.3167,1.3248,1.3163,1.3214,94740.99
2026-08-16 11:35:00,1.3214,1.3264,1.3192,1.32,238005.33
2026-08-16 11:40:00,1.32,1.3221,1.3197,1.3214,27295.75
2026-08-16 11:45:00,1.3214,1.3235,1.3202,1.3212,46885.38
2026-08-16 11:50:00,1.3212,1.3236,1.3199,1.3228,75377.24
2026-08-16 11:55:00,1.3228,1.3241,1.3222,1.3239,22119.8
2026-08-16 12:00:00,1.3239,1.3244,1.3179,1.3196,131520.37
2026-08-16 12:05:00,1.3196,1.3214,1.3187,1.3202,22799.28
2026-08-16 12:10:00,1.3202,1.3231,1.32,1.3211,41887.14
2026-08-16 12:15:00,1.3211,1.3218,1.3168,1.3174,49101.78
2026-08-16 12:20:00,1.3174,1.3185,1.3133,1.3169,31414.26
2026-08-16 12:25:00,1.3169,1.3186,1.3158,1.3185,102880.52
2026-08-16 12:30:00,1.3185,1.3191,1.3136,1.3139,6923.82
2026-08-16 12:35:00,1.3139,1.3148,1.31,1.3126,127413.7
2026-08-16 12:40:00,1.3126,1.3159,1.3126,1.3153,7836.0
2026-08-16 12:45:00,1.3153,1.3168,1.3124,1.313,13629.62
2026-08-16 12:50:00,1.313,1.3133,1.311,1.3117,10631.94
2026-08-16 12:55:00,1.3117,1.3125,1.3067,1.308,59296.83
2026-08-16 13:00:00,1.308,1.3111,1.3078,1.3091,3949.54
2026-08-16 13:05:00,1.3091,1.3104,1.3059,1.3074,15328.71
2026-08-16 13:10:00,1.3074,1.3085,1.304,1.304,114152.74
2026-08-16 13:15:00,1.304,1.3118,1.3012,1.3087,13720.04
2026-08-16 13:20:00,1.3087,1.3088,1.3032,1.304,24573.37
2026-08-16 13:25:00,1.304,1.3072,1.2996,1.3013,2652.5
2026-08-16 13:30:00,1.3013,1.3041,1.299,1.3034,275627.72
2026-08-16 13:35:00,1.3034,1.3093,1.3009,1.3074,51581.66
2026-08-16 13:40:00,1.3074,1.309,1.306,1.3082,19485.15
2026-08-16 13:45:00,1.3082,1.3122,1.3068,1.3104,123256.61
2026-08-16 13:50:00,1.3104,1.3119,1.3075,1.3091,82527.78
2026-08-16 13:55:00,1.3091,1.3095,1.3047,1.3056,2776.57
2026-08-16 14:00:00,1.3056,1.3121,1.3049,1.3101,47682.11
2026-08-16 14:05:00,1.3101,1.3122,1.3099,1.3111,11125.75
2026-08-16 14:10:00,1.3111,1.3124,1.3093,1.311,111643.05
2026-08-16 14:15:00,1.311,1.3118,1.307,1.3083,54638.52
2026-08-16 14:20:00,1.3083,1.3098,1.3078,1.3098,7715.55
2026-08-16 14:25:00,1.3098,1.312,1.3094,1.3117,162340.48
2026-08-16 14:30:00,1.3117,1.3138,1.3098,1.3121,10324.37
2026-08-16 14:35:00,1.3121,1.3142,1.3075,1.3081,35028.84
2026-08-16 14:40:00,1.3081,1.3106,1.306,1.3091,42755.85
2026-08-16 14:45:00,1.3091,1.3111,1.3087,1.3106,17426.13
2026-08-16 14:50:00,1.3106,1.311,1.3096,1.3105,23034.87
2026-08-16 14:55:00,1.3105,1.3137,1.3096,1.313,5936.06
2026-08-16 15:00:00,1.313,1.315,1.3097,1.3104,66272.31
2026-08-16 15:05:00,1.3104,1.3106,1.3069,1.3084,26720.55
2026-08-16 15:10:00,1.3084,1.3116,1.3069,1.3102,21047.57
2026-08-16 15:15:00,1.3102,1.3121,1.3086,1.3096,12670.23
2026-08-16 15:20:00,1.3096,1.3159,1.3071,1.3131,127580.15
2026-08-16 15:25:00,1.3131,1.3151,1.3122,1.3146,168625.51
2026-08-16 15:30:00,1.3146,1.3183,1.3138,1.3172,112301.71
2026-08-16 15:35:00,1.3172,1.318,1.3131,1.3148,6768.35
2026-08-16 15:40:00,1.3148,1.3193,1.3136,1.3179,162887.91
2026-08-16 15:45:00,1.3179,1.3195,1.3172,1.3193,82581.99
2026-08-16 15:50:00,1.3193,1.321,1.3182,1.3201,146652.95
2026-08-16 15:55:00,1.3201,1.3244,1.3193,1.3226,18287.05
2026-08-16 16:00:00,1.3226,1.3278,1.318,1.319,87622.18
2026-08-16 16:05:00,1.319,1.3198,1.3178,1.3186,75618.33
2026-08-16 16:10:00,1.3186,1.3202,1.316,1.3171,14470.83
2026-08-16 16:15:00,1.3171,1.3205,1.3156,1.3162,7048.29
2026-08-16 16:20:00,1.3162,1.3168,1.3145,1.3147,27714.29
2026-08-16 16:25:00,1.3147,1.316,1.313,1.3138,47196.83
2026-08-16 16:30:00,1.3138,1.316,1.3103,1.3108,108629.17
2026-08-16 16:35:00,1.3108,1.3118,1.3083,1.3111,40713.74
2026-08-16 16:40:00,1.3111,1.3121,1.3063,1.3079,17471.13
2026-08-16 16:45:00,1.3079,1.3079,1.3061,1.3073,8658.91
2026-08-16 16:50:00,1.3073,1.3089,1.3054,1.3067,34720.53
2026-08-16 16:55:00,1.3067,1.3078,1.3023,1.3043,31640.6
2026-08-16 17:00:00,1.3043,1.3047,1.2995,1.3015,44885.41
2026-08-16 17:05:00,1.3015,1.3038,1.2967,1.3029,186390.61
2026-08-16 17:10:00,1.3029,1.306,1.3007,1.3052,86681.7
2026-08-16 17:15:00,1.3052,1.3084,1.3049,1.3066,92831.29
2026-08-16 17:20:00,1.3066,1.3087,1.3044,1.3077,86784.51
2026-08-16 17:25:00,1.3077,1.3096,1.3069,1.3075,10865.34
2026-08-16 17:30:00,1.3075,1.3101,1.3074,1.3095,54530.74
2026-08-16 17:35:00,1.3095,1.3136,1.3066,1.3098,136058.49
2026-08-16 17:40:00,1.3098,1.3119,1.3081,1.31,40523.06
2026-08-16 17:45:00,1.31,1.3138,1.3079,1.3131,13797.74
2026-08-16 17:50:00,1.3131,1.3145,1.3101,1.3117,46166.83
2026-08-16 17:55:00,1.3117,1.3136,1.3095,1.3101,36751.91
2026-08-16 18:00:00,1.3101,1.312,1.3098,1.312,16910.82
2026-08-16 18:05:00,1.312,1.3121,1.3076,1.3099,160884.65
2026-08-16 18:10:00,1.3099,1.3123,1.3062,1.3076,39582.23
2026-08-16 18:15:00,1.3076,1.3105,1.3064,1.3097,96971.57
2026-08-16 18:20:00,1.3097,1.3126,1.3087,1.3122,21095.12
2026-08-16 18:25:00,1.3122,1.3153,1.3119,1.314,27196.09
2026-08-16 18:30:00,1.314,1.3173,1.3138,1.316,71786.07
2026-08-16 18:35:00,1.316,1.3175,1.3131,1.3143,12062.78
2026-08-16 18:40:00,1.3143,1.3159,1.3122,1.3141,16246.34
2026-08-16 18:45:00,1.3141,1.3164,1.3128,1.314,58856.26
2026-08-16 18:50:00,1.314,1.3152,1.3132,1.3132,54322.96
2026-08-16 18:55:00,1.3132,1.3156,1.313,1.3134,8761.5
2026-08-16 19:00:00,1.3134,1.316,1.3116,1.3144,202935.58
2026-08-16 19:05:00,1.3144,1.3164,1.3143,1.3157,14524.54
2026-08-16 19:10:00,1.3157,1.3179,1.3079,1.3093,574.31
2026-08-16 19:15:00,1.3093,1.3103,1.3058,1.3072,36158.29
2026-08-16 19:20:00,1.3072,1.31,1.307,1.3092,21440.7
2026-08-16 19:25:00,1.3092,1.3122,1.3069,1.3119,23636.76
2026-08-16 19:30:00,1.3119,1.3121,1.3067,1.3086,49482.48
2026-08-16 19:35:00,1.3086,1.3092,1.308,1.3092,49349.25
2026-08-16 19:40:00,1.3092,1.3118,1.308,1.3101,20144.74
2026-08-16 19:45:00,1.3101,1.3114,1.304,1.3054,56270.8
2026-08-16 19:50:00,1.3054,1.3058,1.3013,1.3043,29692.93
2026-08-16 19:55:00,1.3043,1.3094,1.3031,1.3073,10522.96
2026-08-16 20:00:00,1.3073,1.3073,1.3055,1.3056,868.89
2026-08-16 20:05:00,1.3056,1.3094,1.3042,1.308,84801.73
2026-08-16 20:10:00,1.308,1.3081,1.3041,1.3053,45691.65
2026-08-16 20:15:00,1.3053,1.3059,1.3011,1.3021,95929.96
2026-08-16 20:20:00,1.3021,1.3052,1.2983,1.3046,420771.41
2026-08-16 20:25:00,1.3046,1.3054,1.3038,1.3042,19016.42
2026-08-16 20:30:00,1.3042,1.31,1.301,1.308,57377.57
2026-08-16 20:35:00,1.308,1.3099,1.3055,1.3067,33377.23
2026-08-16 20:40:00,1.3067,1.3085,1.3058,1.3061,249427.58
2026-08-16 20:45:00,1.3061,1.3101,1.3048,1.3089,286501.61
2026-08-16 20:50:00,1.3089,1.3125,1.3087,1.3113,5221.83
2026-08-16 20:55:00,1.3113,1.3126,1.3074,1.3077,156088.96
2026-08-16 21:00:00,1.3077,1.3101,1.3049,1.3089,12595.69
2026-08-16 21:05:00,1.3089,1.3094,1.3084,1.309,54404.81
2026-08-16 21:10:00,1.309,1.3112,1.308,1.3104,26307.19
2026-08-16 21:15:00,1.3104,1.311,1.3088,1.3109,9366.1
2026-08-16 21:20:00,1.3109,1.315,1.31,1.3145,160234.44
2026-08-16 21:25:00,1.3145,1.3165,1.3139,1.3153,462.41
2026-08-16 21:30:00,1.3153,1.3174,1.3129,1.3137,95059.08
2026-08-16 21:35:00,1.3137,1.3161,1.3036,1.3057,151657.26
2026-08-16 21:40:00,1.3057,1.3103,1.3037,1.3065,2407.63
2026-08-16 21:45:00,1.3065,1.311,1.3045,1.3102,62720.68
2026-08-16 21:50:00,1.3102,1.3118,1.31,1.311,8721.47
2026-08-16 21:55:00,1.311,1.3121,1.3055,1.3077,7252.56
2026-08-16 22:00:00,1.3077,1.308,1.3066,1.3075,113544.28
2026-08-16 22:05:00,1.3075,1.3102,1.3062,1.3097,16170.31
2026-08-16 22:10:00,1.3097,1.3114,1.3089,1.3113,22452.44
2026-08-16 22:15:00,1.3113,1.3151,1.3091,1.31,50267.25
2026-08-16 22:20:00,1.31,1.3131,1.3086,1.3088,85118.58
2026-08-16 22:25:00,1.3088,1.3103,1.3041,1.3063,30775.19
2026-08-16 22:30:00,1.3063,1.3099,1.3055,1.3088,50729.14
2026-08-16 22:35:00,1.3088,1.3095,1.3047,1.305,430.83
2026-08-16 22:40:00,1.305,1.3053,1.3021,1.3028,32346.23
2026-08-16 22:45:00,1.3028,1.304,1.3025,1.3037,727.14
2026-08-16 22:50:00,1.3037,1.3053,1.3021,1.3041,99445.38
2026-08-16 22:55:00,1.3041,1.306,1.3028,1.3042,71887.44
2026-08-16 23:00:00,1.3042,1.3051,1.3038,1.3043,30217.09
2026-08-16 23:05:00,1.3043,1.3049,1.3033,1.3039,33760.08
2026-08-16 23:10:00,1.3039,1.3063,1.3013,1.3058,7598.86
2026-08-16 23:15:00,1.3058,1.308,1.305,1.3079,51208.24
2026-08-16 23:20:00,1.3079,1.3092,1.3074,1.308,123591.06
2026-08-16 23:25:00,1.308,1.3094,1.3044,1.3061,14132.15
2026-08-16 23:30:00,1.3061,1.3069,1.3017,1.3049,1067.26
2026-08-16 23:35:00,1.3049,1.3055,1.3033,1.3038,25158.55
2026-08-16 23:40:00,1.3038,1.308,1.3036,1.3061,140505.41
2026-08-16 23:45:00,1.3061,1.3063,1.3031,1.3036,1953.63
2026-08-16 23:50:00,1.3036,1.3064,1.2999,1.3058,28879.63
2026-08-16 23:55:00,1.3058,1.3067,1.3049,1.306,31525.79
2026-08-17 00:00:00,1.306,1.3076,1.3057,1.3066,196687.41
2026-08-17 00:05:00,1.3066,1.3083,1.306,1.3066,2990.3
2026-08-17 00:10:00,1.3066,1.3078,1.303,1.3052,37599.74
2026-08-17 00:15:00,1.3052,1.3086,1.304,1.305,25061.26
2026-08-17 00:20:00,1.305,1.3065,1.3033,1.3049,24919.44
2026-08-17 00:25:00,1.3049,1.3053,1.2979,1.3015,28250.05
2026-08-17 00:30:00,1.3015,1.3061,1.3014,1.3046,7229.99
2026-08-17 00:35:00,1.3046,1.3076,1.3042,1.3044,136426.92
2026-08-17 00:40:00,1.3044,1.3071,1.2998,1.303,142633.01
2026-08-17 00:45:00,1.303,1.3053,1.3024,1.303,284231.98
2026-08-17 00:50:00,1.303,1.3053,1.2979,1.3049,117390.43
2026-08-17 00:55:00,1.3049,1.3078,1.3038,1.3063,58680.88
2026-08-17 01:00:00,1.3063,1.3083,1.3011,1.302,90171.0
2026-08-17 01:05:00,1.302,1.3056,1.2963,1.3048,165047.42
2026-08-17 01:10:00,1.3048,1.306,1.3024,1.3038,5760.13
2026-08-17 01:15:00,1.3038,1.3062,1.3027,1.3043,74623.5
2026-08-17 01:20:00,1.3043,1.307,1.303,1.3056,22573.17
2026-08-17 01:25:00,1.3056,1.3058,1.3028,1.3045,15390.63
2026-08-17 01:30:00,1.3045,1.3048,1.3004,1.3011,178185.53
2026-08-17 01:35:00,1.3011,1.3048,1.2936,1.2954,94702.87
2026-08-17 01:40:00,1.2954,1.2986,1.291,1.2978,100059.75
2026-08-17 01:45:00,1.2978,1.2986,1.2955,1.2963,87400.34
2026-08-17 01:50:00,1.2963,1.2972,1.294,1.2968,122916.68
2026-08-17 01:55:00,1.2968,1.2977,1.2956,1.2976,84393.53
2026-08-17 02:00:00,1.2976,1.3005,1.2972,1.2974,93580.63
2026-08-17 02:05:00,1.2974,1.3003,1.2947,1.2954,29324.43
2026-08-17 02:10:00,1.2954,1.2988,1.2932,1.2944,19211.01
2026-08-17 02:15:00,1.2944,1.2967,1.2922,1.2955,105642.68
2026-08-17 02:20:00,1.2955,1.2957,1.2889,1.2926,152020.78
2026-08-17 02:25:00,1.2926,1.2935,1.2904,1.2927,51569.36
2026-08-17 02:30:00,1.2927,1.2953,1.2914,1.2936,38094.03
2026-08-17 02:35:00,1.2936,1.294,1.2925,1.2929,57101.76
2026-08-17 02:40:00,1.2929,1.2994,1.2919,1.2979,21626.55
2026-08-17 02:45:00,1.2979,1.3002,1.2922,1.2995,209027.2
2026-08-17 02:50:00,1.2995,1.3022,1.2987,1.3003,60465.11
2026-08-17 02:55:00,1.3003,1.3035,1.2978,1.303,211587.89
2026-08-17 03:00:00,1.303,1.3076,1.2993,1.3065,77854.55
2026-08-17 03:05:00,1.3065,1.3076,1.3052,1.3068,14392.87
2026-08-17 03:10:00,1.3068,1.3119,1.305,1.3103,287.61
2026-08-17 03:15:00,1.3103,1.3118,1.3084,1.3097,121782.52
2026-08-17 03:20:00,1.3097,1.3138,1.3074,1.3124,279632.6
2026-08-17 03:25:00,1.3124,1.3171,1.3122,1.3161,95922.31
2026-08-17 03:30:00,1.3161,1.3172,1.3157,1.3162,68277.31
2026-08-17 03:35:00,1.3162,1.3183,1.3136,1.3142,15452.62
2026-08-17 03:40:00,1.3142,1.3163,1.3132,1.316,8978.53
2026-08-17 03:45:00,1.316,1.3191,1.3133,1.3145,674032.56
2026-08-17 03:50:00,1.3145,1.3185,1.3096,1.3106,204423.85
2026-08-17 03:55:00,1.3106,1.3125,1.3071,1.3119,2441.77
2026-08-17 04:00:00,1.3119,1.3135,1.3081,1.3098,22981.49
2026-08-17 04:05:00,1.3098,1.3139,1.3095,1.3117,183025.56
2026-08-17 04:10:00,1.3117,1.3125,1.3041,1.3062,4959.58
2026-08-17 04:15:00,1.3062,1.3089,1.3049,1.3078,16772.65
2026-08-17 04:20:00,1.3078,1.3089,1.3067,1.3085,58251.79
2026-08-17 04:25:00,1.3085,1.3102,1.3085,1.3089,23387.02
2026-08-17 04:30:00,1.3089,1.3103,1.3082,1.3102,1710.76
2026-08-17 04:35:00,1.3102,1.312,1.3071,1.3077,9661.78
2026-08-17 04:40:00,1.3077,1.3101,1.3075,1.3097,13836.58
2026-08-17 04:45:00,1.3097,1.3105,1.3062,1.3071,110405.2
2026-08-17 04:50:00,1.3071,1.3075,1.3055,1.3058,112.61
2026-08-17 04:55:00,1.3058,1.3084,1.3036,1.304,63111.92
2026-08-17 05:00:00,1.304,1.3051,1.3027,1.3028,36683.26
2026-08-17 05:05:00,1.3028,1.3032,1.3007,1.301,98975.89
2026-08-17 05:10:00,1.301,1.3038,1.2988,1.2994,71076.96
2026-08-17 05:15:00,1.2994,1.3014,1.2967,1.2972,15113.97
2026-08-17 05:20:00,1.2972,1.2976,1.2929,1.2943,96783.77
2026-08-17 05:25:00,1.2943,1.2947,1.2926,1.2932,2545.27
2026-08-17 05:30:00,1.2932,1.2941,1.2921,1.2936,31970.33
2026-08-17 05:35:00,1.2936,1.2985,1.2911,1.2974,65320.05
2026-08-17 05:40:00,1.2974,1.301,1.2961,1.2997,5319.44
2026-08-17 05:45:00,1.2997,1.3033,1.2994,1.3029,40139.67
2026-08-17 05:50:00,1.3029,1.3049,1.3013,1.302,137122.74
2026-08-17 05:55:00,1.302,1.3022,1.2997,1.301,25415.63
2026-08-17 06:00:00,1.301,1.3022,1.295,1.2961,7564.37
2026-08-17 06:05:00,1.2961,1.2993,1.2952,1.2979,44629.88
2026-08-17 06:10:00,1.2979,1.3003,1.296,1.2961,26488.86
2026-08-17 06:15:00,1.2961,1.2971,1.2921,1.2921,252412.59
2026-08-17 06:20:00,1.2921,1.2954,1.2879,1.2944,66415.12
2026-08-17 06:25:00,1.2944,1.2964,1.2935,1.2944,9848.66
2026-08-17 06:30:00,1.2944,1.2993,1.2889,1.2981,478254.24
2026-08-17 06:35:00,1.2981,1.2993,1.2975,1.2986,2382.49
2026-08-17 06:40:00,1.2986,1.2999,1.2971,1.2994,130483.13
2026-08-17 06:45:00,1.2994,1.2998,1.2954,1.297,8077.86
2026-08-17 06:50:00,1.297,1.2988,1.2967,1.2977,37196.55
2026-08-17 06:55:00,1.2977,1.2994,1.2968,1.2972,128615.24
2026-08-17 07:00:00,1.2972,1.3001,1.2953,1.2982,33217.21
2026-08-17 07:05:00,1.2982,1.2986,1.2948,1.2964,10766.48
2026-08-17 07:10:00,1.2964,1.2999,1.2934,1.2986,65402.03
2026-08-17 07:15:00,1.2986,1.299,1.2982,1.2989,13015.76
2026-08-17 07:20:00,1.2989,1.3021,1.2977,1.3016,60841.5
2026-08-17 07:25:00,1.3016,1.3027,1.3011,1.3013,6427.82
2026-08-17 07:30:00,1.3013,1.302,1.3009,1.301,27616.99
2026-08-17 07:35:00,1.301,1.3021,1.2995,1.302,76772.26
2026-08-17 07:40:00,1.302,1.3042,1.301,1.3012,57989.66
2026-08-17 07:45:00,1.3012,1.3026,1.2989,1.3,18067.23
2026-08-17 07:50:00,1.3,1.3005,1.2987,1.3002,28419.56
2026-08-17 07:55:00,1.3002,1.3019,1.2971,1.2995,33245.3
2026-08-17 08:00:00,1.2995,1.3023,1.2989,1.2992,70989.98
2026-08-17 08:05:00,1.2992,1.3018,1.2979,1.3001,26181.84
2026-08-17 08:10:00,1.3001,1.3015,1.2973,1.2979,23102.44
2026-08-17 08:15:00,1.2979,1.2979,1.2952,1.2963,30880.61
2026-08-17 08:20:00,1.2963,1.2978,1.295,1.2974,9060.99
2026-08-17 08:25:00,1.2974,1.3,1.2947,1.2949,44551.82
2026-08-17 08:30:00,1.2949,1.2992,1.2938,1.2983,841.06
2026-08-17 08:35:00,1.2983,1.2991,1.2975,1.2981,11106.79
2026-08-17 08:40:00,1.2981,1.2999,1.2967,1.2995,3882.58
2026-08-17 08:45:00,1.2995,1.3002,1.2991,1.2993,35691.68
2026-08-17 08:50:00,1.2993,1.2994,1.2981,1.2985,6750.34
2026-08-17 08:55:00,1.2985,1.2995,1.2965,1.2994,8996.44
2026-08-17 09:00:00,1.2994,1.3011,1.2974,1.2997,17068.71
2026-08-17 09:05:00,1.2997,1.3022,1.2973,1.2994,12949.15
2026-08-17 09:10:00,1.2994,1.2994,1.296,1.2975,123985.41
2026-08-17 09:15:00,1.2975,1.2993,1.2949,1.2957,130735.55
2026-08-17 09:20:00,1.2957,1.2963,1.2885,1.2912,939.26
2026-08-17 09:25:00,1.2912,1.2938,1.2859,1.293,326641.96
2026-08-17 09:30:00,1.293,1.2972,1.2899,1.2963,532825.11
2026-08-17 09:35:00,1.2963,1.3028,1.2932,1.3028,175680.62
2026-08-17 09:40:00,1.3028,1.3058,1.3014,1.3023,890.45
2026-08-17 09:45:00,1.3023,1.3028,1.2989,1.3008,52393.68
2026-08-17 09:50:00,1.3008,1.3025,1.2996,1.3009,59911.76
2026-08-17 09:55:00,1.3009,1.3019,1.3006,1.301,81597.79
2026-08-17 10:00:00,1.301,1.3017,1.2984,1.2985,20079.68
2026-08-17 10:05:00,1.2985,1.2998,1.297,1.2978,23403.1
2026-08-17 10:10:00,1.2978,1.2981,1.294,1.2955,81894.92
2026-08-17 10:15:00,1.2955,1.2977,1.2927,1.2929,125569.56
2026-08-17 10:20:00,1.2929,1.2969,1.2883,1.2964,402363.21
2026-08-17 10:25:00,1.2964,1.2978,1.2906,1.2938,83776.95
2026-08-17 10:30:00,1.2938,1.2938,1.2914,1.2931,40077.88
2026-08-17 10:35:00,1.2931,1.2957,1.2913,1.2918,12920.29
2026-08-17 10:40:00,1.2918,1.2948,1.2897,1.2899,15624.27
2026-08-17 10:45:00,1.2899,1.2932,1.287,1.2916,89516.83
2026-08-17 10:50:00,1.2916,1.2962,1.286,1.2953,208073.76
2026-08-17 10:55:00,1.2953,1.2955,1.2926,1.2929,28792.34
2026-08-17 11:00:00,1.2929,1.2945,1.2841,1.2868,39221.15
2026-08-17 11:05:00,1.2868,1.2879,1.2844,1.2847,6804.63
2026-08-17 11:10:00,1.2847,1.288,1.28,1.2872,179366.88
2026-08-17 11:15:00,1.2872,1.2897,1.2816,1.2836,19485.74
2026-08-17 11:20:00,1.2836,1.2881,1.2806,1.2869,367811.04
2026-08-17 11:25:00,1.2869,1.2897,1.2849,1.2887,44634.48
2026-08-17 11:30:00,1.2887,1.2896,1.2881,1.2892,59623.16
2026-08-17 11:35:00,1.2892,1.2894,1.2861,1.2871,33861.53
2026-08-17 11:40:00,1.2871,1.2883,1.2862,1.2866,61350.43
2026-08-17 11:45:00,1.2866,1.2893,1.2848,1.2874,14508.92
2026-08-17 11:50:00,1.2874,1.2928,1.2863,1.2922,8870.67
2026-08-17 11:55:00,1.2922,1.2937,1.2913,1.2932,48979.47
2026-08-17 12:00:00,1.2932,1.2935,1.2919,1.2935,22168.55
2026-08-17 12:05:00,1.2935,1.2958,1.2917,1.2945,28160.16
2026-08-17 12:10:00,1.2945,1.2966,1.2934,1.2955,75739.22
2026-08-17 12:15:00,1.2955,1.2972,1.2931,1.2945,14121.64
2026-08-17 12:20:00,1.2945,1.2964,1.2924,1.293,720.7
2026-08-17 12:25:00,1.293,1.2935,1.2913,1.2935,42386.04
2026-08-17 12:30:00,1.2935,1.2941,1.2931,1.2935,49704.5
2026-08-17 12:35:00,1.2935,1.297,1.291,1.2962,9424.38
2026-08-17 12:40:00,1.2962,1.2974,1.2956,1.2967,72520.25
2026-08-17 12:45:00,1.2967,1.2983,1.2935,1.2974,36584.03
2026-08-17 12:50:00,1.2974,1.2986,1.294,1.2967,36372.1
2026-08-17 12:55:00,1.2967,1.2985,1.2963,1.2978,5917.15
2026-08-17 13:00:00,1.2978,1.2981,1.2951,1.2964,74911.81
2026-08-17 13:05:00,1.2964,1.3014,1.2953,1.2987,44931.38
2026-08-17 13:10:00,1.2987,1.3024,1.2984,1.3001,4985.19
2026-08-17 13:15:00,1.3001,1.3011,1.2991,1.2998,7704.72
2026-08-17 13:20:00,1.2998,1.3016,1.2977,1.2993,157526.25
2026-08-17 13:25:00,1.2993,1.3024,1.2985,1.3016,21492.54
2026-08-17 13:30:00,1.3016,1.3053,1.2995,1.3,207891.37
2026-08-17 13:35:00,1.3,1.3033,1.2966,1.2979,25278.2
2026-08-17 13:40:00,1.2979,1.3014,1.2966,1.297,30289.89
2026-08-17 13:45:00,1.297,1.302,1.297,1.2993,78698.12
2026-08-17 13:50:00,1.2993,1.3059,1.2992,1.3044,18532.15
2026-08-17 13:55:00,1.3044,1.3051,1.3017,1.3038,17625.16
2026-08-17 14:00:00,1.3038,1.308,1.3001,1.3006,67438.02
2026-08-17 14:05:00,1.3006,1.3023,1.2984,1.2987,4590.48
2026-08-17 14:10:00,1.2987,1.2997,1.2932,1.2959,23651.9
2026-08-17 14:15:00,1.2959,1.296,1.2906,1.2915,25844.07
2026-08-17 14:20:00,1.2915,1.2917,1.2896,1.2898,99165.88
2026-08-17 14:25:00,1.2898,1.2901,1.2845,1.2855,5695.61
2026-08-17 14:30:00,1.2855,1.2864,1.2816,1.2823,24623.15
2026-08-17 14:35:00,1.2823,1.2829,1.2788,1.2803,8657.49
2026-08-17 14:40:00,1.2803,1.282,1.2781,1.2815,438818.7
2026-08-17 14:45:00,1.2815,1.2844,1.2798,1.283,14381.52
2026-08-17 14:50:00,1.283,1.2846,1.2823,1.2826,5318.82
2026-08-17 14:55:00,1.2826,1.2881,1.2825,1.2879,45163.38
2026-08-17 15:00:00,1.2879,1.2884,1.2857,1.2857,45942.4
2026-08-17 15:05:00,1.2857,1.2869,1.2848,1.286,9163.93
2026-08-17 15:10:00,1.286,1.2869,1.2822,1.2835,13628.21
2026-08-17 15:15:00,1.2835,1.286,1.2789,1.2852,117651.76
2026-08-17 15:20:00,1.2852,1.2887,1.2841,1.2882,37962.95
2026-08-17 15:25:00,1.2882,1.2912,1.2872,1.2878,51602.61
2026-08-17 15:30:00,1.2878,1.2883,1.2872,1.2873,33752.02
2026-08-17 15:35:00,1.2873,1.2874,1.2863,1.2868,77882.81
2026-08-17 15:40:00,1.2868,1.2869,1.2866,1.2867,13989.33
2026-08-17 15:45:00,1.2867,1.2879,1.2861,1.2874,24646.93
2026-08-17 15:50:00,1.2874,1.2924,1.2858,1.2916,333923.44
2026-08-17 15:55:00,1.2916,1.2921,1.2908,1.2917,43694.94
2026-08-17 16:00:00,1.2917,1.293,1.2902,1.2922,22057.25
2026-08-17 16:05:00,1.2922,1.2922,1.2878,1.2889,75738.11
2026-08-17 16:10:00,1.2889,1.2909,1.2853,1.2866,1581.6
2026-08-17 16:15:00,1.2866,1.2901,1.2849,1.2888,41435.87
2026-08-17 16:20:00,1.2888,1.2941,1.2877,1.2941,37464.26
2026-08-17 16:25:00,1.2941,1.2958,1.2889,1.292,20930.45
2026-08-17 16:30:00,1.292,1.2924,1.2911,1.2915,85723.52
2026-08-17 16:35:00,1.2915,1.2947,1.2908,1.2933,38924.58
2026-08-17 16:40:00,1.2933,1.2933,1.2913,1.2931,93987.53
2026-08-17 16:45:00,1.2931,1.297,1.2926,1.2956,8821.19
2026-08-17 16:50:00,1.2956,1.2962,1.2942,1.2943,157489.87
2026-08-17 16:55:00,1.2943,1.2983,1.2918,1.2971,25062.72
2026-08-17 17:00:00,1.2971,1.3025,1.2969,1.2996,4550.11
2026-08-17 17:05:00,1.2996,1.3015,1.297,1.2975,18393.36
2026-08-17 17:10:00,1.2975,1.2996,1.2957,1.2984,30008.24
2026-08-17 17:15:00,1.2984,1.299,1.2961,1.2976,14135.67
2026-08-17 17:20:00,1.2976,1.2991,1.2952,1.2987,18105.4
2026-08-17 17:25:00,1.2987,1.2999,1.2973,1.298,15231.02
2026-08-17 17:30:00,1.298,1.3024,1.2954,1.2996,64628.09
2026-08-17 17:35:00,1.2996,1.3019,1.2965,1.2979,50305.94
2026-08-17 17:40:00,1.2979,1.3009,1.2977,1.2994,59280.17
2026-08-17 17:45:00,1.2994,1.3035,1.2988,1.3026,95416.79
2026-08-17 17:50:00,1.3026,1.3039,1.2985,1.2991,169223.22
2026-08-17 17:55:00,1.2991,1.3006,1.2961,1.297,74726.64
2026-08-17 18:00:00,1.297,1.298,1.2953,1.2959,132448.21
2026-08-17 18:05:00,1.2959,1.2975,1.2958,1.2973,23325.98
2026-08-17 18:10:00,1.2973,1.298,1.2965,1.2965,5319.35
2026-08-17 18:15:00,1.2965,1.2986,1.2916,1.2925,38275.18
2026-08-17 18:20:00,1.2925,1.2933,1.2896,1.29,17558.32
2026-08-17 18:25:00,1.29,1.2912,1.2861,1.2892,40287.61
2026-08-17 18:30:00,1.2892,1.2898,1.2811,1.2826,108041.57
2026-08-17 18:35:00,1.2826,1.2851,1.282,1.2842,37854.95
2026-08-17 18:40:00,1.2842,1.2855,1.2813,1.2835,161450.33
2026-08-17 18:45:00,1.2835,1.2837,1.2805,1.2823,61733.77
2026-08-17 18:50:00,1.2823,1.285,1.28,1.2844,109002.04
2026-08-17 18:55:00,1.2844,1.2858,1.2825,1.2848,119869.52
2026-08-17 19:00:00,1.2848,1.2869,1.284,1.2869,137050.61
2026-08-17 19:05:00,1.2869,1.2912,1.2864,1.2907,130727.58
2026-08-17 19:10:00,1.2907,1.2923,1.2883,1.289,2075.11
2026-08-17 19:15:00,1.289,1.2904,1.2886,1.2897,55514.56
2026-08-17 19:20:00,1.2897,1.2901,1.287,1.2878,28708.34
2026-08-17 19:25:00,1.2878,1.2903,1.285,1.2863,116879.49
2026-08-17 19:30:00,1.2863,1.2884,1.2852,1.2858,61551.0
2026-08-17 19:35:00,1.2858,1.2871,1.2822,1.2835,76954.76
2026-08-17 19:40:00,1.2835,1.2858,1.2827,1.2851,4274.02
2026-08-17 19:45:00,1.2851,1.2903,1.2846,1.288,140593.83
2026-08-17 19:50:00,1.288,1.29,1.285,1.2883,2223.17
2026-08-17 19:55:00,1.2883,1.2944,1.2871,1.2897,83550.56
2026-08-17 20:00:00,1.2897,1.293,1.2878,1.292,91510.46
2026-08-17 20:05:00,1.292,1.2956,1.2913,1.2944,54124.8
2026-08-17 20:10:00,1.2944,1.2947,1.2921,1.2935,13504.38
2026-08-17 20:15:00,1.2935,1.2939,1.2912,1.2938,13001.92
2026-08-17 20:20:00,1.2938,1.2984,1.2934,1.2978,158117.14
2026-08-17 20:25:00,1.2978,1.2979,1.2958,1.2964,90475.9
2026-08-17 20:30:00,1.2964,1.301,1.2948,1.2975,108854.78
2026-08-17 20:35:00,1.2975,1.2997,1.2946,1.2986,280194.84
2026-08-17 20:40:00,1.2986,1.3005,1.2971,1.299,91966.28
2026-08-17 20:45:00,1.299,1.2998,1.2963,1.2969,77615.62
2026-08-17 20:50:00,1.2969,1.2971,1.2946,1.2966,21889.32
2026-08-17 20:55:00,1.2966,1.2989,1.2965,1.2979,31958.46
2026-08-17 21:00:00,1.2979,1.3004,1.296,1.2995,33984.65
2026-08-17 21:05:00,1.2995,1.302,1.2979,1.3017,8107.09
2026-08-17 21:10:00,1.3017,1.3033,1.3008,1.3018,74287.58
2026-08-17 21:15:00,1.3018,1.3035,1.2989,1.2996,10440.88
2026-08-17 21:20:00,1.2996,1.3005,1.2982,1.2986,175011.41
2026-08-17 21:25:00,1.2986,1.3001,1.2933,1.2936,6103.9
2026-08-17 21:30:00,1.2936,1.2956,1.2894,1.2906,5903.41
2026-08-17 21:35:00,1.2906,1.2947,1.2893,1.2935,57397.49
2026-08-17 21:40:00,1.2935,1.2968,1.2928,1.2952,36386.42
2026-08-17 21:45:00,1.2952,1.2971,1.2937,1.2958,62293.21
2026-08-17 21:50:00,1.2958,1.2965,1.2895,1.2928,118138.56
2026-08-17 21:55:00,1.2928,1.2936,1.2882,1.289,174489.0
2026-08-17 22:00:00,1.289,1.2898,1.2868,1.2885,15611.62
2026-08-17 22:05:00,1.2885,1.2901,1.2816,1.2851,166542.34
2026-08-17 22:10:00,1.2851,1.2862,1.2816,1.2819,62718.23
2026-08-17 22:15:00,1.2819,1.2869,1.2784,1.2857,82491.92
2026-08-17 22:20:00,1.2857,1.2862,1.2834,1.2842,14806.29
2026-08-17 22:25:00,1.2842,1.286,1.2795,1.2856,408433.96
2026-08-17 22:30:00,1.2856,1.2878,1.2836,1.2854,29633.82
2026-08-17 22:35:00,1.2854,1.2868,1.2832,1.2862,9875.13
2026-08-17 22:40:00,1.2862,1.2876,1.2857,1.2862,170516.05
2026-08-17 22:45:00,1.2862,1.289,1.2833,1.2838,7458.39
2026-08-17 22:50:00,1.2838,1.285,1.278,1.2798,5069.19
2026-08-17 22:55:00,1.2798,1.2821,1.2794,1.2815,6657.75
2026-08-17 23:00:00,1.2815,1.283,1.2793,1.2799,100681.7
2026-08-17 23:05:00,1.2799,1.2835,1.2771,1.2824,103026.11
2026-08-17 23:10:00,1.2824,1.286,1.2798,1.2851,111973.95
2026-08-17 23:15:00,1.2851,1.2867,1.2843,1.2847,47652.65
2026-08-17 23:20:00,1.2847,1.2866,1.2799,1.2811,21492.12
2026-08-17 23:25:00,1.2811,1.2852,1.2772,1.2847,149483.77
2026-08-17 23:30:00,1.2847,1.2873,1.2839,1.2861,78380.28
2026-08-17 23:35:00,1.2861,1.287,1.286,1.2868,5807.21
2026-08-17 23:40:00,1.2868,1.2889,1.2864,1.2879,71266.68
2026-08-17 23:45:00,1.2879,1.2913,1.286,1.2898,3628.66
2026-08-17 23:50:00,1.2898,1.2913,1.2882,1.2885,30914.03
2026-08-17 23:55:00,1.2885,1.2889,1.2843,1.2863,81984.34
2026-08-18 00:00:00,1.2863,1.2894,1.2859,1.2892,74337.6
2026-08-18 00:05:00,1.2892,1.2899,1.2864,1.2898,281209.63
2026-08-18 00:10:00,1.2898,1.2906,1.2878,1.2892,76526.44
2026-08-18 00:15:00,1.2892,1.2921,1.2892,1.2907,53956.73
2026-08-18 00:20:00,1.2907,1.2916,1.2874,1.2895,102331.81
2026-08-18 00:25:00,1.2895,1.2943,1.2889,1.2915,2711.84
2026-08-18 00:30:00,1.2915,1.2934,1.29,1.2924,12080.4
2026-08-18 00:35:00,1.2924,1.2938,1.29,1.2921,8106.72
2026-08-18 00:40:00,1.2921,1.2926,1.288,1.2893,103424.83
2026-08-18 00:45:00,1.2893,1.2896,1.2865,1.2892,95584.1
2026-08-18 00:50:00,1.2892,1.2899,1.2833,1.2835,13650.06
2026-08-18 00:55:00,1.2835,1.2856,1.2822,1.2854,84217.19
2026-08-18 01:00:00,1.2854,1.286,1.2844,1.2846,12425.84
2026-08-18 01:05:00,1.2846,1.2878,1.2832,1.2866,24035.61
2026-08-18 01:10:00,1.2866,1.2883,1.2832,1.2851,53175.55
2026-08-18 01:15:00,1.2851,1.2884,1.2841,1.2877,21223.82
2026-08-18 01:20:00,1.2877,1.2899,1.2808,1.283,3849.32
2026-08-18 01:25:00,1.283,1.2863,1.2825,1.286,106217.25
2026-08-18 01:30:00,1.286,1.2866,1.2828,1.2835,20670.76
2026-08-18 01:35:00,1.2835,1.2841,1.2831,1.2832,24434.34
2026-08-18 01:40:00,1.2832,1.2845,1.2799,1.2803,47180.8
2026-08-18 01:45:00,1.2803,1.2825,1.2793,1.2801,87626.64
2026-08-18 01:50:00,1.2801,1.2818,1.2793,1.2795,474.22
2026-08-18 01:55:00,1.2795,1.2807,1.2785,1.2805,27874.69
2026-08-18 02:00:00,1.2805,1.2811,1.2773,1.2787,19552.23
2026-08-18 02:05:00,1.2787,1.2789,1.2764,1.2765,304187.43
2026-08-18 02:10:00,1.2765,1.282,1.2756,1.2812,54621.33
2026-08-18 02:15:00,1.2812,1.2815,1.277,1.2798,3110.14
2026-08-18 02:20:00,1.2798,1.2803,1.2748,1.2775,23265.97
2026-08-18 02:25:00,1.2775,1.2785,1.2758,1.2773,24018.25
2026-08-18 02:30:00,1.2773,1.2781,1.273,1.2737,95114.43
2026-08-18 02:35:00,1.2737,1.2748,1.2735,1.2745,6066.0
2026-08-18 02:40:00,1.2745,1.2774,1.2701,1.2766,823575.57
2026-08-18 02:45:00,1.2766,1.2811,1.2741,1.2804,132845.89
2026-08-18 02:50:00,1.2804,1.2819,1.2783,1.2808,50045.95
2026-08-18 02:55:00,1.2808,1.2864,1.2799,1.285,5842.54
2026-08-18 03:00:00,1.285,1.2851,1.2842,1.2845,15322.66
2026-08-18 03:05:00,1.2845,1.2857,1.2809,1.2823,102679.6
2026-08-18 03:10:00,1.2823,1.2861,1.28,1.285,10214.97
2026-08-18 03:15:00,1.285,1.2876,1.2842,1.2852,5535.07
2026-08-18 03:20:00,1.2852,1.2855,1.2829,1.2836,10691.32
2026-08-18 03:25:00,1.2836,1.2868,1.2825,1.2852,52960.03
2026-08-18 03:30:00,1.2852,1.2861,1.2838,1.2854,65798.69
2026-08-18 03:35:00,1.2854,1.2885,1.285,1.2866,2114.04
2026-08-18 03:40:00,1.2866,1.2875,1.2843,1.2858,3788.32
2026-08-18 03:45:00,1.2858,1.2883,1.285,1.2882,4177.39
2026-08-18 03:50:00,1.2882,1.2912,1.2878,1.2881,53499.04
2026-08-18 03:55:00,1.2881,1.2882,1.2836,1.2851,3948.92
2026-08-18 04:00:00,1.2851,1.2878,1.2846,1.2875,118143.26
2026-08-18 04:05:00,1.2875,1.2901,1.2868,1.29,7587.39
2026-08-18 04:10:00,1.29,1.2925,1.2899,1.2919,5845.44
2026-08-18 04:15:00,1.2919,1.2952,1.2888,1.2899,378748.88
2026-08-18 04:20:00,1.2899,1.2906,1.2873,1.2881,48272.81
2026-08-18 04:25:00,1.2881,1.2897,1.2876,1.2894,16784.11
2026-08-18 04:30:00,1.2894,1.2935,1.2891,1.2914,43165.65
2026-08-18 04:35:00,1.2914,1.2915,1.2891,1.2904,24369.12
2026-08-18 04:40:00,1.2904,1.2924,1.2896,1.2906,48963.42
2026-08-18 04:45:00,1.2906,1.2948,1.2879,1.2885,39222.19
2026-08-18 04:50:00,1.2885,1.289,1.2858,1.2882,49772.17
2026-08-18 04:55:00,1.2882,1.2886,1.2831,1.2845,31463.95
2026-08-18 05:00:00,1.2845,1.2861,1.2844,1.2858,4877.76
2026-08-18 05:05:00,1.2858,1.2866,1.2825,1.2847,75175.6
2026-08-18 05:10:00,1.2847,1.2854,1.2835,1.2838,31758.53
2026-08-18 05:15:00,1.2838,1.2875,1.2836,1.2855,47390.93
2026-08-18 05:20:00,1.2855,1.2888,1.2835,1.2877,46427.68
2026-08-18 05:25:00,1.2877,1.288,1.2854,1.2875,138826.56
2026-08-18 05:30:00,1.2875,1.2883,1.2871,1.288,87866.79
2026-08-18 05:35:00,1.288,1.2916,1.287,1.2905,9464.15
2026-08-18 05:40:00,1.2905,1.2918,1.2889,1.2905,72051.39
2026-08-18 05:45:00,1.2905,1.2909,1.2862,1.2882,777.47
2026-08-18 05:50:00,1.2882,1.2885,1.2878,1.2878,49025.73
2026-08-18 05:55:00,1.2878,1.2892,1.2846,1.2868,9877.52
2026-08-18 06:00:00,1.2868,1.2871,1.2859,1.2863,76618.59
2026-08-18 06:05:00,1.2863,1.2903,1.285,1.2881,13613.88
2026-08-18 06:10:00,1.2881,1.2894,1.2847,1.2849,26259.29
2026-08-18 06:15:00,1.2849,1.2871,1.2825,1.2861,8107.94
2026-08-18 06:20:00,1.2861,1.287,1.2844,1.2866,104368.99
2026-08-18 06:25:00,1.2866,1.2881,1.2866,1.2877,118901.88
2026-08-18 06:30:00,1.2877,1.2882,1.2826,1.2839,9517.53
2026-08-18 06:35:00,1.2839,1.284,1.2823,1.2833,56230.09
2026-08-18 06:40:00,1.2833,1.2842,1.278,1.2793,179941.03
2026-08-18 06:45:00,1.2793,1.2809,1.2771,1.2776,28717.74
2026-08-18 06:50:00,1.2776,1.2786,1.2744,1.276,59009.16
2026-08-18 06:55:00,1.276,1.2761,1.2723,1.2733,79356.16
2026-08-18 07:00:00,1.2733,1.276,1.2705,1.2754,135689.7
2026-08-18 07:05:00,1.2754,1.2777,1.2719,1.272,33536.87
2026-08-18 07:10:00,1.272,1.2724,1.2691,1.2695,62847.03
2026-08-18 07:15:00,1.2695,1.2725,1.2674,1.2714,151531.49
2026-08-18 07:20:00,1.2714,1.2755,1.2686,1.2751,750356.15
2026-08-18 07:25:00,1.2751,1.277,1.2737,1.274,155167.44
2026-08-18 07:30:00,1.274,1.2749,1.2738,1.2744,1808.37
2026-08-18 07:35:00,1.2744,1.2756,1.2722,1.2741,22546.61
2026-08-18 07:40:00,1.2741,1.2745,1.2735,1.2741,99404.93
2026-08-18 07:45:00,1.2741,1.2762,1.2722,1.2747,46571.2
2026-08-18 07:50:00,1.2747,1.2751,1.2731,1.2734,37530.67
2026-08-18 07:55:00,1.2734,1.2756,1.2715,1.2735,101858.95
2026-08-18 08:00:00,1.2735,1.276,1.2692,1.2693,30401.11
2026-08-18 08:05:00,1.2693,1.2733,1.268,1.2724,5070.49
2026-08-18 08:10:00,1.2724,1.2741,1.2706,1.272,128250.25
2026-08-18 08:15:00,1.272,1.2747,1.2678,1.2743,98479.31
2026-08-18 08:20:00,1.2743,1.2752,1.273,1.2737,204587.97
2026-08-18 08:25:00,1.2737,1.2765,1.2729,1.2765,4571.48
2026-08-18 08:30:00,1.2765,1.2793,1.2756,1.277,44045.34
2026-08-18 08:35:00,1.277,1.2778,1.2757,1.2767,3568.34
2026-08-18 08:40:00,1.2767,1.2776,1.2714,1.2735,4643.28
2026-08-18 08:45:00,1.2735,1.2756,1.2734,1.2736,3449.21
2026-08-18 08:50:00,1.2736,1.2774,1.2735,1.2762,10142.9
2026-08-18 08:55:00,1.2762,1.2775,1.273,1.2755,42170.95
2026-08-18 09:00:00,1.2755,1.2765,1.2723,1.273,92237.45
2026-08-18 09:05:00,1.273,1.2739,1.2699,1.2727,13567.94
2026-08-18 09:10:00,1.2727,1.2728,1.2679,1.2716,91288.96
2026-08-18 09:15:00,1.2716,1.2729,1.2681,1.2687,22918.35
2026-08-18 09:20:00,1.2687,1.2709,1.2673,1.2681,60999.03
2026-08-18 09:25:00,1.2681,1.2686,1.2659,1.2681,38408.79
2026-08-18 09:30:00,1.2681,1.2685,1.266,1.2675,3174.57
2026-08-18 09:35:00,1.2675,1.2692,1.265,1.2688,69903.55
2026-08-18 09:40:00,1.2688,1.273,1.2675,1.2704,26068.11
2026-08-18 09:45:00,1.2704,1.2719,1.2683,1.2711,4008.55
2026-08-18 09:50:00,1.2711,1.2741,1.2693,1.2707,11801.88
2026-08-18 09:55:00,1.2707,1.2735,1.2695,1.2735,17140.44
2026-08-18 10:00:00,1.2735,1.2754,1.2727,1.2745,11189.8
2026-08-18 10:05:00,1.2745,1.2767,1.2742,1.276,89877.79
2026-08-18 10:10:00,1.276,1.2781,1.275,1.2777,39545.23
2026-08-18 10:15:00,1.2777,1.2792,1.2762,1.2765,14516.71
2026-08-18 10:20:00,1.2765,1.2777,1.2748,1.2764,41427.36
2026-08-18 10:25:00,1.2764,1.2783,1.2739,1.2747,25126.2
2026-08-18 10:30:00,1.2747,1.2775,1.2747,1.2766,15001.01
2026-08-18 10:35:00,1.2766,1.2795,1.2756,1.2761,7928.25
2026-08-18 10:40:00,1.2761,1.2782,1.2743,1.275,43819.04
2026-08-18 10:45:00,1.275,1.2758,1.2705,1.2722,38294.86
2026-08-18 10:50:00,1.2722,1.2775,1.2713,1.2768,120998.06
2026-08-18 10:55:00,1.2768,1.2822,1.2767,1.2791,21627.47
2026-08-18 11:00:00,1.2791,1.2805,1.273,1.2748,61871.24
2026-08-18 11:05:00,1.2748,1.2766,1.2733,1.2736,15835.92
2026-08-18 11:10:00,1.2736,1.2738,1.2725,1.2731,57912.72
2026-08-18 11:15:00,1.2731,1.2744,1.2715,1.2718,22456.41
2026-08-18 11:20:00,1.2718,1.2732,1.2673,1.2687,52120.24
2026-08-18 11:25:00,1.2687,1.2708,1.2632,1.2699,33206.08
2026-08-18 11:30:00,1.2699,1.273,1.264,1.2647,158586.31
2026-08-18 11:35:00,1.2647,1.2649,1.2613,1.2616,57995.6
2026-08-18 11:40:00,1.2616,1.2639,1.2605,1.2628,16452.66
2026-08-18 11:45:00,1.2628,1.2632,1.2624,1.2629,72041.54
2026-08-18 11:50:00,1.2629,1.2639,1.2604,1.2618,26410.44
2026-08-18 11:55:00,1.2618,1.2654,1.2576,1.2643,4879.35
2026-08-18 12:00:00,1.2643,1.2685,1.2595,1.2681,76683.76
2026-08-18 12:05:00,1.2681,1.2692,1.2636,1.265,89465.31
2026-08-18 12:10:00,1.265,1.2651,1.2628,1.2628,30022.98
2026-08-18 12:15:00,1.2628,1.2669,1.2605,1.2645,2200.99
2026-08-18 12:20:00,1.2645,1.2656,1.2643,1.2652,130546.14
2026-08-18 12:25:00,1.2652,1.2682,1.2651,1.2674,46092.73
2026-08-18 12:30:00,1.2674,1.2678,1.263,1.264,11080.06
2026-08-18 12:35:00,1.264,1.2672,1.2632,1.2643,4680.36
2026-08-18 12:40:00,1.2643,1.2688,1.2595,1.2678,59311.24
2026-08-18 12:45:00,1.2678,1.269,1.2665,1.2674,21952.69
2026-08-18 12:50:00,1.2674,1.2685,1.2639,1.2646,11425.93
2026-08-18 12:55:00,1.2646,1.2659,1.2641,1.2651,6499.13
2026-08-18 13:00:00,1.2651,1.2712,1.2647,1.2707,62357.89
2026-08-18 13:05:00,1.2707,1.2725,1.2645,1.2658,19781.76
2026-08-18 13:10:00,1.2658,1.2667,1.2641,1.2658,17001.33
2026-08-18 13:15:00,1.2658,1.2669,1.2654,1.2666,127236.04
2026-08-18 13:20:00,1.2666,1.2669,1.263,1.2651,90808.87
2026-08-18 13:25:00,1.2651,1.2688,1.2623,1.2678,158560.87
2026-08-18 13:30:00,1.2678,1.269,1.2675,1.2678,10531.48
2026-08-18 13:35:00,1.2678,1.2689,1.2674,1.2681,158494.01
2026-08-18 13:40:00,1.2681,1.2709,1.2674,1.2691,13081.15
2026-08-18 13:45:00,1.2691,1.271,1.2689,1.2695,19328.39
2026-08-18 13:50:00,1.2695,1.2716,1.2678,1.2696,66293.22
2026-08-18 13:55:00,1.2696,1.2724,1.2683,1.2709,14048.48
2026-08-18 14:00:00,1.2709,1.2743,1.2703,1.2721,27109.53
2026-08-18 14:05:00,1.2721,1.2724,1.2659,1.2682,10152.78
2026-08-18 14:10:00,1.2682,1.2706,1.2677,1.2703,114434.52
2026-08-18 14:15:00,1.2703,1.272,1.2693,1.2695,82900.56
2026-08-18 14:20:00,1.2695,1.276,1.2689,1.2732,152643.81
2026-08-18 14:25:00,1.2732,1.2746,1.271,1.2729,2282.92
2026-08-18 14:30:00,1.2729,1.2747,1.2716,1.2717,50054.96
2026-08-18 14:35:00,1.2717,1.2756,1.2701,1.2742,8652.77
2026-08-18 14:40:00,1.2742,1.2764,1.2728,1.2758,2691.87
2026-08-18 14:45:00,1.2758,1.2766,1.2742,1.2757,38312.11
2026-08-18 14:50:00,1.2757,1.2774,1.2745,1.276,38998.75
2026-08-18 14:55:00,1.276,1.2783,1.2736,1.2778,45972.8
2026-08-18 15:00:00,1.2778,1.2829,1.2747,1.2756,86075.56
2026-08-18 15:05:00,1.2756,1.2772,1.2745,1.2756,68910.75
2026-08-18 15:10:00,1.2756,1.2763,1.2741,1.2758,8270.75
2026-08-18 15:15:00,1.2758,1.2766,1.2736,1.2743,106870.85
2026-08-18 15:20:00,1.2743,1.2781,1.2737,1.2778,8021.92
2026-08-18 15:25:00,1.2778,1.2813,1.2738,1.2748,4698.47
2026-08-18 15:30:00,1.2748,1.2748,1.2742,1.2745,6749.09
2026-08-18 15:35:00,1.2745,1.2775,1.2742,1.2761,4268.08
2026-08-18 15:40:00,1.2761,1.2774,1.2714,1.2739,82761.56
2026-08-18 15:45:00,1.2739,1.2741,1.2717,1.2734,4557.35
2026-08-18 15:50:00,1.2734,1.2735,1.2718,1.2729,2032.71
2026-08-18 15:55:00,1.2729,1.274,1.2709,1.2722,11675.4
2026-08-18 16:00:00,1.2722,1.2754,1.2712,1.2745,50784.1
2026-08-18 16:05:00,1.2745,1.2769,1.2744,1.2769,45197.17
2026-08-18 16:10:00,1.2769,1.2781,1.2723,1.273,186828.64
2026-08-18 16:15:00,1.273,1.2788,1.2727,1.2775,72127.81
2026-08-18 16:20:00,1.2775,1.2831,1.2742,1.2751,393224.66
2026-08-18 16:25:00,1.2751,1.2754,1.272,1.2733,206927.92
2026-08-18 16:30:00,1.2733,1.2736,1.2693,1.2712,104711.21
2026-08-18 16:35:00,1.2712,1.2764,1.2693,1.2749,5245.41
2026-08-18 16:40:00,1.2749,1.2756,1.2708,1.2709,59398.04
2026-08-18 16:45:00,1.2709,1.2722,1.2695,1.2697,401.29
2026-08-18 16:50:00,1.2697,1.2707,1.267,1.2699,570.16
2026-08-18 16:55:00,1.2699,1.2714,1.2661,1.2681,44534.73
2026-08-18 17:00:00,1.2681,1.2688,1.2676,1.2681,18614.71
2026-08-18 17:05:00,1.2681,1.2714,1.2661,1.2708,70864.01
2026-08-18 17:10:00,1.2708,1.2715,1.2614,1.2655,316232.97
2026-08-18 17:15:00,1.2655,1.2669,1.2646,1.265,72827.19
2026-08-18 17:20:00,1.265,1.2657,1.2622,1.2633,32201.72
2026-08-18 17:25:00,1.2633,1.2658,1.263,1.2655,68105.34
2026-08-18 17:30:00,1.2655,1.269,1.2655,1.2673,26604.76
2026-08-18 17:35:00,1.2673,1.2695,1.2653,1.2656,110738.35
2026-08-18 17:40:00,1.2656,1.2672,1.2645,1.2651,10278.32
2026-08-18 17:45:00,1.2651,1.2661,1.2649,1.2658,26139.88
2026-08-18 17:50:00,1.2658,1.2674,1.2651,1.2662,7677.37
2026-08-18 17:55:00,1.2662,1.2664,1.2591,1.2599,183391.1
2026-08-18 18:00:00,1.2599,1.2606,1.2583,1.2594,46695.71
2026-08-18 18:05:00,1.2594,1.261,1.2564,1.2606,347385.0
2026-08-18 18:10:00,1.2606,1.2611,1.2595,1.26,277473.15
2026-08-18 18:15:00,1.26,1.2641,1.2548,1.2633,415015.43
2026-08-18 18:20:00,1.2633,1.2637,1.2596,1.2603,38191.1
2026-08-18 18:25:00,1.2603,1.263,1.2547,1.262,81882.49
2026-08-18 18:30:00,1.262,1.2636,1.259,1.2608,11087.44
2026-08-18 18:35:00,1.2608,1.2618,1.2573,1.2583,45757.54
2026-08-18 18:40:00,1.2583,1.2622,1.257,1.2621,46258.45
2026-08-18 18:45:00,1.2621,1.2643,1.2571,1.2639,45717.82
2026-08-18 18:50:00,1.2639,1.2651,1.2632,1.2649,3953.8
2026-08-18 18:55:00,1.2649,1.267,1.2639,1.2647,9510.43
2026-08-18 19:00:00,1.2647,1.2654,1.2631,1.2631,86509.78
2026-08-18 19:05:00,1.2631,1.264,1.2625,1.2633,9099.8
2026-08-18 19:10:00,1.2633,1.2671,1.2613,1.266,186386.61
2026-08-18 19:15:00,1.266,1.2685,1.2625,1.2628,46002.12
2026-08-18 19:20:00,1.2628,1.264,1.2595,1.2605,58366.57
2026-08-18 19:25:00,1.2605,1.262,1.2582,1.2589,14749.89
2026-08-18 19:30:00,1.2589,1.2622,1.2561,1.2611,41274.86
2026-08-18 19:35:00,1.2611,1.2652,1.2603,1.2643,40276.28
2026-08-18 19:40:00,1.2643,1.2646,1.2639,1.2646,111793.71
2026-08-18 19:45:00,1.2646,1.2667,1.2622,1.2661,19862.17
2026-08-18 19:50:00,1.2661,1.2662,1.265,1.2652,48208.15
2026-08-18 19:55:00,1.2652,1.2657,1.2618,1.2635,18530.59
2026-08-18 20:00:00,1.2635,1.2677,1.2611,1.2661,12749.02
2026-08-18 20:05:00,1.2661,1.2668,1.2603,1.2619,7232.99
2026-08-18 20:10:00,1.2619,1.2647,1.2602,1.2639,42719.07
2026-08-18 20:15:00,1.2639,1.266,1.2621,1.2655,17764.92
2026-08-18 20:20:00,1.2655,1.2658,1.262,1.2636,38305.85
2026-08-18 20:25:00,1.2636,1.2656,1.2603,1.2609,23073.07
2026-08-18 20:30:00,1.2609,1.2617,1.2582,1.2594,101487.64
2026-08-18 20:35:00,1.2594,1.2629,1.2557,1.262,26278.84
2026-08-18 20:40:00,1.262,1.2649,1.2592,1.2628,15193.67
2026-08-18 20:45:00,1.2628,1.2633,1.2606,1.2607,98159.24
2026-08-18 20:50:00,1.2607,1.2626,1.2599,1.2621,92462.12
2026-08-18 20:55:00,1.2621,1.2626,1.2583,1.2585,1301.37
2026-08-18 21:00:00,1.2585,1.2611,1.2549,1.2602,58310.36
2026-08-18 21:05:00,1.2602,1.2622,1.2584,1.2606,12505.03
2026-08-18 21:10:00,1.2606,1.261,1.2591,1.2598,1191.89
2026-08-18 21:15:00,1.2598,1.2626,1.2541,1.2618,656393.32
2026-08-18 21:20:00,1.2618,1.2628,1.2611,1.2611,9269.26
2026-08-18 21:25:00,1.2611,1.2611,1.2541,1.2551,6860.32
2026-08-18 21:30:00,1.2551,1.262,1.2548,1.2597,54716.17
2026-08-18 21:35:00,1.2597,1.2642,1.2574,1.2639,64662.74
2026-08-18 21:40:00,1.2639,1.2667,1.2636,1.2655,19388.37
2026-08-18 21:45:00,1.2655,1.2673,1.2652,1.266,183996.41
2026-08-18 21:50:00,1.266,1.266,1.2626,1.2628,58896.07
2026-08-18 21:55:00,1.2628,1.2639,1.2607,1.2633,30985.24
2026-08-18 22:00:00,1.2633,1.2667,1.2627,1.2651,10172.64
2026-08-18 22:05:00,1.2651,1.2655,1.2644,1.2645,58816.53
2026-08-18 22:10:00,1.2645,1.2646,1.2625,1.2631,21868.23
2026-08-18 22:15:00,1.2631,1.2674,1.2621,1.2661,56418.12
2026-08-18 22:20:00,1.2661,1.2678,1.264,1.2656,31440.96
2026-08-18 22:25:00,1.2656,1.2664,1.26,1.2614,221361.84
2026-08-18 22:30:00,1.2614,1.262,1.2583,1.259,57014.95
2026-08-18 22:35:00,1.259,1.2633,1.2582,1.2626,117204.36
2026-08-18 22:40:00,1.2626,1.2635,1.2577,1.2595,8995.32
2026-08-18 22:45:00,1.2595,1.2608,1.258,1.2595,157450.91
2026-08-18 22:50:00,1.2595,1.2622,1.2591,1.2616,86546.24
2026-08-18 22:55:00,1.2616,1.2655,1.2612,1.264,25300.98
2026-08-18 23:00:00,1.264,1.2648,1.2598,1.2605,43249.87
2026-08-18 23:05:00,1.2605,1.2616,1.2571,1.2575,12895.25
2026-08-18 23:10:00,1.2575,1.2586,1.2538,1.2554,35814.03
2026-08-18 23:15:00,1.2554,1.2567,1.2482,1.2499,60936.9
2026-08-18 23:20:00,1.2499,1.2509,1.2477,1.2491,104955.79
2026-08-18 23:25:00,1.2491,1.2497,1.2467,1.2469,6147.56
2026-08-18 23:30:00,1.2469,1.2513,1.2433,1.2501,129191.73
2026-08-18 23:35:00,1.2501,1.2554,1.2494,1.2522,2639.22
2026-08-18 23:40:00,1.2522,1.2538,1.2507,1.2511,19522.15
2026-08-18 23:45:00,1.2511,1.2511,1.2496,1.2498,37888.12
2026-08-18 23:50:00,1.2498,1.2563,1.2476,1.2537,135261.9
2026-08-18 23:55:00,1.2537,1.256,1.2532,1.2551,17078.44
2026-08-19 00:00:00,1.2551,1.2559,1.2525,1.2535,37187.56
2026-08-19 00:05:00,1.2535,1.2546,1.2532,1.2539,3800.34
2026-08-19 00:10:00,1.2539,1.2547,1.2504,1.2508,40976.29
2026-08-19 00:15:00,1.2508,1.2513,1.2447,1.2467,42478.36
2026-08-19 00:20:00,1.2467,1.2489,1.2443,1.2488,90860.68
2026-08-19 00:25:00,1.2488,1.2495,1.2428,1.2459,38845.42
2026-08-19 00:30:00,1.2459,1.2462,1.2448,1.2453,147958.58
2026-08-19 00:35:00,1.2453,1.249,1.241,1.2484,36832.8
2026-08-19 00:40:00,1.2484,1.249,1.2455,1.2468,45585.35
2026-08-19 00:45:00,1.2468,1.2481,1.241,1.242,79202.6
2026-08-19 00:50:00,1.242,1.244,1.2415,1.2436,68566.83
2026-08-19 00:55:00,1.2436,1.2461,1.2391,1.2454,204705.35
2026-08-19 01:00:00,1.2454,1.2477,1.243,1.2437,117079.23
2026-08-19 01:05:00,1.2437,1.2452,1.2407,1.2429,13416.76
2026-08-19 01:10:00,1.2429,1.2457,1.2411,1.242,19439.83
2026-08-19 01:15:00,1.242,1.2453,1.238,1.2449,92802.7
2026-08-19 01:20:00,1.2449,1.2451,1.2395,1.2398,41218.61
2026-08-19 01:25:00,1.2398,1.2415,1.2359,1.2408,261932.96
2026-08-19 01:30:00,1.2408,1.2425,1.236,1.2391,72683.72
2026-08-19 01:35:00,1.2391,1.2427,1.2351,1.2419,353417.47
2026-08-19 01:40:00,1.2419,1.2437,1.2418,1.2423,455.04
2026-08-19 01:45:00,1.2423,1.2462,1.2375,1.2452,145452.12
2026-08-19 01:50:00,1.2452,1.2469,1.2401,1.2463,110246.56
2026-08-19 01:55:00,1.2463,1.2489,1.242,1.2484,356598.09
2026-08-19 02:00:00,1.2484,1.2502,1.2472,1.2498,72372.92
2026-08-19 02:05:00,1.2498,1.2516,1.247,1.2476,57467.03
2026-08-19 02:10:00,1.2476,1.2518,1.2458,1.2516,30974.7
2026-08-19 02:15:00,1.2516,1.2534,1.2505,1.2516,22204.48
2026-08-19 02:20:00,1.2516,1.2562,1.2507,1.2547,75990.06
2026-08-19 02:25:00,1.2547,1.2618,1.2519,1.2613,53548.33
2026-08-19 02:30:00,1.2613,1.2645,1.2595,1.2626,52447.06
2026-08-19 02:35:00,1.2626,1.2633,1.26,1.2614,63422.16
2026-08-19 02:40:00,1.2614,1.2635,1.2568,1.2598,33590.22
2026-08-19 02:45:00,1.2598,1.2607,1.2597,1.2603,207.9
2026-08-19 02:50:00,1.2603,1.2606,1.252,1.254,16620.47
2026-08-19 02:55:00,1.254,1.2544,1.2525,1.2535,86337.41
2026-08-19 03:00:00,1.2535,1.2545,1.2531,1.2535,10551.99
2026-08-19 03:05:00,1.2535,1.2544,1.2518,1.2523,50002.36
2026-08-19 03:10:00,1.2523,1.2527,1.2508,1.2512,31227.94
2026-08-19 03:15:00,1.2512,1.2512,1.2504,1.2512,28514.83
2026-08-19 03:20:00,1.2512,1.2554,1.2509,1.2545,25119.49
2026-08-19 03:25:00,1.2545,1.2548,1.2527,1.2531,1218.19
2026-08-19 03:30:00,1.2531,1.2537,1.2503,1.2513,58766.6
2026-08-19 03:35:00,1.2513,1.2516,1.2485,1.2504,62522.34
2026-08-19 03:40:00,1.2504,1.2508,1.2502,1.2502,8656.14
2026-08-19 03:45:00,1.2502,1.2514,1.2448,1.2469,126301.21
2026-08-19 03:50:00,1.2469,1.2482,1.2465,1.2476,18642.8
2026-08-19 03:55:00,1.2476,1.2514,1.2475,1.2506,44596.02
2026-08-19 04:00:00,1.2506,1.2523,1.2503,1.2514,180755.98
2026-08-19 04:05:00,1.2514,1.2521,1.2473,1.2479,124483.91
2026-08-19 04:10:00,1.2479,1.2491,1.2457,1.2474,119248.86
2026-08-19 04:15:00,1.2474,1.2476,1.246,1.2467,200739.73
2026-08-19 04:20:00,1.2467,1.2498,1.2446,1.2498,103277.49
2026-08-19 04:25:00,1.2498,1.2517,1.245,1.2461,497.53
2026-08-19 04:30:00,1.2461,1.2502,1.2438,1.2501,170422.34
2026-08-19 04:35:00,1.2501,1.2523,1.2493,1.2519,74088.09
2026-08-19 04:40:00,1.2519,1.2527,1.2485,1.2498,25141.1
2026-08-19 04:45:00,1.2498,1.2529,1.2497,1.2522,52404.1
2026-08-19 04:50:00,1.2522,1.2572,1.2501,1.2571,61890.52
2026-08-19 04:55:00,1.2571,1.2582,1.2558,1.2572,25064.21
2026-08-19 05:00:00,1.2572,1.2578,1.2559,1.256,47148.04
2026-08-19 05:05:00,1.256,1.2565,1.2557,1.2565,94905.57
2026-08-19 05:10:00,1.2565,1.2583,1.2558,1.2576,36756.77
2026-08-19 05:15:00,1.2576,1.2586,1.257,1.2579,56610.85
2026-08-19 05:20:00,1.2579,1.2594,1.2566,1.2573,1957.9
2026-08-19 05:25:00,1.2573,1.262,1.2567,1.2594,1689.58
2026-08-19 05:30:00,1.2594,1.2624,1.2588,1.2609,72641.63
2026-08-19 05:35:00,1.2609,1.2616,1.2588,1.2612,6355.18
2026-08-19 05:40:00,1.2612,1.2683,1.2605,1.2655,36995.92
2026-08-19 05:45:00,1.2655,1.2683,1.2625,1.2628,229719.35
2026-08-19 05:50:00,1.2628,1.2664,1.2581,1.2593,239864.01
2026-08-19 05:55:00,1.2593,1.2602,1.2572,1.2584,49658.17
2026-08-19 06:00:00,1.2584,1.2618,1.2583,1.2606,73537.12
2026-08-19 06:05:00,1.2606,1.2636,1.2584,1.2588,105307.39
2026-08-19 06:10:00,1.2588,1.2597,1.257,1.2576,64100.88
2026-08-19 06:15:00,1.2576,1.2643,1.2572,1.2622,89095.91
2026-08-19 06:20:00,1.2622,1.2654,1.2581,1.2587,14301.91
2026-08-19 06:25:00,1.2587,1.2636,1.2577,1.2627,23946.45
2026-08-19 06:30:00,1.2627,1.2658,1.2613,1.2636,48771.96
2026-08-19 06:35:00,1.2636,1.2647,1.2634,1.264,23161.33
2026-08-19 06:40:00,1.264,1.2651,1.2586,1.2604,41632.62
2026-08-19 06:45:00,1.2604,1.2607,1.2573,1.2574,33271.21
2026-08-19 06:50:00,1.2574,1.2622,1.2566,1.262,112528.22
2026-08-19 06:55:00,1.262,1.262,1.2549,1.2557,10770.91
2026-08-19 07:00:00,1.2557,1.2576,1.2552,1.2573,6029.73
2026-08-19 07:05:00,1.2573,1.2612,1.2565,1.2586,35873.21
2026-08-19 07:10:00,1.2586,1.2607,1.2575,1.2585,30170.07
2026-08-19 07:15:00,1.2585,1.2593,1.2559,1.2564,172637.1
2026-08-19 07:20:00,1.2564,1.2595,1.2561,1.2586,34133.12
2026-08-19 07:25:00,1.2586,1.262,1.2586,1.2607,67474.13
2026-08-19 07:30:00,1.2607,1.2611,1.2587,1.261,833.92
2026-08-19 07:35:00,1.261,1.2651,1.2606,1.265,101643.67
2026-08-19 07:40:00,1.265,1.2656,1.2634,1.2653,4248.38
2026-08-19 07:45:00,1.2653,1.2694,1.265,1.2671,17537.07
2026-08-19 07:50:00,1.2671,1.2715,1.2632,1.2643,192853.88
2026-08-19 07:55:00,1.2643,1.2653,1.2635,1.2646,46453.57
2026-08-19 08:00:00,1.2646,1.2686,1.2642,1.2679,19356.33
2026-08-19 08:05:00,1.2679,1.2728,1.2655,1.2664,31669.0
2026-08-19 08:10:00,1.2664,1.2706,1.2648,1.2676,18722.63
2026-08-19 08:15:00,1.2676,1.2684,1.2629,1.2643,1711.21
2026-08-19 08:20:00,1.2643,1.2684,1.2637,1.2667,20237.16
2026-08-19 08:25:00,1.2667,1.2683,1.2667,1.268,108158.73
2026-08-19 08:30:00,1.268,1.2716,1.2664,1.2675,141949.69
2026-08-19 08:35:00,1.2675,1.2705,1.2645,1.2683,51644.57
2026-08-19 08:40:00,1.2683,1.2703,1.2665,1.2684,29298.69
2026-08-19 08:45:00,1.2684,1.2692,1.2681,1.2685,24173.64
2026-08-19 08:50:00,1.2685,1.2708,1.2673,1.2706,18995.71
2026-08-19 08:55:00,1.2706,1.2717,1.2693,1.2702,97866.9
2026-08-19 09:00:00,1.2702,1.2706,1.2679,1.2686,5478.89
2026-08-19 09:05:00,1.2686,1.2697,1.2651,1.2681,25007.7
2026-08-19 09:10:00,1.2681,1.2683,1.2667,1.268,26117.86
2026-08-19 09:15:00,1.268,1.2707,1.2661,1.2667,155993.76
2026-08-19 09:20:00,1.2667,1.2682,1.2648,1.2651,152014.28
2026-08-19 09:25:00,1.2651,1.2666,1.2589,1.2614,79786.71
2026-08-19 09:30:00,1.2614,1.2627,1.2612,1.2618,14978.13
2026-08-19 09:35:00,1.2618,1.2625,1.2599,1.2607,20890.58
2026-08-19 09:40:00,1.2607,1.2621,1.2583,1.2584,92268.53
2026-08-19 09:45:00,1.2584,1.2601,1.2573,1.2578,49554.41
2026-08-19 09:50:00,1.2578,1.2627,1.2574,1.2613,62016.11
2026-08-19 09:55:00,1.2613,1.2614,1.2595,1.2608,75504.58
2026-08-19 10:00:00,1.2608,1.2656,1.2587,1.2633,25998.64
2026-08-19 10:05:00,1.2633,1.2639,1.2627,1.2639,55112.43
2026-08-19 10:10:00,1.2639,1.2647,1.2596,1.2617,18554.67
2026-08-19 10:15:00,1.2617,1.2621,1.2561,1.2573,8623.66
2026-08-19 10:20:00,1.2573,1.2573,1.2499,1.2512,7598.99
2026-08-19 10:25:00,1.2512,1.2551,1.2502,1.2528,33677.51
2026-08-19 10:30:00,1.2528,1.2564,1.2499,1.2512,6731.34
2026-08-19 10:35:00,1.2512,1.2519,1.2479,1.2493,7626.41
2026-08-19 10:40:00,1.2493,1.2519,1.2482,1.2505,169397.26
2026-08-19 10:45:00,1.2505,1.252,1.2477,1.2515,28036.3
2026-08-19 10:50:00,1.2515,1.2527,1.248,1.2483,49804.35
2026-08-19 10:55:00,1.2483,1.2493,1.2478,1.2487,129200.5
2026-08-19 11:00:00,1.2487,1.2528,1.2474,1.2511,17193.29
2026-08-19 11:05:00,1.2511,1.2531,1.2504,1.2528,42142.98
2026-08-19 11:10:00,1.2528,1.2537,1.2502,1.2526,1856.16
2026-08-19 11:15:00,1.2526,1.2541,1.2525,1.254,54707.22
2026-08-19 11:20:00,1.254,1.2564,1.2539,1.2552,40086.35
2026-08-19 11:25:00,1.2552,1.2563,1.2522,1.2541,49604.33
2026-08-19 11:30:00,1.2541,1.2557,1.2522,1.2533,73163.5
2026-08-19 11:35:00,1.2533,1.2543,1.2466,1.2497,40916.27
2026-08-19 11:40:00,1.2497,1.2524,1.249,1.2502,33315.31
2026-08-19 11:45:00,1.2502,1.252,1.2497,1.2518,222516.61
2026-08-19 11:50:00,1.2518,1.2531,1.2493,1.253,80070.32
2026-08-19 11:55:00,1.253,1.2549,1.2498,1.2513,46083.05
2026-08-19 12:00:00,1.2513,1.2527,1.2496,1.2505,17634.84
2026-08-19 12:05:00,1.2505,1.2519,1.2452,1.2516,71407.75
2026-08-19 12:10:00,1.2516,1.2526,1.2482,1.2497,26133.4
2026-08-19 12:15:00,1.2497,1.25,1.2464,1.2476,35877.17
2026-08-19 12:20:00,1.2476,1.2539,1.2462,1.2501,16608.42
2026-08-19 12:25:00,1.2501,1.2513,1.2491,1.2495,10994.11
2026-08-19 12:30:00,1.2495,1.25,1.2463,1.2492,112501.93
2026-08-19 12:35:00,1.2492,1.2496,1.2429,1.2464,101608.64
2026-08-19 12:40:00,1.2464,1.249,1.2426,1.248,208755.55
2026-08-19 12:45:00,1.248,1.2516,1.2429,1.2505,48660.94
2026-08-19 12:50:00,1.2505,1.2527,1.247,1.2521,132517.87
2026-08-19 12:55:00,1.2521,1.2523,1.251,1.2512,23757.29
2026-08-19 13:00:00,1.2512,1.2512,1.2483,1.2502,14546.05
2026-08-19 13:05:00,1.2502,1.2507,1.2496,1.2501,28264.09
2026-08-19 13:10:00,1.2501,1.2512,1.2467,1.2477,40011.43
2026-08-19 13:15:00,1.2477,1.2497,1.2462,1.2495,94334.89
2026-08-19 13:20:00,1.2495,1.2528,1.2442,1.2522,103412.38
2026-08-19 13:25:00,1.2522,1.2533,1.247,1.2477,15655.26
2026-08-19 13:30:00,1.2477,1.2539,1.2466,1.2525,3532.56
2026-08-19 13:35:00,1.2525,1.2534,1.2522,1.253,23798.27
2026-08-19 13:40:00,1.253,1.2536,1.248,1.2487,26721.19
2026-08-19 13:45:00,1.2487,1.2526,1.2435,1.252,67729.29
2026-08-19 13:50:00,1.252,1.2546,1.2508,1.2537,276.13
2026-08-19 13:55:00,1.2537,1.2552,1.2439,1.2475,74226.16
2026-08-19 14:00:00,1.2475,1.2478,1.245,1.2461,31415.22
2026-08-19 14:05:00,1.2461,1.248,1.2456,1.2465,7141.08
2026-08-19 14:10:00,1.2465,1.2485,1.2465,1.2485,49336.06
2026-08-19 14:15:00,1.2485,1.2514,1.2445,1.2502,315041.33
2026-08-19 14:20:00,1.2502,1.254,1.2468,1.2532,21319.04
2026-08-19 14:25:00,1.2532,1.2539,1.2488,1.2489,32859.67
2026-08-19 14:30:00,1.2489,1.2501,1.2479,1.2498,74538.22
2026-08-19 14:35:00,1.2498,1.2502,1.2463,1.2493,5793.22
2026-08-19 14:40:00,1.2493,1.2512,1.2482,1.2482,94131.06
2026-08-19 14:45:00,1.2482,1.2522,1.2444,1.2513,41831.32
2026-08-19 14:50:00,1.2513,1.254,1.2504,1.2529,39186.29
2026-08-19 14:55:00,1.2529,1.2564,1.2501,1.2563,46392.45
2026-08-19 15:00:00,1.2563,1.2624,1.2548,1.2602,3288.83
2026-08-19 15:05:00,1.2602,1.2614,1.2589,1.2613,202750.99
2026-08-19 15:10:00,1.2613,1.2614,1.2576,1.2583,47928.84
2026-08-19 15:15:00,1.2583,1.2648,1.2572,1.2617,1019.68
2026-08-19 15:20:00,1.2617,1.2618,1.2608,1.2615,96264.55
2026-08-19 15:25:00,1.2615,1.2627,1.2607,1.2624,46602.35
2026-08-19 15:30:00,1.2624,1.264,1.2617,1.2632,5621.56
2026-08-19 15:35:00,1.2632,1.2653,1.2609,1.2648,30970.94
2026-08-19 15:40:00,1.2648,1.2673,1.2647,1.265,64067.42
2026-08-19 15:45:00,1.265,1.2672,1.2621,1.263,385837.28
2026-08-19 15:50:00,1.263,1.2637,1.262,1.2634,281920.11
2026-08-19 15:55:00,1.2634,1.2668,1.2631,1.2659,91134.61
2026-08-19 16:00:00,1.2659,1.2707,1.263,1.2638,809279.5
2026-08-19 16:05:00,1.2638,1.2639,1.2585,1.2601,1264.3
2026-08-19 16:10:00,1.2601,1.2617,1.2592,1.2606,87843.41
2026-08-19 16:15:00,1.2606,1.2614,1.2587,1.261,82773.38
2026-08-19 16:20:00,1.261,1.2639,1.259,1.2595,34346.25
2026-08-19 16:25:00,1.2595,1.2609,1.2574,1.2603,25015.56
2026-08-19 16:30:00,1.2603,1.2608,1.2584,1.2597,20193.98
2026-08-19 16:35:00,1.2597,1.2618,1.2582,1.2605,34676.13
2026-08-19 16:40:00,1.2605,1.2638,1.26,1.2616,61779.84
2026-08-19 16:45:00,1.2616,1.2649,1.259,1.2601,373136.31
2026-08-19 16:50:00,1.2601,1.2605,1.2561,1.2566,26748.51
2026-08-19 16:55:00,1.2566,1.2589,1.2531,1.258,51703.89
2026-08-19 17:00:00,1.258,1.2606,1.2577,1.2599,42555.51
2026-08-19 17:05:00,1.2599,1.2619,1.2565,1.258,48669.74
2026-08-19 17:10:00,1.258,1.2593,1.2569,1.2593,102463.31
2026-08-19 17:15:00,1.2593,1.2603,1.2554,1.257,37151.58
2026-08-19 17:20:00,1.257,1.2613,1.2568,1.2588,92320.73
2026-08-19 17:25:00,1.2588,1.2625,1.2577,1.2614,44562.9
2026-08-19 17:30:00,1.2614,1.2621,1.2594,1.2614,24762.54
2026-08-19 17:35:00,1.2614,1.2651,1.2597,1.2633,60418.03
2026-08-19 17:40:00,1.2633,1.266,1.2623,1.2653,119495.69
2026-08-19 17:45:00,1.2653,1.2675,1.2652,1.2672,12606.34
2026-08-19 17:50:00,1.2672,1.2708,1.2627,1.2636,598566.9
2026-08-19 17:55:00,1.2636,1.2673,1.2619,1.2649,35040.02
2026-08-19 18:00:00,1.2649,1.2701,1.2624,1.2633,53560.55
2026-08-19 18:05:00,1.2633,1.2668,1.2606,1.2613,155741.07
2026-08-19 18:10:00,1.2613,1.2617,1.261,1.2617,1500.51
2026-08-19 18:15:00,1.2617,1.2671,1.2596,1.2666,97844.18
2026-08-19 18:20:00,1.2666,1.267,1.2618,1.2647,49224.81
2026-08-19 18:25:00,1.2647,1.2655,1.261,1.2623,139966.79
2026-08-19 18:30:00,1.2623,1.2638,1.2592,1.2596,167560.44
2026-08-19 18:35:00,1.2596,1.2621,1.2586,1.2618,57193.57
2026-08-19 18:40:00,1.2618,1.2646,1.258,1.2586,91570.92
2026-08-19 18:45:00,1.2586,1.2607,1.2582,1.2589,121736.58
2026-08-19 18:50:00,1.2589,1.2595,1.2585,1.2588,11456.25
2026-08-19 18:55:00,1.2588,1.2597,1.2575,1.2582,26380.31
2026-08-19 19:00:00,1.2582,1.2628,1.2577,1.2616,13219.56
2026-08-19 19:05:00,1.2616,1.264,1.2603,1.2605,91420.52
2026-08-19 19:10:00,1.2605,1.2622,1.2589,1.2594,386.14
2026-08-19 19:15:00,1.2594,1.2595,1.2557,1.2573,102072.09
2026-08-19 19:20:00,1.2573,1.2588,1.2543,1.2548,152881.02
2026-08-19 19:25:00,1.2548,1.261,1.254,1.2609,154964.37
2026-08-19 19:30:00,1.2609,1.2629,1.2588,1.2598,31551.19
2026-08-19 19:35:00,1.2598,1.2614,1.2537,1.2548,24035.32
2026-08-19 19:40:00,1.2548,1.2577,1.2473,1.2519,27576.19
2026-08-19 19:45:00,1.2519,1.2548,1.2482,1.2536,101401.76
2026-08-19 19:50:00,1.2536,1.257,1.2495,1.2565,12412.9
2026-08-19 19:55:00,1.2565,1.2595,1.2559,1.2581,44569.88
2026-08-19 20:00:00,1.2581,1.2599,1.2553,1.2557,6336.98
2026-08-19 20:05:00,1.2557,1.2598,1.2537,1.2593,37844.9
2026-08-19 20:10:00,1.2593,1.2607,1.2589,1.2596,84567.49
2026-08-19 20:15:00,1.2596,1.2612,1.2566,1.2572,3005.82
2026-08-19 20:20:00,1.2572,1.2624,1.2563,1.2608,29725.34
2026-08-19 20:25:00,1.2608,1.2621,1.2606,1.2614,14396.09
2026-08-19 20:30:00,1.2614,1.2665,1.2613,1.263,1066.02
2026-08-19 20:35:00,1.263,1.2636,1.2558,1.256,81136.27
2026-08-19 20:40:00,1.256,1.2576,1.2515,1.2572,60727.65
2026-08-19 20:45:00,1.2572,1.2606,1.2555,1.2559,23142.64
2026-08-19 20:50:00,1.2559,1.2565,1.2553,1.2561,18531.84
2026-08-19 20:55:00,1.2561,1.2601,1.2526,1.2597,165103.46
2026-08-19 21:00:00,1.2597,1.2616,1.259,1.2595,70086.57
2026-08-19 21:05:00,1.2595,1.26,1.255,1.2571,306342.59
2026-08-19 21:10:00,1.2571,1.2604,1.2549,1.2599,141440.1
2026-08-19 21:15:00,1.2599,1.263,1.2593,1.261,8831.07
2026-08-19 21:20:00,1.261,1.2632,1.2589,1.2632,71222.47
2026-08-19 21:25:00,1.2632,1.2664,1.262,1.264,29718.97
2026-08-19 21:30:00,1.264,1.2644,1.2623,1.2639,102036.55
2026-08-19 21:35:00,1.2639,1.2664,1.2592,1.2598,67749.35
2026-08-19 21:40:00,1.2598,1.2615,1.2592,1.2593,45272.42
2026-08-19 21:45:00,1.2593,1.2598,1.2581,1.2582,96.85
2026-08-19 21:50:00,1.2582,1.2596,1.2562,1.2571,5444.5
2026-08-19 21:55:00,1.2571,1.2602,1.254,1.2595,316948.36
2026-08-19 22:00:00,1.2595,1.2604,1.2571,1.2571,26719.25
2026-08-19 22:05:00,1.2571,1.2585,1.2549,1.2562,95500.95
2026-08-19 22:10:00,1.2562,1.2587,1.252,1.2581,232881.1
2026-08-19 22:15:00,1.2581,1.26,1.2535,1.2558,116195.15
2026-08-19 22:20:00,1.2558,1.2589,1.2534,1.2584,489739.67
2026-08-19 22:25:00,1.2584,1.2599,1.2528,1.255,4390.99
2026-08-19 22:30:00,1.255,1.2588,1.2507,1.2581,396356.96
2026-08-19 22:35:00,1.2581,1.2581,1.2553,1.2555,78906.47
2026-08-19 22:40:00,1.2555,1.26,1.2534,1.2587,85442.97
2026-08-19 22:45:00,1.2587,1.2626,1.2577,1.262,34918.33
2026-08-19 22:50:00,1.262,1.2647,1.2617,1.2632,52492.98
2026-08-19 22:55:00,1.2632,1.2653,1.263,1.2641,3224.07
2026-08-19 23:00:00,1.2641,1.2646,1.2591,1.26,326112.23
2026-08-19 23:05:00,1.26,1.2636,1.2573,1.2622,57172.38
2026-08-19 23:10:00,1.2622,1.2639,1.2605,1.2631,1054.4
2026-08-19 23:15:00,1.2631,1.2649,1.2625,1.2633,12974.53
2026-08-19 23:20:00,1.2633,1.2635,1.261,1.2627,35125.05
2026-08-19 23:25:00,1.2627,1.2636,1.2611,1.2614,35219.69
2026-08-19 23:30:00,1.2614,1.2625,1.2605,1.2622,24230.03
2026-08-19 23:35:00,1.2622,1.266,1.2594,1.2599,41548.39
2026-08-19 23:40:00,1.2599,1.2607,1.2593,1.2603,80047.66
2026-08-19 23:45:00,1.2603,1.2645,1.2582,1.262,40555.98
2026-08-19 23:50:00,1.262,1.2663,1.2609,1.2631,5851.13
2026-08-19 23:55:00,1.2631,1.2654,1.2627,1.2644,308352.34
2026-08-20 00:00:00,1.2644,1.2683,1.262,1.2627,121619.25
2026-08-20 00:05:00,1.2627,1.2676,1.2597,1.2604,90330.17
2026-08-20 00:10:00,1.2604,1.2618,1.2594,1.2614,169235.69
2026-08-20 00:15:00,1.2614,1.2639,1.2614,1.2632,57592.03
2026-08-20 00:20:00,1.2632,1.2663,1.2589,1.2594,897643.36
2026-08-20 00:25:00,1.2594,1.2637,1.2593,1.2633,121000.16
2026-08-20 00:30:00,1.2633,1.2687,1.2623,1.2668,8855.67
2026-08-20 00:35:00,1.2668,1.2721,1.2655,1.272,4158.77
2026-08-20 00:40:00,1.272,1.2722,1.2692,1.27,825.55
2026-08-20 00:45:00,1.27,1.2702,1.2668,1.2676,22300.29
2026-08-20 00:50:00,1.2676,1.2703,1.2651,1.2657,61504.17
2026-08-20 00:55:00,1.2657,1.2691,1.262,1.2631,193542.45
2026-08-20 01:00:00,1.2631,1.2653,1.2607,1.2615,112648.42
2026-08-20 01:05:00,1.2615,1.2638,1.2607,1.2629,88161.9
2026-08-20 01:10:00,1.2629,1.2666,1.2602,1.2609,142987.93
2026-08-20 01:15:00,1.2609,1.2626,1.2566,1.2583,100494.78
2026-08-20 01:20:00,1.2583,1.2588,1.2538,1.2554,26940.72
2026-08-20 01:25:00,1.2554,1.2565,1.2543,1.2543,18700.73
2026-08-20 01:30:00,1.2543,1.257,1.2504,1.2559,174090.99
2026-08-20 01:35:00,1.2559,1.2574,1.2524,1.2534,83534.15
2026-08-20 01:40:00,1.2534,1.2567,1.2516,1.254,174921.42
2026-08-20 01:45:00,1.254,1.2561,1.2517,1.2543,18477.49
2026-08-20 01:50:00,1.2543,1.255,1.2513,1.2517,51936.35
2026-08-20 01:55:00,1.2517,1.2551,1.2513,1.2536,468.7
2026-08-20 02:00:00,1.2536,1.2557,1.2525,1.2528,232511.5
2026-08-20 02:05:00,1.2528,1.2552,1.2527,1.255,21208.91
2026-08-20 02:10:00,1.255,1.2562,1.2543,1.255,2426.53
2026-08-20 02:15:00,1.255,1.2573,1.2522,1.2561,188631.32
2026-08-20 02:20:00,1.2561,1.2598,1.2554,1.2593,180305.66
2026-08-20 02:25:00,1.2593,1.2595,1.2497,1.2531,48721.05
2026-08-20 02:30:00,1.2531,1.2533,1.2502,1.2512,7010.41
2026-08-20 02:35:00,1.2512,1.254,1.2471,1.2528,428946.92
2026-08-20 02:40:00,1.2528,1.2534,1.2519,1.2524,1644.72
2026-08-20 02:45:00,1.2524,1.2531,1.2507,1.2523,38906.52
2026-08-20 02:50:00,1.2523,1.2536,1.2507,1.2532,4663.12
2026-08-20 02:55:00,1.2532,1.2566,1.2521,1.255,120005.72
2026-08-20 03:00:00,1.255,1.2558,1.254,1.2553,41655.38
2026-08-20 03:05:00,1.2553,1.2557,1.2533,1.2546,20213.9
2026-08-20 03:10:00,1.2546,1.2601,1.2546,1.2583,67579.02
2026-08-20 03:15:00,1.2583,1.2605,1.2575,1.2589,19442.92
2026-08-20 03:20:00,1.2589,1.2614,1.2579,1.2609,3282.07
2026-08-20 03:25:00,1.2609,1.2635,1.2567,1.2632,32824.11
2026-08-20 03:30:00,1.2632,1.2662,1.2629,1.2649,34437.73
2026-08-20 03:35:00,1.2649,1.2651,1.2643,1.2651,24446.11
2026-08-20 03:40:00,1.2651,1.2653,1.2634,1.2638,336152.12
2026-08-20 03:45:00,1.2638,1.2659,1.2624,1.2652,8074.4
2026-08-20 03:50:00,1.2652,1.2699,1.2647,1.2682,1749.66
2026-08-20 03:55:00,1.2682,1.2692,1.2664,1.2689,103058.32
2026-08-20 04:00:00,1.2689,1.2705,1.2688,1.2703,174215.63
2026-08-20 04:05:00,1.2703,1.2742,1.266,1.2672,435561.06
2026-08-20 04:10:00,1.2672,1.2678,1.2615,1.2631,135799.38
2026-08-20 04:15:00,1.2631,1.2637,1.26,1.2602,32659.47
2026-08-20 04:20:00,1.2602,1.2654,1.2601,1.2633,45564.59
2026-08-20 04:25:00,1.2633,1.2635,1.2618,1.262,32908.18
2026-08-20 04:30:00,1.262,1.2622,1.2555,1.2603,20737.39
2026-08-20 04:35:00,1.2603,1.2606,1.2581,1.2604,64046.25
2026-08-20 04:40:00,1.2604,1.2613,1.2582,1.2591,36221.67
2026-08-20 04:45:00,1.2591,1.2604,1.2562,1.2567,46188.75
2026-08-20 04:50:00,1.2567,1.2609,1.2556,1.2607,35071.2
2026-08-20 04:55:00,1.2607,1.2629,1.2599,1.2623,31067.48
2026-08-20 05:00:00,1.2623,1.2624,1.2591,1.2596,320.84
2026-08-20 05:05:00,1.2596,1.2597,1.2584,1.2593,79419.61
2026-08-20 05:10:00,1.2593,1.2598,1.2561,1.2597,55486.71
2026-08-20 05:15:00,1.2597,1.2635,1.2585,1.2635,44071.11
2026-08-20 05:20:00,1.2635,1.2706,1.2626,1.2689,148918.44
2026-08-20 05:25:00,1.2689,1.2694,1.2674,1.2677,36809.85
2026-08-20 05:30:00,1.2677,1.2697,1.2658,1.2684,10361.28
2026-08-20 05:35:00,1.2684,1.27,1.2673,1.2696,15339.47
2026-08-20 05:40:00,1.2696,1.2706,1.2666,1.267,2090.27
2026-08-20 05:45:00,1.267,1.2682,1.2664,1.2673,25542.85
2026-08-20 05:50:00,1.2673,1.2684,1.2653,1.267,162722.71
2026-08-20 05:55:00,1.267,1.2676,1.2637,1.2659,155454.06
2026-08-20 06:00:00,1.2659,1.2661,1.2645,1.2648,129348.58
2026-08-20 06:05:00,1.2648,1.2671,1.2641,1.2661,95403.02
2026-08-20 06:10:00,1.2661,1.2665,1.2639,1.2658,30629.19
2026-08-20 06:15:00,1.2658,1.2694,1.2658,1.2685,19386.79
2026-08-20 06:20:00,1.2685,1.2692,1.2662,1.2668,3285.94
2026-08-20 06:25:00,1.2668,1.267,1.2639,1.2647,246871.0
2026-08-20 06:30:00,1.2647,1.268,1.2631,1.2656,29016.95
2026-08-20 06:35:00,1.2656,1.2669,1.2642,1.2645,178282.23
2026-08-20 06:40:00,1.2645,1.2667,1.2642,1.2653,17831.68
2026-08-20 06:45:00,1.2653,1.2664,1.2647,1.2661,54091.76
2026-08-20 06:50:00,1.2661,1.2678,1.265,1.2663,1934.92
2026-08-20 06:55:00,1.2663,1.2693,1.265,1.2667,71512.19
2026-08-20 07:00:00,1.2667,1.268,1.2649,1.2652,16168.67
2026-08-20 07:05:00,1.2652,1.2677,1.2632,1.2677,57092.67
2026-08-20 07:10:00,1.2677,1.2685,1.2627,1.2638,18951.63
2026-08-20 07:15:00,1.2638,1.2651,1.2606,1.2619,157279.35
2026-08-20 07:20:00,1.2619,1.262,1.2593,1.2604,7756.54
2026-08-20 07:25:00,1.2604,1.261,1.2592,1.2601,32477.73
2026-08-20 07:30:00,1.2601,1.2613,1.2576,1.2602,205275.71
2026-08-20 07:35:00,1.2602,1.2611,1.2587,1.2588,86272.99
2026-08-20 07:40:00,1.2588,1.2611,1.2541,1.2603,171513.84
2026-08-20 07:45:00,1.2603,1.2642,1.2579,1.262,1453.55
2026-08-20 07:50:00,1.262,1.2635,1.2609,1.261,69061.93
2026-08-20 07:55:00,1.261,1.2636,1.2599,1.2615,45878.86
2026-08-20 08:00:00,1.2615,1.2635,1.2615,1.2626,106381.71
2026-08-20 08:05:00,1.2626,1.2647,1.2623,1.2636,4122.76
2026-08-20 08:10:00,1.2636,1.2697,1.2634,1.2679,48817.57
2026-08-20 08:15:00,1.2679,1.2711,1.2657,1.2659,12398.75
2026-08-20 08:20:00,1.2659,1.2692,1.2651,1.2684,25469.03
2026-08-20 08:25:00,1.2684,1.2702,1.2653,1.2666,79531.9
2026-08-20 08:30:00,1.2666,1.2682,1.2624,1.2629,74590.89
2026-08-20 08:35:00,1.2629,1.2653,1.2565,1.2603,3763.82
2026-08-20 08:40:00,1.2603,1.2658,1.2587,1.2653,68960.27
2026-08-20 08:45:00,1.2653,1.2682,1.264,1.2659,17769.11
2026-08-20 08:50:00,1.2659,1.2687,1.2642,1.2672,24151.13
2026-08-20 08:55:00,1.2672,1.2681,1.2645,1.2653,116397.73
2026-08-20 09:00:00,1.2653,1.2676,1.2632,1.2634,9579.43
2026-08-20 09:05:00,1.2634,1.2645,1.2624,1.264,3921.11
2026-08-20 09:10:00,1.264,1.2653,1.2621,1.2646,17057.05
2026-08-20 09:15:00,1.2646,1.2667,1.2632,1.2645,9520.82
2026-08-20 09:20:00,1.2645,1.268,1.2643,1.2669,11134.51
2026-08-20 09:25:00,1.2669,1.2675,1.2643,1.2644,97899.47
2026-08-20 09:30:00,1.2644,1.2645,1.2622,1.2625,166954.55
2026-08-20 09:35:00,1.2625,1.2637,1.2605,1.2619,41287.72
2026-08-20 09:40:00,1.2619,1.2633,1.2577,1.259,292.9
2026-08-20 09:45:00,1.259,1.2602,1.256,1.2561,27781.36
2026-08-20 09:50:00,1.2561,1.2579,1.2557,1.2563,37377.96
2026-08-20 09:55:00,1.2563,1.2576,1.2545,1.2554,2526.83
2026-08-20 10:00:00,1.2554,1.2568,1.2507,1.2524,79777.49
2026-08-20 10:05:00,1.2524,1.2533,1.2495,1.25,40353.83
2026-08-20 10:10:00,1.25,1.253,1.2494,1.2516,41224.36
2026-08-20 10:15:00,1.2516,1.2538,1.2509,1.2536,10113.03
2026-08-20 10:20:00,1.2536,1.2567,1.2509,1.2562,513117.36
2026-08-20 10:25:00,1.2562,1.2597,1.252,1.2591,368410.96
2026-08-20 10:30:00,1.2591,1.2612,1.2551,1.2607,138484.48
2026-08-20 10:35:00,1.2607,1.2626,1.2586,1.262,20242.83
2026-08-20 10:40:00,1.262,1.2639,1.2589,1.2593,4964.89
2026-08-20 10:45:00,1.2593,1.2594,1.2557,1.2576,47434.0
2026-08-20 10:50:00,1.2576,1.2611,1.2531,1.2599,567682.22
2026-08-20 10:55:00,1.2599,1.2606,1.2592,1.26,110606.96
2026-08-20 11:00:00,1.26,1.2614,1.259,1.2596,147614.28
2026-08-20 11:05:00,1.2596,1.2609,1.2571,1.2597,36439.49
2026-08-20 11:10:00,1.2597,1.2598,1.2565,1.2571,128107.87
2026-08-20 11:15:00,1.2571,1.2613,1.2558,1.2598,19662.21
2026-08-20 11:20:00,1.2598,1.2608,1.2574,1.259,82897.66
2026-08-20 11:25:00,1.259,1.2654,1.2561,1.2648,62054.51
2026-08-20 11:30:00,1.2648,1.2665,1.2643,1.2665,73789.98
2026-08-20 11:35:00,1.2665,1.2667,1.263,1.2635,11776.39
2026-08-20 11:40:00,1.2635,1.266,1.2626,1.2629,28905.45
2026-08-20 11:45:00,1.2629,1.2642,1.2606,1.2609,24500.99
2026-08-20 11:50:00,1.2609,1.2614,1.2593,1.2597,49866.82
2026-08-20 11:55:00,1.2597,1.2617,1.2588,1.2608,55876.43
2026-08-20 12:00:00,1.2608,1.2644,1.2607,1.2634,99350.06
2026-08-20 12:05:00,1.2634,1.265,1.2627,1.2639,15292.09
2026-08-20 12:10:00,1.2639,1.2659,1.2591,1.2631,48565.28
2026-08-20 12:15:00,1.2631,1.2657,1.2618,1.2648,120735.15
2026-08-20 12:20:00,1.2648,1.2694,1.264,1.2675,5816.01
2026-08-20 12:25:00,1.2675,1.2684,1.2639,1.2661,31100.97
2026-08-20 12:30:00,1.2661,1.2689,1.2659,1.2685,84881.42
2026-08-20 12:35:00,1.2685,1.2689,1.2671,1.2672,11525.57
2026-08-20 12:40:00,1.2672,1.2716,1.2643,1.2653,77206.81
2026-08-20 12:45:00,1.2653,1.2667,1.26,1.2615,39748.64
2026-08-20 12:50:00,1.2615,1.2622,1.2602,1.2605,13809.02
2026-08-20 12:55:00,1.2605,1.2647,1.2587,1.262,65924.95
2026-08-20 13:00:00,1.262,1.2629,1.2601,1.2614,79921.68
2026-08-20 13:05:00,1.2614,1.2619,1.2573,1.2601,66777.17
2026-08-20 13:10:00,1.2601,1.2611,1.2569,1.258,60669.65
2026-08-20 13:15:00,1.258,1.2588,1.2546,1.2555,8572.73
2026-08-20 13:20:00,1.2555,1.2575,1.2542,1.2563,104991.56
2026-08-20 13:25:00,1.2563,1.2604,1.2559,1.2602,29601.46
2026-08-20 13:30:00,1.2602,1.2607,1.2564,1.2575,27486.78
2026-08-20 13:35:00,1.2575,1.2606,1.2557,1.2605,47629.27
2026-08-20 13:40:00,1.2605,1.2612,1.2591,1.2597,40698.02
2026-08-20 13:45:00,1.2597,1.2621,1.2578,1.2608,50225.91
2026-08-20 13:50:00,1.2608,1.2628,1.2582,1.2595,29052.82
2026-08-20 13:55:00,1.2595,1.2604,1.2563,1.258,170530.12
2026-08-20 14:00:00,1.258,1.2581,1.2547,1.2554,8823.0
2026-08-20 14:05:00,1.2554,1.2564,1.2532,1.2535,15994.36
2026-08-20 14:10:00,1.2535,1.2572,1.2532,1.2564,17327.53
2026-08-20 14:15:00,1.2564,1.2586,1.2543,1.2545,45099.19
2026-08-20 14:20:00,1.2545,1.2553,1.2501,1.2508,7739.73
2026-08-20 14:25:00,1.2508,1.2525,1.2494,1.2512,38017.65
2026-08-20 14:30:00,1.2512,1.2539,1.2476,1.2534,150963.52
2026-08-20 14:35:00,1.2534,1.2547,1.2528,1.254,106591.66
2026-08-20 14:40:00,1.254,1.2547,1.2532,1.2536,36285.55
2026-08-20 14:45:00,1.2536,1.2556,1.2529,1.253,126439.59
2026-08-20 14:50:00,1.253,1.2541,1.2518,1.2533,82709.66
2026-08-20 14:55:00,1.2533,1.2551,1.2487,1.2495,3393.18
2026-08-20 15:00:00,1.2495,1.2506,1.2479,1.2498,112147.36
2026-08-20 15:05:00,1.2498,1.2506,1.2476,1.2502,2563.79
2026-08-20 15:10:00,1.2502,1.2523,1.2473,1.2501,89542.98
2026-08-20 15:15:00,1.2501,1.2509,1.2438,1.2457,26410.92
2026-08-20 15:20:00,1.2457,1.2479,1.2438,1.2453,265825.11
2026-08-20 15:25:00,1.2453,1.2487,1.242,1.2484,10401.47
2026-08-20 15:30:00,1.2484,1.2529,1.2463,1.2519,234320.1
2026-08-20 15:35:00,1.2519,1.2534,1.2477,1.2482,9554.79
2026-08-20 15:40:00,1.2482,1.2493,1.2466,1.2481,84651.64
2026-08-20 15:45:00,1.2481,1.2498,1.2472,1.2477,9552.0
2026-08-20 15:50:00,1.2477,1.2488,1.2462,1.2472,1312.94
2026-08-20 15:55:00,1.2472,1.2492,1.243,1.2484,217523.79
2026-08-20 16:00:00,1.2484,1.2493,1.2473,1.2491,59067.24
2026-08-20 16:05:00,1.2491,1.2517,1.2468,1.2511,47643.03
2026-08-20 16:10:00,1.2511,1.2513,1.2511,1.2511,1877.9
2026-08-20 16:15:00,1.2511,1.2523,1.2463,1.2489,8557.59
2026-08-20 16:20:00,1.2489,1.2508,1.2484,1.25,48116.21
2026-08-20 16:25:00,1.25,1.2558,1.2479,1.254,44633.8
2026-08-20 16:30:00,1.254,1.2542,1.2522,1.2537,148669.52
2026-08-20 16:35:00,1.2537,1.2555,1.2531,1.2542,62875.83
2026-08-20 16:40:00,1.2542,1.2561,1.2532,1.254,195734.87
2026-08-20 16:45:00,1.254,1.2562,1.2536,1.2549,2721.07
2026-08-20 16:50:00,1.2549,1.2563,1.2498,1.2513,107185.32
2026-08-20 16:55:00,1.2513,1.2524,1.2489,1.2494,8231.8
2026-08-20 17:00:00,1.2494,1.2512,1.2492,1.251,19669.07
2026-08-20 17:05:00,1.251,1.2524,1.2505,1.2522,1187.54
2026-08-20 17:10:00,1.2522,1.2533,1.2504,1.2508,57564.35
2026-08-20 17:15:00,1.2508,1.2521,1.2486,1.2513,69089.58
2026-08-20 17:20:00,1.2513,1.2522,1.2493,1.2501,6063.92
2026-08-20 17:25:00,1.2501,1.2514,1.249,1.2506,47899.67
2026-08-20 17:30:00,1.2506,1.2512,1.2464,1.2483,4444.92
2026-08-20 17:35:00,1.2483,1.2488,1.2466,1.247,65538.12
2026-08-20 17:40:00,1.247,1.2485,1.244,1.2479,41713.18
2026-08-20 17:45:00,1.2479,1.2506,1.2477,1.2488,183437.34
2026-08-20 17:50:00,1.2488,1.2502,1.2449,1.2462,131457.44
2026-08-20 17:55:00,1.2462,1.2481,1.243,1.2473,192580.17
2026-08-20 18:00:00,1.2473,1.2521,1.2466,1.252,26119.55
2026-08-20 18:05:00,1.252,1.2553,1.2509,1.2526,6692.79
2026-08-20 18:10:00,1.2526,1.2546,1.2526,1.2533,11159.44
2026-08-20 18:15:00,1.2533,1.2542,1.2519,1.2538,46109.9
2026-08-20 18:20:00,1.2538,1.2544,1.2534,1.2536,53150.25
2026-08-20 18:25:00,1.2536,1.2545,1.2502,1.2513,298.54
2026-08-20 18:30:00,1.2513,1.254,1.2508,1.2522,113384.01
2026-08-20 18:35:00,1.2522,1.2529,1.2491,1.2494,42151.3
2026-08-20 18:40:00,1.2494,1.2509,1.2487,1.2502,14230.68
2026-08-20 18:45:00,1.2502,1.2508,1.2444,1.249,42313.66
2026-08-20 18:50:00,1.249,1.2522,1.2488,1.2518,5547.39
2026-08-20 18:55:00,1.2518,1.2537,1.248,1.249,60929.91
2026-08-20 19:00:00,1.249,1.2497,1.2445,1.2455,6511.6
2026-08-20 19:05:00,1.2455,1.248,1.2399,1.2472,31500.48
2026-08-20 19:10:00,1.2472,1.251,1.2451,1.246,71930.27
2026-08-20 19:15:00,1.246,1.2467,1.24,1.2435,37231.59
2026-08-20 19:20:00,1.2435,1.2446,1.2427,1.2438,23964.66
2026-08-20 19:25:00,1.2438,1.2449,1.2385,1.2403,44563.05
2026-08-20 19:30:00,1.2403,1.2442,1.235,1.2432,287299.16
2026-08-20 19:35:00,1.2432,1.2459,1.2415,1.2444,62388.84
2026-08-20 19:40:00,1.2444,1.2468,1.2421,1.2463,57793.79
2026-08-20 19:45:00,1.2463,1.2468,1.2449,1.2458,73293.3
2026-08-20 19:50:00,1.2458,1.2481,1.2438,1.2467,101632.72
2026-08-20 19:55:00,1.2467,1.2523,1.2458,1.2503,25823.41
2026-08-20 20:00:00,1.2503,1.2568,1.2485,1.2551,91256.42
2026-08-20 20:05:00,1.2551,1.2557,1.2512,1.2535,163732.33
2026-08-20 20:10:00,1.2535,1.2561,1.249,1.25,87042.29
2026-08-20 20:15:00,1.25,1.2536,1.2494,1.2533,163121.8
2026-08-20 20:20:00,1.2533,1.254,1.2505,1.2519,33558.37
2026-08-20 20:25:00,1.2519,1.2544,1.2508,1.253,34659.74
2026-08-20 20:30:00,1.253,1.2535,1.2522,1.253,16124.14
2026-08-20 20:35:00,1.253,1.2537,1.252,1.2522,43100.5
2026-08-20 20:40:00,1.2522,1.2527,1.2501,1.2523,36376.95
2026-08-20 20:45:00,1.2523,1.2529,1.2514,1.2514,16887.29
2026-08-20 20:50:00,1.2514,1.2544,1.2512,1.2534,52721.39
2026-08-20 20:55:00,1.2534,1.2536,1.2502,1.2508,41285.72
2026-08-20 21:00:00,1.2508,1.2522,1.2477,1.2489,96466.44
2026-08-20 21:05:00,1.2489,1.2502,1.2478,1.2497,41245.04
2026-08-20 21:10:00,1.2497,1.2504,1.2467,1.248,8676.68
2026-08-20 21:15:00,1.248,1.2495,1.246,1.2468,140442.64
2026-08-20 21:20:00,1.2468,1.2488,1.2454,1.2472,13920.17
2026-08-20 21:25:00,1.2472,1.2479,1.2446,1.2451,10459.77
2026-08-20 21:30:00,1.2451,1.2465,1.2435,1.2463,10900.53
2026-08-20 21:35:00,1.2463,1.2481,1.2425,1.2441,171548.66
2026-08-20 21:40:00,1.2441,1.2459,1.241,1.2425,20655.85
2026-08-20 21:45:00,1.2425,1.2454,1.239,1.2448,27636.77
2026-08-20 21:50:00,1.2448,1.2482,1.2446,1.2448,75147.7
2026-08-20 21:55:00,1.2448,1.2494,1.2429,1.248,8084.23
2026-08-20 22:00:00,1.248,1.2486,1.2449,1.2476,11321.01
2026-08-20 22:05:00,1.2476,1.2525,1.2469,1.2507,201007.61
2026-08-20 22:10:00,1.2507,1.2511,1.2496,1.2509,7421.25
2026-08-20 22:15:00,1.2509,1.2513,1.2472,1.2482,115850.48
2026-08-20 22:20:00,1.2482,1.2527,1.2463,1.2517,2691.92
2026-08-20 22:25:00,1.2517,1.2523,1.2481,1.2488,46889.81
2026-08-20 22:30:00,1.2488,1.2497,1.2476,1.2493,134898.06
2026-08-20 22:35:00,1.2493,1.2494,1.249,1.2491,111060.48
2026-08-20 22:40:00,1.2491,1.2504,1.2467,1.2476,60264.27
2026-08-20 22:45:00,1.2476,1.2497,1.2473,1.2491,50054.44
2026-08-20 22:50:00,1.2491,1.2496,1.2482,1.2494,9582.63
2026-08-20 22:55:00,1.2494,1.2495,1.2455,1.2465,1512.99
2026-08-20 23:00:00,1.2465,1.2474,1.2434,1.2437,93845.05
2026-08-20 23:05:00,1.2437,1.2448,1.2434,1.2437,86518.44
2026-08-20 23:10:00,1.2437,1.244,1.2406,1.242,162782.29
2026-08-20 23:15:00,1.242,1.243,1.2376,1.2393,22132.62
2026-08-20 23:20:00,1.2393,1.2427,1.2352,1.2423,748373.31
2026-08-20 23:25:00,1.2423,1.2463,1.2415,1.2442,19435.5
2026-08-20 23:30:00,1.2442,1.2444,1.24,1.241,32658.62
2026-08-20 23:35:00,1.241,1.2426,1.2363,1.2391,23009.09
2026-08-20 23:40:00,1.2391,1.2436,1.2384,1.2427,35692.32
2026-08-20 23:45:00,1.2427,1.249,1.2403,1.2471,92138.72
2026-08-20 23:50:00,1.2471,1.248,1.2464,1.2472,67249.68
2026-08-20 23:55:00,1.2472,1.2518,1.2471,1.2499,75492.86
2026-08-21 00:00:00,1.2499,1.2536,1.2484,1.251,105532.26
2026-08-21 00:05:00,1.251,1.2528,1.2494,1.2525,43947.57
2026-08-21 00:10:00,1.2525,1.2574,1.2509,1.255,10777.69
2026-08-21 00:15:00,1.255,1.2554,1.2536,1.2551,77411.64
2026-08-21 00:20:00,1.2551,1.2585,1.2547,1.2579,46770.37
2026-08-21 00:25:00,1.2579,1.2613,1.2578,1.2596,74462.6
2026-08-21 00:30:00,1.2596,1.2649,1.2574,1.2586,386176.37
2026-08-21 00:35:00,1.2586,1.2605,1.2572,1.2601,20860.89
2026-08-21 00:40:00,1.2601,1.2647,1.2561,1.2567,93510.62
2026-08-21 00:45:00,1.2567,1.2582,1.255,1.2566,256.84
2026-08-21 00:50:00,1.2566,1.2582,1.253,1.2532,159588.31
2026-08-21 00:55:00,1.2532,1.255,1.2503,1.2505,16970.06
2026-08-21 01:00:00,1.2505,1.2514,1.25,1.2509,19439.17
2026-08-21 01:05:00,1.2509,1.2566,1.2501,1.2544,95173.73
2026-08-21 01:10:00,1.2544,1.257,1.2505,1.2513,182587.58
2026-08-21 01:15:00,1.2513,1.2535,1.2494,1.2503,1261.36
2026-08-21 01:20:00,1.2503,1.2518,1.248,1.2481,31087.39
2026-08-21 01:25:00,1.2481,1.2531,1.247,1.252,76374.45
2026-08-21 01:30:00,1.252,1.253,1.2511,1.2527,1103.83
2026-08-21 01:35:00,1.2527,1.255,1.2502,1.2509,3833.55
2026-08-21 01:40:00,1.2509,1.2515,1.2479,1.2498,85326.8
2026-08-21 01:45:00,1.2498,1.2504,1.2483,1.2486,13798.61
2026-08-21 01:50:00,1.2486,1.2549,1.2483,1.2514,21216.66
2026-08-21 01:55:00,1.2514,1.2526,1.2497,1.2525,32600.33
2026-08-21 02:00:00,1.2525,1.2558,1.2507,1.2543,14991.76
2026-08-21 02:05:00,1.2543,1.2554,1.2523,1.2553,9618.11
2026-08-21 02:10:00,1.2553,1.2567,1.2527,1.2538,85783.18
2026-08-21 02:15:00,1.2538,1.2583,1.2494,1.2503,998493.18
2026-08-21 02:20:00,1.2503,1.2529,1.2461,1.2494,44485.16
2026-08-21 02:25:00,1.2494,1.2498,1.2483,1.2483,45845.81
2026-08-21 02:30:00,1.2483,1.2483,1.2457,1.2467,40331.25
2026-08-21 02:35:00,1.2467,1.2472,1.242,1.2434,41267.29
2026-08-21 02:40:00,1.2434,1.2443,1.2422,1.244,75341.67
2026-08-21 02:45:00,1.244,1.2442,1.2438,1.2441,38864.15
2026-08-21 02:50:00,1.2441,1.2444,1.2438,1.2439,15239.8
2026-08-21 02:55:00,1.2439,1.2441,1.2436,1.2437,158868.64
2026-08-21 03:00:00,1.2437,1.2455,1.2431,1.2434,5911.44
2026-08-21 03:05:00,1.2434,1.2457,1.2433,1.2443,43335.64
2026-08-21 03:10:00,1.2443,1.245,1.2432,1.2447,124448.46
2026-08-21 03:15:00,1.2447,1.2482,1.2432,1.2458,54411.29
2026-08-21 03:20:00,1.2458,1.2488,1.2454,1.2487,41356.5
2026-08-21 03:25:00,1.2487,1.2491,1.2455,1.2461,82192.69
2026-08-21 03:30:00,1.2461,1.2466,1.244,1.2446,31921.41
2026-08-21 03:35:00,1.2446,1.2472,1.2411,1.2423,20144.9
2026-08-21 03:40:00,1.2423,1.2434,1.2392,1.2407,35303.84
2026-08-21 03:45:00,1.2407,1.2428,1.2395,1.242,41283.07
2026-08-21 03:50:00,1.242,1.2421,1.2384,1.2391,42990.11
2026-08-21 03:55:00,1.2391,1.2394,1.2364,1.2366,27431.26
2026-08-21 04:00:00,1.2366,1.2394,1.2313,1.2383,286218.5
2026-08-21 04:05:00,1.2383,1.2385,1.2366,1.2378,33425.24
2026-08-21 04:10:00,1.2378,1.2389,1.2337,1.2349,164297.11
2026-08-21 04:15:00,1.2349,1.2386,1.2302,1.2379,30996.99
2026-08-21 04:20:00,1.2379,1.2385,1.2352,1.2356,39463.84
2026-08-21 04:25:00,1.2356,1.2368,1.2348,1.2367,33700.57
2026-08-21 04:30:00,1.2367,1.241,1.2329,1.24,184268.74
2026-08-21 04:35:00,1.24,1.2433,1.2376,1.2429,15272.0
2026-08-21 04:40:00,1.2429,1.2471,1.2424,1.2456,80057.87
2026-08-21 04:45:00,1.2456,1.2461,1.2428,1.2433,91905.74
2026-08-21 04:50:00,1.2433,1.2455,1.2416,1.2424,26035.75
2026-08-21 04:55:00,1.2424,1.2429,1.242,1.2424,78264.8
2026-08-21 05:00:00,1.2424,1.2434,1.2397,1.2417,58995.45
2026-08-21 05:05:00,1.2417,1.2432,1.2407,1.2412,41565.79
2026-08-21 05:10:00,1.2412,1.2417,1.2407,1.241,92803.88
2026-08-21 05:15:00,1.241,1.2414,1.2367,1.238,102732.0
2026-08-21 05:20:00,1.238,1.2403,1.2337,1.2399,379460.73
2026-08-21 05:25:00,1.2399,1.2423,1.2364,1.2366,25974.19
2026-08-21 05:30:00,1.2366,1.2368,1.236,1.2368,81186.54
2026-08-21 05:35:00,1.2368,1.238,1.2325,1.2348,4175.54
2026-08-21 05:40:00,1.2348,1.2376,1.2294,1.2364,498134.37
2026-08-21 05:45:00,1.2364,1.2379,1.2336,1.2375,193625.7
2026-08-21 05:50:00,1.2375,1.2395,1.2327,1.2387,111220.3
2026-08-21 05:55:00,1.2387,1.2436,1.2365,1.2424,149425.2
2026-08-21 06:00:00,1.2424,1.2431,1.2401,1.2405,40197.26
2026-08-21 06:05:00,1.2405,1.2453,1.2402,1.2434,119172.68
2026-08-21 06:10:00,1.2434,1.2444,1.2407,1.2416,57320.48
2026-08-21 06:15:00,1.2416,1.2462,1.2407,1.2423,117438.31
2026-08-21 06:20:00,1.2423,1.2423,1.2387,1.2393,10248.68
2026-08-21 06:25:00,1.2393,1.2397,1.2362,1.2373,135285.59
2026-08-21 06:30:00,1.2373,1.2385,1.2344,1.2352,91936.71
2026-08-21 06:35:00,1.2352,1.2352,1.2346,1.2347,5087.96
2026-08-21 06:40:00,1.2347,1.2368,1.2314,1.2361,128746.27
2026-08-21 06:45:00,1.2361,1.2381,1.235,1.238,32691.01
2026-08-21 06:50:00,1.238,1.24,1.2376,1.2378,135720.77
2026-08-21 06:55:00,1.2378,1.2435,1.2377,1.2432,2272.93
2026-08-21 07:00:00,1.2432,1.2471,1.2398,1.2447,35349.6
2026-08-21 07:05:00,1.2447,1.2462,1.2401,1.2414,72821.23
2026-08-21 07:10:00,1.2414,1.2437,1.2373,1.2401,58379.54
2026-08-21 07:15:00,1.2401,1.2429,1.2393,1.2425,8446.04
2026-08-21 07:20:00,1.2425,1.2447,1.2423,1.2438,61789.34
2026-08-21 07:25:00,1.2438,1.2449,1.2389,1.24,2359.28
2026-08-21 07:30:00,1.24,1.2409,1.2382,1.239,22331.27
2026-08-21 07:35:00,1.239,1.2396,1.2362,1.2395,6436.59
2026-08-21 07:40:00,1.2395,1.2401,1.2368,1.24,96191.16
2026-08-21 07:45:00,1.24,1.2405,1.2387,1.2395,44810.34
2026-08-21 07:50:00,1.2395,1.2424,1.2329,1.2343,60304.62
2026-08-21 07:55:00,1.2343,1.2372,1.2313,1.2362,67376.13
2026-08-21 08:00:00,1.2362,1.2382,1.236,1.2374,8386.25
2026-08-21 08:05:00,1.2374,1.2392,1.2372,1.2389,25217.0
2026-08-21 08:10:00,1.2389,1.2391,1.2362,1.2375,72201.86
2026-08-21 08:15:00,1.2375,1.2431,1.2368,1.2399,1550.35
2026-08-21 08:20:00,1.2399,1.2402,1.2362,1.2397,20686.5
2026-08-21 08:25:00,1.2397,1.2399,1.2344,1.2364,10899.47
2026-08-21 08:30:00,1.2364,1.2377,1.2335,1.2353,68647.34
2026-08-21 08:35:00,1.2353,1.2377,1.2334,1.2342,20864.37
2026-08-21 08:40:00,1.2342,1.2348,1.2328,1.2336,33163.34
2026-08-21 08:45:00,1.2336,1.2343,1.232,1.2331,1700.01
2026-08-21 08:50:00,1.2331,1.2353,1.2306,1.2347,20679.67
2026-08-21 08:55:00,1.2347,1.2372,1.2323,1.2367,28026.23
2026-08-21 09:00:00,1.2367,1.2375,1.2334,1.2358,22806.2
2026-08-21 09:05:00,1.2358,1.2363,1.2341,1.2356,133404.47
2026-08-21 09:10:00,1.2356,1.2389,1.232,1.2377,1021400.32
2026-08-21 09:15:00,1.2377,1.2386,1.2361,1.2365,60816.76
2026-08-21 09:20:00,1.2365,1.2395,1.2351,1.2389,146385.69
2026-08-21 09:25:00,1.2389,1.2389,1.235,1.2367,148121.23
2026-08-21 09:30:00,1.2367,1.2374,1.234,1.2368,74661.28
2026-08-21 09:35:00,1.2368,1.238,1.2346,1.2359,50009.68
2026-08-21 09:40:00,1.2359,1.2365,1.2357,1.236,14538.85
2026-08-21 09:45:00,1.236,1.2361,1.2328,1.2339,32255.5
2026-08-21 09:50:00,1.2339,1.2359,1.2318,1.2321,54324.06
2026-08-21 09:55:00,1.2321,1.2329,1.2316,1.2321,13831.29
2026-08-21 10:00:00,1.2321,1.2348,1.2286,1.2341,459264.63
2026-08-21 10:05:00,1.2341,1.2347,1.2313,1.2322,123873.6
2026-08-21 10:10:00,1.2322,1.2346,1.2321,1.2329,76895.26
2026-08-21 10:15:00,1.2329,1.2332,1.2306,1.2309,22304.02
2026-08-21 10:20:00,1.2309,1.2323,1.2253,1.2283,24129.53
2026-08-21 10:25:00,1.2283,1.2301,1.2257,1.2295,338613.81
2026-08-21 10:30:00,1.2295,1.2323,1.2267,1.2317,142134.64
2026-08-21 10:35:00,1.2317,1.2317,1.2309,1.2314,120393.19
2026-08-21 10:40:00,1.2314,1.2324,1.2287,1.231,52831.46
2026-08-21 10:45:00,1.231,1.2317,1.2298,1.2304,166333.64
2026-08-21 10:50:00,1.2304,1.2318,1.2296,1.2296,76449.16
2026-08-21 10:55:00,1.2296,1.2298,1.2255,1.227,16566.31
2026-08-21 11:00:00,1.227,1.2309,1.2232,1.2246,23608.64
2026-08-21 11:05:00,1.2246,1.2274,1.2221,1.2239,13285.29
2026-08-21 11:10:00,1.2239,1.2264,1.2236,1.2245,22623.12
2026-08-21 11:15:00,1.2245,1.2246,1.2201,1.2217,10427.04
2026-08-21 11:20:00,1.2217,1.2243,1.217,1.2232,94745.02
2026-08-21 11:25:00,1.2232,1.2241,1.2209,1.2211,87435.61
2026-08-21 11:30:00,1.2211,1.2227,1.2177,1.2222,192199.55
2026-08-21 11:35:00,1.2222,1.224,1.22,1.2211,199830.82
2026-08-21 11:40:00,1.2211,1.2216,1.2156,1.2177,89507.88
2026-08-21 11:45:00,1.2177,1.2204,1.2143,1.2198,227186.47
2026-08-21 11:50:00,1.2198,1.2214,1.2172,1.218,3823.36
2026-08-21 11:55:00,1.218,1.2215,1.215,1.2207,67755.76
2026-08-21 12:00:00,1.2207,1.2232,1.2206,1.2228,180480.17
2026-08-21 12:05:00,1.2228,1.2253,1.2203,1.2249,6816.12
2026-08-21 12:10:00,1.2249,1.2279,1.2236,1.227,6378.67
2026-08-21 12:15:00,1.227,1.2277,1.2234,1.2272,82987.19
2026-08-21 12:20:00,1.2272,1.2284,1.2252,1.2283,59872.03
2026-08-21 12:25:00,1.2283,1.2293,1.2262,1.2289,21792.9
2026-08-21 12:30:00,1.2289,1.232,1.2242,1.2261,38035.6
2026-08-21 12:35:00,1.2261,1.2308,1.2251,1.23,83344.16
2026-08-21 12:40:00,1.23,1.2313,1.2298,1.2311,8277.45
2026-08-21 12:45:00,1.2311,1.2342,1.2295,1.2327,3742.68
2026-08-21 12:50:00,1.2327,1.2343,1.2298,1.2325,21188.88
2026-08-21 12:55:00,1.2325,1.2342,1.227,1.2272,84048.01
2026-08-21 13:00:00,1.2272,1.2278,1.221,1.2217,5854.32
2026-08-21 13:05:00,1.2217,1.2248,1.2168,1.2241,22503.02
2026-08-21 13:10:00,1.2241,1.2244,1.2208,1.2224,10218.92
2026-08-21 13:15:00,1.2224,1.2266,1.2179,1.2257,568120.06
2026-08-21 13:20:00,1.2257,1.2258,1.2205,1.224,2776.21
2026-08-21 13:25:00,1.224,1.2272,1.2204,1.2206,24950.92
2026-08-21 13:30:00,1.2206,1.2213,1.219,1.2209,20607.26
2026-08-21 13:35:00,1.2209,1.2221,1.2174,1.2185,80206.67
2026-08-21 13:40:00,1.2185,1.2198,1.2127,1.2144,12897.12
2026-08-21 13:45:00,1.2144,1.2169,1.2085,1.2112,5254.99
2026-08-21 13:50:00,1.2112,1.2136,1.2091,1.2127,48197.14
2026-08-21 13:55:00,1.2127,1.2172,1.2108,1.2162,33269.14
2026-08-21 14:00:00,1.2162,1.2165,1.2121,1.2122,136695.6
2026-08-21 14:05:00,1.2122,1.2141,1.2092,1.2098,9441.55
2026-08-21 14:10:00,1.2098,1.2102,1.2052,1.2062,876.8
2026-08-21 14:15:00,1.2062,1.2089,1.204,1.2082,299590.64
2026-08-21 14:20:00,1.2082,1.2124,1.203,1.2113,10123.99
2026-08-21 14:25:00,1.2113,1.2122,1.2081,1.2102,7279.7
2026-08-21 14:30:00,1.2102,1.212,1.2065,1.2072,85002.64
2026-08-21 14:35:00,1.2072,1.2073,1.2044,1.2066,44553.96
2026-08-21 14:40:00,1.2066,1.2109,1.2023,1.2101,68189.18
2026-08-21 14:45:00,1.2101,1.2125,1.2071,1.2115,108697.55
2026-08-21 14:50:00,1.2115,1.212,1.2087,1.2099,53151.16
2026-08-21 14:55:00,1.2099,1.2122,1.2083,1.212,21960.17
2026-08-21 15:00:00,1.212,1.2158,1.2116,1.2142,33420.03
2026-08-21 15:05:00,1.2142,1.2158,1.2131,1.2144,42861.86
2026-08-21 15:10:00,1.2144,1.217,1.2097,1.2161,43193.9
2026-08-21 15:15:00,1.2161,1.2183,1.2139,1.2175,43648.95
2026-08-21 15:20:00,1.2175,1.2195,1.2141,1.2187,44778.86
2026-08-21 15:25:00,1.2187,1.2202,1.2163,1.2198,111300.61
2026-08-21 15:30:00,1.2198,1.2227,1.2198,1.2227,13191.43
2026-08-21 15:35:00,1.2227,1.225,1.2223,1.2238,59957.2
2026-08-21 15:40:00,1.2238,1.224,1.2216,1.2232,10497.94
2026-08-21 15:45:00,1.2232,1.2259,1.222,1.2253,9497.49
2026-08-21 15:50:00,1.2253,1.2273,1.2224,1.2246,118623.97
2026-08-21 15:55:00,1.2246,1.2251,1.2236,1.2238,10232.33
2026-08-21 16:00:00,1.2238,1.2254,1.2179,1.2197,25991.02
2026-08-21 16:05:00,1.2197,1.2208,1.2173,1.2182,29383.77
2026-08-21 16:10:00,1.2182,1.2207,1.2173,1.2179,130878.92
2026-08-21 16:15:00,1.2179,1.2198,1.216,1.2165,17726.0
2026-08-21 16:20:00,1.2165,1.2211,1.2161,1.2209,38822.59
2026-08-21 16:25:00,1.2209,1.2217,1.2188,1.2214,57490.77
2026-08-21 16:30:00,1.2214,1.2245,1.2213,1.2228,44048.55
2026-08-21 16:35:00,1.2228,1.2254,1.2207,1.2241,20233.8
2026-08-21 16:40:00,1.2241,1.2249,1.2231,1.2241,52259.37
2026-08-21 16:45:00,1.2241,1.2247,1.2218,1.2228,22960.72
2026-08-21 16:50:00,1.2228,1.2267,1.2212,1.2243,20492.78
2026-08-21 16:55:00,1.2243,1.2282,1.224,1.2281,21267.37
2026-08-21 17:00:00,1.2281,1.2299,1.2267,1.2294,11802.73
2026-08-21 17:05:00,1.2294,1.2313,1.2287,1.2288,27972.94
2026-08-21 17:10:00,1.2288,1.2307,1.2232,1.2248,19477.8
2026-08-21 17:15:00,1.2248,1.2269,1.2227,1.2252,28072.5
2026-08-21 17:20:00,1.2252,1.2279,1.2249,1.2276,64283.34
2026-08-21 17:25:00,1.2276,1.2285,1.2242,1.2248,9538.84
2026-08-21 17:30:00,1.2248,1.2302,1.2224,1.2277,205623.34
2026-08-21 17:35:00,1.2277,1.2303,1.2259,1.2302,86929.2
2026-08-21 17:40:00,1.2302,1.2335,1.2291,1.2324,17566.43
2026-08-21 17:45:00,1.2324,1.2342,1.2306,1.231,10898.76
2026-08-21 17:50:00,1.231,1.2322,1.2216,1.223,10643.28
2026-08-21 17:55:00,1.223,1.2245,1.2208,1.2238,101038.06
2026-08-21 18:00:00,1.2238,1.2243,1.2179,1.2204,112178.58
2026-08-21 18:05:00,1.2204,1.2227,1.2177,1.2217,165373.5
2026-08-21 18:10:00,1.2217,1.2237,1.2212,1.2227,13609.97
2026-08-21 18:15:00,1.2227,1.2245,1.2201,1.2209,10128.69
2026-08-21 18:20:00,1.2209,1.2218,1.2199,1.2211,198284.69
2026-08-21 18:25:00,1.2211,1.2229,1.2181,1.2195,43349.18
2026-08-21 18:30:00,1.2195,1.2241,1.2191,1.2222,110252.28
2026-08-21 18:35:00,1.2222,1.2229,1.2212,1.2227,58165.58
2026-08-21 18:40:00,1.2227,1.2241,1.2215,1.2217,13588.38
2026-08-21 18:45:00,1.2217,1.2248,1.2215,1.2244,62291.16
2026-08-21 18:50:00,1.2244,1.2257,1.2232,1.2245,153.62
2026-08-21 18:55:00,1.2245,1.2279,1.2232,1.2277,20553.08
2026-08-21 19:00:00,1.2277,1.2289,1.2229,1.224,9729.13
2026-08-21 19:05:00,1.224,1.2248,1.2227,1.2241,11239.39
2026-08-21 19:10:00,1.2241,1.2268,1.2234,1.2266,46890.66
2026-08-21 19:15:00,1.2266,1.2328,1.226,1.2326,2347.87
2026-08-21 19:20:00,1.2326,1.2365,1.232,1.2342,112199.81
2026-08-21 19:25:00,1.2342,1.2364,1.2316,1.2323,87655.77
2026-08-21 19:30:00,1.2323,1.2357,1.2299,1.2348,60820.85
2026-08-21 19:35:00,1.2348,1.2382,1.2326,1.2331,66703.61
2026-08-21 19:40:00,1.2331,1.2336,1.2307,1.2334,32638.74
2026-08-21 19:45:00,1.2334,1.2347,1.2322,1.2343,24585.11
2026-08-21 19:50:00,1.2343,1.2371,1.2342,1.2363,8708.55
2026-08-21 19:55:00,1.2363,1.2369,1.2333,1.2351,4567.65
2026-08-21 20:00:00,1.2351,1.2389,1.2318,1.2331,534835.58
2026-08-21 20:05:00,1.2331,1.2331,1.2304,1.2319,100918.96
2026-08-21 20:10:00,1.2319,1.2336,1.231,1.2321,32026.97
2026-08-21 20:15:00,1.2321,1.2398,1.2319,1.2363,191807.43
2026-08-21 20:20:00,1.2363,1.2372,1.2331,1.2334,5346.02
2026-08-21 20:25:00,1.2334,1.2346,1.233,1.2343,15949.04
2026-08-21 20:30:00,1.2343,1.2362,1.2334,1.2358,8646.25
2026-08-21 20:35:00,1.2358,1.2381,1.2346,1.2363,50039.1
2026-08-21 20:40:00,1.2363,1.2374,1.2348,1.2361,78337.94
2026-08-21 20:45:00,1.2361,1.2416,1.2347,1.2403,3527.1
2026-08-21 20:50:00,1.2403,1.2447,1.2361,1.2371,183332.4
2026-08-21 20:55:00,1.2371,1.2392,1.237,1.2391,39363.14
2026-08-21 21:00:00,1.2391,1.2424,1.2347,1.2359,4186.47
2026-08-21 21:05:00,1.2359,1.2406,1.233,1.2336,57732.68
2026-08-21 21:10:00,1.2336,1.2376,1.2304,1.2308,569900.79
2026-08-21 21:15:00,1.2308,1.2324,1.2285,1.2298,76649.69
2026-08-21 21:20:00,1.2298,1.2309,1.2256,1.2267,154368.67
2026-08-21 21:25:00,1.2267,1.2282,1.226,1.2278,26000.95
2026-08-21 21:30:00,1.2278,1.2341,1.2254,1.2315,39875.9
2026-08-21 21:35:00,1.2315,1.2323,1.2309,1.2317,6940.79
2026-08-21 21:40:00,1.2317,1.2336,1.229,1.2298,33573.96
2026-08-21 21:45:00,1.2298,1.2342,1.2291,1.2329,202540.47
2026-08-21 21:50:00,1.2329,1.2348,1.2306,1.2337,67883.79
2026-08-21 21:55:00,1.2337,1.2355,1.2312,1.2316,26383.85
2026-08-21 22:00:00,1.2316,1.2336,1.2252,1.2261,16424.44
2026-08-21 22:05:00,1.2261,1.2277,1.2248,1.2255,61789.19
2026-08-21 22:10:00,1.2255,1.2269,1.2241,1.2243,66805.17
2026-08-21 22:15:00,1.2243,1.2251,1.2234,1.225,22220.74
2026-08-21 22:20:00,1.225,1.2279,1.2225,1.2228,28462.64
2026-08-21 22:25:00,1.2228,1.2288,1.2215,1.2282,16156.1
2026-08-21 22:30:00,1.2282,1.2288,1.2259,1.2278,9343.43
2026-08-21 22:35:00,1.2278,1.2285,1.225,1.2261,73236.56
2026-08-21 22:40:00,1.2261,1.2274,1.2208,1.2221,18221.05
2026-08-21 22:45:00,1.2221,1.2249,1.222,1.2243,1478.98
2026-08-21 22:50:00,1.2243,1.2253,1.2236,1.2237,26102.11
2026-08-21 22:55:00,1.2237,1.2259,1.2229,1.2252,70802.78
2026-08-21 23:00:00,1.2252,1.227,1.2245,1.2257,36478.06
2026-08-21 23:05:00,1.2257,1.228,1.222,1.2243,59562.34
2026-08-21 23:10:00,1.2243,1.2275,1.2243,1.2263,200431.41
2026-08-21 23:15:00,1.2263,1.228,1.2248,1.2263,50792.32
2026-08-21 23:20:00,1.2263,1.2284,1.2216,1.2218,43789.32
2026-08-21 23:25:00,1.2218,1.2266,1.2209,1.2236,22620.04
2026-08-21 23:30:00,1.2236,1.2239,1.2235,1.2236,113292.87
2026-08-21 23:35:00,1.2236,1.2253,1.2222,1.2238,22793.41
2026-08-21 23:40:00,1.2238,1.2262,1.2233,1.2261,913.45
2026-08-21 23:45:00,1.2261,1.2298,1.2248,1.2248,502.79
2026-08-21 23:50:00,1.2248,1.2271,1.2229,1.2242,83500.71
2026-08-21 23:55:00,1.2242,1.2264,1.2225,1.226,25953.7
2026-08-22 00:00:00,1.226,1.2275,1.225,1.2274,3501.69
2026-08-22 00:05:00,1.2274,1.2282,1.2249,1.225,76961.7
2026-08-22 00:10:00,1.225,1.2273,1.2238,1.227,119773.47
2026-08-22 00:15:00,1.227,1.2291,1.2267,1.2285,79252.06
2026-08-22 00:20:00,1.2285,1.2298,1.227,1.2288,5806.81
2026-08-22 00:25:00,1.2288,1.2315,1.2286,1.2311,94795.3
2026-08-22 00:30:00,1.2311,1.2362,1.2302,1.2362,14079.76
2026-08-22 00:35:00,1.2362,1.2378,1.2326,1.2355,1372.19
2026-08-22 00:40:00,1.2355,1.2384,1.2342,1.2358,178406.72
2026-08-22 00:45:00,1.2358,1.2382,1.2349,1.2373,5813.25
2026-08-22 00:50:00,1.2373,1.2375,1.2361,1.2368,28343.99
2026-08-22 00:55:00,1.2368,1.2397,1.2366,1.2377,19518.86
2026-08-22 01:00:00,1.2377,1.2413,1.2362,1.2378,1545.13
2026-08-22 01:05:00,1.2378,1.2394,1.236,1.2387,68460.37
2026-08-22 01:10:00,1.2387,1.243,1.2349,1.2361,25809.22
2026-08-22 01:15:00,1.2361,1.2381,1.2319,1.2339,63586.22
2026-08-22 01:20:00,1.2339,1.2351,1.2321,1.2331,4250.55
2026-08-22 01:25:00,1.2331,1.2362,1.2318,1.2333,21490.12
2026-08-22 01:30:00,1.2333,1.2345,1.2317,1.2335,10222.49
2026-08-22 01:35:00,1.2335,1.2387,1.2331,1.2367,353277.25
2026-08-22 01:40:00,1.2367,1.2378,1.2326,1.2345,68539.33
2026-08-22 01:45:00,1.2345,1.2381,1.2331,1.2358,230390.37
2026-08-22 01:50:00,1.2358,1.2371,1.2314,1.2337,3999.59
2026-08-22 01:55:00,1.2337,1.239,1.2323,1.2384,55630.29
2026-08-22 02:00:00,1.2384,1.2391,1.2354,1.2386,17396.81
2026-08-22 02:05:00,1.2386,1.2392,1.2321,1.2335,156206.71
2026-08-22 02:10:00,1.2335,1.2345,1.2317,1.2326,24729.26
2026-08-22 02:15:00,1.2326,1.2355,1.2319,1.234,115993.32
2026-08-22 02:20:00,1.234,1.2368,1.2334,1.2357,35105.05
2026-08-22 02:25:00,1.2357,1.2387,1.2342,1.2369,80541.28
2026-08-22 02:30:00,1.2369,1.2388,1.2353,1.2372,32225.01
2026-08-22 02:35:00,1.2372,1.2381,1.2362,1.2371,13161.9
2026-08-22 02:40:00,1.2371,1.2406,1.2367,1.2399,11068.99
2026-08-22 02:45:00,1.2399,1.2427,1.2379,1.2393,96348.87
2026-08-22 02:50:00,1.2393,1.2417,1.2355,1.2366,200584.81
2026-08-22 02:55:00,1.2366,1.2389,1.2365,1.2384,305969.4
2026-08-22 03:00:00,1.2384,1.2403,1.2355,1.2403,22083.81
2026-08-22 03:05:00,1.2403,1.243,1.2361,1.2366,76469.04
2026-08-22 03:10:00,1.2366,1.2381,1.2327,1.2366,54776.21
2026-08-22 03:15:00,1.2366,1.2372,1.2354,1.2362,68076.15
2026-08-22 03:20:00,1.2362,1.2372,1.2311,1.2315,47137.87
2026-08-22 03:25:00,1.2315,1.2351,1.2296,1.2299,33533.35
2026-08-22 03:30:00,1.2299,1.2313,1.2286,1.229,87483.32
2026-08-22 03:35:00,1.229,1.232,1.2264,1.2297,36771.63
2026-08-22 03:40:00,1.2297,1.2364,1.229,1.2341,65710.17
2026-08-22 03:45:00,1.2341,1.2367,1.2308,1.2321,56814.85
2026-08-22 03:50:00,1.2321,1.2329,1.229,1.2312,28455.88
2026-08-22 03:55:00,1.2312,1.2315,1.2258,1.2263,30859.03
2026-08-22 04:00:00,1.2263,1.2268,1.2224,1.2247,50010.56
2026-08-22 04:05:00,1.2247,1.2273,1.2197,1.2224,66308.34
2026-08-22 04:10:00,1.2224,1.2243,1.2197,1.221,5570.82
2026-08-22 04:15:00,1.221,1.224,1.2208,1.2225,115657.28
2026-08-22 04:20:00,1.2225,1.2262,1.2198,1.2253,171853.67
2026-08-22 04:25:00,1.2253,1.23,1.2209,1.2287,51977.58
2026-08-22 04:30:00,1.2287,1.2333,1.2274,1.231,75596.17
2026-08-22 04:35:00,1.231,1.232,1.2262,1.2303,68229.9
2026-08-22 04:40:00,1.2303,1.232,1.2265,1.2269,61394.39
2026-08-22 04:45:00,1.2269,1.2321,1.2239,1.2288,27300.95
2026-08-22 04:50:00,1.2288,1.2307,1.228,1.2296,41976.65
2026-08-22 04:55:00,1.2296,1.2317,1.2228,1.2247,18057.04
2026-08-22 05:00:00,1.2247,1.2285,1.2239,1.2261,18221.2
2026-08-22 05:05:00,1.2261,1.2276,1.2253,1.226,64185.76
2026-08-22 05:10:00,1.226,1.2292,1.2209,1.2288,157897.0
2026-08-22 05:15:00,1.2288,1.2298,1.2268,1.2281,101265.86
2026-08-22 05:20:00,1.2281,1.2286,1.2238,1.2261,15464.39
2026-08-22 05:25:00,1.2261,1.2299,1.2242,1.2279,245954.58
2026-08-22 05:30:00,1.2279,1.2365,1.2242,1.2318,45385.79
2026-08-22 05:35:00,1.2318,1.2341,1.2302,1.2336,5269.85
2026-08-22 05:40:00,1.2336,1.2346,1.2281,1.2288,10964.63
2026-08-22 05:45:00,1.2288,1.2288,1.2189,1.2241,95483.27
2026-08-22 05:50:00,1.2241,1.2269,1.2191,1.2233,149459.16
2026-08-22 05:55:00,1.2233,1.2294,1.2198,1.2279,58363.13
2026-08-22 06:00:00,1.2279,1.2286,1.2263,1.2277,73.48
2026-08-22 06:05:00,1.2277,1.2301,1.2203,1.2233,2381.58
2026-08-22 06:10:00,1.2233,1.2254,1.2219,1.224,3701.87
2026-08-22 06:15:00,1.224,1.226,1.2183,1.2198,47492.97
2026-08-22 06:20:00,1.2198,1.2214,1.219,1.2193,113361.39
2026-08-22 06:25:00,1.2193,1.2229,1.2139,1.2218,45081.31
2026-08-22 06:30:00,1.2218,1.2242,1.2196,1.221,30511.97
2026-08-22 06:35:00,1.221,1.2245,1.217,1.2233,66144.74
2026-08-22 06:40:00,1.2233,1.2249,1.2179,1.2241,160039.77
2026-08-22 06:45:00,1.2241,1.2276,1.2235,1.2253,15284.64
2026-08-22 06:50:00,1.2253,1.2279,1.2203,1.2268,302350.62
2026-08-22 06:55:00,1.2268,1.227,1.2236,1.2241,4936.01
2026-08-22 07:00:00,1.2241,1.2287,1.2241,1.2274,17048.91
2026-08-22 07:05:00,1.2274,1.2281,1.2218,1.2227,86594.11
2026-08-22 07:10:00,1.2227,1.2248,1.2224,1.2246,98174.49
2026-08-22 07:15:00,1.2246,1.2247,1.2202,1.2207,99454.64
2026-08-22 07:20:00,1.2207,1.2233,1.216,1.2227,237227.04
2026-08-22 07:25:00,1.2227,1.2269,1.2198,1.2264,231053.54
2026-08-22 07:30:00,1.2264,1.2293,1.2259,1.229,10503.71
2026-08-22 07:35:00,1.229,1.2345,1.2289,1.2341,33915.47
2026-08-22 07:40:00,1.2341,1.2418,1.2307,1.2385,75104.71
2026-08-22 07:45:00,1.2385,1.2423,1.2363,1.2416,119229.03
2026-08-22 07:50:00,1.2416,1.2451,1.2378,1.2386,6820.81
2026-08-22 07:55:00,1.2386,1.239,1.2324,1.234,2461.2
2026-08-22 08:00:00,1.234,1.2365,1.2314,1.2326,62492.93
2026-08-22 08:05:00,1.2326,1.2376,1.2287,1.2293,426241.93
2026-08-22 08:10:00,1.2293,1.2326,1.2267,1.2284,35032.11
2026-08-22 08:15:00,1.2284,1.2321,1.226,1.227,5735.88
2026-08-22 08:20:00,1.227,1.2284,1.2262,1.2284,148330.91
2026-08-22 08:25:00,1.2284,1.2341,1.2251,1.2303,26570.48
2026-08-22 08:30:00,1.2303,1.2307,1.223,1.2232,12268.77
2026-08-22 08:35:00,1.2232,1.229,1.2195,1.2288,55578.95
2026-08-22 08:40:00,1.2288,1.2305,1.2259,1.2261,75862.34
2026-08-22 08:45:00,1.2261,1.227,1.2192,1.2207,4160.41
2026-08-22 08:50:00,1.2207,1.2253,1.2174,1.2243,832328.29
2026-08-22 08:55:00,1.2243,1.2249,1.2198,1.2217,113203.6
2026-08-22 09:00:00,1.2217,1.2244,1.2169,1.2238,442324.64
2026-08-22 09:05:00,1.2238,1.2308,1.2199,1.2307,86462.2
2026-08-22 09:10:00,1.2307,1.2366,1.2282,1.2348,40340.85
2026-08-22 09:15:00,1.2348,1.2373,1.2342,1.2362,123295.77
2026-08-22 09:20:00,1.2362,1.2386,1.2337,1.2352,25740.65
2026-08-22 09:25:00,1.2352,1.2363,1.2351,1.2354,51350.38
2026-08-22 09:30:00,1.2354,1.2395,1.2316,1.2323,1001063.9
2026-08-22 09:35:00,1.2323,1.2332,1.2317,1.2325,31287.33
2026-08-22 09:40:00,1.2325,1.2344,1.2301,1.2309,242904.08
2026-08-22 09:45:00,1.2309,1.2349,1.2287,1.2332,37674.07
2026-08-22 09:50:00,1.2332,1.2362,1.2328,1.2353,41577.51
2026-08-22 09:55:00,1.2353,1.2378,1.2345,1.235,1583.93
2026-08-22 10:00:00,1.235,1.2399,1.2331,1.2338,220247.48
2026-08-22 10:05:00,1.2338,1.2363,1.2316,1.2333,78168.84
2026-08-22 10:10:00,1.2333,1.237,1.2304,1.2312,12010.84
2026-08-22 10:15:00,1.2312,1.2372,1.2309,1.2358,36333.6
2026-08-22 10:20:00,1.2358,1.2372,1.2316,1.2368,88344.9
2026-08-22 10:25:00,1.2368,1.239,1.2326,1.2354,18352.33
2026-08-22 10:30:00,1.2354,1.2396,1.2321,1.2328,60359.11
2026-08-22 10:35:00,1.2328,1.2379,1.2296,1.2301,11160.7
2026-08-22 10:40:00,1.2301,1.2338,1.2272,1.2326,23524.24
2026-08-22 10:45:00,1.2326,1.2336,1.2298,1.2325,26827.3
2026-08-22 10:50:00,1.2325,1.2338,1.23,1.2303,4985.92
2026-08-22 10:55:00,1.2303,1.2312,1.23,1.23,17261.67
2026-08-22 11:00:00,1.23,1.2363,1.2286,1.2315,79503.77
2026-08-22 11:05:00,1.2315,1.2331,1.2287,1.2298,70155.54
2026-08-22 11:10:00,1.2298,1.2305,1.2285,1.2291,17180.66
2026-08-22 11:15:00,1.2291,1.2311,1.2245,1.2282,48861.42
2026-08-22 11:20:00,1.2282,1.2292,1.227,1.2274,66307.95
2026-08-22 11:25:00,1.2274,1.2326,1.2249,1.2308,9406.81
2026-08-22 11:30:00,1.2308,1.235,1.2293,1.2309,127870.46
2026-08-22 11:35:00,1.2309,1.2324,1.2278,1.2299,44190.35
2026-08-22 11:40:00,1.2299,1.2381,1.2297,1.2339,10715.85
2026-08-22 11:45:00,1.2339,1.2361,1.2329,1.2346,12752.81
2026-08-22 11:50:00,1.2346,1.2357,1.2329,1.2356,86322.48
2026-08-22 11:55:00,1.2356,1.2407,1.2343,1.2378,70889.3
2026-08-22 12:00:00,1.2378,1.2426,1.2359,1.241,5779.24
2026-08-22 12:05:00,1.241,1.2452,1.2368,1.2375,55527.34
2026-08-22 12:10:00,1.2375,1.238,1.2328,1.236,29484.64
2026-08-22 12:15:00,1.236,1.2362,1.231,1.2325,78908.09
2026-08-22 12:20:00,1.2325,1.2347,1.2325,1.2338,56438.59
2026-08-22 12:25:00,1.2338,1.2389,1.2338,1.2368,12109.25
2026-08-22 12:30:00,1.2368,1.2368,1.2331,1.2363,6705.56
2026-08-22 12:35:00,1.2363,1.2381,1.2358,1.2381,95164.87
2026-08-22 12:40:00,1.2381,1.2397,1.234,1.2354,67004.8
2026-08-22 12:45:00,1.2354,1.2367,1.2331,1.2348,63716.62
2026-08-22 12:50:00,1.2348,1.2371,1.2346,1.2369,44478.82
2026-08-22 12:55:00,1.2369,1.2373,1.2306,1.2338,8191.98
2026-08-22 13:00:00,1.2338,1.234,1.2327,1.2331,36612.34
2026-08-22 13:05:00,1.2331,1.2338,1.2294,1.2311,19090.74
2026-08-22 13:10:00,1.2311,1.2333,1.2307,1.2321,80128.63
2026-08-22 13:15:00,1.2321,1.2328,1.2286,1.2298,3836.73
2026-08-22 13:20:00,1.2298,1.2333,1.2267,1.2283,32964.43
2026-08-22 13:25:00,1.2283,1.2323,1.2276,1.2307,55823.41
2026-08-22 13:30:00,1.2307,1.2327,1.2281,1.2282,22161.88
2026-08-22 13:35:00,1.2282,1.2293,1.2272,1.2287,36090.54
2026-08-22 13:40:00,1.2287,1.2292,1.2215,1.2248,83901.93
2026-08-22 13:45:00,1.2248,1.227,1.2228,1.2261,407.75
2026-08-22 13:50:00,1.2261,1.23,1.2254,1.2291,31473.84
2026-08-22 13:55:00,1.2291,1.2306,1.2251,1.2274,67681.61
2026-08-22 14:00:00,1.2274,1.2286,1.227,1.2284,51264.36
2026-08-22 14:05:00,1.2284,1.2331,1.2277,1.2322,41009.42
2026-08-22 14:10:00,1.2322,1.2359,1.2295,1.2347,25983.47
2026-08-22 14:15:00,1.2347,1.2348,1.2313,1.2315,11319.88
2026-08-22 14:20:00,1.2315,1.2354,1.2291,1.2293,1871.0
2026-08-22 14:25:00,1.2293,1.2306,1.2259,1.2264,32021.68
2026-08-22 14:30:00,1.2264,1.2329,1.2253,1.2328,2626.09
2026-08-22 14:35:00,1.2328,1.2348,1.2322,1.2338,19172.41
2026-08-22 14:40:00,1.2338,1.2351,1.2283,1.2294,39718.49
2026-08-22 14:45:00,1.2294,1.233,1.2278,1.2318,152630.8
2026-08-22 14:50:00,1.2318,1.2344,1.2318,1.2342,130014.44
2026-08-22 14:55:00,1.2342,1.2354,1.2316,1.2335,8673.01
2026-08-22 15:00:00,1.2335,1.2376,1.2317,1.2349,180417.24
2026-08-22 15:05:00,1.2349,1.2354,1.2311,1.2312,29041.27
2026-08-22 15:10:00,1.2312,1.2318,1.2291,1.2302,28008.25
2026-08-22 15:15:00,1.2302,1.2305,1.2271,1.2288,70339.36
2026-08-22 15:20:00,1.2288,1.2309,1.2238,1.2255,18885.48
2026-08-22 15:25:00,1.2255,1.2279,1.2248,1.2263,17576.11
2026-08-22 15:30:00,1.2263,1.2289,1.2224,1.2247,11669.82
2026-08-22 15:35:00,1.2247,1.2276,1.2193,1.2267,28899.22
2026-08-22 15:40:00,1.2267,1.2302,1.2212,1.2298,199462.19
2026-08-22 15:45:00,1.2298,1.2328,1.2254,1.2264,24794.93
2026-08-22 15:50:00,1.2264,1.2272,1.2205,1.2221,20428.6
2026-08-22 15:55:00,1.2221,1.2226,1.2164,1.2177,19166.97
2026-08-22 16:00:00,1.2177,1.2182,1.2167,1.218,40651.65
2026-08-22 16:05:00,1.218,1.2206,1.2174,1.2189,25431.74
2026-08-22 16:10:00,1.2189,1.2225,1.2184,1.2211,29291.06
2026-08-22 16:15:00,1.2211,1.2247,1.22,1.2244,13002.73
2026-08-22 16:20:00,1.2244,1.2322,1.2219,1.23,45604.81
2026-08-22 16:25:00,1.23,1.2301,1.2248,1.2251,97651.81
2026-08-22 16:30:00,1.2251,1.229,1.222,1.2285,357265.82
2026-08-22 16:35:00,1.2285,1.2349,1.2262,1.2336,60653.58
2026-08-22 16:40:00,1.2336,1.2357,1.2318,1.2355,37311.83
2026-08-22 16:45:00,1.2355,1.2359,1.2287,1.2289,177021.09
2026-08-22 16:50:00,1.2289,1.2318,1.2288,1.23,1290.46
2026-08-22 16:55:00,1.23,1.2308,1.223,1.2242,14411.1
2026-08-22 17:00:00,1.2242,1.2272,1.2213,1.2261,276521.5
2026-08-22 17:05:00,1.2261,1.2284,1.2228,1.2233,252298.48
2026-08-22 17:10:00,1.2233,1.2236,1.2156,1.2202,43352.12
2026-08-22 17:15:00,1.2202,1.2215,1.2197,1.2204,41665.22
2026-08-22 17:20:00,1.2204,1.2233,1.2154,1.2223,64800.92
2026-08-22 17:25:00,1.2223,1.224,1.2211,1.223,183808.28
2026-08-22 17:30:00,1.223,1.2259,1.2196,1.2254,236671.52
2026-08-22 17:35:00,1.2254,1.2276,1.2217,1.2266,560869.47
2026-08-22 17:40:00,1.2266,1.2285,1.2223,1.2277,144824.22
2026-08-22 17:45:00,1.2277,1.2279,1.2268,1.2275,8765.97
2026-08-22 17:50:00,1.2275,1.2314,1.2234,1.2305,20346.43
2026-08-22 17:55:00,1.2305,1.2357,1.2289,1.2342,15232.81
2026-08-22 18:00:00,1.2342,1.2368,1.2325,1.2332,44296.62
2026-08-22 18:05:00,1.2332,1.2349,1.2301,1.2302,74385.73
2026-08-22 18:10:00,1.2302,1.2359,1.2294,1.2344,34535.52
2026-08-22 18:15:00,1.2344,1.2366,1.2318,1.2348,38365.34
2026-08-22 18:20:00,1.2348,1.2368,1.2295,1.2301,11872.68
2026-08-22 18:25:00,1.2301,1.2301,1.2296,1.2298,34151.19
2026-08-22 18:30:00,1.2298,1.2306,1.2199,1.2224,38730.78
2026-08-22 18:35:00,1.2224,1.223,1.2199,1.2218,72617.18
2026-08-22 18:40:00,1.2218,1.222,1.2182,1.2192,91801.95
2026-08-22 18:45:00,1.2192,1.2196,1.2165,1.2178,41619.46
2026-08-22 18:50:00,1.2178,1.2219,1.2148,1.22,182317.85
2026-08-22 18:55:00,1.22,1.2232,1.2148,1.2224,108626.48
2026-08-22 19:00:00,1.2224,1.2234,1.2141,1.2172,674.37
2026-08-22 19:05:00,1.2172,1.2207,1.2145,1.2203,236655.88
2026-08-22 19:10:00,1.2203,1.226,1.2178,1.2243,43654.04
2026-08-22 19:15:00,1.2243,1.2274,1.2215,1.2265,155664.69
2026-08-22 19:20:00,1.2265,1.2295,1.2199,1.2235,6399.99
2026-08-22 19:25:00,1.2235,1.2293,1.2224,1.226,44056.67
2026-08-22 19:30:00,1.226,1.2285,1.2241,1.2273,154849.15
2026-08-22 19:35:00,1.2273,1.2308,1.2253,1.2305,29174.61
2026-08-22 19:40:00,1.2305,1.235,1.2286,1.2327,22651.89
2026-08-22 19:45:00,1.2327,1.2352,1.2304,1.2314,34827.87
2026-08-22 19:50:00,1.2314,1.232,1.2265,1.2296,6960.72
2026-08-22 19:55:00,1.2296,1.2311,1.2259,1.2276,5523.47
2026-08-22 20:00:00,1.2276,1.2278,1.2247,1.2265,17933.58
2026-08-22 20:05:00,1.2265,1.2321,1.2262,1.2296,44634.29
2026-08-22 20:10:00,1.2296,1.2323,1.2285,1.2287,7377.6
2026-08-22 20:15:00,1.2287,1.2305,1.227,1.2275,22526.75
2026-08-22 20:20:00,1.2275,1.2324,1.2273,1.2307,30647.95
2026-08-22 20:25:00,1.2307,1.2315,1.2231,1.2242,50092.89
2026-08-22 20:30:00,1.2242,1.2271,1.2224,1.2252,58788.33
2026-08-22 20:35:00,1.2252,1.2305,1.2224,1.224,134919.89
2026-08-22 20:40:00,1.224,1.2268,1.219,1.2225,16144.67
2026-08-22 20:45:00,1.2225,1.2234,1.2205,1.2214,101682.85
2026-08-22 20:50:00,1.2214,1.2224,1.2153,1.2204,38645.7
2026-08-22 20:55:00,1.2204,1.2205,1.2194,1.22,18708.04
2026-08-22 21:00:00,1.22,1.2241,1.2199,1.2229,111818.97
2026-08-22 21:05:00,1.2229,1.2261,1.2161,1.2194,50172.91
2026-08-22 21:10:00,1.2194,1.2285,1.2187,1.2238,8652.46
2026-08-22 21:15:00,1.2238,1.2261,1.2216,1.2239,7623.54
2026-08-22 21:20:00,1.2239,1.2291,1.223,1.2269,50928.19
2026-08-22 21:25:00,1.2269,1.2292,1.2234,1.2271,18703.52
2026-08-22 21:30:00,1.2271,1.2297,1.2259,1.228,17001.34
2026-08-22 21:35:00,1.228,1.2352,1.2245,1.234,12944.99
2026-08-22 21:40:00,1.234,1.2346,1.2318,1.2326,239610.85
2026-08-22 21:45:00,1.2326,1.2328,1.2305,1.2328,7372.14
2026-08-22 21:50:00,1.2328,1.2353,1.2272,1.2284,25366.17
2026-08-22 21:55:00,1.2284,1.2311,1.2238,1.2309,105960.72
2026-08-22 22:00:00,1.2309,1.2319,1.2301,1.2311,29322.11
2026-08-22 22:05:00,1.2311,1.2348,1.2285,1.2344,29240.65
2026-08-22 22:10:00,1.2344,1.2389,1.2315,1.232,73034.59
2026-08-22 22:15:00,1.232,1.2364,1.231,1.2357,109229.11
2026-08-22 22:20:00,1.2357,1.237,1.2335,1.2342,34996.1
2026-08-22 22:25:00,1.2342,1.238,1.2315,1.2325,128459.65
2026-08-22 22:30:00,1.2325,1.2326,1.2269,1.2271,719.21
2026-08-22 22:35:00,1.2271,1.2324,1.226,1.2288,115197.17
2026-08-22 22:40:00,1.2288,1.2311,1.2287,1.2306,13115.08
2026-08-22 22:45:00,1.2306,1.2333,1.2288,1.2315,124626.14
2026-08-22 22:50:00,1.2315,1.2364,1.229,1.2357,38140.39
2026-08-22 22:55:00,1.2357,1.2399,1.2314,1.2321,21679.67
2026-08-22 23:00:00,1.2321,1.2351,1.2268,1.2285,1360.26
2026-08-22 23:05:00,1.2285,1.229,1.2247,1.2278,6023.12
2026-08-22 23:10:00,1.2278,1.2308,1.2277,1.2299,163780.3
2026-08-22 23:15:00,1.2299,1.2318,1.2295,1.2317,7659.99
2026-08-22 23:20:00,1.2317,1.2374,1.2297,1.2361,73395.55
2026-08-22 23:25:00,1.2361,1.2407,1.2325,1.233,632555.44
2026-08-22 23:30:00,1.233,1.2348,1.2329,1.2343,34536.88
2026-08-22 23:35:00,1.2343,1.2364,1.2316,1.2323,119683.39
2026-08-22 23:40:00,1.2323,1.235,1.2297,1.2345,29153.71
2026-08-22 23:45:00,1.2345,1.2355,1.2272,1.2288,10.0
2026-08-22 23:50:00,1.2288,1.2293,1.226,1.2269,111437.87
2026-08-22 23:55:00,1.2269,1.2278,1.225,1.2258,29737.53
2026-08-23 00:00:00,1.2258,1.2288,1.2229,1.2276,26725.64
2026-08-23 00:05:00,1.2276,1.2298,1.2268,1.2296,48598.15
2026-08-23 00:10:00,1.2296,1.2299,1.2264,1.2271,2398.38
2026-08-23 00:15:00,1.2271,1.2287,1.2254,1.2266,12507.75
2026-08-23 00:20:00,1.2266,1.2281,1.2228,1.2261,84570.24
2026-08-23 00:25:00,1.2261,1.229,1.2258,1.2261,58990.36
2026-08-23 00:30:00,1.2261,1.2272,1.2232,1.2261,103033.64
2026-08-23 00:35:00,1.2261,1.2278,1.2224,1.2233,188672.8
2026-08-23 00:40:00,1.2233,1.2253,1.2173,1.2244,21119.54
2026-08-23 00:45:00,1.2244,1.2247,1.2186,1.2197,20178.52
2026-08-23 00:50:00,1.2197,1.2204,1.2156,1.217,64926.52
2026-08-23 00:55:00,1.217,1.2209,1.2159,1.2163,47313.8
2026-08-23 01:00:00,1.2163,1.2208,1.2125,1.2197,55828.37
2026-08-23 01:05:00,1.2197,1.2219,1.216,1.2213,387838.9
2026-08-23 01:10:00,1.2213,1.2243,1.2176,1.2236,3898.49
2026-08-23 01:15:00,1.2236,1.2247,1.2189,1.2191,2423.04
2026-08-23 01:20:00,1.2191,1.2201,1.2132,1.2145,77531.4
2026-08-23 01:25:00,1.2145,1.2188,1.2114,1.2181,201056.96
2026-08-23 01:30:00,1.2181,1.2202,1.2155,1.2196,30185.71
2026-08-23 01:35:00,1.2196,1.2202,1.2188,1.219,47951.7
2026-08-23 01:40:00,1.219,1.2213,1.2143,1.2169,8363.55
2026-08-23 01:45:00,1.2169,1.2199,1.2162,1.2179,45900.25
2026-08-23 01:50:00,1.2179,1.2185,1.2106,1.2135,20751.49
2026-08-23 01:55:00,1.2135,1.2167,1.2119,1.2152,69613.22
2026-08-23 02:00:00,1.2152,1.2209,1.212,1.2198,77800.41
2026-08-23 02:05:00,1.2198,1.2233,1.2191,1.2215,82476.39
2026-08-23 02:10:00,1.2215,1.227,1.2209,1.2261,5606.51
2026-08-23 02:15:00,1.2261,1.2272,1.2239,1.2271,19164.13
2026-08-23 02:20:00,1.2271,1.2279,1.2224,1.2226,105065.85
2026-08-23 02:25:00,1.2226,1.2241,1.2144,1.215,21194.06
2026-08-23 02:30:00,1.215,1.2169,1.2124,1.2159,721092.76
2026-08-23 02:35:00,1.2159,1.2214,1.2143,1.2206,3527.79
2026-08-23 02:40:00,1.2206,1.2215,1.2187,1.2198,235305.36
2026-08-23 02:45:00,1.2198,1.224,1.2157,1.2229,139246.52
2026-08-23 02:50:00,1.2229,1.2249,1.2202,1.2231,282541.13
2026-08-23 02:55:00,1.2231,1.2241,1.2205,1.2239,101652.08
2026-08-23 03:00:00,1.2239,1.2301,1.2221,1.2278,90793.49
2026-08-23 03:05:00,1.2278,1.2289,1.2234,1.2239,2142.08
2026-08-23 03:10:00,1.2239,1.2281,1.2232,1.2275,14602.61
2026-08-23 03:15:00,1.2275,1.231,1.2252,1.2293,8860.66
2026-08-23 03:20:00,1.2293,1.2295,1.2266,1.2293,63748.0
2026-08-23 03:25:00,1.2293,1.2326,1.2266,1.2313,6642.07
2026-08-23 03:30:00,1.2313,1.2381,1.2302,1.2363,70026.7
2026-08-23 03:35:00,1.2363,1.238,1.2309,1.231,8095.64
2026-08-23 03:40:00,1.231,1.2336,1.2309,1.232,1774.31
2026-08-23 03:45:00,1.232,1.232,1.2298,1.2308,32923.56
2026-08-23 03:50:00,1.2308,1.2354,1.229,1.2339,7522.59
2026-08-23 03:55:00,1.2339,1.2368,1.2313,1.2321,490325.77
2026-08-23 04:00:00,1.2321,1.2338,1.2242,1.2283,117824.96
2026-08-23 04:05:00,1.2283,1.2308,1.2275,1.2287,194805.84
2026-08-23 04:10:00,1.2287,1.2335,1.2279,1.2327,20702.64
2026-08-23 04:15:00,1.2327,1.2386,1.2309,1.2375,66904.87
2026-08-23 04:20:00,1.2375,1.2403,1.236,1.2387,196320.89
2026-08-23 04:25:00,1.2387,1.2418,1.2344,1.235,77489.55
2026-08-23 04:30:00,1.235,1.2357,1.2331,1.2356,117643.39
2026-08-23 04:35:00,1.2356,1.2421,1.2341,1.2412,234162.55
2026-08-23 04:40:00,1.2412,1.2418,1.2407,1.241,197099.85
2026-08-23 04:45:00,1.241,1.2431,1.2404,1.2413,78327.06
2026-08-23 04:50:00,1.2413,1.246,1.2393,1.2398,106967.07
2026-08-23 04:55:00,1.2398,1.2411,1.2393,1.2394,86406.06
2026-08-23 05:00:00,1.2394,1.2426,1.2391,1.2421,38992.43
2026-08-23 05:05:00,1.2421,1.2442,1.2397,1.2439,94984.62
2026-08-23 05:10:00,1.2439,1.2447,1.24,1.2429,34847.65
2026-08-23 05:15:00,1.2429,1.2492,1.2423,1.2483,8413.8
2026-08-23 05:20:00,1.2483,1.2486,1.2441,1.2448,51540.79
2026-08-23 05:25:00,1.2448,1.248,1.2417,1.2423,106423.51
2026-08-23 05:30:00,1.2423,1.245,1.238,1.239,374478.42
2026-08-23 05:35:00,1.239,1.2424,1.2358,1.2362,70819.67
2026-08-23 05:40:00,1.2362,1.2386,1.2344,1.2377,46486.94
2026-08-23 05:45:00,1.2377,1.2432,1.2361,1.2404,289222.42
2026-08-23 05:50:00,1.2404,1.2406,1.2368,1.2375,36942.71
2026-08-23 05:55:00,1.2375,1.242,1.2342,1.2354,22249.33
2026-08-23 06:00:00,1.2354,1.2372,1.2318,1.233,59434.45
2026-08-23 06:05:00,1.233,1.2368,1.2323,1.2345,48167.4
2026-08-23 06:10:00,1.2345,1.237,1.2314,1.232,169642.79
2026-08-23 06:15:00,1.232,1.2355,1.2281,1.2301,58987.73
2026-08-23 06:20:00,1.2301,1.235,1.2287,1.2346,47512.11
2026-08-23 06:25:00,1.2346,1.2384,1.2313,1.2373,33791.65
2026-08-23 06:30:00,1.2373,1.2408,1.237,1.2385,22722.54
2026-08-23 06:35:00,1.2385,1.2426,1.2353,1.2362,18209.91
2026-08-23 06:40:00,1.2362,1.2382,1.2335,1.234,36790.89
2026-08-23 06:45:00,1.234,1.235,1.2318,1.2319,166978.79
2026-08-23 06:50:00,1.2319,1.2331,1.2312,1.2317,6128.76
2026-08-23 06:55:00,1.2317,1.2321,1.2283,1.23,5432.78
2026-08-23 07:00:00,1.23,1.2401,1.2281,1.2387,39191.38
2026-08-23 07:05:00,1.2387,1.241,1.2355,1.2364,90928.43
2026-08-23 07:10:00,1.2364,1.2397,1.2328,1.2336,220022.73
2026-08-23 07:15:00,1.2336,1.2343,1.2277,1.2286,38322.12
2026-08-23 07:20:00,1.2286,1.2308,1.2273,1.2302,21362.43
2026-08-23 07:25:00,1.2302,1.2343,1.2297,1.2338,36791.46
2026-08-23 07:30:00,1.2338,1.2364,1.2325,1.2363,40917.81
2026-08-23 07:35:00,1.2363,1.2423,1.235,1.241,29544.06
2026-08-23 07:40:00,1.241,1.2428,1.237,1.2401,1231.64
2026-08-23 07:45:00,1.2401,1.2442,1.2401,1.2435,6401.46
2026-08-23 07:50:00,1.2435,1.249,1.2428,1.2478,76622.51
2026-08-23 07:55:00,1.2478,1.2509,1.2457,1.2463,808798.77
2026-08-23 08:00:00,1.2463,1.2489,1.2439,1.245,187952.58
2026-08-23 08:05:00,1.245,1.2469,1.2384,1.2405,20350.08
2026-08-23 08:10:00,1.2405,1.2422,1.2378,1.2408,94263.7
2026-08-23 08:15:00,1.2408,1.2436,1.2378,1.2395,82157.86
2026-08-23 08:20:00,1.2395,1.241,1.2326,1.2348,127935.0
2026-08-23 08:25:00,1.2348,1.2357,1.2322,1.2334,26680.87
2026-08-23 08:30:00,1.2334,1.2343,1.2279,1.2286,33534.0
2026-08-23 08:35:00,1.2286,1.2294,1.2278,1.2294,35761.57
2026-08-23 08:40:00,1.2294,1.2294,1.2281,1.2281,27557.85
2026-08-23 08:45:00,1.2281,1.2321,1.224,1.2258,171825.43
2026-08-23 08:50:00,1.2258,1.2302,1.2232,1.2298,19386.19
2026-08-23 08:55:00,1.2298,1.2307,1.2254,1.2272,17087.83
2026-08-23 09:00:00,1.2272,1.2373,1.2233,1.2359,240453.69
2026-08-23 09:05:00,1.2359,1.2365,1.2296,1.2296,30879.17
2026-08-23 09:10:00,1.2296,1.23,1.2235,1.2256,66332.37
2026-08-23 09:15:00,1.2256,1.2291,1.2212,1.2231,79265.57
2026-08-23 09:20:00,1.2231,1.2249,1.216,1.2171,10462.83
2026-08-23 09:25:00,1.2171,1.2182,1.2136,1.2149,2533.66
2026-08-23 09:30:00,1.2149,1.2166,1.2139,1.2158,23367.25
2026-08-23 09:35:00,1.2158,1.2203,1.2135,1.2192,154035.79
2026-08-23 09:40:00,1.2192,1.2194,1.2166,1.2182,84760.79
2026-08-23 09:45:00,1.2182,1.2221,1.214,1.2209,68055.37
2026-08-23 09:50:00,1.2209,1.2237,1.22,1.2226,165786.39
2026-08-23 09:55:00,1.2226,1.2232,1.2181,1.2207,232.24
2026-08-23 10:00:00,1.2207,1.2243,1.2135,1.2138,15909.09
2026-08-23 10:05:00,1.2138,1.2174,1.2117,1.2155,1493.4
2026-08-23 10:10:00,1.2155,1.2158,1.2132,1.2151,26264.97
2026-08-23 10:15:00,1.2151,1.216,1.2123,1.2127,27236.42
2026-08-23 10:20:00,1.2127,1.2141,1.2112,1.2133,70366.5
2026-08-23 10:25:00,1.2133,1.2155,1.208,1.2147,509955.33
2026-08-23 10:30:00,1.2147,1.2152,1.2127,1.215,76791.41
2026-08-23 10:35:00,1.215,1.2177,1.2131,1.2171,278095.47
2026-08-23 10:40:00,1.2171,1.2183,1.2169,1.2176,17975.73
2026-08-23 10:45:00,1.2176,1.2196,1.2174,1.2188,131.86
2026-08-23 10:50:00,1.2188,1.223,1.2179,1.2224,29870.32
2026-08-23 10:55:00,1.2224,1.2227,1.2219,1.222,39737.5
2026-08-23 11:00:00,1.222,1.2248,1.219,1.2241,100584.6
2026-08-23 11:05:00,1.2241,1.2269,1.2192,1.2259,248719.89
2026-08-23 11:10:00,1.2259,1.2284,1.2235,1.2277,298.5
2026-08-23 11:15:00,1.2277,1.2304,1.2212,1.2234,71789.03
2026-08-23 11:20:00,1.2234,1.2244,1.2196,1.2207,62825.85
2026-08-23 11:25:00,1.2207,1.221,1.2168,1.2173,20497.51
2026-08-23 11:30:00,1.2173,1.2202,1.2171,1.2185,49961.06
2026-08-23 11:35:00,1.2185,1.2214,1.2161,1.2167,39397.81
2026-08-23 11:40:00,1.2167,1.2212,1.2144,1.2192,35357.93
2026-08-23 11:45:00,1.2192,1.2205,1.2191,1.2192,34197.09
2026-08-23 11:50:00,1.2192,1.2228,1.2144,1.2162,23557.58
2026-08-23 11:55:00,1.2162,1.2176,1.212,1.2141,138943.12
2026-08-23 12:00:00,1.2141,1.2196,1.2109,1.2117,112275.99
2026-08-23 12:05:00,1.2117,1.2141,1.209,1.2111,120930.95
2026-08-23 12:10:00,1.2111,1.2113,1.2093,1.21,45901.48
2026-08-23 12:15:00,1.21,1.218,1.208,1.214,38281.97
2026-08-23 12:20:00,1.214,1.2148,1.2106,1.2111,67162.58
2026-08-23 12:25:00,1.2111,1.2151,1.2068,1.2143,64785.31
2026-08-23 12:30:00,1.2143,1.2172,1.2093,1.2161,165588.49
2026-08-23 12:35:00,1.2161,1.2169,1.2153,1.2164,7443.39
2026-08-23 12:40:00,1.2164,1.2171,1.2151,1.2153,27557.63
2026-08-23 12:45:00,1.2153,1.2181,1.2126,1.2162,24.19
2026-08-23 12:50:00,1.2162,1.2164,1.2109,1.2113,4334.09
2026-08-23 12:55:00,1.2113,1.2116,1.2086,1.2112,61479.88
2026-08-23 13:00:00,1.2112,1.2112,1.2075,1.2087,5481.41
2026-08-23 13:05:00,1.2087,1.2133,1.2045,1.2123,119027.82
2026-08-23 13:10:00,1.2123,1.2158,1.2086,1.2153,36867.28
2026-08-23 13:15:00,1.2153,1.2183,1.2112,1.2116,61014.41
2026-08-23 13:20:00,1.2116,1.2129,1.209,1.2099,27915.66
2026-08-23 13:25:00,1.2099,1.2099,1.2047,1.2076,13360.69
2026-08-23 13:30:00,1.2076,1.2107,1.2047,1.208,142809.16
2026-08-23 13:35:00,1.208,1.2085,1.2044,1.2081,25819.67
2026-08-23 13:40:00,1.2081,1.2106,1.2076,1.2098,28056.52
2026-08-23 13:45:00,1.2098,1.213,1.2079,1.2121,158523.96
2026-08-23 13:50:00,1.2121,1.2153,1.2103,1.2138,40557.45
2026-08-23 13:55:00,1.2138,1.2142,1.212,1.2123,33943.23
2026-08-23 14:00:00,1.2123,1.2163,1.2089,1.2156,18663.91
2026-08-23 14:05:00,1.2156,1.2175,1.2134,1.2165,23320.8
2026-08-23 14:10:00,1.2165,1.2167,1.2114,1.2124,5726.41
2026-08-23 14:15:00,1.2124,1.2162,1.2094,1.2156,91471.94
2026-08-23 14:20:00,1.2156,1.2162,1.2146,1.2149,117877.3
2026-08-23 14:25:00,1.2149,1.2198,1.2134,1.2176,46284.45
2026-08-23 14:30:00,1.2176,1.2211,1.2171,1.2204,56956.36
2026-08-23 14:35:00,1.2204,1.2283,1.2174,1.2243,141433.43
2026-08-23 14:40:00,1.2243,1.2257,1.218,1.2201,6314.14
2026-08-23 14:45:00,1.2201,1.2246,1.2172,1.2232,121231.64
2026-08-23 14:50:00,1.2232,1.2245,1.22,1.2231,64004.57
2026-08-23 14:55:00,1.2231,1.2244,1.2215,1.2232,25658.96
2026-08-23 15:00:00,1.2232,1.2264,1.2203,1.223,53646.21
2026-08-23 15:05:00,1.223,1.2264,1.2218,1.2254,12275.18
2026-08-23 15:10:00,1.2254,1.2321,1.2254,1.2303,49099.83
2026-08-23 15:15:00,1.2303,1.2334,1.2296,1.2312,215581.87
2026-08-23 15:20:00,1.2312,1.2339,1.2306,1.2332,552.83
2026-08-23 15:25:00,1.2332,1.2337,1.2306,1.2319,79749.14
2026-08-23 15:30:00,1.2319,1.2345,1.2309,1.2339,157275.06
2026-08-23 15:35:00,1.2339,1.235,1.2315,1.2338,16424.46
2026-08-23 15:40:00,1.2338,1.2373,1.2278,1.229,37516.76
2026-08-23 15:45:00,1.229,1.2294,1.2275,1.2287,83958.08
2026-08-23 15:50:00,1.2287,1.2295,1.2203,1.2222,91058.57
2026-08-23 15:55:00,1.2222,1.2255,1.2219,1.2223,40438.34
2026-08-23 16:00:00,1.2223,1.2281,1.2207,1.2245,50804.35
2026-08-23 16:05:00,1.2245,1.2286,1.2225,1.2272,15736.01
2026-08-23 16:10:00,1.2272,1.2345,1.2253,1.2334,10773.63
2026-08-23 16:15:00,1.2334,1.2335,1.2322,1.2328,7408.05
2026-08-23 16:20:00,1.2328,1.2371,1.2319,1.236,20173.8
2026-08-23 16:25:00,1.236,1.2369,1.2284,1.231,19107.85
2026-08-23 16:30:00,1.231,1.2339,1.2274,1.2299,56759.43
2026-08-23 16:35:00,1.2299,1.2301,1.2271,1.228,42424.2
2026-08-23 16:40:00,1.228,1.2312,1.2278,1.2294,28354.3
2026-08-23 16:45:00,1.2294,1.2322,1.2292,1.2308,1304.45
2026-08-23 16:50:00,1.2308,1.2333,1.2308,1.2311,1738.14
2026-08-23 16:55:00,1.2311,1.2317,1.2256,1.2261,48776.48
2026-08-23 17:00:00,1.2261,1.2278,1.2244,1.2255,69453.8
2026-08-23 17:05:00,1.2255,1.2262,1.2218,1.2245,39731.82
2026-08-23 17:10:00,1.2245,1.227,1.2239,1.2241,36936.26
2026-08-23 17:15:00,1.2241,1.2279,1.2241,1.2278,95080.57
2026-08-23 17:20:00,1.2278,1.2296,1.2259,1.2271,12564.72
2026-08-23 17:25:00,1.2271,1.2294,1.2195,1.2234,37774.99
2026-08-23 17:30:00,1.2234,1.2238,1.2219,1.2222,11043.48
2026-08-23 17:35:00,1.2222,1.223,1.218,1.2202,14852.64
2026-08-23 17:40:00,1.2202,1.2246,1.2164,1.2166,43488.19
2026-08-23 17:45:00,1.2166,1.2186,1.2149,1.2163,43950.57
2026-08-23 17:50:00,1.2163,1.2229,1.2151,1.2186,3184.33
2026-08-23 17:55:00,1.2186,1.2207,1.2165,1.2203,109416.81
2026-08-23 18:00:00,1.2203,1.2302,1.2194,1.2277,27241.25
2026-08-23 18:05:00,1.2277,1.2314,1.2264,1.2271,14674.87
2026-08-23 18:10:00,1.2271,1.2284,1.222,1.2244,17756.36
2026-08-23 18:15:00,1.2244,1.2267,1.2134,1.2183,57026.24
2026-08-23 18:20:00,1.2183,1.2212,1.2123,1.213,9858.44
2026-08-23 18:25:00,1.213,1.2144,1.2119,1.2139,56361.03
2026-08-23 18:30:00,1.2139,1.2155,1.2132,1.2155,4217.4
2026-08-23 18:35:00,1.2155,1.2155,1.2103,1.2123,82669.03
2026-08-23 18:40:00,1.2123,1.2129,1.2097,1.2109,26884.31
2026-08-23 18:45:00,1.2109,1.2143,1.2075,1.2082,57436.58
2026-08-23 18:50:00,1.2082,1.2117,1.2075,1.2108,23264.6
2026-08-23 18:55:00,1.2108,1.2129,1.2081,1.2122,67694.05
2026-08-23 19:00:00,1.2122,1.2143,1.2095,1.2119,27000.32
2026-08-23 19:05:00,1.2119,1.2142,1.2098,1.2111,69710.07
2026-08-23 19:10:00,1.2111,1.2162,1.2099,1.2149,55161.89
2026-08-23 19:15:00,1.2149,1.2155,1.2122,1.2137,2817.84
2026-08-23 19:20:00,1.2137,1.2168,1.2088,1.2117,2881.53
2026-08-23 19:25:00,1.2117,1.2144,1.2106,1.2128,26947.66
2026-08-23 19:30:00,1.2128,1.2204,1.2114,1.2186,29166.29
2026-08-23 19:35:00,1.2186,1.2264,1.2171,1.2253,53079.99
2026-08-23 19:40:00,1.2253,1.2268,1.2209,1.2209,124034.64
2026-08-23 19:45:00,1.2209,1.2213,1.2153,1.2177,2184.89
2026-08-23 19:50:00,1.2177,1.22,1.2156,1.2163,29360.86
2026-08-23 19:55:00,1.2163,1.2204,1.2162,1.2179,122100.4
2026-08-23 20:00:00,1.2179,1.2191,1.2115,1.2138,8024.0
2026-08-23 20:05:00,1.2138,1.2204,1.2104,1.2192,22974.39
2026-08-23 20:10:00,1.2192,1.2239,1.2173,1.2232,36843.53
2026-08-23 20:15:00,1.2232,1.2273,1.2231,1.2235,7751.41
2026-08-23 20:20:00,1.2235,1.2245,1.2206,1.223,36708.01
2026-08-23 20:25:00,1.223,1.2267,1.2201,1.226,36954.04
2026-08-23 20:30:00,1.226,1.2278,1.2214,1.222,7751.42
2026-08-23 20:35:00,1.222,1.2247,1.2217,1.2217,31988.85
2026-08-23 20:40:00,1.2217,1.225,1.2172,1.2187,149923.22
2026-08-23 20:45:00,1.2187,1.2202,1.2128,1.2136,12494.15
2026-08-23 20:50:00,1.2136,1.2144,1.2096,1.2117,40935.95
2026-08-23 20:55:00,1.2117,1.2128,1.2094,1.2098,83211.69
2026-08-23 21:00:00,1.2098,1.2119,1.2066,1.2106,7330.11
2026-08-23 21:05:00,1.2106,1.2139,1.209,1.2135,23908.53
2026-08-23 21:10:00,1.2135,1.2194,1.212,1.2164,29819.5
2026-08-23 21:15:00,1.2164,1.2242,1.2145,1.2224,56639.08
2026-08-23 21:20:00,1.2224,1.2245,1.2217,1.223,2941.06
2026-08-23 21:25:00,1.223,1.2281,1.2217,1.2271,20495.91
2026-08-23 21:30:00,1.2271,1.229,1.2247,1.2278,140877.45
2026-08-23 21:35:00,1.2278,1.2282,1.2257,1.2273,45870.29
2026-08-23 21:40:00,1.2273,1.2274,1.2225,1.2263,67201.28
2026-08-23 21:45:00,1.2263,1.2266,1.2252,1.2255,5735.31
2026-08-23 21:50:00,1.2255,1.2331,1.2219,1.2311,11082.06
2026-08-23 21:55:00,1.2311,1.2349,1.2269,1.2288,41358.55
2026-08-23 22:00:00,1.2288,1.2297,1.2244,1.2265,30496.84
2026-08-23 22:05:00,1.2265,1.2296,1.2259,1.2273,17168.75
2026-08-23 22:10:00,1.2273,1.2321,1.2244,1.231,6536.42
2026-08-23 22:15:00,1.231,1.2329,1.2284,1.23,18780.76
2026-08-23 22:20:00,1.23,1.2304,1.2292,1.2298,8662.23
2026-08-23 22:25:00,1.2298,1.2315,1.2282,1.2303,10281.45
2026-08-23 22:30:00,1.2303,1.2325,1.2301,1.2309,12638.47
2026-08-23 22:35:00,1.2309,1.2327,1.2283,1.2313,26414.28
2026-08-23 22:40:00,1.2313,1.2356,1.2297,1.2308,46177.32
2026-08-23 22:45:00,1.2308,1.2335,1.2305,1.2328,124566.11
2026-08-23 22:50:00,1.2328,1.2331,1.2285,1.2305,21477.1
2026-08-23 22:55:00,1.2305,1.2372,1.2279,1.2338,11618.63
2026-08-23 23:00:00,1.2338,1.2398,1.2327,1.2373,80648.55
2026-08-23 23:05:00,1.2373,1.2439,1.2371,1.2437,49204.84
2026-08-23 23:10:00,1.2437,1.2463,1.2408,1.2415,163317.62
2026-08-23 23:15:00,1.2415,1.2426,1.2406,1.2416,27534.87
2026-08-23 23:20:00,1.2416,1.2433,1.2414,1.2424,61958.1
2026-08-23 23:25:00,1.2424,1.2461,1.2383,1.2391,294890.27
2026-08-23 23:30:00,1.2391,1.2393,1.2368,1.2373,42410.32
2026-08-23 23:35:00,1.2373,1.2387,1.2365,1.2378,30980.77
2026-08-23 23:40:00,1.2378,1.239,1.2338,1.2361,71535.5
2026-08-23 23:45:00,1.2361,1.2381,1.2338,1.235,91488.89
2026-08-23 23:50:00,1.235,1.2406,1.2332,1.2371,42772.61
2026-08-23 23:55:00,1.2371,1.2375,1.228,1.2303,34759.05
2026-08-24 00:00:00,1.2303,1.2307,1.2271,1.2284,2663.69
2026-08-24 00:05:00,1.2284,1.231,1.2227,1.2264,25315.9
2026-08-24 00:10:00,1.2264,1.2267,1.2206,1.2221,61691.76
2026-08-24 00:15:00,1.2221,1.2237,1.22,1.2215,145494.46
2026-08-24 00:20:00,1.2215,1.2247,1.2162,1.2241,2957.55
2026-08-24 00:25:00,1.2241,1.2249,1.2211,1.2226,3939.08
2026-08-24 00:30:00,1.2226,1.2259,1.2216,1.2243,35771.55
2026-08-24 00:35:00,1.2243,1.225,1.2214,1.2234,44618.73
2026-08-24 00:40:00,1.2234,1.2248,1.222,1.2229,71085.43
2026-08-24 00:45:00,1.2229,1.225,1.2208,1.2238,38939.73
2026-08-24 00:50:00,1.2238,1.2266,1.2219,1.2245,1831.3
2026-08-24 00:55:00,1.2245,1.2248,1.2223,1.2224,241.94
2026-08-24 01:00:00,1.2224,1.2253,1.222,1.2245,98111.08
2026-08-24 01:05:00,1.2245,1.2258,1.2228,1.2253,45240.12
2026-08-24 01:10:00,1.2253,1.2324,1.2249,1.2286,99429.61
2026-08-24 01:15:00,1.2286,1.2321,1.2283,1.2319,150100.52
2026-08-24 01:20:00,1.2319,1.2346,1.2296,1.2323,37586.79
2026-08-24 01:25:00,1.2323,1.2357,1.2321,1.2335,77022.79
2026-08-24 01:30:00,1.2335,1.2338,1.2297,1.2319,164665.72
2026-08-24 01:35:00,1.2319,1.2371,1.2318,1.2331,89772.15
2026-08-24 01:40:00,1.2331,1.2345,1.2297,1.2299,46926.32
2026-08-24 01:45:00,1.2299,1.2323,1.2277,1.2286,177280.46
2026-08-24 01:50:00,1.2286,1.2329,1.2252,1.231,33861.67
2026-08-24 01:55:00,1.231,1.2322,1.2236,1.2253,87648.17
2026-08-24 02:00:00,1.2253,1.2266,1.2237,1.225,72211.97
2026-08-24 02:05:00,1.225,1.2304,1.2238,1.2278,515.31
2026-08-24 02:10:00,1.2278,1.2292,1.2199,1.2233,19470.1
2026-08-24 02:15:00,1.2233,1.2252,1.2229,1.2248,54889.15
2026-08-24 02:20:00,1.2248,1.2258,1.2217,1.2217,16394.19
2026-08-24 02:25:00,1.2217,1.2269,1.2213,1.2264,19529.06
2026-08-24 02:30:00,1.2264,1.228,1.2232,1.2237,25801.48
2026-08-24 02:35:00,1.2237,1.228,1.2213,1.2275,57827.63
2026-08-24 02:40:00,1.2275,1.2278,1.2236,1.2246,121075.36
2026-08-24 02:45:00,1.2246,1.2343,1.2245,1.2336,55105.06
2026-08-24 02:50:00,1.2336,1.2362,1.2306,1.2335,11601.13
2026-08-24 02:55:00,1.2335,1.2352,1.2263,1.2291,2735.6
2026-08-24 03:00:00,1.2291,1.2328,1.2276,1.2287,88775.72
2026-08-24 03:05:00,1.2287,1.2295,1.2149,1.2179,66993.83
2026-08-24 03:10:00,1.2179,1.2244,1.2177,1.2236,76769.48
2026-08-24 03:15:00,1.2236,1.2251,1.2208,1.2248,82167.06
2026-08-24 03:20:00,1.2248,1.2259,1.224,1.2246,10141.02
2026-08-24 03:25:00,1.2246,1.2249,1.2165,1.2187,15994.82
2026-08-24 03:30:00,1.2187,1.2191,1.2101,1.214,29592.84
2026-08-24 03:35:00,1.214,1.2171,1.2118,1.2142,84644.26
2026-08-24 03:40:00,1.2142,1.219,1.2122,1.2184,21711.81
2026-08-24 03:45:00,1.2184,1.2222,1.2176,1.2176,7743.57
2026-08-24 03:50:00,1.2176,1.2204,1.2174,1.2178,11265.18
2026-08-24 03:55:00,1.2178,1.2181,1.2173,1.2176,110784.65
2026-08-24 04:00:00,1.2176,1.2213,1.2172,1.2183,20908.27
2026-08-24 04:05:00,1.2183,1.2227,1.2166,1.2224,13268.89
2026-08-24 04:10:00,1.2224,1.2229,1.2193,1.2217,26261.95
2026-08-24 04:15:00,1.2217,1.2232,1.2194,1.2227,33096.79
2026-08-24 04:20:00,1.2227,1.2255,1.2205,1.2236,11899.75
2026-08-24 04:25:00,1.2236,1.2251,1.2204,1.2247,28195.11
2026-08-24 04:30:00,1.2247,1.2319,1.2244,1.2317,12620.74
2026-08-24 04:35:00,1.2317,1.2324,1.2293,1.231,26832.93
2026-08-24 04:40:00,1.231,1.2346,1.2309,1.2337,5562.48
2026-08-24 04:45:00,1.2337,1.2353,1.2328,1.2328,10774.98
2026-08-24 04:50:00,1.2328,1.2382,1.2324,1.2348,112362.28
2026-08-24 04:55:00,1.2348,1.2366,1.2326,1.2336,13224.17
2026-08-24 05:00:00,1.2336,1.2371,1.2326,1.2343,95123.26
2026-08-24 05:05:00,1.2343,1.2389,1.2327,1.2354,102377.46
2026-08-24 05:10:00,1.2354,1.2404,1.232,1.2328,256354.01
2026-08-24 05:15:00,1.2328,1.2334,1.231,1.2313,55476.19
2026-08-24 05:20:00,1.2313,1.2317,1.23,1.2307,15744.35
2026-08-24 05:25:00,1.2307,1.2325,1.2288,1.2302,72574.65
2026-08-24 05:30:00,1.2302,1.2326,1.2297,1.2317,1975.78
2026-08-24 05:35:00,1.2317,1.2323,1.2261,1.2273,177021.57
2026-08-24 05:40:00,1.2273,1.2275,1.218,1.2213,10087.17
2026-08-24 05:45:00,1.2213,1.2269,1.2195,1.2258,41914.85
2026-08-24 05:50:00,1.2258,1.2336,1.2252,1.2317,164309.47
2026-08-24 05:55:00,1.2317,1.2356,1.2298,1.2312,54020.02
2026-08-24 06:00:00,1.2312,1.2328,1.2258,1.2292,106035.65
2026-08-24 06:05:00,1.2292,1.2296,1.2286,1.2296,3731.98
2026-08-24 06:10:00,1.2296,1.2353,1.2292,1.234,98752.05
2026-08-24 06:15:00,1.234,1.2364,1.2319,1.2352,4003.06
2026-08-24 06:20:00,1.2352,1.2426,1.234,1.2409,86110.22
2026-08-24 06:25:00,1.2409,1.2463,1.2362,1.2374,21182.75
2026-08-24 06:30:00,1.2374,1.241,1.2368,1.2391,190424.29
2026-08-24 06:35:00,1.2391,1.2443,1.2387,1.2427,140570.7
2026-08-24 06:40:00,1.2427,1.2438,1.2412,1.243,54268.39
2026-08-24 06:45:00,1.243,1.2465,1.2398,1.2403,134123.83
2026-08-24 06:50:00,1.2403,1.243,1.2382,1.2429,15110.86
2026-08-24 06:55:00,1.2429,1.2454,1.2405,1.2411,309755.04
2026-08-24 07:00:00,1.2411,1.2456,1.2392,1.2397,26778.39
2026-08-24 07:05:00,1.2397,1.2463,1.2373,1.244,78698.83
2026-08-24 07:10:00,1.244,1.2491,1.2422,1.2428,355244.34
2026-08-24 07:15:00,1.2428,1.2462,1.2387,1.2397,329237.78
2026-08-24 07:20:00,1.2397,1.2405,1.2368,1.2394,101503.0
2026-08-24 07:25:00,1.2394,1.2416,1.2348,1.2358,597713.36
2026-08-24 07:30:00,1.2358,1.2363,1.2335,1.2355,9601.72
2026-08-24 07:35:00,1.2355,1.2369,1.2349,1.2358,101012.4
2026-08-24 07:40:00,1.2358,1.2366,1.2343,1.2349,21290.72
2026-08-24 07:45:00,1.2349,1.2357,1.2345,1.2347,22465.16
2026-08-24 07:50:00,1.2347,1.2349,1.231,1.2333,326354.06
2026-08-24 07:55:00,1.2333,1.2353,1.2321,1.2344,56561.99
2026-08-24 08:00:00,1.2344,1.2368,1.2337,1.2362,30775.23
2026-08-24 08:05:00,1.2362,1.2378,1.2342,1.2369,22434.54
2026-08-24 08:10:00,1.2369,1.2427,1.236,1.2416,50704.31
2026-08-24 08:15:00,1.2416,1.2432,1.2414,1.2418,56157.91
2026-08-24 08:20:00,1.2418,1.2441,1.2389,1.2396,130265.29
2026-08-24 08:25:00,1.2396,1.2417,1.2371,1.2406,105431.82
2026-08-24 08:30:00,1.2406,1.2422,1.2393,1.2412,33470.98
2026-08-24 08:35:00,1.2412,1.2455,1.2399,1.2447,19503.17
2026-08-24 08:40:00,1.2447,1.2473,1.2422,1.2429,76687.76
2026-08-24 08:45:00,1.2429,1.2467,1.2393,1.2398,234111.71
2026-08-24 08:50:00,1.2398,1.2414,1.2354,1.2361,159086.67
2026-08-24 08:55:00,1.2361,1.2426,1.2326,1.2389,55139.42
2026-08-24 09:00:00,1.2389,1.2426,1.2353,1.238,52703.68
2026-08-24 09:05:00,1.238,1.246,1.2366,1.245,26249.1
2026-08-24 09:10:00,1.245,1.2458,1.2444,1.2449,21220.65
2026-08-24 09:15:00,1.2449,1.2468,1.2418,1.2422,78591.98
2026-08-24 09:20:00,1.2422,1.2433,1.2401,1.2414,142922.97
2026-08-24 09:25:00,1.2414,1.2485,1.2407,1.2469,36055.09
2026-08-24 09:30:00,1.2469,1.249,1.2407,1.2409,15789.32
2026-08-24 09:35:00,1.2409,1.2428,1.2399,1.2428,194292.63
2026-08-24 09:40:00,1.2428,1.2478,1.2397,1.2459,273170.96
2026-08-24 09:45:00,1.2459,1.2462,1.2419,1.2446,9530.1
2026-08-24 09:50:00,1.2446,1.2472,1.2419,1.2438,81126.52
2026-08-24 09:55:00,1.2438,1.2499,1.2423,1.2486,44887.26
2026-08-24 10:00:00,1.2486,1.2505,1.2457,1.2463,588052.77
2026-08-24 10:05:00,1.2463,1.2479,1.2462,1.247,43302.11
2026-08-24 10:10:00,1.247,1.25,1.2462,1.2493,205688.1
2026-08-24 10:15:00,1.2493,1.2551,1.2465,1.2523,33393.8
2026-08-24 10:20:00,1.2523,1.2552,1.2495,1.2506,391691.11
2026-08-24 10:25:00,1.2506,1.2525,1.246,1.246,67607.97
2026-08-24 10:30:00,1.246,1.2461,1.2424,1.2434,31798.44
2026-08-24 10:35:00,1.2434,1.2439,1.2356,1.2396,9918.7
2026-08-24 10:40:00,1.2396,1.2419,1.2375,1.2375,69015.56
2026-08-24 10:45:00,1.2375,1.2428,1.2372,1.2417,79679.33
2026-08-24 10:50:00,1.2417,1.2435,1.2385,1.2402,44377.84
2026-08-24 10:55:00,1.2402,1.2419,1.2346,1.2356,51859.36
2026-08-24 11:00:00,1.2356,1.2379,1.231,1.2332,891.44
2026-08-24 11:05:00,1.2332,1.2343,1.2296,1.2321,54537.13
2026-08-24 11:10:00,1.2321,1.2322,1.2303,1.2307,438.33
2026-08-24 11:15:00,1.2307,1.2331,1.2276,1.2317,2339.4
2026-08-24 11:20:00,1.2317,1.2346,1.2298,1.2301,9941.44
2026-08-24 11:25:00,1.2301,1.2353,1.229,1.2352,19350.39
2026-08-24 11:30:00,1.2352,1.2436,1.234,1.2407,89580.56
2026-08-24 11:35:00,1.2407,1.2421,1.2386,1.239,169099.52
2026-08-24 11:40:00,1.239,1.2462,1.2365,1.2456,46011.98
2026-08-24 11:45:00,1.2456,1.2511,1.2404,1.247,26353.94
2026-08-24 11:50:00,1.247,1.2485,1.2403,1.2447,50352.39
2026-08-24 11:55:00,1.2447,1.2517,1.2424,1.2501,79446.33
2026-08-24 12:00:00,1.2501,1.2526,1.2463,1.2476,195493.59
2026-08-24 12:05:00,1.2476,1.2512,1.2467,1.2498,20466.34
2026-08-24 12:10:00,1.2498,1.2515,1.2496,1.2515,8184.23
2026-08-24 12:15:00,1.2515,1.254,1.2475,1.2507,1760.55
2026-08-24 12:20:00,1.2507,1.2606,1.2503,1.2564,35911.25
2026-08-24 12:25:00,1.2564,1.2566,1.2522,1.2553,26103.48
2026-08-24 12:30:00,1.2553,1.2569,1.2524,1.2547,7274.27
2026-08-24 12:35:00,1.2547,1.2603,1.2514,1.2521,7380.89
2026-08-24 12:40:00,1.2521,1.2554,1.2512,1.2532,68937.82
2026-08-24 12:45:00,1.2532,1.2587,1.2506,1.2515,80189.85
2026-08-24 12:50:00,1.2515,1.2523,1.248,1.2488,68748.51
2026-08-24 12:55:00,1.2488,1.2496,1.2474,1.2488,6307.35
2026-08-24 13:00:00,1.2488,1.2519,1.2429,1.2435,196916.58
2026-08-24 13:05:00,1.2435,1.2474,1.2427,1.244,32859.6
2026-08-24 13:10:00,1.244,1.2453,1.2376,1.2388,29010.25
2026-08-24 13:15:00,1.2388,1.2409,1.2381,1.2403,47349.81
2026-08-24 13:20:00,1.2403,1.2444,1.2393,1.2436,18186.44
2026-08-24 13:25:00,1.2436,1.2469,1.2411,1.2413,15192.14
2026-08-24 13:30:00,1.2413,1.2415,1.234,1.2352,125074.32
2026-08-24 13:35:00,1.2352,1.2381,1.2345,1.2374,150587.26
2026-08-24 13:40:00,1.2374,1.2433,1.2352,1.2428,83667.73
2026-08-24 13:45:00,1.2428,1.2444,1.2414,1.2428,16746.29
2026-08-24 13:50:00,1.2428,1.245,1.2426,1.2431,86426.89
2026-08-24 13:55:00,1.2431,1.2446,1.2422,1.2427,76642.72
2026-08-24 14:00:00,1.2427,1.2462,1.2421,1.2428,24648.45
2026-08-24 14:05:00,1.2428,1.2435,1.2403,1.2408,74052.09
2026-08-24 14:10:00,1.2408,1.2434,1.2398,1.243,67963.45
2026-08-24 14:15:00,1.243,1.245,1.2425,1.2436,53680.97
2026-08-24 14:20:00,1.2436,1.2467,1.2368,1.2385,119407.11
2026-08-24 14:25:00,1.2385,1.2473,1.2374,1.2438,1032.64
2026-08-24 14:30:00,1.2438,1.2495,1.2435,1.2466,13770.53
2026-08-24 14:35:00,1.2466,1.2479,1.2439,1.2455,9304.9
2026-08-24 14:40:00,1.2455,1.2475,1.2398,1.2437,45590.03
2026-08-24 14:45:00,1.2437,1.2457,1.2418,1.2433,29210.95
2026-08-24 14:50:00,1.2433,1.2459,1.2405,1.2409,77536.12
2026-08-24 14:55:00,1.2409,1.2441,1.2406,1.2418,14471.42
2026-08-24 15:00:00,1.2418,1.2428,1.2383,1.2409,101166.09
2026-08-24 15:05:00,1.2409,1.243,1.2379,1.2423,110619.96
2026-08-24 15:10:00,1.2423,1.2446,1.2378,1.2399,6322.33
2026-08-24 15:15:00,1.2399,1.2474,1.2381,1.2454,1271.14
2026-08-24 15:20:00,1.2454,1.2477,1.2397,1.2434,51420.82
2026-08-24 15:25:00,1.2434,1.2465,1.2419,1.244,87368.25
2026-08-24 15:30:00,1.244,1.2468,1.2422,1.2454,114804.18
2026-08-24 15:35:00,1.2454,1.2467,1.2418,1.2429,67565.6
2026-08-24 15:40:00,1.2429,1.2442,1.24,1.2414,88355.59
2026-08-24 15:45:00,1.2414,1.2427,1.2391,1.2425,15147.32
2026-08-24 15:50:00,1.2425,1.2442,1.2356,1.2373,41060.48
2026-08-24 15:55:00,1.2373,1.2379,1.2326,1.2329,10180.34
2026-08-24 16:00:00,1.2329,1.2379,1.232,1.2347,40847.48
2026-08-24 16:05:00,1.2347,1.2374,1.2327,1.2366,44010.16
2026-08-24 16:10:00,1.2366,1.2393,1.2335,1.2383,15404.71
2026-08-24 16:15:00,1.2383,1.2412,1.2377,1.2391,29143.41
2026-08-24 16:20:00,1.2391,1.2457,1.2354,1.2418,55055.26
2026-08-24 16:25:00,1.2418,1.2515,1.2398,1.2462,108666.82
2026-08-24 16:30:00,1.2462,1.2487,1.2453,1.2473,63976.65
2026-08-24 16:35:00,1.2473,1.2505,1.2461,1.2502,136845.59
2026-08-24 16:40:00,1.2502,1.2509,1.2493,1.2497,124748.18
2026-08-24 16:45:00,1.2497,1.2514,1.2488,1.2494,164.67
2026-08-24 16:50:00,1.2494,1.2564,1.2488,1.255,6588.47
2026-08-24 16:55:00,1.255,1.2594,1.2505,1.2514,123584.58
2026-08-24 17:00:00,1.2514,1.2532,1.2458,1.2468,1671.1
2026-08-24 17:05:00,1.2468,1.2497,1.2461,1.2495,38365.69
2026-08-24 17:10:00,1.2495,1.2511,1.2456,1.2464,26577.82
2026-08-24 17:15:00,1.2464,1.248,1.2439,1.2444,243968.44
2026-08-24 17:20:00,1.2444,1.2463,1.2424,1.2426,117878.44
2026-08-24 17:25:00,1.2426,1.2436,1.2385,1.2407,93730.6
2026-08-24 17:30:00,1.2407,1.2454,1.2368,1.2445,143758.56
2026-08-24 17:35:00,1.2445,1.2466,1.2366,1.2367,47776.06
2026-08-24 17:40:00,1.2367,1.2448,1.2365,1.2408,51746.49
2026-08-24 17:45:00,1.2408,1.2409,1.2374,1.2391,2368.43
2026-08-24 17:50:00,1.2391,1.2414,1.2382,1.2388,109779.87
2026-08-24 17:55:00,1.2388,1.2449,1.2382,1.2432,17545.26
2026-08-24 18:00:00,1.2432,1.2432,1.2383,1.2389,189045.83
2026-08-24 18:05:00,1.2389,1.2433,1.2381,1.2418,60379.59
2026-08-24 18:10:00,1.2418,1.2444,1.2367,1.2437,227672.62
2026-08-24 18:15:00,1.2437,1.2466,1.2422,1.2425,43123.39
2026-08-24 18:20:00,1.2425,1.2442,1.2424,1.2428,33903.5
2026-08-24 18:25:00,1.2428,1.2458,1.2424,1.2427,2479.8
2026-08-24 18:30:00,1.2427,1.2428,1.2422,1.2427,15659.76
2026-08-24 18:35:00,1.2427,1.2481,1.2395,1.2443,51878.23
2026-08-24 18:40:00,1.2443,1.2467,1.2422,1.2466,23190.56
2026-08-24 18:45:00,1.2466,1.2481,1.2443,1.247,137939.3
2026-08-24 18:50:00,1.247,1.2485,1.2453,1.2461,35593.48
2026-08-24 18:55:00,1.2461,1.2468,1.2447,1.2463,94660.06
2026-08-24 19:00:00,1.2463,1.2476,1.2435,1.2441,76387.22
2026-08-24 19:05:00,1.2441,1.245,1.239,1.2412,38123.29
2026-08-24 19:10:00,1.2412,1.243,1.2404,1.2425,219721.28
2026-08-24 19:15:00,1.2425,1.2428,1.2418,1.2426,29753.32
2026-08-24 19:20:00,1.2426,1.2463,1.2401,1.2459,5639.95
2026-08-24 19:25:00,1.2459,1.2474,1.2389,1.2415,5411.9
2026-08-24 19:30:00,1.2415,1.2435,1.2404,1.2412,58402.82
2026-08-24 19:35:00,1.2412,1.243,1.2359,1.24,60718.28
2026-08-24 19:40:00,1.24,1.2409,1.2361,1.239,279119.29
2026-08-24 19:45:00,1.239,1.2415,1.2345,1.2359,920.85
2026-08-24 19:50:00,1.2359,1.239,1.2343,1.2349,2076.23
2026-08-24 19:55:00,1.2349,1.2386,1.2313,1.2381,118121.02
2026-08-24 20:00:00,1.2381,1.2439,1.2352,1.2435,69976.31
2026-08-24 20:05:00,1.2435,1.244,1.239,1.2403,102910.37
2026-08-24 20:10:00,1.2403,1.2429,1.2402,1.2412,37623.05
2026-08-24 20:15:00,1.2412,1.2442,1.2377,1.2399,22049.02
2026-08-24 20:20:00,1.2399,1.2434,1.2382,1.2425,7867.93
2026-08-24 20:25:00,1.2425,1.2443,1.2404,1.2437,23220.99
2026-08-24 20:30:00,1.2437,1.2506,1.2433,1.2492,83807.05
2026-08-24 20:35:00,1.2492,1.2506,1.2446,1.2461,11963.54
2026-08-24 20:40:00,1.2461,1.2484,1.2444,1.245,43097.61
2026-08-24 20:45:00,1.245,1.2458,1.2444,1.2448,27660.31
2026-08-24 20:50:00,1.2448,1.2478,1.2414,1.2461,10077.39
2026-08-24 20:55:00,1.2461,1.2501,1.2425,1.2443,21015.75
2026-08-24 21:00:00,1.2443,1.2498,1.243,1.2472,2838.84
2026-08-24 21:05:00,1.2472,1.2541,1.2471,1.2506,3480.63
2026-08-24 21:10:00,1.2506,1.2526,1.247,1.2493,109387.37
2026-08-24 21:15:00,1.2493,1.2504,1.2452,1.2466,40272.47
2026-08-24 21:20:00,1.2466,1.2502,1.245,1.2481,92608.58
2026-08-24 21:25:00,1.2481,1.2482,1.2427,1.2434,24633.03
2026-08-24 21:30:00,1.2434,1.2466,1.2426,1.2449,287085.14
2026-08-24 21:35:00,1.2449,1.2514,1.244,1.2496,27901.95
2026-08-24 21:40:00,1.2496,1.2537,1.2496,1.2525,20653.41
2026-08-24 21:45:00,1.2525,1.2558,1.2512,1.2541,7012.5
2026-08-24 21:50:00,1.2541,1.2558,1.2534,1.2537,31918.95
2026-08-24 21:55:00,1.2537,1.2552,1.251,1.2525,20146.74
2026-08-24 22:00:00,1.2525,1.2604,1.2513,1.2558,27403.97
2026-08-24 22:05:00,1.2558,1.2614,1.2551,1.2603,52750.51
2026-08-24 22:10:00,1.2603,1.2636,1.2569,1.2577,1169.23
2026-08-24 22:15:00,1.2577,1.2627,1.2561,1.2604,1632.21
2026-08-24 22:20:00,1.2604,1.263,1.2579,1.2629,70898.3
2026-08-24 22:25:00,1.2629,1.2672,1.2596,1.26,9204.69
2026-08-24 22:30:00,1.26,1.2633,1.2571,1.2581,4901.79
2026-08-24 22:35:00,1.2581,1.2631,1.2558,1.2563,51392.26
2026-08-24 22:40:00,1.2563,1.2617,1.2547,1.2552,421652.84
2026-08-24 22:45:00,1.2552,1.2576,1.2532,1.254,52981.27
2026-08-24 22:50:00,1.254,1.259,1.2509,1.2513,705052.46
2026-08-24 22:55:00,1.2513,1.2555,1.2472,1.2549,42567.29
2026-08-24 23:00:00,1.2549,1.2556,1.2502,1.2506,3461.57
2026-08-24 23:05:00,1.2506,1.2532,1.2484,1.2505,39000.02
2026-08-24 23:10:00,1.2505,1.2571,1.2501,1.2537,49733.87
2026-08-24 23:15:00,1.2537,1.2584,1.2535,1.2571,92435.4
2026-08-24 23:20:00,1.2571,1.2597,1.2525,1.2536,86738.29
2026-08-24 23:25:00,1.2536,1.2593,1.2534,1.2569,47043.6
2026-08-24 23:30:00,1.2569,1.2577,1.2523,1.2528,5844.04
2026-08-24 23:35:00,1.2528,1.2581,1.2453,1.2462,69299.32
2026-08-24 23:40:00,1.2462,1.252,1.2452,1.2512,5515.19
2026-08-24 23:45:00,1.2512,1.2518,1.2498,1.2513,125679.13
2026-08-24 23:50:00,1.2513,1.2531,1.248,1.2481,34417.86
2026-08-24 23:55:00,1.2481,1.2544,1.2477,1.2509,70246.59
2026-08-25 00:00:00,1.2509,1.2516,1.2506,1.2515,19411.44
2026-08-25 00:05:00,1.2515,1.2587,1.2502,1.2574,35792.16
2026-08-25 00:10:00,1.2574,1.2597,1.2566,1.2577,43863.33
2026-08-25 00:15:00,1.2577,1.2646,1.257,1.2617,117787.28
2026-08-25 00:20:00,1.2617,1.2674,1.2566,1.2583,44097.13
2026-08-25 00:25:00,1.2583,1.26,1.257,1.258,71478.38
2026-08-25 00:30:00,1.258,1.2608,1.2532,1.256,19331.63
2026-08-25 00:35:00,1.256,1.2569,1.2555,1.2558,75388.09
2026-08-25 00:40:00,1.2558,1.2604,1.2533,1.2582,45745.7
2026-08-25 00:45:00,1.2582,1.2589,1.2539,1.2574,52398.8
2026-08-25 00:50:00,1.2574,1.2594,1.2492,1.2515,57332.99
2026-08-25 00:55:00,1.2515,1.2532,1.2475,1.2494,137346.67
2026-08-25 01:00:00,1.2494,1.2518,1.2489,1.2502,30485.71
2026-08-25 01:05:00,1.2502,1.2528,1.2491,1.2513,39753.52
2026-08-25 01:10:00,1.2513,1.2555,1.2492,1.2539,4876.94
2026-08-25 01:15:00,1.2539,1.2597,1.2517,1.2558,171063.85
2026-08-25 01:20:00,1.2558,1.2567,1.2548,1.2567,44632.67
2026-08-25 01:25:00,1.2567,1.2609,1.2553,1.2559,16454.84
2026-08-25 01:30:00,1.2559,1.2608,1.2551,1.2602,72737.57
2026-08-25 01:35:00,1.2602,1.2606,1.2582,1.2604,53562.21
2026-08-25 01:40:00,1.2604,1.2641,1.2546,1.2569,43063.38
2026-08-25 01:45:00,1.2569,1.2575,1.2506,1.2545,104009.27
2026-08-25 01:50:00,1.2545,1.2618,1.254,1.2592,38559.69
2026-08-25 01:55:00,1.2592,1.2609,1.2586,1.2606,37980.04
2026-08-25 02:00:00,1.2606,1.2629,1.2589,1.2605,83624.65
2026-08-25 02:05:00,1.2605,1.2643,1.2561,1.2569,352096.09
2026-08-25 02:10:00,1.2569,1.2631,1.2563,1.2619,7120.7
2026-08-25 02:15:00,1.2619,1.2645,1.2584,1.2595,136999.1
2026-08-25 02:20:00,1.2595,1.2631,1.2579,1.261,24813.14
2026-08-25 02:25:00,1.261,1.2618,1.2575,1.2604,30194.96
2026-08-25 02:30:00,1.2604,1.2633,1.2558,1.2582,79308.19
2026-08-25 02:35:00,1.2582,1.2615,1.2532,1.2552,75966.28
2026-08-25 02:40:00,1.2552,1.2553,1.2511,1.2528,211833.46
2026-08-25 02:45:00,1.2528,1.2571,1.2495,1.2558,7872.38
2026-08-25 02:50:00,1.2558,1.2562,1.2541,1.2556,20220.49
2026-08-25 02:55:00,1.2556,1.2561,1.2538,1.2561,84821.04
2026-08-25 03:00:00,1.2561,1.2596,1.2545,1.2574,14180.14
2026-08-25 03:05:00,1.2574,1.2581,1.2557,1.256,678.86
2026-08-25 03:10:00,1.256,1.2571,1.2506,1.2533,2187.85
2026-08-25 03:15:00,1.2533,1.254,1.2461,1.2494,79691.92
2026-08-25 03:20:00,1.2494,1.2509,1.2461,1.2507,7903.04
2026-08-25 03:25:00,1.2507,1.2529,1.2422,1.2423,2913.96
2026-08-25 03:30:00,1.2423,1.2468,1.241,1.2444,272640.87
2026-08-25 03:35:00,1.2444,1.248,1.2424,1.2476,170338.66
2026-08-25 03:40:00,1.2476,1.2491,1.2455,1.2485,33882.03
2026-08-25 03:45:00,1.2485,1.2491,1.2447,1.2448,13984.98
2026-08-25 03:50:00,1.2448,1.2465,1.2446,1.2459,54932.62
2026-08-25 03:55:00,1.2459,1.2515,1.2454,1.251,69296.45
2026-08-25 04:00:00,1.251,1.252,1.25,1.2502,77407.27
2026-08-25 04:05:00,1.2502,1.2609,1.2494,1.2604,81309.05
2026-08-25 04:10:00,1.2604,1.2631,1.2598,1.2616,27706.46
2026-08-25 04:15:00,1.2616,1.2668,1.2584,1.259,11618.97
2026-08-25 04:20:00,1.259,1.2622,1.2576,1.2607,29603.88
2026-08-25 04:25:00,1.2607,1.2649,1.2597,1.2612,64641.97
2026-08-25 04:30:00,1.2612,1.2615,1.2578,1.2591,28195.96
2026-08-25 04:35:00,1.2591,1.2626,1.2574,1.2625,138558.82
2026-08-25 04:40:00,1.2625,1.2632,1.2609,1.2612,251.98
2026-08-25 04:45:00,1.2612,1.2633,1.2605,1.2612,1149.38
2026-08-25 04:50:00,1.2612,1.2639,1.258,1.2597,64016.89
2026-08-25 04:55:00,1.2597,1.2679,1.2596,1.2663,71817.79
2026-08-25 05:00:00,1.2663,1.2678,1.2652,1.2671,6968.16
2026-08-25 05:05:00,1.2671,1.2681,1.2658,1.2661,8754.92
2026-08-25 05:10:00,1.2661,1.2678,1.2576,1.2603,27972.68
2026-08-25 05:15:00,1.2603,1.2648,1.2582,1.2587,88817.18
2026-08-25 05:20:00,1.2587,1.2615,1.2572,1.2598,83317.56
2026-08-25 05:25:00,1.2598,1.2611,1.2563,1.2574,104309.99
2026-08-25 05:30:00,1.2574,1.2599,1.2569,1.2581,17570.83
2026-08-25 05:35:00,1.2581,1.2591,1.2568,1.259,31193.59
2026-08-25 05:40:00,1.259,1.2617,1.2571,1.2578,47203.25
2026-08-25 05:45:00,1.2578,1.2589,1.2529,1.2551,74089.72
2026-08-25 05:50:00,1.2551,1.256,1.2515,1.2516,25202.89
2026-08-25 05:55:00,1.2516,1.2532,1.25,1.2521,77433.55
2026-08-25 06:00:00,1.2521,1.253,1.2485,1.2512,97987.97
2026-08-25 06:05:00,1.2512,1.2541,1.2489,1.253,37361.46
2026-08-25 06:10:00,1.253,1.2533,1.246,1.2492,29224.71
2026-08-25 06:15:00,1.2492,1.2579,1.2477,1.2548,34139.52
2026-08-25 06:20:00,1.2548,1.2568,1.2508,1.2541,17877.66
2026-08-25 06:25:00,1.2541,1.2555,1.2429,1.248,147836.06
2026-08-25 06:30:00,1.248,1.2517,1.247,1.2501,115851.95
2026-08-25 06:35:00,1.2501,1.252,1.2472,1.2513,5562.18
2026-08-25 06:40:00,1.2513,1.2521,1.2477,1.2478,22487.14
2026-08-25 06:45:00,1.2478,1.2554,1.2441,1.2519,23699.89
2026-08-25 06:50:00,1.2519,1.256,1.2511,1.2538,47968.41
2026-08-25 06:55:00,1.2538,1.2611,1.2513,1.258,10332.39
2026-08-25 07:00:00,1.258,1.2589,1.2538,1.2554,16278.64
2026-08-25 07:05:00,1.2554,1.2574,1.2514,1.2527,8303.61
2026-08-25 07:10:00,1.2527,1.2539,1.2453,1.2494,10226.74
2026-08-25 07:15:00,1.2494,1.251,1.2484,1.2492,129135.56
2026-08-25 07:20:00,1.2492,1.254,1.2465,1.2533,30468.32
2026-08-25 07:25:00,1.2533,1.2562,1.2481,1.2483,9958.61
2026-08-25 07:30:00,1.2483,1.2514,1.2453,1.2463,52751.14
2026-08-25 07:35:00,1.2463,1.2511,1.2456,1.2507,46733.23
2026-08-25 07:40:00,1.2507,1.26,1.2498,1.2576,14645.66
2026-08-25 07:45:00,1.2576,1.2597,1.2535,1.2571,16881.27
2026-08-25 07:50:00,1.2571,1.2581,1.2523,1.2548,115722.02
2026-08-25 07:55:00,1.2548,1.2569,1.2502,1.256,24124.11
2026-08-25 08:00:00,1.256,1.2578,1.2538,1.2544,148766.54
2026-08-25 08:05:00,1.2544,1.2552,1.2476,1.2508,6188.01
2026-08-25 08:10:00,1.2508,1.2535,1.2434,1.2448,26547.96
2026-08-25 08:15:00,1.2448,1.2451,1.2423,1.2434,28601.71
2026-08-25 08:20:00,1.2434,1.2488,1.241,1.2477,38804.54
2026-08-25 08:25:00,1.2477,1.2485,1.2413,1.2439,77655.86
2026-08-25 08:30:00,1.2439,1.2462,1.2404,1.2407,6670.69
2026-08-25 08:35:00,1.2407,1.2433,1.2373,1.2407,35571.4
2026-08-25 08:40:00,1.2407,1.2424,1.2369,1.2374,17424.37
2026-08-25 08:45:00,1.2374,1.2386,1.2299,1.2318,35446.03
2026-08-25 08:50:00,1.2318,1.2341,1.2296,1.2335,556253.79
2026-08-25 08:55:00,1.2335,1.2375,1.2315,1.2367,276108.21
2026-08-25 09:00:00,1.2367,1.2424,1.234,1.2419,3883.86
2026-08-25 09:05:00,1.2419,1.2452,1.2373,1.2445,30166.54
2026-08-25 09:10:00,1.2445,1.2479,1.2418,1.2476,301025.25
2026-08-25 09:15:00,1.2476,1.2513,1.2451,1.2463,66975.77
2026-08-25 09:20:00,1.2463,1.2488,1.2463,1.2472,26730.76
2026-08-25 09:25:00,1.2472,1.2506,1.2452,1.25,69492.51
2026-08-25 09:30:00,1.25,1.2527,1.2482,1.2516,1420.83
2026-08-25 09:35:00,1.2516,1.2545,1.2504,1.2538,18246.61
2026-08-25 09:40:00,1.2538,1.2594,1.2533,1.255,69639.51
2026-08-25 09:45:00,1.255,1.2565,1.2513,1.2558,41768.01
2026-08-25 09:50:00,1.2558,1.2559,1.249,1.2519,22255.81
2026-08-25 09:55:00,1.2519,1.2519,1.2507,1.2517,105174.28
2026-08-25 10:00:00,1.2517,1.2526,1.2507,1.2516,9946.08
2026-08-25 10:05:00,1.2516,1.2531,1.2507,1.2511,12061.95
2026-08-25 10:10:00,1.2511,1.2552,1.25,1.2537,3053.71
2026-08-25 10:15:00,1.2537,1.2542,1.2503,1.2519,7037.35
2026-08-25 10:20:00,1.2519,1.2543,1.2502,1.2522,23185.44
2026-08-25 10:25:00,1.2522,1.2593,1.2505,1.2583,11885.44
2026-08-25 10:30:00,1.2583,1.2618,1.2581,1.2607,31648.87
2026-08-25 10:35:00,1.2607,1.2684,1.2596,1.2667,10610.69
2026-08-25 10:40:00,1.2667,1.271,1.2663,1.27,7176.92
2026-08-25 10:45:00,1.27,1.2733,1.2666,1.2678,408367.13
2026-08-25 10:50:00,1.2678,1.271,1.2654,1.2665,446959.55
2026-08-25 10:55:00,1.2665,1.2671,1.2645,1.266,31328.77
2026-08-25 11:00:00,1.266,1.2736,1.2657,1.2704,48305.6
2026-08-25 11:05:00,1.2704,1.2738,1.2662,1.2672,152515.5
2026-08-25 11:10:00,1.2672,1.2674,1.2641,1.2644,4896.99
2026-08-25 11:15:00,1.2644,1.265,1.26,1.2625,18393.62
2026-08-25 11:20:00,1.2625,1.2631,1.2586,1.2598,48547.77
2026-08-25 11:25:00,1.2598,1.2634,1.2536,1.2547,28782.49
2026-08-25 11:30:00,1.2547,1.259,1.2533,1.2589,43782.37
2026-08-25 11:35:00,1.2589,1.2665,1.2549,1.2639,12799.32
2026-08-25 11:40:00,1.2639,1.2672,1.2631,1.2659,28189.4
2026-08-25 11:45:00,1.2659,1.2661,1.2646,1.2652,68221.22
2026-08-25 11:50:00,1.2652,1.2654,1.263,1.2651,66.98
2026-08-25 11:55:00,1.2651,1.2671,1.2644,1.2662,46056.64
2026-08-25 12:00:00,1.2662,1.2664,1.261,1.2652,213430.03
2026-08-25 12:05:00,1.2652,1.267,1.2588,1.2617,9588.69
2026-08-25 12:10:00,1.2617,1.262,1.2578,1.2581,8306.35
2026-08-25 12:15:00,1.2581,1.2639,1.258,1.2627,30304.43
2026-08-25 12:20:00,1.2627,1.2682,1.2583,1.2599,64893.76
2026-08-25 12:25:00,1.2599,1.2697,1.257,1.2662,35736.37
2026-08-25 12:30:00,1.2662,1.2722,1.2646,1.2719,5638.26
2026-08-25 12:35:00,1.2719,1.2764,1.2702,1.2745,16012.28
2026-08-25 12:40:00,1.2745,1.2796,1.2717,1.273,314298.79
2026-08-25 12:45:00,1.273,1.2771,1.2704,1.271,23214.82
2026-08-25 12:50:00,1.271,1.2724,1.2697,1.2704,26442.3
2026-08-25 12:55:00,1.2704,1.2704,1.2681,1.2682,38537.65
2026-08-25 13:00:00,1.2682,1.2686,1.2657,1.2663,1759.46
2026-08-25 13:05:00,1.2663,1.2671,1.2589,1.2591,1563.24
2026-08-25 13:10:00,1.2591,1.2615,1.2589,1.2608,230372.57
2026-08-25 13:15:00,1.2608,1.2636,1.2607,1.2625,25476.6
2026-08-25 13:20:00,1.2625,1.2644,1.2572,1.2636,8851.87
2026-08-25 13:25:00,1.2636,1.2662,1.2581,1.2585,8935.39
2026-08-25 13:30:00,1.2585,1.2601,1.2571,1.2576,39884.86
2026-08-25 13:35:00,1.2576,1.2612,1.2507,1.2535,89216.01
2026-08-25 13:40:00,1.2535,1.255,1.2486,1.2492,111062.29
2026-08-25 13:45:00,1.2492,1.2514,1.2439,1.2439,78348.57
2026-08-25 13:50:00,1.2439,1.2467,1.2421,1.2431,16918.1
2026-08-25 13:55:00,1.2431,1.2469,1.2368,1.2382,91768.96
2026-08-25 14:00:00,1.2382,1.2444,1.2371,1.2414,122390.19
2026-08-25 14:05:00,1.2414,1.2436,1.2363,1.2379,2260.35
2026-08-25 14:10:00,1.2379,1.2381,1.2349,1.2355,41728.01
2026-08-25 14:15:00,1.2355,1.2376,1.2344,1.236,57060.2
2026-08-25 14:20:00,1.236,1.2371,1.2351,1.2351,67943.71
2026-08-25 14:25:00,1.2351,1.2388,1.235,1.2364,55235.99
2026-08-25 14:30:00,1.2364,1.2408,1.2338,1.2362,23986.44
2026-08-25 14:35:00,1.2362,1.2381,1.2286,1.2314,64182.0
2026-08-25 14:40:00,1.2314,1.2332,1.229,1.2324,6094.03
2026-08-25 14:45:00,1.2324,1.235,1.2277,1.2344,332898.49
2026-08-25 14:50:00,1.2344,1.2414,1.2311,1.2406,55655.65
2026-08-25 14:55:00,1.2406,1.243,1.2403,1.2406,5756.67
2026-08-25 15:00:00,1.2406,1.2419,1.2344,1.2366,183986.59
2026-08-25 15:05:00,1.2366,1.2399,1.2359,1.2382,44720.63
2026-08-25 15:10:00,1.2382,1.2391,1.2379,1.2387,77075.0
2026-08-25 15:15:00,1.2387,1.241,1.2357,1.2406,6770.54
2026-08-25 15:20:00,1.2406,1.245,1.2385,1.2445,55509.43
2026-08-25 15:25:00,1.2445,1.2452,1.2428,1.2448,7246.64
2026-08-25 15:30:00,1.2448,1.2545,1.2443,1.2529,105984.3
2026-08-25 15:35:00,1.2529,1.2561,1.2518,1.2522,22158.76
2026-08-25 15:40:00,1.2522,1.2556,1.2462,1.2479,3533.79
2026-08-25 15:45:00,1.2479,1.2491,1.2446,1.2452,341716.83
2026-08-25 15:50:00,1.2452,1.2472,1.2405,1.2409,90905.08
2026-08-25 15:55:00,1.2409,1.2426,1.2405,1.2407,62007.39
2026-08-25 16:00:00,1.2407,1.2425,1.2377,1.2425,47776.98
2026-08-25 16:05:00,1.2425,1.2428,1.2385,1.2409,27173.02
2026-08-25 16:10:00,1.2409,1.2436,1.2401,1.2406,106762.51
2026-08-25 16:15:00,1.2406,1.2419,1.238,1.2391,132456.97
2026-08-25 16:20:00,1.2391,1.2395,1.2348,1.2376,25446.14
2026-08-25 16:25:00,1.2376,1.2382,1.2355,1.2358,11400.17
2026-08-25 16:30:00,1.2358,1.2434,1.2341,1.241,37391.18
2026-08-25 16:35:00,1.241,1.2422,1.2392,1.2401,80786.58
2026-08-25 16:40:00,1.2401,1.2413,1.2386,1.2388,32107.67
2026-08-25 16:45:00,1.2388,1.2398,1.2323,1.2335,10474.1
2026-08-25 16:50:00,1.2335,1.2401,1.231,1.2372,24246.57
2026-08-25 16:55:00,1.2372,1.2378,1.2357,1.2373,156427.2
2026-08-25 17:00:00,1.2373,1.2398,1.2354,1.2385,27206.01
2026-08-25 17:05:00,1.2385,1.2419,1.2376,1.2414,17081.02
2026-08-25 17:10:00,1.2414,1.2465,1.2404,1.246,660.63
2026-08-25 17:15:00,1.246,1.2484,1.2443,1.2482,45401.06
2026-08-25 17:20:00,1.2482,1.2517,1.2457,1.25,5808.45
2026-08-25 17:25:00,1.25,1.2537,1.2489,1.2493,29180.58
2026-08-25 17:30:00,1.2493,1.2511,1.2486,1.2491,50224.87
2026-08-25 17:35:00,1.2491,1.2509,1.2425,1.2465,27673.5
2026-08-25 17:40:00,1.2465,1.2533,1.2462,1.2519,54277.99
2026-08-25 17:45:00,1.2519,1.2573,1.2512,1.2566,175957.27
2026-08-25 17:50:00,1.2566,1.2613,1.2507,1.2539,33891.12
2026-08-25 17:55:00,1.2539,1.2601,1.2528,1.258,7659.92
2026-08-25 18:00:00,1.258,1.2636,1.2573,1.2605,91614.64
2026-08-25 18:05:00,1.2605,1.2617,1.2586,1.2608,42336.72
2026-08-25 18:10:00,1.2608,1.2667,1.2583,1.2655,33940.25
2026-08-25 18:15:00,1.2655,1.2724,1.2637,1.2706,61906.61
2026-08-25 18:20:00,1.2706,1.2738,1.2699,1.2724,4618.36
2026-08-25 18:25:00,1.2724,1.2805,1.2722,1.2784,93404.92
2026-08-25 18:30:00,1.2784,1.279,1.2736,1.2764,45570.64
2026-08-25 18:35:00,1.2764,1.2805,1.2757,1.2795,98991.19
2026-08-25 18:40:00,1.2795,1.2826,1.2781,1.2805,11274.82
2026-08-25 18:45:00,1.2805,1.2825,1.2755,1.2762,82199.92
2026-08-25 18:50:00,1.2762,1.2806,1.2746,1.2804,16699.54
2026-08-25 18:55:00,1.2804,1.2834,1.2764,1.2772,494195.28
2026-08-25 19:00:00,1.2772,1.282,1.2744,1.2755,302439.42
2026-08-25 19:05:00,1.2755,1.2778,1.2728,1.2763,13842.89
2026-08-25 19:10:00,1.2763,1.2793,1.2738,1.2745,301525.78
2026-08-25 19:15:00,1.2745,1.2788,1.2711,1.272,439922.61
2026-08-25 19:20:00,1.272,1.2742,1.2701,1.2714,75149.56
2026-08-25 19:25:00,1.2714,1.2724,1.2705,1.2715,1679.95
2026-08-25 19:30:00,1.2715,1.2736,1.267,1.2677,26843.96
2026-08-25 19:35:00,1.2677,1.269,1.2664,1.2671,31327.12
2026-08-25 19:40:00,1.2671,1.2689,1.2625,1.2632,106619.83
2026-08-25 19:45:00,1.2632,1.2678,1.2607,1.2649,4704.85
2026-08-25 19:50:00,1.2649,1.267,1.2581,1.2583,14422.43
2026-08-25 19:55:00,1.2583,1.2617,1.2558,1.2595,27009.72
2026-08-25 20:00:00,1.2595,1.2637,1.2578,1.2624,132619.38
2026-08-25 20:05:00,1.2624,1.2669,1.2605,1.2668,159544.26
2026-08-25 20:10:00,1.2668,1.2698,1.2594,1.2641,4204.82
2026-08-25 20:15:00,1.2641,1.268,1.2613,1.2664,44424.18
2026-08-25 20:20:00,1.2664,1.2677,1.263,1.2657,25077.44
2026-08-25 20:25:00,1.2657,1.2709,1.2582,1.2587,1502.54
2026-08-25 20:30:00,1.2587,1.2632,1.2586,1.2625,14272.04
2026-08-25 20:35:00,1.2625,1.2659,1.259,1.2592,76651.64
2026-08-25 20:40:00,1.2592,1.2646,1.2583,1.2606,94053.44
2026-08-25 20:45:00,1.2606,1.2687,1.2575,1.2648,2129.71
2026-08-25 20:50:00,1.2648,1.2663,1.2585,1.2604,107791.22
2026-08-25 20:55:00,1.2604,1.2633,1.256,1.2597,2256.81
2026-08-25 21:00:00,1.2597,1.2618,1.2523,1.2552,1367.08
2026-08-25 21:05:00,1.2552,1.2649,1.2539,1.2622,43879.69
2026-08-25 21:10:00,1.2622,1.2662,1.2614,1.2643,56284.96
2026-08-25 21:15:00,1.2643,1.2702,1.2625,1.2684,142849.92
2026-08-25 21:20:00,1.2684,1.2698,1.2635,1.2647,30572.35
2026-08-25 21:25:00,1.2647,1.2669,1.2635,1.2665,16792.86
2026-08-25 21:30:00,1.2665,1.2694,1.2646,1.2679,8353.95
2026-08-25 21:35:00,1.2679,1.2699,1.2632,1.2634,10042.8
2026-08-25 21:40:00,1.2634,1.2638,1.2574,1.2581,60142.45
2026-08-25 21:45:00,1.2581,1.2587,1.2551,1.2559,42407.45
2026-08-25 21:50:00,1.2559,1.26,1.2553,1.2594,1422.33
2026-08-25 21:55:00,1.2594,1.2597,1.2566,1.2576,1559.79
2026-08-25 22:00:00,1.2576,1.2607,1.2547,1.2568,112519.79
2026-08-25 22:05:00,1.2568,1.2594,1.2559,1.2577,47930.53
2026-08-25 22:10:00,1.2577,1.2629,1.257,1.262,124028.6
2026-08-25 22:15:00,1.262,1.264,1.2602,1.2625,27073.82
2026-08-25 22:20:00,1.2625,1.264,1.254,1.2553,17152.62
2026-08-25 22:25:00,1.2553,1.2575,1.2525,1.2528,130126.15
2026-08-25 22:30:00,1.2528,1.2566,1.251,1.2531,5441.0
2026-08-25 22:35:00,1.2531,1.2542,1.2487,1.2519,32117.01
2026-08-25 22:40:00,1.2519,1.2536,1.2476,1.2515,1958.77
2026-08-25 22:45:00,1.2515,1.2547,1.2515,1.2531,77945.5
2026-08-25 22:50:00,1.2531,1.2541,1.2473,1.25,93921.24
2026-08-25 22:55:00,1.25,1.2536,1.2415,1.2422,33224.98
2026-08-25 23:00:00,1.2422,1.2446,1.2396,1.244,73634.85
2026-08-25 23:05:00,1.244,1.2464,1.2415,1.2463,76278.88
2026-08-25 23:10:00,1.2463,1.2491,1.2462,1.249,172164.39
2026-08-25 23:15:00,1.249,1.2517,1.2445,1.2453,162850.97
2026-08-25 23:20:00,1.2453,1.249,1.2423,1.2426,138884.41
2026-08-25 23:25:00,1.2426,1.2471,1.2416,1.2436,38503.06
2026-08-25 23:30:00,1.2436,1.2464,1.2407,1.2458,28417.57
2026-08-25 23:35:00,1.2458,1.2529,1.245,1.2493,90412.58
2026-08-25 23:40:00,1.2493,1.2543,1.2467,1.2473,24582.05
2026-08-25 23:45:00,1.2473,1.2553,1.2451,1.2516,55167.31
2026-08-25 23:50:00,1.2516,1.2568,1.2511,1.2549,13646.77
2026-08-25 23:55:00,1.2549,1.2567,1.2523,1.2532,62154.08
2026-08-26 00:00:00,1.2532,1.256,1.253,1.255,2164.13
2026-08-26 00:05:00,1.255,1.2563,1.2478,1.2488,19695.55
2026-08-26 00:10:00,1.2488,1.2512,1.2482,1.251,9885.64
2026-08-26 00:15:00,1.251,1.2534,1.245,1.2463,5299.2
2026-08-26 00:20:00,1.2463,1.2479,1.2373,1.241,131209.53
2026-08-26 00:25:00,1.241,1.2431,1.2408,1.2419,100589.43
2026-08-26 00:30:00,1.2419,1.2452,1.2396,1.2447,124735.94
2026-08-26 00:35:00,1.2447,1.2451,1.2395,1.2434,8227.17
2026-08-26 00:40:00,1.2434,1.2441,1.2429,1.2433,33364.24
2026-08-26 00:45:00,1.2433,1.2435,1.2401,1.2426,41494.54
2026-08-26 00:50:00,1.2426,1.245,1.2387,1.2444,201392.56
2026-08-26 00:55:00,1.2444,1.2484,1.2391,1.2475,92002.6
2026-08-26 01:00:00,1.2475,1.2483,1.2422,1.2443,188574.82
2026-08-26 01:05:00,1.2443,1.2455,1.2424,1.2448,103205.82
2026-08-26 01:10:00,1.2448,1.2454,1.2399,1.2416,10736.92
2026-08-26 01:15:00,1.2416,1.2429,1.241,1.2413,108158.24
2026-08-26 01:20:00,1.2413,1.2417,1.2384,1.2415,38462.18
2026-08-26 01:25:00,1.2415,1.2431,1.2371,1.2427,21074.88
2026-08-26 01:30:00,1.2427,1.2435,1.2358,1.2381,83138.68
2026-08-26 01:35:00,1.2381,1.2413,1.2365,1.2393,38694.25
2026-08-26 01:40:00,1.2393,1.2436,1.237,1.2435,44649.94
2026-08-26 01:45:00,1.2435,1.2481,1.2385,1.2471,97505.71
2026-08-26 01:50:00,1.2471,1.2499,1.2372,1.24,18380.49
2026-08-26 01:55:00,1.24,1.242,1.2351,1.2381,141843.16
2026-08-26 02:00:00,1.2381,1.2386,1.233,1.2348,7755.58
2026-08-26 02:05:00,1.2348,1.2371,1.2262,1.2272,29439.37
2026-08-26 02:10:00,1.2272,1.2291,1.224,1.2251,33170.25
2026-08-26 02:15:00,1.2251,1.2273,1.2211,1.2265,271739.47
2026-08-26 02:20:00,1.2265,1.2293,1.2253,1.2281,26587.76
2026-08-26 02:25:00,1.2281,1.2315,1.2263,1.2284,12152.29
2026-08-26 02:30:00,1.2284,1.2302,1.2277,1.2288,68102.94
2026-08-26 02:35:00,1.2288,1.2321,1.2236,1.2311,23346.91
2026-08-26 02:40:00,1.2311,1.2326,1.2271,1.2322,125582.31
2026-08-26 02:45:00,1.2322,1.2368,1.2285,1.2357,47079.99
2026-08-26 02:50:00,1.2357,1.2386,1.232,1.2377,231587.29
2026-08-26 02:55:00,1.2377,1.2401,1.2338,1.239,81536.84
2026-08-26 03:00:00,1.239,1.2393,1.2366,1.2379,35998.46
2026-08-26 03:05:00,1.2379,1.2407,1.2324,1.2403,258833.43
2026-08-26 03:10:00,1.2403,1.2467,1.2394,1.2456,14618.02
2026-08-26 03:15:00,1.2456,1.2472,1.2441,1.2471,100798.28
2026-08-26 03:20:00,1.2471,1.2489,1.2428,1.2456,16761.61
2026-08-26 03:25:00,1.2456,1.2483,1.2443,1.2444,28066.76
2026-08-26 03:30:00,1.2444,1.2445,1.2399,1.2411,37491.24
2026-08-26 03:35:00,1.2411,1.243,1.2377,1.2409,37320.81
2026-08-26 03:40:00,1.2409,1.2434,1.2375,1.2394,59664.47
2026-08-26 03:45:00,1.2394,1.2425,1.2385,1.2412,95237.71
2026-08-26 03:50:00,1.2412,1.2465,1.2382,1.2457,34114.68
2026-08-26 03:55:00,1.2457,1.2474,1.2426,1.245,43556.95
2026-08-26 04:00:00,1.245,1.2471,1.2443,1.2455,15936.65
2026-08-26 04:05:00,1.2455,1.2515,1.244,1.2504,78306.36
2026-08-26 04:10:00,1.2504,1.2517,1.2449,1.245,217.18
2026-08-26 04:15:00,1.245,1.2451,1.2403,1.2411,30615.76
2026-08-26 04:20:00,1.2411,1.2457,1.2403,1.2442,10086.47
2026-08-26 04:25:00,1.2442,1.2453,1.2424,1.2429,42526.36
2026-08-26 04:30:00,1.2429,1.2455,1.2424,1.2454,27276.78
2026-08-26 04:35:00,1.2454,1.2494,1.2395,1.2401,8147.67
2026-08-26 04:40:00,1.2401,1.2403,1.2393,1.2396,112402.88
2026-08-26 04:45:00,1.2396,1.2417,1.2382,1.2405,6651.95
2026-08-26 04:50:00,1.2405,1.2417,1.2369,1.2391,196884.17
2026-08-26 04:55:00,1.2391,1.2407,1.233,1.2352,4973.98
2026-08-26 05:00:00,1.2352,1.2358,1.23,1.2301,12580.34
2026-08-26 05:05:00,1.2301,1.2338,1.229,1.2324,10325.55
2026-08-26 05:10:00,1.2324,1.2372,1.232,1.2337,84641.57
2026-08-26 05:15:00,1.2337,1.2338,1.2324,1.2334,32701.58
2026-08-26 05:20:00,1.2334,1.2376,1.2326,1.236,55315.99
2026-08-26 05:25:00,1.236,1.2418,1.232,1.2406,26138.27
2026-08-26 05:30:00,1.2406,1.2406,1.2356,1.2398,66564.22
2026-08-26 05:35:00,1.2398,1.2405,1.235,1.2386,3508.0
2026-08-26 05:40:00,1.2386,1.242,1.233,1.2363,94696.17
2026-08-26 05:45:00,1.2363,1.2389,1.2279,1.2309,10805.92
2026-08-26 05:50:00,1.2309,1.232,1.2284,1.2302,11408.22
2026-08-26 05:55:00,1.2302,1.2342,1.2285,1.2339,101866.29
2026-08-26 06:00:00,1.2339,1.2393,1.2311,1.2352,77606.09
2026-08-26 06:05:00,1.2352,1.2408,1.2338,1.2397,38296.19
2026-08-26 06:10:00,1.2397,1.2436,1.2374,1.2391,54205.32
2026-08-26 06:15:00,1.2391,1.2483,1.2373,1.2461,28275.3
2026-08-26 06:20:00,1.2461,1.2463,1.242,1.2432,79785.45
2026-08-26 06:25:00,1.2432,1.2443,1.243,1.2438,27835.19
2026-08-26 06:30:00,1.2438,1.2472,1.2399,1.2404,7032.17
2026-08-26 06:35:00,1.2404,1.2416,1.2359,1.2377,176908.47
2026-08-26 06:40:00,1.2377,1.2384,1.2346,1.2348,47130.94
2026-08-26 06:45:00,1.2348,1.2396,1.2333,1.2375,11828.42
2026-08-26 06:50:00,1.2375,1.2379,1.2337,1.2358,16151.91
2026-08-26 06:55:00,1.2358,1.2391,1.2331,1.2384,19753.08
2026-08-26 07:00:00,1.2384,1.2396,1.2363,1.2395,7234.9
2026-08-26 07:05:00,1.2395,1.2417,1.2314,1.2352,63105.44
2026-08-26 07:10:00,1.2352,1.2359,1.2301,1.2322,119450.93
2026-08-26 07:15:00,1.2322,1.2352,1.222,1.2291,15730.01
2026-08-26 07:20:00,1.2291,1.2308,1.2258,1.229,138383.22
2026-08-26 07:25:00,1.229,1.2303,1.2233,1.2255,112142.37
2026-08-26 07:30:00,1.2255,1.2281,1.2202,1.227,12477.09
2026-08-26 07:35:00,1.227,1.2302,1.2222,1.2232,17901.87
2026-08-26 07:40:00,1.2232,1.2288,1.2217,1.2267,43538.11
2026-08-26 07:45:00,1.2267,1.2277,1.2247,1.2263,40371.8
2026-08-26 07:50:00,1.2263,1.2285,1.226,1.2262,19362.71
2026-08-26 07:55:00,1.2262,1.2293,1.2242,1.2288,25363.98
2026-08-26 08:00:00,1.2288,1.2311,1.2251,1.2268,131828.24
2026-08-26 08:05:00,1.2268,1.2312,1.2259,1.2301,3070.32
2026-08-26 08:10:00,1.2301,1.2311,1.2285,1.229,29360.95
2026-08-26 08:15:00,1.229,1.2337,1.2278,1.2327,19759.81
2026-08-26 08:20:00,1.2327,1.2342,1.2257,1.2263,23996.63
2026-08-26 08:25:00,1.2263,1.23,1.2229,1.2292,22112.86
2026-08-26 08:30:00,1.2292,1.2305,1.2288,1.2292,89783.21
2026-08-26 08:35:00,1.2292,1.2303,1.2287,1.2287,154690.12
2026-08-26 08:40:00,1.2287,1.2342,1.2277,1.231,1715.21
2026-08-26 08:45:00,1.231,1.2335,1.2297,1.2316,16272.51
2026-08-26 08:50:00,1.2316,1.2325,1.2246,1.2282,57968.61
2026-08-26 08:55:00,1.2282,1.2326,1.2253,1.2262,12458.71
2026-08-26 09:00:00,1.2262,1.2289,1.2223,1.228,246787.14
2026-08-26 09:05:00,1.228,1.2314,1.2223,1.226,66862.39
2026-08-26 09:10:00,1.226,1.2315,1.2232,1.2304,83801.43
2026-08-26 09:15:00,1.2304,1.2334,1.2287,1.2313,45533.17
2026-08-26 09:20:00,1.2313,1.2323,1.2292,1.2293,47475.07
2026-08-26 09:25:00,1.2293,1.2305,1.2229,1.2252,85818.52
2026-08-26 09:30:00,1.2252,1.2269,1.2214,1.2263,43519.35
2026-08-26 09:35:00,1.2263,1.2286,1.2217,1.2223,21936.65
2026-08-26 09:40:00,1.2223,1.2263,1.2203,1.2255,151603.81
2026-08-26 09:45:00,1.2255,1.2295,1.2216,1.2289,19831.24
2026-08-26 09:50:00,1.2289,1.2294,1.2248,1.2267,47697.72
2026-08-26 09:55:00,1.2267,1.2276,1.2204,1.2238,6602.59
2026-08-26 10:00:00,1.2238,1.2251,1.2152,1.217,183256.5
2026-08-26 10:05:00,1.217,1.2209,1.2141,1.2198,163219.39
2026-08-26 10:10:00,1.2198,1.226,1.2197,1.2231,67430.51
2026-08-26 10:15:00,1.2231,1.2255,1.222,1.2224,65260.71
2026-08-26 10:20:00,1.2224,1.2246,1.2176,1.2238,765667.7
2026-08-26 10:25:00,1.2238,1.2278,1.2207,1.2238,156936.93
2026-08-26 10:30:00,1.2238,1.2266,1.2209,1.2252,25400.79
2026-08-26 10:35:00,1.2252,1.2275,1.2221,1.2222,925.77
2026-08-26 10:40:00,1.2222,1.225,1.2201,1.2238,409314.73
2026-08-26 10:45:00,1.2238,1.2263,1.2215,1.2228,3976.28
2026-08-26 10:50:00,1.2228,1.2293,1.2208,1.2273,6338.68
2026-08-26 10:55:00,1.2273,1.2304,1.2258,1.2288,21151.11
2026-08-26 11:00:00,1.2288,1.2309,1.2281,1.2297,32145.98
2026-08-26 11:05:00,1.2297,1.2322,1.228,1.2318,21642.99
2026-08-26 11:10:00,1.2318,1.2333,1.2312,1.232,41959.85
2026-08-26 11:15:00,1.232,1.2372,1.232,1.2365,5133.14
2026-08-26 11:20:00,1.2365,1.2415,1.2354,1.2412,86520.57
2026-08-26 11:25:00,1.2412,1.2439,1.2394,1.2399,37601.1
2026-08-26 11:30:00,1.2399,1.2419,1.2353,1.2373,94661.0
2026-08-26 11:35:00,1.2373,1.2401,1.2311,1.2344,107230.07
2026-08-26 11:40:00,1.2344,1.239,1.2342,1.2373,202298.79
2026-08-26 11:45:00,1.2373,1.24,1.235,1.2386,6304.7
2026-08-26 11:50:00,1.2386,1.2387,1.2375,1.2376,9874.13
2026-08-26 11:55:00,1.2376,1.2396,1.2341,1.2358,27735.52
2026-08-26 12:00:00,1.2358,1.2384,1.2351,1.2384,106458.62
2026-08-26 12:05:00,1.2384,1.2411,1.2353,1.2372,114691.47
2026-08-26 12:10:00,1.2372,1.2393,1.2298,1.2311,33342.05
2026-08-26 12:15:00,1.2311,1.2356,1.2303,1.2322,3944.75
2026-08-26 12:20:00,1.2322,1.2322,1.2303,1.2307,71187.11
2026-08-26 12:25:00,1.2307,1.2375,1.226,1.2275,88105.96
2026-08-26 12:30:00,1.2275,1.2303,1.2254,1.2278,9142.45
2026-08-26 12:35:00,1.2278,1.2331,1.2253,1.2263,11691.55
2026-08-26 12:40:00,1.2263,1.2271,1.2231,1.2246,24214.03
2026-08-26 12:45:00,1.2246,1.2284,1.2245,1.2249,9196.47
2026-08-26 12:50:00,1.2249,1.2287,1.2236,1.2259,97.47
2026-08-26 12:55:00,1.2259,1.2283,1.2252,1.2267,22288.42
2026-08-26 13:00:00,1.2267,1.2276,1.2237,1.2258,54366.81
2026-08-26 13:05:00,1.2258,1.2271,1.2204,1.2212,8475.18
2026-08-26 13:10:00,1.2212,1.2226,1.2126,1.2143,20129.67
2026-08-26 13:15:00,1.2143,1.22,1.2143,1.2175,44627.92
2026-08-26 13:20:00,1.2175,1.2202,1.2148,1.2198,88200.15
2026-08-26 13:25:00,1.2198,1.2212,1.2179,1.2208,95949.9
2026-08-26 13:30:00,1.2208,1.223,1.2207,1.2216,38211.15
2026-08-26 13:35:00,1.2216,1.2236,1.2208,1.223,34599.93
2026-08-26 13:40:00,1.223,1.2262,1.2226,1.224,30834.28
2026-08-26 13:45:00,1.224,1.2252,1.2209,1.2216,177162.0
2026-08-26 13:50:00,1.2216,1.226,1.2215,1.2235,15100.05
2026-08-26 13:55:00,1.2235,1.2242,1.2177,1.2206,9465.5
2026-08-26 14:00:00,1.2206,1.2215,1.2157,1.2185,13407.19
2026-08-26 14:05:00,1.2185,1.2198,1.217,1.2181,121829.54
2026-08-26 14:10:00,1.2181,1.2203,1.2158,1.2198,46974.28
2026-08-26 14:15:00,1.2198,1.2262,1.2191,1.2221,138816.09
2026-08-26 14:20:00,1.2221,1.2233,1.2153,1.2174,42715.44
2026-08-26 14:25:00,1.2174,1.2196,1.2156,1.2183,91368.14
2026-08-26 14:30:00,1.2183,1.2205,1.2168,1.2195,79224.9
2026-08-26 14:35:00,1.2195,1.2208,1.2166,1.2169,7035.03
2026-08-26 14:40:00,1.2169,1.217,1.2151,1.2158,41779.41
2026-08-26 14:45:00,1.2158,1.2193,1.2147,1.2168,58317.05
2026-08-26 14:50:00,1.2168,1.2187,1.2117,1.2139,27327.05
2026-08-26 14:55:00,1.2139,1.2158,1.2097,1.2151,673101.47
2026-08-26 15:00:00,1.2151,1.2192,1.2117,1.218,3927.52
2026-08-26 15:05:00,1.218,1.2218,1.2147,1.2206,395503.13
2026-08-26 15:10:00,1.2206,1.2209,1.219,1.2199,41694.62
2026-08-26 15:15:00,1.2199,1.2209,1.2178,1.2202,25733.18
2026-08-26 15:20:00,1.2202,1.2212,1.2158,1.217,15838.62
2026-08-26 15:25:00,1.217,1.2215,1.2148,1.2206,159296.64
2026-08-26 15:30:00,1.2206,1.2214,1.2176,1.2182,37770.6
2026-08-26 15:35:00,1.2182,1.2195,1.2175,1.219,52649.0
2026-08-26 15:40:00,1.219,1.2202,1.2181,1.2199,36772.82
2026-08-26 15:45:00,1.2199,1.2242,1.2188,1.2225,68008.22
2026-08-26 15:50:00,1.2225,1.2248,1.2204,1.2217,64883.48
2026-08-26 15:55:00,1.2217,1.2235,1.2196,1.223,857.51
2026-08-26 16:00:00,1.223,1.2242,1.22,1.2226,131363.87
2026-08-26 16:05:00,1.2226,1.2245,1.2222,1.2233,22826.15
2026-08-26 16:10:00,1.2233,1.2268,1.2222,1.2247,28064.58
2026-08-26 16:15:00,1.2247,1.2256,1.2233,1.2247,32956.47
2026-08-26 16:20:00,1.2247,1.2273,1.2237,1.2264,36604.74
2026-08-26 16:25:00,1.2264,1.2298,1.2259,1.2273,63952.78
2026-08-26 16:30:00,1.2273,1.229,1.2243,1.2267,46877.42
2026-08-26 16:35:00,1.2267,1.2276,1.2219,1.2221,27865.07
2026-08-26 16:40:00,1.2221,1.2227,1.2171,1.2173,53762.17
2026-08-26 16:45:00,1.2173,1.2313,1.2165,1.2254,277620.49
2026-08-26 16:50:00,1.2254,1.2261,1.2231,1.224,101506.28
2026-08-26 16:55:00,1.224,1.2247,1.22,1.2237,37432.27
2026-08-26 17:00:00,1.2237,1.2238,1.217,1.2192,103681.54
2026-08-26 17:05:00,1.2192,1.2214,1.2134,1.2155,35075.02
2026-08-26 17:10:00,1.2155,1.2176,1.2142,1.2172,14862.03
2026-08-26 17:15:00,1.2172,1.2239,1.2149,1.2196,136704.95
2026-08-26 17:20:00,1.2196,1.2252,1.2188,1.2232,78628.47
2026-08-26 17:25:00,1.2232,1.2306,1.2229,1.2305,8878.16
2026-08-26 17:30:00,1.2305,1.2333,1.2271,1.2278,64058.66
2026-08-26 17:35:00,1.2278,1.2282,1.2258,1.2262,113353.8
2026-08-26 17:40:00,1.2262,1.2306,1.2256,1.2294,213146.61
2026-08-26 17:45:00,1.2294,1.23,1.2249,1.226,143895.6
2026-08-26 17:50:00,1.226,1.2267,1.2234,1.2253,131371.55
2026-08-26 17:55:00,1.2253,1.2284,1.2241,1.2266,75948.37
2026-08-26 18:00:00,1.2266,1.2267,1.2224,1.2241,59627.69
2026-08-26 18:05:00,1.2241,1.226,1.2158,1.2203,21157.81
2026-08-26 18:10:00,1.2203,1.2266,1.2193,1.2244,72969.66
2026-08-26 18:15:00,1.2244,1.2292,1.2243,1.2289,16782.25
2026-08-26 18:20:00,1.2289,1.2347,1.2259,1.2324,40456.97
2026-08-26 18:25:00,1.2324,1.2392,1.2323,1.2381,72563.65
2026-08-26 18:30:00,1.2381,1.2406,1.2336,1.2347,44842.61
2026-08-26 18:35:00,1.2347,1.2348,1.2279,1.2283,29249.82
2026-08-26 18:40:00,1.2283,1.2301,1.2253,1.2269,36178.41
2026-08-26 18:45:00,1.2269,1.2278,1.2211,1.2234,28225.95
2026-08-26 18:50:00,1.2234,1.2305,1.2233,1.2304,4218.13
2026-08-26 18:55:00,1.2304,1.2345,1.23,1.231,66668.11
2026-08-26 19:00:00,1.231,1.234,1.2299,1.2326,23343.65
2026-08-26 19:05:00,1.2326,1.2336,1.2227,1.2236,27219.67
2026-08-26 19:10:00,1.2236,1.2249,1.2187,1.2214,29002.01
2026-08-26 19:15:00,1.2214,1.2291,1.2205,1.2252,93947.3
2026-08-26 19:20:00,1.2252,1.226,1.2227,1.223,65984.85
2026-08-26 19:25:00,1.223,1.2255,1.2211,1.2247,23550.47
2026-08-26 19:30:00,1.2247,1.2293,1.222,1.2289,82475.49
2026-08-26 19:35:00,1.2289,1.2299,1.2277,1.2296,68807.17
2026-08-26 19:40:00,1.2296,1.2343,1.226,1.2339,25215.62
2026-08-26 19:45:00,1.2339,1.238,1.2333,1.2376,63498.06
2026-08-26 19:50:00,1.2376,1.2401,1.2344,1.2356,101552.49
2026-08-26 19:55:00,1.2356,1.2377,1.2319,1.2329,305383.98
2026-08-26 20:00:00,1.2329,1.2334,1.2288,1.23,93463.83
2026-08-26 20:05:00,1.23,1.2303,1.2261,1.2283,43533.23
2026-08-26 20:10:00,1.2283,1.2295,1.228,1.2282,41748.24
2026-08-26 20:15:00,1.2282,1.2316,1.2265,1.2287,8612.09
2026-08-26 20:20:00,1.2287,1.2378,1.2278,1.2346,171361.54
2026-08-26 20:25:00,1.2346,1.2347,1.2292,1.2339,45405.7
2026-08-26 20:30:00,1.2339,1.2387,1.2328,1.2372,13739.71
2026-08-26 20:35:00,1.2372,1.2422,1.2336,1.234,76039.15
2026-08-26 20:40:00,1.234,1.2403,1.2318,1.2398,188416.42
2026-08-26 20:45:00,1.2398,1.2437,1.2397,1.2432,15701.99
2026-08-26 20:50:00,1.2432,1.2458,1.2404,1.2405,11474.14
2026-08-26 20:55:00,1.2405,1.2459,1.237,1.238,86969.77
2026-08-26 21:00:00,1.238,1.2407,1.2362,1.2394,37524.95
2026-08-26 21:05:00,1.2394,1.243,1.235,1.236,349498.36
2026-08-26 21:10:00,1.236,1.2409,1.234,1.2396,16177.8
2026-08-26 21:15:00,1.2396,1.2436,1.2361,1.2365,24393.33
2026-08-26 21:20:00,1.2365,1.238,1.2307,1.2337,72279.65
2026-08-26 21:25:00,1.2337,1.2339,1.227,1.2285,96669.65
2026-08-26 21:30:00,1.2285,1.2311,1.2282,1.2289,15587.37
2026-08-26 21:35:00,1.2289,1.2346,1.2286,1.2342,51776.82
2026-08-26 21:40:00,1.2342,1.2349,1.2282,1.2319,21640.07
2026-08-26 21:45:00,1.2319,1.241,1.2306,1.2397,10032.58
2026-08-26 21:50:00,1.2397,1.24,1.2376,1.2383,15635.47
2026-08-26 21:55:00,1.2383,1.2421,1.2371,1.2419,45472.48
2026-08-26 22:00:00,1.2419,1.2422,1.241,1.2412,59835.48
2026-08-26 22:05:00,1.2412,1.2433,1.237,1.238,196049.97
2026-08-26 22:10:00,1.238,1.239,1.2342,1.2355,10426.2
2026-08-26 22:15:00,1.2355,1.2358,1.2297,1.2314,11825.01
2026-08-26 22:20:00,1.2314,1.2397,1.2297,1.2363,135516.82
2026-08-26 22:25:00,1.2363,1.2417,1.2342,1.2392,16576.95
2026-08-26 22:30:00,1.2392,1.242,1.2386,1.241,271.98
2026-08-26 22:35:00,1.241,1.2465,1.2373,1.2383,128241.75
2026-08-26 22:40:00,1.2383,1.2394,1.2322,1.2362,5737.83
2026-08-26 22:45:00,1.2362,1.2396,1.2329,1.2388,101412.06
2026-08-26 22:50:00,1.2388,1.2415,1.2343,1.2351,64743.81
2026-08-26 22:55:00,1.2351,1.2367,1.2334,1.236,55975.1
2026-08-26 23:00:00,1.236,1.2371,1.2349,1.2349,38787.86
2026-08-26 23:05:00,1.2349,1.2364,1.2328,1.2332,183851.48
2026-08-26 23:10:00,1.2332,1.2334,1.2302,1.2315,2762.69
2026-08-26 23:15:00,1.2315,1.2339,1.2256,1.2283,3460.46
2026-08-26 23:20:00,1.2283,1.2333,1.228,1.233,26726.68
2026-08-26 23:25:00,1.233,1.236,1.2292,1.2336,35157.7
2026-08-26 23:30:00,1.2336,1.2337,1.2294,1.2294,157446.41
2026-08-26 23:35:00,1.2294,1.232,1.2242,1.2315,158403.83
2026-08-26 23:40:00,1.2315,1.2384,1.2281,1.236,102070.38
2026-08-26 23:45:00,1.236,1.2409,1.234,1.2385,83231.72
2026-08-26 23:50:00,1.2385,1.2392,1.2383,1.2385,39821.38
2026-08-26 23:55:00,1.2385,1.2414,1.236,1.2376,130687.62
2026-08-27 00:00:00,1.2376,1.243,1.2373,1.2415,3834.65
2026-08-27 00:05:00,1.2415,1.2446,1.2374,1.2379,395960.42
2026-08-27 00:10:00,1.2379,1.2427,1.2346,1.2352,2226.3
2026-08-27 00:15:00,1.2352,1.2358,1.2338,1.2355,5350.87
2026-08-27 00:20:00,1.2355,1.2401,1.2338,1.2383,13989.49
2026-08-27 00:25:00,1.2383,1.2386,1.2366,1.2378,59765.02
2026-08-27 00:30:00,1.2378,1.2412,1.2376,1.2394,132739.43
2026-08-27 00:35:00,1.2394,1.2398,1.2377,1.2382,43787.89
2026-08-27 00:40:00,1.2382,1.2388,1.2354,1.2371,72947.09
2026-08-27 00:45:00,1.2371,1.2395,1.2283,1.2318,124549.91
2026-08-27 00:50:00,1.2318,1.2326,1.2273,1.2299,21066.1
2026-08-27 00:55:00,1.2299,1.2356,1.2268,1.2349,14097.58
2026-08-27 01:00:00,1.2349,1.2381,1.2344,1.2379,32987.37
2026-08-27 01:05:00,1.2379,1.2387,1.234,1.2347,31685.37
2026-08-27 01:10:00,1.2347,1.2389,1.2343,1.2368,207800.12
2026-08-27 01:15:00,1.2368,1.2382,1.2307,1.2321,28587.42
2026-08-27 01:20:00,1.2321,1.2367,1.2297,1.2345,50295.83
2026-08-27 01:25:00,1.2345,1.2382,1.2328,1.238,29207.79
2026-08-27 01:30:00,1.238,1.2388,1.2368,1.238,123173.54
2026-08-27 01:35:00,1.238,1.2427,1.2343,1.2416,9494.88
2026-08-27 01:40:00,1.2416,1.2449,1.2391,1.2399,378575.83
2026-08-27 01:45:00,1.2399,1.2441,1.238,1.2426,52431.61
2026-08-27 01:50:00,1.2426,1.2442,1.2354,1.2378,3906.79
2026-08-27 01:55:00,1.2378,1.2405,1.2351,1.2361,7901.92
2026-08-27 02:00:00,1.2361,1.2436,1.2361,1.2418,116073.27
2026-08-27 02:05:00,1.2418,1.2431,1.2358,1.2388,60725.52
2026-08-27 02:10:00,1.2388,1.241,1.2377,1.2396,24216.48
2026-08-27 02:15:00,1.2396,1.2462,1.2379,1.2446,17897.96
2026-08-27 02:20:00,1.2446,1.2471,1.2427,1.2463,20339.41
2026-08-27 02:25:00,1.2463,1.2483,1.2443,1.2457,39349.3
2026-08-27 02:30:00,1.2457,1.25,1.2453,1.2475,167190.06
2026-08-27 02:35:00,1.2475,1.2483,1.245,1.2466,96616.89
2026-08-27 02:40:00,1.2466,1.2509,1.2423,1.2429,58650.73
2026-08-27 02:45:00,1.2429,1.2452,1.2412,1.2416,145498.28
2026-08-27 02:50:00,1.2416,1.246,1.2372,1.2383,118251.38
2026-08-27 02:55:00,1.2383,1.2439,1.2382,1.2424,3769.82
2026-08-27 03:00:00,1.2424,1.2464,1.2411,1.2449,7547.95
2026-08-27 03:05:00,1.2449,1.2551,1.2445,1.2543,33665.16
2026-08-27 03:10:00,1.2543,1.2544,1.2484,1.2491,1018.11
2026-08-27 03:15:00,1.2491,1.2522,1.2457,1.2467,26288.22
2026-08-27 03:20:00,1.2467,1.2504,1.2433,1.2439,205694.06
2026-08-27 03:25:00,1.2439,1.2463,1.2423,1.2429,52687.09
2026-08-27 03:30:00,1.2429,1.2475,1.2393,1.2401,4782.16
2026-08-27 03:35:00,1.2401,1.2406,1.234,1.2353,8283.21
2026-08-27 03:40:00,1.2353,1.2371,1.2315,1.2325,212922.69
2026-08-27 03:45:00,1.2325,1.2354,1.2296,1.2352,317353.17
2026-08-27 03:50:00,1.2352,1.2388,1.2349,1.2365,23754.81
2026-08-27 03:55:00,1.2365,1.2424,1.2361,1.2405,106375.02
2026-08-27 04:00:00,1.2405,1.247,1.2401,1.2459,175467.62
2026-08-27 04:05:00,1.2459,1.2463,1.2399,1.2433,59996.39
2026-08-27 04:10:00,1.2433,1.2456,1.2404,1.242,5671.54
2026-08-27 04:15:00,1.242,1.2442,1.24,1.2429,1957.44
2026-08-27 04:20:00,1.2429,1.2435,1.2391,1.2412,213654.58
2026-08-27 04:25:00,1.2412,1.2465,1.2409,1.2454,104352.1
2026-08-27 04:30:00,1.2454,1.249,1.2449,1.2486,22616.81
2026-08-27 04:35:00,1.2486,1.2508,1.2462,1.2498,11424.24
2026-08-27 04:40:00,1.2498,1.2506,1.246,1.2468,28752.55
2026-08-27 04:45:00,1.2468,1.2521,1.2449,1.2508,41495.16
2026-08-27 04:50:00,1.2508,1.2519,1.2495,1.2497,22501.17
2026-08-27 04:55:00,1.2497,1.2531,1.2496,1.2527,32464.89
2026-08-27 05:00:00,1.2527,1.2537,1.2517,1.2533,34906.51
2026-08-27 05:05:00,1.2533,1.2575,1.2516,1.2521,162718.93
2026-08-27 05:10:00,1.2521,1.2521,1.2479,1.2484,21807.78
2026-08-27 05:15:00,1.2484,1.2494,1.2466,1.2492,56064.64
2026-08-27 05:20:00,1.2492,1.2494,1.2462,1.2463,21661.37
2026-08-27 05:25:00,1.2463,1.2492,1.2454,1.2468,54907.02
2026-08-27 05:30:00,1.2468,1.2501,1.246,1.2482,117779.62
2026-08-27 05:35:00,1.2482,1.2494,1.2467,1.2483,7957.43
2026-08-27 05:40:00,1.2483,1.2545,1.2464,1.2513,30857.78
2026-08-27 05:45:00,1.2513,1.2521,1.2491,1.251,38223.59
2026-08-27 05:50:00,1.251,1.2535,1.2456,1.2488,6667.34
2026-08-27 05:55:00,1.2488,1.2493,1.2468,1.2481,31153.56
2026-08-27 06:00:00,1.2481,1.2503,1.2457,1.2481,20201.94
2026-08-27 06:05:00,1.2481,1.251,1.2474,1.2476,91053.89
2026-08-27 06:10:00,1.2476,1.249,1.2471,1.2481,91631.28
2026-08-27 06:15:00,1.2481,1.249,1.2469,1.2485,14119.13
2026-08-27 06:20:00,1.2485,1.2497,1.2371,1.2396,217567.61
2026-08-27 06:25:00,1.2396,1.2434,1.239,1.2421,31902.7
2026-08-27 06:30:00,1.2421,1.2449,1.2347,1.2368,84987.72
2026-08-27 06:35:00,1.2368,1.238,1.2348,1.2358,4675.43
2026-08-27 06:40:00,1.2358,1.2408,1.234,1.2392,98927.81
2026-08-27 06:45:00,1.2392,1.2402,1.2371,1.2394,7241.32
2026-08-27 06:50:00,1.2394,1.2432,1.2371,1.2385,374475.99
2026-08-27 06:55:00,1.2385,1.2421,1.2344,1.2349,5059.26
2026-08-27 07:00:00,1.2349,1.2373,1.2345,1.2368,69546.11
2026-08-27 07:05:00,1.2368,1.2405,1.2362,1.239,1675.93
2026-08-27 07:10:00,1.239,1.2402,1.2385,1.2386,264885.54
2026-08-27 07:15:00,1.2386,1.2443,1.237,1.2429,59609.9
2026-08-27 07:20:00,1.2429,1.2449,1.2393,1.2396,27109.88
2026-08-27 07:25:00,1.2396,1.2446,1.2386,1.2416,132779.74
2026-08-27 07:30:00,1.2416,1.2458,1.241,1.2439,47508.74
2026-08-27 07:35:00,1.2439,1.2525,1.2391,1.2501,9760.76
2026-08-27 07:40:00,1.2501,1.2541,1.2493,1.251,28525.33
2026-08-27 07:45:00,1.251,1.2531,1.2493,1.2518,12338.04
2026-08-27 07:50:00,1.2518,1.2564,1.2487,1.2496,477757.92
2026-08-27 07:55:00,1.2496,1.2507,1.244,1.2445,21439.45
2026-08-27 08:00:00,1.2445,1.2446,1.2395,1.24,31136.77
2026-08-27 08:05:00,1.24,1.2437,1.2381,1.241,28877.33
2026-08-27 08:10:00,1.241,1.2475,1.2408,1.2461,185991.85
2026-08-27 08:15:00,1.2461,1.2468,1.2408,1.242,47361.46
2026-08-27 08:20:00,1.242,1.2473,1.2418,1.2437,63.41
2026-08-27 08:25:00,1.2437,1.2497,1.2425,1.2463,22481.97
2026-08-27 08:30:00,1.2463,1.2475,1.2438,1.2453,37437.1
2026-08-27 08:35:00,1.2453,1.2464,1.2405,1.2417,124786.15
2026-08-27 08:40:00,1.2417,1.2419,1.2361,1.2372,157719.63
2026-08-27 08:45:00,1.2372,1.2417,1.2369,1.2415,45301.26
2026-08-27 08:50:00,1.2415,1.2421,1.24,1.2416,3697.56
2026-08-27 08:55:00,1.2416,1.242,1.2397,1.2413,25740.46
2026-08-27 09:00:00,1.2413,1.2455,1.2395,1.2433,206397.69
2026-08-27 09:05:00,1.2433,1.247,1.2416,1.246,75457.6
2026-08-27 09:10:00,1.246,1.2514,1.2401,1.2501,11370.83
2026-08-27 09:15:00,1.2501,1.2537,1.2492,1.2509,65050.56
2026-08-27 09:20:00,1.2509,1.2596,1.2504,1.2557,143255.07
2026-08-27 09:25:00,1.2557,1.2564,1.2517,1.2541,54234.69
2026-08-27 09:30:00,1.2541,1.2564,1.2534,1.2547,75670.56
2026-08-27 09:35:00,1.2547,1.2582,1.2508,1.2525,42800.07
2026-08-27 09:40:00,1.2525,1.255,1.251,1.251,12188.02
2026-08-27 09:45:00,1.251,1.2532,1.2502,1.2519,38841.44
2026-08-27 09:50:00,1.2519,1.2537,1.2441,1.2462,148611.41
2026-08-27 09:55:00,1.2462,1.2463,1.2438,1.244,207748.67
2026-08-27 10:00:00,1.244,1.2453,1.2417,1.2423,35440.73
2026-08-27 10:05:00,1.2423,1.2473,1.2409,1.2458,98466.77
2026-08-27 10:10:00,1.2458,1.2475,1.2411,1.2438,23747.23
2026-08-27 10:15:00,1.2438,1.2474,1.242,1.2423,16103.63
2026-08-27 10:20:00,1.2423,1.2466,1.239,1.2415,25892.08
2026-08-27 10:25:00,1.2415,1.2468,1.2409,1.2454,21338.51
2026-08-27 10:30:00,1.2454,1.2484,1.2441,1.2483,28255.77
2026-08-27 10:35:00,1.2483,1.2509,1.2481,1.2497,43802.14
2026-08-27 10:40:00,1.2497,1.2521,1.2485,1.2506,39751.52
2026-08-27 10:45:00,1.2506,1.2512,1.2467,1.2472,27993.32
2026-08-27 10:50:00,1.2472,1.2483,1.2417,1.2444,37286.45
2026-08-27 10:55:00,1.2444,1.245,1.2418,1.2421,18679.6
2026-08-27 11:00:00,1.2421,1.2445,1.2415,1.2435,63053.12
2026-08-27 11:05:00,1.2435,1.2472,1.2435,1.2454,37047.8
2026-08-27 11:10:00,1.2454,1.2463,1.2381,1.2435,42007.45
2026-08-27 11:15:00,1.2435,1.2443,1.235,1.2381,33194.79
2026-08-27 11:20:00,1.2381,1.2396,1.2322,1.2328,36580.77
2026-08-27 11:25:00,1.2328,1.2331,1.2283,1.2317,84895.51
2026-08-27 11:30:00,1.2317,1.2352,1.2297,1.2345,399820.6
2026-08-27 11:35:00,1.2345,1.2369,1.2275,1.2303,69203.55
2026-08-27 11:40:00,1.2303,1.2325,1.2273,1.2313,179891.21
2026-08-27 11:45:00,1.2313,1.2357,1.2276,1.2347,18598.69
2026-08-27 11:50:00,1.2347,1.2387,1.234,1.2355,51747.78
2026-08-27 11:55:00,1.2355,1.2388,1.2346,1.2382,85983.89
2026-08-27 12:00:00,1.2382,1.2433,1.2375,1.2417,47643.04
2026-08-27 12:05:00,1.2417,1.2448,1.2413,1.2421,33408.79
2026-08-27 12:10:00,1.2421,1.2447,1.2421,1.2442,40032.19
2026-08-27 12:15:00,1.2442,1.2446,1.2437,1.2443,70486.18
2026-08-27 12:20:00,1.2443,1.2458,1.2427,1.2438,97117.43
2026-08-27 12:25:00,1.2438,1.2471,1.2432,1.2464,45340.89
2026-08-27 12:30:00,1.2464,1.2468,1.2456,1.2457,1531.01
2026-08-27 12:35:00,1.2457,1.248,1.245,1.2458,53107.72
2026-08-27 12:40:00,1.2458,1.2475,1.2434,1.2438,31553.62
2026-08-27 12:45:00,1.2438,1.2497,1.2428,1.2493,121128.69
2026-08-27 12:50:00,1.2493,1.2534,1.2489,1.2505,2364.4
2026-08-27 12:55:00,1.2505,1.2585,1.2496,1.2573,56738.85
2026-08-27 13:00:00,1.2573,1.2591,1.2554,1.2563,90297.64
2026-08-27 13:05:00,1.2563,1.26,1.2531,1.2538,158200.32
2026-08-27 13:10:00,1.2538,1.2587,1.2534,1.2583,22793.98
2026-08-27 13:15:00,1.2583,1.2606,1.2569,1.2593,15747.57
2026-08-27 13:20:00,1.2593,1.2606,1.2545,1.2565,62206.23
2026-08-27 13:25:00,1.2565,1.2592,1.2552,1.2581,29343.46
2026-08-27 13:30:00,1.2581,1.261,1.2575,1.2602,116042.71
2026-08-27 13:35:00,1.2602,1.2609,1.2577,1.2582,11689.67
2026-08-27 13:40:00,1.2582,1.2585,1.2459,1.2523,128645.61
2026-08-27 13:45:00,1.2523,1.2536,1.2502,1.2517,128903.92
2026-08-27 13:50:00,1.2517,1.2521,1.247,1.2471,66288.98
2026-08-27 13:55:00,1.2471,1.2558,1.2437,1.2524,123879.65
2026-08-27 14:00:00,1.2524,1.2585,1.2506,1.2557,24051.67
2026-08-27 14:05:00,1.2557,1.2609,1.2521,1.2527,159780.18
2026-08-27 14:10:00,1.2527,1.2537,1.2501,1.2515,20103.86
2026-08-27 14:15:00,1.2515,1.2516,1.2458,1.247,5403.18
2026-08-27 14:20:00,1.247,1.2572,1.2434,1.2541,57576.99
2026-08-27 14:25:00,1.2541,1.2564,1.2496,1.2504,1277695.3
2026-08-27 14:30:00,1.2504,1.2543,1.2478,1.2523,7875.75
2026-08-27 14:35:00,1.2523,1.2531,1.2512,1.2517,62364.07
2026-08-27 14:40:00,1.2517,1.2558,1.2492,1.253,7364.09
2026-08-27 14:45:00,1.253,1.2553,1.2527,1.2545,3192.53
2026-08-27 14:50:00,1.2545,1.2591,1.2519,1.2528,107726.34
2026-08-27 14:55:00,1.2528,1.2549,1.2519,1.254,89608.91
2026-08-27 15:00:00,1.254,1.2573,1.2519,1.2542,8329.14
2026-08-27 15:05:00,1.2542,1.264,1.2541,1.2595,252443.7
2026-08-27 15:10:00,1.2595,1.2597,1.2583,1.259,67854.55
2026-08-27 15:15:00,1.259,1.2592,1.257,1.2583,136528.62
2026-08-27 15:20:00,1.2583,1.2588,1.2561,1.2584,577.92
2026-08-27 15:25:00,1.2584,1.2591,1.2521,1.2555,41410.45
2026-08-27 15:30:00,1.2555,1.258,1.2551,1.2567,25834.58
2026-08-27 15:35:00,1.2567,1.257,1.2516,1.2531,6870.65
2026-08-27 15:40:00,1.2531,1.2569,1.2472,1.2491,203.21
2026-08-27 15:45:00,1.2491,1.2517,1.249,1.2502,13775.66
2026-08-27 15:50:00,1.2502,1.2522,1.2475,1.2483,50550.98
2026-08-27 15:55:00,1.2483,1.2489,1.2453,1.2475,10336.09
2026-08-27 16:00:00,1.2475,1.2476,1.2412,1.2433,1148.42
2026-08-27 16:05:00,1.2433,1.2442,1.2414,1.2437,46015.29
2026-08-27 16:10:00,1.2437,1.246,1.2398,1.2444,21516.53
2026-08-27 16:15:00,1.2444,1.2449,1.2372,1.2402,26605.58
2026-08-27 16:20:00,1.2402,1.2429,1.238,1.2388,54866.66
2026-08-27 16:25:00,1.2388,1.2429,1.2364,1.2425,23996.66
2026-08-27 16:30:00,1.2425,1.2425,1.2365,1.24,21970.63
2026-08-27 16:35:00,1.24,1.2414,1.2347,1.2369,22892.54
2026-08-27 16:40:00,1.2369,1.2397,1.2365,1.2391,8469.8
2026-08-27 16:45:00,1.2391,1.2457,1.2324,1.2437,37355.33
2026-08-27 16:50:00,1.2437,1.2441,1.2422,1.2432,134114.37
2026-08-27 16:55:00,1.2432,1.2433,1.2404,1.2411,20617.72
2026-08-27 17:00:00,1.2411,1.2424,1.2392,1.2412,51808.4
2026-08-27 17:05:00,1.2412,1.2445,1.2391,1.2422,11649.05
2026-08-27 17:10:00,1.2422,1.2457,1.2413,1.2454,90394.76
2026-08-27 17:15:00,1.2454,1.2455,1.2444,1.2452,57443.43
2026-08-27 17:20:00,1.2452,1.2462,1.2401,1.2424,33393.96
2026-08-27 17:25:00,1.2424,1.2424,1.2396,1.2415,32599.78
2026-08-27 17:30:00,1.2415,1.2417,1.2392,1.2409,11348.04
2026-08-27 17:35:00,1.2409,1.2434,1.239,1.2394,22884.83
2026-08-27 17:40:00,1.2394,1.2411,1.2389,1.2394,16084.63
2026-08-27 17:45:00,1.2394,1.2417,1.2387,1.2395,29092.33
2026-08-27 17:50:00,1.2395,1.2429,1.2391,1.2403,42768.11
2026-08-27 17:55:00,1.2403,1.2419,1.2342,1.2357,47408.13
2026-08-27 18:00:00,1.2357,1.2381,1.2337,1.237,27877.05
2026-08-27 18:05:00,1.237,1.2429,1.2333,1.2411,3114.31
2026-08-27 18:10:00,1.2411,1.2446,1.2389,1.2442,20790.57
2026-08-27 18:15:00,1.2442,1.2457,1.2403,1.2424,31072.1
2026-08-27 18:20:00,1.2424,1.2431,1.2423,1.2424,1822.09
2026-08-27 18:25:00,1.2424,1.2452,1.2383,1.2399,3668.15
2026-08-27 18:30:00,1.2399,1.2426,1.2364,1.2368,89935.04
2026-08-27 18:35:00,1.2368,1.2379,1.2361,1.2368,40869.77
2026-08-27 18:40:00,1.2368,1.2376,1.235,1.236,953.01
2026-08-27 18:45:00,1.236,1.2402,1.2352,1.2393,91143.48
2026-08-27 18:50:00,1.2393,1.2434,1.2371,1.2417,42274.5
2026-08-27 18:55:00,1.2417,1.2442,1.2388,1.2441,24322.8
2026-08-27 19:00:00,1.2441,1.2443,1.2411,1.2423,15672.34
2026-08-27 19:05:00,1.2423,1.2433,1.242,1.2422,126042.8
2026-08-27 19:10:00,1.2422,1.2505,1.2412,1.2494,6678.6
2026-08-27 19:15:00,1.2494,1.2542,1.247,1.2534,15955.71
2026-08-27 19:20:00,1.2534,1.2544,1.2527,1.2529,4958.54
2026-08-27 19:25:00,1.2529,1.2558,1.2524,1.2552,3294.15
2026-08-27 19:30:00,1.2552,1.259,1.2538,1.2567,38513.54
2026-08-27 19:35:00,1.2567,1.26,1.2544,1.2552,117469.44
2026-08-27 19:40:00,1.2552,1.2575,1.2512,1.2519,108137.07
2026-08-27 19:45:00,1.2519,1.2527,1.2489,1.2527,10694.62
2026-08-27 19:50:00,1.2527,1.2533,1.2499,1.2527,61531.72
2026-08-27 19:55:00,1.2527,1.2592,1.2519,1.2575,78918.74
2026-08-27 20:00:00,1.2575,1.2579,1.2517,1.2539,91079.62
2026-08-27 20:05:00,1.2539,1.2552,1.2509,1.2526,5331.54
2026-08-27 20:10:00,1.2526,1.254,1.2518,1.2529,32511.41
2026-08-27 20:15:00,1.2529,1.2542,1.2497,1.2535,16516.8
2026-08-27 20:20:00,1.2535,1.2573,1.2513,1.2545,34716.94
2026-08-27 20:25:00,1.2545,1.2554,1.2515,1.2533,49620.79
2026-08-27 20:30:00,1.2533,1.2535,1.2448,1.2461,19460.88
2026-08-27 20:35:00,1.2461,1.2553,1.2459,1.2512,106640.6
2026-08-27 20:40:00,1.2512,1.2554,1.2503,1.254,106025.65
2026-08-27 20:45:00,1.254,1.2599,1.2534,1.2571,21991.22
2026-08-27 20:50:00,1.2571,1.2593,1.2565,1.2587,668.97
2026-08-27 20:55:00,1.2587,1.2629,1.255,1.2625,198286.19
2026-08-27 21:00:00,1.2625,1.2627,1.2577,1.2583,72625.66
2026-08-27 21:05:00,1.2583,1.2586,1.2528,1.2546,52440.57
2026-08-27 21:10:00,1.2546,1.2566,1.2532,1.2563,28489.54
2026-08-27 21:15:00,1.2563,1.258,1.2509,1.2539,9948.3
2026-08-27 21:20:00,1.2539,1.2563,1.2513,1.2539,8017.18
2026-08-27 21:25:00,1.2539,1.2543,1.247,1.249,1192.17
2026-08-27 21:30:00,1.249,1.2544,1.2459,1.2538,64716.51
2026-08-27 21:35:00,1.2538,1.2554,1.2532,1.2549,41585.61
2026-08-27 21:40:00,1.2549,1.2587,1.2519,1.2524,66733.15
2026-08-27 21:45:00,1.2524,1.2526,1.2467,1.2507,23633.16
2026-08-27 21:50:00,1.2507,1.2529,1.2497,1.2513,20160.05
2026-08-27 21:55:00,1.2513,1.2527,1.247,1.251,172355.03
2026-08-27 22:00:00,1.251,1.253,1.2451,1.2482,124861.46
2026-08-27 22:05:00,1.2482,1.2485,1.2435,1.245,229345.19
2026-08-27 22:10:00,1.245,1.2482,1.242,1.2463,37134.01
2026-08-27 22:15:00,1.2463,1.2482,1.2397,1.2423,12821.93
2026-08-27 22:20:00,1.2423,1.2486,1.2367,1.2469,81417.35
2026-08-27 22:25:00,1.2469,1.248,1.2416,1.2443,11019.6
2026-08-27 22:30:00,1.2443,1.2519,1.2432,1.2465,101318.71
2026-08-27 22:35:00,1.2465,1.2504,1.2442,1.2487,86032.88
2026-08-27 22:40:00,1.2487,1.2497,1.2454,1.2495,19791.12
2026-08-27 22:45:00,1.2495,1.2506,1.2409,1.2416,34693.36
2026-08-27 22:50:00,1.2416,1.2436,1.2396,1.2436,69513.75
2026-08-27 22:55:00,1.2436,1.2446,1.2372,1.2394,5103.22
2026-08-27 23:00:00,1.2394,1.2436,1.2387,1.242,6221.95
2026-08-27 23:05:00,1.242,1.2434,1.2396,1.2415,8871.0
2026-08-27 23:10:00,1.2415,1.2429,1.2355,1.237,342.98
2026-08-27 23:15:00,1.237,1.2387,1.2336,1.2383,8868.68
2026-08-27 23:20:00,1.2383,1.2385,1.2344,1.2372,60832.57
2026-08-27 23:25:00,1.2372,1.2414,1.2321,1.2402,110152.0
2026-08-27 23:30:00,1.2402,1.2406,1.238,1.2388,10991.03
2026-08-27 23:35:00,1.2388,1.239,1.2351,1.2364,38761.54
2026-08-27 23:40:00,1.2364,1.2377,1.2337,1.2368,5456.99
2026-08-27 23:45:00,1.2368,1.2389,1.2332,1.2385,52010.22
2026-08-27 23:50:00,1.2385,1.2395,1.2362,1.2367,160094.99
2026-08-27 23:55:00,1.2367,1.2403,1.2342,1.2395,84510.34
2026-08-28 00:00:00,1.2395,1.2402,1.2351,1.2399,113470.04
2026-08-28 00:05:00,1.2399,1.2522,1.2388,1.2493,39316.78
2026-08-28 00:10:00,1.2493,1.251,1.2451,1.2468,95696.37
2026-08-28 00:15:00,1.2468,1.2535,1.2463,1.2529,77093.6
2026-08-28 00:20:00,1.2529,1.254,1.247,1.2493,33594.87
2026-08-28 00:25:00,1.2493,1.2505,1.2447,1.2456,34290.49
2026-08-28 00:30:00,1.2456,1.2469,1.2393,1.2395,44229.62
2026-08-28 00:35:00,1.2395,1.2402,1.2354,1.2387,21456.82
2026-08-28 00:40:00,1.2387,1.2403,1.2379,1.2385,64031.73
2026-08-28 00:45:00,1.2385,1.2388,1.2314,1.2352,16347.33
2026-08-28 00:50:00,1.2352,1.242,1.2347,1.2406,955.57
2026-08-28 00:55:00,1.2406,1.2428,1.2404,1.2408,3971.2
2026-08-28 01:00:00,1.2408,1.2424,1.2387,1.2417,68374.76
2026-08-28 01:05:00,1.2417,1.2456,1.2399,1.2406,10336.46
2026-08-28 01:10:00,1.2406,1.2423,1.237,1.2402,25742.7
2026-08-28 01:15:00,1.2402,1.2433,1.2384,1.2414,18407.49
2026-08-28 01:20:00,1.2414,1.2436,1.2384,1.2418,55649.61
2026-08-28 01:25:00,1.2418,1.2456,1.2413,1.2451,49965.49
2026-08-28 01:30:00,1.2451,1.2459,1.2424,1.2443,28465.41
2026-08-28 01:35:00,1.2443,1.2444,1.2413,1.2417,332.55
2026-08-28 01:40:00,1.2417,1.2451,1.2416,1.2428,41942.38
2026-08-28 01:45:00,1.2428,1.2472,1.2413,1.2455,41207.88
2026-08-28 01:50:00,1.2455,1.2517,1.2432,1.249,105226.39
2026-08-28 01:55:00,1.249,1.2509,1.2425,1.2429,64175.51
2026-08-28 02:00:00,1.2429,1.2474,1.2391,1.2467,69722.71
2026-08-28 02:05:00,1.2467,1.2499,1.2435,1.2452,41263.88
2026-08-28 02:10:00,1.2452,1.2472,1.2426,1.2468,18989.18
2026-08-28 02:15:00,1.2468,1.2469,1.2424,1.2443,14637.95
2026-08-28 02:20:00,1.2443,1.2467,1.2441,1.2454,25335.01
2026-08-28 02:25:00,1.2454,1.2517,1.2431,1.2507,56323.94
2026-08-28 02:30:00,1.2507,1.2604,1.25,1.2565,107941.04
2026-08-28 02:35:00,1.2565,1.2598,1.255,1.2577,16438.09
2026-08-28 02:40:00,1.2577,1.2609,1.2562,1.259,194611.33
2026-08-28 02:45:00,1.259,1.2618,1.2578,1.2606,20127.69
2026-08-28 02:50:00,1.2606,1.264,1.2587,1.2596,523241.43
2026-08-28 02:55:00,1.2596,1.269,1.2586,1.2653,18902.12
2026-08-28 03:00:00,1.2653,1.269,1.264,1.2687,11047.22
2026-08-28 03:05:00,1.2687,1.2723,1.2643,1.2651,33355.48
2026-08-28 03:10:00,1.2651,1.267,1.2631,1.2648,12245.63
2026-08-28 03:15:00,1.2648,1.267,1.2623,1.263,507857.44
2026-08-28 03:20:00,1.263,1.2644,1.2548,1.2625,23393.39
2026-08-28 03:25:00,1.2625,1.2652,1.2562,1.2585,68026.95
2026-08-28 03:30:00,1.2585,1.2607,1.2523,1.254,50550.22
2026-08-28 03:35:00,1.254,1.2604,1.2537,1.2556,17286.69
2026-08-28 03:40:00,1.2556,1.2605,1.2533,1.2571,29942.3
2026-08-28 03:45:00,1.2571,1.2621,1.2563,1.2602,63725.47
2026-08-28 03:50:00,1.2602,1.266,1.2595,1.2622,20287.56
2026-08-28 03:55:00,1.2622,1.2625,1.2545,1.2579,4579.25
2026-08-28 04:00:00,1.2579,1.2583,1.2545,1.2565,93199.6
2026-08-28 04:05:00,1.2565,1.2593,1.2523,1.253,21719.16
2026-08-28 04:10:00,1.253,1.2535,1.2511,1.2512,22407.49
2026-08-28 04:15:00,1.2512,1.2555,1.251,1.255,36858.09
2026-08-28 04:20:00,1.255,1.2554,1.2507,1.2542,75020.28
2026-08-28 04:25:00,1.2542,1.2555,1.2519,1.2529,6069.41
2026-08-28 04:30:00,1.2529,1.2549,1.2516,1.2523,46806.63
2026-08-28 04:35:00,1.2523,1.2605,1.2515,1.2573,94391.92
2026-08-28 04:40:00,1.2573,1.2632,1.2571,1.2615,15844.95
2026-08-28 04:45:00,1.2615,1.2632,1.259,1.2591,158053.66
2026-08-28 04:50:00,1.2591,1.2596,1.2567,1.2586,21333.44
2026-08-28 04:55:00,1.2586,1.2609,1.2571,1.2599,4261.82
2026-08-28 05:00:00,1.2599,1.2633,1.2593,1.2614,29306.54
2026-08-28 05:05:00,1.2614,1.2651,1.2592,1.2634,72263.34
2026-08-28 05:10:00,1.2634,1.2652,1.2624,1.2643,14263.85
2026-08-28 05:15:00,1.2643,1.2654,1.2614,1.2615,28715.62
2026-08-28 05:20:00,1.2615,1.2616,1.2596,1.2612,25791.78
2026-08-28 05:25:00,1.2612,1.2692,1.2598,1.268,598.0
2026-08-28 05:30:00,1.268,1.2696,1.2624,1.2635,38945.1
2026-08-28 05:35:00,1.2635,1.2642,1.2614,1.2619,50862.16
2026-08-28 05:40:00,1.2619,1.2643,1.258,1.2595,3907.45
2026-08-28 05:45:00,1.2595,1.2684,1.2575,1.266,4925.52
2026-08-28 05:50:00,1.266,1.2663,1.2579,1.2595,16824.97
2026-08-28 05:55:00,1.2595,1.2613,1.2537,1.2552,6294.25
2026-08-28 06:00:00,1.2552,1.2568,1.2535,1.2568,12561.13
2026-08-28 06:05:00,1.2568,1.2579,1.256,1.2573,40070.78
2026-08-28 06:10:00,1.2573,1.2573,1.2472,1.2502,129749.19
2026-08-28 06:15:00,1.2502,1.2507,1.2462,1.2477,38226.65
2026-08-28 06:20:00,1.2477,1.2483,1.2461,1.2475,105916.67
2026-08-28 06:25:00,1.2475,1.248,1.2436,1.2455,25046.28
2026-08-28 06:30:00,1.2455,1.2484,1.2437,1.2482,14409.29
2026-08-28 06:35:00,1.2482,1.2486,1.2436,1.2477,23129.52
2026-08-28 06:40:00,1.2477,1.2487,1.2442,1.2451,28840.81
2026-08-28 06:45:00,1.2451,1.2482,1.2436,1.2468,26854.95
2026-08-28 06:50:00,1.2468,1.2501,1.2452,1.2453,4428.91
2026-08-28 06:55:00,1.2453,1.2457,1.242,1.2421,25573.41
2026-08-28 07:00:00,1.2421,1.2478,1.2411,1.2452,3249.41
2026-08-28 07:05:00,1.2452,1.2459,1.2425,1.2435,20075.11
2026-08-28 07:10:00,1.2435,1.2466,1.2401,1.2442,15168.06
2026-08-28 07:15:00,1.2442,1.2452,1.2431,1.2436,72005.83
2026-08-28 07:20:00,1.2436,1.2484,1.2393,1.2471,55748.01
2026-08-28 07:25:00,1.2471,1.2486,1.2428,1.2438,9858.01
2026-08-28 07:30:00,1.2438,1.2453,1.2434,1.2438,24445.4
2026-08-28 07:35:00,1.2438,1.2503,1.2436,1.2472,71008.85
2026-08-28 07:40:00,1.2472,1.2498,1.2425,1.2444,133139.42
2026-08-28 07:45:00,1.2444,1.2487,1.2427,1.2451,101560.52
2026-08-28 07:50:00,1.2451,1.2469,1.2447,1.2458,60558.05
2026-08-28 07:55:00,1.2458,1.2491,1.2451,1.2484,55895.43
2026-08-28 08:00:00,1.2484,1.2537,1.2483,1.2523,118844.58
2026-08-28 08:05:00,1.2523,1.2594,1.2492,1.256,10834.85
2026-08-28 08:10:00,1.256,1.2589,1.2503,1.2536,514.96
2026-08-28 08:15:00,1.2536,1.2572,1.252,1.2543,127398.43
2026-08-28 08:20:00,1.2543,1.2628,1.254,1.2595,37662.48
2026-08-28 08:25:00,1.2595,1.2654,1.2564,1.2634,31438.18
2026-08-28 08:30:00,1.2634,1.2716,1.2598,1.2703,134654.54
2026-08-28 08:35:00,1.2703,1.2743,1.2658,1.2667,137559.9
2026-08-28 08:40:00,1.2667,1.2674,1.2663,1.2664,44591.54
2026-08-28 08:45:00,1.2664,1.2717,1.2651,1.269,40653.71
2026-08-28 08:50:00,1.269,1.2723,1.2661,1.2663,25234.9
2026-08-28 08:55:00,1.2663,1.2682,1.2627,1.264,66166.88
2026-08-28 09:00:00,1.264,1.2676,1.2599,1.2671,27467.9
2026-08-28 09:05:00,1.2671,1.2688,1.2648,1.2682,6143.4
2026-08-28 09:10:00,1.2682,1.2725,1.2647,1.2699,102538.69
2026-08-28 09:15:00,1.2699,1.2732,1.264,1.2642,27852.69
2026-08-28 09:20:00,1.2642,1.2672,1.2626,1.2643,224886.09
2026-08-28 09:25:00,1.2643,1.2664,1.2626,1.2649,36685.06
2026-08-28 09:30:00,1.2649,1.2701,1.2636,1.2664,75827.64
2026-08-28 09:35:00,1.2664,1.2707,1.2635,1.2706,65653.92
2026-08-28 09:40:00,1.2706,1.2708,1.2689,1.2703,11928.55
2026-08-28 09:45:00,1.2703,1.2717,1.2702,1.2716,57837.96
2026-08-28 09:50:00,1.2716,1.2753,1.2702,1.2711,97086.7
2026-08-28 09:55:00,1.2711,1.2721,1.2678,1.2681,30912.31
2026-08-28 10:00:00,1.2681,1.2701,1.2665,1.2682,17153.93
2026-08-28 10:05:00,1.2682,1.2716,1.2648,1.2652,309935.81
2026-08-28 10:10:00,1.2652,1.2677,1.2628,1.2676,62260.26
2026-08-28 10:15:00,1.2676,1.2751,1.2675,1.273,370.45
2026-08-28 10:20:00,1.273,1.2742,1.269,1.269,152020.66
2026-08-28 10:25:00,1.269,1.2699,1.2676,1.2685,4913.88
2026-08-28 10:30:00,1.2685,1.2716,1.2637,1.267,29819.7
2026-08-28 10:35:00,1.267,1.2725,1.2655,1.2701,43004.0
2026-08-28 10:40:00,1.2701,1.2726,1.2637,1.2643,31923.53
2026-08-28 10:45:00,1.2643,1.2695,1.2641,1.2667,8500.86
2026-08-28 10:50:00,1.2667,1.271,1.2618,1.2641,9717.51
2026-08-28 10:55:00,1.2641,1.2658,1.2608,1.2611,16606.56
2026-08-28 11:00:00,1.2611,1.2617,1.2568,1.2575,76202.04
2026-08-28 11:05:00,1.2575,1.2576,1.2495,1.2511,220697.19
2026-08-28 11:10:00,1.2511,1.2524,1.2445,1.2473,501.22
2026-08-28 11:15:00,1.2473,1.2483,1.2443,1.2456,3796.34
2026-08-28 11:20:00,1.2456,1.2458,1.2441,1.245,2544.69
2026-08-28 11:25:00,1.245,1.249,1.2444,1.2462,10261.6
2026-08-28 11:30:00,1.2462,1.2486,1.2407,1.2434,45468.36
2026-08-28 11:35:00,1.2434,1.2458,1.2401,1.2453,3106.72
2026-08-28 11:40:00,1.2453,1.2502,1.2437,1.248,8840.97
2026-08-28 11:45:00,1.248,1.251,1.2463,1.2477,75152.68
2026-08-28 11:50:00,1.2477,1.2485,1.2429,1.2468,27075.96
2026-08-28 11:55:00,1.2468,1.2484,1.2415,1.2432,57432.16
2026-08-28 12:00:00,1.2432,1.2452,1.239,1.2444,286560.12
2026-08-28 12:05:00,1.2444,1.2552,1.2406,1.2519,5894.52
2026-08-28 12:10:00,1.2519,1.2558,1.2495,1.2542,39562.2
2026-08-28 12:15:00,1.2542,1.2544,1.2487,1.2526,1463.26
2026-08-28 12:20:00,1.2526,1.257,1.2516,1.2567,15332.28
2026-08-28 12:25:00,1.2567,1.2619,1.2538,1.2543,50022.46
2026-08-28 12:30:00,1.2543,1.2564,1.2464,1.2471,83508.41
2026-08-28 12:35:00,1.2471,1.2544,1.2463,1.2522,91224.93
2026-08-28 12:40:00,1.2522,1.2585,1.2514,1.2549,144337.59
2026-08-28 12:45:00,1.2549,1.2559,1.2494,1.2502,41898.58
2026-08-28 12:50:00,1.2502,1.2513,1.2393,1.2412,36228.94
2026-08-28 12:55:00,1.2412,1.2437,1.2388,1.2423,25083.38
2026-08-28 13:00:00,1.2423,1.2477,1.2407,1.2462,6028.62
2026-08-28 13:05:00,1.2462,1.2489,1.2436,1.2481,6098.25
2026-08-28 13:10:00,1.2481,1.2482,1.2415,1.2454,16815.68
2026-08-28 13:15:00,1.2454,1.2469,1.2438,1.2457,139600.58
2026-08-28 13:20:00,1.2457,1.2466,1.2415,1.2429,11877.19
2026-08-28 13:25:00,1.2429,1.2445,1.2381,1.2406,8928.72
2026-08-28 13:30:00,1.2406,1.2431,1.2318,1.2325,23566.74
2026-08-28 13:35:00,1.2325,1.234,1.2271,1.2336,89933.11
2026-08-28 13:40:00,1.2336,1.2374,1.2288,1.2366,60716.27
2026-08-28 13:45:00,1.2366,1.2395,1.2353,1.2382,69675.37
2026-08-28 13:50:00,1.2382,1.2425,1.2351,1.2417,159767.28
2026-08-28 13:55:00,1.2417,1.2465,1.2395,1.245,17516.56
2026-08-28 14:00:00,1.245,1.2487,1.2398,1.2482,109954.41
2026-08-28 14:05:00,1.2482,1.2504,1.2465,1.2465,885.61
2026-08-28 14:10:00,1.2465,1.2545,1.2431,1.2543,166636.34
2026-08-28 14:15:00,1.2543,1.2552,1.2527,1.255,71764.45
2026-08-28 14:20:00,1.255,1.2551,1.2518,1.2533,16682.9
2026-08-28 14:25:00,1.2533,1.2544,1.2495,1.2503,28711.21
2026-08-28 14:30:00,1.2503,1.2535,1.2497,1.2513,58281.25
2026-08-28 14:35:00,1.2513,1.2557,1.249,1.2527,3099.44
2026-08-28 14:40:00,1.2527,1.2583,1.2486,1.2514,7743.55
2026-08-28 14:45:00,1.2514,1.2556,1.2484,1.2547,162076.5
2026-08-28 14:50:00,1.2547,1.2558,1.2517,1.2518,26413.07
2026-08-28 14:55:00,1.2518,1.253,1.2507,1.2512,12929.8
2026-08-28 15:00:00,1.2512,1.2563,1.2502,1.2528,66149.52
2026-08-28 15:05:00,1.2528,1.2531,1.2461,1.2489,57912.94
2026-08-28 15:10:00,1.2489,1.2587,1.246,1.2581,192281.34
2026-08-28 15:15:00,1.2581,1.2583,1.2572,1.2576,43078.07
2026-08-28 15:20:00,1.2576,1.2676,1.2563,1.2646,92626.82
2026-08-28 15:25:00,1.2646,1.266,1.2635,1.2646,11292.55
2026-08-28 15:30:00,1.2646,1.2661,1.2564,1.2576,19533.36
2026-08-28 15:35:00,1.2576,1.2598,1.2559,1.2571,6834.17
2026-08-28 15:40:00,1.2571,1.2634,1.2532,1.2624,48969.88
2026-08-28 15:45:00,1.2624,1.2678,1.2582,1.259,990699.99
2026-08-28 15:50:00,1.259,1.2676,1.2581,1.2669,54447.57
2026-08-28 15:55:00,1.2669,1.2733,1.2654,1.2725,80593.25
2026-08-28 16:00:00,1.2725,1.2746,1.2719,1.2731,100340.53
2026-08-28 16:05:00,1.2731,1.2765,1.2722,1.276,14816.26
2026-08-28 16:10:00,1.276,1.2766,1.2742,1.2745,190689.83
2026-08-28 16:15:00,1.2745,1.2786,1.2699,1.2709,114720.49
2026-08-28 16:20:00,1.2709,1.2729,1.2693,1.2697,110040.56
2026-08-28 16:25:00,1.2697,1.2716,1.2666,1.2682,123380.09
2026-08-28 16:30:00,1.2682,1.2706,1.2673,1.2676,99339.66
2026-08-28 16:35:00,1.2676,1.271,1.264,1.2649,78419.82
2026-08-28 16:40:00,1.2649,1.2701,1.263,1.2636,205220.94
2026-08-28 16:45:00,1.2636,1.2698,1.2602,1.2683,15201.4
2026-08-28 16:50:00,1.2683,1.2707,1.2621,1.2642,35265.38
2026-08-28 16:55:00,1.2642,1.2666,1.2597,1.2607,328695.87
2026-08-28 17:00:00,1.2607,1.265,1.2601,1.2636,4869.18
2026-08-28 17:05:00,1.2636,1.2681,1.2634,1.2644,40535.51
2026-08-28 17:10:00,1.2644,1.2701,1.262,1.2629,39936.75
2026-08-28 17:15:00,1.2629,1.2678,1.2592,1.2597,103223.59
2026-08-28 17:20:00,1.2597,1.2643,1.2578,1.2634,40400.98
2026-08-28 17:25:00,1.2634,1.2652,1.2623,1.263,54770.72
2026-08-28 17:30:00,1.263,1.2671,1.2586,1.2594,85753.0
2026-08-28 17:35:00,1.2594,1.2603,1.2538,1.2555,130112.43
2026-08-28 17:40:00,1.2555,1.2571,1.2536,1.2541,184785.43
2026-08-28 17:45:00,1.2541,1.2607,1.2536,1.2582,67432.44
2026-08-28 17:50:00,1.2582,1.2598,1.2546,1.2554,47042.39
2026-08-28 17:55:00,1.2554,1.257,1.2472,1.2528,8307.25
2026-08-28 18:00:00,1.2528,1.2529,1.2491,1.2499,79433.96
2026-08-28 18:05:00,1.2499,1.2521,1.2488,1.2508,3130.86
2026-08-28 18:10:00,1.2508,1.2579,1.2485,1.2576,43358.77
2026-08-28 18:15:00,1.2576,1.2597,1.2571,1.2584,30376.56
2026-08-28 18:20:00,1.2584,1.2597,1.2564,1.2588,3469.76
2026-08-28 18:25:00,1.2588,1.2608,1.256,1.2568,57967.21
2026-08-28 18:30:00,1.2568,1.2725,1.2546,1.2661,64866.98
2026-08-28 18:35:00,1.2661,1.2689,1.2644,1.2668,67225.56
2026-08-28 18:40:00,1.2668,1.2674,1.2617,1.2631,32518.57
2026-08-28 18:45:00,1.2631,1.267,1.2605,1.2643,173110.39
2026-08-28 18:50:00,1.2643,1.2656,1.262,1.2643,10357.92
2026-08-28 18:55:00,1.2643,1.267,1.2617,1.2624,25515.52
2026-08-28 19:00:00,1.2624,1.2643,1.2592,1.2632,14198.37
2026-08-28 19:05:00,1.2632,1.2642,1.2615,1.2618,32568.18
2026-08-28 19:10:00,1.2618,1.2664,1.2603,1.2659,36843.89
2026-08-28 19:15:00,1.2659,1.2681,1.2627,1.2632,108044.3
2026-08-28 19:20:00,1.2632,1.2656,1.2592,1.2605,78153.33
2026-08-28 19:25:00,1.2605,1.2642,1.2584,1.2641,116114.6
2026-08-28 19:30:00,1.2641,1.2646,1.2575,1.2625,41656.01
2026-08-28 19:35:00,1.2625,1.2654,1.2574,1.2599,90774.06
2026-08-28 19:40:00,1.2599,1.2626,1.258,1.26,20117.59
2026-08-28 19:45:00,1.26,1.2639,1.2599,1.2638,49508.38
2026-08-28 19:50:00,1.2638,1.2648,1.2618,1.2626,44252.27
2026-08-28 19:55:00,1.2626,1.2631,1.2609,1.2619,164593.13
2026-08-28 20:00:00,1.2619,1.2669,1.259,1.2632,39472.24
2026-08-28 20:05:00,1.2632,1.2675,1.2576,1.2581,3756.12
2026-08-28 20:10:00,1.2581,1.2647,1.2572,1.2618,34817.31
2026-08-28 20:15:00,1.2618,1.2639,1.2618,1.2634,14053.3
2026-08-28 20:20:00,1.2634,1.2657,1.2596,1.2624,159990.66
2026-08-28 20:25:00,1.2624,1.2643,1.2579,1.2589,26954.41
2026-08-28 20:30:00,1.2589,1.2593,1.2549,1.2556,62192.3
2026-08-28 20:35:00,1.2556,1.2604,1.2535,1.2599,236.06
2026-08-28 20:40:00,1.2599,1.261,1.2565,1.2577,17379.81
2026-08-28 20:45:00,1.2577,1.2636,1.2571,1.2594,62812.22
2026-08-28 20:50:00,1.2594,1.2607,1.2574,1.2605,56634.44
2026-08-28 20:55:00,1.2605,1.264,1.2601,1.2603,14846.01
2026-08-28 21:00:00,1.2603,1.2605,1.2587,1.259,90284.45
2026-08-28 21:05:00,1.259,1.2626,1.2537,1.2596,37405.51
2026-08-28 21:10:00,1.2596,1.261,1.257,1.2601,5986.84
2026-08-28 21:15:00,1.2601,1.2667,1.2582,1.265,46029.65
2026-08-28 21:20:00,1.265,1.2668,1.2642,1.2654,26988.76
2026-08-28 21:25:00,1.2654,1.2657,1.2642,1.2656,534.35
2026-08-28 21:30:00,1.2656,1.2701,1.2627,1.2634,8282.35
2026-08-28 21:35:00,1.2634,1.2642,1.2619,1.2624,13635.66
2026-08-28 21:40:00,1.2624,1.265,1.2615,1.2629,11195.35
2026-08-28 21:45:00,1.2629,1.2629,1.2562,1.2585,13223.27
2026-08-28 21:50:00,1.2585,1.2632,1.2557,1.2614,20729.9
2026-08-28 21:55:00,1.2614,1.2642,1.2547,1.2553,52687.02
2026-08-28 22:00:00,1.2553,1.2593,1.25,1.258,60609.04
2026-08-28 22:05:00,1.258,1.2623,1.257,1.2598,14662.0
2026-08-28 22:10:00,1.2598,1.2601,1.256,1.2572,23601.88
2026-08-28 22:15:00,1.2572,1.2662,1.2557,1.2642,7269.67
2026-08-28 22:20:00,1.2642,1.2647,1.2591,1.26,21741.23
2026-08-28 22:25:00,1.26,1.2612,1.2583,1.2596,49533.78
2026-08-28 22:30:00,1.2596,1.261,1.2557,1.2571,49675.71
2026-08-28 22:35:00,1.2571,1.2582,1.2515,1.2541,12574.28
2026-08-28 22:40:00,1.2541,1.2557,1.2516,1.2525,1780.74
2026-08-28 22:45:00,1.2525,1.2595,1.251,1.2587,36025.78
2026-08-28 22:50:00,1.2587,1.2609,1.2574,1.2608,27975.51
2026-08-28 22:55:00,1.2608,1.2622,1.2585,1.2592,68452.65
2026-08-28 23:00:00,1.2592,1.2602,1.2573,1.2584,27136.94
2026-08-28 23:05:00,1.2584,1.2622,1.2576,1.262,47216.95
2026-08-28 23:10:00,1.262,1.2645,1.2602,1.2608,25936.12
2026-08-28 23:15:00,1.2608,1.2641,1.259,1.261,55040.07
2026-08-28 23:20:00,1.261,1.2624,1.2594,1.2605,83193.61
2026-08-28 23:25:00,1.2605,1.2629,1.2571,1.2625,13140.06
2026-08-28 23:30:00,1.2625,1.264,1.2624,1.2638,47773.21
2026-08-28 23:35:00,1.2638,1.2639,1.2583,1.2625,1105.45
2026-08-28 23:40:00,1.2625,1.2638,1.2608,1.2619,82749.45
2026-08-28 23:45:00,1.2619,1.263,1.2555,1.2569,73090.87
2026-08-28 23:50:00,1.2569,1.261,1.2564,1.2606,70473.71
2026-08-28 23:55:00,1.2606,1.2655,1.2597,1.2643,32747.36
2026-08-29 00:00:00,1.2643,1.2662,1.2596,1.2615,14401.95
2026-08-29 00:05:00,1.2615,1.2659,1.2614,1.2644,7490.04
2026-08-29 00:10:00,1.2644,1.267,1.2597,1.2607,8874.25
2026-08-29 00:15:00,1.2607,1.2682,1.2596,1.2673,196606.89
2026-08-29 00:20:00,1.2673,1.2681,1.2668,1.268,2918.07
2026-08-29 00:25:00,1.268,1.2695,1.2676,1.2694,80593.46
2026-08-29 00:30:00,1.2694,1.276,1.2668,1.2734,24158.64
2026-08-29 00:35:00,1.2734,1.2788,1.2709,1.2744,15413.54
2026-08-29 00:40:00,1.2744,1.2769,1.2718,1.2728,652088.52
2026-08-29 00:45:00,1.2728,1.2737,1.2699,1.2723,34085.19
2026-08-29 00:50:00,1.2723,1.2731,1.2676,1.2691,38499.43
2026-08-29 00:55:00,1.2691,1.271,1.2633,1.2639,849.18
2026-08-29 01:00:00,1.2639,1.2671,1.2627,1.2665,153450.86
2026-08-29 01:05:00,1.2665,1.269,1.2645,1.266,83068.72
2026-08-29 01:10:00,1.266,1.2692,1.2619,1.2627,350347.47
2026-08-29 01:15:00,1.2627,1.265,1.2622,1.2643,3125.11
2026-08-29 01:20:00,1.2643,1.2665,1.2622,1.2626,5833.59
2026-08-29 01:25:00,1.2626,1.2652,1.2609,1.2621,34908.06
2026-08-29 01:30:00,1.2621,1.2671,1.2548,1.2593,12487.0
2026-08-29 01:35:00,1.2593,1.2633,1.2585,1.2596,207503.5
2026-08-29 01:40:00,1.2596,1.2623,1.2519,1.2559,12980.16
2026-08-29 01:45:00,1.2559,1.2596,1.2533,1.2567,23311.61
2026-08-29 01:50:00,1.2567,1.257,1.2551,1.2554,22025.91
2026-08-29 01:55:00,1.2554,1.2568,1.2546,1.2549,57815.91
2026-08-29 02:00:00,1.2549,1.2567,1.2524,1.2559,2577.93
2026-08-29 02:05:00,1.2559,1.2585,1.2544,1.2584,14320.69
2026-08-29 02:10:00,1.2584,1.2597,1.2524,1.2566,107111.35
2026-08-29 02:15:00,1.2566,1.2578,1.2547,1.2565,81995.46
2026-08-29 02:20:00,1.2565,1.2598,1.2559,1.2565,205288.04
2026-08-29 02:25:00,1.2565,1.2582,1.2533,1.2553,56151.94
2026-08-29 02:30:00,1.2553,1.2616,1.2544,1.2581,104966.55
2026-08-29 02:35:00,1.2581,1.2583,1.2512,1.2564,11208.53
2026-08-29 02:40:00,1.2564,1.2613,1.2549,1.258,100852.48
2026-08-29 02:45:00,1.258,1.2605,1.2549,1.2572,43135.18
2026-08-29 02:50:00,1.2572,1.2617,1.2552,1.2606,6986.51
2026-08-29 02:55:00,1.2606,1.2624,1.2522,1.2573,7616.3
2026-08-29 03:00:00,1.2573,1.259,1.2558,1.2562,2255.7
2026-08-29 03:05:00,1.2562,1.2563,1.2528,1.254,43328.66
2026-08-29 03:10:00,1.254,1.2558,1.2472,1.2503,4356.39
2026-08-29 03:15:00,1.2503,1.2536,1.248,1.2531,123647.89
2026-08-29 03:20:00,1.2531,1.2543,1.2509,1.2528,27181.94
2026-08-29 03:25:00,1.2528,1.2582,1.248,1.2565,110384.47
2026-08-29 03:30:00,1.2565,1.257,1.2495,1.2523,10823.6
2026-08-29 03:35:00,1.2523,1.2552,1.2519,1.2536,1755.76
2026-08-29 03:40:00,1.2536,1.2621,1.2513,1.2615,54695.54
2026-08-29 03:45:00,1.2615,1.2628,1.255,1.258,24177.21
2026-08-29 03:50:00,1.258,1.2625,1.2551,1.2604,151251.75
2026-08-29 03:55:00,1.2604,1.2618,1.2586,1.2616,37153.81
2026-08-29 04:00:00,1.2616,1.2623,1.2583,1.2595,130888.37
2026-08-29 04:05:00,1.2595,1.2631,1.2527,1.2553,191389.59
2026-08-29 04:10:00,1.2553,1.2567,1.2532,1.2545,37198.09
2026-08-29 04:15:00,1.2545,1.2562,1.2543,1.2554,30180.54
2026-08-29 04:20:00,1.2554,1.2563,1.2516,1.2533,22767.38
2026-08-29 04:25:00,1.2533,1.2557,1.2519,1.2519,24964.94
2026-08-29 04:30:00,1.2519,1.2543,1.2466,1.2537,4570.47
2026-08-29 04:35:00,1.2537,1.2552,1.2487,1.2506,50357.34
2026-08-29 04:40:00,1.2506,1.2546,1.2474,1.254,178703.87
2026-08-29 04:45:00,1.254,1.2543,1.2488,1.2491,22505.53
2026-08-29 04:50:00,1.2491,1.2495,1.2456,1.249,50852.09
2026-08-29 04:55:00,1.249,1.2523,1.2482,1.2518,3435.76
2026-08-29 05:00:00,1.2518,1.2552,1.2513,1.2546,17968.79
2026-08-29 05:05:00,1.2546,1.2547,1.254,1.2544,71118.85
2026-08-29 05:10:00,1.2544,1.2554,1.2513,1.2522,234445.14
2026-08-29 05:15:00,1.2522,1.2547,1.2483,1.2534,64469.32
2026-08-29 05:20:00,1.2534,1.2585,1.2523,1.257,308007.76
2026-08-29 05:25:00,1.257,1.2596,1.2561,1.2563,103751.15
2026-08-29 05:30:00,1.2563,1.2567,1.2547,1.2552,33578.11
2026-08-29 05:35:00,1.2552,1.2606,1.2544,1.2588,13814.94
2026-08-29 05:40:00,1.2588,1.2591,1.2528,1.2548,30563.47
2026-08-29 05:45:00,1.2548,1.2571,1.253,1.2558,11075.61
2026-08-29 05:50:00,1.2558,1.2588,1.254,1.2587,102956.84
2026-08-29 05:55:00,1.2587,1.2591,1.2572,1.2582,18476.39
2026-08-29 06:00:00,1.2582,1.2627,1.2581,1.2613,74539.76
2026-08-29 06:05:00,1.2613,1.2616,1.2598,1.2604,17586.54
2026-08-29 06:10:00,1.2604,1.2639,1.2585,1.2619,142273.46
2026-08-29 06:15:00,1.2619,1.2642,1.2608,1.2616,78153.77
2026-08-29 06:20:00,1.2616,1.2646,1.2565,1.2567,54474.12
2026-08-29 06:25:00,1.2567,1.2587,1.251,1.2545,100797.71
2026-08-29 06:30:00,1.2545,1.2591,1.2528,1.2577,57267.01
2026-08-29 06:35:00,1.2577,1.2626,1.2563,1.2623,11494.01
2026-08-29 06:40:00,1.2623,1.2629,1.2596,1.2623,134480.22
2026-08-29 06:45:00,1.2623,1.2633,1.2606,1.2628,23980.95
2026-08-29 06:50:00,1.2628,1.2689,1.2623,1.2638,13121.46
2026-08-29 06:55:00,1.2638,1.267,1.2605,1.2652,18548.52
2026-08-29 07:00:00,1.2652,1.2672,1.2627,1.2668,65242.21
2026-08-29 07:05:00,1.2668,1.2687,1.262,1.267,20456.41
2026-08-29 07:10:00,1.267,1.2676,1.2667,1.267,43418.69
2026-08-29 07:15:00,1.267,1.27,1.2619,1.2636,74091.9
2026-08-29 07:20:00,1.2636,1.2688,1.2627,1.2648,45772.94
2026-08-29 07:25:00,1.2648,1.2743,1.2632,1.2683,36836.43
2026-08-29 07:30:00,1.2683,1.2702,1.2682,1.2701,13935.91
2026-08-29 07:35:00,1.2701,1.2714,1.2692,1.2713,2938.82
2026-08-29 07:40:00,1.2713,1.2743,1.2683,1.2692,283931.92
2026-08-29 07:45:00,1.2692,1.2731,1.2655,1.2659,266862.93
2026-08-29 07:50:00,1.2659,1.2695,1.264,1.2662,16070.73
2026-08-29 07:55:00,1.2662,1.2692,1.2615,1.2627,11641.85
2026-08-29 08:00:00,1.2627,1.2646,1.2574,1.2595,3736.25
2026-08-29 08:05:00,1.2595,1.2605,1.2575,1.2585,7661.19
2026-08-29 08:10:00,1.2585,1.2613,1.2576,1.2608,137928.22
2026-08-29 08:15:00,1.2608,1.2635,1.2589,1.263,22198.55
2026-08-29 08:20:00,1.263,1.2656,1.2609,1.2635,55201.41
2026-08-29 08:25:00,1.2635,1.2637,1.2602,1.2611,6916.77
2026-08-29 08:30:00,1.2611,1.2644,1.2595,1.2634,70977.98
2026-08-29 08:35:00,1.2634,1.2676,1.2629,1.2646,72296.35
2026-08-29 08:40:00,1.2646,1.2655,1.2612,1.2628,20499.16
2026-08-29 08:45:00,1.2628,1.2671,1.2602,1.267,94408.68
2026-08-29 08:50:00,1.267,1.2737,1.2645,1.2691,25383.53
2026-08-29 08:55:00,1.2691,1.2739,1.2648,1.2659,168548.0
2026-08-29 09:00:00,1.2659,1.2677,1.2606,1.2646,67502.23
2026-08-29 09:05:00,1.2646,1.2658,1.2644,1.2649,74245.31
2026-08-29 09:10:00,1.2649,1.2662,1.2544,1.2582,67837.33
2026-08-29 09:15:00,1.2582,1.259,1.2552,1.2566,114700.59
2026-08-29 09:20:00,1.2566,1.2571,1.2531,1.2552,49782.48
2026-08-29 09:25:00,1.2552,1.2587,1.2528,1.2578,67055.44
2026-08-29 09:30:00,1.2578,1.2593,1.2559,1.2584,115300.19
2026-08-29 09:35:00,1.2584,1.2607,1.2558,1.2579,95229.0
2026-08-29 09:40:00,1.2579,1.2592,1.2557,1.2586,85364.13
2026-08-29 09:45:00,1.2586,1.2599,1.2563,1.2568,35112.27
2026-08-29 09:50:00,1.2568,1.2597,1.2543,1.2548,22667.45
2026-08-29 09:55:00,1.2548,1.2609,1.2533,1.2583,22844.99
2026-08-29 10:00:00,1.2583,1.2604,1.2569,1.2584,42394.53
2026-08-29 10:05:00,1.2584,1.2593,1.2574,1.2577,70170.05
2026-08-29 10:10:00,1.2577,1.2608,1.2558,1.2603,32343.06
2026-08-29 10:15:00,1.2603,1.2651,1.2601,1.2626,8376.42
2026-08-29 10:20:00,1.2626,1.2654,1.2611,1.2647,23160.71
2026-08-29 10:25:00,1.2647,1.2692,1.264,1.2676,10538.41
2026-08-29 10:30:00,1.2676,1.2728,1.2643,1.2648,37205.66
2026-08-29 10:35:00,1.2648,1.2692,1.2632,1.2657,42710.98
2026-08-29 10:40:00,1.2657,1.2701,1.2651,1.2682,20096.92
2026-08-29 10:45:00,1.2682,1.2735,1.2654,1.2725,39598.72
2026-08-29 10:50:00,1.2725,1.2762,1.2715,1.2726,53296.75
2026-08-29 10:55:00,1.2726,1.2782,1.2691,1.2702,100788.21
2026-08-29 11:00:00,1.2702,1.2717,1.2681,1.27,59467.93
2026-08-29 11:05:00,1.27,1.2756,1.2664,1.2675,110624.61
2026-08-29 11:10:00,1.2675,1.2731,1.2665,1.2705,44342.7
2026-08-29 11:15:00,1.2705,1.2725,1.268,1.2691,1175.29
2026-08-29 11:20:00,1.2691,1.2722,1.269,1.2711,15229.11
2026-08-29 11:25:00,1.2711,1.2758,1.268,1.2686,54335.36
2026-08-29 11:30:00,1.2686,1.2736,1.2657,1.2664,150229.93
2026-08-29 11:35:00,1.2664,1.2696,1.2652,1.2689,16102.92
2026-08-29 11:40:00,1.2689,1.2745,1.2674,1.2728,40465.93
2026-08-29 11:45:00,1.2728,1.2733,1.2706,1.2732,1054.8
2026-08-29 11:50:00,1.2732,1.2758,1.2688,1.2698,5784.07
2026-08-29 11:55:00,1.2698,1.2715,1.2689,1.2708,131667.4
2026-08-29 12:00:00,1.2708,1.2745,1.2612,1.2662,5545.73
2026-08-29 12:05:00,1.2662,1.2681,1.2645,1.2681,98058.98
2026-08-29 12:10:00,1.2681,1.2704,1.2651,1.2694,15345.37
2026-08-29 12:15:00,1.2694,1.2709,1.2685,1.2692,14918.24
2026-08-29 12:20:00,1.2692,1.277,1.2678,1.2732,8026.21
2026-08-29 12:25:00,1.2732,1.2774,1.2716,1.2756,41391.72
2026-08-29 12:30:00,1.2756,1.2768,1.2746,1.276,66526.4
2026-08-29 12:35:00,1.276,1.2787,1.2742,1.2746,35693.52
2026-08-29 12:40:00,1.2746,1.277,1.2715,1.2735,58835.29
2026-08-29 12:45:00,1.2735,1.2768,1.2701,1.2714,146286.17
2026-08-29 12:50:00,1.2714,1.2758,1.2683,1.2689,316841.96
2026-08-29 12:55:00,1.2689,1.2714,1.2683,1.2686,3299.02
2026-08-29 13:00:00,1.2686,1.2687,1.2591,1.2597,15335.13
2026-08-29 13:05:00,1.2597,1.2627,1.2574,1.2581,29393.83
2026-08-29 13:10:00,1.2581,1.2596,1.2527,1.2537,67765.51
2026-08-29 13:15:00,1.2537,1.2558,1.2489,1.2552,113546.47
2026-08-29 13:20:00,1.2552,1.2567,1.2502,1.2562,113657.9
2026-08-29 13:25:00,1.2562,1.2594,1.2527,1.2585,2799.76
2026-08-29 13:30:00,1.2585,1.2629,1.2575,1.2578,111441.79
2026-08-29 13:35:00,1.2578,1.2613,1.2561,1.2613,29358.95
2026-08-29 13:40:00,1.2613,1.2643,1.2606,1.2621,33862.39
2026-08-29 13:45:00,1.2621,1.263,1.2611,1.2622,34641.85
2026-08-29 13:50:00,1.2622,1.2671,1.2619,1.2644,105790.49
2026-08-29 13:55:00,1.2644,1.2652,1.2614,1.2619,55944.76
2026-08-29 14:00:00,1.2619,1.2632,1.2574,1.2582,37907.75
2026-08-29 14:05:00,1.2582,1.2585,1.2571,1.2584,66061.97
2026-08-29 14:10:00,1.2584,1.2673,1.2558,1.2648,6058.79
2026-08-29 14:15:00,1.2648,1.2666,1.2621,1.2622,112354.66
2026-08-29 14:20:00,1.2622,1.2655,1.2618,1.2644,4579.42
2026-08-29 14:25:00,1.2644,1.2655,1.2601,1.2618,15129.93
2026-08-29 14:30:00,1.2618,1.2619,1.2566,1.258,53487.7
2026-08-29 14:35:00,1.258,1.258,1.2496,1.2529,95557.33
2026-08-29 14:40:00,1.2529,1.2571,1.2505,1.2566,38967.76
2026-08-29 14:45:00,1.2566,1.262,1.254,1.26,151029.24
2026-08-29 14:50:00,1.26,1.2611,1.2584,1.2599,30285.19
2026-08-29 14:55:00,1.2599,1.2625,1.2595,1.2604,31762.81
2026-08-29 15:00:00,1.2604,1.2608,1.257,1.2598,22236.11
2026-08-29 15:05:00,1.2598,1.2625,1.2579,1.2622,21327.27
2026-08-29 15:10:00,1.2622,1.263,1.2551,1.2564,4943.87
2026-08-29 15:15:00,1.2564,1.2607,1.2539,1.2585,67345.99
2026-08-29 15:20:00,1.2585,1.2614,1.2585,1.2586,1515.77
2026-08-29 15:25:00,1.2586,1.2628,1.2576,1.2597,1142.88
2026-08-29 15:30:00,1.2597,1.2635,1.2573,1.261,39271.16
2026-08-29 15:35:00,1.261,1.2617,1.2589,1.2601,19349.1
2026-08-29 15:40:00,1.2601,1.2602,1.2577,1.2593,2717.69
2026-08-29 15:45:00,1.2593,1.2615,1.2559,1.2606,10048.2
2026-08-29 15:50:00,1.2606,1.2614,1.2542,1.2593,146338.48
2026-08-29 15:55:00,1.2593,1.2616,1.2573,1.2612,1643.43
2026-08-29 16:00:00,1.2612,1.2633,1.2606,1.2614,32474.93
2026-08-29 16:05:00,1.2614,1.2625,1.2571,1.2571,46572.46
2026-08-29 16:10:00,1.2571,1.2573,1.2506,1.253,2052.44
2026-08-29 16:15:00,1.253,1.2552,1.252,1.2534,13115.29
2026-08-29 16:20:00,1.2534,1.2568,1.2515,1.2557,142692.15
2026-08-29 16:25:00,1.2557,1.2589,1.255,1.2583,20669.96
2026-08-29 16:30:00,1.2583,1.2623,1.2551,1.2577,25905.85
2026-08-29 16:35:00,1.2577,1.262,1.2571,1.2611,62397.4
2026-08-29 16:40:00,1.2611,1.262,1.2578,1.2599,81897.34
2026-08-29 16:45:00,1.2599,1.2617,1.2565,1.2616,19702.64
2026-08-29 16:50:00,1.2616,1.2638,1.255,1.2572,72035.46
2026-08-29 16:55:00,1.2572,1.2589,1.2563,1.2569,30285.23
2026-08-29 17:00:00,1.2569,1.2609,1.2492,1.2519,7109.28
2026-08-29 17:05:00,1.2519,1.2565,1.2518,1.256,54584.68
2026-08-29 17:10:00,1.256,1.2631,1.254,1.259,13196.16
2026-08-29 17:15:00,1.259,1.2593,1.2538,1.2588,25610.8
2026-08-29 17:20:00,1.2588,1.2627,1.2579,1.2579,41945.36
2026-08-29 17:25:00,1.2579,1.2641,1.2573,1.2631,4592.75
2026-08-29 17:30:00,1.2631,1.2636,1.2629,1.2634,104452.27
2026-08-29 17:35:00,1.2634,1.2651,1.2558,1.2572,5783.92
2026-08-29 17:40:00,1.2572,1.2618,1.2536,1.26,37472.93
2026-08-29 17:45:00,1.26,1.263,1.2563,1.258,21329.77
2026-08-29 17:50:00,1.258,1.2588,1.2503,1.2518,3161.47
2026-08-29 17:55:00,1.2518,1.2541,1.2514,1.2514,136178.37
2026-08-29 18:00:00,1.2514,1.2553,1.25,1.2552,26666.06
2026-08-29 18:05:00,1.2552,1.2579,1.2547,1.257,35572.94
2026-08-29 18:10:00,1.257,1.2609,1.2562,1.2577,73610.31
2026-08-29 18:15:00,1.2577,1.259,1.2561,1.2571,10027.68
2026-08-29 18:20:00,1.2571,1.2597,1.257,1.2591,21458.62
2026-08-29 18:25:00,1.2591,1.2598,1.256,1.2573,37556.03
2026-08-29 18:30:00,1.2573,1.2619,1.2559,1.2606,168469.05
2026-08-29 18:35:00,1.2606,1.2626,1.26,1.2609,2859.26
2026-08-29 18:40:00,1.2609,1.2626,1.2608,1.2615,15.87
2026-08-29 18:45:00,1.2615,1.2633,1.2567,1.2584,15757.06
2026-08-29 18:50:00,1.2584,1.2593,1.2543,1.2568,139341.8
2026-08-29 18:55:00,1.2568,1.2583,1.2548,1.2554,155008.34
2026-08-29 19:00:00,1.2554,1.2578,1.2524,1.2536,44924.91
2026-08-29 19:05:00,1.2536,1.257,1.2483,1.2559,39127.48
2026-08-29 19:10:00,1.2559,1.2562,1.2552,1.2557,63510.04
2026-08-29 19:15:00,1.2557,1.258,1.2521,1.2521,17609.98
2026-08-29 19:20:00,1.2521,1.2565,1.2482,1.2556,136354.31
2026-08-29 19:25:00,1.2556,1.2585,1.2516,1.255,63680.18
2026-08-29 19:30:00,1.255,1.2553,1.2485,1.2516,8945.77
2026-08-29 19:35:00,1.2516,1.2534,1.2497,1.253,114079.32
2026-08-29 19:40:00,1.253,1.254,1.2512,1.2532,57142.89
2026-08-29 19:45:00,1.2532,1.2547,1.2517,1.2518,50453.03
2026-08-29 19:50:00,1.2518,1.2554,1.2517,1.2531,1831.08
2026-08-29 19:55:00,1.2531,1.2567,1.2494,1.2508,93299.53
2026-08-29 20:00:00,1.2508,1.2538,1.2491,1.2505,49929.72
2026-08-29 20:05:00,1.2505,1.2532,1.2458,1.252,137793.41
2026-08-29 20:10:00,1.252,1.2535,1.2463,1.2507,87436.29
2026-08-29 20:15:00,1.2507,1.2561,1.2501,1.254,92983.63
2026-08-29 20:20:00,1.254,1.2549,1.2525,1.2546,7008.37
2026-08-29 20:25:00,1.2546,1.2566,1.2544,1.2564,2338.36
2026-08-29 20:30:00,1.2564,1.2581,1.2508,1.2528,116372.52
2026-08-29 20:35:00,1.2528,1.2529,1.2523,1.2525,49307.34
2026-08-29 20:40:00,1.2525,1.2544,1.2507,1.2531,59386.75
2026-08-29 20:45:00,1.2531,1.2573,1.2514,1.2565,124458.36
2026-08-29 20:50:00,1.2565,1.2614,1.2563,1.2592,184056.16
2026-08-29 20:55:00,1.2592,1.265,1.259,1.2638,117712.17
2026-08-29 21:00:00,1.2638,1.2663,1.2612,1.2643,47954.79
2026-08-29 21:05:00,1.2643,1.2655,1.2627,1.2654,93102.53
2026-08-29 21:10:00,1.2654,1.2674,1.2631,1.2674,5675.02
2026-08-29 21:15:00,1.2674,1.2678,1.2648,1.2656,39304.76
2026-08-29 21:20:00,1.2656,1.2688,1.2635,1.2686,17689.17
2026-08-29 21:25:00,1.2686,1.2686,1.268,1.2683,47478.93
2026-08-29 21:30:00,1.2683,1.2685,1.2681,1.2684,2566.13
2026-08-29 21:35:00,1.2684,1.2695,1.2645,1.2671,21392.02
2026-08-29 21:40:00,1.2671,1.2705,1.2643,1.2649,23857.75
2026-08-29 21:45:00,1.2649,1.2666,1.2599,1.2617,26863.42
2026-08-29 21:50:00,1.2617,1.2659,1.2596,1.2601,397138.96
2026-08-29 21:55:00,1.2601,1.2631,1.2599,1.2617,42908.28
2026-08-29 22:00:00,1.2617,1.2667,1.261,1.2656,50920.1
2026-08-29 22:05:00,1.2656,1.277,1.2654,1.2737,159233.18
2026-08-29 22:10:00,1.2737,1.2738,1.2678,1.2711,53197.84
2026-08-29 22:15:00,1.2711,1.2762,1.2703,1.2757,5972.84
2026-08-29 22:20:00,1.2757,1.2781,1.2715,1.2725,1030942.1
2026-08-29 22:25:00,1.2725,1.2747,1.2694,1.2706,71523.16
2026-08-29 22:30:00,1.2706,1.2712,1.2665,1.2673,37568.5
2026-08-29 22:35:00,1.2673,1.2719,1.2664,1.2708,10315.29
2026-08-29 22:40:00,1.2708,1.2746,1.2699,1.2735,77747.13
2026-08-29 22:45:00,1.2735,1.2769,1.269,1.2697,220018.4
2026-08-29 22:50:00,1.2697,1.27,1.2683,1.2689,124658.88
2026-08-29 22:55:00,1.2689,1.277,1.2666,1.276,37163.9
2026-08-29 23:00:00,1.276,1.2798,1.2756,1.2771,61659.35
2026-08-29 23:05:00,1.2771,1.28,1.2737,1.2749,65914.26
2026-08-29 23:10:00,1.2749,1.277,1.2731,1.2736,46080.39
2026-08-29 23:15:00,1.2736,1.2771,1.2673,1.2705,24630.96
2026-08-29 23:20:00,1.2705,1.2736,1.2686,1.2691,184398.95
2026-08-29 23:25:00,1.2691,1.2714,1.2666,1.2676,274018.8
2026-08-29 23:30:00,1.2676,1.2684,1.2652,1.2664,17114.67
2026-08-29 23:35:00,1.2664,1.2721,1.265,1.2704,19118.82
2026-08-29 23:40:00,1.2704,1.2739,1.2694,1.2701,41030.4
2026-08-29 23:45:00,1.2701,1.2735,1.2687,1.2729,384.99
2026-08-29 23:50:00,1.2729,1.2747,1.2671,1.2682,9673.46
2026-08-29 23:55:00,1.2682,1.2688,1.2669,1.2679,102098.72
2026-08-30 00:00:00,1.2679,1.2698,1.2663,1.2694,30549.89
2026-08-30 00:05:00,1.2694,1.272,1.2689,1.2695,42924.85
2026-08-30 00:10:00,1.2695,1.2753,1.2687,1.2738,123017.93
2026-08-30 00:15:00,1.2738,1.2757,1.27,1.2727,57300.53
2026-08-30 00:20:00,1.2727,1.2753,1.2717,1.2722,11405.45
2026-08-30 00:25:00,1.2722,1.2723,1.2674,1.2676,110210.7
2026-08-30 00:30:00,1.2676,1.2758,1.2616,1.2735,99803.59
2026-08-30 00:35:00,1.2735,1.2757,1.2682,1.2696,126614.61
2026-08-30 00:40:00,1.2696,1.2707,1.2679,1.2679,179538.73
2026-08-30 00:45:00,1.2679,1.2746,1.2664,1.2738,1603.44
2026-08-30 00:50:00,1.2738,1.2819,1.2734,1.2777,93764.95
2026-08-30 00:55:00,1.2777,1.2804,1.2742,1.2747,42828.99
2026-08-30 01:00:00,1.2747,1.275,1.269,1.2723,118530.77
2026-08-30 01:05:00,1.2723,1.2775,1.2699,1.2764,312.72
2026-08-30 01:10:00,1.2764,1.28,1.2742,1.2749,67580.24
2026-08-30 01:15:00,1.2749,1.2787,1.2745,1.2771,279411.7
2026-08-30 01:20:00,1.2771,1.2784,1.274,1.2764,1802.31
2026-08-30 01:25:00,1.2764,1.2798,1.2738,1.2746,428512.93
2026-08-30 01:30:00,1.2746,1.2769,1.2641,1.2694,29848.86
2026-08-30 01:35:00,1.2694,1.2706,1.2664,1.2692,246280.09
2026-08-30 01:40:00,1.2692,1.2702,1.2688,1.2689,10642.38
2026-08-30 01:45:00,1.2689,1.2744,1.2658,1.2713,82050.88
2026-08-30 01:50:00,1.2713,1.2731,1.2688,1.2706,62644.5
2026-08-30 01:55:00,1.2706,1.2741,1.2582,1.2601,5802.6
2026-08-30 02:00:00,1.2601,1.2637,1.2577,1.2618,116932.74
2026-08-30 02:05:00,1.2618,1.2624,1.2556,1.2564,30609.42
2026-08-30 02:10:00,1.2564,1.2614,1.2559,1.2589,3175.71
2026-08-30 02:15:00,1.2589,1.267,1.2589,1.266,17610.19
2026-08-30 02:20:00,1.266,1.2732,1.2641,1.2713,80579.41
2026-08-30 02:25:00,1.2713,1.2736,1.2697,1.273,23786.94
2026-08-30 02:30:00,1.273,1.2751,1.2728,1.2744,79460.99
2026-08-30 02:35:00,1.2744,1.2761,1.2737,1.275,14011.57
2026-08-30 02:40:00,1.275,1.2757,1.2717,1.2755,16716.18
2026-08-30 02:45:00,1.2755,1.2765,1.2723,1.2736,21299.16
2026-08-30 02:50:00,1.2736,1.2784,1.2725,1.278,9102.54
2026-08-30 02:55:00,1.278,1.2812,1.2755,1.2789,25900.18
2026-08-30 03:00:00,1.2789,1.2811,1.2752,1.2763,77264.64
2026-08-30 03:05:00,1.2763,1.2806,1.2747,1.2752,125131.84
2026-08-30 03:10:00,1.2752,1.2785,1.2716,1.2726,458680.25
2026-08-30 03:15:00,1.2726,1.2808,1.2683,1.2784,36601.37
2026-08-30 03:20:00,1.2784,1.2796,1.2726,1.2745,37705.69
2026-08-30 03:25:00,1.2745,1.2782,1.2718,1.272,266688.24
2026-08-30 03:30:00,1.272,1.2753,1.2701,1.2744,14161.01
2026-08-30 03:35:00,1.2744,1.2763,1.2724,1.2731,26851.13
2026-08-30 03:40:00,1.2731,1.2741,1.2636,1.2672,5895.88
2026-08-30 03:45:00,1.2672,1.2681,1.2637,1.2645,24920.96
2026-08-30 03:50:00,1.2645,1.2658,1.2644,1.2653,28999.72
2026-08-30 03:55:00,1.2653,1.2694,1.2613,1.267,45705.8
2026-08-30 04:00:00,1.267,1.2689,1.2668,1.2676,10593.51
2026-08-30 04:05:00,1.2676,1.2774,1.266,1.273,8449.88
2026-08-30 04:10:00,1.273,1.2772,1.2721,1.276,9444.58
2026-08-30 04:15:00,1.276,1.279,1.2744,1.2769,48781.23
2026-08-30 04:20:00,1.2769,1.2793,1.2735,1.2742,184550.51
2026-08-30 04:25:00,1.2742,1.2767,1.2729,1.2744,70040.15
2026-08-30 04:30:00,1.2744,1.2826,1.2729,1.2821,86369.24
2026-08-30 04:35:00,1.2821,1.2846,1.2776,1.2785,21251.67
2026-08-30 04:40:00,1.2785,1.2791,1.2772,1.2776,26247.34
2026-08-30 04:45:00,1.2776,1.2843,1.275,1.2832,4412.09
2026-08-30 04:50:00,1.2832,1.2833,1.2782,1.2784,197366.66
2026-08-30 04:55:00,1.2784,1.2833,1.2741,1.2754,298766.83
2026-08-30 05:00:00,1.2754,1.2775,1.2733,1.2769,16786.27
2026-08-30 05:05:00,1.2769,1.2797,1.2763,1.2792,90488.08
2026-08-30 05:10:00,1.2792,1.2845,1.2755,1.2761,325885.17
2026-08-30 05:15:00,1.2761,1.2827,1.2751,1.2802,79447.41
2026-08-30 05:20:00,1.2802,1.2805,1.2797,1.28,184064.49
2026-08-30 05:25:00,1.28,1.2822,1.2786,1.2807,27723.42
2026-08-30 05:30:00,1.2807,1.2816,1.2763,1.2775,5924.97
2026-08-30 05:35:00,1.2775,1.283,1.2751,1.2757,430259.67
2026-08-30 05:40:00,1.2757,1.2826,1.2734,1.2791,80110.85
2026-08-30 05:45:00,1.2791,1.2811,1.273,1.2746,112650.3
2026-08-30 05:50:00,1.2746,1.2765,1.2728,1.2732,7456.87
2026-08-30 05:55:00,1.2732,1.2752,1.2724,1.2747,47089.72
2026-08-30 06:00:00,1.2747,1.2747,1.2724,1.273,6553.19
2026-08-30 06:05:00,1.273,1.2735,1.2703,1.272,9194.02
2026-08-30 06:10:00,1.272,1.2735,1.269,1.2691,59061.58
2026-08-30 06:15:00,1.2691,1.2751,1.2647,1.2718,51944.25
2026-08-30 06:20:00,1.2718,1.2765,1.2708,1.2737,70791.38
2026-08-30 06:25:00,1.2737,1.2749,1.269,1.2711,60132.73
2026-08-30 06:30:00,1.2711,1.2713,1.2654,1.2661,2483.45
2026-08-30 06:35:00,1.2661,1.2728,1.2652,1.2708,39482.28
2026-08-30 06:40:00,1.2708,1.2728,1.2665,1.2716,31226.29
2026-08-30 06:45:00,1.2716,1.2741,1.2656,1.2674,4954.69
2026-08-30 06:50:00,1.2674,1.2729,1.2649,1.2714,101930.23
2026-08-30 06:55:00,1.2714,1.2732,1.2636,1.2644,152700.76
2026-08-30 07:00:00,1.2644,1.2717,1.2626,1.2714,61257.78
2026-08-30 07:05:00,1.2714,1.2791,1.2714,1.2743,191842.92
2026-08-30 07:10:00,1.2743,1.2791,1.2737,1.277,32652.52
2026-08-30 07:15:00,1.277,1.2816,1.273,1.2735,36815.46
2026-08-30 07:20:00,1.2735,1.2738,1.2727,1.2731,95933.66
2026-08-30 07:25:00,1.2731,1.2752,1.2717,1.2732,28767.14
2026-08-30 07:30:00,1.2732,1.275,1.2692,1.2713,167435.31
2026-08-30 07:35:00,1.2713,1.2739,1.2681,1.2733,54035.62
2026-08-30 07:40:00,1.2733,1.2749,1.2695,1.2715,56555.33
2026-08-30 07:45:00,1.2715,1.2738,1.2692,1.2732,89274.79
2026-08-30 07:50:00,1.2732,1.2756,1.266,1.2672,202943.26
2026-08-30 07:55:00,1.2672,1.2723,1.2664,1.267,30886.52
2026-08-30 08:00:00,1.267,1.2689,1.2624,1.2626,39445.86
2026-08-30 08:05:00,1.2626,1.2635,1.2595,1.2628,14132.5
2026-08-30 08:10:00,1.2628,1.2674,1.2599,1.2664,25346.92
2026-08-30 08:15:00,1.2664,1.267,1.2577,1.2611,76864.56
2026-08-30 08:20:00,1.2611,1.2623,1.2565,1.2588,43159.6
2026-08-30 08:25:00,1.2588,1.2614,1.2541,1.2603,534402.88
2026-08-30 08:30:00,1.2603,1.2644,1.2568,1.2637,93023.17
2026-08-30 08:35:00,1.2637,1.2638,1.2636,1.2637,159375.82
2026-08-30 08:40:00,1.2637,1.2652,1.2605,1.2648,114696.5
2026-08-30 08:45:00,1.2648,1.2658,1.2591,1.2624,78942.21
2026-08-30 08:50:00,1.2624,1.2688,1.2601,1.2667,66568.33
2026-08-30 08:55:00,1.2667,1.2685,1.264,1.2676,36638.99
2026-08-30 09:00:00,1.2676,1.2723,1.2639,1.2658,102363.56
2026-08-30 09:05:00,1.2658,1.268,1.2636,1.2669,37.36
2026-08-30 09:10:00,1.2669,1.27,1.2656,1.2667,49946.28
2026-08-30 09:15:00,1.2667,1.2672,1.2619,1.2642,85126.13
2026-08-30 09:20:00,1.2642,1.2694,1.2642,1.2657,48734.59
2026-08-30 09:25:00,1.2657,1.2691,1.2615,1.2685,130226.25
2026-08-30 09:30:00,1.2685,1.2715,1.267,1.2711,91573.93
2026-08-30 09:35:00,1.2711,1.2716,1.2671,1.2675,41550.9
2026-08-30 09:40:00,1.2675,1.2698,1.2639,1.2645,48218.34
2026-08-30 09:45:00,1.2645,1.2672,1.258,1.259,8292.72
2026-08-30 09:50:00,1.259,1.2603,1.2589,1.2589,35010.73
2026-08-30 09:55:00,1.2589,1.2594,1.2534,1.2571,45570.28
2026-08-30 10:00:00,1.2571,1.2611,1.2556,1.2581,87105.0
2026-08-30 10:05:00,1.2581,1.2622,1.2535,1.261,139652.85
2026-08-30 10:10:00,1.261,1.2652,1.2568,1.2639,232809.44
2026-08-30 10:15:00,1.2639,1.2653,1.2634,1.2639,53720.37
2026-08-30 10:20:00,1.2639,1.2707,1.2622,1.2683,29016.7
2026-08-30 10:25:00,1.2683,1.2701,1.2623,1.2633,39623.86
2026-08-30 10:30:00,1.2633,1.2643,1.2592,1.2604,12377.27
2026-08-30 10:35:00,1.2604,1.2638,1.26,1.2626,11373.57
2026-08-30 10:40:00,1.2626,1.2681,1.2583,1.2643,46788.44
2026-08-30 10:45:00,1.2643,1.2681,1.2619,1.2671,158422.09
2026-08-30 10:50:00,1.2671,1.2705,1.265,1.2672,63023.97
2026-08-30 10:55:00,1.2672,1.2698,1.2623,1.2692,13423.15
2026-08-30 11:00:00,1.2692,1.2722,1.2642,1.2677,18649.96
2026-08-30 11:05:00,1.2677,1.2683,1.2664,1.2677,2048.01
2026-08-30 11:10:00,1.2677,1.2707,1.2652,1.2658,107766.64
2026-08-30 11:15:00,1.2658,1.2684,1.2643,1.2668,2772.38
2026-08-30 11:20:00,1.2668,1.2672,1.2629,1.2667,125592.49
2026-08-30 11:25:00,1.2667,1.2711,1.2655,1.269,7136.79
2026-08-30 11:30:00,1.269,1.2735,1.2659,1.268,7643.92
2026-08-30 11:35:00,1.268,1.2737,1.2667,1.2721,22666.75
2026-08-30 11:40:00,1.2721,1.2738,1.2692,1.2711,2882.76
2026-08-30 11:45:00,1.2711,1.2721,1.2685,1.2706,18978.75
2026-08-30 11:50:00,1.2706,1.2737,1.2655,1.2676,31491.32
2026-08-30 11:55:00,1.2676,1.2687,1.2573,1.2585,96318.22
2026-08-30 12:00:00,1.2585,1.262,1.2576,1.2606,157285.73
2026-08-30 12:05:00,1.2606,1.2619,1.2574,1.2581,33027.51
2026-08-30 12:10:00,1.2581,1.2611,1.2508,1.2521,44842.19
2026-08-30 12:15:00,1.2521,1.2545,1.2482,1.2506,26906.56
2026-08-30 12:20:00,1.2506,1.2513,1.2495,1.25,13956.48
2026-08-30 12:25:00,1.25,1.2527,1.2495,1.2521,2503.45
2026-08-30 12:30:00,1.2521,1.2565,1.25,1.2562,2885.51
2026-08-30 12:35:00,1.2562,1.2587,1.252,1.258,74467.28
2026-08-30 12:40:00,1.258,1.2618,1.2554,1.2606,2476.9
2026-08-30 12:45:00,1.2606,1.2645,1.2603,1.2631,67806.36
2026-08-30 12:50:00,1.2631,1.2662,1.2621,1.266,134487.13
2026-08-30 12:55:00,1.266,1.2668,1.2618,1.2618,18654.43
2026-08-30 13:00:00,1.2618,1.2623,1.2572,1.2589,52372.32
2026-08-30 13:05:00,1.2589,1.2611,1.2545,1.2602,36561.13
2026-08-30 13:10:00,1.2602,1.2638,1.2597,1.2634,82295.51
2026-08-30 13:15:00,1.2634,1.2651,1.2616,1.2633,998.51
2026-08-30 13:20:00,1.2633,1.2704,1.2625,1.2701,8368.46
2026-08-30 13:25:00,1.2701,1.2735,1.2691,1.2709,4279.34
2026-08-30 13:30:00,1.2709,1.2742,1.2683,1.2688,902436.24
2026-08-30 13:35:00,1.2688,1.2689,1.264,1.2655,7362.72
2026-08-30 13:40:00,1.2655,1.2674,1.2637,1.2653,118742.1
2026-08-30 13:45:00,1.2653,1.2684,1.2597,1.2609,76637.2
2026-08-30 13:50:00,1.2609,1.2649,1.2592,1.264,4261.01
2026-08-30 13:55:00,1.264,1.2657,1.2615,1.2635,37717.51
2026-08-30 14:00:00,1.2635,1.2721,1.2627,1.2689,10340.78
2026-08-30 14:05:00,1.2689,1.2774,1.2672,1.2739,3734.82
2026-08-30 14:10:00,1.2739,1.2745,1.2689,1.271,9582.11
2026-08-30 14:15:00,1.271,1.2739,1.2668,1.2716,10273.23
2026-08-30 14:20:00,1.2716,1.2757,1.2688,1.2756,3943.78
2026-08-30 14:25:00,1.2756,1.278,1.2746,1.2776,59139.44
2026-08-30 14:30:00,1.2776,1.2833,1.273,1.2743,31930.32
2026-08-30 14:35:00,1.2743,1.2751,1.2684,1.2714,130507.81
2026-08-30 14:40:00,1.2714,1.2722,1.2645,1.2647,7237.42
2026-08-30 14:45:00,1.2647,1.2701,1.2637,1.2688,5114.44
2026-08-30 14:50:00,1.2688,1.2751,1.2674,1.2733,64204.15
2026-08-30 14:55:00,1.2733,1.2749,1.2704,1.2723,38716.68
2026-08-30 15:00:00,1.2723,1.2777,1.2684,1.2739,100822.56
2026-08-30 15:05:00,1.2739,1.2753,1.2715,1.2721,92870.54
2026-08-30 15:10:00,1.2721,1.2758,1.2683,1.2689,1145.23
2026-08-30 15:15:00,1.2689,1.2724,1.2654,1.2656,169661.53
2026-08-30 15:20:00,1.2656,1.2714,1.2646,1.27,32616.07
2026-08-30 15:25:00,1.27,1.2715,1.2668,1.27,89928.78
2026-08-30 15:30:00,1.27,1.2701,1.2647,1.2658,162645.66
2026-08-30 15:35:00,1.2658,1.2691,1.2599,1.2609,95528.85
2026-08-30 15:40:00,1.2609,1.2676,1.2593,1.2667,61583.69
2026-08-30 15:45:00,1.2667,1.2717,1.2651,1.2707,30455.82
2026-08-30 15:50:00,1.2707,1.2777,1.2693,1.2756,175071.72
2026-08-30 15:55:00,1.2756,1.2801,1.2727,1.2736,67879.8
2026-08-30 16:00:00,1.2736,1.2753,1.2708,1.2712,20898.98
2026-08-30 16:05:00,1.2712,1.2751,1.2691,1.2746,17279.18
2026-08-30 16:10:00,1.2746,1.2749,1.2715,1.272,11254.47
2026-08-30 16:15:00,1.272,1.2762,1.272,1.2736,901.04
2026-08-30 16:20:00,1.2736,1.2738,1.2726,1.2733,43583.8
2026-08-30 16:25:00,1.2733,1.2746,1.2698,1.2712,60938.63
2026-08-30 16:30:00,1.2712,1.274,1.2703,1.2723,30633.59
2026-08-30 16:35:00,1.2723,1.2868,1.271,1.2823,14252.42
2026-08-30 16:40:00,1.2823,1.2862,1.2794,1.2799,33551.54
2026-08-30 16:45:00,1.2799,1.2844,1.2782,1.2806,6971.64
2026-08-30 16:50:00,1.2806,1.2842,1.276,1.2771,67731.56
2026-08-30 16:55:00,1.2771,1.2783,1.2763,1.2772,32237.3
2026-08-30 17:00:00,1.2772,1.2783,1.2743,1.2748,237204.09
2026-08-30 17:05:00,1.2748,1.2765,1.2719,1.2736,205666.0
2026-08-30 17:10:00,1.2736,1.2763,1.27,1.2732,57195.55
2026-08-30 17:15:00,1.2732,1.2795,1.2728,1.2774,20070.32
2026-08-30 17:20:00,1.2774,1.2828,1.275,1.2766,13486.25
2026-08-30 17:25:00,1.2766,1.278,1.2754,1.2754,62201.17
2026-08-30 17:30:00,1.2754,1.2804,1.2727,1.2733,153669.1
2026-08-30 17:35:00,1.2733,1.2783,1.2727,1.2762,153779.12
2026-08-30 17:40:00,1.2762,1.2789,1.275,1.2774,11234.5
2026-08-30 17:45:00,1.2774,1.2823,1.2768,1.2789,101176.8
2026-08-30 17:50:00,1.2789,1.2792,1.2755,1.276,77439.93
2026-08-30 17:55:00,1.276,1.2791,1.2698,1.2734,8621.6
2026-08-30 18:00:00,1.2734,1.2754,1.2717,1.2725,96377.71
2026-08-30 18:05:00,1.2725,1.274,1.2675,1.27,4196.43
2026-08-30 18:10:00,1.27,1.2722,1.2645,1.2654,71639.03
2026-08-30 18:15:00,1.2654,1.266,1.2622,1.2642,78904.28
2026-08-30 18:20:00,1.2642,1.2683,1.2596,1.261,30393.28
2026-08-30 18:25:00,1.261,1.263,1.2607,1.2628,29024.62
2026-08-30 18:30:00,1.2628,1.2682,1.2628,1.2674,56704.35
2026-08-30 18:35:00,1.2674,1.2692,1.2652,1.2654,2162.68
2026-08-30 18:40:00,1.2654,1.268,1.2629,1.2664,68104.46
2026-08-30 18:45:00,1.2664,1.2691,1.2659,1.2675,139462.47
2026-08-30 18:50:00,1.2675,1.2738,1.2664,1.2717,44481.05
2026-08-30 18:55:00,1.2717,1.2718,1.2679,1.2711,18335.24
2026-08-30 19:00:00,1.2711,1.2765,1.2669,1.2674,20475.59
2026-08-30 19:05:00,1.2674,1.2728,1.2661,1.2714,96277.12
2026-08-30 19:10:00,1.2714,1.2782,1.2672,1.2747,32897.99
2026-08-30 19:15:00,1.2747,1.2766,1.27,1.2732,71449.82
2026-08-30 19:20:00,1.2732,1.2756,1.2712,1.2726,11824.93
2026-08-30 19:25:00,1.2726,1.2802,1.2724,1.2754,68902.35
2026-08-30 19:30:00,1.2754,1.2783,1.2703,1.2711,15765.54
2026-08-30 19:35:00,1.2711,1.2751,1.2708,1.2735,2112.94
2026-08-30 19:40:00,1.2735,1.2784,1.2704,1.275,54667.36
2026-08-30 19:45:00,1.275,1.2761,1.2684,1.2711,50979.52
2026-08-30 19:50:00,1.2711,1.2727,1.2657,1.2671,41295.15
2026-08-30 19:55:00,1.2671,1.2745,1.2643,1.2726,27537.49
2026-08-30 20:00:00,1.2726,1.2734,1.2675,1.2682,46198.1
2026-08-30 20:05:00,1.2682,1.2716,1.2652,1.2709,16388.49
2026-08-30 20:10:00,1.2709,1.281,1.2693,1.279,11200.58
2026-08-30 20:15:00,1.279,1.2811,1.2706,1.2736,15247.7
2026-08-30 20:20:00,1.2736,1.2791,1.2725,1.2753,7056.35
2026-08-30 20:25:00,1.2753,1.2786,1.2725,1.2784,22929.15
2026-08-30 20:30:00,1.2784,1.2819,1.2756,1.2816,24192.41
2026-08-30 20:35:00,1.2816,1.2845,1.2806,1.2824,90181.2
2026-08-30 20:40:00,1.2824,1.2865,1.2782,1.2787,249914.27
2026-08-30 20:45:00,1.2787,1.2805,1.2754,1.2767,19340.69
2026-08-30 20:50:00,1.2767,1.2771,1.2712,1.2732,37693.11
2026-08-30 20:55:00,1.2732,1.2753,1.2712,1.2736,1105.96
2026-08-30 21:00:00,1.2736,1.2753,1.2732,1.274,3846.63
2026-08-30 21:05:00,1.274,1.2797,1.2726,1.275,4566.98
2026-08-30 21:10:00,1.275,1.2786,1.2749,1.2768,13904.85
2026-08-30 21:15:00,1.2768,1.2815,1.2765,1.2794,14999.68
2026-08-30 21:20:00,1.2794,1.2833,1.279,1.2827,40260.75
2026-08-30 21:25:00,1.2827,1.2855,1.2792,1.2847,129653.77
2026-08-30 21:30:00,1.2847,1.2887,1.2842,1.2872,53218.95
2026-08-30 21:35:00,1.2872,1.2916,1.2844,1.2855,661327.18
2026-08-30 21:40:00,1.2855,1.2893,1.2824,1.283,385879.86
2026-08-30 21:45:00,1.283,1.2863,1.2743,1.2767,35596.76
2026-08-30 21:50:00,1.2767,1.278,1.2722,1.2744,4764.51
2026-08-30 21:55:00,1.2744,1.2798,1.2739,1.2739,113696.0
2026-08-30 22:00:00,1.2739,1.2749,1.2675,1.2687,29800.95
2026-08-30 22:05:00,1.2687,1.2696,1.2654,1.2668,45690.96
2026-08-30 22:10:00,1.2668,1.2712,1.2643,1.2662,64751.95
2026-08-30 22:15:00,1.2662,1.272,1.2638,1.2712,42602.97
2026-08-30 22:20:00,1.2712,1.282,1.2703,1.2806,5237.19
2026-08-30 22:25:00,1.2806,1.2838,1.2763,1.2767,3251.45
2026-08-30 22:30:00,1.2767,1.2775,1.2736,1.2758,71399.32
2026-08-30 22:35:00,1.2758,1.2764,1.2739,1.2753,1410.97
2026-08-30 22:40:00,1.2753,1.2834,1.2715,1.2811,11344.11
2026-08-30 22:45:00,1.2811,1.2822,1.2789,1.2801,74275.46
2026-08-30 22:50:00,1.2801,1.2807,1.2768,1.2787,23013.23
2026-08-30 22:55:00,1.2787,1.2809,1.2772,1.2799,63999.41
2026-08-30 23:00:00,1.2799,1.2806,1.2794,1.2804,8416.3
2026-08-30 23:05:00,1.2804,1.2828,1.2772,1.2788,172352.1
2026-08-30 23:10:00,1.2788,1.2812,1.2754,1.28,40273.67
2026-08-30 23:15:00,1.28,1.2843,1.2771,1.2777,234960.91
2026-08-30 23:20:00,1.2777,1.2817,1.2728,1.2814,25855.52
2026-08-30 23:25:00,1.2814,1.2851,1.2722,1.2764,7650.8
2026-08-30 23:30:00,1.2764,1.2783,1.2764,1.2764,27774.45
2026-08-30 23:35:00,1.2764,1.2786,1.2744,1.2751,9193.35
2026-08-30 23:40:00,1.2751,1.2768,1.2682,1.2707,32082.49
2026-08-30 23:45:00,1.2707,1.2711,1.269,1.2705,23694.19
2026-08-30 23:50:00,1.2705,1.2716,1.2682,1.2713,24689.84
2026-08-30 23:55:00,1.2713,1.2762,1.2704,1.2754,49856.48
2026-08-31 00:00:00,1.2754,1.2806,1.2706,1.2717,63680.96
2026-08-31 00:05:00,1.2717,1.2751,1.2704,1.2743,14852.32
2026-08-31 00:10:00,1.2743,1.275,1.2664,1.2675,17654.62
2026-08-31 00:15:00,1.2675,1.2681,1.2605,1.2617,111058.38
2026-08-31 00:20:00,1.2617,1.2659,1.259,1.2654,304433.56
2026-08-31 00:25:00,1.2654,1.2723,1.2652,1.2699,11724.94
2026-08-31 00:30:00,1.2699,1.2705,1.267,1.2671,9801.89
2026-08-31 00:35:00,1.2671,1.2692,1.2602,1.2603,113348.28
2026-08-31 00:40:00,1.2603,1.2625,1.2577,1.26,5829.08
2026-08-31 00:45:00,1.26,1.261,1.2537,1.2564,162669.44
2026-08-31 00:50:00,1.2564,1.2583,1.2543,1.2569,13239.63
2026-08-31 00:55:00,1.2569,1.2639,1.2545,1.2596,34541.44
2026-08-31 01:00:00,1.2596,1.2666,1.2595,1.2624,9560.8
2026-08-31 01:05:00,1.2624,1.2652,1.2592,1.2646,23606.61
2026-08-31 01:10:00,1.2646,1.2684,1.2627,1.2671,23649.58
2026-08-31 01:15:00,1.2671,1.2684,1.2667,1.2676,2889.46
2026-08-31 01:20:00,1.2676,1.2699,1.2669,1.2696,6680.57
2026-08-31 01:25:00,1.2696,1.2712,1.264,1.2649,49169.09
2026-08-31 01:30:00,1.2649,1.2687,1.2616,1.2682,86476.19
2026-08-31 01:35:00,1.2682,1.2692,1.2663,1.2666,161027.73
2026-08-31 01:40:00,1.2666,1.2712,1.2643,1.27,189233.81
2026-08-31 01:45:00,1.27,1.2705,1.2661,1.2678,67526.49
2026-08-31 01:50:00,1.2678,1.2711,1.265,1.2709,22206.25
2026-08-31 01:55:00,1.2709,1.2735,1.2703,1.2707,21424.46
2026-08-31 02:00:00,1.2707,1.2749,1.2672,1.2676,6307.41
2026-08-31 02:05:00,1.2676,1.2685,1.2666,1.2676,47078.24
2026-08-31 02:10:00,1.2676,1.2757,1.2671,1.2745,57045.16
2026-08-31 02:15:00,1.2745,1.2745,1.2702,1.2708,92042.33
2026-08-31 02:20:00,1.2708,1.2725,1.2682,1.2714,37151.15
2026-08-31 02:25:00,1.2714,1.2736,1.2685,1.2705,6894.93
2026-08-31 02:30:00,1.2705,1.2711,1.2667,1.2689,93814.74
2026-08-31 02:35:00,1.2689,1.2689,1.2645,1.2674,22105.44
2026-08-31 02:40:00,1.2674,1.2723,1.2633,1.2711,641107.89
2026-08-31 02:45:00,1.2711,1.279,1.2684,1.2757,155253.65
2026-08-31 02:50:00,1.2757,1.2763,1.2723,1.2744,59115.63
2026-08-31 02:55:00,1.2744,1.2772,1.2684,1.2688,35077.79
2026-08-31 03:00:00,1.2688,1.2754,1.2663,1.2734,32549.7
2026-08-31 03:05:00,1.2734,1.2742,1.2722,1.2735,25293.38
2026-08-31 03:10:00,1.2735,1.2761,1.2724,1.2747,67273.85
2026-08-31 03:15:00,1.2747,1.2777,1.2735,1.276,40162.6
2026-08-31 03:20:00,1.276,1.2776,1.2709,1.2713,55652.8
2026-08-31 03:25:00,1.2713,1.2753,1.269,1.2737,2222.56
2026-08-31 03:30:00,1.2737,1.2747,1.2724,1.2747,14379.19
2026-08-31 03:35:00,1.2747,1.277,1.2719,1.2758,62507.66
2026-08-31 03:40:00,1.2758,1.2763,1.2746,1.2751,37195.08
2026-08-31 03:45:00,1.2751,1.2803,1.2708,1.2716,326932.77
2026-08-31 03:50:00,1.2716,1.2728,1.2708,1.2718,161096.79
2026-08-31 03:55:00,1.2718,1.2751,1.2715,1.2729,36917.14
2026-08-31 04:00:00,1.2729,1.276,1.2729,1.2758,35483.29
2026-08-31 04:05:00,1.2758,1.2786,1.2734,1.2741,23484.17
2026-08-31 04:10:00,1.2741,1.2776,1.2736,1.2776,33718.7
2026-08-31 04:15:00,1.2776,1.2786,1.275,1.2758,35170.73
2026-08-31 04:20:00,1.2758,1.2784,1.273,1.2764,105995.17
2026-08-31 04:25:00,1.2764,1.277,1.2746,1.2758,63729.56
2026-08-31 04:30:00,1.2758,1.2771,1.2753,1.2765,5856.96
2026-08-31 04:35:00,1.2765,1.2767,1.2746,1.2766,48761.73
2026-08-31 04:40:00,1.2766,1.2808,1.2741,1.2748,33279.63
2026-08-31 04:45:00,1.2748,1.2784,1.2705,1.2748,68798.92
2026-08-31 04:50:00,1.2748,1.2797,1.2725,1.2733,106950.44
2026-08-31 04:55:00,1.2733,1.2778,1.2718,1.2762,31893.89
2026-08-31 05:00:00,1.2762,1.2815,1.2736,1.2805,8529.99
2026-08-31 05:05:00,1.2805,1.2805,1.2719,1.2737,59743.47
2026-08-31 05:10:00,1.2737,1.2768,1.2715,1.2756,67098.15
2026-08-31 05:15:00,1.2756,1.2804,1.2742,1.2785,112033.9
2026-08-31 05:20:00,1.2785,1.2809,1.275,1.2761,206204.84
2026-08-31 05:25:00,1.2761,1.2778,1.2717,1.2745,91337.79
2026-08-31 05:30:00,1.2745,1.2754,1.2676,1.2705,45469.53
2026-08-31 05:35:00,1.2705,1.2725,1.2648,1.2649,85244.77
2026-08-31 05:40:00,1.2649,1.2725,1.2632,1.2716,50879.81
2026-08-31 05:45:00,1.2716,1.277,1.2714,1.2721,4217.8
2026-08-31 05:50:00,1.2721,1.2723,1.271,1.2713,31013.78
2026-08-31 05:55:00,1.2713,1.2727,1.2652,1.2694,21687.37
2026-08-31 06:00:00,1.2694,1.2702,1.2664,1.2665,10180.52
2026-08-31 06:05:00,1.2665,1.268,1.2613,1.2647,189514.64
2026-08-31 06:10:00,1.2647,1.2648,1.2632,1.2644,14695.26
2026-08-31 06:15:00,1.2644,1.2691,1.2627,1.2686,1801.42
2026-08-31 06:20:00,1.2686,1.2718,1.2669,1.2707,56453.95
2026-08-31 06:25:00,1.2707,1.2734,1.2692,1.2731,13520.45
2026-08-31 06:30:00,1.2731,1.2738,1.2702,1.2718,34276.45
2026-08-31 06:35:00,1.2718,1.2719,1.2699,1.2711,51113.91
2026-08-31 06:40:00,1.2711,1.2769,1.2707,1.2745,43872.5
2026-08-31 06:45:00,1.2745,1.2796,1.2733,1.2757,147589.46
2026-08-31 06:50:00,1.2757,1.2834,1.2747,1.2824,25019.78
2026-08-31 06:55:00,1.2824,1.2831,1.2802,1.2826,605.01
2026-08-31 07:00:00,1.2826,1.2869,1.2786,1.2858,33768.16
2026-08-31 07:05:00,1.2858,1.2914,1.2809,1.282,206755.68
2026-08-31 07:10:00,1.282,1.2844,1.2819,1.2843,30244.2
2026-08-31 07:15:00,1.2843,1.2851,1.2833,1.2836,164623.93
2026-08-31 07:20:00,1.2836,1.2861,1.2784,1.2788,11435.72
2026-08-31 07:25:00,1.2788,1.2791,1.2748,1.2764,6058.87
2026-08-31 07:30:00,1.2764,1.2766,1.2742,1.2753,89188.13
2026-08-31 07:35:00,1.2753,1.277,1.274,1.2767,59516.76
2026-08-31 07:40:00,1.2767,1.2785,1.2757,1.2767,23910.44
2026-08-31 07:45:00,1.2767,1.2772,1.2732,1.2762,28443.79
2026-08-31 07:50:00,1.2762,1.2779,1.2746,1.2773,13677.15
2026-08-31 07:55:00,1.2773,1.2778,1.2761,1.2762,9337.97
2026-08-31 08:00:00,1.2762,1.2768,1.2747,1.2764,107292.78
2026-08-31 08:05:00,1.2764,1.2819,1.2747,1.2803,157828.01
2026-08-31 08:10:00,1.2803,1.2807,1.2774,1.2782,32625.15
2026-08-31 08:15:00,1.2782,1.2801,1.277,1.2779,1689.15
2026-08-31 08:20:00,1.2779,1.2806,1.2694,1.2733,26219.57
2026-08-31 08:25:00,1.2733,1.2774,1.2695,1.273,31849.27
2026-08-31 08:30:00,1.273,1.2738,1.27,1.2705,14633.97
2026-08-31 08:35:00,1.2705,1.2713,1.2691,1.2709,47147.94
2026-08-31 08:40:00,1.2709,1.2716,1.2682,1.2695,71576.58
2026-08-31 08:45:00,1.2695,1.2805,1.2685,1.2785,94100.96
2026-08-31 08:50:00,1.2785,1.2825,1.2783,1.2816,51250.06
2026-08-31 08:55:00,1.2816,1.2852,1.2814,1.2827,70019.46
2026-08-31 09:00:00,1.2827,1.2829,1.2788,1.279,111111.46
2026-08-31 09:05:00,1.279,1.2799,1.2738,1.277,6646.02
2026-08-31 09:10:00,1.277,1.2788,1.2695,1.2716,25133.28
2026-08-31 09:15:00,1.2716,1.2751,1.2713,1.2749,15517.77
2026-08-31 09:20:00,1.2749,1.2768,1.2677,1.2701,79373.07
2026-08-31 09:25:00,1.2701,1.2707,1.2669,1.2684,42900.81
2026-08-31 09:30:00,1.2684,1.2722,1.2638,1.2655,165912.07
2026-08-31 09:35:00,1.2655,1.2655,1.2589,1.262,72460.51
2026-08-31 09:40:00,1.262,1.2686,1.258,1.2645,48071.01
2026-08-31 09:45:00,1.2645,1.2694,1.2617,1.2682,218355.82
2026-08-31 09:50:00,1.2682,1.2712,1.2649,1.2686,74068.2
2026-08-31 09:55:00,1.2686,1.2741,1.2675,1.2736,54550.91
2026-08-31 10:00:00,1.2736,1.2795,1.2708,1.277,12011.31
2026-08-31 10:05:00,1.277,1.2779,1.2719,1.2743,7707.56
2026-08-31 10:10:00,1.2743,1.278,1.2711,1.2765,37464.09
2026-08-31 10:15:00,1.2765,1.2773,1.2746,1.2772,3782.56
2026-08-31 10:20:00,1.2772,1.2846,1.2766,1.2811,85295.86
2026-08-31 10:25:00,1.2811,1.2825,1.2797,1.281,101976.19
2026-08-31 10:30:00,1.281,1.2843,1.2793,1.2822,24993.4
2026-08-31 10:35:00,1.2822,1.2855,1.2801,1.2806,48282.35
2026-08-31 10:40:00,1.2806,1.281,1.2734,1.2757,9062.08
2026-08-31 10:45:00,1.2757,1.2779,1.2746,1.2756,4255.04
2026-08-31 10:50:00,1.2756,1.2856,1.2749,1.2826,29915.4
2026-08-31 10:55:00,1.2826,1.2845,1.2824,1.2827,36327.82
2026-08-31 11:00:00,1.2827,1.2855,1.2818,1.2853,144920.97
2026-08-31 11:05:00,1.2853,1.2874,1.2812,1.2874,83505.8
2026-08-31 11:10:00,1.2874,1.2876,1.2818,1.2827,113653.98
2026-08-31 11:15:00,1.2827,1.283,1.2758,1.2784,11526.75
2026-08-31 11:20:00,1.2784,1.2797,1.2769,1.2775,106704.06
2026-08-31 11:25:00,1.2775,1.2826,1.277,1.2802,83627.54
2026-08-31 11:30:00,1.2802,1.2821,1.2781,1.2797,26986.41
2026-08-31 11:35:00,1.2797,1.2801,1.2757,1.2776,162064.59
2026-08-31 11:40:00,1.2776,1.2792,1.2745,1.2753,49137.06
2026-08-31 11:45:00,1.2753,1.2769,1.2733,1.2737,2663.74
2026-08-31 11:50:00,1.2737,1.2769,1.2715,1.2768,13715.74
2026-08-31 11:55:00,1.2768,1.2794,1.2747,1.2791,58255.23
2026-08-31 12:00:00,1.2791,1.2811,1.273,1.2742,145087.56
2026-08-31 12:05:00,1.2742,1.2807,1.2735,1.2768,89134.53
2026-08-31 12:10:00,1.2768,1.2819,1.2762,1.2807,84476.48
2026-08-31 12:15:00,1.2807,1.2887,1.2793,1.2854,4721.14
2026-08-31 12:20:00,1.2854,1.287,1.2818,1.2832,15852.63
2026-08-31 12:25:00,1.2832,1.2854,1.2816,1.2817,46871.54
2026-08-31 12:30:00,1.2817,1.2845,1.2769,1.2802,37772.15
2026-08-31 12:35:00,1.2802,1.2865,1.2789,1.2844,35184.72
2026-08-31 12:40:00,1.2844,1.2851,1.2835,1.2845,22862.71
2026-08-31 12:45:00,1.2845,1.2854,1.2805,1.2844,37040.83
2026-08-31 12:50:00,1.2844,1.2884,1.275,1.2794,31822.89
2026-08-31 12:55:00,1.2794,1.281,1.2781,1.2794,15053.17
2026-08-31 13:00:00,1.2794,1.2797,1.2756,1.2773,27.88
2026-08-31 13:05:00,1.2773,1.2788,1.2745,1.2786,155091.82
2026-08-31 13:10:00,1.2786,1.2816,1.2769,1.2783,24987.71
2026-08-31 13:15:00,1.2783,1.2791,1.2721,1.2732,35742.06
2026-08-31 13:20:00,1.2732,1.2779,1.2731,1.2753,3539.19
2026-08-31 13:25:00,1.2753,1.2762,1.2656,1.2661,60411.67
2026-08-31 13:30:00,1.2661,1.2693,1.2608,1.2621,37237.63
2026-08-31 13:35:00,1.2621,1.2635,1.2576,1.2591,36438.31
2026-08-31 13:40:00,1.2591,1.2622,1.2538,1.2616,64681.29
2026-08-31 13:45:00,1.2616,1.2626,1.2574,1.258,64824.31
2026-08-31 13:50:00,1.258,1.2613,1.2555,1.2602,238615.3
2026-08-31 13:55:00,1.2602,1.262,1.2553,1.2595,76608.54
2026-08-31 14:00:00,1.2595,1.2634,1.256,1.2621,201568.43
2026-08-31 14:05:00,1.2621,1.2642,1.2579,1.2632,206190.34
2026-08-31 14:10:00,1.2632,1.2652,1.2582,1.2602,5049.51
2026-08-31 14:15:00,1.2602,1.2646,1.2586,1.2639,4255.06
2026-08-31 14:20:00,1.2639,1.268,1.2596,1.2674,140527.73
2026-08-31 14:25:00,1.2674,1.2705,1.2619,1.2622,54289.17
2026-08-31 14:30:00,1.2622,1.266,1.2578,1.2654,12320.35
2026-08-31 14:35:00,1.2654,1.2683,1.2649,1.2668,129113.93
2026-08-31 14:40:00,1.2668,1.2696,1.2657,1.269,42256.81
2026-08-31 14:45:00,1.269,1.2701,1.2665,1.2675,15758.19
2026-08-31 14:50:00,1.2675,1.2679,1.263,1.2658,14896.09
2026-08-31 14:55:00,1.2658,1.2669,1.2643,1.2649,103309.07
2026-08-31 15:00:00,1.2649,1.2661,1.2605,1.2622,42222.5
2026-08-31 15:05:00,1.2622,1.2639,1.2562,1.258,74972.59
2026-08-31 15:10:00,1.258,1.2593,1.2546,1.2558,55010.58
2026-08-31 15:15:00,1.2558,1.2566,1.249,1.2502,43262.18
2026-08-31 15:20:00,1.2502,1.2511,1.2488,1.2507,16862.25
2026-08-31 15:25:00,1.2507,1.2545,1.2503,1.2523,66219.66
2026-08-31 15:30:00,1.2523,1.2563,1.2514,1.2535,3591.28
2026-08-31 15:35:00,1.2535,1.2546,1.2504,1.2518,6101.59
2026-08-31 15:40:00,1.2518,1.2552,1.2482,1.2541,301000.79
2026-08-31 15:45:00,1.2541,1.2566,1.2515,1.2528,63127.74
2026-08-31 15:50:00,1.2528,1.2583,1.2518,1.2574,38737.38
2026-08-31 15:55:00,1.2574,1.2634,1.2572,1.2613,31729.0
2026-08-31 16:00:00,1.2613,1.2623,1.2608,1.261,9797.81
2026-08-31 16:05:00,1.261,1.2628,1.2603,1.2614,46484.68
2026-08-31 16:10:00,1.2614,1.2672,1.2603,1.264,82236.58
2026-08-31 16:15:00,1.264,1.2649,1.2569,1.2604,16750.19
2026-08-31 16:20:00,1.2604,1.2617,1.2577,1.2603,62653.78
2026-08-31 16:25:00,1.2603,1.264,1.2575,1.2618,78942.78
2026-08-31 16:30:00,1.2618,1.2628,1.2557,1.2602,2938.03
2026-08-31 16:35:00,1.2602,1.2631,1.2595,1.262,17972.66
2026-08-31 16:40:00,1.262,1.2648,1.2577,1.258,202391.28
2026-08-31 16:45:00,1.258,1.2648,1.2558,1.2607,72068.69
2026-08-31 16:50:00,1.2607,1.2618,1.2556,1.2574,158714.12
2026-08-31 16:55:00,1.2574,1.2606,1.2534,1.2541,151519.27
2026-08-31 17:00:00,1.2541,1.2642,1.2536,1.2641,101424.35
2026-08-31 17:05:00,1.2641,1.2656,1.2563,1.2602,131713.48
2026-08-31 17:10:00,1.2602,1.2647,1.2584,1.263,97640.91
2026-08-31 17:15:00,1.263,1.2662,1.2594,1.2613,11608.95
2026-08-31 17:20:00,1.2613,1.2629,1.2563,1.2591,5892.02
2026-08-31 17:25:00,1.2591,1.2617,1.2501,1.2519,30361.44
2026-08-31 17:30:00,1.2519,1.2522,1.2507,1.2519,23047.63
2026-08-31 17:35:00,1.2519,1.2544,1.2495,1.2529,32135.61
2026-08-31 17:40:00,1.2529,1.2549,1.2508,1.2512,31966.35
2026-08-31 17:45:00,1.2512,1.255,1.2489,1.2537,33762.84
2026-08-31 17:50:00,1.2537,1.2581,1.2507,1.2514,3588.13
2026-08-31 17:55:00,1.2514,1.2542,1.2484,1.2492,67865.63
2026-08-31 18:00:00,1.2492,1.2514,1.2483,1.2514,188605.09
2026-08-31 18:05:00,1.2514,1.2552,1.246,1.2544,183908.72
2026-08-31 18:10:00,1.2544,1.2604,1.2543,1.2596,202877.21
2026-08-31 18:15:00,1.2596,1.2606,1.2568,1.2601,123546.07
2026-08-31 18:20:00,1.2601,1.2642,1.2586,1.2619,12825.56
2026-08-31 18:25:00,1.2619,1.2632,1.2589,1.2614,488.51
2026-08-31 18:30:00,1.2614,1.265,1.2606,1.2628,337512.11
2026-08-31 18:35:00,1.2628,1.2657,1.2598,1.2633,4928.78
2026-08-31 18:40:00,1.2633,1.2641,1.2622,1.2626,69947.98
2026-08-31 18:45:00,1.2626,1.2646,1.2539,1.2566,31575.75
2026-08-31 18:50:00,1.2566,1.2606,1.2544,1.2578,171904.17
2026-08-31 18:55:00,1.2578,1.258,1.2558,1.2558,7437.56
2026-08-31 19:00:00,1.2558,1.2583,1.2554,1.2568,19892.37
2026-08-31 19:05:00,1.2568,1.2605,1.2567,1.2577,68161.67
2026-08-31 19:10:00,1.2577,1.2624,1.2547,1.2617,222891.45
2026-08-31 19:15:00,1.2617,1.2633,1.2526,1.2526,58122.57
2026-08-31 19:20:00,1.2526,1.255,1.2498,1.254,31528.97
2026-08-31 19:25:00,1.254,1.2558,1.2473,1.2487,16045.2
2026-08-31 19:30:00,1.2487,1.2518,1.2486,1.2491,16249.78
2026-08-31 19:35:00,1.2491,1.2539,1.2449,1.2528,30605.06
2026-08-31 19:40:00,1.2528,1.2542,1.2488,1.25,300526.41
2026-08-31 19:45:00,1.25,1.2567,1.2458,1.2563,81812.95
2026-08-31 19:50:00,1.2563,1.2576,1.2541,1.2574,447.24
2026-08-31 19:55:00,1.2574,1.2602,1.2547,1.2548,14975.18
2026-08-31 20:00:00,1.2548,1.2586,1.2526,1.2583,43737.57
2026-08-31 20:05:00,1.2583,1.2591,1.2583,1.2584,53356.57
2026-08-31 20:10:00,1.2584,1.2674,1.2574,1.2673,6375.36
2026-08-31 20:15:00,1.2673,1.2711,1.2595,1.2625,133985.3
2026-08-31 20:20:00,1.2625,1.2674,1.2592,1.2653,9158.41
2026-08-31 20:25:00,1.2653,1.2674,1.2622,1.2643,47790.57
2026-08-31 20:30:00,1.2643,1.2678,1.2609,1.2613,139150.49
2026-08-31 20:35:00,1.2613,1.2677,1.2609,1.2663,111065.79
2026-08-31 20:40:00,1.2663,1.267,1.26,1.2616,123301.75
2026-08-31 20:45:00,1.2616,1.2657,1.2585,1.2629,3098.24
2026-08-31 20:50:00,1.2629,1.2653,1.262,1.2633,10027.09
2026-08-31 20:55:00,1.2633,1.2689,1.261,1.267,50407.81
2026-08-31 21:00:00,1.267,1.2725,1.2665,1.2704,19013.0
2026-08-31 21:05:00,1.2704,1.2732,1.2695,1.2706,50352.16
2026-08-31 21:10:00,1.2706,1.2731,1.2665,1.2679,20683.14
2026-08-31 21:15:00,1.2679,1.2709,1.2649,1.2654,117695.87
2026-08-31 21:20:00,1.2654,1.2697,1.2614,1.262,33937.67
2026-08-31 21:25:00,1.262,1.2624,1.2599,1.2607,19420.33
2026-08-31 21:30:00,1.2607,1.2651,1.2598,1.2641,34157.19
2026-08-31 21:35:00,1.2641,1.2646,1.2619,1.2625,66738.38
2026-08-31 21:40:00,1.2625,1.2677,1.2584,1.259,178590.54
2026-08-31 21:45:00,1.259,1.2604,1.2503,1.2528,21404.82
2026-08-31 21:50:00,1.2528,1.2564,1.2511,1.2537,85517.77
2026-08-31 21:55:00,1.2537,1.2562,1.2514,1.2552,75490.84
2026-08-31 22:00:00,1.2552,1.2602,1.2547,1.2587,14628.67
2026-08-31 22:05:00,1.2587,1.2633,1.2573,1.262,43860.38
2026-08-31 22:10:00,1.262,1.2639,1.2602,1.2607,30323.99
2026-08-31 22:15:00,1.2607,1.2653,1.2593,1.264,5141.24
2026-08-31 22:20:00,1.264,1.2679,1.2611,1.2616,36871.88
2026-08-31 22:25:00,1.2616,1.2621,1.2585,1.2611,38785.5
2026-08-31 22:30:00,1.2611,1.2621,1.2558,1.2565,6835.26
2026-08-31 22:35:00,1.2565,1.2578,1.2561,1.2574,8435.93
2026-08-31 22:40:00,1.2574,1.2579,1.2542,1.255,137406.53
2026-08-31 22:45:00,1.255,1.2555,1.2514,1.2523,16318.49
2026-08-31 22:50:00,1.2523,1.2579,1.2505,1.2563,140732.72
2026-08-31 22:55:00,1.2563,1.2577,1.2489,1.2495,105555.46
2026-08-31 23:00:00,1.2495,1.2509,1.2454,1.2479,93370.39
2026-08-31 23:05:00,1.2479,1.2496,1.2462,1.2486,9109.69
2026-08-31 23:10:00,1.2486,1.2531,1.2475,1.2508,814.39
2026-08-31 23:15:00,1.2508,1.2536,1.2484,1.2528,75123.55
2026-08-31 23:20:00,1.2528,1.2581,1.2525,1.257,46613.18
2026-08-31 23:25:00,1.257,1.2573,1.2511,1.2528,148688.86
2026-08-31 23:30:00,1.2528,1.256,1.2523,1.2536,52168.86
2026-08-31 23:35:00,1.2536,1.2545,1.2529,1.2535,104752.16
2026-08-31 23:40:00,1.2535,1.2551,1.2457,1.2498,2204.89
2026-08-31 23:45:00,1.2498,1.2548,1.2464,1.2514,112826.66
2026-08-31 23:50:00,1.2514,1.255,1.2507,1.2515,28680.39
2026-08-31 23:55:00,1.2515,1.2542,1.2492,1.2528,81653.7
2026-09-01 00:00:00,1.2528,1.253,1.2501,1.251,150183.14
2026-09-01 00:05:00,1.251,1.2534,1.25,1.2502,99429.34
2026-09-01 00:10:00,1.2502,1.254,1.2447,1.2458,39083.03
2026-09-01 00:15:00,1.2458,1.2497,1.2446,1.2484,48620.53
2026-09-01 00:20:00,1.2484,1.2489,1.247,1.247,206411.86
2026-09-01 00:25:00,1.247,1.2487,1.2386,1.2424,8636.59
2026-09-01 00:30:00,1.2424,1.2435,1.238,1.2408,64749.97
2026-09-01 00:35:00,1.2408,1.2417,1.2368,1.2368,25193.67
2026-09-01 00:40:00,1.2368,1.2414,1.2314,1.2403,62050.69
2026-09-01 00:45:00,1.2403,1.2405,1.2351,1.2378,57665.86
2026-09-01 00:50:00,1.2378,1.2405,1.2369,1.2395,1666.96
2026-09-01 00:55:00,1.2395,1.2421,1.2352,1.2409,80488.29
2026-09-01 01:00:00,1.2409,1.2425,1.2395,1.2405,41382.44
2026-09-01 01:05:00,1.2405,1.2423,1.2364,1.2378,123164.48
2026-09-01 01:10:00,1.2378,1.238,1.2373,1.2377,27744.67
2026-09-01 01:15:00,1.2377,1.2411,1.2364,1.2403,12992.18
2026-09-01 01:20:00,1.2403,1.2418,1.239,1.2401,2096.25
2026-09-01 01:25:00,1.2401,1.2439,1.2364,1.2428,166525.24
2026-09-01 01:30:00,1.2428,1.2471,1.238,1.2463,64650.16
2026-09-01 01:35:00,1.2463,1.2512,1.2447,1.2486,574.77
2026-09-01 01:40:00,1.2486,1.2521,1.2431,1.2513,157840.47
2026-09-01 01:45:00,1.2513,1.2551,1.2508,1.2537,52233.57
2026-09-01 01:50:00,1.2537,1.2556,1.2518,1.2555,138336.03
2026-09-01 01:55:00,1.2555,1.2586,1.2495,1.2522,8610.12
2026-09-01 02:00:00,1.2522,1.2591,1.2505,1.2564,39304.89
2026-09-01 02:05:00,1.2564,1.2576,1.2539,1.2541,1625.27
2026-09-01 02:10:00,1.2541,1.26,1.2525,1.2554,29087.97
2026-09-01 02:15:00,1.2554,1.2562,1.2494,1.2513,48979.37
2026-09-01 02:20:00,1.2513,1.2556,1.2494,1.2519,12605.12
2026-09-01 02:25:00,1.2519,1.2564,1.2518,1.2544,39549.81
2026-09-01 02:30:00,1.2544,1.2558,1.2525,1.2555,48324.38
2026-09-01 02:35:00,1.2555,1.2626,1.2541,1.2599,13262.19
2026-09-01 02:40:00,1.2599,1.261,1.2561,1.2562,43741.92
2026-09-01 02:45:00,1.2562,1.2611,1.2536,1.2585,76548.99
2026-09-01 02:50:00,1.2585,1.2602,1.2534,1.2549,14316.1
2026-09-01 02:55:00,1.2549,1.257,1.2466,1.2466,13001.83
2026-09-01 03:00:00,1.2466,1.2475,1.2391,1.2394,79787.72
2026-09-01 03:05:00,1.2394,1.2453,1.2391,1.2443,118659.2
2026-09-01 03:10:00,1.2443,1.2444,1.2359,1.2386,8147.38
2026-09-01 03:15:00,1.2386,1.2436,1.237,1.2389,56992.4
2026-09-01 03:20:00,1.2389,1.243,1.2337,1.242,53243.51
2026-09-01 03:25:00,1.242,1.2458,1.2387,1.2457,143915.44
2026-09-01 03:30:00,1.2457,1.2485,1.2432,1.2436,93221.98
2026-09-01 03:35:00,1.2436,1.2486,1.2408,1.2454,10463.66
2026-09-01 03:40:00,1.2454,1.2499,1.2441,1.2475,30859.68
2026-09-01 03:45:00,1.2475,1.2566,1.2453,1.253,56748.91
2026-09-01 03:50:00,1.253,1.2552,1.2514,1.2534,95758.51
2026-09-01 03:55:00,1.2534,1.2607,1.2513,1.259,29543.56
2026-09-01 04:00:00,1.259,1.26,1.252,1.2529,53411.77
2026-09-01 04:05:00,1.2529,1.2537,1.247,1.2495,64982.45
2026-09-01 04:10:00,1.2495,1.2514,1.2477,1.249,28222.86
2026-09-01 04:15:00,1.249,1.2522,1.2467,1.2511,20562.66
2026-09-01 04:20:00,1.2511,1.2531,1.2458,1.2472,3102.81
2026-09-01 04:25:00,1.2472,1.2479,1.2415,1.2448,127193.16
2026-09-01 04:30:00,1.2448,1.2457,1.2401,1.2414,27684.29
2026-09-01 04:35:00,1.2414,1.2438,1.2414,1.243,19297.75
2026-09-01 04:40:00,1.243,1.2451,1.2388,1.2415,72012.24
2026-09-01 04:45:00,1.2415,1.2452,1.2395,1.2438,69676.54
2026-09-01 04:50:00,1.2438,1.2486,1.2429,1.2478,11395.32
2026-09-01 04:55:00,1.2478,1.2488,1.2463,1.2483,104248.78
2026-09-01 05:00:00,1.2483,1.2514,1.2463,1.2503,155308.49
2026-09-01 05:05:00,1.2503,1.2524,1.2468,1.2474,69364.38
2026-09-01 05:10:00,1.2474,1.2493,1.2434,1.2439,89614.44
2026-09-01 05:15:00,1.2439,1.248,1.2432,1.2476,21226.39
2026-09-01 05:20:00,1.2476,1.2491,1.2458,1.2477,53059.31
2026-09-01 05:25:00,1.2477,1.2498,1.2409,1.2414,67599.58
2026-09-01 05:30:00,1.2414,1.2436,1.2382,1.2402,34677.1
2026-09-01 05:35:00,1.2402,1.2427,1.2399,1.2415,79643.74
2026-09-01 05:40:00,1.2415,1.246,1.2396,1.2449,46765.47
2026-09-01 05:45:00,1.2449,1.2462,1.2445,1.245,18031.91
2026-09-01 05:50:00,1.245,1.248,1.2414,1.2465,93809.77
2026-09-01 05:55:00,1.2465,1.2477,1.2437,1.2466,58508.08
2026-09-01 06:00:00,1.2466,1.2518,1.2465,1.2488,7771.6
2026-09-01 06:05:00,1.2488,1.2501,1.2475,1.2498,12810.14
2026-09-01 06:10:00,1.2498,1.2523,1.2462,1.2476,92597.2
2026-09-01 06:15:00,1.2476,1.2482,1.2437,1.2443,23820.06
2026-09-01 06:20:00,1.2443,1.2445,1.2385,1.2398,3342.49
2026-09-01 06:25:00,1.2398,1.2406,1.2309,1.231,12316.13
2026-09-01 06:30:00,1.231,1.2338,1.2268,1.2269,5128.28
2026-09-01 06:35:00,1.2269,1.23,1.2223,1.2288,426219.24
2026-09-01 06:40:00,1.2288,1.2337,1.2279,1.2316,19188.77
2026-09-01 06:45:00,1.2316,1.2316,1.2255,1.2284,149554.15
2026-09-01 06:50:00,1.2284,1.2323,1.226,1.2305,88812.61
2026-09-01 06:55:00,1.2305,1.2334,1.2272,1.233,385136.61
2026-09-01 07:00:00,1.233,1.238,1.2324,1.2371,27075.17
2026-09-01 07:05:00,1.2371,1.2422,1.2334,1.2416,102382.58
2026-09-01 07:10:00,1.2416,1.2437,1.2406,1.2423,8085.28
2026-09-01 07:15:00,1.2423,1.2441,1.2395,1.241,22084.11
2026-09-01 07:20:00,1.241,1.2463,1.239,1.2451,61400.49
2026-09-01 07:25:00,1.2451,1.246,1.2435,1.2435,4357.23
2026-09-01 07:30:00,1.2435,1.2474,1.2434,1.247,43515.47
2026-09-01 07:35:00,1.247,1.2518,1.2451,1.2505,108125.2
2026-09-01 07:40:00,1.2505,1.2508,1.2433,1.2457,25066.97
2026-09-01 07:45:00,1.2457,1.2468,1.2355,1.2365,33904.04
2026-09-01 07:50:00,1.2365,1.2394,1.2352,1.2357,226920.24
2026-09-01 07:55:00,1.2357,1.2377,1.2333,1.2357,10761.14
2026-09-01 08:00:00,1.2357,1.2366,1.2312,1.2341,51181.17
2026-09-01 08:05:00,1.2341,1.2345,1.2325,1.2329,39948.32
2026-09-01 08:10:00,1.2329,1.2367,1.2307,1.2309,4523.11
2026-09-01 08:15:00,1.2309,1.2319,1.2273,1.2299,40466.42
2026-09-01 08:20:00,1.2299,1.2318,1.2293,1.2315,8518.09
2026-09-01 08:25:00,1.2315,1.2346,1.2249,1.2253,78477.34
2026-09-01 08:30:00,1.2253,1.2296,1.2203,1.2287,198357.03
2026-09-01 08:35:00,1.2287,1.231,1.2241,1.2299,550380.02
2026-09-01 08:40:00,1.2299,1.232,1.2287,1.2295,60630.52
2026-09-01 08:45:00,1.2295,1.2309,1.2284,1.2304,56597.43
2026-09-01 08:50:00,1.2304,1.2328,1.2302,1.2318,37228.61
2026-09-01 08:55:00,1.2318,1.2324,1.2296,1.2296,106979.0
2026-09-01 09:00:00,1.2296,1.235,1.2283,1.2323,16949.66
2026-09-01 09:05:00,1.2323,1.2344,1.229,1.2308,7217.41
2026-09-01 09:10:00,1.2308,1.2311,1.2243,1.2284,177021.21
2026-09-01 09:15:00,1.2284,1.2284,1.2252,1.2272,42984.11
2026-09-01 09:20:00,1.2272,1.2296,1.2241,1.2285,113572.88
2026-09-01 09:25:00,1.2285,1.233,1.2261,1.2319,189540.93
2026-09-01 09:30:00,1.2319,1.2334,1.2248,1.2275,15233.31
2026-09-01 09:35:00,1.2275,1.2291,1.2246,1.2286,27949.7
2026-09-01 09:40:00,1.2286,1.2306,1.2266,1.2298,14112.65
2026-09-01 09:45:00,1.2298,1.2332,1.2266,1.2321,167779.79
2026-09-01 09:50:00,1.2321,1.2324,1.2258,1.2321,8020.63
2026-09-01 09:55:00,1.2321,1.2331,1.2272,1.2278,47284.59
2026-09-01 10:00:00,1.2278,1.2312,1.2249,1.2286,27022.69
2026-09-01 10:05:00,1.2286,1.2323,1.2264,1.2311,308961.33
2026-09-01 10:10:00,1.2311,1.2362,1.231,1.2334,232016.45
2026-09-01 10:15:00,1.2334,1.2353,1.2325,1.2329,109196.33
2026-09-01 10:20:00,1.2329,1.2408,1.2324,1.2386,10995.18
2026-09-01 10:25:00,1.2386,1.2436,1.2364,1.2426,114537.28
2026-09-01 10:30:00,1.2426,1.2447,1.2412,1.2415,177340.74
2026-09-01 10:35:00,1.2415,1.2423,1.2403,1.2416,6673.7
2026-09-01 10:40:00,1.2416,1.2422,1.2393,1.24,63783.32
2026-09-01 10:45:00,1.24,1.2448,1.2364,1.2433,4519.36
2026-09-01 10:50:00,1.2433,1.2435,1.2382,1.2402,79311.4
2026-09-01 10:55:00,1.2402,1.2464,1.2394,1.2443,88008.97
2026-09-01 11:00:00,1.2443,1.2473,1.2416,1.2425,32713.46
2026-09-01 11:05:00,1.2425,1.2473,1.2418,1.2452,19554.98
2026-09-01 11:10:00,1.2452,1.2484,1.2416,1.2477,17534.06
2026-09-01 11:15:00,1.2477,1.249,1.2463,1.2464,42789.86
2026-09-01 11:20:00,1.2464,1.2472,1.2455,1.2465,19781.6
2026-09-01 11:25:00,1.2465,1.2505,1.2452,1.248,218372.22
2026-09-01 11:30:00,1.248,1.2522,1.2477,1.252,3503.36
2026-09-01 11:35:00,1.252,1.2535,1.248,1.2494,13825.5
2026-09-01 11:40:00,1.2494,1.2504,1.2484,1.2486,165836.55
2026-09-01 11:45:00,1.2486,1.2498,1.2451,1.2475,7453.63
2026-09-01 11:50:00,1.2475,1.2496,1.2439,1.2445,3980.56
2026-09-01 11:55:00,1.2445,1.2498,1.2433,1.2493,31443.88
2026-09-01 12:00:00,1.2493,1.2517,1.2463,1.2496,49759.61
2026-09-01 12:05:00,1.2496,1.2535,1.2455,1.2467,139432.44
2026-09-01 12:10:00,1.2467,1.2482,1.2439,1.244,40485.29
2026-09-01 12:15:00,1.244,1.2455,1.2421,1.2453,180533.38
2026-09-01 12:20:00,1.2453,1.2483,1.245,1.2458,52378.45
2026-09-01 12:25:00,1.2458,1.2483,1.2425,1.2451,33689.97
2026-09-01 12:30:00,1.2451,1.2461,1.2403,1.2426,13996.72
2026-09-01 12:35:00,1.2426,1.2427,1.2404,1.2409,63889.99
2026-09-01 12:40:00,1.2409,1.243,1.2358,1.2399,17963.46
2026-09-01 12:45:00,1.2399,1.2424,1.2342,1.2374,2470.73
2026-09-01 12:50:00,1.2374,1.238,1.2349,1.2359,34744.48
2026-09-01 12:55:00,1.2359,1.2434,1.2351,1.2425,48637.39
2026-09-01 13:00:00,1.2425,1.2456,1.2393,1.24,90648.09
2026-09-01 13:05:00,1.24,1.2401,1.2394,1.24,139332.2
2026-09-01 13:10:00,1.24,1.2402,1.2377,1.2397,94852.54
2026-09-01 13:15:00,1.2397,1.2416,1.2332,1.2341,192582.05
2026-09-01 13:20:00,1.2341,1.2357,1.228,1.2305,176336.52
2026-09-01 13:25:00,1.2305,1.2348,1.2302,1.2338,104863.87
2026-09-01 13:30:00,1.2338,1.2406,1.2313,1.2388,24255.46
2026-09-01 13:35:00,1.2388,1.2392,1.2337,1.2364,1064.98
2026-09-01 13:40:00,1.2364,1.2367,1.2333,1.2355,39109.59
2026-09-01 13:45:00,1.2355,1.2358,1.2318,1.2333,35438.17
2026-09-01 13:50:00,1.2333,1.2349,1.2292,1.2323,10037.38
2026-09-01 13:55:00,1.2323,1.2339,1.2295,1.2331,815.6
2026-09-01 14:00:00,1.2331,1.2364,1.23,1.2356,60895.13
2026-09-01 14:05:00,1.2356,1.2406,1.2321,1.2393,41246.42
2026-09-01 14:10:00,1.2393,1.2394,1.2377,1.2383,49365.26
2026-09-01 14:15:00,1.2383,1.244,1.2382,1.2412,7329.6
2026-09-01 14:20:00,1.2412,1.2466,1.2403,1.2447,64352.99
2026-09-01 14:25:00,1.2447,1.2498,1.2421,1.2488,36038.77
2026-09-01 14:30:00,1.2488,1.2494,1.2453,1.246,91763.68
2026-09-01 14:35:00,1.246,1.2508,1.245,1.2482,30864.91
2026-09-01 14:40:00,1.2482,1.249,1.2467,1.2472,24374.66
2026-09-01 14:45:00,1.2472,1.2482,1.2417,1.2453,8014.74
2026-09-01 14:50:00,1.2453,1.2478,1.2434,1.244,21250.57
2026-09-01 14:55:00,1.244,1.246,1.2428,1.2455,71298.95
2026-09-01 15:00:00,1.2455,1.2491,1.2429,1.248,31376.26
2026-09-01 15:05:00,1.248,1.249,1.242,1.2462,54013.86
2026-09-01 15:10:00,1.2462,1.2511,1.2459,1.25,14357.53
2026-09-01 15:15:00,1.25,1.2502,1.2487,1.249,5305.41
2026-09-01 15:20:00,1.249,1.2539,1.2474,1.2522,69674.5
2026-09-01 15:25:00,1.2522,1.253,1.2443,1.2469,35289.07
2026-09-01 15:30:00,1.2469,1.2482,1.2457,1.2482,75110.17
2026-09-01 15:35:00,1.2482,1.2531,1.2449,1.2518,21666.6
2026-09-01 15:40:00,1.2518,1.2544,1.2475,1.2486,15465.26
2026-09-01 15:45:00,1.2486,1.2499,1.2463,1.2495,109996.7
2026-09-01 15:50:00,1.2495,1.2513,1.2484,1.251,62166.72
2026-09-01 15:55:00,1.251,1.2557,1.2485,1.2494,164478.23
2026-09-01 16:00:00,1.2494,1.2528,1.2491,1.2514,154181.27
2026-09-01 16:05:00,1.2514,1.2569,1.2483,1.2495,60461.7
2026-09-01 16:10:00,1.2495,1.2571,1.2495,1.2549,67483.15
2026-09-01 16:15:00,1.2549,1.257,1.2521,1.2536,14654.5
2026-09-01 16:20:00,1.2536,1.2558,1.2516,1.2554,14402.22
2026-09-01 16:25:00,1.2554,1.2568,1.2527,1.2548,46345.65
2026-09-01 16:30:00,1.2548,1.2554,1.2464,1.2475,125610.89
2026-09-01 16:35:00,1.2475,1.249,1.2427,1.2448,38727.41
2026-09-01 16:40:00,1.2448,1.2529,1.2423,1.25,152130.46
2026-09-01 16:45:00,1.25,1.2559,1.25,1.2525,56301.67
2026-09-01 16:50:00,1.2525,1.2626,1.2509,1.258,32944.03
2026-09-01 16:55:00,1.258,1.2582,1.2547,1.2549,29032.57
2026-09-01 17:00:00,1.2549,1.2581,1.2506,1.2517,75430.38
2026-09-01 17:05:00,1.2517,1.2548,1.249,1.2495,3641.34
2026-09-01 17:10:00,1.2495,1.2512,1.2481,1.2487,6986.8
2026-09-01 17:15:00,1.2487,1.2534,1.2483,1.2517,12145.46
2026-09-01 17:20:00,1.2517,1.2542,1.2477,1.2478,31109.43
2026-09-01 17:25:00,1.2478,1.2492,1.247,1.2485,67757.64
2026-09-01 17:30:00,1.2485,1.25,1.2466,1.2468,5657.7
2026-09-01 17:35:00,1.2468,1.2475,1.2452,1.2453,65664.03
2026-09-01 17:40:00,1.2453,1.2478,1.2427,1.2465,151312.61
2026-09-01 17:45:00,1.2465,1.2497,1.2453,1.2483,2518.7
2026-09-01 17:50:00,1.2483,1.2498,1.2475,1.2478,38494.78
2026-09-01 17:55:00,1.2478,1.2519,1.2456,1.2508,27344.35
2026-09-01 18:00:00,1.2508,1.2538,1.2458,1.2488,58035.12
2026-09-01 18:05:00,1.2488,1.2488,1.2449,1.2457,67564.64
2026-09-01 18:10:00,1.2457,1.2459,1.2393,1.2402,12334.8
2026-09-01 18:15:00,1.2402,1.2408,1.2388,1.2406,37111.68
2026-09-01 18:20:00,1.2406,1.2433,1.2344,1.2351,167211.1
2026-09-01 18:25:00,1.2351,1.2395,1.234,1.236,46294.8
2026-09-01 18:30:00,1.236,1.2387,1.2342,1.2382,45563.97
2026-09-01 18:35:00,1.2382,1.2413,1.2344,1.2348,852.16
2026-09-01 18:40:00,1.2348,1.2377,1.2294,1.2301,27236.18
2026-09-01 18:45:00,1.2301,1.2313,1.2271,1.2296,15678.7
2026-09-01 18:50:00,1.2296,1.2345,1.2289,1.2315,18265.11
2026-09-01 18:55:00,1.2315,1.2354,1.2292,1.2298,5450.57
2026-09-01 19:00:00,1.2298,1.2324,1.2276,1.2306,23347.88
2026-09-01 19:05:00,1.2306,1.2332,1.2261,1.2321,107760.8
2026-09-01 19:10:00,1.2321,1.235,1.2279,1.2303,37593.86
2026-09-01 19:15:00,1.2303,1.2346,1.2265,1.2338,210686.99
2026-09-01 19:20:00,1.2338,1.2352,1.233,1.2341,9605.54
2026-09-01 19:25:00,1.2341,1.2349,1.2319,1.2328,18310.7
2026-09-01 19:30:00,1.2328,1.2365,1.2326,1.2364,38740.28
2026-09-01 19:35:00,1.2364,1.2409,1.2346,1.2367,140972.39
2026-09-01 19:40:00,1.2367,1.2397,1.2276,1.2297,17490.94
2026-09-01 19:45:00,1.2297,1.2379,1.2297,1.2357,132977.19
2026-09-01 19:50:00,1.2357,1.2361,1.2309,1.2322,88899.25
2026-09-01 19:55:00,1.2322,1.2396,1.2313,1.2378,32648.5
2026-09-01 20:00:00,1.2378,1.2396,1.2359,1.2371,10354.82
2026-09-01 20:05:00,1.2371,1.2402,1.2276,1.2313,184099.69
2026-09-01 20:10:00,1.2313,1.2347,1.2272,1.2338,93167.88
2026-09-01 20:15:00,1.2338,1.2394,1.2336,1.238,51992.02
2026-09-01 20:20:00,1.238,1.2396,1.2365,1.2381,7563.26
2026-09-01 20:25:00,1.2381,1.2405,1.2374,1.2395,42103.96
2026-09-01 20:30:00,1.2395,1.2401,1.2332,1.2377,80444.51
2026-09-01 20:35:00,1.2377,1.2403,1.2363,1.2371,76658.53
2026-09-01 20:40:00,1.2371,1.2399,1.2363,1.2393,6337.59
2026-09-01 20:45:00,1.2393,1.2434,1.2389,1.2409,22581.33
2026-09-01 20:50:00,1.2409,1.2431,1.2372,1.2426,10069.24
2026-09-01 20:55:00,1.2426,1.2435,1.2405,1.2409,1238.5
2026-09-01 21:00:00,1.2409,1.246,1.2407,1.2426,52400.33
2026-09-01 21:05:00,1.2426,1.2437,1.2422,1.2433,52551.93
2026-09-01 21:10:00,1.2433,1.2433,1.2427,1.2428,4261.17
2026-09-01 21:15:00,1.2428,1.2446,1.2421,1.243,37717.51
2026-09-01 21:20:00,1.243,1.2459,1.2425,1.2446,4820.43
2026-09-01 21:25:00,1.2446,1.2458,1.2444,1.2458,4383.42
2026-09-01 21:30:00,1.2458,1.2459,1.2406,1.2449,5599.71
2026-09-01 21:35:00,1.2449,1.248,1.2444,1.2449,89767.23
2026-09-01 21:40:00,1.2449,1.2468,1.2367,1.2385,59427.01
2026-09-01 21:45:00,1.2385,1.2477,1.2378,1.2455,10988.92
2026-09-01 21:50:00,1.2455,1.2477,1.2423,1.2446,124280.34
2026-09-01 21:55:00,1.2446,1.2459,1.2409,1.243,40132.3
2026-09-01 22:00:00,1.243,1.2489,1.2413,1.2474,29280.89
2026-09-01 22:05:00,1.2474,1.2495,1.2416,1.242,152939.44
2026-09-01 22:10:00,1.242,1.2432,1.2394,1.2402,22433.31
2026-09-01 22:15:00,1.2402,1.2424,1.2358,1.2381,93143.43
2026-09-01 22:20:00,1.2381,1.2414,1.2375,1.239,138959.06
2026-09-01 22:25:00,1.239,1.2455,1.2386,1.2415,68462.36
2026-09-01 22:30:00,1.2415,1.2436,1.2367,1.2386,44976.55
2026-09-01 22:35:00,1.2386,1.2397,1.2362,1.2368,16124.99
2026-09-01 22:40:00,1.2368,1.2412,1.2366,1.2373,12853.45
2026-09-01 22:45:00,1.2373,1.2417,1.2351,1.2357,47126.44
2026-09-01 22:50:00,1.2357,1.2413,1.2347,1.2378,34389.87
2026-09-01 22:55:00,1.2378,1.2404,1.2351,1.2359,45169.2
2026-09-01 23:00:00,1.2359,1.2434,1.2345,1.2423,16566.56
2026-09-01 23:05:00,1.2423,1.2453,1.242,1.2453,12323.98
2026-09-01 23:10:00,1.2453,1.2459,1.2388,1.241,26652.85
2026-09-01 23:15:00,1.241,1.2419,1.2388,1.2406,24506.16
2026-09-01 23:20:00,1.2406,1.242,1.24,1.2415,3769.78
2026-09-01 23:25:00,1.2415,1.2447,1.2412,1.2434,13785.69
2026-09-01 23:30:00,1.2434,1.2453,1.2404,1.242,6011.87
2026-09-01 23:35:00,1.242,1.2421,1.2386,1.239,10758.27
2026-09-01 23:40:00,1.239,1.2401,1.2361,1.2379,4121.42
2026-09-01 23:45:00,1.2379,1.2404,1.237,1.2391,28421.4
2026-09-01 23:50:00,1.2391,1.2399,1.2383,1.2388,41138.75
2026-09-01 23:55:00,1.2388,1.2412,1.2356,1.2409,2318.34
2026-09-02 00:00:00,1.2409,1.2441,1.2374,1.243,167767.91
2026-09-02 00:05:00,1.243,1.2461,1.2383,1.2391,71024.04
2026-09-02 00:10:00,1.2391,1.2395,1.2348,1.235,82308.12
2026-09-02 00:15:00,1.235,1.2379,1.2342,1.2366,9415.04
2026-09-02 00:20:00,1.2366,1.2368,1.2361,1.2366,74718.36
2026-09-02 00:25:00,1.2366,1.2408,1.2364,1.2407,10013.27
2026-09-02 00:30:00,1.2407,1.2428,1.2365,1.2391,87952.04
2026-09-02 00:35:00,1.2391,1.2396,1.2347,1.2353,45123.26
2026-09-02 00:40:00,1.2353,1.2395,1.234,1.2375,135168.92
2026-09-02 00:45:00,1.2375,1.2387,1.2364,1.2368,84098.82
2026-09-02 00:50:00,1.2368,1.2375,1.235,1.2372,72422.6
2026-09-02 00:55:00,1.2372,1.241,1.2333,1.235,28184.58
2026-09-02 01:00:00,1.235,1.2363,1.2341,1.2355,19237.89
2026-09-02 01:05:00,1.2355,1.239,1.2351,1.2363,118323.99
2026-09-02 01:10:00,1.2363,1.2373,1.2291,1.233,8894.4
2026-09-02 01:15:00,1.233,1.2386,1.2317,1.2348,30585.15
2026-09-02 01:20:00,1.2348,1.2362,1.2333,1.2356,55716.04
2026-09-02 01:25:00,1.2356,1.2359,1.2338,1.2344,76177.43
2026-09-02 01:30:00,1.2344,1.2366,1.2332,1.2341,1727.37
2026-09-02 01:35:00,1.2341,1.2358,1.2341,1.235,15572.87
2026-09-02 01:40:00,1.235,1.2361,1.2315,1.232,58396.82
2026-09-02 01:45:00,1.232,1.2362,1.2312,1.2331,132696.76
2026-09-02 01:50:00,1.2331,1.237,1.2297,1.2309,5306.24
2026-09-02 01:55:00,1.2309,1.2326,1.2278,1.2321,81513.69
2026-09-02 02:00:00,1.2321,1.2405,1.2318,1.2371,76526.06
2026-09-02 02:05:00,1.2371,1.2418,1.2361,1.239,68251.83
2026-09-02 02:10:00,1.239,1.2393,1.2338,1.2362,18264.25
2026-09-02 02:15:00,1.2362,1.2382,1.2311,1.2354,37809.17
2026-09-02 02:20:00,1.2354,1.2375,1.2349,1.2368,51967.66
2026-09-02 02:25:00,1.2368,1.2406,1.2354,1.237,5001.94
2026-09-02 02:30:00,1.237,1.2406,1.2323,1.24,88962.93
2026-09-02 02:35:00,1.24,1.2428,1.2383,1.2399,70471.34
2026-09-02 02:40:00,1.2399,1.2403,1.23,1.2313,4932.8
2026-09-02 02:45:00,1.2313,1.2324,1.2302,1.2317,2241.69
2026-09-02 02:50:00,1.2317,1.2318,1.2259,1.2296,59165.7
2026-09-02 02:55:00,1.2296,1.2343,1.2287,1.2339,10586.92
2026-09-02 03:00:00,1.2339,1.2358,1.2319,1.2331,42055.15
2026-09-02 03:05:00,1.2331,1.2351,1.2322,1.2343,65750.1
2026-09-02 03:10:00,1.2343,1.2356,1.2277,1.2296,30165.09
2026-09-02 03:15:00,1.2296,1.2299,1.2282,1.2285,58298.36
2026-09-02 03:20:00,1.2285,1.2303,1.2217,1.2257,3033.69
2026-09-02 03:25:00,1.2257,1.2276,1.2243,1.2266,329767.77
2026-09-02 03:30:00,1.2266,1.2302,1.2248,1.2294,374098.11
2026-09-02 03:35:00,1.2294,1.2357,1.2252,1.234,14708.33
2026-09-02 03:40:00,1.234,1.2369,1.2302,1.2323,36279.36
2026-09-02 03:45:00,1.2323,1.2355,1.2303,1.2308,36292.99
2026-09-02 03:50:00,1.2308,1.232,1.2273,1.2288,78991.64
2026-09-02 03:55:00,1.2288,1.2302,1.2253,1.2257,145917.09
2026-09-02 04:00:00,1.2257,1.2297,1.2227,1.2286,10136.02
2026-09-02 04:05:00,1.2286,1.2347,1.2251,1.2334,93150.43
2026-09-02 04:10:00,1.2334,1.2375,1.2317,1.2367,3572.24
2026-09-02 04:15:00,1.2367,1.2409,1.2345,1.2398,16002.86
2026-09-02 04:20:00,1.2398,1.2407,1.2373,1.2404,83632.81
2026-09-02 04:25:00,1.2404,1.2415,1.2356,1.2377,12741.62
2026-09-02 04:30:00,1.2377,1.2392,1.2374,1.2382,161650.95
2026-09-02 04:35:00,1.2382,1.2394,1.234,1.2346,3907.05
2026-09-02 04:40:00,1.2346,1.238,1.234,1.2355,26688.56
2026-09-02 04:45:00,1.2355,1.2374,1.2321,1.2331,257.47
2026-09-02 04:50:00,1.2331,1.2333,1.2285,1.2299,30334.55
2026-09-02 04:55:00,1.2299,1.2341,1.2232,1.2259,39969.1
2026-09-02 05:00:00,1.2259,1.2262,1.2243,1.226,15461.61
2026-09-02 05:05:00,1.226,1.2266,1.2251,1.2258,18469.32
2026-09-02 05:10:00,1.2258,1.2284,1.2231,1.2247,10956.9
2026-09-02 05:15:00,1.2247,1.2279,1.2195,1.2208,139712.48
2026-09-02 05:20:00,1.2208,1.2213,1.2197,1.2205,6674.58
2026-09-02 05:25:00,1.2205,1.2224,1.2158,1.2165,48882.47
2026-09-02 05:30:00,1.2165,1.217,1.2111,1.2146,67847.53
2026-09-02 05:35:00,1.2146,1.2177,1.2103,1.2173,288816.02
2026-09-02 05:40:00,1.2173,1.2209,1.2167,1.219,20371.6
2026-09-02 05:45:00,1.219,1.2233,1.215,1.2161,46973.07
2026-09-02 05:50:00,1.2161,1.2203,1.2131,1.2197,21756.18
2026-09-02 05:55:00,1.2197,1.2199,1.2161,1.2185,66521.6
2026-09-02 06:00:00,1.2185,1.2202,1.2114,1.2125,21899.31
2026-09-02 06:05:00,1.2125,1.2147,1.2106,1.2142,75215.54
2026-09-02 06:10:00,1.2142,1.2204,1.2106,1.2179,88520.72
2026-09-02 06:15:00,1.2179,1.221,1.2133,1.2142,28142.1
2026-09-02 06:20:00,1.2142,1.2192,1.2113,1.2175,48147.57
2026-09-02 06:25:00,1.2175,1.2215,1.2155,1.219,53485.45
2026-09-02 06:30:00,1.219,1.2191,1.2154,1.2158,33008.97
2026-09-02 06:35:00,1.2158,1.2173,1.211,1.2113,83852.75
2026-09-02 06:40:00,1.2113,1.215,1.2099,1.2122,96924.6
2026-09-02 06:45:00,1.2122,1.2157,1.208,1.2109,187267.53
2026-09-02 06:50:00,1.2109,1.2132,1.2088,1.2122,43831.23
2026-09-02 06:55:00,1.2122,1.2144,1.2094,1.2099,7248.75
2026-09-02 07:00:00,1.2099,1.2143,1.2085,1.213,37263.64
2026-09-02 07:05:00,1.213,1.217,1.2127,1.2158,47757.68
2026-09-02 07:10:00,1.2158,1.2184,1.2121,1.218,214114.43
2026-09-02 07:15:00,1.218,1.2206,1.2127,1.2199,12807.65
2026-09-02 07:20:00,1.2199,1.2231,1.217,1.2222,290259.69
2026-09-02 07:25:00,1.2222,1.2238,1.2201,1.2225,23827.9
2026-09-02 07:30:00,1.2225,1.2226,1.2171,1.2193,16777.83
2026-09-02 07:35:00,1.2193,1.2225,1.2167,1.2212,52213.55
2026-09-02 07:40:00,1.2212,1.2299,1.221,1.2269,33563.11
2026-09-02 07:45:00,1.2269,1.231,1.2262,1.2306,22538.08
2026-09-02 07:50:00,1.2306,1.2332,1.2262,1.2285,2036.28
2026-09-02 07:55:00,1.2285,1.2285,1.2261,1.2271,11964.62
2026-09-02 08:00:00,1.2271,1.2289,1.2214,1.222,56187.01
2026-09-02 08:05:00,1.222,1.2238,1.2185,1.2188,60166.85
2026-09-02 08:10:00,1.2188,1.2224,1.216,1.2179,47447.24
2026-09-02 08:15:00,1.2179,1.2206,1.2148,1.2158,68305.44
2026-09-02 08:20:00,1.2158,1.2173,1.2137,1.2167,173571.87
2026-09-02 08:25:00,1.2167,1.2174,1.2112,1.2128,72005.33
2026-09-02 08:30:00,1.2128,1.2164,1.2115,1.2148,33254.71
2026-09-02 08:35:00,1.2148,1.2166,1.2104,1.2105,108187.77
2026-09-02 08:40:00,1.2105,1.2124,1.2071,1.2115,510301.13
2026-09-02 08:45:00,1.2115,1.2184,1.2106,1.2148,110442.4
2026-09-02 08:50:00,1.2148,1.2178,1.2101,1.2102,57539.46
2026-09-02 08:55:00,1.2102,1.2126,1.2054,1.2115,188080.41
2026-09-02 09:00:00,1.2115,1.2117,1.209,1.2104,62873.62
2026-09-02 09:05:00,1.2104,1.2129,1.2083,1.2122,188588.17
2026-09-02 09:10:00,1.2122,1.2155,1.2115,1.2147,3704.72
2026-09-02 09:15:00,1.2147,1.2171,1.2091,1.2121,105406.57
2026-09-02 09:20:00,1.2121,1.213,1.212,1.2128,4712.45
2026-09-02 09:25:00,1.2128,1.2136,1.208,1.2103,7227.68
2026-09-02 09:30:00,1.2103,1.2131,1.2087,1.2112,7399.53
2026-09-02 09:35:00,1.2112,1.2161,1.2086,1.2155,61778.59
2026-09-02 09:40:00,1.2155,1.2179,1.2119,1.2131,43835.44
2026-09-02 09:45:00,1.2131,1.2169,1.2086,1.2106,47979.98
2026-09-02 09:50:00,1.2106,1.2118,1.2092,1.211,65067.83
2026-09-02 09:55:00,1.211,1.2134,1.2073,1.213,889375.85
2026-09-02 10:00:00,1.213,1.2149,1.2108,1.2112,49233.86
2026-09-02 10:05:00,1.2112,1.2161,1.2094,1.215,3725.39
2026-09-02 10:10:00,1.215,1.2155,1.2134,1.2148,100574.26
2026-09-02 10:15:00,1.2148,1.2172,1.2134,1.2167,7906.02
2026-09-02 10:20:00,1.2167,1.2181,1.2106,1.2124,53129.68
2026-09-02 10:25:00,1.2124,1.2139,1.2071,1.2108,30127.17
2026-09-02 10:30:00,1.2108,1.2135,1.2057,1.2124,64154.31
2026-09-02 10:35:00,1.2124,1.2138,1.2107,1.2109,83192.17
2026-09-02 10:40:00,1.2109,1.214,1.2078,1.213,160410.51
2026-09-02 10:45:00,1.213,1.2145,1.2097,1.21,6302.22
2026-09-02 10:50:00,1.21,1.2131,1.207,1.2081,59561.28
2026-09-02 10:55:00,1.2081,1.2112,1.2036,1.2101,48967.83
2026-09-02 11:00:00,1.2101,1.2143,1.206,1.2135,211616.54
2026-09-02 11:05:00,1.2135,1.2151,1.2125,1.2148,2462.1
2026-09-02 11:10:00,1.2148,1.2178,1.2138,1.2151,18678.03
2026-09-02 11:15:00,1.2151,1.216,1.2109,1.2133,5489.86
2026-09-02 11:20:00,1.2133,1.2137,1.2124,1.2127,19350.17
2026-09-02 11:25:00,1.2127,1.2145,1.2099,1.2128,2572.25
2026-09-02 11:30:00,1.2128,1.2206,1.208,1.2191,3238.57
2026-09-02 11:35:00,1.2191,1.2228,1.2188,1.2217,44040.41
2026-09-02 11:40:00,1.2217,1.226,1.2202,1.2255,10949.69
2026-09-02 11:45:00,1.2255,1.2256,1.2177,1.2206,39973.41
2026-09-02 11:50:00,1.2206,1.2237,1.2171,1.2185,38503.4
2026-09-02 11:55:00,1.2185,1.2237,1.2167,1.2213,6607.86
2026-09-02 12:00:00,1.2213,1.2242,1.2211,1.2224,46940.04
2026-09-02 12:05:00,1.2224,1.2229,1.219,1.2209,82924.73
2026-09-02 12:10:00,1.2209,1.2228,1.22,1.2222,45352.4
2026-09-02 12:15:00,1.2222,1.2229,1.2197,1.2216,48841.46
2026-09-02 12:20:00,1.2216,1.2226,1.215,1.2161,14675.3
2026-09-02 12:25:00,1.2161,1.2185,1.2113,1.2117,25793.41
2026-09-02 12:30:00,1.2117,1.2126,1.2096,1.2114,32855.05
2026-09-02 12:35:00,1.2114,1.2137,1.2109,1.2117,8789.05
2026-09-02 12:40:00,1.2117,1.218,1.2092,1.2162,14662.82
2026-09-02 12:45:00,1.2162,1.2178,1.2105,1.2113,16726.23
2026-09-02 12:50:00,1.2113,1.2117,1.2052,1.206,100531.28
2026-09-02 12:55:00,1.206,1.2123,1.2053,1.2092,17562.16
2026-09-02 13:00:00,1.2092,1.211,1.2053,1.2105,245122.54
2026-09-02 13:05:00,1.2105,1.2126,1.2101,1.2125,65859.86
2026-09-02 13:10:00,1.2125,1.214,1.211,1.2114,67626.0
2026-09-02 13:15:00,1.2114,1.2143,1.209,1.2135,58973.6
2026-09-02 13:20:00,1.2135,1.2166,1.213,1.2159,223984.31
2026-09-02 13:25:00,1.2159,1.2199,1.212,1.219,15988.84
2026-09-02 13:30:00,1.219,1.2201,1.2143,1.2146,59646.59
2026-09-02 13:35:00,1.2146,1.2191,1.2128,1.2169,35285.16
2026-09-02 13:40:00,1.2169,1.2177,1.2109,1.2123,59692.18
2026-09-02 13:45:00,1.2123,1.2155,1.2096,1.2144,70374.37
2026-09-02 13:50:00,1.2144,1.2168,1.2132,1.2163,68993.56
2026-09-02 13:55:00,1.2163,1.2177,1.2162,1.2168,100990.11
2026-09-02 14:00:00,1.2168,1.2197,1.2161,1.2164,18496.37
2026-09-02 14:05:00,1.2164,1.217,1.213,1.214,4694.32
2026-09-02 14:10:00,1.214,1.217,1.2132,1.2167,24341.47
2026-09-02 14:15:00,1.2167,1.2183,1.2156,1.2168,64842.58
2026-09-02 14:20:00,1.2168,1.2222,1.2158,1.2209,162873.28
2026-09-02 14:25:00,1.2209,1.2309,1.22,1.2263,1011.51
2026-09-02 14:30:00,1.2263,1.2294,1.2208,1.2219,9495.74
2026-09-02 14:35:00,1.2219,1.2231,1.2192,1.2203,40907.77
2026-09-02 14:40:00,1.2203,1.2211,1.2167,1.2169,6249.06
2026-09-02 14:45:00,1.2169,1.2192,1.2141,1.2145,194157.88
2026-09-02 14:50:00,1.2145,1.2216,1.2135,1.2175,59646.63
2026-09-02 14:55:00,1.2175,1.2176,1.2151,1.2156,22463.29
2026-09-02 15:00:00,1.2156,1.2196,1.2134,1.2143,33619.96
2026-09-02 15:05:00,1.2143,1.2198,1.2115,1.2184,39527.96
2026-09-02 15:10:00,1.2184,1.2267,1.2178,1.2237,41233.93
2026-09-02 15:15:00,1.2237,1.2274,1.2213,1.2256,54069.75
2026-09-02 15:20:00,1.2256,1.2307,1.2255,1.229,55719.01
2026-09-02 15:25:00,1.229,1.2327,1.2269,1.2317,4028.85
2026-09-02 15:30:00,1.2317,1.2337,1.2287,1.2294,155824.37
2026-09-02 15:35:00,1.2294,1.2307,1.2224,1.2226,2043.75
2026-09-02 15:40:00,1.2226,1.2228,1.2194,1.2195,172200.52
2026-09-02 15:45:00,1.2195,1.2206,1.2144,1.2148,41993.13
2026-09-02 15:50:00,1.2148,1.2227,1.2127,1.2197,356742.9
2026-09-02 15:55:00,1.2197,1.2214,1.2162,1.221,16226.3
2026-09-02 16:00:00,1.221,1.2239,1.2167,1.2221,56794.3
2026-09-02 16:05:00,1.2221,1.2234,1.2201,1.2229,38923.76
2026-09-02 16:10:00,1.2229,1.2258,1.2186,1.2233,14496.45
2026-09-02 16:15:00,1.2233,1.2254,1.223,1.2243,2110.9
2026-09-02 16:20:00,1.2243,1.2246,1.2168,1.2223,197315.8
2026-09-02 16:25:00,1.2223,1.2227,1.2196,1.2206,162422.38
2026-09-02 16:30:00,1.2206,1.2267,1.2201,1.2231,176988.69
2026-09-02 16:35:00,1.2231,1.2247,1.2218,1.2219,44564.09
2026-09-02 16:40:00,1.2219,1.2246,1.2164,1.2171,32231.4
2026-09-02 16:45:00,1.2171,1.2173,1.2133,1.217,37532.97
2026-09-02 16:50:00,1.217,1.2195,1.2128,1.2138,61423.29
2026-09-02 16:55:00,1.2138,1.2162,1.2124,1.2154,47071.86
2026-09-02 17:00:00,1.2154,1.2183,1.2136,1.2165,41795.06
2026-09-02 17:05:00,1.2165,1.2191,1.215,1.2172,43303.65
2026-09-02 17:10:00,1.2172,1.2289,1.2171,1.2258,6080.63
2026-09-02 17:15:00,1.2258,1.2306,1.2245,1.2303,8106.44
2026-09-02 17:20:00,1.2303,1.2303,1.2289,1.2297,16951.42
2026-09-02 17:25:00,1.2297,1.2341,1.2262,1.2274,4679.41
2026-09-02 17:30:00,1.2274,1.229,1.225,1.226,106364.3
2026-09-02 17:35:00,1.226,1.228,1.2232,1.2258,23401.83
2026-09-02 17:40:00,1.2258,1.2279,1.2233,1.2257,48244.26
2026-09-02 17:45:00,1.2257,1.2257,1.2244,1.225,40977.56
2026-09-02 17:50:00,1.225,1.2267,1.2196,1.2239,74118.69
2026-09-02 17:55:00,1.2239,1.2314,1.2228,1.2302,126503.71
2026-09-02 18:00:00,1.2302,1.2339,1.2288,1.2298,25453.59
2026-09-02 18:05:00,1.2298,1.2325,1.2296,1.2308,16870.1
2026-09-02 18:10:00,1.2308,1.232,1.2274,1.2304,48978.47
2026-09-02 18:15:00,1.2304,1.2325,1.2259,1.2281,84925.78
2026-09-02 18:20:00,1.2281,1.2306,1.2277,1.2292,1660.14
2026-09-02 18:25:00,1.2292,1.2342,1.2275,1.2339,17708.14
2026-09-02 18:30:00,1.2339,1.238,1.2333,1.2352,23194.81
2026-09-02 18:35:00,1.2352,1.2395,1.2351,1.2374,44152.2
2026-09-02 18:40:00,1.2374,1.2399,1.232,1.2332,748.37
2026-09-02 18:45:00,1.2332,1.2333,1.2314,1.2324,6259.18
2026-09-02 18:50:00,1.2324,1.235,1.2299,1.234,75763.97
2026-09-02 18:55:00,1.234,1.2342,1.229,1.2323,126037.43
2026-09-02 19:00:00,1.2323,1.2367,1.2318,1.2352,72927.4
2026-09-02 19:05:00,1.2352,1.2401,1.2326,1.233,259165.51
2026-09-02 19:10:00,1.233,1.2343,1.2329,1.2335,102927.87
2026-09-02 19:15:00,1.2335,1.2341,1.2324,1.2341,35855.5
2026-09-02 19:20:00,1.2341,1.2351,1.2323,1.2335,39086.33
2026-09-02 19:25:00,1.2335,1.2383,1.2306,1.2314,66852.59
2026-09-02 19:30:00,1.2314,1.2336,1.2277,1.2295,11508.89
2026-09-02 19:35:00,1.2295,1.2337,1.2267,1.2305,3441.16
2026-09-02 19:40:00,1.2305,1.2318,1.227,1.2276,33295.6
2026-09-02 19:45:00,1.2276,1.2322,1.225,1.2307,50716.64
2026-09-02 19:50:00,1.2307,1.2352,1.2256,1.2334,55591.68
2026-09-02 19:55:00,1.2334,1.2406,1.2322,1.2403,15389.31
2026-09-02 20:00:00,1.2403,1.2426,1.2388,1.2425,40117.06
2026-09-02 20:05:00,1.2425,1.2463,1.24,1.2406,145314.3
2026-09-02 20:10:00,1.2406,1.2433,1.2364,1.2371,144502.15
2026-09-02 20:15:00,1.2371,1.2429,1.237,1.2429,29130.92
2026-09-02 20:20:00,1.2429,1.2432,1.2365,1.2397,11436.17
2026-09-02 20:25:00,1.2397,1.2455,1.2395,1.2434,34853.54
2026-09-02 20:30:00,1.2434,1.2502,1.2412,1.2486,6326.04
2026-09-02 20:35:00,1.2486,1.2494,1.2435,1.2462,40038.12
2026-09-02 20:40:00,1.2462,1.2496,1.2425,1.243,239569.88
2026-09-02 20:45:00,1.243,1.2459,1.24,1.2417,31342.56
2026-09-02 20:50:00,1.2417,1.243,1.2358,1.2376,106227.98
2026-09-02 20:55:00,1.2376,1.2431,1.2348,1.2355,330405.02
2026-09-02 21:00:00,1.2355,1.2402,1.2334,1.2344,22955.35
2026-09-02 21:05:00,1.2344,1.2437,1.2311,1.2417,70074.98
2026-09-02 21:10:00,1.2417,1.2455,1.2377,1.2384,33044.92
2026-09-02 21:15:00,1.2384,1.2424,1.2353,1.2364,45780.7
2026-09-02 21:20:00,1.2364,1.2393,1.2319,1.2329,243204.68
2026-09-02 21:25:00,1.2329,1.2336,1.2281,1.2299,5311.59
2026-09-02 21:30:00,1.2299,1.2302,1.2286,1.23,132017.62
2026-09-02 21:35:00,1.23,1.2315,1.2228,1.2253,8892.4
2026-09-02 21:40:00,1.2253,1.2272,1.2243,1.2265,29266.43
2026-09-02 21:45:00,1.2265,1.2278,1.223,1.2234,50261.43
2026-09-02 21:50:00,1.2234,1.2329,1.2223,1.2328,209.98
2026-09-02 21:55:00,1.2328,1.2332,1.232,1.2322,75172.76
2026-09-02 22:00:00,1.2322,1.2333,1.228,1.2294,63208.29
2026-09-02 22:05:00,1.2294,1.2314,1.2258,1.2271,33502.22
2026-09-02 22:10:00,1.2271,1.2289,1.2212,1.2233,7014.99
2026-09-02 22:15:00,1.2233,1.2272,1.2167,1.2208,172519.38
2026-09-02 22:20:00,1.2208,1.2217,1.2122,1.215,61410.36
2026-09-02 22:25:00,1.215,1.2181,1.2126,1.2176,21277.37
2026-09-02 22:30:00,1.2176,1.2189,1.2151,1.216,133314.47
2026-09-02 22:35:00,1.216,1.2201,1.2122,1.2193,39151.27
2026-09-02 22:40:00,1.2193,1.2213,1.2182,1.2207,133469.28
2026-09-02 22:45:00,1.2207,1.2207,1.2158,1.2203,33766.05
2026-09-02 22:50:00,1.2203,1.2211,1.217,1.2187,150970.29
2026-09-02 22:55:00,1.2187,1.221,1.2185,1.2197,37979.67
2026-09-02 23:00:00,1.2197,1.2226,1.2178,1.2225,87302.08
2026-09-02 23:05:00,1.2225,1.2244,1.2186,1.2199,3513.7
2026-09-02 23:10:00,1.2199,1.2211,1.2125,1.214,53046.01
2026-09-02 23:15:00,1.214,1.2182,1.2102,1.2175,102067.1
2026-09-02 23:20:00,1.2175,1.2199,1.2169,1.2192,137436.58
2026-09-02 23:25:00,1.2192,1.2256,1.2184,1.222,17774.22
2026-09-02 23:30:00,1.222,1.2225,1.219,1.2202,30219.85
2026-09-02 23:35:00,1.2202,1.2213,1.22,1.2207,12381.89
2026-09-02 23:40:00,1.2207,1.2233,1.2196,1.2225,63777.1
2026-09-02 23:45:00,1.2225,1.225,1.2177,1.2211,240425.09
2026-09-02 23:50:00,1.2211,1.2246,1.2178,1.2188,87319.52
2026-09-02 23:55:00,1.2188,1.2199,1.2131,1.2175,17143.29
2026-09-03 00:00:00,1.2175,1.2179,1.2144,1.2167,85520.15
2026-09-03 00:05:00,1.2167,1.2203,1.2152,1.2169,2134.75
2026-09-03 00:10:00,1.2169,1.22,1.2162,1.2176,2524.87
2026-09-03 00:15:00,1.2176,1.2186,1.2162,1.2162,19607.5
2026-09-03 00:20:00,1.2162,1.2186,1.2159,1.2175,11846.48
2026-09-03 00:25:00,1.2175,1.2189,1.2102,1.2124,24180.0
2026-09-03 00:30:00,1.2124,1.2156,1.2091,1.2145,138.43
2026-09-03 00:35:00,1.2145,1.2167,1.2089,1.2098,16105.39
2026-09-03 00:40:00,1.2098,1.211,1.204,1.2057,25648.15
2026-09-03 00:45:00,1.2057,1.2093,1.2049,1.2085,4634.37
2026-09-03 00:50:00,1.2085,1.2097,1.2074,1.2088,11839.8
2026-09-03 00:55:00,1.2088,1.2092,1.2072,1.2087,13781.34
2026-09-03 01:00:00,1.2087,1.2104,1.2058,1.2091,24882.83
2026-09-03 01:05:00,1.2091,1.2116,1.2042,1.2095,63190.57
2026-09-03 01:10:00,1.2095,1.2127,1.2075,1.2118,55608.02
2026-09-03 01:15:00,1.2118,1.2138,1.2088,1.2128,5265.97
2026-09-03 01:20:00,1.2128,1.214,1.2093,1.2102,1079.12
2026-09-03 01:25:00,1.2102,1.214,1.2065,1.2136,102695.55
2026-09-03 01:30:00,1.2136,1.2183,1.2127,1.2178,42916.99
2026-09-03 01:35:00,1.2178,1.2188,1.2168,1.217,17675.13
2026-09-03 01:40:00,1.217,1.2199,1.214,1.2186,17583.29
2026-09-03 01:45:00,1.2186,1.2227,1.2153,1.2166,24930.02
2026-09-03 01:50:00,1.2166,1.224,1.216,1.2187,58247.18
2026-09-03 01:55:00,1.2187,1.2192,1.2157,1.2175,785.0
2026-09-03 02:00:00,1.2175,1.22,1.2174,1.2178,49531.88
2026-09-03 02:05:00,1.2178,1.2213,1.2162,1.2208,9296.94
2026-09-03 02:10:00,1.2208,1.2264,1.2168,1.2242,31212.5
2026-09-03 02:15:00,1.2242,1.2274,1.2181,1.2216,31178.91
2026-09-03 02:20:00,1.2216,1.2262,1.219,1.2249,125927.66
2026-09-03 02:25:00,1.2249,1.2275,1.2197,1.2237,33400.46
2026-09-03 02:30:00,1.2237,1.2308,1.2235,1.2306,18600.73
2026-09-03 02:35:00,1.2306,1.2331,1.2221,1.225,12014.42
2026-09-03 02:40:00,1.225,1.2251,1.2202,1.2218,5072.66
2026-09-03 02:45:00,1.2218,1.2228,1.219,1.2194,134509.62
2026-09-03 02:50:00,1.2194,1.2242,1.2187,1.2205,4265.64
2026-09-03 02:55:00,1.2205,1.2214,1.2194,1.2213,3542.48
2026-09-03 03:00:00,1.2213,1.2222,1.2158,1.2199,3748.58
2026-09-03 03:05:00,1.2199,1.2244,1.2156,1.2219,113102.58
2026-09-03 03:10:00,1.2219,1.224,1.2212,1.2231,24882.24
2026-09-03 03:15:00,1.2231,1.2236,1.2188,1.2193,77534.64
2026-09-03 03:20:00,1.2193,1.2211,1.2157,1.2162,42557.72
2026-09-03 03:25:00,1.2162,1.2175,1.2161,1.2168,124182.39
2026-09-03 03:30:00,1.2168,1.2188,1.2146,1.2177,40707.22
