datetime,open,high,low,close,volume
2026-07-05 03:30:00,28.8,28.826,28.79,28.822,45432.73
2026-07-05 03:35:00,28.822,28.825,28.766,28.801,61647.63
2026-07-05 03:40:00,28.801,28.836,28.79,28.816,29315.1
2026-07-05 03:45:00,28.816,28.856,28.773,28.844,59857.82
2026-07-05 03:50:00,28.844,28.87,28.82,28.829,44632.22
2026-07-05 03:55:00,28.829,28.861,28.819,28.849,28938.32
2026-07-05 04:00:00,28.849,28.892,28.844,28.891,31273.81
2026-07-05 04:05:00,28.891,28.938,28.848,28.921,18370.29
2026-07-05 04:10:00,28.921,28.963,28.913,28.942,10744.7
2026-07-05 04:15:00,28.942,28.949,28.933,28.94,22407.06
2026-07-05 04:20:00,28.94,28.996,28.929,28.976,32922.77
2026-07-05 04:25:00,28.976,28.983,28.923,28.934,30196.76
2026-07-05 04:30:00,28.934,28.945,28.841,28.863,78674.97
2026-07-05 04:35:00,28.863,28.89,28.806,28.818,275097.47
2026-07-05 04:40:00,28.818,28.881,28.808,28.863,13577.76
2026-07-05 04:45:00,28.863,28.87,28.841,28.853,203792.99
2026-07-05 04:50:00,28.853,28.871,28.83,28.833,42828.99
2026-07-05 04:55:00,28.833,28.835,28.686,28.726,43917.32
2026-07-05 05:00:00,28.726,28.732,28.703,28.726,5885.05
2026-07-05 05:05:00,28.726,28.736,28.713,28.719,91873.86
2026-07-05 05:10:00,28.719,28.772,28.717,28.766,44600.32
2026-07-05 05:15:00,28.766,28.796,28.711,28.795,145053.89
2026-07-05 05:20:00,28.795,28.806,28.748,28.793,14270.31
2026-07-05 05:25:00,28.793,28.801,28.786,28.792,58901.86
2026-07-05 05:30:00,28.792,28.879,28.775,28.845,13270.57
2026-07-05 05:35:00,28.845,28.858,28.803,28.836,69053.52
2026-07-05 05:40:00,28.836,28.848,28.798,28.836,10655.77
2026-07-05 05:45:00,28.836,28.879,28.806,28.868,78543.95
2026-07-05 05:50:00,28.868,28.888,28.853,28.87,132844.34
2026-07-05 05:55:00,28.87,28.899,28.861,28.895,56282.27
2026-07-05 06:00:00,28.895,28.896,28.847,28.886,35893.2
2026-07-05 06:05:00,28.886,28.912,28.871,28.89,250662.23
2026-07-05 06:10:00,28.89,28.977,28.86,28.97,11895.53
2026-07-05 06:15:00,28.97,29.005,28.953,28.98,165652.19
2026-07-05 06:20:00,28.98,28.981,28.933,28.935,4498.77
2026-07-05 06:25:00,28.935,28.942,28.912,28.919,14123.97
2026-07-05 06:30:00,28.919,28.927,28.906,28.917,43077.45
2026-07-05 06:35:00,28.917,28.974,28.915,28.962,8942.18
2026-07-05 06:40:00,28.962,28.976,28.94,28.965,106032.94
2026-07-05 06:45:00,28.965,29.041,28.958,29.005,135404.99
2026-07-05 06:50:00,29.005,29.024,28.976,29.001,18539.33
2026-07-05 06:55:00,29.001,29.005,28.97,28.977,1465.34
2026-07-05 07:00:00,28.977,28.985,28.934,28.96,54015.28
2026-07-05 07:05:00,28.96,28.996,28.925,28.971,36808.15
2026-07-05 07:10:00,28.971,28.989,28.957,28.987,64607.49
2026-07-05 07:15:00,28.987,29.033,28.932,28.933,36829.08
2026-07-05 07:20:00,28.933,28.978,28.893,28.905,59824.32
2026-07-05 07:25:00,28.905,28.939,28.886,28.937,99877.56
2026-07-05 07:30:00,28.937,28.942,28.907,28.926,35752.99
2026-07-05 07:35:00,28.926,29.001,28.902,28.976,25774.67
2026-07-05 07:40:00,28.976,28.993,28.935,28.961,62050.01
2026-07-05 07:45:00,28.961,29.028,28.948,28.991,72407.57
2026-07-05 07:50:00,28.991,29.061,28.958,29.036,57677.41
2026-07-05 07:55:00,29.036,29.126,28.962,28.987,149532.61
2026-07-05 08:00:00,28.987,29.078,28.908,28.93,517889.78
2026-07-05 08:05:00,28.93,28.946,28.875,28.898,31432.85
2026-07-05 08:10:00,28.898,28.943,28.868,28.941,178939.62
2026-07-05 08:15:00,28.941,28.979,28.93,28.963,1017.49
2026-07-05 08:20:00,28.963,29.037,28.89,28.903,34054.66
2026-07-05 08:25:00,28.903,28.91,28.897,28.902,26199.53
2026-07-05 08:30:00,28.902,28.971,28.895,28.935,115644.14
2026-07-05 08:35:00,28.935,28.994,28.917,28.938,182911.68
2026-07-05 08:40:00,28.938,28.959,28.906,28.931,4501.63
2026-07-05 08:45:00,28.931,28.961,28.929,28.944,315601.88
2026-07-05 08:50:00,28.944,28.989,28.921,28.93,220486.11
2026-07-05 08:55:00,28.93,28.946,28.867,28.892,25037.24
2026-07-05 09:00:00,28.892,28.905,28.857,28.863,89778.85
2026-07-05 09:05:00,28.863,28.905,28.846,28.883,9027.34
2026-07-05 09:10:00,28.883,28.927,28.871,28.895,88456.31
2026-07-05 09:15:00,28.895,28.907,28.88,28.889,50474.22
2026-07-05 09:20:00,28.889,28.911,28.792,28.81,96578.78
2026-07-05 09:25:00,28.81,28.827,28.782,28.811,1429.41
2026-07-05 09:30:00,28.811,28.874,28.801,28.85,1365.46
2026-07-05 09:35:00,28.85,28.909,28.85,28.888,5215.52
2026-07-05 09:40:00,28.888,28.894,28.815,28.836,35582.36
2026-07-05 09:45:00,28.836,28.909,28.81,28.887,43951.68
2026-07-05 09:50:00,28.887,28.981,28.88,28.972,47301.45
2026-07-05 09:55:00,28.972,29.019,28.9,28.92,129839.76
2026-07-05 10:00:00,28.92,28.936,28.858,28.887,45112.29
2026-07-05 10:05:00,28.887,28.907,28.789,28.821,19264.19
2026-07-05 10:10:00,28.821,28.829,28.804,28.806,15348.69
2026-07-05 10:15:00,28.806,28.813,28.799,28.81,108053.9
2026-07-05 10:20:00,28.81,28.861,28.806,28.837,57957.84
2026-07-05 10:25:00,28.837,28.843,28.721,28.727,39432.74
2026-07-05 10:30:00,28.727,28.763,28.706,28.75,89882.05
2026-07-05 10:35:00,28.75,28.784,28.722,28.78,10468.99
2026-07-05 10:40:00,28.78,28.818,28.748,28.789,103082.45
2026-07-05 10:45:00,28.789,28.811,28.754,28.771,43944.13
2026-07-05 10:50:00,28.771,28.786,28.729,28.736,77725.45
2026-07-05 10:55:00,28.736,28.769,28.688,28.756,3881.0
2026-07-05 11:00:00,28.756,28.766,28.753,28.757,29898.76
2026-07-05 11:05:00,28.757,28.759,28.704,28.73,88818.87
2026-07-05 11:10:00,28.73,28.78,28.633,28.768,281228.44
2026-07-05 11:15:00,28.768,28.778,28.76,28.769,12562.85
2026-07-05 11:20:00,28.769,28.812,28.682,28.799,113070.32
2026-07-05 11:25:00,28.799,28.845,28.778,28.834,124265.49
2026-07-05 11:30:00,28.834,28.839,28.756,28.779,38916.91
2026-07-05 11:35:00,28.779,28.826,28.698,28.813,42878.69
2026-07-05 11:40:00,28.813,28.814,28.787,28.808,75069.67
2026-07-05 11:45:00,28.808,28.837,28.761,28.795,129216.81
2026-07-05 11:50:00,28.795,28.844,28.728,28.747,158321.58
2026-07-05 11:55:00,28.747,28.767,28.711,28.752,22842.94
2026-07-05 12:00:00,28.752,28.827,28.744,28.814,43235.57
2026-07-05 12:05:00,28.814,28.917,28.809,28.882,24980.93
2026-07-05 12:10:00,28.882,28.94,28.873,28.927,29911.57
2026-07-05 12:15:00,28.927,28.968,28.874,28.945,20166.61
2026-07-05 12:20:00,28.945,28.968,28.919,28.947,28480.76
2026-07-05 12:25:00,28.947,28.971,28.894,28.901,27001.31
2026-07-05 12:30:00,28.901,28.93,28.862,28.893,53930.17
2026-07-05 12:35:00,28.893,28.957,28.887,28.908,13542.18
2026-07-05 12:40:00,28.908,28.916,28.893,28.912,14754.82
2026-07-05 12:45:00,28.912,29.01,28.911,28.965,94432.62
2026-07-05 12:50:00,28.965,28.974,28.951,28.958,47956.77
2026-07-05 12:55:00,28.958,29.009,28.957,28.99,381227.53
2026-07-05 13:00:00,28.99,29.083,28.927,28.942,22977.73
2026-07-05 13:05:00,28.942,28.994,28.899,28.97,32161.93
2026-07-05 13:10:00,28.97,29.008,28.949,28.987,34399.55
2026-07-05 13:15:00,28.987,29.094,28.877,28.9,64193.87
2026-07-05 13:20:00,28.9,28.941,28.897,28.934,36946.8
2026-07-05 13:25:00,28.934,28.961,28.907,28.935,40518.25
2026-07-05 13:30:00,28.935,28.965,28.91,28.96,120843.41
2026-07-05 13:35:00,28.96,29.052,28.94,29.041,67799.52
2026-07-05 13:40:00,29.041,29.092,28.943,28.962,459906.13
2026-07-05 13:45:00,28.962,28.98,28.945,28.973,2657.16
2026-07-05 13:50:00,28.973,29.05,28.958,29.045,12362.95
2026-07-05 13:55:00,29.045,29.07,29.017,29.056,44209.32
2026-07-05 14:00:00,29.056,29.064,29.043,29.059,61040.01
2026-07-05 14:05:00,29.059,29.119,29.01,29.091,77398.53
2026-07-05 14:10:00,29.091,29.102,29.045,29.054,225664.5
2026-07-05 14:15:00,29.054,29.057,29.028,29.055,134362.04
2026-07-05 14:20:00,29.055,29.099,28.974,28.99,15787.88
2026-07-05 14:25:00,28.99,28.999,28.943,28.947,39396.5
2026-07-05 14:30:00,28.947,28.976,28.899,28.911,10304.27
2026-07-05 14:35:00,28.911,28.915,28.847,28.852,38848.2
2026-07-05 14:40:00,28.852,28.907,28.851,28.901,37835.39
2026-07-05 14:45:00,28.901,28.91,28.866,28.888,5531.78
2026-07-05 14:50:00,28.888,28.913,28.839,28.884,74521.67
2026-07-05 14:55:00,28.884,28.91,28.854,28.891,51936.58
2026-07-05 15:00:00,28.891,28.906,28.86,28.86,63935.67
2026-07-05 15:05:00,28.86,28.887,28.846,28.859,256278.66
2026-07-05 15:10:00,28.859,28.885,28.842,28.859,60959.94
2026-07-05 15:15:00,28.859,28.874,28.835,28.841,28102.93
2026-07-05 15:20:00,28.841,28.863,28.808,28.829,38545.4
2026-07-05 15:25:00,28.829,28.938,28.823,28.905,51874.1
2026-07-05 15:30:00,28.905,28.909,28.824,28.893,15392.47
2026-07-05 15:35:00,28.893,28.894,28.879,28.886,30642.99
2026-07-05 15:40:00,28.886,28.906,28.865,28.873,302649.24
2026-07-05 15:45:00,28.873,28.94,28.868,28.934,89990.69
2026-07-05 15:50:00,28.934,28.939,28.863,28.863,23310.39
2026-07-05 15:55:00,28.863,28.867,28.816,28.817,45295.24
2026-07-05 16:00:00,28.817,28.822,28.765,28.779,83125.92
2026-07-05 16:05:00,28.779,28.822,28.768,28.784,49526.57
2026-07-05 16:10:00,28.784,28.843,28.699,28.828,17539.04
2026-07-05 16:15:00,28.828,28.834,28.795,28.833,21861.33
2026-07-05 16:20:00,28.833,28.854,28.744,28.795,29652.46
2026-07-05 16:25:00,28.795,28.892,28.764,28.885,266015.43
2026-07-05 16:30:00,28.885,28.931,28.865,28.921,41982.11
2026-07-05 16:35:00,28.921,28.925,28.908,28.908,51067.0
2026-07-05 16:40:00,28.908,28.925,28.864,28.875,8855.95
2026-07-05 16:45:00,28.875,28.894,28.869,28.883,88278.33
2026-07-05 16:50:00,28.883,28.913,28.871,28.874,19171.18
2026-07-05 16:55:00,28.874,28.882,28.792,28.805,42539.93
2026-07-05 17:00:00,28.805,28.842,28.789,28.83,32291.56
2026-07-05 17:05:00,28.83,28.879,28.822,28.841,19932.08
2026-07-05 17:10:00,28.841,28.843,28.793,28.794,22783.11
2026-07-05 17:15:00,28.794,28.804,28.761,28.765,3080.27
2026-07-05 17:20:00,28.765,28.818,28.752,28.766,74560.08
2026-07-05 17:25:00,28.766,28.796,28.737,28.784,109970.25
2026-07-05 17:30:00,28.784,28.88,28.663,28.852,130232.45
2026-07-05 17:35:00,28.852,28.873,28.815,28.833,3119.73
2026-07-05 17:40:00,28.833,28.864,28.82,28.842,504.32
2026-07-05 17:45:00,28.842,28.864,28.807,28.821,38235.62
2026-07-05 17:50:00,28.821,28.84,28.802,28.808,14311.9
2026-07-05 17:55:00,28.808,28.859,28.8,28.854,33739.23
2026-07-05 18:00:00,28.854,28.876,28.815,28.828,83309.59
2026-07-05 18:05:00,28.828,28.828,28.811,28.826,144121.6
2026-07-05 18:10:00,28.826,28.833,28.749,28.776,8886.81
2026-07-05 18:15:00,28.776,28.79,28.751,28.758,114231.79
2026-07-05 18:20:00,28.758,28.833,28.665,28.823,222360.16
2026-07-05 18:25:00,28.823,28.921,28.805,28.919,13306.08
2026-07-05 18:30:00,28.919,28.951,28.914,28.943,20011.13
2026-07-05 18:35:00,28.943,28.989,28.937,28.975,181513.39
2026-07-05 18:40:00,28.975,29.005,28.969,28.997,42717.61
2026-07-05 18:45:00,28.997,29.052,28.969,28.97,67799.93
2026-07-05 18:50:00,28.97,28.986,28.892,28.938,39241.72
2026-07-05 18:55:00,28.938,29.005,28.902,28.973,34392.28
2026-07-05 19:00:00,28.973,28.996,28.915,28.944,45366.93
2026-07-05 19:05:00,28.944,28.98,28.92,28.967,6964.78
2026-07-05 19:10:00,28.967,28.975,28.948,28.96,116598.4
2026-07-05 19:15:00,28.96,29.009,28.927,28.941,48402.6
2026-07-05 19:20:00,28.941,28.954,28.925,28.939,27454.01
2026-07-05 19:25:00,28.939,28.985,28.842,28.846,146301.02
2026-07-05 19:30:00,28.846,28.894,28.835,28.861,3437.34
2026-07-05 19:35:00,28.861,28.872,28.841,28.864,4225.17
2026-07-05 19:40:00,28.864,28.886,28.834,28.849,33390.95
2026-07-05 19:45:00,28.849,28.909,28.826,28.877,287772.02
2026-07-05 19:50:00,28.877,28.883,28.781,28.825,4636.84
2026-07-05 19:55:00,28.825,28.844,28.794,28.818,17131.96
2026-07-05 20:00:00,28.818,28.857,28.8,28.827,22912.16
2026-07-05 20:05:00,28.827,28.839,28.8,28.836,46014.76
2026-07-05 20:10:00,28.836,28.846,28.819,28.841,38329.05
2026-07-05 20:15:00,28.841,28.88,28.783,28.822,22577.24
2026-07-05 20:20:00,28.822,28.834,28.808,28.813,152389.82
2026-07-05 20:25:00,28.813,28.851,28.724,28.839,22628.2
2026-07-05 20:30:00,28.839,28.843,28.811,28.838,15675.83
2026-07-05 20:35:00,28.838,28.857,28.783,28.794,24595.11
2026-07-05 20:40:00,28.794,28.87,28.791,28.859,66116.54
2026-07-05 20:45:00,28.859,28.906,28.83,28.864,38213.98
2026-07-05 20:50:00,28.864,28.89,28.838,28.842,11934.1
2026-07-05 20:55:00,28.842,28.879,28.807,28.811,98763.69
2026-07-05 21:00:00,28.811,28.813,28.755,28.768,97022.48
2026-07-05 21:05:00,28.768,28.818,28.67,28.793,50713.1
2026-07-05 21:10:00,28.793,28.799,28.777,28.797,112117.61
2026-07-05 21:15:00,28.797,28.841,28.794,28.8,41214.04
2026-07-05 21:20:00,28.8,28.846,28.754,28.828,192902.41
2026-07-05 21:25:00,28.828,28.853,28.825,28.846,12295.91
2026-07-05 21:30:00,28.846,28.931,28.837,28.902,38869.9
2026-07-05 21:35:00,28.902,28.922,28.866,28.877,5401.09
2026-07-05 21:40:00,28.877,28.923,28.852,28.86,89579.47
2026-07-05 21:45:00,28.86,28.884,28.837,28.842,182193.67
2026-07-05 21:50:00,28.842,28.873,28.775,28.784,33227.25
2026-07-05 21:55:00,28.784,28.862,28.729,28.837,81821.21
2026-07-05 22:00:00,28.837,28.845,28.815,28.815,512964.42
2026-07-05 22:05:00,28.815,28.868,28.708,28.851,985697.06
2026-07-05 22:10:00,28.851,28.945,28.844,28.881,121897.9
2026-07-05 22:15:00,28.881,28.968,28.876,28.962,87963.37
2026-07-05 22:20:00,28.962,28.969,28.942,28.959,33759.12
2026-07-05 22:25:00,28.959,28.969,28.932,28.951,26301.59
2026-07-05 22:30:00,28.951,29.004,28.929,28.98,27986.01
2026-07-05 22:35:00,28.98,29.029,28.881,28.897,332751.85
2026-07-05 22:40:00,28.897,28.928,28.829,28.837,38122.21
2026-07-05 22:45:00,28.837,28.902,28.797,28.886,45263.44
2026-07-05 22:50:00,28.886,28.956,28.878,28.935,1813.99
2026-07-05 22:55:00,28.935,28.969,28.92,28.953,9410.48
2026-07-05 23:00:00,28.953,28.994,28.9,28.904,1122.57
2026-07-05 23:05:00,28.904,28.954,28.893,28.944,74818.13
2026-07-05 23:10:00,28.944,28.994,28.849,28.86,87486.18
2026-07-05 23:15:00,28.86,28.873,28.78,28.792,166166.01
2026-07-05 23:20:00,28.792,28.826,28.752,28.771,14283.17
2026-07-05 23:25:00,28.771,28.814,28.679,28.803,15390.86
2026-07-05 23:30:00,28.803,28.813,28.785,28.787,150552.84
2026-07-05 23:35:00,28.787,28.788,28.732,28.733,27125.69
2026-07-05 23:40:00,28.733,28.816,28.667,28.801,287242.11
2026-07-05 23:45:00,28.801,28.822,28.79,28.82,54234.63
2026-07-05 23:50:00,28.82,28.881,28.705,28.869,927698.53
2026-07-05 23:55:00,28.869,28.962,28.863,28.934,126108.8
2026-07-06 00:00:00,28.934,28.971,28.92,28.955,164082.52
2026-07-06 00:05:00,28.955,28.986,28.921,28.929,14013.5
2026-07-06 00:10:00,28.929,28.991,28.878,28.961,2148.32
2026-07-06 00:15:00,28.961,28.979,28.889,28.91,85584.45
2026-07-06 00:20:00,28.91,28.974,28.906,28.965,39246.45
2026-07-06 00:25:00,28.965,29.058,28.879,28.895,22200.38
2026-07-06 00:30:00,28.895,28.899,28.871,28.874,5617.94
2026-07-06 00:35:00,28.874,28.874,28.848,28.864,115049.11
2026-07-06 00:40:00,28.864,28.895,28.843,28.849,155299.64
2026-07-06 00:45:00,28.849,28.853,28.798,28.836,21508.59
2026-07-06 00:50:00,28.836,28.848,28.827,28.848,85239.95
2026-07-06 00:55:00,28.848,28.862,28.831,28.855,81813.52
2026-07-06 01:00:00,28.855,28.864,28.815,28.815,41205.89
2026-07-06 01:05:00,28.815,28.893,28.751,28.874,587428.42
2026-07-06 01:10:00,28.874,28.875,28.804,28.824,147978.63
2026-07-06 01:15:00,28.824,28.911,28.711,28.888,403794.76
2026-07-06 01:20:00,28.888,28.916,28.869,28.876,32517.21
2026-07-06 01:25:00,28.876,28.921,28.869,28.896,12926.78
2026-07-06 01:30:00,28.896,28.934,28.867,28.916,14904.05
2026-07-06 01:35:00,28.916,28.955,28.884,28.955,14986.03
2026-07-06 01:40:00,28.955,28.958,28.914,28.922,5654.36
2026-07-06 01:45:00,28.922,28.953,28.893,28.897,32254.24
2026-07-06 01:50:00,28.897,28.928,28.856,28.881,16810.5
2026-07-06 01:55:00,28.881,28.973,28.876,28.95,86267.62
2026-07-06 02:00:00,28.95,28.964,28.911,28.932,1581.9
2026-07-06 02:05:00,28.932,28.934,28.873,28.874,99833.65
2026-07-06 02:10:00,28.874,28.95,28.848,28.932,123220.68
2026-07-06 02:15:00,28.932,28.96,28.931,28.947,41468.86
2026-07-06 02:20:00,28.947,29.016,28.859,28.887,78418.77
2026-07-06 02:25:00,28.887,28.898,28.872,28.875,62934.45
2026-07-06 02:30:00,28.875,28.954,28.86,28.918,5142.9
2026-07-06 02:35:00,28.918,28.92,28.844,28.867,12271.63
2026-07-06 02:40:00,28.867,28.892,28.826,28.847,756.84
2026-07-06 02:45:00,28.847,28.873,28.802,28.803,10848.87
2026-07-06 02:50:00,28.803,28.868,28.692,28.858,67427.67
2026-07-06 02:55:00,28.858,28.927,28.85,28.887,41750.04
2026-07-06 03:00:00,28.887,28.93,28.878,28.921,23767.81
2026-07-06 03:05:00,28.921,28.946,28.875,28.892,8611.28
2026-07-06 03:10:00,28.892,28.9,28.846,28.861,16386.89
2026-07-06 03:15:00,28.861,28.909,28.86,28.895,43085.86
2026-07-06 03:20:00,28.895,28.918,28.869,28.914,19203.68
2026-07-06 03:25:00,28.914,28.915,28.898,28.901,4340.14
2026-07-06 03:30:00,28.901,28.93,28.86,28.909,22752.35
2026-07-06 03:35:00,28.909,28.953,28.881,28.923,51087.86
2026-07-06 03:40:00,28.923,28.926,28.897,28.898,9528.9
2026-07-06 03:45:00,28.898,28.922,28.842,28.864,1824.9
2026-07-06 03:50:00,28.864,28.868,28.829,28.835,14799.38
2026-07-06 03:55:00,28.835,28.839,28.791,28.809,21980.29
2026-07-06 04:00:00,28.809,28.815,28.744,28.758,75096.4
2026-07-06 04:05:00,28.758,28.812,28.755,28.789,23078.29
2026-07-06 04:10:00,28.789,28.893,28.7,28.871,226730.45
2026-07-06 04:15:00,28.871,28.897,28.852,28.879,16014.16
2026-07-06 04:20:00,28.879,28.935,28.876,28.924,156612.76
2026-07-06 04:25:00,28.924,29.048,28.912,28.985,6517.24
2026-07-06 04:30:00,28.985,28.993,28.965,28.975,631.37
2026-07-06 04:35:00,28.975,29.022,28.894,28.914,101021.32
2026-07-06 04:40:00,28.914,28.963,28.895,28.938,855.62
2026-07-06 04:45:00,28.938,29.004,28.842,28.867,340334.81
2026-07-06 04:50:00,28.867,28.884,28.794,28.835,64192.04
2026-07-06 04:55:00,28.835,28.844,28.809,28.829,148878.16
2026-07-06 05:00:00,28.829,28.862,28.776,28.792,86305.93
2026-07-06 05:05:00,28.792,28.841,28.748,28.76,44539.91
2026-07-06 05:10:00,28.76,28.806,28.743,28.778,157952.73
2026-07-06 05:15:00,28.778,28.816,28.761,28.77,26052.23
2026-07-06 05:20:00,28.77,28.786,28.669,28.686,106557.21
2026-07-06 05:25:00,28.686,28.708,28.631,28.646,42407.22
2026-07-06 05:30:00,28.646,28.673,28.604,28.61,7943.36
2026-07-06 05:35:00,28.61,28.656,28.507,28.638,43615.83
2026-07-06 05:40:00,28.638,28.648,28.593,28.625,18997.35
2026-07-06 05:45:00,28.625,28.708,28.553,28.682,147621.83
2026-07-06 05:50:00,28.682,28.705,28.68,28.698,47109.35
2026-07-06 05:55:00,28.698,28.76,28.619,28.74,4960.5
2026-07-06 06:00:00,28.74,28.817,28.641,28.798,400663.7
2026-07-06 06:05:00,28.798,28.807,28.764,28.778,9630.0
2026-07-06 06:10:00,28.778,28.801,28.775,28.79,2629.07
2026-07-06 06:15:00,28.79,28.843,28.731,28.818,342867.08
2026-07-06 06:20:00,28.818,28.822,28.81,28.814,59779.9
2026-07-06 06:25:00,28.814,28.865,28.783,28.783,83062.58
2026-07-06 06:30:00,28.783,28.875,28.702,28.855,114179.73
2026-07-06 06:35:00,28.855,28.87,28.844,28.849,65658.66
2026-07-06 06:40:00,28.849,28.897,28.801,28.886,5330.61
2026-07-06 06:45:00,28.886,28.899,28.819,28.849,5391.64
2026-07-06 06:50:00,28.849,28.894,28.848,28.875,83597.18
2026-07-06 06:55:00,28.875,28.875,28.835,28.862,16120.67
2026-07-06 07:00:00,28.862,28.869,28.81,28.823,141385.87
2026-07-06 07:05:00,28.823,28.834,28.809,28.826,2111.81
2026-07-06 07:10:00,28.826,28.865,28.822,28.856,142771.79
2026-07-06 07:15:00,28.856,28.91,28.849,28.896,70477.2
2026-07-06 07:20:00,28.896,28.918,28.871,28.872,113145.34
2026-07-06 07:25:00,28.872,28.883,28.831,28.859,149351.34
2026-07-06 07:30:00,28.859,28.866,28.819,28.83,93863.33
2026-07-06 07:35:00,28.83,28.859,28.79,28.797,111877.08
2026-07-06 07:40:00,28.797,28.832,28.776,28.825,10298.63
2026-07-06 07:45:00,28.825,28.842,28.754,28.795,80705.4
2026-07-06 07:50:00,28.795,28.874,28.773,28.864,63537.98
2026-07-06 07:55:00,28.864,28.913,28.828,28.898,36844.7
2026-07-06 08:00:00,28.898,28.921,28.89,28.894,19557.58
2026-07-06 08:05:00,28.894,28.933,28.89,28.922,36649.69
2026-07-06 08:10:00,28.922,28.94,28.853,28.893,103747.68
2026-07-06 08:15:00,28.893,28.893,28.848,28.876,14515.9
2026-07-06 08:20:00,28.876,28.925,28.865,28.9,38530.58
2026-07-06 08:25:00,28.9,28.942,28.873,28.942,34180.19
2026-07-06 08:30:00,28.942,29.026,28.896,28.918,293285.95
2026-07-06 08:35:00,28.918,28.937,28.875,28.877,8530.25
2026-07-06 08:40:00,28.877,28.879,28.846,28.878,4561.98
2026-07-06 08:45:00,28.878,28.94,28.83,28.918,68463.79
2026-07-06 08:50:00,28.918,28.943,28.913,28.932,475.13
2026-07-06 08:55:00,28.932,28.956,28.898,28.945,162484.54
2026-07-06 09:00:00,28.945,29.034,28.898,28.913,219589.25
2026-07-06 09:05:00,28.913,28.915,28.884,28.889,39530.85
2026-07-06 09:10:00,28.889,28.916,28.867,28.914,63161.16
2026-07-06 09:15:00,28.914,28.936,28.871,28.924,32178.72
2026-07-06 09:20:00,28.924,28.946,28.885,28.893,22286.43
2026-07-06 09:25:00,28.893,28.908,28.864,28.891,41453.22
2026-07-06 09:30:00,28.891,28.939,28.878,28.927,36780.46
2026-07-06 09:35:00,28.927,28.933,28.883,28.888,4382.69
2026-07-06 09:40:00,28.888,28.916,28.875,28.892,45283.09
2026-07-06 09:45:00,28.892,28.894,28.856,28.874,58591.46
2026-07-06 09:50:00,28.874,28.882,28.87,28.88,6742.57
2026-07-06 09:55:00,28.88,28.915,28.874,28.883,32570.91
2026-07-06 10:00:00,28.883,28.975,28.878,28.962,133590.34
2026-07-06 10:05:00,28.962,29.05,28.961,29.03,2092.04
2026-07-06 10:10:00,29.03,29.071,28.992,29.0,11227.96
2026-07-06 10:15:00,29.0,29.05,28.986,29.023,29298.74
2026-07-06 10:20:00,29.023,29.073,28.925,28.952,78871.56
2026-07-06 10:25:00,28.952,28.967,28.908,28.965,100106.89
2026-07-06 10:30:00,28.965,29.051,28.917,28.933,10698.19
2026-07-06 10:35:00,28.933,28.953,28.921,28.923,28973.24
2026-07-06 10:40:00,28.923,28.941,28.895,28.937,41746.47
2026-07-06 10:45:00,28.937,28.993,28.888,28.907,22244.68
2026-07-06 10:50:00,28.907,28.913,28.893,28.898,146605.37
2026-07-06 10:55:00,28.898,28.924,28.882,28.912,4131.04
2026-07-06 11:00:00,28.912,28.941,28.89,28.904,36203.58
2026-07-06 11:05:00,28.904,28.927,28.873,28.877,125806.77
2026-07-06 11:10:00,28.877,28.89,28.876,28.886,145581.33
2026-07-06 11:15:00,28.886,28.898,28.8,28.817,3541.32
2026-07-06 11:20:00,28.817,28.843,28.816,28.834,77894.63
2026-07-06 11:25:00,28.834,28.852,28.833,28.847,21924.22
2026-07-06 11:30:00,28.847,28.912,28.841,28.898,24031.07
2026-07-06 11:35:00,28.898,28.916,28.861,28.911,15148.75
2026-07-06 11:40:00,28.911,28.916,28.886,28.902,194233.32
2026-07-06 11:45:00,28.902,28.907,28.876,28.895,8676.14
2026-07-06 11:50:00,28.895,28.909,28.893,28.906,20563.75
2026-07-06 11:55:00,28.906,28.956,28.877,28.887,17495.54
2026-07-06 12:00:00,28.887,28.938,28.876,28.913,50681.9
2026-07-06 12:05:00,28.913,28.937,28.903,28.906,11740.76
2026-07-06 12:10:00,28.906,28.946,28.903,28.917,103902.09
2026-07-06 12:15:00,28.917,28.924,28.838,28.862,23037.73
2026-07-06 12:20:00,28.862,28.877,28.827,28.834,39519.14
2026-07-06 12:25:00,28.834,28.856,28.813,28.831,8731.79
2026-07-06 12:30:00,28.831,28.92,28.734,28.893,75037.06
2026-07-06 12:35:00,28.893,28.907,28.868,28.903,12972.36
2026-07-06 12:40:00,28.903,28.942,28.875,28.883,23976.95
2026-07-06 12:45:00,28.883,28.909,28.856,28.898,15215.63
2026-07-06 12:50:00,28.898,28.931,28.874,28.904,35998.34
2026-07-06 12:55:00,28.904,28.906,28.888,28.895,64840.44
2026-07-06 13:00:00,28.895,28.913,28.87,28.906,103534.72
2026-07-06 13:05:00,28.906,28.954,28.888,28.954,166181.26
2026-07-06 13:10:00,28.954,28.957,28.9,28.917,41461.7
2026-07-06 13:15:00,28.917,28.917,28.866,28.9,27285.54
2026-07-06 13:20:00,28.9,28.933,28.893,28.919,4536.81
2026-07-06 13:25:00,28.919,28.972,28.889,28.937,18014.32
2026-07-06 13:30:00,28.937,28.979,28.935,28.954,6090.28
2026-07-06 13:35:00,28.954,28.969,28.929,28.965,3868.08
2026-07-06 13:40:00,28.965,29.045,28.943,29.028,8887.45
2026-07-06 13:45:00,29.028,29.03,29.018,29.021,3262.7
2026-07-06 13:50:00,29.021,29.074,28.937,28.946,173207.56
2026-07-06 13:55:00,28.946,28.948,28.873,28.907,75914.29
2026-07-06 14:00:00,28.907,28.911,28.867,28.881,22751.5
2026-07-06 14:05:00,28.881,28.895,28.844,28.844,180537.28
2026-07-06 14:10:00,28.844,28.908,28.843,28.869,21913.69
2026-07-06 14:15:00,28.869,28.873,28.824,28.863,108075.8
2026-07-06 14:20:00,28.863,28.867,28.826,28.828,19281.88
2026-07-06 14:25:00,28.828,28.864,28.821,28.853,3946.61
2026-07-06 14:30:00,28.853,28.867,28.808,28.827,45959.46
2026-07-06 14:35:00,28.827,28.841,28.781,28.809,116644.23
2026-07-06 14:40:00,28.809,28.888,28.756,28.86,626555.05
2026-07-06 14:45:00,28.86,28.891,28.836,28.857,52039.36
2026-07-06 14:50:00,28.857,28.919,28.831,28.882,18504.68
2026-07-06 14:55:00,28.882,28.946,28.863,28.919,83634.99
2026-07-06 15:00:00,28.919,28.957,28.886,28.898,207504.45
2026-07-06 15:05:00,28.898,28.936,28.888,28.916,55984.0
2026-07-06 15:10:00,28.916,29.007,28.889,28.992,30943.2
2026-07-06 15:15:00,28.992,29.046,28.949,28.959,30718.15
2026-07-06 15:20:00,28.959,28.996,28.953,28.968,18046.58
2026-07-06 15:25:00,28.968,29.056,28.961,29.023,49172.79
2026-07-06 15:30:00,29.023,29.036,28.992,29.026,39188.65
2026-07-06 15:35:00,29.026,29.134,28.959,28.986,11434.68
2026-07-06 15:40:00,28.986,29.01,28.941,29.01,59539.69
2026-07-06 15:45:00,29.01,29.053,29.005,29.038,219502.22
2026-07-06 15:50:00,29.038,29.055,29.013,29.048,74677.7
2026-07-06 15:55:00,29.048,29.075,29.033,29.053,29723.98
2026-07-06 16:00:00,29.053,29.094,29.032,29.066,4915.56
2026-07-06 16:05:00,29.066,29.082,29.03,29.055,85783.46
2026-07-06 16:10:00,29.055,29.09,29.037,29.084,3112.46
2026-07-06 16:15:00,29.084,29.142,29.022,29.032,217078.34
2026-07-06 16:20:00,29.032,29.059,29.025,29.057,35961.11
2026-07-06 16:25:00,29.057,29.154,29.034,29.137,27169.83
2026-07-06 16:30:00,29.137,29.165,29.108,29.119,32068.88
2026-07-06 16:35:00,29.119,29.135,29.106,29.117,11183.23
2026-07-06 16:40:00,29.117,29.142,29.082,29.096,14514.11
2026-07-06 16:45:00,29.096,29.143,29.025,29.035,5076.19
2026-07-06 16:50:00,29.035,29.159,28.938,28.955,298229.84
2026-07-06 16:55:00,28.955,28.986,28.928,28.943,5816.8
2026-07-06 17:00:00,28.943,28.949,28.863,28.902,21133.08
2026-07-06 17:05:00,28.902,28.914,28.861,28.901,54975.02
2026-07-06 17:10:00,28.901,28.905,28.894,28.896,40513.06
2026-07-06 17:15:00,28.896,28.902,28.816,28.872,32606.19
2026-07-06 17:20:00,28.872,28.913,28.821,28.867,50321.74
2026-07-06 17:25:00,28.867,28.875,28.809,28.817,39691.22
2026-07-06 17:30:00,28.817,28.857,28.791,28.831,122250.48
2026-07-06 17:35:00,28.831,28.878,28.823,28.858,2230.26
2026-07-06 17:40:00,28.858,28.911,28.772,28.887,67942.32
2026-07-06 17:45:00,28.887,28.906,28.877,28.886,24748.15
2026-07-06 17:50:00,28.886,28.901,28.858,28.867,7428.89
2026-07-06 17:55:00,28.867,28.948,28.789,28.929,53023.57
2026-07-06 18:00:00,28.929,29.002,28.896,29.0,116172.53
2026-07-06 18:05:00,29.0,29.009,28.958,28.97,2027.38
2026-07-06 18:10:00,28.97,28.994,28.932,28.952,12347.19
2026-07-06 18:15:00,28.952,28.968,28.875,28.89,8408.66
2026-07-06 18:20:00,28.89,28.902,28.887,28.896,163032.05
2026-07-06 18:25:00,28.896,28.945,28.888,28.933,34878.32
2026-07-06 18:30:00,28.933,28.978,28.892,28.905,15588.83
2026-07-06 18:35:00,28.905,28.932,28.825,28.852,87.17
2026-07-06 18:40:00,28.852,28.874,28.844,28.856,49741.73
2026-07-06 18:45:00,28.856,28.862,28.854,28.861,641.75
2026-07-06 18:50:00,28.861,28.878,28.785,28.813,5245.65
2026-07-06 18:55:00,28.813,28.842,28.811,28.822,21943.04
2026-07-06 19:00:00,28.822,28.826,28.754,28.785,25286.48
2026-07-06 19:05:00,28.785,28.838,28.755,28.824,28444.07
2026-07-06 19:10:00,28.824,28.874,28.808,28.87,22529.27
2026-07-06 19:15:00,28.87,28.888,28.866,28.87,53987.66
2026-07-06 19:20:00,28.87,28.888,28.851,28.868,27940.38
2026-07-06 19:25:00,28.868,28.893,28.862,28.875,34628.0
2026-07-06 19:30:00,28.875,28.969,28.864,28.943,191859.97
2026-07-06 19:35:00,28.943,28.968,28.924,28.96,168073.6
2026-07-06 19:40:00,28.96,28.998,28.928,28.992,56522.65
2026-07-06 19:45:00,28.992,29.043,28.99,29.04,117670.7
2026-07-06 19:50:00,29.04,29.084,28.971,28.975,44439.88
2026-07-06 19:55:00,28.975,29.041,28.95,29.02,134638.28
2026-07-06 20:00:00,29.02,29.036,28.935,28.942,7156.08
2026-07-06 20:05:00,28.942,28.952,28.872,28.878,320328.57
2026-07-06 20:10:00,28.878,28.899,28.854,28.895,21897.03
2026-07-06 20:15:00,28.895,28.913,28.861,28.877,51787.03
2026-07-06 20:20:00,28.877,28.911,28.852,28.899,137677.32
2026-07-06 20:25:00,28.899,28.93,28.89,28.926,4706.39
2026-07-06 20:30:00,28.926,28.988,28.894,28.974,41778.36
2026-07-06 20:35:00,28.974,29.021,28.965,28.979,79484.69
2026-07-06 20:40:00,28.979,29.017,28.961,28.981,11824.9
2026-07-06 20:45:00,28.981,29.047,28.964,29.02,139170.38
2026-07-06 20:50:00,29.02,29.075,29.007,29.074,5764.65
2026-07-06 20:55:00,29.074,29.076,29.032,29.042,26488.94
2026-07-06 21:00:00,29.042,29.065,29.04,29.056,72597.17
2026-07-06 21:05:00,29.056,29.059,29.023,29.026,2376.13
2026-07-06 21:10:00,29.026,29.062,29.0,29.006,69767.73
2026-07-06 21:15:00,29.006,29.06,28.976,29.04,74409.98
2026-07-06 21:20:00,29.04,29.093,29.037,29.055,9371.96
2026-07-06 21:25:00,29.055,29.084,29.038,29.064,137290.32
2026-07-06 21:30:00,29.064,29.097,29.012,29.013,2030.22
2026-07-06 21:35:00,29.013,29.09,28.996,29.048,53975.2
2026-07-06 21:40:00,29.048,29.091,29.039,29.084,174188.85
2026-07-06 21:45:00,29.084,29.161,29.042,29.125,85083.62
2026-07-06 21:50:00,29.125,29.183,29.022,29.044,265442.46
2026-07-06 21:55:00,29.044,29.08,29.021,29.056,124918.62
2026-07-06 22:00:00,29.056,29.073,29.013,29.046,69592.98
2026-07-06 22:05:00,29.046,29.098,29.042,29.092,58994.38
2026-07-06 22:10:00,29.092,29.186,29.071,29.141,101752.54
2026-07-06 22:15:00,29.141,29.159,29.118,29.135,170822.17
2026-07-06 22:20:00,29.135,29.159,29.083,29.089,47830.16
2026-07-06 22:25:00,29.089,29.15,28.986,29.005,93992.44
2026-07-06 22:30:00,29.005,29.117,28.961,29.101,18248.27
2026-07-06 22:35:00,29.101,29.187,29.022,29.035,466069.39
2026-07-06 22:40:00,29.035,29.063,28.974,29.018,97063.91
2026-07-06 22:45:00,29.018,29.02,28.999,29.02,37612.35
2026-07-06 22:50:00,29.02,29.036,29.004,29.016,77783.16
2026-07-06 22:55:00,29.016,29.019,28.938,28.966,61104.36
2026-07-06 23:00:00,28.966,29.009,28.938,28.989,10520.44
2026-07-06 23:05:00,28.989,29.015,28.966,29.007,2939.54
2026-07-06 23:10:00,29.007,29.034,28.988,29.033,806.22
2026-07-06 23:15:00,29.033,29.132,28.99,29.091,17442.34
2026-07-06 23:20:00,29.091,29.143,29.062,29.121,35968.25
2026-07-06 23:25:00,29.121,29.159,29.115,29.13,13236.93
2026-07-06 23:30:00,29.13,29.16,29.074,29.101,77056.5
2026-07-06 23:35:00,29.101,29.18,29.012,29.025,116298.86
2026-07-06 23:40:00,29.025,29.085,29.009,29.058,46493.08
2026-07-06 23:45:00,29.058,29.096,29.041,29.075,42104.22
2026-07-06 23:50:00,29.075,29.112,29.012,29.037,5307.79
2026-07-06 23:55:00,29.037,29.071,29.02,29.042,207.96
2026-07-07 00:00:00,29.042,29.052,29.035,29.048,114015.26
2026-07-07 00:05:00,29.048,29.078,29.007,29.027,30298.22
2026-07-07 00:10:00,29.027,29.052,28.969,29.034,55193.53
2026-07-07 00:15:00,29.034,29.095,28.99,29.086,196059.01
2026-07-07 00:20:00,29.086,29.123,29.081,29.101,8313.41
2026-07-07 00:25:00,29.101,29.227,29.035,29.047,197088.83
2026-07-07 00:30:00,29.047,29.115,29.045,29.104,209579.19
2026-07-07 00:35:00,29.104,29.112,28.983,29.001,77268.9
2026-07-07 00:40:00,29.001,29.056,28.991,29.044,8722.97
2026-07-07 00:45:00,29.044,29.069,29.033,29.054,4003.92
2026-07-07 00:50:00,29.054,29.107,29.042,29.096,31828.88
2026-07-07 00:55:00,29.096,29.215,28.994,29.014,124651.41
2026-07-07 01:00:00,29.014,29.021,28.92,28.962,18787.35
2026-07-07 01:05:00,28.962,28.975,28.861,28.9,129014.32
2026-07-07 01:10:00,28.9,28.911,28.872,28.874,100813.14
2026-07-07 01:15:00,28.874,28.947,28.791,28.926,160034.58
2026-07-07 01:20:00,28.926,28.986,28.901,28.954,17497.5
2026-07-07 01:25:00,28.954,29.007,28.913,28.993,6973.2
2026-07-07 01:30:00,28.993,28.998,28.949,28.951,3676.15
2026-07-07 01:35:00,28.951,28.971,28.937,28.961,31315.74
2026-07-07 01:40:00,28.961,28.976,28.94,28.94,61821.62
2026-07-07 01:45:00,28.94,29.008,28.901,28.967,102655.45
2026-07-07 01:50:00,28.967,28.984,28.965,28.971,31838.2
2026-07-07 01:55:00,28.971,28.987,28.967,28.976,92120.71
2026-07-07 02:00:00,28.976,28.982,28.943,28.947,31246.41
2026-07-07 02:05:00,28.947,29.008,28.9,28.921,29471.2
2026-07-07 02:10:00,28.921,28.938,28.84,28.867,4605.21
2026-07-07 02:15:00,28.867,28.938,28.786,28.912,429880.02
2026-07-07 02:20:00,28.912,28.935,28.883,28.898,76657.42
2026-07-07 02:25:00,28.898,28.998,28.781,28.981,618878.99
2026-07-07 02:30:00,28.981,28.991,28.964,28.988,38401.44
2026-07-07 02:35:00,28.988,29.0,28.952,28.973,51354.36
2026-07-07 02:40:00,28.973,28.975,28.927,28.933,212101.36
2026-07-07 02:45:00,28.933,28.947,28.927,28.94,14980.77
2026-07-07 02:50:00,28.94,28.958,28.928,28.946,22354.23
2026-07-07 02:55:00,28.946,28.996,28.932,28.949,41627.21
2026-07-07 03:00:00,28.949,28.962,28.904,28.94,69747.96
2026-07-07 03:05:00,28.94,28.964,28.906,28.912,8012.59
2026-07-07 03:10:00,28.912,28.993,28.89,28.99,59001.43
2026-07-07 03:15:00,28.99,29.003,28.934,28.942,45719.05
2026-07-07 03:20:00,28.942,28.987,28.905,28.964,185343.31
2026-07-07 03:25:00,28.964,28.965,28.904,28.907,35657.77
2026-07-07 03:30:00,28.907,28.907,28.858,28.886,37392.36
2026-07-07 03:35:00,28.886,28.925,28.882,28.92,26371.65
2026-07-07 03:40:00,28.92,28.955,28.914,28.944,468.36
2026-07-07 03:45:00,28.944,28.997,28.921,28.987,25076.55
2026-07-07 03:50:00,28.987,29.032,28.898,28.941,2888.87
2026-07-07 03:55:00,28.941,29.013,28.933,28.992,19735.73
2026-07-07 04:00:00,28.992,29.013,28.982,28.996,18040.42
2026-07-07 04:05:00,28.996,29.002,28.988,28.99,43040.55
2026-07-07 04:10:00,28.99,29.027,28.982,29.024,15040.27
2026-07-07 04:15:00,29.024,29.03,28.971,28.978,14371.14
2026-07-07 04:20:00,28.978,29.019,28.934,28.958,100265.81
2026-07-07 04:25:00,28.958,28.985,28.94,28.966,66126.69
2026-07-07 04:30:00,28.966,28.973,28.956,28.961,26325.94
2026-07-07 04:35:00,28.961,28.991,28.955,28.98,41706.83
2026-07-07 04:40:00,28.98,29.017,28.957,28.97,60974.77
2026-07-07 04:45:00,28.97,28.971,28.928,28.952,56360.67
2026-07-07 04:50:00,28.952,28.979,28.944,28.961,30787.17
2026-07-07 04:55:00,28.961,28.994,28.944,28.993,101729.98
2026-07-07 05:00:00,28.993,29.02,28.902,28.922,188142.02
2026-07-07 05:05:00,28.922,28.976,28.8,28.965,10440.8
2026-07-07 05:10:00,28.965,28.981,28.888,28.901,3579.12
2026-07-07 05:15:00,28.901,28.907,28.858,28.875,182227.43
2026-07-07 05:20:00,28.875,28.966,28.813,28.946,145277.54
2026-07-07 05:25:00,28.946,28.959,28.882,28.885,98245.56
2026-07-07 05:30:00,28.885,28.925,28.876,28.912,21090.64
2026-07-07 05:35:00,28.912,29.013,28.907,28.979,19959.33
2026-07-07 05:40:00,28.979,29.022,28.914,28.933,106606.43
2026-07-07 05:45:00,28.933,28.95,28.912,28.918,96860.68
2026-07-07 05:50:00,28.918,28.941,28.856,28.898,34897.72
2026-07-07 05:55:00,28.898,28.94,28.893,28.935,56097.54
2026-07-07 06:00:00,28.935,28.958,28.894,28.907,41343.15
2026-07-07 06:05:00,28.907,29.001,28.782,28.979,73489.46
2026-07-07 06:10:00,28.979,28.994,28.961,28.968,60227.61
2026-07-07 06:15:00,28.968,29.005,28.937,28.956,88427.76
2026-07-07 06:20:00,28.956,28.959,28.909,28.959,222307.8
2026-07-07 06:25:00,28.959,28.967,28.898,28.913,94236.18
2026-07-07 06:30:00,28.913,29.042,28.896,29.008,14130.09
2026-07-07 06:35:00,29.008,29.037,28.939,28.986,3909.27
2026-07-07 06:40:00,28.986,29.009,28.954,28.992,19739.79
2026-07-07 06:45:00,28.992,29.004,28.945,29.001,20537.1
2026-07-07 06:50:00,29.001,29.055,28.996,29.052,51098.7
2026-07-07 06:55:00,29.052,29.065,28.979,29.01,47457.13
2026-07-07 07:00:00,29.01,29.024,28.998,29.011,16159.78
2026-07-07 07:05:00,29.011,29.021,29.003,29.014,79244.36
2026-07-07 07:10:00,29.014,29.033,28.997,29.004,13023.15
2026-07-07 07:15:00,29.004,29.004,28.964,28.976,11079.9
2026-07-07 07:20:00,28.976,29.067,28.976,29.046,72552.17
2026-07-07 07:25:00,29.046,29.078,29.038,29.059,44246.67
2026-07-07 07:30:00,29.059,29.064,28.997,29.028,1373.3
2026-07-07 07:35:00,29.028,29.082,28.967,28.982,8687.63
2026-07-07 07:40:00,28.982,29.08,28.977,29.051,93354.31
2026-07-07 07:45:00,29.051,29.085,29.008,29.034,11324.58
2026-07-07 07:50:00,29.034,29.079,28.976,28.996,327352.25
2026-07-07 07:55:00,28.996,28.997,28.971,28.986,44592.6
2026-07-07 08:00:00,28.986,29.004,28.938,28.95,20940.48
2026-07-07 08:05:00,28.95,28.979,28.927,28.934,38323.3
2026-07-07 08:10:00,28.934,28.953,28.931,28.951,6046.65
2026-07-07 08:15:00,28.951,28.986,28.921,28.947,202909.51
2026-07-07 08:20:00,28.947,28.98,28.912,28.953,10950.13
2026-07-07 08:25:00,28.953,28.97,28.879,28.911,68259.2
2026-07-07 08:30:00,28.911,29.005,28.791,28.977,365349.44
2026-07-07 08:35:00,28.977,29.001,28.888,28.907,16924.51
2026-07-07 08:40:00,28.907,28.948,28.794,28.938,172635.73
2026-07-07 08:45:00,28.938,28.962,28.927,28.929,63374.13
2026-07-07 08:50:00,28.929,28.999,28.837,28.98,11255.64
2026-07-07 08:55:00,28.98,29.031,28.945,29.029,1952.19
2026-07-07 09:00:00,29.029,29.088,28.964,28.987,243173.25
2026-07-07 09:05:00,28.987,29.001,28.918,28.958,3084.73
2026-07-07 09:10:00,28.958,28.959,28.934,28.949,33371.62
2026-07-07 09:15:00,28.949,28.992,28.934,28.979,37980.54
2026-07-07 09:20:00,28.979,29.01,28.973,28.999,120610.66
2026-07-07 09:25:00,28.999,29.066,28.977,29.045,4243.26
2026-07-07 09:30:00,29.045,29.157,28.99,29.005,181214.8
2026-07-07 09:35:00,29.005,29.025,28.935,28.97,88879.96
2026-07-07 09:40:00,28.97,29.042,28.969,29.02,108990.41
2026-07-07 09:45:00,29.02,29.03,29.01,29.026,5607.3
2026-07-07 09:50:00,29.026,29.074,28.977,28.983,88318.77
2026-07-07 09:55:00,28.983,29.054,28.971,29.026,68526.13
2026-07-07 10:00:00,29.026,29.047,28.955,28.963,31039.93
2026-07-07 10:05:00,28.963,28.975,28.873,28.902,38672.96
2026-07-07 10:10:00,28.902,28.99,28.884,28.964,12845.83
2026-07-07 10:15:00,28.964,28.983,28.876,28.899,26915.55
2026-07-07 10:20:00,28.899,28.973,28.887,28.958,39790.79
2026-07-07 10:25:00,28.958,29.008,28.952,28.973,92262.36
2026-07-07 10:30:00,28.973,28.992,28.911,28.918,58015.96
2026-07-07 10:35:00,28.918,28.936,28.883,28.916,140181.26
2026-07-07 10:40:00,28.916,28.925,28.882,28.89,5834.28
2026-07-07 10:45:00,28.89,28.896,28.884,28.885,22555.09
2026-07-07 10:50:00,28.885,28.943,28.829,28.918,348955.5
2026-07-07 10:55:00,28.918,28.936,28.901,28.926,55225.96
2026-07-07 11:00:00,28.926,28.953,28.923,28.93,132602.64
2026-07-07 11:05:00,28.93,28.933,28.881,28.892,45463.13
2026-07-07 11:10:00,28.892,28.926,28.882,28.907,14024.44
2026-07-07 11:15:00,28.907,28.958,28.824,28.94,104105.59
2026-07-07 11:20:00,28.94,28.95,28.893,28.895,148089.38
2026-07-07 11:25:00,28.895,28.912,28.852,28.853,8245.94
2026-07-07 11:30:00,28.853,28.887,28.846,28.882,15431.18
2026-07-07 11:35:00,28.882,28.898,28.85,28.859,14874.04
2026-07-07 11:40:00,28.859,28.89,28.804,28.82,36874.41
2026-07-07 11:45:00,28.82,28.833,28.759,28.793,13341.79
2026-07-07 11:50:00,28.793,28.796,28.731,28.733,116130.33
2026-07-07 11:55:00,28.733,28.797,28.726,28.78,858.17
2026-07-07 12:00:00,28.78,28.795,28.738,28.77,118907.99
2026-07-07 12:05:00,28.77,28.778,28.733,28.771,64342.18
2026-07-07 12:10:00,28.771,28.84,28.75,28.829,5665.66
2026-07-07 12:15:00,28.829,28.88,28.703,28.867,285730.68
2026-07-07 12:20:00,28.867,28.882,28.838,28.847,87069.38
2026-07-07 12:25:00,28.847,28.926,28.792,28.898,207367.68
2026-07-07 12:30:00,28.898,28.907,28.805,28.813,66657.77
2026-07-07 12:35:00,28.813,28.842,28.791,28.826,2241.32
2026-07-07 12:40:00,28.826,28.868,28.746,28.855,115773.29
2026-07-07 12:45:00,28.855,28.933,28.831,28.888,6773.94
2026-07-07 12:50:00,28.888,28.895,28.881,28.893,25326.08
2026-07-07 12:55:00,28.893,28.925,28.87,28.905,147.56
2026-07-07 13:00:00,28.905,28.962,28.894,28.934,17584.41
2026-07-07 13:05:00,28.934,28.971,28.864,28.905,50534.99
2026-07-07 13:10:00,28.905,28.955,28.905,28.952,10397.88
2026-07-07 13:15:00,28.952,28.974,28.911,28.972,59980.12
2026-07-07 13:20:00,28.972,28.984,28.965,28.967,150997.21
2026-07-07 13:25:00,28.967,29.039,28.962,29.034,73883.63
2026-07-07 13:30:00,29.034,29.093,29.021,29.06,3157.01
2026-07-07 13:35:00,29.06,29.086,29.023,29.031,165115.29
2026-07-07 13:40:00,29.031,29.085,28.959,28.971,27649.91
2026-07-07 13:45:00,28.971,29.017,28.968,28.992,49767.9
2026-07-07 13:50:00,28.992,28.992,28.98,28.986,2023.8
2026-07-07 13:55:00,28.986,28.991,28.941,28.948,8502.16
2026-07-07 14:00:00,28.948,28.967,28.892,28.949,11950.52
2026-07-07 14:05:00,28.949,28.971,28.93,28.964,42357.89
2026-07-07 14:10:00,28.964,29.02,28.956,29.02,58045.07
2026-07-07 14:15:00,29.02,29.087,28.96,28.985,162968.29
2026-07-07 14:20:00,28.985,29.041,28.977,28.983,103854.51
2026-07-07 14:25:00,28.983,28.992,28.919,28.963,20554.8
2026-07-07 14:30:00,28.963,28.977,28.94,28.967,22030.17
2026-07-07 14:35:00,28.967,28.999,28.964,28.967,34464.3
2026-07-07 14:40:00,28.967,28.999,28.955,28.983,131890.34
2026-07-07 14:45:00,28.983,28.993,28.969,28.987,5264.18
2026-07-07 14:50:00,28.987,29.017,28.959,29.001,23855.07
2026-07-07 14:55:00,29.001,29.118,28.94,28.955,9431.46
2026-07-07 15:00:00,28.955,28.999,28.875,28.886,51068.51
2026-07-07 15:05:00,28.886,28.888,28.759,28.803,29440.58
2026-07-07 15:10:00,28.803,28.834,28.738,28.744,44823.32
2026-07-07 15:15:00,28.744,28.748,28.705,28.708,132753.88
2026-07-07 15:20:00,28.708,28.767,28.692,28.753,31707.81
2026-07-07 15:25:00,28.753,28.815,28.688,28.796,92321.13
2026-07-07 15:30:00,28.796,28.828,28.775,28.823,2679.9
2026-07-07 15:35:00,28.823,28.837,28.757,28.792,99966.23
2026-07-07 15:40:00,28.792,28.812,28.768,28.773,339.28
2026-07-07 15:45:00,28.773,28.828,28.743,28.788,11677.7
2026-07-07 15:50:00,28.788,28.812,28.726,28.749,223489.9
2026-07-07 15:55:00,28.749,28.798,28.644,28.775,147558.68
2026-07-07 16:00:00,28.775,28.841,28.765,28.829,9592.45
2026-07-07 16:05:00,28.829,28.834,28.714,28.759,113326.81
2026-07-07 16:10:00,28.759,28.85,28.655,28.825,8091.47
2026-07-07 16:15:00,28.825,28.845,28.793,28.841,997.16
2026-07-07 16:20:00,28.841,28.886,28.813,28.874,84206.02
2026-07-07 16:25:00,28.874,28.907,28.849,28.902,23048.98
2026-07-07 16:30:00,28.902,28.952,28.893,28.938,39562.89
2026-07-07 16:35:00,28.938,28.949,28.894,28.906,117033.44
2026-07-07 16:40:00,28.906,28.942,28.898,28.928,69364.75
2026-07-07 16:45:00,28.928,28.935,28.92,28.928,108762.15
2026-07-07 16:50:00,28.928,28.995,28.912,28.972,19253.75
2026-07-07 16:55:00,28.972,28.978,28.97,28.972,126427.6
2026-07-07 17:00:00,28.972,28.976,28.961,28.974,2044.02
2026-07-07 17:05:00,28.974,28.996,28.894,28.934,187751.15
2026-07-07 17:10:00,28.934,28.974,28.927,28.934,167774.92
2026-07-07 17:15:00,28.934,28.994,28.931,28.963,230440.2
2026-07-07 17:20:00,28.963,29.028,28.961,29.011,37195.32
2026-07-07 17:25:00,29.011,29.056,28.916,28.989,63607.94
2026-07-07 17:30:00,28.989,29.016,28.961,28.997,31973.89
2026-07-07 17:35:00,28.997,29.025,28.991,29.002,32954.4
2026-07-07 17:40:00,29.002,29.021,28.985,29.01,66310.21
2026-07-07 17:45:00,29.01,29.073,29.006,29.053,63176.29
2026-07-07 17:50:00,29.053,29.1,29.042,29.09,89510.25
2026-07-07 17:55:00,29.09,29.097,29.008,29.039,27924.12
2026-07-07 18:00:00,29.039,29.085,29.025,29.056,25704.84
2026-07-07 18:05:00,29.056,29.108,28.99,29.013,233570.16
2026-07-07 18:10:00,29.013,29.034,28.991,28.993,35431.83
2026-07-07 18:15:00,28.993,29.032,28.976,29.023,12933.59
2026-07-07 18:20:00,29.023,29.108,28.975,28.995,10253.17
2026-07-07 18:25:00,28.995,29.053,28.95,29.048,15020.33
2026-07-07 18:30:00,29.048,29.064,29.034,29.037,34466.59
2026-07-07 18:35:00,29.037,29.084,29.01,29.07,11744.45
2026-07-07 18:40:00,29.07,29.089,29.012,29.023,47028.88
2026-07-07 18:45:00,29.023,29.06,29.008,29.014,76818.69
2026-07-07 18:50:00,29.014,29.021,28.934,28.956,9033.03
2026-07-07 18:55:00,28.956,28.984,28.952,28.978,32302.6
2026-07-07 19:00:00,28.978,28.993,28.945,28.947,21784.49
2026-07-07 19:05:00,28.947,28.963,28.89,28.904,46120.68
2026-07-07 19:10:00,28.904,29.005,28.877,28.988,66358.71
2026-07-07 19:15:00,28.988,29.007,28.969,29.002,53320.92
2026-07-07 19:20:00,29.002,29.058,28.927,28.949,405076.21
2026-07-07 19:25:00,28.949,28.964,28.943,28.951,21796.54
2026-07-07 19:30:00,28.951,29.015,28.929,28.977,5294.38
2026-07-07 19:35:00,28.977,29.035,28.958,29.015,76792.11
2026-07-07 19:40:00,29.015,29.075,29.0,29.054,8048.53
2026-07-07 19:45:00,29.054,29.144,28.973,28.998,49111.46
2026-07-07 19:50:00,28.998,29.028,28.978,29.022,172926.75
2026-07-07 19:55:00,29.022,29.095,29.005,29.093,75479.72
2026-07-07 20:00:00,29.093,29.135,29.092,29.095,44786.81
2026-07-07 20:05:00,29.095,29.128,29.06,29.124,1225.11
2026-07-07 20:10:00,29.124,29.132,29.063,29.088,31528.48
2026-07-07 20:15:00,29.088,29.105,29.072,29.096,35438.11
2026-07-07 20:20:00,29.096,29.103,29.02,29.05,32832.27
2026-07-07 20:25:00,29.05,29.127,29.0,29.022,45524.84
2026-07-07 20:30:00,29.022,29.061,29.004,29.058,76565.76
2026-07-07 20:35:00,29.058,29.16,29.001,29.016,120198.5
2026-07-07 20:40:00,29.016,29.034,28.962,28.994,1507.39
2026-07-07 20:45:00,28.994,29.013,28.966,28.986,52275.21
2026-07-07 20:50:00,28.986,29.07,28.98,29.045,7983.66
2026-07-07 20:55:00,29.045,29.052,29.028,29.049,52438.38
2026-07-07 21:00:00,29.049,29.079,29.029,29.066,153021.54
2026-07-07 21:05:00,29.066,29.066,28.991,29.016,128202.94
2026-07-07 21:10:00,29.016,29.029,29.004,29.007,133222.25
2026-07-07 21:15:00,29.007,29.069,28.984,29.068,408431.31
2026-07-07 21:20:00,29.068,29.104,29.043,29.067,17197.91
2026-07-07 21:25:00,29.067,29.187,29.002,29.019,294638.34
2026-07-07 21:30:00,29.019,29.035,28.984,29.006,36845.62
2026-07-07 21:35:00,29.006,29.029,28.953,28.979,82763.71
2026-07-07 21:40:00,28.979,29.037,28.968,29.02,5869.13
2026-07-07 21:45:00,29.02,29.086,28.997,29.055,35318.62
2026-07-07 21:50:00,29.055,29.056,28.976,29.007,23356.87
2026-07-07 21:55:00,29.007,29.008,28.968,28.988,84568.0
2026-07-07 22:00:00,28.988,28.999,28.962,28.969,25356.51
2026-07-07 22:05:00,28.969,29.058,28.957,29.033,12323.58
2026-07-07 22:10:00,29.033,29.043,29.014,29.037,45742.35
2026-07-07 22:15:00,29.037,29.059,29.031,29.059,20413.95
2026-07-07 22:20:00,29.059,29.063,29.036,29.038,136116.29
2026-07-07 22:25:00,29.038,29.05,29.016,29.025,1975.14
2026-07-07 22:30:00,29.025,29.03,29.012,29.014,38027.83
2026-07-07 22:35:00,29.014,29.019,28.954,28.973,20864.27
2026-07-07 22:40:00,28.973,29.084,28.962,29.072,18908.88
2026-07-07 22:45:00,29.072,29.156,29.036,29.047,30840.0
2026-07-07 22:50:00,29.047,29.173,28.963,28.975,105646.65
2026-07-07 22:55:00,28.975,28.978,28.972,28.973,91351.56
2026-07-07 23:00:00,28.973,29.012,28.955,28.987,13776.3
2026-07-07 23:05:00,28.987,28.988,28.893,28.91,42056.41
2026-07-07 23:10:00,28.91,28.962,28.831,28.842,98686.35
2026-07-07 23:15:00,28.842,28.855,28.827,28.849,157091.96
2026-07-07 23:20:00,28.849,28.896,28.822,28.861,5371.55
2026-07-07 23:25:00,28.861,28.876,28.824,28.872,18665.33
2026-07-07 23:30:00,28.872,28.925,28.752,28.905,383453.39
2026-07-07 23:35:00,28.905,28.912,28.849,28.861,93151.12
2026-07-07 23:40:00,28.861,28.875,28.827,28.839,133967.24
2026-07-07 23:45:00,28.839,28.87,28.837,28.852,81560.36
2026-07-07 23:50:00,28.852,28.908,28.736,28.894,337574.9
2026-07-07 23:55:00,28.894,28.911,28.78,28.851,9235.16
2026-07-08 00:00:00,28.851,28.868,28.822,28.861,13806.46
2026-07-08 00:05:00,28.861,28.899,28.833,28.897,4265.6
2026-07-08 00:10:00,28.897,28.985,28.795,28.973,254598.51
2026-07-08 00:15:00,28.973,29.016,28.945,28.954,39452.23
2026-07-08 00:20:00,28.954,28.964,28.902,28.922,25422.27
2026-07-08 00:25:00,28.922,28.948,28.87,28.944,47230.59
2026-07-08 00:30:00,28.944,28.947,28.873,28.908,54302.55
2026-07-08 00:35:00,28.908,28.94,28.888,28.896,45775.78
2026-07-08 00:40:00,28.896,28.953,28.836,28.929,71141.65
2026-07-08 00:45:00,28.929,28.945,28.917,28.921,4509.27
2026-07-08 00:50:00,28.921,28.936,28.881,28.891,42406.99
2026-07-08 00:55:00,28.891,28.948,28.888,28.937,88958.3
2026-07-08 01:00:00,28.937,28.94,28.906,28.934,30013.98
2026-07-08 01:05:00,28.934,28.953,28.872,28.913,5671.2
2026-07-08 01:10:00,28.913,28.983,28.913,28.969,73719.23
2026-07-08 01:15:00,28.969,28.983,28.875,28.918,11943.33
2026-07-08 01:20:00,28.918,28.949,28.91,28.947,55530.89
2026-07-08 01:25:00,28.947,28.958,28.938,28.944,44309.41
2026-07-08 01:30:00,28.944,28.963,28.855,28.89,63709.89
2026-07-08 01:35:00,28.89,28.947,28.805,28.92,94194.37
2026-07-08 01:40:00,28.92,28.976,28.918,28.975,68711.2
2026-07-08 01:45:00,28.975,28.985,28.947,28.954,765.48
2026-07-08 01:50:00,28.954,28.971,28.924,28.924,44207.08
2026-07-08 01:55:00,28.924,28.968,28.907,28.967,5139.73
2026-07-08 02:00:00,28.967,29.045,28.944,29.042,37159.82
2026-07-08 02:05:00,29.042,29.063,28.973,29.028,83974.01
2026-07-08 02:10:00,29.028,29.029,28.996,28.998,92732.07
2026-07-08 02:15:00,28.998,29.005,28.987,29.005,102113.26
2026-07-08 02:20:00,29.005,29.007,28.955,28.966,48329.32
2026-07-08 02:25:00,28.966,29.037,28.944,29.027,35704.6
2026-07-08 02:30:00,29.027,29.045,29.006,29.037,81990.52
2026-07-08 02:35:00,29.037,29.11,29.028,29.081,64748.33
2026-07-08 02:40:00,29.081,29.085,29.013,29.027,217060.62
2026-07-08 02:45:00,29.027,29.076,29.027,29.057,64828.75
2026-07-08 02:50:00,29.057,29.073,29.048,29.068,12664.17
2026-07-08 02:55:00,29.068,29.096,29.024,29.036,46746.09
2026-07-08 03:00:00,29.036,29.079,29.026,29.06,12455.18
2026-07-08 03:05:00,29.06,29.081,28.994,29.001,28369.87
2026-07-08 03:10:00,29.001,29.005,28.908,28.943,7712.81
2026-07-08 03:15:00,28.943,28.973,28.941,28.957,37748.16
2026-07-08 03:20:00,28.957,28.968,28.859,28.893,37319.4
2026-07-08 03:25:00,28.893,28.918,28.888,28.904,13281.57
2026-07-08 03:30:00,28.904,28.929,28.887,28.889,67212.4
2026-07-08 03:35:00,28.889,28.934,28.831,28.92,173995.0
2026-07-08 03:40:00,28.92,28.998,28.903,28.98,25855.61
2026-07-08 03:45:00,28.98,29.044,28.959,29.043,28829.42
2026-07-08 03:50:00,29.043,29.14,28.972,28.993,408862.58
2026-07-08 03:55:00,28.993,29.036,28.939,28.957,53828.4
2026-07-08 04:00:00,28.957,29.002,28.945,28.977,43750.11
2026-07-08 04:05:00,28.977,29.005,28.971,28.99,160337.86
2026-07-08 04:10:00,28.99,29.057,28.984,29.055,2665.91
2026-07-08 04:15:00,29.055,29.069,29.015,29.022,61294.08
2026-07-08 04:20:00,29.022,29.028,29.006,29.01,25957.43
2026-07-08 04:25:00,29.01,29.04,28.986,29.012,2682.25
2026-07-08 04:30:00,29.012,29.071,28.999,29.044,187133.54
2026-07-08 04:35:00,29.044,29.084,29.024,29.077,56785.17
2026-07-08 04:40:00,29.077,29.105,29.065,29.089,65517.18
2026-07-08 04:45:00,29.089,29.139,29.083,29.112,9557.7
2026-07-08 04:50:00,29.112,29.127,29.045,29.07,90497.16
2026-07-08 04:55:00,29.07,29.192,29.017,29.039,64817.84
2026-07-08 05:00:00,29.039,29.134,28.963,28.983,166019.86
2026-07-08 05:05:00,28.983,28.998,28.945,28.971,19975.81
2026-07-08 05:10:00,28.971,28.986,28.901,28.938,90165.62
2026-07-08 05:15:00,28.938,28.99,28.914,28.983,3474.43
2026-07-08 05:20:00,28.983,29.005,28.957,28.999,4045.74
2026-07-08 05:25:00,28.999,29.012,28.892,28.953,75365.1
2026-07-08 05:30:00,28.953,28.964,28.915,28.916,7067.7
2026-07-08 05:35:00,28.916,28.974,28.882,28.955,68067.06
2026-07-08 05:40:00,28.955,29.001,28.939,28.949,19875.86
2026-07-08 05:45:00,28.949,28.981,28.932,28.965,24976.81
2026-07-08 05:50:00,28.965,28.993,28.95,28.979,11225.56
2026-07-08 05:55:00,28.979,28.994,28.924,28.942,93408.1
2026-07-08 06:00:00,28.942,28.995,28.935,28.967,4418.15
2026-07-08 06:05:00,28.967,29.008,28.934,28.972,28496.18
2026-07-08 06:10:00,28.972,28.98,28.928,28.956,80586.5
2026-07-08 06:15:00,28.956,28.96,28.914,28.934,45784.57
2026-07-08 06:20:00,28.934,28.965,28.93,28.961,52472.36
2026-07-08 06:25:00,28.961,28.981,28.927,28.937,1171.09
2026-07-08 06:30:00,28.937,28.99,28.909,28.925,46260.84
2026-07-08 06:35:00,28.925,28.955,28.907,28.913,54732.47
2026-07-08 06:40:00,28.913,28.943,28.887,28.937,5152.63
2026-07-08 06:45:00,28.937,28.952,28.914,28.918,9620.41
2026-07-08 06:50:00,28.918,28.956,28.883,28.894,21029.92
2026-07-08 06:55:00,28.894,28.896,28.867,28.872,104509.19
2026-07-08 07:00:00,28.872,28.94,28.859,28.918,37300.68
2026-07-08 07:05:00,28.918,28.941,28.863,28.885,31463.56
2026-07-08 07:10:00,28.885,28.899,28.884,28.886,7579.2
2026-07-08 07:15:00,28.886,28.944,28.876,28.904,54628.97
2026-07-08 07:20:00,28.904,28.953,28.903,28.929,811.33
2026-07-08 07:25:00,28.929,28.939,28.821,28.844,30454.87
2026-07-08 07:30:00,28.844,28.852,28.793,28.809,151066.15
2026-07-08 07:35:00,28.809,28.818,28.751,28.786,389.27
2026-07-08 07:40:00,28.786,28.852,28.738,28.831,201123.58
2026-07-08 07:45:00,28.831,28.887,28.746,28.859,3626.6
2026-07-08 07:50:00,28.859,28.876,28.857,28.862,8820.58
2026-07-08 07:55:00,28.862,28.92,28.812,28.908,90740.42
2026-07-08 08:00:00,28.908,28.957,28.887,28.938,42470.42
2026-07-08 08:05:00,28.938,28.952,28.886,28.926,26855.78
2026-07-08 08:10:00,28.926,28.992,28.913,28.953,65731.82
2026-07-08 08:15:00,28.953,29.028,28.945,29.004,107335.15
2026-07-08 08:20:00,29.004,29.015,28.95,28.963,21467.64
2026-07-08 08:25:00,28.963,29.012,28.957,29.006,58478.11
2026-07-08 08:30:00,29.006,29.059,28.997,29.04,34740.83
2026-07-08 08:35:00,29.04,29.08,29.003,29.042,735.09
2026-07-08 08:40:00,29.042,29.05,29.0,29.042,94422.32
2026-07-08 08:45:00,29.042,29.058,29.0,29.019,21515.48
2026-07-08 08:50:00,29.019,29.094,28.985,29.087,11568.82
2026-07-08 08:55:00,29.087,29.102,29.07,29.081,24459.54
2026-07-08 09:00:00,29.081,29.169,28.992,29.007,95967.51
2026-07-08 09:05:00,29.007,29.008,28.978,28.985,11798.12
2026-07-08 09:10:00,28.985,29.025,28.951,29.0,1770.62
2026-07-08 09:15:00,29.0,29.003,28.978,28.994,23570.25
2026-07-08 09:20:00,28.994,29.035,28.926,28.949,21239.13
2026-07-08 09:25:00,28.949,29.002,28.927,28.983,23576.42
2026-07-08 09:30:00,28.983,29.021,28.928,28.964,70191.15
2026-07-08 09:35:00,28.964,28.973,28.95,28.952,8732.24
2026-07-08 09:40:00,28.952,28.991,28.905,28.95,113555.6
2026-07-08 09:45:00,28.95,28.987,28.943,28.979,27684.02
2026-07-08 09:50:00,28.979,28.99,28.96,28.976,43931.44
2026-07-08 09:55:00,28.976,28.992,28.965,28.977,173773.39
2026-07-08 10:00:00,28.977,28.999,28.976,28.998,105512.08
2026-07-08 10:05:00,28.998,29.018,28.977,29.011,59659.01
2026-07-08 10:10:00,29.011,29.03,28.923,28.957,76726.69
2026-07-08 10:15:00,28.957,28.998,28.884,28.892,71076.17
2026-07-08 10:20:00,28.892,28.915,28.881,28.906,35921.2
2026-07-08 10:25:00,28.906,28.933,28.88,28.918,26943.22
2026-07-08 10:30:00,28.918,28.925,28.893,28.913,48848.38
2026-07-08 10:35:00,28.913,28.95,28.912,28.937,46409.13
2026-07-08 10:40:00,28.937,28.941,28.896,28.927,5590.55
2026-07-08 10:45:00,28.927,28.955,28.916,28.948,505.05
2026-07-08 10:50:00,28.948,29.042,28.933,29.007,25045.77
2026-07-08 10:55:00,29.007,29.015,28.949,28.975,10828.01
2026-07-08 11:00:00,28.975,28.991,28.959,28.973,26179.13
2026-07-08 11:05:00,28.973,28.993,28.91,28.94,59846.87
2026-07-08 11:10:00,28.94,29.015,28.903,28.997,42145.18
2026-07-08 11:15:00,28.997,29.043,28.892,28.916,16041.73
2026-07-08 11:20:00,28.916,28.936,28.823,28.85,10953.41
2026-07-08 11:25:00,28.85,28.876,28.842,28.867,40125.51
2026-07-08 11:30:00,28.867,28.934,28.864,28.911,6370.34
2026-07-08 11:35:00,28.911,28.932,28.839,28.84,69407.1
2026-07-08 11:40:00,28.84,28.893,28.794,28.824,19443.79
2026-07-08 11:45:00,28.824,28.867,28.767,28.851,167927.44
2026-07-08 11:50:00,28.851,28.859,28.826,28.856,39855.76
2026-07-08 11:55:00,28.856,28.943,28.831,28.894,58763.28
2026-07-08 12:00:00,28.894,28.905,28.827,28.837,49016.43
2026-07-08 12:05:00,28.837,28.925,28.742,28.899,36016.93
2026-07-08 12:10:00,28.899,28.953,28.894,28.92,31961.33
2026-07-08 12:15:00,28.92,28.969,28.906,28.942,170213.39
2026-07-08 12:20:00,28.942,28.954,28.871,28.879,44073.73
2026-07-08 12:25:00,28.879,28.906,28.865,28.902,202639.74
2026-07-08 12:30:00,28.902,28.905,28.771,28.785,7030.35
2026-07-08 12:35:00,28.785,28.795,28.749,28.766,37231.64
2026-07-08 12:40:00,28.766,28.776,28.719,28.746,160931.16
2026-07-08 12:45:00,28.746,28.827,28.738,28.824,321.18
2026-07-08 12:50:00,28.824,28.825,28.794,28.805,18292.3
2026-07-08 12:55:00,28.805,28.9,28.756,28.877,10456.36
2026-07-08 13:00:00,28.877,28.878,28.833,28.849,41405.5
2026-07-08 13:05:00,28.849,28.856,28.8,28.815,19438.66
2026-07-08 13:10:00,28.815,28.862,28.804,28.849,32067.14
2026-07-08 13:15:00,28.849,28.932,28.847,28.902,23320.95
2026-07-08 13:20:00,28.902,28.912,28.826,28.878,8856.91
2026-07-08 13:25:00,28.878,28.888,28.871,28.878,64452.76
2026-07-08 13:30:00,28.878,28.883,28.835,28.87,49643.82
2026-07-08 13:35:00,28.87,28.876,28.833,28.851,69038.48
2026-07-08 13:40:00,28.851,28.854,28.759,28.782,13274.73
2026-07-08 13:45:00,28.782,28.785,28.745,28.746,42320.41
2026-07-08 13:50:00,28.746,28.777,28.732,28.753,49470.92
2026-07-08 13:55:00,28.753,28.84,28.724,28.792,74462.78
2026-07-08 14:00:00,28.792,28.875,28.78,28.869,29035.14
2026-07-08 14:05:00,28.869,28.904,28.86,28.897,27183.72
2026-07-08 14:10:00,28.897,28.915,28.877,28.908,25224.27
2026-07-08 14:15:00,28.908,28.932,28.821,28.865,146780.31
2026-07-08 14:20:00,28.865,28.997,28.842,28.938,22861.53
2026-07-08 14:25:00,28.938,28.984,28.937,28.955,121275.3
2026-07-08 14:30:00,28.955,28.988,28.908,28.956,23653.55
2026-07-08 14:35:00,28.956,28.963,28.931,28.935,67069.95
2026-07-08 14:40:00,28.935,29.044,28.924,29.02,62132.77
2026-07-08 14:45:00,29.02,29.022,28.992,28.995,112465.82
2026-07-08 14:50:00,28.995,29.074,28.99,29.061,8227.41
2026-07-08 14:55:00,29.061,29.117,28.97,28.987,216087.7
2026-07-08 15:00:00,28.987,29.03,28.966,29.003,150923.78
2026-07-08 15:05:00,29.003,29.009,28.919,28.955,36370.0
2026-07-08 15:10:00,28.955,28.989,28.948,28.971,125157.47
2026-07-08 15:15:00,28.971,29.0,28.958,28.967,6186.99
2026-07-08 15:20:00,28.967,28.975,28.929,28.948,17584.95
2026-07-08 15:25:00,28.948,29.015,28.936,28.953,35078.66
2026-07-08 15:30:00,28.953,28.975,28.932,28.96,19427.25
2026-07-08 15:35:00,28.96,28.988,28.946,28.97,28748.48
2026-07-08 15:40:00,28.97,29.055,28.952,29.023,6277.17
2026-07-08 15:45:00,29.023,29.028,29.012,29.012,15813.02
2026-07-08 15:50:00,29.012,29.108,28.936,28.959,152807.2
2026-07-08 15:55:00,28.959,28.989,28.936,28.972,14338.03
2026-07-08 16:00:00,28.972,28.99,28.966,28.989,66452.09
2026-07-08 16:05:00,28.989,29.008,28.963,28.968,59676.43
2026-07-08 16:10:00,28.968,28.981,28.914,28.932,14256.81
2026-07-08 16:15:00,28.932,28.945,28.903,28.92,16386.49
2026-07-08 16:20:00,28.92,29.048,28.918,28.993,27371.36
2026-07-08 16:25:00,28.993,29.007,28.93,28.954,14385.65
2026-07-08 16:30:00,28.954,28.994,28.94,28.989,61529.43
2026-07-08 16:35:00,28.989,28.993,28.972,28.975,3332.81
2026-07-08 16:40:00,28.975,29.01,28.967,28.992,33911.55
2026-07-08 16:45:00,28.992,29.046,28.911,28.951,58005.47
2026-07-08 16:50:00,28.951,28.97,28.945,28.947,11387.76
2026-07-08 16:55:00,28.947,28.964,28.93,28.951,22978.13
2026-07-08 17:00:00,28.951,28.964,28.906,28.923,7056.57
2026-07-08 17:05:00,28.923,28.977,28.886,28.977,94189.83
2026-07-08 17:10:00,28.977,28.999,28.973,28.998,6864.47
2026-07-08 17:15:00,28.998,29.002,28.955,28.985,190.24
2026-07-08 17:20:00,28.985,29.018,28.981,28.992,63977.78
2026-07-08 17:25:00,28.992,29.044,28.977,29.008,3684.56
2026-07-08 17:30:00,29.008,29.089,28.987,29.055,41934.06
2026-07-08 17:35:00,29.055,29.071,28.982,29.015,24731.36
2026-07-08 17:40:00,29.015,29.123,28.976,28.985,37661.91
2026-07-08 17:45:00,28.985,29.011,28.946,28.962,11765.86
2026-07-08 17:50:00,28.962,28.994,28.945,28.946,12609.43
2026-07-08 17:55:00,28.946,28.978,28.875,28.905,83762.48
2026-07-08 18:00:00,28.905,28.949,28.883,28.894,36653.4
2026-07-08 18:05:00,28.894,28.985,28.884,28.94,56250.24
2026-07-08 18:10:00,28.94,29.024,28.93,28.974,4457.8
2026-07-08 18:15:00,28.974,29.017,28.892,28.917,13075.1
2026-07-08 18:20:00,28.917,28.973,28.916,28.951,53191.56
2026-07-08 18:25:00,28.951,28.974,28.918,28.924,76071.69
2026-07-08 18:30:00,28.924,28.967,28.914,28.955,15870.92
2026-07-08 18:35:00,28.955,28.986,28.935,28.972,32642.12
2026-07-08 18:40:00,28.972,28.984,28.966,28.966,4534.9
2026-07-08 18:45:00,28.966,28.967,28.908,28.924,25148.91
2026-07-08 18:50:00,28.924,28.991,28.889,28.943,61123.39
2026-07-08 18:55:00,28.943,29.06,28.922,29.035,76077.77
2026-07-08 19:00:00,29.035,29.104,28.974,28.994,87930.64
2026-07-08 19:05:00,28.994,29.065,28.991,29.06,673.89
2026-07-08 19:10:00,29.06,29.089,29.052,29.055,4603.64
2026-07-08 19:15:00,29.055,29.069,29.027,29.029,2516.82
2026-07-08 19:20:00,29.029,29.114,28.95,28.975,57427.62
2026-07-08 19:25:00,28.975,29.029,28.949,29.015,27158.29
2026-07-08 19:30:00,29.015,29.095,28.958,28.967,184228.01
2026-07-08 19:35:00,28.967,29.016,28.938,29.01,108540.13
2026-07-08 19:40:00,29.01,29.031,28.963,29.001,86798.3
2026-07-08 19:45:00,29.001,29.014,28.996,29.003,10196.92
2026-07-08 19:50:00,29.003,29.093,28.948,28.97,86442.25
2026-07-08 19:55:00,28.97,28.983,28.923,28.929,10187.9
2026-07-08 20:00:00,28.929,29.038,28.804,29.01,125980.59
2026-07-08 20:05:00,29.01,29.016,28.991,29.001,8748.63
2026-07-08 20:10:00,29.001,29.008,28.934,28.935,19528.28
2026-07-08 20:15:00,28.935,28.984,28.914,28.97,107711.19
2026-07-08 20:20:00,28.97,29.008,28.935,28.936,1520.56
2026-07-08 20:25:00,28.936,28.964,28.913,28.925,146418.4
2026-07-08 20:30:00,28.925,28.935,28.888,28.898,1225.43
2026-07-08 20:35:00,28.898,29.001,28.777,28.98,40327.15
2026-07-08 20:40:00,28.98,28.989,28.947,28.981,41895.38
2026-07-08 20:45:00,28.981,28.981,28.953,28.972,17839.06
2026-07-08 20:50:00,28.972,28.978,28.923,28.934,106377.74
2026-07-08 20:55:00,28.934,28.977,28.891,28.949,4487.16
2026-07-08 21:00:00,28.949,28.985,28.931,28.952,4257.34
2026-07-08 21:05:00,28.952,29.033,28.916,29.006,45005.25
2026-07-08 21:10:00,29.006,29.036,28.953,28.967,102936.6
2026-07-08 21:15:00,28.967,28.984,28.938,28.943,31010.92
2026-07-08 21:20:00,28.943,29.002,28.889,28.974,198361.27
2026-07-08 21:25:00,28.974,29.013,28.965,28.993,6710.38
2026-07-08 21:30:00,28.993,29.064,28.979,29.038,103508.63
2026-07-08 21:35:00,29.038,29.054,28.993,29.018,48427.21
2026-07-08 21:40:00,29.018,29.063,28.932,28.952,604491.11
2026-07-08 21:45:00,28.952,28.962,28.933,28.954,60509.07
2026-07-08 21:50:00,28.954,29.035,28.942,28.995,78343.65
2026-07-08 21:55:00,28.995,29.044,28.939,29.032,52541.06
2026-07-08 22:00:00,29.032,29.035,28.979,29.007,58128.58
2026-07-08 22:05:00,29.007,29.111,28.937,28.951,92315.7
2026-07-08 22:10:00,28.951,29.036,28.825,29.016,152421.01
2026-07-08 22:15:00,29.016,29.115,29.006,29.112,85031.21
2026-07-08 22:20:00,29.112,29.117,29.091,29.112,2309.73
2026-07-08 22:25:00,29.112,29.147,29.103,29.133,32181.59
2026-07-08 22:30:00,29.133,29.187,29.109,29.122,17990.51
2026-07-08 22:35:00,29.122,29.162,29.121,29.154,9413.98
2026-07-08 22:40:00,29.154,29.167,29.138,29.165,42455.48
2026-07-08 22:45:00,29.165,29.187,29.151,29.168,19045.68
2026-07-08 22:50:00,29.168,29.277,29.075,29.096,262874.95
2026-07-08 22:55:00,29.096,29.142,29.079,29.138,40885.09
2026-07-08 23:00:00,29.138,29.191,29.047,29.062,5750.25
2026-07-08 23:05:00,29.062,29.181,29.0,29.024,16272.91
2026-07-08 23:10:00,29.024,29.036,28.992,29.012,28053.69
2026-07-08 23:15:00,29.012,29.121,28.906,28.931,46067.81
2026-07-08 23:20:00,28.931,28.98,28.928,28.954,26318.92
2026-07-08 23:25:00,28.954,28.959,28.947,28.951,114465.74
2026-07-08 23:30:00,28.951,29.045,28.88,29.035,442594.79
2026-07-08 23:35:00,29.035,29.054,28.987,29.022,122127.01
2026-07-08 23:40:00,29.022,29.032,29.005,29.025,18804.16
2026-07-08 23:45:00,29.025,29.036,28.952,28.994,20148.86
2026-07-08 23:50:00,28.994,29.019,28.992,29.016,124572.62
2026-07-08 23:55:00,29.016,29.036,28.969,28.978,1250.73
2026-07-09 00:00:00,28.978,28.985,28.948,28.984,73690.16
2026-07-09 00:05:00,28.984,29.043,28.96,29.037,5765.38
2026-07-09 00:10:00,29.037,29.073,29.023,29.027,37288.28
2026-07-09 00:15:00,29.027,29.046,28.996,29.033,41448.96
2026-07-09 00:20:00,29.033,29.033,28.989,29.008,3678.24
2026-07-09 00:25:00,29.008,29.04,29.006,29.033,7208.33
2026-07-09 00:30:00,29.033,29.067,29.021,29.04,92105.45
2026-07-09 00:35:00,29.04,29.059,29.038,29.049,4873.18
2026-07-09 00:40:00,29.049,29.095,29.045,29.053,24612.99
2026-07-09 00:45:00,29.053,29.056,29.025,29.028,50793.55
2026-07-09 00:50:00,29.028,29.045,28.926,28.934,85513.17
2026-07-09 00:55:00,28.934,28.97,28.93,28.964,20941.61
2026-07-09 01:00:00,28.964,28.973,28.938,28.941,37920.19
2026-07-09 01:05:00,28.941,28.997,28.93,28.987,18851.19
2026-07-09 01:10:00,28.987,29.063,28.979,29.062,963.98
2026-07-09 01:15:00,29.062,29.081,29.057,29.074,176003.33
2026-07-09 01:20:00,29.074,29.156,29.041,29.15,17985.47
2026-07-09 01:25:00,29.15,29.212,29.053,29.074,251289.37
2026-07-09 01:30:00,29.074,29.093,29.057,29.062,75567.59
2026-07-09 01:35:00,29.062,29.131,29.053,29.107,60197.73
2026-07-09 01:40:00,29.107,29.108,29.05,29.09,23808.39
2026-07-09 01:45:00,29.09,29.099,29.066,29.084,108658.46
2026-07-09 01:50:00,29.084,29.156,29.059,29.136,74996.24
2026-07-09 01:55:00,29.136,29.213,29.08,29.09,45010.1
2026-07-09 02:00:00,29.09,29.116,29.089,29.099,45552.37
2026-07-09 02:05:00,29.099,29.103,29.08,29.085,49772.01
2026-07-09 02:10:00,29.085,29.222,29.062,29.161,9159.18
2026-07-09 02:15:00,29.161,29.163,29.062,29.106,14732.9
2026-07-09 02:20:00,29.106,29.11,29.019,29.053,3092.51
2026-07-09 02:25:00,29.053,29.102,29.048,29.097,168489.46
2026-07-09 02:30:00,29.097,29.121,29.067,29.07,162683.49
2026-07-09 02:35:00,29.07,29.07,28.984,29.028,27555.78
2026-07-09 02:40:00,29.028,29.043,28.929,28.931,17950.06
2026-07-09 02:45:00,28.931,29.022,28.839,28.996,128742.53
2026-07-09 02:50:00,28.996,29.007,28.961,28.966,65139.54
2026-07-09 02:55:00,28.966,28.977,28.932,28.951,23849.57
2026-07-09 03:00:00,28.951,29.0,28.88,28.881,17120.46
2026-07-09 03:05:00,28.881,28.902,28.866,28.882,37741.54
2026-07-09 03:10:00,28.882,28.96,28.791,28.932,208521.26
2026-07-09 03:15:00,28.932,28.984,28.806,28.975,55773.78
2026-07-09 03:20:00,28.975,29.017,28.953,29.008,74499.97
2026-07-09 03:25:00,29.008,29.013,28.92,28.938,139978.52
2026-07-09 03:30:00,28.938,28.946,28.915,28.932,102624.16
2026-07-09 03:35:00,28.932,29.009,28.926,29.002,152579.31
2026-07-09 03:40:00,29.002,29.032,28.989,29.019,95849.32
2026-07-09 03:45:00,29.019,29.048,29.014,29.04,39109.67
2026-07-09 03:50:00,29.04,29.069,29.02,29.031,28245.95
2026-07-09 03:55:00,29.031,29.049,28.99,29.025,7679.6
2026-07-09 04:00:00,29.025,29.062,29.02,29.044,70411.23
2026-07-09 04:05:00,29.044,29.075,29.005,29.051,6670.1
2026-07-09 04:10:00,29.051,29.16,29.018,29.118,91360.71
2026-07-09 04:15:00,29.118,29.155,29.084,29.131,31588.08
2026-07-09 04:20:00,29.131,29.153,29.112,29.126,226871.97
2026-07-09 04:25:00,29.126,29.236,29.042,29.051,64393.56
2026-07-09 04:30:00,29.051,29.058,29.013,29.014,47629.72
2026-07-09 04:35:00,29.014,29.02,28.892,28.948,44934.83
2026-07-09 04:40:00,28.948,28.984,28.934,28.984,67524.42
2026-07-09 04:45:00,28.984,28.993,28.865,28.904,19490.8
2026-07-09 04:50:00,28.904,28.927,28.895,28.905,9694.07
2026-07-09 04:55:00,28.905,28.946,28.9,28.914,19563.95
2026-07-09 05:00:00,28.914,28.976,28.912,28.937,172525.92
2026-07-09 05:05:00,28.937,29.005,28.904,28.969,38596.65
2026-07-09 05:10:00,28.969,29.005,28.928,28.979,7274.19
2026-07-09 05:15:00,28.979,28.989,28.919,28.928,10065.77
2026-07-09 05:20:00,28.928,28.947,28.871,28.885,70448.35
2026-07-09 05:25:00,28.885,28.908,28.869,28.898,790.65
2026-07-09 05:30:00,28.898,28.986,28.798,28.962,75585.06
2026-07-09 05:35:00,28.962,28.992,28.953,28.982,63507.1
2026-07-09 05:40:00,28.982,28.983,28.938,28.958,212071.85
2026-07-09 05:45:00,28.958,29.047,28.94,29.034,115289.32
2026-07-09 05:50:00,29.034,29.125,29.009,29.103,83256.88
2026-07-09 05:55:00,29.103,29.176,29.091,29.126,42663.39
2026-07-09 06:00:00,29.126,29.23,29.101,29.211,41581.35
2026-07-09 06:05:00,29.211,29.217,29.133,29.175,49085.24
2026-07-09 06:10:00,29.175,29.183,29.166,29.183,145887.66
2026-07-09 06:15:00,29.183,29.219,29.126,29.141,16703.86
2026-07-09 06:20:00,29.141,29.152,29.128,29.134,178.7
2026-07-09 06:25:00,29.134,29.16,29.107,29.11,54897.87
2026-07-09 06:30:00,29.11,29.227,29.061,29.085,170971.89
2026-07-09 06:35:00,29.085,29.088,29.06,29.081,23924.68
2026-07-09 06:40:00,29.081,29.182,29.046,29.153,11995.53
2026-07-09 06:45:00,29.153,29.16,29.148,29.151,11800.94
2026-07-09 06:50:00,29.151,29.216,29.072,29.097,11954.38
2026-07-09 06:55:00,29.097,29.103,29.073,29.085,15497.22
2026-07-09 07:00:00,29.085,29.113,29.062,29.099,30222.7
2026-07-09 07:05:00,29.099,29.128,29.063,29.121,11958.87
2026-07-09 07:10:00,29.121,29.131,29.092,29.117,1043.82
2026-07-09 07:15:00,29.117,29.134,29.113,29.114,23414.51
2026-07-09 07:20:00,29.114,29.239,29.072,29.083,50757.15
2026-07-09 07:25:00,29.083,29.083,29.028,29.047,13121.7
2026-07-09 07:30:00,29.047,29.059,29.041,29.056,8808.35
2026-07-09 07:35:00,29.056,29.102,29.032,29.076,10100.59
2026-07-09 07:40:00,29.076,29.082,29.039,29.046,127164.43
2026-07-09 07:45:00,29.046,29.048,28.999,29.015,93228.98
2026-07-09 07:50:00,29.015,29.033,29.013,29.016,11068.71
2026-07-09 07:55:00,29.016,29.036,29.001,29.029,7793.99
2026-07-09 08:00:00,29.029,29.048,28.929,28.958,17009.43
2026-07-09 08:05:00,28.958,28.987,28.912,28.97,60940.07
2026-07-09 08:10:00,28.97,29.06,28.956,29.058,57419.14
2026-07-09 08:15:00,29.058,29.091,29.041,29.09,2242.5
2026-07-09 08:20:00,29.09,29.111,29.064,29.066,54067.53
2026-07-09 08:25:00,29.066,29.108,29.065,29.079,86321.46
2026-07-09 08:30:00,29.079,29.096,29.029,29.04,19045.05
2026-07-09 08:35:00,29.04,29.086,29.026,29.067,14228.81
2026-07-09 08:40:00,29.067,29.087,29.023,29.046,17562.61
2026-07-09 08:45:00,29.046,29.11,29.011,29.068,3173.74
2026-07-09 08:50:00,29.068,29.118,29.015,29.031,102731.52
2026-07-09 08:55:00,29.031,29.049,28.975,28.986,16750.42
2026-07-09 09:00:00,28.986,29.02,28.964,29.012,6433.64
2026-07-09 09:05:00,29.012,29.02,29.009,29.014,35365.4
2026-07-09 09:10:00,29.014,29.03,28.987,28.999,3782.36
2026-07-09 09:15:00,28.999,29.015,28.935,28.962,141241.51
2026-07-09 09:20:00,28.962,29.051,28.959,28.992,38654.3
2026-07-09 09:25:00,28.992,29.01,28.953,28.96,153851.38
2026-07-09 09:30:00,28.96,28.961,28.914,28.931,98482.2
2026-07-09 09:35:00,28.931,28.994,28.834,28.974,279744.47
2026-07-09 09:40:00,28.974,29.003,28.97,28.972,117197.72
2026-07-09 09:45:00,28.972,29.013,28.929,29.008,12603.93
2026-07-09 09:50:00,29.008,29.053,28.992,29.025,61333.03
2026-07-09 09:55:00,29.025,29.029,29.018,29.029,62912.54
2026-07-09 10:00:00,29.029,29.081,28.968,28.997,111483.61
2026-07-09 10:05:00,28.997,29.03,28.94,28.944,7904.51
2026-07-09 10:10:00,28.944,28.984,28.93,28.971,78648.63
2026-07-09 10:15:00,28.971,28.975,28.937,28.956,2814.7
2026-07-09 10:20:00,28.956,29.011,28.941,28.981,26326.65
2026-07-09 10:25:00,28.981,29.062,28.978,29.015,1480.59
2026-07-09 10:30:00,29.015,29.043,28.998,29.003,3404.01
2026-07-09 10:35:00,29.003,29.009,29.002,29.008,24899.84
2026-07-09 10:40:00,29.008,29.043,29.001,29.02,16804.09
2026-07-09 10:45:00,29.02,29.083,29.011,29.076,38890.26
2026-07-09 10:50:00,29.076,29.108,29.066,29.102,20432.34
2026-07-09 10:55:00,29.102,29.111,29.059,29.092,142045.82
2026-07-09 11:00:00,29.092,29.094,29.08,29.085,3846.25
2026-07-09 11:05:00,29.085,29.093,29.021,29.05,44151.84
2026-07-09 11:10:00,29.05,29.057,29.036,29.054,29309.65
2026-07-09 11:15:00,29.054,29.08,29.045,29.079,14409.2
2026-07-09 11:20:00,29.079,29.13,29.075,29.13,41515.88
2026-07-09 11:25:00,29.13,29.161,29.076,29.086,35860.09
2026-07-09 11:30:00,29.086,29.09,29.03,29.049,4249.04
2026-07-09 11:35:00,29.049,29.05,29.008,29.01,37034.52
2026-07-09 11:40:00,29.01,29.027,28.977,28.989,21578.09
2026-07-09 11:45:00,28.989,29.029,28.971,29.007,34429.53
2026-07-09 11:50:00,29.007,29.017,29.0,29.012,29136.1
2026-07-09 11:55:00,29.012,29.104,28.995,29.066,19895.19
2026-07-09 12:00:00,29.066,29.1,29.039,29.087,6308.62
2026-07-09 12:05:00,29.087,29.099,29.038,29.087,244.27
2026-07-09 12:10:00,29.087,29.187,29.018,29.047,17830.73
2026-07-09 12:15:00,29.047,29.052,29.011,29.016,51272.21
2026-07-09 12:20:00,29.016,29.076,29.011,29.047,55878.09
2026-07-09 12:25:00,29.047,29.058,29.019,29.043,21573.62
2026-07-09 12:30:00,29.043,29.064,29.023,29.046,152295.9
2026-07-09 12:35:00,29.046,29.104,29.034,29.077,24265.56
2026-07-09 12:40:00,29.077,29.095,29.018,29.027,18955.62
2026-07-09 12:45:00,29.027,29.075,29.025,29.07,11036.29
2026-07-09 12:50:00,29.07,29.074,29.051,29.053,12575.04
2026-07-09 12:55:00,29.053,29.068,29.041,29.043,23893.1
2026-07-09 13:00:00,29.043,29.084,29.029,29.039,24642.96
2026-07-09 13:05:00,29.039,29.045,29.023,29.037,127102.5
2026-07-09 13:10:00,29.037,29.049,29.029,29.037,150460.28
2026-07-09 13:15:00,29.037,29.05,28.941,28.976,160947.1
2026-07-09 13:20:00,28.976,29.019,28.976,29.015,59163.43
2026-07-09 13:25:00,29.015,29.044,28.993,29.0,14970.55
2026-07-09 13:30:00,29.0,29.006,28.981,28.986,55658.49
2026-07-09 13:35:00,28.986,29.098,28.866,29.072,287494.01
2026-07-09 13:40:00,29.072,29.111,29.061,29.1,16053.53
2026-07-09 13:45:00,29.1,29.102,29.08,29.094,12740.66
2026-07-09 13:50:00,29.094,29.151,29.074,29.114,1752.56
2026-07-09 13:55:00,29.114,29.228,29.031,29.056,54643.02
2026-07-09 14:00:00,29.056,29.067,29.009,29.01,53892.24
2026-07-09 14:05:00,29.01,29.017,28.992,29.008,38434.88
2026-07-09 14:10:00,29.008,29.049,28.977,29.028,8866.42
2026-07-09 14:15:00,29.028,29.06,28.999,29.014,26665.42
2026-07-09 14:20:00,29.014,29.052,28.988,29.019,84188.01
2026-07-09 14:25:00,29.019,29.021,28.932,28.944,16314.34
2026-07-09 14:30:00,28.944,29.022,28.889,29.002,84432.73
2026-07-09 14:35:00,29.002,29.012,28.988,28.997,92172.39
2026-07-09 14:40:00,28.997,29.034,28.975,29.033,31699.84
2026-07-09 14:45:00,29.033,29.058,28.999,29.046,66143.43
2026-07-09 14:50:00,29.046,29.134,29.035,29.117,59305.21
2026-07-09 14:55:00,29.117,29.14,29.101,29.138,92331.57
2026-07-09 15:00:00,29.138,29.155,29.133,29.148,84596.28
2026-07-09 15:05:00,29.148,29.16,29.094,29.12,38499.06
2026-07-09 15:10:00,29.12,29.138,29.101,29.131,9515.3
2026-07-09 15:15:00,29.131,29.193,29.061,29.085,588290.88
2026-07-09 15:20:00,29.085,29.098,29.044,29.098,171514.85
2026-07-09 15:25:00,29.098,29.11,29.062,29.085,33785.49
2026-07-09 15:30:00,29.085,29.209,29.057,29.207,97843.01
2026-07-09 15:35:00,29.207,29.252,29.123,29.135,17876.34
2026-07-09 15:40:00,29.135,29.17,29.132,29.146,46281.62
2026-07-09 15:45:00,29.146,29.171,29.139,29.157,23335.01
2026-07-09 15:50:00,29.157,29.16,29.141,29.153,13950.34
2026-07-09 15:55:00,29.153,29.217,29.088,29.11,38099.24
2026-07-09 16:00:00,29.11,29.205,29.044,29.066,167130.34
2026-07-09 16:05:00,29.066,29.071,29.009,29.068,45095.05
2026-07-09 16:10:00,29.068,29.151,29.053,29.112,100038.7
2026-07-09 16:15:00,29.112,29.171,29.109,29.133,73683.4
2026-07-09 16:20:00,29.133,29.152,29.102,29.124,103030.36
2026-07-09 16:25:00,29.124,29.151,29.093,29.145,90613.28
2026-07-09 16:30:00,29.145,29.214,29.043,29.069,86592.59
2026-07-09 16:35:00,29.069,29.109,29.033,29.08,93504.44
2026-07-09 16:40:00,29.08,29.131,29.05,29.114,43100.75
2026-07-09 16:45:00,29.114,29.13,29.076,29.089,91743.95
2026-07-09 16:50:00,29.089,29.139,29.089,29.104,52422.61
2026-07-09 16:55:00,29.104,29.138,29.1,29.124,1405.85
2026-07-09 17:00:00,29.124,29.202,29.098,29.184,136506.42
2026-07-09 17:05:00,29.184,29.187,29.087,29.097,18278.03
2026-07-09 17:10:00,29.097,29.143,29.001,29.025,30197.59
2026-07-09 17:15:00,29.025,29.042,29.006,29.033,25128.77
2026-07-09 17:20:00,29.033,29.038,28.99,29.001,11964.52
2026-07-09 17:25:00,29.001,29.007,28.962,28.972,100542.32
2026-07-09 17:30:00,28.972,29.061,28.955,29.041,6826.51
2026-07-09 17:35:00,29.041,29.045,29.017,29.017,14399.09
2026-07-09 17:40:00,29.017,29.026,28.994,29.007,27820.43
2026-07-09 17:45:00,29.007,29.067,28.969,29.044,12338.54
2026-07-09 17:50:00,29.044,29.066,29.011,29.016,84920.89
2026-07-09 17:55:00,29.016,29.058,28.989,29.031,10495.85
2026-07-09 18:00:00,29.031,29.072,29.0,29.071,21742.27
2026-07-09 18:05:00,29.071,29.099,28.997,29.027,103641.75
2026-07-09 18:10:00,29.027,29.062,28.976,29.058,64559.14
2026-07-09 18:15:00,29.058,29.079,28.996,29.034,35195.11
2026-07-09 18:20:00,29.034,29.038,29.027,29.03,8790.56
2026-07-09 18:25:00,29.03,29.038,28.995,29.014,11273.21
2026-07-09 18:30:00,29.014,29.042,28.96,28.976,165908.13
2026-07-09 18:35:00,28.976,28.978,28.852,28.886,20049.04
2026-07-09 18:40:00,28.886,28.949,28.828,28.927,149742.82
2026-07-09 18:45:00,28.927,29.011,28.806,28.996,734862.52
2026-07-09 18:50:00,28.996,29.035,28.961,28.987,36798.69
2026-07-09 18:55:00,28.987,29.079,28.872,29.065,430400.79
2026-07-09 19:00:00,29.065,29.074,29.022,29.032,4914.36
2026-07-09 19:05:00,29.032,29.083,29.031,29.082,5597.8
2026-07-09 19:10:00,29.082,29.111,29.039,29.092,7347.22
2026-07-09 19:15:00,29.092,29.094,29.073,29.09,25018.39
2026-07-09 19:20:00,29.09,29.132,29.062,29.126,175510.01
2026-07-09 19:25:00,29.126,29.135,29.104,29.121,24798.8
2026-07-09 19:30:00,29.121,29.159,29.101,29.147,46080.92
2026-07-09 19:35:00,29.147,29.153,29.078,29.102,92853.19
2026-07-09 19:40:00,29.102,29.12,29.05,29.069,84241.07
2026-07-09 19:45:00,29.069,29.077,29.015,29.033,32392.15
2026-07-09 19:50:00,29.033,29.036,29.02,29.028,34762.4
2026-07-09 19:55:00,29.028,29.061,29.023,29.049,3313.29
2026-07-09 20:00:00,29.049,29.096,29.047,29.075,144870.01
2026-07-09 20:05:00,29.075,29.081,29.015,29.026,83644.24
2026-07-09 20:10:00,29.026,29.083,29.024,29.05,83102.87
2026-07-09 20:15:00,29.05,29.089,29.045,29.06,6401.74
2026-07-09 20:20:00,29.06,29.065,29.033,29.038,2369.95
2026-07-09 20:25:00,29.038,29.042,28.967,28.975,14692.47
2026-07-09 20:30:00,28.975,28.992,28.974,28.991,32893.0
2026-07-09 20:35:00,28.991,29.07,28.987,29.031,69517.91
2026-07-09 20:40:00,29.031,29.067,29.021,29.042,4471.16
2026-07-09 20:45:00,29.042,29.089,28.994,29.006,19549.88
2026-07-09 20:50:00,29.006,29.035,28.96,29.034,3080.52
2026-07-09 20:55:00,29.034,29.132,28.99,29.087,34183.54
2026-07-09 21:00:00,29.087,29.097,29.042,29.087,3697.47
2026-07-09 21:05:00,29.087,29.125,29.06,29.078,129022.05
2026-07-09 21:10:00,29.078,29.091,29.045,29.059,46791.2
2026-07-09 21:15:00,29.059,29.073,28.97,29.013,2027.89
2026-07-09 21:20:00,29.013,29.06,29.012,29.039,112814.87
2026-07-09 21:25:00,29.039,29.128,29.026,29.109,54266.34
2026-07-09 21:30:00,29.109,29.134,29.093,29.125,8518.04
2026-07-09 21:35:00,29.125,29.137,29.082,29.098,25210.92
2026-07-09 21:40:00,29.098,29.108,29.063,29.087,27816.27
2026-07-09 21:45:00,29.087,29.107,29.031,29.06,25246.88
2026-07-09 21:50:00,29.06,29.106,29.052,29.066,31598.53
2026-07-09 21:55:00,29.066,29.103,29.055,29.061,188021.97
2026-07-09 22:00:00,29.061,29.07,28.995,28.995,47908.26
2026-07-09 22:05:00,28.995,29.01,28.973,28.982,117984.76
2026-07-09 22:10:00,28.982,29.006,28.973,28.997,201168.96
2026-07-09 22:15:00,28.997,29.0,28.948,28.976,9444.91
2026-07-09 22:20:00,28.976,28.991,28.888,28.912,71329.9
2026-07-09 22:25:00,28.912,28.921,28.882,28.883,230264.13
2026-07-09 22:30:00,28.883,28.908,28.857,28.895,27119.75
2026-07-09 22:35:00,28.895,28.913,28.891,28.892,10595.22
2026-07-09 22:40:00,28.892,28.906,28.794,28.832,17868.96
2026-07-09 22:45:00,28.832,28.881,28.743,28.866,82590.22
2026-07-09 22:50:00,28.866,28.88,28.839,28.848,100773.31
2026-07-09 22:55:00,28.848,28.902,28.833,28.839,115876.65
2026-07-09 23:00:00,28.839,28.892,28.815,28.882,3344.99
2026-07-09 23:05:00,28.882,28.969,28.787,28.956,139955.18
2026-07-09 23:10:00,28.956,29.01,28.938,28.998,43402.18
2026-07-09 23:15:00,28.998,29.023,28.995,29.006,37516.57
2026-07-09 23:20:00,29.006,29.064,28.993,29.052,155303.69
2026-07-09 23:25:00,29.052,29.136,29.041,29.121,16947.78
2026-07-09 23:30:00,29.121,29.16,29.12,29.151,74853.22
2026-07-09 23:35:00,29.151,29.17,29.148,29.152,29594.12
2026-07-09 23:40:00,29.152,29.177,29.107,29.119,76903.44
2026-07-09 23:45:00,29.119,29.157,29.094,29.102,10526.07
2026-07-09 23:50:00,29.102,29.217,29.042,29.056,505359.01
2026-07-09 23:55:00,29.056,29.105,29.01,29.101,29832.84
2026-07-10 00:00:00,29.101,29.111,29.08,29.083,333614.07
2026-07-10 00:05:00,29.083,29.093,29.074,29.075,5911.09
2026-07-10 00:10:00,29.075,29.154,29.055,29.12,30126.35
2026-07-10 00:15:00,29.12,29.237,29.025,29.039,54507.54
2026-07-10 00:20:00,29.039,29.077,29.034,29.067,12823.58
2026-07-10 00:25:00,29.067,29.086,29.048,29.085,2905.6
2026-07-10 00:30:00,29.085,29.149,29.078,29.125,42316.41
2026-07-10 00:35:00,29.125,29.144,29.045,29.071,54112.36
2026-07-10 00:40:00,29.071,29.087,29.06,29.075,186327.21
2026-07-10 00:45:00,29.075,29.134,29.074,29.108,105836.07
2026-07-10 00:50:00,29.108,29.209,29.104,29.178,22555.83
2026-07-10 00:55:00,29.178,29.262,29.083,29.104,16253.09
2026-07-10 01:00:00,29.104,29.121,29.033,29.036,16697.8
2026-07-10 01:05:00,29.036,29.063,29.025,29.044,95698.33
2026-07-10 01:10:00,29.044,29.093,29.043,29.066,52084.27
2026-07-10 01:15:00,29.066,29.08,29.044,29.075,5804.82
2026-07-10 01:20:00,29.075,29.083,29.074,29.08,89013.58
2026-07-10 01:25:00,29.08,29.097,29.048,29.057,6008.42
2026-07-10 01:30:00,29.057,29.076,29.054,29.072,10401.53
2026-07-10 01:35:00,29.072,29.109,29.049,29.102,19431.61
2026-07-10 01:40:00,29.102,29.13,29.059,29.074,29560.39
2026-07-10 01:45:00,29.074,29.132,29.049,29.101,19062.23
2026-07-10 01:50:00,29.101,29.122,29.042,29.083,120732.99
2026-07-10 01:55:00,29.083,29.086,29.058,29.074,365.74
2026-07-10 02:00:00,29.074,29.11,29.061,29.08,18719.37
2026-07-10 02:05:00,29.08,29.084,29.076,29.078,6456.18
2026-07-10 02:10:00,29.078,29.107,29.056,29.103,16171.27
2026-07-10 02:15:00,29.103,29.172,29.005,29.026,99266.1
2026-07-10 02:20:00,29.026,29.083,29.005,29.058,14934.66
2026-07-10 02:25:00,29.058,29.061,29.032,29.051,1514.74
2026-07-10 02:30:00,29.051,29.073,29.033,29.043,1078.63
2026-07-10 02:35:00,29.043,29.055,28.972,29.035,50472.61
2026-07-10 02:40:00,29.035,29.062,29.002,29.02,3624.13
2026-07-10 02:45:00,29.02,29.041,29.004,29.036,227783.19
2026-07-10 02:50:00,29.036,29.064,28.997,29.045,73519.91
2026-07-10 02:55:00,29.045,29.124,29.025,29.102,74936.25
2026-07-10 03:00:00,29.102,29.106,29.046,29.087,3500.05
2026-07-10 03:05:00,29.087,29.099,29.007,29.034,120719.31
2026-07-10 03:10:00,29.034,29.057,29.016,29.034,73622.64
2026-07-10 03:15:00,29.034,29.186,29.018,29.169,22459.53
2026-07-10 03:20:00,29.169,29.173,29.15,29.166,2047.17
2026-07-10 03:25:00,29.166,29.242,29.084,29.103,164909.61
2026-07-10 03:30:00,29.103,29.168,29.095,29.159,3533.39
2026-07-10 03:35:00,29.159,29.256,29.065,29.079,175787.09
2026-07-10 03:40:00,29.079,29.101,29.033,29.041,52267.27
2026-07-10 03:45:00,29.041,29.051,28.984,29.008,59026.81
2026-07-10 03:50:00,29.008,29.018,28.996,28.996,5141.57
2026-07-10 03:55:00,28.996,29.034,28.977,29.025,108258.75
2026-07-10 04:00:00,29.025,29.105,28.999,29.071,61678.89
2026-07-10 04:05:00,29.071,29.1,29.033,29.064,10.0
2026-07-10 04:10:00,29.064,29.122,29.017,29.112,396262.84
2026-07-10 04:15:00,29.112,29.177,29.104,29.16,57137.09
2026-07-10 04:20:00,29.16,29.16,29.042,29.054,6589.69
2026-07-10 04:25:00,29.054,29.083,28.997,29.069,4165.89
2026-07-10 04:30:00,29.069,29.085,29.047,29.064,320494.96
2026-07-10 04:35:00,29.064,29.069,28.967,28.981,78434.68
2026-07-10 04:40:00,28.981,29.011,28.933,28.94,58690.57
2026-07-10 04:45:00,28.94,28.961,28.909,28.937,22703.12
2026-07-10 04:50:00,28.937,29.008,28.813,28.98,86136.26
2026-07-10 04:55:00,28.98,29.058,28.903,29.033,274120.35
2026-07-10 05:00:00,29.033,29.052,28.948,28.962,65156.54
2026-07-10 05:05:00,28.962,28.973,28.932,28.939,5169.29
2026-07-10 05:10:00,28.939,29.01,28.871,28.987,5247.57
2026-07-10 05:15:00,28.987,29.028,28.977,29.009,58172.73
2026-07-10 05:20:00,29.009,29.059,28.995,29.049,36347.86
2026-07-10 05:25:00,29.049,29.114,28.978,29.093,9807.55
2026-07-10 05:30:00,29.093,29.111,29.07,29.104,9913.83
2026-07-10 05:35:00,29.104,29.199,29.098,29.164,41933.39
2026-07-10 05:40:00,29.164,29.215,29.149,29.183,57879.56
2026-07-10 05:45:00,29.183,29.294,29.124,29.149,6094.46
2026-07-10 05:50:00,29.149,29.185,29.121,29.126,90301.83
2026-07-10 05:55:00,29.126,29.147,29.101,29.135,28599.78
2026-07-10 06:00:00,29.135,29.189,29.135,29.162,128298.27
2026-07-10 06:05:00,29.162,29.256,29.09,29.117,148071.15
2026-07-10 06:10:00,29.117,29.132,29.078,29.129,34276.78
2026-07-10 06:15:00,29.129,29.129,29.098,29.108,2573.51
2026-07-10 06:20:00,29.108,29.138,29.092,29.13,42857.95
2026-07-10 06:25:00,29.13,29.148,29.063,29.079,15360.61
2026-07-10 06:30:00,29.079,29.127,29.078,29.115,26310.24
2026-07-10 06:35:00,29.115,29.148,29.106,29.129,11867.33
2026-07-10 06:40:00,29.129,29.133,29.106,29.113,109269.01
2026-07-10 06:45:00,29.113,29.175,29.108,29.173,39901.59
2026-07-10 06:50:00,29.173,29.174,29.086,29.099,115383.1
2026-07-10 06:55:00,29.099,29.109,29.07,29.1,68704.97
2026-07-10 07:00:00,29.1,29.124,29.017,29.03,86559.54
2026-07-10 07:05:00,29.03,29.04,29.018,29.034,47010.46
2026-07-10 07:10:00,29.034,29.123,28.986,29.096,50045.63
2026-07-10 07:15:00,29.096,29.121,29.053,29.062,20665.81
2026-07-10 07:20:00,29.062,29.159,29.002,29.148,299172.95
2026-07-10 07:25:00,29.148,29.199,29.134,29.19,48102.38
2026-07-10 07:30:00,29.19,29.292,29.165,29.256,5453.02
2026-07-10 07:35:00,29.256,29.304,29.186,29.196,623579.25
2026-07-10 07:40:00,29.196,29.271,29.104,29.118,250006.68
2026-07-10 07:45:00,29.118,29.131,29.1,29.121,141671.23
2026-07-10 07:50:00,29.121,29.14,29.085,29.111,133391.29
2026-07-10 07:55:00,29.111,29.126,29.074,29.093,90029.99
2026-07-10 08:00:00,29.093,29.097,29.066,29.086,14314.77
2026-07-10 08:05:00,29.086,29.145,29.018,29.102,17905.97
2026-07-10 08:10:00,29.102,29.138,29.082,29.09,73133.75
2026-07-10 08:15:00,29.09,29.128,29.083,29.108,63714.5
2026-07-10 08:20:00,29.108,29.161,29.066,29.14,67165.51
2026-07-10 08:25:00,29.14,29.204,29.087,29.114,143111.47
2026-07-10 08:30:00,29.114,29.126,29.097,29.115,8404.61
2026-07-10 08:35:00,29.115,29.149,29.101,29.14,122762.24
2026-07-10 08:40:00,29.14,29.153,29.13,29.133,3629.73
2026-07-10 08:45:00,29.133,29.16,29.119,29.155,53155.1
2026-07-10 08:50:00,29.155,29.28,29.064,29.09,14263.53
2026-07-10 08:55:00,29.09,29.101,29.02,29.035,6222.18
2026-07-10 09:00:00,29.035,29.063,29.007,29.016,405243.71
2026-07-10 09:05:00,29.016,29.016,28.969,28.976,48235.0
2026-07-10 09:10:00,28.976,29.051,28.907,29.034,13838.91
2026-07-10 09:15:00,29.034,29.087,29.014,29.065,30363.81
2026-07-10 09:20:00,29.065,29.093,29.023,29.037,132076.3
2026-07-10 09:25:00,29.037,29.051,29.036,29.038,137321.59
2026-07-10 09:30:00,29.038,29.115,29.036,29.106,91565.16
2026-07-10 09:35:00,29.106,29.112,29.092,29.097,20818.01
2026-07-10 09:40:00,29.097,29.145,29.092,29.136,38257.74
2026-07-10 09:45:00,29.136,29.152,29.073,29.097,175270.58
2026-07-10 09:50:00,29.097,29.163,29.073,29.133,64390.5
2026-07-10 09:55:00,29.133,29.223,29.101,29.202,53380.42
2026-07-10 10:00:00,29.202,29.308,29.161,29.174,41626.82
2026-07-10 10:05:00,29.174,29.212,29.17,29.187,108454.49
2026-07-10 10:10:00,29.187,29.207,29.17,29.174,100245.96
2026-07-10 10:15:00,29.174,29.21,29.168,29.198,12847.92
2026-07-10 10:20:00,29.198,29.236,29.179,29.186,112165.03
2026-07-10 10:25:00,29.186,29.286,29.093,29.122,966991.15
2026-07-10 10:30:00,29.122,29.145,29.096,29.099,9530.52
2026-07-10 10:35:00,29.099,29.13,29.077,29.097,31094.58
2026-07-10 10:40:00,29.097,29.102,29.06,29.085,104917.71
2026-07-10 10:45:00,29.085,29.087,29.047,29.063,1696.25
2026-07-10 10:50:00,29.063,29.098,29.054,29.097,5911.28
2026-07-10 10:55:00,29.097,29.123,29.097,29.122,5628.01
2026-07-10 11:00:00,29.122,29.137,29.105,29.114,28168.17
2026-07-10 11:05:00,29.114,29.118,29.079,29.087,111023.46
2026-07-10 11:10:00,29.087,29.142,29.074,29.096,27832.29
2026-07-10 11:15:00,29.096,29.123,29.081,29.106,2531.15
2026-07-10 11:20:00,29.106,29.143,29.081,29.099,104390.01
2026-07-10 11:25:00,29.099,29.127,29.097,29.114,34393.6
2026-07-10 11:30:00,29.114,29.114,29.052,29.055,6529.12
2026-07-10 11:35:00,29.055,29.069,29.01,29.014,22391.16
2026-07-10 11:40:00,29.014,29.049,28.988,29.035,48994.55
2026-07-10 11:45:00,29.035,29.04,28.966,28.985,31664.69
2026-07-10 11:50:00,28.985,28.993,28.972,28.99,33942.68
2026-07-10 11:55:00,28.99,29.062,28.888,29.053,160276.89
2026-07-10 12:00:00,29.053,29.06,28.932,28.961,49984.41
2026-07-10 12:05:00,28.961,29.039,28.945,29.018,110350.21
2026-07-10 12:10:00,29.018,29.106,28.964,29.091,11634.61
2026-07-10 12:15:00,29.091,29.141,29.034,29.058,52229.88
2026-07-10 12:20:00,29.058,29.084,29.056,29.059,38875.4
2026-07-10 12:25:00,29.059,29.08,29.002,29.018,58205.86
2026-07-10 12:30:00,29.018,29.036,28.993,29.035,94383.73
2026-07-10 12:35:00,29.035,29.047,29.017,29.021,2666.22
2026-07-10 12:40:00,29.021,29.088,29.016,29.064,25952.77
2026-07-10 12:45:00,29.064,29.103,29.048,29.085,34049.58
2026-07-10 12:50:00,29.085,29.119,29.012,29.021,25675.75
2026-07-10 12:55:00,29.021,29.087,28.968,29.066,96919.82
2026-07-10 13:00:00,29.066,29.08,29.034,29.051,63315.67
2026-07-10 13:05:00,29.051,29.074,28.946,28.982,5108.05
2026-07-10 13:10:00,28.982,28.997,28.904,28.913,63317.8
2026-07-10 13:15:00,28.913,28.953,28.896,28.943,52922.9
2026-07-10 13:20:00,28.943,28.983,28.887,28.932,35649.37
2026-07-10 13:25:00,28.932,28.954,28.919,28.934,10544.34
2026-07-10 13:30:00,28.934,29.034,28.839,29.014,72054.77
2026-07-10 13:35:00,29.014,29.016,28.934,28.971,11803.88
2026-07-10 13:40:00,28.971,29.058,28.856,29.04,96759.98
2026-07-10 13:45:00,29.04,29.052,28.99,29.024,33417.07
2026-07-10 13:50:00,29.024,29.025,28.99,29.003,2884.03
2026-07-10 13:55:00,29.003,29.095,28.984,29.08,40797.9
2026-07-10 14:00:00,29.08,29.119,29.073,29.108,36129.55
2026-07-10 14:05:00,29.108,29.171,29.069,29.166,30067.18
2026-07-10 14:10:00,29.166,29.201,29.105,29.123,82614.59
2026-07-10 14:15:00,29.123,29.137,29.099,29.114,3316.66
2026-07-10 14:20:00,29.114,29.152,29.099,29.144,75202.51
2026-07-10 14:25:00,29.144,29.148,29.083,29.096,44764.9
2026-07-10 14:30:00,29.096,29.139,29.064,29.078,32462.67
2026-07-10 14:35:00,29.078,29.123,29.043,29.104,48903.99
2026-07-10 14:40:00,29.104,29.183,29.089,29.159,17166.76
2026-07-10 14:45:00,29.159,29.184,29.083,29.136,83197.01
2026-07-10 14:50:00,29.136,29.142,29.078,29.106,76551.6
2026-07-10 14:55:00,29.106,29.251,29.105,29.23,180173.53
2026-07-10 15:00:00,29.23,29.236,29.205,29.219,52611.71
2026-07-10 15:05:00,29.219,29.226,29.172,29.202,55974.95
2026-07-10 15:10:00,29.202,29.289,29.122,29.148,112526.17
2026-07-10 15:15:00,29.148,29.165,29.145,29.152,12750.47
2026-07-10 15:20:00,29.152,29.185,29.067,29.089,22794.06
2026-07-10 15:25:00,29.089,29.122,29.076,29.097,10289.93
2026-07-10 15:30:00,29.097,29.133,29.067,29.123,24790.9
2026-07-10 15:35:00,29.123,29.153,29.118,29.14,65408.75
2026-07-10 15:40:00,29.14,29.175,29.113,29.173,12078.77
2026-07-10 15:45:00,29.173,29.182,29.119,29.121,22860.88
2026-07-10 15:50:00,29.121,29.18,29.094,29.178,21865.52
2026-07-10 15:55:00,29.178,29.24,29.169,29.236,29389.56
2026-07-10 16:00:00,29.236,29.254,29.209,29.22,27263.86
2026-07-10 16:05:00,29.22,29.315,29.134,29.156,390629.57
2026-07-10 16:10:00,29.156,29.166,29.078,29.108,40456.02
2026-07-10 16:15:00,29.108,29.135,29.099,29.129,30446.48
2026-07-10 16:20:00,29.129,29.136,29.112,29.128,98843.6
2026-07-10 16:25:00,29.128,29.197,29.128,29.176,44618.86
2026-07-10 16:30:00,29.176,29.285,29.156,29.263,10640.8
2026-07-10 16:35:00,29.263,29.272,29.179,29.217,58207.64
2026-07-10 16:40:00,29.217,29.245,29.165,29.177,28245.16
2026-07-10 16:45:00,29.177,29.224,29.147,29.208,22704.1
2026-07-10 16:50:00,29.208,29.226,29.199,29.205,69646.14
2026-07-10 16:55:00,29.205,29.321,29.093,29.119,43379.37
2026-07-10 17:00:00,29.119,29.175,29.088,29.17,18114.59
2026-07-10 17:05:00,29.17,29.208,29.138,29.178,92982.79
2026-07-10 17:10:00,29.178,29.241,29.13,29.154,20696.56
2026-07-10 17:15:00,29.154,29.209,29.099,29.136,149786.83
2026-07-10 17:20:00,29.136,29.222,29.133,29.196,24960.6
2026-07-10 17:25:00,29.196,29.22,29.151,29.165,13740.31
2026-07-10 17:30:00,29.165,29.257,29.161,29.237,48993.2
2026-07-10 17:35:00,29.237,29.291,29.131,29.156,205474.86
2026-07-10 17:40:00,29.156,29.167,29.128,29.163,21034.44
2026-07-10 17:45:00,29.163,29.18,29.145,29.167,102738.08
2026-07-10 17:50:00,29.167,29.174,29.137,29.149,4363.69
2026-07-10 17:55:00,29.149,29.173,29.075,29.103,138658.91
2026-07-10 18:00:00,29.103,29.107,29.055,29.094,97038.78
2026-07-10 18:05:00,29.094,29.149,29.063,29.119,9314.96
2026-07-10 18:10:00,29.119,29.148,29.101,29.12,50575.8
2026-07-10 18:15:00,29.12,29.186,29.119,29.183,55891.96
2026-07-10 18:20:00,29.183,29.268,29.098,29.111,4031.3
2026-07-10 18:25:00,29.111,29.114,29.102,29.107,86099.94
2026-07-10 18:30:00,29.107,29.129,29.096,29.119,52313.58
2026-07-10 18:35:00,29.119,29.132,29.07,29.083,73167.72
2026-07-10 18:40:00,29.083,29.085,29.029,29.06,132309.19
2026-07-10 18:45:00,29.06,29.119,29.016,29.093,13797.09
2026-07-10 18:50:00,29.093,29.115,29.052,29.063,84786.4
2026-07-10 18:55:00,29.063,29.097,28.992,29.003,53416.61
2026-07-10 19:00:00,29.003,29.054,28.974,29.052,8363.76
2026-07-10 19:05:00,29.052,29.056,29.0,29.001,398.86
2026-07-10 19:10:00,29.001,29.082,28.975,29.051,11116.79
2026-07-10 19:15:00,29.051,29.076,29.028,29.061,152550.33
2026-07-10 19:20:00,29.061,29.12,29.052,29.095,127866.68
2026-07-10 19:25:00,29.095,29.113,29.033,29.059,63980.05
2026-07-10 19:30:00,29.059,29.059,29.029,29.041,15501.24
2026-07-10 19:35:00,29.041,29.082,28.922,29.069,19609.1
2026-07-10 19:40:00,29.069,29.086,29.044,29.059,30650.36
2026-07-10 19:45:00,29.059,29.101,29.054,29.085,20424.57
2026-07-10 19:50:00,29.085,29.119,29.029,29.054,40972.89
2026-07-10 19:55:00,29.054,29.135,28.975,29.122,153724.78
2026-07-10 20:00:00,29.122,29.151,29.084,29.129,163776.54
2026-07-10 20:05:00,29.129,29.152,29.103,29.125,43022.74
2026-07-10 20:10:00,29.125,29.144,29.105,29.107,15285.66
2026-07-10 20:15:00,29.107,29.2,29.093,29.172,11801.8
2026-07-10 20:20:00,29.172,29.211,29.112,29.125,28534.38
2026-07-10 20:25:00,29.125,29.136,29.095,29.106,26066.85
2026-07-10 20:30:00,29.106,29.131,29.103,29.125,11415.42
2026-07-10 20:35:00,29.125,29.166,29.092,29.142,1185.07
2026-07-10 20:40:00,29.142,29.212,29.123,29.21,64439.69
2026-07-10 20:45:00,29.21,29.301,29.108,29.133,119619.62
2026-07-10 20:50:00,29.133,29.141,29.089,29.102,8162.63
2026-07-10 20:55:00,29.102,29.155,29.089,29.145,102661.11
2026-07-10 21:00:00,29.145,29.18,29.111,29.178,305390.51
2026-07-10 21:05:00,29.178,29.204,29.138,29.14,62910.79
2026-07-10 21:10:00,29.14,29.144,29.13,29.141,27080.15
2026-07-10 21:15:00,29.141,29.146,29.056,29.097,201590.21
2026-07-10 21:20:00,29.097,29.103,29.042,29.084,6960.75
2026-07-10 21:25:00,29.084,29.099,29.06,29.064,88077.89
2026-07-10 21:30:00,29.064,29.074,29.033,29.037,3087.09
2026-07-10 21:35:00,29.037,29.088,29.035,29.068,97841.5
2026-07-10 21:40:00,29.068,29.099,29.047,29.062,208975.89
2026-07-10 21:45:00,29.062,29.067,29.009,29.018,93923.78
2026-07-10 21:50:00,29.018,29.112,28.919,29.096,10235.14
2026-07-10 21:55:00,29.096,29.142,29.036,29.048,49588.79
2026-07-10 22:00:00,29.048,29.106,28.935,29.083,203818.42
2026-07-10 22:05:00,29.083,29.159,29.066,29.158,66520.54
2026-07-10 22:10:00,29.158,29.188,29.144,29.174,13139.74
2026-07-10 22:15:00,29.174,29.269,29.158,29.237,4565.74
2026-07-10 22:20:00,29.237,29.265,29.224,29.251,17264.58
2026-07-10 22:25:00,29.251,29.28,29.229,29.249,4512.85
2026-07-10 22:30:00,29.249,29.256,29.234,29.251,2812.22
2026-07-10 22:35:00,29.251,29.295,29.243,29.291,9945.98
2026-07-10 22:40:00,29.291,29.323,29.287,29.322,78124.53
2026-07-10 22:45:00,29.322,29.392,29.239,29.248,142297.54
2026-07-10 22:50:00,29.248,29.267,29.238,29.244,6850.14
2026-07-10 22:55:00,29.244,29.264,29.232,29.252,15166.38
2026-07-10 23:00:00,29.252,29.285,29.218,29.277,63071.04
2026-07-10 23:05:00,29.277,29.308,29.228,29.254,231183.83
2026-07-10 23:10:00,29.254,29.274,29.226,29.23,2515.55
2026-07-10 23:15:00,29.23,29.232,29.204,29.204,16331.81
2026-07-10 23:20:00,29.204,29.246,29.161,29.169,2775.28
2026-07-10 23:25:00,29.169,29.183,29.158,29.177,115.22
2026-07-10 23:30:00,29.177,29.179,29.136,29.17,21620.12
2026-07-10 23:35:00,29.17,29.191,29.142,29.159,28896.67
2026-07-10 23:40:00,29.159,29.174,29.12,29.133,53191.87
2026-07-10 23:45:00,29.133,29.209,29.12,29.187,83159.99
2026-07-10 23:50:00,29.187,29.222,29.169,29.197,12866.09
2026-07-10 23:55:00,29.197,29.237,29.185,29.194,214242.03
2026-07-11 00:00:00,29.194,29.268,29.187,29.264,11663.79
2026-07-11 00:05:00,29.264,29.374,29.203,29.213,142602.17
2026-07-11 00:10:00,29.213,29.247,29.204,29.245,135740.06
2026-07-11 00:15:00,29.245,29.285,29.236,29.265,170615.39
2026-07-11 00:20:00,29.265,29.325,29.193,29.22,204946.62
2026-07-11 00:25:00,29.22,29.225,29.185,29.215,30950.87
2026-07-11 00:30:00,29.215,29.229,29.116,29.138,5532.02
2026-07-11 00:35:00,29.138,29.152,29.088,29.117,11182.18
2026-07-11 00:40:00,29.117,29.127,29.099,29.12,21913.47
2026-07-11 00:45:00,29.12,29.181,29.1,29.152,20565.61
2026-07-11 00:50:00,29.152,29.179,29.147,29.162,3140.81
2026-07-11 00:55:00,29.162,29.177,29.086,29.113,60169.95
2026-07-11 01:00:00,29.113,29.114,29.057,29.075,7520.7
2026-07-11 01:05:00,29.075,29.089,29.026,29.04,693.22
2026-07-11 01:10:00,29.04,29.113,28.917,29.098,68931.73
2026-07-11 01:15:00,29.098,29.116,29.087,29.098,85407.4
2026-07-11 01:20:00,29.098,29.185,29.044,29.163,28838.24
2026-07-11 01:25:00,29.163,29.173,29.105,29.163,44460.14
2026-07-11 01:30:00,29.163,29.185,29.149,29.156,71602.23
2026-07-11 01:35:00,29.156,29.157,29.109,29.11,27180.43
2026-07-11 01:40:00,29.11,29.118,29.037,29.088,15599.65
2026-07-11 01:45:00,29.088,29.121,29.075,29.11,9377.12
2026-07-11 01:50:00,29.11,29.17,29.081,29.149,12108.41
2026-07-11 01:55:00,29.149,29.176,29.124,29.148,35811.78
2026-07-11 02:00:00,29.148,29.153,29.118,29.134,2545.07
2026-07-11 02:05:00,29.134,29.157,29.1,29.14,26641.84
2026-07-11 02:10:00,29.14,29.203,29.127,29.187,100899.94
2026-07-11 02:15:00,29.187,29.209,29.181,29.201,52080.38
2026-07-11 02:20:00,29.201,29.216,29.168,29.173,52227.32
2026-07-11 02:25:00,29.173,29.223,29.155,29.187,18496.51
2026-07-11 02:30:00,29.187,29.237,29.179,29.235,14972.92
2026-07-11 02:35:00,29.235,29.271,29.178,29.196,195471.22
2026-07-11 02:40:00,29.196,29.248,29.192,29.246,30989.46
2026-07-11 02:45:00,29.246,29.265,29.214,29.265,95989.49
2026-07-11 02:50:00,29.265,29.329,29.162,29.19,173282.2
2026-07-11 02:55:00,29.19,29.218,29.158,29.172,135123.46
2026-07-11 03:00:00,29.172,29.269,29.124,29.247,223583.89
2026-07-11 03:05:00,29.247,29.267,29.182,29.206,17685.63
2026-07-11 03:10:00,29.206,29.228,29.103,29.172,28170.93
2026-07-11 03:15:00,29.172,29.182,29.14,29.15,57769.07
2026-07-11 03:20:00,29.15,29.156,29.11,29.122,127477.1
2026-07-11 03:25:00,29.122,29.193,29.118,29.167,27479.43
2026-07-11 03:30:00,29.167,29.186,29.161,29.183,86952.21
2026-07-11 03:35:00,29.183,29.197,29.161,29.171,211109.3
2026-07-11 03:40:00,29.171,29.201,29.109,29.121,64270.46
2026-07-11 03:45:00,29.121,29.15,29.093,29.101,6588.85
2026-07-11 03:50:00,29.101,29.173,29.078,29.168,14159.16
2026-07-11 03:55:00,29.168,29.19,29.124,29.135,2640.91
2026-07-11 04:00:00,29.135,29.137,29.076,29.099,128940.74
2026-07-11 04:05:00,29.099,29.115,29.098,29.105,34489.86
2026-07-11 04:10:00,29.105,29.15,29.087,29.132,58619.29
2026-07-11 04:15:00,29.132,29.17,29.111,29.169,255401.22
2026-07-11 04:20:00,29.169,29.193,29.144,29.182,170849.83
2026-07-11 04:25:00,29.182,29.195,29.155,29.182,28798.42
2026-07-11 04:30:00,29.182,29.212,29.174,29.204,2079.12
2026-07-11 04:35:00,29.204,29.22,29.193,29.198,181392.61
2026-07-11 04:40:00,29.198,29.225,29.163,29.164,14406.13
2026-07-11 04:45:00,29.164,29.181,29.111,29.112,98536.61
2026-07-11 04:50:00,29.112,29.141,29.084,29.139,22559.07
2026-07-11 04:55:00,29.139,29.143,29.135,29.135,85631.82
2026-07-11 05:00:00,29.135,29.168,29.111,29.164,15186.88
2026-07-11 05:05:00,29.164,29.229,29.156,29.191,95781.21
2026-07-11 05:10:00,29.191,29.206,29.173,29.177,1413.6
2026-07-11 05:15:00,29.177,29.2,29.106,29.125,103449.87
2026-07-11 05:20:00,29.125,29.138,29.098,29.109,29133.59
2026-07-11 05:25:00,29.109,29.164,29.069,29.16,18987.37
2026-07-11 05:30:00,29.16,29.164,29.097,29.101,7287.68
2026-07-11 05:35:00,29.101,29.187,29.079,29.147,2707.57
2026-07-11 05:40:00,29.147,29.182,29.136,29.159,2605.34
2026-07-11 05:45:00,29.159,29.183,29.117,29.117,3097.69
2026-07-11 05:50:00,29.117,29.118,29.044,29.085,71712.83
2026-07-11 05:55:00,29.085,29.128,29.054,29.064,1660.58
2026-07-11 06:00:00,29.064,29.101,29.058,29.099,90698.87
2026-07-11 06:05:00,29.099,29.112,29.076,29.098,525.0
2026-07-11 06:10:00,29.098,29.125,29.094,29.108,32819.98
2026-07-11 06:15:00,29.108,29.124,29.085,29.101,261128.27
2026-07-11 06:20:00,29.101,29.116,29.057,29.069,254637.45
2026-07-11 06:25:00,29.069,29.093,29.053,29.079,148457.62
2026-07-11 06:30:00,29.079,29.091,29.042,29.071,3351.12
2026-07-11 06:35:00,29.071,29.128,29.057,29.102,54774.33
2026-07-11 06:40:00,29.102,29.106,29.063,29.086,45707.48
2026-07-11 06:45:00,29.086,29.107,28.988,29.041,9288.64
2026-07-11 06:50:00,29.041,29.067,28.995,29.019,111210.73
2026-07-11 06:55:00,29.019,29.051,29.002,29.033,31056.92
2026-07-11 07:00:00,29.033,29.072,29.005,29.062,43515.49
2026-07-11 07:05:00,29.062,29.135,29.039,29.104,25860.44
2026-07-11 07:10:00,29.104,29.112,29.07,29.092,27195.98
2026-07-11 07:15:00,29.092,29.107,29.046,29.049,13715.73
2026-07-11 07:20:00,29.049,29.134,28.979,29.106,93146.05
2026-07-11 07:25:00,29.106,29.113,29.069,29.073,13570.05
2026-07-11 07:30:00,29.073,29.08,28.961,28.995,10729.63
2026-07-11 07:35:00,28.995,28.996,28.895,28.902,157474.4
2026-07-11 07:40:00,28.902,29.012,28.895,28.982,17941.67
2026-07-11 07:45:00,28.982,29.028,28.955,29.012,150340.46
2026-07-11 07:50:00,29.012,29.014,28.956,28.975,152002.32
2026-07-11 07:55:00,28.975,28.976,28.944,28.959,52089.62
2026-07-11 08:00:00,28.959,29.016,28.939,29.011,145246.13
2026-07-11 08:05:00,29.011,29.046,28.963,28.976,224752.75
2026-07-11 08:10:00,28.976,28.978,28.973,28.975,9751.95
2026-07-11 08:15:00,28.975,28.985,28.933,28.974,52065.2
2026-07-11 08:20:00,28.974,28.986,28.963,28.98,2854.29
2026-07-11 08:25:00,28.98,29.05,28.966,29.041,80011.04
2026-07-11 08:30:00,29.041,29.072,29.001,29.068,10077.8
2026-07-11 08:35:00,29.068,29.076,29.032,29.047,528.45
2026-07-11 08:40:00,29.047,29.109,29.021,29.105,16444.82
2026-07-11 08:45:00,29.105,29.139,29.099,29.128,66821.05
2026-07-11 08:50:00,29.128,29.151,29.127,29.149,31691.73
2026-07-11 08:55:00,29.149,29.224,29.096,29.198,37721.48
2026-07-11 09:00:00,29.198,29.223,29.183,29.223,5547.97
2026-07-11 09:05:00,29.223,29.333,29.119,29.139,120606.14
2026-07-11 09:10:00,29.139,29.155,29.079,29.093,1536.12
2026-07-11 09:15:00,29.093,29.108,29.051,29.053,26025.59
2026-07-11 09:20:00,29.053,29.071,28.98,28.999,190540.62
2026-07-11 09:25:00,28.999,29.023,28.969,28.976,22075.67
2026-07-11 09:30:00,28.976,28.984,28.911,28.939,121022.45
2026-07-11 09:35:00,28.939,28.944,28.849,28.875,5657.82
2026-07-11 09:40:00,28.875,28.962,28.844,28.952,226074.51
2026-07-11 09:45:00,28.952,28.975,28.927,28.929,44497.42
2026-07-11 09:50:00,28.929,28.959,28.901,28.955,77486.28
2026-07-11 09:55:00,28.955,29.04,28.906,29.013,922838.15
2026-07-11 10:00:00,29.013,29.122,28.907,29.094,127354.96
2026-07-11 10:05:00,29.094,29.109,29.035,29.043,36940.17
2026-07-11 10:10:00,29.043,29.082,28.978,29.07,41161.52
2026-07-11 10:15:00,29.07,29.14,29.061,29.131,24975.96
2026-07-11 10:20:00,29.131,29.135,29.083,29.094,57370.8
2026-07-11 10:25:00,29.094,29.145,29.087,29.133,28787.64
2026-07-11 10:30:00,29.133,29.189,29.114,29.164,31489.45
2026-07-11 10:35:00,29.164,29.181,29.128,29.173,29313.14
2026-07-11 10:40:00,29.173,29.177,29.151,29.164,69108.76
2026-07-11 10:45:00,29.164,29.178,29.154,29.175,39332.76
2026-07-11 10:50:00,29.175,29.221,29.105,29.123,244142.85
2026-07-11 10:55:00,29.123,29.131,29.113,29.114,16394.75
2026-07-11 11:00:00,29.114,29.14,29.098,29.118,111575.78
2026-07-11 11:05:00,29.118,29.148,29.111,29.14,23489.3
2026-07-11 11:10:00,29.14,29.161,29.084,29.116,76845.16
2026-07-11 11:15:00,29.116,29.121,29.101,29.104,47175.92
2026-07-11 11:20:00,29.104,29.104,29.088,29.098,5861.89
2026-07-11 11:25:00,29.098,29.144,29.091,29.118,1223.45
2026-07-11 11:30:00,29.118,29.146,29.094,29.121,150204.33
2026-07-11 11:35:00,29.121,29.164,29.111,29.161,42403.55
2026-07-11 11:40:00,29.161,29.178,29.159,29.164,43158.43
2026-07-11 11:45:00,29.164,29.184,29.143,29.145,46976.7
2026-07-11 11:50:00,29.145,29.169,29.118,29.142,34251.47
2026-07-11 11:55:00,29.142,29.169,29.131,29.152,1104.8
2026-07-11 12:00:00,29.152,29.168,29.13,29.14,54647.3
2026-07-11 12:05:00,29.14,29.168,29.109,29.117,18712.94
2026-07-11 12:10:00,29.117,29.14,29.061,29.109,18849.16
2026-07-11 12:15:00,29.109,29.125,29.094,29.105,13907.79
2026-07-11 12:20:00,29.105,29.11,29.07,29.102,25255.28
2026-07-11 12:25:00,29.102,29.132,29.081,29.084,114852.99
2026-07-11 12:30:00,29.084,29.118,29.076,29.115,94492.18
2026-07-11 12:35:00,29.115,29.122,29.087,29.091,73516.57
2026-07-11 12:40:00,29.091,29.176,29.052,29.15,7368.92
2026-07-11 12:45:00,29.15,29.18,29.135,29.18,59301.13
2026-07-11 12:50:00,29.18,29.211,29.178,29.185,44101.12
2026-07-11 12:55:00,29.185,29.228,29.15,29.199,46507.97
2026-07-11 13:00:00,29.199,29.209,29.195,29.197,61254.55
2026-07-11 13:05:00,29.197,29.208,29.061,29.08,14499.44
2026-07-11 13:10:00,29.08,29.111,29.07,29.1,129241.56
2026-07-11 13:15:00,29.1,29.166,29.079,29.127,19956.89
2026-07-11 13:20:00,29.127,29.175,29.111,29.133,48730.68
2026-07-11 13:25:00,29.133,29.158,29.128,29.144,47951.46
2026-07-11 13:30:00,29.144,29.146,29.117,29.128,20298.34
2026-07-11 13:35:00,29.128,29.172,29.107,29.158,17653.4
2026-07-11 13:40:00,29.158,29.227,29.137,29.19,11519.8
2026-07-11 13:45:00,29.19,29.297,29.118,29.134,1583.57
2026-07-11 13:50:00,29.134,29.153,29.131,29.146,14927.88
2026-07-11 13:55:00,29.146,29.173,29.088,29.162,45105.21
2026-07-11 14:00:00,29.162,29.209,29.136,29.198,33766.73
2026-07-11 14:05:00,29.198,29.281,29.138,29.159,404420.61
2026-07-11 14:10:00,29.159,29.166,29.11,29.127,97255.59
2026-07-11 14:15:00,29.127,29.172,29.123,29.141,23974.15
2026-07-11 14:20:00,29.141,29.151,29.126,29.132,90570.31
2026-07-11 14:25:00,29.132,29.227,29.115,29.192,65890.13
2026-07-11 14:30:00,29.192,29.218,29.143,29.153,13028.24
2026-07-11 14:35:00,29.153,29.174,29.15,29.171,17202.86
2026-07-11 14:40:00,29.171,29.297,29.08,29.108,217446.38
2026-07-11 14:45:00,29.108,29.152,29.083,29.11,917.02
2026-07-11 14:50:00,29.11,29.131,29.078,29.088,1530.05
2026-07-11 14:55:00,29.088,29.119,29.051,29.103,53332.15
2026-07-11 15:00:00,29.103,29.124,29.063,29.084,8463.99
2026-07-11 15:05:00,29.084,29.116,29.08,29.109,18206.39
2026-07-11 15:10:00,29.109,29.144,29.085,29.143,72997.36
2026-07-11 15:15:00,29.143,29.147,29.112,29.121,4526.8
2026-07-11 15:20:00,29.121,29.204,29.12,29.192,116052.59
2026-07-11 15:25:00,29.192,29.221,29.117,29.157,1134.31
2026-07-11 15:30:00,29.157,29.198,29.132,29.179,19771.71
2026-07-11 15:35:00,29.179,29.296,29.088,29.106,223773.08
2026-07-11 15:40:00,29.106,29.222,29.046,29.193,255976.03
2026-07-11 15:45:00,29.193,29.206,29.136,29.182,14742.45
2026-07-11 15:50:00,29.182,29.191,29.176,29.187,49035.32
2026-07-11 15:55:00,29.187,29.268,29.141,29.159,35542.16
2026-07-11 16:00:00,29.159,29.234,29.083,29.101,291410.02
2026-07-11 16:05:00,29.101,29.146,29.073,29.145,1579.6
2026-07-11 16:10:00,29.145,29.174,29.134,29.153,41095.05
2026-07-11 16:15:00,29.153,29.224,29.068,29.082,245340.35
2026-07-11 16:20:00,29.082,29.162,29.03,29.139,51178.85
2026-07-11 16:25:00,29.139,29.143,29.046,29.047,13457.11
2026-07-11 16:30:00,29.047,29.098,29.029,29.066,31438.27
2026-07-11 16:35:00,29.066,29.093,29.061,29.073,28146.87
2026-07-11 16:40:00,29.073,29.122,29.04,29.09,10163.17
2026-07-11 16:45:00,29.09,29.104,29.068,29.075,249507.69
2026-07-11 16:50:00,29.075,29.12,29.053,29.09,38638.58
2026-07-11 16:55:00,29.09,29.177,28.967,29.148,253735.33
2026-07-11 17:00:00,29.148,29.207,29.1,29.117,87462.83
2026-07-11 17:05:00,29.117,29.198,29.051,29.172,213610.33
2026-07-11 17:10:00,29.172,29.304,29.135,29.145,323825.46
2026-07-11 17:15:00,29.145,29.192,29.135,29.171,94266.86
2026-07-11 17:20:00,29.171,29.257,29.133,29.228,101428.63
2026-07-11 17:25:00,29.228,29.293,29.198,29.279,38759.16
2026-07-11 17:30:00,29.279,29.287,29.254,29.256,5623.79
2026-07-11 17:35:00,29.256,29.314,29.231,29.243,74512.57
2026-07-11 17:40:00,29.243,29.249,29.173,29.2,35555.34
2026-07-11 17:45:00,29.2,29.265,29.156,29.176,399581.74
2026-07-11 17:50:00,29.176,29.207,29.143,29.184,1260.87
2026-07-11 17:55:00,29.184,29.216,29.179,29.204,34054.9
2026-07-11 18:00:00,29.204,29.237,29.191,29.236,59675.99
2026-07-11 18:05:00,29.236,29.265,29.219,29.229,39594.56
2026-07-11 18:10:00,29.229,29.331,29.154,29.173,113806.29
2026-07-11 18:15:00,29.173,29.279,29.127,29.14,52095.34
2026-07-11 18:20:00,29.14,29.187,29.127,29.167,4269.14
2026-07-11 18:25:00,29.167,29.179,29.115,29.117,224998.77
2026-07-11 18:30:00,29.117,29.194,29.111,29.156,27973.53
2026-07-11 18:35:00,29.156,29.162,29.126,29.13,47417.97
2026-07-11 18:40:00,29.13,29.132,29.057,29.095,73239.08
2026-07-11 18:45:00,29.095,29.108,29.031,29.041,289870.95
2026-07-11 18:50:00,29.041,29.044,28.998,29.025,75362.1
2026-07-11 18:55:00,29.025,29.063,28.902,29.052,861848.3
2026-07-11 19:00:00,29.052,29.076,29.049,29.063,69627.89
2026-07-11 19:05:00,29.063,29.162,29.039,29.158,16949.16
2026-07-11 19:10:00,29.158,29.236,29.155,29.224,28451.25
2026-07-11 19:15:00,29.224,29.28,29.212,29.277,116559.2
2026-07-11 19:20:00,29.277,29.328,29.275,29.319,217955.3
2026-07-11 19:25:00,29.319,29.32,29.261,29.265,13143.64
2026-07-11 19:30:00,29.265,29.287,29.248,29.28,9481.27
2026-07-11 19:35:00,29.28,29.349,29.245,29.342,66121.05
2026-07-11 19:40:00,29.342,29.459,29.27,29.283,158076.95
2026-07-11 19:45:00,29.283,29.291,29.223,29.254,158721.62
2026-07-11 19:50:00,29.254,29.301,29.222,29.281,8616.08
2026-07-11 19:55:00,29.281,29.361,29.217,29.237,48104.38
2026-07-11 20:00:00,29.237,29.334,29.22,29.303,46610.24
2026-07-11 20:05:00,29.303,29.32,29.251,29.319,42706.74
2026-07-11 20:10:00,29.319,29.431,29.273,29.294,66799.9
2026-07-11 20:15:00,29.294,29.328,29.226,29.249,23242.97
2026-07-11 20:20:00,29.249,29.269,29.244,29.257,11833.17
2026-07-11 20:25:00,29.257,29.28,29.246,29.258,164575.59
2026-07-11 20:30:00,29.258,29.277,29.217,29.252,63370.58
2026-07-11 20:35:00,29.252,29.284,29.228,29.26,16804.4
2026-07-11 20:40:00,29.26,29.268,29.248,29.25,76415.48
2026-07-11 20:45:00,29.25,29.278,29.225,29.27,32740.27
2026-07-11 20:50:00,29.27,29.317,29.21,29.234,16789.53
2026-07-11 20:55:00,29.234,29.248,29.207,29.223,5162.93
2026-07-11 21:00:00,29.223,29.243,29.179,29.189,3395.17
2026-07-11 21:05:00,29.189,29.216,29.112,29.151,70461.08
2026-07-11 21:10:00,29.151,29.183,29.14,29.182,8567.7
2026-07-11 21:15:00,29.182,29.219,29.169,29.212,34825.7
2026-07-11 21:20:00,29.212,29.266,29.154,29.18,11362.86
2026-07-11 21:25:00,29.18,29.199,29.142,29.152,106053.68
2026-07-11 21:30:00,29.152,29.207,29.136,29.195,16006.54
2026-07-11 21:35:00,29.195,29.199,29.15,29.162,112094.07
2026-07-11 21:40:00,29.162,29.162,29.078,29.105,7246.95
2026-07-11 21:45:00,29.105,29.177,29.09,29.148,11010.08
2026-07-11 21:50:00,29.148,29.174,29.08,29.105,33151.13
2026-07-11 21:55:00,29.105,29.105,29.064,29.076,14288.9
2026-07-11 22:00:00,29.076,29.092,29.009,29.055,38266.68
2026-07-11 22:05:00,29.055,29.076,29.046,29.052,118957.51
2026-07-11 22:10:00,29.052,29.163,28.928,29.137,34319.75
2026-07-11 22:15:00,29.137,29.192,29.095,29.097,37532.32
2026-07-11 22:20:00,29.097,29.153,29.084,29.112,8298.42
2026-07-11 22:25:00,29.112,29.113,29.085,29.095,75110.42
2026-07-11 22:30:00,29.095,29.141,29.069,29.125,26892.71
2026-07-11 22:35:00,29.125,29.161,29.124,29.147,78994.73
2026-07-11 22:40:00,29.147,29.151,29.118,29.127,24516.08
2026-07-11 22:45:00,29.127,29.17,29.111,29.134,113739.97
2026-07-11 22:50:00,29.134,29.182,29.128,29.147,23021.89
2026-07-11 22:55:00,29.147,29.156,29.132,29.147,124654.12
2026-07-11 23:00:00,29.147,29.205,29.139,29.181,141975.36
2026-07-11 23:05:00,29.181,29.262,29.164,29.198,8739.19
2026-07-11 23:10:00,29.198,29.287,29.18,29.249,171705.23
2026-07-11 23:15:00,29.249,29.334,29.247,29.307,60094.6
2026-07-11 23:20:00,29.307,29.307,29.269,29.286,83976.65
2026-07-11 23:25:00,29.286,29.341,29.265,29.317,69899.32
2026-07-11 23:30:00,29.317,29.352,29.281,29.3,2059.7
2026-07-11 23:35:00,29.3,29.325,29.26,29.311,251195.7
2026-07-11 23:40:00,29.311,29.36,29.307,29.33,59473.7
2026-07-11 23:45:00,29.33,29.361,29.319,29.34,3538.37
2026-07-11 23:50:00,29.34,29.415,29.321,29.405,20465.4
2026-07-11 23:55:00,29.405,29.422,29.363,29.398,67191.14
2026-07-12 00:00:00,29.398,29.479,29.305,29.329,458457.55
2026-07-12 00:05:00,29.329,29.393,29.295,29.367,11900.45
2026-07-12 00:10:00,29.367,29.378,29.364,29.366,22950.23
2026-07-12 00:15:00,29.366,29.43,29.348,29.388,45187.74
2026-07-12 00:20:00,29.388,29.491,29.305,29.323,179670.57
2026-07-12 00:25:00,29.323,29.328,29.294,29.306,199534.54
2026-07-12 00:30:00,29.306,29.398,29.25,29.273,698163.29
2026-07-12 00:35:00,29.273,29.304,29.248,29.302,27305.74
2026-07-12 00:40:00,29.302,29.386,29.297,29.356,56306.79
2026-07-12 00:45:00,29.356,29.382,29.292,29.31,36636.73
2026-07-12 00:50:00,29.31,29.331,29.306,29.325,15562.89
2026-07-12 00:55:00,29.325,29.406,29.317,29.384,70969.57
2026-07-12 01:00:00,29.384,29.418,29.339,29.401,11684.16
2026-07-12 01:05:00,29.401,29.433,29.38,29.39,27749.89
2026-07-12 01:10:00,29.39,29.484,29.32,29.329,12777.47
2026-07-12 01:15:00,29.329,29.393,29.231,29.249,69910.13
2026-07-12 01:20:00,29.249,29.279,29.211,29.266,132092.87
2026-07-12 01:25:00,29.266,29.281,29.236,29.274,7081.1
2026-07-12 01:30:00,29.274,29.28,29.246,29.246,155712.21
2026-07-12 01:35:00,29.246,29.26,29.197,29.213,43581.88
2026-07-12 01:40:00,29.213,29.218,29.187,29.197,119917.55
2026-07-12 01:45:00,29.197,29.213,29.19,29.197,54283.44
2026-07-12 01:50:00,29.197,29.251,29.167,29.217,64391.53
2026-07-12 01:55:00,29.217,29.252,29.108,29.151,44404.14
2026-07-12 02:00:00,29.151,29.174,29.137,29.173,87106.05
2026-07-12 02:05:00,29.173,29.174,29.149,29.171,6259.91
2026-07-12 02:10:00,29.171,29.219,29.142,29.213,21702.72
2026-07-12 02:15:00,29.213,29.213,29.159,29.179,43468.31
2026-07-12 02:20:00,29.179,29.195,29.148,29.152,32657.33
2026-07-12 02:25:00,29.152,29.162,29.127,29.144,79823.27
2026-07-12 02:30:00,29.144,29.167,29.114,29.161,36232.24
2026-07-12 02:35:00,29.161,29.188,29.11,29.115,89418.57
2026-07-12 02:40:00,29.115,29.123,29.11,29.116,48816.32
2026-07-12 02:45:00,29.116,29.175,29.095,29.1,158541.96
2026-07-12 02:50:00,29.1,29.172,28.998,29.158,173611.63
2026-07-12 02:55:00,29.158,29.186,29.105,29.128,8942.0
2026-07-12 03:00:00,29.128,29.151,29.116,29.149,38524.01
2026-07-12 03:05:00,29.149,29.184,29.144,29.162,95209.74
2026-07-12 03:10:00,29.162,29.177,29.124,29.138,120838.18
2026-07-12 03:15:00,29.138,29.204,29.122,29.171,24673.69
2026-07-12 03:20:00,29.171,29.175,29.119,29.142,156719.58
2026-07-12 03:25:00,29.142,29.179,29.107,29.134,52507.99
2026-07-12 03:30:00,29.134,29.208,29.112,29.194,14340.69
2026-07-12 03:35:00,29.194,29.291,29.19,29.245,23357.78
2026-07-12 03:40:00,29.245,29.312,29.241,29.309,17930.9
2026-07-12 03:45:00,29.309,29.314,29.283,29.3,15564.73
2026-07-12 03:50:00,29.3,29.396,29.282,29.358,67435.88
2026-07-12 03:55:00,29.358,29.426,29.356,29.38,12961.03
2026-07-12 04:00:00,29.38,29.454,29.349,29.363,24833.54
2026-07-12 04:05:00,29.363,29.371,29.312,29.335,25836.21
2026-07-12 04:10:00,29.335,29.342,29.321,29.334,42494.64
2026-07-12 04:15:00,29.334,29.388,29.317,29.358,155918.3
2026-07-12 04:20:00,29.358,29.474,29.282,29.304,166558.82
2026-07-12 04:25:00,29.304,29.329,29.299,29.315,60390.39
2026-07-12 04:30:00,29.315,29.365,29.31,29.352,14714.19
2026-07-12 04:35:00,29.352,29.368,29.295,29.335,77766.1
2026-07-12 04:40:00,29.335,29.344,29.317,29.324,29920.28
2026-07-12 04:45:00,29.324,29.386,29.299,29.344,641.5
2026-07-12 04:50:00,29.344,29.344,29.272,29.289,105227.98
2026-07-12 04:55:00,29.289,29.319,29.249,29.298,121395.81
2026-07-12 05:00:00,29.298,29.362,29.29,29.307,101551.55
2026-07-12 05:05:00,29.307,29.367,29.288,29.338,35930.75
2026-07-12 05:10:00,29.338,29.345,29.321,29.341,12820.05
2026-07-12 05:15:00,29.341,29.352,29.296,29.326,152369.38
2026-07-12 05:20:00,29.326,29.368,29.304,29.36,10564.07
2026-07-12 05:25:00,29.36,29.392,29.353,29.39,7164.06
2026-07-12 05:30:00,29.39,29.521,29.286,29.309,514425.12
2026-07-12 05:35:00,29.309,29.341,29.293,29.327,72529.49
2026-07-12 05:40:00,29.327,29.392,29.289,29.372,22557.49
2026-07-12 05:45:00,29.372,29.386,29.329,29.355,27207.83
2026-07-12 05:50:00,29.355,29.365,29.309,29.331,18633.31
2026-07-12 05:55:00,29.331,29.337,29.293,29.296,3258.73
2026-07-12 06:00:00,29.296,29.317,29.275,29.282,14255.16
2026-07-12 06:05:00,29.282,29.301,29.254,29.258,22886.32
2026-07-12 06:10:00,29.258,29.32,29.255,29.298,65940.78
2026-07-12 06:15:00,29.298,29.302,29.221,29.235,171969.75
2026-07-12 06:20:00,29.235,29.267,29.201,29.228,28616.15
2026-07-12 06:25:00,29.228,29.282,29.212,29.249,116786.01
2026-07-12 06:30:00,29.249,29.258,29.16,29.187,28590.25
2026-07-12 06:35:00,29.187,29.267,29.179,29.221,71307.89
2026-07-12 06:40:00,29.221,29.275,29.217,29.253,68622.17
2026-07-12 06:45:00,29.253,29.273,29.23,29.262,42255.02
2026-07-12 06:50:00,29.262,29.274,29.261,29.272,35436.07
2026-07-12 06:55:00,29.272,29.279,29.256,29.265,30863.01
2026-07-12 07:00:00,29.265,29.273,29.252,29.261,36952.37
2026-07-12 07:05:00,29.261,29.321,29.216,29.3,15867.53
2026-07-12 07:10:00,29.3,29.324,29.28,29.284,23709.36
2026-07-12 07:15:00,29.284,29.326,29.248,29.285,90180.97
2026-07-12 07:20:00,29.285,29.29,29.2,29.224,50945.54
2026-07-12 07:25:00,29.224,29.229,29.173,29.174,187445.18
2026-07-12 07:30:00,29.174,29.183,29.113,29.119,25476.49
2026-07-12 07:35:00,29.119,29.134,29.116,29.118,27444.66
2026-07-12 07:40:00,29.118,29.192,29.058,29.18,23408.95
2026-07-12 07:45:00,29.18,29.207,29.139,29.204,93157.65
2026-07-12 07:50:00,29.204,29.236,29.2,29.234,85145.26
2026-07-12 07:55:00,29.234,29.282,29.228,29.257,72547.98
2026-07-12 08:00:00,29.257,29.302,29.243,29.293,22275.82
2026-07-12 08:05:00,29.293,29.343,29.273,29.335,35791.07
2026-07-12 08:10:00,29.335,29.377,29.312,29.321,60217.75
2026-07-12 08:15:00,29.321,29.401,29.32,29.353,57849.07
2026-07-12 08:20:00,29.353,29.417,29.26,29.282,87829.79
2026-07-12 08:25:00,29.282,29.337,29.268,29.316,1468.51
2026-07-12 08:30:00,29.316,29.318,29.262,29.292,1796.53
2026-07-12 08:35:00,29.292,29.326,29.283,29.318,16118.26
2026-07-12 08:40:00,29.318,29.347,29.308,29.345,36029.12
2026-07-12 08:45:00,29.345,29.472,29.269,29.298,275121.48
2026-07-12 08:50:00,29.298,29.326,29.244,29.257,10059.23
2026-07-12 08:55:00,29.257,29.3,29.25,29.297,26140.4
2026-07-12 09:00:00,29.297,29.335,29.296,29.325,63186.95
2026-07-12 09:05:00,29.325,29.36,29.287,29.344,35939.81
2026-07-12 09:10:00,29.344,29.384,29.343,29.344,67064.27
2026-07-12 09:15:00,29.344,29.391,29.317,29.374,34445.73
2026-07-12 09:20:00,29.374,29.4,29.37,29.383,33150.41
2026-07-12 09:25:00,29.383,29.49,29.286,29.307,281751.05
2026-07-12 09:30:00,29.307,29.319,29.294,29.312,16758.32
2026-07-12 09:35:00,29.312,29.325,29.253,29.282,19141.39
2026-07-12 09:40:00,29.282,29.307,29.269,29.3,3866.14
2026-07-12 09:45:00,29.3,29.313,29.245,29.297,108077.86
2026-07-12 09:50:00,29.297,29.312,29.268,29.3,10843.16
2026-07-12 09:55:00,29.3,29.391,29.289,29.387,604.55
2026-07-12 10:00:00,29.387,29.399,29.355,29.379,66708.29
2026-07-12 10:05:00,29.379,29.441,29.357,29.359,1282.2
2026-07-12 10:10:00,29.359,29.457,29.273,29.297,354924.29
2026-07-12 10:15:00,29.297,29.345,29.285,29.312,10338.68
2026-07-12 10:20:00,29.312,29.322,29.284,29.301,34754.74
2026-07-12 10:25:00,29.301,29.309,29.288,29.294,17561.14
2026-07-12 10:30:00,29.294,29.379,29.273,29.351,34306.11
2026-07-12 10:35:00,29.351,29.418,29.255,29.265,460071.89
2026-07-12 10:40:00,29.265,29.289,29.248,29.277,8388.45
2026-07-12 10:45:00,29.277,29.299,29.234,29.255,122008.26
2026-07-12 10:50:00,29.255,29.31,29.251,29.279,83714.9
2026-07-12 10:55:00,29.279,29.305,29.272,29.278,62996.38
2026-07-12 11:00:00,29.278,29.324,29.237,29.301,73244.44
2026-07-12 11:05:00,29.301,29.314,29.258,29.279,82017.73
2026-07-12 11:10:00,29.279,29.324,29.276,29.301,24300.16
2026-07-12 11:15:00,29.301,29.327,29.281,29.315,15705.15
2026-07-12 11:20:00,29.315,29.327,29.252,29.268,131062.29
2026-07-12 11:25:00,29.268,29.304,29.245,29.284,28225.77
2026-07-12 11:30:00,29.284,29.287,29.26,29.279,28914.26
2026-07-12 11:35:00,29.279,29.296,29.246,29.256,72491.29
2026-07-12 11:40:00,29.256,29.262,29.222,29.244,7115.58
2026-07-12 11:45:00,29.244,29.294,29.238,29.27,74571.63
2026-07-12 11:50:00,29.27,29.29,29.267,29.286,20313.87
2026-07-12 11:55:00,29.286,29.294,29.204,29.253,20874.5
2026-07-12 12:00:00,29.253,29.271,29.227,29.244,6053.91
2026-07-12 12:05:00,29.244,29.272,29.211,29.246,29670.0
2026-07-12 12:10:00,29.246,29.316,29.227,29.281,25604.95
2026-07-12 12:15:00,29.281,29.306,29.262,29.273,18704.76
2026-07-12 12:20:00,29.273,29.289,29.262,29.268,120799.5
2026-07-12 12:25:00,29.268,29.293,29.257,29.277,77372.79
2026-07-12 12:30:00,29.277,29.346,29.251,29.342,25974.92
2026-07-12 12:35:00,29.342,29.367,29.312,29.312,40248.04
2026-07-12 12:40:00,29.312,29.336,29.263,29.282,2606.12
2026-07-12 12:45:00,29.282,29.359,29.271,29.341,19034.64
2026-07-12 12:50:00,29.341,29.352,29.311,29.325,20822.02
2026-07-12 12:55:00,29.325,29.346,29.287,29.307,14668.63
2026-07-12 13:00:00,29.307,29.43,29.276,29.373,34474.94
2026-07-12 13:05:00,29.373,29.393,29.338,29.382,1332.63
2026-07-12 13:10:00,29.382,29.469,29.358,29.454,43697.38
2026-07-12 13:15:00,29.454,29.563,29.401,29.423,74251.05
2026-07-12 13:20:00,29.423,29.496,29.373,29.489,1068.5
2026-07-12 13:25:00,29.489,29.527,29.483,29.506,13110.79
2026-07-12 13:30:00,29.506,29.561,29.481,29.544,46108.03
2026-07-12 13:35:00,29.544,29.585,29.504,29.558,138468.93
2026-07-12 13:40:00,29.558,29.566,29.502,29.525,26951.79
2026-07-12 13:45:00,29.525,29.592,29.486,29.575,50261.41
2026-07-12 13:50:00,29.575,29.594,29.495,29.526,77328.09
2026-07-12 13:55:00,29.526,29.596,29.484,29.494,241151.85
2026-07-12 14:00:00,29.494,29.538,29.484,29.51,325.05
2026-07-12 14:05:00,29.51,29.521,29.489,29.52,6553.01
2026-07-12 14:10:00,29.52,29.585,29.444,29.463,230773.62
2026-07-12 14:15:00,29.463,29.487,29.46,29.481,62317.3
2026-07-12 14:20:00,29.481,29.505,29.477,29.478,59184.23
2026-07-12 14:25:00,29.478,29.493,29.434,29.461,17681.05
2026-07-12 14:30:00,29.461,29.461,29.42,29.434,10465.22
2026-07-12 14:35:00,29.434,29.539,29.378,29.404,101612.86
2026-07-12 14:40:00,29.404,29.449,29.337,29.357,135189.42
2026-07-12 14:45:00,29.357,29.365,29.298,29.334,6633.19
2026-07-12 14:50:00,29.334,29.379,29.245,29.271,553572.52
2026-07-12 14:55:00,29.271,29.285,29.193,29.205,72768.56
2026-07-12 15:00:00,29.205,29.278,29.203,29.261,67163.3
2026-07-12 15:05:00,29.261,29.282,29.244,29.269,37390.0
2026-07-12 15:10:00,29.269,29.275,29.25,29.273,211964.25
2026-07-12 15:15:00,29.273,29.372,29.263,29.338,126437.85
2026-07-12 15:20:00,29.338,29.347,29.248,29.295,144036.48
2026-07-12 15:25:00,29.295,29.328,29.292,29.306,54595.86
2026-07-12 15:30:00,29.306,29.331,29.299,29.305,23108.99
2026-07-12 15:35:00,29.305,29.329,29.274,29.323,18402.81
2026-07-12 15:40:00,29.323,29.364,29.31,29.342,27186.51
2026-07-12 15:45:00,29.342,29.42,29.328,29.393,2475.68
2026-07-12 15:50:00,29.393,29.414,29.351,29.37,36075.29
2026-07-12 15:55:00,29.37,29.371,29.319,29.324,4720.48
2026-07-12 16:00:00,29.324,29.35,29.298,29.345,40464.9
2026-07-12 16:05:00,29.345,29.403,29.339,29.369,8762.4
2026-07-12 16:10:00,29.369,29.434,29.342,29.353,61479.18
2026-07-12 16:15:00,29.353,29.37,29.331,29.349,30964.7
2026-07-12 16:20:00,29.349,29.363,29.341,29.356,142548.56
2026-07-12 16:25:00,29.356,29.366,29.301,29.314,99973.75
2026-07-12 16:30:00,29.314,29.399,29.31,29.363,20692.85
2026-07-12 16:35:00,29.363,29.379,29.305,29.327,12599.72
2026-07-12 16:40:00,29.327,29.374,29.296,29.364,85901.54
2026-07-12 16:45:00,29.364,29.379,29.306,29.341,10984.72
2026-07-12 16:50:00,29.341,29.372,29.322,29.367,18056.21
2026-07-12 16:55:00,29.367,29.38,29.359,29.375,62658.54
2026-07-12 17:00:00,29.375,29.397,29.305,29.321,170012.02
2026-07-12 17:05:00,29.321,29.33,29.297,29.324,105052.18
2026-07-12 17:10:00,29.324,29.326,29.28,29.281,73359.03
2026-07-12 17:15:00,29.281,29.285,29.234,29.27,56491.68
2026-07-12 17:20:00,29.27,29.279,29.213,29.23,142322.68
2026-07-12 17:25:00,29.23,29.232,29.22,29.226,34231.23
2026-07-12 17:30:00,29.226,29.322,29.11,29.302,231412.61
2026-07-12 17:35:00,29.302,29.353,29.3,29.332,17176.7
2026-07-12 17:40:00,29.332,29.352,29.318,29.336,33318.81
2026-07-12 17:45:00,29.336,29.337,29.279,29.285,171934.45
2026-07-12 17:50:00,29.285,29.29,29.218,29.231,5922.42
2026-07-12 17:55:00,29.231,29.246,29.158,29.186,6722.93
2026-07-12 18:00:00,29.186,29.194,29.178,29.193,49807.49
2026-07-12 18:05:00,29.193,29.295,29.095,29.268,91575.31
2026-07-12 18:10:00,29.268,29.285,29.235,29.249,11419.96
2026-07-12 18:15:00,29.249,29.255,29.177,29.186,57014.01
2026-07-12 18:20:00,29.186,29.287,29.136,29.269,234348.27
2026-07-12 18:25:00,29.269,29.287,29.223,29.264,56211.6
2026-07-12 18:30:00,29.264,29.294,29.25,29.293,22802.46
2026-07-12 18:35:00,29.293,29.304,29.248,29.258,156118.1
2026-07-12 18:40:00,29.258,29.303,29.247,29.291,32429.29
2026-07-12 18:45:00,29.291,29.314,29.253,29.274,26368.4
2026-07-12 18:50:00,29.274,29.297,29.25,29.294,96337.29
2026-07-12 18:55:00,29.294,29.307,29.235,29.261,143140.71
2026-07-12 19:00:00,29.261,29.326,29.13,29.315,631774.59
2026-07-12 19:05:00,29.315,29.328,29.277,29.304,45367.53
2026-07-12 19:10:00,29.304,29.318,29.208,29.266,2541.51
2026-07-12 19:15:00,29.266,29.28,29.232,29.239,13634.73
2026-07-12 19:20:00,29.239,29.318,29.119,29.305,5390.6
2026-07-12 19:25:00,29.305,29.314,29.269,29.295,11874.16
2026-07-12 19:30:00,29.295,29.319,29.291,29.309,44995.23
2026-07-12 19:35:00,29.309,29.344,29.286,29.313,45642.4
2026-07-12 19:40:00,29.313,29.319,29.261,29.273,23489.87
2026-07-12 19:45:00,29.273,29.31,29.272,29.303,9978.53
2026-07-12 19:50:00,29.303,29.386,29.288,29.339,42296.25
2026-07-12 19:55:00,29.339,29.412,29.327,29.384,16382.91
2026-07-12 20:00:00,29.384,29.494,29.33,29.351,17952.65
2026-07-12 20:05:00,29.351,29.376,29.322,29.339,32293.42
2026-07-12 20:10:00,29.339,29.371,29.317,29.331,92862.0
2026-07-12 20:15:00,29.331,29.433,29.324,29.401,23588.54
2026-07-12 20:20:00,29.401,29.416,29.396,29.398,13972.11
2026-07-12 20:25:00,29.398,29.458,29.378,29.448,139591.58
2026-07-12 20:30:00,29.448,29.469,29.43,29.443,44709.34
2026-07-12 20:35:00,29.443,29.464,29.442,29.461,16572.25
2026-07-12 20:40:00,29.461,29.472,29.4,29.416,113929.63
2026-07-12 20:45:00,29.416,29.523,29.366,29.387,83792.83
2026-07-12 20:50:00,29.387,29.445,29.377,29.395,35863.82
2026-07-12 20:55:00,29.395,29.468,29.348,29.365,219857.83
2026-07-12 21:00:00,29.365,29.439,29.354,29.401,9720.31
2026-07-12 21:05:00,29.401,29.473,29.38,29.437,27405.83
2026-07-12 21:10:00,29.437,29.456,29.377,29.413,201970.74
2026-07-12 21:15:00,29.413,29.477,29.329,29.35,2860.27
2026-07-12 21:20:00,29.35,29.392,29.343,29.39,25212.66
2026-07-12 21:25:00,29.39,29.417,29.353,29.377,69437.97
2026-07-12 21:30:00,29.377,29.4,29.365,29.392,14545.64
2026-07-12 21:35:00,29.392,29.433,29.371,29.414,76961.44
2026-07-12 21:40:00,29.414,29.427,29.383,29.394,2618.8
2026-07-12 21:45:00,29.394,29.442,29.304,29.323,104940.52
2026-07-12 21:50:00,29.323,29.434,29.31,29.391,1836.94
2026-07-12 21:55:00,29.391,29.421,29.383,29.404,1448.29
2026-07-12 22:00:00,29.404,29.519,29.315,29.339,60129.91
2026-07-12 22:05:00,29.339,29.363,29.282,29.3,23969.33
2026-07-12 22:10:00,29.3,29.302,29.24,29.257,6974.61
2026-07-12 22:15:00,29.257,29.261,29.181,29.198,165655.42
2026-07-12 22:20:00,29.198,29.211,29.189,29.202,21163.05
2026-07-12 22:25:00,29.202,29.259,29.098,29.244,39072.41
2026-07-12 22:30:00,29.244,29.28,29.233,29.279,43854.99
2026-07-12 22:35:00,29.279,29.286,29.255,29.267,6767.63
2026-07-12 22:40:00,29.267,29.272,29.25,29.251,10726.65
2026-07-12 22:45:00,29.251,29.294,29.241,29.293,19674.24
2026-07-12 22:50:00,29.293,29.305,29.284,29.3,28114.82
2026-07-12 22:55:00,29.3,29.312,29.225,29.239,1636.58
2026-07-12 23:00:00,29.239,29.315,29.133,29.303,61556.97
2026-07-12 23:05:00,29.303,29.363,29.28,29.336,13842.64
2026-07-12 23:10:00,29.336,29.342,29.279,29.301,50594.27
2026-07-12 23:15:00,29.301,29.333,29.285,29.31,87194.69
2026-07-12 23:20:00,29.31,29.337,29.276,29.326,2869.95
2026-07-12 23:25:00,29.326,29.393,29.312,29.364,123166.98
2026-07-12 23:30:00,29.364,29.424,29.347,29.409,13370.4
2026-07-12 23:35:00,29.409,29.457,29.406,29.424,18626.24
2026-07-12 23:40:00,29.424,29.441,29.417,29.429,49275.07
2026-07-12 23:45:00,29.429,29.504,29.348,29.376,530689.66
2026-07-12 23:50:00,29.376,29.406,29.369,29.378,10257.91
2026-07-12 23:55:00,29.378,29.397,29.284,29.299,35542.47
2026-07-13 00:00:00,29.299,29.303,29.256,29.282,34078.91
2026-07-13 00:05:00,29.282,29.304,29.257,29.291,54547.83
2026-07-13 00:10:00,29.291,29.306,29.26,29.3,17304.12
2026-07-13 00:15:00,29.3,29.34,29.264,29.326,7231.16
2026-07-13 00:20:00,29.326,29.357,29.265,29.287,84557.84
2026-07-13 00:25:00,29.287,29.292,29.25,29.272,57660.69
2026-07-13 00:30:00,29.272,29.272,29.2,29.208,103095.41
2026-07-13 00:35:00,29.208,29.3,29.192,29.264,36953.8
2026-07-13 00:40:00,29.264,29.275,29.23,29.246,15398.63
2026-07-13 00:45:00,29.246,29.272,29.225,29.226,108903.46
2026-07-13 00:50:00,29.226,29.231,29.17,29.21,3444.56
2026-07-13 00:55:00,29.21,29.267,29.207,29.251,105936.91
2026-07-13 01:00:00,29.251,29.254,29.167,29.188,33795.62
2026-07-13 01:05:00,29.188,29.219,29.152,29.179,96516.77
2026-07-13 01:10:00,29.179,29.273,29.125,29.248,139614.73
2026-07-13 01:15:00,29.248,29.345,29.152,29.332,228658.88
2026-07-13 01:20:00,29.332,29.369,29.314,29.34,47333.13
2026-07-13 01:25:00,29.34,29.377,29.261,29.267,70899.54
2026-07-13 01:30:00,29.267,29.272,29.153,29.189,18726.01
2026-07-13 01:35:00,29.189,29.211,29.186,29.193,15492.59
2026-07-13 01:40:00,29.193,29.209,29.137,29.146,74879.23
2026-07-13 01:45:00,29.146,29.164,29.115,29.135,30887.03
2026-07-13 01:50:00,29.135,29.187,29.13,29.164,66887.55
2026-07-13 01:55:00,29.164,29.211,29.089,29.191,337442.52
2026-07-13 02:00:00,29.191,29.259,29.144,29.249,986459.56
2026-07-13 02:05:00,29.249,29.249,29.243,29.248,183972.57
2026-07-13 02:10:00,29.248,29.323,29.219,29.271,63330.23
2026-07-13 02:15:00,29.271,29.295,29.249,29.258,36767.03
2026-07-13 02:20:00,29.258,29.291,29.254,29.289,48072.03
2026-07-13 02:25:00,29.289,29.299,29.251,29.27,83680.46
2026-07-13 02:30:00,29.27,29.299,29.228,29.236,42706.72
2026-07-13 02:35:00,29.236,29.335,29.155,29.307,9945.85
2026-07-13 02:40:00,29.307,29.352,29.275,29.325,71665.7
2026-07-13 02:45:00,29.325,29.392,29.308,29.38,37893.53
2026-07-13 02:50:00,29.38,29.388,29.356,29.359,20609.36
2026-07-13 02:55:00,29.359,29.397,29.33,29.372,930.49
2026-07-13 03:00:00,29.372,29.437,29.359,29.414,48492.93
2026-07-13 03:05:00,29.414,29.48,29.375,29.455,45689.12
2026-07-13 03:10:00,29.455,29.491,29.432,29.474,2996.87
2026-07-13 03:15:00,29.474,29.553,29.387,29.405,781229.04
2026-07-13 03:20:00,29.405,29.434,29.38,29.394,82.42
2026-07-13 03:25:00,29.394,29.42,29.344,29.369,11677.16
2026-07-13 03:30:00,29.369,29.407,29.365,29.405,717.72
2026-07-13 03:35:00,29.405,29.438,29.394,29.418,36317.74
2026-07-13 03:40:00,29.418,29.522,29.352,29.375,6514.89
2026-07-13 03:45:00,29.375,29.384,29.328,29.331,10507.36
2026-07-13 03:50:00,29.331,29.416,29.321,29.406,147505.33
2026-07-13 03:55:00,29.406,29.42,29.358,29.373,124851.41
2026-07-13 04:00:00,29.373,29.378,29.349,29.359,46613.87
2026-07-13 04:05:00,29.359,29.388,29.296,29.298,79956.77
2026-07-13 04:10:00,29.298,29.306,29.248,29.248,43057.68
2026-07-13 04:15:00,29.248,29.285,29.238,29.275,23900.77
2026-07-13 04:20:00,29.275,29.279,29.248,29.264,61740.76
2026-07-13 04:25:00,29.264,29.28,29.2,29.216,2787.08
2026-07-13 04:30:00,29.216,29.224,29.18,29.18,53072.91
2026-07-13 04:35:00,29.18,29.183,29.14,29.158,3878.89
2026-07-13 04:40:00,29.158,29.167,29.127,29.142,5215.62
2026-07-13 04:45:00,29.142,29.204,29.032,29.184,43135.6
2026-07-13 04:50:00,29.184,29.216,29.168,29.191,87453.17
2026-07-13 04:55:00,29.191,29.265,29.166,29.263,2566.09
2026-07-13 05:00:00,29.263,29.274,29.22,29.233,209890.35
2026-07-13 05:05:00,29.233,29.297,29.207,29.253,58061.33
2026-07-13 05:10:00,29.253,29.282,29.223,29.266,18770.86
2026-07-13 05:15:00,29.266,29.266,29.253,29.265,13504.9
2026-07-13 05:20:00,29.265,29.285,29.255,29.261,29867.66
2026-07-13 05:25:00,29.261,29.271,29.217,29.22,6808.67
2026-07-13 05:30:00,29.22,29.272,29.2,29.269,97864.06
2026-07-13 05:35:00,29.269,29.306,29.246,29.291,76529.44
2026-07-13 05:40:00,29.291,29.311,29.29,29.302,11181.54
2026-07-13 05:45:00,29.302,29.333,29.276,29.3,75183.06
2026-07-13 05:50:00,29.3,29.301,29.249,29.253,3294.91
2026-07-13 05:55:00,29.253,29.261,29.225,29.238,110637.81
2026-07-13 06:00:00,29.238,29.242,29.152,29.18,55287.38
2026-07-13 06:05:00,29.18,29.246,29.062,29.233,200567.85
2026-07-13 06:10:00,29.233,29.235,29.177,29.179,7217.44
2026-07-13 06:15:00,29.179,29.273,29.056,29.247,426603.19
2026-07-13 06:20:00,29.247,29.265,29.232,29.251,11459.83
2026-07-13 06:25:00,29.251,29.265,29.186,29.198,109492.94
2026-07-13 06:30:00,29.198,29.229,29.146,29.152,64164.56
2026-07-13 06:35:00,29.152,29.174,29.114,29.121,132565.44
2026-07-13 06:40:00,29.121,29.125,29.069,29.08,33644.82
2026-07-13 06:45:00,29.08,29.115,29.039,29.092,36373.37
2026-07-13 06:50:00,29.092,29.164,29.006,29.145,165537.23
2026-07-13 06:55:00,29.145,29.184,29.144,29.175,102050.98
2026-07-13 07:00:00,29.175,29.223,29.141,29.22,147549.18
2026-07-13 07:05:00,29.22,29.288,29.179,29.242,14764.58
2026-07-13 07:10:00,29.242,29.285,29.212,29.248,36478.25
2026-07-13 07:15:00,29.248,29.331,29.241,29.304,85518.87
2026-07-13 07:20:00,29.304,29.344,29.232,29.253,1929.48
2026-07-13 07:25:00,29.253,29.299,29.182,29.209,62512.22
2026-07-13 07:30:00,29.209,29.233,29.199,29.226,11049.76
2026-07-13 07:35:00,29.226,29.266,29.222,29.231,48950.39
2026-07-13 07:40:00,29.231,29.257,29.216,29.234,11564.74
2026-07-13 07:45:00,29.234,29.24,29.2,29.231,52966.3
2026-07-13 07:50:00,29.231,29.252,29.198,29.244,36600.25
2026-07-13 07:55:00,29.244,29.281,29.225,29.271,14349.29
2026-07-13 08:00:00,29.271,29.282,29.244,29.261,18041.49
2026-07-13 08:05:00,29.261,29.298,29.242,29.283,5054.53
2026-07-13 08:10:00,29.283,29.343,29.271,29.307,38973.58
2026-07-13 08:15:00,29.307,29.31,29.304,29.304,29924.42
2026-07-13 08:20:00,29.304,29.314,29.234,29.275,55797.36
2026-07-13 08:25:00,29.275,29.356,29.267,29.3,36968.56
2026-07-13 08:30:00,29.3,29.333,29.265,29.281,22876.66
2026-07-13 08:35:00,29.281,29.302,29.233,29.251,6979.75
2026-07-13 08:40:00,29.251,29.299,29.22,29.282,25988.67
2026-07-13 08:45:00,29.282,29.341,29.278,29.297,4688.81
2026-07-13 08:50:00,29.297,29.347,29.27,29.331,69127.64
2026-07-13 08:55:00,29.331,29.364,29.304,29.352,48099.78
2026-07-13 09:00:00,29.352,29.387,29.291,29.315,7025.93
2026-07-13 09:05:00,29.315,29.318,29.301,29.307,133566.99
2026-07-13 09:10:00,29.307,29.342,29.299,29.32,14801.3
2026-07-13 09:15:00,29.32,29.39,29.314,29.378,94531.82
2026-07-13 09:20:00,29.378,29.462,29.332,29.348,22347.49
2026-07-13 09:25:00,29.348,29.434,29.346,29.429,195950.87
2026-07-13 09:30:00,29.429,29.433,29.351,29.37,20964.35
2026-07-13 09:35:00,29.37,29.41,29.341,29.348,56438.15
2026-07-13 09:40:00,29.348,29.389,29.341,29.351,42739.59
2026-07-13 09:45:00,29.351,29.374,29.323,29.364,40378.73
2026-07-13 09:50:00,29.364,29.428,29.266,29.276,29269.03
2026-07-13 09:55:00,29.276,29.283,29.244,29.26,13669.08
2026-07-13 10:00:00,29.26,29.277,29.19,29.206,58416.59
2026-07-13 10:05:00,29.206,29.218,29.124,29.149,35501.05
2026-07-13 10:10:00,29.149,29.187,29.117,29.184,85447.05
2026-07-13 10:15:00,29.184,29.218,29.154,29.177,56912.2
2026-07-13 10:20:00,29.177,29.221,29.115,29.127,15542.44
2026-07-13 10:25:00,29.127,29.192,29.101,29.185,40130.27
2026-07-13 10:30:00,29.185,29.243,29.181,29.207,114284.24
2026-07-13 10:35:00,29.207,29.232,29.191,29.229,31944.86
2026-07-13 10:40:00,29.229,29.231,29.223,29.225,13020.3
2026-07-13 10:45:00,29.225,29.246,29.121,29.126,149571.21
2026-07-13 10:50:00,29.126,29.207,29.065,29.179,169060.24
2026-07-13 10:55:00,29.179,29.191,29.131,29.144,82810.52
2026-07-13 11:00:00,29.144,29.151,29.108,29.149,60781.04
2026-07-13 11:05:00,29.149,29.173,29.141,29.161,158955.15
2026-07-13 11:10:00,29.161,29.255,29.14,29.213,129741.98
2026-07-13 11:15:00,29.213,29.224,29.144,29.149,44229.29
2026-07-13 11:20:00,29.149,29.155,29.097,29.11,26197.9
2026-07-13 11:25:00,29.11,29.116,29.106,29.115,152943.25
2026-07-13 11:30:00,29.115,29.204,29.112,29.173,257431.38
2026-07-13 11:35:00,29.173,29.215,29.171,29.199,29770.8
2026-07-13 11:40:00,29.199,29.252,29.197,29.238,249417.54
2026-07-13 11:45:00,29.238,29.257,29.169,29.193,10379.96
2026-07-13 11:50:00,29.193,29.198,29.13,29.13,106504.33
2026-07-13 11:55:00,29.13,29.201,29.104,29.2,15030.32
2026-07-13 12:00:00,29.2,29.217,29.195,29.217,5948.55
2026-07-13 12:05:00,29.217,29.219,29.15,29.157,38782.57
2026-07-13 12:10:00,29.157,29.209,29.13,29.209,68356.63
2026-07-13 12:15:00,29.209,29.219,29.196,29.217,77669.34
2026-07-13 12:20:00,29.217,29.234,29.196,29.205,28572.38
2026-07-13 12:25:00,29.205,29.231,29.162,29.18,96361.12
2026-07-13 12:30:00,29.18,29.226,29.146,29.192,21929.13
2026-07-13 12:35:00,29.192,29.244,29.186,29.237,729.11
2026-07-13 12:40:00,29.237,29.241,29.179,29.19,4090.2
2026-07-13 12:45:00,29.19,29.196,29.144,29.165,74511.64
2026-07-13 12:50:00,29.165,29.167,29.114,29.116,199799.17
2026-07-13 12:55:00,29.116,29.134,29.083,29.105,29724.86
2026-07-13 13:00:00,29.105,29.16,29.009,29.144,59196.1
2026-07-13 13:05:00,29.144,29.165,29.094,29.105,30514.93
2026-07-13 13:10:00,29.105,29.142,29.07,29.089,162951.04
2026-07-13 13:15:00,29.089,29.159,28.963,29.146,272664.91
2026-07-13 13:20:00,29.146,29.245,29.124,29.232,40783.81
2026-07-13 13:25:00,29.232,29.277,29.229,29.268,15395.32
2026-07-13 13:30:00,29.268,29.302,29.222,29.272,13798.4
2026-07-13 13:35:00,29.272,29.346,29.268,29.316,92411.4
2026-07-13 13:40:00,29.316,29.329,29.261,29.279,182.7
2026-07-13 13:45:00,29.279,29.282,29.234,29.253,25664.82
2026-07-13 13:50:00,29.253,29.267,29.215,29.227,53771.29
2026-07-13 13:55:00,29.227,29.273,29.218,29.23,77382.1
2026-07-13 14:00:00,29.23,29.257,29.221,29.24,8256.3
2026-07-13 14:05:00,29.24,29.257,29.209,29.224,14825.11
2026-07-13 14:10:00,29.224,29.237,29.194,29.197,10457.79
2026-07-13 14:15:00,29.197,29.278,29.18,29.253,29136.63
2026-07-13 14:20:00,29.253,29.28,29.224,29.24,78505.47
2026-07-13 14:25:00,29.24,29.273,29.208,29.238,33888.8
2026-07-13 14:30:00,29.238,29.244,29.172,29.2,22969.67
2026-07-13 14:35:00,29.2,29.234,29.145,29.158,179001.29
2026-07-13 14:40:00,29.158,29.163,29.143,29.156,92365.99
2026-07-13 14:45:00,29.156,29.174,29.131,29.163,1096.74
2026-07-13 14:50:00,29.163,29.208,29.103,29.197,204417.43
2026-07-13 14:55:00,29.197,29.222,29.179,29.188,38405.8
2026-07-13 15:00:00,29.188,29.27,29.182,29.266,66209.87
2026-07-13 15:05:00,29.266,29.269,29.229,29.237,14725.9
2026-07-13 15:10:00,29.237,29.24,29.154,29.158,68567.25
2026-07-13 15:15:00,29.158,29.165,29.142,29.143,18194.76
2026-07-13 15:20:00,29.143,29.198,29.016,29.17,63880.43
2026-07-13 15:25:00,29.17,29.183,29.098,29.137,123527.12
2026-07-13 15:30:00,29.137,29.187,29.128,29.168,100964.77
2026-07-13 15:35:00,29.168,29.26,29.153,29.249,145403.85
2026-07-13 15:40:00,29.249,29.335,29.244,29.318,159223.07
2026-07-13 15:45:00,29.318,29.353,29.274,29.315,46942.46
2026-07-13 15:50:00,29.315,29.336,29.304,29.31,56223.42
2026-07-13 15:55:00,29.31,29.375,29.297,29.347,17595.77
2026-07-13 16:00:00,29.347,29.426,29.285,29.314,32537.45
2026-07-13 16:05:00,29.314,29.377,29.296,29.366,27370.33
2026-07-13 16:10:00,29.366,29.437,29.364,29.432,42412.03
2026-07-13 16:15:00,29.432,29.446,29.412,29.423,11619.46
2026-07-13 16:20:00,29.423,29.499,29.368,29.384,8207.94
2026-07-13 16:25:00,29.384,29.408,29.383,29.403,11575.71
2026-07-13 16:30:00,29.403,29.486,29.393,29.484,195815.84
2026-07-13 16:35:00,29.484,29.526,29.476,29.507,59512.99
2026-07-13 16:40:00,29.507,29.519,29.475,29.486,46112.39
2026-07-13 16:45:00,29.486,29.514,29.473,29.499,14658.83
2026-07-13 16:50:00,29.499,29.51,29.425,29.442,7582.87
2026-07-13 16:55:00,29.442,29.496,29.428,29.461,120876.86
2026-07-13 17:00:00,29.461,29.481,29.39,29.428,72467.16
2026-07-13 17:05:00,29.428,29.474,29.357,29.368,39308.08
2026-07-13 17:10:00,29.368,29.4,29.359,29.382,6287.72
2026-07-13 17:15:00,29.382,29.48,29.363,29.449,22743.06
2026-07-13 17:20:00,29.449,29.558,29.374,29.403,81338.22
2026-07-13 17:25:00,29.403,29.416,29.377,29.38,32123.75
2026-07-13 17:30:00,29.38,29.388,29.304,29.322,49913.07
2026-07-13 17:35:00,29.322,29.361,29.283,29.286,4646.04
2026-07-13 17:40:00,29.286,29.321,29.282,29.309,31332.38
2026-07-13 17:45:00,29.309,29.324,29.254,29.261,25383.93
2026-07-13 17:50:00,29.261,29.341,29.25,29.312,8578.54
2026-07-13 17:55:00,29.312,29.353,29.281,29.336,113567.46
2026-07-13 18:00:00,29.336,29.404,29.242,29.252,43748.77
2026-07-13 18:05:00,29.252,29.303,29.243,29.268,107344.17
2026-07-13 18:10:00,29.268,29.346,29.175,29.184,548707.97
2026-07-13 18:15:00,29.184,29.188,29.111,29.136,48994.19
2026-07-13 18:20:00,29.136,29.209,29.132,29.184,137603.2
2026-07-13 18:25:00,29.184,29.206,29.174,29.199,17233.44
2026-07-13 18:30:00,29.199,29.274,29.176,29.222,3865.83
2026-07-13 18:35:00,29.222,29.229,29.187,29.189,20369.37
2026-07-13 18:40:00,29.189,29.217,29.186,29.191,116396.9
2026-07-13 18:45:00,29.191,29.208,29.15,29.155,32405.69
2026-07-13 18:50:00,29.155,29.158,29.109,29.127,28034.62
2026-07-13 18:55:00,29.127,29.181,29.097,29.17,5876.94
2026-07-13 19:00:00,29.17,29.219,29.145,29.202,4751.72
2026-07-13 19:05:00,29.202,29.238,29.167,29.171,121675.62
2026-07-13 19:10:00,29.171,29.245,29.149,29.208,91976.28
2026-07-13 19:15:00,29.208,29.319,29.207,29.31,29891.61
2026-07-13 19:20:00,29.31,29.355,29.299,29.32,58784.41
2026-07-13 19:25:00,29.32,29.364,29.26,29.287,267503.25
2026-07-13 19:30:00,29.287,29.32,29.241,29.244,18707.54
2026-07-13 19:35:00,29.244,29.3,29.243,29.288,21905.13
2026-07-13 19:40:00,29.288,29.306,29.208,29.222,1927.99
2026-07-13 19:45:00,29.222,29.237,29.17,29.218,76239.39
2026-07-13 19:50:00,29.218,29.248,29.167,29.203,6116.04
2026-07-13 19:55:00,29.203,29.213,29.198,29.205,20342.64
2026-07-13 20:00:00,29.205,29.212,29.19,29.195,154266.68
2026-07-13 20:05:00,29.195,29.195,29.08,29.101,26677.73
2026-07-13 20:10:00,29.101,29.146,29.08,29.131,57829.48
2026-07-13 20:15:00,29.131,29.167,29.06,29.155,336671.89
2026-07-13 20:20:00,29.155,29.227,29.043,29.214,119129.3
2026-07-13 20:25:00,29.214,29.259,29.168,29.24,35009.77
2026-07-13 20:30:00,29.24,29.269,29.207,29.244,25765.91
2026-07-13 20:35:00,29.244,29.255,29.226,29.227,132178.06
2026-07-13 20:40:00,29.227,29.248,29.166,29.221,40119.5
2026-07-13 20:45:00,29.221,29.279,29.189,29.189,10015.75
2026-07-13 20:50:00,29.189,29.227,29.168,29.216,18851.81
2026-07-13 20:55:00,29.216,29.279,29.204,29.262,60677.6
2026-07-13 21:00:00,29.262,29.267,29.252,29.261,33624.15
2026-07-13 21:05:00,29.261,29.338,29.252,29.31,87262.99
2026-07-13 21:10:00,29.31,29.342,29.308,29.319,19329.08
2026-07-13 21:15:00,29.319,29.342,29.249,29.25,108625.57
2026-07-13 21:20:00,29.25,29.271,29.229,29.233,236484.01
2026-07-13 21:25:00,29.233,29.258,29.203,29.222,22442.7
2026-07-13 21:30:00,29.222,29.243,29.195,29.217,90219.62
2026-07-13 21:35:00,29.217,29.271,29.2,29.235,96620.25
2026-07-13 21:40:00,29.235,29.253,29.197,29.22,466.6
2026-07-13 21:45:00,29.22,29.242,29.197,29.228,37935.26
2026-07-13 21:50:00,29.228,29.264,29.221,29.249,16557.95
2026-07-13 21:55:00,29.249,29.292,29.23,29.264,114954.01
2026-07-13 22:00:00,29.264,29.314,29.234,29.24,8008.74
2026-07-13 22:05:00,29.24,29.264,29.238,29.247,397638.51
2026-07-13 22:10:00,29.247,29.263,29.222,29.259,103156.55
2026-07-13 22:15:00,29.259,29.324,29.254,29.313,20284.12
2026-07-13 22:20:00,29.313,29.324,29.269,29.275,2303.96
2026-07-13 22:25:00,29.275,29.304,29.255,29.287,115900.17
2026-07-13 22:30:00,29.287,29.347,29.238,29.324,37226.5
2026-07-13 22:35:00,29.324,29.331,29.296,29.301,97193.87
2026-07-13 22:40:00,29.301,29.332,29.267,29.305,11051.85
2026-07-13 22:45:00,29.305,29.331,29.303,29.327,35520.15
2026-07-13 22:50:00,29.327,29.337,29.31,29.316,100340.8
2026-07-13 22:55:00,29.316,29.383,29.308,29.374,451.36
2026-07-13 23:00:00,29.374,29.425,29.366,29.372,137243.84
2026-07-13 23:05:00,29.372,29.404,29.351,29.389,70597.84
2026-07-13 23:10:00,29.389,29.407,29.357,29.365,189860.23
2026-07-13 23:15:00,29.365,29.454,29.325,29.417,44406.49
2026-07-13 23:20:00,29.417,29.452,29.375,29.443,30071.73
2026-07-13 23:25:00,29.443,29.517,29.439,29.512,63819.64
2026-07-13 23:30:00,29.512,29.598,29.419,29.433,580273.68
2026-07-13 23:35:00,29.433,29.481,29.416,29.469,37183.42
2026-07-13 23:40:00,29.469,29.481,29.42,29.448,5902.28
2026-07-13 23:45:00,29.448,29.53,29.444,29.489,14819.21
2026-07-13 23:50:00,29.489,29.573,29.463,29.538,37870.54
2026-07-13 23:55:00,29.538,29.565,29.537,29.564,75093.82
2026-07-14 00:00:00,29.564,29.661,29.522,29.531,718989.3
2026-07-14 00:05:00,29.531,29.557,29.505,29.551,131873.63
2026-07-14 00:10:00,29.551,29.587,29.535,29.577,161950.88
2026-07-14 00:15:00,29.577,29.585,29.511,29.526,4108.34
2026-07-14 00:20:00,29.526,29.632,29.496,29.604,3388.47
2026-07-14 00:25:00,29.604,29.628,29.579,29.587,10070.2
2026-07-14 00:30:00,29.587,29.594,29.579,29.581,11566.0
2026-07-14 00:35:00,29.581,29.707,29.507,29.517,169896.21
2026-07-14 00:40:00,29.517,29.56,29.507,29.53,25352.68
2026-07-14 00:45:00,29.53,29.548,29.517,29.542,24257.66
2026-07-14 00:50:00,29.542,29.57,29.534,29.535,11422.46
2026-07-14 00:55:00,29.535,29.563,29.47,29.479,118207.98
2026-07-14 01:00:00,29.479,29.607,29.413,29.43,58255.25
2026-07-14 01:05:00,29.43,29.456,29.354,29.363,72748.14
2026-07-14 01:10:00,29.363,29.402,29.361,29.383,218344.14
2026-07-14 01:15:00,29.383,29.389,29.309,29.32,7887.69
2026-07-14 01:20:00,29.32,29.362,29.319,29.338,229298.34
2026-07-14 01:25:00,29.338,29.374,29.299,29.33,3288.86
2026-07-14 01:30:00,29.33,29.339,29.228,29.266,28329.77
2026-07-14 01:35:00,29.266,29.316,29.25,29.3,24527.05
2026-07-14 01:40:00,29.3,29.338,29.296,29.3,106415.96
2026-07-14 01:45:00,29.3,29.325,29.26,29.277,33723.24
2026-07-14 01:50:00,29.277,29.292,29.225,29.229,20049.02
2026-07-14 01:55:00,29.229,29.262,29.207,29.238,13313.07
2026-07-14 02:00:00,29.238,29.253,29.162,29.181,15181.09
2026-07-14 02:05:00,29.181,29.193,29.153,29.184,99572.54
2026-07-14 02:10:00,29.184,29.217,29.13,29.203,288495.89
2026-07-14 02:15:00,29.203,29.232,29.181,29.228,19028.71
2026-07-14 02:20:00,29.228,29.256,29.196,29.199,16149.85
2026-07-14 02:25:00,29.199,29.215,29.173,29.202,34841.82
2026-07-14 02:30:00,29.202,29.212,29.18,29.197,79923.55
2026-07-14 02:35:00,29.197,29.23,29.187,29.22,164646.37
2026-07-14 02:40:00,29.22,29.263,29.187,29.243,52299.1
2026-07-14 02:45:00,29.243,29.246,29.201,29.226,47276.09
2026-07-14 02:50:00,29.226,29.23,29.196,29.197,69540.3
2026-07-14 02:55:00,29.197,29.198,29.124,29.159,41966.87
2026-07-14 03:00:00,29.159,29.24,29.129,29.228,104764.57
2026-07-14 03:05:00,29.228,29.262,29.199,29.241,6494.08
2026-07-14 03:10:00,29.241,29.325,29.238,29.321,126883.64
2026-07-14 03:15:00,29.321,29.321,29.297,29.318,5111.65
2026-07-14 03:20:00,29.318,29.323,29.252,29.258,58110.85
2026-07-14 03:25:00,29.258,29.265,29.224,29.235,21887.19
2026-07-14 03:30:00,29.235,29.241,29.214,29.217,7198.34
2026-07-14 03:35:00,29.217,29.283,29.132,29.254,282545.17
2026-07-14 03:40:00,29.254,29.312,29.243,29.303,14185.36
2026-07-14 03:45:00,29.303,29.43,29.285,29.374,140007.79
2026-07-14 03:50:00,29.374,29.376,29.326,29.356,16293.59
2026-07-14 03:55:00,29.356,29.428,29.322,29.407,13822.1
2026-07-14 04:00:00,29.407,29.423,29.382,29.399,89358.98
2026-07-14 04:05:00,29.399,29.451,29.397,29.445,17838.16
2026-07-14 04:10:00,29.445,29.458,29.437,29.448,9219.03
2026-07-14 04:15:00,29.448,29.529,29.422,29.495,10990.76
2026-07-14 04:20:00,29.495,29.543,29.491,29.534,7821.78
2026-07-14 04:25:00,29.534,29.537,29.453,29.487,77531.76
2026-07-14 04:30:00,29.487,29.54,29.476,29.537,13784.46
2026-07-14 04:35:00,29.537,29.565,29.463,29.482,183869.74
2026-07-14 04:40:00,29.482,29.499,29.431,29.452,29832.95
2026-07-14 04:45:00,29.452,29.501,29.45,29.496,25787.16
2026-07-14 04:50:00,29.496,29.587,29.485,29.574,26472.66
2026-07-14 04:55:00,29.574,29.618,29.512,29.533,134141.22
2026-07-14 05:00:00,29.533,29.572,29.51,29.531,22558.37
2026-07-14 05:05:00,29.531,29.57,29.523,29.567,1949.84
2026-07-14 05:10:00,29.567,29.617,29.48,29.5,120426.79
2026-07-14 05:15:00,29.5,29.553,29.47,29.489,10648.88
2026-07-14 05:20:00,29.489,29.489,29.439,29.444,105933.64
2026-07-14 05:25:00,29.444,29.504,29.442,29.497,75761.97
2026-07-14 05:30:00,29.497,29.529,29.429,29.444,68345.15
2026-07-14 05:35:00,29.444,29.449,29.381,29.396,4055.29
2026-07-14 05:40:00,29.396,29.422,29.337,29.36,41544.3
2026-07-14 05:45:00,29.36,29.385,29.321,29.334,14959.12
2026-07-14 05:50:00,29.334,29.353,29.268,29.308,16431.64
2026-07-14 05:55:00,29.308,29.33,29.258,29.281,26911.29
2026-07-14 06:00:00,29.281,29.322,29.228,29.26,17503.91
2026-07-14 06:05:00,29.26,29.27,29.203,29.211,35951.81
2026-07-14 06:10:00,29.211,29.284,29.096,29.262,123297.08
2026-07-14 06:15:00,29.262,29.287,29.245,29.287,20302.48
2026-07-14 06:20:00,29.287,29.373,29.262,29.316,19231.93
2026-07-14 06:25:00,29.316,29.316,29.232,29.287,51483.19
2026-07-14 06:30:00,29.287,29.29,29.248,29.25,7040.68
2026-07-14 06:35:00,29.25,29.28,29.223,29.266,31084.04
2026-07-14 06:40:00,29.266,29.296,29.248,29.278,100543.8
2026-07-14 06:45:00,29.278,29.279,29.253,29.272,6302.17
2026-07-14 06:50:00,29.272,29.273,29.244,29.256,971.02
2026-07-14 06:55:00,29.256,29.267,29.192,29.218,5435.63
2026-07-14 07:00:00,29.218,29.26,29.203,29.229,23733.15
2026-07-14 07:05:00,29.229,29.29,29.192,29.279,203815.48
2026-07-14 07:10:00,29.279,29.296,29.223,29.238,14990.11
2026-07-14 07:15:00,29.238,29.245,29.149,29.185,8143.22
2026-07-14 07:20:00,29.185,29.238,29.059,29.219,173805.37
2026-07-14 07:25:00,29.219,29.24,29.196,29.223,37327.47
2026-07-14 07:30:00,29.223,29.295,29.11,29.268,110002.05
2026-07-14 07:35:00,29.268,29.302,29.264,29.281,32529.15
2026-07-14 07:40:00,29.281,29.29,29.233,29.282,22944.5
2026-07-14 07:45:00,29.282,29.307,29.235,29.268,29315.21
2026-07-14 07:50:00,29.268,29.278,29.243,29.276,179070.39
2026-07-14 07:55:00,29.276,29.298,29.179,29.216,13056.0
2026-07-14 08:00:00,29.216,29.222,29.18,29.215,32895.21
2026-07-14 08:05:00,29.215,29.258,29.196,29.244,102566.47
2026-07-14 08:10:00,29.244,29.282,29.239,29.263,77358.29
2026-07-14 08:15:00,29.263,29.276,29.261,29.264,7752.63
2026-07-14 08:20:00,29.264,29.267,29.185,29.206,66765.51
2026-07-14 08:25:00,29.206,29.208,29.149,29.154,82036.81
2026-07-14 08:30:00,29.154,29.193,29.083,29.184,326137.85
2026-07-14 08:35:00,29.184,29.227,29.18,29.19,30986.2
2026-07-14 08:40:00,29.19,29.261,29.119,29.24,176350.59
2026-07-14 08:45:00,29.24,29.256,29.208,29.227,28926.32
2026-07-14 08:50:00,29.227,29.233,29.166,29.191,6375.84
2026-07-14 08:55:00,29.191,29.241,29.109,29.216,136994.02
2026-07-14 09:00:00,29.216,29.244,29.2,29.239,17461.23
2026-07-14 09:05:00,29.239,29.24,29.191,29.212,34119.49
2026-07-14 09:10:00,29.212,29.277,29.123,29.268,126589.87
2026-07-14 09:15:00,29.268,29.288,29.238,29.267,100744.09
2026-07-14 09:20:00,29.267,29.27,29.182,29.225,40799.05
2026-07-14 09:25:00,29.225,29.256,29.215,29.242,82609.03
2026-07-14 09:30:00,29.242,29.256,29.211,29.249,10882.48
2026-07-14 09:35:00,29.249,29.262,29.203,29.219,21972.98
2026-07-14 09:40:00,29.219,29.254,29.192,29.201,23204.99
2026-07-14 09:45:00,29.201,29.236,29.193,29.215,85736.63
2026-07-14 09:50:00,29.215,29.322,29.129,29.301,12471.29
2026-07-14 09:55:00,29.301,29.313,29.28,29.31,17839.42
2026-07-14 10:00:00,29.31,29.379,29.288,29.359,18533.36
2026-07-14 10:05:00,29.359,29.367,29.324,29.363,8229.41
2026-07-14 10:10:00,29.363,29.365,29.337,29.356,125892.92
2026-07-14 10:15:00,29.356,29.381,29.336,29.378,68804.9
2026-07-14 10:20:00,29.378,29.418,29.368,29.399,11724.41
2026-07-14 10:25:00,29.399,29.46,29.388,29.44,14764.96
2026-07-14 10:30:00,29.44,29.447,29.412,29.43,87182.34
2026-07-14 10:35:00,29.43,29.455,29.401,29.433,47493.31
2026-07-14 10:40:00,29.433,29.474,29.372,29.395,48127.14
2026-07-14 10:45:00,29.395,29.425,29.325,29.36,32760.17
2026-07-14 10:50:00,29.36,29.373,29.335,29.353,71199.04
2026-07-14 10:55:00,29.353,29.355,29.326,29.336,6156.07
2026-07-14 11:00:00,29.336,29.367,29.29,29.302,18764.96
2026-07-14 11:05:00,29.302,29.322,29.256,29.281,27123.44
2026-07-14 11:10:00,29.281,29.296,29.268,29.284,37779.96
2026-07-14 11:15:00,29.284,29.332,29.245,29.299,2842.51
2026-07-14 11:20:00,29.299,29.327,29.256,29.287,44079.4
2026-07-14 11:25:00,29.287,29.336,29.27,29.305,54454.05
2026-07-14 11:30:00,29.305,29.342,29.273,29.325,37117.94
2026-07-14 11:35:00,29.325,29.339,29.28,29.293,43141.31
2026-07-14 11:40:00,29.293,29.357,29.29,29.338,198735.82
2026-07-14 11:45:00,29.338,29.405,29.296,29.393,313667.42
2026-07-14 11:50:00,29.393,29.426,29.343,29.351,89522.21
2026-07-14 11:55:00,29.351,29.369,29.343,29.368,39090.68
2026-07-14 12:00:00,29.368,29.395,29.361,29.361,77225.16
2026-07-14 12:05:00,29.361,29.372,29.291,29.299,82183.87
2026-07-14 12:10:00,29.299,29.36,29.285,29.339,129508.43
2026-07-14 12:15:00,29.339,29.342,29.249,29.287,31618.63
2026-07-14 12:20:00,29.287,29.318,29.272,29.272,22551.87
2026-07-14 12:25:00,29.272,29.313,29.267,29.269,40031.51
2026-07-14 12:30:00,29.269,29.317,29.246,29.31,79193.22
2026-07-14 12:35:00,29.31,29.331,29.267,29.286,8834.36
2026-07-14 12:40:00,29.286,29.336,29.265,29.332,1605.07
2026-07-14 12:45:00,29.332,29.359,29.296,29.304,47484.72
2026-07-14 12:50:00,29.304,29.311,29.29,29.295,21512.14
2026-07-14 12:55:00,29.295,29.297,29.263,29.293,51376.72
2026-07-14 13:00:00,29.293,29.335,29.244,29.26,90275.07
2026-07-14 13:05:00,29.26,29.286,29.23,29.28,41781.47
2026-07-14 13:10:00,29.28,29.322,29.236,29.241,16931.01
2026-07-14 13:15:00,29.241,29.296,29.238,29.275,9487.7
2026-07-14 13:20:00,29.275,29.281,29.229,29.244,74209.93
2026-07-14 13:25:00,29.244,29.268,29.23,29.235,6140.17
2026-07-14 13:30:00,29.235,29.249,29.174,29.174,100962.41
2026-07-14 13:35:00,29.174,29.233,29.077,29.206,91314.45
2026-07-14 13:40:00,29.206,29.254,29.204,29.229,37268.04
2026-07-14 13:45:00,29.229,29.302,29.218,29.264,135923.89
2026-07-14 13:50:00,29.264,29.283,29.221,29.225,44903.12
2026-07-14 13:55:00,29.225,29.249,29.188,29.209,176194.85
2026-07-14 14:00:00,29.209,29.266,29.142,29.25,51581.79
2026-07-14 14:05:00,29.25,29.26,29.217,29.224,1484.93
2026-07-14 14:10:00,29.224,29.282,29.213,29.246,55852.97
2026-07-14 14:15:00,29.246,29.268,29.2,29.255,78812.1
2026-07-14 14:20:00,29.255,29.28,29.21,29.217,43744.47
2026-07-14 14:25:00,29.217,29.232,29.168,29.207,56264.39
2026-07-14 14:30:00,29.207,29.249,29.207,29.247,2646.35
2026-07-14 14:35:00,29.247,29.257,29.197,29.226,38737.55
2026-07-14 14:40:00,29.226,29.235,29.216,29.222,36246.76
2026-07-14 14:45:00,29.222,29.261,29.202,29.241,32959.81
2026-07-14 14:50:00,29.241,29.266,29.191,29.229,37247.36
2026-07-14 14:55:00,29.229,29.255,29.229,29.236,28537.48
2026-07-14 15:00:00,29.236,29.311,29.235,29.282,6821.59
2026-07-14 15:05:00,29.282,29.295,29.258,29.26,14469.59
2026-07-14 15:10:00,29.26,29.288,29.254,29.275,6201.94
2026-07-14 15:15:00,29.275,29.309,29.242,29.253,70157.42
2026-07-14 15:20:00,29.253,29.282,29.196,29.202,2318.62
2026-07-14 15:25:00,29.202,29.218,29.143,29.164,4000.37
2026-07-14 15:30:00,29.164,29.175,29.106,29.132,33143.96
2026-07-14 15:35:00,29.132,29.145,29.083,29.099,14970.96
2026-07-14 15:40:00,29.099,29.114,29.055,29.076,13909.17
2026-07-14 15:45:00,29.076,29.114,29.055,29.089,8861.46
2026-07-14 15:50:00,29.089,29.181,29.043,29.159,24506.63
2026-07-14 15:55:00,29.159,29.196,29.116,29.121,38631.87
2026-07-14 16:00:00,29.121,29.208,29.056,29.179,386014.82
2026-07-14 16:05:00,29.179,29.252,29.079,29.238,30979.09
2026-07-14 16:10:00,29.238,29.269,29.232,29.253,206790.95
2026-07-14 16:15:00,29.253,29.271,29.252,29.268,36417.17
2026-07-14 16:20:00,29.268,29.342,29.265,29.304,12748.14
2026-07-14 16:25:00,29.304,29.439,29.284,29.423,98729.68
2026-07-14 16:30:00,29.423,29.442,29.398,29.404,10189.45
2026-07-14 16:35:00,29.404,29.463,29.326,29.355,77791.27
2026-07-14 16:40:00,29.355,29.429,29.338,29.421,61929.97
2026-07-14 16:45:00,29.421,29.537,29.352,29.373,246063.4
2026-07-14 16:50:00,29.373,29.391,29.264,29.27,132701.29
2026-07-14 16:55:00,29.27,29.294,29.236,29.274,4246.94
2026-07-14 17:00:00,29.274,29.294,29.214,29.216,5446.77
2026-07-14 17:05:00,29.216,29.313,29.089,29.297,188081.34
2026-07-14 17:10:00,29.297,29.328,29.296,29.313,6024.08
2026-07-14 17:15:00,29.313,29.326,29.296,29.298,45708.37
2026-07-14 17:20:00,29.298,29.344,29.279,29.317,5682.42
2026-07-14 17:25:00,29.317,29.34,29.311,29.322,75189.13
2026-07-14 17:30:00,29.322,29.327,29.298,29.304,19926.51
2026-07-14 17:35:00,29.304,29.327,29.284,29.297,44041.07
2026-07-14 17:40:00,29.297,29.368,29.292,29.343,26270.0
2026-07-14 17:45:00,29.343,29.407,29.283,29.295,307154.31
2026-07-14 17:50:00,29.295,29.308,29.29,29.299,16955.77
2026-07-14 17:55:00,29.299,29.316,29.214,29.257,35927.86
2026-07-14 18:00:00,29.257,29.285,29.243,29.258,12054.35
2026-07-14 18:05:00,29.258,29.285,29.223,29.264,123894.02
2026-07-14 18:10:00,29.264,29.318,29.26,29.26,6213.08
2026-07-14 18:15:00,29.26,29.291,29.186,29.2,19982.36
2026-07-14 18:20:00,29.2,29.228,29.146,29.182,249725.33
2026-07-14 18:25:00,29.182,29.193,29.106,29.152,46991.38
2026-07-14 18:30:00,29.152,29.267,29.042,29.239,2807.36
2026-07-14 18:35:00,29.239,29.249,29.232,29.246,101754.48
2026-07-14 18:40:00,29.246,29.247,29.216,29.225,50298.79
2026-07-14 18:45:00,29.225,29.228,29.157,29.187,77957.04
2026-07-14 18:50:00,29.187,29.218,29.186,29.207,9616.93
2026-07-14 18:55:00,29.207,29.276,29.193,29.268,25336.53
2026-07-14 19:00:00,29.268,29.276,29.25,29.25,4918.84
2026-07-14 19:05:00,29.25,29.27,29.201,29.251,9817.08
2026-07-14 19:10:00,29.251,29.295,29.242,29.266,63570.12
2026-07-14 19:15:00,29.266,29.3,29.205,29.23,79882.22
2026-07-14 19:20:00,29.23,29.251,29.214,29.229,4856.17
2026-07-14 19:25:00,29.229,29.232,29.153,29.159,32509.47
2026-07-14 19:30:00,29.159,29.165,29.068,29.083,40496.25
2026-07-14 19:35:00,29.083,29.111,29.037,29.043,17456.12
2026-07-14 19:40:00,29.043,29.068,29.021,29.029,27328.04
2026-07-14 19:45:00,29.029,29.116,28.912,29.106,2549.08
2026-07-14 19:50:00,29.106,29.193,29.016,29.174,383170.65
2026-07-14 19:55:00,29.174,29.183,29.104,29.136,144266.15
2026-07-14 20:00:00,29.136,29.168,29.074,29.106,211646.42
2026-07-14 20:05:00,29.106,29.127,29.041,29.05,105228.9
2026-07-14 20:10:00,29.05,29.119,28.935,29.095,266963.85
2026-07-14 20:15:00,29.095,29.132,29.05,29.07,50988.53
2026-07-14 20:20:00,29.07,29.156,29.024,29.138,277653.98
2026-07-14 20:25:00,29.138,29.151,29.131,29.147,116425.08
2026-07-14 20:30:00,29.147,29.204,29.143,29.195,5345.58
2026-07-14 20:35:00,29.195,29.215,29.149,29.208,11866.45
2026-07-14 20:40:00,29.208,29.243,29.207,29.231,29340.27
2026-07-14 20:45:00,29.231,29.303,29.2,29.266,18626.26
2026-07-14 20:50:00,29.266,29.276,29.234,29.238,331.35
2026-07-14 20:55:00,29.238,29.264,29.221,29.228,71291.64
2026-07-14 21:00:00,29.228,29.274,29.216,29.267,94481.22
2026-07-14 21:05:00,29.267,29.319,29.262,29.282,8635.1
2026-07-14 21:10:00,29.282,29.342,29.275,29.297,37615.97
2026-07-14 21:15:00,29.297,29.364,29.277,29.361,41122.13
2026-07-14 21:20:00,29.361,29.373,29.318,29.358,22796.97
2026-07-14 21:25:00,29.358,29.365,29.356,29.365,63914.79
2026-07-14 21:30:00,29.365,29.388,29.349,29.353,245637.69
2026-07-14 21:35:00,29.353,29.371,29.339,29.353,95742.92
2026-07-14 21:40:00,29.353,29.389,29.315,29.321,4720.15
2026-07-14 21:45:00,29.321,29.321,29.265,29.283,13797.2
2026-07-14 21:50:00,29.283,29.291,29.241,29.243,46846.41
2026-07-14 21:55:00,29.243,29.25,29.218,29.233,3980.82
2026-07-14 22:00:00,29.233,29.269,29.18,29.218,107754.7
2026-07-14 22:05:00,29.218,29.254,29.218,29.233,17229.26
2026-07-14 22:10:00,29.233,29.244,29.199,29.207,58343.83
2026-07-14 22:15:00,29.207,29.284,29.173,29.273,21617.36
2026-07-14 22:20:00,29.273,29.34,29.273,29.327,11656.14
2026-07-14 22:25:00,29.327,29.345,29.294,29.306,25644.75
2026-07-14 22:30:00,29.306,29.358,29.278,29.343,60034.64
2026-07-14 22:35:00,29.343,29.438,29.327,29.416,31215.61
2026-07-14 22:40:00,29.416,29.454,29.344,29.359,29854.24
2026-07-14 22:45:00,29.359,29.371,29.273,29.305,10689.25
2026-07-14 22:50:00,29.305,29.308,29.247,29.288,24200.27
2026-07-14 22:55:00,29.288,29.309,29.273,29.305,103871.06
2026-07-14 23:00:00,29.305,29.363,29.289,29.351,48302.8
2026-07-14 23:05:00,29.351,29.378,29.324,29.361,38542.93
2026-07-14 23:10:00,29.361,29.371,29.351,29.364,42613.06
2026-07-14 23:15:00,29.364,29.387,29.317,29.361,20765.07
2026-07-14 23:20:00,29.361,29.371,29.324,29.332,10345.57
2026-07-14 23:25:00,29.332,29.355,29.324,29.347,7837.97
2026-07-14 23:30:00,29.347,29.353,29.312,29.32,68676.1
2026-07-14 23:35:00,29.32,29.358,29.3,29.355,20577.84
2026-07-14 23:40:00,29.355,29.365,29.268,29.293,177148.19
2026-07-14 23:45:00,29.293,29.308,29.232,29.233,100979.96
2026-07-14 23:50:00,29.233,29.294,29.221,29.293,126564.57
2026-07-14 23:55:00,29.293,29.318,29.192,29.236,94315.95
2026-07-15 00:00:00,29.236,29.244,29.217,29.227,24178.71
2026-07-15 00:05:00,29.227,29.29,29.183,29.26,208177.62
2026-07-15 00:10:00,29.26,29.315,29.259,29.311,199498.46
2026-07-15 00:15:00,29.311,29.325,29.297,29.298,44808.59
2026-07-15 00:20:00,29.298,29.316,29.238,29.278,114179.12
2026-07-15 00:25:00,29.278,29.288,29.183,29.218,112668.25
2026-07-15 00:30:00,29.218,29.22,29.187,29.191,82581.48
2026-07-15 00:35:00,29.191,29.204,29.177,29.186,193043.32
2026-07-15 00:40:00,29.186,29.203,29.155,29.198,26856.93
2026-07-15 00:45:00,29.198,29.204,29.157,29.166,51535.27
2026-07-15 00:50:00,29.166,29.208,29.148,29.205,16275.52
2026-07-15 00:55:00,29.205,29.26,29.194,29.248,127629.84
2026-07-15 01:00:00,29.248,29.274,29.24,29.265,60604.14
2026-07-15 01:05:00,29.265,29.277,29.225,29.231,90778.59
2026-07-15 01:10:00,29.231,29.238,29.191,29.215,85530.09
2026-07-15 01:15:00,29.215,29.242,29.195,29.206,120506.82
2026-07-15 01:20:00,29.206,29.217,29.07,29.106,72574.16
2026-07-15 01:25:00,29.106,29.135,29.07,29.125,64165.37
2026-07-15 01:30:00,29.125,29.142,29.066,29.081,49648.27
2026-07-15 01:35:00,29.081,29.113,29.067,29.108,1150.55
2026-07-15 01:40:00,29.108,29.134,29.073,29.117,343.26
2026-07-15 01:45:00,29.117,29.119,29.109,29.118,145353.0
2026-07-15 01:50:00,29.118,29.173,29.09,29.142,25708.56
2026-07-15 01:55:00,29.142,29.158,29.084,29.129,59057.3
2026-07-15 02:00:00,29.129,29.166,29.075,29.096,129794.27
2026-07-15 02:05:00,29.096,29.134,29.085,29.117,108395.81
2026-07-15 02:10:00,29.117,29.119,29.095,29.104,2459.84
2026-07-15 02:15:00,29.104,29.156,29.094,29.132,8171.29
2026-07-15 02:20:00,29.132,29.142,29.109,29.138,53.0
2026-07-15 02:25:00,29.138,29.174,29.123,29.138,67291.86
2026-07-15 02:30:00,29.138,29.172,29.135,29.16,58691.21
2026-07-15 02:35:00,29.16,29.175,29.1,29.107,112949.84
2026-07-15 02:40:00,29.107,29.124,29.092,29.101,13376.72
2026-07-15 02:45:00,29.101,29.113,29.051,29.068,61347.67
2026-07-15 02:50:00,29.068,29.158,29.004,29.131,93406.15
2026-07-15 02:55:00,29.131,29.14,29.1,29.104,62833.29
2026-07-15 03:00:00,29.104,29.183,29.087,29.166,34660.18
2026-07-15 03:05:00,29.166,29.192,29.162,29.187,15577.33
2026-07-15 03:10:00,29.187,29.221,29.176,29.201,5634.64
2026-07-15 03:15:00,29.201,29.223,29.152,29.17,29844.27
2026-07-15 03:20:00,29.17,29.178,29.116,29.152,43923.48
2026-07-15 03:25:00,29.152,29.194,29.148,29.167,66233.55
2026-07-15 03:30:00,29.167,29.2,29.144,29.145,277.93
2026-07-15 03:35:00,29.145,29.173,29.092,29.096,38658.1
2026-07-15 03:40:00,29.096,29.202,28.992,29.179,365469.2
2026-07-15 03:45:00,29.179,29.202,29.168,29.185,36615.9
2026-07-15 03:50:00,29.185,29.273,29.176,29.26,14564.49
2026-07-15 03:55:00,29.26,29.267,29.234,29.256,10181.16
2026-07-15 04:00:00,29.256,29.292,29.233,29.255,162352.44
2026-07-15 04:05:00,29.255,29.277,29.164,29.177,55207.03
2026-07-15 04:10:00,29.177,29.192,29.13,29.159,45748.68
2026-07-15 04:15:00,29.159,29.178,29.122,29.135,61104.41
2026-07-15 04:20:00,29.135,29.17,29.112,29.117,329818.45
2026-07-15 04:25:00,29.117,29.18,29.097,29.163,2317.74
2026-07-15 04:30:00,29.163,29.201,29.093,29.118,13724.01
2026-07-15 04:35:00,29.118,29.189,29.041,29.176,65653.74
2026-07-15 04:40:00,29.176,29.208,29.164,29.207,9649.44
2026-07-15 04:45:00,29.207,29.224,29.156,29.177,6119.05
2026-07-15 04:50:00,29.177,29.184,29.166,29.166,51340.04
2026-07-15 04:55:00,29.166,29.173,29.119,29.16,56324.16
2026-07-15 05:00:00,29.16,29.169,29.079,29.106,8276.15
2026-07-15 05:05:00,29.106,29.14,29.089,29.122,23887.69
2026-07-15 05:10:00,29.122,29.152,29.087,29.13,26033.35
2026-07-15 05:15:00,29.13,29.179,29.107,29.164,56593.8
2026-07-15 05:20:00,29.164,29.186,29.101,29.14,80856.02
2026-07-15 05:25:00,29.14,29.166,29.132,29.153,44730.83
2026-07-15 05:30:00,29.153,29.164,29.122,29.143,4341.45
2026-07-15 05:35:00,29.143,29.158,29.069,29.091,32827.49
2026-07-15 05:40:00,29.091,29.1,29.024,29.024,35824.21
2026-07-15 05:45:00,29.024,29.073,29.003,29.004,88098.62
2026-07-15 05:50:00,29.004,29.009,28.956,28.981,101788.11
2026-07-15 05:55:00,28.981,29.018,28.979,29.008,1729.54
2026-07-15 06:00:00,29.008,29.079,28.886,29.051,243920.18
2026-07-15 06:05:00,29.051,29.107,28.926,29.098,32340.14
2026-07-15 06:10:00,29.098,29.161,29.048,29.141,194476.54
2026-07-15 06:15:00,29.141,29.185,29.068,29.081,24840.59
2026-07-15 06:20:00,29.081,29.19,28.976,29.167,289591.62
2026-07-15 06:25:00,29.167,29.173,29.135,29.155,123529.5
2026-07-15 06:30:00,29.155,29.224,29.138,29.202,131343.37
2026-07-15 06:35:00,29.202,29.252,29.154,29.219,48095.41
2026-07-15 06:40:00,29.219,29.272,29.215,29.242,20153.31
2026-07-15 06:45:00,29.242,29.265,29.2,29.218,10267.94
2026-07-15 06:50:00,29.218,29.239,29.176,29.177,121046.55
2026-07-15 06:55:00,29.177,29.212,29.141,29.157,34958.89
2026-07-15 07:00:00,29.157,29.195,29.136,29.169,63002.23
2026-07-15 07:05:00,29.169,29.248,29.155,29.232,37212.41
2026-07-15 07:10:00,29.232,29.255,29.165,29.2,32065.7
2026-07-15 07:15:00,29.2,29.222,29.194,29.207,27877.83
2026-07-15 07:20:00,29.207,29.216,29.148,29.172,70526.3
2026-07-15 07:25:00,29.172,29.19,29.126,29.14,47929.76
2026-07-15 07:30:00,29.14,29.168,29.136,29.145,19198.71
2026-07-15 07:35:00,29.145,29.162,29.089,29.128,22416.12
2026-07-15 07:40:00,29.128,29.173,29.12,29.166,26528.8
2026-07-15 07:45:00,29.166,29.214,29.139,29.193,6974.86
2026-07-15 07:50:00,29.193,29.198,29.112,29.116,86366.79
2026-07-15 07:55:00,29.116,29.12,29.091,29.102,114739.98
2026-07-15 08:00:00,29.102,29.105,29.06,29.064,15944.2
2026-07-15 08:05:00,29.064,29.076,29.04,29.076,6270.65
2026-07-15 08:10:00,29.076,29.11,29.048,29.107,12997.88
2026-07-15 08:15:00,29.107,29.126,29.045,29.078,6241.84
2026-07-15 08:20:00,29.078,29.204,29.057,29.18,50995.93
2026-07-15 08:25:00,29.18,29.187,29.157,29.17,24314.15
2026-07-15 08:30:00,29.17,29.173,29.105,29.127,47853.29
2026-07-15 08:35:00,29.127,29.137,29.104,29.129,26943.15
2026-07-15 08:40:00,29.129,29.17,29.115,29.123,45729.91
2026-07-15 08:45:00,29.123,29.141,29.051,29.053,37841.27
2026-07-15 08:50:00,29.053,29.108,29.041,29.066,159596.17
2026-07-15 08:55:00,29.066,29.108,29.038,29.067,98744.01
2026-07-15 09:00:00,29.067,29.072,29.027,29.031,14719.82
2026-07-15 09:05:00,29.031,29.034,29.023,29.026,228391.46
2026-07-15 09:10:00,29.026,29.032,28.971,28.982,2130.96
2026-07-15 09:15:00,28.982,29.045,28.907,29.03,49573.41
2026-07-15 09:20:00,29.03,29.07,28.994,29.063,26345.17
2026-07-15 09:25:00,29.063,29.069,28.975,28.998,94702.32
2026-07-15 09:30:00,28.998,29.02,28.913,28.928,116473.43
2026-07-15 09:35:00,28.928,29.0,28.84,28.986,178915.5
2026-07-15 09:40:00,28.986,29.002,28.93,28.942,78067.07
2026-07-15 09:45:00,28.942,28.957,28.928,28.933,9279.06
2026-07-15 09:50:00,28.933,29.002,28.812,28.977,92803.13
2026-07-15 09:55:00,28.977,29.052,28.877,29.04,96886.21
2026-07-15 10:00:00,29.04,29.071,29.039,29.061,39157.81
2026-07-15 10:05:00,29.061,29.093,29.02,29.034,37749.63
2026-07-15 10:10:00,29.034,29.124,28.914,29.098,156085.82
2026-07-15 10:15:00,29.098,29.17,29.078,29.148,58069.77
2026-07-15 10:20:00,29.148,29.184,29.094,29.1,2330.79
2026-07-15 10:25:00,29.1,29.104,29.029,29.041,103539.76
2026-07-15 10:30:00,29.041,29.083,29.007,29.023,33664.07
2026-07-15 10:35:00,29.023,29.04,28.978,28.979,76733.25
2026-07-15 10:40:00,28.979,29.046,28.891,29.028,335040.26
2026-07-15 10:45:00,29.028,29.07,28.988,29.001,822.06
2026-07-15 10:50:00,29.001,29.036,28.991,29.024,115478.87
2026-07-15 10:55:00,29.024,29.046,28.994,29.04,50237.97
2026-07-15 11:00:00,29.04,29.055,29.019,29.045,15982.16
2026-07-15 11:05:00,29.045,29.061,28.995,28.997,95662.44
2026-07-15 11:10:00,28.997,29.001,28.932,28.945,10891.41
2026-07-15 11:15:00,28.945,28.978,28.896,28.922,32693.18
2026-07-15 11:20:00,28.922,28.98,28.915,28.968,16689.66
2026-07-15 11:25:00,28.968,28.973,28.946,28.956,132003.04
2026-07-15 11:30:00,28.956,28.961,28.955,28.956,12183.46
2026-07-15 11:35:00,28.956,29.021,28.914,29.012,12312.21
2026-07-15 11:40:00,29.012,29.098,28.983,29.084,73889.05
2026-07-15 11:45:00,29.084,29.095,29.009,29.029,84390.82
2026-07-15 11:50:00,29.029,29.081,29.012,29.068,42680.18
2026-07-15 11:55:00,29.068,29.1,29.046,29.088,18404.76
2026-07-15 12:00:00,29.088,29.113,29.029,29.088,276615.49
2026-07-15 12:05:00,29.088,29.115,29.063,29.096,26799.35
2026-07-15 12:10:00,29.096,29.134,29.054,29.058,43323.15
2026-07-15 12:15:00,29.058,29.076,29.05,29.067,40608.65
2026-07-15 12:20:00,29.067,29.076,29.001,29.031,18066.12
2026-07-15 12:25:00,29.031,29.083,29.027,29.07,59702.2
2026-07-15 12:30:00,29.07,29.137,29.049,29.124,43213.34
2026-07-15 12:35:00,29.124,29.172,29.104,29.137,2886.7
2026-07-15 12:40:00,29.137,29.185,29.1,29.184,73632.52
2026-07-15 12:45:00,29.184,29.264,29.178,29.243,3013.84
2026-07-15 12:50:00,29.243,29.304,29.155,29.179,294067.61
2026-07-15 12:55:00,29.179,29.206,29.167,29.181,16274.42
2026-07-15 13:00:00,29.181,29.306,29.075,29.098,571298.49
2026-07-15 13:05:00,29.098,29.11,29.094,29.094,25776.65
2026-07-15 13:10:00,29.094,29.141,29.094,29.111,36120.9
2026-07-15 13:15:00,29.111,29.151,29.048,29.054,64825.44
2026-07-15 13:20:00,29.054,29.064,28.996,29.007,168621.69
2026-07-15 13:25:00,29.007,29.037,28.999,29.029,101777.71
2026-07-15 13:30:00,29.029,29.074,28.993,29.006,7135.47
2026-07-15 13:35:00,29.006,29.019,28.987,28.987,123467.85
2026-07-15 13:40:00,28.987,29.003,28.985,28.995,125827.09
2026-07-15 13:45:00,28.995,28.996,28.949,28.975,10262.86
2026-07-15 13:50:00,28.975,29.012,28.924,28.998,261206.76
2026-07-15 13:55:00,28.998,29.044,28.996,29.001,14113.11
2026-07-15 14:00:00,29.001,29.041,28.946,29.023,12890.17
2026-07-15 14:05:00,29.023,29.079,29.0,29.061,235117.67
2026-07-15 14:10:00,29.061,29.072,29.03,29.051,106716.33
2026-07-15 14:15:00,29.051,29.105,29.047,29.1,55925.91
2026-07-15 14:20:00,29.1,29.115,29.069,29.071,50545.44
2026-07-15 14:25:00,29.071,29.111,29.036,29.102,15622.66
2026-07-15 14:30:00,29.102,29.132,29.093,29.119,2532.04
2026-07-15 14:35:00,29.119,29.167,29.062,29.147,5176.64
2026-07-15 14:40:00,29.147,29.235,29.05,29.068,137703.8
2026-07-15 14:45:00,29.068,29.083,29.042,29.072,16888.67
2026-07-15 14:50:00,29.072,29.135,29.024,29.046,22083.37
2026-07-15 14:55:00,29.046,29.046,29.015,29.035,89341.6
2026-07-15 15:00:00,29.035,29.036,29.0,29.011,4498.75
2026-07-15 15:05:00,29.011,29.025,28.965,28.988,27766.66
2026-07-15 15:10:00,28.988,28.989,28.98,28.984,84178.86
2026-07-15 15:15:00,28.984,29.019,28.925,28.972,10634.53
2026-07-15 15:20:00,28.972,29.027,28.878,28.885,5609.85
2026-07-15 15:25:00,28.885,28.913,28.844,28.875,15743.7
2026-07-15 15:30:00,28.875,28.92,28.85,28.906,28244.77
2026-07-15 15:35:00,28.906,28.907,28.893,28.907,26692.6
2026-07-15 15:40:00,28.907,29.007,28.862,28.978,97333.99
2026-07-15 15:45:00,28.978,29.05,28.975,29.024,30389.87
2026-07-15 15:50:00,29.024,29.061,28.999,29.041,31346.96
2026-07-15 15:55:00,29.041,29.055,29.016,29.044,37090.2
2026-07-15 16:00:00,29.044,29.08,29.041,29.071,18783.51
2026-07-15 16:05:00,29.071,29.088,29.032,29.034,16161.93
2026-07-15 16:10:00,29.034,29.128,29.031,29.083,1702.1
2026-07-15 16:15:00,29.083,29.093,29.071,29.087,2344.5
2026-07-15 16:20:00,29.087,29.12,29.07,29.1,53999.56
2026-07-15 16:25:00,29.1,29.126,29.097,29.102,134375.42
2026-07-15 16:30:00,29.102,29.116,28.995,29.006,82599.69
2026-07-15 16:35:00,29.006,29.031,28.959,28.964,5806.36
2026-07-15 16:40:00,28.964,28.988,28.913,28.926,10035.38
2026-07-15 16:45:00,28.926,28.982,28.885,28.899,35839.17
2026-07-15 16:50:00,28.899,28.995,28.801,28.968,47063.53
2026-07-15 16:55:00,28.968,29.067,28.929,29.021,94232.88
2026-07-15 17:00:00,29.021,29.025,29.019,29.024,157524.36
2026-07-15 17:05:00,29.024,29.041,28.99,29.024,19372.06
2026-07-15 17:10:00,29.024,29.039,28.97,29.0,149720.33
2026-07-15 17:15:00,29.0,29.014,28.974,28.985,12635.46
2026-07-15 17:20:00,28.985,29.011,28.984,29.003,46646.03
2026-07-15 17:25:00,29.003,29.028,28.991,29.002,155844.48
2026-07-15 17:30:00,29.002,29.022,28.955,28.966,60355.92
2026-07-15 17:35:00,28.966,28.976,28.938,28.971,60318.2
2026-07-15 17:40:00,28.971,29.007,28.906,28.934,31030.81
2026-07-15 17:45:00,28.934,28.995,28.922,28.969,28501.39
2026-07-15 17:50:00,28.969,28.972,28.939,28.943,100291.98
2026-07-15 17:55:00,28.943,28.963,28.93,28.934,78741.19
2026-07-15 18:00:00,28.934,28.998,28.895,28.972,167996.16
2026-07-15 18:05:00,28.972,28.978,28.917,28.954,39763.9
2026-07-15 18:10:00,28.954,28.986,28.931,28.96,25845.93
2026-07-15 18:15:00,28.96,28.968,28.955,28.957,82390.97
2026-07-15 18:20:00,28.957,28.963,28.925,28.936,21124.11
2026-07-15 18:25:00,28.936,28.965,28.925,28.932,93112.54
2026-07-15 18:30:00,28.932,28.99,28.814,28.975,51189.88
2026-07-15 18:35:00,28.975,28.978,28.97,28.973,140867.36
2026-07-15 18:40:00,28.973,29.042,28.962,29.026,2235.48
2026-07-15 18:45:00,29.026,29.042,28.99,29.007,77508.34
2026-07-15 18:50:00,29.007,29.014,28.89,28.918,126825.23
2026-07-15 18:55:00,28.918,28.996,28.811,28.968,51210.62
2026-07-15 19:00:00,28.968,29.009,28.961,28.964,211144.37
2026-07-15 19:05:00,28.964,29.015,28.934,29.0,116629.93
2026-07-15 19:10:00,29.0,29.009,28.959,28.991,35883.33
2026-07-15 19:15:00,28.991,29.021,28.923,28.93,227897.34
2026-07-15 19:20:00,28.93,28.959,28.898,28.938,10905.69
2026-07-15 19:25:00,28.938,29.037,28.932,28.988,8094.49
2026-07-15 19:30:00,28.988,29.017,28.953,28.985,143575.08
2026-07-15 19:35:00,28.985,28.995,28.95,28.974,39342.25
2026-07-15 19:40:00,28.974,28.98,28.928,28.936,15987.74
2026-07-15 19:45:00,28.936,28.97,28.911,28.954,44318.04
2026-07-15 19:50:00,28.954,28.995,28.892,28.893,7993.77
2026-07-15 19:55:00,28.893,28.95,28.851,28.911,17597.64
2026-07-15 20:00:00,28.911,28.946,28.872,28.934,69498.35
2026-07-15 20:05:00,28.934,28.987,28.877,28.967,372234.93
2026-07-15 20:10:00,28.967,29.034,28.953,29.024,59254.09
2026-07-15 20:15:00,29.024,29.035,29.004,29.027,4826.02
2026-07-15 20:20:00,29.027,29.042,28.948,28.992,3424.66
2026-07-15 20:25:00,28.992,29.007,28.973,28.977,38834.66
2026-07-15 20:30:00,28.977,29.007,28.966,29.006,67791.64
2026-07-15 20:35:00,29.006,29.027,28.999,29.024,6712.29
2026-07-15 20:40:00,29.024,29.071,28.939,28.963,12198.47
2026-07-15 20:45:00,28.963,28.988,28.946,28.964,16428.14
2026-07-15 20:50:00,28.964,29.024,28.915,28.96,4446.64
2026-07-15 20:55:00,28.96,28.973,28.872,28.901,47081.25
2026-07-15 21:00:00,28.901,28.965,28.829,28.955,50762.61
2026-07-15 21:05:00,28.955,29.002,28.95,28.995,56656.65
2026-07-15 21:10:00,28.995,29.015,28.92,28.929,9929.32
2026-07-15 21:15:00,28.929,28.937,28.89,28.901,36373.71
2026-07-15 21:20:00,28.901,28.993,28.802,28.98,37441.68
2026-07-15 21:25:00,28.98,29.007,28.976,28.994,5898.86
2026-07-15 21:30:00,28.994,29.003,28.931,28.952,40408.65
2026-07-15 21:35:00,28.952,28.97,28.908,28.925,3030.3
2026-07-15 21:40:00,28.925,28.926,28.858,28.865,36384.48
2026-07-15 21:45:00,28.865,28.924,28.786,28.896,144698.95
2026-07-15 21:50:00,28.896,28.909,28.816,28.82,8582.5
2026-07-15 21:55:00,28.82,28.84,28.779,28.837,12630.54
2026-07-15 22:00:00,28.837,28.924,28.771,28.907,93397.04
2026-07-15 22:05:00,28.907,28.999,28.835,28.986,1053113.18
2026-07-15 22:10:00,28.986,28.99,28.963,28.99,31588.18
2026-07-15 22:15:00,28.99,29.011,28.981,28.989,6982.76
2026-07-15 22:20:00,28.989,29.007,28.908,28.929,71438.17
2026-07-15 22:25:00,28.929,28.936,28.862,28.879,101931.6
2026-07-15 22:30:00,28.879,28.978,28.806,28.964,40204.04
2026-07-15 22:35:00,28.964,28.986,28.866,28.91,188316.57
2026-07-15 22:40:00,28.91,29.013,28.786,28.988,8674.29
2026-07-15 22:45:00,28.988,28.996,28.925,28.979,46804.15
2026-07-15 22:50:00,28.979,28.988,28.971,28.977,665.38
2026-07-15 22:55:00,28.977,29.024,28.951,29.012,10486.79
2026-07-15 23:00:00,29.012,29.066,28.988,29.043,9412.78
2026-07-15 23:05:00,29.043,29.092,29.029,29.09,162040.47
2026-07-15 23:10:00,29.09,29.122,29.09,29.109,6828.72
2026-07-15 23:15:00,29.109,29.129,29.063,29.088,29814.08
2026-07-15 23:20:00,29.088,29.099,29.082,29.091,25956.67
2026-07-15 23:25:00,29.091,29.117,29.039,29.055,7917.64
2026-07-15 23:30:00,29.055,29.174,28.999,29.008,477817.23
2026-07-15 23:35:00,29.008,29.018,28.943,28.95,152984.92
2026-07-15 23:40:00,28.95,29.024,28.932,28.998,4927.65
2026-07-15 23:45:00,28.998,29.017,28.993,29.005,34516.49
2026-07-15 23:50:00,29.005,29.009,28.98,28.993,59679.89
2026-07-15 23:55:00,28.993,29.009,28.945,28.972,139435.09
2026-07-16 00:00:00,28.972,28.989,28.937,28.962,217202.67
2026-07-16 00:05:00,28.962,28.978,28.958,28.966,12776.01
2026-07-16 00:10:00,28.966,28.99,28.914,28.95,157528.94
2026-07-16 00:15:00,28.95,29.029,28.944,28.999,3485.24
2026-07-16 00:20:00,28.999,29.005,28.972,28.994,57008.38
2026-07-16 00:25:00,28.994,29.01,28.937,28.962,21953.07
2026-07-16 00:30:00,28.962,28.966,28.951,28.956,3163.68
2026-07-16 00:35:00,28.956,29.016,28.913,28.999,8319.55
2026-07-16 00:40:00,28.999,29.079,28.987,29.065,15470.66
2026-07-16 00:45:00,29.065,29.153,29.002,29.022,75344.82
2026-07-16 00:50:00,29.022,29.109,28.985,29.102,14301.47
2026-07-16 00:55:00,29.102,29.159,29.096,29.147,40427.82
2026-07-16 01:00:00,29.147,29.15,29.06,29.067,10124.0
2026-07-16 01:05:00,29.067,29.131,29.006,29.024,750234.53
2026-07-16 01:10:00,29.024,29.073,29.006,29.051,34459.46
2026-07-16 01:15:00,29.051,29.076,29.048,29.062,19132.59
2026-07-16 01:20:00,29.062,29.172,28.998,29.016,35000.99
2026-07-16 01:25:00,29.016,29.05,29.009,29.045,47486.08
2026-07-16 01:30:00,29.045,29.053,29.019,29.029,106875.42
2026-07-16 01:35:00,29.029,29.065,29.0,29.046,54595.71
2026-07-16 01:40:00,29.046,29.052,28.98,29.026,9451.41
2026-07-16 01:45:00,29.026,29.033,29.015,29.029,17290.71
2026-07-16 01:50:00,29.029,29.09,29.001,29.074,139482.19
2026-07-16 01:55:00,29.074,29.083,29.059,29.061,68805.51
2026-07-16 02:00:00,29.061,29.103,29.055,29.062,99.04
2026-07-16 02:05:00,29.062,29.086,29.052,29.065,7260.14
2026-07-16 02:10:00,29.065,29.094,29.003,29.026,15673.49
2026-07-16 02:15:00,29.026,29.054,28.979,29.035,45175.28
2026-07-16 02:20:00,29.035,29.06,29.018,29.023,14679.26
2026-07-16 02:25:00,29.023,29.035,28.969,28.991,20780.61
2026-07-16 02:30:00,28.991,29.071,28.982,29.064,149037.49
2026-07-16 02:35:00,29.064,29.192,28.991,29.018,231121.6
2026-07-16 02:40:00,29.018,29.055,28.986,29.032,41680.72
2026-07-16 02:45:00,29.032,29.036,28.996,29.015,60397.74
2026-07-16 02:50:00,29.015,29.06,28.952,28.973,7578.12
2026-07-16 02:55:00,28.973,28.986,28.966,28.981,26654.74
2026-07-16 03:00:00,28.981,28.987,28.976,28.977,21027.52
2026-07-16 03:05:00,28.977,28.977,28.895,28.918,101905.03
2026-07-16 03:10:00,28.918,28.948,28.885,28.9,83747.56
2026-07-16 03:15:00,28.9,28.946,28.898,28.934,42559.68
2026-07-16 03:20:00,28.934,28.958,28.826,28.883,22321.71
2026-07-16 03:25:00,28.883,28.906,28.847,28.853,44427.4
2026-07-16 03:30:00,28.853,28.866,28.825,28.826,140561.36
2026-07-16 03:35:00,28.826,28.873,28.721,28.853,36289.67
2026-07-16 03:40:00,28.853,28.896,28.833,28.877,7342.6
2026-07-16 03:45:00,28.877,28.881,28.842,28.856,14924.4
2026-07-16 03:50:00,28.856,28.928,28.781,28.91,157483.99
2026-07-16 03:55:00,28.91,28.97,28.891,28.952,67492.93
2026-07-16 04:00:00,28.952,29.01,28.946,28.996,26558.75
2026-07-16 04:05:00,28.996,28.999,28.987,28.988,29606.3
2026-07-16 04:10:00,28.988,28.995,28.966,28.978,53403.45
2026-07-16 04:15:00,28.978,29.016,28.961,28.999,134751.12
2026-07-16 04:20:00,28.999,29.001,28.965,28.983,35982.75
2026-07-16 04:25:00,28.983,29.003,28.979,28.988,27864.51
2026-07-16 04:30:00,28.988,28.998,28.926,28.936,23353.76
2026-07-16 04:35:00,28.936,28.948,28.917,28.932,47615.49
2026-07-16 04:40:00,28.932,28.94,28.926,28.929,76401.66
2026-07-16 04:45:00,28.929,28.946,28.912,28.927,30363.53
2026-07-16 04:50:00,28.927,28.981,28.903,28.963,47906.01
2026-07-16 04:55:00,28.963,28.967,28.941,28.948,60553.28
2026-07-16 05:00:00,28.948,29.048,28.936,29.044,23234.37
2026-07-16 05:05:00,29.044,29.047,28.975,28.988,65810.86
2026-07-16 05:10:00,28.988,29.036,28.97,29.001,72006.22
2026-07-16 05:15:00,29.001,29.05,28.995,29.024,129095.05
2026-07-16 05:20:00,29.024,29.037,28.999,29.019,14828.03
2026-07-16 05:25:00,29.019,29.076,29.018,29.064,23872.71
2026-07-16 05:30:00,29.064,29.077,29.014,29.052,107509.38
2026-07-16 05:35:00,29.052,29.096,29.033,29.083,53918.38
2026-07-16 05:40:00,29.083,29.145,29.059,29.09,23384.49
2026-07-16 05:45:00,29.09,29.171,29.0,29.022,592771.25
2026-07-16 05:50:00,29.022,29.055,29.019,29.029,8079.14
2026-07-16 05:55:00,29.029,29.113,28.997,29.072,31103.9
2026-07-16 06:00:00,29.072,29.123,29.038,29.054,38430.3
2026-07-16 06:05:00,29.054,29.08,29.01,29.045,104274.24
2026-07-16 06:10:00,29.045,29.075,29.045,29.065,103861.15
2026-07-16 06:15:00,29.065,29.143,29.062,29.103,48625.31
2026-07-16 06:20:00,29.103,29.118,29.08,29.096,14399.64
2026-07-16 06:25:00,29.096,29.196,29.043,29.066,39048.46
2026-07-16 06:30:00,29.066,29.135,29.061,29.107,73864.69
2026-07-16 06:35:00,29.107,29.17,29.035,29.055,920046.53
2026-07-16 06:40:00,29.055,29.064,29.012,29.046,21660.09
2026-07-16 06:45:00,29.046,29.066,29.008,29.038,26579.14
2026-07-16 06:50:00,29.038,29.047,29.005,29.032,51059.92
2026-07-16 06:55:00,29.032,29.062,29.023,29.047,146920.69
2026-07-16 07:00:00,29.047,29.06,29.001,29.01,127470.57
2026-07-16 07:05:00,29.01,29.041,28.972,28.984,22520.38
2026-07-16 07:10:00,28.984,29.012,28.96,29.001,44232.31
2026-07-16 07:15:00,29.001,29.023,28.972,29.002,12462.14
2026-07-16 07:20:00,29.002,29.046,28.99,29.027,15275.73
2026-07-16 07:25:00,29.027,29.05,29.024,29.03,17236.91
2026-07-16 07:30:00,29.03,29.131,29.02,29.124,4700.13
2026-07-16 07:35:00,29.124,29.239,29.123,29.188,5648.28
2026-07-16 07:40:00,29.188,29.19,29.166,29.189,34373.0
2026-07-16 07:45:00,29.189,29.262,29.176,29.231,35403.81
2026-07-16 07:50:00,29.231,29.332,29.137,29.155,100979.49
2026-07-16 07:55:00,29.155,29.242,29.096,29.107,271628.0
2026-07-16 08:00:00,29.107,29.141,29.086,29.117,10181.93
2026-07-16 08:05:00,29.117,29.14,29.046,29.078,134194.11
2026-07-16 08:10:00,29.078,29.1,29.007,29.012,54254.25
2026-07-16 08:15:00,29.012,29.104,28.992,29.065,47128.63
2026-07-16 08:20:00,29.065,29.11,29.051,29.057,6368.01
2026-07-16 08:25:00,29.057,29.135,28.966,28.99,90652.48
2026-07-16 08:30:00,28.99,29.065,28.986,29.057,72738.77
2026-07-16 08:35:00,29.057,29.066,29.001,29.011,107229.84
2026-07-16 08:40:00,29.011,29.087,28.997,29.065,84246.59
2026-07-16 08:45:00,29.065,29.075,29.026,29.046,118568.78
2026-07-16 08:50:00,29.046,29.058,29.018,29.037,26621.7
2026-07-16 08:55:00,29.037,29.05,29.034,29.042,3968.05
2026-07-16 09:00:00,29.042,29.053,29.025,29.034,163083.62
2026-07-16 09:05:00,29.034,29.043,28.999,29.004,17822.26
2026-07-16 09:10:00,29.004,29.04,28.981,29.04,16212.88
2026-07-16 09:15:00,29.04,29.065,29.023,29.037,75379.63
2026-07-16 09:20:00,29.037,29.055,29.023,29.041,29101.69
2026-07-16 09:25:00,29.041,29.041,29.006,29.017,30354.93
2026-07-16 09:30:00,29.017,29.106,29.013,29.071,51579.9
2026-07-16 09:35:00,29.071,29.145,28.998,29.01,60597.21
2026-07-16 09:40:00,29.01,29.015,28.947,28.975,199239.58
2026-07-16 09:45:00,28.975,28.992,28.92,28.924,98160.9
2026-07-16 09:50:00,28.924,28.958,28.889,28.915,11707.58
2026-07-16 09:55:00,28.915,28.92,28.903,28.907,66851.27
2026-07-16 10:00:00,28.907,28.922,28.901,28.919,70009.2
2026-07-16 10:05:00,28.919,28.944,28.917,28.918,33476.67
2026-07-16 10:10:00,28.918,28.95,28.825,28.83,10316.8
2026-07-16 10:15:00,28.83,28.849,28.794,28.808,99937.71
2026-07-16 10:20:00,28.808,28.81,28.785,28.799,7308.23
2026-07-16 10:25:00,28.799,28.8,28.787,28.788,91919.87
2026-07-16 10:30:00,28.788,28.88,28.721,28.869,83390.68
2026-07-16 10:35:00,28.869,28.968,28.755,28.954,3525.25
2026-07-16 10:40:00,28.954,28.973,28.874,28.891,59715.15
2026-07-16 10:45:00,28.891,28.901,28.848,28.875,31165.25
2026-07-16 10:50:00,28.875,28.885,28.853,28.881,41103.44
2026-07-16 10:55:00,28.881,28.921,28.869,28.9,73380.59
2026-07-16 11:00:00,28.9,28.914,28.847,28.872,84082.45
2026-07-16 11:05:00,28.872,28.974,28.827,28.954,28441.05
2026-07-16 11:10:00,28.954,28.981,28.946,28.979,89286.96
2026-07-16 11:15:00,28.979,29.012,28.966,29.003,14735.52
2026-07-16 11:20:00,29.003,29.033,28.991,29.016,45928.96
2026-07-16 11:25:00,29.016,29.096,28.98,29.079,38970.53
2026-07-16 11:30:00,29.079,29.119,29.079,29.098,2939.02
2026-07-16 11:35:00,29.098,29.101,29.063,29.064,25596.46
2026-07-16 11:40:00,29.064,29.082,29.047,29.065,13926.67
2026-07-16 11:45:00,29.065,29.068,29.046,29.058,21140.23
2026-07-16 11:50:00,29.058,29.093,29.038,29.084,180325.02
2026-07-16 11:55:00,29.084,29.101,29.057,29.073,120710.49
2026-07-16 12:00:00,29.073,29.09,29.047,29.078,38327.89
2026-07-16 12:05:00,29.078,29.086,29.059,29.079,44508.82
2026-07-16 12:10:00,29.079,29.118,29.067,29.096,1098.23
2026-07-16 12:15:00,29.096,29.119,29.066,29.11,64010.36
2026-07-16 12:20:00,29.11,29.168,29.074,29.141,164922.68
2026-07-16 12:25:00,29.141,29.144,29.117,29.126,39904.45
2026-07-16 12:30:00,29.126,29.141,29.114,29.141,1426.98
2026-07-16 12:35:00,29.141,29.232,29.116,29.184,8709.62
2026-07-16 12:40:00,29.184,29.197,29.143,29.187,4453.54
2026-07-16 12:45:00,29.187,29.205,29.153,29.168,9167.56
2026-07-16 12:50:00,29.168,29.184,29.152,29.154,6849.3
2026-07-16 12:55:00,29.154,29.278,29.123,29.256,2252.35
2026-07-16 13:00:00,29.256,29.3,29.191,29.203,523186.65
2026-07-16 13:05:00,29.203,29.253,29.102,29.13,34421.46
2026-07-16 13:10:00,29.13,29.188,29.119,29.147,102273.38
2026-07-16 13:15:00,29.147,29.184,29.143,29.165,9826.93
2026-07-16 13:20:00,29.165,29.261,29.148,29.244,196878.15
2026-07-16 13:25:00,29.244,29.267,29.174,29.195,83769.46
2026-07-16 13:30:00,29.195,29.247,29.104,29.129,252835.89
2026-07-16 13:35:00,29.129,29.159,29.109,29.156,4872.07
2026-07-16 13:40:00,29.156,29.205,29.139,29.204,105960.02
2026-07-16 13:45:00,29.204,29.297,29.11,29.136,193313.62
2026-07-16 13:50:00,29.136,29.173,29.114,29.169,94579.61
2026-07-16 13:55:00,29.169,29.22,29.147,29.187,36709.5
2026-07-16 14:00:00,29.187,29.19,29.117,29.138,8588.79
2026-07-16 14:05:00,29.138,29.153,29.089,29.113,14363.07
2026-07-16 14:10:00,29.113,29.116,29.027,29.049,55702.07
2026-07-16 14:15:00,29.049,29.071,28.985,29.005,103765.4
2026-07-16 14:20:00,29.005,29.042,29.002,29.029,189615.5
2026-07-16 14:25:00,29.029,29.076,28.996,29.049,89647.7
2026-07-16 14:30:00,29.049,29.099,29.03,29.062,178704.3
2026-07-16 14:35:00,29.062,29.093,28.978,29.01,124132.21
2026-07-16 14:40:00,29.01,29.102,28.989,29.099,12280.9
2026-07-16 14:45:00,29.099,29.123,29.079,29.109,18745.18
2026-07-16 14:50:00,29.109,29.157,29.098,29.145,1170.14
2026-07-16 14:55:00,29.145,29.157,29.107,29.116,83887.51
2026-07-16 15:00:00,29.116,29.165,29.094,29.162,13100.5
2026-07-16 15:05:00,29.162,29.171,29.142,29.162,45904.61
2026-07-16 15:10:00,29.162,29.184,29.146,29.179,19403.85
2026-07-16 15:15:00,29.179,29.307,29.123,29.144,35683.72
2026-07-16 15:20:00,29.144,29.177,29.113,29.159,3600.22
2026-07-16 15:25:00,29.159,29.165,29.1,29.122,19166.87
2026-07-16 15:30:00,29.122,29.135,29.071,29.083,3863.21
2026-07-16 15:35:00,29.083,29.161,29.082,29.129,64843.81
2026-07-16 15:40:00,29.129,29.131,29.01,29.051,70745.77
2026-07-16 15:45:00,29.051,29.138,28.979,29.11,42601.87
2026-07-16 15:50:00,29.11,29.118,29.107,29.107,4431.56
2026-07-16 15:55:00,29.107,29.131,29.054,29.093,52835.52
2026-07-16 16:00:00,29.093,29.118,29.001,29.01,30804.98
2026-07-16 16:05:00,29.01,29.069,28.917,29.06,75856.2
2026-07-16 16:10:00,29.06,29.073,29.05,29.061,19059.61
2026-07-16 16:15:00,29.061,29.167,28.943,29.143,128201.66
2026-07-16 16:20:00,29.143,29.2,29.126,29.189,69014.66
2026-07-16 16:25:00,29.189,29.232,29.172,29.216,3258.1
2026-07-16 16:30:00,29.216,29.283,29.159,29.174,118660.18
2026-07-16 16:35:00,29.174,29.244,29.171,29.241,47776.69
2026-07-16 16:40:00,29.241,29.319,29.125,29.153,18222.75
2026-07-16 16:45:00,29.153,29.171,29.126,29.141,7209.04
2026-07-16 16:50:00,29.141,29.21,29.107,29.187,205545.87
2026-07-16 16:55:00,29.187,29.206,29.148,29.156,53790.69
2026-07-16 17:00:00,29.156,29.194,29.134,29.149,15952.19
2026-07-16 17:05:00,29.149,29.23,29.122,29.196,66569.77
2026-07-16 17:10:00,29.196,29.263,29.187,29.257,55378.12
2026-07-16 17:15:00,29.257,29.307,29.239,29.299,10318.46
2026-07-16 17:20:00,29.299,29.321,29.294,29.317,1394.63
2026-07-16 17:25:00,29.317,29.387,29.248,29.264,320096.57
2026-07-16 17:30:00,29.264,29.325,29.26,29.32,61437.27
2026-07-16 17:35:00,29.32,29.369,29.319,29.355,23046.05
2026-07-16 17:40:00,29.355,29.4,29.343,29.398,619.56
2026-07-16 17:45:00,29.398,29.445,29.323,29.348,275093.61
2026-07-16 17:50:00,29.348,29.388,29.338,29.365,170454.97
2026-07-16 17:55:00,29.365,29.467,29.285,29.309,127136.78
2026-07-16 18:00:00,29.309,29.316,29.259,29.279,27059.68
2026-07-16 18:05:00,29.279,29.36,29.176,29.204,34738.97
2026-07-16 18:10:00,29.204,29.253,29.182,29.208,6708.71
2026-07-16 18:15:00,29.208,29.217,29.192,29.206,25149.12
2026-07-16 18:20:00,29.206,29.275,29.154,29.179,10565.37
2026-07-16 18:25:00,29.179,29.215,29.17,29.212,5367.94
2026-07-16 18:30:00,29.212,29.227,29.185,29.219,18269.91
2026-07-16 18:35:00,29.219,29.239,29.186,29.219,216513.35
2026-07-16 18:40:00,29.219,29.248,29.19,29.233,5612.57
2026-07-16 18:45:00,29.233,29.267,29.21,29.255,32453.85
2026-07-16 18:50:00,29.255,29.278,29.181,29.2,7999.23
2026-07-16 18:55:00,29.2,29.308,29.111,29.122,66089.64
2026-07-16 19:00:00,29.122,29.13,29.115,29.127,118164.33
2026-07-16 19:05:00,29.127,29.173,29.089,29.152,8501.61
2026-07-16 19:10:00,29.152,29.156,29.081,29.104,47929.53
2026-07-16 19:15:00,29.104,29.164,29.092,29.124,37534.4
2026-07-16 19:20:00,29.124,29.142,29.075,29.094,34120.71
2026-07-16 19:25:00,29.094,29.097,29.037,29.074,3675.92
2026-07-16 19:30:00,29.074,29.132,29.07,29.1,26590.36
2026-07-16 19:35:00,29.1,29.107,29.04,29.073,24471.04
2026-07-16 19:40:00,29.073,29.099,29.048,29.092,12269.87
2026-07-16 19:45:00,29.092,29.138,29.091,29.108,43990.24
2026-07-16 19:50:00,29.108,29.13,29.047,29.049,86648.85
2026-07-16 19:55:00,29.049,29.151,28.987,29.13,762298.46
2026-07-16 20:00:00,29.13,29.181,29.085,29.097,15597.18
2026-07-16 20:05:00,29.097,29.143,29.026,29.031,7470.07
2026-07-16 20:10:00,29.031,29.05,29.018,29.044,115785.93
2026-07-16 20:15:00,29.044,29.078,29.037,29.058,10916.43
2026-07-16 20:20:00,29.058,29.121,29.024,29.101,11619.31
2026-07-16 20:25:00,29.101,29.113,29.03,29.051,36862.15
2026-07-16 20:30:00,29.051,29.069,29.027,29.052,4193.8
2026-07-16 20:35:00,29.052,29.145,28.988,29.133,39800.79
2026-07-16 20:40:00,29.133,29.204,29.125,29.2,59599.68
2026-07-16 20:45:00,29.2,29.259,29.163,29.242,160882.48
2026-07-16 20:50:00,29.242,29.246,29.207,29.227,28578.97
2026-07-16 20:55:00,29.227,29.256,29.226,29.24,5919.62
2026-07-16 21:00:00,29.24,29.314,29.238,29.271,10960.36
2026-07-16 21:05:00,29.271,29.282,29.178,29.205,53096.62
2026-07-16 21:10:00,29.205,29.226,29.164,29.182,107989.72
2026-07-16 21:15:00,29.182,29.236,29.181,29.232,5436.69
2026-07-16 21:20:00,29.232,29.238,29.202,29.217,14431.86
2026-07-16 21:25:00,29.217,29.228,29.118,29.127,14719.19
2026-07-16 21:30:00,29.127,29.14,29.049,29.076,15417.1
2026-07-16 21:35:00,29.076,29.083,29.01,29.044,60051.17
2026-07-16 21:40:00,29.044,29.095,28.936,29.069,346627.04
2026-07-16 21:45:00,29.069,29.087,29.011,29.023,768.61
2026-07-16 21:50:00,29.023,29.056,29.001,29.046,6467.05
2026-07-16 21:55:00,29.046,29.063,28.977,28.987,63654.65
2026-07-16 22:00:00,28.987,29.085,28.865,29.058,687795.02
2026-07-16 22:05:00,29.058,29.104,29.051,29.063,36555.95
2026-07-16 22:10:00,29.063,29.067,29.031,29.055,14610.21
2026-07-16 22:15:00,29.055,29.062,29.044,29.06,62230.03
2026-07-16 22:20:00,29.06,29.082,29.008,29.017,8272.91
2026-07-16 22:25:00,29.017,29.078,28.931,29.049,204972.92
2026-07-16 22:30:00,29.049,29.151,28.957,29.125,490631.51
2026-07-16 22:35:00,29.125,29.144,29.049,29.069,99257.37
2026-07-16 22:40:00,29.069,29.074,29.009,29.039,59243.21
2026-07-16 22:45:00,29.039,29.075,29.005,29.065,197840.02
2026-07-16 22:50:00,29.065,29.149,28.977,29.124,42312.43
2026-07-16 22:55:00,29.124,29.168,29.067,29.15,91.68
2026-07-16 23:00:00,29.15,29.182,29.118,29.137,2162.59
2026-07-16 23:05:00,29.137,29.198,29.098,29.187,97381.7
2026-07-16 23:10:00,29.187,29.208,29.134,29.172,43510.89
2026-07-16 23:15:00,29.172,29.186,29.158,29.169,63723.84
2026-07-16 23:20:00,29.169,29.184,29.09,29.12,17428.28
2026-07-16 23:25:00,29.12,29.123,29.089,29.101,16053.37
2026-07-16 23:30:00,29.101,29.108,29.084,29.106,124528.35
2026-07-16 23:35:00,29.106,29.148,29.101,29.117,2167.48
2026-07-16 23:40:00,29.117,29.136,29.103,29.104,10798.88
2026-07-16 23:45:00,29.104,29.142,29.078,29.142,51442.74
2026-07-16 23:50:00,29.142,29.166,29.14,29.157,45125.74
2026-07-16 23:55:00,29.157,29.168,29.141,29.159,68574.23
2026-07-17 00:00:00,29.159,29.162,29.142,29.149,12803.0
2026-07-17 00:05:00,29.149,29.188,29.121,29.145,49792.78
2026-07-17 00:10:00,29.145,29.237,29.12,29.183,13949.08
2026-07-17 00:15:00,29.183,29.191,29.172,29.172,22001.15
2026-07-17 00:20:00,29.172,29.183,29.118,29.128,139002.19
2026-07-17 00:25:00,29.128,29.139,29.035,29.06,16285.99
2026-07-17 00:30:00,29.06,29.087,29.011,29.034,41775.24
2026-07-17 00:35:00,29.034,29.106,29.032,29.102,4617.13
2026-07-17 00:40:00,29.102,29.138,29.072,29.097,34109.14
2026-07-17 00:45:00,29.097,29.107,29.064,29.066,132363.35
2026-07-17 00:50:00,29.066,29.121,29.065,29.091,21113.62
2026-07-17 00:55:00,29.091,29.129,29.031,29.037,39527.42
2026-07-17 01:00:00,29.037,29.057,29.035,29.049,6217.59
2026-07-17 01:05:00,29.049,29.049,29.028,29.049,68324.23
2026-07-17 01:10:00,29.049,29.075,29.047,29.062,12251.51
2026-07-17 01:15:00,29.062,29.07,28.992,29.017,35231.54
2026-07-17 01:20:00,29.017,29.033,28.956,28.995,846.53
2026-07-17 01:25:00,28.995,29.069,28.88,29.05,154859.24
2026-07-17 01:30:00,29.05,29.13,29.047,29.113,28686.0
2026-07-17 01:35:00,29.113,29.139,29.105,29.13,22036.57
2026-07-17 01:40:00,29.13,29.138,29.111,29.119,75756.92
2026-07-17 01:45:00,29.119,29.135,29.053,29.092,68880.62
2026-07-17 01:50:00,29.092,29.109,29.059,29.073,302899.74
2026-07-17 01:55:00,29.073,29.109,29.011,29.041,1341.81
2026-07-17 02:00:00,29.041,29.11,28.922,29.1,250572.71
2026-07-17 02:05:00,29.1,29.129,29.095,29.124,31105.5
2026-07-17 02:10:00,29.124,29.158,29.12,29.13,44585.55
2026-07-17 02:15:00,29.13,29.149,29.127,29.144,58261.98
2026-07-17 02:20:00,29.144,29.165,29.082,29.118,68590.53
2026-07-17 02:25:00,29.118,29.161,29.116,29.149,21149.97
2026-07-17 02:30:00,29.149,29.163,29.033,29.044,18296.54
2026-07-17 02:35:00,29.044,29.098,28.933,29.072,207814.44
2026-07-17 02:40:00,29.072,29.072,29.062,29.064,120140.29
2026-07-17 02:45:00,29.064,29.072,29.041,29.051,16095.0
2026-07-17 02:50:00,29.051,29.069,28.996,29.01,855.76
2026-07-17 02:55:00,29.01,29.057,28.929,28.945,93269.61
2026-07-17 03:00:00,28.945,28.987,28.937,28.98,70756.21
2026-07-17 03:05:00,28.98,29.029,28.882,29.016,1046518.76
2026-07-17 03:10:00,29.016,29.062,28.993,29.05,37961.99
2026-07-17 03:15:00,29.05,29.068,29.049,29.062,50019.62
2026-07-17 03:20:00,29.062,29.1,29.038,29.088,74212.85
2026-07-17 03:25:00,29.088,29.097,29.055,29.075,20657.68
2026-07-17 03:30:00,29.075,29.119,29.02,29.02,48664.68
2026-07-17 03:35:00,29.02,29.034,28.977,28.993,44289.12
2026-07-17 03:40:00,28.993,29.071,28.962,29.01,15824.14
2026-07-17 03:45:00,29.01,29.028,28.965,28.985,12200.34
2026-07-17 03:50:00,28.985,28.99,28.961,28.967,100246.03
2026-07-17 03:55:00,28.967,29.111,28.962,29.048,9122.54
2026-07-17 04:00:00,29.048,29.074,28.932,28.964,21411.07
2026-07-17 04:05:00,28.964,29.059,28.883,29.034,560520.07
2026-07-17 04:10:00,29.034,29.064,29.007,29.051,30355.47
2026-07-17 04:15:00,29.051,29.055,28.987,28.989,109645.66
2026-07-17 04:20:00,28.989,29.05,28.885,29.033,264932.11
2026-07-17 04:25:00,29.033,29.062,28.894,28.942,6649.85
2026-07-17 04:30:00,28.942,28.98,28.887,28.97,80977.48
2026-07-17 04:35:00,28.97,28.991,28.889,28.897,29957.28
2026-07-17 04:40:00,28.897,28.926,28.811,28.829,15091.34
2026-07-17 04:45:00,28.829,28.911,28.76,28.787,96023.49
2026-07-17 04:50:00,28.787,28.807,28.752,28.785,25115.04
2026-07-17 04:55:00,28.785,28.797,28.748,28.75,20763.33
2026-07-17 05:00:00,28.75,28.839,28.697,28.821,34232.95
2026-07-17 05:05:00,28.821,28.96,28.775,28.908,5086.35
2026-07-17 05:10:00,28.908,28.994,28.849,28.973,81795.28
2026-07-17 05:15:00,28.973,29.075,28.953,29.051,19160.6
2026-07-17 05:20:00,29.051,29.08,28.996,29.046,13348.91
2026-07-17 05:25:00,29.046,29.055,28.988,29.029,147654.19
2026-07-17 05:30:00,29.029,29.061,29.026,29.054,22534.84
2026-07-17 05:35:00,29.054,29.101,29.032,29.045,1225.67
2026-07-17 05:40:00,29.045,29.096,28.999,29.089,63543.7
2026-07-17 05:45:00,29.089,29.169,29.075,29.135,57041.12
2026-07-17 05:50:00,29.135,29.163,29.072,29.098,188567.12
2026-07-17 05:55:00,29.098,29.102,29.063,29.074,51345.91
2026-07-17 06:00:00,29.074,29.098,29.067,29.071,124130.62
2026-07-17 06:05:00,29.071,29.101,29.029,29.046,57817.99
2026-07-17 06:10:00,29.046,29.084,28.999,29.064,23915.43
2026-07-17 06:15:00,29.064,29.096,28.964,29.084,112524.15
2026-07-17 06:20:00,29.084,29.109,29.011,29.029,27520.59
2026-07-17 06:25:00,29.029,29.034,28.961,28.986,1809.23
2026-07-17 06:30:00,28.986,28.987,28.959,28.984,23048.55
2026-07-17 06:35:00,28.984,28.99,28.929,28.952,24118.64
2026-07-17 06:40:00,28.952,29.002,28.84,28.863,10933.49
2026-07-17 06:45:00,28.863,28.985,28.851,28.934,71074.01
2026-07-17 06:50:00,28.934,29.018,28.851,29.005,214258.56
2026-07-17 06:55:00,29.005,29.05,28.994,29.041,16694.3
2026-07-17 07:00:00,29.041,29.117,29.01,29.103,3840.55
2026-07-17 07:05:00,29.103,29.175,29.097,29.136,18960.06
2026-07-17 07:10:00,29.136,29.243,29.11,29.199,26371.65
2026-07-17 07:15:00,29.199,29.25,29.158,29.172,353147.03
2026-07-17 07:20:00,29.172,29.205,29.162,29.177,43741.15
2026-07-17 07:25:00,29.177,29.187,29.169,29.17,3546.61
2026-07-17 07:30:00,29.17,29.187,29.128,29.186,25493.25
2026-07-17 07:35:00,29.186,29.32,29.137,29.264,34718.57
2026-07-17 07:40:00,29.264,29.281,29.215,29.232,42083.2
2026-07-17 07:45:00,29.232,29.362,29.166,29.182,161849.54
2026-07-17 07:50:00,29.182,29.187,29.093,29.12,25814.16
2026-07-17 07:55:00,29.12,29.165,29.057,29.074,42858.94
2026-07-17 08:00:00,29.074,29.222,29.072,29.165,1329.67
2026-07-17 08:05:00,29.165,29.227,29.102,29.117,149369.15
2026-07-17 08:10:00,29.117,29.241,29.075,29.204,75371.89
2026-07-17 08:15:00,29.204,29.305,29.094,29.118,54529.0
2026-07-17 08:20:00,29.118,29.131,29.093,29.095,72514.57
2026-07-17 08:25:00,29.095,29.156,29.058,29.074,134219.99
2026-07-17 08:30:00,29.074,29.13,28.999,29.023,76354.5
2026-07-17 08:35:00,29.023,29.067,28.962,29.061,135219.38
2026-07-17 08:40:00,29.061,29.116,29.057,29.076,16457.74
2026-07-17 08:45:00,29.076,29.093,29.031,29.067,55601.45
2026-07-17 08:50:00,29.067,29.078,29.004,29.034,10357.73
2026-07-17 08:55:00,29.034,29.058,29.017,29.058,48482.85
2026-07-17 09:00:00,29.058,29.173,29.03,29.127,44857.94
2026-07-17 09:05:00,29.127,29.222,29.118,29.19,16666.95
2026-07-17 09:10:00,29.19,29.307,29.09,29.117,330364.42
2026-07-17 09:15:00,29.117,29.204,29.099,29.133,22583.64
2026-07-17 09:20:00,29.133,29.218,29.107,29.214,36804.06
2026-07-17 09:25:00,29.214,29.215,29.159,29.199,72815.03
2026-07-17 09:30:00,29.199,29.338,29.166,29.328,74099.16
2026-07-17 09:35:00,29.328,29.392,29.305,29.347,51887.9
2026-07-17 09:40:00,29.347,29.442,29.303,29.324,318114.36
2026-07-17 09:45:00,29.324,29.427,29.297,29.387,40839.88
2026-07-17 09:50:00,29.387,29.455,29.351,29.379,86780.56
2026-07-17 09:55:00,29.379,29.491,29.282,29.299,55485.89
2026-07-17 10:00:00,29.299,29.38,29.279,29.33,76141.09
2026-07-17 10:05:00,29.33,29.406,29.291,29.303,62024.74
2026-07-17 10:10:00,29.303,29.347,29.291,29.32,59961.55
2026-07-17 10:15:00,29.32,29.368,29.217,29.237,131008.18
2026-07-17 10:20:00,29.237,29.242,29.108,29.121,41261.05
2026-07-17 10:25:00,29.121,29.141,28.997,29.052,256105.41
2026-07-17 10:30:00,29.052,29.054,29.028,29.05,38314.48
2026-07-17 10:35:00,29.05,29.085,29.044,29.056,16049.32
2026-07-17 10:40:00,29.056,29.108,29.046,29.048,193251.56
2026-07-17 10:45:00,29.048,29.147,29.007,29.137,3787.2
2026-07-17 10:50:00,29.137,29.173,29.131,29.15,8350.37
2026-07-17 10:55:00,29.15,29.265,29.052,29.069,260373.7
2026-07-17 11:00:00,29.069,29.099,29.048,29.052,61854.6
2026-07-17 11:05:00,29.052,29.104,29.036,29.047,34171.96
2026-07-17 11:10:00,29.047,29.147,29.022,29.092,11384.54
2026-07-17 11:15:00,29.092,29.18,29.088,29.176,101160.24
2026-07-17 11:20:00,29.176,29.293,29.144,29.273,103705.28
2026-07-17 11:25:00,29.273,29.309,29.211,29.224,721.35
2026-07-17 11:30:00,29.224,29.251,29.168,29.187,62046.08
2026-07-17 11:35:00,29.187,29.277,29.165,29.252,74932.94
2026-07-17 11:40:00,29.252,29.28,29.158,29.176,80257.74
2026-07-17 11:45:00,29.176,29.182,29.147,29.156,49967.96
2026-07-17 11:50:00,29.156,29.184,29.105,29.149,30089.98
2026-07-17 11:55:00,29.149,29.179,29.11,29.119,8277.16
2026-07-17 12:00:00,29.119,29.168,28.983,28.997,67499.1
2026-07-17 12:05:00,28.997,29.003,28.936,28.953,188513.44
2026-07-17 12:10:00,28.953,28.995,28.87,28.981,192999.95
2026-07-17 12:15:00,28.981,29.004,28.908,28.971,2067.77
2026-07-17 12:20:00,28.971,29.002,28.934,28.939,47576.11
2026-07-17 12:25:00,28.939,29.008,28.876,28.997,249415.41
2026-07-17 12:30:00,28.997,29.053,28.871,29.031,150633.5
2026-07-17 12:35:00,29.031,29.075,28.976,29.021,4216.3
2026-07-17 12:40:00,29.021,29.076,29.012,29.052,15306.01
2026-07-17 12:45:00,29.052,29.119,29.02,29.103,136686.37
2026-07-17 12:50:00,29.103,29.127,28.98,29.016,8983.78
2026-07-17 12:55:00,29.016,29.085,28.907,29.075,66807.16
2026-07-17 13:00:00,29.075,29.127,29.062,29.076,13868.31
2026-07-17 13:05:00,29.076,29.084,29.025,29.066,6163.05
2026-07-17 13:10:00,29.066,29.111,29.064,29.11,22797.54
2026-07-17 13:15:00,29.11,29.179,29.082,29.116,8225.41
2026-07-17 13:20:00,29.116,29.123,29.099,29.105,62075.44
2026-07-17 13:25:00,29.105,29.2,29.1,29.196,23741.88
2026-07-17 13:30:00,29.196,29.211,29.141,29.171,19005.25
2026-07-17 13:35:00,29.171,29.2,29.114,29.145,24474.73
2026-07-17 13:40:00,29.145,29.188,29.105,29.181,75996.83
2026-07-17 13:45:00,29.181,29.196,29.142,29.195,14180.43
2026-07-17 13:50:00,29.195,29.218,29.19,29.206,43437.14
2026-07-17 13:55:00,29.206,29.284,29.195,29.273,311.68
2026-07-17 14:00:00,29.273,29.382,29.227,29.356,9587.81
2026-07-17 14:05:00,29.356,29.387,29.269,29.279,3931.61
2026-07-17 14:10:00,29.279,29.284,29.264,29.267,15472.61
2026-07-17 14:15:00,29.267,29.3,29.189,29.208,6863.89
2026-07-17 14:20:00,29.208,29.258,29.198,29.227,226055.24
2026-07-17 14:25:00,29.227,29.258,29.196,29.233,16529.04
2026-07-17 14:30:00,29.233,29.278,29.226,29.232,67761.54
2026-07-17 14:35:00,29.232,29.285,29.207,29.251,14622.65
2026-07-17 14:40:00,29.251,29.285,29.209,29.226,8952.32
2026-07-17 14:45:00,29.226,29.278,29.212,29.247,134855.41
2026-07-17 14:50:00,29.247,29.323,29.218,29.321,4171.14
2026-07-17 14:55:00,29.321,29.328,29.225,29.24,52621.4
2026-07-17 15:00:00,29.24,29.302,29.209,29.282,205702.96
2026-07-17 15:05:00,29.282,29.364,29.271,29.34,52423.28
2026-07-17 15:10:00,29.34,29.39,29.273,29.294,51018.27
2026-07-17 15:15:00,29.294,29.342,29.289,29.324,110402.14
2026-07-17 15:20:00,29.324,29.447,29.223,29.345,83461.77
2026-07-17 15:25:00,29.345,29.434,29.306,29.321,76662.17
2026-07-17 15:30:00,29.321,29.355,29.229,29.274,121548.87
2026-07-17 15:35:00,29.274,29.355,29.239,29.251,1654.0
2026-07-17 15:40:00,29.251,29.275,29.18,29.202,34837.21
2026-07-17 15:45:00,29.202,29.232,29.186,29.2,265833.1
2026-07-17 15:50:00,29.2,29.217,29.144,29.156,59212.96
2026-07-17 15:55:00,29.156,29.235,29.15,29.218,12581.75
2026-07-17 16:00:00,29.218,29.227,29.199,29.226,32547.76
2026-07-17 16:05:00,29.226,29.255,29.207,29.233,22459.58
2026-07-17 16:10:00,29.233,29.235,29.215,29.222,49737.64
2026-07-17 16:15:00,29.222,29.248,29.199,29.235,10389.79
2026-07-17 16:20:00,29.235,29.252,29.223,29.245,21241.46
2026-07-17 16:25:00,29.245,29.309,29.208,29.271,9841.34
2026-07-17 16:30:00,29.271,29.3,29.25,29.25,12836.66
2026-07-17 16:35:00,29.25,29.292,29.193,29.212,22906.72
2026-07-17 16:40:00,29.212,29.213,29.143,29.18,125319.36
2026-07-17 16:45:00,29.18,29.248,29.172,29.237,148477.86
2026-07-17 16:50:00,29.237,29.284,29.185,29.269,111091.61
2026-07-17 16:55:00,29.269,29.318,29.254,29.304,67559.15
2026-07-17 17:00:00,29.304,29.334,29.198,29.249,6285.25
2026-07-17 17:05:00,29.249,29.271,29.179,29.213,70383.25
2026-07-17 17:10:00,29.213,29.254,29.177,29.243,15879.98
2026-07-17 17:15:00,29.243,29.298,29.223,29.252,61988.53
2026-07-17 17:20:00,29.252,29.255,29.234,29.234,10142.7
2026-07-17 17:25:00,29.234,29.251,29.189,29.19,58872.39
2026-07-17 17:30:00,29.19,29.284,29.152,29.253,173115.9
2026-07-17 17:35:00,29.253,29.31,29.232,29.275,16750.13
2026-07-17 17:40:00,29.275,29.427,29.242,29.385,34821.0
2026-07-17 17:45:00,29.385,29.397,29.351,29.363,21761.6
2026-07-17 17:50:00,29.363,29.449,29.358,29.414,34984.36
2026-07-17 17:55:00,29.414,29.416,29.35,29.411,42855.76
2026-07-17 18:00:00,29.411,29.437,29.347,29.354,10942.39
2026-07-17 18:05:00,29.354,29.403,29.333,29.399,30325.21
2026-07-17 18:10:00,29.399,29.418,29.363,29.379,117302.98
2026-07-17 18:15:00,29.379,29.462,29.356,29.442,40505.47
2026-07-17 18:20:00,29.442,29.496,29.343,29.361,53827.68
2026-07-17 18:25:00,29.361,29.413,29.36,29.388,39021.82
2026-07-17 18:30:00,29.388,29.403,29.314,29.322,31125.08
2026-07-17 18:35:00,29.322,29.389,29.256,29.281,175937.34
2026-07-17 18:40:00,29.281,29.311,29.266,29.311,30209.52
2026-07-17 18:45:00,29.311,29.358,29.301,29.348,111774.67
2026-07-17 18:50:00,29.348,29.365,29.274,29.32,4422.85
2026-07-17 18:55:00,29.32,29.346,29.312,29.339,164852.23
2026-07-17 19:00:00,29.339,29.464,29.319,29.413,3298.25
2026-07-17 19:05:00,29.413,29.493,29.309,29.325,14940.73
2026-07-17 19:10:00,29.325,29.427,29.311,29.389,198804.32
2026-07-17 19:15:00,29.389,29.463,29.386,29.424,93837.35
2026-07-17 19:20:00,29.424,29.48,29.274,29.31,9792.04
2026-07-17 19:25:00,29.31,29.321,29.255,29.308,8117.76
2026-07-17 19:30:00,29.308,29.365,29.277,29.345,169497.41
2026-07-17 19:35:00,29.345,29.396,29.307,29.38,48780.48
2026-07-17 19:40:00,29.38,29.429,29.321,29.339,17333.21
2026-07-17 19:45:00,29.339,29.398,29.317,29.343,52208.67
2026-07-17 19:50:00,29.343,29.378,29.264,29.289,79136.56
2026-07-17 19:55:00,29.289,29.384,29.27,29.372,83066.57
2026-07-17 20:00:00,29.372,29.436,29.354,29.404,43727.0
2026-07-17 20:05:00,29.404,29.415,29.379,29.387,82293.79
2026-07-17 20:10:00,29.387,29.491,29.273,29.299,35059.83
2026-07-17 20:15:00,29.299,29.311,29.264,29.284,19262.76
2026-07-17 20:20:00,29.284,29.299,29.272,29.276,3587.23
2026-07-17 20:25:00,29.276,29.282,29.182,29.218,6535.81
2026-07-17 20:30:00,29.218,29.273,29.214,29.262,239068.98
2026-07-17 20:35:00,29.262,29.31,29.214,29.29,52070.69
2026-07-17 20:40:00,29.29,29.336,29.278,29.321,18062.99
2026-07-17 20:45:00,29.321,29.367,29.288,29.357,271448.36
2026-07-17 20:50:00,29.357,29.384,29.348,29.378,60902.53
2026-07-17 20:55:00,29.378,29.386,29.353,29.365,5113.39
2026-07-17 21:00:00,29.365,29.392,29.318,29.349,152770.19
2026-07-17 21:05:00,29.349,29.443,29.34,29.393,26230.43
2026-07-17 21:10:00,29.393,29.409,29.33,29.353,9956.7
2026-07-17 21:15:00,29.353,29.42,29.311,29.408,57745.4
2026-07-17 21:20:00,29.408,29.496,29.347,29.374,432904.22
2026-07-17 21:25:00,29.374,29.386,29.353,29.368,125805.18
2026-07-17 21:30:00,29.368,29.43,29.349,29.403,39453.99
2026-07-17 21:35:00,29.403,29.439,29.33,29.36,11683.57
2026-07-17 21:40:00,29.36,29.366,29.314,29.346,9144.26
2026-07-17 21:45:00,29.346,29.374,29.315,29.321,14563.57
2026-07-17 21:50:00,29.321,29.406,29.315,29.349,157303.49
2026-07-17 21:55:00,29.349,29.388,29.345,29.35,10529.99
2026-07-17 22:00:00,29.35,29.41,29.345,29.377,31867.64
2026-07-17 22:05:00,29.377,29.383,29.365,29.38,6947.96
2026-07-17 22:10:00,29.38,29.521,29.346,29.489,72727.44
2026-07-17 22:15:00,29.489,29.494,29.297,29.358,36847.96
2026-07-17 22:20:00,29.358,29.389,29.293,29.315,53511.36
2026-07-17 22:25:00,29.315,29.383,29.313,29.38,774.35
2026-07-17 22:30:00,29.38,29.389,29.326,29.338,15554.63
2026-07-17 22:35:00,29.338,29.392,29.32,29.325,898.99
2026-07-17 22:40:00,29.325,29.358,29.316,29.341,183.85
2026-07-17 22:45:00,29.341,29.348,29.215,29.259,204152.37
2026-07-17 22:50:00,29.259,29.275,29.183,29.251,35005.68
2026-07-17 22:55:00,29.251,29.264,29.226,29.255,9011.35
2026-07-17 23:00:00,29.255,29.261,29.191,29.223,6886.78
2026-07-17 23:05:00,29.223,29.241,29.138,29.179,12068.59
2026-07-17 23:10:00,29.179,29.228,29.151,29.207,51029.78
2026-07-17 23:15:00,29.207,29.283,29.11,29.271,424963.44
2026-07-17 23:20:00,29.271,29.287,29.253,29.262,121996.87
2026-07-17 23:25:00,29.262,29.305,29.198,29.215,11797.74
2026-07-17 23:30:00,29.215,29.279,29.125,29.235,27342.2
2026-07-17 23:35:00,29.235,29.252,29.195,29.245,11732.56
2026-07-17 23:40:00,29.245,29.382,29.244,29.366,42252.82
2026-07-17 23:45:00,29.366,29.413,29.361,29.401,28906.04
2026-07-17 23:50:00,29.401,29.438,29.386,29.42,5793.89
2026-07-17 23:55:00,29.42,29.625,29.39,29.593,6489.7
2026-07-18 00:00:00,29.593,29.649,29.569,29.599,51288.08
2026-07-18 00:05:00,29.599,29.695,29.589,29.662,4861.58
2026-07-18 00:10:00,29.662,29.813,29.646,29.766,13941.07
2026-07-18 00:15:00,29.766,29.867,29.67,29.679,317306.36
2026-07-18 00:20:00,29.679,29.729,29.662,29.721,54044.98
2026-07-18 00:25:00,29.721,29.767,29.717,29.737,56138.94
2026-07-18 00:30:00,29.737,29.783,29.686,29.738,45347.04
2026-07-18 00:35:00,29.738,29.764,29.733,29.753,2163.25
2026-07-18 00:40:00,29.753,29.816,29.702,29.724,39769.72
2026-07-18 00:45:00,29.724,29.774,29.706,29.753,11849.14
2026-07-18 00:50:00,29.753,29.769,29.706,29.753,55270.34
2026-07-18 00:55:00,29.753,29.791,29.699,29.707,23358.93
2026-07-18 01:00:00,29.707,29.753,29.643,29.67,66958.85
2026-07-18 01:05:00,29.67,29.674,29.622,29.671,19602.24
2026-07-18 01:10:00,29.671,29.755,29.596,29.613,121108.39
2026-07-18 01:15:00,29.613,29.676,29.606,29.627,40369.0
2026-07-18 01:20:00,29.627,29.629,29.583,29.616,34513.2
2026-07-18 01:25:00,29.616,29.703,29.513,29.542,222246.7
2026-07-18 01:30:00,29.542,29.644,29.468,29.477,8877.38
2026-07-18 01:35:00,29.477,29.549,29.433,29.447,129411.11
2026-07-18 01:40:00,29.447,29.448,29.384,29.421,55332.2
2026-07-18 01:45:00,29.421,29.508,29.367,29.496,16515.61
2026-07-18 01:50:00,29.496,29.551,29.446,29.464,77275.17
2026-07-18 01:55:00,29.464,29.555,29.384,29.401,210702.83
2026-07-18 02:00:00,29.401,29.461,29.401,29.451,74140.58
2026-07-18 02:05:00,29.451,29.516,29.448,29.468,63754.73
2026-07-18 02:10:00,29.468,29.54,29.388,29.405,97381.84
2026-07-18 02:15:00,29.405,29.421,29.335,29.361,14777.18
2026-07-18 02:20:00,29.361,29.48,29.354,29.43,108328.33
2026-07-18 02:25:00,29.43,29.475,29.38,29.445,18405.61
2026-07-18 02:30:00,29.445,29.469,29.357,29.367,4406.11
2026-07-18 02:35:00,29.367,29.413,29.301,29.302,34017.78
2026-07-18 02:40:00,29.302,29.327,29.281,29.321,145713.63
2026-07-18 02:45:00,29.321,29.41,29.309,29.372,9301.9
2026-07-18 02:50:00,29.372,29.449,29.356,29.427,18794.26
2026-07-18 02:55:00,29.427,29.468,29.413,29.454,83863.92
2026-07-18 03:00:00,29.454,29.479,29.418,29.443,12464.72
2026-07-18 03:05:00,29.443,29.471,29.341,29.358,59783.83
2026-07-18 03:10:00,29.358,29.449,29.305,29.431,18417.68
2026-07-18 03:15:00,29.431,29.532,29.387,29.398,142978.91
2026-07-18 03:20:00,29.398,29.411,29.364,29.379,85787.53
2026-07-18 03:25:00,29.379,29.445,29.369,29.395,30399.64
2026-07-18 03:30:00,29.395,29.405,29.375,29.402,176874.41
2026-07-18 03:35:00,29.402,29.45,29.393,29.394,39152.67
2026-07-18 03:40:00,29.394,29.416,29.385,29.41,28840.97
2026-07-18 03:45:00,29.41,29.468,29.399,29.444,44212.07
2026-07-18 03:50:00,29.444,29.506,29.417,29.495,4698.37
2026-07-18 03:55:00,29.495,29.511,29.461,29.501,12308.55
2026-07-18 04:00:00,29.501,29.539,29.479,29.528,9372.35
2026-07-18 04:05:00,29.528,29.539,29.476,29.516,34724.29
2026-07-18 04:10:00,29.516,29.547,29.399,29.444,3554.01
2026-07-18 04:15:00,29.444,29.473,29.421,29.434,128064.29
2026-07-18 04:20:00,29.434,29.507,29.386,29.5,53793.31
2026-07-18 04:25:00,29.5,29.576,29.472,29.549,114829.88
2026-07-18 04:30:00,29.549,29.683,29.548,29.629,9888.71
2026-07-18 04:35:00,29.629,29.762,29.606,29.737,37321.47
2026-07-18 04:40:00,29.737,29.769,29.71,29.728,71880.78
2026-07-18 04:45:00,29.728,29.745,29.632,29.676,11791.66
2026-07-18 04:50:00,29.676,29.714,29.664,29.677,127411.05
2026-07-18 04:55:00,29.677,29.787,29.65,29.74,107539.21
2026-07-18 05:00:00,29.74,29.763,29.657,29.687,7796.01
2026-07-18 05:05:00,29.687,29.765,29.677,29.754,84209.45
2026-07-18 05:10:00,29.754,29.771,29.717,29.735,50709.64
2026-07-18 05:15:00,29.735,29.794,29.689,29.695,21786.33
2026-07-18 05:20:00,29.695,29.771,29.655,29.75,31639.32
2026-07-18 05:25:00,29.75,29.82,29.686,29.706,218665.98
2026-07-18 05:30:00,29.706,29.722,29.69,29.702,100259.73
2026-07-18 05:35:00,29.702,29.723,29.616,29.648,11222.93
2026-07-18 05:40:00,29.648,29.671,29.623,29.651,48746.23
2026-07-18 05:45:00,29.651,29.664,29.64,29.661,91183.73
2026-07-18 05:50:00,29.661,29.717,29.654,29.693,143928.08
2026-07-18 05:55:00,29.693,29.705,29.677,29.695,9003.08
2026-07-18 06:00:00,29.695,29.822,29.689,29.805,14881.79
2026-07-18 06:05:00,29.805,29.88,29.726,29.749,19188.88
2026-07-18 06:10:00,29.749,29.779,29.698,29.725,13408.0
2026-07-18 06:15:00,29.725,29.76,29.65,29.689,9242.49
2026-07-18 06:20:00,29.689,29.729,29.668,29.708,25865.25
2026-07-18 06:25:00,29.708,29.812,29.657,29.673,59501.21
2026-07-18 06:30:00,29.673,29.713,29.615,29.626,127686.74
2026-07-18 06:35:00,29.626,29.627,29.558,29.573,12339.2
2026-07-18 06:40:00,29.573,29.582,29.511,29.568,35176.16
2026-07-18 06:45:00,29.568,29.611,29.551,29.589,25245.19
2026-07-18 06:50:00,29.589,29.633,29.574,29.607,54939.57
2026-07-18 06:55:00,29.607,29.646,29.537,29.631,21315.74
2026-07-18 07:00:00,29.631,29.742,29.592,29.702,45950.27
2026-07-18 07:05:00,29.702,29.725,29.649,29.657,2524.38
2026-07-18 07:10:00,29.657,29.659,29.592,29.605,45758.95
2026-07-18 07:15:00,29.605,29.634,29.599,29.625,65696.66
2026-07-18 07:20:00,29.625,29.627,29.555,29.559,110231.63
2026-07-18 07:25:00,29.559,29.562,29.449,29.47,80653.66
2026-07-18 07:30:00,29.47,29.591,29.449,29.58,3821.65
2026-07-18 07:35:00,29.58,29.619,29.516,29.562,92323.38
2026-07-18 07:40:00,29.562,29.576,29.468,29.474,207620.79
2026-07-18 07:45:00,29.474,29.541,29.461,29.54,57718.74
2026-07-18 07:50:00,29.54,29.556,29.476,29.537,51986.92
2026-07-18 07:55:00,29.537,29.57,29.492,29.564,36912.13
2026-07-18 08:00:00,29.564,29.593,29.551,29.58,37054.13
2026-07-18 08:05:00,29.58,29.618,29.527,29.534,48793.23
2026-07-18 08:10:00,29.534,29.552,29.484,29.542,30938.08
2026-07-18 08:15:00,29.542,29.597,29.491,29.579,64990.76
2026-07-18 08:20:00,29.579,29.668,29.571,29.606,22674.59
2026-07-18 08:25:00,29.606,29.695,29.594,29.674,9437.63
2026-07-18 08:30:00,29.674,29.821,29.637,29.783,102188.51
2026-07-18 08:35:00,29.783,29.826,29.762,29.803,41888.78
2026-07-18 08:40:00,29.803,29.834,29.797,29.798,28968.48
2026-07-18 08:45:00,29.798,29.932,29.737,29.763,120995.14
2026-07-18 08:50:00,29.763,29.895,29.738,29.863,31533.75
2026-07-18 08:55:00,29.863,29.996,29.817,29.83,36792.09
2026-07-18 09:00:00,29.83,29.933,29.746,29.766,308970.99
2026-07-18 09:05:00,29.766,29.807,29.752,29.768,43697.19
2026-07-18 09:10:00,29.768,29.777,29.742,29.746,59382.87
2026-07-18 09:15:00,29.746,29.854,29.676,29.686,57931.37
2026-07-18 09:20:00,29.686,29.775,29.673,29.749,25247.72
2026-07-18 09:25:00,29.749,29.808,29.718,29.724,55705.97
2026-07-18 09:30:00,29.724,29.839,29.691,29.811,9827.98
2026-07-18 09:35:00,29.811,29.827,29.758,29.778,110985.78
2026-07-18 09:40:00,29.778,29.829,29.696,29.724,137235.55
2026-07-18 09:45:00,29.724,29.741,29.64,29.678,19242.61
2026-07-18 09:50:00,29.678,29.714,29.625,29.628,68981.78
2026-07-18 09:55:00,29.628,29.654,29.588,29.639,14531.45
2026-07-18 10:00:00,29.639,29.655,29.614,29.622,30702.17
2026-07-18 10:05:00,29.622,29.679,29.608,29.661,13179.48
2026-07-18 10:10:00,29.661,29.683,29.625,29.68,7836.03
2026-07-18 10:15:00,29.68,29.707,29.626,29.657,91342.37
2026-07-18 10:20:00,29.657,29.67,29.632,29.666,22710.53
2026-07-18 10:25:00,29.666,29.691,29.639,29.656,61405.49
2026-07-18 10:30:00,29.656,29.675,29.616,29.622,4654.8
2026-07-18 10:35:00,29.622,29.645,29.545,29.581,14362.23
2026-07-18 10:40:00,29.581,29.592,29.551,29.59,34227.69
2026-07-18 10:45:00,29.59,29.629,29.588,29.628,13393.5
2026-07-18 10:50:00,29.628,29.643,29.559,29.56,102182.23
2026-07-18 10:55:00,29.56,29.56,29.474,29.504,271.69
2026-07-18 11:00:00,29.504,29.616,29.491,29.589,101064.54
2026-07-18 11:05:00,29.589,29.653,29.58,29.639,11555.29
2026-07-18 11:10:00,29.639,29.716,29.583,29.682,4935.48
2026-07-18 11:15:00,29.682,29.691,29.592,29.665,31584.79
2026-07-18 11:20:00,29.665,29.764,29.641,29.744,32521.84
2026-07-18 11:25:00,29.744,29.757,29.68,29.685,4102.49
2026-07-18 11:30:00,29.685,29.686,29.623,29.626,28017.61
2026-07-18 11:35:00,29.626,29.731,29.622,29.651,55731.53
2026-07-18 11:40:00,29.651,29.709,29.616,29.703,1789.11
2026-07-18 11:45:00,29.703,29.721,29.652,29.659,74887.39
2026-07-18 11:50:00,29.659,29.678,29.606,29.62,1132.69
2026-07-18 11:55:00,29.62,29.641,29.611,29.617,73946.31
2026-07-18 12:00:00,29.617,29.699,29.601,29.679,152957.75
2026-07-18 12:05:00,29.679,29.728,29.662,29.695,2176.6
2026-07-18 12:10:00,29.695,29.706,29.672,29.676,32798.41
2026-07-18 12:15:00,29.676,29.678,29.611,29.651,7060.75
2026-07-18 12:20:00,29.651,29.699,29.578,29.636,80459.53
2026-07-18 12:25:00,29.636,29.762,29.609,29.741,171456.62
2026-07-18 12:30:00,29.741,29.753,29.714,29.751,18582.36
2026-07-18 12:35:00,29.751,29.773,29.716,29.737,26461.33
2026-07-18 12:40:00,29.737,29.783,29.721,29.776,11681.87
2026-07-18 12:45:00,29.776,29.788,29.725,29.738,157226.21
2026-07-18 12:50:00,29.738,29.869,29.711,29.852,34418.29
2026-07-18 12:55:00,29.852,29.865,29.813,29.832,40957.35
2026-07-18 13:00:00,29.832,29.879,29.742,29.771,42548.7
2026-07-18 13:05:00,29.771,29.827,29.761,29.813,117752.77
2026-07-18 13:10:00,29.813,29.901,29.744,29.76,12357.35
2026-07-18 13:15:00,29.76,29.788,29.74,29.771,50272.19
2026-07-18 13:20:00,29.771,29.775,29.738,29.748,13375.5
2026-07-18 13:25:00,29.748,29.838,29.736,29.82,149245.9
2026-07-18 13:30:00,29.82,29.899,29.819,29.893,54915.1
2026-07-18 13:35:00,29.893,29.919,29.814,29.863,62365.75
2026-07-18 13:40:00,29.863,29.892,29.857,29.875,210633.85
2026-07-18 13:45:00,29.875,29.976,29.815,29.842,72329.78
2026-07-18 13:50:00,29.842,29.885,29.8,29.814,15178.95
2026-07-18 13:55:00,29.814,29.913,29.707,29.73,187872.02
2026-07-18 14:00:00,29.73,29.834,29.704,29.79,79095.48
2026-07-18 14:05:00,29.79,29.816,29.786,29.803,12224.09
2026-07-18 14:10:00,29.803,29.86,29.78,29.834,9830.5
2026-07-18 14:15:00,29.834,29.906,29.803,29.905,132897.59
2026-07-18 14:20:00,29.905,29.933,29.873,29.932,12204.38
2026-07-18 14:25:00,29.932,29.972,29.898,29.958,983.05
2026-07-18 14:30:00,29.958,30.082,29.953,30.071,44921.65
2026-07-18 14:35:00,30.071,30.157,30.052,30.133,21173.28
2026-07-18 14:40:00,30.133,30.191,30.101,30.124,5382.67
2026-07-18 14:45:00,30.124,30.247,30.03,30.058,277488.32
2026-07-18 14:50:00,30.058,30.139,30.038,30.07,58383.26
2026-07-18 14:55:00,30.07,30.201,29.984,30.011,252479.35
2026-07-18 15:00:00,30.011,30.012,29.955,29.995,55385.65
2026-07-18 15:05:00,29.995,30.106,29.896,29.916,492990.64
2026-07-18 15:10:00,29.916,30.031,29.818,29.846,128297.09
2026-07-18 15:15:00,29.846,29.847,29.777,29.787,24833.04
2026-07-18 15:20:00,29.787,29.802,29.763,29.766,793.63
2026-07-18 15:25:00,29.766,29.838,29.764,29.815,40623.36
2026-07-18 15:30:00,29.815,29.844,29.798,29.838,24288.31
2026-07-18 15:35:00,29.838,29.924,29.79,29.913,80371.41
2026-07-18 15:40:00,29.913,30.034,29.847,29.99,8561.4
2026-07-18 15:45:00,29.99,30.039,29.918,29.968,20624.02
2026-07-18 15:50:00,29.968,30.001,29.957,29.988,24536.83
2026-07-18 15:55:00,29.988,29.999,29.955,29.975,95521.87
2026-07-18 16:00:00,29.975,29.982,29.927,29.931,93727.76
2026-07-18 16:05:00,29.931,29.961,29.916,29.927,46767.27
2026-07-18 16:10:00,29.927,29.935,29.791,29.886,18765.06
2026-07-18 16:15:00,29.886,29.904,29.731,29.755,64977.75
2026-07-18 16:20:00,29.755,29.853,29.737,29.843,24059.45
2026-07-18 16:25:00,29.843,29.909,29.783,29.825,35452.17
2026-07-18 16:30:00,29.825,29.866,29.764,29.863,87704.77
2026-07-18 16:35:00,29.863,29.885,29.829,29.831,24229.97
2026-07-18 16:40:00,29.831,29.94,29.785,29.921,53303.94
2026-07-18 16:45:00,29.921,29.971,29.896,29.95,17876.48
2026-07-18 16:50:00,29.95,29.998,29.93,29.987,10238.93
2026-07-18 16:55:00,29.987,30.041,29.957,29.984,11326.8
2026-07-18 17:00:00,29.984,30.05,29.962,30.029,150424.13
2026-07-18 17:05:00,30.029,30.05,30.004,30.045,42534.31
2026-07-18 17:10:00,30.045,30.067,29.981,30.018,73970.74
2026-07-18 17:15:00,30.018,30.02,30.004,30.01,35437.46
2026-07-18 17:20:00,30.01,30.015,30.003,30.01,85509.07
2026-07-18 17:25:00,30.01,30.074,30.003,30.006,3994.53
2026-07-18 17:30:00,30.006,30.051,29.932,29.993,107072.73
2026-07-18 17:35:00,29.993,30.042,29.936,30.016,5368.44
2026-07-18 17:40:00,30.016,30.115,29.983,30.081,31538.31
2026-07-18 17:45:00,30.081,30.126,30.031,30.053,97641.59
2026-07-18 17:50:00,30.053,30.083,30.009,30.079,181381.14
2026-07-18 17:55:00,30.079,30.127,30.072,30.119,43011.94
2026-07-18 18:00:00,30.119,30.181,30.038,30.055,529601.86
2026-07-18 18:05:00,30.055,30.126,29.994,30.107,37151.87
2026-07-18 18:10:00,30.107,30.128,30.093,30.097,78271.75
2026-07-18 18:15:00,30.097,30.203,29.991,30.01,296257.58
2026-07-18 18:20:00,30.01,30.017,29.92,29.951,48843.99
2026-07-18 18:25:00,29.951,30.018,29.943,29.982,20796.91
2026-07-18 18:30:00,29.982,30.065,29.959,30.031,57458.99
2026-07-18 18:35:00,30.031,30.071,29.994,30.014,141301.72
2026-07-18 18:40:00,30.014,30.065,29.925,29.964,52876.77
2026-07-18 18:45:00,29.964,29.973,29.947,29.967,13096.52
2026-07-18 18:50:00,29.967,29.974,29.939,29.958,66763.62
2026-07-18 18:55:00,29.958,29.984,29.913,29.917,13733.11
2026-07-18 19:00:00,29.917,29.966,29.843,29.892,2261.31
2026-07-18 19:05:00,29.892,29.924,29.857,29.913,13715.28
2026-07-18 19:10:00,29.913,29.965,29.878,29.921,9928.94
2026-07-18 19:15:00,29.921,29.936,29.883,29.913,70051.3
2026-07-18 19:20:00,29.913,29.94,29.832,29.839,54640.21
2026-07-18 19:25:00,29.839,29.86,29.813,29.849,28587.81
2026-07-18 19:30:00,29.849,29.882,29.782,29.798,148822.02
2026-07-18 19:35:00,29.798,29.803,29.723,29.734,27426.32
2026-07-18 19:40:00,29.734,29.763,29.69,29.709,7548.71
2026-07-18 19:45:00,29.709,29.768,29.656,29.756,270253.23
2026-07-18 19:50:00,29.756,29.794,29.73,29.761,74046.56
2026-07-18 19:55:00,29.761,29.798,29.694,29.74,40960.41
2026-07-18 20:00:00,29.74,29.795,29.714,29.73,27020.23
2026-07-18 20:05:00,29.73,29.807,29.657,29.79,311351.35
2026-07-18 20:10:00,29.79,29.838,29.658,29.73,14367.48
2026-07-18 20:15:00,29.73,29.738,29.714,29.736,32707.04
2026-07-18 20:20:00,29.736,29.744,29.721,29.73,14225.33
2026-07-18 20:25:00,29.73,29.834,29.652,29.808,209525.01
2026-07-18 20:30:00,29.808,29.817,29.72,29.74,9689.12
2026-07-18 20:35:00,29.74,29.83,29.626,29.813,991690.84
2026-07-18 20:40:00,29.813,29.864,29.698,29.854,13508.55
2026-07-18 20:45:00,29.854,29.892,29.842,29.887,72099.18
2026-07-18 20:50:00,29.887,29.905,29.82,29.848,126557.37
2026-07-18 20:55:00,29.848,29.886,29.791,29.805,101683.98
2026-07-18 21:00:00,29.805,29.824,29.768,29.81,7661.09
2026-07-18 21:05:00,29.81,29.867,29.808,29.837,42239.09
2026-07-18 21:10:00,29.837,29.859,29.761,29.785,12643.86
2026-07-18 21:15:00,29.785,29.79,29.679,29.713,192576.13
2026-07-18 21:20:00,29.713,29.799,29.672,29.762,20646.45
2026-07-18 21:25:00,29.762,29.806,29.647,29.791,153751.09
2026-07-18 21:30:00,29.791,29.84,29.712,29.821,781214.2
2026-07-18 21:35:00,29.821,29.926,29.803,29.872,2904.16
2026-07-18 21:40:00,29.872,29.891,29.858,29.871,35263.49
2026-07-18 21:45:00,29.871,29.986,29.866,29.944,40297.01
2026-07-18 21:50:00,29.944,29.953,29.937,29.953,13078.39
2026-07-18 21:55:00,29.953,30.066,29.943,30.065,44064.36
2026-07-18 22:00:00,30.065,30.067,29.972,29.979,68138.72
2026-07-18 22:05:00,29.979,29.995,29.966,29.987,13121.4
2026-07-18 22:10:00,29.987,29.999,29.907,29.932,16517.58
2026-07-18 22:15:00,29.932,29.963,29.912,29.919,97897.08
2026-07-18 22:20:00,29.919,30.007,29.898,29.997,7264.41
2026-07-18 22:25:00,29.997,30.028,29.932,29.951,145608.8
2026-07-18 22:30:00,29.951,30.016,29.879,29.925,78170.66
2026-07-18 22:35:00,29.925,29.927,29.854,29.871,174020.66
2026-07-18 22:40:00,29.871,29.942,29.816,29.93,21648.07
2026-07-18 22:45:00,29.93,29.964,29.852,29.877,871.94
2026-07-18 22:50:00,29.877,29.919,29.854,29.913,192853.63
2026-07-18 22:55:00,29.913,29.956,29.904,29.936,32818.03
2026-07-18 23:00:00,29.936,29.976,29.896,29.961,196198.5
2026-07-18 23:05:00,29.961,30.032,29.951,30.021,5152.83
2026-07-18 23:10:00,30.021,30.06,30.013,30.031,45367.83
2026-07-18 23:15:00,30.031,30.064,29.986,30.055,518.2
2026-07-18 23:20:00,30.055,30.075,30.013,30.034,16989.13
2026-07-18 23:25:00,30.034,30.063,30.028,30.061,90309.11
2026-07-18 23:30:00,30.061,30.132,30.034,30.121,77817.67
2026-07-18 23:35:00,30.121,30.182,30.071,30.085,206352.46
2026-07-18 23:40:00,30.085,30.156,30.018,30.032,42573.49
2026-07-18 23:45:00,30.032,30.059,29.975,30.031,10824.75
2026-07-18 23:50:00,30.031,30.09,29.938,29.948,54518.41
2026-07-18 23:55:00,29.948,29.957,29.923,29.951,94091.69
2026-07-19 00:00:00,29.951,29.981,29.947,29.967,13575.82
2026-07-19 00:05:00,29.967,30.006,29.924,29.973,55973.12
2026-07-19 00:10:00,29.973,30.13,29.968,30.061,47012.83
2026-07-19 00:15:00,30.061,30.073,29.978,30.01,21048.93
2026-07-19 00:20:00,30.01,30.14,29.912,29.925,113075.32
2026-07-19 00:25:00,29.925,29.96,29.879,29.941,33520.84
2026-07-19 00:30:00,29.941,30.082,29.926,30.02,7327.99
2026-07-19 00:35:00,30.02,30.119,30.007,30.095,20541.68
2026-07-19 00:40:00,30.095,30.173,30.085,30.163,104814.86
2026-07-19 00:45:00,30.163,30.226,30.076,30.099,541484.02
2026-07-19 00:50:00,30.099,30.123,30.085,30.101,30520.86
2026-07-19 00:55:00,30.101,30.115,30.046,30.086,86779.14
2026-07-19 01:00:00,30.086,30.108,29.981,30.026,6734.24
2026-07-19 01:05:00,30.026,30.055,30.011,30.049,41964.34
2026-07-19 01:10:00,30.049,30.157,29.933,29.961,24789.45
2026-07-19 01:15:00,29.961,29.995,29.915,29.929,47766.65
2026-07-19 01:20:00,29.929,29.975,29.928,29.968,28439.36
2026-07-19 01:25:00,29.968,30.088,29.959,30.067,7789.12
2026-07-19 01:30:00,30.067,30.177,30.022,30.146,282424.94
2026-07-19 01:35:00,30.146,30.191,30.106,30.19,85155.94
2026-07-19 01:40:00,30.19,30.218,30.148,30.174,31731.31
2026-07-19 01:45:00,30.174,30.175,30.082,30.115,7899.85
2026-07-19 01:50:00,30.115,30.159,30.088,30.089,130502.85
2026-07-19 01:55:00,30.089,30.145,30.031,30.048,32357.06
2026-07-19 02:00:00,30.048,30.055,29.972,29.973,64655.1
2026-07-19 02:05:00,29.973,30.013,29.957,29.968,22715.16
2026-07-19 02:10:00,29.968,30.035,29.93,29.943,73321.08
2026-07-19 02:15:00,29.943,29.997,29.901,29.983,136489.69
2026-07-19 02:20:00,29.983,30.02,29.926,30.007,12183.49
2026-07-19 02:25:00,30.007,30.086,29.967,29.978,3688.37
2026-07-19 02:30:00,29.978,30.023,29.969,30.013,14836.23
2026-07-19 02:35:00,30.013,30.036,29.971,29.979,11023.76
2026-07-19 02:40:00,29.979,30.033,29.942,29.996,17620.51
2026-07-19 02:45:00,29.996,30.023,29.982,30.006,67974.61
2026-07-19 02:50:00,30.006,30.061,29.974,30.041,82131.72
2026-07-19 02:55:00,30.041,30.144,29.957,29.987,187552.95
2026-07-19 03:00:00,29.987,29.998,29.957,29.98,48170.91
2026-07-19 03:05:00,29.98,30.03,29.972,30.007,11935.2
2026-07-19 03:10:00,30.007,30.065,29.994,30.033,51329.2
2026-07-19 03:15:00,30.033,30.09,29.971,29.982,113168.04
2026-07-19 03:20:00,29.982,30.044,29.972,30.021,35815.42
2026-07-19 03:25:00,30.021,30.109,30.012,30.052,126894.12
2026-07-19 03:30:00,30.052,30.147,30.04,30.141,4503.77
2026-07-19 03:35:00,30.141,30.184,30.024,30.073,142447.55
2026-07-19 03:40:00,30.073,30.092,30.061,30.091,25874.86
2026-07-19 03:45:00,30.091,30.14,30.074,30.135,87531.45
2026-07-19 03:50:00,30.135,30.208,30.122,30.189,47127.53
2026-07-19 03:55:00,30.189,30.281,30.143,30.153,67381.42
2026-07-19 04:00:00,30.153,30.211,30.093,30.113,223887.51
2026-07-19 04:05:00,30.113,30.205,30.088,30.205,5352.55
2026-07-19 04:10:00,30.205,30.332,30.1,30.126,256295.72
2026-07-19 04:15:00,30.126,30.162,30.124,30.156,53120.12
2026-07-19 04:20:00,30.156,30.201,30.114,30.145,6634.61
2026-07-19 04:25:00,30.145,30.156,30.12,30.122,7744.61
2026-07-19 04:30:00,30.122,30.138,30.099,30.111,129079.11
2026-07-19 04:35:00,30.111,30.113,30.086,30.102,44562.03
2026-07-19 04:40:00,30.102,30.145,30.038,30.081,10273.42
2026-07-19 04:45:00,30.081,30.095,30.019,30.068,34952.91
2026-07-19 04:50:00,30.068,30.093,29.974,29.98,25996.35
2026-07-19 04:55:00,29.98,30.042,29.969,30.036,153765.86
2026-07-19 05:00:00,30.036,30.095,29.971,30.017,48480.08
2026-07-19 05:05:00,30.017,30.018,29.98,29.995,73659.24
2026-07-19 05:10:00,29.995,30.019,29.915,29.935,37305.95
2026-07-19 05:15:00,29.935,30.012,29.855,29.995,116159.82
2026-07-19 05:20:00,29.995,30.047,29.988,30.037,57311.28
2026-07-19 05:25:00,30.037,30.07,30.012,30.019,183825.78
2026-07-19 05:30:00,30.019,30.056,30.01,30.041,25475.38
2026-07-19 05:35:00,30.041,30.049,30.0,30.024,74679.33
2026-07-19 05:40:00,30.024,30.077,30.002,30.058,17312.0
2026-07-19 05:45:00,30.058,30.061,30.039,30.045,26790.42
2026-07-19 05:50:00,30.045,30.082,30.005,30.07,117016.06
2026-07-19 05:55:00,30.07,30.133,30.014,30.092,12574.63
2026-07-19 06:00:00,30.092,30.122,30.075,30.107,36536.5
2026-07-19 06:05:00,30.107,30.119,30.101,30.11,11600.95
2026-07-19 06:10:00,30.11,30.151,30.07,30.071,37724.47
2026-07-19 06:15:00,30.071,30.148,30.043,30.131,29259.12
2026-07-19 06:20:00,30.131,30.147,30.125,30.129,33958.74
2026-07-19 06:25:00,30.129,30.153,30.102,30.139,50504.63
2026-07-19 06:30:00,30.139,30.235,30.128,30.227,45682.96
2026-07-19 06:35:00,30.227,30.322,30.172,30.189,66121.44
2026-07-19 06:40:00,30.189,30.317,30.131,30.148,277242.11
2026-07-19 06:45:00,30.148,30.219,30.113,30.214,52314.12
2026-07-19 06:50:00,30.214,30.257,30.207,30.242,68835.57
2026-07-19 06:55:00,30.242,30.318,30.2,30.315,1348.89
2026-07-19 07:00:00,30.315,30.369,30.253,30.275,159538.62
2026-07-19 07:05:00,30.275,30.318,30.236,30.286,26521.61
2026-07-19 07:10:00,30.286,30.331,30.247,30.304,56954.14
2026-07-19 07:15:00,30.304,30.353,30.287,30.297,25150.74
2026-07-19 07:20:00,30.297,30.342,30.282,30.333,72029.5
2026-07-19 07:25:00,30.333,30.441,30.259,30.285,215640.59
2026-07-19 07:30:00,30.285,30.34,30.267,30.318,12497.04
2026-07-19 07:35:00,30.318,30.375,30.251,30.269,78349.43
2026-07-19 07:40:00,30.269,30.281,30.245,30.246,12489.71
2026-07-19 07:45:00,30.246,30.278,30.209,30.23,47880.56
2026-07-19 07:50:00,30.23,30.31,30.156,30.261,6994.33
2026-07-19 07:55:00,30.261,30.319,30.236,30.258,130417.45
2026-07-19 08:00:00,30.258,30.37,30.252,30.366,68088.2
2026-07-19 08:05:00,30.366,30.436,30.353,30.416,104623.62
2026-07-19 08:10:00,30.416,30.55,30.359,30.383,375298.22
2026-07-19 08:15:00,30.383,30.423,30.319,30.359,13351.48
2026-07-19 08:20:00,30.359,30.454,30.306,30.32,126298.65
2026-07-19 08:25:00,30.32,30.336,30.274,30.293,42861.65
2026-07-19 08:30:00,30.293,30.335,30.268,30.291,32980.01
2026-07-19 08:35:00,30.291,30.407,30.229,30.258,90398.0
2026-07-19 08:40:00,30.258,30.308,30.241,30.259,31670.55
2026-07-19 08:45:00,30.259,30.291,30.232,30.29,71419.32
2026-07-19 08:50:00,30.29,30.303,30.266,30.266,25080.44
2026-07-19 08:55:00,30.266,30.324,30.217,30.238,28119.42
2026-07-19 09:00:00,30.238,30.324,30.21,30.298,81996.87
2026-07-19 09:05:00,30.298,30.365,30.218,30.242,92687.46
2026-07-19 09:10:00,30.242,30.325,30.214,30.321,11025.21
2026-07-19 09:15:00,30.321,30.392,30.294,30.374,187853.02
2026-07-19 09:20:00,30.374,30.486,30.33,30.344,592679.57
2026-07-19 09:25:00,30.344,30.419,30.322,30.411,2091.01
2026-07-19 09:30:00,30.411,30.448,30.377,30.39,2193.05
2026-07-19 09:35:00,30.39,30.405,30.296,30.358,28351.11
2026-07-19 09:40:00,30.358,30.437,30.249,30.27,198503.87
2026-07-19 09:45:00,30.27,30.311,30.227,30.268,5739.84
2026-07-19 09:50:00,30.268,30.273,30.186,30.193,18882.06
2026-07-19 09:55:00,30.193,30.25,30.175,30.246,45283.02
2026-07-19 10:00:00,30.246,30.25,30.179,30.231,21994.78
2026-07-19 10:05:00,30.231,30.349,30.199,30.345,75935.48
2026-07-19 10:10:00,30.345,30.38,30.261,30.3,27683.82
2026-07-19 10:15:00,30.3,30.344,30.208,30.233,31208.8
2026-07-19 10:20:00,30.233,30.271,30.179,30.181,3289.37
2026-07-19 10:25:00,30.181,30.216,30.073,30.1,13098.45
2026-07-19 10:30:00,30.1,30.15,30.083,30.121,56031.37
2026-07-19 10:35:00,30.121,30.225,30.11,30.189,50677.17
2026-07-19 10:40:00,30.189,30.25,30.132,30.155,28801.27
2026-07-19 10:45:00,30.155,30.187,30.095,30.119,64032.04
2026-07-19 10:50:00,30.119,30.155,29.991,30.033,94374.47
2026-07-19 10:55:00,30.033,30.095,29.978,30.083,15280.26
2026-07-19 11:00:00,30.083,30.128,30.041,30.073,24315.26
2026-07-19 11:05:00,30.073,30.127,30.031,30.096,59548.21
2026-07-19 11:10:00,30.096,30.134,30.08,30.101,50793.99
2026-07-19 11:15:00,30.101,30.143,30.083,30.095,5524.62
2026-07-19 11:20:00,30.095,30.132,30.077,30.106,34840.92
2026-07-19 11:25:00,30.106,30.165,30.076,30.097,13856.17
2026-07-19 11:30:00,30.097,30.184,30.057,30.172,21975.56
2026-07-19 11:35:00,30.172,30.268,30.137,30.242,66358.52
2026-07-19 11:40:00,30.242,30.282,30.177,30.27,61710.07
2026-07-19 11:45:00,30.27,30.37,30.27,30.352,43607.79
2026-07-19 11:50:00,30.352,30.438,30.301,30.396,27801.33
2026-07-19 11:55:00,30.396,30.526,30.292,30.314,288483.95
2026-07-19 12:00:00,30.314,30.436,30.311,30.388,54731.06
2026-07-19 12:05:00,30.388,30.492,30.326,30.356,330959.94
2026-07-19 12:10:00,30.356,30.415,30.343,30.386,46290.07
2026-07-19 12:15:00,30.386,30.414,30.349,30.367,221884.01
2026-07-19 12:20:00,30.367,30.421,30.309,30.359,38640.2
2026-07-19 12:25:00,30.359,30.522,30.345,30.457,30698.82
2026-07-19 12:30:00,30.457,30.554,30.445,30.527,34132.56
2026-07-19 12:35:00,30.527,30.554,30.48,30.532,45073.19
2026-07-19 12:40:00,30.532,30.567,30.515,30.552,35432.24
2026-07-19 12:45:00,30.552,30.651,30.551,30.64,131956.2
2026-07-19 12:50:00,30.64,30.705,30.568,30.586,370211.93
2026-07-19 12:55:00,30.586,30.604,30.566,30.596,8183.62
2026-07-19 13:00:00,30.596,30.691,30.567,30.69,103581.57
2026-07-19 13:05:00,30.69,30.759,30.682,30.756,57984.72
2026-07-19 13:10:00,30.756,30.824,30.658,30.676,14875.11
2026-07-19 13:15:00,30.676,30.79,30.603,30.615,16903.6
2026-07-19 13:20:00,30.615,30.686,30.549,30.652,40881.85
2026-07-19 13:25:00,30.652,30.655,30.542,30.583,68838.69
2026-07-19 13:30:00,30.583,30.642,30.534,30.547,218215.97
2026-07-19 13:35:00,30.547,30.616,30.532,30.606,31882.1
2026-07-19 13:40:00,30.606,30.711,30.518,30.541,179596.77
2026-07-19 13:45:00,30.541,30.66,30.519,30.627,49745.79
2026-07-19 13:50:00,30.627,30.705,30.562,30.591,29326.99
2026-07-19 13:55:00,30.591,30.663,30.53,30.547,9389.81
2026-07-19 14:00:00,30.547,30.604,30.535,30.563,94276.67
2026-07-19 14:05:00,30.563,30.612,30.542,30.6,135543.61
2026-07-19 14:10:00,30.6,30.636,30.558,30.608,60227.1
2026-07-19 14:15:00,30.608,30.647,30.483,30.531,256633.03
2026-07-19 14:20:00,30.531,30.595,30.526,30.543,1077.44
2026-07-19 14:25:00,30.543,30.612,30.437,30.459,146663.67
2026-07-19 14:30:00,30.459,30.467,30.405,30.454,134563.29
2026-07-19 14:35:00,30.454,30.558,30.439,30.534,46527.66
2026-07-19 14:40:00,30.534,30.572,30.465,30.498,72205.05
2026-07-19 14:45:00,30.498,30.601,30.438,30.462,485381.4
2026-07-19 14:50:00,30.462,30.52,30.368,30.38,191547.61
2026-07-19 14:55:00,30.38,30.463,30.309,30.335,167693.4
2026-07-19 15:00:00,30.335,30.398,30.318,30.363,32890.09
2026-07-19 15:05:00,30.363,30.429,30.248,30.276,124768.06
2026-07-19 15:10:00,30.276,30.302,30.262,30.276,16814.9
2026-07-19 15:15:00,30.276,30.31,30.269,30.306,19547.02
2026-07-19 15:20:00,30.306,30.351,30.294,30.342,16830.63
2026-07-19 15:25:00,30.342,30.388,30.333,30.359,104815.92
2026-07-19 15:30:00,30.359,30.455,30.35,30.418,10392.15
2026-07-19 15:35:00,30.418,30.464,30.407,30.418,93774.45
2026-07-19 15:40:00,30.418,30.461,30.385,30.385,4930.01
2026-07-19 15:45:00,30.385,30.389,30.322,30.353,42160.66
2026-07-19 15:50:00,30.353,30.42,30.339,30.407,29555.05
2026-07-19 15:55:00,30.407,30.418,30.377,30.398,10916.2
2026-07-19 16:00:00,30.398,30.423,30.372,30.408,12240.56
2026-07-19 16:05:00,30.408,30.456,30.405,30.415,38064.75
2026-07-19 16:10:00,30.415,30.497,30.397,30.47,64302.3
2026-07-19 16:15:00,30.47,30.516,30.44,30.494,9981.16
2026-07-19 16:20:00,30.494,30.548,30.489,30.541,141526.62
2026-07-19 16:25:00,30.541,30.6,30.479,30.499,12510.81
2026-07-19 16:30:00,30.499,30.546,30.464,30.535,1400.41
2026-07-19 16:35:00,30.535,30.608,30.495,30.55,12535.92
2026-07-19 16:40:00,30.55,30.638,30.506,30.577,1853.31
2026-07-19 16:45:00,30.577,30.6,30.482,30.521,69954.44
2026-07-19 16:50:00,30.521,30.543,30.489,30.534,1917.65
2026-07-19 16:55:00,30.534,30.628,30.483,30.569,65149.2
2026-07-19 17:00:00,30.569,30.655,30.555,30.556,28640.55
2026-07-19 17:05:00,30.556,30.581,30.492,30.499,10167.35
2026-07-19 17:10:00,30.499,30.502,30.453,30.457,33134.54
2026-07-19 17:15:00,30.457,30.469,30.404,30.427,22667.5
2026-07-19 17:20:00,30.427,30.455,30.389,30.425,6750.21
2026-07-19 17:25:00,30.425,30.445,30.401,30.442,20721.2
2026-07-19 17:30:00,30.442,30.57,30.407,30.525,16878.49
2026-07-19 17:35:00,30.525,30.596,30.525,30.589,1074.62
2026-07-19 17:40:00,30.589,30.712,30.544,30.666,113643.59
2026-07-19 17:45:00,30.666,30.668,30.602,30.633,46516.62
2026-07-19 17:50:00,30.633,30.667,30.614,30.62,24326.76
2026-07-19 17:55:00,30.62,30.667,30.509,30.541,162998.2
2026-07-19 18:00:00,30.541,30.566,30.502,30.518,13653.39
2026-07-19 18:05:00,30.518,30.553,30.497,30.506,53290.44
2026-07-19 18:10:00,30.506,30.595,30.461,30.555,5563.21
2026-07-19 18:15:00,30.555,30.582,30.547,30.549,47051.76
2026-07-19 18:20:00,30.549,30.602,30.438,30.46,92147.85
2026-07-19 18:25:00,30.46,30.463,30.408,30.435,86924.59
2026-07-19 18:30:00,30.435,30.473,30.319,30.332,47254.07
2026-07-19 18:35:00,30.332,30.363,30.253,30.271,161677.65
2026-07-19 18:40:00,30.271,30.322,30.164,30.215,39291.86
2026-07-19 18:45:00,30.215,30.279,30.195,30.279,45334.06
2026-07-19 18:50:00,30.279,30.313,30.27,30.306,38955.54
2026-07-19 18:55:00,30.306,30.312,30.278,30.284,28658.53
2026-07-19 19:00:00,30.284,30.293,30.262,30.292,17269.31
2026-07-19 19:05:00,30.292,30.324,30.268,30.275,10893.08
2026-07-19 19:10:00,30.275,30.283,30.272,30.273,34431.11
2026-07-19 19:15:00,30.273,30.373,30.239,30.339,10409.65
2026-07-19 19:20:00,30.339,30.36,30.321,30.333,39588.29
2026-07-19 19:25:00,30.333,30.381,30.268,30.268,32829.36
2026-07-19 19:30:00,30.268,30.332,30.252,30.271,49520.8
2026-07-19 19:35:00,30.271,30.396,30.244,30.38,133544.39
2026-07-19 19:40:00,30.38,30.489,30.377,30.458,37644.57
2026-07-19 19:45:00,30.458,30.493,30.38,30.381,23390.88
2026-07-19 19:50:00,30.381,30.412,30.342,30.388,81027.85
2026-07-19 19:55:00,30.388,30.416,30.298,30.305,32992.71
2026-07-19 20:00:00,30.305,30.403,30.302,30.351,34607.09
2026-07-19 20:05:00,30.351,30.372,30.298,30.305,9071.61
2026-07-19 20:10:00,30.305,30.38,30.288,30.328,19569.06
2026-07-19 20:15:00,30.328,30.338,30.274,30.316,8090.51
2026-07-19 20:20:00,30.316,30.368,30.308,30.343,76329.41
2026-07-19 20:25:00,30.343,30.416,30.289,30.382,12966.71
2026-07-19 20:30:00,30.382,30.409,30.374,30.376,106435.59
2026-07-19 20:35:00,30.376,30.443,30.367,30.422,63974.54
2026-07-19 20:40:00,30.422,30.477,30.394,30.438,61125.67
2026-07-19 20:45:00,30.438,30.451,30.416,30.429,62299.09
2026-07-19 20:50:00,30.429,30.447,30.383,30.412,31419.13
2026-07-19 20:55:00,30.412,30.481,30.393,30.468,38398.46
2026-07-19 21:00:00,30.468,30.479,30.301,30.384,7630.74
2026-07-19 21:05:00,30.384,30.402,30.318,30.333,6164.35
2026-07-19 21:10:00,30.333,30.41,30.29,30.405,2579.76
2026-07-19 21:15:00,30.405,30.419,30.344,30.345,2921.29
2026-07-19 21:20:00,30.345,30.375,30.338,30.356,79804.96
2026-07-19 21:25:00,30.356,30.425,30.318,30.417,50217.74
2026-07-19 21:30:00,30.417,30.493,30.41,30.492,173137.83
2026-07-19 21:35:00,30.492,30.545,30.461,30.522,17045.73
2026-07-19 21:40:00,30.522,30.553,30.513,30.538,73523.04
2026-07-19 21:45:00,30.538,30.561,30.44,30.492,34401.29
2026-07-19 21:50:00,30.492,30.52,30.387,30.387,141852.32
2026-07-19 21:55:00,30.387,30.421,30.368,30.414,53821.34
2026-07-19 22:00:00,30.414,30.508,30.402,30.476,1441.05
2026-07-19 22:05:00,30.476,30.544,30.443,30.531,41959.86
2026-07-19 22:10:00,30.531,30.567,30.47,30.525,35760.07
2026-07-19 22:15:00,30.525,30.556,30.496,30.55,8737.92
2026-07-19 22:20:00,30.55,30.573,30.441,30.473,59777.39
2026-07-19 22:25:00,30.473,30.537,30.45,30.513,130455.49
2026-07-19 22:30:00,30.513,30.55,30.486,30.516,53953.74
2026-07-19 22:35:00,30.516,30.54,30.445,30.461,74289.88
2026-07-19 22:40:00,30.461,30.543,30.386,30.502,83408.82
2026-07-19 22:45:00,30.502,30.556,30.492,30.536,6012.81
2026-07-19 22:50:00,30.536,30.631,30.476,30.609,21409.48
2026-07-19 22:55:00,30.609,30.702,30.57,30.692,72720.69
2026-07-19 23:00:00,30.692,30.783,30.689,30.755,50138.78
2026-07-19 23:05:00,30.755,30.855,30.692,30.715,217319.77
2026-07-19 23:10:00,30.715,30.793,30.661,30.673,23677.56
2026-07-19 23:15:00,30.673,30.69,30.645,30.645,201438.74
2026-07-19 23:20:00,30.645,30.732,30.54,30.565,517131.24
2026-07-19 23:25:00,30.565,30.608,30.563,30.595,7562.31
2026-07-19 23:30:00,30.595,30.686,30.59,30.669,15529.35
2026-07-19 23:35:00,30.669,30.69,30.551,30.587,5609.28
2026-07-19 23:40:00,30.587,30.606,30.551,30.578,38532.54
2026-07-19 23:45:00,30.578,30.615,30.514,30.531,25004.2
2026-07-19 23:50:00,30.531,30.591,30.52,30.578,85590.44
2026-07-19 23:55:00,30.578,30.608,30.546,30.552,83818.36
2026-07-20 00:00:00,30.552,30.573,30.535,30.571,173357.11
2026-07-20 00:05:00,30.571,30.585,30.521,30.548,22305.51
2026-07-20 00:10:00,30.548,30.603,30.533,30.597,28342.45
2026-07-20 00:15:00,30.597,30.64,30.583,30.604,180686.35
2026-07-20 00:20:00,30.604,30.701,30.603,30.667,53038.78
2026-07-20 00:25:00,30.667,30.677,30.588,30.616,7628.49
2026-07-20 00:30:00,30.616,30.629,30.576,30.594,51055.25
2026-07-20 00:35:00,30.594,30.614,30.549,30.573,16977.43
2026-07-20 00:40:00,30.573,30.717,30.557,30.697,87037.41
2026-07-20 00:45:00,30.697,30.746,30.593,30.616,113260.14
2026-07-20 00:50:00,30.616,30.625,30.584,30.612,15009.02
2026-07-20 00:55:00,30.612,30.637,30.522,30.523,97918.65
2026-07-20 01:00:00,30.523,30.524,30.455,30.472,83358.62
2026-07-20 01:05:00,30.472,30.492,30.454,30.465,84626.31
2026-07-20 01:10:00,30.465,30.524,30.447,30.521,32334.25
2026-07-20 01:15:00,30.521,30.543,30.47,30.487,186335.41
2026-07-20 01:20:00,30.487,30.525,30.431,30.471,53916.59
2026-07-20 01:25:00,30.471,30.547,30.463,30.474,21769.66
2026-07-20 01:30:00,30.474,30.509,30.451,30.46,124959.4
2026-07-20 01:35:00,30.46,30.553,30.456,30.525,192588.1
2026-07-20 01:40:00,30.525,30.531,30.493,30.527,133608.43
2026-07-20 01:45:00,30.527,30.56,30.456,30.504,8280.74
2026-07-20 01:50:00,30.504,30.517,30.467,30.472,14296.47
2026-07-20 01:55:00,30.472,30.48,30.393,30.393,20809.73
2026-07-20 02:00:00,30.393,30.416,30.333,30.351,30116.92
2026-07-20 02:05:00,30.351,30.416,30.298,30.41,41514.85
2026-07-20 02:10:00,30.41,30.43,30.376,30.399,34003.38
2026-07-20 02:15:00,30.399,30.475,30.374,30.452,183534.16
2026-07-20 02:20:00,30.452,30.496,30.359,30.387,71191.09
2026-07-20 02:25:00,30.387,30.402,30.36,30.371,17862.05
2026-07-20 02:30:00,30.371,30.404,30.31,30.319,60618.22
2026-07-20 02:35:00,30.319,30.383,30.207,30.218,16084.74
2026-07-20 02:40:00,30.218,30.266,30.131,30.132,16516.46
2026-07-20 02:45:00,30.132,30.161,30.096,30.125,120990.95
2026-07-20 02:50:00,30.125,30.167,30.05,30.152,58467.76
2026-07-20 02:55:00,30.152,30.157,30.087,30.143,2453.62
2026-07-20 03:00:00,30.143,30.148,30.093,30.125,6022.64
2026-07-20 03:05:00,30.125,30.169,30.118,30.143,19593.49
2026-07-20 03:10:00,30.143,30.178,30.139,30.139,27117.16
2026-07-20 03:15:00,30.139,30.248,30.049,30.221,103488.25
2026-07-20 03:20:00,30.221,30.254,30.214,30.237,9916.93
2026-07-20 03:25:00,30.237,30.301,30.123,30.274,42856.8
2026-07-20 03:30:00,30.274,30.317,30.215,30.272,9714.6
2026-07-20 03:35:00,30.272,30.422,30.265,30.356,81000.43
2026-07-20 03:40:00,30.356,30.365,30.352,30.355,191998.21
2026-07-20 03:45:00,30.355,30.393,30.279,30.333,39798.6
2026-07-20 03:50:00,30.333,30.352,30.309,30.325,7527.28
2026-07-20 03:55:00,30.325,30.368,30.309,30.357,24267.4
2026-07-20 04:00:00,30.357,30.372,30.324,30.343,21835.56
2026-07-20 04:05:00,30.343,30.373,30.283,30.343,3890.63
2026-07-20 04:10:00,30.343,30.418,30.292,30.391,251180.57
2026-07-20 04:15:00,30.391,30.486,30.381,30.425,10369.55
2026-07-20 04:20:00,30.425,30.435,30.341,30.358,13021.05
2026-07-20 04:25:00,30.358,30.466,30.292,30.418,33912.97
2026-07-20 04:30:00,30.418,30.516,30.417,30.472,78916.84
2026-07-20 04:35:00,30.472,30.5,30.369,30.421,7651.0
2026-07-20 04:40:00,30.421,30.456,30.322,30.361,29262.83
2026-07-20 04:45:00,30.361,30.419,30.294,30.326,2071.45
2026-07-20 04:50:00,30.326,30.361,30.315,30.326,27338.5
2026-07-20 04:55:00,30.326,30.44,30.316,30.387,37319.86
2026-07-20 05:00:00,30.387,30.495,30.356,30.459,6349.11
2026-07-20 05:05:00,30.459,30.463,30.404,30.458,84404.89
2026-07-20 05:10:00,30.458,30.486,30.441,30.481,29625.83
2026-07-20 05:15:00,30.481,30.488,30.357,30.429,99352.66
2026-07-20 05:20:00,30.429,30.5,30.397,30.464,35788.45
2026-07-20 05:25:00,30.464,30.498,30.464,30.49,171728.37
2026-07-20 05:30:00,30.49,30.534,30.452,30.457,118381.67
2026-07-20 05:35:00,30.457,30.489,30.396,30.448,2736.04
2026-07-20 05:40:00,30.448,30.453,30.364,30.406,27488.49
2026-07-20 05:45:00,30.406,30.472,30.372,30.415,26524.2
2026-07-20 05:50:00,30.415,30.431,30.4,30.425,28876.21
2026-07-20 05:55:00,30.425,30.442,30.395,30.412,69388.51
2026-07-20 06:00:00,30.412,30.493,30.399,30.487,14593.77
2026-07-20 06:05:00,30.487,30.584,30.44,30.529,5902.13
2026-07-20 06:10:00,30.529,30.53,30.497,30.521,67982.02
2026-07-20 06:15:00,30.521,30.556,30.496,30.539,31885.46
2026-07-20 06:20:00,30.539,30.626,30.502,30.611,109106.7
2026-07-20 06:25:00,30.611,30.618,30.589,30.616,124301.93
2026-07-20 06:30:00,30.616,30.626,30.601,30.616,27047.03
2026-07-20 06:35:00,30.616,30.646,30.555,30.564,28614.7
2026-07-20 06:40:00,30.564,30.647,30.56,30.626,3857.01
2026-07-20 06:45:00,30.626,30.72,30.598,30.679,337995.96
2026-07-20 06:50:00,30.679,30.772,30.675,30.736,15.57
2026-07-20 06:55:00,30.736,30.762,30.672,30.683,12595.6
2026-07-20 07:00:00,30.683,30.713,30.659,30.706,15133.84
2026-07-20 07:05:00,30.706,30.708,30.584,30.607,67122.2
2026-07-20 07:10:00,30.607,30.63,30.574,30.611,110232.13
2026-07-20 07:15:00,30.611,30.702,30.549,30.66,2184.15
2026-07-20 07:20:00,30.66,30.689,30.582,30.611,137665.34
2026-07-20 07:25:00,30.611,30.626,30.503,30.552,8684.4
2026-07-20 07:30:00,30.552,30.565,30.475,30.507,2440.85
2026-07-20 07:35:00,30.507,30.514,30.431,30.464,35167.9
2026-07-20 07:40:00,30.464,30.476,30.419,30.438,86097.89
2026-07-20 07:45:00,30.438,30.465,30.41,30.46,4587.95
2026-07-20 07:50:00,30.46,30.506,30.41,30.437,45391.99
2026-07-20 07:55:00,30.437,30.568,30.425,30.547,121269.63
2026-07-20 08:00:00,30.547,30.587,30.532,30.587,13010.55
2026-07-20 08:05:00,30.587,30.612,30.552,30.573,56285.55
2026-07-20 08:10:00,30.573,30.631,30.548,30.597,28252.63
2026-07-20 08:15:00,30.597,30.602,30.535,30.589,82037.58
2026-07-20 08:20:00,30.589,30.602,30.569,30.589,59812.47
2026-07-20 08:25:00,30.589,30.589,30.522,30.548,4247.74
2026-07-20 08:30:00,30.548,30.584,30.527,30.578,9771.04
2026-07-20 08:35:00,30.578,30.688,30.539,30.657,1889.35
2026-07-20 08:40:00,30.657,30.661,30.647,30.661,12723.9
2026-07-20 08:45:00,30.661,30.671,30.567,30.593,24308.77
2026-07-20 08:50:00,30.593,30.805,30.522,30.753,952.77
2026-07-20 08:55:00,30.753,30.803,30.677,30.698,61167.66
2026-07-20 09:00:00,30.698,30.821,30.587,30.611,54276.84
2026-07-20 09:05:00,30.611,30.616,30.564,30.585,2041.11
2026-07-20 09:10:00,30.585,30.595,30.559,30.581,114877.89
2026-07-20 09:15:00,30.581,30.668,30.575,30.651,107773.1
2026-07-20 09:20:00,30.651,30.857,30.637,30.799,49185.84
2026-07-20 09:25:00,30.799,30.812,30.789,30.799,67102.77
2026-07-20 09:30:00,30.799,30.841,30.773,30.778,40893.9
2026-07-20 09:35:00,30.778,30.861,30.697,30.719,306527.41
2026-07-20 09:40:00,30.719,30.834,30.653,30.668,201671.34
2026-07-20 09:45:00,30.668,30.731,30.595,30.624,19601.18
2026-07-20 09:50:00,30.624,30.658,30.566,30.575,42618.66
2026-07-20 09:55:00,30.575,30.651,30.543,30.632,32803.62
2026-07-20 10:00:00,30.632,30.664,30.559,30.566,9622.35
2026-07-20 10:05:00,30.566,30.603,30.528,30.584,35056.48
2026-07-20 10:10:00,30.584,30.63,30.58,30.6,29772.46
2026-07-20 10:15:00,30.6,30.652,30.569,30.578,72135.19
2026-07-20 10:20:00,30.578,30.664,30.556,30.613,38525.84
2026-07-20 10:25:00,30.613,30.644,30.563,30.613,98309.33
2026-07-20 10:30:00,30.613,30.617,30.545,30.594,19823.32
2026-07-20 10:35:00,30.594,30.608,30.551,30.56,43418.19
2026-07-20 10:40:00,30.56,30.574,30.556,30.569,168107.28
2026-07-20 10:45:00,30.569,30.609,30.563,30.586,65020.34
2026-07-20 10:50:00,30.586,30.641,30.541,30.64,47473.16
2026-07-20 10:55:00,30.64,30.779,30.633,30.725,36032.59
2026-07-20 11:00:00,30.725,30.726,30.683,30.698,40687.66
2026-07-20 11:05:00,30.698,30.77,30.611,30.638,18897.29
2026-07-20 11:10:00,30.638,30.819,30.636,30.731,246152.51
2026-07-20 11:15:00,30.731,30.807,30.673,30.694,73208.29
2026-07-20 11:20:00,30.694,30.771,30.621,30.649,136895.94
2026-07-20 11:25:00,30.649,30.713,30.615,30.708,49166.58
2026-07-20 11:30:00,30.708,30.733,30.683,30.704,49559.54
2026-07-20 11:35:00,30.704,30.729,30.626,30.664,6690.04
2026-07-20 11:40:00,30.664,30.677,30.52,30.58,89940.11
2026-07-20 11:45:00,30.58,30.645,30.56,30.642,31497.12
2026-07-20 11:50:00,30.642,30.675,30.493,30.544,6387.04
2026-07-20 11:55:00,30.544,30.549,30.476,30.503,30874.62
2026-07-20 12:00:00,30.503,30.567,30.452,30.511,21490.87
2026-07-20 12:05:00,30.511,30.589,30.487,30.574,14740.88
2026-07-20 12:10:00,30.574,30.649,30.562,30.618,18621.04
2026-07-20 12:15:00,30.618,30.644,30.56,30.573,74476.3
2026-07-20 12:20:00,30.573,30.704,30.527,30.681,66658.96
2026-07-20 12:25:00,30.681,30.788,30.669,30.759,65543.65
2026-07-20 12:30:00,30.759,30.883,30.672,30.69,455101.92
2026-07-20 12:35:00,30.69,30.702,30.633,30.677,5342.71
2026-07-20 12:40:00,30.677,30.702,30.625,30.645,42937.43
2026-07-20 12:45:00,30.645,30.663,30.633,30.644,105250.63
2026-07-20 12:50:00,30.644,30.683,30.614,30.653,45909.23
2026-07-20 12:55:00,30.653,30.689,30.607,30.681,27175.41
2026-07-20 13:00:00,30.681,30.857,30.669,30.772,22067.87
2026-07-20 13:05:00,30.772,30.801,30.752,30.773,68990.04
2026-07-20 13:10:00,30.773,30.858,30.744,30.848,17219.17
2026-07-20 13:15:00,30.848,30.986,30.835,30.949,136175.88
2026-07-20 13:20:00,30.949,31.022,30.843,30.865,75412.47
2026-07-20 13:25:00,30.865,30.962,30.862,30.912,18261.87
2026-07-20 13:30:00,30.912,30.968,30.893,30.963,51566.59
2026-07-20 13:35:00,30.963,31.054,30.856,30.881,39619.58
2026-07-20 13:40:00,30.881,30.922,30.822,30.911,16766.16
2026-07-20 13:45:00,30.911,30.982,30.845,30.955,26154.4
2026-07-20 13:50:00,30.955,31.06,30.899,30.924,75398.58
2026-07-20 13:55:00,30.924,30.926,30.851,30.865,46851.19
2026-07-20 14:00:00,30.865,30.873,30.839,30.857,36731.66
2026-07-20 14:05:00,30.857,30.895,30.839,30.874,3435.6
2026-07-20 14:10:00,30.874,30.925,30.811,30.829,303676.64
2026-07-20 14:15:00,30.829,30.965,30.749,30.773,68520.95
2026-07-20 14:20:00,30.773,30.805,30.706,30.728,446.35
2026-07-20 14:25:00,30.728,30.757,30.719,30.731,78129.17
2026-07-20 14:30:00,30.731,30.742,30.72,30.733,37442.1
2026-07-20 14:35:00,30.733,30.753,30.688,30.7,5306.76
2026-07-20 14:40:00,30.7,30.736,30.599,30.606,124450.28
2026-07-20 14:45:00,30.606,30.607,30.53,30.543,26322.73
2026-07-20 14:50:00,30.543,30.605,30.513,30.593,94941.92
2026-07-20 14:55:00,30.593,30.621,30.577,30.588,2010.63
2026-07-20 15:00:00,30.588,30.605,30.566,30.599,48874.8
2026-07-20 15:05:00,30.599,30.624,30.591,30.606,129762.17
2026-07-20 15:10:00,30.606,30.606,30.527,30.544,13672.51
2026-07-20 15:15:00,30.544,30.55,30.48,30.485,2299.37
2026-07-20 15:20:00,30.485,30.487,30.426,30.452,54897.21
2026-07-20 15:25:00,30.452,30.511,30.395,30.501,13924.65
2026-07-20 15:30:00,30.501,30.541,30.499,30.534,15439.84
2026-07-20 15:35:00,30.534,30.562,30.511,30.517,13217.86
2026-07-20 15:40:00,30.517,30.527,30.421,30.451,32007.47
2026-07-20 15:45:00,30.451,30.453,30.396,30.411,2444.77
2026-07-20 15:50:00,30.411,30.417,30.366,30.375,75872.33
2026-07-20 15:55:00,30.375,30.478,30.29,30.454,112676.0
2026-07-20 16:00:00,30.454,30.558,30.401,30.5,89323.33
2026-07-20 16:05:00,30.5,30.564,30.478,30.551,10337.24
2026-07-20 16:10:00,30.551,30.625,30.516,30.583,161643.62
2026-07-20 16:15:00,30.583,30.591,30.53,30.584,14830.06
2026-07-20 16:20:00,30.584,30.612,30.565,30.6,43516.6
2026-07-20 16:25:00,30.6,30.604,30.456,30.488,26451.61
2026-07-20 16:30:00,30.488,30.51,30.465,30.484,202201.82
2026-07-20 16:35:00,30.484,30.544,30.358,30.529,533491.33
2026-07-20 16:40:00,30.529,30.534,30.38,30.418,83229.16
2026-07-20 16:45:00,30.418,30.455,30.373,30.396,11185.6
2026-07-20 16:50:00,30.396,30.453,30.356,30.413,29473.08
2026-07-20 16:55:00,30.413,30.449,30.406,30.443,18410.82
2026-07-20 17:00:00,30.443,30.457,30.41,30.45,64324.55
2026-07-20 17:05:00,30.45,30.5,30.426,30.492,13036.25
2026-07-20 17:10:00,30.492,30.565,30.41,30.545,60130.42
2026-07-20 17:15:00,30.545,30.56,30.544,30.55,66365.94
2026-07-20 17:20:00,30.55,30.562,30.465,30.534,7440.15
2026-07-20 17:25:00,30.534,30.571,30.49,30.505,44223.98
2026-07-20 17:30:00,30.505,30.6,30.49,30.586,61293.99
2026-07-20 17:35:00,30.586,30.719,30.572,30.693,126324.99
2026-07-20 17:40:00,30.693,30.716,30.622,30.665,24445.08
2026-07-20 17:45:00,30.665,30.669,30.615,30.635,83940.04
2026-07-20 17:50:00,30.635,30.638,30.567,30.576,10486.05
2026-07-20 17:55:00,30.576,30.683,30.522,30.65,10741.75
2026-07-20 18:00:00,30.65,30.694,30.642,30.68,62771.25
2026-07-20 18:05:00,30.68,30.699,30.647,30.661,184928.29
2026-07-20 18:10:00,30.661,30.669,30.63,30.649,15684.31
2026-07-20 18:15:00,30.649,30.773,30.645,30.72,87557.57
2026-07-20 18:20:00,30.72,30.743,30.67,30.696,46830.6
2026-07-20 18:25:00,30.696,30.707,30.642,30.647,11092.6
2026-07-20 18:30:00,30.647,30.68,30.618,30.628,364.53
2026-07-20 18:35:00,30.628,30.67,30.547,30.6,4715.24
2026-07-20 18:40:00,30.6,30.621,30.516,30.566,105812.85
2026-07-20 18:45:00,30.566,30.567,30.507,30.529,45366.71
2026-07-20 18:50:00,30.529,30.564,30.502,30.51,143366.73
2026-07-20 18:55:00,30.51,30.548,30.468,30.541,56950.65
2026-07-20 19:00:00,30.541,30.645,30.5,30.599,19245.43
2026-07-20 19:05:00,30.599,30.68,30.583,30.647,53746.13
2026-07-20 19:10:00,30.647,30.677,30.635,30.635,83482.06
2026-07-20 19:15:00,30.635,30.66,30.552,30.577,14129.08
2026-07-20 19:20:00,30.577,30.578,30.5,30.557,30361.44
2026-07-20 19:25:00,30.557,30.623,30.51,30.539,12016.36
2026-07-20 19:30:00,30.539,30.553,30.484,30.497,42480.88
2026-07-20 19:35:00,30.497,30.526,30.431,30.522,407955.18
2026-07-20 19:40:00,30.522,30.575,30.5,30.522,11517.18
2026-07-20 19:45:00,30.522,30.582,30.499,30.572,172129.19
2026-07-20 19:50:00,30.572,30.606,30.517,30.542,153376.94
2026-07-20 19:55:00,30.542,30.551,30.502,30.521,24023.21
2026-07-20 20:00:00,30.521,30.591,30.497,30.577,42376.6
2026-07-20 20:05:00,30.577,30.587,30.559,30.574,62312.4
2026-07-20 20:10:00,30.574,30.58,30.549,30.56,22462.59
2026-07-20 20:15:00,30.56,30.579,30.535,30.547,7771.11
2026-07-20 20:20:00,30.547,30.62,30.533,30.602,14790.72
2026-07-20 20:25:00,30.602,30.681,30.595,30.676,24389.4
2026-07-20 20:30:00,30.676,30.695,30.659,30.672,122105.84
2026-07-20 20:35:00,30.672,30.719,30.562,30.584,416949.7
2026-07-20 20:40:00,30.584,30.619,30.567,30.569,58744.15
2026-07-20 20:45:00,30.569,30.573,30.493,30.503,31927.58
2026-07-20 20:50:00,30.503,30.553,30.499,30.523,13039.84
2026-07-20 20:55:00,30.523,30.544,30.522,30.543,8937.33
2026-07-20 21:00:00,30.543,30.606,30.528,30.552,19148.15
2026-07-20 21:05:00,30.552,30.582,30.462,30.478,59032.93
2026-07-20 21:10:00,30.478,30.486,30.422,30.431,80215.36
2026-07-20 21:15:00,30.431,30.525,30.417,30.509,5657.02
2026-07-20 21:20:00,30.509,30.632,30.466,30.603,12787.47
2026-07-20 21:25:00,30.603,30.705,30.58,30.7,19303.89
2026-07-20 21:30:00,30.7,30.749,30.696,30.717,6316.46
2026-07-20 21:35:00,30.717,30.741,30.702,30.733,37313.59
2026-07-20 21:40:00,30.733,30.833,30.655,30.812,33993.41
2026-07-20 21:45:00,30.812,30.88,30.806,30.859,11714.11
2026-07-20 21:50:00,30.859,30.907,30.774,30.797,166071.61
2026-07-20 21:55:00,30.797,30.821,30.773,30.783,21794.66
2026-07-20 22:00:00,30.783,30.829,30.765,30.796,96906.38
2026-07-20 22:05:00,30.796,30.829,30.787,30.829,12872.52
2026-07-20 22:10:00,30.829,30.961,30.822,30.953,7523.6
2026-07-20 22:15:00,30.953,31.05,30.918,31.009,35335.19
2026-07-20 22:20:00,31.009,31.066,30.938,30.968,12787.88
2026-07-20 22:25:00,30.968,31.025,30.917,30.919,71757.53
2026-07-20 22:30:00,30.919,31.031,30.809,30.838,84667.98
2026-07-20 22:35:00,30.838,30.935,30.777,30.796,213756.98
2026-07-20 22:40:00,30.796,30.897,30.783,30.854,100549.14
2026-07-20 22:45:00,30.854,30.897,30.812,30.845,13252.16
2026-07-20 22:50:00,30.845,30.949,30.74,30.761,171418.63
2026-07-20 22:55:00,30.761,30.846,30.737,30.792,4051.8
2026-07-20 23:00:00,30.792,30.794,30.771,30.781,122567.7
2026-07-20 23:05:00,30.781,30.815,30.76,30.765,107215.68
2026-07-20 23:10:00,30.765,30.894,30.651,30.677,259203.11
2026-07-20 23:15:00,30.677,30.684,30.658,30.668,55154.27
2026-07-20 23:20:00,30.668,30.701,30.655,30.666,58474.48
2026-07-20 23:25:00,30.666,30.673,30.637,30.662,76492.12
2026-07-20 23:30:00,30.662,30.714,30.637,30.679,3569.39
2026-07-20 23:35:00,30.679,30.737,30.652,30.727,63796.02
2026-07-20 23:40:00,30.727,30.756,30.619,30.654,117584.3
2026-07-20 23:45:00,30.654,30.707,30.622,30.664,23035.49
2026-07-20 23:50:00,30.664,30.73,30.66,30.68,53581.75
2026-07-20 23:55:00,30.68,30.724,30.667,30.704,2953.64
2026-07-21 00:00:00,30.704,30.816,30.696,30.772,45407.76
2026-07-21 00:05:00,30.772,30.809,30.75,30.766,227916.94
2026-07-21 00:10:00,30.766,30.808,30.747,30.8,80646.24
2026-07-21 00:15:00,30.8,30.854,30.76,30.797,41987.16
2026-07-21 00:20:00,30.797,30.813,30.747,30.809,67686.15
2026-07-21 00:25:00,30.809,30.838,30.759,30.802,25572.03
2026-07-21 00:30:00,30.802,30.825,30.748,30.823,72389.59
2026-07-21 00:35:00,30.823,30.827,30.775,30.78,53276.87
2026-07-21 00:40:00,30.78,30.809,30.772,30.775,72579.05
2026-07-21 00:45:00,30.775,30.892,30.752,30.809,57578.33
2026-07-21 00:50:00,30.809,30.831,30.75,30.753,2759.07
2026-07-21 00:55:00,30.753,30.868,30.73,30.859,61932.23
2026-07-21 01:00:00,30.859,30.86,30.821,30.831,159384.42
2026-07-21 01:05:00,30.831,30.847,30.8,30.822,4442.22
2026-07-21 01:10:00,30.822,30.865,30.763,30.779,42866.75
2026-07-21 01:15:00,30.779,30.884,30.77,30.853,17716.14
2026-07-21 01:20:00,30.853,30.89,30.812,30.881,159575.91
2026-07-21 01:25:00,30.881,30.933,30.829,30.846,144301.44
2026-07-21 01:30:00,30.846,30.866,30.807,30.819,7009.53
2026-07-21 01:35:00,30.819,30.921,30.8,30.89,10395.84
2026-07-21 01:40:00,30.89,30.916,30.881,30.896,752.59
2026-07-21 01:45:00,30.896,30.957,30.88,30.934,22483.41
2026-07-21 01:50:00,30.934,31.013,30.92,30.993,16063.73
2026-07-21 01:55:00,30.993,31.003,30.967,30.986,19643.76
2026-07-21 02:00:00,30.986,31.044,30.941,30.954,75065.52
2026-07-21 02:05:00,30.954,31.065,30.919,30.997,14665.79
2026-07-21 02:10:00,30.997,31.07,30.922,30.933,64627.77
2026-07-21 02:15:00,30.933,30.946,30.871,30.878,136617.56
2026-07-21 02:20:00,30.878,30.931,30.839,30.9,28281.76
2026-07-21 02:25:00,30.9,30.952,30.883,30.941,51120.79
2026-07-21 02:30:00,30.941,30.962,30.91,30.943,37629.45
2026-07-21 02:35:00,30.943,30.954,30.9,30.938,122202.3
2026-07-21 02:40:00,30.938,30.965,30.925,30.946,1808.75
2026-07-21 02:45:00,30.946,31.016,30.934,30.983,22703.26
2026-07-21 02:50:00,30.983,31.07,30.911,30.922,12325.07
2026-07-21 02:55:00,30.922,31.077,30.906,31.018,62089.07
2026-07-21 03:00:00,31.018,31.034,30.986,31.026,109604.83
2026-07-21 03:05:00,31.026,31.083,30.975,31.053,20885.35
2026-07-21 03:10:00,31.053,31.107,30.996,31.003,3992.51
2026-07-21 03:15:00,31.003,31.027,30.996,30.997,20454.33
2026-07-21 03:20:00,30.997,31.078,30.903,30.919,115854.97
2026-07-21 03:25:00,30.919,30.924,30.885,30.903,152252.12
2026-07-21 03:30:00,30.903,30.954,30.863,30.874,47312.25
2026-07-21 03:35:00,30.874,30.885,30.852,30.853,65122.17
2026-07-21 03:40:00,30.853,30.998,30.851,30.99,48420.35
2026-07-21 03:45:00,30.99,31.113,30.959,31.046,30650.77
2026-07-21 03:50:00,31.046,31.106,31.015,31.054,2681.99
2026-07-21 03:55:00,31.054,31.091,31.032,31.065,211637.97
2026-07-21 04:00:00,31.065,31.123,31.061,31.1,90113.17
2026-07-21 04:05:00,31.1,31.148,31.068,31.101,30981.7
2026-07-21 04:10:00,31.101,31.199,31.038,31.069,24475.96
2026-07-21 04:15:00,31.069,31.209,30.965,30.986,564084.87
2026-07-21 04:20:00,30.986,31.02,30.986,31.006,151296.75
2026-07-21 04:25:00,31.006,31.079,30.956,30.98,167380.06
2026-07-21 04:30:00,30.98,30.989,30.968,30.981,68357.82
2026-07-21 04:35:00,30.981,30.99,30.932,30.946,2798.37
2026-07-21 04:40:00,30.946,30.959,30.876,30.904,94020.57
2026-07-21 04:45:00,30.904,30.941,30.863,30.889,85796.04
2026-07-21 04:50:00,30.889,30.898,30.737,30.801,25044.05
2026-07-21 04:55:00,30.801,30.909,30.787,30.899,103871.43
2026-07-21 05:00:00,30.899,30.953,30.89,30.943,19907.74
2026-07-21 05:05:00,30.943,31.032,30.93,30.995,35971.23
2026-07-21 05:10:00,30.995,31.13,30.948,30.958,194688.77
2026-07-21 05:15:00,30.958,30.992,30.954,30.97,73209.28
2026-07-21 05:20:00,30.97,31.171,30.963,31.102,8220.8
2026-07-21 05:25:00,31.102,31.236,31.019,31.042,65790.6
2026-07-21 05:30:00,31.042,31.119,30.991,31.017,119289.22
2026-07-21 05:35:00,31.017,31.116,30.948,31.087,14630.39
2026-07-21 05:40:00,31.087,31.259,31.061,31.205,12974.6
2026-07-21 05:45:00,31.205,31.243,31.19,31.216,76855.29
2026-07-21 05:50:00,31.216,31.319,31.124,31.152,99609.63
2026-07-21 05:55:00,31.152,31.166,31.135,31.137,12023.44
2026-07-21 06:00:00,31.137,31.17,31.127,31.131,42018.35
2026-07-21 06:05:00,31.131,31.268,31.076,31.086,2076.9
2026-07-21 06:10:00,31.086,31.152,31.073,31.141,27530.88
2026-07-21 06:15:00,31.141,31.159,31.105,31.147,8513.56
2026-07-21 06:20:00,31.147,31.269,31.028,31.059,84818.75
2026-07-21 06:25:00,31.059,31.195,30.982,31.0,125925.59
2026-07-21 06:30:00,31.0,31.028,30.984,31.006,104716.84
2026-07-21 06:35:00,31.006,31.02,30.983,31.001,14352.4
2026-07-21 06:40:00,31.001,31.124,30.944,30.961,283011.1
2026-07-21 06:45:00,30.961,31.041,30.894,31.03,149306.26
2026-07-21 06:50:00,31.03,31.036,30.927,30.95,146033.97
2026-07-21 06:55:00,30.95,31.015,30.907,30.911,3269.62
2026-07-21 07:00:00,30.911,30.985,30.887,30.98,16414.74
2026-07-21 07:05:00,30.98,30.982,30.916,30.94,517.61
2026-07-21 07:10:00,30.94,30.945,30.863,30.9,178.93
2026-07-21 07:15:00,30.9,30.905,30.828,30.846,43077.0
2026-07-21 07:20:00,30.846,30.858,30.778,30.804,3901.11
2026-07-21 07:25:00,30.804,30.862,30.777,30.833,47930.55
2026-07-21 07:30:00,30.833,30.939,30.816,30.932,60161.0
2026-07-21 07:35:00,30.932,30.944,30.778,30.857,26606.17
2026-07-21 07:40:00,30.857,30.969,30.841,30.946,79333.86
2026-07-21 07:45:00,30.946,30.985,30.941,30.97,11507.27
2026-07-21 07:50:00,30.97,30.987,30.914,30.932,87814.33
2026-07-21 07:55:00,30.932,30.97,30.916,30.953,18344.66
2026-07-21 08:00:00,30.953,31.054,30.926,31.052,14829.67
2026-07-21 08:05:00,31.052,31.058,31.019,31.022,538.86
2026-07-21 08:10:00,31.022,31.079,31.001,31.003,53271.74
2026-07-21 08:15:00,31.003,31.01,30.988,30.99,36896.12
2026-07-21 08:20:00,30.99,31.099,30.987,31.05,3348.12
2026-07-21 08:25:00,31.05,31.068,31.035,31.039,28003.62
2026-07-21 08:30:00,31.039,31.122,31.029,31.118,119797.6
2026-07-21 08:35:00,31.118,31.178,31.089,31.162,103195.43
2026-07-21 08:40:00,31.162,31.268,31.155,31.184,15391.94
2026-07-21 08:45:00,31.184,31.21,31.156,31.173,16241.89
2026-07-21 08:50:00,31.173,31.209,31.154,31.201,7257.05
2026-07-21 08:55:00,31.201,31.282,31.199,31.232,29743.5
2026-07-21 09:00:00,31.232,31.25,31.207,31.21,52571.46
2026-07-21 09:05:00,31.21,31.281,31.133,31.147,461008.3
2026-07-21 09:10:00,31.147,31.152,30.989,31.02,38127.18
2026-07-21 09:15:00,31.02,31.054,30.973,30.978,54858.91
2026-07-21 09:20:00,30.978,30.991,30.947,30.959,24553.04
2026-07-21 09:25:00,30.959,30.975,30.88,30.922,239202.69
2026-07-21 09:30:00,30.922,30.977,30.896,30.955,15363.22
2026-07-21 09:35:00,30.955,30.983,30.917,30.965,30726.33
2026-07-21 09:40:00,30.965,31.038,30.925,31.0,80682.43
2026-07-21 09:45:00,31.0,31.017,30.909,30.936,9774.15
2026-07-21 09:50:00,30.936,30.937,30.935,30.937,149793.6
2026-07-21 09:55:00,30.937,30.94,30.896,30.897,137371.33
2026-07-21 10:00:00,30.897,31.025,30.842,30.953,16321.23
2026-07-21 10:05:00,30.953,30.966,30.921,30.947,7987.75
2026-07-21 10:10:00,30.947,30.984,30.923,30.983,81615.57
2026-07-21 10:15:00,30.983,31.059,30.964,31.058,36320.0
2026-07-21 10:20:00,31.058,31.129,31.043,31.064,1336.09
2026-07-21 10:25:00,31.064,31.065,31.017,31.03,64749.24
2026-07-21 10:30:00,31.03,31.043,31.021,31.042,11266.9
2026-07-21 10:35:00,31.042,31.052,31.037,31.037,4042.2
2026-07-21 10:40:00,31.037,31.092,30.964,31.073,110773.16
2026-07-21 10:45:00,31.073,31.145,31.063,31.138,189275.34
2026-07-21 10:50:00,31.138,31.147,31.075,31.123,19321.85
2026-07-21 10:55:00,31.123,31.124,31.079,31.08,23091.85
2026-07-21 11:00:00,31.08,31.086,31.034,31.074,16863.84
2026-07-21 11:05:00,31.074,31.094,31.029,31.072,37896.23
2026-07-21 11:10:00,31.072,31.147,31.022,31.127,47020.24
2026-07-21 11:15:00,31.127,31.169,31.126,31.139,16106.88
2026-07-21 11:20:00,31.139,31.183,31.127,31.18,14872.12
2026-07-21 11:25:00,31.18,31.267,31.159,31.218,23368.7
2026-07-21 11:30:00,31.218,31.259,31.17,31.209,174641.62
2026-07-21 11:35:00,31.209,31.264,31.139,31.163,576558.4
2026-07-21 11:40:00,31.163,31.179,31.112,31.15,49663.31
2026-07-21 11:45:00,31.15,31.153,31.107,31.121,187926.79
2026-07-21 11:50:00,31.121,31.219,31.113,31.189,2346.19
2026-07-21 11:55:00,31.189,31.249,31.088,31.109,164763.4
2026-07-21 12:00:00,31.109,31.211,31.076,31.207,61973.09
2026-07-21 12:05:00,31.207,31.29,31.199,31.272,132074.77
2026-07-21 12:10:00,31.272,31.324,31.224,31.238,78980.2
2026-07-21 12:15:00,31.238,31.251,31.204,31.222,14403.35
2026-07-21 12:20:00,31.222,31.277,31.165,31.178,33250.6
2026-07-21 12:25:00,31.178,31.22,31.152,31.163,17017.26
2026-07-21 12:30:00,31.163,31.213,31.086,31.139,110334.13
2026-07-21 12:35:00,31.139,31.208,31.1,31.117,10712.53
2026-07-21 12:40:00,31.117,31.158,31.053,31.077,14347.28
2026-07-21 12:45:00,31.077,31.157,31.067,31.145,50597.8
2026-07-21 12:50:00,31.145,31.19,31.061,31.128,19946.34
2026-07-21 12:55:00,31.128,31.2,31.112,31.163,190604.87
2026-07-21 13:00:00,31.163,31.237,31.163,31.21,72755.61
2026-07-21 13:05:00,31.21,31.236,31.203,31.209,908.84
2026-07-21 13:10:00,31.209,31.268,31.165,31.178,113765.07
2026-07-21 13:15:00,31.178,31.216,31.158,31.159,41090.14
2026-07-21 13:20:00,31.159,31.241,31.132,31.238,44702.79
2026-07-21 13:25:00,31.238,31.245,31.185,31.211,12202.77
2026-07-21 13:30:00,31.211,31.279,31.187,31.246,31874.6
2026-07-21 13:35:00,31.246,31.261,31.147,31.152,2293.4
2026-07-21 13:40:00,31.152,31.172,31.09,31.117,13836.6
2026-07-21 13:45:00,31.117,31.186,31.078,31.137,96205.07
2026-07-21 13:50:00,31.137,31.176,31.127,31.155,61927.68
2026-07-21 13:55:00,31.155,31.185,31.129,31.132,26803.93
2026-07-21 14:00:00,31.132,31.143,31.103,31.136,15990.73
2026-07-21 14:05:00,31.136,31.138,31.116,31.127,154430.36
2026-07-21 14:10:00,31.127,31.152,31.108,31.147,88118.59
2026-07-21 14:15:00,31.147,31.171,31.126,31.136,46572.18
2026-07-21 14:20:00,31.136,31.182,31.117,31.163,133082.49
2026-07-21 14:25:00,31.163,31.22,31.125,31.208,19100.47
2026-07-21 14:30:00,31.208,31.219,31.127,31.152,52840.31
2026-07-21 14:35:00,31.152,31.253,31.112,31.227,73266.19
2026-07-21 14:40:00,31.227,31.25,31.191,31.201,13724.34
2026-07-21 14:45:00,31.201,31.26,31.135,31.151,110165.74
2026-07-21 14:50:00,31.151,31.206,31.14,31.147,76689.98
2026-07-21 14:55:00,31.147,31.189,31.121,31.143,9202.48
2026-07-21 15:00:00,31.143,31.192,31.123,31.155,54070.61
2026-07-21 15:05:00,31.155,31.178,31.147,31.169,18557.57
2026-07-21 15:10:00,31.169,31.169,31.131,31.15,179372.51
2026-07-21 15:15:00,31.15,31.186,31.085,31.087,194374.29
2026-07-21 15:20:00,31.087,31.123,31.044,31.095,254929.97
2026-07-21 15:25:00,31.095,31.116,31.001,31.061,46994.03
2026-07-21 15:30:00,31.061,31.101,31.043,31.089,59087.3
2026-07-21 15:35:00,31.089,31.114,31.025,31.061,32678.27
2026-07-21 15:40:00,31.061,31.063,30.91,30.96,36037.7
2026-07-21 15:45:00,30.96,30.979,30.92,30.94,15755.3
2026-07-21 15:50:00,30.94,30.986,30.913,30.927,14040.34
2026-07-21 15:55:00,30.927,30.959,30.91,30.911,134758.96
2026-07-21 16:00:00,30.911,31.005,30.779,30.987,129083.77
2026-07-21 16:05:00,30.987,30.988,30.876,30.901,85707.95
2026-07-21 16:10:00,30.901,31.006,30.882,30.996,115910.59
2026-07-21 16:15:00,30.996,31.012,30.996,31.0,48587.95
2026-07-21 16:20:00,31.0,31.006,30.855,30.904,26569.07
2026-07-21 16:25:00,30.904,30.946,30.896,30.937,43419.77
2026-07-21 16:30:00,30.937,30.997,30.849,30.974,20062.5
2026-07-21 16:35:00,30.974,31.018,30.94,30.955,7388.88
2026-07-21 16:40:00,30.955,31.032,30.883,31.008,91725.37
2026-07-21 16:45:00,31.008,31.05,31.001,31.035,11277.52
2026-07-21 16:50:00,31.035,31.092,31.015,31.074,358192.68
2026-07-21 16:55:00,31.074,31.096,30.999,31.009,5657.74
2026-07-21 17:00:00,31.009,31.009,30.835,30.861,174982.18
2026-07-21 17:05:00,30.861,30.924,30.774,30.898,18369.75
2026-07-21 17:10:00,30.898,30.914,30.813,30.837,37704.34
2026-07-21 17:15:00,30.837,30.931,30.706,30.904,83.79
2026-07-21 17:20:00,30.904,30.977,30.831,30.96,272289.87
2026-07-21 17:25:00,30.96,31.046,30.871,31.036,147546.67
2026-07-21 17:30:00,31.036,31.097,30.972,31.074,44258.53
2026-07-21 17:35:00,31.074,31.15,30.972,31.122,115578.65
2026-07-21 17:40:00,31.122,31.14,31.064,31.098,4917.05
2026-07-21 17:45:00,31.098,31.164,31.003,31.153,91045.75
2026-07-21 17:50:00,31.153,31.158,31.145,31.156,22461.2
2026-07-21 17:55:00,31.156,31.181,31.14,31.169,120849.93
2026-07-21 18:00:00,31.169,31.183,31.106,31.14,117309.91
2026-07-21 18:05:00,31.14,31.204,31.127,31.197,22519.06
2026-07-21 18:10:00,31.197,31.226,31.117,31.158,130565.28
2026-07-21 18:15:00,31.158,31.196,31.126,31.143,61081.51
2026-07-21 18:20:00,31.143,31.209,31.069,31.112,6594.62
2026-07-21 18:25:00,31.112,31.227,31.057,31.204,97689.44
2026-07-21 18:30:00,31.204,31.254,31.201,31.249,76136.26
2026-07-21 18:35:00,31.249,31.296,31.218,31.271,33553.82
2026-07-21 18:40:00,31.271,31.358,31.21,31.229,314239.34
2026-07-21 18:45:00,31.229,31.305,31.146,31.175,271824.29
2026-07-21 18:50:00,31.175,31.246,31.16,31.2,759.79
2026-07-21 18:55:00,31.2,31.274,31.163,31.218,28802.74
2026-07-21 19:00:00,31.218,31.323,31.128,31.154,85480.93
2026-07-21 19:05:00,31.154,31.158,31.056,31.11,27305.21
2026-07-21 19:10:00,31.11,31.158,30.973,31.145,179287.04
2026-07-21 19:15:00,31.145,31.203,31.127,31.165,20256.99
2026-07-21 19:20:00,31.165,31.222,31.117,31.174,183633.51
2026-07-21 19:25:00,31.174,31.216,31.066,31.094,15220.99
2026-07-21 19:30:00,31.094,31.139,31.075,31.128,128842.08
2026-07-21 19:35:00,31.128,31.176,31.092,31.157,85568.9
2026-07-21 19:40:00,31.157,31.2,31.122,31.193,2152.22
2026-07-21 19:45:00,31.193,31.288,31.158,31.279,9768.48
2026-07-21 19:50:00,31.279,31.307,31.193,31.226,58478.31
2026-07-21 19:55:00,31.226,31.32,31.132,31.143,722154.87
2026-07-21 20:00:00,31.143,31.16,31.128,31.137,85608.63
2026-07-21 20:05:00,31.137,31.166,31.096,31.152,1319.47
2026-07-21 20:10:00,31.152,31.161,31.138,31.154,20525.91
2026-07-21 20:15:00,31.154,31.23,31.124,31.182,17343.79
2026-07-21 20:20:00,31.182,31.192,31.162,31.179,40430.68
2026-07-21 20:25:00,31.179,31.195,31.138,31.152,18278.09
2026-07-21 20:30:00,31.152,31.172,31.15,31.159,14434.88
2026-07-21 20:35:00,31.159,31.214,31.151,31.166,37940.92
2026-07-21 20:40:00,31.166,31.177,31.102,31.125,84004.16
2026-07-21 20:45:00,31.125,31.131,31.083,31.1,22357.09
2026-07-21 20:50:00,31.1,31.192,31.078,31.118,7133.68
2026-07-21 20:55:00,31.118,31.145,31.01,31.043,15608.62
2026-07-21 21:00:00,31.043,31.086,30.915,30.934,106018.16
2026-07-21 21:05:00,30.934,30.953,30.907,30.926,47940.94
2026-07-21 21:10:00,30.926,30.974,30.888,30.964,6456.61
2026-07-21 21:15:00,30.964,31.082,30.912,31.075,19817.96
2026-07-21 21:20:00,31.075,31.139,31.069,31.077,33560.84
2026-07-21 21:25:00,31.077,31.131,31.041,31.074,34775.93
2026-07-21 21:30:00,31.074,31.074,30.99,31.02,7779.7
2026-07-21 21:35:00,31.02,31.033,31.015,31.031,208900.35
2026-07-21 21:40:00,31.031,31.06,30.881,30.913,7154.4
2026-07-21 21:45:00,30.913,30.998,30.863,30.992,145941.19
2026-07-21 21:50:00,30.992,31.065,30.974,31.026,24327.12
2026-07-21 21:55:00,31.026,31.058,31.021,31.051,18108.87
2026-07-21 22:00:00,31.051,31.115,30.999,31.106,8674.76
2026-07-21 22:05:00,31.106,31.156,31.062,31.146,23399.4
2026-07-21 22:10:00,31.146,31.204,31.11,31.155,34266.21
2026-07-21 22:15:00,31.155,31.242,31.124,31.224,20463.69
2026-07-21 22:20:00,31.224,31.259,31.2,31.227,34890.4
2026-07-21 22:25:00,31.227,31.318,31.168,31.297,40682.09
2026-07-21 22:30:00,31.297,31.297,31.252,31.256,7761.63
2026-07-21 22:35:00,31.256,31.342,31.216,31.277,62575.76
2026-07-21 22:40:00,31.277,31.362,31.176,31.201,49657.25
2026-07-21 22:45:00,31.201,31.209,31.16,31.174,107914.75
2026-07-21 22:50:00,31.174,31.198,31.099,31.16,32101.82
2026-07-21 22:55:00,31.16,31.206,31.09,31.115,36753.42
2026-07-21 23:00:00,31.115,31.139,31.064,31.131,28687.78
2026-07-21 23:05:00,31.131,31.16,31.083,31.116,93230.03
2026-07-21 23:10:00,31.116,31.172,31.107,31.144,51655.57
2026-07-21 23:15:00,31.144,31.162,31.117,31.136,12654.05
2026-07-21 23:20:00,31.136,31.181,31.081,31.181,5200.55
2026-07-21 23:25:00,31.181,31.225,31.15,31.185,31841.45
2026-07-21 23:30:00,31.185,31.199,31.16,31.173,33368.03
2026-07-21 23:35:00,31.173,31.175,31.08,31.099,109492.19
2026-07-21 23:40:00,31.099,31.121,31.045,31.087,36092.36
2026-07-21 23:45:00,31.087,31.135,31.045,31.116,214924.75
2026-07-21 23:50:00,31.116,31.146,31.086,31.117,41686.23
2026-07-21 23:55:00,31.117,31.177,31.083,31.107,80281.24
2026-07-22 00:00:00,31.107,31.295,31.07,31.212,3072.23
2026-07-22 00:05:00,31.212,31.25,31.107,31.144,1868.73
2026-07-22 00:10:00,31.144,31.23,31.13,31.209,15706.63
2026-07-22 00:15:00,31.209,31.243,31.197,31.218,16032.68
2026-07-22 00:20:00,31.218,31.24,31.203,31.211,110972.27
2026-07-22 00:25:00,31.211,31.29,31.209,31.262,129858.5
2026-07-22 00:30:00,31.262,31.28,31.186,31.188,30520.65
2026-07-22 00:35:00,31.188,31.215,31.171,31.187,65321.58
2026-07-22 00:40:00,31.187,31.225,31.134,31.196,35731.23
2026-07-22 00:45:00,31.196,31.286,31.175,31.256,76529.88
2026-07-22 00:50:00,31.256,31.379,31.189,31.215,28948.9
2026-07-22 00:55:00,31.215,31.345,31.181,31.296,18703.33
2026-07-22 01:00:00,31.296,31.361,31.209,31.22,58341.2
2026-07-22 01:05:00,31.22,31.255,31.217,31.239,7447.43
2026-07-22 01:10:00,31.239,31.365,31.174,31.19,300067.8
2026-07-22 01:15:00,31.19,31.235,31.187,31.207,21352.17
2026-07-22 01:20:00,31.207,31.237,31.073,31.107,43762.64
2026-07-22 01:25:00,31.107,31.165,31.068,31.16,26343.28
2026-07-22 01:30:00,31.16,31.186,31.138,31.153,112046.06
2026-07-22 01:35:00,31.153,31.18,31.133,31.146,135444.51
2026-07-22 01:40:00,31.146,31.167,31.055,31.078,100097.01
2026-07-22 01:45:00,31.078,31.194,31.062,31.144,38644.78
2026-07-22 01:50:00,31.144,31.195,31.118,31.182,11958.34
2026-07-22 01:55:00,31.182,31.213,31.145,31.172,78538.89
2026-07-22 02:00:00,31.172,31.336,31.148,31.264,153.21
2026-07-22 02:05:00,31.264,31.281,31.221,31.279,8387.11
2026-07-22 02:10:00,31.279,31.319,31.234,31.255,56379.36
2026-07-22 02:15:00,31.255,31.264,31.212,31.217,6369.99
2026-07-22 02:20:00,31.217,31.246,31.193,31.221,107346.64
2026-07-22 02:25:00,31.221,31.248,31.103,31.109,19463.47
2026-07-22 02:30:00,31.109,31.187,31.106,31.176,784.6
2026-07-22 02:35:00,31.176,31.232,31.162,31.222,21246.21
2026-07-22 02:40:00,31.222,31.231,31.198,31.215,6817.64
2026-07-22 02:45:00,31.215,31.231,31.203,31.226,19778.05
2026-07-22 02:50:00,31.226,31.267,31.213,31.244,1136.68
2026-07-22 02:55:00,31.244,31.258,31.22,31.224,5605.19
2026-07-22 03:00:00,31.224,31.339,31.188,31.316,25234.41
2026-07-22 03:05:00,31.316,31.324,31.285,31.3,91259.1
2026-07-22 03:10:00,31.3,31.365,31.222,31.246,127436.27
2026-07-22 03:15:00,31.246,31.249,31.229,31.247,178363.78
2026-07-22 03:20:00,31.247,31.265,31.17,31.196,53228.14
2026-07-22 03:25:00,31.196,31.237,31.084,31.119,2626.81
2026-07-22 03:30:00,31.119,31.179,31.102,31.179,71352.18
2026-07-22 03:35:00,31.179,31.181,31.072,31.111,167095.48
2026-07-22 03:40:00,31.111,31.159,31.097,31.15,50827.73
2026-07-22 03:45:00,31.15,31.236,31.142,31.233,97398.29
2026-07-22 03:50:00,31.233,31.233,31.206,31.229,67455.58
2026-07-22 03:55:00,31.229,31.282,31.202,31.211,56978.2
2026-07-22 04:00:00,31.211,31.223,31.193,31.194,43780.27
2026-07-22 04:05:00,31.194,31.201,31.113,31.164,13719.14
2026-07-22 04:10:00,31.164,31.22,31.129,31.196,22421.73
2026-07-22 04:15:00,31.196,31.306,31.194,31.287,132376.3
2026-07-22 04:20:00,31.287,31.365,31.278,31.306,55132.24
2026-07-22 04:25:00,31.306,31.321,31.287,31.309,47527.77
2026-07-22 04:30:00,31.309,31.358,31.232,31.254,234850.53
2026-07-22 04:35:00,31.254,31.289,31.236,31.257,63635.95
2026-07-22 04:40:00,31.257,31.395,31.139,31.165,298672.69
2026-07-22 04:45:00,31.165,31.172,31.138,31.142,17437.92
2026-07-22 04:50:00,31.142,31.175,31.08,31.157,157600.66
2026-07-22 04:55:00,31.157,31.167,31.105,31.134,405.5
2026-07-22 05:00:00,31.134,31.211,31.062,31.196,378463.54
2026-07-22 05:05:00,31.196,31.233,31.159,31.232,13841.38
2026-07-22 05:10:00,31.232,31.245,31.221,31.226,7044.46
2026-07-22 05:15:00,31.226,31.242,31.195,31.196,7136.15
2026-07-22 05:20:00,31.196,31.242,31.189,31.23,199396.67
2026-07-22 05:25:00,31.23,31.265,31.217,31.258,37171.75
2026-07-22 05:30:00,31.258,31.341,31.2,31.223,11300.4
2026-07-22 05:35:00,31.223,31.243,31.114,31.186,6310.08
2026-07-22 05:40:00,31.186,31.215,31.129,31.211,51186.38
2026-07-22 05:45:00,31.211,31.286,31.209,31.244,1056.28
2026-07-22 05:50:00,31.244,31.28,31.222,31.266,11941.96
2026-07-22 05:55:00,31.266,31.317,31.253,31.309,2157.27
2026-07-22 06:00:00,31.309,31.344,31.256,31.283,32388.65
2026-07-22 06:05:00,31.283,31.42,31.191,31.208,436490.69
2026-07-22 06:10:00,31.208,31.283,31.185,31.27,181401.71
2026-07-22 06:15:00,31.27,31.395,31.234,31.243,71028.83
2026-07-22 06:20:00,31.243,31.382,31.229,31.364,35629.12
2026-07-22 06:25:00,31.364,31.421,31.25,31.273,48175.01
2026-07-22 06:30:00,31.273,31.317,31.25,31.271,214243.94
2026-07-22 06:35:00,31.271,31.317,31.235,31.262,67279.52
2026-07-22 06:40:00,31.262,31.314,31.232,31.294,6783.31
2026-07-22 06:45:00,31.294,31.321,31.231,31.277,21486.85
2026-07-22 06:50:00,31.277,31.289,31.196,31.235,66160.33
2026-07-22 06:55:00,31.235,31.259,31.165,31.169,61702.17
2026-07-22 07:00:00,31.169,31.18,31.132,31.139,64754.71
2026-07-22 07:05:00,31.139,31.173,31.096,31.165,76044.22
2026-07-22 07:10:00,31.165,31.196,31.09,31.108,197231.77
2026-07-22 07:15:00,31.108,31.19,31.014,31.17,193934.4
2026-07-22 07:20:00,31.17,31.211,31.051,31.099,74732.99
2026-07-22 07:25:00,31.099,31.172,31.055,31.142,62782.32
2026-07-22 07:30:00,31.142,31.163,31.103,31.124,85981.63
2026-07-22 07:35:00,31.124,31.228,31.119,31.226,26820.6
2026-07-22 07:40:00,31.226,31.235,31.186,31.219,31679.4
2026-07-22 07:45:00,31.219,31.287,31.204,31.253,67876.46
2026-07-22 07:50:00,31.253,31.278,31.138,31.169,48141.99
2026-07-22 07:55:00,31.169,31.277,31.165,31.241,122876.7
2026-07-22 08:00:00,31.241,31.265,31.193,31.213,2181.3
2026-07-22 08:05:00,31.213,31.245,31.14,31.148,74237.14
2026-07-22 08:10:00,31.148,31.203,31.068,31.175,117737.58
2026-07-22 08:15:00,31.175,31.225,31.131,31.213,29677.66
2026-07-22 08:20:00,31.213,31.231,31.147,31.171,61378.14
2026-07-22 08:25:00,31.171,31.195,31.07,31.083,13466.69
2026-07-22 08:30:00,31.083,31.145,30.971,31.127,605069.74
2026-07-22 08:35:00,31.127,31.187,31.109,31.118,65224.42
2026-07-22 08:40:00,31.118,31.232,31.076,31.165,89420.87
2026-07-22 08:45:00,31.165,31.266,31.158,31.257,9188.13
2026-07-22 08:50:00,31.257,31.318,31.236,31.299,23490.68
2026-07-22 08:55:00,31.299,31.39,31.292,31.34,52446.55
2026-07-22 09:00:00,31.34,31.461,31.275,31.291,19947.75
2026-07-22 09:05:00,31.291,31.344,31.276,31.321,23291.7
2026-07-22 09:10:00,31.321,31.356,31.313,31.352,92838.79
2026-07-22 09:15:00,31.352,31.472,31.282,31.305,364015.93
2026-07-22 09:20:00,31.305,31.306,31.259,31.268,21684.55
2026-07-22 09:25:00,31.268,31.296,31.25,31.288,4256.03
2026-07-22 09:30:00,31.288,31.319,31.231,31.3,65361.96
2026-07-22 09:35:00,31.3,31.37,31.262,31.342,188172.17
2026-07-22 09:40:00,31.342,31.392,31.233,31.289,93568.93
2026-07-22 09:45:00,31.289,31.362,31.25,31.337,109744.97
2026-07-22 09:50:00,31.337,31.35,31.261,31.29,27199.58
2026-07-22 09:55:00,31.29,31.454,31.288,31.405,65809.57
2026-07-22 10:00:00,31.405,31.414,31.359,31.366,100649.83
2026-07-22 10:05:00,31.366,31.394,31.338,31.376,73314.08
2026-07-22 10:10:00,31.376,31.38,31.27,31.352,68024.36
2026-07-22 10:15:00,31.352,31.471,31.235,31.26,627126.57
2026-07-22 10:20:00,31.26,31.298,31.226,31.287,59119.93
2026-07-22 10:25:00,31.287,31.353,31.282,31.351,80788.45
2026-07-22 10:30:00,31.351,31.362,31.273,31.292,7072.31
2026-07-22 10:35:00,31.292,31.373,31.291,31.36,10372.2
2026-07-22 10:40:00,31.36,31.386,31.336,31.367,45737.79
2026-07-22 10:45:00,31.367,31.494,31.313,31.327,218964.94
2026-07-22 10:50:00,31.327,31.402,31.318,31.356,22647.47
2026-07-22 10:55:00,31.356,31.379,31.29,31.312,55549.33
2026-07-22 11:00:00,31.312,31.421,31.298,31.398,2259.25
2026-07-22 11:05:00,31.398,31.449,31.343,31.384,16284.71
2026-07-22 11:10:00,31.384,31.446,31.351,31.388,7680.99
2026-07-22 11:15:00,31.388,31.439,31.327,31.348,13940.56
2026-07-22 11:20:00,31.348,31.356,31.322,31.339,87747.7
2026-07-22 11:25:00,31.339,31.443,31.276,31.304,662842.06
2026-07-22 11:30:00,31.304,31.322,31.26,31.311,6872.66
2026-07-22 11:35:00,31.311,31.33,31.282,31.32,138000.81
2026-07-22 11:40:00,31.32,31.355,31.305,31.319,37235.47
2026-07-22 11:45:00,31.319,31.324,31.273,31.281,8893.86
2026-07-22 11:50:00,31.281,31.316,31.167,31.232,2833.84
2026-07-22 11:55:00,31.232,31.266,31.214,31.215,9131.57
2026-07-22 12:00:00,31.215,31.22,31.157,31.195,5896.97
2026-07-22 12:05:00,31.195,31.198,31.071,31.099,19852.2
2026-07-22 12:10:00,31.099,31.121,31.05,31.064,137615.95
2026-07-22 12:15:00,31.064,31.087,30.981,31.006,5158.95
2026-07-22 12:20:00,31.006,31.022,31.004,31.019,147036.2
2026-07-22 12:25:00,31.019,31.101,30.898,31.084,473597.8
2026-07-22 12:30:00,31.084,31.165,31.028,31.136,142950.27
2026-07-22 12:35:00,31.136,31.182,31.125,31.168,82286.44
2026-07-22 12:40:00,31.168,31.186,31.067,31.105,60246.24
2026-07-22 12:45:00,31.105,31.211,31.068,31.173,48755.15
2026-07-22 12:50:00,31.173,31.208,31.119,31.18,140839.21
2026-07-22 12:55:00,31.18,31.252,31.139,31.208,23727.31
2026-07-22 13:00:00,31.208,31.208,31.151,31.184,45667.15
2026-07-22 13:05:00,31.184,31.247,31.169,31.218,207574.47
2026-07-22 13:10:00,31.218,31.251,31.201,31.241,28986.6
2026-07-22 13:15:00,31.241,31.257,31.218,31.218,47355.48
2026-07-22 13:20:00,31.218,31.293,31.171,31.28,8716.96
2026-07-22 13:25:00,31.28,31.292,31.219,31.256,54988.78
2026-07-22 13:30:00,31.256,31.26,31.222,31.257,49398.75
2026-07-22 13:35:00,31.257,31.345,31.206,31.311,111758.27
2026-07-22 13:40:00,31.311,31.311,31.213,31.273,7719.72
2026-07-22 13:45:00,31.273,31.335,31.263,31.308,10778.05
2026-07-22 13:50:00,31.308,31.461,31.288,31.391,10029.83
2026-07-22 13:55:00,31.391,31.42,31.32,31.377,97306.32
2026-07-22 14:00:00,31.377,31.383,31.303,31.334,48226.56
2026-07-22 14:05:00,31.334,31.362,31.232,31.259,58535.86
2026-07-22 14:10:00,31.259,31.282,31.239,31.265,61806.25
2026-07-22 14:15:00,31.265,31.299,31.202,31.255,15897.18
2026-07-22 14:20:00,31.255,31.301,31.24,31.297,58874.42
2026-07-22 14:25:00,31.297,31.33,31.129,31.156,4467.99
2026-07-22 14:30:00,31.156,31.259,31.083,31.227,22652.12
2026-07-22 14:35:00,31.227,31.227,31.183,31.202,15903.77
2026-07-22 14:40:00,31.202,31.235,31.145,31.186,84810.34
2026-07-22 14:45:00,31.186,31.319,31.144,31.303,1927.3
2026-07-22 14:50:00,31.303,31.443,31.297,31.404,34070.49
2026-07-22 14:55:00,31.404,31.532,31.4,31.522,55485.7
2026-07-22 15:00:00,31.522,31.576,31.432,31.462,25590.13
2026-07-22 15:05:00,31.462,31.508,31.404,31.479,16725.2
2026-07-22 15:10:00,31.479,31.539,31.425,31.519,13805.81
2026-07-22 15:15:00,31.519,31.527,31.432,31.436,10097.1
2026-07-22 15:20:00,31.436,31.439,31.396,31.411,253849.05
2026-07-22 15:25:00,31.411,31.545,31.403,31.535,75696.72
2026-07-22 15:30:00,31.535,31.571,31.43,31.444,17878.43
2026-07-22 15:35:00,31.444,31.479,31.331,31.388,82907.22
2026-07-22 15:40:00,31.388,31.511,31.366,31.506,90315.04
2026-07-22 15:45:00,31.506,31.517,31.451,31.469,26135.66
2026-07-22 15:50:00,31.469,31.47,31.295,31.362,68779.47
2026-07-22 15:55:00,31.362,31.481,31.359,31.404,53476.69
2026-07-22 16:00:00,31.404,31.454,31.364,31.445,198538.97
2026-07-22 16:05:00,31.445,31.553,31.444,31.536,130172.02
2026-07-22 16:10:00,31.536,31.577,31.529,31.57,104723.53
2026-07-22 16:15:00,31.57,31.724,31.56,31.705,44460.44
2026-07-22 16:20:00,31.705,31.767,31.683,31.726,82779.23
2026-07-22 16:25:00,31.726,31.757,31.691,31.748,25441.13
2026-07-22 16:30:00,31.748,31.803,31.689,31.77,65652.37
2026-07-22 16:35:00,31.77,31.818,31.686,31.713,18200.07
2026-07-22 16:40:00,31.713,31.779,31.613,31.627,418857.8
2026-07-22 16:45:00,31.627,31.707,31.612,31.694,6278.2
2026-07-22 16:50:00,31.694,31.832,31.659,31.76,50900.83
2026-07-22 16:55:00,31.76,31.84,31.719,31.732,619478.92
2026-07-22 17:00:00,31.732,31.805,31.638,31.682,43894.76
2026-07-22 17:05:00,31.682,31.782,31.587,31.601,249172.71
2026-07-22 17:10:00,31.601,31.665,31.497,31.507,9106.27
2026-07-22 17:15:00,31.507,31.571,31.445,31.462,739289.17
2026-07-22 17:20:00,31.462,31.534,31.442,31.515,1560.07
2026-07-22 17:25:00,31.515,31.556,31.455,31.463,10907.78
2026-07-22 17:30:00,31.463,31.552,31.442,31.452,26504.83
2026-07-22 17:35:00,31.452,31.487,31.441,31.475,26736.17
2026-07-22 17:40:00,31.475,31.534,31.452,31.474,91054.33
2026-07-22 17:45:00,31.474,31.498,31.466,31.488,96412.62
2026-07-22 17:50:00,31.488,31.604,31.38,31.395,138453.55
2026-07-22 17:55:00,31.395,31.42,31.376,31.379,134819.72
2026-07-22 18:00:00,31.379,31.413,31.338,31.356,24666.83
2026-07-22 18:05:00,31.356,31.389,31.322,31.351,75830.97
2026-07-22 18:10:00,31.351,31.379,31.256,31.316,33229.55
2026-07-22 18:15:00,31.316,31.368,31.307,31.337,28501.79
2026-07-22 18:20:00,31.337,31.357,31.29,31.341,18006.89
2026-07-22 18:25:00,31.341,31.409,31.324,31.394,68522.67
2026-07-22 18:30:00,31.394,31.442,31.371,31.389,11139.22
2026-07-22 18:35:00,31.389,31.432,31.318,31.368,92341.95
2026-07-22 18:40:00,31.368,31.452,31.325,31.43,170853.38
2026-07-22 18:45:00,31.43,31.472,31.403,31.452,37546.71
2026-07-22 18:50:00,31.452,31.48,31.39,31.425,51900.4
2026-07-22 18:55:00,31.425,31.537,31.395,31.519,70181.0
2026-07-22 19:00:00,31.519,31.54,31.404,31.446,93234.62
2026-07-22 19:05:00,31.446,31.5,31.328,31.329,18469.32
2026-07-22 19:10:00,31.329,31.375,31.322,31.364,22906.6
2026-07-22 19:15:00,31.364,31.4,31.35,31.382,108416.47
2026-07-22 19:20:00,31.382,31.395,31.326,31.36,8086.92
2026-07-22 19:25:00,31.36,31.367,31.334,31.354,29856.54
2026-07-22 19:30:00,31.354,31.421,31.338,31.4,18601.18
2026-07-22 19:35:00,31.4,31.437,31.378,31.392,10549.17
2026-07-22 19:40:00,31.392,31.396,31.355,31.374,580.88
2026-07-22 19:45:00,31.374,31.382,31.262,31.299,7084.53
2026-07-22 19:50:00,31.299,31.318,31.29,31.316,24302.73
2026-07-22 19:55:00,31.316,31.407,31.183,31.376,201837.07
2026-07-22 20:00:00,31.376,31.455,31.265,31.428,48163.58
2026-07-22 20:05:00,31.428,31.493,31.414,31.487,147792.14
2026-07-22 20:10:00,31.487,31.615,31.46,31.569,75151.84
2026-07-22 20:15:00,31.569,31.582,31.47,31.511,90943.34
2026-07-22 20:20:00,31.511,31.555,31.425,31.493,58500.09
2026-07-22 20:25:00,31.493,31.546,31.446,31.542,34733.78
2026-07-22 20:30:00,31.542,31.567,31.522,31.549,40532.38
2026-07-22 20:35:00,31.549,31.63,31.526,31.603,74845.01
2026-07-22 20:40:00,31.603,31.636,31.598,31.631,3139.74
2026-07-22 20:45:00,31.631,31.653,31.571,31.647,1443.94
2026-07-22 20:50:00,31.647,31.711,31.612,31.684,75997.4
2026-07-22 20:55:00,31.684,31.748,31.531,31.581,21790.76
2026-07-22 21:00:00,31.581,31.605,31.404,31.461,60859.81
2026-07-22 21:05:00,31.461,31.488,31.371,31.408,63847.86
2026-07-22 21:10:00,31.408,31.492,31.385,31.439,24504.36
2026-07-22 21:15:00,31.439,31.449,31.36,31.417,910.75
2026-07-22 21:20:00,31.417,31.53,31.382,31.51,88809.15
2026-07-22 21:25:00,31.51,31.559,31.455,31.485,26648.46
2026-07-22 21:30:00,31.485,31.5,31.454,31.455,2018.53
2026-07-22 21:35:00,31.455,31.506,31.446,31.485,1607.62
2026-07-22 21:40:00,31.485,31.519,31.467,31.507,118488.78
2026-07-22 21:45:00,31.507,31.534,31.505,31.531,31712.21
2026-07-22 21:50:00,31.531,31.572,31.485,31.555,25695.85
2026-07-22 21:55:00,31.555,31.613,31.466,31.521,26804.69
2026-07-22 22:00:00,31.521,31.543,31.333,31.387,13008.72
2026-07-22 22:05:00,31.387,31.425,31.33,31.337,19687.73
2026-07-22 22:10:00,31.337,31.392,31.267,31.365,366463.29
2026-07-22 22:15:00,31.365,31.377,31.259,31.333,46877.9
2026-07-22 22:20:00,31.333,31.382,31.259,31.353,72411.65
2026-07-22 22:25:00,31.353,31.414,31.251,31.395,54724.53
2026-07-22 22:30:00,31.395,31.428,31.308,31.339,54440.19
2026-07-22 22:35:00,31.339,31.341,31.317,31.318,57427.79
2026-07-22 22:40:00,31.318,31.384,31.31,31.359,28064.74
2026-07-22 22:45:00,31.359,31.379,31.337,31.376,138877.24
2026-07-22 22:50:00,31.376,31.477,31.252,31.447,85303.4
2026-07-22 22:55:00,31.447,31.505,31.433,31.485,59164.04
2026-07-22 23:00:00,31.485,31.497,31.48,31.482,140448.72
2026-07-22 23:05:00,31.482,31.514,31.443,31.489,41012.39
2026-07-22 23:10:00,31.489,31.492,31.458,31.486,91040.66
2026-07-22 23:15:00,31.486,31.499,31.386,31.464,54846.9
2026-07-22 23:20:00,31.464,31.474,31.442,31.455,183854.13
2026-07-22 23:25:00,31.455,31.56,31.442,31.554,90049.87
2026-07-22 23:30:00,31.554,31.597,31.553,31.574,47425.58
2026-07-22 23:35:00,31.574,31.617,31.565,31.603,7278.4
2026-07-22 23:40:00,31.603,31.639,31.594,31.612,88434.23
2026-07-22 23:45:00,31.612,31.652,31.586,31.614,35000.8
2026-07-22 23:50:00,31.614,31.726,31.582,31.67,56904.45
2026-07-22 23:55:00,31.67,31.673,31.658,31.66,36456.25
2026-07-23 00:00:00,31.66,31.664,31.619,31.658,2834.62
2026-07-23 00:05:00,31.658,31.723,31.649,31.667,24572.67
2026-07-23 00:10:00,31.667,31.712,31.592,31.642,52756.48
2026-07-23 00:15:00,31.642,31.766,31.55,31.566,444688.14
2026-07-23 00:20:00,31.566,31.593,31.515,31.558,284416.03
2026-07-23 00:25:00,31.558,31.573,31.533,31.565,69756.25
2026-07-23 00:30:00,31.565,31.566,31.534,31.553,63709.75
2026-07-23 00:35:00,31.553,31.575,31.537,31.575,2330.44
2026-07-23 00:40:00,31.575,31.579,31.505,31.534,136388.08
2026-07-23 00:45:00,31.534,31.567,31.497,31.524,143138.17
2026-07-23 00:50:00,31.524,31.569,31.518,31.558,48811.08
2026-07-23 00:55:00,31.558,31.589,31.417,31.452,116922.55
2026-07-23 01:00:00,31.452,31.513,31.359,31.374,95195.02
2026-07-23 01:05:00,31.374,31.541,31.371,31.478,68479.25
2026-07-23 01:10:00,31.478,31.545,31.45,31.503,31069.57
2026-07-23 01:15:00,31.503,31.531,31.437,31.453,70978.43
2026-07-23 01:20:00,31.453,31.587,31.446,31.58,203561.14
2026-07-23 01:25:00,31.58,31.776,31.558,31.72,59749.45
2026-07-23 01:30:00,31.72,31.744,31.625,31.662,29033.84
2026-07-23 01:35:00,31.662,31.742,31.655,31.693,90354.83
2026-07-23 01:40:00,31.693,31.752,31.689,31.734,20197.09
2026-07-23 01:45:00,31.734,31.805,31.652,31.675,138473.9
2026-07-23 01:50:00,31.675,31.759,31.614,31.633,119566.66
2026-07-23 01:55:00,31.633,31.696,31.55,31.567,414164.12
2026-07-23 02:00:00,31.567,31.631,31.524,31.537,41651.32
2026-07-23 02:05:00,31.537,31.585,31.534,31.569,28742.57
2026-07-23 02:10:00,31.569,31.6,31.437,31.446,30760.18
2026-07-23 02:15:00,31.446,31.565,31.44,31.564,4976.56
2026-07-23 02:20:00,31.564,31.571,31.48,31.481,9508.62
2026-07-23 02:25:00,31.481,31.51,31.463,31.505,13443.43
2026-07-23 02:30:00,31.505,31.552,31.456,31.471,101829.62
2026-07-23 02:35:00,31.471,31.5,31.423,31.498,3659.61
2026-07-23 02:40:00,31.498,31.516,31.468,31.491,104263.15
2026-07-23 02:45:00,31.491,31.501,31.422,31.459,1411.95
2026-07-23 02:50:00,31.459,31.526,31.445,31.497,61454.7
2026-07-23 02:55:00,31.497,31.563,31.464,31.545,192343.1
2026-07-23 03:00:00,31.545,31.567,31.43,31.491,61481.97
2026-07-23 03:05:00,31.491,31.508,31.455,31.473,40689.31
2026-07-23 03:10:00,31.473,31.499,31.377,31.41,48011.56
2026-07-23 03:15:00,31.41,31.435,31.367,31.406,9687.07
2026-07-23 03:20:00,31.406,31.409,31.267,31.341,2591.74
2026-07-23 03:25:00,31.341,31.444,31.294,31.412,10172.18
2026-07-23 03:30:00,31.412,31.487,31.412,31.464,35.54
2026-07-23 03:35:00,31.464,31.467,31.423,31.454,21.96
2026-07-23 03:40:00,31.454,31.457,31.376,31.406,166860.78
2026-07-23 03:45:00,31.406,31.443,31.394,31.408,486.84
2026-07-23 03:50:00,31.408,31.534,31.405,31.405,138921.06
2026-07-23 03:55:00,31.405,31.452,31.39,31.412,6006.03
2026-07-23 04:00:00,31.412,31.437,31.395,31.427,18522.41
2026-07-23 04:05:00,31.427,31.474,31.398,31.4,64930.59
2026-07-23 04:10:00,31.4,31.406,31.278,31.354,190643.5
2026-07-23 04:15:00,31.354,31.431,31.304,31.424,30361.0
2026-07-23 04:20:00,31.424,31.509,31.384,31.489,7662.52
2026-07-23 04:25:00,31.489,31.537,31.475,31.483,45130.41
2026-07-23 04:30:00,31.483,31.52,31.45,31.507,1409.64
2026-07-23 04:35:00,31.507,31.572,31.482,31.519,83195.39
2026-07-23 04:40:00,31.519,31.555,31.468,31.491,15684.41
2026-07-23 04:45:00,31.491,31.517,31.476,31.483,25038.2
2026-07-23 04:50:00,31.483,31.502,31.413,31.415,41514.76
2026-07-23 04:55:00,31.415,31.424,31.39,31.393,23822.8
2026-07-23 05:00:00,31.393,31.411,31.347,31.367,129393.3
2026-07-23 05:05:00,31.367,31.459,31.296,31.444,561367.27
2026-07-23 05:10:00,31.444,31.528,31.403,31.515,12296.94
2026-07-23 05:15:00,31.515,31.565,31.498,31.552,32165.07
2026-07-23 05:20:00,31.552,31.56,31.39,31.456,14506.56
2026-07-23 05:25:00,31.456,31.563,31.455,31.526,580.93
2026-07-23 05:30:00,31.526,31.543,31.509,31.538,4564.8
2026-07-23 05:35:00,31.538,31.616,31.527,31.592,139051.24
2026-07-23 05:40:00,31.592,31.612,31.577,31.587,10463.5
2026-07-23 05:45:00,31.587,31.611,31.586,31.602,101417.75
2026-07-23 05:50:00,31.602,31.669,31.541,31.634,98491.28
2026-07-23 05:55:00,31.634,31.671,31.61,31.623,32164.38
2026-07-23 06:00:00,31.623,31.637,31.621,31.631,100122.94
2026-07-23 06:05:00,31.631,31.644,31.6,31.603,38180.43
2026-07-23 06:10:00,31.603,31.649,31.537,31.545,8373.43
2026-07-23 06:15:00,31.545,31.575,31.524,31.557,116311.96
2026-07-23 06:20:00,31.557,31.572,31.504,31.519,99607.89
2026-07-23 06:25:00,31.519,31.588,31.505,31.571,27525.81
2026-07-23 06:30:00,31.571,31.635,31.545,31.612,1623.74
2026-07-23 06:35:00,31.612,31.674,31.567,31.573,75689.94
2026-07-23 06:40:00,31.573,31.584,31.469,31.475,166298.46
2026-07-23 06:45:00,31.475,31.487,31.358,31.377,14733.85
2026-07-23 06:50:00,31.377,31.456,31.37,31.408,28425.55
2026-07-23 06:55:00,31.408,31.477,31.385,31.438,28391.01
2026-07-23 07:00:00,31.438,31.539,31.42,31.501,4992.01
2026-07-23 07:05:00,31.501,31.507,31.442,31.484,64806.8
2026-07-23 07:10:00,31.484,31.492,31.441,31.454,148497.48
2026-07-23 07:15:00,31.454,31.491,31.382,31.418,75907.42
2026-07-23 07:20:00,31.418,31.457,31.412,31.454,1370.41
2026-07-23 07:25:00,31.454,31.547,31.418,31.538,27557.46
2026-07-23 07:30:00,31.538,31.676,31.501,31.628,48819.35
2026-07-23 07:35:00,31.628,31.677,31.619,31.676,55383.14
2026-07-23 07:40:00,31.676,31.797,31.616,31.786,11717.77
2026-07-23 07:45:00,31.786,31.827,31.759,31.8,886.55
2026-07-23 07:50:00,31.8,31.872,31.743,31.759,341353.76
2026-07-23 07:55:00,31.759,31.768,31.74,31.759,12185.74
2026-07-23 08:00:00,31.759,31.829,31.689,31.707,168469.34
2026-07-23 08:05:00,31.707,31.734,31.649,31.731,22064.83
2026-07-23 08:10:00,31.731,31.787,31.675,31.695,102036.29
2026-07-23 08:15:00,31.695,31.773,31.647,31.664,38409.31
2026-07-23 08:20:00,31.664,31.682,31.617,31.677,31910.52
2026-07-23 08:25:00,31.677,31.782,31.615,31.644,8201.73
2026-07-23 08:30:00,31.644,31.705,31.569,31.691,138264.63
2026-07-23 08:35:00,31.691,31.703,31.647,31.656,78316.99
2026-07-23 08:40:00,31.656,31.798,31.608,31.621,412498.41
2026-07-23 08:45:00,31.621,31.663,31.513,31.518,110420.0
2026-07-23 08:50:00,31.518,31.542,31.47,31.473,31867.97
2026-07-23 08:55:00,31.473,31.474,31.459,31.46,80705.26
2026-07-23 09:00:00,31.46,31.465,31.394,31.426,13922.71
2026-07-23 09:05:00,31.426,31.445,31.406,31.434,39039.74
2026-07-23 09:10:00,31.434,31.474,31.347,31.388,23469.72
2026-07-23 09:15:00,31.388,31.431,31.383,31.429,28886.82
2026-07-23 09:20:00,31.429,31.453,31.408,31.449,161930.73
2026-07-23 09:25:00,31.449,31.469,31.411,31.436,22173.63
2026-07-23 09:30:00,31.436,31.439,31.376,31.421,53784.22
2026-07-23 09:35:00,31.421,31.448,31.394,31.442,71273.59
2026-07-23 09:40:00,31.442,31.529,31.359,31.491,4413.36
2026-07-23 09:45:00,31.491,31.517,31.411,31.502,24730.31
2026-07-23 09:50:00,31.502,31.596,31.492,31.584,23846.78
2026-07-23 09:55:00,31.584,31.596,31.547,31.571,2946.62
2026-07-23 10:00:00,31.571,31.6,31.51,31.559,2967.22
2026-07-23 10:05:00,31.559,31.594,31.448,31.457,228606.54
2026-07-23 10:10:00,31.457,31.521,31.452,31.457,8477.64
2026-07-23 10:15:00,31.457,31.464,31.402,31.418,167551.41
2026-07-23 10:20:00,31.418,31.477,31.401,31.456,61395.27
2026-07-23 10:25:00,31.456,31.494,31.448,31.482,9093.46
2026-07-23 10:30:00,31.482,31.513,31.48,31.49,4790.85
2026-07-23 10:35:00,31.49,31.578,31.415,31.519,16338.13
2026-07-23 10:40:00,31.519,31.541,31.517,31.528,53436.25
2026-07-23 10:45:00,31.528,31.545,31.513,31.52,40869.03
2026-07-23 10:50:00,31.52,31.637,31.51,31.586,114483.54
2026-07-23 10:55:00,31.586,31.726,31.481,31.497,327681.45
2026-07-23 11:00:00,31.497,31.542,31.433,31.538,35095.55
2026-07-23 11:05:00,31.538,31.617,31.499,31.576,4294.77
2026-07-23 11:10:00,31.576,31.647,31.473,31.487,16182.53
2026-07-23 11:15:00,31.487,31.578,31.463,31.559,20087.86
2026-07-23 11:20:00,31.559,31.575,31.505,31.534,103056.56
2026-07-23 11:25:00,31.534,31.559,31.524,31.545,107377.23
2026-07-23 11:30:00,31.545,31.56,31.477,31.513,85533.84
2026-07-23 11:35:00,31.513,31.524,31.428,31.438,71947.31
2026-07-23 11:40:00,31.438,31.491,31.323,31.474,328980.03
2026-07-23 11:45:00,31.474,31.568,31.461,31.547,5534.7
2026-07-23 11:50:00,31.547,31.553,31.525,31.55,15769.24
2026-07-23 11:55:00,31.55,31.611,31.535,31.604,68255.52
2026-07-23 12:00:00,31.604,31.63,31.598,31.614,6903.53
2026-07-23 12:05:00,31.614,31.634,31.551,31.611,73571.06
2026-07-23 12:10:00,31.611,31.659,31.584,31.65,56018.48
2026-07-23 12:15:00,31.65,31.682,31.579,31.674,21557.98
2026-07-23 12:20:00,31.674,31.763,31.673,31.707,80490.26
2026-07-23 12:25:00,31.707,31.796,31.684,31.78,14067.46
2026-07-23 12:30:00,31.78,31.907,31.759,31.827,125366.73
2026-07-23 12:35:00,31.827,31.884,31.72,31.75,67891.49
2026-07-23 12:40:00,31.75,31.841,31.647,31.673,34453.42
2026-07-23 12:45:00,31.673,31.777,31.638,31.69,66965.83
2026-07-23 12:50:00,31.69,31.745,31.689,31.732,27917.14
2026-07-23 12:55:00,31.732,31.788,31.649,31.68,74240.34
2026-07-23 13:00:00,31.68,31.696,31.592,31.621,40914.71
2026-07-23 13:05:00,31.621,31.713,31.605,31.702,26367.26
2026-07-23 13:10:00,31.702,31.727,31.548,31.584,32277.43
2026-07-23 13:15:00,31.584,31.621,31.554,31.592,88611.92
2026-07-23 13:20:00,31.592,31.649,31.535,31.641,78718.53
2026-07-23 13:25:00,31.641,31.648,31.614,31.646,3495.21
2026-07-23 13:30:00,31.646,31.66,31.546,31.583,47271.95
2026-07-23 13:35:00,31.583,31.673,31.58,31.666,58811.38
2026-07-23 13:40:00,31.666,31.802,31.609,31.711,8926.6
2026-07-23 13:45:00,31.711,31.721,31.703,31.71,29133.77
2026-07-23 13:50:00,31.71,31.739,31.678,31.686,135710.37
2026-07-23 13:55:00,31.686,31.721,31.625,31.704,14979.16
2026-07-23 14:00:00,31.704,31.749,31.664,31.665,20852.18
2026-07-23 14:05:00,31.665,31.712,31.562,31.629,8702.64
2026-07-23 14:10:00,31.629,31.651,31.614,31.634,192359.49
2026-07-23 14:15:00,31.634,31.644,31.618,31.636,22228.6
2026-07-23 14:20:00,31.636,31.694,31.63,31.646,74782.11
2026-07-23 14:25:00,31.646,31.665,31.622,31.629,142588.99
2026-07-23 14:30:00,31.629,31.638,31.565,31.596,28321.62
2026-07-23 14:35:00,31.596,31.62,31.551,31.561,28728.16
2026-07-23 14:40:00,31.561,31.604,31.511,31.603,11601.59
2026-07-23 14:45:00,31.603,31.631,31.582,31.594,38435.54
2026-07-23 14:50:00,31.594,31.608,31.545,31.593,29782.53
2026-07-23 14:55:00,31.593,31.631,31.589,31.598,134754.03
2026-07-23 15:00:00,31.598,31.633,31.546,31.602,62366.53
2026-07-23 15:05:00,31.602,31.631,31.515,31.564,30587.69
2026-07-23 15:10:00,31.564,31.595,31.559,31.59,19511.01
2026-07-23 15:15:00,31.59,31.631,31.522,31.576,54360.47
2026-07-23 15:20:00,31.576,31.656,31.564,31.65,86460.53
2026-07-23 15:25:00,31.65,31.72,31.607,31.624,66.18
2026-07-23 15:30:00,31.624,31.682,31.587,31.639,36782.04
2026-07-23 15:35:00,31.639,31.691,31.597,31.604,231197.54
2026-07-23 15:40:00,31.604,31.692,31.598,31.678,68431.13
2026-07-23 15:45:00,31.678,31.708,31.639,31.66,22705.95
2026-07-23 15:50:00,31.66,31.713,31.647,31.686,194464.89
2026-07-23 15:55:00,31.686,31.787,31.647,31.782,4942.67
2026-07-23 16:00:00,31.782,31.831,31.675,31.702,91185.89
2026-07-23 16:05:00,31.702,31.73,31.702,31.715,69062.81
2026-07-23 16:10:00,31.715,31.766,31.693,31.757,128460.26
2026-07-23 16:15:00,31.757,31.811,31.752,31.796,104666.43
2026-07-23 16:20:00,31.796,31.83,31.792,31.81,1236.97
2026-07-23 16:25:00,31.81,31.832,31.72,31.744,61605.96
2026-07-23 16:30:00,31.744,31.763,31.667,31.726,10090.85
2026-07-23 16:35:00,31.726,31.765,31.7,31.755,12613.35
2026-07-23 16:40:00,31.755,31.821,31.689,31.801,7147.51
2026-07-23 16:45:00,31.801,31.834,31.731,31.767,87024.23
2026-07-23 16:50:00,31.767,31.899,31.657,31.684,90280.41
2026-07-23 16:55:00,31.684,31.692,31.673,31.686,10772.15
2026-07-23 17:00:00,31.686,31.721,31.586,31.626,22781.29
2026-07-23 17:05:00,31.626,31.718,31.62,31.691,21556.39
2026-07-23 17:10:00,31.691,31.748,31.683,31.714,129703.52
2026-07-23 17:15:00,31.714,31.822,31.629,31.775,28295.42
2026-07-23 17:20:00,31.775,31.858,31.772,31.831,147598.39
2026-07-23 17:25:00,31.831,31.831,31.801,31.811,66451.09
2026-07-23 17:30:00,31.811,31.812,31.764,31.787,92169.16
2026-07-23 17:35:00,31.787,31.793,31.705,31.769,1528.54
2026-07-23 17:40:00,31.769,31.776,31.667,31.681,127583.82
2026-07-23 17:45:00,31.681,31.723,31.679,31.718,11671.22
2026-07-23 17:50:00,31.718,31.77,31.648,31.673,32822.48
2026-07-23 17:55:00,31.673,31.689,31.635,31.668,7160.23
2026-07-23 18:00:00,31.668,31.759,31.635,31.704,70842.8
2026-07-23 18:05:00,31.704,31.781,31.679,31.772,275651.67
2026-07-23 18:10:00,31.772,31.795,31.584,31.658,48125.45
2026-07-23 18:15:00,31.658,31.72,31.632,31.71,24680.03
2026-07-23 18:20:00,31.71,31.718,31.66,31.704,10450.26
2026-07-23 18:25:00,31.704,31.731,31.637,31.661,50551.3
2026-07-23 18:30:00,31.661,31.719,31.635,31.642,79476.87
2026-07-23 18:35:00,31.642,31.651,31.598,31.625,158231.2
2026-07-23 18:40:00,31.625,31.634,31.57,31.572,78550.67
2026-07-23 18:45:00,31.572,31.593,31.515,31.536,91177.07
2026-07-23 18:50:00,31.536,31.62,31.5,31.58,37749.34
2026-07-23 18:55:00,31.58,31.596,31.523,31.576,71670.21
2026-07-23 19:00:00,31.576,31.704,31.533,31.691,56077.63
2026-07-23 19:05:00,31.691,31.693,31.64,31.645,66707.18
2026-07-23 19:10:00,31.645,31.685,31.627,31.684,351416.76
2026-07-23 19:15:00,31.684,31.747,31.654,31.699,6583.9
2026-07-23 19:20:00,31.699,31.769,31.664,31.761,49131.62
2026-07-23 19:25:00,31.761,31.771,31.659,31.706,26825.76
2026-07-23 19:30:00,31.706,31.779,31.697,31.73,50114.79
2026-07-23 19:35:00,31.73,31.774,31.704,31.766,82.28
2026-07-23 19:40:00,31.766,31.81,31.756,31.784,127981.18
2026-07-23 19:45:00,31.784,31.792,31.759,31.779,2619.13
2026-07-23 19:50:00,31.779,31.801,31.697,31.732,175009.18
2026-07-23 19:55:00,31.732,31.786,31.704,31.763,96937.56
2026-07-23 20:00:00,31.763,31.783,31.638,31.697,70865.95
2026-07-23 20:05:00,31.697,31.724,31.682,31.687,19056.97
2026-07-23 20:10:00,31.687,31.697,31.625,31.674,46746.77
2026-07-23 20:15:00,31.674,31.679,31.657,31.678,62318.52
2026-07-23 20:20:00,31.678,31.718,31.652,31.691,5968.56
2026-07-23 20:25:00,31.691,31.697,31.617,31.683,15576.1
2026-07-23 20:30:00,31.683,31.687,31.677,31.685,42103.7
2026-07-23 20:35:00,31.685,31.805,31.675,31.79,92237.21
2026-07-23 20:40:00,31.79,31.856,31.731,31.763,1771.47
2026-07-23 20:45:00,31.763,31.786,31.7,31.746,4498.75
2026-07-23 20:50:00,31.746,31.76,31.708,31.727,35879.76
2026-07-23 20:55:00,31.727,31.741,31.699,31.716,4056.3
2026-07-23 21:00:00,31.716,31.752,31.651,31.679,81990.89
2026-07-23 21:05:00,31.679,31.685,31.56,31.576,4092.72
2026-07-23 21:10:00,31.576,31.598,31.529,31.59,8175.44
2026-07-23 21:15:00,31.59,31.755,31.549,31.709,45715.01
2026-07-23 21:20:00,31.709,31.713,31.647,31.661,42226.1
2026-07-23 21:25:00,31.661,31.683,31.654,31.675,93584.36
2026-07-23 21:30:00,31.675,31.682,31.649,31.664,50521.42
2026-07-23 21:35:00,31.664,31.751,31.607,31.735,38649.63
2026-07-23 21:40:00,31.735,31.751,31.691,31.703,40026.57
2026-07-23 21:45:00,31.703,31.707,31.607,31.627,23128.74
2026-07-23 21:50:00,31.627,31.641,31.603,31.631,31378.65
2026-07-23 21:55:00,31.631,31.704,31.602,31.702,58289.38
2026-07-23 22:00:00,31.702,31.706,31.652,31.66,8299.19
2026-07-23 22:05:00,31.66,31.704,31.543,31.58,29011.81
2026-07-23 22:10:00,31.58,31.673,31.536,31.673,75675.23
2026-07-23 22:15:00,31.673,31.697,31.663,31.671,121405.52
2026-07-23 22:20:00,31.671,31.675,31.618,31.624,151011.39
2026-07-23 22:25:00,31.624,31.65,31.506,31.544,7406.99
2026-07-23 22:30:00,31.544,31.634,31.424,31.607,175501.64
2026-07-23 22:35:00,31.607,31.669,31.594,31.646,152165.37
2026-07-23 22:40:00,31.646,31.675,31.548,31.583,28066.06
2026-07-23 22:45:00,31.583,31.678,31.483,31.657,25850.91
2026-07-23 22:50:00,31.657,31.683,31.619,31.662,19926.43
2026-07-23 22:55:00,31.662,31.689,31.545,31.571,43777.9
2026-07-23 23:00:00,31.571,31.661,31.508,31.648,43062.56
2026-07-23 23:05:00,31.648,31.767,31.639,31.745,82829.52
2026-07-23 23:10:00,31.745,31.853,31.701,31.829,3911.27
2026-07-23 23:15:00,31.829,31.876,31.827,31.839,18372.18
2026-07-23 23:20:00,31.839,31.866,31.75,31.766,59505.96
2026-07-23 23:25:00,31.766,31.916,31.708,31.901,52924.81
2026-07-23 23:30:00,31.901,31.922,31.855,31.87,16985.38
2026-07-23 23:35:00,31.87,31.926,31.866,31.889,2912.1
2026-07-23 23:40:00,31.889,31.985,31.799,31.827,337.79
2026-07-23 23:45:00,31.827,31.836,31.787,31.795,22748.02
2026-07-23 23:50:00,31.795,31.879,31.788,31.83,69849.04
2026-07-23 23:55:00,31.83,31.966,31.822,31.931,14675.64
2026-07-24 00:00:00,31.931,32.027,31.875,31.962,1534.25
2026-07-24 00:05:00,31.962,31.998,31.902,31.917,103718.19
2026-07-24 00:10:00,31.917,32.062,31.888,31.999,10388.35
2026-07-24 00:15:00,31.999,32.066,31.984,32.035,34312.03
2026-07-24 00:20:00,32.035,32.074,32.035,32.042,86519.34
2026-07-24 00:25:00,32.042,32.063,31.977,32.008,10500.02
2026-07-24 00:30:00,32.008,32.114,31.995,32.049,14767.59
2026-07-24 00:35:00,32.049,32.066,31.971,31.988,46124.42
2026-07-24 00:40:00,31.988,32.116,31.939,31.953,12208.62
2026-07-24 00:45:00,31.953,31.981,31.899,31.917,68475.8
2026-07-24 00:50:00,31.917,32.045,31.861,31.887,23794.57
2026-07-24 00:55:00,31.887,31.933,31.881,31.887,97668.29
2026-07-24 01:00:00,31.887,31.891,31.848,31.862,78693.78
2026-07-24 01:05:00,31.862,31.882,31.812,31.834,163711.49
2026-07-24 01:10:00,31.834,31.847,31.762,31.826,90769.1
2026-07-24 01:15:00,31.826,31.858,31.708,31.72,8722.43
2026-07-24 01:20:00,31.72,31.765,31.698,31.755,102166.18
2026-07-24 01:25:00,31.755,31.835,31.742,31.826,34871.07
2026-07-24 01:30:00,31.826,31.857,31.821,31.823,24427.76
2026-07-24 01:35:00,31.823,31.941,31.816,31.872,58843.07
2026-07-24 01:40:00,31.872,31.889,31.837,31.861,9607.79
2026-07-24 01:45:00,31.861,31.963,31.821,31.917,5022.1
2026-07-24 01:50:00,31.917,31.979,31.842,31.862,195131.26
2026-07-24 01:55:00,31.862,31.898,31.778,31.823,34200.83
2026-07-24 02:00:00,31.823,31.874,31.81,31.864,184683.9
2026-07-24 02:05:00,31.864,31.986,31.802,31.827,46924.66
2026-07-24 02:10:00,31.827,31.84,31.741,31.774,24577.21
2026-07-24 02:15:00,31.774,31.853,31.769,31.849,19852.51
2026-07-24 02:20:00,31.849,31.875,31.838,31.869,86844.69
2026-07-24 02:25:00,31.869,31.886,31.836,31.84,57665.38
2026-07-24 02:30:00,31.84,31.883,31.825,31.879,22984.39
2026-07-24 02:35:00,31.879,31.933,31.836,31.841,209569.94
2026-07-24 02:40:00,31.841,31.932,31.741,31.752,63462.35
2026-07-24 02:45:00,31.752,31.756,31.696,31.713,32179.49
2026-07-24 02:50:00,31.713,31.751,31.656,31.668,14049.7
2026-07-24 02:55:00,31.668,31.782,31.637,31.773,11198.24
2026-07-24 03:00:00,31.773,31.818,31.732,31.735,8432.66
2026-07-24 03:05:00,31.735,31.741,31.704,31.733,17656.54
2026-07-24 03:10:00,31.733,31.763,31.649,31.676,171263.01
2026-07-24 03:15:00,31.676,31.788,31.669,31.767,1643.77
2026-07-24 03:20:00,31.767,31.801,31.597,31.662,2196.43
2026-07-24 03:25:00,31.662,31.689,31.633,31.639,77512.71
2026-07-24 03:30:00,31.639,31.711,31.621,31.71,93012.99
2026-07-24 03:35:00,31.71,31.77,31.686,31.763,87145.87
2026-07-24 03:40:00,31.763,31.795,31.737,31.794,22997.83
2026-07-24 03:45:00,31.794,31.808,31.72,31.791,2711.47
2026-07-24 03:50:00,31.791,31.823,31.69,31.734,59993.05
2026-07-24 03:55:00,31.734,31.766,31.705,31.74,30956.72
2026-07-24 04:00:00,31.74,31.76,31.596,31.609,26345.71
2026-07-24 04:05:00,31.609,31.64,31.603,31.609,11723.05
2026-07-24 04:10:00,31.609,31.649,31.6,31.601,64028.37
2026-07-24 04:15:00,31.601,31.707,31.541,31.685,311809.6
2026-07-24 04:20:00,31.685,31.715,31.673,31.679,14870.5
2026-07-24 04:25:00,31.679,31.698,31.673,31.682,180622.92
2026-07-24 04:30:00,31.682,31.782,31.633,31.759,28118.42
2026-07-24 04:35:00,31.759,31.817,31.727,31.811,90116.78
2026-07-24 04:40:00,31.811,31.901,31.807,31.835,1569.21
2026-07-24 04:45:00,31.835,31.947,31.785,31.918,7510.28
2026-07-24 04:50:00,31.918,31.931,31.866,31.876,35231.47
2026-07-24 04:55:00,31.876,31.969,31.825,31.946,122167.7
2026-07-24 05:00:00,31.946,31.98,31.907,31.937,19701.85
2026-07-24 05:05:00,31.937,32.105,31.934,32.074,13089.0
2026-07-24 05:10:00,32.074,32.193,32.006,32.024,435617.68
2026-07-24 05:15:00,32.024,32.06,31.965,32.038,11461.6
2026-07-24 05:20:00,32.038,32.18,31.963,31.988,343968.94
2026-07-24 05:25:00,31.988,32.05,31.918,32.047,8506.68
2026-07-24 05:30:00,32.047,32.218,32.02,32.162,92193.66
2026-07-24 05:35:00,32.162,32.196,32.082,32.106,6320.15
2026-07-24 05:40:00,32.106,32.241,32.003,32.017,294198.75
2026-07-24 05:45:00,32.017,32.108,32.014,32.096,25800.65
2026-07-24 05:50:00,32.096,32.107,32.084,32.098,56581.52
2026-07-24 05:55:00,32.098,32.131,32.072,32.097,19292.65
2026-07-24 06:00:00,32.097,32.137,32.026,32.044,2241.13
2026-07-24 06:05:00,32.044,32.068,32.035,32.064,86637.0
2026-07-24 06:10:00,32.064,32.091,31.922,31.968,72395.78
2026-07-24 06:15:00,31.968,31.998,31.965,31.989,5988.38
2026-07-24 06:20:00,31.989,31.991,31.969,31.985,45786.08
2026-07-24 06:25:00,31.985,32.05,31.984,32.004,24449.52
2026-07-24 06:30:00,32.004,32.132,31.907,31.925,50026.14
2026-07-24 06:35:00,31.925,31.941,31.884,31.886,58415.39
2026-07-24 06:40:00,31.886,31.992,31.874,31.973,42522.31
2026-07-24 06:45:00,31.973,31.999,31.926,31.931,110377.33
2026-07-24 06:50:00,31.931,31.997,31.886,31.949,170342.92
2026-07-24 06:55:00,31.949,32.051,31.891,32.033,37838.47
2026-07-24 07:00:00,32.033,32.084,31.917,31.991,8210.85
2026-07-24 07:05:00,31.991,32.082,31.877,31.904,667697.9
2026-07-24 07:10:00,31.904,31.938,31.864,31.893,77586.18
2026-07-24 07:15:00,31.893,31.961,31.845,31.948,103759.32
2026-07-24 07:20:00,31.948,32.047,31.93,32.012,6128.57
2026-07-24 07:25:00,32.012,32.062,31.965,31.968,19777.82
2026-07-24 07:30:00,31.968,32.093,31.934,32.027,3089.55
2026-07-24 07:35:00,32.027,32.066,32.004,32.06,62159.54
2026-07-24 07:40:00,32.06,32.136,32.019,32.051,42799.05
2026-07-24 07:45:00,32.051,32.054,31.996,32.0,3456.5
2026-07-24 07:50:00,32.0,32.079,31.987,32.034,28898.25
2026-07-24 07:55:00,32.034,32.158,31.97,32.099,19307.31
2026-07-24 08:00:00,32.099,32.206,32.036,32.06,525.34
2026-07-24 08:05:00,32.06,32.091,32.039,32.063,42713.95
2026-07-24 08:10:00,32.063,32.119,32.035,32.058,61623.5
2026-07-24 08:15:00,32.058,32.088,32.0,32.039,31710.48
2026-07-24 08:20:00,32.039,32.093,32.038,32.062,98199.98
2026-07-24 08:25:00,32.062,32.221,32.027,32.18,4896.36
2026-07-24 08:30:00,32.18,32.196,32.162,32.172,30186.5
2026-07-24 08:35:00,32.172,32.23,32.157,32.203,74417.79
2026-07-24 08:40:00,32.203,32.22,32.131,32.144,1303.28
2026-07-24 08:45:00,32.144,32.22,32.031,32.048,126250.22
2026-07-24 08:50:00,32.048,32.05,31.981,32.006,18964.11
2026-07-24 08:55:00,32.006,32.016,31.948,31.954,29724.5
2026-07-24 09:00:00,31.954,31.998,31.948,31.997,4581.49
2026-07-24 09:05:00,31.997,32.097,31.954,32.059,117946.24
2026-07-24 09:10:00,32.059,32.076,32.008,32.04,111461.8
2026-07-24 09:15:00,32.04,32.078,31.968,31.988,46382.56
2026-07-24 09:20:00,31.988,32.034,31.929,31.939,60078.08
2026-07-24 09:25:00,31.939,31.956,31.873,31.889,39567.23
2026-07-24 09:30:00,31.889,31.963,31.868,31.956,223201.5
2026-07-24 09:35:00,31.956,32.112,31.932,32.074,5475.8
2026-07-24 09:40:00,32.074,32.112,32.017,32.053,39094.45
2026-07-24 09:45:00,32.053,32.193,32.02,32.124,104153.01
2026-07-24 09:50:00,32.124,32.164,32.099,32.129,32594.97
2026-07-24 09:55:00,32.129,32.2,32.042,32.061,67082.24
2026-07-24 10:00:00,32.061,32.064,32.048,32.052,15565.51
2026-07-24 10:05:00,32.052,32.09,32.005,32.082,7372.45
2026-07-24 10:10:00,32.082,32.169,32.011,32.032,113367.55
2026-07-24 10:15:00,32.032,32.173,31.992,32.127,8099.53
2026-07-24 10:20:00,32.127,32.254,32.035,32.066,167766.67
2026-07-24 10:25:00,32.066,32.112,32.015,32.036,108463.25
2026-07-24 10:30:00,32.036,32.136,32.024,32.098,45273.97
2026-07-24 10:35:00,32.098,32.116,32.01,32.025,12242.35
2026-07-24 10:40:00,32.025,32.107,32.014,32.09,61863.83
2026-07-24 10:45:00,32.09,32.096,31.931,31.999,1717.95
2026-07-24 10:50:00,31.999,32.025,31.955,31.974,21187.89
2026-07-24 10:55:00,31.974,31.992,31.956,31.967,18339.15
2026-07-24 11:00:00,31.967,32.023,31.92,31.931,18914.53
2026-07-24 11:05:00,31.931,31.944,31.902,31.925,22386.93
2026-07-24 11:10:00,31.925,31.959,31.905,31.951,10892.21
2026-07-24 11:15:00,31.951,31.953,31.934,31.937,20354.48
2026-07-24 11:20:00,31.937,32.058,31.932,32.051,20226.01
2026-07-24 11:25:00,32.051,32.144,32.039,32.139,96550.92
2026-07-24 11:30:00,32.139,32.214,32.049,32.071,1036.31
2026-07-24 11:35:00,32.071,32.075,31.97,31.994,12596.83
2026-07-24 11:40:00,31.994,32.126,31.969,32.07,19212.48
2026-07-24 11:45:00,32.07,32.106,32.054,32.087,84686.71
2026-07-24 11:50:00,32.087,32.151,32.077,32.102,39410.85
2026-07-24 11:55:00,32.102,32.182,32.09,32.154,8251.23
2026-07-24 12:00:00,32.154,32.232,32.074,32.097,138928.67
2026-07-24 12:05:00,32.097,32.125,32.041,32.051,20464.81
2026-07-24 12:10:00,32.051,32.115,32.036,32.081,26007.11
2026-07-24 12:15:00,32.081,32.105,32.049,32.073,135925.77
2026-07-24 12:20:00,32.073,32.098,31.996,32.006,17133.06
2026-07-24 12:25:00,32.006,32.018,31.954,32.003,108674.74
2026-07-24 12:30:00,32.003,32.045,31.991,32.013,65174.49
2026-07-24 12:35:00,32.013,32.018,31.98,31.992,34136.24
2026-07-24 12:40:00,31.992,32.071,31.982,32.045,4181.7
2026-07-24 12:45:00,32.045,32.062,31.977,32.022,56656.6
2026-07-24 12:50:00,32.022,32.025,31.945,32.023,29039.4
2026-07-24 12:55:00,32.023,32.061,31.941,31.985,343354.24
2026-07-24 13:00:00,31.985,32.009,31.981,32.004,200787.32
2026-07-24 13:05:00,32.004,32.043,31.99,32.008,55467.57
2026-07-24 13:10:00,32.008,32.025,31.993,32.011,24006.9
2026-07-24 13:15:00,32.011,32.041,31.982,32.006,6460.04
2026-07-24 13:20:00,32.006,32.022,31.99,32.015,48642.42
2026-07-24 13:25:00,32.015,32.082,32.003,32.063,20471.96
2026-07-24 13:30:00,32.063,32.099,31.937,31.963,134544.24
2026-07-24 13:35:00,31.963,32.069,31.914,32.036,22055.64
2026-07-24 13:40:00,32.036,32.133,32.015,32.091,98980.13
2026-07-24 13:45:00,32.091,32.106,31.999,32.045,85337.45
2026-07-24 13:50:00,32.045,32.109,32.035,32.046,23881.07
2026-07-24 13:55:00,32.046,32.131,32.021,32.126,19242.6
2026-07-24 14:00:00,32.126,32.128,32.102,32.104,104904.27
2026-07-24 14:05:00,32.104,32.14,32.081,32.128,38083.83
2026-07-24 14:10:00,32.128,32.138,32.061,32.107,38614.97
2026-07-24 14:15:00,32.107,32.128,32.044,32.052,7534.96
2026-07-24 14:20:00,32.052,32.085,31.951,32.008,41019.58
2026-07-24 14:25:00,32.008,32.03,31.93,32.002,29525.24
2026-07-24 14:30:00,32.002,32.009,31.949,31.952,33251.54
2026-07-24 14:35:00,31.952,32.062,31.952,32.062,82564.94
2026-07-24 14:40:00,32.062,32.113,32.004,32.08,131611.81
2026-07-24 14:45:00,32.08,32.141,31.992,32.045,99570.68
2026-07-24 14:50:00,32.045,32.06,31.975,31.979,24196.86
2026-07-24 14:55:00,31.979,32.055,31.948,32.013,32985.0
2026-07-24 15:00:00,32.013,32.129,31.967,32.121,113770.33
2026-07-24 15:05:00,32.121,32.194,32.09,32.154,59898.31
2026-07-24 15:10:00,32.154,32.164,32.135,32.153,16748.49
2026-07-24 15:15:00,32.153,32.153,32.1,32.144,14678.2
2026-07-24 15:20:00,32.144,32.201,32.027,32.091,54502.81
2026-07-24 15:25:00,32.091,32.208,32.075,32.185,52823.21
2026-07-24 15:30:00,32.185,32.361,32.104,32.277,1855.58
2026-07-24 15:35:00,32.277,32.303,32.273,32.275,37266.64
2026-07-24 15:40:00,32.275,32.4,32.204,32.225,432559.91
2026-07-24 15:45:00,32.225,32.227,32.19,32.215,78563.89
2026-07-24 15:50:00,32.215,32.239,32.172,32.212,47911.9
2026-07-24 15:55:00,32.212,32.226,32.188,32.192,64312.06
2026-07-24 16:00:00,32.192,32.303,32.158,32.25,20945.52
2026-07-24 16:05:00,32.25,32.357,32.206,32.341,44991.01
2026-07-24 16:10:00,32.341,32.453,32.292,32.304,44979.03
2026-07-24 16:15:00,32.304,32.448,32.211,32.238,284306.0
2026-07-24 16:20:00,32.238,32.309,32.221,32.286,46062.17
2026-07-24 16:25:00,32.286,32.323,32.283,32.303,25739.1
2026-07-24 16:30:00,32.303,32.46,32.302,32.45,324368.84
2026-07-24 16:35:00,32.45,32.555,32.402,32.423,197897.75
2026-07-24 16:40:00,32.423,32.49,32.337,32.356,108478.8
2026-07-24 16:45:00,32.356,32.395,32.351,32.391,11080.27
2026-07-24 16:50:00,32.391,32.489,32.287,32.298,165938.01
2026-07-24 16:55:00,32.298,32.38,32.223,32.254,68032.1
2026-07-24 17:00:00,32.254,32.393,32.147,32.164,255973.11
2026-07-24 17:05:00,32.164,32.261,32.102,32.124,193756.17
2026-07-24 17:10:00,32.124,32.132,32.101,32.104,12043.17
2026-07-24 17:15:00,32.104,32.138,32.02,32.043,131096.84
2026-07-24 17:20:00,32.043,32.054,31.963,31.998,109675.98
2026-07-24 17:25:00,31.998,32.003,31.935,31.945,21845.51
2026-07-24 17:30:00,31.945,31.968,31.936,31.939,89812.74
2026-07-24 17:35:00,31.939,31.97,31.926,31.963,6547.6
2026-07-24 17:40:00,31.963,31.966,31.942,31.951,45233.51
2026-07-24 17:45:00,31.951,32.018,31.891,32.002,53363.64
2026-07-24 17:50:00,32.002,32.117,31.952,32.076,50399.14
2026-07-24 17:55:00,32.076,32.121,31.984,32.089,19216.9
2026-07-24 18:00:00,32.089,32.112,32.057,32.109,90419.37
2026-07-24 18:05:00,32.109,32.131,32.004,32.019,26242.7
2026-07-24 18:10:00,32.019,32.173,31.991,32.156,22682.7
2026-07-24 18:15:00,32.156,32.299,32.099,32.125,97710.68
2026-07-24 18:20:00,32.125,32.194,32.064,32.086,10975.26
2026-07-24 18:25:00,32.086,32.106,31.996,32.027,31659.58
2026-07-24 18:30:00,32.027,32.062,31.997,32.056,77924.08
2026-07-24 18:35:00,32.056,32.079,32.054,32.072,6709.62
2026-07-24 18:40:00,32.072,32.1,31.981,32.022,116568.93
2026-07-24 18:45:00,32.022,32.042,31.901,31.959,24378.13
2026-07-24 18:50:00,31.959,31.968,31.865,31.908,91836.11
2026-07-24 18:55:00,31.908,32.0,31.855,31.971,128851.64
2026-07-24 19:00:00,31.971,32.001,31.891,31.94,64325.29
2026-07-24 19:05:00,31.94,31.98,31.821,31.86,127778.09
2026-07-24 19:10:00,31.86,31.881,31.784,31.801,16554.01
2026-07-24 19:15:00,31.801,31.922,31.799,31.894,101284.55
2026-07-24 19:20:00,31.894,31.906,31.816,31.894,23962.7
2026-07-24 19:25:00,31.894,31.952,31.873,31.932,10457.41
2026-07-24 19:30:00,31.932,31.956,31.906,31.952,72205.44
2026-07-24 19:35:00,31.952,31.978,31.936,31.963,83063.71
2026-07-24 19:40:00,31.963,31.994,31.864,31.865,60695.1
2026-07-24 19:45:00,31.865,31.94,31.835,31.889,48141.71
2026-07-24 19:50:00,31.889,31.903,31.852,31.888,116306.99
2026-07-24 19:55:00,31.888,31.895,31.772,31.789,628.13
2026-07-24 20:00:00,31.789,31.887,31.686,31.861,2407.95
2026-07-24 20:05:00,31.861,31.926,31.761,31.914,46536.97
2026-07-24 20:10:00,31.914,31.963,31.84,31.864,18412.56
2026-07-24 20:15:00,31.864,31.902,31.822,31.839,37436.13
2026-07-24 20:20:00,31.839,31.944,31.714,31.915,82804.8
2026-07-24 20:25:00,31.915,31.957,31.888,31.941,7632.97
2026-07-24 20:30:00,31.941,31.959,31.827,31.865,4562.35
2026-07-24 20:35:00,31.865,31.877,31.791,31.827,38968.85
2026-07-24 20:40:00,31.827,31.921,31.821,31.858,208111.63
2026-07-24 20:45:00,31.858,31.971,31.858,31.938,16972.03
2026-07-24 20:50:00,31.938,31.996,31.923,31.996,107235.83
2026-07-24 20:55:00,31.996,31.997,31.95,31.972,190737.88
2026-07-24 21:00:00,31.972,32.002,31.873,31.895,24714.04
2026-07-24 21:05:00,31.895,31.924,31.893,31.91,206420.08
2026-07-24 21:10:00,31.91,31.968,31.889,31.893,24151.49
2026-07-24 21:15:00,31.893,31.94,31.871,31.884,37542.46
2026-07-24 21:20:00,31.884,31.896,31.845,31.849,116028.3
2026-07-24 21:25:00,31.849,31.9,31.797,31.882,25478.98
2026-07-24 21:30:00,31.882,31.893,31.865,31.891,75916.44
2026-07-24 21:35:00,31.891,31.923,31.871,31.909,27354.19
2026-07-24 21:40:00,31.909,31.98,31.87,31.951,13094.57
2026-07-24 21:45:00,31.951,32.072,31.944,32.043,67392.08
2026-07-24 21:50:00,32.043,32.087,32.039,32.071,189591.01
2026-07-24 21:55:00,32.071,32.13,32.018,32.045,432.83
2026-07-24 22:00:00,32.045,32.119,32.008,32.01,10904.68
2026-07-24 22:05:00,32.01,32.108,32.002,32.102,11051.51
2026-07-24 22:10:00,32.102,32.107,32.027,32.1,18842.62
2026-07-24 22:15:00,32.1,32.133,32.086,32.12,14142.98
2026-07-24 22:20:00,32.12,32.148,32.072,32.142,85182.83
2026-07-24 22:25:00,32.142,32.152,32.136,32.141,129996.95
2026-07-24 22:30:00,32.141,32.214,32.102,32.176,25892.94
2026-07-24 22:35:00,32.176,32.243,32.166,32.224,2505.96
2026-07-24 22:40:00,32.224,32.252,32.218,32.219,20067.59
2026-07-24 22:45:00,32.219,32.277,32.217,32.255,36650.27
2026-07-24 22:50:00,32.255,32.346,32.237,32.306,56513.76
2026-07-24 22:55:00,32.306,32.322,32.194,32.209,51721.19
2026-07-24 23:00:00,32.209,32.35,32.179,32.333,27850.24
2026-07-24 23:05:00,32.333,32.432,32.282,32.36,3492.96
2026-07-24 23:10:00,32.36,32.388,32.312,32.366,14354.79
2026-07-24 23:15:00,32.366,32.397,32.26,32.295,25959.21
2026-07-24 23:20:00,32.295,32.403,32.276,32.378,27410.34
2026-07-24 23:25:00,32.378,32.393,32.284,32.311,48947.28
2026-07-24 23:30:00,32.311,32.352,32.205,32.242,9380.77
2026-07-24 23:35:00,32.242,32.266,32.165,32.226,41075.87
2026-07-24 23:40:00,32.226,32.248,32.17,32.238,1958.73
2026-07-24 23:45:00,32.238,32.242,32.197,32.206,2608.74
2026-07-24 23:50:00,32.206,32.245,32.103,32.135,5174.9
2026-07-24 23:55:00,32.135,32.2,32.132,32.164,9100.36
2026-07-25 00:00:00,32.164,32.17,32.148,32.151,118228.23
2026-07-25 00:05:00,32.151,32.164,32.055,32.087,69238.28
2026-07-25 00:10:00,32.087,32.202,32.085,32.183,53691.44
2026-07-25 00:15:00,32.183,32.199,32.171,32.194,230179.58
2026-07-25 00:20:00,32.194,32.229,32.138,32.164,10434.31
2026-07-25 00:25:00,32.164,32.285,32.134,32.272,21478.66
2026-07-25 00:30:00,32.272,32.448,32.252,32.401,50814.08
2026-07-25 00:35:00,32.401,32.472,32.282,32.311,215938.48
2026-07-25 00:40:00,32.311,32.366,32.261,32.35,83319.56
2026-07-25 00:45:00,32.35,32.377,32.292,32.354,90944.38
2026-07-25 00:50:00,32.354,32.375,32.263,32.325,42805.79
2026-07-25 00:55:00,32.325,32.396,32.218,32.25,299486.73
2026-07-25 01:00:00,32.25,32.373,32.217,32.344,6278.84
2026-07-25 01:05:00,32.344,32.483,32.25,32.28,563549.78
2026-07-25 01:10:00,32.28,32.351,32.275,32.343,118737.34
2026-07-25 01:15:00,32.343,32.462,32.283,32.308,324066.66
2026-07-25 01:20:00,32.308,32.373,32.298,32.337,67607.47
2026-07-25 01:25:00,32.337,32.436,32.21,32.241,370678.57
2026-07-25 01:30:00,32.241,32.257,32.176,32.235,39851.55
2026-07-25 01:35:00,32.235,32.411,32.219,32.351,9496.42
2026-07-25 01:40:00,32.351,32.418,32.332,32.418,5584.4
2026-07-25 01:45:00,32.418,32.457,32.316,32.439,62545.61
2026-07-25 01:50:00,32.439,32.568,32.37,32.392,723531.82
2026-07-25 01:55:00,32.392,32.453,32.297,32.317,21100.29
2026-07-25 02:00:00,32.317,32.326,32.302,32.317,46289.78
2026-07-25 02:05:00,32.317,32.402,32.308,32.393,78945.89
2026-07-25 02:10:00,32.393,32.474,32.387,32.445,155449.25
2026-07-25 02:15:00,32.445,32.589,32.337,32.349,257417.71
2026-07-25 02:20:00,32.349,32.487,32.305,32.415,63857.68
2026-07-25 02:25:00,32.415,32.451,32.372,32.411,60916.57
2026-07-25 02:30:00,32.411,32.482,32.337,32.357,241333.83
2026-07-25 02:35:00,32.357,32.408,32.31,32.339,3249.26
2026-07-25 02:40:00,32.339,32.375,32.32,32.341,94272.94
2026-07-25 02:45:00,32.341,32.419,32.259,32.274,336840.75
2026-07-25 02:50:00,32.274,32.304,32.259,32.265,136137.68
2026-07-25 02:55:00,32.265,32.28,32.229,32.238,107887.26
2026-07-25 03:00:00,32.238,32.269,32.14,32.164,22678.56
2026-07-25 03:05:00,32.164,32.179,32.091,32.169,23807.47
2026-07-25 03:10:00,32.169,32.253,32.078,32.232,6857.36
2026-07-25 03:15:00,32.232,32.287,32.229,32.281,99946.26
2026-07-25 03:20:00,32.281,32.363,32.253,32.329,33490.1
2026-07-25 03:25:00,32.329,32.384,32.305,32.305,744.3
2026-07-25 03:30:00,32.305,32.373,32.235,32.354,20100.23
2026-07-25 03:35:00,32.354,32.392,32.31,32.354,1285.35
2026-07-25 03:40:00,32.354,32.393,32.332,32.367,96505.96
2026-07-25 03:45:00,32.367,32.424,32.366,32.412,170916.76
2026-07-25 03:50:00,32.412,32.521,32.376,32.473,102234.02
2026-07-25 03:55:00,32.473,32.596,32.357,32.389,140925.73
2026-07-25 04:00:00,32.389,32.511,32.324,32.347,182271.63
2026-07-25 04:05:00,32.347,32.362,32.253,32.273,11745.86
2026-07-25 04:10:00,32.273,32.285,32.257,32.261,1164.18
2026-07-25 04:15:00,32.261,32.287,32.182,32.242,116654.03
2026-07-25 04:20:00,32.242,32.268,32.165,32.188,20637.06
2026-07-25 04:25:00,32.188,32.22,32.114,32.165,56419.93
2026-07-25 04:30:00,32.165,32.19,32.162,32.174,17605.43
2026-07-25 04:35:00,32.174,32.203,32.122,32.153,106639.84
2026-07-25 04:40:00,32.153,32.236,32.125,32.182,15964.48
2026-07-25 04:45:00,32.182,32.311,32.131,32.261,31354.22
2026-07-25 04:50:00,32.261,32.325,32.195,32.212,43447.21
2026-07-25 04:55:00,32.212,32.349,32.211,32.29,58219.97
2026-07-25 05:00:00,32.29,32.346,32.278,32.307,33875.06
2026-07-25 05:05:00,32.307,32.396,32.3,32.328,11672.44
2026-07-25 05:10:00,32.328,32.356,32.322,32.343,79853.15
2026-07-25 05:15:00,32.343,32.349,32.245,32.281,9017.82
2026-07-25 05:20:00,32.281,32.312,32.236,32.292,125455.3
2026-07-25 05:25:00,32.292,32.328,32.181,32.217,47909.17
2026-07-25 05:30:00,32.217,32.264,32.186,32.191,26666.74
2026-07-25 05:35:00,32.191,32.218,32.153,32.217,215964.87
2026-07-25 05:40:00,32.217,32.275,32.209,32.227,49924.8
2026-07-25 05:45:00,32.227,32.302,32.211,32.268,35369.24
2026-07-25 05:50:00,32.268,32.324,32.246,32.269,100914.16
2026-07-25 05:55:00,32.269,32.315,32.258,32.289,5783.82
2026-07-25 06:00:00,32.289,32.386,32.28,32.386,15537.35
2026-07-25 06:05:00,32.386,32.481,32.298,32.314,46621.45
2026-07-25 06:10:00,32.314,32.328,32.255,32.293,7199.49
2026-07-25 06:15:00,32.293,32.337,32.282,32.306,12969.06
2026-07-25 06:20:00,32.306,32.449,32.284,32.392,86909.48
2026-07-25 06:25:00,32.392,32.452,32.335,32.346,455175.35
2026-07-25 06:30:00,32.346,32.363,32.325,32.335,127917.16
2026-07-25 06:35:00,32.335,32.344,32.259,32.299,132703.38
2026-07-25 06:40:00,32.299,32.337,32.298,32.329,51222.63
2026-07-25 06:45:00,32.329,32.357,32.287,32.349,138295.39
2026-07-25 06:50:00,32.349,32.468,32.318,32.443,1698.13
2026-07-25 06:55:00,32.443,32.49,32.414,32.472,17946.79
2026-07-25 07:00:00,32.472,32.504,32.413,32.441,183730.35
2026-07-25 07:05:00,32.441,32.479,32.288,32.354,57571.1
2026-07-25 07:10:00,32.354,32.407,32.351,32.404,1888.11
2026-07-25 07:15:00,32.404,32.405,32.379,32.388,34767.61
2026-07-25 07:20:00,32.388,32.397,32.302,32.329,160335.25
2026-07-25 07:25:00,32.329,32.37,32.311,32.357,38727.34
2026-07-25 07:30:00,32.357,32.469,32.325,32.433,13371.86
2026-07-25 07:35:00,32.433,32.487,32.414,32.473,18833.68
2026-07-25 07:40:00,32.473,32.503,32.445,32.479,41517.93
2026-07-25 07:45:00,32.479,32.481,32.407,32.455,106435.34
2026-07-25 07:50:00,32.455,32.526,32.396,32.424,335313.23
2026-07-25 07:55:00,32.424,32.542,32.362,32.373,42729.73
2026-07-25 08:00:00,32.373,32.394,32.286,32.318,70204.04
2026-07-25 08:05:00,32.318,32.395,32.313,32.395,136747.1
2026-07-25 08:10:00,32.395,32.421,32.35,32.386,56084.48
2026-07-25 08:15:00,32.386,32.418,32.38,32.396,22793.08
2026-07-25 08:20:00,32.396,32.399,32.348,32.366,17953.43
2026-07-25 08:25:00,32.366,32.412,32.324,32.393,10395.96
2026-07-25 08:30:00,32.393,32.432,32.38,32.423,5990.47
2026-07-25 08:35:00,32.423,32.499,32.348,32.363,56919.36
2026-07-25 08:40:00,32.363,32.382,32.336,32.365,87237.55
2026-07-25 08:45:00,32.365,32.417,32.325,32.402,1626.08
2026-07-25 08:50:00,32.402,32.44,32.312,32.345,75261.04
2026-07-25 08:55:00,32.345,32.403,32.288,32.314,74033.09
2026-07-25 09:00:00,32.314,32.327,32.306,32.309,18653.51
2026-07-25 09:05:00,32.309,32.332,32.182,32.22,46579.58
2026-07-25 09:10:00,32.22,32.259,32.117,32.134,61179.66
2026-07-25 09:15:00,32.134,32.277,32.132,32.241,146425.17
2026-07-25 09:20:00,32.241,32.282,32.184,32.195,20918.61
2026-07-25 09:25:00,32.195,32.305,32.111,32.282,321707.44
2026-07-25 09:30:00,32.282,32.332,32.267,32.301,209944.31
2026-07-25 09:35:00,32.301,32.334,32.263,32.283,4885.72
2026-07-25 09:40:00,32.283,32.374,32.282,32.363,17017.37
2026-07-25 09:45:00,32.363,32.463,32.344,32.443,12738.06
2026-07-25 09:50:00,32.443,32.55,32.432,32.531,28885.95
2026-07-25 09:55:00,32.531,32.628,32.477,32.488,96851.64
2026-07-25 10:00:00,32.488,32.616,32.409,32.437,91414.52
2026-07-25 10:05:00,32.437,32.447,32.402,32.41,21811.82
2026-07-25 10:10:00,32.41,32.425,32.398,32.406,174016.18
2026-07-25 10:15:00,32.406,32.457,32.383,32.43,95021.91
2026-07-25 10:20:00,32.43,32.542,32.405,32.502,77918.69
2026-07-25 10:25:00,32.502,32.633,32.441,32.456,168492.18
2026-07-25 10:30:00,32.456,32.551,32.395,32.417,43918.89
2026-07-25 10:35:00,32.417,32.437,32.37,32.372,9075.73
2026-07-25 10:40:00,32.372,32.393,32.337,32.338,76601.97
2026-07-25 10:45:00,32.338,32.368,32.233,32.236,31054.31
2026-07-25 10:50:00,32.236,32.264,32.198,32.199,31550.43
2026-07-25 10:55:00,32.199,32.261,32.176,32.205,49274.86
2026-07-25 11:00:00,32.205,32.217,32.162,32.182,35601.23
2026-07-25 11:05:00,32.182,32.248,32.179,32.238,130326.59
2026-07-25 11:10:00,32.238,32.37,32.187,32.344,31649.58
2026-07-25 11:15:00,32.344,32.45,32.318,32.401,62479.06
2026-07-25 11:20:00,32.401,32.466,32.401,32.439,39333.99
2026-07-25 11:25:00,32.439,32.458,32.414,32.446,8938.78
2026-07-25 11:30:00,32.446,32.494,32.436,32.454,16593.08
2026-07-25 11:35:00,32.454,32.493,32.425,32.488,19011.6
2026-07-25 11:40:00,32.488,32.587,32.425,32.446,303097.92
2026-07-25 11:45:00,32.446,32.539,32.434,32.493,83272.32
2026-07-25 11:50:00,32.493,32.525,32.46,32.461,35914.75
2026-07-25 11:55:00,32.461,32.502,32.45,32.467,7541.37
2026-07-25 12:00:00,32.467,32.52,32.442,32.498,133801.11
2026-07-25 12:05:00,32.498,32.552,32.451,32.539,11108.26
2026-07-25 12:10:00,32.539,32.581,32.529,32.578,30342.57
2026-07-25 12:15:00,32.578,32.584,32.541,32.542,43770.7
2026-07-25 12:20:00,32.542,32.606,32.424,32.448,83610.89
2026-07-25 12:25:00,32.448,32.478,32.372,32.425,67407.21
2026-07-25 12:30:00,32.425,32.458,32.291,32.322,19672.53
2026-07-25 12:35:00,32.322,32.352,32.305,32.333,18573.97
2026-07-25 12:40:00,32.333,32.378,32.171,32.214,89355.19
2026-07-25 12:45:00,32.214,32.228,32.204,32.209,8549.03
2026-07-25 12:50:00,32.209,32.281,32.209,32.277,19867.6
2026-07-25 12:55:00,32.277,32.337,32.236,32.317,83387.37
2026-07-25 13:00:00,32.317,32.346,32.271,32.328,66211.89
2026-07-25 13:05:00,32.328,32.395,32.309,32.343,26251.51
2026-07-25 13:10:00,32.343,32.356,32.211,32.246,197208.85
2026-07-25 13:15:00,32.246,32.267,32.149,32.153,17903.75
2026-07-25 13:20:00,32.153,32.182,32.049,32.064,4572.89
2026-07-25 13:25:00,32.064,32.165,31.958,32.142,179348.32
2026-07-25 13:30:00,32.142,32.207,32.087,32.186,120534.34
2026-07-25 13:35:00,32.186,32.259,32.154,32.223,115496.24
2026-07-25 13:40:00,32.223,32.326,32.198,32.325,2533.31
2026-07-25 13:45:00,32.325,32.481,32.322,32.409,36103.01
2026-07-25 13:50:00,32.409,32.415,32.394,32.4,38449.68
2026-07-25 13:55:00,32.4,32.507,32.355,32.481,793.23
2026-07-25 14:00:00,32.481,32.55,32.45,32.519,35883.13
2026-07-25 14:05:00,32.519,32.63,32.453,32.475,248809.4
2026-07-25 14:10:00,32.475,32.547,32.409,32.429,30881.83
2026-07-25 14:15:00,32.429,32.46,32.368,32.378,47546.56
2026-07-25 14:20:00,32.378,32.395,32.341,32.363,18582.41
2026-07-25 14:25:00,32.363,32.382,32.348,32.354,25220.51
2026-07-25 14:30:00,32.354,32.47,32.31,32.454,51725.92
2026-07-25 14:35:00,32.454,32.482,32.413,32.441,160361.15
2026-07-25 14:40:00,32.441,32.62,32.419,32.606,123582.98
2026-07-25 14:45:00,32.606,32.73,32.512,32.524,349487.83
2026-07-25 14:50:00,32.524,32.528,32.486,32.524,25632.28
2026-07-25 14:55:00,32.524,32.57,32.413,32.471,43439.95
2026-07-25 15:00:00,32.471,32.559,32.404,32.427,252737.18
2026-07-25 15:05:00,32.427,32.474,32.418,32.471,5402.29
2026-07-25 15:10:00,32.471,32.558,32.451,32.515,7056.14
2026-07-25 15:15:00,32.515,32.584,32.477,32.555,1984.96
2026-07-25 15:20:00,32.555,32.631,32.514,32.545,28113.59
2026-07-25 15:25:00,32.545,32.599,32.434,32.46,493581.33
2026-07-25 15:30:00,32.46,32.584,32.422,32.534,21303.03
2026-07-25 15:35:00,32.534,32.567,32.501,32.544,43884.14
2026-07-25 15:40:00,32.544,32.553,32.43,32.488,129689.76
2026-07-25 15:45:00,32.488,32.532,32.471,32.475,176861.05
2026-07-25 15:50:00,32.475,32.543,32.448,32.515,131575.53
2026-07-25 15:55:00,32.515,32.518,32.47,32.493,2706.47
2026-07-25 16:00:00,32.493,32.534,32.464,32.518,28745.01
2026-07-25 16:05:00,32.518,32.555,32.506,32.524,13347.83
2026-07-25 16:10:00,32.524,32.578,32.478,32.557,38247.63
2026-07-25 16:15:00,32.557,32.584,32.542,32.572,60057.15
2026-07-25 16:20:00,32.572,32.691,32.469,32.497,148474.14
2026-07-25 16:25:00,32.497,32.527,32.401,32.449,26217.85
2026-07-25 16:30:00,32.449,32.452,32.412,32.416,194622.11
2026-07-25 16:35:00,32.416,32.475,32.372,32.462,144376.55
2026-07-25 16:40:00,32.462,32.506,32.405,32.441,123100.99
2026-07-25 16:45:00,32.441,32.468,32.361,32.441,173023.67
2026-07-25 16:50:00,32.441,32.47,32.429,32.446,89480.09
2026-07-25 16:55:00,32.446,32.506,32.4,32.46,28448.38
2026-07-25 17:00:00,32.46,32.574,32.448,32.539,12071.42
2026-07-25 17:05:00,32.539,32.569,32.491,32.567,145904.82
2026-07-25 17:10:00,32.567,32.641,32.518,32.577,24433.93
2026-07-25 17:15:00,32.577,32.579,32.52,32.544,1579.55
2026-07-25 17:20:00,32.544,32.63,32.431,32.451,423262.74
2026-07-25 17:25:00,32.451,32.536,32.432,32.455,57338.07
2026-07-25 17:30:00,32.455,32.456,32.404,32.428,50327.86
2026-07-25 17:35:00,32.428,32.435,32.329,32.366,82611.66
2026-07-25 17:40:00,32.366,32.386,32.301,32.311,11498.49
2026-07-25 17:45:00,32.311,32.384,32.303,32.345,1202.76
2026-07-25 17:50:00,32.345,32.356,32.314,32.347,48052.99
2026-07-25 17:55:00,32.347,32.373,32.24,32.25,26218.4
2026-07-25 18:00:00,32.25,32.251,32.204,32.21,80098.03
2026-07-25 18:05:00,32.21,32.323,32.175,32.253,119269.46
2026-07-25 18:10:00,32.253,32.298,32.204,32.286,26782.0
2026-07-25 18:15:00,32.286,32.291,32.226,32.24,11000.77
2026-07-25 18:20:00,32.24,32.347,32.202,32.317,25461.72
2026-07-25 18:25:00,32.317,32.349,32.193,32.232,1268.5
2026-07-25 18:30:00,32.232,32.285,32.22,32.24,2988.66
2026-07-25 18:35:00,32.24,32.27,32.219,32.254,49016.34
2026-07-25 18:40:00,32.254,32.276,32.211,32.222,78111.82
2026-07-25 18:45:00,32.222,32.269,32.207,32.259,4610.37
2026-07-25 18:50:00,32.259,32.376,32.259,32.367,25009.94
2026-07-25 18:55:00,32.367,32.379,32.287,32.321,3759.8
2026-07-25 19:00:00,32.321,32.346,32.313,32.316,1855.87
2026-07-25 19:05:00,32.316,32.416,32.299,32.406,138119.09
2026-07-25 19:10:00,32.406,32.464,32.375,32.379,21195.02
2026-07-25 19:15:00,32.379,32.389,32.345,32.354,42541.86
2026-07-25 19:20:00,32.354,32.434,32.33,32.421,4618.47
2026-07-25 19:25:00,32.421,32.53,32.39,32.519,38882.19
2026-07-25 19:30:00,32.519,32.632,32.413,32.426,98497.49
2026-07-25 19:35:00,32.426,32.439,32.398,32.419,1663.11
2026-07-25 19:40:00,32.419,32.466,32.416,32.422,33679.17
2026-07-25 19:45:00,32.422,32.45,32.399,32.408,25235.42
2026-07-25 19:50:00,32.408,32.445,32.325,32.353,56252.36
2026-07-25 19:55:00,32.353,32.404,32.304,32.403,43084.2
2026-07-25 20:00:00,32.403,32.444,32.276,32.367,26277.63
2026-07-25 20:05:00,32.367,32.451,32.316,32.417,21763.34
2026-07-25 20:10:00,32.417,32.433,32.319,32.347,18342.83
2026-07-25 20:15:00,32.347,32.371,32.331,32.362,63664.63
2026-07-25 20:20:00,32.362,32.378,32.289,32.313,21799.56
2026-07-25 20:25:00,32.313,32.373,32.288,32.354,19903.41
2026-07-25 20:30:00,32.354,32.387,32.258,32.309,30992.14
2026-07-25 20:35:00,32.309,32.36,32.253,32.321,5585.39
2026-07-25 20:40:00,32.321,32.345,32.242,32.289,84824.7
2026-07-25 20:45:00,32.289,32.305,32.202,32.222,134900.01
2026-07-25 20:50:00,32.222,32.319,32.124,32.303,71198.8
2026-07-25 20:55:00,32.303,32.318,32.278,32.308,47991.78
2026-07-25 21:00:00,32.308,32.351,32.279,32.32,25034.63
2026-07-25 21:05:00,32.32,32.351,32.299,32.349,17355.0
2026-07-25 21:10:00,32.349,32.372,32.3,32.315,2095.97
2026-07-25 21:15:00,32.315,32.352,32.287,32.348,30741.29
2026-07-25 21:20:00,32.348,32.372,32.311,32.319,64314.65
2026-07-25 21:25:00,32.319,32.347,32.303,32.335,99039.53
2026-07-25 21:30:00,32.335,32.359,32.326,32.352,2981.86
2026-07-25 21:35:00,32.352,32.473,32.351,32.453,15109.24
2026-07-25 21:40:00,32.453,32.468,32.393,32.421,148365.38
2026-07-25 21:45:00,32.421,32.509,32.391,32.46,44272.85
2026-07-25 21:50:00,32.46,32.528,32.368,32.404,32642.06
2026-07-25 21:55:00,32.404,32.435,32.351,32.359,34715.37
2026-07-25 22:00:00,32.359,32.385,32.357,32.376,2780.57
2026-07-25 22:05:00,32.376,32.487,32.328,32.462,29082.74
2026-07-25 22:10:00,32.462,32.504,32.448,32.453,17794.07
2026-07-25 22:15:00,32.453,32.509,32.406,32.478,2439.4
2026-07-25 22:20:00,32.478,32.524,32.463,32.507,21155.44
2026-07-25 22:25:00,32.507,32.551,32.504,32.542,248913.93
2026-07-25 22:30:00,32.542,32.659,32.536,32.616,83197.93
2026-07-25 22:35:00,32.616,32.713,32.541,32.552,64532.97
2026-07-25 22:40:00,32.552,32.581,32.525,32.555,121.52
2026-07-25 22:45:00,32.555,32.569,32.433,32.508,14927.66
2026-07-25 22:50:00,32.508,32.535,32.461,32.467,1599.6
2026-07-25 22:55:00,32.467,32.473,32.431,32.467,40291.86
2026-07-25 23:00:00,32.467,32.477,32.366,32.415,43018.14
2026-07-25 23:05:00,32.415,32.535,32.405,32.487,27579.65
2026-07-25 23:10:00,32.487,32.528,32.477,32.517,45561.67
2026-07-25 23:15:00,32.517,32.631,32.407,32.434,813297.02
2026-07-25 23:20:00,32.434,32.454,32.407,32.449,22893.06
2026-07-25 23:25:00,32.449,32.465,32.42,32.448,945.1
2026-07-25 23:30:00,32.448,32.535,32.423,32.494,80328.98
2026-07-25 23:35:00,32.494,32.53,32.482,32.506,20236.11
2026-07-25 23:40:00,32.506,32.515,32.437,32.452,42407.69
2026-07-25 23:45:00,32.452,32.473,32.43,32.445,30512.84
2026-07-25 23:50:00,32.445,32.446,32.314,32.366,19937.18
2026-07-25 23:55:00,32.366,32.379,32.364,32.375,5752.57
2026-07-26 00:00:00,32.375,32.397,32.199,32.276,97221.82
2026-07-26 00:05:00,32.276,32.335,32.242,32.305,34158.45
2026-07-26 00:10:00,32.305,32.364,32.172,32.18,237574.7
2026-07-26 00:15:00,32.18,32.265,32.128,32.25,254962.43
2026-07-26 00:20:00,32.25,32.306,32.246,32.299,20442.88
2026-07-26 00:25:00,32.299,32.305,32.261,32.301,10471.96
2026-07-26 00:30:00,32.301,32.36,32.266,32.31,103788.28
2026-07-26 00:35:00,32.31,32.322,32.245,32.255,237952.21
2026-07-26 00:40:00,32.255,32.372,32.178,32.351,54657.26
2026-07-26 00:45:00,32.351,32.428,32.323,32.394,66897.25
2026-07-26 00:50:00,32.394,32.449,32.367,32.409,17534.23
2026-07-26 00:55:00,32.409,32.544,32.35,32.541,2146.59
2026-07-26 01:00:00,32.541,32.585,32.505,32.542,51311.1
2026-07-26 01:05:00,32.542,32.571,32.528,32.563,74751.24
2026-07-26 01:10:00,32.563,32.613,32.513,32.531,581837.89
2026-07-26 01:15:00,32.531,32.593,32.512,32.559,42226.71
2026-07-26 01:20:00,32.559,32.694,32.451,32.465,389264.64
2026-07-26 01:25:00,32.465,32.549,32.462,32.522,61723.77
2026-07-26 01:30:00,32.522,32.573,32.506,32.547,52374.37
2026-07-26 01:35:00,32.547,32.552,32.544,32.545,17341.66
2026-07-26 01:40:00,32.545,32.595,32.474,32.496,89363.85
2026-07-26 01:45:00,32.496,32.556,32.487,32.531,43595.76
2026-07-26 01:50:00,32.531,32.595,32.52,32.582,21172.67
2026-07-26 01:55:00,32.582,32.659,32.581,32.628,38509.86
2026-07-26 02:00:00,32.628,32.746,32.584,32.599,82839.63
2026-07-26 02:05:00,32.599,32.631,32.512,32.544,119262.7
2026-07-26 02:10:00,32.544,32.598,32.531,32.569,34935.28
2026-07-26 02:15:00,32.569,32.596,32.555,32.577,179119.14
2026-07-26 02:20:00,32.577,32.63,32.548,32.615,58710.52
2026-07-26 02:25:00,32.615,32.655,32.523,32.575,77193.79
2026-07-26 02:30:00,32.575,32.681,32.572,32.65,5369.61
2026-07-26 02:35:00,32.65,32.697,32.539,32.553,47621.85
2026-07-26 02:40:00,32.553,32.581,32.516,32.551,8329.0
2026-07-26 02:45:00,32.551,32.627,32.498,32.582,149657.32
2026-07-26 02:50:00,32.582,32.727,32.485,32.513,24663.17
2026-07-26 02:55:00,32.513,32.609,32.49,32.598,54921.24
2026-07-26 03:00:00,32.598,32.72,32.595,32.678,108004.02
2026-07-26 03:05:00,32.678,32.705,32.64,32.65,18397.61
2026-07-26 03:10:00,32.65,32.682,32.563,32.666,141639.81
2026-07-26 03:15:00,32.666,32.725,32.653,32.692,109715.71
2026-07-26 03:20:00,32.692,32.751,32.612,32.629,82738.18
2026-07-26 03:25:00,32.629,32.707,32.606,32.682,15165.15
2026-07-26 03:30:00,32.682,32.828,32.608,32.631,395111.71
2026-07-26 03:35:00,32.631,32.646,32.553,32.586,132633.53
2026-07-26 03:40:00,32.586,32.651,32.552,32.648,27664.83
2026-07-26 03:45:00,32.648,32.704,32.615,32.651,76228.81
2026-07-26 03:50:00,32.651,32.729,32.533,32.565,28405.19
2026-07-26 03:55:00,32.565,32.568,32.496,32.517,69091.14
2026-07-26 04:00:00,32.517,32.574,32.488,32.565,61988.53
2026-07-26 04:05:00,32.565,32.658,32.536,32.626,7953.66
2026-07-26 04:10:00,32.626,32.701,32.475,32.551,57766.95
2026-07-26 04:15:00,32.551,32.674,32.551,32.649,29713.86
2026-07-26 04:20:00,32.649,32.677,32.61,32.663,39562.74
2026-07-26 04:25:00,32.663,32.697,32.59,32.671,35282.28
2026-07-26 04:30:00,32.671,32.768,32.644,32.718,8755.94
2026-07-26 04:35:00,32.718,32.804,32.689,32.793,12142.27
2026-07-26 04:40:00,32.793,32.803,32.754,32.787,69998.39
2026-07-26 04:45:00,32.787,32.889,32.706,32.726,120551.92
2026-07-26 04:50:00,32.726,32.852,32.617,32.631,60319.66
2026-07-26 04:55:00,32.631,32.724,32.599,32.71,11326.25
2026-07-26 05:00:00,32.71,32.851,32.655,32.673,143753.89
2026-07-26 05:05:00,32.673,32.716,32.64,32.708,25726.52
2026-07-26 05:10:00,32.708,32.75,32.703,32.748,64112.55
2026-07-26 05:15:00,32.748,32.808,32.641,32.666,46455.84
2026-07-26 05:20:00,32.666,32.686,32.651,32.683,60777.01
2026-07-26 05:25:00,32.683,32.749,32.611,32.635,6773.38
2026-07-26 05:30:00,32.635,32.644,32.594,32.595,56784.67
2026-07-26 05:35:00,32.595,32.65,32.573,32.637,79670.94
2026-07-26 05:40:00,32.637,32.669,32.592,32.609,32351.77
2026-07-26 05:45:00,32.609,32.667,32.569,32.642,51555.41
2026-07-26 05:50:00,32.642,32.677,32.574,32.594,7787.59
2026-07-26 05:55:00,32.594,32.617,32.545,32.611,91165.4
2026-07-26 06:00:00,32.611,32.71,32.565,32.692,18875.89
2026-07-26 06:05:00,32.692,32.76,32.587,32.613,106196.96
2026-07-26 06:10:00,32.613,32.685,32.577,32.603,15255.03
2026-07-26 06:15:00,32.603,32.625,32.575,32.609,31309.92
2026-07-26 06:20:00,32.609,32.612,32.514,32.552,50456.75
2026-07-26 06:25:00,32.552,32.611,32.535,32.586,71697.56
2026-07-26 06:30:00,32.586,32.634,32.585,32.618,105741.69
2026-07-26 06:35:00,32.618,32.637,32.575,32.595,2486.12
2026-07-26 06:40:00,32.595,32.64,32.53,32.627,4732.77
2026-07-26 06:45:00,32.627,32.719,32.534,32.549,135176.59
2026-07-26 06:50:00,32.549,32.603,32.518,32.574,243541.28
2026-07-26 06:55:00,32.574,32.668,32.566,32.633,148915.56
2026-07-26 07:00:00,32.633,32.703,32.602,32.617,25653.26
2026-07-26 07:05:00,32.617,32.648,32.536,32.549,14031.91
2026-07-26 07:10:00,32.549,32.563,32.495,32.538,18231.64
2026-07-26 07:15:00,32.538,32.653,32.535,32.597,7935.41
2026-07-26 07:20:00,32.597,32.6,32.548,32.591,111188.98
2026-07-26 07:25:00,32.591,32.646,32.555,32.62,17653.34
2026-07-26 07:30:00,32.62,32.71,32.597,32.631,10206.71
2026-07-26 07:35:00,32.631,32.663,32.622,32.655,94889.94
2026-07-26 07:40:00,32.655,32.677,32.651,32.654,28489.37
2026-07-26 07:45:00,32.654,32.698,32.565,32.605,145798.56
2026-07-26 07:50:00,32.605,32.624,32.569,32.583,43044.33
2026-07-26 07:55:00,32.583,32.6,32.493,32.539,3208.71
2026-07-26 08:00:00,32.539,32.651,32.518,32.636,16953.37
2026-07-26 08:05:00,32.636,32.637,32.604,32.615,189584.1
2026-07-26 08:10:00,32.615,32.701,32.609,32.691,57574.34
2026-07-26 08:15:00,32.691,32.702,32.652,32.7,2694.62
2026-07-26 08:20:00,32.7,32.706,32.588,32.617,18428.46
2026-07-26 08:25:00,32.617,32.637,32.538,32.563,14618.95
2026-07-26 08:30:00,32.563,32.566,32.521,32.55,50899.94
2026-07-26 08:35:00,32.55,32.651,32.459,32.636,13862.65
2026-07-26 08:40:00,32.636,32.684,32.491,32.551,99383.82
2026-07-26 08:45:00,32.551,32.6,32.453,32.579,129736.69
2026-07-26 08:50:00,32.579,32.643,32.453,32.528,61756.76
2026-07-26 08:55:00,32.528,32.565,32.421,32.47,1291.15
2026-07-26 09:00:00,32.47,32.589,32.365,32.565,8469.28
2026-07-26 09:05:00,32.565,32.57,32.484,32.54,34229.22
2026-07-26 09:10:00,32.54,32.566,32.471,32.486,9677.51
2026-07-26 09:15:00,32.486,32.544,32.459,32.528,31984.66
2026-07-26 09:20:00,32.528,32.59,32.467,32.566,60864.83
2026-07-26 09:25:00,32.566,32.597,32.532,32.572,26978.59
2026-07-26 09:30:00,32.572,32.651,32.521,32.623,323096.89
2026-07-26 09:35:00,32.623,32.638,32.573,32.597,49104.15
2026-07-26 09:40:00,32.597,32.608,32.556,32.58,141271.17
2026-07-26 09:45:00,32.58,32.674,32.479,32.663,82941.57
2026-07-26 09:50:00,32.663,32.728,32.627,32.638,133671.63
2026-07-26 09:55:00,32.638,32.645,32.599,32.606,7184.83
2026-07-26 10:00:00,32.606,32.683,32.585,32.638,6782.35
2026-07-26 10:05:00,32.638,32.728,32.616,32.682,35191.25
2026-07-26 10:10:00,32.682,32.757,32.639,32.709,55039.86
2026-07-26 10:15:00,32.709,32.737,32.655,32.707,6401.15
2026-07-26 10:20:00,32.707,32.718,32.607,32.613,118063.88
2026-07-26 10:25:00,32.613,32.679,32.6,32.645,4899.31
2026-07-26 10:30:00,32.645,32.677,32.631,32.643,17010.83
2026-07-26 10:35:00,32.643,32.648,32.574,32.59,220031.11
2026-07-26 10:40:00,32.59,32.623,32.529,32.549,41838.51
2026-07-26 10:45:00,32.549,32.586,32.506,32.528,32292.27
2026-07-26 10:50:00,32.528,32.538,32.464,32.477,68977.5
2026-07-26 10:55:00,32.477,32.499,32.431,32.459,58912.99
2026-07-26 11:00:00,32.459,32.544,32.351,32.525,94032.17
2026-07-26 11:05:00,32.525,32.623,32.521,32.581,67014.99
2026-07-26 11:10:00,32.581,32.647,32.434,32.625,222808.88
2026-07-26 11:15:00,32.625,32.712,32.551,32.639,126406.62
2026-07-26 11:20:00,32.639,32.73,32.624,32.687,11648.43
2026-07-26 11:25:00,32.687,32.693,32.535,32.583,22325.31
2026-07-26 11:30:00,32.583,32.655,32.561,32.566,8232.98
2026-07-26 11:35:00,32.566,32.611,32.547,32.587,56274.65
2026-07-26 11:40:00,32.587,32.702,32.568,32.653,6529.09
2026-07-26 11:45:00,32.653,32.786,32.594,32.617,135481.87
2026-07-26 11:50:00,32.617,32.681,32.616,32.66,41275.93
2026-07-26 11:55:00,32.66,32.688,32.641,32.651,39078.86
2026-07-26 12:00:00,32.651,32.743,32.543,32.574,24061.53
2026-07-26 12:05:00,32.574,32.609,32.564,32.572,29755.27
2026-07-26 12:10:00,32.572,32.574,32.453,32.501,140350.56
2026-07-26 12:15:00,32.501,32.584,32.489,32.492,32140.33
2026-07-26 12:20:00,32.492,32.531,32.403,32.419,21388.77
2026-07-26 12:25:00,32.419,32.441,32.31,32.35,159942.08
2026-07-26 12:30:00,32.35,32.431,32.267,32.42,185983.74
2026-07-26 12:35:00,32.42,32.526,32.342,32.515,201473.13
2026-07-26 12:40:00,32.515,32.558,32.507,32.553,38784.62
2026-07-26 12:45:00,32.553,32.624,32.508,32.617,130414.11
2026-07-26 12:50:00,32.617,32.669,32.595,32.641,86395.37
2026-07-26 12:55:00,32.641,32.691,32.622,32.657,32534.39
2026-07-26 13:00:00,32.657,32.732,32.619,32.718,10861.03
2026-07-26 13:05:00,32.718,32.836,32.653,32.682,687319.11
2026-07-26 13:10:00,32.682,32.744,32.66,32.731,65100.97
2026-07-26 13:15:00,32.731,32.789,32.708,32.754,63671.44
2026-07-26 13:20:00,32.754,32.82,32.685,32.699,26516.21
2026-07-26 13:25:00,32.699,32.727,32.652,32.661,65007.85
2026-07-26 13:30:00,32.661,32.717,32.61,32.627,32961.92
2026-07-26 13:35:00,32.627,32.816,32.6,32.743,34699.08
2026-07-26 13:40:00,32.743,32.766,32.694,32.7,52999.57
2026-07-26 13:45:00,32.7,32.734,32.634,32.695,25665.53
2026-07-26 13:50:00,32.695,32.695,32.627,32.685,35458.68
2026-07-26 13:55:00,32.685,32.83,32.625,32.644,264531.39
2026-07-26 14:00:00,32.644,32.774,32.6,32.697,68084.28
2026-07-26 14:05:00,32.697,32.737,32.652,32.721,32058.25
2026-07-26 14:10:00,32.721,32.818,32.665,32.678,161059.4
2026-07-26 14:15:00,32.678,32.738,32.586,32.673,96298.44
2026-07-26 14:20:00,32.673,32.745,32.603,32.62,105054.43
2026-07-26 14:25:00,32.62,32.64,32.591,32.622,75692.65
2026-07-26 14:30:00,32.622,32.624,32.578,32.616,173826.66
2026-07-26 14:35:00,32.616,32.691,32.61,32.691,52282.66
2026-07-26 14:40:00,32.691,32.834,32.602,32.631,166654.48
2026-07-26 14:45:00,32.631,32.727,32.629,32.721,46755.65
2026-07-26 14:50:00,32.721,32.827,32.701,32.806,31942.86
2026-07-26 14:55:00,32.806,32.818,32.73,32.765,15390.65
2026-07-26 15:00:00,32.765,32.901,32.723,32.866,237954.5
2026-07-26 15:05:00,32.866,32.871,32.801,32.829,93331.65
2026-07-26 15:10:00,32.829,32.859,32.8,32.845,145413.29
2026-07-26 15:15:00,32.845,32.866,32.768,32.791,140892.77
2026-07-26 15:20:00,32.791,32.93,32.708,32.737,385673.66
2026-07-26 15:25:00,32.737,32.742,32.657,32.674,138037.79
2026-07-26 15:30:00,32.674,32.781,32.655,32.745,4063.98
2026-07-26 15:35:00,32.745,32.931,32.732,32.858,20136.12
2026-07-26 15:40:00,32.858,32.874,32.827,32.857,83119.61
2026-07-26 15:45:00,32.857,32.868,32.767,32.777,24617.58
2026-07-26 15:50:00,32.777,32.815,32.764,32.79,21071.53
2026-07-26 15:55:00,32.79,32.814,32.752,32.803,126364.19
2026-07-26 16:00:00,32.803,32.903,32.729,32.752,656303.92
2026-07-26 16:05:00,32.752,32.771,32.728,32.763,54882.01
2026-07-26 16:10:00,32.763,32.766,32.704,32.757,30509.72
2026-07-26 16:15:00,32.757,32.846,32.746,32.839,427580.14
2026-07-26 16:20:00,32.839,32.884,32.794,32.833,40238.66
2026-07-26 16:25:00,32.833,32.852,32.727,32.787,18976.72
2026-07-26 16:30:00,32.787,32.817,32.717,32.734,17366.17
2026-07-26 16:35:00,32.734,32.759,32.628,32.646,29633.21
2026-07-26 16:40:00,32.646,32.699,32.545,32.556,46198.79
2026-07-26 16:45:00,32.556,32.562,32.482,32.549,6873.58
2026-07-26 16:50:00,32.549,32.57,32.539,32.546,4283.38
2026-07-26 16:55:00,32.546,32.65,32.519,32.626,122951.68
2026-07-26 17:00:00,32.626,32.639,32.572,32.595,89283.1
2026-07-26 17:05:00,32.595,32.629,32.568,32.614,9955.29
2026-07-26 17:10:00,32.614,32.718,32.592,32.712,11464.1
2026-07-26 17:15:00,32.712,32.762,32.674,32.693,103276.1
2026-07-26 17:20:00,32.693,32.732,32.677,32.688,66521.5
2026-07-26 17:25:00,32.688,32.71,32.652,32.707,17865.17
2026-07-26 17:30:00,32.707,32.746,32.689,32.739,97415.88
2026-07-26 17:35:00,32.739,32.749,32.665,32.675,64304.16
2026-07-26 17:40:00,32.675,32.685,32.641,32.663,59700.17
2026-07-26 17:45:00,32.663,32.734,32.657,32.682,17891.2
2026-07-26 17:50:00,32.682,32.695,32.654,32.662,4097.19
2026-07-26 17:55:00,32.662,32.706,32.646,32.692,30164.76
2026-07-26 18:00:00,32.692,32.705,32.55,32.602,74071.92
2026-07-26 18:05:00,32.602,32.694,32.592,32.657,43892.53
2026-07-26 18:10:00,32.657,32.669,32.58,32.585,101159.15
2026-07-26 18:15:00,32.585,32.602,32.564,32.591,17528.19
2026-07-26 18:20:00,32.591,32.604,32.539,32.571,26106.38
2026-07-26 18:25:00,32.571,32.591,32.505,32.544,21641.9
2026-07-26 18:30:00,32.544,32.659,32.47,32.618,47436.87
2026-07-26 18:35:00,32.618,32.64,32.605,32.636,105330.43
2026-07-26 18:40:00,32.636,32.662,32.587,32.614,19875.3
2026-07-26 18:45:00,32.614,32.647,32.593,32.626,29085.07
2026-07-26 18:50:00,32.626,32.635,32.523,32.57,23416.9
2026-07-26 18:55:00,32.57,32.58,32.535,32.577,62782.37
2026-07-26 19:00:00,32.577,32.67,32.569,32.642,36038.23
2026-07-26 19:05:00,32.642,32.671,32.613,32.637,2242.52
2026-07-26 19:10:00,32.637,32.763,32.631,32.666,20253.98
2026-07-26 19:15:00,32.666,32.68,32.59,32.592,57582.89
2026-07-26 19:20:00,32.592,32.639,32.48,32.486,115089.92
2026-07-26 19:25:00,32.486,32.507,32.401,32.406,30854.97
2026-07-26 19:30:00,32.406,32.435,32.37,32.417,214518.78
2026-07-26 19:35:00,32.417,32.519,32.303,32.488,65064.0
2026-07-26 19:40:00,32.488,32.611,32.486,32.602,98336.26
2026-07-26 19:45:00,32.602,32.671,32.549,32.661,13582.17
2026-07-26 19:50:00,32.661,32.694,32.608,32.63,42269.89
2026-07-26 19:55:00,32.63,32.685,32.617,32.655,129361.98
2026-07-26 20:00:00,32.655,32.661,32.627,32.65,37069.76
2026-07-26 20:05:00,32.65,32.783,32.614,32.725,13598.34
2026-07-26 20:10:00,32.725,32.734,32.67,32.734,28221.83
2026-07-26 20:15:00,32.734,32.779,32.673,32.76,22033.05
2026-07-26 20:20:00,32.76,32.854,32.739,32.762,47787.11
2026-07-26 20:25:00,32.762,32.869,32.742,32.835,272203.56
2026-07-26 20:30:00,32.835,32.85,32.811,32.821,26125.7
2026-07-26 20:35:00,32.821,32.892,32.73,32.747,595090.41
2026-07-26 20:40:00,32.747,32.792,32.629,32.673,26481.12
2026-07-26 20:45:00,32.673,32.806,32.628,32.765,70613.21
2026-07-26 20:50:00,32.765,32.871,32.709,32.824,35650.83
2026-07-26 20:55:00,32.824,32.862,32.786,32.806,86007.52
2026-07-26 21:00:00,32.806,32.855,32.78,32.833,46382.78
2026-07-26 21:05:00,32.833,32.937,32.709,32.741,11598.47
2026-07-26 21:10:00,32.741,32.771,32.688,32.693,78428.77
2026-07-26 21:15:00,32.693,32.715,32.64,32.662,51860.38
2026-07-26 21:20:00,32.662,32.706,32.637,32.666,62319.3
2026-07-26 21:25:00,32.666,32.729,32.65,32.689,1387.89
2026-07-26 21:30:00,32.689,32.718,32.61,32.642,23885.53
2026-07-26 21:35:00,32.642,32.682,32.632,32.633,92656.55
2026-07-26 21:40:00,32.633,32.68,32.628,32.64,5487.62
2026-07-26 21:45:00,32.64,32.795,32.633,32.747,25211.65
2026-07-26 21:50:00,32.747,32.899,32.723,32.887,78726.71
2026-07-26 21:55:00,32.887,32.948,32.887,32.932,33689.37
2026-07-26 22:00:00,32.932,32.971,32.907,32.945,13077.71
2026-07-26 22:05:00,32.945,32.966,32.91,32.963,3290.35
2026-07-26 22:10:00,32.963,33.033,32.864,32.895,187577.75
2026-07-26 22:15:00,32.895,32.93,32.876,32.913,127489.83
2026-07-26 22:20:00,32.913,32.96,32.834,32.861,102087.86
2026-07-26 22:25:00,32.861,32.881,32.84,32.85,46437.75
2026-07-26 22:30:00,32.85,32.94,32.845,32.93,13510.79
2026-07-26 22:35:00,32.93,32.997,32.871,32.9,210504.53
2026-07-26 22:40:00,32.9,32.951,32.784,32.831,36131.91
2026-07-26 22:45:00,32.831,32.858,32.815,32.851,9253.37
2026-07-26 22:50:00,32.851,32.909,32.799,32.826,134266.66
2026-07-26 22:55:00,32.826,32.859,32.769,32.804,3170.87
2026-07-26 23:00:00,32.804,32.811,32.722,32.787,102620.67
2026-07-26 23:05:00,32.787,32.809,32.712,32.735,76207.46
2026-07-26 23:10:00,32.735,32.761,32.723,32.726,8760.62
2026-07-26 23:15:00,32.726,32.772,32.712,32.744,23014.8
2026-07-26 23:20:00,32.744,32.821,32.681,32.771,80358.58
2026-07-26 23:25:00,32.771,32.783,32.689,32.777,89216.38
2026-07-26 23:30:00,32.777,32.805,32.736,32.803,25669.84
2026-07-26 23:35:00,32.803,32.878,32.786,32.84,3653.2
2026-07-26 23:40:00,32.84,32.86,32.733,32.794,56247.73
2026-07-26 23:45:00,32.794,32.833,32.756,32.765,25188.46
2026-07-26 23:50:00,32.765,32.785,32.69,32.696,208313.46
2026-07-26 23:55:00,32.696,32.738,32.688,32.713,106698.82
2026-07-27 00:00:00,32.713,32.758,32.634,32.652,157037.04
2026-07-27 00:05:00,32.652,32.675,32.617,32.657,59090.09
2026-07-27 00:10:00,32.657,32.716,32.568,32.604,87264.29
2026-07-27 00:15:00,32.604,32.62,32.482,32.508,23480.09
2026-07-27 00:20:00,32.508,32.625,32.467,32.594,2255.52
2026-07-27 00:25:00,32.594,32.667,32.588,32.653,67119.63
2026-07-27 00:30:00,32.653,32.791,32.653,32.749,76214.0
2026-07-27 00:35:00,32.749,32.847,32.723,32.843,67334.53
2026-07-27 00:40:00,32.843,32.888,32.837,32.879,50018.39
2026-07-27 00:45:00,32.879,32.899,32.833,32.833,53822.05
2026-07-27 00:50:00,32.833,32.85,32.829,32.837,18483.5
2026-07-27 00:55:00,32.837,32.883,32.822,32.85,48553.7
2026-07-27 01:00:00,32.85,32.886,32.788,32.876,32844.15
2026-07-27 01:05:00,32.876,33.02,32.875,32.992,29061.64
2026-07-27 01:10:00,32.992,33.02,32.965,33.003,68541.29
2026-07-27 01:15:00,33.003,33.049,32.943,32.944,5410.46
2026-07-27 01:20:00,32.944,32.974,32.941,32.961,9159.11
2026-07-27 01:25:00,32.961,32.972,32.945,32.971,1428.79
2026-07-27 01:30:00,32.971,32.985,32.952,32.972,22749.69
2026-07-27 01:35:00,32.972,32.984,32.816,32.859,35345.15
2026-07-27 01:40:00,32.859,32.916,32.804,32.835,1383.3
2026-07-27 01:45:00,32.835,32.885,32.826,32.881,47736.73
2026-07-27 01:50:00,32.881,32.908,32.839,32.876,41543.07
2026-07-27 01:55:00,32.876,32.949,32.829,32.924,70083.23
2026-07-27 02:00:00,32.924,32.929,32.851,32.891,16811.3
2026-07-27 02:05:00,32.891,32.94,32.885,32.938,66478.87
2026-07-27 02:10:00,32.938,32.939,32.884,32.931,84622.04
2026-07-27 02:15:00,32.931,33.014,32.923,33.007,104664.95
2026-07-27 02:20:00,33.007,33.026,32.994,33.003,61870.03
2026-07-27 02:25:00,33.003,33.008,32.938,32.978,1078.42
2026-07-27 02:30:00,32.978,33.019,32.885,32.9,12611.79
2026-07-27 02:35:00,32.9,32.964,32.844,32.871,141703.35
2026-07-27 02:40:00,32.871,32.874,32.864,32.866,32221.79
2026-07-27 02:45:00,32.866,32.903,32.82,32.857,60771.59
2026-07-27 02:50:00,32.857,32.881,32.838,32.84,4870.58
2026-07-27 02:55:00,32.84,32.879,32.789,32.795,301536.24
2026-07-27 03:00:00,32.795,32.818,32.795,32.799,11849.35
2026-07-27 03:05:00,32.799,32.873,32.783,32.823,11053.19
2026-07-27 03:10:00,32.823,32.845,32.677,32.73,70594.55
2026-07-27 03:15:00,32.73,32.782,32.667,32.669,36347.73
2026-07-27 03:20:00,32.669,32.681,32.646,32.674,76105.79
2026-07-27 03:25:00,32.674,32.731,32.605,32.659,213.94
2026-07-27 03:30:00,32.659,32.693,32.621,32.633,251302.4
2026-07-27 03:35:00,32.633,32.706,32.531,32.554,39219.27
2026-07-27 03:40:00,32.554,32.579,32.479,32.513,24404.09
2026-07-27 03:45:00,32.513,32.562,32.461,32.461,24650.33
2026-07-27 03:50:00,32.461,32.511,32.407,32.476,3818.95
2026-07-27 03:55:00,32.476,32.596,32.462,32.565,7407.95
2026-07-27 04:00:00,32.565,32.612,32.507,32.575,84878.39
2026-07-27 04:05:00,32.575,32.618,32.57,32.595,76151.5
2026-07-27 04:10:00,32.595,32.7,32.594,32.698,37930.36
2026-07-27 04:15:00,32.698,32.766,32.662,32.723,31661.32
2026-07-27 04:20:00,32.723,32.756,32.695,32.744,129261.33
2026-07-27 04:25:00,32.744,32.857,32.678,32.856,17526.12
2026-07-27 04:30:00,32.856,32.928,32.833,32.926,31810.79
2026-07-27 04:35:00,32.926,32.937,32.866,32.933,6611.56
2026-07-27 04:40:00,32.933,32.973,32.908,32.971,22389.14
2026-07-27 04:45:00,32.971,32.99,32.955,32.978,53087.65
2026-07-27 04:50:00,32.978,33.071,32.925,32.947,74218.6
2026-07-27 04:55:00,32.947,33.084,32.868,32.88,19169.23
2026-07-27 05:00:00,32.88,32.89,32.847,32.872,11178.68
2026-07-27 05:05:00,32.872,32.961,32.869,32.913,1932.96
2026-07-27 05:10:00,32.913,32.943,32.817,32.852,41163.53
2026-07-27 05:15:00,32.852,32.871,32.817,32.848,19116.65
2026-07-27 05:20:00,32.848,32.856,32.847,32.849,49097.84
2026-07-27 05:25:00,32.849,32.896,32.831,32.855,41295.3
2026-07-27 05:30:00,32.855,32.882,32.825,32.829,148816.99
2026-07-27 05:35:00,32.829,32.933,32.821,32.89,39328.58
2026-07-27 05:40:00,32.89,32.916,32.788,32.817,81244.54
2026-07-27 05:45:00,32.817,32.931,32.804,32.901,161425.94
2026-07-27 05:50:00,32.901,32.915,32.739,32.79,5807.6
2026-07-27 05:55:00,32.79,32.88,32.788,32.806,122321.41
2026-07-27 06:00:00,32.806,32.877,32.783,32.852,280910.7
2026-07-27 06:05:00,32.852,32.986,32.821,32.937,191854.48
2026-07-27 06:10:00,32.937,32.954,32.852,32.862,73408.96
2026-07-27 06:15:00,32.862,32.913,32.847,32.907,37204.14
2026-07-27 06:20:00,32.907,32.941,32.902,32.917,39474.82
2026-07-27 06:25:00,32.917,33.005,32.897,32.936,7125.12
2026-07-27 06:30:00,32.936,32.968,32.894,32.905,15483.53
2026-07-27 06:35:00,32.905,32.915,32.823,32.842,272531.05
2026-07-27 06:40:00,32.842,33.002,32.837,32.994,63912.73
2026-07-27 06:45:00,32.994,33.013,32.992,33.01,77822.59
2026-07-27 06:50:00,33.01,33.02,32.966,32.989,37280.18
2026-07-27 06:55:00,32.989,33.014,32.893,32.943,7405.89
2026-07-27 07:00:00,32.943,32.98,32.876,32.938,22887.8
2026-07-27 07:05:00,32.938,32.945,32.877,32.905,25329.86
2026-07-27 07:10:00,32.905,32.919,32.865,32.917,226510.23
2026-07-27 07:15:00,32.917,33.007,32.895,32.958,72867.63
2026-07-27 07:20:00,32.958,33.099,32.867,32.897,6985.43
2026-07-27 07:25:00,32.897,32.91,32.787,32.821,12344.9
2026-07-27 07:30:00,32.821,32.859,32.816,32.834,8293.03
2026-07-27 07:35:00,32.834,32.909,32.813,32.901,12529.84
2026-07-27 07:40:00,32.901,32.99,32.881,32.969,2801.4
2026-07-27 07:45:00,32.969,33.043,32.957,33.019,23103.76
2026-07-27 07:50:00,33.019,33.038,32.979,33.007,79516.27
2026-07-27 07:55:00,33.007,33.078,32.942,32.966,143056.3
2026-07-27 08:00:00,32.966,33.087,32.883,32.905,68658.51
2026-07-27 08:05:00,32.905,32.997,32.872,32.956,78408.32
2026-07-27 08:10:00,32.956,32.996,32.917,32.945,78686.14
2026-07-27 08:15:00,32.945,32.997,32.849,32.86,284675.52
2026-07-27 08:20:00,32.86,32.968,32.822,32.829,40405.28
2026-07-27 08:25:00,32.829,33.012,32.821,32.936,51295.31
2026-07-27 08:30:00,32.936,32.972,32.924,32.937,41050.65
2026-07-27 08:35:00,32.937,32.95,32.842,32.859,733.53
2026-07-27 08:40:00,32.859,32.946,32.796,32.912,103417.23
2026-07-27 08:45:00,32.912,32.935,32.895,32.926,8154.89
2026-07-27 08:50:00,32.926,32.998,32.878,32.988,21625.11
2026-07-27 08:55:00,32.988,33.046,32.939,32.949,37303.91
2026-07-27 09:00:00,32.949,33.012,32.872,32.893,165892.9
2026-07-27 09:05:00,32.893,32.932,32.847,32.899,50668.07
2026-07-27 09:10:00,32.899,32.91,32.838,32.861,3410.69
2026-07-27 09:15:00,32.861,32.941,32.747,32.785,33767.18
2026-07-27 09:20:00,32.785,32.832,32.733,32.813,137852.47
2026-07-27 09:25:00,32.813,32.89,32.769,32.848,7339.11
2026-07-27 09:30:00,32.848,32.86,32.782,32.785,21894.76
2026-07-27 09:35:00,32.785,32.809,32.73,32.767,28926.27
2026-07-27 09:40:00,32.767,32.915,32.729,32.855,19437.64
2026-07-27 09:45:00,32.855,32.938,32.826,32.899,71820.17
2026-07-27 09:50:00,32.899,32.911,32.861,32.878,62129.59
2026-07-27 09:55:00,32.878,32.992,32.831,32.941,52525.58
2026-07-27 10:00:00,32.941,32.945,32.882,32.929,81428.08
2026-07-27 10:05:00,32.929,33.009,32.903,32.986,52060.96
2026-07-27 10:10:00,32.986,33.036,32.93,32.966,122463.93
2026-07-27 10:15:00,32.966,32.988,32.902,32.954,3681.86
2026-07-27 10:20:00,32.954,33.074,32.882,32.912,168655.67
2026-07-27 10:25:00,32.912,33.059,32.864,33.047,2955.87
2026-07-27 10:30:00,33.047,33.118,33.025,33.1,101395.84
2026-07-27 10:35:00,33.1,33.24,33.049,33.135,8480.38
2026-07-27 10:40:00,33.135,33.162,33.012,33.023,110063.37
2026-07-27 10:45:00,33.023,33.046,32.878,32.931,31911.14
2026-07-27 10:50:00,32.931,32.986,32.912,32.951,49765.43
2026-07-27 10:55:00,32.951,32.997,32.901,32.967,35071.48
2026-07-27 11:00:00,32.967,33.006,32.938,32.969,41944.94
2026-07-27 11:05:00,32.969,33.003,32.897,32.939,10567.71
2026-07-27 11:10:00,32.939,33.039,32.893,33.006,19799.25
2026-07-27 11:15:00,33.006,33.062,32.943,33.042,33627.47
2026-07-27 11:20:00,33.042,33.165,32.967,32.985,63518.92
2026-07-27 11:25:00,32.985,33.127,32.955,33.067,97.22
2026-07-27 11:30:00,33.067,33.087,32.97,33.063,26011.09
2026-07-27 11:35:00,33.063,33.124,33.051,33.112,101907.87
2026-07-27 11:40:00,33.112,33.21,33.069,33.084,87205.95
2026-07-27 11:45:00,33.084,33.103,33.034,33.057,102800.44
2026-07-27 11:50:00,33.057,33.153,33.044,33.102,63908.83
2026-07-27 11:55:00,33.102,33.176,32.978,33.006,2091.51
2026-07-27 12:00:00,33.006,33.104,32.987,33.059,10125.51
2026-07-27 12:05:00,33.059,33.155,33.027,33.128,86441.32
2026-07-27 12:10:00,33.128,33.234,33.073,33.083,14906.75
2026-07-27 12:15:00,33.083,33.174,32.96,32.986,172704.34
2026-07-27 12:20:00,32.986,33.012,32.889,32.908,28489.46
2026-07-27 12:25:00,32.908,33.002,32.889,32.967,37187.18
2026-07-27 12:30:00,32.967,33.0,32.956,33.0,20694.41
2026-07-27 12:35:00,33.0,33.04,32.958,33.017,13144.57
2026-07-27 12:40:00,33.017,33.052,32.976,32.978,48123.42
2026-07-27 12:45:00,32.978,33.009,32.836,32.881,130624.97
2026-07-27 12:50:00,32.881,32.891,32.857,32.881,16047.54
2026-07-27 12:55:00,32.881,32.891,32.822,32.848,34859.5
2026-07-27 13:00:00,32.848,32.876,32.812,32.822,67526.25
2026-07-27 13:05:00,32.822,32.827,32.782,32.81,65092.55
2026-07-27 13:10:00,32.81,32.847,32.745,32.788,90890.42
2026-07-27 13:15:00,32.788,32.795,32.76,32.784,22234.6
2026-07-27 13:20:00,32.784,32.839,32.676,32.819,47746.39
2026-07-27 13:25:00,32.819,32.833,32.665,32.686,252865.61
2026-07-27 13:30:00,32.686,32.709,32.649,32.658,22288.67
2026-07-27 13:35:00,32.658,32.74,32.629,32.737,46198.52
2026-07-27 13:40:00,32.737,32.787,32.607,32.768,164793.69
2026-07-27 13:45:00,32.768,32.823,32.741,32.777,40228.33
2026-07-27 13:50:00,32.777,32.821,32.677,32.81,66409.44
2026-07-27 13:55:00,32.81,32.877,32.704,32.859,278153.54
2026-07-27 14:00:00,32.859,32.923,32.858,32.918,24231.23
2026-07-27 14:05:00,32.918,33.072,32.902,33.044,168133.08
2026-07-27 14:10:00,33.044,33.137,33.015,33.086,33558.74
2026-07-27 14:15:00,33.086,33.119,33.035,33.047,18483.53
2026-07-27 14:20:00,33.047,33.06,32.959,32.997,10814.56
2026-07-27 14:25:00,32.997,33.007,32.927,32.963,161715.27
2026-07-27 14:30:00,32.963,32.99,32.892,32.919,82094.34
2026-07-27 14:35:00,32.919,32.954,32.89,32.938,68929.06
2026-07-27 14:40:00,32.938,32.96,32.911,32.922,175391.33
2026-07-27 14:45:00,32.922,32.965,32.918,32.927,2836.22
2026-07-27 14:50:00,32.927,33.155,32.91,33.07,102254.99
2026-07-27 14:55:00,33.07,33.191,32.996,33.009,487731.55
2026-07-27 15:00:00,33.009,33.017,32.972,32.991,8893.82
2026-07-27 15:05:00,32.991,33.015,32.983,33.005,65930.87
2026-07-27 15:10:00,33.005,33.017,32.988,32.994,11671.12
2026-07-27 15:15:00,32.994,33.005,32.981,32.986,29898.46
2026-07-27 15:20:00,32.986,33.054,32.934,33.03,1917.47
2026-07-27 15:25:00,33.03,33.099,33.028,33.044,71153.49
2026-07-27 15:30:00,33.044,33.099,32.926,32.948,60064.47
2026-07-27 15:35:00,32.948,32.982,32.924,32.952,4752.08
2026-07-27 15:40:00,32.952,33.024,32.933,33.002,55927.54
2026-07-27 15:45:00,33.002,33.091,32.942,33.088,61835.56
2026-07-27 15:50:00,33.088,33.202,33.028,33.06,67176.68
2026-07-27 15:55:00,33.06,33.065,33.015,33.024,11122.42
2026-07-27 16:00:00,33.024,33.068,32.995,33.065,65478.04
2026-07-27 16:05:00,33.065,33.213,32.96,32.985,378825.86
2026-07-27 16:10:00,32.985,33.007,32.962,32.977,16789.41
2026-07-27 16:15:00,32.977,33.006,32.934,32.965,2550.54
2026-07-27 16:20:00,32.965,32.969,32.872,32.912,93107.84
2026-07-27 16:25:00,32.912,32.916,32.853,32.864,26977.72
2026-07-27 16:30:00,32.864,32.873,32.787,32.8,44300.7
2026-07-27 16:35:00,32.8,32.813,32.797,32.803,21395.74
2026-07-27 16:40:00,32.803,32.834,32.779,32.823,79654.13
2026-07-27 16:45:00,32.823,32.902,32.7,32.718,40472.61
2026-07-27 16:50:00,32.718,32.727,32.695,32.705,9754.81
2026-07-27 16:55:00,32.705,32.727,32.665,32.688,4904.5
2026-07-27 17:00:00,32.688,32.766,32.559,32.734,107299.53
2026-07-27 17:05:00,32.734,32.754,32.702,32.719,16695.26
2026-07-27 17:10:00,32.719,32.813,32.658,32.79,34330.69
2026-07-27 17:15:00,32.79,32.876,32.765,32.825,53532.83
2026-07-27 17:20:00,32.825,32.86,32.79,32.824,83599.02
2026-07-27 17:25:00,32.824,32.83,32.689,32.72,92433.07
2026-07-27 17:30:00,32.72,32.774,32.623,32.756,24351.51
2026-07-27 17:35:00,32.756,32.758,32.626,32.646,4910.49
2026-07-27 17:40:00,32.646,32.682,32.565,32.586,5891.0
2026-07-27 17:45:00,32.586,32.655,32.576,32.649,167872.42
2026-07-27 17:50:00,32.649,32.65,32.61,32.623,39942.35
2026-07-27 17:55:00,32.623,32.639,32.553,32.553,13019.52
2026-07-27 18:00:00,32.553,32.661,32.479,32.634,192056.0
2026-07-27 18:05:00,32.634,32.673,32.574,32.615,95307.9
2026-07-27 18:10:00,32.615,32.732,32.587,32.697,81172.77
2026-07-27 18:15:00,32.697,32.715,32.654,32.705,22153.44
2026-07-27 18:20:00,32.705,32.732,32.676,32.683,16672.05
2026-07-27 18:25:00,32.683,32.743,32.607,32.716,588063.52
2026-07-27 18:30:00,32.716,32.72,32.594,32.625,35128.27
2026-07-27 18:35:00,32.625,32.714,32.617,32.713,34109.87
2026-07-27 18:40:00,32.713,32.721,32.695,32.713,26043.18
2026-07-27 18:45:00,32.713,32.793,32.67,32.774,29489.88
2026-07-27 18:50:00,32.774,32.812,32.75,32.783,18771.09
2026-07-27 18:55:00,32.783,32.886,32.754,32.856,80709.29
2026-07-27 19:00:00,32.856,32.896,32.837,32.888,9230.5
2026-07-27 19:05:00,32.888,32.919,32.853,32.899,6539.77
2026-07-27 19:10:00,32.899,32.944,32.851,32.902,22937.44
2026-07-27 19:15:00,32.902,32.909,32.86,32.887,71414.99
2026-07-27 19:20:00,32.887,32.902,32.811,32.827,29678.45
2026-07-27 19:25:00,32.827,32.843,32.774,32.777,105155.87
2026-07-27 19:30:00,32.777,32.791,32.673,32.69,1615.05
2026-07-27 19:35:00,32.69,32.729,32.657,32.7,17658.39
2026-07-27 19:40:00,32.7,32.709,32.641,32.677,15867.74
2026-07-27 19:45:00,32.677,32.794,32.665,32.759,22297.9
2026-07-27 19:50:00,32.759,32.836,32.754,32.825,41692.66
2026-07-27 19:55:00,32.825,32.854,32.792,32.811,40913.79
2026-07-27 20:00:00,32.811,32.844,32.713,32.751,50979.0
2026-07-27 20:05:00,32.751,32.764,32.738,32.742,21100.16
2026-07-27 20:10:00,32.742,32.763,32.687,32.708,41697.98
2026-07-27 20:15:00,32.708,32.753,32.673,32.699,15146.92
2026-07-27 20:20:00,32.699,32.774,32.603,32.638,40212.88
2026-07-27 20:25:00,32.638,32.639,32.545,32.593,28756.62
2026-07-27 20:30:00,32.593,32.674,32.453,32.655,457173.32
2026-07-27 20:35:00,32.655,32.677,32.526,32.545,127369.29
2026-07-27 20:40:00,32.545,32.636,32.474,32.622,665255.73
2026-07-27 20:45:00,32.622,32.651,32.61,32.619,21237.2
2026-07-27 20:50:00,32.619,32.643,32.6,32.62,10418.32
2026-07-27 20:55:00,32.62,32.701,32.611,32.664,11060.19
2026-07-27 21:00:00,32.664,32.701,32.607,32.669,123633.65
2026-07-27 21:05:00,32.669,32.673,32.578,32.643,9771.04
2026-07-27 21:10:00,32.643,32.702,32.597,32.659,88324.34
2026-07-27 21:15:00,32.659,32.669,32.633,32.654,103309.91
2026-07-27 21:20:00,32.654,32.673,32.589,32.619,104140.69
2026-07-27 21:25:00,32.619,32.707,32.603,32.701,4891.96
2026-07-27 21:30:00,32.701,32.757,32.683,32.755,2343.94
2026-07-27 21:35:00,32.755,32.796,32.725,32.783,38687.79
2026-07-27 21:40:00,32.783,32.803,32.729,32.748,23205.52
2026-07-27 21:45:00,32.748,32.753,32.668,32.699,75268.19
2026-07-27 21:50:00,32.699,32.713,32.675,32.706,49033.25
2026-07-27 21:55:00,32.706,32.766,32.65,32.682,3942.19
2026-07-27 22:00:00,32.682,32.737,32.671,32.676,37434.27
2026-07-27 22:05:00,32.676,32.793,32.664,32.76,97486.47
2026-07-27 22:10:00,32.76,32.843,32.712,32.823,25985.68
2026-07-27 22:15:00,32.823,32.913,32.795,32.884,1614.03
2026-07-27 22:20:00,32.884,32.888,32.774,32.809,23752.85
2026-07-27 22:25:00,32.809,32.827,32.731,32.764,70696.8
2026-07-27 22:30:00,32.764,32.802,32.732,32.746,18364.84
2026-07-27 22:35:00,32.746,32.822,32.671,32.793,15077.96
2026-07-27 22:40:00,32.793,32.871,32.752,32.838,29674.36
2026-07-27 22:45:00,32.838,32.876,32.791,32.829,7658.85
2026-07-27 22:50:00,32.829,32.86,32.824,32.857,49639.74
2026-07-27 22:55:00,32.857,32.87,32.797,32.808,47.72
2026-07-27 23:00:00,32.808,32.845,32.777,32.838,67458.84
2026-07-27 23:05:00,32.838,32.996,32.785,32.952,17826.76
2026-07-27 23:10:00,32.952,32.972,32.918,32.928,45639.05
2026-07-27 23:15:00,32.928,33.032,32.898,33.022,200487.48
2026-07-27 23:20:00,33.022,33.079,33.019,33.072,86263.71
2026-07-27 23:25:00,33.072,33.166,32.979,33.009,567.99
2026-07-27 23:30:00,33.009,33.063,32.989,33.034,10077.94
2026-07-27 23:35:00,33.034,33.089,32.994,33.081,9426.76
2026-07-27 23:40:00,33.081,33.207,33.036,33.054,227258.73
2026-07-27 23:45:00,33.054,33.067,33.007,33.027,19598.72
2026-07-27 23:50:00,33.027,33.037,33.003,33.028,21418.95
2026-07-27 23:55:00,33.028,33.088,32.933,32.954,68308.58
2026-07-28 00:00:00,32.954,33.024,32.847,32.87,46981.74
2026-07-28 00:05:00,32.87,32.899,32.814,32.832,55589.02
2026-07-28 00:10:00,32.832,32.883,32.825,32.863,68152.1
2026-07-28 00:15:00,32.863,32.876,32.84,32.844,49835.18
2026-07-28 00:20:00,32.844,32.919,32.838,32.901,3769.06
2026-07-28 00:25:00,32.901,32.979,32.891,32.967,69123.68
2026-07-28 00:30:00,32.967,32.972,32.818,32.86,4412.66
2026-07-28 00:35:00,32.86,32.872,32.808,32.865,315939.05
2026-07-28 00:40:00,32.865,32.873,32.808,32.829,34231.68
2026-07-28 00:45:00,32.829,32.908,32.82,32.888,48667.57
2026-07-28 00:50:00,32.888,32.948,32.881,32.935,188501.44
2026-07-28 00:55:00,32.935,32.938,32.868,32.922,111450.94
2026-07-28 01:00:00,32.922,32.924,32.874,32.882,76998.42
2026-07-28 01:05:00,32.882,32.904,32.818,32.887,115136.08
2026-07-28 01:10:00,32.887,32.904,32.77,32.846,4362.96
2026-07-28 01:15:00,32.846,32.938,32.802,32.897,226532.29
2026-07-28 01:20:00,32.897,32.991,32.869,32.988,31186.98
2026-07-28 01:25:00,32.988,32.996,32.904,32.923,140993.16
2026-07-28 01:30:00,32.923,32.958,32.876,32.885,14469.74
2026-07-28 01:35:00,32.885,32.938,32.859,32.903,68605.27
2026-07-28 01:40:00,32.903,33.017,32.894,32.998,173734.31
2026-07-28 01:45:00,32.998,33.008,32.958,32.978,5227.27
2026-07-28 01:50:00,32.978,33.013,32.945,33.01,40858.24
2026-07-28 01:55:00,33.01,33.064,32.968,33.06,26227.16
2026-07-28 02:00:00,33.06,33.133,33.022,33.131,103780.38
2026-07-28 02:05:00,33.131,33.14,33.054,33.06,13299.26
2026-07-28 02:10:00,33.06,33.063,33.045,33.047,39077.66
2026-07-28 02:15:00,33.047,33.073,33.022,33.058,75543.66
2026-07-28 02:20:00,33.058,33.148,32.997,33.029,304260.0
2026-07-28 02:25:00,33.029,33.079,33.025,33.077,21195.2
2026-07-28 02:30:00,33.077,33.22,33.007,33.026,71052.86
2026-07-28 02:35:00,33.026,33.05,32.97,32.98,84819.59
2026-07-28 02:40:00,32.98,33.038,32.95,32.989,12657.36
2026-07-28 02:45:00,32.989,32.992,32.91,32.936,2672.98
2026-07-28 02:50:00,32.936,33.008,32.913,32.987,63196.04
2026-07-28 02:55:00,32.987,33.015,32.889,32.896,15182.1
2026-07-28 03:00:00,32.896,32.901,32.882,32.888,38304.5
2026-07-28 03:05:00,32.888,32.919,32.879,32.903,12881.56
2026-07-28 03:10:00,32.903,32.966,32.864,32.954,43954.88
2026-07-28 03:15:00,32.954,33.065,32.952,33.015,8311.15
2026-07-28 03:20:00,33.015,33.123,32.923,32.938,33462.79
2026-07-28 03:25:00,32.938,32.963,32.935,32.948,93218.55
2026-07-28 03:30:00,32.948,32.993,32.818,32.844,55783.61
2026-07-28 03:35:00,32.844,32.915,32.835,32.895,559.17
2026-07-28 03:40:00,32.895,32.937,32.78,32.811,81528.47
2026-07-28 03:45:00,32.811,32.927,32.756,32.907,203258.36
2026-07-28 03:50:00,32.907,32.922,32.812,32.845,706.82
2026-07-28 03:55:00,32.845,32.889,32.793,32.799,50054.31
2026-07-28 04:00:00,32.799,32.833,32.789,32.815,8895.07
2026-07-28 04:05:00,32.815,32.863,32.765,32.859,17758.23
2026-07-28 04:10:00,32.859,32.914,32.733,32.886,126006.67
2026-07-28 04:15:00,32.886,32.931,32.762,32.916,101239.62
2026-07-28 04:20:00,32.916,32.96,32.848,32.954,33487.04
2026-07-28 04:25:00,32.954,33.071,32.911,32.982,12008.39
2026-07-28 04:30:00,32.982,33.028,32.893,32.913,58007.67
2026-07-28 04:35:00,32.913,32.949,32.777,32.799,17009.58
2026-07-28 04:40:00,32.799,32.891,32.737,32.875,124995.85
2026-07-28 04:45:00,32.875,32.938,32.82,32.906,424183.43
2026-07-28 04:50:00,32.906,32.929,32.891,32.9,71361.48
2026-07-28 04:55:00,32.9,32.955,32.896,32.916,140194.4
2026-07-28 05:00:00,32.916,32.919,32.818,32.854,94509.2
2026-07-28 05:05:00,32.854,32.883,32.797,32.865,11193.89
2026-07-28 05:10:00,32.865,32.976,32.759,32.951,79699.73
2026-07-28 05:15:00,32.951,32.998,32.858,32.88,71886.68
2026-07-28 05:20:00,32.88,32.958,32.838,32.929,14275.52
2026-07-28 05:25:00,32.929,32.934,32.911,32.927,349260.39
2026-07-28 05:30:00,32.927,32.956,32.852,32.95,21877.4
2026-07-28 05:35:00,32.95,33.063,32.908,33.025,22306.5
2026-07-28 05:40:00,33.025,33.077,33.024,33.069,6612.5
2026-07-28 05:45:00,33.069,33.21,33.015,33.041,106297.18
2026-07-28 05:50:00,33.041,33.118,32.982,32.991,378477.19
2026-07-28 05:55:00,32.991,33.124,32.98,33.06,6404.8
2026-07-28 06:00:00,33.06,33.136,33.059,33.129,26726.95
2026-07-28 06:05:00,33.129,33.164,33.081,33.119,21720.11
2026-07-28 06:10:00,33.119,33.216,33.07,33.088,398534.28
2026-07-28 06:15:00,33.088,33.154,33.068,33.105,88471.6
2026-07-28 06:20:00,33.105,33.192,33.084,33.188,80226.46
2026-07-28 06:25:00,33.188,33.317,33.179,33.27,18680.25
2026-07-28 06:30:00,33.27,33.328,33.199,33.227,225113.4
2026-07-28 06:35:00,33.227,33.295,33.206,33.261,69687.89
2026-07-28 06:40:00,33.261,33.305,33.247,33.286,69983.11
2026-07-28 06:45:00,33.286,33.295,33.272,33.286,101422.47
2026-07-28 06:50:00,33.286,33.436,33.225,33.246,237167.02
2026-07-28 06:55:00,33.246,33.282,33.2,33.22,8953.66
2026-07-28 07:00:00,33.22,33.267,33.201,33.235,538.76
2026-07-28 07:05:00,33.235,33.367,33.121,33.145,163126.83
2026-07-28 07:10:00,33.145,33.247,33.069,33.088,109484.24
2026-07-28 07:15:00,33.088,33.101,33.021,33.022,15424.17
2026-07-28 07:20:00,33.022,33.074,32.955,32.987,52341.65
2026-07-28 07:25:00,32.987,32.999,32.89,32.906,26617.56
2026-07-28 07:30:00,32.906,32.914,32.83,32.844,20427.24
2026-07-28 07:35:00,32.844,32.863,32.78,32.783,931.61
2026-07-28 07:40:00,32.783,32.914,32.781,32.819,22247.07
2026-07-28 07:45:00,32.819,32.861,32.766,32.811,6472.92
2026-07-28 07:50:00,32.811,32.85,32.776,32.792,62629.28
2026-07-28 07:55:00,32.792,32.83,32.729,32.743,104.73
2026-07-28 08:00:00,32.743,32.774,32.654,32.682,14913.97
2026-07-28 08:05:00,32.682,32.717,32.674,32.701,69943.35
2026-07-28 08:10:00,32.701,32.782,32.619,32.75,494508.14
2026-07-28 08:15:00,32.75,32.781,32.701,32.711,9506.68
2026-07-28 08:20:00,32.711,32.711,32.669,32.686,133071.31
2026-07-28 08:25:00,32.686,32.778,32.668,32.736,2825.79
2026-07-28 08:30:00,32.736,32.845,32.672,32.827,56195.96
2026-07-28 08:35:00,32.827,32.842,32.727,32.775,16959.16
2026-07-28 08:40:00,32.775,32.864,32.704,32.84,126666.32
2026-07-28 08:45:00,32.84,32.892,32.787,32.853,7001.62
2026-07-28 08:50:00,32.853,32.947,32.831,32.859,30951.77
2026-07-28 08:55:00,32.859,32.959,32.799,32.931,251492.26
2026-07-28 09:00:00,32.931,32.944,32.908,32.937,42646.84
2026-07-28 09:05:00,32.937,32.953,32.914,32.946,23613.45
2026-07-28 09:10:00,32.946,33.024,32.86,32.911,30230.67
2026-07-28 09:15:00,32.911,33.011,32.895,32.927,6093.0
2026-07-28 09:20:00,32.927,32.994,32.909,32.951,52041.79
2026-07-28 09:25:00,32.951,33.004,32.897,32.912,95778.61
2026-07-28 09:30:00,32.912,32.912,32.856,32.863,18787.25
2026-07-28 09:35:00,32.863,32.956,32.751,32.928,42512.06
2026-07-28 09:40:00,32.928,33.029,32.911,33.021,31972.92
2026-07-28 09:45:00,33.021,33.075,32.987,33.047,95511.29
2026-07-28 09:50:00,33.047,33.101,32.938,32.976,74147.68
2026-07-28 09:55:00,32.976,33.006,32.962,32.994,36146.43
2026-07-28 10:00:00,32.994,33.08,32.912,33.035,135629.53
2026-07-28 10:05:00,33.035,33.077,32.96,32.974,40951.47
2026-07-28 10:10:00,32.974,32.983,32.944,32.966,15599.52
2026-07-28 10:15:00,32.966,32.973,32.932,32.962,26168.86
2026-07-28 10:20:00,32.962,32.962,32.903,32.905,6997.09
2026-07-28 10:25:00,32.905,32.917,32.839,32.843,140570.42
2026-07-28 10:30:00,32.843,32.928,32.803,32.872,24238.16
2026-07-28 10:35:00,32.872,32.927,32.822,32.885,75493.52
2026-07-28 10:40:00,32.885,32.953,32.853,32.932,19878.43
2026-07-28 10:45:00,32.932,32.961,32.861,32.872,95104.73
2026-07-28 10:50:00,32.872,32.923,32.871,32.909,8115.89
2026-07-28 10:55:00,32.909,32.924,32.796,32.846,61911.06
2026-07-28 11:00:00,32.846,32.91,32.807,32.842,21203.8
2026-07-28 11:05:00,32.842,32.847,32.806,32.807,84043.62
2026-07-28 11:10:00,32.807,32.869,32.746,32.841,9482.4
2026-07-28 11:15:00,32.841,32.907,32.819,32.856,79838.97
2026-07-28 11:20:00,32.856,32.959,32.807,32.928,333641.28
2026-07-28 11:25:00,32.928,32.946,32.868,32.879,39003.23
2026-07-28 11:30:00,32.879,32.954,32.853,32.941,13408.54
2026-07-28 11:35:00,32.941,32.976,32.905,32.962,6860.98
2026-07-28 11:40:00,32.962,32.989,32.884,32.906,13518.98
2026-07-28 11:45:00,32.906,32.976,32.867,32.941,157321.8
2026-07-28 11:50:00,32.941,32.957,32.889,32.891,62010.51
2026-07-28 11:55:00,32.891,32.91,32.842,32.903,26127.73
2026-07-28 12:00:00,32.903,32.908,32.895,32.905,18447.25
2026-07-28 12:05:00,32.905,32.917,32.763,32.822,142401.2
2026-07-28 12:10:00,32.822,32.835,32.775,32.816,54850.17
2026-07-28 12:15:00,32.816,32.829,32.764,32.766,24280.03
2026-07-28 12:20:00,32.766,32.835,32.76,32.824,106478.23
2026-07-28 12:25:00,32.824,32.901,32.807,32.868,61429.79
2026-07-28 12:30:00,32.868,32.873,32.765,32.79,43811.91
2026-07-28 12:35:00,32.79,32.882,32.765,32.846,9456.31
2026-07-28 12:40:00,32.846,32.883,32.817,32.851,88984.53
2026-07-28 12:45:00,32.851,32.957,32.8,32.956,9835.84
2026-07-28 12:50:00,32.956,32.992,32.915,32.97,43912.09
2026-07-28 12:55:00,32.97,32.987,32.913,32.951,110.97
2026-07-28 13:00:00,32.951,32.974,32.938,32.958,65270.37
2026-07-28 13:05:00,32.958,33.017,32.904,32.938,11846.22
2026-07-28 13:10:00,32.938,33.055,32.892,33.028,24482.74
2026-07-28 13:15:00,33.028,33.079,33.012,33.024,45445.98
2026-07-28 13:20:00,33.024,33.075,32.984,33.015,36757.66
2026-07-28 13:25:00,33.015,33.09,32.888,32.92,473514.67
2026-07-28 13:30:00,32.92,32.971,32.874,32.922,44500.71
2026-07-28 13:35:00,32.922,32.972,32.844,32.941,24672.11
2026-07-28 13:40:00,32.941,33.031,32.892,33.012,5564.45
2026-07-28 13:45:00,33.012,33.095,32.915,32.942,232680.63
2026-07-28 13:50:00,32.942,32.947,32.871,32.893,14413.33
2026-07-28 13:55:00,32.893,32.909,32.825,32.878,3756.44
2026-07-28 14:00:00,32.878,32.917,32.843,32.904,114954.96
2026-07-28 14:05:00,32.904,32.917,32.886,32.89,152245.32
2026-07-28 14:10:00,32.89,32.937,32.845,32.924,42827.24
2026-07-28 14:15:00,32.924,32.943,32.883,32.926,42284.51
2026-07-28 14:20:00,32.926,32.953,32.88,32.922,6676.69
2026-07-28 14:25:00,32.922,32.994,32.912,32.943,88029.47
2026-07-28 14:30:00,32.943,32.995,32.879,32.934,14588.32
2026-07-28 14:35:00,32.934,32.945,32.859,32.929,21753.6
2026-07-28 14:40:00,32.929,33.034,32.913,33.026,33265.94
2026-07-28 14:45:00,33.026,33.145,33.022,33.085,9839.0
2026-07-28 14:50:00,33.085,33.182,32.963,32.989,146945.9
2026-07-28 14:55:00,32.989,33.037,32.96,32.996,24250.55
2026-07-28 15:00:00,32.996,33.039,32.949,32.956,41761.44
2026-07-28 15:05:00,32.956,32.997,32.835,32.908,238327.09
2026-07-28 15:10:00,32.908,32.967,32.773,32.838,61044.09
2026-07-28 15:15:00,32.838,32.871,32.818,32.857,93806.55
2026-07-28 15:20:00,32.857,32.87,32.801,32.819,57526.37
2026-07-28 15:25:00,32.819,32.828,32.773,32.798,141658.1
2026-07-28 15:30:00,32.798,32.81,32.749,32.787,79796.74
2026-07-28 15:35:00,32.787,32.843,32.71,32.818,236878.54
2026-07-28 15:40:00,32.818,32.842,32.716,32.729,18062.12
2026-07-28 15:45:00,32.729,32.809,32.673,32.785,223149.25
2026-07-28 15:50:00,32.785,32.946,32.725,32.853,8540.53
2026-07-28 15:55:00,32.853,32.941,32.833,32.935,19550.39
2026-07-28 16:00:00,32.935,32.987,32.867,32.901,68577.66
2026-07-28 16:05:00,32.901,32.941,32.895,32.928,50144.51
2026-07-28 16:10:00,32.928,32.975,32.799,32.817,93558.77
2026-07-28 16:15:00,32.817,32.828,32.769,32.804,18276.06
2026-07-28 16:20:00,32.804,32.875,32.773,32.791,70003.53
2026-07-28 16:25:00,32.791,32.865,32.732,32.778,123311.53
2026-07-28 16:30:00,32.778,32.868,32.703,32.848,36345.46
2026-07-28 16:35:00,32.848,32.872,32.787,32.797,12022.38
2026-07-28 16:40:00,32.797,32.819,32.756,32.773,27880.5
2026-07-28 16:45:00,32.773,32.847,32.77,32.84,34286.63
2026-07-28 16:50:00,32.84,32.896,32.744,32.757,66409.38
2026-07-28 16:55:00,32.757,32.839,32.623,32.822,42675.86
2026-07-28 17:00:00,32.822,32.916,32.764,32.859,80887.43
2026-07-28 17:05:00,32.859,32.966,32.834,32.879,10809.4
2026-07-28 17:10:00,32.879,32.903,32.857,32.9,23678.62
2026-07-28 17:15:00,32.9,32.919,32.825,32.859,39113.11
2026-07-28 17:20:00,32.859,32.904,32.844,32.882,72005.4
2026-07-28 17:25:00,32.882,32.903,32.747,32.839,28648.82
2026-07-28 17:30:00,32.839,32.919,32.837,32.887,87125.77
2026-07-28 17:35:00,32.887,32.942,32.871,32.921,56788.56
2026-07-28 17:40:00,32.921,32.924,32.9,32.919,45817.36
2026-07-28 17:45:00,32.919,32.975,32.911,32.931,2100.02
2026-07-28 17:50:00,32.931,32.998,32.906,32.946,11316.0
2026-07-28 17:55:00,32.946,32.999,32.887,32.932,42645.54
2026-07-28 18:00:00,32.932,33.031,32.911,32.973,24821.92
2026-07-28 18:05:00,32.973,33.13,32.956,33.101,26246.09
2026-07-28 18:10:00,33.101,33.138,33.096,33.124,15363.77
2026-07-28 18:15:00,33.124,33.149,33.102,33.141,159031.82
2026-07-28 18:20:00,33.141,33.153,33.129,33.148,75923.11
2026-07-28 18:25:00,33.148,33.173,33.069,33.088,90857.62
2026-07-28 18:30:00,33.088,33.142,33.067,33.118,128324.42
2026-07-28 18:35:00,33.118,33.14,33.097,33.115,31801.59
2026-07-28 18:40:00,33.115,33.141,33.08,33.106,36650.5
2026-07-28 18:45:00,33.106,33.231,33.099,33.165,10864.99
2026-07-28 18:50:00,33.165,33.191,33.076,33.1,131268.46
2026-07-28 18:55:00,33.1,33.144,33.027,33.124,120675.19
2026-07-28 19:00:00,33.124,33.194,33.01,33.034,210506.65
2026-07-28 19:05:00,33.034,33.104,33.008,33.084,2111.24
2026-07-28 19:10:00,33.084,33.118,33.08,33.103,27683.88
2026-07-28 19:15:00,33.103,33.147,33.052,33.073,23325.35
2026-07-28 19:20:00,33.073,33.171,33.0,33.018,476502.67
2026-07-28 19:25:00,33.018,33.074,32.954,32.982,2295.24
2026-07-28 19:30:00,32.982,33.025,32.973,32.989,315164.67
2026-07-28 19:35:00,32.989,32.998,32.901,32.955,26245.54
2026-07-28 19:40:00,32.955,32.971,32.882,32.9,142969.92
2026-07-28 19:45:00,32.9,32.907,32.899,32.907,48089.53
2026-07-28 19:50:00,32.907,32.929,32.825,32.862,67651.33
2026-07-28 19:55:00,32.862,32.88,32.847,32.869,25604.98
2026-07-28 20:00:00,32.869,32.906,32.763,32.806,18629.44
2026-07-28 20:05:00,32.806,32.873,32.764,32.844,45091.97
2026-07-28 20:10:00,32.844,32.909,32.834,32.859,13503.5
2026-07-28 20:15:00,32.859,32.884,32.794,32.796,83740.15
2026-07-28 20:20:00,32.796,32.81,32.652,32.704,83390.35
2026-07-28 20:25:00,32.704,32.729,32.658,32.675,167841.78
2026-07-28 20:30:00,32.675,32.693,32.641,32.65,68825.59
2026-07-28 20:35:00,32.65,32.699,32.605,32.622,16093.24
2026-07-28 20:40:00,32.622,32.685,32.498,32.653,67605.05
2026-07-28 20:45:00,32.653,32.759,32.585,32.744,232032.18
2026-07-28 20:50:00,32.744,32.861,32.725,32.83,55290.91
2026-07-28 20:55:00,32.83,32.852,32.825,32.841,59360.31
2026-07-28 21:00:00,32.841,32.875,32.789,32.797,6648.46
2026-07-28 21:05:00,32.797,32.824,32.737,32.74,5204.5
2026-07-28 21:10:00,32.74,32.741,32.69,32.729,26851.23
2026-07-28 21:15:00,32.729,32.796,32.608,32.784,607847.71
2026-07-28 21:20:00,32.784,32.844,32.761,32.838,146706.85
2026-07-28 21:25:00,32.838,32.976,32.802,32.938,84945.65
2026-07-28 21:30:00,32.938,32.969,32.825,32.958,35781.84
2026-07-28 21:35:00,32.958,33.017,32.912,32.977,1247.86
2026-07-28 21:40:00,32.977,33.006,32.875,32.892,8053.43
2026-07-28 21:45:00,32.892,32.937,32.854,32.921,43617.36
2026-07-28 21:50:00,32.921,32.931,32.871,32.914,14770.7
2026-07-28 21:55:00,32.914,33.012,32.857,32.95,387329.43
2026-07-28 22:00:00,32.95,32.984,32.886,32.888,93712.42
2026-07-28 22:05:00,32.888,32.941,32.868,32.935,65.9
2026-07-28 22:10:00,32.935,32.972,32.839,32.879,23045.57
2026-07-28 22:15:00,32.879,32.914,32.836,32.905,4047.27
2026-07-28 22:20:00,32.905,32.964,32.857,32.873,169111.32
2026-07-28 22:25:00,32.873,32.874,32.831,32.836,54640.68
2026-07-28 22:30:00,32.836,32.867,32.745,32.765,32621.87
2026-07-28 22:35:00,32.765,32.817,32.684,32.792,261410.72
2026-07-28 22:40:00,32.792,32.82,32.764,32.795,38968.41
2026-07-28 22:45:00,32.795,32.904,32.758,32.874,19722.25
2026-07-28 22:50:00,32.874,32.903,32.812,32.831,71005.72
2026-07-28 22:55:00,32.831,32.856,32.708,32.767,60501.67
2026-07-28 23:00:00,32.767,32.79,32.704,32.748,98013.98
2026-07-28 23:05:00,32.748,32.757,32.68,32.727,70703.19
2026-07-28 23:10:00,32.727,32.843,32.715,32.816,15225.07
2026-07-28 23:15:00,32.816,32.936,32.792,32.874,74280.95
2026-07-28 23:20:00,32.874,32.907,32.797,32.851,13725.12
2026-07-28 23:25:00,32.851,32.856,32.757,32.779,8472.58
2026-07-28 23:30:00,32.779,32.864,32.767,32.844,88650.42
2026-07-28 23:35:00,32.844,32.942,32.808,32.899,38721.5
2026-07-28 23:40:00,32.899,32.928,32.851,32.858,185879.45
2026-07-28 23:45:00,32.858,32.911,32.744,32.772,6345.44
2026-07-28 23:50:00,32.772,32.779,32.675,32.689,33248.23
2026-07-28 23:55:00,32.689,32.767,32.631,32.709,4120.88
2026-07-29 00:00:00,32.709,32.766,32.694,32.721,146288.88
2026-07-29 00:05:00,32.721,32.751,32.682,32.746,10927.11
2026-07-29 00:10:00,32.746,32.877,32.74,32.81,13779.47
2026-07-29 00:15:00,32.81,32.858,32.785,32.841,208973.43
2026-07-29 00:20:00,32.841,32.862,32.688,32.726,26088.08
2026-07-29 00:25:00,32.726,32.824,32.697,32.797,5157.31
2026-07-29 00:30:00,32.797,32.811,32.754,32.761,54511.63
2026-07-29 00:35:00,32.761,32.784,32.667,32.668,51182.44
2026-07-29 00:40:00,32.668,32.703,32.596,32.618,2212.05
2026-07-29 00:45:00,32.618,32.63,32.529,32.538,206081.94
2026-07-29 00:50:00,32.538,32.669,32.537,32.611,73239.26
2026-07-29 00:55:00,32.611,32.622,32.574,32.577,76634.85
2026-07-29 01:00:00,32.577,32.627,32.521,32.621,15363.78
2026-07-29 01:05:00,32.621,32.664,32.615,32.622,63583.57
2026-07-29 01:10:00,32.622,32.683,32.604,32.622,3307.58
2026-07-29 01:15:00,32.622,32.645,32.544,32.6,31664.01
2026-07-29 01:20:00,32.6,32.624,32.6,32.611,34624.73
2026-07-29 01:25:00,32.611,32.652,32.56,32.64,77989.59
2026-07-29 01:30:00,32.64,32.697,32.515,32.68,139815.13
2026-07-29 01:35:00,32.68,32.76,32.547,32.729,183765.86
2026-07-29 01:40:00,32.729,32.792,32.703,32.769,42199.39
2026-07-29 01:45:00,32.769,32.851,32.747,32.846,17608.0
2026-07-29 01:50:00,32.846,32.985,32.839,32.939,28816.23
2026-07-29 01:55:00,32.939,32.946,32.884,32.888,7182.1
2026-07-29 02:00:00,32.888,32.947,32.845,32.855,51023.75
2026-07-29 02:05:00,32.855,32.921,32.847,32.883,18398.66
2026-07-29 02:10:00,32.883,32.959,32.863,32.869,84666.01
2026-07-29 02:15:00,32.869,32.907,32.86,32.894,23523.81
2026-07-29 02:20:00,32.894,32.903,32.844,32.857,40793.44
2026-07-29 02:25:00,32.857,32.962,32.851,32.925,57457.23
2026-07-29 02:30:00,32.925,32.936,32.882,32.913,25438.62
2026-07-29 02:35:00,32.913,32.948,32.849,32.858,67004.37
2026-07-29 02:40:00,32.858,32.948,32.841,32.917,134944.66
2026-07-29 02:45:00,32.917,32.979,32.901,32.963,119832.64
2026-07-29 02:50:00,32.963,33.079,32.883,33.034,10528.12
2026-07-29 02:55:00,33.034,33.084,32.963,33.074,8108.8
2026-07-29 03:00:00,33.074,33.217,33.015,33.028,707117.46
2026-07-29 03:05:00,33.028,33.033,32.968,33.022,21397.78
2026-07-29 03:10:00,33.022,33.1,32.954,32.97,187380.56
2026-07-29 03:15:00,32.97,32.971,32.907,32.919,81185.73
2026-07-29 03:20:00,32.919,32.939,32.88,32.885,15396.09
2026-07-29 03:25:00,32.885,32.982,32.865,32.97,53559.56
2026-07-29 03:30:00,32.97,33.031,32.94,32.994,54671.72
2026-07-29 03:35:00,32.994,32.996,32.948,32.981,27786.76
2026-07-29 03:40:00,32.981,33.02,32.887,32.927,4732.38
2026-07-29 03:45:00,32.927,32.96,32.901,32.935,35032.82
2026-07-29 03:50:00,32.935,32.941,32.881,32.915,207627.96
2026-07-29 03:55:00,32.915,32.941,32.901,32.927,49890.66
2026-07-29 04:00:00,32.927,32.955,32.87,32.881,83679.84
2026-07-29 04:05:00,32.881,32.888,32.849,32.863,20834.98
2026-07-29 04:10:00,32.863,32.87,32.813,32.841,4366.68
2026-07-29 04:15:00,32.841,32.87,32.836,32.849,149003.04
2026-07-29 04:20:00,32.849,32.865,32.826,32.844,6957.04
2026-07-29 04:25:00,32.844,32.914,32.833,32.902,75331.94
2026-07-29 04:30:00,32.902,32.934,32.875,32.875,19880.77
2026-07-29 04:35:00,32.875,32.896,32.864,32.873,240144.7
2026-07-29 04:40:00,32.873,32.884,32.774,32.823,45979.71
2026-07-29 04:45:00,32.823,32.936,32.781,32.893,132958.23
2026-07-29 04:50:00,32.893,32.908,32.786,32.803,96719.57
2026-07-29 04:55:00,32.803,32.805,32.791,32.797,37816.6
2026-07-29 05:00:00,32.797,32.806,32.741,32.751,41658.34
2026-07-29 05:05:00,32.751,32.807,32.734,32.786,7536.38
2026-07-29 05:10:00,32.786,32.921,32.784,32.901,134287.98
2026-07-29 05:15:00,32.901,32.968,32.9,32.94,87726.53
2026-07-29 05:20:00,32.94,32.957,32.834,32.849,87222.53
2026-07-29 05:25:00,32.849,32.864,32.828,32.831,33904.43
2026-07-29 05:30:00,32.831,32.861,32.759,32.765,25295.4
2026-07-29 05:35:00,32.765,32.817,32.763,32.809,61899.2
2026-07-29 05:40:00,32.809,32.842,32.77,32.825,19748.95
2026-07-29 05:45:00,32.825,32.904,32.82,32.894,93956.15
2026-07-29 05:50:00,32.894,32.897,32.872,32.885,64633.3
2026-07-29 05:55:00,32.885,32.915,32.851,32.884,29031.14
2026-07-29 06:00:00,32.884,32.888,32.818,32.852,51180.73
2026-07-29 06:05:00,32.852,32.876,32.826,32.874,2391.54
2026-07-29 06:10:00,32.874,32.901,32.848,32.899,104595.32
2026-07-29 06:15:00,32.899,32.904,32.875,32.894,51208.82
2026-07-29 06:20:00,32.894,32.933,32.837,32.902,2651.07
2026-07-29 06:25:00,32.902,32.92,32.892,32.907,34337.75
2026-07-29 06:30:00,32.907,32.917,32.813,32.857,13978.19
2026-07-29 06:35:00,32.857,32.87,32.85,32.863,33013.8
2026-07-29 06:40:00,32.863,32.867,32.842,32.851,110673.92
2026-07-29 06:45:00,32.851,32.876,32.772,32.791,39093.76
2026-07-29 06:50:00,32.791,32.828,32.788,32.806,9994.34
2026-07-29 06:55:00,32.806,32.874,32.794,32.855,18905.53
2026-07-29 07:00:00,32.855,32.893,32.774,32.808,8533.5
2026-07-29 07:05:00,32.808,32.836,32.732,32.74,75458.89
2026-07-29 07:10:00,32.74,32.807,32.736,32.773,114780.19
2026-07-29 07:15:00,32.773,32.801,32.699,32.729,17924.75
2026-07-29 07:20:00,32.729,32.753,32.687,32.743,50970.65
2026-07-29 07:25:00,32.743,32.763,32.663,32.697,93086.37
2026-07-29 07:30:00,32.697,32.748,32.623,32.73,10427.97
2026-07-29 07:35:00,32.73,32.771,32.704,32.757,52544.26
2026-07-29 07:40:00,32.757,32.791,32.736,32.765,2770.5
2026-07-29 07:45:00,32.765,32.781,32.756,32.774,70311.14
2026-07-29 07:50:00,32.774,32.801,32.733,32.783,68587.22
2026-07-29 07:55:00,32.783,32.82,32.769,32.788,6282.53
2026-07-29 08:00:00,32.788,32.81,32.74,32.761,63489.33
2026-07-29 08:05:00,32.761,32.847,32.663,32.821,99671.32
2026-07-29 08:10:00,32.821,32.912,32.808,32.892,18255.01
2026-07-29 08:15:00,32.892,32.913,32.875,32.888,67769.79
2026-07-29 08:20:00,32.888,32.891,32.878,32.889,21330.21
2026-07-29 08:25:00,32.889,32.952,32.86,32.918,40693.43
2026-07-29 08:30:00,32.918,33.044,32.915,33.012,133621.1
2026-07-29 08:35:00,33.012,33.088,32.906,32.939,25718.79
2026-07-29 08:40:00,32.939,32.984,32.929,32.961,21089.28
2026-07-29 08:45:00,32.961,33.075,32.892,32.903,21362.17
2026-07-29 08:50:00,32.903,32.926,32.817,32.845,4414.63
2026-07-29 08:55:00,32.845,32.924,32.839,32.895,23846.77
2026-07-29 09:00:00,32.895,32.907,32.871,32.9,17836.95
2026-07-29 09:05:00,32.9,32.907,32.858,32.884,52384.26
2026-07-29 09:10:00,32.884,32.903,32.771,32.791,37137.2
2026-07-29 09:15:00,32.791,32.793,32.691,32.71,20663.71
2026-07-29 09:20:00,32.71,32.822,32.631,32.795,289977.08
2026-07-29 09:25:00,32.795,32.829,32.786,32.795,35884.35
2026-07-29 09:30:00,32.795,32.805,32.739,32.78,10700.24
2026-07-29 09:35:00,32.78,32.81,32.738,32.741,11801.52
2026-07-29 09:40:00,32.741,32.808,32.689,32.781,41229.47
2026-07-29 09:45:00,32.781,32.819,32.708,32.711,54268.91
2026-07-29 09:50:00,32.711,32.798,32.709,32.761,19838.21
2026-07-29 09:55:00,32.761,32.771,32.761,32.763,65114.61
2026-07-29 10:00:00,32.763,32.778,32.69,32.713,33177.0
2026-07-29 10:05:00,32.713,32.742,32.691,32.729,48693.38
2026-07-29 10:10:00,32.729,32.747,32.725,32.729,106247.14
2026-07-29 10:15:00,32.729,32.804,32.6,32.772,206072.99
2026-07-29 10:20:00,32.772,32.848,32.758,32.802,95642.36
2026-07-29 10:25:00,32.802,32.847,32.756,32.829,121794.82
2026-07-29 10:30:00,32.829,32.945,32.791,32.903,122040.11
2026-07-29 10:35:00,32.903,32.971,32.895,32.942,26986.75
2026-07-29 10:40:00,32.942,32.959,32.869,32.89,63425.97
2026-07-29 10:45:00,32.89,32.928,32.779,32.855,69365.79
2026-07-29 10:50:00,32.855,32.923,32.818,32.896,15670.67
2026-07-29 10:55:00,32.896,32.915,32.815,32.871,24170.02
2026-07-29 11:00:00,32.871,32.895,32.868,32.871,19008.4
2026-07-29 11:05:00,32.871,32.948,32.86,32.902,155248.47
2026-07-29 11:10:00,32.902,32.988,32.888,32.941,58130.64
2026-07-29 11:15:00,32.941,32.967,32.927,32.937,1851.75
2026-07-29 11:20:00,32.937,33.046,32.874,32.905,150763.17
2026-07-29 11:25:00,32.905,32.94,32.833,32.854,1632.41
2026-07-29 11:30:00,32.854,32.904,32.825,32.879,10984.43
2026-07-29 11:35:00,32.879,32.948,32.861,32.924,23005.21
2026-07-29 11:40:00,32.924,33.0,32.922,32.939,4446.71
2026-07-29 11:45:00,32.939,32.942,32.882,32.903,7163.0
2026-07-29 11:50:00,32.903,32.928,32.902,32.926,26237.61
2026-07-29 11:55:00,32.926,32.964,32.883,32.902,29589.81
2026-07-29 12:00:00,32.902,32.914,32.873,32.897,11188.1
2026-07-29 12:05:00,32.897,32.907,32.736,32.751,20317.24
2026-07-29 12:10:00,32.751,32.788,32.667,32.67,40598.98
2026-07-29 12:15:00,32.67,32.744,32.546,32.717,13512.31
2026-07-29 12:20:00,32.717,32.773,32.705,32.759,7425.65
2026-07-29 12:25:00,32.759,32.816,32.65,32.786,135775.74
2026-07-29 12:30:00,32.786,32.874,32.777,32.843,6125.18
2026-07-29 12:35:00,32.843,32.903,32.78,32.868,25222.17
2026-07-29 12:40:00,32.868,32.917,32.834,32.903,70715.32
2026-07-29 12:45:00,32.903,32.918,32.877,32.885,44112.3
2026-07-29 12:50:00,32.885,32.919,32.868,32.889,88731.85
2026-07-29 12:55:00,32.889,32.912,32.857,32.885,84693.42
2026-07-29 13:00:00,32.885,32.953,32.871,32.917,7732.62
2026-07-29 13:05:00,32.917,32.941,32.895,32.934,13428.44
2026-07-29 13:10:00,32.934,32.998,32.895,32.928,595.32
2026-07-29 13:15:00,32.928,32.932,32.853,32.869,2116.74
2026-07-29 13:20:00,32.869,32.902,32.78,32.841,36055.55
2026-07-29 13:25:00,32.841,32.872,32.838,32.859,129140.94
2026-07-29 13:30:00,32.859,32.926,32.857,32.906,29574.71
2026-07-29 13:35:00,32.906,32.929,32.845,32.848,6542.07
2026-07-29 13:40:00,32.848,32.859,32.799,32.822,56990.84
2026-07-29 13:45:00,32.822,32.841,32.768,32.827,4099.97
2026-07-29 13:50:00,32.827,32.938,32.797,32.908,43562.46
2026-07-29 13:55:00,32.908,32.918,32.824,32.836,53538.39
2026-07-29 14:00:00,32.836,32.849,32.798,32.805,28742.76
2026-07-29 14:05:00,32.805,32.832,32.783,32.785,84485.05
2026-07-29 14:10:00,32.785,32.808,32.712,32.725,170086.39
2026-07-29 14:15:00,32.725,32.847,32.588,32.823,45833.35
2026-07-29 14:20:00,32.823,32.872,32.778,32.78,52915.25
2026-07-29 14:25:00,32.78,32.821,32.756,32.813,12403.82
2026-07-29 14:30:00,32.813,32.843,32.746,32.75,10627.33
2026-07-29 14:35:00,32.75,32.775,32.73,32.758,17542.73
2026-07-29 14:40:00,32.758,32.792,32.679,32.722,45973.47
2026-07-29 14:45:00,32.722,32.739,32.702,32.721,31872.9
2026-07-29 14:50:00,32.721,32.762,32.721,32.734,12672.35
2026-07-29 14:55:00,32.734,32.757,32.732,32.734,9032.75
2026-07-29 15:00:00,32.734,32.776,32.709,32.763,39500.31
2026-07-29 15:05:00,32.763,32.844,32.651,32.83,269577.0
2026-07-29 15:10:00,32.83,32.873,32.811,32.869,84365.53
2026-07-29 15:15:00,32.869,32.945,32.848,32.922,134064.95
2026-07-29 15:20:00,32.922,32.959,32.907,32.938,6685.14
2026-07-29 15:25:00,32.938,32.964,32.881,32.906,83603.45
2026-07-29 15:30:00,32.906,32.976,32.792,32.814,290763.19
2026-07-29 15:35:00,32.814,32.826,32.78,32.811,14802.38
2026-07-29 15:40:00,32.811,32.949,32.799,32.936,1558.41
2026-07-29 15:45:00,32.936,32.968,32.923,32.967,25609.45
2026-07-29 15:50:00,32.967,33.076,32.884,32.912,172359.5
2026-07-29 15:55:00,32.912,32.956,32.891,32.921,16824.68
2026-07-29 16:00:00,32.921,32.943,32.887,32.935,62260.71
2026-07-29 16:05:00,32.935,32.956,32.905,32.953,8638.11
2026-07-29 16:10:00,32.953,32.978,32.838,32.868,37223.06
2026-07-29 16:15:00,32.868,32.895,32.841,32.885,6390.6
2026-07-29 16:20:00,32.885,32.914,32.812,32.833,33043.69
2026-07-29 16:25:00,32.833,32.834,32.779,32.806,10710.03
2026-07-29 16:30:00,32.806,32.83,32.8,32.828,22257.12
2026-07-29 16:35:00,32.828,32.871,32.807,32.846,17346.24
2026-07-29 16:40:00,32.846,32.9,32.805,32.897,37609.49
2026-07-29 16:45:00,32.897,32.954,32.842,32.938,43647.12
2026-07-29 16:50:00,32.938,33.006,32.873,32.904,5683.06
2026-07-29 16:55:00,32.904,32.923,32.893,32.896,53464.0
2026-07-29 17:00:00,32.896,32.922,32.836,32.841,38831.66
2026-07-29 17:05:00,32.841,32.903,32.838,32.881,129869.48
2026-07-29 17:10:00,32.881,32.941,32.879,32.927,20377.4
2026-07-29 17:15:00,32.927,33.007,32.921,32.99,22693.06
2026-07-29 17:20:00,32.99,33.017,32.947,33.014,8418.9
2026-07-29 17:25:00,33.014,33.114,33.0,33.066,12057.97
2026-07-29 17:30:00,33.066,33.149,33.062,33.098,1263.41
2026-07-29 17:35:00,33.098,33.216,33.03,33.047,102423.35
2026-07-29 17:40:00,33.047,33.191,32.94,32.965,64339.53
2026-07-29 17:45:00,32.965,32.974,32.91,32.942,19215.27
2026-07-29 17:50:00,32.942,33.051,32.837,32.862,31978.19
2026-07-29 17:55:00,32.862,32.884,32.854,32.857,21112.04
2026-07-29 18:00:00,32.857,32.891,32.834,32.863,3673.98
2026-07-29 18:05:00,32.863,32.886,32.822,32.843,73640.17
2026-07-29 18:10:00,32.843,32.904,32.821,32.874,10883.8
2026-07-29 18:15:00,32.874,32.956,32.856,32.949,24065.41
2026-07-29 18:20:00,32.949,32.954,32.937,32.952,102879.96
2026-07-29 18:25:00,32.952,32.958,32.903,32.937,31405.52
2026-07-29 18:30:00,32.937,32.96,32.899,32.951,31278.57
2026-07-29 18:35:00,32.951,32.952,32.903,32.916,54449.24
2026-07-29 18:40:00,32.916,32.932,32.838,32.843,81295.8
2026-07-29 18:45:00,32.843,32.89,32.817,32.86,180982.09
2026-07-29 18:50:00,32.86,32.894,32.796,32.807,16395.17
2026-07-29 18:55:00,32.807,32.811,32.796,32.799,72809.51
2026-07-29 19:00:00,32.799,32.889,32.766,32.817,41999.51
2026-07-29 19:05:00,32.817,32.82,32.76,32.773,56175.01
2026-07-29 19:10:00,32.773,32.795,32.738,32.761,7155.78
2026-07-29 19:15:00,32.761,32.79,32.72,32.752,587.13
2026-07-29 19:20:00,32.752,32.791,32.72,32.724,81960.9
2026-07-29 19:25:00,32.724,32.815,32.625,32.784,279464.33
2026-07-29 19:30:00,32.784,32.798,32.701,32.745,69348.37
2026-07-29 19:35:00,32.745,32.768,32.711,32.753,24749.45
2026-07-29 19:40:00,32.753,32.824,32.65,32.802,21648.46
2026-07-29 19:45:00,32.802,32.807,32.754,32.761,29874.94
2026-07-29 19:50:00,32.761,32.785,32.752,32.758,10375.37
2026-07-29 19:55:00,32.758,32.765,32.713,32.717,24844.88
2026-07-29 20:00:00,32.717,32.747,32.695,32.739,4449.53
2026-07-29 20:05:00,32.739,32.83,32.618,32.797,11083.15
2026-07-29 20:10:00,32.797,32.818,32.765,32.769,26908.72
2026-07-29 20:15:00,32.769,32.778,32.724,32.749,4885.58
2026-07-29 20:20:00,32.749,32.787,32.696,32.74,15257.54
2026-07-29 20:25:00,32.74,32.741,32.717,32.729,108079.01
2026-07-29 20:30:00,32.729,32.745,32.694,32.697,6940.91
2026-07-29 20:35:00,32.697,32.721,32.658,32.695,21516.33
2026-07-29 20:40:00,32.695,32.72,32.617,32.654,2687.85
2026-07-29 20:45:00,32.654,32.657,32.596,32.618,4789.86
2026-07-29 20:50:00,32.618,32.657,32.526,32.566,9527.55
2026-07-29 20:55:00,32.566,32.641,32.422,32.611,13885.2
2026-07-29 21:00:00,32.611,32.688,32.577,32.678,30475.54
2026-07-29 21:05:00,32.678,32.794,32.604,32.764,493837.75
2026-07-29 21:10:00,32.764,32.832,32.741,32.832,8632.57
2026-07-29 21:15:00,32.832,32.836,32.776,32.781,101275.55
2026-07-29 21:20:00,32.781,32.803,32.693,32.71,77957.23
2026-07-29 21:25:00,32.71,32.749,32.707,32.734,7295.14
2026-07-29 21:30:00,32.734,32.743,32.674,32.679,2067.46
2026-07-29 21:35:00,32.679,32.703,32.603,32.632,65827.7
2026-07-29 21:40:00,32.632,32.711,32.492,32.68,23007.44
2026-07-29 21:45:00,32.68,32.699,32.674,32.678,31959.02
2026-07-29 21:50:00,32.678,32.681,32.646,32.657,11646.2
2026-07-29 21:55:00,32.657,32.761,32.607,32.735,13980.75
2026-07-29 22:00:00,32.735,32.751,32.716,32.75,24124.36
2026-07-29 22:05:00,32.75,32.783,32.657,32.67,42029.57
2026-07-29 22:10:00,32.67,32.724,32.558,32.708,85721.41
2026-07-29 22:15:00,32.708,32.72,32.651,32.672,58653.36
2026-07-29 22:20:00,32.672,32.704,32.593,32.648,23415.91
2026-07-29 22:25:00,32.648,32.678,32.642,32.673,60689.46
2026-07-29 22:30:00,32.673,32.71,32.664,32.674,39760.64
2026-07-29 22:35:00,32.674,32.683,32.63,32.649,63079.56
2026-07-29 22:40:00,32.649,32.727,32.553,32.704,30860.82
2026-07-29 22:45:00,32.704,32.75,32.7,32.739,32225.52
2026-07-29 22:50:00,32.739,32.822,32.672,32.809,86871.07
2026-07-29 22:55:00,32.809,32.812,32.721,32.738,71495.55
2026-07-29 23:00:00,32.738,32.764,32.687,32.752,89221.8
2026-07-29 23:05:00,32.752,32.763,32.706,32.716,82620.74
2026-07-29 23:10:00,32.716,32.767,32.569,32.749,142305.57
2026-07-29 23:15:00,32.749,32.75,32.698,32.725,52177.59
2026-07-29 23:20:00,32.725,32.781,32.667,32.739,58054.2
2026-07-29 23:25:00,32.739,32.77,32.727,32.767,3388.49
2026-07-29 23:30:00,32.767,32.86,32.672,32.697,155555.68
2026-07-29 23:35:00,32.697,32.778,32.662,32.764,4985.0
2026-07-29 23:40:00,32.764,32.775,32.733,32.759,50733.58
2026-07-29 23:45:00,32.759,32.782,32.709,32.765,243123.41
2026-07-29 23:50:00,32.765,32.82,32.754,32.806,18808.96
2026-07-29 23:55:00,32.806,32.86,32.798,32.858,21182.74
2026-07-30 00:00:00,32.858,32.944,32.857,32.912,692.0
2026-07-30 00:05:00,32.912,32.969,32.85,32.877,160051.52
2026-07-30 00:10:00,32.877,32.944,32.783,32.808,357828.13
2026-07-30 00:15:00,32.808,32.948,32.723,32.739,641.74
2026-07-30 00:20:00,32.739,32.779,32.718,32.731,37123.8
2026-07-30 00:25:00,32.731,32.749,32.674,32.745,77271.34
2026-07-30 00:30:00,32.745,32.769,32.698,32.707,11560.76
2026-07-30 00:35:00,32.707,32.768,32.646,32.763,1880.64
2026-07-30 00:40:00,32.763,32.799,32.733,32.733,2831.17
2026-07-30 00:45:00,32.733,32.798,32.723,32.762,96806.22
2026-07-30 00:50:00,32.762,32.806,32.746,32.796,30577.37
2026-07-30 00:55:00,32.796,32.813,32.763,32.776,112449.59
2026-07-30 01:00:00,32.776,32.786,32.642,32.683,141566.63
2026-07-30 01:05:00,32.683,32.733,32.597,32.607,229.57
2026-07-30 01:10:00,32.607,32.646,32.54,32.615,77385.48
2026-07-30 01:15:00,32.615,32.694,32.553,32.678,111340.97
2026-07-30 01:20:00,32.678,32.706,32.657,32.687,51548.65
2026-07-30 01:25:00,32.687,32.732,32.6,32.605,130603.14
2026-07-30 01:30:00,32.605,32.617,32.535,32.537,3825.35
2026-07-30 01:35:00,32.537,32.598,32.407,32.588,507325.57
2026-07-30 01:40:00,32.588,32.636,32.458,32.618,27058.62
2026-07-30 01:45:00,32.618,32.73,32.505,32.703,110673.28
2026-07-30 01:50:00,32.703,32.744,32.682,32.721,11117.08
2026-07-30 01:55:00,32.721,32.812,32.68,32.749,97041.63
2026-07-30 02:00:00,32.749,32.802,32.728,32.779,19635.89
2026-07-30 02:05:00,32.779,32.857,32.697,32.718,135134.56
2026-07-30 02:10:00,32.718,32.721,32.626,32.655,35751.04
2026-07-30 02:15:00,32.655,32.733,32.646,32.678,21512.47
2026-07-30 02:20:00,32.678,32.682,32.648,32.664,31225.17
2026-07-30 02:25:00,32.664,32.684,32.535,32.581,54262.24
2026-07-30 02:30:00,32.581,32.607,32.571,32.585,95662.94
2026-07-30 02:35:00,32.585,32.659,32.502,32.636,225026.48
2026-07-30 02:40:00,32.636,32.664,32.609,32.613,1799.41
2026-07-30 02:45:00,32.613,32.613,32.574,32.581,10049.06
2026-07-30 02:50:00,32.581,32.612,32.528,32.541,41683.48
2026-07-30 02:55:00,32.541,32.598,32.483,32.52,69331.36
2026-07-30 03:00:00,32.52,32.551,32.397,32.424,5204.06
2026-07-30 03:05:00,32.424,32.451,32.352,32.412,4636.29
2026-07-30 03:10:00,32.412,32.47,32.348,32.448,202581.72
2026-07-30 03:15:00,32.448,32.451,32.368,32.392,158735.76
2026-07-30 03:20:00,32.392,32.404,32.338,32.359,14489.39
2026-07-30 03:25:00,32.359,32.386,32.339,32.34,85365.42
2026-07-30 03:30:00,32.34,32.376,32.33,32.369,73741.59
2026-07-30 03:35:00,32.369,32.424,32.352,32.376,10283.18
2026-07-30 03:40:00,32.376,32.392,32.301,32.319,20343.47
2026-07-30 03:45:00,32.319,32.366,32.317,32.353,12231.8
2026-07-30 03:50:00,32.353,32.409,32.305,32.398,22626.8
2026-07-30 03:55:00,32.398,32.507,32.292,32.478,137142.88
2026-07-30 04:00:00,32.478,32.495,32.447,32.49,73590.85
2026-07-30 04:05:00,32.49,32.53,32.488,32.491,26346.72
2026-07-30 04:10:00,32.491,32.503,32.454,32.482,21852.27
2026-07-30 04:15:00,32.482,32.484,32.406,32.428,56840.63
2026-07-30 04:20:00,32.428,32.451,32.347,32.39,38200.74
2026-07-30 04:25:00,32.39,32.473,32.372,32.456,46796.55
2026-07-30 04:30:00,32.456,32.46,32.447,32.455,16932.59
2026-07-30 04:35:00,32.455,32.509,32.431,32.461,80580.65
2026-07-30 04:40:00,32.461,32.472,32.428,32.442,140228.69
2026-07-30 04:45:00,32.442,32.478,32.365,32.373,28851.51
2026-07-30 04:50:00,32.373,32.455,32.327,32.435,143763.11
2026-07-30 04:55:00,32.435,32.492,32.422,32.471,192970.13
2026-07-30 05:00:00,32.471,32.521,32.454,32.505,137873.38
2026-07-30 05:05:00,32.505,32.62,32.504,32.616,15015.9
2026-07-30 05:10:00,32.616,32.662,32.565,32.596,44882.67
2026-07-30 05:15:00,32.596,32.602,32.54,32.554,51577.84
2026-07-30 05:20:00,32.554,32.554,32.44,32.467,107484.47
2026-07-30 05:25:00,32.467,32.504,32.424,32.462,51084.07
2026-07-30 05:30:00,32.462,32.478,32.39,32.43,122019.9
2026-07-30 05:35:00,32.43,32.446,32.409,32.431,171467.4
2026-07-30 05:40:00,32.431,32.522,32.429,32.46,22941.02
2026-07-30 05:45:00,32.46,32.463,32.395,32.451,15012.68
2026-07-30 05:50:00,32.451,32.505,32.417,32.482,2069.33
2026-07-30 05:55:00,32.482,32.497,32.465,32.472,796.93
2026-07-30 06:00:00,32.472,32.494,32.417,32.426,78898.18
2026-07-30 06:05:00,32.426,32.464,32.381,32.43,12980.53
2026-07-30 06:10:00,32.43,32.525,32.412,32.499,27263.69
2026-07-30 06:15:00,32.499,32.51,32.411,32.431,68476.91
2026-07-30 06:20:00,32.431,32.501,32.43,32.465,69397.67
2026-07-30 06:25:00,32.465,32.536,32.453,32.507,9733.27
2026-07-30 06:30:00,32.507,32.568,32.491,32.537,40586.46
2026-07-30 06:35:00,32.537,32.636,32.51,32.618,8195.21
2026-07-30 06:40:00,32.618,32.637,32.597,32.609,116789.96
2026-07-30 06:45:00,32.609,32.651,32.568,32.622,77180.9
2026-07-30 06:50:00,32.622,32.68,32.617,32.641,3960.22
2026-07-30 06:55:00,32.641,32.678,32.628,32.666,13728.11
2026-07-30 07:00:00,32.666,32.69,32.547,32.586,26255.94
2026-07-30 07:05:00,32.586,32.631,32.549,32.576,3400.34
2026-07-30 07:10:00,32.576,32.578,32.54,32.565,21724.06
2026-07-30 07:15:00,32.565,32.664,32.56,32.638,28288.52
2026-07-30 07:20:00,32.638,32.708,32.621,32.632,29736.16
2026-07-30 07:25:00,32.632,32.674,32.586,32.672,195235.94
2026-07-30 07:30:00,32.672,32.77,32.65,32.741,33314.75
2026-07-30 07:35:00,32.741,32.777,32.701,32.77,35359.67
2026-07-30 07:40:00,32.77,32.853,32.678,32.71,138666.43
2026-07-30 07:45:00,32.71,32.735,32.676,32.688,41169.41
2026-07-30 07:50:00,32.688,32.768,32.653,32.765,79203.91
2026-07-30 07:55:00,32.765,32.812,32.736,32.761,8538.88
2026-07-30 08:00:00,32.761,32.767,32.732,32.747,14240.42
2026-07-30 08:05:00,32.747,32.82,32.741,32.808,2240.8
2026-07-30 08:10:00,32.808,32.895,32.771,32.872,18558.56
2026-07-30 08:15:00,32.872,32.919,32.859,32.862,18654.4
2026-07-30 08:20:00,32.862,32.914,32.853,32.887,13241.99
2026-07-30 08:25:00,32.887,32.921,32.869,32.873,53870.21
2026-07-30 08:30:00,32.873,32.903,32.862,32.863,100669.76
2026-07-30 08:35:00,32.863,32.88,32.822,32.857,57718.15
2026-07-30 08:40:00,32.857,32.914,32.849,32.895,5972.71
2026-07-30 08:45:00,32.895,33.0,32.79,32.813,121698.59
2026-07-30 08:50:00,32.813,32.823,32.774,32.789,69836.34
2026-07-30 08:55:00,32.789,32.813,32.695,32.711,75358.19
2026-07-30 09:00:00,32.711,32.774,32.678,32.691,14815.83
2026-07-30 09:05:00,32.691,32.703,32.608,32.623,18025.48
2026-07-30 09:10:00,32.623,32.666,32.611,32.661,707.8
2026-07-30 09:15:00,32.661,32.684,32.637,32.675,79469.04
2026-07-30 09:20:00,32.675,32.685,32.623,32.653,17314.9
2026-07-30 09:25:00,32.653,32.773,32.558,32.568,67206.12
2026-07-30 09:30:00,32.568,32.623,32.521,32.534,13106.18
2026-07-30 09:35:00,32.534,32.548,32.499,32.5,191255.12
2026-07-30 09:40:00,32.5,32.517,32.437,32.466,15031.08
2026-07-30 09:45:00,32.466,32.47,32.413,32.424,7267.44
2026-07-30 09:50:00,32.424,32.448,32.33,32.351,124360.77
2026-07-30 09:55:00,32.351,32.367,32.271,32.291,16676.74
2026-07-30 10:00:00,32.291,32.335,32.275,32.316,33769.5
2026-07-30 10:05:00,32.316,32.337,32.268,32.324,73812.49
2026-07-30 10:10:00,32.324,32.435,32.19,32.412,544951.55
2026-07-30 10:15:00,32.412,32.458,32.401,32.418,8361.05
2026-07-30 10:20:00,32.418,32.462,32.412,32.461,99589.32
2026-07-30 10:25:00,32.461,32.539,32.432,32.501,42187.67
2026-07-30 10:30:00,32.501,32.549,32.485,32.504,84224.73
2026-07-30 10:35:00,32.504,32.57,32.486,32.542,76243.85
2026-07-30 10:40:00,32.542,32.577,32.496,32.573,23493.23
2026-07-30 10:45:00,32.573,32.667,32.571,32.612,33092.56
2026-07-30 10:50:00,32.612,32.623,32.605,32.621,2847.78
2026-07-30 10:55:00,32.621,32.668,32.595,32.632,87601.99
2026-07-30 11:00:00,32.632,32.776,32.567,32.582,375801.05
2026-07-30 11:05:00,32.582,32.661,32.569,32.627,29944.03
2026-07-30 11:10:00,32.627,32.652,32.592,32.635,19753.68
2026-07-30 11:15:00,32.635,32.669,32.625,32.632,17704.76
2026-07-30 11:20:00,32.632,32.648,32.62,32.621,40977.52
2026-07-30 11:25:00,32.621,32.626,32.59,32.601,21553.64
2026-07-30 11:30:00,32.601,32.65,32.568,32.618,34535.78
2026-07-30 11:35:00,32.618,32.642,32.591,32.627,29179.6
2026-07-30 11:40:00,32.627,32.662,32.595,32.602,183023.21
2026-07-30 11:45:00,32.602,32.618,32.558,32.574,2357.2
2026-07-30 11:50:00,32.574,32.581,32.496,32.526,76701.08
2026-07-30 11:55:00,32.526,32.551,32.513,32.545,20709.68
2026-07-30 12:00:00,32.545,32.579,32.539,32.576,113925.03
2026-07-30 12:05:00,32.576,32.633,32.56,32.622,182316.9
2026-07-30 12:10:00,32.622,32.675,32.614,32.671,55154.56
2026-07-30 12:15:00,32.671,32.71,32.624,32.629,17301.22
2026-07-30 12:20:00,32.629,32.701,32.608,32.67,91107.17
2026-07-30 12:25:00,32.67,32.743,32.605,32.733,12549.71
2026-07-30 12:30:00,32.733,32.749,32.677,32.69,13864.14
2026-07-30 12:35:00,32.69,32.739,32.625,32.637,88960.05
2026-07-30 12:40:00,32.637,32.681,32.631,32.646,69928.05
2026-07-30 12:45:00,32.646,32.694,32.641,32.658,12156.33
2026-07-30 12:50:00,32.658,32.698,32.578,32.613,43002.53
2026-07-30 12:55:00,32.613,32.655,32.587,32.643,12810.05
2026-07-30 13:00:00,32.643,32.696,32.641,32.666,495.85
2026-07-30 13:05:00,32.666,32.688,32.665,32.682,56285.64
2026-07-30 13:10:00,32.682,32.716,32.63,32.694,42209.54
2026-07-30 13:15:00,32.694,32.77,32.683,32.76,40190.13
2026-07-30 13:20:00,32.76,32.826,32.725,32.796,7021.43
2026-07-30 13:25:00,32.796,32.851,32.73,32.74,19622.0
2026-07-30 13:30:00,32.74,32.754,32.722,32.722,41166.61
2026-07-30 13:35:00,32.722,32.756,32.699,32.719,21207.36
2026-07-30 13:40:00,32.719,32.731,32.612,32.661,60647.25
2026-07-30 13:45:00,32.661,32.686,32.64,32.673,5790.77
2026-07-30 13:50:00,32.673,32.713,32.659,32.679,18059.63
2026-07-30 13:55:00,32.679,32.682,32.642,32.653,25998.04
2026-07-30 14:00:00,32.653,32.682,32.623,32.635,10770.45
2026-07-30 14:05:00,32.635,32.696,32.591,32.624,123823.8
2026-07-30 14:10:00,32.624,32.671,32.546,32.587,110596.21
2026-07-30 14:15:00,32.587,32.591,32.528,32.552,71272.3
2026-07-30 14:20:00,32.552,32.564,32.535,32.553,24691.35
2026-07-30 14:25:00,32.553,32.568,32.486,32.52,11195.55
2026-07-30 14:30:00,32.52,32.539,32.462,32.479,57920.39
2026-07-30 14:35:00,32.479,32.48,32.403,32.417,6829.38
2026-07-30 14:40:00,32.417,32.471,32.4,32.427,69003.88
2026-07-30 14:45:00,32.427,32.441,32.414,32.422,46799.61
2026-07-30 14:50:00,32.422,32.562,32.413,32.557,26440.97
2026-07-30 14:55:00,32.557,32.6,32.53,32.563,57549.85
2026-07-30 15:00:00,32.563,32.623,32.524,32.594,4856.4
2026-07-30 15:05:00,32.594,32.656,32.53,32.538,24713.79
2026-07-30 15:10:00,32.538,32.571,32.523,32.534,10098.24
2026-07-30 15:15:00,32.534,32.55,32.526,32.533,42528.16
2026-07-30 15:20:00,32.533,32.535,32.475,32.507,27098.72
2026-07-30 15:25:00,32.507,32.512,32.48,32.509,7267.94
2026-07-30 15:30:00,32.509,32.519,32.454,32.482,44231.89
2026-07-30 15:35:00,32.482,32.511,32.448,32.504,75156.25
2026-07-30 15:40:00,32.504,32.541,32.479,32.489,37363.67
2026-07-30 15:45:00,32.489,32.514,32.478,32.501,7959.28
2026-07-30 15:50:00,32.501,32.522,32.485,32.489,86373.55
2026-07-30 15:55:00,32.489,32.573,32.473,32.542,118134.84
2026-07-30 16:00:00,32.542,32.548,32.517,32.523,20127.78
2026-07-30 16:05:00,32.523,32.542,32.409,32.436,58776.95
2026-07-30 16:10:00,32.436,32.533,32.357,32.507,235181.45
2026-07-30 16:15:00,32.507,32.516,32.476,32.513,17333.11
2026-07-30 16:20:00,32.513,32.534,32.457,32.492,39349.95
2026-07-30 16:25:00,32.492,32.564,32.491,32.532,36004.02
2026-07-30 16:30:00,32.532,32.572,32.492,32.507,108391.7
2026-07-30 16:35:00,32.507,32.53,32.48,32.501,40554.48
2026-07-30 16:40:00,32.501,32.503,32.447,32.478,63453.58
2026-07-30 16:45:00,32.478,32.528,32.469,32.518,171002.98
2026-07-30 16:50:00,32.518,32.567,32.493,32.533,11937.24
2026-07-30 16:55:00,32.533,32.615,32.514,32.605,313.19
2026-07-30 17:00:00,32.605,32.619,32.591,32.613,49107.67
2026-07-30 17:05:00,32.613,32.662,32.595,32.646,9894.79
2026-07-30 17:10:00,32.646,32.724,32.64,32.694,26073.01
2026-07-30 17:15:00,32.694,32.705,32.671,32.692,51220.8
2026-07-30 17:20:00,32.692,32.695,32.653,32.662,110103.74
2026-07-30 17:25:00,32.662,32.713,32.643,32.683,65560.18
2026-07-30 17:30:00,32.683,32.698,32.644,32.648,44567.1
2026-07-30 17:35:00,32.648,32.665,32.541,32.569,7858.1
2026-07-30 17:40:00,32.569,32.571,32.557,32.561,21667.45
2026-07-30 17:45:00,32.561,32.584,32.49,32.53,6628.9
2026-07-30 17:50:00,32.53,32.554,32.519,32.553,130547.72
2026-07-30 17:55:00,32.553,32.568,32.55,32.568,106520.95
2026-07-30 18:00:00,32.568,32.64,32.553,32.636,104678.51
2026-07-30 18:05:00,32.636,32.684,32.615,32.658,16143.2
2026-07-30 18:10:00,32.658,32.675,32.616,32.639,39030.91
2026-07-30 18:15:00,32.639,32.66,32.594,32.659,42489.36
2026-07-30 18:20:00,32.659,32.699,32.657,32.697,46427.73
2026-07-30 18:25:00,32.697,32.706,32.671,32.679,65255.39
2026-07-30 18:30:00,32.679,32.726,32.665,32.718,4309.57
2026-07-30 18:35:00,32.718,32.733,32.68,32.698,2010.94
2026-07-30 18:40:00,32.698,32.713,32.644,32.648,35874.71
2026-07-30 18:45:00,32.648,32.7,32.647,32.69,15665.72
2026-07-30 18:50:00,32.69,32.702,32.641,32.667,9654.21
2026-07-30 18:55:00,32.667,32.75,32.659,32.722,32392.72
2026-07-30 19:00:00,32.722,32.726,32.685,32.694,147610.61
2026-07-30 19:05:00,32.694,32.713,32.648,32.657,38786.16
2026-07-30 19:10:00,32.657,32.682,32.626,32.681,30701.61
2026-07-30 19:15:00,32.681,32.71,32.624,32.643,4015.95
2026-07-30 19:20:00,32.643,32.647,32.574,32.593,129773.18
2026-07-30 19:25:00,32.593,32.596,32.584,32.591,48457.23
2026-07-30 19:30:00,32.591,32.603,32.555,32.573,173410.69
2026-07-30 19:35:00,32.573,32.612,32.538,32.611,35846.83
2026-07-30 19:40:00,32.611,32.618,32.584,32.615,57288.49
2026-07-30 19:45:00,32.615,32.671,32.601,32.632,26179.14
2026-07-30 19:50:00,32.632,32.632,32.592,32.617,64159.37
2026-07-30 19:55:00,32.617,32.647,32.612,32.64,22606.53
2026-07-30 20:00:00,32.64,32.67,32.63,32.646,210814.91
2026-07-30 20:05:00,32.646,32.686,32.633,32.667,71582.43
2026-07-30 20:10:00,32.667,32.678,32.508,32.553,60436.05
2026-07-30 20:15:00,32.553,32.572,32.528,32.531,139.49
2026-07-30 20:20:00,32.531,32.545,32.523,32.533,204523.59
2026-07-30 20:25:00,32.533,32.546,32.469,32.494,35476.96
2026-07-30 20:30:00,32.494,32.596,32.387,32.577,38716.13
2026-07-30 20:35:00,32.577,32.655,32.549,32.615,43254.45
2026-07-30 20:40:00,32.615,32.618,32.569,32.573,63674.33
2026-07-30 20:45:00,32.573,32.587,32.52,32.55,40295.77
2026-07-30 20:50:00,32.55,32.575,32.539,32.542,18905.96
2026-07-30 20:55:00,32.542,32.601,32.525,32.556,24849.82
2026-07-30 21:00:00,32.556,32.58,32.518,32.544,12105.53
2026-07-30 21:05:00,32.544,32.566,32.502,32.523,19263.35
2026-07-30 21:10:00,32.523,32.637,32.484,32.616,44939.89
2026-07-30 21:15:00,32.616,32.661,32.497,32.545,84216.64
2026-07-30 21:20:00,32.545,32.574,32.461,32.497,2745.36
2026-07-30 21:25:00,32.497,32.55,32.492,32.532,56687.89
2026-07-30 21:30:00,32.532,32.541,32.489,32.54,39049.16
2026-07-30 21:35:00,32.54,32.578,32.539,32.571,118966.71
2026-07-30 21:40:00,32.571,32.581,32.524,32.551,8428.35
2026-07-30 21:45:00,32.551,32.615,32.534,32.596,4515.85
2026-07-30 21:50:00,32.596,32.655,32.595,32.625,12361.81
2026-07-30 21:55:00,32.625,32.652,32.597,32.608,8618.91
2026-07-30 22:00:00,32.608,32.636,32.605,32.634,4659.49
2026-07-30 22:05:00,32.634,32.635,32.58,32.598,4361.7
2026-07-30 22:10:00,32.598,32.676,32.579,32.651,22513.01
2026-07-30 22:15:00,32.651,32.668,32.626,32.634,21905.13
2026-07-30 22:20:00,32.634,32.763,32.63,32.742,79218.14
2026-07-30 22:25:00,32.742,32.824,32.733,32.795,15608.44
2026-07-30 22:30:00,32.795,32.796,32.738,32.739,56081.5
2026-07-30 22:35:00,32.739,32.813,32.617,32.642,83555.8
2026-07-30 22:40:00,32.642,32.71,32.62,32.691,84337.82
2026-07-30 22:45:00,32.691,32.696,32.652,32.655,18712.6
2026-07-30 22:50:00,32.655,32.663,32.598,32.637,57022.97
2026-07-30 22:55:00,32.637,32.651,32.588,32.604,18095.23
2026-07-30 23:00:00,32.604,32.609,32.584,32.584,97707.12
2026-07-30 23:05:00,32.584,32.619,32.496,32.52,6464.25
2026-07-30 23:10:00,32.52,32.591,32.456,32.584,27542.86
2026-07-30 23:15:00,32.584,32.625,32.551,32.606,53071.11
2026-07-30 23:20:00,32.606,32.642,32.495,32.543,11564.95
2026-07-30 23:25:00,32.543,32.609,32.508,32.564,43950.76
2026-07-30 23:30:00,32.564,32.62,32.533,32.583,10869.96
2026-07-30 23:35:00,32.583,32.612,32.575,32.581,10326.14
2026-07-30 23:40:00,32.581,32.633,32.547,32.609,73450.0
2026-07-30 23:45:00,32.609,32.635,32.596,32.615,8217.12
2026-07-30 23:50:00,32.615,32.718,32.602,32.675,23029.26
2026-07-30 23:55:00,32.675,32.704,32.602,32.61,69010.24
2026-07-31 00:00:00,32.61,32.619,32.542,32.569,8395.64
2026-07-31 00:05:00,32.569,32.673,32.538,32.622,49843.7
2026-07-31 00:10:00,32.622,32.709,32.622,32.706,29178.02
2026-07-31 00:15:00,32.706,32.726,32.632,32.656,91183.08
2026-07-31 00:20:00,32.656,32.702,32.595,32.631,53017.24
2026-07-31 00:25:00,32.631,32.664,32.611,32.619,41604.31
2026-07-31 00:30:00,32.619,32.634,32.561,32.599,53562.48
2026-07-31 00:35:00,32.599,32.609,32.572,32.581,73398.86
2026-07-31 00:40:00,32.581,32.6,32.546,32.578,135956.47
2026-07-31 00:45:00,32.578,32.625,32.549,32.614,52013.09
2026-07-31 00:50:00,32.614,32.626,32.547,32.571,3176.26
2026-07-31 00:55:00,32.571,32.651,32.515,32.613,98840.09
2026-07-31 01:00:00,32.613,32.615,32.496,32.53,8446.21
2026-07-31 01:05:00,32.53,32.608,32.426,32.576,21586.7
2026-07-31 01:10:00,32.576,32.617,32.549,32.585,48987.5
2026-07-31 01:15:00,32.585,32.613,32.542,32.57,51877.01
2026-07-31 01:20:00,32.57,32.573,32.542,32.546,38455.1
2026-07-31 01:25:00,32.546,32.563,32.539,32.56,61730.98
2026-07-31 01:30:00,32.56,32.561,32.487,32.488,192296.83
2026-07-31 01:35:00,32.488,32.527,32.486,32.524,20030.19
2026-07-31 01:40:00,32.524,32.585,32.516,32.579,79165.78
2026-07-31 01:45:00,32.579,32.623,32.566,32.62,131295.11
2026-07-31 01:50:00,32.62,32.634,32.525,32.566,62931.47
2026-07-31 01:55:00,32.566,32.663,32.564,32.62,61070.17
2026-07-31 02:00:00,32.62,32.638,32.62,32.635,105004.42
2026-07-31 02:05:00,32.635,32.653,32.633,32.645,19162.12
2026-07-31 02:10:00,32.645,32.667,32.64,32.666,2146.52
2026-07-31 02:15:00,32.666,32.668,32.602,32.623,131958.4
2026-07-31 02:20:00,32.623,32.657,32.546,32.558,10349.59
2026-07-31 02:25:00,32.558,32.599,32.464,32.495,106711.55
2026-07-31 02:30:00,32.495,32.563,32.359,32.544,128573.19
2026-07-31 02:35:00,32.544,32.639,32.438,32.626,224613.71
2026-07-31 02:40:00,32.626,32.668,32.571,32.66,130441.29
2026-07-31 02:45:00,32.66,32.744,32.617,32.74,70279.21
2026-07-31 02:50:00,32.74,32.793,32.683,32.702,161973.33
2026-07-31 02:55:00,32.702,32.712,32.667,32.677,28664.71
2026-07-31 03:00:00,32.677,32.72,32.63,32.686,37834.56
2026-07-31 03:05:00,32.686,32.697,32.654,32.672,48261.75
2026-07-31 03:10:00,32.672,32.703,32.621,32.646,3148.99
2026-07-31 03:15:00,32.646,32.687,32.625,32.679,10414.5
2026-07-31 03:20:00,32.679,32.759,32.672,32.749,99273.69
2026-07-31 03:25:00,32.749,32.753,32.743,32.752,29882.82
2026-07-31 03:30:00,32.752,32.866,32.746,32.824,54839.49
2026-07-31 03:35:00,32.824,32.867,32.776,32.807,40150.29
2026-07-31 03:40:00,32.807,32.893,32.787,32.871,5999.5
2026-07-31 03:45:00,32.871,32.934,32.863,32.906,23016.33
2026-07-31 03:50:00,32.906,32.927,32.877,32.891,8757.69
2026-07-31 03:55:00,32.891,32.909,32.786,32.812,46135.28
2026-07-31 04:00:00,32.812,32.856,32.799,32.822,77967.68
2026-07-31 04:05:00,32.822,32.823,32.736,32.775,140896.23
2026-07-31 04:10:00,32.775,32.843,32.737,32.809,53995.16
2026-07-31 04:15:00,32.809,32.842,32.727,32.739,31224.11
2026-07-31 04:20:00,32.739,32.792,32.686,32.702,116227.35
2026-07-31 04:25:00,32.702,32.839,32.588,32.607,140212.46
2026-07-31 04:30:00,32.607,32.61,32.568,32.609,3689.69
2026-07-31 04:35:00,32.609,32.622,32.572,32.58,122499.35
2026-07-31 04:40:00,32.58,32.667,32.562,32.646,147876.49
2026-07-31 04:45:00,32.646,32.74,32.628,32.707,75419.0
2026-07-31 04:50:00,32.707,32.711,32.666,32.688,118931.49
2026-07-31 04:55:00,32.688,32.791,32.587,32.604,480124.91
2026-07-31 05:00:00,32.604,32.657,32.582,32.619,19136.9
2026-07-31 05:05:00,32.619,32.645,32.592,32.621,43086.97
2026-07-31 05:10:00,32.621,32.643,32.582,32.588,90932.3
2026-07-31 05:15:00,32.588,32.622,32.555,32.599,31343.69
2026-07-31 05:20:00,32.599,32.697,32.599,32.689,78260.49
2026-07-31 05:25:00,32.689,32.701,32.623,32.655,77038.37
2026-07-31 05:30:00,32.655,32.683,32.606,32.607,48688.06
2026-07-31 05:35:00,32.607,32.632,32.598,32.616,64735.74
2026-07-31 05:40:00,32.616,32.642,32.614,32.629,19808.76
2026-07-31 05:45:00,32.629,32.641,32.6,32.619,70212.29
2026-07-31 05:50:00,32.619,32.646,32.601,32.614,9191.37
2026-07-31 05:55:00,32.614,32.648,32.591,32.637,79589.47
2026-07-31 06:00:00,32.637,32.643,32.609,32.64,100066.99
2026-07-31 06:05:00,32.64,32.733,32.621,32.689,35115.96
2026-07-31 06:10:00,32.689,32.707,32.651,32.657,134175.19
2026-07-31 06:15:00,32.657,32.678,32.609,32.676,64762.17
2026-07-31 06:20:00,32.676,32.712,32.664,32.681,63702.78
2026-07-31 06:25:00,32.681,32.747,32.564,32.625,33337.03
2026-07-31 06:30:00,32.625,32.626,32.596,32.602,29801.64
2026-07-31 06:35:00,32.602,32.63,32.567,32.616,49876.14
2026-07-31 06:40:00,32.616,32.645,32.612,32.635,100916.78
2026-07-31 06:45:00,32.635,32.685,32.624,32.685,20177.81
2026-07-31 06:50:00,32.685,32.739,32.654,32.71,84964.12
2026-07-31 06:55:00,32.71,32.828,32.643,32.672,95015.94
2026-07-31 07:00:00,32.672,32.683,32.641,32.679,5434.59
2026-07-31 07:05:00,32.679,32.685,32.651,32.661,58440.87
2026-07-31 07:10:00,32.661,32.707,32.566,32.62,110308.11
2026-07-31 07:15:00,32.62,32.638,32.603,32.615,15556.54
2026-07-31 07:20:00,32.615,32.619,32.595,32.616,23010.17
2026-07-31 07:25:00,32.616,32.664,32.609,32.639,73622.82
2026-07-31 07:30:00,32.639,32.693,32.636,32.671,28195.47
2026-07-31 07:35:00,32.671,32.701,32.646,32.653,201719.56
2026-07-31 07:40:00,32.653,32.699,32.64,32.652,76670.58
2026-07-31 07:45:00,32.652,32.695,32.628,32.688,23299.62
2026-07-31 07:50:00,32.688,32.715,32.657,32.69,28915.55
2026-07-31 07:55:00,32.69,32.715,32.652,32.666,146042.93
2026-07-31 08:00:00,32.666,32.671,32.614,32.658,1670.2
2026-07-31 08:05:00,32.658,32.699,32.621,32.691,35122.51
2026-07-31 08:10:00,32.691,32.712,32.659,32.674,15588.82
2026-07-31 08:15:00,32.674,32.688,32.598,32.625,146746.12
2026-07-31 08:20:00,32.625,32.675,32.585,32.598,6982.35
2026-07-31 08:25:00,32.598,32.671,32.507,32.654,354985.0
2026-07-31 08:30:00,32.654,32.67,32.631,32.657,31812.38
2026-07-31 08:35:00,32.657,32.71,32.653,32.692,18094.61
2026-07-31 08:40:00,32.692,32.7,32.692,32.694,88306.5
2026-07-31 08:45:00,32.694,32.726,32.654,32.661,56657.02
2026-07-31 08:50:00,32.661,32.686,32.528,32.583,18064.29
2026-07-31 08:55:00,32.583,32.609,32.573,32.586,7554.9
2026-07-31 09:00:00,32.586,32.698,32.456,32.68,206495.19
2026-07-31 09:05:00,32.68,32.697,32.676,32.686,104849.63
2026-07-31 09:10:00,32.686,32.731,32.655,32.707,152566.34
2026-07-31 09:15:00,32.707,32.716,32.662,32.708,32781.1
2026-07-31 09:20:00,32.708,32.719,32.639,32.664,89568.99
2026-07-31 09:25:00,32.664,32.668,32.594,32.622,65776.0
2026-07-31 09:30:00,32.622,32.65,32.62,32.635,22913.08
2026-07-31 09:35:00,32.635,32.65,32.605,32.642,77011.09
2026-07-31 09:40:00,32.642,32.755,32.578,32.735,170141.56
2026-07-31 09:45:00,32.735,32.791,32.732,32.785,108157.33
2026-07-31 09:50:00,32.785,32.81,32.774,32.786,36611.89
2026-07-31 09:55:00,32.786,32.79,32.771,32.789,46040.21
2026-07-31 10:00:00,32.789,32.807,32.778,32.787,700.0
2026-07-31 10:05:00,32.787,32.837,32.768,32.773,10425.53
2026-07-31 10:10:00,32.773,32.809,32.734,32.79,8895.89
2026-07-31 10:15:00,32.79,32.811,32.692,32.747,20607.39
2026-07-31 10:20:00,32.747,32.821,32.737,32.771,19479.97
2026-07-31 10:25:00,32.771,32.819,32.758,32.802,24307.79
2026-07-31 10:30:00,32.802,32.865,32.75,32.859,7278.33
2026-07-31 10:35:00,32.859,32.985,32.791,32.803,3954.33
2026-07-31 10:40:00,32.803,32.807,32.776,32.792,63505.66
2026-07-31 10:45:00,32.792,32.831,32.742,32.784,78871.04
2026-07-31 10:50:00,32.784,32.791,32.671,32.716,27136.49
2026-07-31 10:55:00,32.716,32.718,32.673,32.69,105175.07
2026-07-31 11:00:00,32.69,32.706,32.605,32.62,46363.13
2026-07-31 11:05:00,32.62,32.636,32.589,32.607,8790.97
2026-07-31 11:10:00,32.607,32.676,32.477,32.657,81311.53
2026-07-31 11:15:00,32.657,32.674,32.653,32.655,35405.93
2026-07-31 11:20:00,32.655,32.671,32.585,32.588,81480.28
2026-07-31 11:25:00,32.588,32.607,32.562,32.59,41383.67
2026-07-31 11:30:00,32.59,32.664,32.549,32.642,75213.18
2026-07-31 11:35:00,32.642,32.655,32.586,32.605,42641.48
2026-07-31 11:40:00,32.605,32.608,32.551,32.553,23766.88
2026-07-31 11:45:00,32.553,32.564,32.527,32.546,43744.53
2026-07-31 11:50:00,32.546,32.552,32.489,32.509,79691.07
2026-07-31 11:55:00,32.509,32.556,32.449,32.546,88324.14
2026-07-31 12:00:00,32.546,32.637,32.538,32.598,20761.68
2026-07-31 12:05:00,32.598,32.603,32.553,32.56,40056.12
2026-07-31 12:10:00,32.56,32.608,32.497,32.598,191070.24
2026-07-31 12:15:00,32.598,32.612,32.575,32.585,122503.39
2026-07-31 12:20:00,32.585,32.652,32.567,32.633,48880.55
2026-07-31 12:25:00,32.633,32.648,32.58,32.599,30382.7
2026-07-31 12:30:00,32.599,32.651,32.571,32.622,36106.8
2026-07-31 12:35:00,32.622,32.635,32.546,32.555,13695.84
2026-07-31 12:40:00,32.555,32.628,32.418,32.615,110978.46
2026-07-31 12:45:00,32.615,32.619,32.573,32.577,33322.08
2026-07-31 12:50:00,32.577,32.621,32.562,32.584,70781.75
2026-07-31 12:55:00,32.584,32.617,32.552,32.568,52008.79
2026-07-31 13:00:00,32.568,32.643,32.46,32.618,328721.83
2026-07-31 13:05:00,32.618,32.67,32.606,32.641,40532.65
2026-07-31 13:10:00,32.641,32.66,32.551,32.584,17810.98
2026-07-31 13:15:00,32.584,32.594,32.542,32.582,41051.56
2026-07-31 13:20:00,32.582,32.606,32.565,32.575,38211.44
2026-07-31 13:25:00,32.575,32.602,32.542,32.588,52966.79
2026-07-31 13:30:00,32.588,32.654,32.579,32.616,15120.07
2026-07-31 13:35:00,32.616,32.726,32.491,32.709,330478.53
2026-07-31 13:40:00,32.709,32.755,32.68,32.717,8373.54
2026-07-31 13:45:00,32.717,32.753,32.611,32.662,33699.37
2026-07-31 13:50:00,32.662,32.679,32.657,32.675,29804.19
2026-07-31 13:55:00,32.675,32.732,32.616,32.636,36996.64
2026-07-31 14:00:00,32.636,32.651,32.599,32.608,5637.21
2026-07-31 14:05:00,32.608,32.632,32.588,32.616,89765.05
2026-07-31 14:10:00,32.616,32.642,32.548,32.599,10730.63
2026-07-31 14:15:00,32.599,32.621,32.591,32.605,45450.66
2026-07-31 14:20:00,32.605,32.646,32.582,32.637,25969.53
2026-07-31 14:25:00,32.637,32.656,32.554,32.562,122909.2
2026-07-31 14:30:00,32.562,32.624,32.554,32.582,1398.43
2026-07-31 14:35:00,32.582,32.633,32.511,32.611,127332.71
2026-07-31 14:40:00,32.611,32.635,32.567,32.572,16039.85
2026-07-31 14:45:00,32.572,32.595,32.487,32.517,30624.22
2026-07-31 14:50:00,32.517,32.545,32.477,32.543,41310.87
2026-07-31 14:55:00,32.543,32.589,32.482,32.57,338794.87
2026-07-31 15:00:00,32.57,32.652,32.468,32.627,150532.92
2026-07-31 15:05:00,32.627,32.639,32.574,32.592,55147.92
2026-07-31 15:10:00,32.592,32.63,32.567,32.579,12728.69
2026-07-31 15:15:00,32.579,32.634,32.559,32.589,19588.62
2026-07-31 15:20:00,32.589,32.619,32.552,32.555,38728.61
2026-07-31 15:25:00,32.555,32.601,32.529,32.586,34850.83
2026-07-31 15:30:00,32.586,32.596,32.532,32.558,159929.98
2026-07-31 15:35:00,32.558,32.566,32.487,32.534,4870.29
2026-07-31 15:40:00,32.534,32.625,32.465,32.606,530403.44
2026-07-31 15:45:00,32.606,32.655,32.576,32.654,154893.22
2026-07-31 15:50:00,32.654,32.678,32.65,32.661,30427.68
2026-07-31 15:55:00,32.661,32.673,32.605,32.62,24343.55
2026-07-31 16:00:00,32.62,32.659,32.614,32.635,72155.82
2026-07-31 16:05:00,32.635,32.677,32.598,32.661,66500.32
2026-07-31 16:10:00,32.661,32.758,32.611,32.635,114592.6
2026-07-31 16:15:00,32.635,32.654,32.586,32.613,77009.5
2026-07-31 16:20:00,32.613,32.663,32.611,32.658,99995.58
2026-07-31 16:25:00,32.658,32.786,32.563,32.587,816119.86
2026-07-31 16:30:00,32.587,32.638,32.552,32.584,60195.28
2026-07-31 16:35:00,32.584,32.595,32.545,32.548,8540.03
2026-07-31 16:40:00,32.548,32.641,32.544,32.609,4347.59
2026-07-31 16:45:00,32.609,32.628,32.586,32.596,35231.03
2026-07-31 16:50:00,32.596,32.641,32.567,32.614,138595.27
2026-07-31 16:55:00,32.614,32.623,32.606,32.621,19473.99
2026-07-31 17:00:00,32.621,32.678,32.591,32.655,125869.17
2026-07-31 17:05:00,32.655,32.712,32.597,32.619,123623.76
2026-07-31 17:10:00,32.619,32.636,32.596,32.636,4148.55
2026-07-31 17:15:00,32.636,32.759,32.625,32.72,51132.22
2026-07-31 17:20:00,32.72,32.838,32.712,32.794,35800.82
2026-07-31 17:25:00,32.794,32.858,32.754,32.766,262917.7
2026-07-31 17:30:00,32.766,32.861,32.702,32.733,171522.7
2026-07-31 17:35:00,32.733,32.808,32.657,32.689,556342.43
2026-07-31 17:40:00,32.689,32.776,32.594,32.617,36577.24
2026-07-31 17:45:00,32.617,32.622,32.582,32.594,26313.69
2026-07-31 17:50:00,32.594,32.615,32.533,32.55,49555.17
2026-07-31 17:55:00,32.55,32.565,32.536,32.558,28612.97
2026-07-31 18:00:00,32.558,32.597,32.448,32.584,119026.09
2026-07-31 18:05:00,32.584,32.586,32.574,32.574,1069.07
2026-07-31 18:10:00,32.574,32.577,32.504,32.549,134059.9
2026-07-31 18:15:00,32.549,32.555,32.521,32.522,405943.99
2026-07-31 18:20:00,32.522,32.533,32.46,32.519,68673.0
2026-07-31 18:25:00,32.519,32.606,32.508,32.596,65502.45
2026-07-31 18:30:00,32.596,32.601,32.55,32.553,37341.9
2026-07-31 18:35:00,32.553,32.607,32.486,32.581,111706.26
2026-07-31 18:40:00,32.581,32.592,32.551,32.561,198529.86
2026-07-31 18:45:00,32.561,32.686,32.444,32.654,456989.39
2026-07-31 18:50:00,32.654,32.711,32.63,32.703,7948.64
2026-07-31 18:55:00,32.703,32.823,32.653,32.668,29469.15
2026-07-31 19:00:00,32.668,32.692,32.638,32.656,6383.44
2026-07-31 19:05:00,32.656,32.688,32.619,32.622,9907.82
2026-07-31 19:10:00,32.622,32.626,32.525,32.538,24840.33
2026-07-31 19:15:00,32.538,32.619,32.454,32.599,225047.68
2026-07-31 19:20:00,32.599,32.646,32.593,32.616,55209.38
2026-07-31 19:25:00,32.616,32.648,32.615,32.618,421.11
2026-07-31 19:30:00,32.618,32.644,32.594,32.639,11719.66
2026-07-31 19:35:00,32.639,32.671,32.616,32.638,4256.03
2026-07-31 19:40:00,32.638,32.656,32.605,32.625,34920.12
2026-07-31 19:45:00,32.625,32.644,32.558,32.572,16509.66
2026-07-31 19:50:00,32.572,32.636,32.539,32.605,17273.19
2026-07-31 19:55:00,32.605,32.648,32.599,32.647,22142.77
2026-07-31 20:00:00,32.647,32.664,32.618,32.641,48478.51
2026-07-31 20:05:00,32.641,32.659,32.623,32.641,85273.99
2026-07-31 20:10:00,32.641,32.666,32.614,32.632,80559.06
2026-07-31 20:15:00,32.632,32.824,32.625,32.786,56649.3
2026-07-31 20:20:00,32.786,32.899,32.719,32.73,133298.5
2026-07-31 20:25:00,32.73,32.796,32.728,32.767,3670.2
2026-07-31 20:30:00,32.767,32.845,32.712,32.726,717.68
2026-07-31 20:35:00,32.726,32.746,32.684,32.73,66611.89
2026-07-31 20:40:00,32.73,32.843,32.651,32.665,249755.63
2026-07-31 20:45:00,32.665,32.683,32.652,32.674,4009.58
2026-07-31 20:50:00,32.674,32.693,32.621,32.634,39569.95
2026-07-31 20:55:00,32.634,32.645,32.543,32.579,29199.89
2026-07-31 21:00:00,32.579,32.624,32.487,32.612,740605.25
2026-07-31 21:05:00,32.612,32.638,32.592,32.607,79494.18
2026-07-31 21:10:00,32.607,32.653,32.594,32.64,44547.13
2026-07-31 21:15:00,32.64,32.669,32.637,32.663,55738.38
2026-07-31 21:20:00,32.663,32.693,32.64,32.653,39610.56
2026-07-31 21:25:00,32.653,32.675,32.571,32.598,14567.4
2026-07-31 21:30:00,32.598,32.617,32.513,32.55,56291.58
2026-07-31 21:35:00,32.55,32.583,32.532,32.549,119570.47
2026-07-31 21:40:00,32.549,32.578,32.515,32.548,68589.17
2026-07-31 21:45:00,32.548,32.549,32.504,32.517,26759.36
2026-07-31 21:50:00,32.517,32.564,32.502,32.563,63513.44
2026-07-31 21:55:00,32.563,32.571,32.498,32.526,97084.25
2026-07-31 22:00:00,32.526,32.553,32.485,32.501,82685.23
2026-07-31 22:05:00,32.501,32.548,32.494,32.518,71898.46
2026-07-31 22:10:00,32.518,32.592,32.515,32.577,70203.3
2026-07-31 22:15:00,32.577,32.676,32.514,32.664,40792.62
2026-07-31 22:20:00,32.664,32.665,32.649,32.656,85776.42
2026-07-31 22:25:00,32.656,32.675,32.605,32.631,23764.22
2026-07-31 22:30:00,32.631,32.64,32.619,32.626,49092.6
2026-07-31 22:35:00,32.626,32.631,32.547,32.577,3161.32
2026-07-31 22:40:00,32.577,32.683,32.509,32.665,9600.99
2026-07-31 22:45:00,32.665,32.71,32.662,32.709,51731.02
2026-07-31 22:50:00,32.709,32.781,32.707,32.776,53748.51
2026-07-31 22:55:00,32.776,32.869,32.739,32.839,61037.93
2026-07-31 23:00:00,32.839,32.896,32.778,32.801,126569.26
2026-07-31 23:05:00,32.801,32.822,32.753,32.778,30022.55
2026-07-31 23:10:00,32.778,32.828,32.71,32.74,866815.2
2026-07-31 23:15:00,32.74,32.762,32.714,32.726,27895.99
2026-07-31 23:20:00,32.726,32.796,32.714,32.759,25384.11
2026-07-31 23:25:00,32.759,32.825,32.657,32.687,140020.29
2026-07-31 23:30:00,32.687,32.719,32.631,32.705,26882.3
2026-07-31 23:35:00,32.705,32.721,32.679,32.701,15815.58
2026-07-31 23:40:00,32.701,32.708,32.68,32.701,714.38
2026-07-31 23:45:00,32.701,32.726,32.65,32.721,5518.2
2026-07-31 23:50:00,32.721,32.771,32.713,32.759,42628.51
2026-07-31 23:55:00,32.759,32.843,32.752,32.83,16392.91
2026-08-01 00:00:00,32.83,32.833,32.713,32.729,23579.12
2026-08-01 00:05:00,32.729,32.747,32.671,32.705,129077.97
2026-08-01 00:10:00,32.705,32.76,32.687,32.742,27781.5
2026-08-01 00:15:00,32.742,32.8,32.727,32.776,101925.6
2026-08-01 00:20:00,32.776,32.85,32.742,32.826,93510.94
2026-08-01 00:25:00,32.826,32.886,32.698,32.729,477960.63
2026-08-01 00:30:00,32.729,32.744,32.662,32.677,68113.66
2026-08-01 00:35:00,32.677,32.681,32.63,32.656,46169.1
2026-08-01 00:40:00,32.656,32.697,32.652,32.679,6080.54
2026-08-01 00:45:00,32.679,32.784,32.669,32.736,25730.44
2026-08-01 00:50:00,32.736,32.824,32.717,32.82,18191.64
2026-08-01 00:55:00,32.82,32.909,32.698,32.722,93156.85
2026-08-01 01:00:00,32.722,32.749,32.684,32.707,19624.43
2026-08-01 01:05:00,32.707,32.732,32.639,32.66,229464.95
2026-08-01 01:10:00,32.66,32.687,32.64,32.683,155271.67
2026-08-01 01:15:00,32.683,32.705,32.674,32.68,6812.71
2026-08-01 01:20:00,32.68,32.691,32.678,32.686,38184.49
2026-08-01 01:25:00,32.686,32.7,32.678,32.687,13161.44
2026-08-01 01:30:00,32.687,32.688,32.645,32.667,97114.47
2026-08-01 01:35:00,32.667,32.735,32.659,32.71,28046.5
2026-08-01 01:40:00,32.71,32.745,32.676,32.722,32327.93
2026-08-01 01:45:00,32.722,32.826,32.706,32.763,46335.62
2026-08-01 01:50:00,32.763,32.763,32.698,32.718,89853.33
2026-08-01 01:55:00,32.718,32.771,32.698,32.747,79155.46
2026-08-01 02:00:00,32.747,32.786,32.741,32.746,196726.91
2026-08-01 02:05:00,32.746,32.834,32.73,32.794,1955.43
2026-08-01 02:10:00,32.794,32.92,32.722,32.734,15991.04
2026-08-01 02:15:00,32.734,32.738,32.649,32.675,23068.53
2026-08-01 02:20:00,32.675,32.692,32.644,32.664,897.92
2026-08-01 02:25:00,32.664,32.69,32.57,32.607,80956.24
2026-08-01 02:30:00,32.607,32.653,32.58,32.604,146410.29
2026-08-01 02:35:00,32.604,32.621,32.593,32.615,15750.26
2026-08-01 02:40:00,32.615,32.71,32.587,32.692,55387.07
2026-08-01 02:45:00,32.692,32.779,32.685,32.774,201601.68
2026-08-01 02:50:00,32.774,32.785,32.697,32.698,53753.78
2026-08-01 02:55:00,32.698,32.721,32.696,32.706,34052.15
2026-08-01 03:00:00,32.706,32.709,32.671,32.702,1679.4
2026-08-01 03:05:00,32.702,32.718,32.646,32.66,78552.67
2026-08-01 03:10:00,32.66,32.706,32.641,32.701,75537.29
2026-08-01 03:15:00,32.701,32.755,32.693,32.743,12256.25
2026-08-01 03:20:00,32.743,32.839,32.738,32.827,14342.73
2026-08-01 03:25:00,32.827,32.863,32.761,32.797,115321.3
2026-08-01 03:30:00,32.797,32.817,32.749,32.762,119694.9
2026-08-01 03:35:00,32.762,32.821,32.731,32.796,73258.99
2026-08-01 03:40:00,32.796,32.869,32.699,32.718,202651.1
2026-08-01 03:45:00,32.718,32.75,32.686,32.746,36287.73
2026-08-01 03:50:00,32.746,32.773,32.734,32.765,96574.16
2026-08-01 03:55:00,32.765,32.825,32.753,32.787,38842.57
2026-08-01 04:00:00,32.787,32.839,32.701,32.732,164088.15
2026-08-01 04:05:00,32.732,32.735,32.67,32.68,57264.15
2026-08-01 04:10:00,32.68,32.706,32.668,32.683,18615.15
2026-08-01 04:15:00,32.683,32.742,32.64,32.734,26928.88
2026-08-01 04:20:00,32.734,32.835,32.722,32.793,108532.97
2026-08-01 04:25:00,32.793,32.893,32.719,32.734,134369.36
2026-08-01 04:30:00,32.734,32.737,32.66,32.664,7668.9
2026-08-01 04:35:00,32.664,32.701,32.661,32.692,131379.94
2026-08-01 04:40:00,32.692,32.741,32.67,32.702,81563.09
2026-08-01 04:45:00,32.702,32.724,32.654,32.669,9548.53
2026-08-01 04:50:00,32.669,32.677,32.649,32.676,3556.02
2026-08-01 04:55:00,32.676,32.708,32.666,32.679,58489.05
2026-08-01 05:00:00,32.679,32.763,32.656,32.721,129887.93
2026-08-01 05:05:00,32.721,32.843,32.709,32.786,13491.59
2026-08-01 05:10:00,32.786,32.804,32.767,32.799,26440.74
2026-08-01 05:15:00,32.799,32.87,32.796,32.832,7451.91
2026-08-01 05:20:00,32.832,32.835,32.825,32.831,12663.39
2026-08-01 05:25:00,32.831,32.869,32.827,32.852,42191.89
2026-08-01 05:30:00,32.852,32.943,32.765,32.783,268491.53
2026-08-01 05:35:00,32.783,32.89,32.783,32.848,2024.73
2026-08-01 05:40:00,32.848,32.919,32.751,32.769,816750.53
2026-08-01 05:45:00,32.769,32.788,32.764,32.785,31971.09
2026-08-01 05:50:00,32.785,32.819,32.782,32.805,11042.45
2026-08-01 05:55:00,32.805,32.948,32.741,32.757,314152.32
2026-08-01 06:00:00,32.757,32.86,32.749,32.814,7623.83
2026-08-01 06:05:00,32.814,32.878,32.735,32.765,167387.18
2026-08-01 06:10:00,32.765,32.829,32.735,32.805,194862.37
2026-08-01 06:15:00,32.805,32.895,32.712,32.725,262563.89
2026-08-01 06:20:00,32.725,32.749,32.694,32.699,14921.61
2026-08-01 06:25:00,32.699,32.71,32.631,32.646,40448.95
2026-08-01 06:30:00,32.646,32.704,32.635,32.681,130186.0
2026-08-01 06:35:00,32.681,32.685,32.635,32.642,17836.56
2026-08-01 06:40:00,32.642,32.753,32.546,32.728,97656.65
2026-08-01 06:45:00,32.728,32.745,32.65,32.667,69695.48
2026-08-01 06:50:00,32.667,32.68,32.645,32.655,13106.35
2026-08-01 06:55:00,32.655,32.677,32.624,32.653,7785.85
2026-08-01 07:00:00,32.653,32.672,32.628,32.665,864.22
2026-08-01 07:05:00,32.665,32.685,32.646,32.679,110209.43
2026-08-01 07:10:00,32.679,32.696,32.66,32.681,55194.59
2026-08-01 07:15:00,32.681,32.709,32.663,32.697,87869.13
2026-08-01 07:20:00,32.697,32.715,32.596,32.627,5190.39
2026-08-01 07:25:00,32.627,32.63,32.595,32.63,31956.46
2026-08-01 07:30:00,32.63,32.634,32.587,32.612,13695.05
2026-08-01 07:35:00,32.612,32.616,32.586,32.593,3143.11
2026-08-01 07:40:00,32.593,32.634,32.583,32.621,28852.66
2026-08-01 07:45:00,32.621,32.696,32.588,32.66,1702.88
2026-08-01 07:50:00,32.66,32.678,32.638,32.673,1014.82
2026-08-01 07:55:00,32.673,32.76,32.638,32.731,11097.36
2026-08-01 08:00:00,32.731,32.741,32.673,32.705,29223.74
2026-08-01 08:05:00,32.705,32.747,32.703,32.73,33540.66
2026-08-01 08:10:00,32.73,32.786,32.717,32.764,33224.2
2026-08-01 08:15:00,32.764,32.773,32.739,32.773,487.75
2026-08-01 08:20:00,32.773,32.794,32.762,32.793,90356.02
2026-08-01 08:25:00,32.793,32.808,32.704,32.735,168284.92
2026-08-01 08:30:00,32.735,32.752,32.72,32.722,133187.71
2026-08-01 08:35:00,32.722,32.82,32.698,32.811,8306.83
2026-08-01 08:40:00,32.811,32.837,32.779,32.82,19666.67
2026-08-01 08:45:00,32.82,32.878,32.786,32.867,3370.2
2026-08-01 08:50:00,32.867,32.932,32.83,32.906,116990.88
2026-08-01 08:55:00,32.906,32.947,32.899,32.927,102471.31
2026-08-01 09:00:00,32.927,32.974,32.925,32.946,1705.38
2026-08-01 09:05:00,32.946,32.979,32.921,32.975,88058.58
2026-08-01 09:10:00,32.975,33.012,32.939,32.955,5417.11
2026-08-01 09:15:00,32.955,33.017,32.912,32.928,317188.93
2026-08-01 09:20:00,32.928,33.024,32.829,32.85,393082.39
2026-08-01 09:25:00,32.85,32.861,32.787,32.829,60863.99
2026-08-01 09:30:00,32.829,32.854,32.811,32.84,48634.5
2026-08-01 09:35:00,32.84,32.852,32.817,32.839,50934.41
2026-08-01 09:40:00,32.839,32.985,32.736,32.758,281654.45
2026-08-01 09:45:00,32.758,32.787,32.753,32.781,22225.36
2026-08-01 09:50:00,32.781,32.801,32.729,32.744,27321.83
2026-08-01 09:55:00,32.744,32.79,32.726,32.758,29132.38
2026-08-01 10:00:00,32.758,32.792,32.718,32.728,11348.09
2026-08-01 10:05:00,32.728,32.775,32.702,32.775,33311.45
2026-08-01 10:10:00,32.775,32.803,32.734,32.793,20072.37
2026-08-01 10:15:00,32.793,32.881,32.744,32.755,104531.02
2026-08-01 10:20:00,32.755,32.8,32.716,32.764,15506.5
2026-08-01 10:25:00,32.764,32.785,32.763,32.769,44074.87
2026-08-01 10:30:00,32.769,32.829,32.753,32.788,37493.99
2026-08-01 10:35:00,32.788,32.88,32.725,32.755,78051.95
2026-08-01 10:40:00,32.755,32.763,32.692,32.742,28486.26
2026-08-01 10:45:00,32.742,32.813,32.723,32.796,5551.43
2026-08-01 10:50:00,32.796,32.824,32.786,32.809,1511.52
2026-08-01 10:55:00,32.809,32.915,32.712,32.729,331210.48
2026-08-01 11:00:00,32.729,32.784,32.726,32.745,17812.06
2026-08-01 11:05:00,32.745,32.834,32.721,32.831,7782.2
2026-08-01 11:10:00,32.831,32.894,32.742,32.752,154777.18
2026-08-01 11:15:00,32.752,32.783,32.72,32.722,51987.11
2026-08-01 11:20:00,32.722,32.749,32.701,32.708,67771.47
2026-08-01 11:25:00,32.708,32.71,32.664,32.696,43744.1
2026-08-01 11:30:00,32.696,32.7,32.658,32.666,1505.53
2026-08-01 11:35:00,32.666,32.698,32.644,32.661,9941.65
2026-08-01 11:40:00,32.661,32.696,32.646,32.686,133798.21
2026-08-01 11:45:00,32.686,32.705,32.615,32.628,27725.89
2026-08-01 11:50:00,32.628,32.716,32.51,32.688,127490.95
2026-08-01 11:55:00,32.688,32.742,32.656,32.705,53878.95
2026-08-01 12:00:00,32.705,32.731,32.666,32.72,448.77
2026-08-01 12:05:00,32.72,32.724,32.631,32.649,58011.32
2026-08-01 12:10:00,32.649,32.723,32.585,32.689,53986.35
2026-08-01 12:15:00,32.689,32.705,32.646,32.665,197628.89
2026-08-01 12:20:00,32.665,32.707,32.616,32.643,830.56
2026-08-01 12:25:00,32.643,32.656,32.583,32.599,14363.25
2026-08-01 12:30:00,32.599,32.642,32.573,32.608,2806.37
2026-08-01 12:35:00,32.608,32.665,32.49,32.652,213794.31
2026-08-01 12:40:00,32.652,32.697,32.643,32.676,40993.81
2026-08-01 12:45:00,32.676,32.715,32.634,32.653,38749.98
2026-08-01 12:50:00,32.653,32.672,32.579,32.643,44083.07
2026-08-01 12:55:00,32.643,32.704,32.513,32.69,20109.11
2026-08-01 13:00:00,32.69,32.708,32.65,32.673,8826.76
2026-08-01 13:05:00,32.673,32.74,32.634,32.722,184921.01
2026-08-01 13:10:00,32.722,32.737,32.712,32.736,26301.46
2026-08-01 13:15:00,32.736,32.768,32.707,32.727,204989.28
2026-08-01 13:20:00,32.727,32.763,32.701,32.725,30063.87
2026-08-01 13:25:00,32.725,32.799,32.692,32.747,37009.68
2026-08-01 13:30:00,32.747,32.75,32.715,32.727,1516.73
2026-08-01 13:35:00,32.727,32.789,32.7,32.719,78819.54
2026-08-01 13:40:00,32.719,32.752,32.609,32.659,44157.55
2026-08-01 13:45:00,32.659,32.672,32.579,32.621,35184.82
2026-08-01 13:50:00,32.621,32.671,32.616,32.669,1470.8
2026-08-01 13:55:00,32.669,32.784,32.655,32.742,19306.35
2026-08-01 14:00:00,32.742,32.76,32.728,32.752,10648.3
2026-08-01 14:05:00,32.752,32.793,32.729,32.731,6604.44
2026-08-01 14:10:00,32.731,32.784,32.715,32.744,61349.73
2026-08-01 14:15:00,32.744,32.778,32.737,32.746,42083.61
2026-08-01 14:20:00,32.746,32.765,32.683,32.718,14860.62
2026-08-01 14:25:00,32.718,32.788,32.692,32.741,36572.15
2026-08-01 14:30:00,32.741,32.763,32.686,32.706,12134.34
2026-08-01 14:35:00,32.706,32.776,32.679,32.727,17498.43
2026-08-01 14:40:00,32.727,32.771,32.72,32.743,185052.39
2026-08-01 14:45:00,32.743,32.748,32.666,32.686,159575.01
2026-08-01 14:50:00,32.686,32.718,32.678,32.708,54211.01
2026-08-01 14:55:00,32.708,32.709,32.669,32.69,1615.8
2026-08-01 15:00:00,32.69,32.755,32.678,32.728,60870.36
2026-08-01 15:05:00,32.728,32.744,32.673,32.685,35364.99
2026-08-01 15:10:00,32.685,32.741,32.661,32.672,16829.52
2026-08-01 15:15:00,32.672,32.673,32.633,32.65,3359.07
2026-08-01 15:20:00,32.65,32.7,32.573,32.685,51579.63
2026-08-01 15:25:00,32.685,32.724,32.681,32.719,59288.9
2026-08-01 15:30:00,32.719,32.744,32.709,32.737,46617.68
2026-08-01 15:35:00,32.737,32.783,32.713,32.76,50133.07
2026-08-01 15:40:00,32.76,32.761,32.719,32.72,10572.41
2026-08-01 15:45:00,32.72,32.762,32.648,32.657,75119.64
2026-08-01 15:50:00,32.657,32.704,32.648,32.665,18734.68
2026-08-01 15:55:00,32.665,32.725,32.656,32.7,39548.09
2026-08-01 16:00:00,32.7,32.725,32.636,32.638,72452.58
2026-08-01 16:05:00,32.638,32.732,32.541,32.721,95358.55
2026-08-01 16:10:00,32.721,32.734,32.716,32.728,20151.01
2026-08-01 16:15:00,32.728,32.757,32.663,32.71,116935.82
2026-08-01 16:20:00,32.71,32.792,32.648,32.667,529303.74
2026-08-01 16:25:00,32.667,32.677,32.645,32.657,162882.14
2026-08-01 16:30:00,32.657,32.665,32.653,32.664,3546.15
2026-08-01 16:35:00,32.664,32.716,32.658,32.687,27963.33
2026-08-01 16:40:00,32.687,32.696,32.677,32.689,281295.19
2026-08-01 16:45:00,32.689,32.701,32.671,32.68,43116.03
2026-08-01 16:50:00,32.68,32.68,32.597,32.619,108261.9
2026-08-01 16:55:00,32.619,32.68,32.616,32.632,94073.93
2026-08-01 17:00:00,32.632,32.64,32.585,32.586,7659.66
2026-08-01 17:05:00,32.586,32.593,32.563,32.592,32796.74
2026-08-01 17:10:00,32.592,32.614,32.59,32.592,22520.03
2026-08-01 17:15:00,32.592,32.704,32.488,32.685,108830.7
2026-08-01 17:20:00,32.685,32.698,32.637,32.676,205730.25
2026-08-01 17:25:00,32.676,32.692,32.664,32.687,2660.98
2026-08-01 17:30:00,32.687,32.739,32.685,32.706,122226.98
2026-08-01 17:35:00,32.706,32.767,32.647,32.672,163671.92
2026-08-01 17:40:00,32.672,32.676,32.648,32.668,37264.41
2026-08-01 17:45:00,32.668,32.688,32.667,32.67,13419.04
2026-08-01 17:50:00,32.67,32.688,32.642,32.653,20096.18
2026-08-01 17:55:00,32.653,32.745,32.532,32.715,280490.42
2026-08-01 18:00:00,32.715,32.717,32.684,32.705,54590.5
2026-08-01 18:05:00,32.705,32.741,32.693,32.728,143773.54
2026-08-01 18:10:00,32.728,32.741,32.694,32.698,108991.31
2026-08-01 18:15:00,32.698,32.734,32.634,32.665,15393.21
2026-08-01 18:20:00,32.665,32.684,32.587,32.594,5505.01
2026-08-01 18:25:00,32.594,32.61,32.59,32.603,17983.08
2026-08-01 18:30:00,32.603,32.675,32.597,32.668,1456.44
2026-08-01 18:35:00,32.668,32.686,32.651,32.659,34271.66
2026-08-01 18:40:00,32.659,32.661,32.631,32.634,13780.24
2026-08-01 18:45:00,32.634,32.64,32.535,32.564,10978.05
2026-08-01 18:50:00,32.564,32.632,32.562,32.606,1936.42
2026-08-01 18:55:00,32.606,32.69,32.535,32.68,237571.46
2026-08-01 19:00:00,32.68,32.713,32.63,32.649,53022.01
2026-08-01 19:05:00,32.649,32.677,32.588,32.592,4284.12
2026-08-01 19:10:00,32.592,32.659,32.561,32.637,70594.51
2026-08-01 19:15:00,32.637,32.69,32.633,32.679,28801.2
2026-08-01 19:20:00,32.679,32.769,32.666,32.749,21679.97
2026-08-01 19:25:00,32.749,32.853,32.687,32.719,441683.01
2026-08-01 19:30:00,32.719,32.749,32.67,32.688,26553.91
2026-08-01 19:35:00,32.688,32.721,32.677,32.708,36415.87
2026-08-01 19:40:00,32.708,32.793,32.645,32.672,129181.56
2026-08-01 19:45:00,32.672,32.707,32.659,32.693,51278.75
2026-08-01 19:50:00,32.693,32.815,32.683,32.731,54839.33
2026-08-01 19:55:00,32.731,32.748,32.724,32.746,14605.65
2026-08-01 20:00:00,32.746,32.807,32.634,32.648,115967.2
2026-08-01 20:05:00,32.648,32.696,32.593,32.666,18756.26
2026-08-01 20:10:00,32.666,32.689,32.619,32.644,182247.25
2026-08-01 20:15:00,32.644,32.711,32.636,32.698,60666.68
2026-08-01 20:20:00,32.698,32.808,32.619,32.633,247073.78
2026-08-01 20:25:00,32.633,32.669,32.545,32.558,4676.45
2026-08-01 20:30:00,32.558,32.573,32.472,32.491,67619.52
2026-08-01 20:35:00,32.491,32.581,32.47,32.563,26829.29
2026-08-01 20:40:00,32.563,32.597,32.558,32.563,37177.2
2026-08-01 20:45:00,32.563,32.677,32.473,32.648,96092.89
2026-08-01 20:50:00,32.648,32.685,32.606,32.632,31415.27
2026-08-01 20:55:00,32.632,32.685,32.627,32.643,72795.88
2026-08-01 21:00:00,32.643,32.673,32.558,32.582,71302.18
2026-08-01 21:05:00,32.582,32.669,32.523,32.639,93607.13
2026-08-01 21:10:00,32.639,32.652,32.595,32.621,53444.71
2026-08-01 21:15:00,32.621,32.705,32.6,32.648,1840.07
2026-08-01 21:20:00,32.648,32.687,32.617,32.638,63332.94
2026-08-01 21:25:00,32.638,32.698,32.632,32.686,171670.05
2026-08-01 21:30:00,32.686,32.696,32.595,32.598,64646.91
2026-08-01 21:35:00,32.598,32.671,32.504,32.645,33714.1
2026-08-01 21:40:00,32.645,32.646,32.628,32.631,56511.57
2026-08-01 21:45:00,32.631,32.673,32.621,32.653,32014.91
2026-08-01 21:50:00,32.653,32.669,32.589,32.623,10158.02
2026-08-01 21:55:00,32.623,32.626,32.578,32.589,8398.73
2026-08-01 22:00:00,32.589,32.601,32.574,32.592,25229.87
2026-08-01 22:05:00,32.592,32.673,32.509,32.648,415649.56
2026-08-01 22:10:00,32.648,32.655,32.623,32.64,4765.33
2026-08-01 22:15:00,32.64,32.727,32.626,32.682,58534.43
2026-08-01 22:20:00,32.682,32.716,32.65,32.67,79534.68
2026-08-01 22:25:00,32.67,32.701,32.659,32.67,184227.99
2026-08-01 22:30:00,32.67,32.672,32.619,32.648,3209.01
2026-08-01 22:35:00,32.648,32.684,32.618,32.667,79670.58
2026-08-01 22:40:00,32.667,32.756,32.642,32.73,64899.52
2026-08-01 22:45:00,32.73,32.874,32.681,32.692,156413.49
2026-08-01 22:50:00,32.692,32.693,32.648,32.655,49107.07
2026-08-01 22:55:00,32.655,32.662,32.634,32.64,84537.97
2026-08-01 23:00:00,32.64,32.678,32.59,32.678,49027.5
2026-08-01 23:05:00,32.678,32.801,32.673,32.794,8546.58
2026-08-01 23:10:00,32.794,32.824,32.684,32.738,88926.57
2026-08-01 23:15:00,32.738,32.784,32.716,32.761,15412.01
2026-08-01 23:20:00,32.761,32.823,32.673,32.688,439563.04
2026-08-01 23:25:00,32.688,32.698,32.687,32.69,27006.11
2026-08-01 23:30:00,32.69,32.712,32.681,32.694,54632.11
2026-08-01 23:35:00,32.694,32.703,32.684,32.695,41001.52
2026-08-01 23:40:00,32.695,32.717,32.669,32.691,124445.08
2026-08-01 23:45:00,32.691,32.7,32.625,32.653,25888.88
2026-08-01 23:50:00,32.653,32.716,32.607,32.708,7410.86
2026-08-01 23:55:00,32.708,32.714,32.616,32.662,178087.14
2026-08-02 00:00:00,32.662,32.716,32.659,32.684,21212.78
2026-08-02 00:05:00,32.684,32.701,32.585,32.612,147023.56
2026-08-02 00:10:00,32.612,32.657,32.553,32.559,83974.59
2026-08-02 00:15:00,32.559,32.583,32.496,32.503,87.59
2026-08-02 00:20:00,32.503,32.579,32.485,32.511,3056.28
2026-08-02 00:25:00,32.511,32.581,32.508,32.558,59507.11
2026-08-02 00:30:00,32.558,32.594,32.533,32.539,29262.37
2026-08-02 00:35:00,32.539,32.592,32.445,32.566,106612.3
2026-08-02 00:40:00,32.566,32.668,32.55,32.616,4204.43
2026-08-02 00:45:00,32.616,32.645,32.614,32.62,143083.32
2026-08-02 00:50:00,32.62,32.677,32.616,32.664,45530.29
2026-08-02 00:55:00,32.664,32.709,32.628,32.634,81825.26
2026-08-02 01:00:00,32.634,32.698,32.61,32.697,57257.36
2026-08-02 01:05:00,32.697,32.707,32.676,32.688,59149.65
2026-08-02 01:10:00,32.688,32.704,32.634,32.682,100989.94
2026-08-02 01:15:00,32.682,32.7,32.653,32.656,30278.27
2026-08-02 01:20:00,32.656,32.736,32.639,32.691,16632.82
2026-08-02 01:25:00,32.691,32.729,32.68,32.699,42758.01
2026-08-02 01:30:00,32.699,32.774,32.695,32.749,83056.87
2026-08-02 01:35:00,32.749,32.816,32.741,32.777,115441.83
2026-08-02 01:40:00,32.777,32.821,32.746,32.768,14694.11
2026-08-02 01:45:00,32.768,32.857,32.711,32.728,98598.75
2026-08-02 01:50:00,32.728,32.773,32.726,32.744,32039.91
2026-08-02 01:55:00,32.744,32.873,32.623,32.652,209136.45
2026-08-02 02:00:00,32.652,32.662,32.593,32.622,145005.79
2026-08-02 02:05:00,32.622,32.654,32.593,32.598,62150.79
2026-08-02 02:10:00,32.598,32.612,32.54,32.544,246341.94
2026-08-02 02:15:00,32.544,32.587,32.463,32.469,128609.84
2026-08-02 02:20:00,32.469,32.491,32.44,32.487,75791.88
2026-08-02 02:25:00,32.487,32.55,32.469,32.545,115566.69
2026-08-02 02:30:00,32.545,32.558,32.504,32.541,41784.29
2026-08-02 02:35:00,32.541,32.55,32.49,32.513,200581.9
2026-08-02 02:40:00,32.513,32.585,32.451,32.56,466701.22
2026-08-02 02:45:00,32.56,32.579,32.542,32.576,94485.98
2026-08-02 02:50:00,32.576,32.638,32.553,32.62,31431.0
2026-08-02 02:55:00,32.62,32.675,32.591,32.663,42877.14
2026-08-02 03:00:00,32.663,32.69,32.653,32.661,33884.65
2026-08-02 03:05:00,32.661,32.702,32.656,32.694,29927.74
2026-08-02 03:10:00,32.694,32.753,32.682,32.708,65603.22
2026-08-02 03:15:00,32.708,32.711,32.688,32.697,14356.7
2026-08-02 03:20:00,32.697,32.727,32.622,32.639,37177.49
2026-08-02 03:25:00,32.639,32.648,32.628,32.64,7642.87
2026-08-02 03:30:00,32.64,32.654,32.609,32.652,155363.85
2026-08-02 03:35:00,32.652,32.686,32.65,32.675,26567.48
2026-08-02 03:40:00,32.675,32.727,32.654,32.684,48984.54
2026-08-02 03:45:00,32.684,32.773,32.684,32.749,30862.25
2026-08-02 03:50:00,32.749,32.769,32.719,32.746,178792.94
2026-08-02 03:55:00,32.746,32.831,32.736,32.78,54636.43
2026-08-02 04:00:00,32.78,32.854,32.681,32.714,187116.0
2026-08-02 04:05:00,32.714,32.717,32.69,32.696,29054.29
2026-08-02 04:10:00,32.696,32.735,32.679,32.733,143564.65
2026-08-02 04:15:00,32.733,32.843,32.636,32.652,491793.3
2026-08-02 04:20:00,32.652,32.687,32.641,32.661,87976.74
2026-08-02 04:25:00,32.661,32.667,32.621,32.631,44695.91
2026-08-02 04:30:00,32.631,32.661,32.602,32.613,37099.77
2026-08-02 04:35:00,32.613,32.635,32.6,32.615,20735.45
2026-08-02 04:40:00,32.615,32.682,32.59,32.68,115331.66
2026-08-02 04:45:00,32.68,32.708,32.651,32.657,39739.06
2026-08-02 04:50:00,32.657,32.666,32.627,32.633,79594.72
2026-08-02 04:55:00,32.633,32.671,32.617,32.654,72950.92
2026-08-02 05:00:00,32.654,32.68,32.629,32.671,49265.13
2026-08-02 05:05:00,32.671,32.691,32.621,32.652,95874.97
2026-08-02 05:10:00,32.652,32.663,32.628,32.636,152736.15
2026-08-02 05:15:00,32.636,32.672,32.606,32.61,195585.87
2026-08-02 05:20:00,32.61,32.629,32.578,32.627,15039.02
2026-08-02 05:25:00,32.627,32.635,32.577,32.609,49908.35
2026-08-02 05:30:00,32.609,32.627,32.505,32.538,88254.41
2026-08-02 05:35:00,32.538,32.576,32.516,32.518,14602.0
2026-08-02 05:40:00,32.518,32.575,32.381,32.564,389870.4
2026-08-02 05:45:00,32.564,32.606,32.564,32.605,2536.19
2026-08-02 05:50:00,32.605,32.609,32.583,32.585,15572.13
2026-08-02 05:55:00,32.585,32.65,32.577,32.634,5850.36
2026-08-02 06:00:00,32.634,32.692,32.633,32.636,134663.76
2026-08-02 06:05:00,32.636,32.642,32.577,32.615,21209.99
2026-08-02 06:10:00,32.615,32.721,32.581,32.68,121710.45
2026-08-02 06:15:00,32.68,32.699,32.639,32.675,107826.53
2026-08-02 06:20:00,32.675,32.68,32.661,32.669,11765.61
2026-08-02 06:25:00,32.669,32.721,32.664,32.718,18723.36
2026-08-02 06:30:00,32.718,32.857,32.659,32.685,63594.13
2026-08-02 06:35:00,32.685,32.705,32.682,32.686,95486.47
2026-08-02 06:40:00,32.686,32.744,32.661,32.737,98775.39
2026-08-02 06:45:00,32.737,32.763,32.665,32.693,80067.71
2026-08-02 06:50:00,32.693,32.72,32.684,32.714,19306.17
2026-08-02 06:55:00,32.714,32.732,32.696,32.722,209545.01
2026-08-02 07:00:00,32.722,32.799,32.685,32.696,485393.37
2026-08-02 07:05:00,32.696,32.762,32.687,32.717,27293.48
2026-08-02 07:10:00,32.717,32.722,32.67,32.692,11924.57
2026-08-02 07:15:00,32.692,32.713,32.58,32.614,50989.32
2026-08-02 07:20:00,32.614,32.65,32.576,32.62,10163.51
2026-08-02 07:25:00,32.62,32.667,32.551,32.599,24154.03
2026-08-02 07:30:00,32.599,32.667,32.57,32.641,33028.88
2026-08-02 07:35:00,32.641,32.714,32.627,32.695,36852.44
2026-08-02 07:40:00,32.695,32.742,32.662,32.734,19518.94
2026-08-02 07:45:00,32.734,32.76,32.671,32.759,19704.31
2026-08-02 07:50:00,32.759,32.776,32.735,32.766,48833.08
2026-08-02 07:55:00,32.766,32.773,32.723,32.747,68237.79
2026-08-02 08:00:00,32.747,32.802,32.658,32.672,150561.35
2026-08-02 08:05:00,32.672,32.726,32.64,32.689,52538.01
2026-08-02 08:10:00,32.689,32.693,32.651,32.652,51244.15
2026-08-02 08:15:00,32.652,32.752,32.619,32.718,767.31
2026-08-02 08:20:00,32.718,32.795,32.667,32.683,267837.55
2026-08-02 08:25:00,32.683,32.701,32.639,32.695,13414.93
2026-08-02 08:30:00,32.695,32.704,32.683,32.693,55301.85
2026-08-02 08:35:00,32.693,32.698,32.609,32.612,112789.0
2026-08-02 08:40:00,32.612,32.657,32.612,32.637,18685.57
2026-08-02 08:45:00,32.637,32.653,32.589,32.613,46836.43
2026-08-02 08:50:00,32.613,32.669,32.61,32.658,27530.11
2026-08-02 08:55:00,32.658,32.713,32.657,32.678,24743.24
2026-08-02 09:00:00,32.678,32.726,32.646,32.665,57064.94
2026-08-02 09:05:00,32.665,32.695,32.547,32.578,25705.23
2026-08-02 09:10:00,32.578,32.601,32.577,32.599,61456.83
2026-08-02 09:15:00,32.599,32.62,32.557,32.616,24084.76
2026-08-02 09:20:00,32.616,32.622,32.563,32.566,2683.57
2026-08-02 09:25:00,32.566,32.595,32.504,32.524,47981.24
2026-08-02 09:30:00,32.524,32.549,32.448,32.463,13057.9
2026-08-02 09:35:00,32.463,32.523,32.366,32.51,4690.74
2026-08-02 09:40:00,32.51,32.57,32.382,32.551,67096.36
2026-08-02 09:45:00,32.551,32.608,32.437,32.597,560975.66
2026-08-02 09:50:00,32.597,32.618,32.533,32.551,66526.72
2026-08-02 09:55:00,32.551,32.669,32.426,32.644,123949.95
2026-08-02 10:00:00,32.644,32.682,32.63,32.672,82870.3
2026-08-02 10:05:00,32.672,32.758,32.664,32.737,15987.89
2026-08-02 10:10:00,32.737,32.803,32.712,32.787,115956.29
2026-08-02 10:15:00,32.787,32.795,32.766,32.793,29563.96
2026-08-02 10:20:00,32.793,32.832,32.777,32.797,43244.25
2026-08-02 10:25:00,32.797,32.817,32.786,32.803,166040.26
2026-08-02 10:30:00,32.803,32.817,32.746,32.809,65975.24
2026-08-02 10:35:00,32.809,32.813,32.76,32.791,3266.42
2026-08-02 10:40:00,32.791,32.933,32.689,32.706,15597.75
2026-08-02 10:45:00,32.706,32.759,32.696,32.753,4514.76
2026-08-02 10:50:00,32.753,32.829,32.675,32.712,58945.25
2026-08-02 10:55:00,32.712,32.714,32.667,32.696,1645.46
2026-08-02 11:00:00,32.696,32.726,32.588,32.62,17250.4
2026-08-02 11:05:00,32.62,32.657,32.597,32.631,183365.36
2026-08-02 11:10:00,32.631,32.656,32.618,32.642,26177.72
2026-08-02 11:15:00,32.642,32.657,32.641,32.647,38265.3
2026-08-02 11:20:00,32.647,32.681,32.64,32.648,124696.58
2026-08-02 11:25:00,32.648,32.669,32.611,32.62,52646.01
2026-08-02 11:30:00,32.62,32.68,32.576,32.583,86545.09
2026-08-02 11:35:00,32.583,32.63,32.53,32.626,158802.87
2026-08-02 11:40:00,32.626,32.643,32.584,32.595,16334.81
2026-08-02 11:45:00,32.595,32.607,32.498,32.539,20039.67
2026-08-02 11:50:00,32.539,32.595,32.508,32.519,14157.97
2026-08-02 11:55:00,32.519,32.524,32.46,32.46,13382.15
2026-08-02 12:00:00,32.46,32.532,32.373,32.509,245166.18
2026-08-02 12:05:00,32.509,32.52,32.478,32.481,4282.53
2026-08-02 12:10:00,32.481,32.533,32.462,32.53,31999.73
2026-08-02 12:15:00,32.53,32.587,32.512,32.552,17168.29
2026-08-02 12:20:00,32.552,32.632,32.548,32.624,41635.46
2026-08-02 12:25:00,32.624,32.68,32.617,32.671,146166.1
2026-08-02 12:30:00,32.671,32.695,32.668,32.675,33800.94
2026-08-02 12:35:00,32.675,32.693,32.618,32.634,3352.62
2026-08-02 12:40:00,32.634,32.635,32.595,32.602,72722.76
2026-08-02 12:45:00,32.602,32.632,32.539,32.589,31497.87
2026-08-02 12:50:00,32.589,32.597,32.552,32.596,23349.37
2026-08-02 12:55:00,32.596,32.635,32.591,32.626,79475.4
2026-08-02 13:00:00,32.626,32.653,32.601,32.622,43049.89
2026-08-02 13:05:00,32.622,32.691,32.601,32.63,196132.08
2026-08-02 13:10:00,32.63,32.673,32.621,32.671,84260.52
2026-08-02 13:15:00,32.671,32.723,32.649,32.707,47386.48
2026-08-02 13:20:00,32.707,32.714,32.685,32.695,81657.5
2026-08-02 13:25:00,32.695,32.701,32.688,32.691,31174.2
2026-08-02 13:30:00,32.691,32.727,32.66,32.686,72875.78
2026-08-02 13:35:00,32.686,32.702,32.603,32.651,34475.58
2026-08-02 13:40:00,32.651,32.668,32.627,32.653,129512.99
2026-08-02 13:45:00,32.653,32.661,32.597,32.64,142869.14
2026-08-02 13:50:00,32.64,32.657,32.594,32.602,30458.99
2026-08-02 13:55:00,32.602,32.641,32.598,32.611,625.4
2026-08-02 14:00:00,32.611,32.63,32.524,32.525,2983.84
2026-08-02 14:05:00,32.525,32.624,32.385,32.593,356753.04
2026-08-02 14:10:00,32.593,32.602,32.573,32.6,22426.09
2026-08-02 14:15:00,32.6,32.618,32.54,32.547,7570.57
2026-08-02 14:20:00,32.547,32.597,32.533,32.545,64410.16
2026-08-02 14:25:00,32.545,32.585,32.491,32.518,8586.1
2026-08-02 14:30:00,32.518,32.592,32.518,32.571,118983.93
2026-08-02 14:35:00,32.571,32.59,32.548,32.554,31204.34
2026-08-02 14:40:00,32.554,32.555,32.464,32.478,30521.37
2026-08-02 14:45:00,32.478,32.589,32.371,32.574,341983.72
2026-08-02 14:50:00,32.574,32.59,32.536,32.587,16545.85
2026-08-02 14:55:00,32.587,32.646,32.577,32.589,31533.94
2026-08-02 15:00:00,32.589,32.648,32.569,32.635,28018.22
2026-08-02 15:05:00,32.635,32.66,32.617,32.622,134919.48
2026-08-02 15:10:00,32.622,32.631,32.596,32.608,24302.86
2026-08-02 15:15:00,32.608,32.641,32.532,32.571,25987.57
2026-08-02 15:20:00,32.571,32.596,32.549,32.567,7837.65
2026-08-02 15:25:00,32.567,32.627,32.537,32.544,89917.18
2026-08-02 15:30:00,32.544,32.553,32.523,32.528,58035.14
2026-08-02 15:35:00,32.528,32.561,32.518,32.552,47761.46
2026-08-02 15:40:00,32.552,32.572,32.525,32.539,755.38
2026-08-02 15:45:00,32.539,32.613,32.535,32.599,48314.47
2026-08-02 15:50:00,32.599,32.614,32.599,32.613,2277.58
2026-08-02 15:55:00,32.613,32.696,32.59,32.672,25759.53
2026-08-02 16:00:00,32.672,32.794,32.577,32.592,96534.09
2026-08-02 16:05:00,32.592,32.681,32.563,32.655,38754.62
2026-08-02 16:10:00,32.655,32.79,32.552,32.582,490658.71
2026-08-02 16:15:00,32.582,32.624,32.574,32.596,111451.33
2026-08-02 16:20:00,32.596,32.648,32.579,32.619,5662.72
2026-08-02 16:25:00,32.619,32.681,32.598,32.651,428.2
2026-08-02 16:30:00,32.651,32.752,32.595,32.618,12310.32
2026-08-02 16:35:00,32.618,32.66,32.612,32.639,143261.89
2026-08-02 16:40:00,32.639,32.645,32.521,32.552,41131.48
2026-08-02 16:45:00,32.552,32.559,32.542,32.551,24151.93
2026-08-02 16:50:00,32.551,32.614,32.528,32.613,168407.2
2026-08-02 16:55:00,32.613,32.618,32.57,32.601,29996.42
2026-08-02 17:00:00,32.601,32.634,32.539,32.555,3841.36
2026-08-02 17:05:00,32.555,32.637,32.538,32.636,20960.19
2026-08-02 17:10:00,32.636,32.649,32.573,32.598,19159.17
2026-08-02 17:15:00,32.598,32.61,32.486,32.534,5095.59
2026-08-02 17:20:00,32.534,32.557,32.511,32.517,39410.81
2026-08-02 17:25:00,32.517,32.54,32.487,32.488,5812.48
2026-08-02 17:30:00,32.488,32.589,32.411,32.558,116893.56
2026-08-02 17:35:00,32.558,32.586,32.492,32.536,52101.56
2026-08-02 17:40:00,32.536,32.544,32.514,32.535,23749.84
2026-08-02 17:45:00,32.535,32.559,32.499,32.551,18119.53
2026-08-02 17:50:00,32.551,32.586,32.523,32.542,30783.53
2026-08-02 17:55:00,32.542,32.557,32.505,32.532,21644.62
2026-08-02 18:00:00,32.532,32.563,32.523,32.533,66685.76
2026-08-02 18:05:00,32.533,32.538,32.462,32.489,4539.26
2026-08-02 18:10:00,32.489,32.503,32.469,32.477,112638.81
2026-08-02 18:15:00,32.477,32.499,32.434,32.47,84373.27
2026-08-02 18:20:00,32.47,32.528,32.359,32.517,309629.92
2026-08-02 18:25:00,32.517,32.631,32.451,32.602,246175.53
2026-08-02 18:30:00,32.602,32.619,32.583,32.592,63628.8
2026-08-02 18:35:00,32.592,32.624,32.546,32.561,55623.75
2026-08-02 18:40:00,32.561,32.623,32.554,32.6,99326.6
2026-08-02 18:45:00,32.6,32.617,32.592,32.592,7098.14
2026-08-02 18:50:00,32.592,32.721,32.553,32.678,1914.85
2026-08-02 18:55:00,32.678,32.698,32.664,32.697,1740.86
2026-08-02 19:00:00,32.697,32.728,32.665,32.683,4460.64
2026-08-02 19:05:00,32.683,32.707,32.655,32.671,228794.14
2026-08-02 19:10:00,32.671,32.709,32.648,32.703,9366.58
2026-08-02 19:15:00,32.703,32.716,32.7,32.715,200395.28
2026-08-02 19:20:00,32.715,32.724,32.659,32.682,43818.7
2026-08-02 19:25:00,32.682,32.772,32.651,32.764,95311.99
2026-08-02 19:30:00,32.764,32.821,32.67,32.695,5326.55
2026-08-02 19:35:00,32.695,32.715,32.694,32.696,11345.79
2026-08-02 19:40:00,32.696,32.697,32.566,32.597,47591.75
2026-08-02 19:45:00,32.597,32.636,32.513,32.53,7079.1
2026-08-02 19:50:00,32.53,32.567,32.47,32.496,35265.4
2026-08-02 19:55:00,32.496,32.502,32.452,32.478,153958.15
2026-08-02 20:00:00,32.478,32.58,32.414,32.558,410190.07
2026-08-02 20:05:00,32.558,32.587,32.515,32.544,4406.31
2026-08-02 20:10:00,32.544,32.592,32.537,32.558,38027.16
2026-08-02 20:15:00,32.558,32.579,32.518,32.555,28961.73
2026-08-02 20:20:00,32.555,32.588,32.488,32.491,1768.61
2026-08-02 20:25:00,32.491,32.511,32.405,32.417,672.29
2026-08-02 20:30:00,32.417,32.419,32.347,32.358,31339.49
2026-08-02 20:35:00,32.358,32.454,32.349,32.419,85928.05
2026-08-02 20:40:00,32.419,32.469,32.291,32.453,103657.54
2026-08-02 20:45:00,32.453,32.503,32.444,32.45,7201.75
2026-08-02 20:50:00,32.45,32.484,32.438,32.478,75260.39
2026-08-02 20:55:00,32.478,32.574,32.474,32.496,21967.02
2026-08-02 21:00:00,32.496,32.498,32.472,32.489,6902.27
2026-08-02 21:05:00,32.489,32.546,32.392,32.528,71014.33
2026-08-02 21:10:00,32.528,32.598,32.436,32.572,47371.2
2026-08-02 21:15:00,32.572,32.578,32.489,32.524,202.21
2026-08-02 21:20:00,32.524,32.616,32.467,32.604,86313.26
2026-08-02 21:25:00,32.604,32.607,32.561,32.573,26093.74
2026-08-02 21:30:00,32.573,32.603,32.555,32.563,43535.03
2026-08-02 21:35:00,32.563,32.57,32.527,32.546,159183.31
2026-08-02 21:40:00,32.546,32.591,32.538,32.574,3090.45
2026-08-02 21:45:00,32.574,32.575,32.468,32.513,99857.68
2026-08-02 21:50:00,32.513,32.607,32.454,32.581,12758.49
2026-08-02 21:55:00,32.581,32.647,32.544,32.59,67082.81
2026-08-02 22:00:00,32.59,32.598,32.506,32.517,110280.31
2026-08-02 22:05:00,32.517,32.518,32.444,32.451,69931.44
2026-08-02 22:10:00,32.451,32.522,32.344,32.492,39734.81
2026-08-02 22:15:00,32.492,32.534,32.459,32.466,67497.88
2026-08-02 22:20:00,32.466,32.559,32.384,32.536,533747.11
2026-08-02 22:25:00,32.536,32.549,32.495,32.524,23448.3
2026-08-02 22:30:00,32.524,32.526,32.452,32.457,25578.27
2026-08-02 22:35:00,32.457,32.564,32.452,32.515,6658.87
2026-08-02 22:40:00,32.515,32.537,32.46,32.464,7029.17
2026-08-02 22:45:00,32.464,32.502,32.413,32.435,16592.93
2026-08-02 22:50:00,32.435,32.509,32.339,32.48,118067.41
2026-08-02 22:55:00,32.48,32.486,32.463,32.467,98450.23
2026-08-02 23:00:00,32.467,32.482,32.382,32.412,24968.67
2026-08-02 23:05:00,32.412,32.523,32.301,32.496,81892.73
2026-08-02 23:10:00,32.496,32.52,32.446,32.469,15237.46
2026-08-02 23:15:00,32.469,32.519,32.446,32.506,18468.62
2026-08-02 23:20:00,32.506,32.559,32.393,32.546,394618.61
2026-08-02 23:25:00,32.546,32.595,32.511,32.567,72642.43
2026-08-02 23:30:00,32.567,32.609,32.516,32.538,12831.84
2026-08-02 23:35:00,32.538,32.541,32.518,32.521,57872.96
2026-08-02 23:40:00,32.521,32.535,32.443,32.451,5279.52
2026-08-02 23:45:00,32.451,32.549,32.39,32.502,6794.41
2026-08-02 23:50:00,32.502,32.521,32.412,32.458,60583.43
2026-08-02 23:55:00,32.458,32.461,32.389,32.429,55967.66
2026-08-03 00:00:00,32.429,32.445,32.348,32.362,158951.04
2026-08-03 00:05:00,32.362,32.371,32.331,32.342,87749.69
2026-08-03 00:10:00,32.342,32.366,32.325,32.349,68283.79
2026-08-03 00:15:00,32.349,32.449,32.284,32.429,155232.15
2026-08-03 00:20:00,32.429,32.446,32.388,32.433,65814.79
2026-08-03 00:25:00,32.433,32.448,32.411,32.44,172780.53
2026-08-03 00:30:00,32.44,32.443,32.422,32.438,30591.76
2026-08-03 00:35:00,32.438,32.442,32.427,32.437,237.66
2026-08-03 00:40:00,32.437,32.471,32.377,32.386,97967.67
2026-08-03 00:45:00,32.386,32.48,32.313,32.459,363688.43
2026-08-03 00:50:00,32.459,32.535,32.418,32.504,16007.34
2026-08-03 00:55:00,32.504,32.552,32.493,32.55,4346.52
2026-08-03 01:00:00,32.55,32.577,32.527,32.542,279405.32
2026-08-03 01:05:00,32.542,32.619,32.507,32.583,4108.56
2026-08-03 01:10:00,32.583,32.622,32.562,32.577,108889.31
2026-08-03 01:15:00,32.577,32.615,32.511,32.541,57497.88
2026-08-03 01:20:00,32.541,32.543,32.511,32.512,102168.06
2026-08-03 01:25:00,32.512,32.552,32.459,32.485,70340.49
2026-08-03 01:30:00,32.485,32.538,32.478,32.496,5978.51
2026-08-03 01:35:00,32.496,32.549,32.45,32.527,12952.82
2026-08-03 01:40:00,32.527,32.561,32.52,32.525,20852.78
2026-08-03 01:45:00,32.525,32.574,32.454,32.492,15775.85
2026-08-03 01:50:00,32.492,32.517,32.487,32.511,2677.52
2026-08-03 01:55:00,32.511,32.54,32.5,32.533,7722.06
2026-08-03 02:00:00,32.533,32.557,32.527,32.549,10651.76
2026-08-03 02:05:00,32.549,32.657,32.509,32.649,32762.41
2026-08-03 02:10:00,32.649,32.716,32.569,32.587,85706.71
2026-08-03 02:15:00,32.587,32.614,32.535,32.587,37000.55
2026-08-03 02:20:00,32.587,32.595,32.566,32.571,21973.21
2026-08-03 02:25:00,32.571,32.593,32.551,32.582,152650.81
2026-08-03 02:30:00,32.582,32.63,32.58,32.621,27177.13
2026-08-03 02:35:00,32.621,32.624,32.558,32.591,58895.11
2026-08-03 02:40:00,32.591,32.647,32.543,32.575,22449.84
2026-08-03 02:45:00,32.575,32.623,32.565,32.609,236172.06
2026-08-03 02:50:00,32.609,32.62,32.573,32.582,2032.83
2026-08-03 02:55:00,32.582,32.584,32.547,32.563,86505.95
2026-08-03 03:00:00,32.563,32.589,32.525,32.572,14781.42
2026-08-03 03:05:00,32.572,32.573,32.54,32.551,89478.66
2026-08-03 03:10:00,32.551,32.562,32.521,32.555,12493.63
2026-08-03 03:15:00,32.555,32.578,32.534,32.546,4413.47
2026-08-03 03:20:00,32.546,32.608,32.509,32.53,29805.71
2026-08-03 03:25:00,32.53,32.542,32.515,32.519,107926.97
2026-08-03 03:30:00,32.519,32.665,32.517,32.623,27400.32
2026-08-03 03:35:00,32.623,32.682,32.533,32.563,115165.35
2026-08-03 03:40:00,32.563,32.591,32.558,32.562,120501.13
2026-08-03 03:45:00,32.562,32.72,32.528,32.704,95988.82
2026-08-03 03:50:00,32.704,32.728,32.675,32.725,3127.28
2026-08-03 03:55:00,32.725,32.756,32.72,32.727,256.24
2026-08-03 04:00:00,32.727,32.778,32.671,32.696,638632.64
2026-08-03 04:05:00,32.696,32.7,32.666,32.678,11475.41
2026-08-03 04:10:00,32.678,32.688,32.654,32.685,188.19
2026-08-03 04:15:00,32.685,32.809,32.62,32.648,46254.65
2026-08-03 04:20:00,32.648,32.653,32.549,32.559,18324.62
2026-08-03 04:25:00,32.559,32.654,32.516,32.642,32922.67
2026-08-03 04:30:00,32.642,32.673,32.603,32.617,21857.61
2026-08-03 04:35:00,32.617,32.668,32.564,32.568,70357.27
2026-08-03 04:40:00,32.568,32.596,32.543,32.575,15564.1
2026-08-03 04:45:00,32.575,32.587,32.527,32.532,306.75
2026-08-03 04:50:00,32.532,32.544,32.503,32.517,31223.38
2026-08-03 04:55:00,32.517,32.557,32.488,32.541,33537.8
2026-08-03 05:00:00,32.541,32.548,32.504,32.508,42996.15
2026-08-03 05:05:00,32.508,32.616,32.497,32.594,4857.78
2026-08-03 05:10:00,32.594,32.644,32.478,32.51,176819.05
2026-08-03 05:15:00,32.51,32.552,32.507,32.55,74902.33
2026-08-03 05:20:00,32.55,32.561,32.549,32.559,61968.87
2026-08-03 05:25:00,32.559,32.57,32.484,32.498,62819.17
2026-08-03 05:30:00,32.498,32.58,32.496,32.53,23174.01
2026-08-03 05:35:00,32.53,32.553,32.502,32.549,41531.84
2026-08-03 05:40:00,32.549,32.552,32.516,32.524,17118.55
2026-08-03 05:45:00,32.524,32.525,32.503,32.512,43890.12
2026-08-03 05:50:00,32.512,32.529,32.473,32.479,203348.31
2026-08-03 05:55:00,32.479,32.496,32.471,32.481,66779.69
2026-08-03 06:00:00,32.481,32.534,32.442,32.464,13478.26
2026-08-03 06:05:00,32.464,32.539,32.446,32.509,37837.99
2026-08-03 06:10:00,32.509,32.533,32.469,32.52,32095.49
2026-08-03 06:15:00,32.52,32.521,32.491,32.495,19671.57
2026-08-03 06:20:00,32.495,32.508,32.421,32.436,124107.02
2026-08-03 06:25:00,32.436,32.513,32.424,32.507,104263.84
2026-08-03 06:30:00,32.507,32.533,32.496,32.515,28283.04
2026-08-03 06:35:00,32.515,32.529,32.452,32.464,40067.06
2026-08-03 06:40:00,32.464,32.504,32.453,32.492,72814.16
2026-08-03 06:45:00,32.492,32.524,32.459,32.501,31905.36
2026-08-03 06:50:00,32.501,32.545,32.48,32.539,62494.46
2026-08-03 06:55:00,32.539,32.57,32.451,32.498,32357.15
2026-08-03 07:00:00,32.498,32.507,32.467,32.505,41626.82
2026-08-03 07:05:00,32.505,32.513,32.457,32.498,36874.94
2026-08-03 07:10:00,32.498,32.521,32.463,32.497,9199.88
2026-08-03 07:15:00,32.497,32.538,32.481,32.51,13868.29
2026-08-03 07:20:00,32.51,32.511,32.451,32.462,99491.38
2026-08-03 07:25:00,32.462,32.58,32.429,32.532,27508.49
2026-08-03 07:30:00,32.532,32.549,32.467,32.489,82609.27
2026-08-03 07:35:00,32.489,32.538,32.372,32.527,418951.25
2026-08-03 07:40:00,32.527,32.545,32.486,32.49,6122.8
2026-08-03 07:45:00,32.49,32.493,32.475,32.478,149690.2
2026-08-03 07:50:00,32.478,32.585,32.402,32.569,132201.97
2026-08-03 07:55:00,32.569,32.619,32.542,32.545,2765.88
2026-08-03 08:00:00,32.545,32.558,32.543,32.548,46452.64
2026-08-03 08:05:00,32.548,32.585,32.525,32.531,21259.57
2026-08-03 08:10:00,32.531,32.578,32.514,32.573,149038.65
2026-08-03 08:15:00,32.573,32.601,32.536,32.56,14583.82
2026-08-03 08:20:00,32.56,32.576,32.505,32.529,3639.0
2026-08-03 08:25:00,32.529,32.544,32.496,32.502,54816.88
2026-08-03 08:30:00,32.502,32.517,32.495,32.513,24369.37
2026-08-03 08:35:00,32.513,32.571,32.473,32.536,72829.4
2026-08-03 08:40:00,32.536,32.538,32.461,32.494,281.5
2026-08-03 08:45:00,32.494,32.565,32.384,32.533,43217.49
2026-08-03 08:50:00,32.533,32.578,32.495,32.516,68485.33
2026-08-03 08:55:00,32.516,32.539,32.491,32.53,122880.4
2026-08-03 09:00:00,32.53,32.591,32.487,32.502,17930.33
2026-08-03 09:05:00,32.502,32.54,32.401,32.448,9426.24
2026-08-03 09:10:00,32.448,32.508,32.325,32.48,92519.01
2026-08-03 09:15:00,32.48,32.512,32.466,32.473,58638.27
2026-08-03 09:20:00,32.473,32.501,32.452,32.452,39933.72
2026-08-03 09:25:00,32.452,32.501,32.452,32.461,39303.48
2026-08-03 09:30:00,32.461,32.569,32.319,32.545,62309.96
2026-08-03 09:35:00,32.545,32.589,32.521,32.579,23686.25
2026-08-03 09:40:00,32.579,32.636,32.579,32.634,46085.83
2026-08-03 09:45:00,32.634,32.662,32.569,32.588,15074.5
2026-08-03 09:50:00,32.588,32.589,32.495,32.526,8291.72
2026-08-03 09:55:00,32.526,32.559,32.491,32.524,33846.75
2026-08-03 10:00:00,32.524,32.533,32.486,32.515,328990.86
2026-08-03 10:05:00,32.515,32.564,32.479,32.542,47096.29
2026-08-03 10:10:00,32.542,32.584,32.526,32.559,1021.28
2026-08-03 10:15:00,32.559,32.64,32.549,32.599,23094.34
2026-08-03 10:20:00,32.599,32.615,32.543,32.564,45573.03
2026-08-03 10:25:00,32.564,32.596,32.556,32.587,22855.25
2026-08-03 10:30:00,32.587,32.673,32.572,32.639,19709.91
2026-08-03 10:35:00,32.639,32.67,32.609,32.637,19133.49
2026-08-03 10:40:00,32.637,32.655,32.605,32.622,53756.35
2026-08-03 10:45:00,32.622,32.643,32.608,32.621,59971.67
2026-08-03 10:50:00,32.621,32.646,32.576,32.577,3894.96
2026-08-03 10:55:00,32.577,32.634,32.557,32.608,129618.6
2026-08-03 11:00:00,32.608,32.609,32.558,32.592,19813.53
2026-08-03 11:05:00,32.592,32.596,32.569,32.581,28351.68
2026-08-03 11:10:00,32.581,32.614,32.563,32.611,2403.96
2026-08-03 11:15:00,32.611,32.647,32.572,32.586,12038.45
2026-08-03 11:20:00,32.586,32.641,32.582,32.606,53394.29
2026-08-03 11:25:00,32.606,32.649,32.482,32.582,54894.82
2026-08-03 11:30:00,32.582,32.674,32.523,32.543,39772.96
2026-08-03 11:35:00,32.543,32.547,32.473,32.512,56804.51
2026-08-03 11:40:00,32.512,32.564,32.509,32.523,12108.48
2026-08-03 11:45:00,32.523,32.554,32.509,32.545,25241.22
2026-08-03 11:50:00,32.545,32.557,32.461,32.484,60213.51
2026-08-03 11:55:00,32.484,32.49,32.427,32.453,36999.14
2026-08-03 12:00:00,32.453,32.464,32.431,32.438,26156.53
2026-08-03 12:05:00,32.438,32.479,32.414,32.427,36138.95
2026-08-03 12:10:00,32.427,32.501,32.369,32.48,191807.3
2026-08-03 12:15:00,32.48,32.489,32.453,32.462,92984.09
2026-08-03 12:20:00,32.462,32.524,32.457,32.513,386368.64
2026-08-03 12:25:00,32.513,32.516,32.462,32.486,37425.02
2026-08-03 12:30:00,32.486,32.543,32.472,32.514,82601.6
2026-08-03 12:35:00,32.514,32.549,32.501,32.546,93698.3
2026-08-03 12:40:00,32.546,32.572,32.536,32.552,52523.61
2026-08-03 12:45:00,32.552,32.602,32.548,32.569,16833.31
2026-08-03 12:50:00,32.569,32.589,32.55,32.573,18321.78
2026-08-03 12:55:00,32.573,32.631,32.548,32.596,11447.39
2026-08-03 13:00:00,32.596,32.617,32.516,32.537,2028.16
2026-08-03 13:05:00,32.537,32.656,32.526,32.622,57699.62
2026-08-03 13:10:00,32.622,32.647,32.599,32.617,5314.66
2026-08-03 13:15:00,32.617,32.73,32.569,32.585,219111.92
2026-08-03 13:20:00,32.585,32.677,32.462,32.493,204473.79
2026-08-03 13:25:00,32.493,32.525,32.424,32.449,59250.93
2026-08-03 13:30:00,32.449,32.501,32.367,32.479,48311.11
2026-08-03 13:35:00,32.479,32.539,32.394,32.521,53661.24
2026-08-03 13:40:00,32.521,32.576,32.517,32.564,106388.98
2026-08-03 13:45:00,32.564,32.676,32.561,32.644,15539.03
2026-08-03 13:50:00,32.644,32.681,32.572,32.588,103122.59
2026-08-03 13:55:00,32.588,32.604,32.552,32.559,21398.95
2026-08-03 14:00:00,32.559,32.605,32.546,32.588,27995.44
2026-08-03 14:05:00,32.588,32.698,32.571,32.696,162758.72
2026-08-03 14:10:00,32.696,32.733,32.6,32.625,100626.15
2026-08-03 14:15:00,32.625,32.67,32.585,32.652,75929.93
2026-08-03 14:20:00,32.652,32.724,32.586,32.667,68527.07
2026-08-03 14:25:00,32.667,32.761,32.555,32.571,194244.88
2026-08-03 14:30:00,32.571,32.592,32.527,32.575,3815.93
2026-08-03 14:35:00,32.575,32.67,32.495,32.519,7914.5
2026-08-03 14:40:00,32.519,32.568,32.509,32.561,9322.3
2026-08-03 14:45:00,32.561,32.572,32.54,32.553,53454.84
2026-08-03 14:50:00,32.553,32.599,32.532,32.569,27425.14
2026-08-03 14:55:00,32.569,32.591,32.526,32.532,41583.33
2026-08-03 15:00:00,32.532,32.532,32.514,32.515,36540.82
2026-08-03 15:05:00,32.515,32.536,32.494,32.535,90651.55
2026-08-03 15:10:00,32.535,32.56,32.528,32.534,123000.05
2026-08-03 15:15:00,32.534,32.551,32.439,32.482,8897.55
2026-08-03 15:20:00,32.482,32.524,32.466,32.475,80095.54
2026-08-03 15:25:00,32.475,32.523,32.46,32.505,39692.66
2026-08-03 15:30:00,32.505,32.545,32.467,32.48,46649.77
2026-08-03 15:35:00,32.48,32.565,32.407,32.551,16094.46
2026-08-03 15:40:00,32.551,32.592,32.465,32.478,82896.8
2026-08-03 15:45:00,32.478,32.602,32.356,32.575,118375.37
2026-08-03 15:50:00,32.575,32.604,32.493,32.516,8565.28
2026-08-03 15:55:00,32.516,32.57,32.498,32.535,15350.37
2026-08-03 16:00:00,32.535,32.539,32.475,32.533,8051.88
2026-08-03 16:05:00,32.533,32.578,32.529,32.555,611.83
2026-08-03 16:10:00,32.555,32.564,32.463,32.498,8418.11
2026-08-03 16:15:00,32.498,32.547,32.476,32.533,53670.1
2026-08-03 16:20:00,32.533,32.541,32.451,32.455,92627.91
2026-08-03 16:25:00,32.455,32.511,32.311,32.497,79992.76
2026-08-03 16:30:00,32.497,32.552,32.493,32.537,155.61
2026-08-03 16:35:00,32.537,32.549,32.468,32.482,55539.75
2026-08-03 16:40:00,32.482,32.585,32.363,32.567,91592.0
2026-08-03 16:45:00,32.567,32.613,32.51,32.521,10315.25
2026-08-03 16:50:00,32.521,32.563,32.52,32.546,10446.74
2026-08-03 16:55:00,32.546,32.606,32.522,32.575,136506.53
2026-08-03 17:00:00,32.575,32.594,32.557,32.577,326078.28
2026-08-03 17:05:00,32.577,32.608,32.543,32.567,75532.77
2026-08-03 17:10:00,32.567,32.586,32.509,32.512,11207.56
2026-08-03 17:15:00,32.512,32.628,32.501,32.573,11774.15
2026-08-03 17:20:00,32.573,32.59,32.535,32.539,40119.33
2026-08-03 17:25:00,32.539,32.566,32.535,32.551,8882.73
2026-08-03 17:30:00,32.551,32.553,32.485,32.509,4264.7
2026-08-03 17:35:00,32.509,32.521,32.504,32.505,70505.69
2026-08-03 17:40:00,32.505,32.528,32.468,32.476,15869.9
2026-08-03 17:45:00,32.476,32.561,32.405,32.544,70617.3
2026-08-03 17:50:00,32.544,32.559,32.516,32.555,35630.42
2026-08-03 17:55:00,32.555,32.569,32.518,32.567,2106.18
2026-08-03 18:00:00,32.567,32.615,32.558,32.596,41623.94
2026-08-03 18:05:00,32.596,32.638,32.521,32.636,39605.87
2026-08-03 18:10:00,32.636,32.719,32.516,32.546,987743.63
2026-08-03 18:15:00,32.546,32.593,32.499,32.504,15686.23
2026-08-03 18:20:00,32.504,32.526,32.478,32.515,31280.56
2026-08-03 18:25:00,32.515,32.581,32.496,32.574,39373.48
2026-08-03 18:30:00,32.574,32.617,32.52,32.616,4186.88
2026-08-03 18:35:00,32.616,32.674,32.598,32.634,36482.18
2026-08-03 18:40:00,32.634,32.659,32.592,32.63,70445.11
2026-08-03 18:45:00,32.63,32.676,32.623,32.644,23210.35
2026-08-03 18:50:00,32.644,32.694,32.589,32.607,175518.0
2026-08-03 18:55:00,32.607,32.628,32.601,32.625,63559.07
2026-08-03 19:00:00,32.625,32.665,32.589,32.599,77340.87
2026-08-03 19:05:00,32.599,32.679,32.541,32.583,10860.07
2026-08-03 19:10:00,32.583,32.636,32.547,32.566,1214.76
2026-08-03 19:15:00,32.566,32.57,32.477,32.522,122115.46
2026-08-03 19:20:00,32.522,32.553,32.471,32.548,58312.07
2026-08-03 19:25:00,32.548,32.561,32.525,32.552,56362.0
2026-08-03 19:30:00,32.552,32.559,32.502,32.511,136413.96
2026-08-03 19:35:00,32.511,32.531,32.465,32.521,18516.0
2026-08-03 19:40:00,32.521,32.641,32.491,32.64,81804.13
2026-08-03 19:45:00,32.64,32.672,32.631,32.66,76854.9
2026-08-03 19:50:00,32.66,32.691,32.639,32.688,2585.22
2026-08-03 19:55:00,32.688,32.701,32.606,32.661,75935.39
2026-08-03 20:00:00,32.661,32.725,32.601,32.632,427900.65
2026-08-03 20:05:00,32.632,32.713,32.605,32.691,90743.46
2026-08-03 20:10:00,32.691,32.751,32.624,32.651,120766.34
2026-08-03 20:15:00,32.651,32.758,32.591,32.602,23609.87
2026-08-03 20:20:00,32.602,32.622,32.559,32.574,26617.15
2026-08-03 20:25:00,32.574,32.637,32.561,32.609,21832.59
2026-08-03 20:30:00,32.609,32.64,32.561,32.564,60566.42
2026-08-03 20:35:00,32.564,32.627,32.547,32.572,26395.11
2026-08-03 20:40:00,32.572,32.581,32.57,32.57,17124.09
2026-08-03 20:45:00,32.57,32.656,32.568,32.647,15924.71
2026-08-03 20:50:00,32.647,32.652,32.555,32.558,86239.81
2026-08-03 20:55:00,32.558,32.572,32.538,32.571,719.64
2026-08-03 21:00:00,32.571,32.58,32.514,32.547,14096.06
2026-08-03 21:05:00,32.547,32.547,32.511,32.523,64377.08
2026-08-03 21:10:00,32.523,32.562,32.475,32.497,22955.79
2026-08-03 21:15:00,32.497,32.507,32.438,32.449,19731.32
2026-08-03 21:20:00,32.449,32.513,32.434,32.506,169074.33
2026-08-03 21:25:00,32.506,32.609,32.42,32.597,589497.33
2026-08-03 21:30:00,32.597,32.674,32.563,32.61,24951.53
2026-08-03 21:35:00,32.61,32.613,32.538,32.54,24472.57
2026-08-03 21:40:00,32.54,32.584,32.481,32.489,61559.28
2026-08-03 21:45:00,32.489,32.526,32.475,32.509,3191.7
2026-08-03 21:50:00,32.509,32.51,32.473,32.502,29167.52
2026-08-03 21:55:00,32.502,32.508,32.337,32.388,20349.85
2026-08-03 22:00:00,32.388,32.448,32.365,32.416,39978.59
2026-08-03 22:05:00,32.416,32.525,32.279,32.495,463751.74
2026-08-03 22:10:00,32.495,32.503,32.442,32.452,100545.31
2026-08-03 22:15:00,32.452,32.527,32.37,32.499,528322.89
2026-08-03 22:20:00,32.499,32.528,32.485,32.502,1516.9
2026-08-03 22:25:00,32.502,32.587,32.494,32.526,126071.24
2026-08-03 22:30:00,32.526,32.554,32.526,32.526,38406.49
2026-08-03 22:35:00,32.526,32.526,32.463,32.482,61506.92
2026-08-03 22:40:00,32.482,32.581,32.355,32.553,436426.8
2026-08-03 22:45:00,32.553,32.571,32.529,32.538,140486.82
2026-08-03 22:50:00,32.538,32.625,32.488,32.602,96254.87
2026-08-03 22:55:00,32.602,32.651,32.591,32.645,104755.18
2026-08-03 23:00:00,32.645,32.737,32.542,32.564,316736.44
2026-08-03 23:05:00,32.564,32.586,32.527,32.552,3634.74
2026-08-03 23:10:00,32.552,32.605,32.518,32.599,17593.96
2026-08-03 23:15:00,32.599,32.611,32.527,32.532,76448.87
2026-08-03 23:20:00,32.532,32.585,32.512,32.558,162068.9
2026-08-03 23:25:00,32.558,32.581,32.533,32.572,100924.94
2026-08-03 23:30:00,32.572,32.657,32.558,32.603,51197.65
2026-08-03 23:35:00,32.603,32.651,32.595,32.616,165095.89
2026-08-03 23:40:00,32.616,32.682,32.605,32.663,1161.2
2026-08-03 23:45:00,32.663,32.71,32.656,32.664,37556.98
2026-08-03 23:50:00,32.664,32.693,32.619,32.683,27323.99
2026-08-03 23:55:00,32.683,32.765,32.621,32.639,69042.08
2026-08-04 00:00:00,32.639,32.689,32.617,32.679,134579.8
2026-08-04 00:05:00,32.679,32.727,32.581,32.614,171403.47
2026-08-04 00:10:00,32.614,32.706,32.586,32.668,4727.21
2026-08-04 00:15:00,32.668,32.762,32.586,32.611,575193.42
2026-08-04 00:20:00,32.611,32.612,32.553,32.592,36172.93
2026-08-04 00:25:00,32.592,32.632,32.564,32.565,11507.76
2026-08-04 00:30:00,32.565,32.59,32.551,32.579,51620.99
2026-08-04 00:35:00,32.579,32.624,32.455,32.491,37407.01
2026-08-04 00:40:00,32.491,32.503,32.489,32.498,16936.16
2026-08-04 00:45:00,32.498,32.513,32.464,32.477,34081.34
2026-08-04 00:50:00,32.477,32.477,32.432,32.442,41644.46
2026-08-04 00:55:00,32.442,32.475,32.401,32.427,116795.39
2026-08-04 01:00:00,32.427,32.527,32.318,32.505,378329.71
2026-08-04 01:05:00,32.505,32.547,32.499,32.54,60778.4
2026-08-04 01:10:00,32.54,32.576,32.511,32.544,24955.75
2026-08-04 01:15:00,32.544,32.564,32.468,32.518,50777.72
2026-08-04 01:20:00,32.518,32.556,32.455,32.461,47431.68
2026-08-04 01:25:00,32.461,32.517,32.439,32.479,13517.63
2026-08-04 01:30:00,32.479,32.52,32.417,32.439,234.31
2026-08-04 01:35:00,32.439,32.442,32.391,32.412,10825.85
2026-08-04 01:40:00,32.412,32.429,32.398,32.413,64237.61
2026-08-04 01:45:00,32.413,32.469,32.374,32.451,38427.35
2026-08-04 01:50:00,32.451,32.517,32.421,32.453,29322.97
2026-08-04 01:55:00,32.453,32.506,32.433,32.489,45364.45
2026-08-04 02:00:00,32.489,32.553,32.467,32.491,96577.47
2026-08-04 02:05:00,32.491,32.51,32.457,32.476,71461.92
2026-08-04 02:10:00,32.476,32.546,32.464,32.531,19728.09
2026-08-04 02:15:00,32.531,32.558,32.507,32.523,201833.82
2026-08-04 02:20:00,32.523,32.539,32.486,32.502,22238.59
2026-08-04 02:25:00,32.502,32.518,32.483,32.513,51636.24
2026-08-04 02:30:00,32.513,32.596,32.51,32.566,16058.04
2026-08-04 02:35:00,32.566,32.574,32.497,32.524,19047.54
2026-08-04 02:40:00,32.524,32.561,32.463,32.483,227503.98
2026-08-04 02:45:00,32.483,32.496,32.467,32.482,86975.86
2026-08-04 02:50:00,32.482,32.521,32.453,32.521,41948.41
2026-08-04 02:55:00,32.521,32.528,32.5,32.514,35749.72
2026-08-04 03:00:00,32.514,32.574,32.498,32.555,3314.37
2026-08-04 03:05:00,32.555,32.557,32.504,32.505,5906.02
2026-08-04 03:10:00,32.505,32.558,32.491,32.545,4642.06
2026-08-04 03:15:00,32.545,32.565,32.502,32.512,219455.64
2026-08-04 03:20:00,32.512,32.546,32.488,32.525,9323.87
2026-08-04 03:25:00,32.525,32.551,32.449,32.474,2572.27
2026-08-04 03:30:00,32.474,32.496,32.461,32.477,73669.06
2026-08-04 03:35:00,32.477,32.487,32.448,32.452,22451.66
2026-08-04 03:40:00,32.452,32.453,32.389,32.397,273.17
2026-08-04 03:45:00,32.397,32.427,32.342,32.384,52010.73
2026-08-04 03:50:00,32.384,32.443,32.364,32.433,25240.32
2026-08-04 03:55:00,32.433,32.506,32.301,32.483,19514.62
2026-08-04 04:00:00,32.483,32.515,32.453,32.511,105221.72
2026-08-04 04:05:00,32.511,32.526,32.398,32.435,79400.55
2026-08-04 04:10:00,32.435,32.516,32.348,32.501,469393.25
2026-08-04 04:15:00,32.501,32.537,32.497,32.518,17744.4
2026-08-04 04:20:00,32.518,32.518,32.436,32.471,74157.78
2026-08-04 04:25:00,32.471,32.474,32.455,32.459,32260.44
2026-08-04 04:30:00,32.459,32.48,32.4,32.414,17048.04
2026-08-04 04:35:00,32.414,32.48,32.325,32.452,219755.68
2026-08-04 04:40:00,32.452,32.498,32.44,32.45,19888.66
2026-08-04 04:45:00,32.45,32.452,32.404,32.45,31152.55
2026-08-04 04:50:00,32.45,32.457,32.405,32.447,12834.17
2026-08-04 04:55:00,32.447,32.473,32.406,32.417,20315.92
2026-08-04 05:00:00,32.417,32.463,32.358,32.388,40956.51
2026-08-04 05:05:00,32.388,32.393,32.34,32.362,3446.26
2026-08-04 05:10:00,32.362,32.397,32.329,32.368,65692.33
2026-08-04 05:15:00,32.368,32.393,32.35,32.369,11853.34
2026-08-04 05:20:00,32.369,32.42,32.239,32.403,144666.87
2026-08-04 05:25:00,32.403,32.422,32.353,32.382,26549.71
2026-08-04 05:30:00,32.382,32.501,32.293,32.474,697786.22
2026-08-04 05:35:00,32.474,32.512,32.348,32.367,320716.87
2026-08-04 05:40:00,32.367,32.376,32.342,32.348,15815.61
2026-08-04 05:45:00,32.348,32.375,32.326,32.372,69520.0
2026-08-04 05:50:00,32.372,32.434,32.366,32.429,1279.85
2026-08-04 05:55:00,32.429,32.44,32.364,32.44,16079.53
2026-08-04 06:00:00,32.44,32.467,32.437,32.45,15220.63
2026-08-04 06:05:00,32.45,32.461,32.405,32.418,93359.3
2026-08-04 06:10:00,32.418,32.454,32.387,32.445,6885.8
2026-08-04 06:15:00,32.445,32.451,32.444,32.444,13748.75
2026-08-04 06:20:00,32.444,32.527,32.298,32.498,74099.9
2026-08-04 06:25:00,32.498,32.503,32.392,32.419,5704.71
2026-08-04 06:30:00,32.419,32.427,32.374,32.423,35987.04
2026-08-04 06:35:00,32.423,32.43,32.358,32.397,30092.95
2026-08-04 06:40:00,32.397,32.423,32.394,32.404,123532.9
2026-08-04 06:45:00,32.404,32.425,32.395,32.425,44776.71
2026-08-04 06:50:00,32.425,32.467,32.382,32.39,22255.61
2026-08-04 06:55:00,32.39,32.475,32.283,32.451,217139.19
2026-08-04 07:00:00,32.451,32.499,32.451,32.454,861.84
2026-08-04 07:05:00,32.454,32.471,32.44,32.444,52897.7
2026-08-04 07:10:00,32.444,32.533,32.37,32.518,110196.21
2026-08-04 07:15:00,32.518,32.598,32.496,32.582,43162.17
2026-08-04 07:20:00,32.582,32.677,32.581,32.643,23804.79
2026-08-04 07:25:00,32.643,32.705,32.583,32.675,39169.45
2026-08-04 07:30:00,32.675,32.697,32.652,32.667,72463.3
2026-08-04 07:35:00,32.667,32.722,32.657,32.697,233978.29
2026-08-04 07:40:00,32.697,32.798,32.638,32.658,81672.02
2026-08-04 07:45:00,32.658,32.671,32.651,32.653,107243.25
2026-08-04 07:50:00,32.653,32.785,32.563,32.584,146064.02
2026-08-04 07:55:00,32.584,32.631,32.569,32.607,56930.85
2026-08-04 08:00:00,32.607,32.656,32.597,32.615,31742.22
2026-08-04 08:05:00,32.615,32.635,32.59,32.602,66894.97
2026-08-04 08:10:00,32.602,32.621,32.56,32.581,12921.26
2026-08-04 08:15:00,32.581,32.677,32.568,32.658,53090.22
2026-08-04 08:20:00,32.658,32.677,32.626,32.632,33611.7
2026-08-04 08:25:00,32.632,32.701,32.61,32.678,16765.79
2026-08-04 08:30:00,32.678,32.695,32.617,32.623,60216.53
2026-08-04 08:35:00,32.623,32.749,32.547,32.58,6259.82
2026-08-04 08:40:00,32.58,32.695,32.552,32.662,17779.85
2026-08-04 08:45:00,32.662,32.746,32.644,32.726,13997.46
2026-08-04 08:50:00,32.726,32.75,32.653,32.676,40768.98
2026-08-04 08:55:00,32.676,32.704,32.665,32.69,34446.19
2026-08-04 09:00:00,32.69,32.794,32.66,32.782,40836.88
2026-08-04 09:05:00,32.782,32.916,32.733,32.751,496831.77
2026-08-04 09:10:00,32.751,32.814,32.654,32.669,1502435.09
2026-08-04 09:15:00,32.669,32.721,32.574,32.586,35810.55
2026-08-04 09:20:00,32.586,32.653,32.526,32.632,5774.6
2026-08-04 09:25:00,32.632,32.639,32.589,32.619,65498.91
2026-08-04 09:30:00,32.619,32.649,32.617,32.647,63865.76
2026-08-04 09:35:00,32.647,32.705,32.595,32.637,41426.77
2026-08-04 09:40:00,32.637,32.665,32.626,32.661,16380.28
2026-08-04 09:45:00,32.661,32.698,32.633,32.64,24461.56
2026-08-04 09:50:00,32.64,32.742,32.516,32.545,372992.55
2026-08-04 09:55:00,32.545,32.652,32.535,32.615,81782.03
2026-08-04 10:00:00,32.615,32.711,32.56,32.582,105749.73
2026-08-04 10:05:00,32.582,32.638,32.565,32.637,40220.14
2026-08-04 10:10:00,32.637,32.662,32.609,32.653,248346.68
2026-08-04 10:15:00,32.653,32.786,32.562,32.583,70527.21
2026-08-04 10:20:00,32.583,32.597,32.495,32.541,46632.43
2026-08-04 10:25:00,32.541,32.595,32.538,32.563,45844.64
2026-08-04 10:30:00,32.563,32.585,32.531,32.55,4690.0
2026-08-04 10:35:00,32.55,32.579,32.523,32.542,106601.11
2026-08-04 10:40:00,32.542,32.558,32.495,32.521,9828.38
2026-08-04 10:45:00,32.521,32.523,32.489,32.502,763.97
2026-08-04 10:50:00,32.502,32.519,32.485,32.492,48103.49
2026-08-04 10:55:00,32.492,32.517,32.489,32.515,70837.3
2026-08-04 11:00:00,32.515,32.529,32.45,32.469,59831.21
2026-08-04 11:05:00,32.469,32.479,32.392,32.418,50630.18
2026-08-04 11:10:00,32.418,32.437,32.287,32.324,33630.65
2026-08-04 11:15:00,32.324,32.358,32.275,32.283,90161.85
2026-08-04 11:20:00,32.283,32.377,32.178,32.353,60204.28
2026-08-04 11:25:00,32.353,32.399,32.331,32.356,2891.39
2026-08-04 11:30:00,32.356,32.428,32.352,32.405,4003.61
2026-08-04 11:35:00,32.405,32.41,32.376,32.392,39011.52
2026-08-04 11:40:00,32.392,32.397,32.338,32.359,33517.94
2026-08-04 11:45:00,32.359,32.427,32.358,32.371,49632.47
2026-08-04 11:50:00,32.371,32.378,32.359,32.364,1765.98
2026-08-04 11:55:00,32.364,32.378,32.346,32.369,8996.97
2026-08-04 12:00:00,32.369,32.411,32.291,32.338,14234.29
2026-08-04 12:05:00,32.338,32.404,32.322,32.34,4278.44
2026-08-04 12:10:00,32.34,32.384,32.319,32.362,42068.14
2026-08-04 12:15:00,32.362,32.37,32.357,32.362,77232.67
2026-08-04 12:20:00,32.362,32.376,32.318,32.336,30579.66
2026-08-04 12:25:00,32.336,32.42,32.249,32.397,67400.82
2026-08-04 12:30:00,32.397,32.397,32.364,32.381,127291.21
2026-08-04 12:35:00,32.381,32.431,32.378,32.406,83416.4
2026-08-04 12:40:00,32.406,32.425,32.4,32.42,86359.7
2026-08-04 12:45:00,32.42,32.433,32.401,32.421,30448.56
2026-08-04 12:50:00,32.421,32.462,32.411,32.449,15691.27
2026-08-04 12:55:00,32.449,32.459,32.36,32.384,104636.49
2026-08-04 13:00:00,32.384,32.392,32.344,32.371,116888.33
2026-08-04 13:05:00,32.371,32.374,32.328,32.339,33427.26
2026-08-04 13:10:00,32.339,32.446,32.244,32.423,127962.95
2026-08-04 13:15:00,32.423,32.515,32.414,32.469,1319.2
2026-08-04 13:20:00,32.469,32.485,32.334,32.413,20885.52
2026-08-04 13:25:00,32.413,32.509,32.367,32.488,109667.32
2026-08-04 13:30:00,32.488,32.58,32.472,32.56,95820.64
2026-08-04 13:35:00,32.56,32.668,32.517,32.667,63259.32
2026-08-04 13:40:00,32.667,32.727,32.615,32.687,175729.71
2026-08-04 13:45:00,32.687,32.743,32.685,32.703,15789.38
2026-08-04 13:50:00,32.703,32.843,32.682,32.833,100682.0
2026-08-04 13:55:00,32.833,32.849,32.784,32.847,45908.04
2026-08-04 14:00:00,32.847,32.869,32.82,32.836,77608.6
2026-08-04 14:05:00,32.836,32.89,32.807,32.858,66330.36
2026-08-04 14:10:00,32.858,32.903,32.846,32.887,132289.14
2026-08-04 14:15:00,32.887,32.956,32.862,32.913,13277.98
2026-08-04 14:20:00,32.913,33.032,32.835,32.861,118592.18
2026-08-04 14:25:00,32.861,32.9,32.848,32.894,52373.76
2026-08-04 14:30:00,32.894,32.957,32.843,32.953,15281.42
2026-08-04 14:35:00,32.953,33.063,32.913,32.927,49155.6
2026-08-04 14:40:00,32.927,32.947,32.889,32.941,6211.62
2026-08-04 14:45:00,32.941,33.086,32.836,32.863,682272.45
2026-08-04 14:50:00,32.863,32.933,32.844,32.889,89144.95
2026-08-04 14:55:00,32.889,32.977,32.85,32.965,60966.59
2026-08-04 15:00:00,32.965,33.071,32.911,32.936,218535.63
2026-08-04 15:05:00,32.936,32.965,32.922,32.95,45726.43
2026-08-04 15:10:00,32.95,32.959,32.931,32.955,138081.07
2026-08-04 15:15:00,32.955,33.009,32.883,32.908,220315.81
2026-08-04 15:20:00,32.908,32.96,32.846,32.938,82703.27
2026-08-04 15:25:00,32.938,32.969,32.898,32.936,30100.36
2026-08-04 15:30:00,32.936,33.017,32.878,32.897,27352.88
2026-08-04 15:35:00,32.897,32.927,32.845,32.918,51808.64
2026-08-04 15:40:00,32.918,32.992,32.864,32.962,36185.83
2026-08-04 15:45:00,32.962,33.042,32.956,33.038,41693.6
2026-08-04 15:50:00,33.038,33.052,32.982,32.985,2117.16
2026-08-04 15:55:00,32.985,33.115,32.869,32.893,193598.28
2026-08-04 16:00:00,32.893,32.907,32.89,32.894,44400.5
2026-08-04 16:05:00,32.894,32.911,32.84,32.862,128506.7
2026-08-04 16:10:00,32.862,32.969,32.831,32.946,20172.43
2026-08-04 16:15:00,32.946,32.977,32.889,32.894,12425.57
2026-08-04 16:20:00,32.894,32.912,32.879,32.908,78872.9
2026-08-04 16:25:00,32.908,32.973,32.902,32.952,295290.34
2026-08-04 16:30:00,32.952,32.996,32.918,32.972,179681.04
2026-08-04 16:35:00,32.972,33.013,32.927,32.941,10828.51
2026-08-04 16:40:00,32.941,32.961,32.916,32.922,2484.34
2026-08-04 16:45:00,32.922,32.975,32.905,32.941,37590.84
2026-08-04 16:50:00,32.941,32.962,32.916,32.951,68987.26
2026-08-04 16:55:00,32.951,32.997,32.853,32.872,7828.0
2026-08-04 17:00:00,32.872,32.898,32.838,32.841,13143.56
2026-08-04 17:05:00,32.841,32.872,32.825,32.865,33212.72
2026-08-04 17:10:00,32.865,32.918,32.821,32.832,14662.68
2026-08-04 17:15:00,32.832,32.891,32.785,32.887,15056.54
2026-08-04 17:20:00,32.887,32.914,32.841,32.909,89950.08
2026-08-04 17:25:00,32.909,32.914,32.884,32.89,57465.38
2026-08-04 17:30:00,32.89,32.964,32.86,32.962,8511.45
2026-08-04 17:35:00,32.962,33.005,32.948,32.962,26819.83
2026-08-04 17:40:00,32.962,32.968,32.933,32.94,39857.65
2026-08-04 17:45:00,32.94,32.944,32.848,32.872,1800.54
2026-08-04 17:50:00,32.872,32.891,32.829,32.85,4938.48
2026-08-04 17:55:00,32.85,32.903,32.843,32.86,14322.21
2026-08-04 18:00:00,32.86,32.869,32.859,32.862,83507.21
2026-08-04 18:05:00,32.862,32.901,32.808,32.859,61216.09
2026-08-04 18:10:00,32.859,32.896,32.847,32.863,16118.83
2026-08-04 18:15:00,32.863,32.904,32.853,32.868,32468.83
2026-08-04 18:20:00,32.868,32.922,32.857,32.901,5792.66
2026-08-04 18:25:00,32.901,32.949,32.818,32.825,111543.94
2026-08-04 18:30:00,32.825,32.848,32.806,32.834,8278.22
2026-08-04 18:35:00,32.834,32.891,32.768,32.834,46737.62
2026-08-04 18:40:00,32.834,32.843,32.788,32.817,14544.45
2026-08-04 18:45:00,32.817,32.864,32.771,32.838,308.84
2026-08-04 18:50:00,32.838,32.839,32.787,32.799,8808.52
2026-08-04 18:55:00,32.799,32.827,32.767,32.811,10292.95
2026-08-04 19:00:00,32.811,32.811,32.717,32.721,2265.59
2026-08-04 19:05:00,32.721,32.775,32.711,32.745,13349.48
2026-08-04 19:10:00,32.745,32.819,32.716,32.788,118038.3
2026-08-04 19:15:00,32.788,32.791,32.758,32.772,10739.73
2026-08-04 19:20:00,32.772,32.801,32.705,32.721,48925.44
2026-08-04 19:25:00,32.721,32.808,32.698,32.781,904.32
2026-08-04 19:30:00,32.781,32.885,32.704,32.856,41095.1
2026-08-04 19:35:00,32.856,32.887,32.82,32.884,38662.94
2026-08-04 19:40:00,32.884,32.887,32.829,32.842,11600.26
2026-08-04 19:45:00,32.842,32.851,32.805,32.82,68118.13
2026-08-04 19:50:00,32.82,32.821,32.697,32.702,21134.79
2026-08-04 19:55:00,32.702,32.703,32.678,32.694,31805.83
2026-08-04 20:00:00,32.694,32.789,32.613,32.756,32510.4
2026-08-04 20:05:00,32.756,32.807,32.695,32.792,1036668.46
2026-08-04 20:10:00,32.792,32.81,32.791,32.801,85673.78
2026-08-04 20:15:00,32.801,32.839,32.801,32.83,183.4
2026-08-04 20:20:00,32.83,32.886,32.808,32.886,15333.21
2026-08-04 20:25:00,32.886,32.887,32.852,32.866,50368.11
2026-08-04 20:30:00,32.866,32.877,32.855,32.857,30657.85
2026-08-04 20:35:00,32.857,32.883,32.818,32.854,22383.39
2026-08-04 20:40:00,32.854,32.872,32.784,32.8,12664.58
2026-08-04 20:45:00,32.8,32.82,32.675,32.702,29328.51
2026-08-04 20:50:00,32.702,32.704,32.683,32.688,2725.45
2026-08-04 20:55:00,32.688,32.693,32.668,32.684,96659.89
2026-08-04 21:00:00,32.684,32.781,32.576,32.762,69168.04
2026-08-04 21:05:00,32.762,32.769,32.685,32.686,2212.64
2026-08-04 21:10:00,32.686,32.724,32.682,32.693,8816.04
2026-08-04 21:15:00,32.693,32.705,32.691,32.694,34955.14
2026-08-04 21:20:00,32.694,32.702,32.675,32.688,479.32
2026-08-04 21:25:00,32.688,32.727,32.678,32.698,6085.5
2026-08-04 21:30:00,32.698,32.806,32.559,32.777,87466.85
2026-08-04 21:35:00,32.777,32.851,32.767,32.821,20563.06
2026-08-04 21:40:00,32.821,32.845,32.765,32.792,97223.16
2026-08-04 21:45:00,32.792,32.826,32.765,32.815,141593.92
2026-08-04 21:50:00,32.815,32.86,32.795,32.803,20779.92
2026-08-04 21:55:00,32.803,32.925,32.763,32.89,34469.59
2026-08-04 22:00:00,32.89,32.918,32.872,32.894,14630.8
2026-08-04 22:05:00,32.894,32.896,32.874,32.883,27807.41
2026-08-04 22:10:00,32.883,32.908,32.851,32.879,68729.6
2026-08-04 22:15:00,32.879,32.881,32.83,32.842,7686.63
2026-08-04 22:20:00,32.842,32.904,32.802,32.856,29846.45
2026-08-04 22:25:00,32.856,32.872,32.853,32.857,104300.88
2026-08-04 22:30:00,32.857,32.892,32.85,32.878,92695.06
2026-08-04 22:35:00,32.878,32.883,32.86,32.86,2929.98
2026-08-04 22:40:00,32.86,32.912,32.795,32.813,4034.18
2026-08-04 22:45:00,32.813,32.842,32.761,32.831,3964.21
2026-08-04 22:50:00,32.831,32.843,32.754,32.783,30717.49
2026-08-04 22:55:00,32.783,32.837,32.655,32.818,91961.93
2026-08-04 23:00:00,32.818,32.824,32.741,32.789,78354.14
2026-08-04 23:05:00,32.789,32.831,32.749,32.762,11172.66
2026-08-04 23:10:00,32.762,32.785,32.761,32.771,6232.69
2026-08-04 23:15:00,32.771,32.797,32.742,32.746,5114.55
2026-08-04 23:20:00,32.746,32.817,32.745,32.802,5540.53
2026-08-04 23:25:00,32.802,32.867,32.76,32.859,101036.48
2026-08-04 23:30:00,32.859,32.891,32.841,32.886,38422.66
2026-08-04 23:35:00,32.886,32.936,32.804,32.831,167709.1
2026-08-04 23:40:00,32.831,32.864,32.822,32.834,5204.3
2026-08-04 23:45:00,32.834,32.921,32.785,32.802,12459.41
2026-08-04 23:50:00,32.802,32.848,32.788,32.795,20785.04
2026-08-04 23:55:00,32.795,32.801,32.767,32.772,119776.49
2026-08-05 00:00:00,32.772,32.786,32.744,32.767,127024.77
2026-08-05 00:05:00,32.767,32.788,32.762,32.773,16139.61
2026-08-05 00:10:00,32.773,32.788,32.715,32.73,33653.39
2026-08-05 00:15:00,32.73,32.772,32.614,32.761,65578.39
2026-08-05 00:20:00,32.761,32.795,32.754,32.776,75954.12
2026-08-05 00:25:00,32.776,32.813,32.761,32.806,12855.33
2026-08-05 00:30:00,32.806,32.821,32.778,32.814,19201.85
2026-08-05 00:35:00,32.814,32.855,32.794,32.84,85514.43
2026-08-05 00:40:00,32.84,32.865,32.814,32.853,11127.45
2026-08-05 00:45:00,32.853,32.925,32.809,32.909,86440.22
2026-08-05 00:50:00,32.909,32.933,32.875,32.922,13374.24
2026-08-05 00:55:00,32.922,32.971,32.919,32.965,87088.58
2026-08-05 01:00:00,32.965,32.99,32.957,32.981,86295.78
2026-08-05 01:05:00,32.981,33.034,32.92,32.935,15122.56
2026-08-05 01:10:00,32.935,32.957,32.931,32.933,10861.78
2026-08-05 01:15:00,32.933,32.962,32.914,32.941,181691.14
2026-08-05 01:20:00,32.941,33.008,32.911,32.955,133619.82
2026-08-05 01:25:00,32.955,33.042,32.926,33.006,147.03
2026-08-05 01:30:00,33.006,33.01,32.984,33.0,119645.93
2026-08-05 01:35:00,33.0,33.036,32.965,32.995,36825.88
2026-08-05 01:40:00,32.995,33.001,32.965,32.991,9762.46
2026-08-05 01:45:00,32.991,33.002,32.954,32.956,75997.77
2026-08-05 01:50:00,32.956,33.01,32.897,32.913,142404.79
2026-08-05 01:55:00,32.913,32.913,32.888,32.9,178316.37
2026-08-05 02:00:00,32.9,32.916,32.859,32.902,917.42
2026-08-05 02:05:00,32.902,33.013,32.782,32.811,276142.56
2026-08-05 02:10:00,32.811,32.826,32.74,32.758,113279.68
2026-08-05 02:15:00,32.758,32.787,32.69,32.717,36626.73
2026-08-05 02:20:00,32.717,32.747,32.704,32.741,58199.69
2026-08-05 02:25:00,32.741,32.769,32.74,32.746,50818.3
2026-08-05 02:30:00,32.746,32.754,32.713,32.722,1311.45
2026-08-05 02:35:00,32.722,32.781,32.638,32.758,214328.51
2026-08-05 02:40:00,32.758,32.783,32.758,32.768,43642.08
2026-08-05 02:45:00,32.768,32.796,32.726,32.741,55049.84
2026-08-05 02:50:00,32.741,32.756,32.739,32.749,116470.45
2026-08-05 02:55:00,32.749,32.769,32.723,32.736,69940.1
2026-08-05 03:00:00,32.736,32.758,32.732,32.751,2147.73
2026-08-05 03:05:00,32.751,32.82,32.743,32.785,14532.18
2026-08-05 03:10:00,32.785,32.819,32.765,32.782,14875.84
2026-08-05 03:15:00,32.782,32.808,32.731,32.766,70064.38
2026-08-05 03:20:00,32.766,32.78,32.745,32.748,30173.37
2026-08-05 03:25:00,32.748,32.85,32.738,32.786,20085.17
2026-08-05 03:30:00,32.786,32.851,32.768,32.84,214.92
2026-08-05 03:35:00,32.84,32.863,32.767,32.772,116512.29
2026-08-05 03:40:00,32.772,32.857,32.632,32.827,681844.25
2026-08-05 03:45:00,32.827,32.855,32.815,32.848,143915.77
2026-08-05 03:50:00,32.848,32.876,32.782,32.788,24673.34
2026-08-05 03:55:00,32.788,32.83,32.765,32.78,38264.54
2026-08-05 04:00:00,32.78,32.867,32.658,32.85,37153.36
2026-08-05 04:05:00,32.85,32.85,32.787,32.814,74386.07
2026-08-05 04:10:00,32.814,32.852,32.744,32.76,4426.25
2026-08-05 04:15:00,32.76,32.839,32.76,32.773,8305.78
2026-08-05 04:20:00,32.773,32.817,32.634,32.801,308038.54
2026-08-05 04:25:00,32.801,32.805,32.784,32.785,18368.64
2026-08-05 04:30:00,32.785,32.825,32.778,32.807,19113.01
2026-08-05 04:35:00,32.807,32.863,32.797,32.854,52171.58
2026-08-05 04:40:00,32.854,32.877,32.801,32.87,27677.16
2026-08-05 04:45:00,32.87,32.876,32.835,32.86,10875.74
2026-08-05 04:50:00,32.86,32.883,32.79,32.821,215905.26
2026-08-05 04:55:00,32.821,32.856,32.772,32.832,44912.13
2026-08-05 05:00:00,32.832,32.842,32.804,32.807,118081.95
2026-08-05 05:05:00,32.807,32.854,32.806,32.828,55522.11
2026-08-05 05:10:00,32.828,32.834,32.774,32.784,55150.58
2026-08-05 05:15:00,32.784,32.841,32.781,32.816,46447.76
2026-08-05 05:20:00,32.816,32.829,32.772,32.79,88377.96
2026-08-05 05:25:00,32.79,32.827,32.79,32.815,34104.42
2026-08-05 05:30:00,32.815,32.82,32.778,32.81,82643.4
2026-08-05 05:35:00,32.81,32.855,32.776,32.848,32562.88
2026-08-05 05:40:00,32.848,32.858,32.845,32.85,113747.25
2026-08-05 05:45:00,32.85,32.897,32.839,32.871,16108.19
2026-08-05 05:50:00,32.871,32.895,32.847,32.858,41760.37
2026-08-05 05:55:00,32.858,32.887,32.737,32.774,8497.99
2026-08-05 06:00:00,32.774,32.849,32.701,32.723,51444.61
2026-08-05 06:05:00,32.723,32.789,32.71,32.751,34829.14
2026-08-05 06:10:00,32.751,32.774,32.738,32.763,29457.42
2026-08-05 06:15:00,32.763,32.773,32.748,32.755,133107.08
2026-08-05 06:20:00,32.755,32.797,32.733,32.769,37374.24
2026-08-05 06:25:00,32.769,32.798,32.703,32.718,3421.91
2026-08-05 06:30:00,32.718,32.771,32.654,32.666,93659.58
2026-08-05 06:35:00,32.666,32.687,32.638,32.638,17964.09
2026-08-05 06:40:00,32.638,32.642,32.56,32.601,38484.25
2026-08-05 06:45:00,32.601,32.656,32.536,32.646,154357.61
2026-08-05 06:50:00,32.646,32.693,32.607,32.627,14732.7
2026-08-05 06:55:00,32.627,32.655,32.614,32.615,35952.02
2026-08-05 07:00:00,32.615,32.735,32.503,32.707,286996.03
2026-08-05 07:05:00,32.707,32.782,32.693,32.776,20481.63
2026-08-05 07:10:00,32.776,32.816,32.761,32.815,21728.3
2026-08-05 07:15:00,32.815,32.894,32.802,32.892,52996.43
2026-08-05 07:20:00,32.892,32.932,32.847,32.926,45121.21
2026-08-05 07:25:00,32.926,32.954,32.865,32.879,34922.41
2026-08-05 07:30:00,32.879,32.981,32.872,32.949,6244.61
2026-08-05 07:35:00,32.949,32.962,32.879,32.932,4549.97
2026-08-05 07:40:00,32.932,32.979,32.917,32.957,22393.25
2026-08-05 07:45:00,32.957,32.974,32.877,32.895,180613.7
2026-08-05 07:50:00,32.895,32.905,32.863,32.873,38200.76
2026-08-05 07:55:00,32.873,32.883,32.866,32.866,19120.55
2026-08-05 08:00:00,32.866,32.926,32.761,32.793,277362.59
2026-08-05 08:05:00,32.793,32.831,32.765,32.767,39825.92
2026-08-05 08:10:00,32.767,32.861,32.765,32.793,52570.73
2026-08-05 08:15:00,32.793,32.877,32.782,32.873,44065.54
2026-08-05 08:20:00,32.873,32.907,32.79,32.817,125622.33
2026-08-05 08:25:00,32.817,32.846,32.782,32.831,72654.89
2026-08-05 08:30:00,32.831,32.861,32.787,32.858,80651.77
2026-08-05 08:35:00,32.858,32.89,32.796,32.826,122974.88
2026-08-05 08:40:00,32.826,32.859,32.785,32.811,42055.48
2026-08-05 08:45:00,32.811,32.864,32.794,32.844,19541.95
2026-08-05 08:50:00,32.844,32.846,32.814,32.826,81357.71
2026-08-05 08:55:00,32.826,32.843,32.813,32.825,17136.13
2026-08-05 09:00:00,32.825,32.906,32.799,32.884,43869.29
2026-08-05 09:05:00,32.884,32.911,32.826,32.843,68019.66
2026-08-05 09:10:00,32.843,32.871,32.836,32.857,19194.1
2026-08-05 09:15:00,32.857,32.918,32.842,32.88,27147.38
2026-08-05 09:20:00,32.88,32.932,32.846,32.901,147024.68
2026-08-05 09:25:00,32.901,32.948,32.885,32.925,26983.7
2026-08-05 09:30:00,32.925,32.96,32.889,32.891,8650.19
2026-08-05 09:35:00,32.891,33.018,32.797,32.815,88784.89
2026-08-05 09:40:00,32.815,32.822,32.73,32.752,15654.11
2026-08-05 09:45:00,32.752,32.788,32.654,32.669,18503.41
2026-08-05 09:50:00,32.669,32.685,32.58,32.602,42317.51
2026-08-05 09:55:00,32.602,32.68,32.517,32.651,349415.86
2026-08-05 10:00:00,32.651,32.775,32.593,32.744,13531.01
2026-08-05 10:05:00,32.744,32.805,32.691,32.748,34198.86
2026-08-05 10:10:00,32.748,32.809,32.72,32.802,26692.01
2026-08-05 10:15:00,32.802,32.83,32.781,32.804,27248.93
2026-08-05 10:20:00,32.804,32.82,32.793,32.816,65863.23
2026-08-05 10:25:00,32.816,32.862,32.753,32.839,36204.08
2026-08-05 10:30:00,32.839,32.853,32.802,32.804,53574.06
2026-08-05 10:35:00,32.804,32.816,32.752,32.787,35075.32
2026-08-05 10:40:00,32.787,32.88,32.763,32.847,61360.98
2026-08-05 10:45:00,32.847,32.903,32.839,32.9,17577.03
2026-08-05 10:50:00,32.9,33.038,32.819,32.851,14558.02
2026-08-05 10:55:00,32.851,32.888,32.801,32.884,64564.15
2026-08-05 11:00:00,32.884,32.893,32.847,32.853,34127.2
2026-08-05 11:05:00,32.853,32.88,32.834,32.876,152524.29
2026-08-05 11:10:00,32.876,32.886,32.856,32.876,22040.01
2026-08-05 11:15:00,32.876,32.907,32.847,32.9,1026.67
2026-08-05 11:20:00,32.9,32.977,32.867,32.944,99488.19
2026-08-05 11:25:00,32.944,32.995,32.862,32.883,2062.3
2026-08-05 11:30:00,32.883,32.913,32.766,32.809,181831.72
2026-08-05 11:35:00,32.809,32.85,32.758,32.769,13200.67
2026-08-05 11:40:00,32.769,32.831,32.755,32.81,21204.18
2026-08-05 11:45:00,32.81,32.828,32.801,32.818,3091.06
2026-08-05 11:50:00,32.818,32.822,32.747,32.771,24396.27
2026-08-05 11:55:00,32.771,32.799,32.748,32.799,17930.0
2026-08-05 12:00:00,32.799,32.825,32.779,32.822,18980.85
2026-08-05 12:05:00,32.822,32.905,32.789,32.888,68384.39
2026-08-05 12:10:00,32.888,32.896,32.786,32.853,55694.62
2026-08-05 12:15:00,32.853,32.877,32.793,32.836,77430.08
2026-08-05 12:20:00,32.836,32.837,32.823,32.829,58905.55
2026-08-05 12:25:00,32.829,32.871,32.816,32.843,13204.35
2026-08-05 12:30:00,32.843,32.878,32.773,32.787,86358.54
2026-08-05 12:35:00,32.787,32.828,32.785,32.82,36042.33
2026-08-05 12:40:00,32.82,32.835,32.804,32.829,39162.78
2026-08-05 12:45:00,32.829,32.863,32.815,32.848,320.23
2026-08-05 12:50:00,32.848,32.85,32.809,32.816,10614.89
2026-08-05 12:55:00,32.816,32.829,32.72,32.74,81284.62
2026-08-05 13:00:00,32.74,32.797,32.72,32.779,79684.75
2026-08-05 13:05:00,32.779,32.838,32.751,32.81,13330.68
2026-08-05 13:10:00,32.81,32.847,32.764,32.829,73291.21
2026-08-05 13:15:00,32.829,32.856,32.768,32.781,40820.63
2026-08-05 13:20:00,32.781,32.822,32.762,32.77,64322.03
2026-08-05 13:25:00,32.77,32.812,32.726,32.79,9083.75
2026-08-05 13:30:00,32.79,32.873,32.783,32.87,13415.13
2026-08-05 13:35:00,32.87,32.95,32.797,32.908,27256.5
2026-08-05 13:40:00,32.908,32.914,32.881,32.881,54871.3
2026-08-05 13:45:00,32.881,32.966,32.871,32.927,4271.26
2026-08-05 13:50:00,32.927,32.976,32.892,32.895,21626.29
2026-08-05 13:55:00,32.895,32.918,32.879,32.909,35285.23
2026-08-05 14:00:00,32.909,32.926,32.9,32.911,13641.64
2026-08-05 14:05:00,32.911,33.012,32.79,32.815,336563.84
2026-08-05 14:10:00,32.815,32.823,32.776,32.81,16606.39
2026-08-05 14:15:00,32.81,32.844,32.773,32.815,22703.64
2026-08-05 14:20:00,32.815,32.867,32.805,32.846,5993.25
2026-08-05 14:25:00,32.846,32.923,32.82,32.906,394.27
2026-08-05 14:30:00,32.906,32.979,32.88,32.967,27870.62
2026-08-05 14:35:00,32.967,33.096,32.875,32.893,66915.06
2026-08-05 14:40:00,32.893,32.946,32.875,32.92,33893.82
2026-08-05 14:45:00,32.92,32.961,32.904,32.95,194634.42
2026-08-05 14:50:00,32.95,33.036,32.888,32.905,249709.77
2026-08-05 14:55:00,32.905,32.918,32.882,32.911,14627.82
2026-08-05 15:00:00,32.911,32.963,32.884,32.946,98233.33
2026-08-05 15:05:00,32.946,32.971,32.935,32.936,38318.0
2026-08-05 15:10:00,32.936,32.946,32.896,32.897,16749.15
2026-08-05 15:15:00,32.897,32.937,32.887,32.912,97789.58
2026-08-05 15:20:00,32.912,32.942,32.91,32.934,39455.52
2026-08-05 15:25:00,32.934,32.993,32.908,32.982,14968.08
2026-08-05 15:30:00,32.982,33.042,32.866,32.888,677146.05
2026-08-05 15:35:00,32.888,32.922,32.849,32.849,12844.48
2026-08-05 15:40:00,32.849,32.869,32.822,32.836,15069.16
2026-08-05 15:45:00,32.836,32.899,32.836,32.879,24389.01
2026-08-05 15:50:00,32.879,32.899,32.853,32.861,21303.54
2026-08-05 15:55:00,32.861,32.878,32.828,32.851,47992.49
2026-08-05 16:00:00,32.851,32.898,32.829,32.832,12713.55
2026-08-05 16:05:00,32.832,32.91,32.832,32.883,44336.77
2026-08-05 16:10:00,32.883,32.941,32.876,32.941,81116.78
2026-08-05 16:15:00,32.941,32.965,32.894,32.907,125788.6
2026-08-05 16:20:00,32.907,33.034,32.877,33.018,41323.32
2026-08-05 16:25:00,33.018,33.06,33.017,33.044,84704.63
2026-08-05 16:30:00,33.044,33.064,33.027,33.028,5428.21
2026-08-05 16:35:00,33.028,33.149,32.931,32.951,344507.52
2026-08-05 16:40:00,32.951,32.983,32.887,32.903,68223.69
2026-08-05 16:45:00,32.903,32.957,32.893,32.944,5964.87
2026-08-05 16:50:00,32.944,33.063,32.861,32.878,65134.39
2026-08-05 16:55:00,32.878,32.921,32.856,32.864,43356.75
2026-08-05 17:00:00,32.864,32.888,32.854,32.877,30126.98
2026-08-05 17:05:00,32.877,32.994,32.856,32.949,161850.02
2026-08-05 17:10:00,32.949,33.007,32.909,32.995,9089.83
2026-08-05 17:15:00,32.995,33.078,32.957,33.033,242650.4
2026-08-05 17:20:00,33.033,33.05,32.974,33.017,7105.03
2026-08-05 17:25:00,33.017,33.121,33.002,33.085,47684.22
2026-08-05 17:30:00,33.085,33.11,33.059,33.105,40401.35
2026-08-05 17:35:00,33.105,33.149,33.041,33.05,46541.17
2026-08-05 17:40:00,33.05,33.091,33.037,33.088,12544.24
2026-08-05 17:45:00,33.088,33.214,32.989,33.005,253188.24
2026-08-05 17:50:00,33.005,33.095,32.909,32.923,17169.69
2026-08-05 17:55:00,32.923,32.933,32.884,32.911,102844.69
2026-08-05 18:00:00,32.911,32.919,32.877,32.919,9453.02
2026-08-05 18:05:00,32.919,33.038,32.86,32.877,157364.03
2026-08-05 18:10:00,32.877,32.889,32.846,32.86,101838.44
2026-08-05 18:15:00,32.86,32.895,32.794,32.813,25609.85
2026-08-05 18:20:00,32.813,32.843,32.791,32.799,19825.37
2026-08-05 18:25:00,32.799,32.84,32.786,32.815,52447.23
2026-08-05 18:30:00,32.815,32.834,32.786,32.804,71499.54
2026-08-05 18:35:00,32.804,32.872,32.8,32.834,23883.79
2026-08-05 18:40:00,32.834,32.841,32.816,32.837,32376.93
2026-08-05 18:45:00,32.837,32.87,32.823,32.869,154523.84
2026-08-05 18:50:00,32.869,32.875,32.832,32.856,18187.11
2026-08-05 18:55:00,32.856,32.857,32.799,32.831,56489.39
2026-08-05 19:00:00,32.831,32.856,32.83,32.852,10912.4
2026-08-05 19:05:00,32.852,32.878,32.778,32.813,56596.56
2026-08-05 19:10:00,32.813,32.814,32.809,32.81,17980.09
2026-08-05 19:15:00,32.81,32.841,32.802,32.831,61987.42
2026-08-05 19:20:00,32.831,32.861,32.813,32.847,28227.65
2026-08-05 19:25:00,32.847,32.877,32.835,32.839,31745.56
2026-08-05 19:30:00,32.839,32.869,32.807,32.832,53020.2
2026-08-05 19:35:00,32.832,32.92,32.776,32.899,692636.06
2026-08-05 19:40:00,32.899,32.983,32.889,32.974,102206.87
2026-08-05 19:45:00,32.974,32.989,32.881,32.894,18918.84
2026-08-05 19:50:00,32.894,32.902,32.85,32.892,62610.62
2026-08-05 19:55:00,32.892,32.979,32.864,32.942,119849.65
2026-08-05 20:00:00,32.942,32.962,32.905,32.907,38493.8
2026-08-05 20:05:00,32.907,32.924,32.846,32.889,35532.72
2026-08-05 20:10:00,32.889,32.937,32.87,32.93,53654.39
2026-08-05 20:15:00,32.93,32.943,32.917,32.936,33991.93
2026-08-05 20:20:00,32.936,33.0,32.915,32.972,60074.4
2026-08-05 20:25:00,32.972,33.023,32.966,33.016,13786.16
2026-08-05 20:30:00,33.016,33.024,32.989,33.023,77767.09
2026-08-05 20:35:00,33.023,33.086,32.997,33.074,24751.37
2026-08-05 20:40:00,33.074,33.082,33.026,33.04,58903.69
2026-08-05 20:45:00,33.04,33.06,32.989,33.019,9603.59
2026-08-05 20:50:00,33.019,33.04,32.928,32.957,43183.42
2026-08-05 20:55:00,32.957,32.974,32.937,32.952,3231.44
2026-08-05 21:00:00,32.952,32.984,32.885,32.929,76011.85
2026-08-05 21:05:00,32.929,32.958,32.88,32.909,30405.53
2026-08-05 21:10:00,32.909,32.962,32.854,32.894,43166.5
2026-08-05 21:15:00,32.894,32.931,32.809,32.854,55677.48
2026-08-05 21:20:00,32.854,32.882,32.799,32.839,3738.33
2026-08-05 21:25:00,32.839,32.872,32.787,32.806,115498.27
2026-08-05 21:30:00,32.806,32.838,32.77,32.775,29458.65
2026-08-05 21:35:00,32.775,32.827,32.76,32.78,2317.96
2026-08-05 21:40:00,32.78,32.815,32.666,32.719,55845.65
2026-08-05 21:45:00,32.719,32.73,32.704,32.718,10264.24
2026-08-05 21:50:00,32.718,32.773,32.692,32.743,4462.81
2026-08-05 21:55:00,32.743,32.757,32.717,32.751,141786.72
2026-08-05 22:00:00,32.751,32.839,32.699,32.818,129402.54
2026-08-05 22:05:00,32.818,32.836,32.798,32.824,5636.38
2026-08-05 22:10:00,32.824,32.887,32.822,32.849,103936.23
2026-08-05 22:15:00,32.849,32.899,32.748,32.885,173607.45
2026-08-05 22:20:00,32.885,33.002,32.866,32.988,103136.19
2026-08-05 22:25:00,32.988,33.01,32.876,32.923,104161.53
2026-08-05 22:30:00,32.923,32.946,32.909,32.935,146691.63
2026-08-05 22:35:00,32.935,33.005,32.923,32.984,67115.7
2026-08-05 22:40:00,32.984,33.022,32.947,33.005,10673.74
2026-08-05 22:45:00,33.005,33.084,32.992,33.063,13327.51
2026-08-05 22:50:00,33.063,33.138,33.062,33.116,89027.19
2026-08-05 22:55:00,33.116,33.195,33.035,33.048,106670.83
2026-08-05 23:00:00,33.048,33.06,32.998,33.025,20461.22
2026-08-05 23:05:00,33.025,33.049,33.025,33.041,28577.93
2026-08-05 23:10:00,33.041,33.118,32.934,32.964,74382.95
2026-08-05 23:15:00,32.964,33.024,32.956,33.015,34532.8
2026-08-05 23:20:00,33.015,33.033,33.009,33.014,3872.93
2026-08-05 23:25:00,33.014,33.026,32.944,32.959,18858.08
2026-08-05 23:30:00,32.959,32.987,32.95,32.958,8818.47
2026-08-05 23:35:00,32.958,33.012,32.892,32.918,45036.42
2026-08-05 23:40:00,32.918,32.98,32.913,32.969,1354.05
2026-08-05 23:45:00,32.969,32.996,32.965,32.981,41902.59
2026-08-05 23:50:00,32.981,32.994,32.928,32.939,18457.03
2026-08-05 23:55:00,32.939,32.968,32.869,32.899,26866.31
2026-08-06 00:00:00,32.899,32.955,32.875,32.953,28956.8
2026-08-06 00:05:00,32.953,32.964,32.879,32.894,32315.54
2026-08-06 00:10:00,32.894,32.939,32.891,32.928,132167.22
2026-08-06 00:15:00,32.928,32.935,32.904,32.909,41876.41
2026-08-06 00:20:00,32.909,32.918,32.898,32.901,45569.85
2026-08-06 00:25:00,32.901,32.92,32.867,32.915,30117.02
2026-08-06 00:30:00,32.915,32.931,32.893,32.901,6139.71
2026-08-06 00:35:00,32.901,32.915,32.836,32.85,101732.57
2026-08-06 00:40:00,32.85,32.873,32.842,32.85,66469.27
2026-08-06 00:45:00,32.85,32.916,32.824,32.906,64921.9
2026-08-06 00:50:00,32.906,32.909,32.841,32.869,69644.55
2026-08-06 00:55:00,32.869,32.875,32.811,32.819,187798.72
2026-08-06 01:00:00,32.819,32.854,32.8,32.816,10300.68
2026-08-06 01:05:00,32.816,32.907,32.794,32.849,11859.39
2026-08-06 01:10:00,32.849,32.878,32.816,32.822,23320.1
2026-08-06 01:15:00,32.822,32.867,32.771,32.864,4409.65
2026-08-06 01:20:00,32.864,32.922,32.846,32.915,37349.35
2026-08-06 01:25:00,32.915,32.988,32.908,32.961,2430.08
2026-08-06 01:30:00,32.961,32.979,32.898,32.923,84153.88
2026-08-06 01:35:00,32.923,32.95,32.879,32.886,10715.49
2026-08-06 01:40:00,32.886,32.964,32.838,32.945,16627.25
2026-08-06 01:45:00,32.945,32.949,32.863,32.885,7815.11
2026-08-06 01:50:00,32.885,32.906,32.881,32.9,79045.33
2026-08-06 01:55:00,32.9,32.923,32.881,32.9,6406.03
2026-08-06 02:00:00,32.9,32.91,32.895,32.902,23775.95
2026-08-06 02:05:00,32.902,32.933,32.883,32.93,26523.66
2026-08-06 02:10:00,32.93,32.968,32.907,32.967,52997.2
2026-08-06 02:15:00,32.967,33.048,32.949,33.039,18480.63
2026-08-06 02:20:00,33.039,33.055,33.037,33.05,35554.33
2026-08-06 02:25:00,33.05,33.171,32.954,32.983,9066.01
2026-08-06 02:30:00,32.983,33.032,32.98,33.016,55183.13
2026-08-06 02:35:00,33.016,33.034,32.992,32.997,115446.78
2026-08-06 02:40:00,32.997,33.017,32.938,32.992,54623.74
2026-08-06 02:45:00,32.992,33.028,32.977,33.001,6201.09
2026-08-06 02:50:00,33.001,33.079,33.001,33.015,107019.9
2026-08-06 02:55:00,33.015,33.026,32.98,32.992,15794.64
2026-08-06 03:00:00,32.992,32.994,32.945,32.957,111912.97
2026-08-06 03:05:00,32.957,32.959,32.905,32.925,56660.52
2026-08-06 03:10:00,32.925,32.956,32.91,32.925,115073.06
2026-08-06 03:15:00,32.925,32.958,32.891,32.912,7806.78
2026-08-06 03:20:00,32.912,32.926,32.834,32.875,103635.25
2026-08-06 03:25:00,32.875,32.902,32.861,32.899,63025.59
2026-08-06 03:30:00,32.899,32.937,32.892,32.91,29470.81
2026-08-06 03:35:00,32.91,33.002,32.88,32.958,30861.99
2026-08-06 03:40:00,32.958,33.035,32.947,32.984,8663.17
2026-08-06 03:45:00,32.984,32.989,32.889,32.901,8022.13
2026-08-06 03:50:00,32.901,32.91,32.819,32.842,64441.86
2026-08-06 03:55:00,32.842,32.868,32.826,32.847,37044.52
2026-08-06 04:00:00,32.847,32.894,32.829,32.881,19812.55
2026-08-06 04:05:00,32.881,32.898,32.84,32.842,39949.32
2026-08-06 04:10:00,32.842,32.919,32.833,32.89,76601.0
2026-08-06 04:15:00,32.89,32.928,32.849,32.906,22167.84
2026-08-06 04:20:00,32.906,32.991,32.881,32.954,16143.48
2026-08-06 04:25:00,32.954,33.005,32.947,33.005,1154.85
2026-08-06 04:30:00,33.005,33.032,32.949,32.972,120129.31
2026-08-06 04:35:00,32.972,32.976,32.907,32.922,6908.43
2026-08-06 04:40:00,32.922,32.941,32.88,32.892,197960.5
2026-08-06 04:45:00,32.892,32.956,32.883,32.916,3422.99
2026-08-06 04:50:00,32.916,33.007,32.881,32.981,53519.89
2026-08-06 04:55:00,32.981,33.002,32.959,32.994,6872.26
2026-08-06 05:00:00,32.994,33.088,32.93,32.945,747896.89
2026-08-06 05:05:00,32.945,32.977,32.905,32.923,997.52
2026-08-06 05:10:00,32.923,32.929,32.888,32.921,18861.81
2026-08-06 05:15:00,32.921,32.953,32.876,32.888,39613.7
2026-08-06 05:20:00,32.888,32.917,32.871,32.876,49233.47
2026-08-06 05:25:00,32.876,32.901,32.827,32.865,65061.09
2026-08-06 05:30:00,32.865,32.945,32.78,32.929,127783.11
2026-08-06 05:35:00,32.929,32.991,32.925,32.987,22930.29
2026-08-06 05:40:00,32.987,33.003,32.985,32.995,29919.04
2026-08-06 05:45:00,32.995,33.092,32.958,33.043,37199.72
2026-08-06 05:50:00,33.043,33.163,32.944,32.963,16852.7
2026-08-06 05:55:00,32.963,33.072,32.961,33.042,74166.2
2026-08-06 06:00:00,33.042,33.065,33.013,33.046,94095.47
2026-08-06 06:05:00,33.046,33.047,32.945,32.988,69497.62
2026-08-06 06:10:00,32.988,33.102,32.887,32.911,260374.16
2026-08-06 06:15:00,32.911,32.927,32.859,32.892,94974.95
2026-08-06 06:20:00,32.892,32.933,32.833,32.847,97967.5
2026-08-06 06:25:00,32.847,32.874,32.84,32.855,13671.32
2026-08-06 06:30:00,32.855,32.916,32.776,32.907,154448.92
2026-08-06 06:35:00,32.907,32.98,32.878,32.956,148527.72
2026-08-06 06:40:00,32.956,32.994,32.942,32.958,20308.41
2026-08-06 06:45:00,32.958,32.977,32.847,32.899,14666.88
2026-08-06 06:50:00,32.899,32.937,32.888,32.916,71343.91
2026-08-06 06:55:00,32.916,32.974,32.913,32.934,114712.77
2026-08-06 07:00:00,32.934,32.973,32.907,32.969,18950.7
2026-08-06 07:05:00,32.969,32.989,32.949,32.956,55819.99
2026-08-06 07:10:00,32.956,32.992,32.928,32.965,16506.6
2026-08-06 07:15:00,32.965,32.996,32.943,32.981,67258.39
2026-08-06 07:20:00,32.981,33.024,32.956,32.984,136193.4
2026-08-06 07:25:00,32.984,33.073,32.885,32.902,16246.21
2026-08-06 07:30:00,32.902,32.906,32.832,32.865,57550.52
2026-08-06 07:35:00,32.865,32.967,32.844,32.953,26562.84
2026-08-06 07:40:00,32.953,32.963,32.901,32.926,101130.79
2026-08-06 07:45:00,32.926,32.96,32.883,32.899,14688.22
2026-08-06 07:50:00,32.899,33.022,32.808,32.996,99374.73
2026-08-06 07:55:00,32.996,33.039,32.953,32.985,85639.5
2026-08-06 08:00:00,32.985,32.989,32.925,32.945,113576.57
2026-08-06 08:05:00,32.945,32.974,32.9,32.908,132067.93
2026-08-06 08:10:00,32.908,32.92,32.822,32.843,60373.76
2026-08-06 08:15:00,32.843,32.877,32.783,32.832,542.17
2026-08-06 08:20:00,32.832,32.905,32.728,32.894,79716.39
2026-08-06 08:25:00,32.894,32.954,32.844,32.941,27892.25
2026-08-06 08:30:00,32.941,32.948,32.91,32.936,30375.49
2026-08-06 08:35:00,32.936,33.006,32.887,32.959,90735.77
2026-08-06 08:40:00,32.959,32.98,32.885,32.921,86443.31
2026-08-06 08:45:00,32.921,32.927,32.893,32.908,5706.54
2026-08-06 08:50:00,32.908,33.049,32.903,33.014,58233.24
2026-08-06 08:55:00,33.014,33.06,32.968,33.043,26638.28
2026-08-06 09:00:00,33.043,33.05,32.971,33.004,11699.44
2026-08-06 09:05:00,33.004,33.034,32.955,32.966,127048.27
2026-08-06 09:10:00,32.966,33.043,32.954,33.029,46455.28
2026-08-06 09:15:00,33.029,33.042,32.988,33.037,28648.41
2026-08-06 09:20:00,33.037,33.058,32.985,33.016,20827.54
2026-08-06 09:25:00,33.016,33.097,32.958,32.987,417148.2
2026-08-06 09:30:00,32.987,33.07,32.965,33.035,40992.35
2026-08-06 09:35:00,33.035,33.148,32.955,32.987,669153.28
2026-08-06 09:40:00,32.987,33.089,32.91,32.926,142394.57
2026-08-06 09:45:00,32.926,32.95,32.774,32.806,79119.06
2026-08-06 09:50:00,32.806,32.815,32.775,32.8,89863.91
2026-08-06 09:55:00,32.8,32.805,32.723,32.767,53098.39
2026-08-06 10:00:00,32.767,32.792,32.727,32.736,19223.18
2026-08-06 10:05:00,32.736,32.758,32.697,32.754,51728.18
2026-08-06 10:10:00,32.754,32.835,32.694,32.799,4424.18
2026-08-06 10:15:00,32.799,32.834,32.734,32.789,24259.52
2026-08-06 10:20:00,32.789,32.798,32.703,32.74,39881.84
2026-08-06 10:25:00,32.74,32.75,32.705,32.72,87377.43
2026-08-06 10:30:00,32.72,32.776,32.717,32.734,52245.8
2026-08-06 10:35:00,32.734,32.753,32.704,32.737,132580.14
2026-08-06 10:40:00,32.737,32.823,32.713,32.809,105129.23
2026-08-06 10:45:00,32.809,32.821,32.79,32.816,138343.17
2026-08-06 10:50:00,32.816,32.819,32.735,32.751,85968.87
2026-08-06 10:55:00,32.751,32.76,32.713,32.753,81413.69
2026-08-06 11:00:00,32.753,32.795,32.751,32.782,95750.42
2026-08-06 11:05:00,32.782,32.799,32.706,32.713,5197.2
2026-08-06 11:10:00,32.713,32.744,32.701,32.728,271.23
2026-08-06 11:15:00,32.728,32.837,32.72,32.804,69215.71
2026-08-06 11:20:00,32.804,32.81,32.736,32.752,1170.21
2026-08-06 11:25:00,32.752,32.852,32.728,32.814,31693.99
2026-08-06 11:30:00,32.814,32.836,32.803,32.83,94412.98
2026-08-06 11:35:00,32.83,32.945,32.824,32.904,21897.45
2026-08-06 11:40:00,32.904,32.912,32.874,32.885,32213.8
2026-08-06 11:45:00,32.885,32.958,32.882,32.947,168136.54
2026-08-06 11:50:00,32.947,32.955,32.924,32.944,72293.25
2026-08-06 11:55:00,32.944,32.954,32.873,32.893,41225.32
2026-08-06 12:00:00,32.893,32.96,32.882,32.943,47843.04
2026-08-06 12:05:00,32.943,33.009,32.939,32.949,175523.44
2026-08-06 12:10:00,32.949,33.007,32.934,32.958,75165.38
2026-08-06 12:15:00,32.958,32.967,32.933,32.961,40366.93
2026-08-06 12:20:00,32.961,32.968,32.882,32.916,14183.12
2026-08-06 12:25:00,32.916,32.941,32.844,32.866,1313.69
2026-08-06 12:30:00,32.866,32.91,32.864,32.885,56000.16
2026-08-06 12:35:00,32.885,32.891,32.835,32.866,10991.73
2026-08-06 12:40:00,32.866,32.915,32.857,32.902,8670.73
2026-08-06 12:45:00,32.902,32.91,32.856,32.876,770.49
2026-08-06 12:50:00,32.876,32.93,32.864,32.9,81799.57
2026-08-06 12:55:00,32.9,32.989,32.893,32.986,15382.95
2026-08-06 13:00:00,32.986,33.018,32.959,33.009,61954.12
2026-08-06 13:05:00,33.009,33.041,32.937,32.938,37004.86
2026-08-06 13:10:00,32.938,33.017,32.925,33.011,54529.64
2026-08-06 13:15:00,33.011,33.049,32.942,32.972,10082.91
2026-08-06 13:20:00,32.972,33.003,32.956,32.99,11975.83
2026-08-06 13:25:00,32.99,32.997,32.956,32.959,4841.77
2026-08-06 13:30:00,32.959,32.964,32.91,32.92,44000.36
2026-08-06 13:35:00,32.92,32.942,32.891,32.935,53772.11
2026-08-06 13:40:00,32.935,32.941,32.863,32.893,6318.19
2026-08-06 13:45:00,32.893,32.913,32.851,32.872,15685.43
2026-08-06 13:50:00,32.872,32.898,32.857,32.86,112535.37
2026-08-06 13:55:00,32.86,32.89,32.856,32.864,29271.6
2026-08-06 14:00:00,32.864,32.867,32.836,32.845,4339.08
2026-08-06 14:05:00,32.845,32.906,32.839,32.866,7880.61
2026-08-06 14:10:00,32.866,32.899,32.754,32.797,3934.08
2026-08-06 14:15:00,32.797,32.838,32.775,32.818,6306.81
2026-08-06 14:20:00,32.818,32.853,32.787,32.852,65643.14
2026-08-06 14:25:00,32.852,32.868,32.816,32.853,150116.36
2026-08-06 14:30:00,32.853,32.866,32.847,32.859,133655.39
2026-08-06 14:35:00,32.859,32.883,32.769,32.805,52248.49
2026-08-06 14:40:00,32.805,32.838,32.769,32.804,9132.4
2026-08-06 14:45:00,32.804,32.855,32.792,32.814,28986.59
2026-08-06 14:50:00,32.814,32.848,32.778,32.827,157048.87
2026-08-06 14:55:00,32.827,32.861,32.801,32.823,74033.47
2026-08-06 15:00:00,32.823,32.904,32.813,32.895,2206.8
2026-08-06 15:05:00,32.895,32.993,32.877,32.949,41109.06
2026-08-06 15:10:00,32.949,32.963,32.934,32.946,26530.42
2026-08-06 15:15:00,32.946,32.96,32.942,32.958,44040.89
2026-08-06 15:20:00,32.958,32.969,32.893,32.903,18444.37
2026-08-06 15:25:00,32.903,32.942,32.882,32.921,19882.91
2026-08-06 15:30:00,32.921,32.937,32.846,32.87,35085.33
2026-08-06 15:35:00,32.87,32.887,32.862,32.864,97656.34
2026-08-06 15:40:00,32.864,32.923,32.837,32.92,67005.79
2026-08-06 15:45:00,32.92,32.972,32.876,32.958,99920.32
2026-08-06 15:50:00,32.958,32.968,32.921,32.928,15597.79
2026-08-06 15:55:00,32.928,32.955,32.902,32.947,146899.78
2026-08-06 16:00:00,32.947,32.966,32.935,32.961,1903.27
2026-08-06 16:05:00,32.961,32.973,32.941,32.952,15988.35
2026-08-06 16:10:00,32.952,32.962,32.851,32.888,27865.4
2026-08-06 16:15:00,32.888,32.97,32.879,32.95,61195.26
2026-08-06 16:20:00,32.95,33.027,32.864,32.89,334113.47
2026-08-06 16:25:00,32.89,32.905,32.889,32.899,39598.35
2026-08-06 16:30:00,32.899,32.899,32.854,32.865,3505.52
2026-08-06 16:35:00,32.865,32.888,32.816,32.836,8446.55
2026-08-06 16:40:00,32.836,32.881,32.818,32.871,10669.59
2026-08-06 16:45:00,32.871,32.958,32.847,32.935,625.31
2026-08-06 16:50:00,32.935,32.975,32.901,32.972,120001.58
2026-08-06 16:55:00,32.972,32.973,32.967,32.968,1134.98
2026-08-06 17:00:00,32.968,33.081,32.861,32.889,69736.35
2026-08-06 17:05:00,32.889,32.913,32.886,32.906,9221.58
2026-08-06 17:10:00,32.906,32.91,32.854,32.884,68690.79
2026-08-06 17:15:00,32.884,32.917,32.851,32.886,22589.8
2026-08-06 17:20:00,32.886,32.887,32.868,32.873,12104.56
2026-08-06 17:25:00,32.873,32.941,32.799,32.815,23378.92
2026-08-06 17:30:00,32.815,32.824,32.803,32.821,267452.16
2026-08-06 17:35:00,32.821,32.874,32.773,32.839,39279.11
2026-08-06 17:40:00,32.839,32.951,32.73,32.931,258983.3
2026-08-06 17:45:00,32.931,32.996,32.893,32.919,71754.64
2026-08-06 17:50:00,32.919,32.959,32.897,32.944,44391.46
2026-08-06 17:55:00,32.944,32.99,32.924,32.969,10245.3
2026-08-06 18:00:00,32.969,32.971,32.902,32.927,7596.13
2026-08-06 18:05:00,32.927,32.964,32.906,32.943,23333.4
2026-08-06 18:10:00,32.943,33.021,32.922,33.002,71702.37
2026-08-06 18:15:00,33.002,33.052,32.954,32.966,204844.74
2026-08-06 18:20:00,32.966,32.997,32.94,32.977,35312.01
2026-08-06 18:25:00,32.977,32.997,32.965,32.988,22952.39
2026-08-06 18:30:00,32.988,33.079,32.89,32.902,349186.53
2026-08-06 18:35:00,32.902,32.928,32.845,32.871,81989.11
2026-08-06 18:40:00,32.871,32.879,32.803,32.825,6061.07
2026-08-06 18:45:00,32.825,32.861,32.789,32.854,46713.29
2026-08-06 18:50:00,32.854,32.973,32.795,32.943,80425.62
2026-08-06 18:55:00,32.943,32.949,32.935,32.945,9184.15
2026-08-06 19:00:00,32.945,33.053,32.824,32.856,84597.56
2026-08-06 19:05:00,32.856,32.908,32.753,32.895,87172.08
2026-08-06 19:10:00,32.895,32.899,32.841,32.894,5104.59
2026-08-06 19:15:00,32.894,32.897,32.847,32.875,14475.24
2026-08-06 19:20:00,32.875,32.889,32.825,32.85,20834.08
2026-08-06 19:25:00,32.85,32.947,32.792,32.919,30063.79
2026-08-06 19:30:00,32.919,32.93,32.847,32.864,75450.59
2026-08-06 19:35:00,32.864,32.897,32.819,32.837,66782.1
2026-08-06 19:40:00,32.837,32.876,32.836,32.847,87072.14
2026-08-06 19:45:00,32.847,32.957,32.75,32.941,926890.51
2026-08-06 19:50:00,32.941,33.008,32.82,32.846,478190.04
2026-08-06 19:55:00,32.846,32.86,32.813,32.825,73349.11
2026-08-06 20:00:00,32.825,32.875,32.812,32.834,70909.87
2026-08-06 20:05:00,32.834,32.841,32.783,32.802,42685.57
2026-08-06 20:10:00,32.802,32.853,32.672,32.84,168609.09
2026-08-06 20:15:00,32.84,32.949,32.784,32.932,280524.97
2026-08-06 20:20:00,32.932,32.98,32.923,32.969,7735.09
2026-08-06 20:25:00,32.969,32.989,32.959,32.965,48586.6
2026-08-06 20:30:00,32.965,33.031,32.938,33.009,6361.42
2026-08-06 20:35:00,33.009,33.068,32.929,32.934,91043.11
2026-08-06 20:40:00,32.934,33.014,32.904,32.982,71413.01
2026-08-06 20:45:00,32.982,33.032,32.982,33.019,34076.58
2026-08-06 20:50:00,33.019,33.02,33.003,33.014,11650.87
2026-08-06 20:55:00,33.014,33.048,32.993,33.045,57784.02
2026-08-06 21:00:00,33.045,33.052,33.015,33.043,43958.25
2026-08-06 21:05:00,33.043,33.177,32.96,32.985,198528.77
2026-08-06 21:10:00,32.985,33.032,32.932,32.959,18137.11
2026-08-06 21:15:00,32.959,32.96,32.874,32.906,6570.37
2026-08-06 21:20:00,32.906,32.94,32.813,32.855,172586.44
2026-08-06 21:25:00,32.855,32.954,32.837,32.895,110036.79
2026-08-06 21:30:00,32.895,32.912,32.808,32.828,39017.58
2026-08-06 21:35:00,32.828,32.912,32.726,32.88,223722.22
2026-08-06 21:40:00,32.88,32.892,32.831,32.841,100793.94
2026-08-06 21:45:00,32.841,32.929,32.817,32.896,45584.55
2026-08-06 21:50:00,32.896,32.908,32.833,32.849,95999.82
2026-08-06 21:55:00,32.849,32.952,32.838,32.93,100977.39
2026-08-06 22:00:00,32.93,32.973,32.929,32.967,11399.16
2026-08-06 22:05:00,32.967,33.095,32.89,32.904,177787.03
2026-08-06 22:10:00,32.904,32.98,32.889,32.952,4078.67
2026-08-06 22:15:00,32.952,33.005,32.885,32.915,5783.25
2026-08-06 22:20:00,32.915,33.005,32.901,32.985,16597.39
2026-08-06 22:25:00,32.985,33.091,32.868,32.887,396172.55
2026-08-06 22:30:00,32.887,32.911,32.866,32.87,4099.9
2026-08-06 22:35:00,32.87,32.898,32.842,32.889,119754.33
2026-08-06 22:40:00,32.889,32.907,32.887,32.897,39665.42
2026-08-06 22:45:00,32.897,32.94,32.889,32.935,156274.11
2026-08-06 22:50:00,32.935,32.961,32.932,32.941,121030.11
2026-08-06 22:55:00,32.941,33.023,32.848,32.871,289005.01
2026-08-06 23:00:00,32.871,32.942,32.774,32.919,489403.33
2026-08-06 23:05:00,32.919,32.957,32.91,32.947,47824.42
2026-08-06 23:10:00,32.947,32.963,32.911,32.943,29511.0
2026-08-06 23:15:00,32.943,32.96,32.9,32.923,11901.81
2026-08-06 23:20:00,32.923,32.934,32.867,32.887,2051.81
2026-08-06 23:25:00,32.887,32.915,32.797,32.812,37026.24
2026-08-06 23:30:00,32.812,32.828,32.783,32.791,3593.36
2026-08-06 23:35:00,32.791,32.906,32.732,32.873,349133.69
2026-08-06 23:40:00,32.873,32.939,32.849,32.905,25875.2
2026-08-06 23:45:00,32.905,32.918,32.818,32.828,12747.9
2026-08-06 23:50:00,32.828,32.88,32.808,32.856,45656.59
2026-08-06 23:55:00,32.856,32.856,32.76,32.768,109291.22
2026-08-07 00:00:00,32.768,32.809,32.767,32.804,85810.04
2026-08-07 00:05:00,32.804,32.809,32.782,32.793,39676.38
2026-08-07 00:10:00,32.793,32.831,32.785,32.804,65901.59
2026-08-07 00:15:00,32.804,32.91,32.67,32.892,317616.77
2026-08-07 00:20:00,32.892,32.911,32.875,32.884,55231.67
2026-08-07 00:25:00,32.884,32.983,32.866,32.965,56910.96
2026-08-07 00:30:00,32.965,32.991,32.879,32.922,73815.77
2026-08-07 00:35:00,32.922,32.941,32.905,32.935,54320.76
2026-08-07 00:40:00,32.935,32.938,32.911,32.915,19318.53
2026-08-07 00:45:00,32.915,32.939,32.88,32.893,27505.57
2026-08-07 00:50:00,32.893,32.907,32.882,32.907,13709.65
2026-08-07 00:55:00,32.907,32.921,32.891,32.896,4433.22
2026-08-07 01:00:00,32.896,32.913,32.786,32.801,150526.83
2026-08-07 01:05:00,32.801,32.819,32.778,32.797,217962.26
2026-08-07 01:10:00,32.797,32.801,32.728,32.761,36617.1
2026-08-07 01:15:00,32.761,32.786,32.698,32.728,5533.19
2026-08-07 01:20:00,32.728,32.788,32.682,32.781,4200.08
2026-08-07 01:25:00,32.781,32.841,32.636,32.83,169438.51
2026-08-07 01:30:00,32.83,32.837,32.803,32.815,8443.35
2026-08-07 01:35:00,32.815,32.874,32.791,32.848,39885.06
2026-08-07 01:40:00,32.848,32.854,32.812,32.816,48997.86
2026-08-07 01:45:00,32.816,32.89,32.816,32.882,26944.23
2026-08-07 01:50:00,32.882,32.905,32.88,32.901,38217.63
2026-08-07 01:55:00,32.901,32.926,32.898,32.906,2365.37
2026-08-07 02:00:00,32.906,32.945,32.878,32.943,4875.63
2026-08-07 02:05:00,32.943,32.984,32.924,32.93,126223.42
2026-08-07 02:10:00,32.93,32.933,32.875,32.891,106057.68
2026-08-07 02:15:00,32.891,32.909,32.843,32.86,5350.44
2026-08-07 02:20:00,32.86,32.945,32.771,32.92,52501.43
2026-08-07 02:25:00,32.92,32.952,32.868,32.884,95198.46
2026-08-07 02:30:00,32.884,32.947,32.873,32.933,65073.76
2026-08-07 02:35:00,32.933,32.953,32.918,32.945,16555.67
2026-08-07 02:40:00,32.945,32.974,32.925,32.929,79865.55
2026-08-07 02:45:00,32.929,32.943,32.918,32.938,34554.33
2026-08-07 02:50:00,32.938,33.005,32.93,32.986,3777.45
2026-08-07 02:55:00,32.986,33.069,32.899,32.925,266188.1
2026-08-07 03:00:00,32.925,33.009,32.924,32.979,14544.63
2026-08-07 03:05:00,32.979,32.987,32.928,32.956,44536.19
2026-08-07 03:10:00,32.956,32.986,32.935,32.969,4800.38
2026-08-07 03:15:00,32.969,32.974,32.87,32.909,40159.09
2026-08-07 03:20:00,32.909,32.938,32.879,32.921,6834.24
2026-08-07 03:25:00,32.921,32.929,32.86,32.883,24936.15
2026-08-07 03:30:00,32.883,32.945,32.853,32.904,60228.74
2026-08-07 03:35:00,32.904,32.936,32.861,32.934,28190.58
2026-08-07 03:40:00,32.934,32.95,32.816,32.853,7186.88
2026-08-07 03:45:00,32.853,32.874,32.772,32.784,15921.53
2026-08-07 03:50:00,32.784,32.807,32.77,32.797,33789.05
2026-08-07 03:55:00,32.797,32.831,32.787,32.826,224.93
2026-08-07 04:00:00,32.826,32.957,32.82,32.956,55372.94
2026-08-07 04:05:00,32.956,33.045,32.898,32.914,78701.16
2026-08-07 04:10:00,32.914,32.92,32.836,32.881,9730.63
2026-08-07 04:15:00,32.881,32.934,32.832,32.84,45153.83
2026-08-07 04:20:00,32.84,32.884,32.81,32.869,226905.35
2026-08-07 04:25:00,32.869,32.907,32.845,32.901,19169.77
2026-08-07 04:30:00,32.901,32.903,32.854,32.871,158454.96
2026-08-07 04:35:00,32.871,32.911,32.854,32.887,43279.33
2026-08-07 04:40:00,32.887,32.891,32.848,32.851,33774.73
2026-08-07 04:45:00,32.851,32.891,32.833,32.869,38947.58
2026-08-07 04:50:00,32.869,32.896,32.815,32.839,104481.61
2026-08-07 04:55:00,32.839,32.843,32.78,32.798,145265.97
2026-08-07 05:00:00,32.798,32.821,32.725,32.77,25104.63
2026-08-07 05:05:00,32.77,32.827,32.666,32.805,203996.49
2026-08-07 05:10:00,32.805,32.809,32.771,32.773,1296.08
2026-08-07 05:15:00,32.773,32.863,32.655,32.834,170869.65
2026-08-07 05:20:00,32.834,32.909,32.832,32.906,33960.03
2026-08-07 05:25:00,32.906,32.977,32.899,32.959,32394.61
2026-08-07 05:30:00,32.959,32.96,32.866,32.879,101827.03
2026-08-07 05:35:00,32.879,32.89,32.863,32.872,13568.38
2026-08-07 05:40:00,32.872,32.882,32.822,32.827,69836.46
2026-08-07 05:45:00,32.827,32.834,32.822,32.833,10427.22
2026-08-07 05:50:00,32.833,32.844,32.826,32.827,11257.32
2026-08-07 05:55:00,32.827,32.852,32.797,32.847,1970.8
2026-08-07 06:00:00,32.847,32.888,32.842,32.858,53999.77
2026-08-07 06:05:00,32.858,32.861,32.806,32.842,54374.58
2026-08-07 06:10:00,32.842,32.903,32.813,32.867,74359.7
2026-08-07 06:15:00,32.867,32.87,32.854,32.858,18754.26
2026-08-07 06:20:00,32.858,32.949,32.842,32.929,34195.28
2026-08-07 06:25:00,32.929,32.955,32.894,32.917,18750.35
2026-08-07 06:30:00,32.917,32.94,32.893,32.913,54800.69
2026-08-07 06:35:00,32.913,32.965,32.887,32.955,70591.84
2026-08-07 06:40:00,32.955,32.986,32.952,32.98,38180.9
2026-08-07 06:45:00,32.98,33.016,32.968,32.976,19381.78
2026-08-07 06:50:00,32.976,32.984,32.974,32.979,71634.3
2026-08-07 06:55:00,32.979,33.092,32.868,32.895,9640.88
2026-08-07 07:00:00,32.895,32.938,32.883,32.918,34877.97
2026-08-07 07:05:00,32.918,32.922,32.89,32.918,29610.36
2026-08-07 07:10:00,32.918,33.01,32.893,32.974,5173.11
2026-08-07 07:15:00,32.974,33.038,32.897,32.928,262179.94
2026-08-07 07:20:00,32.928,32.932,32.84,32.886,213917.36
2026-08-07 07:25:00,32.886,32.937,32.875,32.897,15217.14
2026-08-07 07:30:00,32.897,32.958,32.892,32.93,22997.0
2026-08-07 07:35:00,32.93,32.943,32.919,32.922,2838.4
2026-08-07 07:40:00,32.922,33.065,32.817,32.836,303227.12
2026-08-07 07:45:00,32.836,32.881,32.82,32.859,70282.58
2026-08-07 07:50:00,32.859,32.866,32.819,32.849,32970.37
2026-08-07 07:55:00,32.849,32.884,32.81,32.875,61797.73
2026-08-07 08:00:00,32.875,32.911,32.844,32.897,68607.13
2026-08-07 08:05:00,32.897,32.913,32.834,32.877,6453.83
2026-08-07 08:10:00,32.877,32.919,32.789,32.795,51322.97
2026-08-07 08:15:00,32.795,32.938,32.785,32.899,14366.98
2026-08-07 08:20:00,32.899,32.955,32.859,32.936,27657.93
2026-08-07 08:25:00,32.936,32.963,32.926,32.958,13949.88
2026-08-07 08:30:00,32.958,33.061,32.87,32.888,105320.66
2026-08-07 08:35:00,32.888,32.948,32.88,32.924,22056.01
2026-08-07 08:40:00,32.924,33.033,32.907,32.986,10562.88
2026-08-07 08:45:00,32.986,33.039,32.98,33.009,63325.57
2026-08-07 08:50:00,33.009,33.063,33.001,33.047,7774.78
2026-08-07 08:55:00,33.047,33.154,32.961,32.972,123249.67
2026-08-07 09:00:00,32.972,33.041,32.866,32.877,219942.82
2026-08-07 09:05:00,32.877,32.9,32.857,32.89,25690.06
2026-08-07 09:10:00,32.89,32.941,32.878,32.904,35522.27
2026-08-07 09:15:00,32.904,32.927,32.821,32.856,141034.62
2026-08-07 09:20:00,32.856,32.865,32.841,32.851,62805.72
2026-08-07 09:25:00,32.851,32.884,32.806,32.841,240024.3
2026-08-07 09:30:00,32.841,32.859,32.788,32.81,65814.5
2026-08-07 09:35:00,32.81,32.906,32.678,32.894,120258.99
2026-08-07 09:40:00,32.894,32.976,32.877,32.954,33901.71
2026-08-07 09:45:00,32.954,32.991,32.9,32.927,275041.57
2026-08-07 09:50:00,32.927,33.049,32.873,32.889,170863.9
2026-08-07 09:55:00,32.889,32.907,32.882,32.903,65597.97
2026-08-07 10:00:00,32.903,32.985,32.875,32.969,44767.37
2026-08-07 10:05:00,32.969,33.112,32.936,33.061,2676.23
2026-08-07 10:10:00,33.061,33.178,33.034,33.162,16063.33
2026-08-07 10:15:00,33.162,33.276,33.088,33.113,18327.76
2026-08-07 10:20:00,33.113,33.209,32.999,33.019,402680.0
2026-08-07 10:25:00,33.019,33.086,32.992,33.049,23355.4
2026-08-07 10:30:00,33.049,33.083,32.992,33.035,73112.94
2026-08-07 10:35:00,33.035,33.092,33.023,33.061,38843.71
2026-08-07 10:40:00,33.061,33.063,33.005,33.014,106686.73
2026-08-07 10:45:00,33.014,33.155,32.934,32.952,74416.4
2026-08-07 10:50:00,32.952,32.952,32.903,32.911,50169.22
2026-08-07 10:55:00,32.911,32.966,32.893,32.924,10351.74
2026-08-07 11:00:00,32.924,32.933,32.89,32.899,8211.67
2026-08-07 11:05:00,32.899,32.946,32.883,32.887,20053.9
2026-08-07 11:10:00,32.887,32.911,32.884,32.91,25843.92
2026-08-07 11:15:00,32.91,32.921,32.846,32.856,31121.45
2026-08-07 11:20:00,32.856,32.877,32.833,32.87,15511.05
2026-08-07 11:25:00,32.87,32.883,32.846,32.882,3174.89
2026-08-07 11:30:00,32.882,32.905,32.878,32.904,32581.67
2026-08-07 11:35:00,32.904,32.921,32.837,32.854,1027.73
2026-08-07 11:40:00,32.854,32.916,32.788,32.886,200529.59
2026-08-07 11:45:00,32.886,32.889,32.8,32.816,79708.11
2026-08-07 11:50:00,32.816,32.901,32.763,32.88,429517.44
2026-08-07 11:55:00,32.88,32.919,32.869,32.906,44609.29
2026-08-07 12:00:00,32.906,32.997,32.886,32.984,41231.47
2026-08-07 12:05:00,32.984,33.04,32.958,33.005,23910.09
2026-08-07 12:10:00,33.005,33.036,32.958,32.976,4593.87
2026-08-07 12:15:00,32.976,32.99,32.905,32.986,77789.42
2026-08-07 12:20:00,32.986,32.991,32.925,32.93,1938.24
2026-08-07 12:25:00,32.93,32.939,32.926,32.934,135794.38
2026-08-07 12:30:00,32.934,32.951,32.92,32.938,3552.16
2026-08-07 12:35:00,32.938,32.952,32.923,32.933,104460.57
2026-08-07 12:40:00,32.933,32.972,32.93,32.937,150518.34
2026-08-07 12:45:00,32.937,32.943,32.862,32.9,75309.52
2026-08-07 12:50:00,32.9,32.926,32.837,32.89,768.22
2026-08-07 12:55:00,32.89,32.925,32.856,32.913,2517.07
2026-08-07 13:00:00,32.913,32.949,32.897,32.946,26668.21
2026-08-07 13:05:00,32.946,32.971,32.837,32.889,33036.1
2026-08-07 13:10:00,32.889,32.903,32.833,32.858,12799.8
2026-08-07 13:15:00,32.858,32.91,32.798,32.828,18997.94
2026-08-07 13:20:00,32.828,32.874,32.815,32.849,22078.9
2026-08-07 13:25:00,32.849,32.857,32.846,32.849,37321.8
2026-08-07 13:30:00,32.849,32.944,32.767,32.912,151784.14
2026-08-07 13:35:00,32.912,32.932,32.855,32.884,84768.45
2026-08-07 13:40:00,32.884,32.887,32.826,32.842,36360.86
2026-08-07 13:45:00,32.842,32.863,32.818,32.818,19730.99
2026-08-07 13:50:00,32.818,32.898,32.724,32.888,169546.75
2026-08-07 13:55:00,32.888,32.94,32.876,32.896,122535.5
2026-08-07 14:00:00,32.896,32.899,32.863,32.869,54668.84
2026-08-07 14:05:00,32.869,32.881,32.777,32.844,140292.38
2026-08-07 14:10:00,32.844,32.889,32.763,32.879,268250.83
2026-08-07 14:15:00,32.879,32.95,32.845,32.947,35342.91
2026-08-07 14:20:00,32.947,32.984,32.929,32.939,10326.93
2026-08-07 14:25:00,32.939,33.01,32.918,32.962,29159.63
2026-08-07 14:30:00,32.962,33.003,32.931,32.978,40456.41
2026-08-07 14:35:00,32.978,33.03,32.965,33.003,31151.77
2026-08-07 14:40:00,33.003,33.004,32.92,32.934,21827.89
2026-08-07 14:45:00,32.934,32.944,32.891,32.898,19489.99
2026-08-07 14:50:00,32.898,32.928,32.86,32.871,2858.77
2026-08-07 14:55:00,32.871,32.88,32.867,32.872,50871.73
2026-08-07 15:00:00,32.872,32.923,32.848,32.9,86736.79
2026-08-07 15:05:00,32.9,32.926,32.857,32.916,104778.92
2026-08-07 15:10:00,32.916,32.924,32.891,32.905,2922.85
2026-08-07 15:15:00,32.905,32.958,32.881,32.955,45246.11
2026-08-07 15:20:00,32.955,32.986,32.937,32.966,12750.21
2026-08-07 15:25:00,32.966,32.994,32.92,32.935,40469.91
2026-08-07 15:30:00,32.935,32.956,32.884,32.899,47007.66
2026-08-07 15:35:00,32.899,32.931,32.867,32.87,5465.21
2026-08-07 15:40:00,32.87,32.888,32.81,32.85,7529.64
2026-08-07 15:45:00,32.85,32.867,32.794,32.822,61581.35
2026-08-07 15:50:00,32.822,32.896,32.754,32.772,55369.02
2026-08-07 15:55:00,32.772,32.807,32.705,32.757,73378.56
2026-08-07 16:00:00,32.757,32.803,32.714,32.743,47923.28
2026-08-07 16:05:00,32.743,32.776,32.728,32.754,7767.42
2026-08-07 16:10:00,32.754,32.862,32.607,32.838,30270.3
2026-08-07 16:15:00,32.838,32.852,32.795,32.835,1992.13
2026-08-07 16:20:00,32.835,32.877,32.778,32.831,5616.79
2026-08-07 16:25:00,32.831,32.836,32.818,32.819,73335.54
2026-08-07 16:30:00,32.819,32.914,32.746,32.9,95286.49
2026-08-07 16:35:00,32.9,32.967,32.874,32.954,64593.27
2026-08-07 16:40:00,32.954,32.973,32.893,32.898,50570.99
2026-08-07 16:45:00,32.898,32.94,32.864,32.864,24365.09
2026-08-07 16:50:00,32.864,32.951,32.804,32.919,236657.9
2026-08-07 16:55:00,32.919,32.948,32.912,32.92,11386.56
2026-08-07 17:00:00,32.92,32.974,32.919,32.927,84086.2
2026-08-07 17:05:00,32.927,32.975,32.865,32.95,23155.42
2026-08-07 17:10:00,32.95,33.054,32.905,32.923,256403.7
2026-08-07 17:15:00,32.923,32.964,32.896,32.94,14818.97
2026-08-07 17:20:00,32.94,32.955,32.896,32.912,14706.91
2026-08-07 17:25:00,32.912,32.97,32.87,32.957,109.55
2026-08-07 17:30:00,32.957,33.062,32.917,32.931,1207.89
2026-08-07 17:35:00,32.931,33.038,32.927,32.971,10534.69
2026-08-07 17:40:00,32.971,32.979,32.963,32.967,23116.07
2026-08-07 17:45:00,32.967,32.98,32.94,32.957,64794.76
2026-08-07 17:50:00,32.957,33.007,32.858,32.879,142006.31
2026-08-07 17:55:00,32.879,32.892,32.824,32.836,80329.47
2026-08-07 18:00:00,32.836,32.892,32.783,32.805,26300.86
2026-08-07 18:05:00,32.805,32.82,32.752,32.762,123733.55
2026-08-07 18:10:00,32.762,32.816,32.671,32.791,674660.84
2026-08-07 18:15:00,32.791,32.876,32.739,32.855,284302.22
2026-08-07 18:20:00,32.855,32.911,32.84,32.911,14607.22
2026-08-07 18:25:00,32.911,32.949,32.899,32.938,86562.97
2026-08-07 18:30:00,32.938,33.011,32.902,32.988,47770.39
2026-08-07 18:35:00,32.988,33.113,32.958,33.058,40094.41
2026-08-07 18:40:00,33.058,33.085,33.031,33.07,54714.85
2026-08-07 18:45:00,33.07,33.089,33.0,33.023,743.36
2026-08-07 18:50:00,33.023,33.151,32.946,32.966,96074.31
2026-08-07 18:55:00,32.966,33.088,32.851,32.868,69326.17
2026-08-07 19:00:00,32.868,32.903,32.856,32.897,20252.08
2026-08-07 19:05:00,32.897,32.932,32.872,32.904,80874.95
2026-08-07 19:10:00,32.904,32.918,32.781,32.832,1217.78
2026-08-07 19:15:00,32.832,32.892,32.724,32.874,290356.39
2026-08-07 19:20:00,32.874,32.929,32.805,32.907,77700.02
2026-08-07 19:25:00,32.907,32.946,32.875,32.931,30265.1
2026-08-07 19:30:00,32.931,32.975,32.901,32.962,2701.96
2026-08-07 19:35:00,32.962,32.986,32.916,32.961,94872.91
2026-08-07 19:40:00,32.961,32.971,32.912,32.931,27102.6
2026-08-07 19:45:00,32.931,32.945,32.886,32.92,49290.15
2026-08-07 19:50:00,32.92,32.924,32.887,32.909,3102.22
2026-08-07 19:55:00,32.909,32.918,32.9,32.918,93182.91
2026-08-07 20:00:00,32.918,33.019,32.901,32.967,205069.22
2026-08-07 20:05:00,32.967,33.009,32.965,32.992,21091.36
2026-08-07 20:10:00,32.992,33.005,32.955,32.985,128209.88
2026-08-07 20:15:00,32.985,32.998,32.912,32.941,9849.12
2026-08-07 20:20:00,32.941,32.966,32.937,32.953,4833.48
2026-08-07 20:25:00,32.953,32.988,32.914,32.942,10176.94
2026-08-07 20:30:00,32.942,32.975,32.907,32.935,1896.96
2026-08-07 20:35:00,32.935,32.95,32.85,32.859,31024.59
2026-08-07 20:40:00,32.859,32.876,32.794,32.843,15797.01
2026-08-07 20:45:00,32.843,32.929,32.827,32.896,24245.81
2026-08-07 20:50:00,32.896,32.898,32.842,32.864,143846.48
2026-08-07 20:55:00,32.864,32.947,32.853,32.909,32834.8
2026-08-07 21:00:00,32.909,32.957,32.905,32.929,135644.66
2026-08-07 21:05:00,32.929,32.957,32.898,32.945,16518.67
2026-08-07 21:10:00,32.945,32.971,32.895,32.909,5683.76
2026-08-07 21:15:00,32.909,32.994,32.901,32.979,32479.19
2026-08-07 21:20:00,32.979,33.02,32.968,32.981,29556.77
2026-08-07 21:25:00,32.981,32.987,32.919,32.924,41217.1
2026-08-07 21:30:00,32.924,32.944,32.879,32.941,28897.94
2026-08-07 21:35:00,32.941,32.946,32.936,32.938,9751.45
2026-08-07 21:40:00,32.938,33.025,32.929,33.0,287.56
2026-08-07 21:45:00,33.0,33.014,32.984,32.993,8622.64
2026-08-07 21:50:00,32.993,32.995,32.943,32.944,78614.6
2026-08-07 21:55:00,32.944,32.99,32.931,32.973,69470.81
2026-08-07 22:00:00,32.973,33.01,32.933,32.946,9997.85
2026-08-07 22:05:00,32.946,32.95,32.888,32.935,35377.95
2026-08-07 22:10:00,32.935,32.972,32.935,32.946,48191.81
2026-08-07 22:15:00,32.946,32.958,32.89,32.904,1002.05
2026-08-07 22:20:00,32.904,32.953,32.884,32.946,192944.84
2026-08-07 22:25:00,32.946,32.982,32.928,32.98,58272.65
2026-08-07 22:30:00,32.98,33.009,32.976,33.0,106594.49
2026-08-07 22:35:00,33.0,33.009,32.883,32.907,3720.61
2026-08-07 22:40:00,32.907,32.92,32.875,32.889,76862.97
2026-08-07 22:45:00,32.889,32.892,32.874,32.883,44946.04
2026-08-07 22:50:00,32.883,32.955,32.839,32.911,8136.02
2026-08-07 22:55:00,32.911,33.047,32.905,33.028,55004.2
2026-08-07 23:00:00,33.028,33.038,33.004,33.008,37632.92
2026-08-07 23:05:00,33.008,33.067,32.906,32.924,66258.47
2026-08-07 23:10:00,32.924,32.93,32.853,32.885,10484.14
2026-08-07 23:15:00,32.885,32.888,32.835,32.854,35888.99
2026-08-07 23:20:00,32.854,32.856,32.807,32.828,65329.66
2026-08-07 23:25:00,32.828,32.914,32.817,32.883,110129.87
2026-08-07 23:30:00,32.883,32.941,32.841,32.923,2149.44
2026-08-07 23:35:00,32.923,32.995,32.895,32.988,70646.04
2026-08-07 23:40:00,32.988,33.011,32.947,32.958,39750.24
2026-08-07 23:45:00,32.958,32.994,32.918,32.99,7484.91
2026-08-07 23:50:00,32.99,33.027,32.963,33.027,14680.2
2026-08-07 23:55:00,33.027,33.055,33.014,33.017,214438.0
2026-08-08 00:00:00,33.017,33.062,33.011,33.056,55355.07
2026-08-08 00:05:00,33.056,33.117,33.04,33.113,11494.88
2026-08-08 00:10:00,33.113,33.138,33.096,33.122,58450.35
2026-08-08 00:15:00,33.122,33.159,33.099,33.148,15962.69
2026-08-08 00:20:00,33.148,33.195,33.132,33.168,141598.04
2026-08-08 00:25:00,33.168,33.223,33.1,33.127,14401.03
2026-08-08 00:30:00,33.127,33.197,33.067,33.091,412881.46
2026-08-08 00:35:00,33.091,33.1,33.004,33.027,21027.04
2026-08-08 00:40:00,33.027,33.092,32.985,33.023,7045.15
2026-08-08 00:45:00,33.023,33.072,33.004,33.056,5151.39
2026-08-08 00:50:00,33.056,33.103,33.016,33.097,19255.45
2026-08-08 00:55:00,33.097,33.113,33.057,33.071,17159.51
2026-08-08 01:00:00,33.071,33.108,33.048,33.105,44786.56
2026-08-08 01:05:00,33.105,33.148,33.086,33.128,24103.23
2026-08-08 01:10:00,33.128,33.2,33.118,33.18,111195.68
2026-08-08 01:15:00,33.18,33.292,33.132,33.146,1782.09
2026-08-08 01:20:00,33.146,33.276,33.045,33.059,341409.37
2026-08-08 01:25:00,33.059,33.199,33.013,33.031,12028.78
2026-08-08 01:30:00,33.031,33.108,33.029,33.106,6643.11
2026-08-08 01:35:00,33.106,33.212,33.019,33.045,433350.78
2026-08-08 01:40:00,33.045,33.179,32.932,32.955,234119.24
2026-08-08 01:45:00,32.955,32.979,32.837,32.875,44687.46
2026-08-08 01:50:00,32.875,32.966,32.825,32.94,593596.89
2026-08-08 01:55:00,32.94,32.951,32.879,32.907,28857.98
2026-08-08 02:00:00,32.907,32.955,32.907,32.925,14842.45
2026-08-08 02:05:00,32.925,32.927,32.891,32.903,65193.19
2026-08-08 02:10:00,32.903,33.007,32.874,32.943,1812.78
2026-08-08 02:15:00,32.943,33.066,32.927,33.043,18759.83
2026-08-08 02:20:00,33.043,33.064,32.991,33.037,90047.93
2026-08-08 02:25:00,33.037,33.046,32.957,32.962,37082.83
2026-08-08 02:30:00,32.962,32.999,32.939,32.941,58609.23
2026-08-08 02:35:00,32.941,32.987,32.927,32.951,1640.21
2026-08-08 02:40:00,32.951,32.99,32.944,32.98,14423.55
2026-08-08 02:45:00,32.98,33.087,32.904,32.926,519883.83
2026-08-08 02:50:00,32.926,32.96,32.85,32.858,125256.57
2026-08-08 02:55:00,32.858,32.912,32.774,32.886,6161.84
2026-08-08 03:00:00,32.886,32.904,32.837,32.846,1647.0
2026-08-08 03:05:00,32.846,32.924,32.714,32.897,33801.08
2026-08-08 03:10:00,32.897,32.902,32.844,32.85,32256.67
2026-08-08 03:15:00,32.85,32.865,32.83,32.861,140897.5
2026-08-08 03:20:00,32.861,32.915,32.858,32.913,39003.19
2026-08-08 03:25:00,32.913,32.913,32.874,32.896,90124.74
2026-08-08 03:30:00,32.896,32.969,32.852,32.933,13797.65
2026-08-08 03:35:00,32.933,32.99,32.925,32.964,48260.4
2026-08-08 03:40:00,32.964,32.972,32.905,32.907,166479.52
2026-08-08 03:45:00,32.907,32.98,32.856,32.954,21762.24
2026-08-08 03:50:00,32.954,33.085,32.937,33.065,6140.86
2026-08-08 03:55:00,33.065,33.127,33.035,33.122,26615.65
2026-08-08 04:00:00,33.122,33.214,33.076,33.088,40404.55
2026-08-08 04:05:00,33.088,33.097,33.013,33.066,17982.11
2026-08-08 04:10:00,33.066,33.117,33.065,33.114,81748.46
2026-08-08 04:15:00,33.114,33.181,33.084,33.137,13930.01
2026-08-08 04:20:00,33.137,33.164,33.134,33.159,21319.95
2026-08-08 04:25:00,33.159,33.163,33.135,33.149,8681.29
2026-08-08 04:30:00,33.149,33.192,33.126,33.168,24122.13
2026-08-08 04:35:00,33.168,33.201,33.115,33.123,136525.02
2026-08-08 04:40:00,33.123,33.209,33.023,33.05,133841.67
2026-08-08 04:45:00,33.05,33.063,33.028,33.061,9609.06
2026-08-08 04:50:00,33.061,33.065,33.057,33.058,212628.25
2026-08-08 04:55:00,33.058,33.105,33.019,33.101,68056.95
2026-08-08 05:00:00,33.101,33.159,33.053,33.143,11365.72
2026-08-08 05:05:00,33.143,33.158,33.129,33.149,10263.64
2026-08-08 05:10:00,33.149,33.167,33.135,33.166,11544.32
2026-08-08 05:15:00,33.166,33.268,33.143,33.227,38630.04
2026-08-08 05:20:00,33.227,33.272,33.2,33.254,12509.1
2026-08-08 05:25:00,33.254,33.267,33.221,33.239,22178.96
2026-08-08 05:30:00,33.239,33.364,33.139,33.165,504140.14
2026-08-08 05:35:00,33.165,33.272,33.094,33.124,331196.13
2026-08-08 05:40:00,33.124,33.135,33.072,33.11,86277.75
2026-08-08 05:45:00,33.11,33.142,33.058,33.086,72046.07
2026-08-08 05:50:00,33.086,33.117,33.08,33.115,7649.8
2026-08-08 05:55:00,33.115,33.165,32.999,33.031,190184.8
2026-08-08 06:00:00,33.031,33.035,32.991,33.012,45243.84
2026-08-08 06:05:00,33.012,33.019,32.956,32.978,10550.46
2026-08-08 06:10:00,32.978,32.99,32.957,32.964,18125.42
2026-08-08 06:15:00,32.964,32.992,32.933,32.949,152479.85
2026-08-08 06:20:00,32.949,33.001,32.886,32.991,4287.89
2026-08-08 06:25:00,32.991,33.032,32.987,33.029,95378.34
2026-08-08 06:30:00,33.029,33.033,33.009,33.029,52723.05
2026-08-08 06:35:00,33.029,33.048,32.909,32.946,50975.41
2026-08-08 06:40:00,32.946,32.981,32.92,32.951,52558.72
2026-08-08 06:45:00,32.951,32.975,32.908,32.939,125040.68
2026-08-08 06:50:00,32.939,32.957,32.92,32.937,67416.76
2026-08-08 06:55:00,32.937,32.963,32.9,32.933,60902.01
2026-08-08 07:00:00,32.933,32.947,32.89,32.91,8479.28
2026-08-08 07:05:00,32.91,32.953,32.781,32.937,53450.74
2026-08-08 07:10:00,32.937,32.961,32.921,32.946,25381.61
2026-08-08 07:15:00,32.946,32.952,32.902,32.914,18501.15
2026-08-08 07:20:00,32.914,32.932,32.891,32.915,43752.61
2026-08-08 07:25:00,32.915,32.919,32.882,32.885,37901.77
2026-08-08 07:30:00,32.885,32.973,32.742,32.946,28325.56
2026-08-08 07:35:00,32.946,32.963,32.928,32.929,84219.7
2026-08-08 07:40:00,32.929,32.954,32.883,32.924,19132.28
2026-08-08 07:45:00,32.924,33.046,32.821,33.014,34655.49
2026-08-08 07:50:00,33.014,33.067,32.992,33.041,43099.29
2026-08-08 07:55:00,33.041,33.134,33.03,33.079,5921.95
2026-08-08 08:00:00,33.079,33.196,33.061,33.171,4104.29
2026-08-08 08:05:00,33.171,33.173,33.087,33.126,39148.77
2026-08-08 08:10:00,33.126,33.13,33.113,33.116,98596.65
2026-08-08 08:15:00,33.116,33.164,33.105,33.15,49660.58
2026-08-08 08:20:00,33.15,33.18,33.116,33.154,8556.18
2026-08-08 08:25:00,33.154,33.162,33.134,33.155,103332.96
2026-08-08 08:30:00,33.155,33.165,33.124,33.148,45953.54
2026-08-08 08:35:00,33.148,33.189,33.134,33.177,718.65
2026-08-08 08:40:00,33.177,33.214,33.136,33.152,138307.75
2026-08-08 08:45:00,33.152,33.152,33.121,33.129,35492.68
2026-08-08 08:50:00,33.129,33.188,33.12,33.171,11669.36
2026-08-08 08:55:00,33.171,33.173,33.115,33.144,21335.45
2026-08-08 09:00:00,33.144,33.175,33.095,33.159,29222.6
2026-08-08 09:05:00,33.159,33.163,33.113,33.137,97699.89
2026-08-08 09:10:00,33.137,33.154,33.076,33.086,42560.52
2026-08-08 09:15:00,33.086,33.094,33.05,33.093,57668.86
2026-08-08 09:20:00,33.093,33.198,33.071,33.169,140440.51
2026-08-08 09:25:00,33.169,33.191,33.122,33.185,8725.71
2026-08-08 09:30:00,33.185,33.23,33.146,33.178,17142.46
2026-08-08 09:35:00,33.178,33.206,33.139,33.147,70204.6
2026-08-08 09:40:00,33.147,33.201,33.137,33.18,68018.81
2026-08-08 09:45:00,33.18,33.188,33.175,33.185,8248.78
2026-08-08 09:50:00,33.185,33.215,33.176,33.188,111754.63
2026-08-08 09:55:00,33.188,33.193,33.152,33.166,48339.01
2026-08-08 10:00:00,33.166,33.249,33.126,33.218,70353.54
2026-08-08 10:05:00,33.218,33.33,33.111,33.137,722916.89
2026-08-08 10:10:00,33.137,33.162,33.137,33.156,3678.06
2026-08-08 10:15:00,33.156,33.21,33.137,33.188,78875.77
2026-08-08 10:20:00,33.188,33.197,33.183,33.185,5814.56
2026-08-08 10:25:00,33.185,33.197,33.144,33.184,109144.94
2026-08-08 10:30:00,33.184,33.187,33.179,33.184,44132.49
2026-08-08 10:35:00,33.184,33.231,33.177,33.222,1163.9
2026-08-08 10:40:00,33.222,33.32,33.14,33.171,22782.76
2026-08-08 10:45:00,33.171,33.22,33.168,33.214,41985.45
2026-08-08 10:50:00,33.214,33.292,33.149,33.175,149095.72
2026-08-08 10:55:00,33.175,33.183,33.102,33.156,111633.79
2026-08-08 11:00:00,33.156,33.169,33.097,33.118,12456.3
2026-08-08 11:05:00,33.118,33.124,33.096,33.099,108252.08
2026-08-08 11:10:00,33.099,33.18,33.088,33.152,49288.82
2026-08-08 11:15:00,33.152,33.203,33.114,33.179,161354.73
2026-08-08 11:20:00,33.179,33.26,33.17,33.239,22092.75
2026-08-08 11:25:00,33.239,33.246,33.224,33.242,117541.76
2026-08-08 11:30:00,33.242,33.346,33.164,33.179,411540.27
2026-08-08 11:35:00,33.179,33.227,33.175,33.206,38359.86
2026-08-08 11:40:00,33.206,33.207,33.147,33.161,6182.74
2026-08-08 11:45:00,33.161,33.191,33.153,33.176,17685.77
2026-08-08 11:50:00,33.176,33.181,33.104,33.124,43267.27
2026-08-08 11:55:00,33.124,33.134,33.1,33.133,21408.48
2026-08-08 12:00:00,33.133,33.177,33.126,33.148,88462.47
2026-08-08 12:05:00,33.148,33.219,33.13,33.182,23302.85
2026-08-08 12:10:00,33.182,33.208,33.099,33.106,14066.55
2026-08-08 12:15:00,33.106,33.109,33.072,33.089,2975.83
2026-08-08 12:20:00,33.089,33.156,33.066,33.137,111054.46
2026-08-08 12:25:00,33.137,33.195,33.132,33.187,19543.79
2026-08-08 12:30:00,33.187,33.291,33.093,33.124,295332.25
2026-08-08 12:35:00,33.124,33.127,33.069,33.073,36996.82
2026-08-08 12:40:00,33.073,33.169,33.064,33.131,7414.18
2026-08-08 12:45:00,33.131,33.179,33.107,33.164,53666.37
2026-08-08 12:50:00,33.164,33.25,33.132,33.222,43702.86
2026-08-08 12:55:00,33.222,33.365,33.127,33.152,4056.96
2026-08-08 13:00:00,33.152,33.169,33.145,33.165,30433.05
2026-08-08 13:05:00,33.165,33.189,33.164,33.172,15662.71
2026-08-08 13:10:00,33.172,33.188,33.147,33.155,23281.43
2026-08-08 13:15:00,33.155,33.176,33.133,33.172,6523.71
2026-08-08 13:20:00,33.172,33.211,33.147,33.159,82807.82
2026-08-08 13:25:00,33.159,33.232,33.125,33.226,33725.44
2026-08-08 13:30:00,33.226,33.369,33.118,33.143,97815.39
2026-08-08 13:35:00,33.143,33.208,33.128,33.174,19534.05
2026-08-08 13:40:00,33.174,33.222,33.164,33.194,50709.56
2026-08-08 13:45:00,33.194,33.291,33.167,33.281,109522.63
2026-08-08 13:50:00,33.281,33.376,33.153,33.183,9535.49
2026-08-08 13:55:00,33.183,33.259,33.123,33.144,222434.12
2026-08-08 14:00:00,33.144,33.198,33.123,33.127,93489.83
2026-08-08 14:05:00,33.127,33.157,33.086,33.095,129769.98
2026-08-08 14:10:00,33.095,33.132,32.999,33.038,34883.74
2026-08-08 14:15:00,33.038,33.055,32.994,33.005,4609.12
2026-08-08 14:20:00,33.005,33.008,32.961,32.972,19074.74
2026-08-08 14:25:00,32.972,32.98,32.965,32.974,110336.26
2026-08-08 14:30:00,32.974,33.002,32.913,32.956,74805.38
2026-08-08 14:35:00,32.956,32.976,32.869,32.881,4071.19
2026-08-08 14:40:00,32.881,32.943,32.768,32.916,353700.32
2026-08-08 14:45:00,32.916,32.965,32.893,32.964,9519.19
2026-08-08 14:50:00,32.964,32.967,32.953,32.959,56983.14
2026-08-08 14:55:00,32.959,32.987,32.907,32.973,38863.41
2026-08-08 15:00:00,32.973,32.975,32.9,32.943,2963.5
2026-08-08 15:05:00,32.943,32.985,32.936,32.978,196.3
2026-08-08 15:10:00,32.978,33.004,32.978,32.988,18599.16
2026-08-08 15:15:00,32.988,33.002,32.952,32.958,86338.45
2026-08-08 15:20:00,32.958,32.989,32.955,32.971,9885.16
2026-08-08 15:25:00,32.971,33.011,32.95,32.983,43234.69
2026-08-08 15:30:00,32.983,33.08,32.98,33.043,20519.95
2026-08-08 15:35:00,33.043,33.127,32.969,33.092,113452.64
2026-08-08 15:40:00,33.092,33.116,33.067,33.111,3677.31
2026-08-08 15:45:00,33.111,33.147,33.105,33.134,156.2
2026-08-08 15:50:00,33.134,33.182,33.05,33.105,7183.48
2026-08-08 15:55:00,33.105,33.135,33.021,33.049,59286.56
2026-08-08 16:00:00,33.049,33.065,33.02,33.032,1747.57
2026-08-08 16:05:00,33.032,33.063,33.023,33.024,26802.35
2026-08-08 16:10:00,33.024,33.084,32.993,33.039,12161.49
2026-08-08 16:15:00,33.039,33.075,32.994,33.067,5383.72
2026-08-08 16:20:00,33.067,33.084,33.028,33.045,139528.86
2026-08-08 16:25:00,33.045,33.069,32.964,32.982,37507.98
2026-08-08 16:30:00,32.982,32.986,32.95,32.952,155393.97
2026-08-08 16:35:00,32.952,33.034,32.928,32.952,43686.76
2026-08-08 16:40:00,32.952,32.986,32.95,32.955,12930.87
2026-08-08 16:45:00,32.955,33.057,32.917,33.038,55632.32
2026-08-08 16:50:00,33.038,33.103,33.008,33.101,2282.18
2026-08-08 16:55:00,33.101,33.115,33.007,33.023,25569.32
2026-08-08 17:00:00,33.023,33.056,32.944,32.954,43727.34
2026-08-08 17:05:00,32.954,32.991,32.951,32.955,7446.74
2026-08-08 17:10:00,32.955,33.024,32.928,33.012,189.85
2026-08-08 17:15:00,33.012,33.044,32.98,32.987,56119.73
2026-08-08 17:20:00,32.987,32.996,32.924,32.955,41275.95
2026-08-08 17:25:00,32.955,32.971,32.919,32.968,160174.41
2026-08-08 17:30:00,32.968,33.068,32.947,33.009,7996.96
2026-08-08 17:35:00,33.009,33.025,32.937,32.972,27174.98
2026-08-08 17:40:00,32.972,33.055,32.938,33.031,29897.74
2026-08-08 17:45:00,33.031,33.094,33.027,33.077,51773.66
2026-08-08 17:50:00,33.077,33.146,33.044,33.125,49967.44
2026-08-08 17:55:00,33.125,33.156,33.103,33.114,40852.47
2026-08-08 18:00:00,33.114,33.12,33.091,33.113,62034.48
2026-08-08 18:05:00,33.113,33.148,33.098,33.14,3244.42
2026-08-08 18:10:00,33.14,33.163,33.128,33.154,88306.72
2026-08-08 18:15:00,33.154,33.164,33.128,33.154,16978.85
2026-08-08 18:20:00,33.154,33.173,33.15,33.171,91655.95
2026-08-08 18:25:00,33.171,33.195,33.152,33.166,48740.6
2026-08-08 18:30:00,33.166,33.194,33.127,33.171,23552.41
2026-08-08 18:35:00,33.171,33.181,33.116,33.14,21828.1
2026-08-08 18:40:00,33.14,33.178,33.134,33.17,79495.07
2026-08-08 18:45:00,33.17,33.187,33.116,33.145,22490.94
2026-08-08 18:50:00,33.145,33.209,33.103,33.165,70398.68
2026-08-08 18:55:00,33.165,33.166,33.041,33.099,24830.74
2026-08-08 19:00:00,33.099,33.147,33.075,33.126,8593.97
2026-08-08 19:05:00,33.126,33.128,33.024,33.073,123908.83
2026-08-08 19:10:00,33.073,33.122,33.066,33.076,15455.38
2026-08-08 19:15:00,33.076,33.105,33.028,33.043,69416.02
2026-08-08 19:20:00,33.043,33.089,33.028,33.041,24137.28
2026-08-08 19:25:00,33.041,33.121,33.019,33.109,79175.65
2026-08-08 19:30:00,33.109,33.176,33.101,33.146,7428.57
2026-08-08 19:35:00,33.146,33.171,33.143,33.158,822.26
2026-08-08 19:40:00,33.158,33.197,33.108,33.136,126871.52
2026-08-08 19:45:00,33.136,33.142,33.082,33.087,10351.95
2026-08-08 19:50:00,33.087,33.113,33.045,33.061,75735.02
2026-08-08 19:55:00,33.061,33.145,32.997,33.1,44810.67
2026-08-08 20:00:00,33.1,33.133,33.04,33.119,32147.51
2026-08-08 20:05:00,33.119,33.123,33.063,33.076,25905.45
2026-08-08 20:10:00,33.076,33.089,33.023,33.026,117955.69
2026-08-08 20:15:00,33.026,33.095,33.016,33.079,21356.11
2026-08-08 20:20:00,33.079,33.109,33.06,33.1,48121.08
2026-08-08 20:25:00,33.1,33.124,33.009,33.055,20995.91
2026-08-08 20:30:00,33.055,33.088,33.047,33.079,23975.72
2026-08-08 20:35:00,33.079,33.088,33.054,33.069,20120.9
2026-08-08 20:40:00,33.069,33.088,33.021,33.023,83754.55
2026-08-08 20:45:00,33.023,33.034,32.959,32.985,41247.32
2026-08-08 20:50:00,32.985,33.058,32.845,33.044,395034.74
2026-08-08 20:55:00,33.044,33.063,33.003,33.031,27561.78
2026-08-08 21:00:00,33.031,33.057,33.022,33.045,13187.74
2026-08-08 21:05:00,33.045,33.083,33.041,33.048,51941.66
2026-08-08 21:10:00,33.048,33.069,33.0,33.022,91290.23
2026-08-08 21:15:00,33.022,33.112,33.011,33.102,13516.02
2026-08-08 21:20:00,33.102,33.122,33.074,33.091,50596.57
2026-08-08 21:25:00,33.091,33.196,33.066,33.156,2163.35
2026-08-08 21:30:00,33.156,33.192,33.149,33.191,40813.77
2026-08-08 21:35:00,33.191,33.201,33.176,33.185,58991.78
2026-08-08 21:40:00,33.185,33.271,33.146,33.157,96824.04
2026-08-08 21:45:00,33.157,33.204,33.143,33.185,104759.55
2026-08-08 21:50:00,33.185,33.203,33.181,33.189,14747.69
2026-08-08 21:55:00,33.189,33.221,33.18,33.207,36092.15
2026-08-08 22:00:00,33.207,33.349,33.118,33.136,17740.09
2026-08-08 22:05:00,33.136,33.14,33.04,33.044,9679.47
2026-08-08 22:10:00,33.044,33.111,33.025,33.099,22353.14
2026-08-08 22:15:00,33.099,33.127,33.078,33.079,16982.81
2026-08-08 22:20:00,33.079,33.09,33.058,33.07,18228.59
2026-08-08 22:25:00,33.07,33.132,33.039,33.12,14200.7
2026-08-08 22:30:00,33.12,33.265,33.056,33.075,200778.41
2026-08-08 22:35:00,33.075,33.093,33.056,33.082,399.34
2026-08-08 22:40:00,33.082,33.113,33.05,33.078,26720.79
2026-08-08 22:45:00,33.078,33.1,33.056,33.075,60969.1
2026-08-08 22:50:00,33.075,33.077,33.062,33.064,55259.0
2026-08-08 22:55:00,33.064,33.071,32.994,33.003,14716.35
2026-08-08 23:00:00,33.003,33.092,32.922,33.073,5419.0
2026-08-08 23:05:00,33.073,33.083,33.065,33.066,46715.97
2026-08-08 23:10:00,33.066,33.112,33.048,33.085,15151.7
2026-08-08 23:15:00,33.085,33.185,33.071,33.168,83078.97
2026-08-08 23:20:00,33.168,33.2,33.159,33.187,42942.27
2026-08-08 23:25:00,33.187,33.215,33.123,33.13,64480.06
2026-08-08 23:30:00,33.13,33.188,33.129,33.17,48235.55
2026-08-08 23:35:00,33.17,33.21,33.156,33.157,39691.64
2026-08-08 23:40:00,33.157,33.161,33.052,33.064,43855.66
2026-08-08 23:45:00,33.064,33.078,33.003,33.032,9885.83
2026-08-08 23:50:00,33.032,33.071,33.009,33.046,61557.9
2026-08-08 23:55:00,33.046,33.095,33.033,33.069,113759.48
2026-08-09 00:00:00,33.069,33.126,33.05,33.107,27520.94
2026-08-09 00:05:00,33.107,33.112,33.065,33.084,120218.75
2026-08-09 00:10:00,33.084,33.09,33.07,33.071,58436.26
2026-08-09 00:15:00,33.071,33.08,33.023,33.03,12948.29
2026-08-09 00:20:00,33.03,33.121,33.007,33.075,19456.51
2026-08-09 00:25:00,33.075,33.118,33.053,33.118,26810.79
2026-08-09 00:30:00,33.118,33.132,33.072,33.084,134801.66
2026-08-09 00:35:00,33.084,33.096,33.056,33.064,6478.14
2026-08-09 00:40:00,33.064,33.09,33.042,33.046,52359.64
2026-08-09 00:45:00,33.046,33.147,32.988,33.12,875.38
2026-08-09 00:50:00,33.12,33.132,33.053,33.075,17608.68
2026-08-09 00:55:00,33.075,33.086,33.059,33.062,16340.91
2026-08-09 01:00:00,33.062,33.068,33.003,33.016,88708.33
2026-08-09 01:05:00,33.016,33.024,32.987,33.017,12860.07
2026-08-09 01:10:00,33.017,33.122,32.891,33.091,136753.16
2026-08-09 01:15:00,33.091,33.151,33.072,33.08,62962.7
2026-08-09 01:20:00,33.08,33.089,32.986,32.99,57427.83
2026-08-09 01:25:00,32.99,33.073,32.95,33.037,27139.13
2026-08-09 01:30:00,33.037,33.065,32.97,32.982,7874.07
2026-08-09 01:35:00,32.982,33.007,32.913,32.931,62598.45
2026-08-09 01:40:00,32.931,32.935,32.899,32.907,37733.89
2026-08-09 01:45:00,32.907,32.911,32.871,32.89,25303.5
2026-08-09 01:50:00,32.89,32.93,32.879,32.908,29455.5
2026-08-09 01:55:00,32.908,32.913,32.9,32.906,25626.7
2026-08-09 02:00:00,32.906,33.018,32.807,33.0,225012.97
2026-08-09 02:05:00,33.0,33.05,32.951,32.967,5297.69
2026-08-09 02:10:00,32.967,33.012,32.959,32.997,73712.68
2026-08-09 02:15:00,32.997,33.079,32.992,33.066,156197.96
2026-08-09 02:20:00,33.066,33.073,33.045,33.05,53954.48
2026-08-09 02:25:00,33.05,33.085,33.02,33.062,31.9
2026-08-09 02:30:00,33.062,33.064,33.034,33.05,51263.06
2026-08-09 02:35:00,33.05,33.075,32.931,32.945,53125.42
2026-08-09 02:40:00,32.945,33.002,32.928,32.984,33658.3
2026-08-09 02:45:00,32.984,32.997,32.919,32.96,31994.71
2026-08-09 02:50:00,32.96,33.038,32.87,33.015,133404.87
2026-08-09 02:55:00,33.015,33.086,32.872,33.057,670609.65
2026-08-09 03:00:00,33.057,33.067,33.03,33.061,18062.45
2026-08-09 03:05:00,33.061,33.08,33.055,33.062,4493.18
2026-08-09 03:10:00,33.062,33.116,33.053,33.096,61052.23
2026-08-09 03:15:00,33.096,33.104,33.036,33.043,5874.89
2026-08-09 03:20:00,33.043,33.052,32.98,32.989,8654.52
2026-08-09 03:25:00,32.989,33.011,32.98,33.005,62499.46
2026-08-09 03:30:00,33.005,33.007,32.986,32.998,92894.23
2026-08-09 03:35:00,32.998,33.003,32.937,32.968,144555.1
2026-08-09 03:40:00,32.968,33.039,32.957,33.025,25178.24
2026-08-09 03:45:00,33.025,33.039,32.965,32.991,21986.25
2026-08-09 03:50:00,32.991,33.006,32.961,32.962,142900.34
2026-08-09 03:55:00,32.962,32.976,32.932,32.934,51581.83
2026-08-09 04:00:00,32.934,32.936,32.891,32.9,10167.75
2026-08-09 04:05:00,32.9,32.925,32.881,32.883,17948.43
2026-08-09 04:10:00,32.883,32.953,32.877,32.942,39296.5
2026-08-09 04:15:00,32.942,33.015,32.94,32.975,16599.92
2026-08-09 04:20:00,32.975,32.982,32.945,32.961,69447.06
2026-08-09 04:25:00,32.961,32.975,32.94,32.955,66885.75
2026-08-09 04:30:00,32.955,32.975,32.901,32.901,44279.04
2026-08-09 04:35:00,32.901,32.972,32.878,32.967,126752.94
2026-08-09 04:40:00,32.967,33.073,32.946,33.033,11017.33
2026-08-09 04:45:00,33.033,33.104,33.031,33.093,151888.52
2026-08-09 04:50:00,33.093,33.106,33.038,33.078,15986.08
2026-08-09 04:55:00,33.078,33.126,33.025,33.053,69719.65
2026-08-09 05:00:00,33.053,33.113,33.035,33.082,40342.1
2026-08-09 05:05:00,33.082,33.091,33.066,33.084,44488.55
2026-08-09 05:10:00,33.084,33.15,33.025,33.13,9602.89
2026-08-09 05:15:00,33.13,33.194,33.091,33.1,22102.77
2026-08-09 05:20:00,33.1,33.115,33.061,33.063,34557.55
2026-08-09 05:25:00,33.063,33.08,33.029,33.044,944.93
2026-08-09 05:30:00,33.044,33.113,32.987,33.086,1314.13
2026-08-09 05:35:00,33.086,33.096,33.063,33.086,16131.62
2026-08-09 05:40:00,33.086,33.14,33.08,33.118,36427.46
2026-08-09 05:45:00,33.118,33.234,33.058,33.072,191361.74
2026-08-09 05:50:00,33.072,33.109,33.047,33.077,180849.84
2026-08-09 05:55:00,33.077,33.078,33.041,33.063,18585.31
2026-08-09 06:00:00,33.063,33.071,33.042,33.054,1224.76
2026-08-09 06:05:00,33.054,33.074,33.029,33.039,13691.94
2026-08-09 06:10:00,33.039,33.125,33.033,33.082,125864.88
2026-08-09 06:15:00,33.082,33.111,33.072,33.101,2912.25
2026-08-09 06:20:00,33.101,33.108,33.004,33.062,86846.72
2026-08-09 06:25:00,33.062,33.14,33.017,33.09,17053.5
2026-08-09 06:30:00,33.09,33.15,33.027,33.135,153576.15
2026-08-09 06:35:00,33.135,33.142,33.097,33.12,150878.21
2026-08-09 06:40:00,33.12,33.183,33.07,33.084,43745.87
2026-08-09 06:45:00,33.084,33.105,33.076,33.082,31943.41
2026-08-09 06:50:00,33.082,33.102,33.016,33.046,2854.54
2026-08-09 06:55:00,33.046,33.073,33.011,33.048,72801.58
2026-08-09 07:00:00,33.048,33.055,32.994,33.05,127496.22
2026-08-09 07:05:00,33.05,33.074,33.006,33.014,1107.91
2026-08-09 07:10:00,33.014,33.017,33.0,33.016,29345.86
2026-08-09 07:15:00,33.016,33.041,32.989,33.033,70301.94
2026-08-09 07:20:00,33.033,33.038,32.949,32.963,11192.73
2026-08-09 07:25:00,32.963,33.006,32.948,33.005,31872.23
2026-08-09 07:30:00,33.005,33.036,33.0,33.033,30161.46
2026-08-09 07:35:00,33.033,33.136,32.997,33.097,7790.32
2026-08-09 07:40:00,33.097,33.126,33.064,33.105,12311.13
2026-08-09 07:45:00,33.105,33.137,33.095,33.133,92140.39
2026-08-09 07:50:00,33.133,33.152,33.104,33.11,93055.11
2026-08-09 07:55:00,33.11,33.209,32.997,33.012,247203.92
2026-08-09 08:00:00,33.012,33.028,33.0,33.025,1173.12
2026-08-09 08:05:00,33.025,33.05,32.986,33.036,83746.17
2026-08-09 08:10:00,33.036,33.079,33.03,33.063,64381.57
2026-08-09 08:15:00,33.063,33.083,33.035,33.076,57821.96
2026-08-09 08:20:00,33.076,33.092,33.008,33.04,72183.51
2026-08-09 08:25:00,33.04,33.048,33.007,33.027,84115.88
2026-08-09 08:30:00,33.027,33.069,33.009,33.034,7297.74
2026-08-09 08:35:00,33.034,33.041,33.027,33.03,26151.98
2026-08-09 08:40:00,33.03,33.043,33.003,33.016,74482.15
2026-08-09 08:45:00,33.016,33.133,32.988,33.1,15781.66
2026-08-09 08:50:00,33.1,33.231,33.038,33.058,354250.52
2026-08-09 08:55:00,33.058,33.147,33.049,33.123,6245.02
2026-08-09 09:00:00,33.123,33.153,33.081,33.093,48155.11
2026-08-09 09:05:00,33.093,33.19,32.982,32.994,338355.16
2026-08-09 09:10:00,32.994,33.009,32.906,32.942,8616.68
2026-08-09 09:15:00,32.942,33.064,32.861,33.035,109550.57
2026-08-09 09:20:00,33.035,33.076,33.025,33.075,21737.24
2026-08-09 09:25:00,33.075,33.159,33.042,33.154,7000.55
2026-08-09 09:30:00,33.154,33.159,33.147,33.148,48837.51
2026-08-09 09:35:00,33.148,33.158,33.12,33.147,6418.87
2026-08-09 09:40:00,33.147,33.25,33.036,33.054,60882.77
2026-08-09 09:45:00,33.054,33.097,33.049,33.085,5543.98
2026-08-09 09:50:00,33.085,33.14,33.083,33.109,2082.51
2026-08-09 09:55:00,33.109,33.158,33.084,33.09,32707.84
2026-08-09 10:00:00,33.09,33.177,32.983,33.009,27150.54
2026-08-09 10:05:00,33.009,33.122,32.959,33.078,97030.56
2026-08-09 10:10:00,33.078,33.126,33.02,33.056,23940.32
2026-08-09 10:15:00,33.056,33.058,33.052,33.055,70907.85
2026-08-09 10:20:00,33.055,33.057,32.99,32.994,48678.37
2026-08-09 10:25:00,32.994,33.03,32.957,32.998,57841.64
2026-08-09 10:30:00,32.998,33.026,32.979,32.998,41512.16
2026-08-09 10:35:00,32.998,33.014,32.934,32.958,3858.6
2026-08-09 10:40:00,32.958,32.997,32.921,32.926,19260.63
2026-08-09 10:45:00,32.926,32.96,32.893,32.939,8573.06
2026-08-09 10:50:00,32.939,33.0,32.902,32.949,25713.81
2026-08-09 10:55:00,32.949,32.968,32.896,32.914,43891.82
2026-08-09 11:00:00,32.914,33.022,32.883,33.013,12823.84
2026-08-09 11:05:00,33.013,33.02,33.01,33.011,40582.55
2026-08-09 11:10:00,33.011,33.043,33.0,33.019,63571.61
2026-08-09 11:15:00,33.019,33.035,32.985,32.988,85442.38
2026-08-09 11:20:00,32.988,33.106,32.973,33.078,22519.84
2026-08-09 11:25:00,33.078,33.111,33.052,33.08,51983.95
2026-08-09 11:30:00,33.08,33.103,33.076,33.101,27205.66
2026-08-09 11:35:00,33.101,33.135,33.099,33.108,45318.01
2026-08-09 11:40:00,33.108,33.114,33.07,33.11,10212.95
2026-08-09 11:45:00,33.11,33.135,33.088,33.097,77911.5
2026-08-09 11:50:00,33.097,33.121,33.052,33.107,34351.91
2026-08-09 11:55:00,33.107,33.11,33.091,33.106,140419.95
2026-08-09 12:00:00,33.106,33.111,33.07,33.101,14929.09
2026-08-09 12:05:00,33.101,33.215,33.099,33.193,61280.7
2026-08-09 12:10:00,33.193,33.297,33.132,33.146,56750.52
2026-08-09 12:15:00,33.146,33.276,33.045,33.065,94974.2
2026-08-09 12:20:00,33.065,33.065,33.002,33.03,4529.71
2026-08-09 12:25:00,33.03,33.031,32.998,33.012,20545.74
2026-08-09 12:30:00,33.012,33.066,32.969,33.053,2680.83
2026-08-09 12:35:00,33.053,33.068,33.039,33.057,157432.38
2026-08-09 12:40:00,33.057,33.105,33.056,33.065,25675.57
2026-08-09 12:45:00,33.065,33.178,33.028,33.141,69899.71
2026-08-09 12:50:00,33.141,33.153,33.113,33.152,96988.0
2026-08-09 12:55:00,33.152,33.167,33.1,33.148,29701.52
2026-08-09 13:00:00,33.148,33.19,33.123,33.175,28843.7
2026-08-09 13:05:00,33.175,33.21,33.114,33.125,43545.26
2026-08-09 13:10:00,33.125,33.18,33.022,33.041,64930.55
2026-08-09 13:15:00,33.041,33.11,33.037,33.058,18260.33
2026-08-09 13:20:00,33.058,33.069,32.99,33.002,16318.5
2026-08-09 13:25:00,33.002,33.108,32.983,33.098,62149.64
2026-08-09 13:30:00,33.098,33.187,33.055,33.071,191908.36
2026-08-09 13:35:00,33.071,33.081,33.036,33.043,27898.29
2026-08-09 13:40:00,33.043,33.064,32.999,33.038,23547.25
2026-08-09 13:45:00,33.038,33.042,32.98,33.005,596.53
2026-08-09 13:50:00,33.005,33.045,32.996,33.026,101693.4
2026-08-09 13:55:00,33.026,33.077,33.01,33.054,25190.66
2026-08-09 14:00:00,33.054,33.118,33.037,33.111,30105.99
2026-08-09 14:05:00,33.111,33.194,33.027,33.057,488339.56
2026-08-09 14:10:00,33.057,33.105,33.007,33.101,49274.1
2026-08-09 14:15:00,33.101,33.19,33.088,33.142,46149.37
2026-08-09 14:20:00,33.142,33.189,33.138,33.165,4896.13
2026-08-09 14:25:00,33.165,33.174,33.154,33.168,132634.22
2026-08-09 14:30:00,33.168,33.23,33.155,33.218,55052.38
2026-08-09 14:35:00,33.218,33.236,33.137,33.156,94212.45
2026-08-09 14:40:00,33.156,33.214,33.076,33.096,210148.49
2026-08-09 14:45:00,33.096,33.149,33.055,33.12,931.27
2026-08-09 14:50:00,33.12,33.226,32.994,33.024,189981.01
2026-08-09 14:55:00,33.024,33.038,32.98,33.033,97197.21
2026-08-09 15:00:00,33.033,33.068,33.015,33.056,79342.95
2026-08-09 15:05:00,33.056,33.076,33.046,33.061,10520.35
2026-08-09 15:10:00,33.061,33.108,33.047,33.072,17784.35
2026-08-09 15:15:00,33.072,33.072,33.041,33.058,371600.56
2026-08-09 15:20:00,33.058,33.08,33.033,33.038,177392.53
2026-08-09 15:25:00,33.038,33.062,33.012,33.039,183781.95
2026-08-09 15:30:00,33.039,33.076,33.004,33.05,12564.35
2026-08-09 15:35:00,33.05,33.054,33.014,33.026,15166.93
2026-08-09 15:40:00,33.026,33.06,33.007,33.039,6571.83
2026-08-09 15:45:00,33.039,33.087,33.025,33.087,11755.39
2026-08-09 15:50:00,33.087,33.096,33.026,33.043,74531.76
2026-08-09 15:55:00,33.043,33.102,33.033,33.087,18257.44
2026-08-09 16:00:00,33.087,33.116,33.063,33.103,102964.99
2026-08-09 16:05:00,33.103,33.181,33.071,33.133,148167.61
2026-08-09 16:10:00,33.133,33.26,33.092,33.196,41887.92
2026-08-09 16:15:00,33.196,33.227,33.164,33.187,20532.46
2026-08-09 16:20:00,33.187,33.187,33.132,33.144,6445.41
2026-08-09 16:25:00,33.144,33.202,33.121,33.177,25037.59
2026-08-09 16:30:00,33.177,33.205,33.149,33.183,1501.4
2026-08-09 16:35:00,33.183,33.251,33.179,33.212,41723.25
2026-08-09 16:40:00,33.212,33.262,33.206,33.216,95861.19
2026-08-09 16:45:00,33.216,33.233,33.186,33.197,113842.54
2026-08-09 16:50:00,33.197,33.236,33.137,33.139,56560.51
2026-08-09 16:55:00,33.139,33.144,33.076,33.105,64510.39
2026-08-09 17:00:00,33.105,33.125,33.081,33.086,26990.61
2026-08-09 17:05:00,33.086,33.092,33.069,33.076,26405.08
2026-08-09 17:10:00,33.076,33.174,33.061,33.173,97995.31
2026-08-09 17:15:00,33.173,33.311,33.073,33.105,370624.76
2026-08-09 17:20:00,33.105,33.145,33.024,33.063,85745.73
2026-08-09 17:25:00,33.063,33.154,32.968,33.122,226416.7
2026-08-09 17:30:00,33.122,33.128,33.101,33.122,47849.96
2026-08-09 17:35:00,33.122,33.179,33.066,33.165,4908.23
2026-08-09 17:40:00,33.165,33.225,33.149,33.206,12049.52
2026-08-09 17:45:00,33.206,33.265,33.205,33.247,63215.91
2026-08-09 17:50:00,33.247,33.282,33.218,33.265,65963.34
2026-08-09 17:55:00,33.265,33.267,33.164,33.185,146528.47
2026-08-09 18:00:00,33.185,33.32,33.1,33.127,329588.33
2026-08-09 18:05:00,33.127,33.149,33.057,33.079,19583.99
2026-08-09 18:10:00,33.079,33.095,33.056,33.09,86008.79
2026-08-09 18:15:00,33.09,33.094,33.017,33.023,3392.92
2026-08-09 18:20:00,33.023,33.063,33.016,33.042,85772.74
2026-08-09 18:25:00,33.042,33.053,32.996,33.003,21073.72
2026-08-09 18:30:00,33.003,33.111,32.892,33.089,88573.3
2026-08-09 18:35:00,33.089,33.114,33.022,33.044,17801.61
2026-08-09 18:40:00,33.044,33.079,33.011,33.022,17470.96
2026-08-09 18:45:00,33.022,33.117,32.934,33.095,174954.37
2026-08-09 18:50:00,33.095,33.123,33.056,33.073,11523.66
2026-08-09 18:55:00,33.073,33.1,33.058,33.077,7713.51
2026-08-09 19:00:00,33.077,33.121,33.059,33.108,122460.19
2026-08-09 19:05:00,33.108,33.119,33.024,33.055,41537.16
2026-08-09 19:10:00,33.055,33.115,33.049,33.1,15439.16
2026-08-09 19:15:00,33.1,33.116,33.059,33.08,47700.58
2026-08-09 19:20:00,33.08,33.192,33.049,33.164,124605.71
2026-08-09 19:25:00,33.164,33.195,33.146,33.176,19814.14
2026-08-09 19:30:00,33.176,33.234,33.163,33.19,5669.65
2026-08-09 19:35:00,33.19,33.193,33.146,33.169,37120.89
2026-08-09 19:40:00,33.169,33.188,33.046,33.053,132060.59
2026-08-09 19:45:00,33.053,33.068,33.04,33.047,3084.46
2026-08-09 19:50:00,33.047,33.064,33.013,33.032,15915.22
2026-08-09 19:55:00,33.032,33.156,32.967,33.131,51997.53
2026-08-09 20:00:00,33.131,33.151,33.116,33.119,2245.01
2026-08-09 20:05:00,33.119,33.123,33.066,33.092,120961.07
2026-08-09 20:10:00,33.092,33.155,33.015,33.054,13635.32
2026-08-09 20:15:00,33.054,33.055,32.988,32.994,8035.88
2026-08-09 20:20:00,32.994,33.075,32.883,33.057,202768.74
2026-08-09 20:25:00,33.057,33.103,33.057,33.078,11535.1
2026-08-09 20:30:00,33.078,33.088,33.035,33.068,96748.36
2026-08-09 20:35:00,33.068,33.178,32.946,33.148,163387.9
2026-08-09 20:40:00,33.148,33.215,33.09,33.186,48474.23
2026-08-09 20:45:00,33.186,33.215,33.166,33.187,6009.77
2026-08-09 20:50:00,33.187,33.216,33.117,33.142,189119.84
2026-08-09 20:55:00,33.142,33.151,33.1,33.109,8368.08
2026-08-09 21:00:00,33.109,33.155,33.058,33.119,3344.8
2026-08-09 21:05:00,33.119,33.141,33.108,33.126,29547.78
2026-08-09 21:10:00,33.126,33.169,33.076,33.106,160465.49
2026-08-09 21:15:00,33.106,33.166,33.091,33.143,54502.36
2026-08-09 21:20:00,33.143,33.175,33.109,33.156,7492.26
2026-08-09 21:25:00,33.156,33.195,33.135,33.16,51267.98
2026-08-09 21:30:00,33.16,33.194,33.156,33.165,37153.78
2026-08-09 21:35:00,33.165,33.218,33.146,33.158,69545.3
2026-08-09 21:40:00,33.158,33.178,33.099,33.151,7719.15
2026-08-09 21:45:00,33.151,33.209,33.116,33.205,13801.46
2026-08-09 21:50:00,33.205,33.241,33.096,33.132,19513.56
2026-08-09 21:55:00,33.132,33.145,33.091,33.121,16238.05
2026-08-09 22:00:00,33.121,33.144,33.104,33.13,17050.57
2026-08-09 22:05:00,33.13,33.136,33.07,33.081,214627.59
2026-08-09 22:10:00,33.081,33.102,33.074,33.099,50222.44
2026-08-09 22:15:00,33.099,33.138,33.061,33.111,9166.5
2026-08-09 22:20:00,33.111,33.132,33.107,33.111,3061.53
2026-08-09 22:25:00,33.111,33.162,33.051,33.145,26514.67
2026-08-09 22:30:00,33.145,33.16,33.079,33.102,34366.46
2026-08-09 22:35:00,33.102,33.112,33.047,33.051,6643.08
2026-08-09 22:40:00,33.051,33.06,33.033,33.06,43207.67
2026-08-09 22:45:00,33.06,33.07,33.021,33.057,46179.51
2026-08-09 22:50:00,33.057,33.155,33.035,33.116,43392.4
2026-08-09 22:55:00,33.116,33.23,33.102,33.222,10661.02
2026-08-09 23:00:00,33.222,33.31,33.141,33.16,587462.69
2026-08-09 23:05:00,33.16,33.174,33.159,33.171,4451.62
2026-08-09 23:10:00,33.171,33.201,33.147,33.148,42394.95
2026-08-09 23:15:00,33.148,33.205,33.14,33.177,30703.69
2026-08-09 23:20:00,33.177,33.187,33.16,33.174,28831.68
2026-08-09 23:25:00,33.174,33.249,33.171,33.229,32441.69
2026-08-09 23:30:00,33.229,33.26,33.179,33.201,8731.81
2026-08-09 23:35:00,33.201,33.265,33.185,33.232,28382.01
2026-08-09 23:40:00,33.232,33.351,33.159,33.188,12060.67
2026-08-09 23:45:00,33.188,33.192,33.148,33.191,69472.38
2026-08-09 23:50:00,33.191,33.249,33.184,33.247,191167.07
2026-08-09 23:55:00,33.247,33.308,33.238,33.265,59882.44
2026-08-10 00:00:00,33.265,33.413,33.173,33.195,187212.18
2026-08-10 00:05:00,33.195,33.197,33.127,33.136,103059.53
2026-08-10 00:10:00,33.136,33.146,33.087,33.116,55240.26
2026-08-10 00:15:00,33.116,33.156,33.083,33.102,10841.3
2026-08-10 00:20:00,33.102,33.189,33.096,33.139,21647.84
2026-08-10 00:25:00,33.139,33.175,33.129,33.131,19635.6
2026-08-10 00:30:00,33.131,33.233,33.127,33.195,71521.07
2026-08-10 00:35:00,33.195,33.286,33.117,33.15,139711.79
2026-08-10 00:40:00,33.15,33.202,33.124,33.199,47157.37
2026-08-10 00:45:00,33.199,33.204,33.158,33.19,7535.29
2026-08-10 00:50:00,33.19,33.19,33.134,33.152,680.26
2026-08-10 00:55:00,33.152,33.182,33.098,33.106,10289.13
2026-08-10 01:00:00,33.106,33.189,33.084,33.134,55524.29
2026-08-10 01:05:00,33.134,33.171,33.111,33.152,2274.57
2026-08-10 01:10:00,33.152,33.167,33.121,33.136,42987.11
2026-08-10 01:15:00,33.136,33.153,33.129,33.136,35254.81
2026-08-10 01:20:00,33.136,33.159,33.116,33.121,80240.63
2026-08-10 01:25:00,33.121,33.233,33.118,33.195,17114.32
2026-08-10 01:30:00,33.195,33.312,33.123,33.152,256504.02
2026-08-10 01:35:00,33.152,33.177,33.074,33.094,10872.36
2026-08-10 01:40:00,33.094,33.095,33.013,33.069,108345.88
2026-08-10 01:45:00,33.069,33.099,33.06,33.076,32239.99
2026-08-10 01:50:00,33.076,33.13,33.068,33.109,11763.91
2026-08-10 01:55:00,33.109,33.144,33.101,33.135,33729.25
2026-08-10 02:00:00,33.135,33.213,33.12,33.188,82002.3
2026-08-10 02:05:00,33.188,33.218,33.17,33.206,55197.46
2026-08-10 02:10:00,33.206,33.317,33.1,33.112,292959.85
2026-08-10 02:15:00,33.112,33.206,33.087,33.164,12188.03
2026-08-10 02:20:00,33.164,33.239,33.062,33.077,6820.79
2026-08-10 02:25:00,33.077,33.08,33.04,33.05,55722.82
2026-08-10 02:30:00,33.05,33.064,32.993,33.017,29287.16
2026-08-10 02:35:00,33.017,33.079,32.961,33.061,44825.56
2026-08-10 02:40:00,33.061,33.097,33.054,33.06,17667.11
2026-08-10 02:45:00,33.06,33.192,33.0,33.106,30426.71
2026-08-10 02:50:00,33.106,33.12,33.068,33.095,14821.51
2026-08-10 02:55:00,33.095,33.107,33.041,33.047,104041.92
2026-08-10 03:00:00,33.047,33.057,33.014,33.043,242343.38
2026-08-10 03:05:00,33.043,33.097,33.031,33.079,91567.7
2026-08-10 03:10:00,33.079,33.094,33.038,33.091,97728.05
2026-08-10 03:15:00,33.091,33.123,33.07,33.099,4241.13
2026-08-10 03:20:00,33.099,33.102,33.067,33.074,9889.42
2026-08-10 03:25:00,33.074,33.082,33.041,33.067,30245.3
2026-08-10 03:30:00,33.067,33.09,33.049,33.073,30228.46
2026-08-10 03:35:00,33.073,33.152,33.07,33.091,14870.7
2026-08-10 03:40:00,33.091,33.103,33.007,33.028,2393.76
2026-08-10 03:45:00,33.028,33.11,32.942,33.096,34830.3
2026-08-10 03:50:00,33.096,33.1,33.022,33.023,71467.05
2026-08-10 03:55:00,33.023,33.127,32.899,33.113,113566.54
2026-08-10 04:00:00,33.113,33.182,33.108,33.13,153531.62
2026-08-10 04:05:00,33.13,33.155,33.077,33.1,28976.97
2026-08-10 04:10:00,33.1,33.218,33.093,33.149,894.88
2026-08-10 04:15:00,33.149,33.18,33.093,33.173,23939.83
2026-08-10 04:20:00,33.173,33.185,33.158,33.158,107034.84
2026-08-10 04:25:00,33.158,33.188,33.145,33.176,62114.57
2026-08-10 04:30:00,33.176,33.249,33.092,33.126,50002.15
2026-08-10 04:35:00,33.126,33.221,33.117,33.22,77683.85
2026-08-10 04:40:00,33.22,33.234,33.103,33.143,82357.97
2026-08-10 04:45:00,33.143,33.144,33.111,33.138,126003.06
2026-08-10 04:50:00,33.138,33.239,33.111,33.214,83488.56
2026-08-10 04:55:00,33.214,33.273,33.182,33.259,68678.61
2026-08-10 05:00:00,33.259,33.27,33.228,33.259,6628.88
2026-08-10 05:05:00,33.259,33.385,33.17,33.186,261544.04
2026-08-10 05:10:00,33.186,33.197,33.155,33.181,85951.97
2026-08-10 05:15:00,33.181,33.205,33.148,33.189,63217.79
2026-08-10 05:20:00,33.189,33.219,33.111,33.159,186515.6
2026-08-10 05:25:00,33.159,33.163,33.124,33.147,104035.02
2026-08-10 05:30:00,33.147,33.174,33.114,33.169,41398.23
2026-08-10 05:35:00,33.169,33.225,33.112,33.168,23103.48
2026-08-10 05:40:00,33.168,33.203,33.166,33.175,21138.44
2026-08-10 05:45:00,33.175,33.222,33.147,33.153,266852.22
2026-08-10 05:50:00,33.153,33.169,33.112,33.13,37203.4
2026-08-10 05:55:00,33.13,33.154,33.112,33.145,69650.8
2026-08-10 06:00:00,33.145,33.21,33.131,33.174,81569.09
2026-08-10 06:05:00,33.174,33.177,33.134,33.158,59141.21
2026-08-10 06:10:00,33.158,33.172,33.135,33.143,22850.94
2026-08-10 06:15:00,33.143,33.169,33.06,33.132,24488.54
2026-08-10 06:20:00,33.132,33.174,33.061,33.154,139308.99
2026-08-10 06:25:00,33.154,33.19,33.14,33.146,17540.49
2026-08-10 06:30:00,33.146,33.244,33.143,33.208,99186.02
2026-08-10 06:35:00,33.208,33.219,33.065,33.132,45214.78
2026-08-10 06:40:00,33.132,33.169,33.022,33.061,59396.47
2026-08-10 06:45:00,33.061,33.12,32.996,33.056,25973.32
2026-08-10 06:50:00,33.056,33.111,32.965,33.088,2966.25
2026-08-10 06:55:00,33.088,33.153,33.076,33.112,72065.25
2026-08-10 07:00:00,33.112,33.247,33.086,33.178,89881.88
2026-08-10 07:05:00,33.178,33.26,33.13,33.256,21032.82
2026-08-10 07:10:00,33.256,33.291,33.154,33.219,22842.96
2026-08-10 07:15:00,33.219,33.243,33.153,33.243,2399.01
2026-08-10 07:20:00,33.243,33.313,33.175,33.202,284371.85
2026-08-10 07:25:00,33.202,33.306,33.143,33.157,66866.53
2026-08-10 07:30:00,33.157,33.248,33.136,33.221,14875.04
2026-08-10 07:35:00,33.221,33.279,33.137,33.16,117250.16
2026-08-10 07:40:00,33.16,33.167,33.038,33.043,11488.45
2026-08-10 07:45:00,33.043,33.049,33.028,33.032,6341.42
2026-08-10 07:50:00,33.032,33.036,32.935,32.969,8221.27
2026-08-10 07:55:00,32.969,32.979,32.928,32.979,5873.0
2026-08-10 08:00:00,32.979,33.038,32.948,32.987,20466.36
2026-08-10 08:05:00,32.987,33.076,32.909,32.931,79131.65
2026-08-10 08:10:00,32.931,33.002,32.816,32.986,158483.85
2026-08-10 08:15:00,32.986,32.997,32.936,32.988,89215.57
2026-08-10 08:20:00,32.988,33.079,32.89,33.048,159304.77
2026-08-10 08:25:00,33.048,33.127,32.944,33.101,294381.69
2026-08-10 08:30:00,33.101,33.199,33.066,33.193,150973.71
2026-08-10 08:35:00,33.193,33.218,33.143,33.205,2917.51
2026-08-10 08:40:00,33.205,33.291,33.114,33.136,15505.94
2026-08-10 08:45:00,33.136,33.203,33.093,33.176,83109.52
2026-08-10 08:50:00,33.176,33.206,33.127,33.137,56501.04
2026-08-10 08:55:00,33.137,33.193,33.073,33.127,141341.18
2026-08-10 09:00:00,33.127,33.242,33.085,33.155,38104.69
2026-08-10 09:05:00,33.155,33.188,33.127,33.148,43966.94
2026-08-10 09:10:00,33.148,33.197,33.134,33.138,78586.03
2026-08-10 09:15:00,33.138,33.142,33.074,33.08,3566.2
2026-08-10 09:20:00,33.08,33.162,32.989,33.142,107024.22
2026-08-10 09:25:00,33.142,33.148,33.103,33.112,161910.03
2026-08-10 09:30:00,33.112,33.119,33.057,33.085,11777.96
2026-08-10 09:35:00,33.085,33.204,33.074,33.154,2019.02
2026-08-10 09:40:00,33.154,33.172,33.104,33.139,40936.67
2026-08-10 09:45:00,33.139,33.143,33.04,33.099,1574.08
2026-08-10 09:50:00,33.099,33.167,33.089,33.133,43706.14
2026-08-10 09:55:00,33.133,33.196,33.113,33.144,41117.29
2026-08-10 10:00:00,33.144,33.172,33.043,33.068,9670.93
2026-08-10 10:05:00,33.068,33.172,32.964,33.145,99242.24
2026-08-10 10:10:00,33.145,33.162,33.12,33.162,3579.31
2026-08-10 10:15:00,33.162,33.25,33.149,33.224,52145.53
2026-08-10 10:20:00,33.224,33.273,33.191,33.241,141445.95
2026-08-10 10:25:00,33.241,33.323,33.205,33.28,83685.84
2026-08-10 10:30:00,33.28,33.348,33.265,33.295,26710.46
2026-08-10 10:35:00,33.295,33.391,33.256,33.375,88826.9
2026-08-10 10:40:00,33.375,33.606,33.336,33.529,17331.05
2026-08-10 10:45:00,33.529,33.662,33.459,33.491,311665.13
2026-08-10 10:50:00,33.491,33.509,33.468,33.483,50858.54
2026-08-10 10:55:00,33.483,33.483,33.375,33.417,11732.09
2026-08-10 11:00:00,33.417,33.461,33.35,33.364,42746.53
2026-08-10 11:05:00,33.364,33.467,33.298,33.316,56727.27
2026-08-10 11:10:00,33.316,33.397,33.258,33.28,369280.69
2026-08-10 11:15:00,33.28,33.33,33.252,33.265,48467.39
2026-08-10 11:20:00,33.265,33.316,33.185,33.199,69101.18
2026-08-10 11:25:00,33.199,33.33,33.082,33.101,83814.28
2026-08-10 11:30:00,33.101,33.126,33.087,33.115,3297.93
2026-08-10 11:35:00,33.115,33.117,33.081,33.09,66457.31
2026-08-10 11:40:00,33.09,33.153,33.081,33.142,44880.72
2026-08-10 11:45:00,33.142,33.178,33.047,33.067,108681.8
2026-08-10 11:50:00,33.067,33.086,33.029,33.072,21313.25
2026-08-10 11:55:00,33.072,33.09,33.026,33.036,39463.9
2026-08-10 12:00:00,33.036,33.157,33.015,33.121,23078.66
2026-08-10 12:05:00,33.121,33.142,33.023,33.051,14648.81
2026-08-10 12:10:00,33.051,33.109,33.025,33.103,71460.23
2026-08-10 12:15:00,33.103,33.215,33.094,33.185,5502.48
2026-08-10 12:20:00,33.185,33.225,33.174,33.19,38669.14
2026-08-10 12:25:00,33.19,33.215,32.996,33.047,29169.79
2026-08-10 12:30:00,33.047,33.132,33.024,33.084,17060.52
2026-08-10 12:35:00,33.084,33.192,33.076,33.16,91826.54
2026-08-10 12:40:00,33.16,33.162,33.09,33.121,120229.48
2026-08-10 12:45:00,33.121,33.14,33.079,33.085,40816.74
2026-08-10 12:50:00,33.085,33.12,32.916,32.939,238158.26
2026-08-10 12:55:00,32.939,33.054,32.924,33.042,25586.87
2026-08-10 13:00:00,33.042,33.076,32.978,32.988,18863.7
2026-08-10 13:05:00,32.988,33.033,32.984,33.001,53645.69
2026-08-10 13:10:00,33.001,33.049,32.917,32.932,73679.99
2026-08-10 13:15:00,32.932,32.961,32.79,32.824,43352.2
2026-08-10 13:20:00,32.824,32.897,32.775,32.877,159108.95
2026-08-10 13:25:00,32.877,32.923,32.865,32.911,3071.52
2026-08-10 13:30:00,32.911,32.991,32.796,32.959,93449.91
2026-08-10 13:35:00,32.959,33.019,32.904,33.009,84165.75
2026-08-10 13:40:00,33.009,33.089,32.916,32.93,843.91
2026-08-10 13:45:00,32.93,33.019,32.907,32.997,81721.8
2026-08-10 13:50:00,32.997,33.084,32.992,33.014,64571.28
2026-08-10 13:55:00,33.014,33.052,32.951,32.995,100554.84
2026-08-10 14:00:00,32.995,33.005,32.937,32.939,57133.58
2026-08-10 14:05:00,32.939,32.973,32.906,32.906,19328.57
2026-08-10 14:10:00,32.906,32.925,32.874,32.888,84539.0
2026-08-10 14:15:00,32.888,32.907,32.861,32.888,31111.09
2026-08-10 14:20:00,32.888,32.991,32.769,32.968,65034.31
2026-08-10 14:25:00,32.968,33.084,32.846,33.053,50504.35
2026-08-10 14:30:00,33.053,33.106,32.919,32.938,52002.4
2026-08-10 14:35:00,32.938,33.081,32.903,33.045,18146.99
2026-08-10 14:40:00,33.045,33.072,32.967,32.982,8609.01
2026-08-10 14:45:00,32.982,33.047,32.931,33.015,66186.24
2026-08-10 14:50:00,33.015,33.043,32.91,32.928,167871.65
2026-08-10 14:55:00,32.928,32.988,32.913,32.952,87615.69
2026-08-10 15:00:00,32.952,32.952,32.9,32.925,3400.24
2026-08-10 15:05:00,32.925,32.958,32.923,32.946,4667.67
2026-08-10 15:10:00,32.946,32.987,32.926,32.982,155856.11
2026-08-10 15:15:00,32.982,33.064,32.92,32.981,4524.36
2026-08-10 15:20:00,32.981,33.129,32.95,33.088,28067.16
2026-08-10 15:25:00,33.088,33.092,33.024,33.052,20870.08
2026-08-10 15:30:00,33.052,33.075,32.969,33.035,32236.91
2026-08-10 15:35:00,33.035,33.063,33.03,33.063,30787.62
2026-08-10 15:40:00,33.063,33.146,32.985,33.009,34536.71
2026-08-10 15:45:00,33.009,33.022,32.906,32.943,15078.66
2026-08-10 15:50:00,32.943,32.952,32.897,32.947,118939.4
2026-08-10 15:55:00,32.947,33.056,32.864,33.013,24275.25
2026-08-10 16:00:00,33.013,33.063,32.962,32.995,22279.91
2026-08-10 16:05:00,32.995,33.013,32.908,32.97,71621.14
2026-08-10 16:10:00,32.97,33.014,32.881,32.924,90082.71
2026-08-10 16:15:00,32.924,32.977,32.911,32.913,60711.7
2026-08-10 16:20:00,32.913,32.951,32.876,32.936,9461.17
2026-08-10 16:25:00,32.936,32.971,32.916,32.956,65983.13
2026-08-10 16:30:00,32.956,33.044,32.94,33.008,87138.16
2026-08-10 16:35:00,33.008,33.026,32.915,32.934,49429.38
2026-08-10 16:40:00,32.934,32.963,32.838,32.864,24411.23
2026-08-10 16:45:00,32.864,32.871,32.791,32.823,84523.56
2026-08-10 16:50:00,32.823,32.926,32.754,32.896,73429.95
2026-08-10 16:55:00,32.896,33.028,32.828,33.013,45218.46
2026-08-10 17:00:00,33.013,33.083,32.883,32.898,67455.64
2026-08-10 17:05:00,32.898,32.945,32.818,32.906,4157.12
2026-08-10 17:10:00,32.906,32.925,32.777,32.806,25691.03
2026-08-10 17:15:00,32.806,32.807,32.739,32.781,75002.96
2026-08-10 17:20:00,32.781,32.839,32.713,32.798,3751.03
2026-08-10 17:25:00,32.798,32.851,32.731,32.782,23806.71
2026-08-10 17:30:00,32.782,32.863,32.729,32.85,37329.29
2026-08-10 17:35:00,32.85,32.902,32.815,32.833,61797.67
2026-08-10 17:40:00,32.833,32.947,32.721,32.918,592274.38
2026-08-10 17:45:00,32.918,32.981,32.876,32.949,90415.37
2026-08-10 17:50:00,32.949,33.017,32.946,32.994,106219.82
2026-08-10 17:55:00,32.994,33.013,32.943,32.964,26226.34
2026-08-10 18:00:00,32.964,32.98,32.841,32.905,11039.55
2026-08-10 18:05:00,32.905,33.01,32.832,32.953,97935.24
2026-08-10 18:10:00,32.953,33.029,32.922,33.011,75965.7
2026-08-10 18:15:00,33.011,33.023,33.004,33.005,51615.72
2026-08-10 18:20:00,33.005,33.037,32.969,33.007,1981.83
2026-08-10 18:25:00,33.007,33.044,32.952,33.0,62272.78
2026-08-10 18:30:00,33.0,33.053,32.987,32.99,39715.64
2026-08-10 18:35:00,32.99,33.027,32.917,32.962,74326.61
2026-08-10 18:40:00,32.962,33.018,32.903,33.002,11855.22
2026-08-10 18:45:00,33.002,33.045,32.926,32.951,93329.49
2026-08-10 18:50:00,32.951,32.979,32.923,32.926,69246.77
2026-08-10 18:55:00,32.926,32.951,32.864,32.875,23471.86
2026-08-10 19:00:00,32.875,32.941,32.873,32.903,14734.75
2026-08-10 19:05:00,32.903,32.976,32.794,32.93,44597.77
2026-08-10 19:10:00,32.93,32.942,32.907,32.923,37407.57
2026-08-10 19:15:00,32.923,32.957,32.862,32.909,61250.86
2026-08-10 19:20:00,32.909,32.913,32.844,32.851,6852.16
2026-08-10 19:25:00,32.851,32.899,32.705,32.763,6055.98
2026-08-10 19:30:00,32.763,32.78,32.754,32.774,17282.13
2026-08-10 19:35:00,32.774,32.868,32.671,32.843,207407.51
2026-08-10 19:40:00,32.843,32.849,32.835,32.848,25128.05
2026-08-10 19:45:00,32.848,32.871,32.826,32.865,3670.93
2026-08-10 19:50:00,32.865,33.077,32.832,32.974,82028.1
2026-08-10 19:55:00,32.974,32.996,32.819,32.852,40471.13
2026-08-10 20:00:00,32.852,32.996,32.834,32.909,19428.99
2026-08-10 20:05:00,32.909,32.94,32.783,32.862,47969.57
2026-08-10 20:10:00,32.862,32.931,32.845,32.869,62816.55
2026-08-10 20:15:00,32.869,32.959,32.842,32.917,77989.3
2026-08-10 20:20:00,32.917,32.998,32.908,32.995,58611.35
2026-08-10 20:25:00,32.995,33.019,32.905,32.93,82500.8
2026-08-10 20:30:00,32.93,32.953,32.894,32.932,177236.15
2026-08-10 20:35:00,32.932,32.981,32.931,32.96,46926.36
2026-08-10 20:40:00,32.96,32.981,32.89,32.93,95376.46
2026-08-10 20:45:00,32.93,32.973,32.833,32.844,44622.67
2026-08-10 20:50:00,32.844,32.907,32.753,32.776,4547.54
2026-08-10 20:55:00,32.776,32.89,32.747,32.865,18183.47
2026-08-10 21:00:00,32.865,32.868,32.814,32.851,35938.82
2026-08-10 21:05:00,32.851,32.881,32.825,32.843,70071.43
2026-08-10 21:10:00,32.843,32.908,32.808,32.89,18393.94
2026-08-10 21:15:00,32.89,32.898,32.879,32.896,104439.25
2026-08-10 21:20:00,32.896,32.91,32.869,32.907,15994.67
2026-08-10 21:25:00,32.907,32.93,32.882,32.89,24931.6
2026-08-10 21:30:00,32.89,32.924,32.834,32.846,51577.44
2026-08-10 21:35:00,32.846,32.863,32.835,32.838,1035.09
2026-08-10 21:40:00,32.838,32.895,32.735,32.875,36311.85
2026-08-10 21:45:00,32.875,32.951,32.857,32.903,41078.09
2026-08-10 21:50:00,32.903,32.953,32.883,32.899,53628.5
2026-08-10 21:55:00,32.899,32.931,32.776,32.856,154850.34
2026-08-10 22:00:00,32.856,32.876,32.768,32.844,104217.07
2026-08-10 22:05:00,32.844,32.883,32.808,32.88,114908.04
2026-08-10 22:10:00,32.88,32.952,32.819,32.854,2947.11
2026-08-10 22:15:00,32.854,32.902,32.776,32.835,58769.35
2026-08-10 22:20:00,32.835,32.867,32.818,32.819,260568.4
2026-08-10 22:25:00,32.819,32.83,32.766,32.785,121241.74
2026-08-10 22:30:00,32.785,32.806,32.758,32.794,13598.55
2026-08-10 22:35:00,32.794,32.812,32.77,32.803,33216.05
2026-08-10 22:40:00,32.803,32.905,32.727,32.889,245309.6
2026-08-10 22:45:00,32.889,32.958,32.843,32.931,8367.35
2026-08-10 22:50:00,32.931,32.996,32.913,32.983,224.97
2026-08-10 22:55:00,32.983,32.987,32.944,32.986,40120.37
2026-08-10 23:00:00,32.986,33.06,32.957,33.048,40388.04
2026-08-10 23:05:00,33.048,33.121,33.002,33.015,549403.0
2026-08-10 23:10:00,33.015,33.035,32.863,32.918,102704.56
2026-08-10 23:15:00,32.918,32.936,32.822,32.838,23538.85
2026-08-10 23:20:00,32.838,32.855,32.773,32.79,3428.58
2026-08-10 23:25:00,32.79,32.799,32.686,32.718,3192.4
2026-08-10 23:30:00,32.718,32.742,32.632,32.673,32667.3
2026-08-10 23:35:00,32.673,32.741,32.605,32.715,61657.99
2026-08-10 23:40:00,32.715,32.743,32.641,32.664,49305.73
2026-08-10 23:45:00,32.664,32.75,32.644,32.704,42234.53
2026-08-10 23:50:00,32.704,32.719,32.636,32.637,58806.45
2026-08-10 23:55:00,32.637,32.638,32.545,32.598,36586.41
2026-08-11 00:00:00,32.598,32.695,32.454,32.673,49589.01
2026-08-11 00:05:00,32.673,32.711,32.581,32.607,11959.45
2026-08-11 00:10:00,32.607,32.66,32.581,32.651,36234.54
2026-08-11 00:15:00,32.651,32.753,32.625,32.733,553.13
2026-08-11 00:20:00,32.733,32.827,32.684,32.756,27314.07
2026-08-11 00:25:00,32.756,32.76,32.734,32.76,30022.41
2026-08-11 00:30:00,32.76,32.87,32.707,32.845,100472.37
2026-08-11 00:35:00,32.845,32.897,32.692,32.735,1099.43
2026-08-11 00:40:00,32.735,32.75,32.667,32.69,70186.84
2026-08-11 00:45:00,32.69,32.78,32.658,32.738,6051.64
2026-08-11 00:50:00,32.738,32.792,32.695,32.741,252724.62
2026-08-11 00:55:00,32.741,32.808,32.619,32.783,20690.76
2026-08-11 01:00:00,32.783,32.845,32.644,32.714,50923.19
2026-08-11 01:05:00,32.714,32.829,32.583,32.797,63085.98
2026-08-11 01:10:00,32.797,32.827,32.745,32.763,37695.88
2026-08-11 01:15:00,32.763,32.88,32.643,32.85,151384.62
2026-08-11 01:20:00,32.85,32.997,32.849,32.987,34808.02
2026-08-11 01:25:00,32.987,33.129,32.893,32.905,469630.54
2026-08-11 01:30:00,32.905,32.924,32.894,32.915,25969.99
2026-08-11 01:35:00,32.915,32.946,32.847,32.866,5514.42
2026-08-11 01:40:00,32.866,32.912,32.836,32.909,32613.31
2026-08-11 01:45:00,32.909,32.914,32.889,32.895,33722.38
2026-08-11 01:50:00,32.895,32.902,32.826,32.842,40115.49
2026-08-11 01:55:00,32.842,32.936,32.833,32.923,70374.75
2026-08-11 02:00:00,32.923,32.971,32.78,32.829,10335.15
2026-08-11 02:05:00,32.829,32.869,32.791,32.848,32822.62
2026-08-11 02:10:00,32.848,32.891,32.778,32.812,122903.46
2026-08-11 02:15:00,32.812,32.828,32.686,32.733,102796.17
2026-08-11 02:20:00,32.733,32.807,32.62,32.795,68004.64
2026-08-11 02:25:00,32.795,32.869,32.735,32.864,31395.9
2026-08-11 02:30:00,32.864,32.941,32.839,32.851,27165.32
2026-08-11 02:35:00,32.851,32.919,32.85,32.908,4918.14
2026-08-11 02:40:00,32.908,32.977,32.879,32.94,44859.48
2026-08-11 02:45:00,32.94,33.004,32.914,33.0,63485.28
2026-08-11 02:50:00,33.0,33.164,32.973,33.133,21970.09
2026-08-11 02:55:00,33.133,33.217,33.115,33.147,71970.9
2026-08-11 03:00:00,33.147,33.167,33.09,33.129,17507.31
2026-08-11 03:05:00,33.129,33.257,33.085,33.096,130690.53
2026-08-11 03:10:00,33.096,33.137,33.037,33.128,12125.85
2026-08-11 03:15:00,33.128,33.207,33.026,33.051,56951.96
2026-08-11 03:20:00,33.051,33.089,32.957,33.019,4998.3
2026-08-11 03:25:00,33.019,33.055,32.891,32.901,23613.35
2026-08-11 03:30:00,32.901,32.938,32.9,32.935,13986.22
2026-08-11 03:35:00,32.935,33.008,32.917,32.961,85547.61
2026-08-11 03:40:00,32.961,33.019,32.91,32.942,27825.4
2026-08-11 03:45:00,32.942,32.983,32.942,32.97,20680.57
2026-08-11 03:50:00,32.97,32.993,32.797,32.85,1685.64
2026-08-11 03:55:00,32.85,32.953,32.841,32.878,20187.12
2026-08-11 04:00:00,32.878,32.954,32.876,32.878,45341.24
2026-08-11 04:05:00,32.878,32.925,32.864,32.912,59199.34
2026-08-11 04:10:00,32.912,32.936,32.892,32.922,2670.08
2026-08-11 04:15:00,32.922,32.96,32.898,32.936,327638.59
2026-08-11 04:20:00,32.936,33.011,32.916,32.989,17628.03
2026-08-11 04:25:00,32.989,33.087,32.98,33.039,97263.41
2026-08-11 04:30:00,33.039,33.07,33.017,33.055,68671.68
2026-08-11 04:35:00,33.055,33.058,33.037,33.045,100645.94
2026-08-11 04:40:00,33.045,33.047,32.957,33.012,727.63
2026-08-11 04:45:00,33.012,33.101,32.975,33.093,186957.62
2026-08-11 04:50:00,33.093,33.157,32.946,32.97,66744.13
2026-08-11 04:55:00,32.97,32.982,32.94,32.942,132970.04
2026-08-11 05:00:00,32.942,33.001,32.941,32.961,59065.9
2026-08-11 05:05:00,32.961,32.996,32.938,32.986,39256.72
2026-08-11 05:10:00,32.986,33.11,32.96,33.064,150266.96
2026-08-11 05:15:00,33.064,33.106,33.005,33.011,182385.84
2026-08-11 05:20:00,33.011,33.165,32.983,33.11,52515.96
2026-08-11 05:25:00,33.11,33.209,33.099,33.12,46089.33
2026-08-11 05:30:00,33.12,33.219,33.092,33.144,42227.84
2026-08-11 05:35:00,33.144,33.252,33.092,33.111,127813.81
2026-08-11 05:40:00,33.111,33.138,33.032,33.047,14648.39
2026-08-11 05:45:00,33.047,33.098,32.955,32.979,54644.69
2026-08-11 05:50:00,32.979,33.017,32.971,32.992,141714.56
2026-08-11 05:55:00,32.992,32.997,32.899,32.959,120921.74
2026-08-11 06:00:00,32.959,32.988,32.78,32.852,18919.92
2026-08-11 06:05:00,32.852,32.887,32.737,32.783,59409.79
2026-08-11 06:10:00,32.783,32.783,32.762,32.765,30864.5
2026-08-11 06:15:00,32.765,32.844,32.762,32.83,29927.06
2026-08-11 06:20:00,32.83,32.843,32.753,32.788,17498.57
2026-08-11 06:25:00,32.788,32.903,32.763,32.879,16994.0
2026-08-11 06:30:00,32.879,32.88,32.865,32.867,13244.47
2026-08-11 06:35:00,32.867,32.892,32.677,32.75,29843.13
2026-08-11 06:40:00,32.75,32.821,32.739,32.766,100022.22
2026-08-11 06:45:00,32.766,32.802,32.758,32.798,77412.56
2026-08-11 06:50:00,32.798,32.826,32.709,32.72,9439.84
2026-08-11 06:55:00,32.72,32.731,32.64,32.659,19619.62
2026-08-11 07:00:00,32.659,32.683,32.634,32.654,123346.5
2026-08-11 07:05:00,32.654,32.671,32.625,32.639,4838.02
2026-08-11 07:10:00,32.639,32.71,32.546,32.695,189059.7
2026-08-11 07:15:00,32.695,32.732,32.671,32.712,72286.23
2026-08-11 07:20:00,32.712,32.763,32.702,32.722,15539.69
2026-08-11 07:25:00,32.722,32.792,32.715,32.775,17658.61
2026-08-11 07:30:00,32.775,32.778,32.709,32.723,92593.45
2026-08-11 07:35:00,32.723,32.737,32.7,32.719,624.22
2026-08-11 07:40:00,32.719,32.777,32.695,32.723,53404.84
2026-08-11 07:45:00,32.723,32.737,32.623,32.678,43414.63
2026-08-11 07:50:00,32.678,32.789,32.554,32.767,88231.17
2026-08-11 07:55:00,32.767,32.792,32.668,32.713,112355.98
2026-08-11 08:00:00,32.713,32.794,32.572,32.629,21727.64
2026-08-11 08:05:00,32.629,32.747,32.512,32.726,234539.24
2026-08-11 08:10:00,32.726,32.741,32.706,32.716,26355.67
2026-08-11 08:15:00,32.716,32.769,32.686,32.74,128181.57
2026-08-11 08:20:00,32.74,32.809,32.734,32.801,11629.31
2026-08-11 08:25:00,32.801,32.863,32.748,32.848,44845.03
2026-08-11 08:30:00,32.848,32.939,32.8,32.929,220664.6
2026-08-11 08:35:00,32.929,32.975,32.892,32.924,25226.15
2026-08-11 08:40:00,32.924,32.952,32.91,32.932,55049.2
2026-08-11 08:45:00,32.932,33.036,32.931,33.031,98989.25
2026-08-11 08:50:00,33.031,33.062,32.974,33.03,39103.77
2026-08-11 08:55:00,33.03,33.13,32.954,32.981,42949.44
2026-08-11 09:00:00,32.981,32.993,32.909,32.919,8138.72
2026-08-11 09:05:00,32.919,32.94,32.847,32.914,57551.85
2026-08-11 09:10:00,32.914,32.932,32.9,32.922,4357.82
2026-08-11 09:15:00,32.922,32.973,32.886,32.959,157153.92
2026-08-11 09:20:00,32.959,32.99,32.794,32.84,56408.55
2026-08-11 09:25:00,32.84,33.008,32.813,32.987,38105.89
2026-08-11 09:30:00,32.987,33.027,32.971,32.999,13081.24
2026-08-11 09:35:00,32.999,33.073,32.973,33.063,38134.26
2026-08-11 09:40:00,33.063,33.074,32.984,33.014,9295.86
2026-08-11 09:45:00,33.014,33.033,32.969,32.984,87132.42
2026-08-11 09:50:00,32.984,33.002,32.925,32.932,57905.26
2026-08-11 09:55:00,32.932,32.942,32.834,32.889,32594.29
2026-08-11 10:00:00,32.889,32.9,32.779,32.817,17551.42
2026-08-11 10:05:00,32.817,32.898,32.79,32.86,145779.19
2026-08-11 10:10:00,32.86,32.867,32.835,32.856,75975.29
2026-08-11 10:15:00,32.856,32.973,32.789,32.942,121100.24
2026-08-11 10:20:00,32.942,32.951,32.894,32.934,10787.57
2026-08-11 10:25:00,32.934,32.954,32.922,32.942,13501.14
2026-08-11 10:30:00,32.942,32.976,32.863,32.866,48541.42
2026-08-11 10:35:00,32.866,32.932,32.838,32.893,18990.33
2026-08-11 10:40:00,32.893,32.939,32.891,32.927,7350.2
2026-08-11 10:45:00,32.927,32.998,32.814,32.834,39015.6
2026-08-11 10:50:00,32.834,32.971,32.834,32.927,16494.84
2026-08-11 10:55:00,32.927,33.128,32.889,33.083,93890.82
2026-08-11 11:00:00,33.083,33.089,32.932,32.991,1309.32
2026-08-11 11:05:00,32.991,33.005,32.875,32.898,75915.21
2026-08-11 11:10:00,32.898,32.901,32.755,32.77,97941.07
2026-08-11 11:15:00,32.77,32.788,32.712,32.727,46344.31
2026-08-11 11:20:00,32.727,32.764,32.624,32.641,4749.91
2026-08-11 11:25:00,32.641,32.728,32.517,32.71,54492.12
2026-08-11 11:30:00,32.71,32.726,32.651,32.676,1877.66
2026-08-11 11:35:00,32.676,32.68,32.651,32.652,92464.14
2026-08-11 11:40:00,32.652,32.825,32.61,32.713,75127.39
2026-08-11 11:45:00,32.713,32.768,32.568,32.603,6524.66
2026-08-11 11:50:00,32.603,32.69,32.509,32.674,141113.8
2026-08-11 11:55:00,32.674,32.747,32.534,32.734,169271.95
2026-08-11 12:00:00,32.734,32.795,32.712,32.762,349263.72
2026-08-11 12:05:00,32.762,32.779,32.743,32.775,52808.37
2026-08-11 12:10:00,32.775,32.813,32.728,32.75,76743.94
2026-08-11 12:15:00,32.75,32.776,32.705,32.708,60782.36
2026-08-11 12:20:00,32.708,32.713,32.698,32.707,21182.18
2026-08-11 12:25:00,32.707,32.808,32.664,32.802,137375.48
2026-08-11 12:30:00,32.802,32.824,32.757,32.77,77001.55
2026-08-11 12:35:00,32.77,32.887,32.743,32.827,33742.73
2026-08-11 12:40:00,32.827,32.92,32.808,32.876,96589.02
2026-08-11 12:45:00,32.876,32.936,32.85,32.893,32954.71
2026-08-11 12:50:00,32.893,32.955,32.877,32.889,63940.32
2026-08-11 12:55:00,32.889,32.971,32.809,32.921,34755.07
2026-08-11 13:00:00,32.921,33.01,32.903,32.987,146432.0
2026-08-11 13:05:00,32.987,33.059,32.979,33.039,16870.44
2026-08-11 13:10:00,33.039,33.091,32.916,32.971,178792.54
2026-08-11 13:15:00,32.971,33.094,32.932,33.045,106116.27
2026-08-11 13:20:00,33.045,33.107,32.95,33.0,48528.91
2026-08-11 13:25:00,33.0,33.115,32.974,33.086,55611.46
2026-08-11 13:30:00,33.086,33.156,33.063,33.132,76926.43
2026-08-11 13:35:00,33.132,33.185,33.123,33.181,40459.84
2026-08-11 13:40:00,33.181,33.254,33.063,33.096,75973.58
2026-08-11 13:45:00,33.096,33.238,33.007,33.026,94484.36
2026-08-11 13:50:00,33.026,33.047,32.913,32.928,30401.31
2026-08-11 13:55:00,32.928,33.032,32.877,32.994,92820.09
2026-08-11 14:00:00,32.994,33.024,32.932,32.952,4554.85
2026-08-11 14:05:00,32.952,32.993,32.913,32.914,4338.05
2026-08-11 14:10:00,32.914,32.957,32.856,32.931,26791.82
2026-08-11 14:15:00,32.931,32.995,32.888,32.953,87247.68
2026-08-11 14:20:00,32.953,32.993,32.94,32.96,16516.04
2026-08-11 14:25:00,32.96,32.994,32.834,32.846,50455.86
2026-08-11 14:30:00,32.846,32.847,32.778,32.826,15935.53
2026-08-11 14:35:00,32.826,32.915,32.815,32.895,30430.15
2026-08-11 14:40:00,32.895,32.929,32.733,32.77,46208.05
2026-08-11 14:45:00,32.77,32.826,32.668,32.693,96249.88
2026-08-11 14:50:00,32.693,32.749,32.612,32.733,139252.93
2026-08-11 14:55:00,32.733,32.745,32.696,32.722,22499.95
2026-08-11 15:00:00,32.722,32.732,32.66,32.685,28646.44
2026-08-11 15:05:00,32.685,32.696,32.644,32.686,84868.97
2026-08-11 15:10:00,32.686,32.721,32.585,32.604,26678.91
2026-08-11 15:15:00,32.604,32.7,32.541,32.68,3411.19
2026-08-11 15:20:00,32.68,32.754,32.547,32.725,90378.93
2026-08-11 15:25:00,32.725,32.817,32.711,32.752,20405.01
2026-08-11 15:30:00,32.752,32.775,32.716,32.747,10114.14
2026-08-11 15:35:00,32.747,32.782,32.732,32.755,55500.8
2026-08-11 15:40:00,32.755,32.803,32.75,32.78,18162.36
2026-08-11 15:45:00,32.78,32.819,32.609,32.61,21113.06
2026-08-11 15:50:00,32.61,32.638,32.558,32.565,9699.98
2026-08-11 15:55:00,32.565,32.615,32.523,32.58,45738.08
2026-08-11 16:00:00,32.58,32.664,32.478,32.634,111398.81
2026-08-11 16:05:00,32.634,32.653,32.583,32.605,77388.95
2026-08-11 16:10:00,32.605,32.659,32.552,32.558,67357.76
2026-08-11 16:15:00,32.558,32.617,32.476,32.526,160097.09
2026-08-11 16:20:00,32.526,32.547,32.414,32.477,64252.88
2026-08-11 16:25:00,32.477,32.507,32.408,32.409,26108.28
2026-08-11 16:30:00,32.409,32.505,32.374,32.382,3611.69
2026-08-11 16:35:00,32.382,32.446,32.279,32.435,100636.83
2026-08-11 16:40:00,32.435,32.496,32.432,32.469,124279.02
2026-08-11 16:45:00,32.469,32.538,32.361,32.506,96810.65
2026-08-11 16:50:00,32.506,32.539,32.452,32.529,6826.56
2026-08-11 16:55:00,32.529,32.567,32.503,32.53,38948.08
2026-08-11 17:00:00,32.53,32.611,32.51,32.555,48.23
2026-08-11 17:05:00,32.555,32.67,32.541,32.637,13836.62
2026-08-11 17:10:00,32.637,32.788,32.592,32.766,28757.04
2026-08-11 17:15:00,32.766,32.87,32.736,32.804,8106.37
2026-08-11 17:20:00,32.804,32.832,32.719,32.73,50311.12
2026-08-11 17:25:00,32.73,32.739,32.721,32.735,67745.65
2026-08-11 17:30:00,32.735,32.737,32.645,32.653,41565.9
2026-08-11 17:35:00,32.653,32.655,32.572,32.622,236770.54
2026-08-11 17:40:00,32.622,32.662,32.555,32.591,15907.46
2026-08-11 17:45:00,32.591,32.61,32.358,32.426,32112.2
2026-08-11 17:50:00,32.426,32.516,32.305,32.345,569.44
2026-08-11 17:55:00,32.345,32.435,32.343,32.362,16671.67
2026-08-11 18:00:00,32.362,32.474,32.278,32.445,84983.96
2026-08-11 18:05:00,32.445,32.451,32.305,32.349,38828.89
2026-08-11 18:10:00,32.349,32.378,32.33,32.341,6955.27
2026-08-11 18:15:00,32.341,32.343,32.305,32.309,86794.36
2026-08-11 18:20:00,32.309,32.324,32.293,32.311,33638.74
2026-08-11 18:25:00,32.311,32.386,32.291,32.369,40057.14
2026-08-11 18:30:00,32.369,32.372,32.351,32.353,104104.48
2026-08-11 18:35:00,32.353,32.376,32.346,32.37,56539.91
2026-08-11 18:40:00,32.37,32.4,32.299,32.304,31037.39
2026-08-11 18:45:00,32.304,32.351,32.214,32.22,68928.92
2026-08-11 18:50:00,32.22,32.241,32.079,32.105,54087.01
2026-08-11 18:55:00,32.105,32.192,32.004,32.168,167449.6
2026-08-11 19:00:00,32.168,32.181,32.096,32.098,121723.0
2026-08-11 19:05:00,32.098,32.12,32.068,32.085,11356.3
2026-08-11 19:10:00,32.085,32.128,32.012,32.048,24455.93
2026-08-11 19:15:00,32.048,32.122,31.954,32.107,182195.4
2026-08-11 19:20:00,32.107,32.153,32.02,32.142,418334.41
2026-08-11 19:25:00,32.142,32.227,32.029,32.213,10581.77
2026-08-11 19:30:00,32.213,32.225,32.015,32.103,48469.44
2026-08-11 19:35:00,32.103,32.148,32.078,32.11,17856.52
2026-08-11 19:40:00,32.11,32.133,32.049,32.064,171744.0
2026-08-11 19:45:00,32.064,32.162,31.929,32.14,409792.5
2026-08-11 19:50:00,32.14,32.239,32.102,32.207,148456.06
2026-08-11 19:55:00,32.207,32.256,32.189,32.205,75719.13
2026-08-11 20:00:00,32.205,32.218,32.171,32.178,49032.58
2026-08-11 20:05:00,32.178,32.241,32.102,32.209,38594.23
2026-08-11 20:10:00,32.209,32.303,32.128,32.281,3692.17
2026-08-11 20:15:00,32.281,32.348,32.245,32.3,69075.78
2026-08-11 20:20:00,32.3,32.301,32.189,32.269,28373.06
2026-08-11 20:25:00,32.269,32.381,32.254,32.33,65934.89
2026-08-11 20:30:00,32.33,32.345,32.317,32.32,51180.33
2026-08-11 20:35:00,32.32,32.445,32.267,32.43,1341.01
2026-08-11 20:40:00,32.43,32.492,32.429,32.47,13954.31
2026-08-11 20:45:00,32.47,32.532,32.467,32.53,15619.55
2026-08-11 20:50:00,32.53,32.555,32.404,32.438,81803.64
2026-08-11 20:55:00,32.438,32.469,32.426,32.449,12257.33
2026-08-11 21:00:00,32.449,32.453,32.333,32.392,55763.12
2026-08-11 21:05:00,32.392,32.433,32.365,32.429,100292.28
2026-08-11 21:10:00,32.429,32.465,32.364,32.368,8129.01
2026-08-11 21:15:00,32.368,32.368,32.307,32.312,7129.63
2026-08-11 21:20:00,32.312,32.328,32.173,32.277,32356.97
2026-08-11 21:25:00,32.277,32.309,32.239,32.242,92417.16
2026-08-11 21:30:00,32.242,32.324,32.241,32.315,45918.28
2026-08-11 21:35:00,32.315,32.439,32.311,32.428,35687.04
2026-08-11 21:40:00,32.428,32.457,32.423,32.425,24623.55
2026-08-11 21:45:00,32.425,32.508,32.353,32.363,55436.7
2026-08-11 21:50:00,32.363,32.369,32.264,32.32,70183.99
2026-08-11 21:55:00,32.32,32.333,32.139,32.219,57450.93
2026-08-11 22:00:00,32.219,32.237,32.124,32.22,15979.65
2026-08-11 22:05:00,32.22,32.232,32.197,32.201,54732.79
2026-08-11 22:10:00,32.201,32.207,32.154,32.155,56882.42
2026-08-11 22:15:00,32.155,32.272,32.14,32.244,27197.77
2026-08-11 22:20:00,32.244,32.281,32.177,32.194,12127.85
2026-08-11 22:25:00,32.194,32.281,32.118,32.278,13540.44
2026-08-11 22:30:00,32.278,32.319,32.15,32.157,38052.0
2026-08-11 22:35:00,32.157,32.342,32.145,32.248,11987.25
2026-08-11 22:40:00,32.248,32.28,32.123,32.135,70388.31
2026-08-11 22:45:00,32.135,32.135,32.021,32.047,7560.66
2026-08-11 22:50:00,32.047,32.054,32.025,32.045,11054.8
2026-08-11 22:55:00,32.045,32.047,32.001,32.008,11066.72
2026-08-11 23:00:00,32.008,32.07,31.95,32.048,80705.35
2026-08-11 23:05:00,32.048,32.066,32.002,32.058,25360.08
2026-08-11 23:10:00,32.058,32.073,31.998,32.021,4865.95
2026-08-11 23:15:00,32.021,32.119,31.917,32.091,162467.58
2026-08-11 23:20:00,32.091,32.123,31.986,32.025,18673.33
2026-08-11 23:25:00,32.025,32.121,31.91,32.093,371879.52
2026-08-11 23:30:00,32.093,32.135,32.023,32.051,119902.44
2026-08-11 23:35:00,32.051,32.179,32.033,32.134,28414.93
2026-08-11 23:40:00,32.134,32.137,32.007,32.046,91156.98
2026-08-11 23:45:00,32.046,32.1,31.956,32.024,89205.31
2026-08-11 23:50:00,32.024,32.04,31.933,32.007,66894.73
2026-08-11 23:55:00,32.007,32.026,32.003,32.011,18090.64
2026-08-12 00:00:00,32.011,32.061,31.994,32.05,87849.61
2026-08-12 00:05:00,32.05,32.145,31.961,32.117,689695.7
2026-08-12 00:10:00,32.117,32.125,32.092,32.121,104065.15
2026-08-12 00:15:00,32.121,32.139,32.053,32.083,105589.38
2026-08-12 00:20:00,32.083,32.117,31.978,31.996,34619.8
2026-08-12 00:25:00,31.996,32.051,31.853,32.035,183126.94
2026-08-12 00:30:00,32.035,32.09,31.985,32.064,196354.17
2026-08-12 00:35:00,32.064,32.091,32.027,32.036,2715.07
2026-08-12 00:40:00,32.036,32.216,32.023,32.089,79593.24
2026-08-12 00:45:00,32.089,32.142,32.081,32.104,28100.24
2026-08-12 00:50:00,32.104,32.149,32.104,32.138,43228.57
2026-08-12 00:55:00,32.138,32.2,32.097,32.1,30274.98
2026-08-12 01:00:00,32.1,32.133,32.037,32.08,42869.72
2026-08-12 01:05:00,32.08,32.233,32.029,32.185,15182.82
2026-08-12 01:10:00,32.185,32.265,32.152,32.214,532.37
2026-08-12 01:15:00,32.214,32.236,32.167,32.202,2296.01
2026-08-12 01:20:00,32.202,32.367,32.182,32.301,6117.09
2026-08-12 01:25:00,32.301,32.334,32.226,32.247,31022.29
2026-08-12 01:30:00,32.247,32.326,32.212,32.305,6864.84
2026-08-12 01:35:00,32.305,32.374,32.289,32.36,32299.25
2026-08-12 01:40:00,32.36,32.392,32.206,32.213,13311.34
2026-08-12 01:45:00,32.213,32.233,32.181,32.199,7037.3
2026-08-12 01:50:00,32.199,32.325,32.171,32.293,45704.4
2026-08-12 01:55:00,32.293,32.345,32.202,32.267,4715.86
2026-08-12 02:00:00,32.267,32.386,32.24,32.373,73619.61
2026-08-12 02:05:00,32.373,32.421,32.305,32.357,44037.35
2026-08-12 02:10:00,32.357,32.359,32.209,32.278,63676.84
2026-08-12 02:15:00,32.278,32.376,32.276,32.337,122668.43
2026-08-12 02:20:00,32.337,32.416,32.315,32.408,57092.98
2026-08-12 02:25:00,32.408,32.415,32.322,32.377,164760.44
2026-08-12 02:30:00,32.377,32.491,32.322,32.474,13067.31
2026-08-12 02:35:00,32.474,32.575,32.375,32.394,27220.05
2026-08-12 02:40:00,32.394,32.44,32.293,32.324,269321.42
2026-08-12 02:45:00,32.324,32.355,32.297,32.301,37310.75
2026-08-12 02:50:00,32.301,32.382,32.298,32.374,17240.32
2026-08-12 02:55:00,32.374,32.43,32.352,32.396,70407.1
2026-08-12 03:00:00,32.396,32.51,32.333,32.486,170477.38
2026-08-12 03:05:00,32.486,32.569,32.414,32.445,446815.74
2026-08-12 03:10:00,32.445,32.465,32.399,32.407,34553.25
2026-08-12 03:15:00,32.407,32.417,32.324,32.412,81963.28
2026-08-12 03:20:00,32.412,32.42,32.322,32.37,78842.36
2026-08-12 03:25:00,32.37,32.406,32.365,32.397,38744.86
2026-08-12 03:30:00,32.397,32.407,32.356,32.372,62919.3
2026-08-12 03:35:00,32.372,32.471,32.357,32.446,5777.99
2026-08-12 03:40:00,32.446,32.586,32.426,32.571,3574.29
2026-08-12 03:45:00,32.571,32.612,32.543,32.567,34434.06
2026-08-12 03:50:00,32.567,32.595,32.422,32.451,54709.07
2026-08-12 03:55:00,32.451,32.47,32.435,32.457,14380.19
2026-08-12 04:00:00,32.457,32.525,32.447,32.521,45208.2
2026-08-12 04:05:00,32.521,32.587,32.508,32.574,8854.43
2026-08-12 04:10:00,32.574,32.606,32.536,32.59,55311.22
2026-08-12 04:15:00,32.59,32.725,32.502,32.52,55559.97
2026-08-12 04:20:00,32.52,32.547,32.41,32.435,75825.42
2026-08-12 04:25:00,32.435,32.565,32.38,32.394,427277.45
2026-08-12 04:30:00,32.394,32.424,32.3,32.336,49026.32
2026-08-12 04:35:00,32.336,32.375,32.221,32.28,15021.69
2026-08-12 04:40:00,32.28,32.411,32.276,32.381,3847.51
2026-08-12 04:45:00,32.381,32.597,32.359,32.529,174943.17
2026-08-12 04:50:00,32.529,32.552,32.442,32.502,49885.85
2026-08-12 04:55:00,32.502,32.539,32.396,32.506,37451.65
2026-08-12 05:00:00,32.506,32.616,32.503,32.581,81526.99
2026-08-12 05:05:00,32.581,32.716,32.522,32.542,185161.48
2026-08-12 05:10:00,32.542,32.567,32.53,32.542,182784.69
2026-08-12 05:15:00,32.542,32.548,32.465,32.503,20067.49
2026-08-12 05:20:00,32.503,32.599,32.413,32.427,241819.9
2026-08-12 05:25:00,32.427,32.562,32.351,32.368,18406.83
2026-08-12 05:30:00,32.368,32.421,32.341,32.403,61610.92
2026-08-12 05:35:00,32.403,32.515,32.334,32.468,54980.04
2026-08-12 05:40:00,32.468,32.58,32.466,32.534,99226.14
2026-08-12 05:45:00,32.534,32.564,32.442,32.483,12632.5
2026-08-12 05:50:00,32.483,32.589,32.401,32.422,98650.7
2026-08-12 05:55:00,32.422,32.426,32.304,32.33,74984.79
2026-08-12 06:00:00,32.33,32.349,32.306,32.338,12986.36
2026-08-12 06:05:00,32.338,32.374,32.239,32.241,79156.3
2026-08-12 06:10:00,32.241,32.289,32.207,32.229,132312.49
2026-08-12 06:15:00,32.229,32.302,32.159,32.176,10914.06
2026-08-12 06:20:00,32.176,32.177,32.055,32.087,166594.53
2026-08-12 06:25:00,32.087,32.112,32.054,32.096,97962.7
2026-08-12 06:30:00,32.096,32.145,32.035,32.121,27941.44
2026-08-12 06:35:00,32.121,32.229,32.12,32.161,32789.06
2026-08-12 06:40:00,32.161,32.23,32.117,32.226,225668.64
2026-08-12 06:45:00,32.226,32.243,32.206,32.223,93357.51
2026-08-12 06:50:00,32.223,32.309,32.142,32.298,55263.73
2026-08-12 06:55:00,32.298,32.301,32.248,32.273,9808.48
2026-08-12 07:00:00,32.273,32.372,32.272,32.296,14062.61
2026-08-12 07:05:00,32.296,32.325,32.235,32.283,17790.23
2026-08-12 07:10:00,32.283,32.312,32.142,32.184,105077.81
2026-08-12 07:15:00,32.184,32.217,31.974,32.035,28644.04
2026-08-12 07:20:00,32.035,32.107,31.906,32.094,478019.98
2026-08-12 07:25:00,32.094,32.1,32.085,32.085,22612.45
2026-08-12 07:30:00,32.085,32.153,32.003,32.138,198049.52
2026-08-12 07:35:00,32.138,32.2,32.118,32.144,67298.24
2026-08-12 07:40:00,32.144,32.167,32.134,32.134,69916.85
2026-08-12 07:45:00,32.134,32.215,32.127,32.159,14749.92
2026-08-12 07:50:00,32.159,32.249,32.135,32.205,111753.04
2026-08-12 07:55:00,32.205,32.286,32.177,32.239,38529.19
2026-08-12 08:00:00,32.239,32.311,32.19,32.2,27272.46
2026-08-12 08:05:00,32.2,32.268,32.142,32.227,4270.37
2026-08-12 08:10:00,32.227,32.248,32.18,32.207,54997.51
2026-08-12 08:15:00,32.207,32.267,32.177,32.251,20280.17
2026-08-12 08:20:00,32.251,32.281,32.242,32.268,7323.05
2026-08-12 08:25:00,32.268,32.292,32.229,32.278,52591.41
2026-08-12 08:30:00,32.278,32.378,32.209,32.313,937.9
2026-08-12 08:35:00,32.313,32.348,32.309,32.333,7836.34
2026-08-12 08:40:00,32.333,32.372,32.285,32.298,51376.19
2026-08-12 08:45:00,32.298,32.32,32.212,32.229,135251.58
2026-08-12 08:50:00,32.229,32.245,32.121,32.132,72432.53
2026-08-12 08:55:00,32.132,32.172,32.109,32.146,22673.98
2026-08-12 09:00:00,32.146,32.2,32.119,32.189,33834.68
2026-08-12 09:05:00,32.189,32.21,32.05,32.075,93656.85
2026-08-12 09:10:00,32.075,32.15,32.017,32.124,303866.1
2026-08-12 09:15:00,32.124,32.151,32.05,32.061,28271.66
2026-08-12 09:20:00,32.061,32.145,31.957,32.128,12469.38
2026-08-12 09:25:00,32.128,32.163,32.051,32.091,29230.38
2026-08-12 09:30:00,32.091,32.176,31.957,32.152,381585.89
2026-08-12 09:35:00,32.152,32.219,32.094,32.202,170818.15
2026-08-12 09:40:00,32.202,32.212,32.089,32.132,60665.21
2026-08-12 09:45:00,32.132,32.145,32.079,32.083,34763.09
2026-08-12 09:50:00,32.083,32.115,32.042,32.045,34831.32
2026-08-12 09:55:00,32.045,32.138,32.006,32.065,3184.75
2026-08-12 10:00:00,32.065,32.17,32.018,32.13,58008.37
2026-08-12 10:05:00,32.13,32.198,32.118,32.165,86982.08
2026-08-12 10:10:00,32.165,32.264,32.114,32.258,3525.91
2026-08-12 10:15:00,32.258,32.274,32.194,32.247,147349.26
2026-08-12 10:20:00,32.247,32.341,32.242,32.339,12664.93
2026-08-12 10:25:00,32.339,32.436,32.331,32.407,2611.27
2026-08-12 10:30:00,32.407,32.445,32.402,32.427,234263.22
2026-08-12 10:35:00,32.427,32.432,32.338,32.361,41957.71
2026-08-12 10:40:00,32.361,32.421,32.33,32.393,99316.16
2026-08-12 10:45:00,32.393,32.398,32.328,32.381,25007.19
2026-08-12 10:50:00,32.381,32.474,32.331,32.441,51539.88
2026-08-12 10:55:00,32.441,32.475,32.277,32.31,13100.87
2026-08-12 11:00:00,32.31,32.38,32.237,32.367,58231.85
2026-08-12 11:05:00,32.367,32.375,32.306,32.336,46863.44
2026-08-12 11:10:00,32.336,32.371,32.27,32.345,10279.97
2026-08-12 11:15:00,32.345,32.362,32.299,32.328,135283.84
2026-08-12 11:20:00,32.328,32.355,32.175,32.243,96638.47
2026-08-12 11:25:00,32.243,32.254,32.241,32.242,99225.86
2026-08-12 11:30:00,32.242,32.335,32.224,32.234,3129.73
2026-08-12 11:35:00,32.234,32.262,32.129,32.165,53523.73
2026-08-12 11:40:00,32.165,32.234,32.127,32.201,51152.41
2026-08-12 11:45:00,32.201,32.219,32.131,32.159,16579.95
2026-08-12 11:50:00,32.159,32.168,32.083,32.098,73646.59
2026-08-12 11:55:00,32.098,32.108,32.028,32.047,45221.65
2026-08-12 12:00:00,32.047,32.225,32.012,32.171,90261.9
2026-08-12 12:05:00,32.171,32.206,32.139,32.171,44391.49
2026-08-12 12:10:00,32.171,32.228,32.138,32.205,11436.67
2026-08-12 12:15:00,32.205,32.341,32.183,32.295,23590.97
2026-08-12 12:20:00,32.295,32.521,32.27,32.477,9489.99
2026-08-12 12:25:00,32.477,32.552,32.378,32.406,815128.17
2026-08-12 12:30:00,32.406,32.467,32.376,32.433,98168.35
2026-08-12 12:35:00,32.433,32.473,32.319,32.353,21591.74
2026-08-12 12:40:00,32.353,32.363,32.193,32.233,37993.47
2026-08-12 12:45:00,32.233,32.246,32.228,32.234,46468.88
2026-08-12 12:50:00,32.234,32.28,32.193,32.208,31324.27
2026-08-12 12:55:00,32.208,32.332,32.201,32.269,32.91
2026-08-12 13:00:00,32.269,32.314,32.209,32.223,30352.04
2026-08-12 13:05:00,32.223,32.232,32.15,32.207,21244.77
2026-08-12 13:10:00,32.207,32.318,32.133,32.304,215324.26
2026-08-12 13:15:00,32.304,32.393,32.291,32.357,34845.61
2026-08-12 13:20:00,32.357,32.364,32.287,32.337,59750.79
2026-08-12 13:25:00,32.337,32.408,32.299,32.39,108098.48
2026-08-12 13:30:00,32.39,32.443,32.367,32.439,34942.93
2026-08-12 13:35:00,32.439,32.527,32.361,32.377,113226.93
2026-08-12 13:40:00,32.377,32.406,32.323,32.328,14295.36
2026-08-12 13:45:00,32.328,32.34,32.314,32.333,3249.51
2026-08-12 13:50:00,32.333,32.345,32.277,32.344,48922.06
2026-08-12 13:55:00,32.344,32.346,32.314,32.334,140009.36
2026-08-12 14:00:00,32.334,32.445,32.33,32.4,48519.94
2026-08-12 14:05:00,32.4,32.422,32.324,32.349,63986.28
2026-08-12 14:10:00,32.349,32.364,32.276,32.293,15963.43
2026-08-12 14:15:00,32.293,32.296,32.269,32.276,29159.05
2026-08-12 14:20:00,32.276,32.288,32.245,32.245,68415.33
2026-08-12 14:25:00,32.245,32.27,32.198,32.204,64023.68
2026-08-12 14:30:00,32.204,32.306,32.119,32.293,25821.52
2026-08-12 14:35:00,32.293,32.369,32.291,32.338,38395.14
2026-08-12 14:40:00,32.338,32.428,32.29,32.376,47313.46
2026-08-12 14:45:00,32.376,32.386,32.334,32.34,17531.07
2026-08-12 14:50:00,32.34,32.354,32.301,32.341,232552.33
2026-08-12 14:55:00,32.341,32.354,32.303,32.317,89486.55
2026-08-12 15:00:00,32.317,32.336,32.24,32.265,116258.14
2026-08-12 15:05:00,32.265,32.281,32.206,32.222,81081.99
2026-08-12 15:10:00,32.222,32.338,32.189,32.322,76402.6
2026-08-12 15:15:00,32.322,32.326,32.269,32.313,79888.52
2026-08-12 15:20:00,32.313,32.381,32.306,32.371,11.67
2026-08-12 15:25:00,32.371,32.48,32.324,32.422,61432.15
2026-08-12 15:30:00,32.422,32.48,32.353,32.375,72010.73
2026-08-12 15:35:00,32.375,32.505,32.352,32.411,74308.25
2026-08-12 15:40:00,32.411,32.468,32.396,32.456,27682.63
2026-08-12 15:45:00,32.456,32.461,32.412,32.435,27.95
2026-08-12 15:50:00,32.435,32.498,32.413,32.491,97594.99
2026-08-12 15:55:00,32.491,32.511,32.437,32.456,25213.6
2026-08-12 16:00:00,32.456,32.499,32.425,32.451,107964.12
2026-08-12 16:05:00,32.451,32.466,32.366,32.421,13616.95
2026-08-12 16:10:00,32.421,32.43,32.373,32.396,66449.24
2026-08-12 16:15:00,32.396,32.463,32.316,32.325,24190.93
2026-08-12 16:20:00,32.325,32.349,32.31,32.321,126366.37
2026-08-12 16:25:00,32.321,32.381,32.274,32.347,16769.1
2026-08-12 16:30:00,32.347,32.387,32.319,32.324,5472.54
2026-08-12 16:35:00,32.324,32.383,32.3,32.381,17188.63
2026-08-12 16:40:00,32.381,32.42,32.344,32.367,37752.33
2026-08-12 16:45:00,32.367,32.454,32.322,32.381,62031.05
2026-08-12 16:50:00,32.381,32.408,32.342,32.355,57331.21
2026-08-12 16:55:00,32.355,32.421,32.281,32.399,23863.1
2026-08-12 17:00:00,32.399,32.522,32.395,32.502,63245.63
2026-08-12 17:05:00,32.502,32.566,32.472,32.554,54542.39
2026-08-12 17:10:00,32.554,32.573,32.44,32.458,1148.46
2026-08-12 17:15:00,32.458,32.531,32.35,32.37,53859.19
2026-08-12 17:20:00,32.37,32.374,32.315,32.33,61663.1
2026-08-12 17:25:00,32.33,32.374,32.289,32.354,93930.98
2026-08-12 17:30:00,32.354,32.372,32.268,32.289,77130.78
2026-08-12 17:35:00,32.289,32.31,32.199,32.214,26193.65
2026-08-12 17:40:00,32.214,32.215,32.119,32.13,4477.44
2026-08-12 17:45:00,32.13,32.186,32.115,32.139,12007.63
2026-08-12 17:50:00,32.139,32.205,32.068,32.079,17611.38
2026-08-12 17:55:00,32.079,32.109,32.053,32.076,240018.28
2026-08-12 18:00:00,32.076,32.104,32.006,32.021,12702.31
2026-08-12 18:05:00,32.021,32.049,31.966,32.016,38027.07
2026-08-12 18:10:00,32.016,32.115,31.913,32.089,15987.5
2026-08-12 18:15:00,32.089,32.191,32.061,32.118,61832.2
2026-08-12 18:20:00,32.118,32.202,32.111,32.145,48558.67
2026-08-12 18:25:00,32.145,32.215,32.141,32.174,12433.5
2026-08-12 18:30:00,32.174,32.237,32.064,32.074,207868.78
2026-08-12 18:35:00,32.074,32.143,31.985,32.124,75068.04
2026-08-12 18:40:00,32.124,32.174,32.11,32.159,41626.62
2026-08-12 18:45:00,32.159,32.253,32.136,32.215,330.56
2026-08-12 18:50:00,32.215,32.238,32.112,32.129,14516.83
2026-08-12 18:55:00,32.129,32.153,32.118,32.136,117201.91
2026-08-12 19:00:00,32.136,32.144,32.016,32.065,63932.05
2026-08-12 19:05:00,32.065,32.097,32.047,32.059,97442.27
2026-08-12 19:10:00,32.059,32.065,31.972,31.991,14469.04
2026-08-12 19:15:00,31.991,32.043,31.867,32.019,53084.86
2026-08-12 19:20:00,32.019,32.055,31.96,31.976,21725.2
2026-08-12 19:25:00,31.976,32.04,31.859,31.894,659.15
2026-08-12 19:30:00,31.894,31.953,31.864,31.925,25546.06
2026-08-12 19:35:00,31.925,31.933,31.878,31.893,48022.03
2026-08-12 19:40:00,31.893,31.925,31.873,31.916,67869.89
2026-08-12 19:45:00,31.916,32.017,31.886,31.96,43070.81
2026-08-12 19:50:00,31.96,31.998,31.866,31.99,4712.89
2026-08-12 19:55:00,31.99,32.004,31.952,31.987,34182.2
2026-08-12 20:00:00,31.987,32.066,31.961,32.028,31122.45
2026-08-12 20:05:00,32.028,32.051,31.925,32.028,20251.29
2026-08-12 20:10:00,32.028,32.089,32.019,32.025,19425.37
2026-08-12 20:15:00,32.025,32.06,31.939,31.965,21794.46
2026-08-12 20:20:00,31.965,31.994,31.956,31.986,71526.68
2026-08-12 20:25:00,31.986,32.037,31.965,31.99,8749.26
2026-08-12 20:30:00,31.99,32.045,31.935,31.998,64801.78
2026-08-12 20:35:00,31.998,32.06,31.909,31.938,2236.47
2026-08-12 20:40:00,31.938,32.012,31.907,31.939,94518.66
2026-08-12 20:45:00,31.939,31.958,31.824,31.828,7177.04
2026-08-12 20:50:00,31.828,31.831,31.782,31.807,92608.68
2026-08-12 20:55:00,31.807,31.826,31.779,31.823,138950.55
2026-08-12 21:00:00,31.823,31.859,31.752,31.847,34821.63
2026-08-12 21:05:00,31.847,31.921,31.773,31.899,2419.02
2026-08-12 21:10:00,31.899,31.986,31.806,31.957,74768.84
2026-08-12 21:15:00,31.957,32.053,31.921,32.042,245448.17
2026-08-12 21:20:00,32.042,32.093,32.014,32.051,202179.31
2026-08-12 21:25:00,32.051,32.06,31.949,32.01,60612.45
2026-08-12 21:30:00,32.01,32.033,31.942,31.964,119049.4
2026-08-12 21:35:00,31.964,32.048,31.957,31.995,94478.07
2026-08-12 21:40:00,31.995,32.038,31.966,31.977,7310.39
2026-08-12 21:45:00,31.977,32.068,31.947,32.059,37966.53
2026-08-12 21:50:00,32.059,32.07,31.944,31.995,20792.94
2026-08-12 21:55:00,31.995,32.005,31.883,31.9,24125.56
2026-08-12 22:00:00,31.9,31.906,31.815,31.868,68129.71
2026-08-12 22:05:00,31.868,31.896,31.787,31.827,194645.74
2026-08-12 22:10:00,31.827,31.994,31.805,31.94,53961.9
2026-08-12 22:15:00,31.94,31.984,31.887,31.966,204116.48
2026-08-12 22:20:00,31.966,31.974,31.887,31.898,33807.25
2026-08-12 22:25:00,31.898,31.898,31.822,31.856,30794.18
2026-08-12 22:30:00,31.856,31.911,31.817,31.896,48498.02
2026-08-12 22:35:00,31.896,32.026,31.881,31.993,37669.48
2026-08-12 22:40:00,31.993,31.999,31.96,31.984,64180.45
2026-08-12 22:45:00,31.984,32.112,31.947,32.051,13411.21
2026-08-12 22:50:00,32.051,32.152,32.011,32.077,118449.55
2026-08-12 22:55:00,32.077,32.133,32.051,32.085,13779.67
2026-08-12 23:00:00,32.085,32.191,32.071,32.152,26012.19
2026-08-12 23:05:00,32.152,32.198,32.036,32.112,12851.15
2026-08-12 23:10:00,32.112,32.153,32.111,32.143,17644.43
2026-08-12 23:15:00,32.143,32.232,32.13,32.199,54983.21
2026-08-12 23:20:00,32.199,32.307,32.178,32.267,31112.1
2026-08-12 23:25:00,32.267,32.312,32.217,32.268,52655.17
2026-08-12 23:30:00,32.268,32.312,32.217,32.232,56181.9
2026-08-12 23:35:00,32.232,32.259,32.18,32.214,64865.49
2026-08-12 23:40:00,32.214,32.275,32.145,32.155,127784.17
2026-08-12 23:45:00,32.155,32.318,32.085,32.281,87113.65
2026-08-12 23:50:00,32.281,32.36,32.189,32.2,34280.77
2026-08-12 23:55:00,32.2,32.253,32.194,32.224,105543.51
2026-08-13 00:00:00,32.224,32.275,32.117,32.131,192160.58
2026-08-13 00:05:00,32.131,32.218,32.097,32.177,30677.82
2026-08-13 00:10:00,32.177,32.219,32.101,32.15,9489.77
2026-08-13 00:15:00,32.15,32.292,32.141,32.221,212771.09
2026-08-13 00:20:00,32.221,32.253,32.201,32.21,65624.69
2026-08-13 00:25:00,32.21,32.288,32.167,32.266,15031.93
2026-08-13 00:30:00,32.266,32.389,32.159,32.175,74491.7
2026-08-13 00:35:00,32.175,32.197,32.141,32.184,6506.32
2026-08-13 00:40:00,32.184,32.19,32.161,32.167,10964.18
2026-08-13 00:45:00,32.167,32.168,32.117,32.145,7228.43
2026-08-13 00:50:00,32.145,32.159,32.072,32.091,136551.05
2026-08-13 00:55:00,32.091,32.115,31.968,31.97,148821.17
2026-08-13 01:00:00,31.97,31.977,31.95,31.958,65511.41
2026-08-13 01:05:00,31.958,32.0,31.886,31.984,65231.12
2026-08-13 01:10:00,31.984,32.006,31.942,31.99,64655.56
2026-08-13 01:15:00,31.99,32.163,31.948,32.117,10318.47
2026-08-13 01:20:00,32.117,32.209,32.085,32.177,41022.45
2026-08-13 01:25:00,32.177,32.338,32.148,32.247,83563.51
2026-08-13 01:30:00,32.247,32.263,32.17,32.193,24818.04
2026-08-13 01:35:00,32.193,32.221,32.182,32.215,27281.6
2026-08-13 01:40:00,32.215,32.294,32.166,32.25,47384.72
2026-08-13 01:45:00,32.25,32.381,32.169,32.193,407212.48
2026-08-13 01:50:00,32.193,32.209,32.161,32.168,43937.49
2026-08-13 01:55:00,32.168,32.28,32.151,32.226,59949.77
2026-08-13 02:00:00,32.226,32.232,32.204,32.212,53500.28
2026-08-13 02:05:00,32.212,32.222,32.21,32.21,38677.04
2026-08-13 02:10:00,32.21,32.252,32.162,32.2,58574.11
2026-08-13 02:15:00,32.2,32.316,32.176,32.262,188783.62
2026-08-13 02:20:00,32.262,32.397,32.189,32.215,1227.07
2026-08-13 02:25:00,32.215,32.258,32.211,32.227,41257.82
2026-08-13 02:30:00,32.227,32.292,32.168,32.264,57837.23
2026-08-13 02:35:00,32.264,32.308,32.24,32.271,125871.16
2026-08-13 02:40:00,32.271,32.285,32.204,32.218,14813.38
2026-08-13 02:45:00,32.218,32.299,32.149,32.166,5279.94
2026-08-13 02:50:00,32.166,32.196,32.156,32.174,39463.21
2026-08-13 02:55:00,32.174,32.256,32.152,32.176,82619.19
2026-08-13 03:00:00,32.176,32.193,32.084,32.108,8335.28
2026-08-13 03:05:00,32.108,32.111,32.02,32.043,12049.12
2026-08-13 03:10:00,32.043,32.102,31.992,32.093,41954.32
2026-08-13 03:15:00,32.093,32.206,32.07,32.194,15441.86
2026-08-13 03:20:00,32.194,32.242,32.188,32.233,56836.66
2026-08-13 03:25:00,32.233,32.272,32.195,32.253,5735.87
2026-08-13 03:30:00,32.253,32.353,32.177,32.192,499072.93
2026-08-13 03:35:00,32.192,32.211,32.079,32.142,25551.65
2026-08-13 03:40:00,32.142,32.203,32.07,32.121,53973.34
2026-08-13 03:45:00,32.121,32.196,32.048,32.194,80652.47
2026-08-13 03:50:00,32.194,32.207,32.176,32.188,173341.84
2026-08-13 03:55:00,32.188,32.215,32.142,32.173,5621.38
2026-08-13 04:00:00,32.173,32.24,32.168,32.203,103248.55
2026-08-13 04:05:00,32.203,32.277,32.201,32.248,7598.32
2026-08-13 04:10:00,32.248,32.355,32.22,32.349,32571.43
2026-08-13 04:15:00,32.349,32.374,32.306,32.312,52219.52
2026-08-13 04:20:00,32.312,32.312,32.296,32.308,24160.02
2026-08-13 04:25:00,32.308,32.421,32.225,32.247,140774.4
2026-08-13 04:30:00,32.247,32.289,32.242,32.289,2385.45
2026-08-13 04:35:00,32.289,32.349,32.249,32.319,67211.62
2026-08-13 04:40:00,32.319,32.437,32.223,32.248,535399.48
2026-08-13 04:45:00,32.248,32.385,32.195,32.204,380733.42
2026-08-13 04:50:00,32.204,32.207,32.095,32.107,120198.78
2026-08-13 04:55:00,32.107,32.109,32.006,32.028,63526.94
2026-08-13 05:00:00,32.028,32.048,31.972,32.015,98054.3
2026-08-13 05:05:00,32.015,32.054,31.934,32.044,25349.84
2026-08-13 05:10:00,32.044,32.083,31.99,32.031,42550.44
2026-08-13 05:15:00,32.031,32.074,31.962,31.984,11725.12
2026-08-13 05:20:00,31.984,32.081,31.892,31.907,28946.37
2026-08-13 05:25:00,31.907,31.923,31.882,31.919,88790.09
2026-08-13 05:30:00,31.919,31.921,31.901,31.913,33873.88
2026-08-13 05:35:00,31.913,31.937,31.835,31.859,22167.46
2026-08-13 05:40:00,31.859,31.993,31.856,31.985,21650.46
2026-08-13 05:45:00,31.985,32.015,31.963,31.985,51217.78
2026-08-13 05:50:00,31.985,32.086,31.964,32.041,814.84
2026-08-13 05:55:00,32.041,32.086,31.951,32.061,11350.27
2026-08-13 06:00:00,32.061,32.161,32.04,32.142,8863.65
2026-08-13 06:05:00,32.142,32.218,32.139,32.158,72557.79
2026-08-13 06:10:00,32.158,32.247,32.152,32.235,10198.25
2026-08-13 06:15:00,32.235,32.331,32.222,32.31,167736.78
2026-08-13 06:20:00,32.31,32.338,32.144,32.175,7335.01
2026-08-13 06:25:00,32.175,32.18,32.061,32.085,57486.43
2026-08-13 06:30:00,32.085,32.107,32.0,32.072,7836.06
2026-08-13 06:35:00,32.072,32.074,32.022,32.037,14739.97
2026-08-13 06:40:00,32.037,32.058,32.014,32.019,44523.47
2026-08-13 06:45:00,32.019,32.029,31.934,31.949,26235.46
2026-08-13 06:50:00,31.949,32.025,31.84,32.008,580727.51
2026-08-13 06:55:00,32.008,32.065,31.996,32.044,37898.64
2026-08-13 07:00:00,32.044,32.073,32.0,32.056,103085.03
2026-08-13 07:05:00,32.056,32.061,32.045,32.057,112660.28
2026-08-13 07:10:00,32.057,32.077,32.03,32.038,12876.39
2026-08-13 07:15:00,32.038,32.113,32.031,32.056,27871.03
2026-08-13 07:20:00,32.056,32.169,32.018,32.125,158775.83
2026-08-13 07:25:00,32.125,32.151,31.982,31.989,35833.93
2026-08-13 07:30:00,31.989,31.993,31.984,31.986,49206.3
2026-08-13 07:35:00,31.986,32.095,31.984,32.06,48185.38
2026-08-13 07:40:00,32.06,32.169,32.001,32.153,34014.13
2026-08-13 07:45:00,32.153,32.172,32.114,32.169,109951.19
2026-08-13 07:50:00,32.169,32.187,32.138,32.157,31116.1
2026-08-13 07:55:00,32.157,32.18,32.063,32.095,43340.49
2026-08-13 08:00:00,32.095,32.164,32.068,32.133,76737.73
2026-08-13 08:05:00,32.133,32.151,32.092,32.103,32294.3
2026-08-13 08:10:00,32.103,32.198,32.08,32.158,16531.03
2026-08-13 08:15:00,32.158,32.193,32.142,32.171,80353.65
2026-08-13 08:20:00,32.171,32.19,32.168,32.183,20420.78
2026-08-13 08:25:00,32.183,32.278,32.144,32.16,104289.5
2026-08-13 08:30:00,32.16,32.16,32.11,32.11,162144.41
2026-08-13 08:35:00,32.11,32.136,31.995,32.04,102067.41
2026-08-13 08:40:00,32.04,32.068,31.867,31.94,37219.33
2026-08-13 08:45:00,31.94,31.991,31.852,31.881,83566.89
2026-08-13 08:50:00,31.881,31.906,31.807,31.815,193792.02
2026-08-13 08:55:00,31.815,31.865,31.814,31.83,17712.96
2026-08-13 09:00:00,31.83,31.866,31.747,31.788,20092.55
2026-08-13 09:05:00,31.788,31.792,31.724,31.754,63133.43
2026-08-13 09:10:00,31.754,31.787,31.706,31.748,38707.05
2026-08-13 09:15:00,31.748,31.851,31.633,31.824,118170.29
2026-08-13 09:20:00,31.824,31.96,31.799,31.895,100046.56
2026-08-13 09:25:00,31.895,31.927,31.884,31.899,19154.77
2026-08-13 09:30:00,31.899,31.955,31.824,31.853,100490.75
2026-08-13 09:35:00,31.853,31.859,31.834,31.847,63194.19
2026-08-13 09:40:00,31.847,31.886,31.833,31.872,8404.56
2026-08-13 09:45:00,31.872,31.902,31.853,31.9,54833.11
2026-08-13 09:50:00,31.9,31.96,31.791,31.95,522117.56
2026-08-13 09:55:00,31.95,31.971,31.885,31.893,17097.8
2026-08-13 10:00:00,31.893,31.941,31.804,31.937,165562.51
2026-08-13 10:05:00,31.937,31.97,31.795,31.824,34493.15
2026-08-13 10:10:00,31.824,31.826,31.77,31.78,22678.7
2026-08-13 10:15:00,31.78,31.791,31.753,31.755,178136.49
2026-08-13 10:20:00,31.755,31.83,31.731,31.809,24226.14
2026-08-13 10:25:00,31.809,31.846,31.797,31.831,22303.07
2026-08-13 10:30:00,31.831,31.856,31.819,31.822,27833.51
2026-08-13 10:35:00,31.822,31.872,31.789,31.817,22386.65
2026-08-13 10:40:00,31.817,31.88,31.704,31.853,117216.55
2026-08-13 10:45:00,31.853,31.964,31.757,31.937,309142.83
2026-08-13 10:50:00,31.937,31.968,31.894,31.956,23452.81
2026-08-13 10:55:00,31.956,31.978,31.868,31.912,237400.32
2026-08-13 11:00:00,31.912,32.032,31.908,31.969,171805.01
2026-08-13 11:05:00,31.969,32.102,31.943,32.1,77594.65
2026-08-13 11:10:00,32.1,32.106,31.96,31.977,100779.69
2026-08-13 11:15:00,31.977,31.98,31.911,31.961,66983.47
2026-08-13 11:20:00,31.961,31.98,31.844,31.879,10544.32
2026-08-13 11:25:00,31.879,31.88,31.854,31.863,32937.1
2026-08-13 11:30:00,31.863,31.863,31.824,31.839,90140.81
2026-08-13 11:35:00,31.839,31.845,31.697,31.775,81080.3
2026-08-13 11:40:00,31.775,31.847,31.644,31.837,11236.58
2026-08-13 11:45:00,31.837,31.884,31.727,31.78,63504.18
2026-08-13 11:50:00,31.78,31.836,31.704,31.733,4647.42
2026-08-13 11:55:00,31.733,31.783,31.727,31.758,2628.16
2026-08-13 12:00:00,31.758,31.818,31.758,31.806,12714.55
2026-08-13 12:05:00,31.806,31.888,31.723,31.861,27928.32
2026-08-13 12:10:00,31.861,31.898,31.721,31.819,81532.75
2026-08-13 12:15:00,31.819,31.836,31.776,31.81,110843.82
2026-08-13 12:20:00,31.81,31.877,31.795,31.847,29315.38
2026-08-13 12:25:00,31.847,31.966,31.819,31.879,118102.33
2026-08-13 12:30:00,31.879,31.888,31.858,31.874,20684.66
2026-08-13 12:35:00,31.874,31.879,31.771,31.795,32222.65
2026-08-13 12:40:00,31.795,31.811,31.723,31.761,13110.38
2026-08-13 12:45:00,31.761,31.786,31.663,31.7,77004.88
2026-08-13 12:50:00,31.7,31.803,31.596,31.782,158626.96
2026-08-13 12:55:00,31.782,31.815,31.644,31.688,10478.23
2026-08-13 13:00:00,31.688,31.732,31.66,31.677,12014.12
2026-08-13 13:05:00,31.677,31.718,31.675,31.686,2058.03
2026-08-13 13:10:00,31.686,31.743,31.583,31.603,10729.49
2026-08-13 13:15:00,31.603,31.64,31.529,31.569,40979.17
2026-08-13 13:20:00,31.569,31.617,31.556,31.576,114936.79
2026-08-13 13:25:00,31.576,31.584,31.494,31.522,17356.14
2026-08-13 13:30:00,31.522,31.614,31.396,31.604,344813.92
2026-08-13 13:35:00,31.604,31.712,31.462,31.681,12801.93
2026-08-13 13:40:00,31.681,31.75,31.61,31.721,237655.78
2026-08-13 13:45:00,31.721,31.76,31.625,31.75,34933.98
2026-08-13 13:50:00,31.75,31.932,31.722,31.835,10021.02
2026-08-13 13:55:00,31.835,31.957,31.773,31.888,12487.43
2026-08-13 14:00:00,31.888,31.907,31.833,31.874,6362.97
2026-08-13 14:05:00,31.874,31.959,31.843,31.92,84361.31
2026-08-13 14:10:00,31.92,31.921,31.886,31.888,1774.57
2026-08-13 14:15:00,31.888,31.893,31.868,31.879,62182.36
2026-08-13 14:20:00,31.879,31.882,31.82,31.825,6582.12
2026-08-13 14:25:00,31.825,31.871,31.803,31.823,92051.1
2026-08-13 14:30:00,31.823,31.835,31.775,31.791,44968.72
2026-08-13 14:35:00,31.791,31.801,31.642,31.689,32135.27
2026-08-13 14:40:00,31.689,31.698,31.645,31.658,14666.23
2026-08-13 14:45:00,31.658,31.717,31.644,31.69,20000.42
2026-08-13 14:50:00,31.69,31.751,31.556,31.733,123228.85
2026-08-13 14:55:00,31.733,31.812,31.672,31.782,42292.43
2026-08-13 15:00:00,31.782,31.813,31.772,31.799,3445.64
2026-08-13 15:05:00,31.799,31.862,31.759,31.826,9469.08
2026-08-13 15:10:00,31.826,31.866,31.763,31.765,53651.86
2026-08-13 15:15:00,31.765,31.775,31.647,31.676,9873.72
2026-08-13 15:20:00,31.676,31.756,31.58,31.739,8053.67
2026-08-13 15:25:00,31.739,31.744,31.625,31.638,95290.23
2026-08-13 15:30:00,31.638,31.675,31.612,31.662,12298.29
2026-08-13 15:35:00,31.662,31.759,31.647,31.697,69907.23
2026-08-13 15:40:00,31.697,31.723,31.665,31.684,62586.5
2026-08-13 15:45:00,31.684,31.743,31.646,31.697,25353.89
2026-08-13 15:50:00,31.697,31.72,31.603,31.622,230096.49
2026-08-13 15:55:00,31.622,31.631,31.527,31.612,33189.25
2026-08-13 16:00:00,31.612,31.665,31.599,31.642,105971.73
2026-08-13 16:05:00,31.642,31.733,31.624,31.664,15567.1
2026-08-13 16:10:00,31.664,31.731,31.56,31.579,108722.15
2026-08-13 16:15:00,31.579,31.586,31.511,31.54,69000.57
2026-08-13 16:20:00,31.54,31.592,31.485,31.49,161433.38
2026-08-13 16:25:00,31.49,31.499,31.431,31.458,157895.52
2026-08-13 16:30:00,31.458,31.539,31.336,31.515,34738.61
2026-08-13 16:35:00,31.515,31.584,31.423,31.554,102213.78
2026-08-13 16:40:00,31.554,31.638,31.532,31.633,76741.11
2026-08-13 16:45:00,31.633,31.754,31.616,31.707,74869.1
2026-08-13 16:50:00,31.707,31.731,31.675,31.713,47000.84
2026-08-13 16:55:00,31.713,31.81,31.691,31.742,132809.47
2026-08-13 17:00:00,31.742,31.798,31.682,31.686,145752.69
2026-08-13 17:05:00,31.686,31.689,31.595,31.662,3281.59
2026-08-13 17:10:00,31.662,31.762,31.623,31.719,5643.39
2026-08-13 17:15:00,31.719,31.741,31.713,31.73,120720.0
2026-08-13 17:20:00,31.73,31.782,31.604,31.625,4025.82
2026-08-13 17:25:00,31.625,31.631,31.571,31.589,15681.79
2026-08-13 17:30:00,31.589,31.655,31.486,31.503,97901.67
2026-08-13 17:35:00,31.503,31.523,31.44,31.469,15106.76
2026-08-13 17:40:00,31.469,31.472,31.306,31.319,54349.57
2026-08-13 17:45:00,31.319,31.376,31.243,31.361,1607.9
2026-08-13 17:50:00,31.361,31.399,31.276,31.286,42461.51
2026-08-13 17:55:00,31.286,31.342,31.229,31.318,25048.96
2026-08-13 18:00:00,31.318,31.427,31.181,31.402,80269.96
2026-08-13 18:05:00,31.402,31.439,31.365,31.389,70523.67
2026-08-13 18:10:00,31.389,31.469,31.288,31.451,105659.69
2026-08-13 18:15:00,31.451,31.527,31.319,31.508,284655.93
2026-08-13 18:20:00,31.508,31.591,31.444,31.565,155003.4
2026-08-13 18:25:00,31.565,31.645,31.453,31.615,521876.91
2026-08-13 18:30:00,31.615,31.729,31.47,31.51,39880.64
2026-08-13 18:35:00,31.51,31.559,31.46,31.517,4639.89
2026-08-13 18:40:00,31.517,31.565,31.472,31.563,37324.21
2026-08-13 18:45:00,31.563,31.577,31.558,31.564,9196.82
2026-08-13 18:50:00,31.564,31.672,31.556,31.662,63371.69
2026-08-13 18:55:00,31.662,31.706,31.59,31.673,3460.98
2026-08-13 19:00:00,31.673,31.711,31.646,31.684,15847.29
2026-08-13 19:05:00,31.684,31.731,31.642,31.657,89523.73
2026-08-13 19:10:00,31.657,31.706,31.647,31.676,2309.46
2026-08-13 19:15:00,31.676,31.738,31.635,31.639,17639.15
2026-08-13 19:20:00,31.639,31.662,31.566,31.597,84173.34
2026-08-13 19:25:00,31.597,31.676,31.537,31.55,18114.57
2026-08-13 19:30:00,31.55,31.62,31.518,31.593,92725.87
2026-08-13 19:35:00,31.593,31.648,31.557,31.58,20030.46
2026-08-13 19:40:00,31.58,31.627,31.553,31.59,35252.8
2026-08-13 19:45:00,31.59,31.624,31.575,31.588,149226.59
2026-08-13 19:50:00,31.588,31.613,31.453,31.481,64955.37
2026-08-13 19:55:00,31.481,31.649,31.421,31.587,17452.68
2026-08-13 20:00:00,31.587,31.616,31.484,31.561,10.0
2026-08-13 20:05:00,31.561,31.575,31.453,31.494,30505.27
2026-08-13 20:10:00,31.494,31.528,31.443,31.477,1601.85
2026-08-13 20:15:00,31.477,31.598,31.451,31.548,134468.99
2026-08-13 20:20:00,31.548,31.6,31.517,31.521,59238.9
2026-08-13 20:25:00,31.521,31.602,31.428,31.503,4984.78
2026-08-13 20:30:00,31.503,31.539,31.456,31.538,44823.68
2026-08-13 20:35:00,31.538,31.608,31.535,31.608,60205.2
2026-08-13 20:40:00,31.608,31.638,31.549,31.628,8541.6
2026-08-13 20:45:00,31.628,31.636,31.551,31.576,4744.15
2026-08-13 20:50:00,31.576,31.581,31.532,31.533,134423.47
2026-08-13 20:55:00,31.533,31.541,31.5,31.507,14922.35
2026-08-13 21:00:00,31.507,31.576,31.457,31.547,43579.99
2026-08-13 21:05:00,31.547,31.684,31.458,31.651,28829.01
2026-08-13 21:10:00,31.651,31.765,31.601,31.762,18855.42
2026-08-13 21:15:00,31.762,31.773,31.692,31.748,60816.34
2026-08-13 21:20:00,31.748,31.799,31.587,31.651,18421.72
2026-08-13 21:25:00,31.651,31.713,31.64,31.676,11802.68
2026-08-13 21:30:00,31.676,31.717,31.568,31.601,13827.68
2026-08-13 21:35:00,31.601,31.626,31.502,31.558,64256.76
2026-08-13 21:40:00,31.558,31.562,31.48,31.541,46146.31
2026-08-13 21:45:00,31.541,31.574,31.473,31.491,16138.52
2026-08-13 21:50:00,31.491,31.576,31.455,31.478,82632.46
2026-08-13 21:55:00,31.478,31.591,31.462,31.524,46514.43
2026-08-13 22:00:00,31.524,31.539,31.453,31.456,157745.92
2026-08-13 22:05:00,31.456,31.521,31.428,31.436,2199.84
2026-08-13 22:10:00,31.436,31.478,31.338,31.371,17205.3
2026-08-13 22:15:00,31.371,31.398,31.255,31.302,15938.89
2026-08-13 22:20:00,31.302,31.36,31.226,31.324,6517.73
2026-08-13 22:25:00,31.324,31.417,31.238,31.388,197836.07
2026-08-13 22:30:00,31.388,31.411,31.35,31.39,43357.96
2026-08-13 22:35:00,31.39,31.438,31.365,31.406,12856.47
2026-08-13 22:40:00,31.406,31.428,31.304,31.309,47548.24
2026-08-13 22:45:00,31.309,31.338,31.295,31.323,51698.78
2026-08-13 22:50:00,31.323,31.38,31.322,31.359,49997.21
2026-08-13 22:55:00,31.359,31.369,31.273,31.302,19393.41
2026-08-13 23:00:00,31.302,31.33,31.259,31.292,47895.09
2026-08-13 23:05:00,31.292,31.298,31.067,31.14,27346.59
2026-08-13 23:10:00,31.14,31.232,31.104,31.187,67268.36
2026-08-13 23:15:00,31.187,31.257,31.131,31.244,24167.3
2026-08-13 23:20:00,31.244,31.291,31.109,31.28,304287.37
2026-08-13 23:25:00,31.28,31.379,31.189,31.35,141366.17
2026-08-13 23:30:00,31.35,31.404,31.307,31.356,54945.08
2026-08-13 23:35:00,31.356,31.432,31.355,31.406,14623.37
2026-08-13 23:40:00,31.406,31.471,31.314,31.374,28145.92
2026-08-13 23:45:00,31.374,31.405,31.324,31.33,26025.27
2026-08-13 23:50:00,31.33,31.348,31.24,31.261,134655.68
2026-08-13 23:55:00,31.261,31.295,31.146,31.156,43244.77
2026-08-14 00:00:00,31.156,31.166,31.156,31.159,3825.04
2026-08-14 00:05:00,31.159,31.193,31.09,31.096,27910.42
2026-08-14 00:10:00,31.096,31.101,31.074,31.088,34669.75
2026-08-14 00:15:00,31.088,31.146,30.979,31.122,917317.59
2026-08-14 00:20:00,31.122,31.219,31.06,31.202,180443.98
2026-08-14 00:25:00,31.202,31.284,31.073,31.255,219306.87
2026-08-14 00:30:00,31.255,31.306,31.186,31.218,25365.62
2026-08-14 00:35:00,31.218,31.288,31.169,31.287,47931.32
2026-08-14 00:40:00,31.287,31.326,31.248,31.258,68501.9
2026-08-14 00:45:00,31.258,31.287,31.207,31.24,114982.62
2026-08-14 00:50:00,31.24,31.29,31.225,31.271,31910.23
2026-08-14 00:55:00,31.271,31.322,31.244,31.254,190655.04
2026-08-14 01:00:00,31.254,31.288,31.203,31.264,28235.8
2026-08-14 01:05:00,31.264,31.366,31.241,31.317,9945.03
2026-08-14 01:10:00,31.317,31.327,31.232,31.288,31389.03
2026-08-14 01:15:00,31.288,31.321,31.286,31.292,18155.41
2026-08-14 01:20:00,31.292,31.385,31.285,31.357,71880.06
2026-08-14 01:25:00,31.357,31.385,31.285,31.322,4410.01
2026-08-14 01:30:00,31.322,31.348,31.282,31.293,95756.97
2026-08-14 01:35:00,31.293,31.427,31.234,31.371,5605.86
2026-08-14 01:40:00,31.371,31.458,31.343,31.447,123755.01
2026-08-14 01:45:00,31.447,31.449,31.411,31.438,103065.21
2026-08-14 01:50:00,31.438,31.454,31.358,31.371,16670.41
2026-08-14 01:55:00,31.371,31.462,31.357,31.407,80892.81
2026-08-14 02:00:00,31.407,31.417,31.372,31.379,99139.43
2026-08-14 02:05:00,31.379,31.528,31.368,31.516,50265.98
2026-08-14 02:10:00,31.516,31.546,31.513,31.52,6878.14
2026-08-14 02:15:00,31.52,31.535,31.485,31.503,55337.35
2026-08-14 02:20:00,31.503,31.539,31.431,31.473,35902.72
2026-08-14 02:25:00,31.473,31.51,31.4,31.429,15562.23
2026-08-14 02:30:00,31.429,31.556,31.404,31.445,17365.59
2026-08-14 02:35:00,31.445,31.45,31.404,31.428,30452.85
2026-08-14 02:40:00,31.428,31.488,31.42,31.464,62866.45
2026-08-14 02:45:00,31.464,31.502,31.378,31.408,66743.06
2026-08-14 02:50:00,31.408,31.531,31.359,31.472,52685.16
2026-08-14 02:55:00,31.472,31.508,31.471,31.493,46928.56
2026-08-14 03:00:00,31.493,31.55,31.469,31.528,33796.77
2026-08-14 03:05:00,31.528,31.546,31.469,31.527,41007.64
2026-08-14 03:10:00,31.527,31.575,31.495,31.557,18050.94
2026-08-14 03:15:00,31.557,31.609,31.475,31.485,115587.24
2026-08-14 03:20:00,31.485,31.522,31.485,31.493,12349.63
2026-08-14 03:25:00,31.493,31.498,31.426,31.443,57455.57
2026-08-14 03:30:00,31.443,31.464,31.398,31.451,40362.68
2026-08-14 03:35:00,31.451,31.452,31.356,31.371,43912.06
2026-08-14 03:40:00,31.371,31.416,31.327,31.357,26685.0
2026-08-14 03:45:00,31.357,31.387,31.246,31.307,6657.24
2026-08-14 03:50:00,31.307,31.309,31.289,31.302,40921.07
2026-08-14 03:55:00,31.302,31.352,31.271,31.345,16895.83
2026-08-14 04:00:00,31.345,31.431,31.3,31.384,17687.01
2026-08-14 04:05:00,31.384,31.535,31.356,31.498,9029.87
2026-08-14 04:10:00,31.498,31.52,31.421,31.468,29223.93
2026-08-14 04:15:00,31.468,31.526,31.399,31.455,6041.94
2026-08-14 04:20:00,31.455,31.531,31.441,31.519,69148.35
2026-08-14 04:25:00,31.519,31.564,31.489,31.505,5482.33
2026-08-14 04:30:00,31.505,31.647,31.499,31.594,122059.61
2026-08-14 04:35:00,31.594,31.691,31.518,31.532,171984.18
2026-08-14 04:40:00,31.532,31.635,31.454,31.476,85915.85
2026-08-14 04:45:00,31.476,31.497,31.381,31.415,151350.83
2026-08-14 04:50:00,31.415,31.425,31.376,31.385,13444.5
2026-08-14 04:55:00,31.385,31.422,31.296,31.311,7456.99
2026-08-14 05:00:00,31.311,31.349,31.279,31.305,36187.47
2026-08-14 05:05:00,31.305,31.419,31.292,31.369,170703.84
2026-08-14 05:10:00,31.369,31.442,31.354,31.436,42852.98
2026-08-14 05:15:00,31.436,31.523,31.435,31.464,24531.05
2026-08-14 05:20:00,31.464,31.505,31.405,31.47,30083.28
2026-08-14 05:25:00,31.47,31.6,31.449,31.534,101162.19
2026-08-14 05:30:00,31.534,31.617,31.514,31.583,31551.7
2026-08-14 05:35:00,31.583,31.712,31.517,31.527,144468.18
2026-08-14 05:40:00,31.527,31.546,31.382,31.388,10005.25
2026-08-14 05:45:00,31.388,31.434,31.361,31.377,19577.07
2026-08-14 05:50:00,31.377,31.437,31.32,31.416,21383.46
2026-08-14 05:55:00,31.416,31.418,31.363,31.414,33373.79
2026-08-14 06:00:00,31.414,31.462,31.399,31.422,63139.43
2026-08-14 06:05:00,31.422,31.457,31.373,31.377,41120.24
2026-08-14 06:10:00,31.377,31.387,31.318,31.359,51233.8
2026-08-14 06:15:00,31.359,31.43,31.351,31.408,34090.51
2026-08-14 06:20:00,31.408,31.434,31.361,31.381,105453.45
2026-08-14 06:25:00,31.381,31.386,31.24,31.288,127411.65
2026-08-14 06:30:00,31.288,31.365,31.282,31.349,38963.81
2026-08-14 06:35:00,31.349,31.397,31.325,31.38,35167.36
2026-08-14 06:40:00,31.38,31.425,31.357,31.379,14351.48
2026-08-14 06:45:00,31.379,31.471,31.339,31.464,26526.89
2026-08-14 06:50:00,31.464,31.486,31.346,31.391,52408.94
2026-08-14 06:55:00,31.391,31.414,31.364,31.396,18980.95
2026-08-14 07:00:00,31.396,31.412,31.35,31.388,125741.34
2026-08-14 07:05:00,31.388,31.396,31.346,31.346,42706.68
2026-08-14 07:10:00,31.346,31.46,31.317,31.446,32546.17
2026-08-14 07:15:00,31.446,31.468,31.39,31.407,248109.95
2026-08-14 07:20:00,31.407,31.453,31.404,31.445,135719.82
2026-08-14 07:25:00,31.445,31.46,31.43,31.434,9887.99
2026-08-14 07:30:00,31.434,31.464,31.427,31.443,111126.25
2026-08-14 07:35:00,31.443,31.524,31.408,31.521,32026.41
2026-08-14 07:40:00,31.521,31.589,31.33,31.384,20227.07
2026-08-14 07:45:00,31.384,31.409,31.36,31.394,10984.69
2026-08-14 07:50:00,31.394,31.436,31.355,31.431,58669.88
2026-08-14 07:55:00,31.431,31.46,31.367,31.421,1596.38
2026-08-14 08:00:00,31.421,31.525,31.377,31.477,59702.67
2026-08-14 08:05:00,31.477,31.516,31.397,31.409,3912.97
2026-08-14 08:10:00,31.409,31.495,31.404,31.419,377.23
2026-08-14 08:15:00,31.419,31.46,31.379,31.39,217557.9
2026-08-14 08:20:00,31.39,31.412,31.319,31.346,25054.79
2026-08-14 08:25:00,31.346,31.361,31.241,31.296,65650.35
2026-08-14 08:30:00,31.296,31.405,31.282,31.355,23833.83
2026-08-14 08:35:00,31.355,31.477,31.354,31.373,62666.45
2026-08-14 08:40:00,31.373,31.45,31.364,31.392,40042.08
2026-08-14 08:45:00,31.392,31.406,31.331,31.388,36131.97
2026-08-14 08:50:00,31.388,31.395,31.274,31.351,42106.78
2026-08-14 08:55:00,31.351,31.366,31.245,31.275,78299.55
2026-08-14 09:00:00,31.275,31.312,31.253,31.254,16550.61
2026-08-14 09:05:00,31.254,31.335,31.253,31.281,29425.23
2026-08-14 09:10:00,31.281,31.354,31.186,31.343,26298.04
2026-08-14 09:15:00,31.343,31.374,31.301,31.364,166668.99
2026-08-14 09:20:00,31.364,31.384,31.327,31.364,59886.64
2026-08-14 09:25:00,31.364,31.404,31.329,31.355,365.65
2026-08-14 09:30:00,31.355,31.375,31.258,31.294,207159.07
2026-08-14 09:35:00,31.294,31.324,31.256,31.287,26558.72
2026-08-14 09:40:00,31.287,31.338,31.169,31.319,37012.4
2026-08-14 09:45:00,31.319,31.523,31.299,31.464,26770.03
2026-08-14 09:50:00,31.464,31.554,31.437,31.509,52412.02
2026-08-14 09:55:00,31.509,31.548,31.499,31.536,59962.76
2026-08-14 10:00:00,31.536,31.671,31.463,31.473,341115.0
2026-08-14 10:05:00,31.473,31.508,31.426,31.461,77625.58
2026-08-14 10:10:00,31.461,31.543,31.449,31.508,194.48
2026-08-14 10:15:00,31.508,31.522,31.465,31.511,56938.61
2026-08-14 10:20:00,31.511,31.554,31.47,31.494,49779.11
2026-08-14 10:25:00,31.494,31.521,31.378,31.397,38937.58
2026-08-14 10:30:00,31.397,31.47,31.364,31.434,12881.1
2026-08-14 10:35:00,31.434,31.492,31.404,31.427,123363.9
2026-08-14 10:40:00,31.427,31.471,31.372,31.446,10545.54
2026-08-14 10:45:00,31.446,31.478,31.364,31.364,27804.67
2026-08-14 10:50:00,31.364,31.428,31.349,31.374,38308.62
2026-08-14 10:55:00,31.374,31.394,31.335,31.346,12224.96
2026-08-14 11:00:00,31.346,31.366,31.325,31.335,125597.96
2026-08-14 11:05:00,31.335,31.379,31.217,31.27,100169.79
2026-08-14 11:10:00,31.27,31.321,31.152,31.302,52168.99
2026-08-14 11:15:00,31.302,31.355,31.182,31.331,618518.79
2026-08-14 11:20:00,31.331,31.404,31.324,31.347,137643.51
2026-08-14 11:25:00,31.347,31.369,31.332,31.361,14558.23
2026-08-14 11:30:00,31.361,31.394,31.298,31.374,29549.26
2026-08-14 11:35:00,31.374,31.449,31.326,31.404,64319.43
2026-08-14 11:40:00,31.404,31.405,31.311,31.36,8464.72
2026-08-14 11:45:00,31.36,31.387,31.293,31.349,100511.32
2026-08-14 11:50:00,31.349,31.455,31.336,31.432,26187.68
2026-08-14 11:55:00,31.432,31.456,31.363,31.374,25149.63
2026-08-14 12:00:00,31.374,31.573,31.357,31.539,53644.72
2026-08-14 12:05:00,31.539,31.622,31.438,31.457,14867.51
2026-08-14 12:10:00,31.457,31.535,31.414,31.524,50708.96
2026-08-14 12:15:00,31.524,31.571,31.471,31.565,53537.63
2026-08-14 12:20:00,31.565,31.659,31.539,31.592,23157.17
2026-08-14 12:25:00,31.592,31.723,31.487,31.503,419920.71
2026-08-14 12:30:00,31.503,31.537,31.289,31.353,17150.82
2026-08-14 12:35:00,31.353,31.365,31.274,31.329,26412.39
2026-08-14 12:40:00,31.329,31.396,31.301,31.352,56916.95
2026-08-14 12:45:00,31.352,31.445,31.336,31.405,136108.85
2026-08-14 12:50:00,31.405,31.459,31.386,31.452,9347.0
2026-08-14 12:55:00,31.452,31.475,31.378,31.401,1541.68
2026-08-14 13:00:00,31.401,31.446,31.365,31.37,24852.03
2026-08-14 13:05:00,31.37,31.383,31.35,31.371,206288.39
2026-08-14 13:10:00,31.371,31.393,31.332,31.392,11175.98
2026-08-14 13:15:00,31.392,31.523,31.361,31.488,62389.92
2026-08-14 13:20:00,31.488,31.53,31.396,31.405,189330.11
2026-08-14 13:25:00,31.405,31.439,31.397,31.435,71180.22
2026-08-14 13:30:00,31.435,31.457,31.368,31.401,15801.89
2026-08-14 13:35:00,31.401,31.424,31.359,31.371,20573.02
2026-08-14 13:40:00,31.371,31.408,31.367,31.37,3831.54
2026-08-14 13:45:00,31.37,31.39,31.334,31.356,95169.36
2026-08-14 13:50:00,31.356,31.366,31.35,31.365,13343.09
2026-08-14 13:55:00,31.365,31.379,31.297,31.301,54928.32
2026-08-14 14:00:00,31.301,31.396,31.242,31.371,716267.9
2026-08-14 14:05:00,31.371,31.378,31.197,31.244,5713.57
2026-08-14 14:10:00,31.244,31.354,31.211,31.323,33791.29
2026-08-14 14:15:00,31.323,31.343,31.313,31.341,18387.81
2026-08-14 14:20:00,31.341,31.367,31.338,31.344,58664.66
2026-08-14 14:25:00,31.344,31.378,31.32,31.366,35288.91
2026-08-14 14:30:00,31.366,31.516,31.363,31.467,69890.21
2026-08-14 14:35:00,31.467,31.488,31.431,31.451,72617.08
2026-08-14 14:40:00,31.451,31.543,31.442,31.533,108667.13
2026-08-14 14:45:00,31.533,31.646,31.464,31.493,84750.49
2026-08-14 14:50:00,31.493,31.517,31.365,31.38,141258.53
2026-08-14 14:55:00,31.38,31.421,31.359,31.394,19150.7
2026-08-14 15:00:00,31.394,31.405,31.314,31.348,12122.45
2026-08-14 15:05:00,31.348,31.446,31.321,31.408,15369.03
2026-08-14 15:10:00,31.408,31.461,31.348,31.395,48007.53
2026-08-14 15:15:00,31.395,31.479,31.387,31.447,37145.11
2026-08-14 15:20:00,31.447,31.518,31.434,31.5,137112.73
2026-08-14 15:25:00,31.5,31.521,31.477,31.489,31786.18
2026-08-14 15:30:00,31.489,31.531,31.458,31.463,305147.3
2026-08-14 15:35:00,31.463,31.479,31.427,31.432,93799.95
2026-08-14 15:40:00,31.432,31.518,31.425,31.518,95782.78
2026-08-14 15:45:00,31.518,31.667,31.508,31.62,104654.54
2026-08-14 15:50:00,31.62,31.637,31.513,31.558,8377.93
2026-08-14 15:55:00,31.558,31.618,31.463,31.477,116661.53
2026-08-14 16:00:00,31.477,31.545,31.463,31.536,43855.62
2026-08-14 16:05:00,31.536,31.644,31.448,31.48,248015.25
2026-08-14 16:10:00,31.48,31.508,31.473,31.49,62733.87
2026-08-14 16:15:00,31.49,31.506,31.406,31.436,28785.04
2026-08-14 16:20:00,31.436,31.445,31.359,31.385,3524.2
2026-08-14 16:25:00,31.385,31.449,31.37,31.37,86883.97
2026-08-14 16:30:00,31.37,31.384,31.284,31.304,9987.77
2026-08-14 16:35:00,31.304,31.342,31.297,31.335,70474.33
2026-08-14 16:40:00,31.335,31.408,31.316,31.368,9752.5
2026-08-14 16:45:00,31.368,31.389,31.282,31.322,136285.53
2026-08-14 16:50:00,31.322,31.348,31.258,31.273,45435.44
2026-08-14 16:55:00,31.273,31.339,31.141,31.311,91424.73
2026-08-14 17:00:00,31.311,31.331,31.28,31.281,14547.97
2026-08-14 17:05:00,31.281,31.285,31.247,31.274,7553.84
2026-08-14 17:10:00,31.274,31.352,31.174,31.333,121116.78
2026-08-14 17:15:00,31.333,31.37,31.249,31.282,3507.83
2026-08-14 17:20:00,31.282,31.38,31.187,31.356,99978.96
2026-08-14 17:25:00,31.356,31.394,31.355,31.371,144722.3
2026-08-14 17:30:00,31.371,31.389,31.319,31.373,108246.08
2026-08-14 17:35:00,31.373,31.521,31.345,31.477,102669.15
2026-08-14 17:40:00,31.477,31.52,31.45,31.5,133014.89
2026-08-14 17:45:00,31.5,31.527,31.416,31.435,77208.47
2026-08-14 17:50:00,31.435,31.436,31.357,31.391,31571.62
2026-08-14 17:55:00,31.391,31.459,31.331,31.371,7136.22
2026-08-14 18:00:00,31.371,31.383,31.343,31.354,30978.41
2026-08-14 18:05:00,31.354,31.38,31.3,31.307,137790.41
2026-08-14 18:10:00,31.307,31.343,31.244,31.318,43563.69
2026-08-14 18:15:00,31.318,31.382,31.212,31.342,29093.82
2026-08-14 18:20:00,31.342,31.354,31.296,31.343,6570.14
2026-08-14 18:25:00,31.343,31.374,31.28,31.315,4465.7
2026-08-14 18:30:00,31.315,31.344,31.298,31.332,18569.61
2026-08-14 18:35:00,31.332,31.378,31.32,31.356,7057.99
2026-08-14 18:40:00,31.356,31.375,31.292,31.318,72465.07
2026-08-14 18:45:00,31.318,31.358,31.244,31.269,2889.34
2026-08-14 18:50:00,31.269,31.325,31.191,31.307,22346.45
2026-08-14 18:55:00,31.307,31.361,31.264,31.31,78672.37
2026-08-14 19:00:00,31.31,31.348,31.264,31.348,123929.39
2026-08-14 19:05:00,31.348,31.438,31.32,31.429,6971.1
2026-08-14 19:10:00,31.429,31.481,31.404,31.458,9981.17
2026-08-14 19:15:00,31.458,31.545,31.433,31.479,9223.63
2026-08-14 19:20:00,31.479,31.523,31.46,31.503,5971.59
2026-08-14 19:25:00,31.503,31.508,31.391,31.421,33996.31
2026-08-14 19:30:00,31.421,31.447,31.41,31.439,35631.13
2026-08-14 19:35:00,31.439,31.483,31.439,31.476,39165.86
2026-08-14 19:40:00,31.476,31.512,31.473,31.486,194441.85
2026-08-14 19:45:00,31.486,31.501,31.385,31.427,33593.45
2026-08-14 19:50:00,31.427,31.433,31.327,31.33,37014.03
2026-08-14 19:55:00,31.33,31.429,31.313,31.421,54152.57
2026-08-14 20:00:00,31.421,31.482,31.394,31.443,33645.23
2026-08-14 20:05:00,31.443,31.465,31.424,31.455,59114.51
2026-08-14 20:10:00,31.455,31.528,31.439,31.484,108197.57
2026-08-14 20:15:00,31.484,31.531,31.334,31.383,11171.92
2026-08-14 20:20:00,31.383,31.384,31.348,31.35,33199.62
2026-08-14 20:25:00,31.35,31.446,31.345,31.387,69802.21
2026-08-14 20:30:00,31.387,31.457,31.376,31.414,67480.47
2026-08-14 20:35:00,31.414,31.438,31.314,31.343,80980.93
2026-08-14 20:40:00,31.343,31.477,31.334,31.427,177358.03
2026-08-14 20:45:00,31.427,31.464,31.395,31.439,279671.49
2026-08-14 20:50:00,31.439,31.486,31.437,31.483,2458.9
2026-08-14 20:55:00,31.483,31.527,31.478,31.491,15027.18
2026-08-14 21:00:00,31.491,31.563,31.485,31.547,77927.37
2026-08-14 21:05:00,31.547,31.722,31.533,31.635,6905.61
2026-08-14 21:10:00,31.635,31.735,31.575,31.725,85482.33
2026-08-14 21:15:00,31.725,31.805,31.723,31.805,85104.76
2026-08-14 21:20:00,31.805,31.843,31.734,31.75,52628.07
2026-08-14 21:25:00,31.75,31.754,31.565,31.625,45211.33
2026-08-14 21:30:00,31.625,31.729,31.523,31.534,46378.57
2026-08-14 21:35:00,31.534,31.54,31.465,31.489,10442.36
2026-08-14 21:40:00,31.489,31.684,31.441,31.579,18749.53
2026-08-14 21:45:00,31.579,31.604,31.552,31.58,52596.29
2026-08-14 21:50:00,31.58,31.586,31.491,31.525,31410.73
2026-08-14 21:55:00,31.525,31.536,31.449,31.467,26273.64
2026-08-14 22:00:00,31.467,31.532,31.367,31.374,17003.39
2026-08-14 22:05:00,31.374,31.447,31.367,31.41,2598.99
2026-08-14 22:10:00,31.41,31.462,31.394,31.434,20036.92
2026-08-14 22:15:00,31.434,31.467,31.423,31.452,53394.69
2026-08-14 22:20:00,31.452,31.458,31.422,31.43,71462.83
2026-08-14 22:25:00,31.43,31.563,31.407,31.537,24798.15
2026-08-14 22:30:00,31.537,31.587,31.516,31.55,43193.79
2026-08-14 22:35:00,31.55,31.642,31.521,31.591,10882.97
2026-08-14 22:40:00,31.591,31.619,31.548,31.561,73636.37
2026-08-14 22:45:00,31.561,31.597,31.526,31.547,9810.62
2026-08-14 22:50:00,31.547,31.583,31.424,31.458,32619.5
2026-08-14 22:55:00,31.458,31.561,31.422,31.497,148726.83
2026-08-14 23:00:00,31.497,31.513,31.4,31.447,91554.47
2026-08-14 23:05:00,31.447,31.489,31.427,31.43,61928.58
2026-08-14 23:10:00,31.43,31.484,31.284,31.352,6504.71
2026-08-14 23:15:00,31.352,31.372,31.284,31.369,44688.56
2026-08-14 23:20:00,31.369,31.402,31.325,31.368,139486.45
2026-08-14 23:25:00,31.368,31.379,31.316,31.332,54353.6
2026-08-14 23:30:00,31.332,31.391,31.272,31.375,20447.62
2026-08-14 23:35:00,31.375,31.416,31.309,31.377,278.75
2026-08-14 23:40:00,31.377,31.405,31.244,31.29,47165.86
2026-08-14 23:45:00,31.29,31.356,31.198,31.33,142289.39
2026-08-14 23:50:00,31.33,31.348,31.299,31.344,46131.51
2026-08-14 23:55:00,31.344,31.348,31.312,31.329,51248.4
2026-08-15 00:00:00,31.329,31.376,31.282,31.359,233010.38
2026-08-15 00:05:00,31.359,31.418,31.27,31.408,282961.72
2026-08-15 00:10:00,31.408,31.42,31.351,31.396,53433.77
2026-08-15 00:15:00,31.396,31.401,31.301,31.323,32718.18
2026-08-15 00:20:00,31.323,31.44,31.272,31.404,35638.21
2026-08-15 00:25:00,31.404,31.43,31.318,31.32,69226.8
2026-08-15 00:30:00,31.32,31.335,31.232,31.234,47382.71
2026-08-15 00:35:00,31.234,31.24,31.111,31.154,48230.58
2026-08-15 00:40:00,31.154,31.185,31.041,31.07,101718.3
2026-08-15 00:45:00,31.07,31.163,30.954,31.15,527056.73
2026-08-15 00:50:00,31.15,31.244,31.032,31.218,208632.59
2026-08-15 00:55:00,31.218,31.338,31.135,31.311,144006.41
2026-08-15 01:00:00,31.311,31.327,31.255,31.259,59814.83
2026-08-15 01:05:00,31.259,31.358,31.15,31.329,16463.75
2026-08-15 01:10:00,31.329,31.432,31.192,31.409,1018182.96
2026-08-15 01:15:00,31.409,31.427,31.261,31.304,7665.22
2026-08-15 01:20:00,31.304,31.419,31.171,31.397,29432.1
2026-08-15 01:25:00,31.397,31.444,31.267,31.339,25268.94
2026-08-15 01:30:00,31.339,31.424,31.309,31.404,9770.74
2026-08-15 01:35:00,31.404,31.412,31.322,31.336,7801.82
2026-08-15 01:40:00,31.336,31.464,31.291,31.455,46511.87
2026-08-15 01:45:00,31.455,31.512,31.427,31.449,63363.1
2026-08-15 01:50:00,31.449,31.499,31.292,31.33,19651.84
2026-08-15 01:55:00,31.33,31.422,31.317,31.417,40736.24
2026-08-15 02:00:00,31.417,31.419,31.369,31.403,65005.6
2026-08-15 02:05:00,31.403,31.472,31.323,31.356,41908.06
2026-08-15 02:10:00,31.356,31.377,31.304,31.369,15878.18
2026-08-15 02:15:00,31.369,31.403,31.324,31.38,17623.65
2026-08-15 02:20:00,31.38,31.382,31.306,31.32,126769.43
2026-08-15 02:25:00,31.32,31.384,31.268,31.373,77469.36
2026-08-15 02:30:00,31.373,31.387,31.308,31.356,103481.95
2026-08-15 02:35:00,31.356,31.481,31.314,31.467,24679.06
2026-08-15 02:40:00,31.467,31.519,31.451,31.486,52859.59
2026-08-15 02:45:00,31.486,31.52,31.442,31.513,612.99
2026-08-15 02:50:00,31.513,31.664,31.494,31.611,37450.68
2026-08-15 02:55:00,31.611,31.627,31.479,31.487,42184.1
2026-08-15 03:00:00,31.487,31.548,31.459,31.547,22556.9
2026-08-15 03:05:00,31.547,31.643,31.535,31.63,124915.17
2026-08-15 03:10:00,31.63,31.64,31.597,31.607,13425.69
2026-08-15 03:15:00,31.607,31.634,31.586,31.616,94824.7
2026-08-15 03:20:00,31.616,31.667,31.589,31.599,7920.91
2026-08-15 03:25:00,31.599,31.602,31.59,31.592,69447.55
2026-08-15 03:30:00,31.592,31.653,31.527,31.544,535281.86
2026-08-15 03:35:00,31.544,31.57,31.464,31.464,14590.89
2026-08-15 03:40:00,31.464,31.589,31.459,31.536,29215.29
2026-08-15 03:45:00,31.536,31.567,31.531,31.553,31832.86
2026-08-15 03:50:00,31.553,31.565,31.526,31.545,25532.91
2026-08-15 03:55:00,31.545,31.619,31.525,31.579,44408.22
2026-08-15 04:00:00,31.579,31.644,31.481,31.507,38584.0
2026-08-15 04:05:00,31.507,31.514,31.379,31.422,43601.24
2026-08-15 04:10:00,31.422,31.423,31.304,31.323,18474.97
2026-08-15 04:15:00,31.323,31.33,31.221,31.265,8026.03
2026-08-15 04:20:00,31.265,31.319,31.246,31.303,21085.58
2026-08-15 04:25:00,31.303,31.306,31.234,31.261,36620.13
2026-08-15 04:30:00,31.261,31.329,31.255,31.27,139781.82
2026-08-15 04:35:00,31.27,31.284,31.245,31.278,10352.01
2026-08-15 04:40:00,31.278,31.306,31.193,31.288,176061.7
2026-08-15 04:45:00,31.288,31.339,31.253,31.298,49567.44
2026-08-15 04:50:00,31.298,31.392,31.28,31.384,22617.24
2026-08-15 04:55:00,31.384,31.41,31.34,31.345,1613.83
2026-08-15 05:00:00,31.345,31.37,31.303,31.324,22367.11
2026-08-15 05:05:00,31.324,31.405,31.309,31.358,37386.13
2026-08-15 05:10:00,31.358,31.382,31.355,31.38,11827.98
2026-08-15 05:15:00,31.38,31.484,31.357,31.474,29405.94
2026-08-15 05:20:00,31.474,31.495,31.412,31.436,16268.99
2026-08-15 05:25:00,31.436,31.476,31.422,31.46,22021.5
2026-08-15 05:30:00,31.46,31.462,31.362,31.395,66866.64
2026-08-15 05:35:00,31.395,31.465,31.318,31.411,40294.76
2026-08-15 05:40:00,31.411,31.483,31.377,31.399,156413.96
2026-08-15 05:45:00,31.399,31.41,31.291,31.304,39633.44
2026-08-15 05:50:00,31.304,31.308,31.222,31.254,254533.18
2026-08-15 05:55:00,31.254,31.367,31.236,31.315,51486.68
2026-08-15 06:00:00,31.315,31.38,31.301,31.362,25937.32
2026-08-15 06:05:00,31.362,31.382,31.329,31.359,40844.39
2026-08-15 06:10:00,31.359,31.38,31.294,31.3,64663.34
2026-08-15 06:15:00,31.3,31.314,31.27,31.297,19704.6
2026-08-15 06:20:00,31.297,31.314,31.276,31.312,51396.26
2026-08-15 06:25:00,31.312,31.365,31.227,31.254,78384.71
2026-08-15 06:30:00,31.254,31.326,31.248,31.304,50348.25
2026-08-15 06:35:00,31.304,31.304,31.253,31.273,98371.55
2026-08-15 06:40:00,31.273,31.34,31.234,31.33,2164.17
2026-08-15 06:45:00,31.33,31.493,31.316,31.376,43796.58
2026-08-15 06:50:00,31.376,31.419,31.252,31.257,146975.67
2026-08-15 06:55:00,31.257,31.304,31.24,31.252,12223.36
2026-08-15 07:00:00,31.252,31.28,31.208,31.269,110276.78
2026-08-15 07:05:00,31.269,31.272,31.141,31.168,105106.02
2026-08-15 07:10:00,31.168,31.23,31.134,31.187,2591.04
2026-08-15 07:15:00,31.187,31.256,31.101,31.242,6389.29
2026-08-15 07:20:00,31.242,31.317,31.133,31.15,71718.86
2026-08-15 07:25:00,31.15,31.167,31.031,31.095,82005.03
2026-08-15 07:30:00,31.095,31.166,31.053,31.144,20759.05
2026-08-15 07:35:00,31.144,31.223,31.067,31.198,46371.39
2026-08-15 07:40:00,31.198,31.339,31.143,31.312,79050.67
2026-08-15 07:45:00,31.312,31.32,31.265,31.266,126691.68
2026-08-15 07:50:00,31.266,31.278,31.234,31.252,32792.18
2026-08-15 07:55:00,31.252,31.333,31.114,31.157,44009.52
2026-08-15 08:00:00,31.157,31.2,31.111,31.115,4856.37
2026-08-15 08:05:00,31.115,31.136,31.056,31.067,14796.85
2026-08-15 08:10:00,31.067,31.184,30.95,31.157,241562.62
2026-08-15 08:15:00,31.157,31.175,31.054,31.149,14805.83
2026-08-15 08:20:00,31.149,31.164,30.955,30.991,11301.06
2026-08-15 08:25:00,30.991,30.998,30.925,30.974,15802.36
2026-08-15 08:30:00,30.974,31.024,30.938,31.017,18752.67
2026-08-15 08:35:00,31.017,31.117,30.983,30.991,46414.59
2026-08-15 08:40:00,30.991,31.048,30.955,30.979,20296.57
2026-08-15 08:45:00,30.979,31.077,30.871,31.064,147265.13
2026-08-15 08:50:00,31.064,31.116,31.061,31.111,6478.89
2026-08-15 08:55:00,31.111,31.162,31.055,31.116,35836.6
2026-08-15 09:00:00,31.116,31.241,31.11,31.214,25267.09
2026-08-15 09:05:00,31.214,31.266,31.194,31.229,119270.3
2026-08-15 09:10:00,31.229,31.307,31.224,31.273,17756.1
2026-08-15 09:15:00,31.273,31.288,31.261,31.281,41594.97
2026-08-15 09:20:00,31.281,31.325,31.28,31.306,6194.29
2026-08-15 09:25:00,31.306,31.386,31.302,31.331,142110.66
2026-08-15 09:30:00,31.331,31.334,31.27,31.327,85176.61
2026-08-15 09:35:00,31.327,31.348,31.276,31.316,25198.13
2026-08-15 09:40:00,31.316,31.331,31.234,31.272,115571.32
2026-08-15 09:45:00,31.272,31.316,31.229,31.278,79225.25
2026-08-15 09:50:00,31.278,31.349,31.27,31.309,153584.53
2026-08-15 09:55:00,31.309,31.336,31.223,31.268,7695.22
2026-08-15 10:00:00,31.268,31.372,31.234,31.263,17914.03
2026-08-15 10:05:00,31.263,31.277,31.214,31.218,9458.49
2026-08-15 10:10:00,31.218,31.312,31.187,31.211,98480.28
2026-08-15 10:15:00,31.211,31.247,31.105,31.109,38970.52
2026-08-15 10:20:00,31.109,31.313,31.104,31.276,45386.93
2026-08-15 10:25:00,31.276,31.324,31.215,31.234,170218.63
2026-08-15 10:30:00,31.234,31.437,31.23,31.388,70061.18
2026-08-15 10:35:00,31.388,31.458,31.366,31.422,208348.13
2026-08-15 10:40:00,31.422,31.458,31.377,31.377,2590.6
2026-08-15 10:45:00,31.377,31.458,31.319,31.432,60956.75
2026-08-15 10:50:00,31.432,31.462,31.412,31.435,10958.92
2026-08-15 10:55:00,31.435,31.475,31.336,31.384,12383.85
2026-08-15 11:00:00,31.384,31.432,31.352,31.362,180925.57
2026-08-15 11:05:00,31.362,31.433,31.335,31.364,34992.08
2026-08-15 11:10:00,31.364,31.469,31.36,31.421,31847.57
2026-08-15 11:15:00,31.421,31.537,31.416,31.526,35261.94
2026-08-15 11:20:00,31.526,31.549,31.49,31.511,61072.67
2026-08-15 11:25:00,31.511,31.529,31.425,31.469,673.74
2026-08-15 11:30:00,31.469,31.531,31.415,31.428,33888.15
2026-08-15 11:35:00,31.428,31.449,31.327,31.354,24630.16
2026-08-15 11:40:00,31.354,31.487,31.325,31.439,3789.11
2026-08-15 11:45:00,31.439,31.452,31.379,31.408,29165.97
2026-08-15 11:50:00,31.408,31.505,31.386,31.49,14540.56
2026-08-15 11:55:00,31.49,31.502,31.423,31.436,40829.1
2026-08-15 12:00:00,31.436,31.438,31.381,31.398,145380.53
2026-08-15 12:05:00,31.398,31.46,31.311,31.332,58220.52
2026-08-15 12:10:00,31.332,31.356,31.263,31.302,71808.49
2026-08-15 12:15:00,31.302,31.322,31.208,31.237,16787.16
2026-08-15 12:20:00,31.237,31.25,31.207,31.247,43793.88
2026-08-15 12:25:00,31.247,31.378,31.232,31.325,27004.94
2026-08-15 12:30:00,31.325,31.356,31.212,31.26,65151.43
2026-08-15 12:35:00,31.26,31.268,31.242,31.243,51194.89
2026-08-15 12:40:00,31.243,31.252,31.105,31.135,83082.85
2026-08-15 12:45:00,31.135,31.144,31.058,31.1,133139.61
2026-08-15 12:50:00,31.1,31.104,31.018,31.073,36521.37
2026-08-15 12:55:00,31.073,31.099,31.039,31.084,13135.13
2026-08-15 13:00:00,31.084,31.151,31.059,31.145,1989.87
2026-08-15 13:05:00,31.145,31.28,31.124,31.259,55403.27
2026-08-15 13:10:00,31.259,31.341,31.195,31.211,7963.49
2026-08-15 13:15:00,31.211,31.243,31.076,31.09,64177.28
2026-08-15 13:20:00,31.09,31.153,31.004,31.046,63275.82
2026-08-15 13:25:00,31.046,31.059,30.946,30.95,10071.86
2026-08-15 13:30:00,30.95,30.996,30.909,30.97,95153.79
2026-08-15 13:35:00,30.97,31.075,30.911,31.058,766703.82
2026-08-15 13:40:00,31.058,31.085,31.015,31.054,93507.85
2026-08-15 13:45:00,31.054,31.135,31.049,31.072,39506.47
2026-08-15 13:50:00,31.072,31.093,31.056,31.084,38337.23
2026-08-15 13:55:00,31.084,31.124,31.046,31.069,18494.02
2026-08-15 14:00:00,31.069,31.108,31.005,31.035,6471.6
2026-08-15 14:05:00,31.035,31.105,30.928,30.987,64694.24
2026-08-15 14:10:00,30.987,31.106,30.956,31.088,16850.53
2026-08-15 14:15:00,31.088,31.108,31.007,31.015,16968.47
2026-08-15 14:20:00,31.015,31.144,30.96,31.135,24978.16
2026-08-15 14:25:00,31.135,31.275,31.115,31.207,4140.68
2026-08-15 14:30:00,31.207,31.344,31.165,31.301,38031.63
2026-08-15 14:35:00,31.301,31.311,31.205,31.225,62741.89
2026-08-15 14:40:00,31.225,31.234,31.179,31.234,21506.71
2026-08-15 14:45:00,31.234,31.293,31.209,31.228,74868.07
2026-08-15 14:50:00,31.228,31.277,31.183,31.2,14712.91
2026-08-15 14:55:00,31.2,31.303,31.183,31.256,37974.86
2026-08-15 15:00:00,31.256,31.292,31.163,31.231,49640.51
2026-08-15 15:05:00,31.231,31.28,31.193,31.202,24468.2
2026-08-15 15:10:00,31.202,31.205,31.097,31.139,88154.94
2026-08-15 15:15:00,31.139,31.153,31.073,31.105,15051.52
2026-08-15 15:20:00,31.105,31.125,31.066,31.093,43044.66
2026-08-15 15:25:00,31.093,31.116,31.031,31.054,78846.59
2026-08-15 15:30:00,31.054,31.057,30.945,30.983,34012.73
2026-08-15 15:35:00,30.983,31.032,30.866,30.873,4610.01
2026-08-15 15:40:00,30.873,30.964,30.864,30.936,75706.94
2026-08-15 15:45:00,30.936,31.04,30.825,31.02,491066.54
2026-08-15 15:50:00,31.02,31.031,30.946,31.002,110620.95
2026-08-15 15:55:00,31.002,31.005,30.945,30.982,10672.2
2026-08-15 16:00:00,30.982,31.061,30.857,31.038,137931.21
2026-08-15 16:05:00,31.038,31.077,31.026,31.067,373071.99
2026-08-15 16:10:00,31.067,31.156,31.012,31.059,19.31
2026-08-15 16:15:00,31.059,31.086,31.011,31.024,2725.02
2026-08-15 16:20:00,31.024,31.026,30.954,30.97,108637.73
2026-08-15 16:25:00,30.97,31.005,30.916,30.917,5255.01
2026-08-15 16:30:00,30.917,30.997,30.812,30.977,186281.87
2026-08-15 16:35:00,30.977,30.992,30.851,30.905,29641.15
2026-08-15 16:40:00,30.905,31.008,30.807,30.991,1099208.84
2026-08-15 16:45:00,30.991,31.049,30.877,30.9,61386.96
2026-08-15 16:50:00,30.9,31.007,30.838,30.981,104925.98
2026-08-15 16:55:00,30.981,31.004,30.97,30.979,145951.39
2026-08-15 17:00:00,30.979,31.02,30.89,30.94,114821.94
2026-08-15 17:05:00,30.94,31.054,30.887,31.024,182854.23
2026-08-15 17:10:00,31.024,31.03,30.996,31.011,43620.17
2026-08-15 17:15:00,31.011,31.026,30.959,30.967,11477.58
2026-08-15 17:20:00,30.967,30.982,30.882,30.916,84370.48
2026-08-15 17:25:00,30.916,30.948,30.887,30.91,67715.62
2026-08-15 17:30:00,30.91,30.927,30.799,30.822,101151.22
2026-08-15 17:35:00,30.822,30.825,30.771,30.797,56936.19
2026-08-15 17:40:00,30.797,30.797,30.759,30.789,87152.81
2026-08-15 17:45:00,30.789,30.823,30.772,30.811,69956.44
2026-08-15 17:50:00,30.811,30.915,30.732,30.894,75215.15
2026-08-15 17:55:00,30.894,30.895,30.725,30.773,47838.79
2026-08-15 18:00:00,30.773,30.797,30.642,30.674,66469.08
2026-08-15 18:05:00,30.674,30.688,30.603,30.667,71950.83
2026-08-15 18:10:00,30.667,30.698,30.615,30.627,57960.39
2026-08-15 18:15:00,30.627,30.71,30.61,30.669,82389.28
2026-08-15 18:20:00,30.669,30.785,30.622,30.758,317597.89
2026-08-15 18:25:00,30.758,30.797,30.644,30.67,6955.46
2026-08-15 18:30:00,30.67,30.742,30.545,30.72,20169.82
2026-08-15 18:35:00,30.72,30.771,30.629,30.755,6826.61
2026-08-15 18:40:00,30.755,30.851,30.735,30.794,22508.16
2026-08-15 18:45:00,30.794,30.822,30.754,30.804,57268.57
2026-08-15 18:50:00,30.804,30.858,30.708,30.748,16887.91
2026-08-15 18:55:00,30.748,30.775,30.668,30.698,41331.84
2026-08-15 19:00:00,30.698,30.746,30.65,30.716,18376.7
2026-08-15 19:05:00,30.716,30.746,30.695,30.737,4115.69
2026-08-15 19:10:00,30.737,30.77,30.664,30.753,56685.86
2026-08-15 19:15:00,30.753,30.835,30.728,30.793,99468.1
2026-08-15 19:20:00,30.793,30.888,30.671,30.875,34530.57
2026-08-15 19:25:00,30.875,30.925,30.856,30.884,8733.93
2026-08-15 19:30:00,30.884,30.913,30.751,30.791,213623.61
2026-08-15 19:35:00,30.791,30.864,30.779,30.85,655.68
2026-08-15 19:40:00,30.85,30.866,30.789,30.803,5022.73
2026-08-15 19:45:00,30.803,30.808,30.665,30.729,46910.43
2026-08-15 19:50:00,30.729,30.747,30.642,30.666,55123.62
2026-08-15 19:55:00,30.666,30.756,30.615,30.741,14404.43
2026-08-15 20:00:00,30.741,30.81,30.739,30.783,11313.87
2026-08-15 20:05:00,30.783,30.801,30.645,30.695,79001.47
2026-08-15 20:10:00,30.695,30.737,30.664,30.736,55531.43
2026-08-15 20:15:00,30.736,30.768,30.635,30.655,45930.36
2026-08-15 20:20:00,30.655,30.726,30.606,30.679,42288.08
2026-08-15 20:25:00,30.679,30.683,30.555,30.556,70444.38
2026-08-15 20:30:00,30.556,30.612,30.465,30.598,55016.32
2026-08-15 20:35:00,30.598,30.621,30.586,30.599,3551.91
2026-08-15 20:40:00,30.599,30.667,30.585,30.646,53785.2
2026-08-15 20:45:00,30.646,30.688,30.608,30.632,41097.41
2026-08-15 20:50:00,30.632,30.649,30.52,30.562,146666.42
2026-08-15 20:55:00,30.562,30.594,30.536,30.557,2240.6
2026-08-15 21:00:00,30.557,30.595,30.534,30.554,13496.78
2026-08-15 21:05:00,30.554,30.656,30.503,30.634,95386.14
2026-08-15 21:10:00,30.634,30.636,30.502,30.545,15621.22
2026-08-15 21:15:00,30.545,30.594,30.491,30.581,80250.23
2026-08-15 21:20:00,30.581,30.596,30.508,30.561,11924.96
2026-08-15 21:25:00,30.561,30.627,30.552,30.608,157695.69
2026-08-15 21:30:00,30.608,30.716,30.549,30.698,58719.91
2026-08-15 21:35:00,30.698,30.743,30.692,30.718,51984.51
2026-08-15 21:40:00,30.718,30.792,30.6,30.622,37983.27
2026-08-15 21:45:00,30.622,30.633,30.603,30.612,62148.48
2026-08-15 21:50:00,30.612,30.665,30.512,30.643,179674.84
2026-08-15 21:55:00,30.643,30.688,30.635,30.658,28463.43
2026-08-15 22:00:00,30.658,30.726,30.586,30.715,10769.38
2026-08-15 22:05:00,30.715,30.793,30.712,30.773,1737.72
2026-08-15 22:10:00,30.773,30.862,30.772,30.832,9918.05
2026-08-15 22:15:00,30.832,30.885,30.825,30.868,8242.54
2026-08-15 22:20:00,30.868,30.896,30.851,30.874,22266.95
2026-08-15 22:25:00,30.874,31.003,30.836,30.955,19393.05
2026-08-15 22:30:00,30.955,30.994,30.928,30.966,8596.95
2026-08-15 22:35:00,30.966,30.984,30.906,30.933,37660.39
2026-08-15 22:40:00,30.933,31.0,30.933,30.961,242210.41
2026-08-15 22:45:00,30.961,30.986,30.805,30.871,18076.93
2026-08-15 22:50:00,30.871,30.914,30.859,30.874,14451.06
2026-08-15 22:55:00,30.874,30.885,30.82,30.865,129415.37
2026-08-15 23:00:00,30.865,30.916,30.821,30.885,2760.64
2026-08-15 23:05:00,30.885,30.939,30.8,30.851,133245.3
2026-08-15 23:10:00,30.851,30.873,30.808,30.819,39937.33
2026-08-15 23:15:00,30.819,30.89,30.799,30.864,43142.06
2026-08-15 23:20:00,30.864,30.881,30.797,30.824,22034.16
2026-08-15 23:25:00,30.824,30.848,30.749,30.777,194090.18
2026-08-15 23:30:00,30.777,30.855,30.752,30.855,46877.81
2026-08-15 23:35:00,30.855,30.872,30.778,30.822,192215.68
2026-08-15 23:40:00,30.822,31.025,30.761,30.959,28357.91
2026-08-15 23:45:00,30.959,30.973,30.846,30.876,17651.28
2026-08-15 23:50:00,30.876,30.886,30.86,30.878,29629.88
2026-08-15 23:55:00,30.878,30.968,30.867,30.935,15304.85
2026-08-16 00:00:00,30.935,31.056,30.881,30.896,270158.31
2026-08-16 00:05:00,30.896,30.964,30.868,30.934,10558.4
2026-08-16 00:10:00,30.934,30.986,30.926,30.946,41533.05
2026-08-16 00:15:00,30.946,30.949,30.889,30.933,43836.93
2026-08-16 00:20:00,30.933,30.961,30.885,30.909,50202.93
2026-08-16 00:25:00,30.909,30.935,30.804,30.863,65485.71
2026-08-16 00:30:00,30.863,30.899,30.765,30.774,94758.49
2026-08-16 00:35:00,30.774,30.806,30.694,30.73,122669.07
2026-08-16 00:40:00,30.73,30.819,30.711,30.784,678.65
2026-08-16 00:45:00,30.784,30.807,30.726,30.734,6632.25
2026-08-16 00:50:00,30.734,30.766,30.629,30.657,11303.26
2026-08-16 00:55:00,30.657,30.725,30.499,30.589,13620.98
2026-08-16 01:00:00,30.589,30.636,30.505,30.625,339460.95
2026-08-16 01:05:00,30.625,30.684,30.604,30.648,2001.92
2026-08-16 01:10:00,30.648,30.67,30.625,30.667,52193.01
2026-08-16 01:15:00,30.667,30.697,30.467,30.535,2251.66
2026-08-16 01:20:00,30.535,30.634,30.521,30.59,527.9
2026-08-16 01:25:00,30.59,30.652,30.575,30.629,28445.53
2026-08-16 01:30:00,30.629,30.695,30.568,30.579,123007.14
2026-08-16 01:35:00,30.579,30.585,30.534,30.539,30805.27
2026-08-16 01:40:00,30.539,30.609,30.514,30.543,160192.41
2026-08-16 01:45:00,30.543,30.557,30.49,30.498,54390.22
2026-08-16 01:50:00,30.498,30.566,30.486,30.5,321868.99
2026-08-16 01:55:00,30.5,30.575,30.426,30.555,239290.6
2026-08-16 02:00:00,30.555,30.561,30.524,30.528,7601.89
2026-08-16 02:05:00,30.528,30.564,30.344,30.387,41888.12
2026-08-16 02:10:00,30.387,30.462,30.368,30.461,51921.43
2026-08-16 02:15:00,30.461,30.469,30.402,30.44,107562.13
2026-08-16 02:20:00,30.44,30.521,30.361,30.507,414597.29
2026-08-16 02:25:00,30.507,30.572,30.392,30.546,467196.31
2026-08-16 02:30:00,30.546,30.636,30.423,30.607,872739.0
2026-08-16 02:35:00,30.607,30.678,30.574,30.638,76303.03
2026-08-16 02:40:00,30.638,30.64,30.565,30.623,13727.66
2026-08-16 02:45:00,30.623,30.747,30.618,30.69,14300.68
2026-08-16 02:50:00,30.69,30.718,30.624,30.656,1490.85
2026-08-16 02:55:00,30.656,30.699,30.649,30.658,25534.92
2026-08-16 03:00:00,30.658,30.799,30.658,30.743,30630.07
2026-08-16 03:05:00,30.743,30.776,30.675,30.685,17170.42
2026-08-16 03:10:00,30.685,30.716,30.632,30.652,92649.77
2026-08-16 03:15:00,30.652,30.673,30.552,30.588,75321.64
2026-08-16 03:20:00,30.588,30.601,30.557,30.598,1467.31
2026-08-16 03:25:00,30.598,30.623,30.566,30.572,77530.12
2026-08-16 03:30:00,30.572,30.595,30.558,30.569,24944.02
2026-08-16 03:35:00,30.569,30.598,30.523,30.544,26373.92
2026-08-16 03:40:00,30.544,30.719,30.504,30.697,16448.62
2026-08-16 03:45:00,30.697,30.721,30.65,30.663,25178.38
2026-08-16 03:50:00,30.663,30.754,30.647,30.703,13309.1
2026-08-16 03:55:00,30.703,30.788,30.702,30.748,48834.49
2026-08-16 04:00:00,30.748,30.839,30.73,30.833,24315.99
2026-08-16 04:05:00,30.833,30.85,30.7,30.753,98950.28
2026-08-16 04:10:00,30.753,30.771,30.652,30.679,7233.43
2026-08-16 04:15:00,30.679,30.696,30.632,30.639,13927.48
2026-08-16 04:20:00,30.639,30.714,30.588,30.602,57594.33
2026-08-16 04:25:00,30.602,30.613,30.508,30.534,14776.14
2026-08-16 04:30:00,30.534,30.542,30.487,30.489,6382.44
2026-08-16 04:35:00,30.489,30.571,30.46,30.566,41582.97
2026-08-16 04:40:00,30.566,30.582,30.534,30.547,97277.6
2026-08-16 04:45:00,30.547,30.582,30.368,30.4,39307.18
2026-08-16 04:50:00,30.4,30.475,30.291,30.313,58373.74
2026-08-16 04:55:00,30.313,30.355,30.269,30.299,62734.83
2026-08-16 05:00:00,30.299,30.374,30.298,30.31,220513.29
2026-08-16 05:05:00,30.31,30.33,30.306,30.307,4005.61
2026-08-16 05:10:00,30.307,30.337,30.249,30.334,33198.83
2026-08-16 05:15:00,30.334,30.357,30.221,30.263,11082.08
2026-08-16 05:20:00,30.263,30.32,30.212,30.299,464360.65
2026-08-16 05:25:00,30.299,30.372,30.191,30.346,143702.01
2026-08-16 05:30:00,30.346,30.429,30.304,30.369,57290.67
2026-08-16 05:35:00,30.369,30.422,30.288,30.404,10335.63
2026-08-16 05:40:00,30.404,30.43,30.256,30.302,16664.7
2026-08-16 05:45:00,30.302,30.316,30.273,30.275,15360.29
2026-08-16 05:50:00,30.275,30.344,30.206,30.216,6849.89
2026-08-16 05:55:00,30.216,30.24,30.136,30.154,72854.71
2026-08-16 06:00:00,30.154,30.199,30.144,30.18,27420.1
2026-08-16 06:05:00,30.18,30.238,30.135,30.21,31060.62
2026-08-16 06:10:00,30.21,30.286,30.091,30.256,69845.93
2026-08-16 06:15:00,30.256,30.3,30.244,30.295,6295.08
2026-08-16 06:20:00,30.295,30.37,30.216,30.352,56236.43
2026-08-16 06:25:00,30.352,30.367,30.306,30.356,15616.4
2026-08-16 06:30:00,30.356,30.37,30.197,30.234,93945.19
2026-08-16 06:35:00,30.234,30.238,30.221,30.23,47973.9
2026-08-16 06:40:00,30.23,30.285,30.223,30.231,12592.95
2026-08-16 06:45:00,30.231,30.297,30.215,30.273,22128.81
2026-08-16 06:50:00,30.273,30.305,30.255,30.296,92271.39
2026-08-16 06:55:00,30.296,30.325,30.265,30.269,22047.82
2026-08-16 07:00:00,30.269,30.317,30.161,30.212,63498.26
2026-08-16 07:05:00,30.212,30.32,30.091,30.295,447239.35
2026-08-16 07:10:00,30.295,30.382,30.188,30.368,143216.84
2026-08-16 07:15:00,30.368,30.385,30.298,30.337,104169.33
2026-08-16 07:20:00,30.337,30.37,30.33,30.358,20936.47
2026-08-16 07:25:00,30.358,30.442,30.263,30.419,259496.68
2026-08-16 07:30:00,30.419,30.441,30.312,30.35,80762.06
2026-08-16 07:35:00,30.35,30.443,30.327,30.375,15535.32
2026-08-16 07:40:00,30.375,30.376,30.218,30.256,13654.67
2026-08-16 07:45:00,30.256,30.325,30.177,30.324,7958.91
2026-08-16 07:50:00,30.324,30.329,30.297,30.31,9467.93
2026-08-16 07:55:00,30.31,30.333,30.197,30.241,2513.06
2026-08-16 08:00:00,30.241,30.33,30.203,30.266,64954.04
2026-08-16 08:05:00,30.266,30.337,30.193,30.229,22498.52
2026-08-16 08:10:00,30.229,30.252,30.173,30.178,20493.52
2026-08-16 08:15:00,30.178,30.269,30.166,30.235,41625.16
2026-08-16 08:20:00,30.235,30.241,30.201,30.212,51426.09
2026-08-16 08:25:00,30.212,30.266,30.118,30.243,224083.93
2026-08-16 08:30:00,30.243,30.257,30.201,30.243,8910.39
2026-08-16 08:35:00,30.243,30.256,30.197,30.22,39383.82
2026-08-16 08:40:00,30.22,30.297,30.165,30.277,4505.05
2026-08-16 08:45:00,30.277,30.474,30.245,30.377,6723.74
2026-08-16 08:50:00,30.377,30.453,30.297,30.43,44744.37
2026-08-16 08:55:00,30.43,30.483,30.408,30.437,6760.16
2026-08-16 09:00:00,30.437,30.483,30.405,30.453,35486.73
2026-08-16 09:05:00,30.453,30.474,30.438,30.467,17131.48
2026-08-16 09:10:00,30.467,30.535,30.463,30.475,11465.69
2026-08-16 09:15:00,30.475,30.575,30.454,30.502,167282.88
2026-08-16 09:20:00,30.502,30.513,30.457,30.474,186920.71
2026-08-16 09:25:00,30.474,30.554,30.39,30.527,9175.68
2026-08-16 09:30:00,30.527,30.53,30.479,30.493,15157.03
2026-08-16 09:35:00,30.493,30.534,30.441,30.453,59681.06
2026-08-16 09:40:00,30.453,30.521,30.387,30.494,25946.13
2026-08-16 09:45:00,30.494,30.526,30.485,30.51,74902.64
2026-08-16 09:50:00,30.51,30.636,30.464,30.604,22448.74
2026-08-16 09:55:00,30.604,30.635,30.59,30.616,1559.96
2026-08-16 10:00:00,30.616,30.653,30.58,30.582,85273.83
2026-08-16 10:05:00,30.582,30.665,30.566,30.643,32020.46
2026-08-16 10:10:00,30.643,30.744,30.638,30.7,19982.5
2026-08-16 10:15:00,30.7,30.734,30.664,30.703,64301.97
2026-08-16 10:20:00,30.703,30.722,30.698,30.709,56908.95
2026-08-16 10:25:00,30.709,30.754,30.689,30.714,27765.92
2026-08-16 10:30:00,30.714,30.726,30.696,30.705,87711.58
2026-08-16 10:35:00,30.705,30.794,30.666,30.751,61832.29
2026-08-16 10:40:00,30.751,30.795,30.65,30.666,1720.43
2026-08-16 10:45:00,30.666,30.712,30.524,30.584,18936.5
2026-08-16 10:50:00,30.584,30.637,30.452,30.476,28335.93
2026-08-16 10:55:00,30.476,30.52,30.467,30.485,12572.33
2026-08-16 11:00:00,30.485,30.501,30.446,30.466,94461.55
2026-08-16 11:05:00,30.466,30.493,30.371,30.413,34684.75
2026-08-16 11:10:00,30.413,30.439,30.233,30.299,17833.02
2026-08-16 11:15:00,30.299,30.37,30.278,30.282,16478.1
2026-08-16 11:20:00,30.282,30.344,30.184,30.184,43602.62
2026-08-16 11:25:00,30.184,30.246,30.18,30.24,86742.34
2026-08-16 11:30:00,30.24,30.27,30.168,30.229,57082.89
2026-08-16 11:35:00,30.229,30.268,30.134,30.254,161697.03
2026-08-16 11:40:00,30.254,30.276,30.228,30.266,39926.61
2026-08-16 11:45:00,30.266,30.348,30.244,30.332,35087.37
2026-08-16 11:50:00,30.332,30.346,30.27,30.284,178460.5
2026-08-16 11:55:00,30.284,30.416,30.281,30.379,32109.22
2026-08-16 12:00:00,30.379,30.385,30.288,30.34,128453.83
2026-08-16 12:05:00,30.34,30.353,30.195,30.26,39008.1
2026-08-16 12:10:00,30.26,30.278,30.201,30.268,139276.32
2026-08-16 12:15:00,30.268,30.324,30.265,30.303,61584.55
2026-08-16 12:20:00,30.303,30.348,30.288,30.298,134370.48
2026-08-16 12:25:00,30.298,30.328,30.212,30.24,3201.12
2026-08-16 12:30:00,30.24,30.286,30.238,30.283,6446.98
2026-08-16 12:35:00,30.283,30.297,30.242,30.27,43038.49
2026-08-16 12:40:00,30.27,30.313,30.248,30.309,17465.54
2026-08-16 12:45:00,30.309,30.311,30.2,30.254,61722.72
2026-08-16 12:50:00,30.254,30.291,30.197,30.202,18554.17
2026-08-16 12:55:00,30.202,30.215,30.119,30.119,55725.72
2026-08-16 13:00:00,30.119,30.218,30.041,30.197,1898.71
2026-08-16 13:05:00,30.197,30.206,30.143,30.198,31208.47
2026-08-16 13:10:00,30.198,30.3,30.064,30.286,160972.58
2026-08-16 13:15:00,30.286,30.286,30.208,30.246,29422.79
2026-08-16 13:20:00,30.246,30.272,30.243,30.25,85752.18
2026-08-16 13:25:00,30.25,30.314,30.243,30.306,334899.87
2026-08-16 13:30:00,30.306,30.355,30.222,30.229,6226.1
2026-08-16 13:35:00,30.229,30.261,30.209,30.255,37326.02
2026-08-16 13:40:00,30.255,30.257,30.189,30.202,14349.57
2026-08-16 13:45:00,30.202,30.208,30.177,30.198,40014.77
2026-08-16 13:50:00,30.198,30.269,30.189,30.251,144840.77
2026-08-16 13:55:00,30.251,30.272,30.216,30.235,15623.11
2026-08-16 14:00:00,30.235,30.305,30.13,30.284,406099.88
2026-08-16 14:05:00,30.284,30.327,30.264,30.272,69380.74
2026-08-16 14:10:00,30.272,30.349,30.229,30.307,59381.89
2026-08-16 14:15:00,30.307,30.35,30.273,30.274,106861.34
2026-08-16 14:20:00,30.274,30.31,30.257,30.3,5892.42
2026-08-16 14:25:00,30.3,30.346,30.251,30.318,12458.77
2026-08-16 14:30:00,30.318,30.325,30.288,30.313,17599.48
2026-08-16 14:35:00,30.313,30.346,30.215,30.232,130091.57
2026-08-16 14:40:00,30.232,30.35,30.226,30.291,5041.26
2026-08-16 14:45:00,30.291,30.307,30.286,30.291,5241.31
2026-08-16 14:50:00,30.291,30.322,30.263,30.29,22875.06
2026-08-16 14:55:00,30.29,30.331,30.284,30.305,132527.51
2026-08-16 15:00:00,30.305,30.308,30.241,30.256,16681.32
2026-08-16 15:05:00,30.256,30.309,30.236,30.291,25047.82
2026-08-16 15:10:00,30.291,30.307,30.239,30.287,126529.01
2026-08-16 15:15:00,30.287,30.305,30.241,30.257,36929.52
2026-08-16 15:20:00,30.257,30.32,30.243,30.314,17277.53
2026-08-16 15:25:00,30.314,30.343,30.202,30.219,264374.27
2026-08-16 15:30:00,30.219,30.227,30.125,30.168,24776.17
2026-08-16 15:35:00,30.168,30.272,30.034,30.249,16827.46
2026-08-16 15:40:00,30.249,30.301,30.226,30.237,32099.92
2026-08-16 15:45:00,30.237,30.304,30.233,30.282,7137.51
2026-08-16 15:50:00,30.282,30.284,30.232,30.258,61474.57
2026-08-16 15:55:00,30.258,30.272,30.175,30.217,86299.19
2026-08-16 16:00:00,30.217,30.317,30.193,30.249,5640.84
2026-08-16 16:05:00,30.249,30.287,30.248,30.286,63590.25
2026-08-16 16:10:00,30.286,30.288,30.217,30.246,43837.31
2026-08-16 16:15:00,30.246,30.274,30.227,30.241,53511.63
2026-08-16 16:20:00,30.241,30.326,30.237,30.297,54594.42
2026-08-16 16:25:00,30.297,30.438,30.283,30.41,63144.94
2026-08-16 16:30:00,30.41,30.476,30.307,30.319,206429.28
2026-08-16 16:35:00,30.319,30.332,30.26,30.281,1787.67
2026-08-16 16:40:00,30.281,30.288,30.269,30.276,76108.14
2026-08-16 16:45:00,30.276,30.278,30.246,30.257,29692.15
2026-08-16 16:50:00,30.257,30.277,30.11,30.131,15824.01
2026-08-16 16:55:00,30.131,30.133,30.065,30.119,144119.62
2026-08-16 17:00:00,30.119,30.135,30.069,30.083,2779.23
2026-08-16 17:05:00,30.083,30.215,30.068,30.185,19136.15
2026-08-16 17:10:00,30.185,30.202,30.182,30.194,6058.53
2026-08-16 17:15:00,30.194,30.231,30.172,30.189,27011.68
2026-08-16 17:20:00,30.189,30.38,30.156,30.32,12750.06
2026-08-16 17:25:00,30.32,30.39,30.31,30.321,4574.39
2026-08-16 17:30:00,30.321,30.345,30.318,30.344,116474.58
2026-08-16 17:35:00,30.344,30.369,30.266,30.288,75993.11
2026-08-16 17:40:00,30.288,30.323,30.066,30.172,15271.47
2026-08-16 17:45:00,30.172,30.266,30.134,30.144,94879.25
2026-08-16 17:50:00,30.144,30.221,30.115,30.122,25747.3
2026-08-16 17:55:00,30.122,30.147,30.028,30.06,31356.89
2026-08-16 18:00:00,30.06,30.154,30.031,30.078,47114.13
2026-08-16 18:05:00,30.078,30.156,29.945,30.142,217446.2
2026-08-16 18:10:00,30.142,30.217,30.052,30.206,483147.08
2026-08-16 18:15:00,30.206,30.265,30.204,30.253,48854.95
2026-08-16 18:20:00,30.253,30.268,30.238,30.264,22266.59
2026-08-16 18:25:00,30.264,30.295,30.234,30.288,172973.16
2026-08-16 18:30:00,30.288,30.307,30.246,30.277,21599.27
2026-08-16 18:35:00,30.277,30.315,30.236,30.237,67719.79
2026-08-16 18:40:00,30.237,30.262,30.211,30.239,57395.82
2026-08-16 18:45:00,30.239,30.271,30.216,30.242,21941.72
2026-08-16 18:50:00,30.242,30.245,30.184,30.206,9046.27
2026-08-16 18:55:00,30.206,30.24,30.146,30.18,79908.96
2026-08-16 19:00:00,30.18,30.184,30.02,30.042,73028.91
2026-08-16 19:05:00,30.042,30.096,30.041,30.096,23387.24
2026-08-16 19:10:00,30.096,30.103,30.077,30.081,24793.13
2026-08-16 19:15:00,30.081,30.091,30.08,30.082,1578.48
2026-08-16 19:20:00,30.082,30.191,30.013,30.168,52396.61
2026-08-16 19:25:00,30.168,30.24,30.072,30.211,43833.48
2026-08-16 19:30:00,30.211,30.225,30.111,30.123,46069.04
2026-08-16 19:35:00,30.123,30.171,30.094,30.129,79150.19
2026-08-16 19:40:00,30.129,30.179,30.085,30.166,7975.03
2026-08-16 19:45:00,30.166,30.228,30.088,30.121,50262.69
2026-08-16 19:50:00,30.121,30.163,29.947,29.982,33209.3
2026-08-16 19:55:00,29.982,29.993,29.933,29.986,154016.89
2026-08-16 20:00:00,29.986,30.039,29.922,29.945,163467.09
2026-08-16 20:05:00,29.945,30.08,29.896,30.032,130304.6
2026-08-16 20:10:00,30.032,30.087,29.982,30.074,61325.7
2026-08-16 20:15:00,30.074,30.086,30.045,30.075,3717.21
2026-08-16 20:20:00,30.075,30.147,29.967,30.118,312258.06
2026-08-16 20:25:00,30.118,30.161,30.104,30.159,8315.38
2026-08-16 20:30:00,30.159,30.188,30.151,30.183,43469.69
2026-08-16 20:35:00,30.183,30.246,30.12,30.135,10806.53
2026-08-16 20:40:00,30.135,30.173,30.063,30.087,92787.89
2026-08-16 20:45:00,30.087,30.237,30.084,30.215,44176.08
2026-08-16 20:50:00,30.215,30.307,30.203,30.261,15470.84
2026-08-16 20:55:00,30.261,30.299,30.224,30.295,35450.35
2026-08-16 21:00:00,30.295,30.322,30.246,30.258,21143.22
2026-08-16 21:05:00,30.258,30.334,30.226,30.309,41671.44
2026-08-16 21:10:00,30.309,30.34,30.176,30.204,18245.2
2026-08-16 21:15:00,30.204,30.219,30.141,30.162,53393.75
2026-08-16 21:20:00,30.162,30.171,30.14,30.17,176584.62
2026-08-16 21:25:00,30.17,30.209,30.165,30.167,16161.56
2026-08-16 21:30:00,30.167,30.235,30.131,30.197,14758.74
2026-08-16 21:35:00,30.197,30.245,30.168,30.234,81910.24
2026-08-16 21:40:00,30.234,30.265,30.229,30.258,18072.16
2026-08-16 21:45:00,30.258,30.304,30.233,30.256,13637.88
2026-08-16 21:50:00,30.256,30.273,30.197,30.23,42547.09
2026-08-16 21:55:00,30.23,30.239,30.15,30.158,149900.87
2026-08-16 22:00:00,30.158,30.234,29.911,30.036,22801.43
2026-08-16 22:05:00,30.036,30.102,30.027,30.06,12753.94
2026-08-16 22:10:00,30.06,30.119,30.003,30.11,40011.69
2026-08-16 22:15:00,30.11,30.287,30.096,30.239,19195.77
2026-08-16 22:20:00,30.239,30.287,30.206,30.28,77298.85
2026-08-16 22:25:00,30.28,30.476,30.266,30.38,36720.25
2026-08-16 22:30:00,30.38,30.501,30.294,30.316,429186.22
2026-08-16 22:35:00,30.316,30.337,30.257,30.263,29164.96
2026-08-16 22:40:00,30.263,30.296,30.208,30.212,6904.35
2026-08-16 22:45:00,30.212,30.259,30.174,30.224,21276.09
2026-08-16 22:50:00,30.224,30.24,30.089,30.168,44167.68
2026-08-16 22:55:00,30.168,30.284,30.131,30.233,158040.01
2026-08-16 23:00:00,30.233,30.281,30.217,30.271,27534.54
2026-08-16 23:05:00,30.271,30.415,30.246,30.343,50240.54
2026-08-16 23:10:00,30.343,30.376,30.332,30.357,21719.44
2026-08-16 23:15:00,30.357,30.36,30.329,30.351,23897.94
2026-08-16 23:20:00,30.351,30.389,30.311,30.313,77307.62
2026-08-16 23:25:00,30.313,30.361,30.248,30.33,69800.35
2026-08-16 23:30:00,30.33,30.405,30.264,30.289,238811.04
2026-08-16 23:35:00,30.289,30.301,30.262,30.275,103228.99
2026-08-16 23:40:00,30.275,30.299,30.268,30.271,84535.82
2026-08-16 23:45:00,30.271,30.313,30.261,30.3,55404.81
2026-08-16 23:50:00,30.3,30.406,30.275,30.376,66217.44
2026-08-16 23:55:00,30.376,30.461,30.27,30.299,421204.15
2026-08-17 00:00:00,30.299,30.328,30.26,30.281,45552.93
2026-08-17 00:05:00,30.281,30.302,30.173,30.209,34453.57
2026-08-17 00:10:00,30.209,30.311,30.164,30.28,13346.15
2026-08-17 00:15:00,30.28,30.288,30.273,30.286,42130.82
2026-08-17 00:20:00,30.286,30.354,30.232,30.233,83561.53
2026-08-17 00:25:00,30.233,30.272,30.213,30.271,5689.74
2026-08-17 00:30:00,30.271,30.405,30.261,30.39,2934.56
2026-08-17 00:35:00,30.39,30.394,30.298,30.335,9344.05
2026-08-17 00:40:00,30.335,30.354,30.325,30.345,61559.99
2026-08-17 00:45:00,30.345,30.408,30.26,30.281,1910.71
2026-08-17 00:50:00,30.281,30.31,30.246,30.276,21468.73
2026-08-17 00:55:00,30.276,30.28,30.234,30.277,17445.43
2026-08-17 01:00:00,30.277,30.288,30.189,30.194,23126.12
2026-08-17 01:05:00,30.194,30.206,30.18,30.187,408851.39
2026-08-17 01:10:00,30.187,30.203,30.15,30.177,67601.72
2026-08-17 01:15:00,30.177,30.214,30.156,30.197,25209.66
2026-08-17 01:20:00,30.197,30.26,30.174,30.209,20998.73
2026-08-17 01:25:00,30.209,30.216,30.198,30.199,65940.72
2026-08-17 01:30:00,30.199,30.222,30.137,30.202,65290.64
2026-08-17 01:35:00,30.202,30.222,30.138,30.185,45308.92
2026-08-17 01:40:00,30.185,30.277,30.148,30.259,8379.47
2026-08-17 01:45:00,30.259,30.321,30.23,30.305,80387.75
2026-08-17 01:50:00,30.305,30.395,30.278,30.387,283573.55
2026-08-17 01:55:00,30.387,30.508,30.327,30.349,189720.92
2026-08-17 02:00:00,30.349,30.36,30.224,30.285,50901.32
2026-08-17 02:05:00,30.285,30.298,30.169,30.177,312901.14
2026-08-17 02:10:00,30.177,30.242,30.148,30.22,11960.36
2026-08-17 02:15:00,30.22,30.246,30.212,30.235,12766.94
2026-08-17 02:20:00,30.235,30.285,30.211,30.256,67028.9
2026-08-17 02:25:00,30.256,30.266,30.236,30.243,47230.91
2026-08-17 02:30:00,30.243,30.345,30.194,30.294,51816.05
2026-08-17 02:35:00,30.294,30.372,30.265,30.335,179097.25
2026-08-17 02:40:00,30.335,30.364,30.317,30.356,30529.27
2026-08-17 02:45:00,30.356,30.372,30.17,30.209,39200.42
2026-08-17 02:50:00,30.209,30.336,30.206,30.295,103160.3
2026-08-17 02:55:00,30.295,30.323,30.288,30.293,5392.4
2026-08-17 03:00:00,30.293,30.299,30.121,30.202,236823.41
2026-08-17 03:05:00,30.202,30.221,30.167,30.18,3307.92
2026-08-17 03:10:00,30.18,30.281,30.131,30.239,49831.57
2026-08-17 03:15:00,30.239,30.246,30.185,30.216,54359.97
2026-08-17 03:20:00,30.216,30.279,30.186,30.211,75604.71
2026-08-17 03:25:00,30.211,30.241,30.172,30.225,15494.54
2026-08-17 03:30:00,30.225,30.247,30.105,30.139,89440.65
2026-08-17 03:35:00,30.139,30.182,30.131,30.161,177678.78
2026-08-17 03:40:00,30.161,30.163,30.103,30.11,77226.43
2026-08-17 03:45:00,30.11,30.154,30.057,30.139,68637.91
2026-08-17 03:50:00,30.139,30.222,30.053,30.198,86310.81
2026-08-17 03:55:00,30.198,30.259,30.178,30.2,25865.72
2026-08-17 04:00:00,30.2,30.262,30.154,30.251,18271.67
2026-08-17 04:05:00,30.251,30.271,30.209,30.214,18715.1
2026-08-17 04:10:00,30.214,30.326,30.165,30.316,33488.44
2026-08-17 04:15:00,30.316,30.349,30.274,30.33,112618.5
2026-08-17 04:20:00,30.33,30.386,30.282,30.3,111686.65
2026-08-17 04:25:00,30.3,30.314,30.26,30.279,26477.61
2026-08-17 04:30:00,30.279,30.403,30.267,30.395,88282.4
2026-08-17 04:35:00,30.395,30.531,30.356,30.489,12957.36
2026-08-17 04:40:00,30.489,30.543,30.424,30.437,203496.34
2026-08-17 04:45:00,30.437,30.465,30.388,30.444,15876.78
2026-08-17 04:50:00,30.444,30.455,30.424,30.438,1107.88
2026-08-17 04:55:00,30.438,30.51,30.406,30.473,16665.24
2026-08-17 05:00:00,30.473,30.528,30.387,30.398,96883.55
2026-08-17 05:05:00,30.398,30.512,30.292,30.309,162044.23
2026-08-17 05:10:00,30.309,30.383,30.241,30.312,21870.64
2026-08-17 05:15:00,30.312,30.391,30.263,30.356,52978.0
2026-08-17 05:20:00,30.356,30.402,30.321,30.373,32061.37
2026-08-17 05:25:00,30.373,30.445,30.367,30.438,169977.65
2026-08-17 05:30:00,30.438,30.538,30.387,30.397,413440.66
2026-08-17 05:35:00,30.397,30.5,30.289,30.307,405967.35
2026-08-17 05:40:00,30.307,30.351,30.289,30.309,68229.64
2026-08-17 05:45:00,30.309,30.311,30.253,30.285,20821.94
2026-08-17 05:50:00,30.285,30.366,30.231,30.36,57833.61
2026-08-17 05:55:00,30.36,30.392,30.322,30.385,65899.38
2026-08-17 06:00:00,30.385,30.386,30.226,30.315,24906.23
2026-08-17 06:05:00,30.315,30.341,30.221,30.264,20451.46
2026-08-17 06:10:00,30.264,30.265,30.184,30.212,35192.36
2026-08-17 06:15:00,30.212,30.309,30.078,30.284,297834.81
2026-08-17 06:20:00,30.284,30.354,30.227,30.34,219185.42
2026-08-17 06:25:00,30.34,30.457,30.337,30.389,39400.88
2026-08-17 06:30:00,30.389,30.427,30.373,30.379,98198.35
2026-08-17 06:35:00,30.379,30.49,30.278,30.3,91772.91
2026-08-17 06:40:00,30.3,30.337,30.259,30.31,63317.57
2026-08-17 06:45:00,30.31,30.341,30.276,30.281,43258.54
2026-08-17 06:50:00,30.281,30.297,30.247,30.26,12061.31
2026-08-17 06:55:00,30.26,30.305,30.253,30.273,19636.12
2026-08-17 07:00:00,30.273,30.335,30.259,30.263,5566.06
2026-08-17 07:05:00,30.263,30.301,30.241,30.278,87522.86
2026-08-17 07:10:00,30.278,30.281,30.242,30.276,7805.81
2026-08-17 07:15:00,30.276,30.353,30.272,30.327,33587.44
2026-08-17 07:20:00,30.327,30.354,30.216,30.233,108571.52
2026-08-17 07:25:00,30.233,30.342,30.121,30.32,3562.73
2026-08-17 07:30:00,30.32,30.343,30.18,30.215,44136.04
2026-08-17 07:35:00,30.215,30.225,30.078,30.094,79018.96
2026-08-17 07:40:00,30.094,30.15,30.03,30.114,18517.92
2026-08-17 07:45:00,30.114,30.216,30.062,30.194,145821.16
2026-08-17 07:50:00,30.194,30.238,30.179,30.224,38458.02
2026-08-17 07:55:00,30.224,30.261,30.193,30.233,113804.19
2026-08-17 08:00:00,30.233,30.385,30.21,30.375,37529.13
2026-08-17 08:05:00,30.375,30.52,30.355,30.476,82753.49
2026-08-17 08:10:00,30.476,30.584,30.423,30.448,33628.54
2026-08-17 08:15:00,30.448,30.53,30.343,30.362,143657.48
2026-08-17 08:20:00,30.362,30.372,30.305,30.342,295834.04
2026-08-17 08:25:00,30.342,30.357,30.3,30.314,23189.21
2026-08-17 08:30:00,30.314,30.39,30.302,30.359,9417.99
2026-08-17 08:35:00,30.359,30.509,30.299,30.43,61806.49
2026-08-17 08:40:00,30.43,30.466,30.38,30.38,16905.41
2026-08-17 08:45:00,30.38,30.437,30.371,30.418,25751.62
2026-08-17 08:50:00,30.418,30.42,30.372,30.4,16982.84
2026-08-17 08:55:00,30.4,30.484,30.386,30.446,74264.12
2026-08-17 09:00:00,30.446,30.483,30.43,30.481,20524.13
2026-08-17 09:05:00,30.481,30.565,30.403,30.427,36855.95
2026-08-17 09:10:00,30.427,30.486,30.352,30.376,90997.06
2026-08-17 09:15:00,30.376,30.407,30.365,30.399,37119.17
2026-08-17 09:20:00,30.399,30.444,30.359,30.442,19924.41
2026-08-17 09:25:00,30.442,30.481,30.413,30.446,45052.29
2026-08-17 09:30:00,30.446,30.55,30.38,30.534,19371.13
2026-08-17 09:35:00,30.534,30.562,30.502,30.537,10895.16
2026-08-17 09:40:00,30.537,30.538,30.439,30.494,14863.39
2026-08-17 09:45:00,30.494,30.527,30.454,30.49,43940.73
2026-08-17 09:50:00,30.49,30.503,30.485,30.495,1219.45
2026-08-17 09:55:00,30.495,30.504,30.389,30.417,73807.83
2026-08-17 10:00:00,30.417,30.49,30.396,30.47,206071.32
2026-08-17 10:05:00,30.47,30.573,30.403,30.565,8218.47
2026-08-17 10:10:00,30.565,30.665,30.46,30.481,20947.56
2026-08-17 10:15:00,30.481,30.493,30.421,30.438,172496.17
2026-08-17 10:20:00,30.438,30.507,30.342,30.366,151501.38
2026-08-17 10:25:00,30.366,30.371,30.322,30.333,895.21
2026-08-17 10:30:00,30.333,30.352,30.296,30.299,24032.74
2026-08-17 10:35:00,30.299,30.401,30.289,30.328,12446.55
2026-08-17 10:40:00,30.328,30.363,30.309,30.355,4644.09
2026-08-17 10:45:00,30.355,30.489,30.339,30.429,9760.6
2026-08-17 10:50:00,30.429,30.489,30.36,30.373,17064.88
2026-08-17 10:55:00,30.373,30.431,30.335,30.411,23991.01
2026-08-17 11:00:00,30.411,30.462,30.362,30.455,113300.71
2026-08-17 11:05:00,30.455,30.497,30.414,30.432,60680.8
2026-08-17 11:10:00,30.432,30.518,30.368,30.391,41133.64
2026-08-17 11:15:00,30.391,30.411,30.223,30.236,111118.87
2026-08-17 11:20:00,30.236,30.264,30.205,30.21,62470.29
2026-08-17 11:25:00,30.21,30.211,30.137,30.139,8585.06
2026-08-17 11:30:00,30.139,30.218,30.056,30.198,284460.53
2026-08-17 11:35:00,30.198,30.223,30.128,30.163,18659.94
2026-08-17 11:40:00,30.163,30.177,30.104,30.135,17365.06
2026-08-17 11:45:00,30.135,30.245,30.064,30.225,193167.5
2026-08-17 11:50:00,30.225,30.237,30.215,30.23,33671.79
2026-08-17 11:55:00,30.23,30.247,30.113,30.194,54503.45
2026-08-17 12:00:00,30.194,30.314,30.148,30.275,23061.65
2026-08-17 12:05:00,30.275,30.345,30.185,30.202,7417.04
2026-08-17 12:10:00,30.202,30.309,30.197,30.274,29244.64
2026-08-17 12:15:00,30.274,30.298,30.164,30.179,12449.91
2026-08-17 12:20:00,30.179,30.202,30.1,30.111,63472.85
2026-08-17 12:25:00,30.111,30.166,30.1,30.164,112199.65
2026-08-17 12:30:00,30.164,30.188,30.071,30.094,38020.66
2026-08-17 12:35:00,30.094,30.113,30.042,30.078,9377.86
2026-08-17 12:40:00,30.078,30.198,30.072,30.146,40626.47
2026-08-17 12:45:00,30.146,30.204,30.049,30.065,42343.78
2026-08-17 12:50:00,30.065,30.137,29.948,30.107,492703.9
2026-08-17 12:55:00,30.107,30.15,30.047,30.075,5982.67
2026-08-17 13:00:00,30.075,30.188,29.942,30.162,89458.88
2026-08-17 13:05:00,30.162,30.178,30.117,30.142,27321.24
2026-08-17 13:10:00,30.142,30.182,30.13,30.146,19729.81
2026-08-17 13:15:00,30.146,30.195,30.094,30.185,354937.9
2026-08-17 13:20:00,30.185,30.206,30.076,30.134,40390.9
2026-08-17 13:25:00,30.134,30.199,30.049,30.174,178848.09
2026-08-17 13:30:00,30.174,30.206,30.159,30.199,5234.69
2026-08-17 13:35:00,30.199,30.208,30.147,30.156,12368.78
2026-08-17 13:40:00,30.156,30.163,30.06,30.088,197.53
2026-08-17 13:45:00,30.088,30.185,30.019,30.175,92180.23
2026-08-17 13:50:00,30.175,30.199,30.158,30.171,102707.69
2026-08-17 13:55:00,30.171,30.183,30.058,30.157,42169.52
2026-08-17 14:00:00,30.157,30.173,30.068,30.089,50015.61
2026-08-17 14:05:00,30.089,30.124,30.043,30.09,49166.85
2026-08-17 14:10:00,30.09,30.141,29.964,30.122,660876.26
2026-08-17 14:15:00,30.122,30.171,30.108,30.149,197348.8
2026-08-17 14:20:00,30.149,30.235,30.139,30.232,30145.07
2026-08-17 14:25:00,30.232,30.276,30.136,30.194,36355.5
2026-08-17 14:30:00,30.194,30.242,30.115,30.162,25880.99
2026-08-17 14:35:00,30.162,30.269,30.14,30.209,47530.72
2026-08-17 14:40:00,30.209,30.236,30.203,30.224,6778.42
2026-08-17 14:45:00,30.224,30.255,30.134,30.167,2270.8
2026-08-17 14:50:00,30.167,30.209,30.005,30.032,94904.79
2026-08-17 14:55:00,30.032,30.113,29.909,30.088,182131.04
2026-08-17 15:00:00,30.088,30.11,30.041,30.049,65003.48
2026-08-17 15:05:00,30.049,30.096,29.985,30.086,960299.59
2026-08-17 15:10:00,30.086,30.195,30.011,30.176,11684.21
2026-08-17 15:15:00,30.176,30.19,30.162,30.184,29169.74
2026-08-17 15:20:00,30.184,30.247,30.177,30.225,23014.34
2026-08-17 15:25:00,30.225,30.231,30.214,30.217,75464.89
2026-08-17 15:30:00,30.217,30.224,30.113,30.152,120906.61
2026-08-17 15:35:00,30.152,30.181,30.099,30.127,465.06
2026-08-17 15:40:00,30.127,30.144,30.115,30.13,3823.94
2026-08-17 15:45:00,30.13,30.158,30.075,30.129,12943.26
2026-08-17 15:50:00,30.129,30.139,29.997,30.055,111598.79
2026-08-17 15:55:00,30.055,30.115,29.995,30.086,146265.57
2026-08-17 16:00:00,30.086,30.126,30.0,30.055,12045.55
2026-08-17 16:05:00,30.055,30.134,29.989,30.112,182164.53
2026-08-17 16:10:00,30.112,30.165,30.029,30.049,930.75
2026-08-17 16:15:00,30.049,30.128,29.944,30.109,23271.19
2026-08-17 16:20:00,30.109,30.19,30.095,30.162,18172.73
2026-08-17 16:25:00,30.162,30.214,30.141,30.21,556.38
2026-08-17 16:30:00,30.21,30.267,30.197,30.201,30342.06
2026-08-17 16:35:00,30.201,30.217,30.183,30.215,79157.38
2026-08-17 16:40:00,30.215,30.266,30.149,30.176,7379.19
2026-08-17 16:45:00,30.176,30.187,30.149,30.158,129826.52
2026-08-17 16:50:00,30.158,30.267,30.114,30.173,807.54
2026-08-17 16:55:00,30.173,30.196,30.143,30.147,3311.01
2026-08-17 17:00:00,30.147,30.169,30.048,30.085,46179.78
2026-08-17 17:05:00,30.085,30.172,29.991,30.149,195565.46
2026-08-17 17:10:00,30.149,30.259,30.117,30.245,110477.08
2026-08-17 17:15:00,30.245,30.334,30.215,30.295,17224.23
2026-08-17 17:20:00,30.295,30.392,30.2,30.22,345924.12
2026-08-17 17:25:00,30.22,30.312,30.177,30.292,33245.77
2026-08-17 17:30:00,30.292,30.31,30.239,30.259,10284.19
2026-08-17 17:35:00,30.259,30.349,30.239,30.32,5524.17
2026-08-17 17:40:00,30.32,30.351,30.306,30.348,41474.54
2026-08-17 17:45:00,30.348,30.419,30.32,30.37,23557.15
2026-08-17 17:50:00,30.37,30.416,30.313,30.355,20696.65
2026-08-17 17:55:00,30.355,30.364,30.35,30.354,73945.27
2026-08-17 18:00:00,30.354,30.375,30.349,30.364,87567.93
2026-08-17 18:05:00,30.364,30.423,30.281,30.307,540301.66
2026-08-17 18:10:00,30.307,30.314,30.253,30.285,70273.59
2026-08-17 18:15:00,30.285,30.308,30.276,30.297,25350.17
2026-08-17 18:20:00,30.297,30.334,30.205,30.311,1680.46
2026-08-17 18:25:00,30.311,30.394,30.246,30.271,467401.64
2026-08-17 18:30:00,30.271,30.366,30.172,30.201,333632.04
2026-08-17 18:35:00,30.201,30.215,30.111,30.119,9042.07
2026-08-17 18:40:00,30.119,30.137,30.023,30.07,24708.52
2026-08-17 18:45:00,30.07,30.085,30.05,30.084,67074.23
2026-08-17 18:50:00,30.084,30.144,30.066,30.107,34680.76
2026-08-17 18:55:00,30.107,30.123,29.997,30.047,141999.37
2026-08-17 19:00:00,30.047,30.152,29.921,30.127,119439.33
2026-08-17 19:05:00,30.127,30.164,30.097,30.129,16977.01
2026-08-17 19:10:00,30.129,30.147,29.965,29.968,45643.99
2026-08-17 19:15:00,29.968,30.032,29.951,30.011,196602.51
2026-08-17 19:20:00,30.011,30.015,29.888,29.903,89551.8
2026-08-17 19:25:00,29.903,29.951,29.856,29.933,160865.21
2026-08-17 19:30:00,29.933,29.945,29.876,29.902,25084.91
2026-08-17 19:35:00,29.902,29.991,29.846,29.969,16172.3
2026-08-17 19:40:00,29.969,29.986,29.915,29.928,65690.31
2026-08-17 19:45:00,29.928,30.026,29.822,30.003,180086.03
2026-08-17 19:50:00,30.003,30.063,29.998,30.06,108195.54
2026-08-17 19:55:00,30.06,30.09,30.042,30.072,12341.03
2026-08-17 20:00:00,30.072,30.174,30.065,30.128,12996.79
2026-08-17 20:05:00,30.128,30.204,30.031,30.074,4227.92
2026-08-17 20:10:00,30.074,30.117,30.063,30.086,40909.49
2026-08-17 20:15:00,30.086,30.14,30.058,30.072,55421.29
2026-08-17 20:20:00,30.072,30.099,29.976,30.0,81044.87
2026-08-17 20:25:00,30.0,30.01,29.959,29.966,7274.21
2026-08-17 20:30:00,29.966,29.98,29.928,29.961,2143.05
2026-08-17 20:35:00,29.961,30.02,29.944,29.988,5388.59
2026-08-17 20:40:00,29.988,30.021,29.957,29.959,9186.46
2026-08-17 20:45:00,29.959,30.059,29.877,29.991,85079.83
2026-08-17 20:50:00,29.991,30.005,29.986,30.004,8957.74
2026-08-17 20:55:00,30.004,30.075,29.982,30.047,138777.08
2026-08-17 21:00:00,30.047,30.138,29.98,29.989,160602.41
2026-08-17 21:05:00,29.989,30.017,29.981,30.013,90148.75
2026-08-17 21:10:00,30.013,30.036,29.92,29.962,94359.58
2026-08-17 21:15:00,29.962,30.107,29.942,30.069,53352.7
2026-08-17 21:20:00,30.069,30.129,30.059,30.101,20429.85
2026-08-17 21:25:00,30.101,30.188,30.085,30.166,13063.79
2026-08-17 21:30:00,30.166,30.225,30.138,30.22,7997.05
2026-08-17 21:35:00,30.22,30.246,30.072,30.155,57506.82
2026-08-17 21:40:00,30.155,30.186,30.135,30.185,44369.62
2026-08-17 21:45:00,30.185,30.195,30.165,30.19,7456.66
2026-08-17 21:50:00,30.19,30.225,30.156,30.163,4322.51
2026-08-17 21:55:00,30.163,30.214,30.109,30.194,47795.29
2026-08-17 22:00:00,30.194,30.217,30.036,30.089,57867.62
2026-08-17 22:05:00,30.089,30.123,30.04,30.072,9718.91
2026-08-17 22:10:00,30.072,30.165,30.027,30.16,5564.57
2026-08-17 22:15:00,30.16,30.19,30.134,30.19,46829.57
2026-08-17 22:20:00,30.19,30.264,30.189,30.253,104903.02
2026-08-17 22:25:00,30.253,30.272,30.238,30.248,2394.93
2026-08-17 22:30:00,30.248,30.25,30.157,30.187,166823.84
2026-08-17 22:35:00,30.187,30.243,30.134,30.21,200167.38
2026-08-17 22:40:00,30.21,30.227,30.187,30.22,9448.66
2026-08-17 22:45:00,30.22,30.241,30.184,30.228,48069.72
2026-08-17 22:50:00,30.228,30.304,30.217,30.294,99053.2
2026-08-17 22:55:00,30.294,30.297,30.175,30.205,25716.95
2026-08-17 23:00:00,30.205,30.296,30.166,30.262,218870.82
2026-08-17 23:05:00,30.262,30.306,30.234,30.243,9005.9
2026-08-17 23:10:00,30.243,30.257,30.2,30.209,19943.83
2026-08-17 23:15:00,30.209,30.245,30.209,30.226,137769.55
2026-08-17 23:20:00,30.226,30.227,30.166,30.222,66723.6
2026-08-17 23:25:00,30.222,30.238,30.185,30.217,93525.29
2026-08-17 23:30:00,30.217,30.274,30.152,30.186,74637.34
2026-08-17 23:35:00,30.186,30.205,30.081,30.118,19772.09
2026-08-17 23:40:00,30.118,30.259,30.111,30.222,14178.89
2026-08-17 23:45:00,30.222,30.247,30.104,30.143,2199.67
2026-08-17 23:50:00,30.143,30.159,30.093,30.098,2093.65
2026-08-17 23:55:00,30.098,30.143,30.065,30.078,9129.08
2026-08-18 00:00:00,30.078,30.115,30.054,30.059,12016.89
2026-08-18 00:05:00,30.059,30.11,30.034,30.098,248901.28
2026-08-18 00:10:00,30.098,30.104,30.006,30.013,69323.2
2026-08-18 00:15:00,30.013,30.073,29.902,29.944,131535.89
2026-08-18 00:20:00,29.944,29.977,29.813,29.865,73981.81
2026-08-18 00:25:00,29.865,29.959,29.732,29.933,10171.51
2026-08-18 00:30:00,29.933,29.972,29.922,29.935,5473.09
2026-08-18 00:35:00,29.935,30.01,29.839,29.986,7970.23
2026-08-18 00:40:00,29.986,30.045,29.934,29.992,39335.05
2026-08-18 00:45:00,29.992,30.067,29.992,30.064,27982.84
2026-08-18 00:50:00,30.064,30.085,29.962,29.977,176777.82
2026-08-18 00:55:00,29.977,30.012,29.892,29.926,39755.61
2026-08-18 01:00:00,29.926,29.965,29.882,29.915,28110.01
2026-08-18 01:05:00,29.915,30.023,29.915,29.998,17699.12
2026-08-18 01:10:00,29.998,30.046,29.922,29.939,5305.6
2026-08-18 01:15:00,29.939,29.975,29.87,29.964,183674.16
2026-08-18 01:20:00,29.964,30.081,29.943,30.063,26248.95
2026-08-18 01:25:00,30.063,30.073,29.938,29.952,37224.24
2026-08-18 01:30:00,29.952,29.973,29.866,29.91,8671.95
2026-08-18 01:35:00,29.91,30.018,29.798,29.998,60790.12
2026-08-18 01:40:00,29.998,30.136,29.984,30.051,10346.98
2026-08-18 01:45:00,30.051,30.083,29.994,30.009,10006.96
2026-08-18 01:50:00,30.009,30.073,30.002,30.071,75651.91
2026-08-18 01:55:00,30.071,30.143,30.062,30.114,118350.99
2026-08-18 02:00:00,30.114,30.162,30.089,30.1,95836.85
2026-08-18 02:05:00,30.1,30.106,30.028,30.04,162543.1
2026-08-18 02:10:00,30.04,30.084,30.032,30.08,50076.54
2026-08-18 02:15:00,30.08,30.088,30.005,30.042,1954.69
2026-08-18 02:20:00,30.042,30.123,30.016,30.038,39555.18
2026-08-18 02:25:00,30.038,30.079,29.972,30.061,67267.63
2026-08-18 02:30:00,30.061,30.062,29.938,29.945,40981.74
2026-08-18 02:35:00,29.945,30.01,29.838,29.989,58401.92
2026-08-18 02:40:00,29.989,30.068,29.954,29.992,18199.28
2026-08-18 02:45:00,29.992,30.126,29.941,30.083,13167.69
2026-08-18 02:50:00,30.083,30.124,30.022,30.026,95331.42
2026-08-18 02:55:00,30.026,30.043,29.972,29.974,30203.91
2026-08-18 03:00:00,29.974,30.066,29.958,30.059,75029.66
2026-08-18 03:05:00,30.059,30.062,29.931,29.957,4395.17
2026-08-18 03:10:00,29.957,29.98,29.928,29.98,42990.01
2026-08-18 03:15:00,29.98,30.071,29.977,30.043,52067.56
2026-08-18 03:20:00,30.043,30.055,30.001,30.012,3665.57
2026-08-18 03:25:00,30.012,30.058,29.943,29.989,61424.19
2026-08-18 03:30:00,29.989,30.006,29.857,29.941,80485.86
2026-08-18 03:35:00,29.941,29.978,29.869,29.919,100954.96
2026-08-18 03:40:00,29.919,30.018,29.818,29.997,176162.93
2026-08-18 03:45:00,29.997,30.033,29.991,30.003,58317.26
2026-08-18 03:50:00,30.003,30.084,29.985,30.077,74359.59
2026-08-18 03:55:00,30.077,30.104,30.01,30.035,28930.6
2026-08-18 04:00:00,30.035,30.06,29.934,29.947,39346.17
2026-08-18 04:05:00,29.947,29.997,29.893,29.983,29307.07
2026-08-18 04:10:00,29.983,30.005,29.863,29.895,5927.5
2026-08-18 04:15:00,29.895,29.959,29.74,29.8,13356.76
2026-08-18 04:20:00,29.8,29.835,29.749,29.826,75266.46
2026-08-18 04:25:00,29.826,29.998,29.822,29.918,325256.5
2026-08-18 04:30:00,29.918,30.015,29.891,29.95,9006.9
2026-08-18 04:35:00,29.95,29.962,29.818,29.822,18468.9
2026-08-18 04:40:00,29.822,29.9,29.804,29.891,691.61
2026-08-18 04:45:00,29.891,29.925,29.786,29.847,112528.95
2026-08-18 04:50:00,29.847,29.899,29.784,29.88,275243.82
2026-08-18 04:55:00,29.88,29.949,29.857,29.946,79519.49
2026-08-18 05:00:00,29.946,30.046,29.908,30.0,173358.53
2026-08-18 05:05:00,30.0,30.079,29.954,30.063,63420.79
2026-08-18 05:10:00,30.063,30.089,30.021,30.07,47218.52
2026-08-18 05:15:00,30.07,30.11,30.006,30.02,26027.42
2026-08-18 05:20:00,30.02,30.055,29.936,29.994,56262.87
2026-08-18 05:25:00,29.994,29.999,29.934,29.975,1780.54
2026-08-18 05:30:00,29.975,30.128,29.943,30.041,21130.57
2026-08-18 05:35:00,30.041,30.141,30.011,30.089,72154.54
2026-08-18 05:40:00,30.089,30.145,30.068,30.073,126181.94
2026-08-18 05:45:00,30.073,30.122,30.042,30.086,69219.8
2026-08-18 05:50:00,30.086,30.092,30.018,30.042,35020.35
2026-08-18 05:55:00,30.042,30.075,29.928,29.978,8229.82
2026-08-18 06:00:00,29.978,30.026,29.973,30.009,14228.29
2026-08-18 06:05:00,30.009,30.053,29.985,30.023,6222.81
2026-08-18 06:10:00,30.023,30.113,30.005,30.059,133433.84
2026-08-18 06:15:00,30.059,30.074,30.051,30.057,48256.76
2026-08-18 06:20:00,30.057,30.081,29.964,30.002,63131.8
2026-08-18 06:25:00,30.002,30.016,29.933,29.984,4615.17
2026-08-18 06:30:00,29.984,29.986,29.956,29.986,116772.72
2026-08-18 06:35:00,29.986,29.999,29.887,29.901,45450.2
2026-08-18 06:40:00,29.901,29.979,29.769,29.964,184007.17
2026-08-18 06:45:00,29.964,30.055,29.88,30.033,58540.77
2026-08-18 06:50:00,30.033,30.106,29.989,30.105,30496.14
2026-08-18 06:55:00,30.105,30.121,29.999,30.036,30793.3
2026-08-18 07:00:00,30.036,30.112,29.977,30.071,7712.64
2026-08-18 07:05:00,30.071,30.181,30.025,30.151,50663.53
2026-08-18 07:10:00,30.151,30.198,30.068,30.09,10605.05
2026-08-18 07:15:00,30.09,30.217,30.062,30.186,32032.87
2026-08-18 07:20:00,30.186,30.28,30.137,30.155,426524.85
2026-08-18 07:25:00,30.155,30.196,30.055,30.076,33157.78
2026-08-18 07:30:00,30.076,30.112,30.043,30.096,9112.39
2026-08-18 07:35:00,30.096,30.129,30.012,30.048,81280.15
2026-08-18 07:40:00,30.048,30.066,29.968,29.985,3550.95
2026-08-18 07:45:00,29.985,30.004,29.945,29.978,3078.81
2026-08-18 07:50:00,29.978,30.021,29.965,29.996,8292.83
2026-08-18 07:55:00,29.996,30.014,29.937,30.004,42840.54
2026-08-18 08:00:00,30.004,30.055,29.984,29.996,8226.21
2026-08-18 08:05:00,29.996,30.017,29.924,29.954,41937.44
2026-08-18 08:10:00,29.954,30.005,29.937,29.994,54821.74
2026-08-18 08:15:00,29.994,29.995,29.952,29.969,4626.35
2026-08-18 08:20:00,29.969,30.045,29.922,30.002,135083.02
2026-08-18 08:25:00,30.002,30.016,29.995,30.004,15471.08
2026-08-18 08:30:00,30.004,30.035,29.906,29.933,17660.08
2026-08-18 08:35:00,29.933,29.995,29.925,29.93,39858.6
2026-08-18 08:40:00,29.93,29.956,29.9,29.935,113327.42
2026-08-18 08:45:00,29.935,29.998,29.926,29.969,12966.06
2026-08-18 08:50:00,29.969,30.001,29.937,29.96,39976.71
2026-08-18 08:55:00,29.96,30.084,29.956,30.002,19361.17
2026-08-18 09:00:00,30.002,30.034,29.907,29.918,54812.93
2026-08-18 09:05:00,29.918,29.936,29.809,29.812,22009.48
2026-08-18 09:10:00,29.812,29.842,29.8,29.804,179544.99
2026-08-18 09:15:00,29.804,29.882,29.767,29.793,205930.0
2026-08-18 09:20:00,29.793,29.862,29.674,29.846,206529.47
2026-08-18 09:25:00,29.846,29.859,29.748,29.808,25515.69
2026-08-18 09:30:00,29.808,29.914,29.702,29.888,149224.1
2026-08-18 09:35:00,29.888,29.919,29.874,29.911,8945.93
2026-08-18 09:40:00,29.911,29.918,29.881,29.912,24367.75
2026-08-18 09:45:00,29.912,29.923,29.838,29.848,41417.89
2026-08-18 09:50:00,29.848,30.008,29.83,29.998,29187.74
2026-08-18 09:55:00,29.998,30.019,29.993,30.013,84038.93
2026-08-18 10:00:00,30.013,30.098,29.959,30.056,11024.77
2026-08-18 10:05:00,30.056,30.103,30.037,30.077,30853.96
2026-08-18 10:10:00,30.077,30.102,29.977,29.989,5789.89
2026-08-18 10:15:00,29.989,30.085,29.885,29.922,21277.7
2026-08-18 10:20:00,29.922,30.04,29.879,29.998,207961.67
2026-08-18 10:25:00,29.998,30.063,29.98,30.033,175224.39
2026-08-18 10:30:00,30.033,30.058,29.979,30.056,13537.17
2026-08-18 10:35:00,30.056,30.154,30.031,30.131,94720.36
2026-08-18 10:40:00,30.131,30.144,30.097,30.118,30316.16
2026-08-18 10:45:00,30.118,30.123,30.004,30.031,84831.11
2026-08-18 10:50:00,30.031,30.2,29.99,30.169,17909.25
2026-08-18 10:55:00,30.169,30.215,30.098,30.118,154616.84
2026-08-18 11:00:00,30.118,30.151,30.112,30.136,32222.23
2026-08-18 11:05:00,30.136,30.15,30.059,30.08,11535.33
2026-08-18 11:10:00,30.08,30.102,30.007,30.051,114128.8
2026-08-18 11:15:00,30.051,30.11,30.027,30.057,8290.54
2026-08-18 11:20:00,30.057,30.134,30.028,30.116,101699.23
2026-08-18 11:25:00,30.116,30.119,29.999,30.0,57683.3
2026-08-18 11:30:00,30.0,30.026,29.869,29.917,91782.8
2026-08-18 11:35:00,29.917,30.004,29.904,29.934,53878.34
2026-08-18 11:40:00,29.934,30.015,29.924,29.97,14626.99
2026-08-18 11:45:00,29.97,30.083,29.955,30.031,9453.8
2026-08-18 11:50:00,30.031,30.045,30.002,30.043,3488.29
2026-08-18 11:55:00,30.043,30.085,29.964,29.991,25926.13
2026-08-18 12:00:00,29.991,30.028,29.948,30.009,5715.55
2026-08-18 12:05:00,30.009,30.058,29.982,30.003,17708.47
2026-08-18 12:10:00,30.003,30.004,29.88,29.949,7316.77
2026-08-18 12:15:00,29.949,29.968,29.878,29.923,26228.11
2026-08-18 12:20:00,29.923,29.96,29.891,29.925,12530.5
2026-08-18 12:25:00,29.925,30.007,29.9,29.947,62931.33
2026-08-18 12:30:00,29.947,29.981,29.845,29.861,89824.46
2026-08-18 12:35:00,29.861,29.888,29.794,29.88,40216.82
2026-08-18 12:40:00,29.88,29.898,29.834,29.884,49976.34
2026-08-18 12:45:00,29.884,29.932,29.86,29.9,24752.55
2026-08-18 12:50:00,29.9,29.907,29.759,29.76,2275.8
2026-08-18 12:55:00,29.76,29.786,29.72,29.776,48448.23
2026-08-18 13:00:00,29.776,29.842,29.667,29.814,301806.35
2026-08-18 13:05:00,29.814,29.872,29.795,29.833,23307.71
2026-08-18 13:10:00,29.833,29.851,29.809,29.84,49887.09
2026-08-18 13:15:00,29.84,29.903,29.763,29.879,305817.57
2026-08-18 13:20:00,29.879,29.893,29.859,29.865,46954.04
2026-08-18 13:25:00,29.865,29.94,29.815,29.93,9182.26
2026-08-18 13:30:00,29.93,29.986,29.919,29.962,36446.74
2026-08-18 13:35:00,29.962,30.013,29.96,29.998,5646.06
2026-08-18 13:40:00,29.998,30.019,29.904,29.955,18562.68
2026-08-18 13:45:00,29.955,30.016,29.875,29.877,40166.96
2026-08-18 13:50:00,29.877,29.904,29.875,29.89,62042.65
2026-08-18 13:55:00,29.89,29.917,29.85,29.894,122863.59
2026-08-18 14:00:00,29.894,29.935,29.884,29.924,4655.54
2026-08-18 14:05:00,29.924,29.958,29.91,29.935,59395.54
2026-08-18 14:10:00,29.935,30.052,29.9,29.976,16364.46
2026-08-18 14:15:00,29.976,29.991,29.935,29.939,42387.02
2026-08-18 14:20:00,29.939,29.988,29.882,29.961,159936.65
2026-08-18 14:25:00,29.961,30.02,29.909,29.934,49596.25
2026-08-18 14:30:00,29.934,29.994,29.916,29.932,63482.15
2026-08-18 14:35:00,29.932,29.952,29.82,29.833,166658.49
2026-08-18 14:40:00,29.833,29.9,29.778,29.886,39900.44
2026-08-18 14:45:00,29.886,29.938,29.844,29.888,97372.81
2026-08-18 14:50:00,29.888,29.89,29.825,29.859,44556.56
2026-08-18 14:55:00,29.859,29.873,29.834,29.856,2287.31
2026-08-18 15:00:00,29.856,29.867,29.803,29.845,50591.17
2026-08-18 15:05:00,29.845,29.891,29.799,29.882,26672.07
2026-08-18 15:10:00,29.882,29.901,29.853,29.856,2266.92
2026-08-18 15:15:00,29.856,29.876,29.821,29.828,48482.1
2026-08-18 15:20:00,29.828,29.829,29.759,29.798,13387.56
2026-08-18 15:25:00,29.798,29.89,29.683,29.872,656010.15
2026-08-18 15:30:00,29.872,29.894,29.871,29.878,96450.46
2026-08-18 15:35:00,29.878,29.933,29.865,29.874,15808.22
2026-08-18 15:40:00,29.874,29.948,29.742,29.793,1902.73
2026-08-18 15:45:00,29.793,29.851,29.755,29.822,6076.36
2026-08-18 15:50:00,29.822,29.87,29.811,29.852,25838.52
2026-08-18 15:55:00,29.852,29.94,29.832,29.933,55317.47
2026-08-18 16:00:00,29.933,29.964,29.859,29.865,76757.74
2026-08-18 16:05:00,29.865,29.877,29.84,29.844,12875.23
2026-08-18 16:10:00,29.844,29.95,29.825,29.833,50274.57
2026-08-18 16:15:00,29.833,29.906,29.802,29.864,3760.17
2026-08-18 16:20:00,29.864,29.943,29.815,29.943,91736.29
2026-08-18 16:25:00,29.943,29.97,29.938,29.951,72556.47
2026-08-18 16:30:00,29.951,30.002,29.892,29.898,30085.72
2026-08-18 16:35:00,29.898,30.083,29.862,30.057,2370.65
2026-08-18 16:40:00,30.057,30.088,30.015,30.067,34194.39
2026-08-18 16:45:00,30.067,30.201,30.01,30.029,99232.1
2026-08-18 16:50:00,30.029,30.08,29.993,30.068,157711.13
2026-08-18 16:55:00,30.068,30.155,30.012,30.08,19486.25
2026-08-18 17:00:00,30.08,30.128,30.022,30.113,27942.45
2026-08-18 17:05:00,30.113,30.172,30.038,30.067,188907.08
2026-08-18 17:10:00,30.067,30.094,29.989,30.0,92655.51
2026-08-18 17:15:00,30.0,30.107,29.935,29.961,339522.49
2026-08-18 17:20:00,29.961,29.999,29.899,29.969,24039.77
2026-08-18 17:25:00,29.969,30.065,29.967,30.036,5171.82
2026-08-18 17:30:00,30.036,30.139,29.97,29.992,38728.75
2026-08-18 17:35:00,29.992,30.043,29.962,30.026,37255.47
2026-08-18 17:40:00,30.026,30.051,29.998,30.006,63670.45
2026-08-18 17:45:00,30.006,30.081,29.923,29.935,38455.39
2026-08-18 17:50:00,29.935,29.97,29.926,29.937,114073.11
2026-08-18 17:55:00,29.937,30.005,29.907,29.995,12988.21
2026-08-18 18:00:00,29.995,30.096,29.882,29.909,228707.08
2026-08-18 18:05:00,29.909,29.931,29.825,29.855,13154.26
2026-08-18 18:10:00,29.855,29.863,29.811,29.84,6254.18
2026-08-18 18:15:00,29.84,29.863,29.831,29.846,17745.45
2026-08-18 18:20:00,29.846,29.914,29.845,29.907,30449.96
2026-08-18 18:25:00,29.907,30.014,29.893,29.987,37196.66
2026-08-18 18:30:00,29.987,30.08,29.891,29.904,133436.9
2026-08-18 18:35:00,29.904,29.98,29.823,29.947,42469.25
2026-08-18 18:40:00,29.947,29.967,29.813,29.833,3418.15
2026-08-18 18:45:00,29.833,30.006,29.823,29.948,114100.53
2026-08-18 18:50:00,29.948,30.035,29.944,30.012,197998.7
2026-08-18 18:55:00,30.012,30.057,29.958,30.005,19238.74
2026-08-18 19:00:00,30.005,30.057,29.989,30.037,8633.73
2026-08-18 19:05:00,30.037,30.048,29.925,29.941,6037.21
2026-08-18 19:10:00,29.941,30.019,29.94,29.981,33226.95
2026-08-18 19:15:00,29.981,30.005,29.958,29.983,58158.69
2026-08-18 19:20:00,29.983,29.998,29.891,29.907,13277.67
2026-08-18 19:25:00,29.907,29.929,29.897,29.916,87165.57
2026-08-18 19:30:00,29.916,29.972,29.895,29.956,58254.54
2026-08-18 19:35:00,29.956,29.99,29.822,29.86,147337.61
2026-08-18 19:40:00,29.86,29.905,29.81,29.894,7269.73
2026-08-18 19:45:00,29.894,29.926,29.837,29.843,65101.05
2026-08-18 19:50:00,29.843,29.863,29.789,29.815,94235.11
2026-08-18 19:55:00,29.815,29.874,29.763,29.849,314959.28
2026-08-18 20:00:00,29.849,29.931,29.789,29.913,20140.88
2026-08-18 20:05:00,29.913,30.056,29.9,30.01,99844.93
2026-08-18 20:10:00,30.01,30.067,29.994,30.026,58330.48
2026-08-18 20:15:00,30.026,30.054,29.964,30.045,23904.45
2026-08-18 20:20:00,30.045,30.12,30.042,30.111,25955.44
2026-08-18 20:25:00,30.111,30.137,30.092,30.112,16861.06
2026-08-18 20:30:00,30.112,30.235,30.085,30.226,49639.01
2026-08-18 20:35:00,30.226,30.23,30.109,30.11,83893.17
2026-08-18 20:40:00,30.11,30.218,30.057,30.149,112790.85
2026-08-18 20:45:00,30.149,30.157,30.103,30.117,219569.38
2026-08-18 20:50:00,30.117,30.191,30.059,30.169,193635.91
2026-08-18 20:55:00,30.169,30.216,30.076,30.094,113226.08
2026-08-18 21:00:00,30.094,30.124,29.918,29.979,176504.16
2026-08-18 21:05:00,29.979,29.981,29.886,29.89,8563.76
2026-08-18 21:10:00,29.89,29.923,29.788,29.796,13946.21
2026-08-18 21:15:00,29.796,29.945,29.779,29.918,1095.37
2026-08-18 21:20:00,29.918,29.935,29.858,29.859,7919.86
2026-08-18 21:25:00,29.859,29.921,29.843,29.849,47053.44
2026-08-18 21:30:00,29.849,29.876,29.789,29.799,56319.19
2026-08-18 21:35:00,29.799,29.834,29.789,29.813,55458.25
2026-08-18 21:40:00,29.813,29.896,29.807,29.881,56353.72
2026-08-18 21:45:00,29.881,29.893,29.842,29.857,25803.43
2026-08-18 21:50:00,29.857,29.885,29.786,29.848,103284.81
2026-08-18 21:55:00,29.848,29.896,29.763,29.879,94597.33
2026-08-18 22:00:00,29.879,29.924,29.877,29.888,12453.86
2026-08-18 22:05:00,29.888,29.944,29.863,29.907,1815.25
2026-08-18 22:10:00,29.907,30.005,29.853,29.949,40691.72
2026-08-18 22:15:00,29.949,29.988,29.937,29.963,6705.2
2026-08-18 22:20:00,29.963,29.983,29.922,29.974,4065.11
2026-08-18 22:25:00,29.974,29.995,29.971,29.98,28410.34
2026-08-18 22:30:00,29.98,30.056,29.948,30.024,116275.25
2026-08-18 22:35:00,30.024,30.027,29.931,29.944,29892.31
2026-08-18 22:40:00,29.944,30.004,29.906,30.003,38565.6
2026-08-18 22:45:00,30.003,30.097,29.962,30.056,16432.55
2026-08-18 22:50:00,30.056,30.169,29.963,29.986,160090.69
2026-08-18 22:55:00,29.986,30.003,29.941,29.964,13320.08
2026-08-18 23:00:00,29.964,30.015,29.949,30.0,5106.48
2026-08-18 23:05:00,30.0,30.041,29.988,30.011,19884.87
2026-08-18 23:10:00,30.011,30.035,29.914,29.978,66224.46
2026-08-18 23:15:00,29.978,30.002,29.936,29.965,61930.49
2026-08-18 23:20:00,29.965,30.002,29.934,29.969,13441.53
2026-08-18 23:25:00,29.969,30.079,29.945,30.014,14784.76
2026-08-18 23:30:00,30.014,30.048,30.003,30.005,1885.04
2026-08-18 23:35:00,30.005,30.018,29.978,29.986,117068.53
2026-08-18 23:40:00,29.986,30.01,29.986,29.987,74445.55
2026-08-18 23:45:00,29.987,30.039,29.977,30.001,139354.86
2026-08-18 23:50:00,30.001,30.01,29.905,29.911,21985.41
2026-08-18 23:55:00,29.911,29.945,29.762,29.809,81999.27
2026-08-19 00:00:00,29.809,29.898,29.676,29.869,333222.65
2026-08-19 00:05:00,29.869,29.931,29.767,29.768,21807.55
2026-08-19 00:10:00,29.768,29.779,29.671,29.717,62891.23
2026-08-19 00:15:00,29.717,29.807,29.649,29.662,48132.26
2026-08-19 00:20:00,29.662,29.698,29.595,29.617,35082.94
2026-08-19 00:25:00,29.617,29.622,29.471,29.498,126897.02
2026-08-19 00:30:00,29.498,29.553,29.488,29.522,39892.57
2026-08-19 00:35:00,29.522,29.535,29.499,29.508,83350.85
2026-08-19 00:40:00,29.508,29.61,29.392,29.593,2639.95
2026-08-19 00:45:00,29.593,29.597,29.556,29.592,2999.25
2026-08-19 00:50:00,29.592,29.617,29.582,29.586,63125.48
2026-08-19 00:55:00,29.586,29.598,29.486,29.509,78624.7
2026-08-19 01:00:00,29.509,29.535,29.399,29.417,49689.57
2026-08-19 01:05:00,29.417,29.457,29.297,29.443,220854.49
2026-08-19 01:10:00,29.443,29.54,29.323,29.516,590737.42
2026-08-19 01:15:00,29.516,29.573,29.514,29.556,133400.5
2026-08-19 01:20:00,29.556,29.616,29.49,29.497,28958.46
2026-08-19 01:25:00,29.497,29.55,29.448,29.537,257103.28
2026-08-19 01:30:00,29.537,29.602,29.442,29.576,30999.49
2026-08-19 01:35:00,29.576,29.598,29.499,29.513,27753.7
2026-08-19 01:40:00,29.513,29.588,29.388,29.56,77997.1
2026-08-19 01:45:00,29.56,29.64,29.521,29.614,44178.46
2026-08-19 01:50:00,29.614,29.724,29.593,29.676,11239.97
2026-08-19 01:55:00,29.676,29.762,29.597,29.739,21533.47
2026-08-19 02:00:00,29.739,29.763,29.69,29.706,26181.49
2026-08-19 02:05:00,29.706,29.79,29.578,29.763,214751.44
2026-08-19 02:10:00,29.763,29.838,29.75,29.783,20288.77
2026-08-19 02:15:00,29.783,29.864,29.765,29.797,46330.95
2026-08-19 02:20:00,29.797,29.835,29.788,29.82,18113.52
2026-08-19 02:25:00,29.82,29.857,29.807,29.851,25883.59
2026-08-19 02:30:00,29.851,29.932,29.799,29.807,25334.37
2026-08-19 02:35:00,29.807,29.847,29.772,29.774,36207.72
2026-08-19 02:40:00,29.774,29.83,29.728,29.782,11432.24
2026-08-19 02:45:00,29.782,29.868,29.773,29.867,59348.48
2026-08-19 02:50:00,29.867,29.871,29.806,29.808,12975.71
2026-08-19 02:55:00,29.808,29.912,29.726,29.888,190876.25
2026-08-19 03:00:00,29.888,29.935,29.84,29.894,17254.36
2026-08-19 03:05:00,29.894,29.926,29.858,29.867,32767.89
2026-08-19 03:10:00,29.867,29.906,29.857,29.878,86046.14
2026-08-19 03:15:00,29.878,29.992,29.865,29.939,183494.79
2026-08-19 03:20:00,29.939,29.968,29.893,29.953,127262.93
2026-08-19 03:25:00,29.953,29.989,29.819,29.891,42265.54
2026-08-19 03:30:00,29.891,29.907,29.878,29.903,28783.78
2026-08-19 03:35:00,29.903,29.962,29.867,29.956,2674.35
2026-08-19 03:40:00,29.956,29.984,29.932,29.97,34324.68
2026-08-19 03:45:00,29.97,29.997,29.941,29.959,11593.88
2026-08-19 03:50:00,29.959,29.971,29.948,29.957,17742.34
2026-08-19 03:55:00,29.957,29.973,29.92,29.942,1358.43
2026-08-19 04:00:00,29.942,29.966,29.932,29.94,20250.17
2026-08-19 04:05:00,29.94,29.953,29.846,29.895,55587.01
2026-08-19 04:10:00,29.895,29.942,29.848,29.889,93226.52
2026-08-19 04:15:00,29.889,29.965,29.873,29.921,35966.43
2026-08-19 04:20:00,29.921,29.939,29.828,29.844,47126.67
2026-08-19 04:25:00,29.844,29.847,29.765,29.806,8145.22
2026-08-19 04:30:00,29.806,29.835,29.735,29.793,99040.86
2026-08-19 04:35:00,29.793,29.833,29.778,29.832,19598.81
2026-08-19 04:40:00,29.832,29.848,29.699,29.778,888.55
2026-08-19 04:45:00,29.778,29.798,29.714,29.73,4821.85
2026-08-19 04:50:00,29.73,29.791,29.679,29.755,1142.93
2026-08-19 04:55:00,29.755,29.789,29.715,29.786,12825.06
2026-08-19 05:00:00,29.786,29.797,29.67,29.701,157010.79
2026-08-19 05:05:00,29.701,29.722,29.622,29.633,137927.91
2026-08-19 05:10:00,29.633,29.661,29.585,29.638,75942.92
2026-08-19 05:15:00,29.638,29.686,29.596,29.66,63882.17
2026-08-19 05:20:00,29.66,29.72,29.635,29.711,30963.32
2026-08-19 05:25:00,29.711,29.729,29.675,29.718,8803.73
2026-08-19 05:30:00,29.718,29.8,29.616,29.662,5540.7
2026-08-19 05:35:00,29.662,29.693,29.562,29.613,75056.44
2026-08-19 05:40:00,29.613,29.627,29.543,29.563,80319.23
2026-08-19 05:45:00,29.563,29.588,29.514,29.549,66991.56
2026-08-19 05:50:00,29.549,29.554,29.457,29.486,4047.33
2026-08-19 05:55:00,29.486,29.53,29.455,29.511,158612.63
2026-08-19 06:00:00,29.511,29.568,29.404,29.439,50704.02
2026-08-19 06:05:00,29.439,29.494,29.341,29.466,1274365.74
2026-08-19 06:10:00,29.466,29.559,29.453,29.558,788.73
2026-08-19 06:15:00,29.558,29.601,29.514,29.541,4813.42
2026-08-19 06:20:00,29.541,29.598,29.418,29.476,91099.06
2026-08-19 06:25:00,29.476,29.524,29.403,29.484,66845.53
2026-08-19 06:30:00,29.484,29.531,29.432,29.445,43130.24
2026-08-19 06:35:00,29.445,29.517,29.425,29.461,60462.7
2026-08-19 06:40:00,29.461,29.504,29.438,29.454,18969.47
2026-08-19 06:45:00,29.454,29.49,29.395,29.468,38439.0
2026-08-19 06:50:00,29.468,29.531,29.416,29.505,27884.64
2026-08-19 06:55:00,29.505,29.528,29.417,29.449,166347.25
2026-08-19 07:00:00,29.449,29.563,29.432,29.542,35056.16
2026-08-19 07:05:00,29.542,29.595,29.499,29.562,3831.73
2026-08-19 07:10:00,29.562,29.577,29.521,29.522,11266.67
2026-08-19 07:15:00,29.522,29.535,29.477,29.497,80336.95
2026-08-19 07:20:00,29.497,29.513,29.482,29.512,36424.61
2026-08-19 07:25:00,29.512,29.549,29.42,29.429,80287.09
2026-08-19 07:30:00,29.429,29.477,29.398,29.417,72511.54
2026-08-19 07:35:00,29.417,29.417,29.328,29.362,43234.61
2026-08-19 07:40:00,29.362,29.383,29.243,29.28,155828.93
2026-08-19 07:45:00,29.28,29.345,29.224,29.334,28364.27
2026-08-19 07:50:00,29.334,29.44,29.222,29.416,484.0
2026-08-19 07:55:00,29.416,29.423,29.326,29.36,22194.53
2026-08-19 08:00:00,29.36,29.371,29.295,29.346,10104.74
2026-08-19 08:05:00,29.346,29.457,29.332,29.447,112836.88
2026-08-19 08:10:00,29.447,29.56,29.354,29.532,58486.33
2026-08-19 08:15:00,29.532,29.557,29.521,29.552,64694.23
2026-08-19 08:20:00,29.552,29.578,29.505,29.575,22251.91
2026-08-19 08:25:00,29.575,29.716,29.534,29.656,104456.35
2026-08-19 08:30:00,29.656,29.73,29.611,29.693,98214.25
2026-08-19 08:35:00,29.693,29.734,29.655,29.696,157942.75
2026-08-19 08:40:00,29.696,29.754,29.65,29.716,83784.5
2026-08-19 08:45:00,29.716,29.776,29.683,29.77,25153.79
2026-08-19 08:50:00,29.77,29.799,29.745,29.797,3215.57
2026-08-19 08:55:00,29.797,29.853,29.702,29.733,57749.22
2026-08-19 09:00:00,29.733,29.812,29.644,29.674,7432.0
2026-08-19 09:05:00,29.674,29.742,29.62,29.63,58383.75
2026-08-19 09:10:00,29.63,29.655,29.581,29.617,7123.2
2026-08-19 09:15:00,29.617,29.683,29.55,29.563,9401.44
2026-08-19 09:20:00,29.563,29.697,29.532,29.684,30443.02
2026-08-19 09:25:00,29.684,29.692,29.644,29.692,137182.96
2026-08-19 09:30:00,29.692,29.699,29.632,29.639,73563.71
2026-08-19 09:35:00,29.639,29.697,29.573,29.597,86036.38
2026-08-19 09:40:00,29.597,29.607,29.569,29.574,32614.85
2026-08-19 09:45:00,29.574,29.625,29.523,29.53,25006.04
2026-08-19 09:50:00,29.53,29.537,29.442,29.506,73301.79
2026-08-19 09:55:00,29.506,29.551,29.464,29.501,19753.48
2026-08-19 10:00:00,29.501,29.547,29.387,29.412,4359.29
2026-08-19 10:05:00,29.412,29.53,29.389,29.501,59676.4
2026-08-19 10:10:00,29.501,29.516,29.39,29.44,66430.33
2026-08-19 10:15:00,29.44,29.463,29.439,29.456,12136.65
2026-08-19 10:20:00,29.456,29.484,29.433,29.468,163659.87
2026-08-19 10:25:00,29.468,29.553,29.379,29.544,52548.84
2026-08-19 10:30:00,29.544,29.567,29.512,29.549,30300.55
2026-08-19 10:35:00,29.549,29.565,29.45,29.464,127263.18
2026-08-19 10:40:00,29.464,29.564,29.401,29.541,167651.8
2026-08-19 10:45:00,29.541,29.642,29.505,29.616,67985.51
2026-08-19 10:50:00,29.616,29.654,29.563,29.65,38791.85
2026-08-19 10:55:00,29.65,29.671,29.628,29.66,25130.1
2026-08-19 11:00:00,29.66,29.68,29.643,29.672,31767.14
2026-08-19 11:05:00,29.672,29.707,29.651,29.693,20560.33
2026-08-19 11:10:00,29.693,29.712,29.614,29.631,8124.93
2026-08-19 11:15:00,29.631,29.697,29.579,29.587,24358.49
2026-08-19 11:20:00,29.587,29.6,29.564,29.575,1008.45
2026-08-19 11:25:00,29.575,29.617,29.556,29.607,5060.54
2026-08-19 11:30:00,29.607,29.626,29.498,29.538,18673.5
2026-08-19 11:35:00,29.538,29.573,29.501,29.573,117667.25
2026-08-19 11:40:00,29.573,29.605,29.538,29.551,57355.46
2026-08-19 11:45:00,29.551,29.592,29.537,29.548,96848.09
2026-08-19 11:50:00,29.548,29.583,29.464,29.49,11039.92
2026-08-19 11:55:00,29.49,29.495,29.434,29.467,21116.42
2026-08-19 12:00:00,29.467,29.485,29.419,29.448,4444.69
2026-08-19 12:05:00,29.448,29.458,29.412,29.424,14706.75
2026-08-19 12:10:00,29.424,29.433,29.302,29.37,41918.55
2026-08-19 12:15:00,29.37,29.382,29.298,29.347,13544.82
2026-08-19 12:20:00,29.347,29.439,29.338,29.371,47674.9
2026-08-19 12:25:00,29.371,29.384,29.271,29.281,7891.73
2026-08-19 12:30:00,29.281,29.407,29.243,29.403,49969.38
2026-08-19 12:35:00,29.403,29.453,29.339,29.415,107199.92
2026-08-19 12:40:00,29.415,29.534,29.381,29.506,77235.92
2026-08-19 12:45:00,29.506,29.55,29.475,29.509,3198.89
2026-08-19 12:50:00,29.509,29.575,29.481,29.525,1945.92
2026-08-19 12:55:00,29.525,29.526,29.486,29.505,15739.32
2026-08-19 13:00:00,29.505,29.535,29.428,29.511,9559.91
2026-08-19 13:05:00,29.511,29.554,29.485,29.514,34622.5
2026-08-19 13:10:00,29.514,29.546,29.469,29.529,19448.22
2026-08-19 13:15:00,29.529,29.631,29.482,29.613,16491.09
2026-08-19 13:20:00,29.613,29.627,29.611,29.627,45831.18
2026-08-19 13:25:00,29.627,29.668,29.582,29.615,3400.73
2026-08-19 13:30:00,29.615,29.674,29.594,29.667,51482.49
2026-08-19 13:35:00,29.667,29.674,29.632,29.646,72653.34
2026-08-19 13:40:00,29.646,29.763,29.638,29.733,49996.59
2026-08-19 13:45:00,29.733,29.754,29.565,29.593,16388.6
2026-08-19 13:50:00,29.593,29.626,29.535,29.567,54047.0
2026-08-19 13:55:00,29.567,29.598,29.492,29.528,103715.96
2026-08-19 14:00:00,29.528,29.636,29.51,29.623,113216.12
2026-08-19 14:05:00,29.623,29.698,29.577,29.683,19100.84
2026-08-19 14:10:00,29.683,29.72,29.656,29.716,46321.22
2026-08-19 14:15:00,29.716,29.844,29.712,29.755,98284.57
2026-08-19 14:20:00,29.755,29.781,29.686,29.728,46996.94
2026-08-19 14:25:00,29.728,29.805,29.707,29.756,26261.77
2026-08-19 14:30:00,29.756,29.757,29.696,29.743,13864.33
2026-08-19 14:35:00,29.743,29.794,29.718,29.785,7674.5
2026-08-19 14:40:00,29.785,29.909,29.744,29.758,304908.62
2026-08-19 14:45:00,29.758,29.777,29.598,29.678,110509.62
2026-08-19 14:50:00,29.678,29.694,29.563,29.604,141896.29
2026-08-19 14:55:00,29.604,29.644,29.536,29.632,101677.32
2026-08-19 15:00:00,29.632,29.66,29.575,29.595,30943.0
2026-08-19 15:05:00,29.595,29.615,29.508,29.569,131641.3
2026-08-19 15:10:00,29.569,29.58,29.553,29.576,35744.72
2026-08-19 15:15:00,29.576,29.642,29.528,29.598,49604.45
2026-08-19 15:20:00,29.598,29.606,29.5,29.564,19911.98
2026-08-19 15:25:00,29.564,29.607,29.55,29.604,98983.81
2026-08-19 15:30:00,29.604,29.61,29.549,29.566,56084.22
2026-08-19 15:35:00,29.566,29.603,29.452,29.461,33040.11
2026-08-19 15:40:00,29.461,29.476,29.361,29.427,46738.43
2026-08-19 15:45:00,29.427,29.451,29.393,29.447,178726.68
2026-08-19 15:50:00,29.447,29.449,29.387,29.403,10420.81
2026-08-19 15:55:00,29.403,29.406,29.383,29.403,20522.19
2026-08-19 16:00:00,29.403,29.442,29.398,29.426,41767.14
2026-08-19 16:05:00,29.426,29.444,29.344,29.404,19997.21
2026-08-19 16:10:00,29.404,29.481,29.317,29.373,8995.23
2026-08-19 16:15:00,29.373,29.391,29.317,29.388,22543.03
2026-08-19 16:20:00,29.388,29.403,29.376,29.376,27946.83
2026-08-19 16:25:00,29.376,29.397,29.355,29.388,32408.1
2026-08-19 16:30:00,29.388,29.501,29.373,29.48,6400.68
2026-08-19 16:35:00,29.48,29.514,29.479,29.503,59374.88
2026-08-19 16:40:00,29.503,29.503,29.471,29.485,24811.4
2026-08-19 16:45:00,29.485,29.516,29.367,29.391,74855.61
2026-08-19 16:50:00,29.391,29.439,29.391,29.406,104659.48
2026-08-19 16:55:00,29.406,29.51,29.345,29.495,51172.76
2026-08-19 17:00:00,29.495,29.542,29.452,29.469,27627.64
2026-08-19 17:05:00,29.469,29.558,29.445,29.524,46144.58
2026-08-19 17:10:00,29.524,29.583,29.448,29.452,11776.75
2026-08-19 17:15:00,29.452,29.534,29.414,29.48,106739.91
2026-08-19 17:20:00,29.48,29.532,29.46,29.502,31157.8
2026-08-19 17:25:00,29.502,29.527,29.466,29.487,25608.53
2026-08-19 17:30:00,29.487,29.51,29.408,29.423,19381.96
2026-08-19 17:35:00,29.423,29.432,29.366,29.403,45411.69
2026-08-19 17:40:00,29.403,29.421,29.334,29.37,61273.27
2026-08-19 17:45:00,29.37,29.433,29.287,29.326,9862.51
2026-08-19 17:50:00,29.326,29.374,29.289,29.357,2339.11
2026-08-19 17:55:00,29.357,29.433,29.331,29.402,121231.49
2026-08-19 18:00:00,29.402,29.428,29.339,29.355,21978.99
2026-08-19 18:05:00,29.355,29.422,29.324,29.414,37747.07
2026-08-19 18:10:00,29.414,29.47,29.383,29.464,29411.87
2026-08-19 18:15:00,29.464,29.47,29.413,29.437,99618.33
2026-08-19 18:20:00,29.437,29.473,29.399,29.455,23862.13
2026-08-19 18:25:00,29.455,29.531,29.438,29.519,23330.45
2026-08-19 18:30:00,29.519,29.628,29.485,29.613,15862.86
2026-08-19 18:35:00,29.613,29.631,29.601,29.618,28530.54
2026-08-19 18:40:00,29.618,29.662,29.618,29.656,59669.59
2026-08-19 18:45:00,29.656,29.732,29.625,29.729,18746.42
2026-08-19 18:50:00,29.729,29.799,29.707,29.774,188896.3
2026-08-19 18:55:00,29.774,29.839,29.718,29.746,79321.03
2026-08-19 19:00:00,29.746,29.769,29.674,29.7,121175.3
2026-08-19 19:05:00,29.7,29.74,29.682,29.719,11422.1
2026-08-19 19:10:00,29.719,29.738,29.677,29.681,71095.54
2026-08-19 19:15:00,29.681,29.783,29.648,29.757,2208.86
2026-08-19 19:20:00,29.757,29.853,29.696,29.724,205979.22
2026-08-19 19:25:00,29.724,29.764,29.679,29.683,17163.07
2026-08-19 19:30:00,29.683,29.707,29.663,29.7,3742.88
2026-08-19 19:35:00,29.7,29.713,29.6,29.602,26107.7
2026-08-19 19:40:00,29.602,29.651,29.565,29.606,38718.54
2026-08-19 19:45:00,29.606,29.657,29.576,29.632,32473.79
2026-08-19 19:50:00,29.632,29.68,29.631,29.649,215417.95
2026-08-19 19:55:00,29.649,29.672,29.561,29.637,95188.27
2026-08-19 20:00:00,29.637,29.672,29.631,29.662,37548.15
2026-08-19 20:05:00,29.662,29.734,29.635,29.669,147242.57
2026-08-19 20:10:00,29.669,29.704,29.636,29.644,134979.36
2026-08-19 20:15:00,29.644,29.657,29.612,29.639,44781.03
2026-08-19 20:20:00,29.639,29.832,29.632,29.771,281257.6
2026-08-19 20:25:00,29.771,29.817,29.696,29.705,284823.6
2026-08-19 20:30:00,29.705,29.742,29.66,29.71,26969.27
2026-08-19 20:35:00,29.71,29.736,29.674,29.711,15341.41
2026-08-19 20:40:00,29.711,29.74,29.66,29.664,227872.94
2026-08-19 20:45:00,29.664,29.69,29.644,29.68,7424.12
2026-08-19 20:50:00,29.68,29.692,29.548,29.596,53565.16
2026-08-19 20:55:00,29.596,29.69,29.581,29.655,4964.83
2026-08-19 21:00:00,29.655,29.658,29.619,29.637,161341.49
2026-08-19 21:05:00,29.637,29.696,29.636,29.694,107316.11
2026-08-19 21:10:00,29.694,29.819,29.691,29.788,331.51
2026-08-19 21:15:00,29.788,29.803,29.734,29.772,100218.84
2026-08-19 21:20:00,29.772,29.846,29.701,29.72,3071.85
2026-08-19 21:25:00,29.72,29.8,29.703,29.776,951.41
2026-08-19 21:30:00,29.776,29.86,29.727,29.838,38556.17
2026-08-19 21:35:00,29.838,29.956,29.751,29.761,126516.82
2026-08-19 21:40:00,29.761,29.895,29.685,29.704,369309.55
2026-08-19 21:45:00,29.704,29.797,29.686,29.765,237534.64
2026-08-19 21:50:00,29.765,29.808,29.74,29.768,87677.47
2026-08-19 21:55:00,29.768,29.784,29.658,29.705,110534.83
2026-08-19 22:00:00,29.705,29.765,29.661,29.744,25927.41
2026-08-19 22:05:00,29.744,29.788,29.712,29.74,30907.41
2026-08-19 22:10:00,29.74,29.75,29.682,29.725,40672.13
2026-08-19 22:15:00,29.725,29.744,29.644,29.682,7147.29
2026-08-19 22:20:00,29.682,29.755,29.654,29.721,29231.12
2026-08-19 22:25:00,29.721,29.85,29.643,29.673,120196.76
2026-08-19 22:30:00,29.673,29.688,29.547,29.608,34867.88
2026-08-19 22:35:00,29.608,29.641,29.585,29.629,1392.62
2026-08-19 22:40:00,29.629,29.692,29.584,29.665,16578.61
2026-08-19 22:45:00,29.665,29.689,29.549,29.584,262253.03
2026-08-19 22:50:00,29.584,29.612,29.49,29.513,166424.31
2026-08-19 22:55:00,29.513,29.537,29.498,29.53,89346.41
2026-08-19 23:00:00,29.53,29.537,29.498,29.502,186497.09
2026-08-19 23:05:00,29.502,29.526,29.401,29.412,47708.2
2026-08-19 23:10:00,29.412,29.419,29.405,29.413,7304.59
2026-08-19 23:15:00,29.413,29.445,29.35,29.356,15113.74
2026-08-19 23:20:00,29.356,29.412,29.331,29.348,119205.45
2026-08-19 23:25:00,29.348,29.449,29.324,29.414,67795.74
2026-08-19 23:30:00,29.414,29.446,29.351,29.362,219482.99
2026-08-19 23:35:00,29.362,29.403,29.274,29.299,6560.76
2026-08-19 23:40:00,29.299,29.372,29.295,29.318,27706.56
2026-08-19 23:45:00,29.318,29.384,29.211,29.373,189698.87
2026-08-19 23:50:00,29.373,29.393,29.216,29.244,20417.6
2026-08-19 23:55:00,29.244,29.252,29.185,29.201,4500.36
2026-08-20 00:00:00,29.201,29.293,29.128,29.27,96580.16
2026-08-20 00:05:00,29.27,29.328,29.247,29.261,39172.44
2026-08-20 00:10:00,29.261,29.354,29.173,29.33,214957.99
2026-08-20 00:15:00,29.33,29.399,29.28,29.375,22181.36
2026-08-20 00:20:00,29.375,29.395,29.347,29.376,11025.37
2026-08-20 00:25:00,29.376,29.45,29.282,29.429,317527.47
2026-08-20 00:30:00,29.429,29.473,29.278,29.301,106225.19
2026-08-20 00:35:00,29.301,29.343,29.252,29.333,40928.33
2026-08-20 00:40:00,29.333,29.394,29.245,29.366,11133.61
2026-08-20 00:45:00,29.366,29.372,29.269,29.319,88663.21
2026-08-20 00:50:00,29.319,29.321,29.302,29.32,2540.54
2026-08-20 00:55:00,29.32,29.39,29.273,29.373,116419.5
2026-08-20 01:00:00,29.373,29.427,29.254,29.416,511522.05
2026-08-20 01:05:00,29.416,29.448,29.311,29.34,21706.22
2026-08-20 01:10:00,29.34,29.514,29.287,29.47,29142.04
2026-08-20 01:15:00,29.47,29.473,29.382,29.386,61011.93
2026-08-20 01:20:00,29.386,29.451,29.322,29.436,729104.48
2026-08-20 01:25:00,29.436,29.447,29.302,29.379,78420.15
2026-08-20 01:30:00,29.379,29.435,29.308,29.347,31835.64
2026-08-20 01:35:00,29.347,29.408,29.317,29.327,106161.81
2026-08-20 01:40:00,29.327,29.4,29.264,29.377,145028.2
2026-08-20 01:45:00,29.377,29.491,29.361,29.425,138111.29
2026-08-20 01:50:00,29.425,29.426,29.37,29.387,63213.98
2026-08-20 01:55:00,29.387,29.424,29.307,29.41,51969.3
2026-08-20 02:00:00,29.41,29.474,29.331,29.433,75715.06
2026-08-20 02:05:00,29.433,29.492,29.426,29.476,112528.45
2026-08-20 02:10:00,29.476,29.527,29.448,29.482,17118.0
2026-08-20 02:15:00,29.482,29.486,29.424,29.438,20217.54
2026-08-20 02:20:00,29.438,29.542,29.429,29.514,75780.74
2026-08-20 02:25:00,29.514,29.566,29.506,29.548,59685.03
2026-08-20 02:30:00,29.548,29.62,29.501,29.58,15.47
2026-08-20 02:35:00,29.58,29.668,29.564,29.633,3401.27
2026-08-20 02:40:00,29.633,29.662,29.569,29.615,1994.38
2026-08-20 02:45:00,29.615,29.685,29.585,29.678,60763.38
2026-08-20 02:50:00,29.678,29.722,29.631,29.643,40894.17
2026-08-20 02:55:00,29.643,29.707,29.615,29.681,40710.71
2026-08-20 03:00:00,29.681,29.702,29.658,29.672,55392.0
2026-08-20 03:05:00,29.672,29.737,29.616,29.722,7763.69
2026-08-20 03:10:00,29.722,29.824,29.72,29.785,57128.81
2026-08-20 03:15:00,29.785,29.851,29.738,29.83,70506.75
2026-08-20 03:20:00,29.83,29.901,29.824,29.853,2416.48
2026-08-20 03:25:00,29.853,29.92,29.815,29.878,7664.41
2026-08-20 03:30:00,29.878,29.994,29.793,29.821,425869.55
2026-08-20 03:35:00,29.821,29.944,29.733,29.743,8941.67
2026-08-20 03:40:00,29.743,29.76,29.732,29.734,73891.18
2026-08-20 03:45:00,29.734,29.787,29.684,29.714,72051.52
2026-08-20 03:50:00,29.714,29.741,29.647,29.656,25865.64
2026-08-20 03:55:00,29.656,29.673,29.474,29.528,91203.74
2026-08-20 04:00:00,29.528,29.574,29.413,29.44,10919.11
2026-08-20 04:05:00,29.44,29.475,29.355,29.384,93613.0
2026-08-20 04:10:00,29.384,29.457,29.368,29.416,49060.15
2026-08-20 04:15:00,29.416,29.438,29.394,29.422,9350.96
2026-08-20 04:20:00,29.422,29.431,29.354,29.4,34367.45
2026-08-20 04:25:00,29.4,29.407,29.348,29.374,128395.99
2026-08-20 04:30:00,29.374,29.454,29.286,29.288,80594.92
2026-08-20 04:35:00,29.288,29.294,29.268,29.276,6752.95
2026-08-20 04:40:00,29.276,29.306,29.139,29.172,26813.36
2026-08-20 04:45:00,29.172,29.375,29.155,29.308,36767.96
2026-08-20 04:50:00,29.308,29.35,29.248,29.26,47909.94
2026-08-20 04:55:00,29.26,29.328,29.242,29.3,2297.7
2026-08-20 05:00:00,29.3,29.333,29.214,29.32,15103.32
2026-08-20 05:05:00,29.32,29.323,29.254,29.276,83547.17
2026-08-20 05:10:00,29.276,29.328,29.166,29.203,19981.69
2026-08-20 05:15:00,29.203,29.259,29.106,29.118,14353.26
2026-08-20 05:20:00,29.118,29.192,29.074,29.167,31846.13
2026-08-20 05:25:00,29.167,29.267,29.122,29.254,215206.58
2026-08-20 05:30:00,29.254,29.284,29.178,29.203,55880.15
2026-08-20 05:35:00,29.203,29.26,29.124,29.233,187307.96
2026-08-20 05:40:00,29.233,29.294,29.204,29.217,53304.3
2026-08-20 05:45:00,29.217,29.229,29.111,29.143,25163.72
2026-08-20 05:50:00,29.143,29.258,29.129,29.236,3405.41
2026-08-20 05:55:00,29.236,29.299,29.203,29.287,24064.06
2026-08-20 06:00:00,29.287,29.313,29.243,29.258,8080.16
2026-08-20 06:05:00,29.258,29.313,29.154,29.298,251110.06
2026-08-20 06:10:00,29.298,29.346,29.295,29.319,127089.94
2026-08-20 06:15:00,29.319,29.327,29.234,29.271,23841.71
2026-08-20 06:20:00,29.271,29.288,29.257,29.257,18326.47
2026-08-20 06:25:00,29.257,29.283,29.209,29.279,20693.55
2026-08-20 06:30:00,29.279,29.333,29.233,29.248,11941.96
2026-08-20 06:35:00,29.248,29.28,29.203,29.215,42701.64
2026-08-20 06:40:00,29.215,29.24,29.149,29.186,6031.18
2026-08-20 06:45:00,29.186,29.238,29.066,29.218,551938.36
2026-08-20 06:50:00,29.218,29.268,29.196,29.252,541.59
2026-08-20 06:55:00,29.252,29.277,29.166,29.251,24462.55
2026-08-20 07:00:00,29.251,29.262,29.099,29.14,77857.12
2026-08-20 07:05:00,29.14,29.23,29.121,29.218,120372.07
2026-08-20 07:10:00,29.218,29.263,29.17,29.205,12640.62
2026-08-20 07:15:00,29.205,29.425,29.179,29.358,51413.44
2026-08-20 07:20:00,29.358,29.456,29.291,29.395,75443.47
2026-08-20 07:25:00,29.395,29.443,29.354,29.439,104115.72
2026-08-20 07:30:00,29.439,29.461,29.391,29.406,3445.3
2026-08-20 07:35:00,29.406,29.509,29.399,29.472,75901.18
2026-08-20 07:40:00,29.472,29.5,29.349,29.411,27061.67
2026-08-20 07:45:00,29.411,29.475,29.375,29.392,103999.39
2026-08-20 07:50:00,29.392,29.396,29.285,29.318,46607.63
2026-08-20 07:55:00,29.318,29.375,29.274,29.366,62165.68
2026-08-20 08:00:00,29.366,29.414,29.256,29.287,31274.42
2026-08-20 08:05:00,29.287,29.3,29.234,29.284,115533.67
2026-08-20 08:10:00,29.284,29.289,29.233,29.261,27391.0
2026-08-20 08:15:00,29.261,29.325,29.147,29.168,83273.78
2026-08-20 08:20:00,29.168,29.244,29.078,29.232,201440.89
2026-08-20 08:25:00,29.232,29.242,29.168,29.189,3027.51
2026-08-20 08:30:00,29.189,29.196,29.159,29.17,236369.42
2026-08-20 08:35:00,29.17,29.206,29.156,29.194,5119.03
2026-08-20 08:40:00,29.194,29.228,29.146,29.183,3576.76
2026-08-20 08:45:00,29.183,29.249,29.095,29.124,47584.87
2026-08-20 08:50:00,29.124,29.128,29.057,29.063,161673.43
2026-08-20 08:55:00,29.063,29.132,28.987,29.115,10952.71
2026-08-20 09:00:00,29.115,29.208,29.03,29.181,376823.29
2026-08-20 09:05:00,29.181,29.223,29.101,29.115,47878.03
2026-08-20 09:10:00,29.115,29.164,29.028,29.148,489140.35
2026-08-20 09:15:00,29.148,29.162,29.098,29.121,113041.62
2026-08-20 09:20:00,29.121,29.167,29.024,29.037,52589.16
2026-08-20 09:25:00,29.037,29.043,29.013,29.028,36978.73
2026-08-20 09:30:00,29.028,29.063,28.966,28.971,78872.03
2026-08-20 09:35:00,28.971,28.994,28.924,28.987,103222.22
2026-08-20 09:40:00,28.987,29.011,28.974,29.008,111391.29
2026-08-20 09:45:00,29.008,29.114,28.919,29.088,59754.65
2026-08-20 09:50:00,29.088,29.173,29.016,29.16,141763.09
2026-08-20 09:55:00,29.16,29.168,29.11,29.118,15892.03
2026-08-20 10:00:00,29.118,29.141,29.065,29.107,69755.57
2026-08-20 10:05:00,29.107,29.131,28.98,28.987,8210.79
2026-08-20 10:10:00,28.987,29.04,28.934,29.015,189661.37
2026-08-20 10:15:00,29.015,29.04,28.981,28.991,18434.36
2026-08-20 10:20:00,28.991,29.032,28.893,28.923,3594.67
2026-08-20 10:25:00,28.923,28.986,28.891,28.94,54641.73
2026-08-20 10:30:00,28.94,28.971,28.773,28.829,1055.39
2026-08-20 10:35:00,28.829,28.866,28.823,28.834,33252.23
2026-08-20 10:40:00,28.834,28.906,28.757,28.885,163653.56
2026-08-20 10:45:00,28.885,28.986,28.777,28.965,313065.41
2026-08-20 10:50:00,28.965,29.055,28.917,29.041,226985.97
2026-08-20 10:55:00,29.041,29.084,28.942,29.075,545386.96
2026-08-20 11:00:00,29.075,29.153,29.021,29.133,26190.81
2026-08-20 11:05:00,29.133,29.245,29.067,29.216,26282.27
2026-08-20 11:10:00,29.216,29.22,29.181,29.213,45134.34
2026-08-20 11:15:00,29.213,29.238,29.144,29.154,29053.48
2026-08-20 11:20:00,29.154,29.17,29.149,29.155,175608.51
2026-08-20 11:25:00,29.155,29.244,29.121,29.233,9258.7
2026-08-20 11:30:00,29.233,29.269,29.093,29.187,18385.98
2026-08-20 11:35:00,29.187,29.258,29.176,29.228,179446.98
2026-08-20 11:40:00,29.228,29.246,29.217,29.231,91877.36
2026-08-20 11:45:00,29.231,29.333,29.215,29.275,45632.04
2026-08-20 11:50:00,29.275,29.299,29.191,29.203,16547.32
2026-08-20 11:55:00,29.203,29.234,29.087,29.119,3222.74
2026-08-20 12:00:00,29.119,29.174,29.118,29.136,17383.62
2026-08-20 12:05:00,29.136,29.168,29.108,29.118,91421.67
2026-08-20 12:10:00,29.118,29.194,29.063,29.174,82091.8
2026-08-20 12:15:00,29.174,29.176,29.154,29.156,65049.51
2026-08-20 12:20:00,29.156,29.266,29.139,29.243,5819.88
2026-08-20 12:25:00,29.243,29.29,29.243,29.284,14614.15
2026-08-20 12:30:00,29.284,29.311,29.22,29.254,7395.22
2026-08-20 12:35:00,29.254,29.396,29.2,29.394,36061.82
2026-08-20 12:40:00,29.394,29.455,29.346,29.434,68087.65
2026-08-20 12:45:00,29.434,29.519,29.378,29.407,82731.81
2026-08-20 12:50:00,29.407,29.425,29.348,29.38,34948.17
2026-08-20 12:55:00,29.38,29.389,29.309,29.332,14149.93
2026-08-20 13:00:00,29.332,29.334,29.308,29.327,15317.85
2026-08-20 13:05:00,29.327,29.437,29.299,29.37,186999.09
2026-08-20 13:10:00,29.37,29.418,29.256,29.311,2127.12
2026-08-20 13:15:00,29.311,29.311,29.303,29.311,18867.12
2026-08-20 13:20:00,29.311,29.33,29.251,29.274,39478.96
2026-08-20 13:25:00,29.274,29.34,29.218,29.239,84487.38
2026-08-20 13:30:00,29.239,29.315,29.134,29.167,17553.98
2026-08-20 13:35:00,29.167,29.171,29.15,29.151,62158.89
2026-08-20 13:40:00,29.151,29.205,29.141,29.183,42778.43
2026-08-20 13:45:00,29.183,29.215,29.181,29.191,168795.97
2026-08-20 13:50:00,29.191,29.202,29.156,29.156,58681.07
2026-08-20 13:55:00,29.156,29.198,29.155,29.157,117641.68
2026-08-20 14:00:00,29.157,29.171,29.107,29.137,91462.71
2026-08-20 14:05:00,29.137,29.211,29.09,29.202,52417.18
2026-08-20 14:10:00,29.202,29.206,29.154,29.198,175108.7
2026-08-20 14:15:00,29.198,29.327,29.189,29.292,31102.75
2026-08-20 14:20:00,29.292,29.296,29.263,29.264,9238.99
2026-08-20 14:25:00,29.264,29.309,29.263,29.296,165314.2
2026-08-20 14:30:00,29.296,29.333,29.188,29.327,28118.7
2026-08-20 14:35:00,29.327,29.362,29.261,29.32,16288.46
2026-08-20 14:40:00,29.32,29.363,29.263,29.341,43814.82
2026-08-20 14:45:00,29.341,29.371,29.333,29.342,77470.06
2026-08-20 14:50:00,29.342,29.369,29.314,29.325,27123.65
2026-08-20 14:55:00,29.325,29.458,29.321,29.423,2039.9
2026-08-20 15:00:00,29.423,29.446,29.415,29.44,24385.3
2026-08-20 15:05:00,29.44,29.482,29.404,29.413,39834.31
2026-08-20 15:10:00,29.413,29.437,29.36,29.395,25658.35
2026-08-20 15:15:00,29.395,29.4,29.272,29.3,6216.08
2026-08-20 15:20:00,29.3,29.39,29.291,29.372,58285.4
2026-08-20 15:25:00,29.372,29.388,29.28,29.282,73075.01
2026-08-20 15:30:00,29.282,29.32,29.263,29.319,16390.12
2026-08-20 15:35:00,29.319,29.358,29.272,29.314,37472.38
2026-08-20 15:40:00,29.314,29.342,29.299,29.302,127210.95
2026-08-20 15:45:00,29.302,29.304,29.272,29.272,70462.25
2026-08-20 15:50:00,29.272,29.389,29.27,29.379,11573.88
2026-08-20 15:55:00,29.379,29.482,29.339,29.469,45552.07
2026-08-20 16:00:00,29.469,29.552,29.427,29.441,21357.99
2026-08-20 16:05:00,29.441,29.471,29.421,29.44,22961.74
2026-08-20 16:10:00,29.44,29.582,29.44,29.535,16711.5
2026-08-20 16:15:00,29.535,29.554,29.452,29.492,12174.35
2026-08-20 16:20:00,29.492,29.545,29.405,29.433,297090.48
2026-08-20 16:25:00,29.433,29.487,29.405,29.487,85315.07
2026-08-20 16:30:00,29.487,29.555,29.403,29.414,35469.77
2026-08-20 16:35:00,29.414,29.544,29.363,29.374,128683.25
2026-08-20 16:40:00,29.374,29.397,29.362,29.397,40035.12
2026-08-20 16:45:00,29.397,29.496,29.309,29.337,154834.36
2026-08-20 16:50:00,29.337,29.369,29.314,29.362,74620.48
2026-08-20 16:55:00,29.362,29.373,29.362,29.372,22675.67
2026-08-20 17:00:00,29.372,29.4,29.317,29.376,87682.2
2026-08-20 17:05:00,29.376,29.407,29.308,29.351,7593.78
2026-08-20 17:10:00,29.351,29.371,29.217,29.221,13971.22
2026-08-20 17:15:00,29.221,29.235,29.207,29.215,27117.35
2026-08-20 17:20:00,29.215,29.288,29.191,29.195,6707.35
2026-08-20 17:25:00,29.195,29.253,29.15,29.198,24030.25
2026-08-20 17:30:00,29.198,29.224,29.192,29.197,42481.68
2026-08-20 17:35:00,29.197,29.208,29.058,29.079,78603.33
2026-08-20 17:40:00,29.079,29.143,29.001,29.02,286437.57
2026-08-20 17:45:00,29.02,29.032,28.99,29.027,8449.28
2026-08-20 17:50:00,29.027,29.062,28.971,29.053,75971.17
2026-08-20 17:55:00,29.053,29.065,29.022,29.045,53380.91
2026-08-20 18:00:00,29.045,29.141,29.043,29.118,312160.18
2026-08-20 18:05:00,29.118,29.118,29.075,29.109,316424.18
2026-08-20 18:10:00,29.109,29.189,29.04,29.173,495769.16
2026-08-20 18:15:00,29.173,29.199,29.117,29.199,175560.54
2026-08-20 18:20:00,29.199,29.211,29.066,29.109,77273.74
2026-08-20 18:25:00,29.109,29.115,28.902,28.977,6302.9
2026-08-20 18:30:00,28.977,29.049,28.874,29.021,203878.66
2026-08-20 18:35:00,29.021,29.071,28.893,29.051,476819.45
2026-08-20 18:40:00,29.051,29.079,28.937,28.945,25595.46
2026-08-20 18:45:00,28.945,28.952,28.864,28.897,134562.05
2026-08-20 18:50:00,28.897,29.003,28.768,28.981,365005.57
2026-08-20 18:55:00,28.981,28.988,28.93,28.945,26908.26
2026-08-20 19:00:00,28.945,28.984,28.794,28.834,84875.93
2026-08-20 19:05:00,28.834,28.855,28.83,28.835,16712.17
2026-08-20 19:10:00,28.835,28.953,28.792,28.919,11343.51
2026-08-20 19:15:00,28.919,28.995,28.875,28.984,172684.65
2026-08-20 19:20:00,28.984,29.016,28.881,28.93,140527.97
2026-08-20 19:25:00,28.93,28.969,28.92,28.946,64502.89
2026-08-20 19:30:00,28.946,29.007,28.927,28.97,52730.93
2026-08-20 19:35:00,28.97,29.02,28.92,29.007,9252.69
2026-08-20 19:40:00,29.007,29.045,28.967,29.02,21455.34
2026-08-20 19:45:00,29.02,29.062,29.011,29.043,7154.96
2026-08-20 19:50:00,29.043,29.064,28.964,29.01,58725.56
2026-08-20 19:55:00,29.01,29.017,28.969,28.977,12782.52
2026-08-20 20:00:00,28.977,29.042,28.939,28.987,2969.56
2026-08-20 20:05:00,28.987,29.024,28.97,29.012,42065.51
2026-08-20 20:10:00,29.012,29.067,28.974,29.058,5093.14
2026-08-20 20:15:00,29.058,29.093,29.044,29.076,10082.67
2026-08-20 20:20:00,29.076,29.103,29.064,29.1,45161.1
2026-08-20 20:25:00,29.1,29.118,29.094,29.102,20531.32
2026-08-20 20:30:00,29.102,29.117,28.948,29.013,167262.98
2026-08-20 20:35:00,29.013,29.031,29.006,29.012,53197.98
2026-08-20 20:40:00,29.012,29.016,28.901,28.904,157697.7
2026-08-20 20:45:00,28.904,28.94,28.835,28.882,40566.35
2026-08-20 20:50:00,28.882,29.003,28.878,28.944,179677.59
2026-08-20 20:55:00,28.944,28.984,28.912,28.944,49015.74
2026-08-20 21:00:00,28.944,29.005,28.925,28.979,38283.42
2026-08-20 21:05:00,28.979,28.997,28.869,28.952,182625.53
2026-08-20 21:10:00,28.952,28.969,28.915,28.956,22180.11
2026-08-20 21:15:00,28.956,29.073,28.909,29.009,130479.63
2026-08-20 21:20:00,29.009,29.036,29.001,29.015,47132.71
2026-08-20 21:25:00,29.015,29.085,28.947,28.953,326.53
2026-08-20 21:30:00,28.953,29.05,28.916,28.985,38345.36
2026-08-20 21:35:00,28.985,28.995,28.911,28.923,80172.44
2026-08-20 21:40:00,28.923,28.959,28.896,28.943,8702.38
2026-08-20 21:45:00,28.943,29.01,28.928,28.942,16996.99
2026-08-20 21:50:00,28.942,29.011,28.912,28.963,109873.96
2026-08-20 21:55:00,28.963,29.004,28.955,28.974,13056.94
2026-08-20 22:00:00,28.974,29.007,28.95,29.005,44208.64
2026-08-20 22:05:00,29.005,29.055,28.975,28.988,85578.45
2026-08-20 22:10:00,28.988,28.994,28.896,28.919,30486.68
2026-08-20 22:15:00,28.919,28.934,28.876,28.905,152.53
2026-08-20 22:20:00,28.905,28.941,28.84,28.853,42250.01
2026-08-20 22:25:00,28.853,28.913,28.729,28.897,80436.0
2026-08-20 22:30:00,28.897,28.927,28.854,28.856,38534.92
2026-08-20 22:35:00,28.856,28.916,28.829,28.895,87374.47
2026-08-20 22:40:00,28.895,28.902,28.886,28.898,68711.3
2026-08-20 22:45:00,28.898,28.92,28.87,28.905,28664.02
2026-08-20 22:50:00,28.905,28.956,28.901,28.94,256504.42
2026-08-20 22:55:00,28.94,28.964,28.92,28.946,30085.09
2026-08-20 23:00:00,28.946,28.972,28.895,28.901,27479.02
2026-08-20 23:05:00,28.901,28.93,28.829,28.84,55068.26
2026-08-20 23:10:00,28.84,28.87,28.694,28.765,62470.56
2026-08-20 23:15:00,28.765,28.863,28.723,28.805,35543.16
2026-08-20 23:20:00,28.805,28.82,28.727,28.737,154631.02
2026-08-20 23:25:00,28.737,28.773,28.71,28.74,68499.47
2026-08-20 23:30:00,28.74,28.8,28.665,28.787,134668.87
2026-08-20 23:35:00,28.787,28.864,28.681,28.843,504892.78
2026-08-20 23:40:00,28.843,28.874,28.813,28.837,15325.48
2026-08-20 23:45:00,28.837,28.92,28.829,28.916,4235.03
2026-08-20 23:50:00,28.916,29.019,28.884,28.964,50253.39
2026-08-20 23:55:00,28.964,28.976,28.929,28.972,52316.82
2026-08-21 00:00:00,28.972,29.008,28.899,28.933,1541.94
2026-08-21 00:05:00,28.933,28.947,28.891,28.904,24921.2
2026-08-21 00:10:00,28.904,28.944,28.861,28.907,46901.29
2026-08-21 00:15:00,28.907,28.99,28.903,28.956,1124.51
2026-08-21 00:20:00,28.956,28.972,28.908,28.934,61454.17
2026-08-21 00:25:00,28.934,29.041,28.906,29.017,56906.86
2026-08-21 00:30:00,29.017,29.077,28.985,29.01,21604.73
2026-08-21 00:35:00,29.01,29.055,28.982,29.026,32484.15
2026-08-21 00:40:00,29.026,29.036,28.9,28.946,59067.83
2026-08-21 00:45:00,28.946,28.981,28.935,28.947,84829.65
2026-08-21 00:50:00,28.947,29.038,28.871,28.872,23411.78
2026-08-21 00:55:00,28.872,28.882,28.751,28.771,50873.51
2026-08-21 01:00:00,28.771,28.847,28.744,28.844,1198.66
2026-08-21 01:05:00,28.844,28.85,28.806,28.817,51001.05
2026-08-21 01:10:00,28.817,28.88,28.816,28.834,83345.17
2026-08-21 01:15:00,28.834,28.854,28.801,28.833,8962.04
2026-08-21 01:20:00,28.833,28.866,28.757,28.77,25070.31
2026-08-21 01:25:00,28.77,28.814,28.727,28.796,161545.56
2026-08-21 01:30:00,28.796,28.818,28.751,28.801,19465.78
2026-08-21 01:35:00,28.801,28.824,28.74,28.775,24629.35
2026-08-21 01:40:00,28.775,28.843,28.676,28.826,15542.24
2026-08-21 01:45:00,28.826,28.832,28.743,28.756,46331.63
2026-08-21 01:50:00,28.756,28.793,28.713,28.728,259553.42
2026-08-21 01:55:00,28.728,28.802,28.703,28.728,4805.92
2026-08-21 02:00:00,28.728,28.803,28.682,28.777,158332.26
2026-08-21 02:05:00,28.777,28.797,28.661,28.742,95915.92
2026-08-21 02:10:00,28.742,28.801,28.736,28.787,87829.75
2026-08-21 02:15:00,28.787,28.873,28.701,28.852,154877.24
2026-08-21 02:20:00,28.852,28.901,28.817,28.866,85621.95
2026-08-21 02:25:00,28.866,28.912,28.814,28.897,66842.15
2026-08-21 02:30:00,28.897,28.915,28.857,28.863,48952.99
2026-08-21 02:35:00,28.863,28.897,28.853,28.89,19433.46
2026-08-21 02:40:00,28.89,28.906,28.82,28.857,6216.38
2026-08-21 02:45:00,28.857,28.991,28.802,28.968,56304.57
2026-08-21 02:50:00,28.968,28.976,28.846,28.861,45853.36
2026-08-21 02:55:00,28.861,28.904,28.839,28.869,104787.46
2026-08-21 03:00:00,28.869,28.882,28.826,28.827,13633.74
2026-08-21 03:05:00,28.827,28.941,28.812,28.926,147887.67
2026-08-21 03:10:00,28.926,28.955,28.839,28.869,30616.3
2026-08-21 03:15:00,28.869,28.897,28.828,28.895,92080.6
2026-08-21 03:20:00,28.895,29.005,28.88,28.978,127108.09
2026-08-21 03:25:00,28.978,29.083,28.93,29.057,19100.55
2026-08-21 03:30:00,29.057,29.12,29.003,29.057,34002.82
2026-08-21 03:35:00,29.057,29.144,29.004,29.017,328087.54
2026-08-21 03:40:00,29.017,29.099,28.985,29.094,29687.04
2026-08-21 03:45:00,29.094,29.156,29.023,29.074,101860.19
2026-08-21 03:50:00,29.074,29.142,29.073,29.11,37190.11
2026-08-21 03:55:00,29.11,29.119,29.087,29.092,96526.14
2026-08-21 04:00:00,29.092,29.146,29.075,29.119,65545.44
2026-08-21 04:05:00,29.119,29.137,28.956,29.002,95066.66
2026-08-21 04:10:00,29.002,29.094,28.931,28.954,47378.37
2026-08-21 04:15:00,28.954,29.036,28.928,28.935,4405.73
2026-08-21 04:20:00,28.935,28.972,28.86,28.882,25077.86
2026-08-21 04:25:00,28.882,28.896,28.681,28.759,6173.17
2026-08-21 04:30:00,28.759,28.802,28.706,28.735,18440.78
2026-08-21 04:35:00,28.735,28.787,28.664,28.708,133596.03
2026-08-21 04:40:00,28.708,28.751,28.612,28.74,126939.03
2026-08-21 04:45:00,28.74,28.84,28.697,28.808,16268.55
2026-08-21 04:50:00,28.808,28.854,28.802,28.823,77045.46
2026-08-21 04:55:00,28.823,28.902,28.765,28.879,73455.93
2026-08-21 05:00:00,28.879,28.965,28.866,28.917,93015.6
2026-08-21 05:05:00,28.917,29.023,28.892,28.964,7080.92
2026-08-21 05:10:00,28.964,28.965,28.872,28.93,42844.85
2026-08-21 05:15:00,28.93,28.96,28.844,28.861,8064.45
2026-08-21 05:20:00,28.861,28.89,28.808,28.844,23200.84
2026-08-21 05:25:00,28.844,28.868,28.738,28.772,68307.09
2026-08-21 05:30:00,28.772,28.817,28.705,28.804,226493.21
2026-08-21 05:35:00,28.804,28.859,28.763,28.824,115729.4
2026-08-21 05:40:00,28.824,28.903,28.815,28.857,75460.02
2026-08-21 05:45:00,28.857,28.899,28.779,28.817,1871.16
2026-08-21 05:50:00,28.817,28.86,28.792,28.831,4579.87
2026-08-21 05:55:00,28.831,28.845,28.747,28.762,54709.02
2026-08-21 06:00:00,28.762,28.85,28.728,28.833,159965.69
2026-08-21 06:05:00,28.833,28.896,28.801,28.826,30979.39
2026-08-21 06:10:00,28.826,28.852,28.752,28.778,28147.74
2026-08-21 06:15:00,28.778,28.831,28.705,28.829,97816.51
2026-08-21 06:20:00,28.829,28.938,28.777,28.78,24803.01
2026-08-21 06:25:00,28.78,28.88,28.677,28.859,281381.4
2026-08-21 06:30:00,28.859,28.927,28.851,28.916,77237.66
2026-08-21 06:35:00,28.916,28.942,28.748,28.795,7031.5
2026-08-21 06:40:00,28.795,28.828,28.773,28.778,6808.86
2026-08-21 06:45:00,28.778,28.791,28.685,28.709,29654.8
2026-08-21 06:50:00,28.709,28.81,28.633,28.787,158549.25
2026-08-21 06:55:00,28.787,28.816,28.729,28.738,4657.9
2026-08-21 07:00:00,28.738,28.742,28.649,28.692,46703.23
2026-08-21 07:05:00,28.692,28.737,28.576,28.721,175367.19
2026-08-21 07:10:00,28.721,28.765,28.715,28.749,113334.98
2026-08-21 07:15:00,28.749,28.859,28.645,28.834,619774.27
2026-08-21 07:20:00,28.834,28.846,28.703,28.719,50883.38
2026-08-21 07:25:00,28.719,28.75,28.622,28.641,26042.78
2026-08-21 07:30:00,28.641,28.653,28.587,28.612,65362.12
2026-08-21 07:35:00,28.612,28.662,28.6,28.654,116594.03
2026-08-21 07:40:00,28.654,28.657,28.568,28.649,110408.7
2026-08-21 07:45:00,28.649,28.767,28.618,28.704,24850.73
2026-08-21 07:50:00,28.704,28.778,28.7,28.749,17393.53
2026-08-21 07:55:00,28.749,28.842,28.734,28.805,3859.71
2026-08-21 08:00:00,28.805,28.817,28.749,28.784,15385.81
2026-08-21 08:05:00,28.784,28.855,28.766,28.825,12733.27
2026-08-21 08:10:00,28.825,28.84,28.767,28.807,9030.01
2026-08-21 08:15:00,28.807,28.858,28.784,28.853,29690.19
2026-08-21 08:20:00,28.853,28.895,28.789,28.806,16362.77
2026-08-21 08:25:00,28.806,28.832,28.682,28.7,13636.81
2026-08-21 08:30:00,28.7,28.799,28.667,28.754,23762.09
2026-08-21 08:35:00,28.754,28.793,28.753,28.784,34684.12
2026-08-21 08:40:00,28.784,28.868,28.735,28.841,96903.18
2026-08-21 08:45:00,28.841,28.884,28.8,28.868,36077.22
2026-08-21 08:50:00,28.868,28.877,28.827,28.828,89245.13
2026-08-21 08:55:00,28.828,28.833,28.754,28.791,150661.26
2026-08-21 09:00:00,28.791,28.804,28.733,28.759,42173.58
2026-08-21 09:05:00,28.759,28.76,28.712,28.737,55174.55
2026-08-21 09:10:00,28.737,28.796,28.717,28.783,21757.24
2026-08-21 09:15:00,28.783,28.907,28.78,28.901,118064.45
2026-08-21 09:20:00,28.901,28.973,28.799,28.814,72945.11
2026-08-21 09:25:00,28.814,28.855,28.79,28.835,74489.17
2026-08-21 09:30:00,28.835,28.883,28.831,28.85,98327.54
2026-08-21 09:35:00,28.85,28.866,28.762,28.796,81947.26
2026-08-21 09:40:00,28.796,28.825,28.761,28.774,11678.53
2026-08-21 09:45:00,28.774,28.803,28.694,28.753,67021.05
2026-08-21 09:50:00,28.753,28.882,28.75,28.853,5965.3
2026-08-21 09:55:00,28.853,28.916,28.814,28.859,40363.93
2026-08-21 10:00:00,28.859,28.871,28.713,28.799,1588.37
2026-08-21 10:05:00,28.799,28.801,28.704,28.714,23321.26
2026-08-21 10:10:00,28.714,28.733,28.671,28.687,75056.2
2026-08-21 10:15:00,28.687,28.794,28.601,28.772,81207.23
2026-08-21 10:20:00,28.772,28.878,28.766,28.827,524.94
2026-08-21 10:25:00,28.827,28.849,28.766,28.796,50895.59
2026-08-21 10:30:00,28.796,28.81,28.758,28.767,175934.2
2026-08-21 10:35:00,28.767,28.823,28.73,28.813,32654.65
2026-08-21 10:40:00,28.813,28.83,28.807,28.829,149973.85
2026-08-21 10:45:00,28.829,28.872,28.827,28.859,111648.7
2026-08-21 10:50:00,28.859,28.867,28.835,28.863,66132.15
2026-08-21 10:55:00,28.863,28.954,28.86,28.941,15087.42
2026-08-21 11:00:00,28.941,28.986,28.892,28.928,110105.26
2026-08-21 11:05:00,28.928,28.964,28.857,28.863,10169.35
2026-08-21 11:10:00,28.863,28.887,28.772,28.796,12602.1
2026-08-21 11:15:00,28.796,28.808,28.772,28.797,31954.44
2026-08-21 11:20:00,28.797,28.837,28.76,28.762,77975.1
2026-08-21 11:25:00,28.762,28.858,28.748,28.793,22682.45
2026-08-21 11:30:00,28.793,28.839,28.769,28.803,100561.94
2026-08-21 11:35:00,28.803,28.815,28.801,28.812,9762.93
2026-08-21 11:40:00,28.812,28.832,28.682,28.707,18099.66
2026-08-21 11:45:00,28.707,28.767,28.683,28.733,4569.17
2026-08-21 11:50:00,28.733,28.853,28.701,28.824,26495.75
2026-08-21 11:55:00,28.824,28.853,28.719,28.741,45615.71
2026-08-21 12:00:00,28.741,28.796,28.699,28.778,26429.51
2026-08-21 12:05:00,28.778,28.778,28.709,28.717,34344.59
2026-08-21 12:10:00,28.717,28.756,28.688,28.755,50525.06
2026-08-21 12:15:00,28.755,28.863,28.755,28.822,8014.88
2026-08-21 12:20:00,28.822,28.873,28.743,28.81,20667.43
2026-08-21 12:25:00,28.81,28.857,28.772,28.85,11708.3
2026-08-21 12:30:00,28.85,28.926,28.807,28.909,65442.07
2026-08-21 12:35:00,28.909,29.002,28.828,28.844,256732.52
2026-08-21 12:40:00,28.844,28.862,28.82,28.838,56561.85
2026-08-21 12:45:00,28.838,28.872,28.783,28.865,27787.16
2026-08-21 12:50:00,28.865,28.875,28.794,28.821,11717.84
2026-08-21 12:55:00,28.821,28.879,28.817,28.861,118576.56
2026-08-21 13:00:00,28.861,28.876,28.769,28.811,12240.95
2026-08-21 13:05:00,28.811,28.936,28.77,28.917,116154.92
2026-08-21 13:10:00,28.917,28.921,28.849,28.854,59018.57
2026-08-21 13:15:00,28.854,28.886,28.728,28.771,57267.13
2026-08-21 13:20:00,28.771,28.774,28.666,28.72,24323.48
2026-08-21 13:25:00,28.72,28.779,28.696,28.757,16947.79
2026-08-21 13:30:00,28.757,28.78,28.703,28.748,100320.4
2026-08-21 13:35:00,28.748,28.76,28.704,28.716,5160.29
2026-08-21 13:40:00,28.716,28.782,28.694,28.781,61083.19
2026-08-21 13:45:00,28.781,28.927,28.752,28.913,41275.95
2026-08-21 13:50:00,28.913,28.949,28.876,28.887,139615.34
2026-08-21 13:55:00,28.887,29.003,28.787,28.806,275205.08
2026-08-21 14:00:00,28.806,28.891,28.799,28.847,16151.37
2026-08-21 14:05:00,28.847,28.852,28.733,28.759,83693.25
2026-08-21 14:10:00,28.759,28.767,28.714,28.757,10804.97
2026-08-21 14:15:00,28.757,28.77,28.679,28.719,1672.09
2026-08-21 14:20:00,28.719,28.722,28.63,28.656,7085.97
2026-08-21 14:25:00,28.656,28.762,28.57,28.734,1102948.83
2026-08-21 14:30:00,28.734,28.738,28.704,28.726,15301.92
2026-08-21 14:35:00,28.726,28.803,28.709,28.758,324621.56
2026-08-21 14:40:00,28.758,28.77,28.701,28.729,51311.63
2026-08-21 14:45:00,28.729,28.734,28.687,28.732,79483.81
2026-08-21 14:50:00,28.732,28.791,28.718,28.755,21293.89
2026-08-21 14:55:00,28.755,28.793,28.677,28.726,24754.17
2026-08-21 15:00:00,28.726,28.765,28.659,28.672,149657.11
2026-08-21 15:05:00,28.672,28.694,28.638,28.656,13030.95
2026-08-21 15:10:00,28.656,28.684,28.557,28.598,23995.0
2026-08-21 15:15:00,28.598,28.68,28.521,28.653,535966.69
2026-08-21 15:20:00,28.653,28.747,28.559,28.728,75633.34
2026-08-21 15:25:00,28.728,28.745,28.709,28.712,65529.23
2026-08-21 15:30:00,28.712,28.779,28.675,28.69,39125.3
2026-08-21 15:35:00,28.69,28.71,28.637,28.697,139522.47
2026-08-21 15:40:00,28.697,28.826,28.63,28.799,105037.29
2026-08-21 15:45:00,28.799,28.87,28.785,28.853,79724.54
2026-08-21 15:50:00,28.853,28.946,28.84,28.899,139970.48
2026-08-21 15:55:00,28.899,28.916,28.886,28.901,77012.83
2026-08-21 16:00:00,28.901,28.987,28.817,28.837,14711.52
2026-08-21 16:05:00,28.837,28.977,28.791,28.931,32186.72
2026-08-21 16:10:00,28.931,29.006,28.856,28.871,585901.95
2026-08-21 16:15:00,28.871,28.92,28.822,28.889,128403.4
2026-08-21 16:20:00,28.889,28.918,28.836,28.867,14120.51
2026-08-21 16:25:00,28.867,28.902,28.804,28.83,69633.37
2026-08-21 16:30:00,28.83,28.841,28.817,28.831,207681.15
2026-08-21 16:35:00,28.831,28.888,28.768,28.871,50480.54
2026-08-21 16:40:00,28.871,28.915,28.777,28.78,117638.58
2026-08-21 16:45:00,28.78,28.831,28.759,28.811,13171.04
2026-08-21 16:50:00,28.811,28.847,28.729,28.751,64154.16
2026-08-21 16:55:00,28.751,28.775,28.701,28.748,1611.66
2026-08-21 17:00:00,28.748,28.874,28.735,28.823,127751.69
2026-08-21 17:05:00,28.823,28.911,28.782,28.87,162632.98
2026-08-21 17:10:00,28.87,28.947,28.742,28.92,106505.93
2026-08-21 17:15:00,28.92,29.003,28.907,28.96,8010.06
2026-08-21 17:20:00,28.96,28.991,28.938,28.99,4600.32
2026-08-21 17:25:00,28.99,29.098,28.984,29.06,88.53
2026-08-21 17:30:00,29.06,29.177,29.042,29.146,61569.26
2026-08-21 17:35:00,29.146,29.202,29.051,29.064,315631.21
2026-08-21 17:40:00,29.064,29.169,28.983,28.998,7253.61
2026-08-21 17:45:00,28.998,29.03,28.897,29.004,18727.95
2026-08-21 17:50:00,29.004,29.038,28.978,29.03,251204.12
2026-08-21 17:55:00,29.03,29.132,28.95,28.978,30853.39
2026-08-21 18:00:00,28.978,28.979,28.91,28.931,60548.85
2026-08-21 18:05:00,28.931,28.996,28.897,28.979,11496.09
2026-08-21 18:10:00,28.979,29.077,28.966,29.076,12404.13
2026-08-21 18:15:00,29.076,29.112,29.07,29.105,39390.67
2026-08-21 18:20:00,29.105,29.123,28.946,28.953,13197.96
2026-08-21 18:25:00,28.953,28.974,28.929,28.947,17811.31
2026-08-21 18:30:00,28.947,28.95,28.846,28.862,135107.64
2026-08-21 18:35:00,28.862,28.893,28.849,28.873,74865.92
2026-08-21 18:40:00,28.873,28.965,28.844,28.862,24550.62
2026-08-21 18:45:00,28.862,28.885,28.773,28.806,76096.02
2026-08-21 18:50:00,28.806,28.843,28.725,28.753,69865.85
2026-08-21 18:55:00,28.753,28.792,28.711,28.754,59731.18
2026-08-21 19:00:00,28.754,28.773,28.706,28.727,107214.28
2026-08-21 19:05:00,28.727,28.776,28.723,28.759,7321.19
2026-08-21 19:10:00,28.759,28.791,28.654,28.669,44483.48
2026-08-21 19:15:00,28.669,28.74,28.658,28.706,66851.59
2026-08-21 19:20:00,28.706,28.748,28.69,28.744,141254.26
2026-08-21 19:25:00,28.744,28.788,28.733,28.769,67432.98
2026-08-21 19:30:00,28.769,28.804,28.681,28.706,95472.18
2026-08-21 19:35:00,28.706,28.762,28.634,28.736,3416.75
2026-08-21 19:40:00,28.736,28.778,28.726,28.777,2442.13
2026-08-21 19:45:00,28.777,28.781,28.709,28.778,11761.44
2026-08-21 19:50:00,28.778,28.824,28.697,28.712,67486.49
2026-08-21 19:55:00,28.712,28.801,28.647,28.789,17900.59
2026-08-21 20:00:00,28.789,28.85,28.775,28.842,6580.35
2026-08-21 20:05:00,28.842,28.891,28.821,28.863,3631.74
2026-08-21 20:10:00,28.863,28.904,28.835,28.888,40595.66
2026-08-21 20:15:00,28.888,28.913,28.802,28.85,6802.04
2026-08-21 20:20:00,28.85,28.851,28.823,28.841,57018.9
2026-08-21 20:25:00,28.841,28.875,28.813,28.858,5462.65
2026-08-21 20:30:00,28.858,28.951,28.809,28.924,110835.34
2026-08-21 20:35:00,28.924,28.945,28.888,28.934,100616.15
2026-08-21 20:40:00,28.934,28.942,28.874,28.88,23880.58
2026-08-21 20:45:00,28.88,28.967,28.85,28.934,36488.29
2026-08-21 20:50:00,28.934,29.017,28.884,28.942,11460.48
2026-08-21 20:55:00,28.942,28.959,28.826,28.894,25176.47
2026-08-21 21:00:00,28.894,28.897,28.715,28.759,84732.06
2026-08-21 21:05:00,28.759,28.792,28.742,28.757,315919.28
2026-08-21 21:10:00,28.757,28.78,28.711,28.738,1647.94
2026-08-21 21:15:00,28.738,28.808,28.714,28.78,129196.82
2026-08-21 21:20:00,28.78,28.863,28.763,28.842,47799.63
2026-08-21 21:25:00,28.842,28.964,28.824,28.929,31898.63
2026-08-21 21:30:00,28.929,28.939,28.855,28.862,18335.09
2026-08-21 21:35:00,28.862,28.921,28.823,28.887,13168.83
2026-08-21 21:40:00,28.887,28.931,28.845,28.873,3840.5
2026-08-21 21:45:00,28.873,28.912,28.752,28.791,60584.95
2026-08-21 21:50:00,28.791,28.88,28.778,28.846,50858.36
2026-08-21 21:55:00,28.846,28.897,28.838,28.864,23898.35
2026-08-21 22:00:00,28.864,28.881,28.701,28.751,78575.73
2026-08-21 22:05:00,28.751,28.779,28.746,28.747,2161.5
2026-08-21 22:10:00,28.747,28.813,28.672,28.69,59861.89
2026-08-21 22:15:00,28.69,28.746,28.589,28.733,694359.06
2026-08-21 22:20:00,28.733,28.795,28.721,28.761,189624.65
2026-08-21 22:25:00,28.761,28.815,28.721,28.75,46913.3
2026-08-21 22:30:00,28.75,28.775,28.745,28.76,34664.73
2026-08-21 22:35:00,28.76,28.802,28.707,28.743,23560.94
2026-08-21 22:40:00,28.743,28.796,28.735,28.778,12646.56
2026-08-21 22:45:00,28.778,28.826,28.777,28.794,26757.72
2026-08-21 22:50:00,28.794,28.824,28.686,28.727,33020.15
2026-08-21 22:55:00,28.727,28.763,28.596,28.63,2632.47
2026-08-21 23:00:00,28.63,28.655,28.615,28.615,1793.99
2026-08-21 23:05:00,28.615,28.692,28.535,28.537,58762.32
2026-08-21 23:10:00,28.537,28.57,28.455,28.457,80863.12
2026-08-21 23:15:00,28.457,28.472,28.381,28.435,10220.24
2026-08-21 23:20:00,28.435,28.465,28.367,28.382,5199.71
2026-08-21 23:25:00,28.382,28.389,28.37,28.376,157095.58
2026-08-21 23:30:00,28.376,28.423,28.357,28.407,70366.86
2026-08-21 23:35:00,28.407,28.499,28.299,28.486,160189.52
2026-08-21 23:40:00,28.486,28.541,28.464,28.54,19769.16
2026-08-21 23:45:00,28.54,28.575,28.452,28.473,72946.85
2026-08-21 23:50:00,28.473,28.507,28.466,28.485,23465.14
2026-08-21 23:55:00,28.485,28.651,28.464,28.597,14235.52
2026-08-22 00:00:00,28.597,28.625,28.503,28.56,21776.82
2026-08-22 00:05:00,28.56,28.565,28.429,28.473,15925.34
2026-08-22 00:10:00,28.473,28.64,28.429,28.631,10780.96
2026-08-22 00:15:00,28.631,28.646,28.606,28.612,174404.02
2026-08-22 00:20:00,28.612,28.668,28.61,28.653,112197.98
2026-08-22 00:25:00,28.653,28.688,28.581,28.653,124324.59
2026-08-22 00:30:00,28.653,28.681,28.593,28.626,11943.84
2026-08-22 00:35:00,28.626,28.638,28.617,28.626,37572.28
2026-08-22 00:40:00,28.626,28.641,28.581,28.622,9933.12
2026-08-22 00:45:00,28.622,28.673,28.557,28.594,46762.12
2026-08-22 00:50:00,28.594,28.616,28.524,28.588,68132.65
2026-08-22 00:55:00,28.588,28.748,28.562,28.709,44749.08
2026-08-22 01:00:00,28.709,28.718,28.56,28.593,21303.93
2026-08-22 01:05:00,28.593,28.652,28.511,28.593,87908.75
2026-08-22 01:10:00,28.593,28.657,28.542,28.61,6341.39
2026-08-22 01:15:00,28.61,28.671,28.52,28.566,41269.17
2026-08-22 01:20:00,28.566,28.598,28.475,28.572,16661.45
2026-08-22 01:25:00,28.572,28.584,28.54,28.555,86926.59
2026-08-22 01:30:00,28.555,28.677,28.504,28.655,22639.57
2026-08-22 01:35:00,28.655,28.781,28.634,28.746,184972.63
2026-08-22 01:40:00,28.746,28.804,28.712,28.77,115528.06
2026-08-22 01:45:00,28.77,28.856,28.755,28.847,43651.58
2026-08-22 01:50:00,28.847,28.874,28.744,28.799,19892.12
2026-08-22 01:55:00,28.799,28.9,28.788,28.854,45232.27
2026-08-22 02:00:00,28.854,28.858,28.808,28.838,29811.34
2026-08-22 02:05:00,28.838,28.848,28.824,28.84,62710.89
2026-08-22 02:10:00,28.84,28.907,28.802,28.803,5975.81
2026-08-22 02:15:00,28.803,28.852,28.761,28.825,41823.13
2026-08-22 02:20:00,28.825,28.833,28.784,28.804,41075.42
2026-08-22 02:25:00,28.804,28.888,28.78,28.865,47272.7
2026-08-22 02:30:00,28.865,28.869,28.792,28.827,50047.99
2026-08-22 02:35:00,28.827,28.85,28.777,28.804,3992.81
2026-08-22 02:40:00,28.804,28.819,28.672,28.673,1130.81
2026-08-22 02:45:00,28.673,28.716,28.623,28.713,20215.37
2026-08-22 02:50:00,28.713,28.716,28.649,28.675,97591.72
2026-08-22 02:55:00,28.675,28.694,28.629,28.64,19198.62
2026-08-22 03:00:00,28.64,28.674,28.598,28.616,5416.91
2026-08-22 03:05:00,28.616,28.684,28.6,28.603,12592.23
2026-08-22 03:10:00,28.603,28.605,28.546,28.577,71245.62
2026-08-22 03:15:00,28.577,28.594,28.482,28.536,54956.19
2026-08-22 03:20:00,28.536,28.617,28.501,28.606,19990.87
2026-08-22 03:25:00,28.606,28.667,28.598,28.629,14148.15
2026-08-22 03:30:00,28.629,28.696,28.524,28.632,31009.4
2026-08-22 03:35:00,28.632,28.645,28.552,28.562,17637.78
2026-08-22 03:40:00,28.562,28.695,28.544,28.606,89938.67
2026-08-22 03:45:00,28.606,28.64,28.554,28.592,25114.59
2026-08-22 03:50:00,28.592,28.717,28.542,28.71,10802.77
2026-08-22 03:55:00,28.71,28.857,28.678,28.819,124448.64
2026-08-22 04:00:00,28.819,28.946,28.736,28.762,399926.52
2026-08-22 04:05:00,28.762,28.896,28.7,28.859,21944.96
2026-08-22 04:10:00,28.859,28.995,28.816,28.925,26911.58
2026-08-22 04:15:00,28.925,28.981,28.876,28.938,42134.19
2026-08-22 04:20:00,28.938,28.971,28.884,28.919,1180.19
2026-08-22 04:25:00,28.919,28.965,28.87,28.895,947027.67
2026-08-22 04:30:00,28.895,28.936,28.875,28.893,312999.98
2026-08-22 04:35:00,28.893,28.997,28.809,28.819,35221.68
2026-08-22 04:40:00,28.819,28.903,28.798,28.892,270.64
2026-08-22 04:45:00,28.892,28.904,28.848,28.893,15803.71
2026-08-22 04:50:00,28.893,29.032,28.766,28.81,22525.96
2026-08-22 04:55:00,28.81,28.893,28.798,28.835,78267.56
2026-08-22 05:00:00,28.835,28.844,28.699,28.726,7166.08
2026-08-22 05:05:00,28.726,28.728,28.702,28.717,12113.49
2026-08-22 05:10:00,28.717,28.746,28.688,28.69,50584.56
2026-08-22 05:15:00,28.69,28.743,28.604,28.627,34213.74
2026-08-22 05:20:00,28.627,28.643,28.593,28.607,61710.4
2026-08-22 05:25:00,28.607,28.674,28.585,28.658,84192.31
2026-08-22 05:30:00,28.658,28.714,28.631,28.646,140250.91
2026-08-22 05:35:00,28.646,28.672,28.577,28.627,201688.48
2026-08-22 05:40:00,28.627,28.686,28.605,28.666,124611.41
2026-08-22 05:45:00,28.666,28.72,28.653,28.671,21426.19
2026-08-22 05:50:00,28.671,28.677,28.507,28.549,81181.18
2026-08-22 05:55:00,28.549,28.736,28.537,28.693,68365.07
2026-08-22 06:00:00,28.693,28.729,28.624,28.72,109623.89
2026-08-22 06:05:00,28.72,28.768,28.697,28.719,32373.72
2026-08-22 06:10:00,28.719,28.736,28.636,28.651,60343.07
2026-08-22 06:15:00,28.651,28.678,28.535,28.628,66151.83
2026-08-22 06:20:00,28.628,28.672,28.598,28.605,228314.36
2026-08-22 06:25:00,28.605,28.693,28.519,28.677,15247.08
2026-08-22 06:30:00,28.677,28.683,28.592,28.637,12806.9
2026-08-22 06:35:00,28.637,28.76,28.619,28.753,41581.95
2026-08-22 06:40:00,28.753,28.775,28.608,28.661,31377.46
2026-08-22 06:45:00,28.661,28.701,28.65,28.684,57558.1
2026-08-22 06:50:00,28.684,28.812,28.678,28.77,74924.27
2026-08-22 06:55:00,28.77,28.917,28.765,28.855,40084.46
2026-08-22 07:00:00,28.855,28.878,28.707,28.764,27453.08
2026-08-22 07:05:00,28.764,28.805,28.644,28.709,18969.88
2026-08-22 07:10:00,28.709,28.724,28.635,28.639,67866.27
2026-08-22 07:15:00,28.639,28.687,28.515,28.561,58789.23
2026-08-22 07:20:00,28.561,28.696,28.547,28.661,29589.6
2026-08-22 07:25:00,28.661,28.719,28.637,28.698,8902.57
2026-08-22 07:30:00,28.698,28.734,28.676,28.687,33287.34
2026-08-22 07:35:00,28.687,28.771,28.606,28.678,39799.24
2026-08-22 07:40:00,28.678,28.726,28.615,28.618,85154.39
2026-08-22 07:45:00,28.618,28.663,28.58,28.618,73539.51
2026-08-22 07:50:00,28.618,28.651,28.572,28.611,87.83
2026-08-22 07:55:00,28.611,28.628,28.583,28.594,184315.87
2026-08-22 08:00:00,28.594,28.619,28.585,28.618,12022.27
2026-08-22 08:05:00,28.618,28.83,28.589,28.754,26062.1
2026-08-22 08:10:00,28.754,28.835,28.584,28.605,10340.43
2026-08-22 08:15:00,28.605,28.617,28.381,28.422,865.23
2026-08-22 08:20:00,28.422,28.512,28.382,28.489,36876.02
2026-08-22 08:25:00,28.489,28.503,28.465,28.47,6454.95
2026-08-22 08:30:00,28.47,28.53,28.466,28.497,6298.35
2026-08-22 08:35:00,28.497,28.568,28.407,28.548,54502.29
2026-08-22 08:40:00,28.548,28.666,28.528,28.635,215833.41
2026-08-22 08:45:00,28.635,28.638,28.537,28.593,2503.57
2026-08-22 08:50:00,28.593,28.685,28.545,28.616,34085.72
2026-08-22 08:55:00,28.616,28.777,28.583,28.726,39715.78
2026-08-22 09:00:00,28.726,28.806,28.678,28.78,54419.97
2026-08-22 09:05:00,28.78,28.881,28.573,28.651,31145.77
2026-08-22 09:10:00,28.651,28.704,28.561,28.574,29708.22
2026-08-22 09:15:00,28.574,28.632,28.56,28.587,8325.67
2026-08-22 09:20:00,28.587,28.666,28.55,28.619,80897.18
2026-08-22 09:25:00,28.619,28.684,28.613,28.682,15803.52
2026-08-22 09:30:00,28.682,28.71,28.557,28.667,10670.28
2026-08-22 09:35:00,28.667,28.724,28.427,28.487,12897.86
2026-08-22 09:40:00,28.487,28.583,28.444,28.504,1925.18
2026-08-22 09:45:00,28.504,28.54,28.469,28.515,48709.82
2026-08-22 09:50:00,28.515,28.557,28.473,28.523,15933.6
2026-08-22 09:55:00,28.523,28.652,28.439,28.613,23266.54
2026-08-22 10:00:00,28.613,28.626,28.607,28.623,23490.47
2026-08-22 10:05:00,28.623,28.63,28.49,28.575,428.14
2026-08-22 10:10:00,28.575,28.632,28.423,28.471,32198.77
2026-08-22 10:15:00,28.471,28.525,28.392,28.502,164782.25
2026-08-22 10:20:00,28.502,28.524,28.446,28.482,10831.41
2026-08-22 10:25:00,28.482,28.543,28.382,28.525,147523.6
2026-08-22 10:30:00,28.525,28.593,28.419,28.501,2581.0
2026-08-22 10:35:00,28.501,28.552,28.309,28.378,46646.58
2026-08-22 10:40:00,28.378,28.395,28.215,28.289,44138.56
2026-08-22 10:45:00,28.289,28.313,28.166,28.251,4275.02
2026-08-22 10:50:00,28.251,28.288,28.082,28.131,94333.1
2026-08-22 10:55:00,28.131,28.226,28.052,28.201,14338.26
2026-08-22 11:00:00,28.201,28.239,28.043,28.077,46683.53
2026-08-22 11:05:00,28.077,28.19,28.046,28.094,9815.48
2026-08-22 11:10:00,28.094,28.18,27.98,28.167,1082738.46
2026-08-22 11:15:00,28.167,28.167,28.128,28.132,136814.47
2026-08-22 11:20:00,28.132,28.162,28.095,28.113,242341.57
2026-08-22 11:25:00,28.113,28.16,28.093,28.109,787.03
2026-08-22 11:30:00,28.109,28.208,28.064,28.187,335006.66
2026-08-22 11:35:00,28.187,28.202,28.075,28.131,24948.17
2026-08-22 11:40:00,28.131,28.188,28.117,28.14,48538.12
2026-08-22 11:45:00,28.14,28.184,28.04,28.07,40555.12
2026-08-22 11:50:00,28.07,28.123,28.006,28.112,75682.39
2026-08-22 11:55:00,28.112,28.16,28.043,28.142,273823.35
2026-08-22 12:00:00,28.142,28.189,28.121,28.153,13389.45
2026-08-22 12:05:00,28.153,28.279,28.096,28.198,64157.31
2026-08-22 12:10:00,28.198,28.254,28.168,28.221,49038.58
2026-08-22 12:15:00,28.221,28.294,28.174,28.219,14126.83
2026-08-22 12:20:00,28.219,28.332,28.142,28.307,80304.52
2026-08-22 12:25:00,28.307,28.327,28.218,28.257,56719.59
2026-08-22 12:30:00,28.257,28.305,28.201,28.218,33086.36
2026-08-22 12:35:00,28.218,28.231,28.045,28.112,99340.01
2026-08-22 12:40:00,28.112,28.164,28.018,28.152,49138.23
2026-08-22 12:45:00,28.152,28.19,28.08,28.145,48041.57
2026-08-22 12:50:00,28.145,28.208,28.108,28.188,13554.3
2026-08-22 12:55:00,28.188,28.19,28.037,28.12,37361.29
2026-08-22 13:00:00,28.12,28.158,28.031,28.147,69569.51
2026-08-22 13:05:00,28.147,28.184,27.938,28.021,15349.46
2026-08-22 13:10:00,28.021,28.112,28.015,28.062,106805.46
2026-08-22 13:15:00,28.062,28.103,27.942,27.944,35955.07
2026-08-22 13:20:00,27.944,28.015,27.82,27.991,2147391.2
2026-08-22 13:25:00,27.991,28.154,27.948,28.102,50306.2
2026-08-22 13:30:00,28.102,28.12,28.027,28.081,1710.69
2026-08-22 13:35:00,28.081,28.141,28.012,28.026,11296.19
2026-08-22 13:40:00,28.026,28.065,27.92,28.056,112208.45
2026-08-22 13:45:00,28.056,28.172,28.005,28.104,34882.28
2026-08-22 13:50:00,28.104,28.124,28.007,28.035,23450.38
2026-08-22 13:55:00,28.035,28.07,27.936,28.062,38520.64
2026-08-22 14:00:00,28.062,28.121,27.991,28.108,79599.42
2026-08-22 14:05:00,28.108,28.213,28.033,28.185,130584.2
2026-08-22 14:10:00,28.185,28.231,28.118,28.145,4254.33
2026-08-22 14:15:00,28.145,28.16,28.065,28.159,16404.32
2026-08-22 14:20:00,28.159,28.295,28.102,28.237,2171.46
2026-08-22 14:25:00,28.237,28.304,28.223,28.288,41646.05
2026-08-22 14:30:00,28.288,28.303,28.177,28.192,78814.26
2026-08-22 14:35:00,28.192,28.347,28.092,28.294,156169.13
2026-08-22 14:40:00,28.294,28.362,28.258,28.319,46958.2
2026-08-22 14:45:00,28.319,28.502,28.295,28.389,14725.2
2026-08-22 14:50:00,28.389,28.41,28.226,28.287,84295.23
2026-08-22 14:55:00,28.287,28.385,28.245,28.368,37205.56
2026-08-22 15:00:00,28.368,28.413,28.362,28.41,3445.0
2026-08-22 15:05:00,28.41,28.41,28.349,28.382,12002.68
2026-08-22 15:10:00,28.382,28.428,28.247,28.303,97620.13
2026-08-22 15:15:00,28.303,28.331,28.11,28.153,50873.14
2026-08-22 15:20:00,28.153,28.177,28.116,28.119,67416.26
2026-08-22 15:25:00,28.119,28.197,28.004,28.187,252234.14
2026-08-22 15:30:00,28.187,28.305,28.179,28.267,26814.16
2026-08-22 15:35:00,28.267,28.305,28.183,28.201,1777.67
2026-08-22 15:40:00,28.201,28.242,28.192,28.209,43010.05
2026-08-22 15:45:00,28.209,28.276,28.162,28.222,48316.02
2026-08-22 15:50:00,28.222,28.265,28.207,28.24,73272.98
2026-08-22 15:55:00,28.24,28.247,28.105,28.182,139333.51
2026-08-22 16:00:00,28.182,28.19,28.16,28.164,103111.96
2026-08-22 16:05:00,28.164,28.22,28.062,28.151,146475.17
2026-08-22 16:10:00,28.151,28.182,27.938,27.972,52956.28
2026-08-22 16:15:00,27.972,27.981,27.906,27.963,62100.41
2026-08-22 16:20:00,27.963,27.967,27.914,27.931,76814.56
2026-08-22 16:25:00,27.931,28.035,27.862,28.01,289700.44
2026-08-22 16:30:00,28.01,28.014,27.85,27.862,18629.56
2026-08-22 16:35:00,27.862,27.892,27.789,27.89,18917.18
2026-08-22 16:40:00,27.89,27.938,27.847,27.927,27269.45
2026-08-22 16:45:00,27.927,27.983,27.897,27.937,84962.68
2026-08-22 16:50:00,27.937,28.014,27.915,27.977,2281.34
2026-08-22 16:55:00,27.977,28.044,27.949,28.004,75803.79
2026-08-22 17:00:00,28.004,28.087,27.955,28.033,32387.9
2026-08-22 17:05:00,28.033,28.037,28.008,28.026,74878.96
2026-08-22 17:10:00,28.026,28.046,27.838,27.928,1507.1
2026-08-22 17:15:00,27.928,28.102,27.832,28.031,37476.93
2026-08-22 17:20:00,28.031,28.093,27.964,28.042,17264.33
2026-08-22 17:25:00,28.042,28.114,27.971,28.113,47130.85
2026-08-22 17:30:00,28.113,28.193,28.063,28.184,83889.34
2026-08-22 17:35:00,28.184,28.199,28.012,28.049,60187.47
2026-08-22 17:40:00,28.049,28.089,27.978,27.986,6375.95
2026-08-22 17:45:00,27.986,28.013,27.967,28.012,51417.37
2026-08-22 17:50:00,28.012,28.021,27.848,27.863,39867.02
2026-08-22 17:55:00,27.863,27.948,27.794,27.929,122475.56
2026-08-22 18:00:00,27.929,28.019,27.858,28.005,27946.61
2026-08-22 18:05:00,28.005,28.072,27.948,27.959,7521.42
2026-08-22 18:10:00,27.959,27.981,27.887,27.906,40039.15
2026-08-22 18:15:00,27.906,27.963,27.851,27.88,56423.97
2026-08-22 18:20:00,27.88,27.968,27.803,27.951,378411.95
2026-08-22 18:25:00,27.951,27.973,27.911,27.935,44816.93
2026-08-22 18:30:00,27.935,27.972,27.898,27.946,8132.71
2026-08-22 18:35:00,27.946,28.106,27.928,28.034,10535.15
2026-08-22 18:40:00,28.034,28.072,27.989,28.051,50089.37
2026-08-22 18:45:00,28.051,28.092,27.932,28.067,64363.35
2026-08-22 18:50:00,28.067,28.2,28.029,28.191,34541.05
2026-08-22 18:55:00,28.191,28.23,28.064,28.099,201222.88
2026-08-22 19:00:00,28.099,28.133,27.994,28.087,58779.86
2026-08-22 19:05:00,28.087,28.129,28.054,28.078,54080.27
2026-08-22 19:10:00,28.078,28.176,27.962,28.138,148100.11
2026-08-22 19:15:00,28.138,28.258,28.125,28.195,36786.19
2026-08-22 19:20:00,28.195,28.259,28.046,28.146,4543.99
2026-08-22 19:25:00,28.146,28.239,28.133,28.228,60804.85
2026-08-22 19:30:00,28.228,28.305,28.199,28.297,15007.03
2026-08-22 19:35:00,28.297,28.416,28.207,28.234,387254.36
2026-08-22 19:40:00,28.234,28.346,28.197,28.313,10981.4
2026-08-22 19:45:00,28.313,28.374,28.233,28.25,20488.42
2026-08-22 19:50:00,28.25,28.292,28.129,28.173,134588.79
2026-08-22 19:55:00,28.173,28.22,28.118,28.187,70115.63
2026-08-22 20:00:00,28.187,28.206,28.155,28.196,95505.95
2026-08-22 20:05:00,28.196,28.304,28.069,28.112,27969.02
2026-08-22 20:10:00,28.112,28.158,28.073,28.085,19252.6
2026-08-22 20:15:00,28.085,28.124,28.004,28.017,39982.54
2026-08-22 20:20:00,28.017,28.021,27.936,28.017,20829.82
2026-08-22 20:25:00,28.017,28.103,28.003,28.087,49138.22
2026-08-22 20:30:00,28.087,28.11,27.965,28.033,145090.06
2026-08-22 20:35:00,28.033,28.099,27.996,28.08,55950.0
2026-08-22 20:40:00,28.08,28.091,28.003,28.05,19557.44
2026-08-22 20:45:00,28.05,28.136,28.047,28.106,146131.93
2026-08-22 20:50:00,28.106,28.156,28.023,28.087,21744.38
2026-08-22 20:55:00,28.087,28.156,28.035,28.08,146905.65
2026-08-22 21:00:00,28.08,28.127,27.922,27.966,24965.32
2026-08-22 21:05:00,27.966,27.995,27.915,27.978,54271.69
2026-08-22 21:10:00,27.978,27.993,27.791,27.844,30421.72
2026-08-22 21:15:00,27.844,27.854,27.772,27.811,62405.91
2026-08-22 21:20:00,27.811,27.904,27.759,27.88,281800.6
2026-08-22 21:25:00,27.88,27.907,27.718,27.749,108254.43
2026-08-22 21:30:00,27.749,27.863,27.745,27.79,11359.09
2026-08-22 21:35:00,27.79,27.915,27.699,27.878,15816.44
2026-08-22 21:40:00,27.878,27.956,27.798,27.94,200340.03
2026-08-22 21:45:00,27.94,28.0,27.886,27.982,62616.33
2026-08-22 21:50:00,27.982,28.014,27.942,27.965,28341.71
2026-08-22 21:55:00,27.965,27.995,27.879,27.918,16912.54
2026-08-22 22:00:00,27.918,27.985,27.908,27.931,11434.23
2026-08-22 22:05:00,27.931,28.127,27.907,28.072,138207.61
2026-08-22 22:10:00,28.072,28.186,28.04,28.177,2370.62
2026-08-22 22:15:00,28.177,28.297,28.151,28.289,99241.19
2026-08-22 22:20:00,28.289,28.31,28.199,28.247,53856.05
2026-08-22 22:25:00,28.247,28.328,28.156,28.17,25841.9
2026-08-22 22:30:00,28.17,28.172,28.114,28.166,6707.15
2026-08-22 22:35:00,28.166,28.239,28.116,28.233,30235.13
2026-08-22 22:40:00,28.233,28.273,28.192,28.262,86927.0
2026-08-22 22:45:00,28.262,28.358,28.165,28.191,57059.64
2026-08-22 22:50:00,28.191,28.232,28.178,28.183,6124.12
2026-08-22 22:55:00,28.183,28.202,28.09,28.123,10681.58
2026-08-22 23:00:00,28.123,28.275,28.101,28.26,102.18
2026-08-22 23:05:00,28.26,28.346,28.229,28.297,27400.26
2026-08-22 23:10:00,28.297,28.408,28.187,28.215,247969.95
2026-08-22 23:15:00,28.215,28.282,28.129,28.141,285900.77
2026-08-22 23:20:00,28.141,28.17,28.055,28.084,61653.26
2026-08-22 23:25:00,28.084,28.175,28.061,28.132,79588.0
2026-08-22 23:30:00,28.132,28.204,28.094,28.113,98729.73
2026-08-22 23:35:00,28.113,28.125,28.01,28.034,2942.97
2026-08-22 23:40:00,28.034,28.177,28.002,28.059,26565.14
2026-08-22 23:45:00,28.059,28.222,28.055,28.212,58284.26
2026-08-22 23:50:00,28.212,28.232,28.205,28.216,11359.1
2026-08-22 23:55:00,28.216,28.329,28.18,28.315,42745.4
2026-08-23 00:00:00,28.315,28.335,28.306,28.311,37543.56
2026-08-23 00:05:00,28.311,28.4,28.213,28.241,70472.93
2026-08-23 00:10:00,28.241,28.332,28.22,28.307,2670.11
2026-08-23 00:15:00,28.307,28.427,28.258,28.271,75085.46
2026-08-23 00:20:00,28.271,28.357,28.235,28.246,219459.05
2026-08-23 00:25:00,28.246,28.356,28.216,28.327,95853.76
2026-08-23 00:30:00,28.327,28.44,28.283,28.373,40555.04
2026-08-23 00:35:00,28.373,28.459,28.296,28.305,11611.01
2026-08-23 00:40:00,28.305,28.392,28.217,28.237,798974.9
2026-08-23 00:45:00,28.237,28.305,28.185,28.261,26869.08
2026-08-23 00:50:00,28.261,28.393,28.253,28.374,3349.3
2026-08-23 00:55:00,28.374,28.449,28.275,28.296,77601.31
2026-08-23 01:00:00,28.296,28.369,28.211,28.226,281409.14
2026-08-23 01:05:00,28.226,28.302,28.175,28.195,70553.84
2026-08-23 01:10:00,28.195,28.282,28.121,28.171,5549.17
2026-08-23 01:15:00,28.171,28.251,28.095,28.102,141.4
2026-08-23 01:20:00,28.102,28.105,28.034,28.065,25841.86
2026-08-23 01:25:00,28.065,28.073,28.06,28.063,2444.47
2026-08-23 01:30:00,28.063,28.086,28.025,28.072,9656.81
2026-08-23 01:35:00,28.072,28.153,28.018,28.087,30173.64
2026-08-23 01:40:00,28.087,28.115,27.995,28.052,144910.92
2026-08-23 01:45:00,28.052,28.06,27.971,28.01,7581.71
2026-08-23 01:50:00,28.01,28.132,27.956,28.123,58990.99
2026-08-23 01:55:00,28.123,28.145,28.101,28.145,11002.06
2026-08-23 02:00:00,28.145,28.267,28.078,28.251,2266.31
2026-08-23 02:05:00,28.251,28.266,28.213,28.233,150872.54
2026-08-23 02:10:00,28.233,28.285,28.215,28.247,582.56
2026-08-23 02:15:00,28.247,28.281,28.067,28.104,1488.53
2026-08-23 02:20:00,28.104,28.12,28.082,28.085,39345.97
2026-08-23 02:25:00,28.085,28.284,28.068,28.162,12993.17
2026-08-23 02:30:00,28.162,28.172,28.014,28.018,11918.92
2026-08-23 02:35:00,28.018,28.02,27.957,27.99,97192.75
2026-08-23 02:40:00,27.99,28.072,27.973,28.037,64028.21
2026-08-23 02:45:00,28.037,28.101,27.977,28.05,25740.47
2026-08-23 02:50:00,28.05,28.136,28.035,28.134,32688.02
2026-08-23 02:55:00,28.134,28.175,28.045,28.074,97428.12
2026-08-23 03:00:00,28.074,28.141,28.017,28.088,52351.87
2026-08-23 03:05:00,28.088,28.089,27.94,28.002,22361.25
2026-08-23 03:10:00,28.002,28.009,27.85,27.877,10372.24
2026-08-23 03:15:00,27.877,27.963,27.832,27.961,31789.46
2026-08-23 03:20:00,27.961,28.21,27.938,28.11,7254.83
2026-08-23 03:25:00,28.11,28.228,28.033,28.206,5897.62
2026-08-23 03:30:00,28.206,28.356,28.188,28.305,7621.14
2026-08-23 03:35:00,28.305,28.378,28.286,28.368,53204.13
2026-08-23 03:40:00,28.368,28.506,28.357,28.486,30228.57
2026-08-23 03:45:00,28.486,28.531,28.437,28.449,231325.85
2026-08-23 03:50:00,28.449,28.508,28.423,28.424,149630.17
2026-08-23 03:55:00,28.424,28.486,28.353,28.364,119961.85
2026-08-23 04:00:00,28.364,28.417,28.321,28.403,15766.29
2026-08-23 04:05:00,28.403,28.416,28.265,28.34,7423.22
2026-08-23 04:10:00,28.34,28.39,28.294,28.327,5344.3
2026-08-23 04:15:00,28.327,28.381,28.228,28.274,28823.31
2026-08-23 04:20:00,28.274,28.285,28.211,28.219,26174.0
2026-08-23 04:25:00,28.219,28.349,28.195,28.252,39870.14
2026-08-23 04:30:00,28.252,28.409,28.236,28.365,36774.58
2026-08-23 04:35:00,28.365,28.429,28.303,28.424,28411.28
2026-08-23 04:40:00,28.424,28.629,28.415,28.563,33784.27
2026-08-23 04:45:00,28.563,28.58,28.476,28.482,24665.76
2026-08-23 04:50:00,28.482,28.548,28.401,28.455,38668.63
2026-08-23 04:55:00,28.455,28.472,28.391,28.444,31704.19
2026-08-23 05:00:00,28.444,28.509,28.438,28.497,138724.87
2026-08-23 05:05:00,28.497,28.579,28.457,28.52,19811.34
2026-08-23 05:10:00,28.52,28.541,28.503,28.53,4486.29
2026-08-23 05:15:00,28.53,28.621,28.508,28.598,981.91
2026-08-23 05:20:00,28.598,28.664,28.515,28.627,95425.31
2026-08-23 05:25:00,28.627,28.75,28.576,28.594,399715.1
2026-08-23 05:30:00,28.594,28.611,28.579,28.592,51378.66
2026-08-23 05:35:00,28.592,28.725,28.555,28.711,100487.69
2026-08-23 05:40:00,28.711,28.785,28.649,28.762,81162.86
2026-08-23 05:45:00,28.762,28.847,28.657,28.678,22445.58
2026-08-23 05:50:00,28.678,28.73,28.644,28.695,99571.71
2026-08-23 05:55:00,28.695,28.726,28.633,28.702,96654.68
2026-08-23 06:00:00,28.702,28.732,28.612,28.622,27500.19
2026-08-23 06:05:00,28.622,28.679,28.552,28.578,86110.15
2026-08-23 06:10:00,28.578,28.594,28.406,28.461,13667.74
2026-08-23 06:15:00,28.461,28.499,28.438,28.495,157378.64
2026-08-23 06:20:00,28.495,28.571,28.403,28.415,71166.83
2026-08-23 06:25:00,28.415,28.476,28.409,28.466,78659.15
2026-08-23 06:30:00,28.466,28.482,28.435,28.473,55031.58
2026-08-23 06:35:00,28.473,28.57,28.397,28.435,259829.89
2026-08-23 06:40:00,28.435,28.451,28.381,28.388,9840.97
2026-08-23 06:45:00,28.388,28.414,28.294,28.323,8202.13
2026-08-23 06:50:00,28.323,28.43,28.217,28.238,273903.13
2026-08-23 06:55:00,28.238,28.28,28.038,28.12,17665.69
2026-08-23 07:00:00,28.12,28.122,28.004,28.042,7680.9
2026-08-23 07:05:00,28.042,28.084,28.012,28.026,116784.69
2026-08-23 07:10:00,28.026,28.061,27.925,27.965,26203.06
2026-08-23 07:15:00,27.965,28.085,27.901,28.037,79589.87
2026-08-23 07:20:00,28.037,28.094,27.901,27.947,120692.36
2026-08-23 07:25:00,27.947,27.994,27.902,27.974,31782.88
2026-08-23 07:30:00,27.974,27.987,27.825,27.896,107129.73
2026-08-23 07:35:00,27.896,27.937,27.804,27.928,76134.02
2026-08-23 07:40:00,27.928,27.978,27.924,27.959,866.36
2026-08-23 07:45:00,27.959,28.016,27.857,28.007,178737.38
2026-08-23 07:50:00,28.007,28.086,27.992,28.032,182452.19
2026-08-23 07:55:00,28.032,28.065,28.017,28.057,41336.45
2026-08-23 08:00:00,28.057,28.072,27.937,28.018,170920.85
2026-08-23 08:05:00,28.018,28.052,27.854,27.945,90204.1
2026-08-23 08:10:00,27.945,28.009,27.903,27.995,78328.4
2026-08-23 08:15:00,27.995,27.997,27.921,27.923,14173.01
2026-08-23 08:20:00,27.923,28.046,27.891,28.024,54395.43
2026-08-23 08:25:00,28.024,28.108,27.894,27.905,135236.55
2026-08-23 08:30:00,27.905,27.972,27.829,27.844,111621.31
2026-08-23 08:35:00,27.844,27.899,27.777,27.886,299731.91
2026-08-23 08:40:00,27.886,28.06,27.816,28.001,89743.51
2026-08-23 08:45:00,28.001,28.052,27.894,28.031,158836.52
2026-08-23 08:50:00,28.031,28.107,27.913,27.953,51765.41
2026-08-23 08:55:00,27.953,28.033,27.93,27.967,80295.18
2026-08-23 09:00:00,27.967,27.991,27.898,27.962,124953.75
2026-08-23 09:05:00,27.962,28.091,27.878,27.93,34337.51
2026-08-23 09:10:00,27.93,27.976,27.879,27.891,3454.05
2026-08-23 09:15:00,27.891,27.989,27.824,27.967,295136.17
2026-08-23 09:20:00,27.967,28.006,27.882,27.989,142874.79
2026-08-23 09:25:00,27.989,28.007,27.881,27.917,9641.9
2026-08-23 09:30:00,27.917,27.966,27.792,27.956,52378.55
2026-08-23 09:35:00,27.956,27.999,27.913,27.985,376937.05
2026-08-23 09:40:00,27.985,28.098,27.977,28.075,23261.99
2026-08-23 09:45:00,28.075,28.096,27.96,27.997,16668.53
2026-08-23 09:50:00,27.997,27.998,27.89,27.952,261.93
2026-08-23 09:55:00,27.952,28.039,27.866,27.998,4476.24
2026-08-23 10:00:00,27.998,28.068,27.966,28.059,177107.97
2026-08-23 10:05:00,28.059,28.089,27.915,27.917,109965.08
2026-08-23 10:10:00,27.917,27.966,27.884,27.928,104682.91
2026-08-23 10:15:00,27.928,27.962,27.732,27.861,122462.39
2026-08-23 10:20:00,27.861,27.869,27.817,27.842,43439.62
2026-08-23 10:25:00,27.842,28.018,27.81,27.897,90034.22
2026-08-23 10:30:00,27.897,27.917,27.894,27.916,5041.7
2026-08-23 10:35:00,27.916,27.996,27.852,27.97,114345.7
2026-08-23 10:40:00,27.97,28.005,27.906,27.98,83298.14
2026-08-23 10:45:00,27.98,28.105,27.92,28.065,61595.38
2026-08-23 10:50:00,28.065,28.119,28.022,28.096,100546.23
2026-08-23 10:55:00,28.096,28.099,27.983,27.995,9217.06
2026-08-23 11:00:00,27.995,28.088,27.95,28.079,23768.13
2026-08-23 11:05:00,28.079,28.087,27.956,27.966,150300.73
2026-08-23 11:10:00,27.966,28.008,27.858,27.992,31738.69
2026-08-23 11:15:00,27.992,28.098,27.931,28.056,63965.26
2026-08-23 11:20:00,28.056,28.076,28.048,28.05,85770.86
2026-08-23 11:25:00,28.05,28.056,27.957,28.023,32965.11
2026-08-23 11:30:00,28.023,28.169,27.976,28.139,52346.26
2026-08-23 11:35:00,28.139,28.202,28.067,28.092,54365.76
2026-08-23 11:40:00,28.092,28.11,28.043,28.084,186754.36
2026-08-23 11:45:00,28.084,28.141,28.04,28.121,23007.32
2026-08-23 11:50:00,28.121,28.16,28.087,28.117,2885.06
2026-08-23 11:55:00,28.117,28.127,28.071,28.08,55391.75
2026-08-23 12:00:00,28.08,28.141,28.065,28.098,43012.86
2026-08-23 12:05:00,28.098,28.164,27.929,27.982,78973.91
2026-08-23 12:10:00,27.982,28.059,27.949,28.018,15970.11
2026-08-23 12:15:00,28.018,28.049,27.915,27.92,13839.22
2026-08-23 12:20:00,27.92,27.967,27.803,27.845,7934.61
2026-08-23 12:25:00,27.845,27.874,27.774,27.785,113118.98
2026-08-23 12:30:00,27.785,27.832,27.715,27.822,62976.05
2026-08-23 12:35:00,27.822,27.964,27.794,27.938,1953.93
2026-08-23 12:40:00,27.938,27.999,27.871,27.976,2330.89
2026-08-23 12:45:00,27.976,28.05,27.793,27.815,86907.19
2026-08-23 12:50:00,27.815,27.868,27.744,27.844,1112.25
2026-08-23 12:55:00,27.844,27.915,27.79,27.832,22699.2
2026-08-23 13:00:00,27.832,27.956,27.728,27.941,71695.2
2026-08-23 13:05:00,27.941,27.948,27.845,27.914,30854.95
2026-08-23 13:10:00,27.914,28.018,27.76,27.824,89692.74
2026-08-23 13:15:00,27.824,27.904,27.703,27.893,302893.34
2026-08-23 13:20:00,27.893,27.958,27.837,27.874,71992.66
2026-08-23 13:25:00,27.874,27.914,27.827,27.903,223517.33
2026-08-23 13:30:00,27.903,27.994,27.835,27.958,109585.15
2026-08-23 13:35:00,27.958,28.036,27.942,27.982,31770.74
2026-08-23 13:40:00,27.982,28.025,27.903,28.021,84922.11
2026-08-23 13:45:00,28.021,28.042,27.855,27.881,83106.09
2026-08-23 13:50:00,27.881,27.909,27.781,27.795,54867.84
2026-08-23 13:55:00,27.795,27.899,27.737,27.868,4858.97
2026-08-23 14:00:00,27.868,27.949,27.852,27.903,84195.2
2026-08-23 14:05:00,27.903,27.971,27.854,27.896,153321.53
2026-08-23 14:10:00,27.896,28.09,27.854,28.087,695.13
2026-08-23 14:15:00,28.087,28.141,27.925,27.93,98138.27
2026-08-23 14:20:00,27.93,27.959,27.755,27.86,13127.05
2026-08-23 14:25:00,27.86,27.961,27.742,27.935,181257.1
2026-08-23 14:30:00,27.935,28.02,27.92,27.972,72201.74
2026-08-23 14:35:00,27.972,28.028,27.885,28.024,45231.24
2026-08-23 14:40:00,28.024,28.055,27.958,27.96,8923.36
2026-08-23 14:45:00,27.96,28.042,27.933,28.017,22630.12
2026-08-23 14:50:00,28.017,28.025,27.934,27.946,6674.87
2026-08-23 14:55:00,27.946,27.946,27.882,27.92,345373.46
2026-08-23 15:00:00,27.92,27.943,27.812,27.862,16777.99
2026-08-23 15:05:00,27.862,27.887,27.791,27.824,9495.16
2026-08-23 15:10:00,27.824,27.882,27.781,27.851,10079.52
2026-08-23 15:15:00,27.851,27.869,27.683,27.759,33018.52
2026-08-23 15:20:00,27.759,27.831,27.726,27.812,486.16
2026-08-23 15:25:00,27.812,27.824,27.729,27.754,65200.67
2026-08-23 15:30:00,27.754,27.819,27.672,27.692,21276.49
2026-08-23 15:35:00,27.692,27.745,27.588,27.697,46597.8
2026-08-23 15:40:00,27.697,27.749,27.573,27.722,92259.58
2026-08-23 15:45:00,27.722,27.785,27.713,27.749,27825.56
2026-08-23 15:50:00,27.749,27.784,27.703,27.727,40874.77
2026-08-23 15:55:00,27.727,27.792,27.638,27.672,31077.49
2026-08-23 16:00:00,27.672,27.678,27.624,27.641,171955.75
2026-08-23 16:05:00,27.641,27.687,27.633,27.642,242775.91
2026-08-23 16:10:00,27.642,27.689,27.573,27.668,5057.08
2026-08-23 16:15:00,27.668,27.763,27.631,27.69,91517.9
2026-08-23 16:20:00,27.69,27.695,27.66,27.686,192611.57
2026-08-23 16:25:00,27.686,27.755,27.672,27.724,122544.79
2026-08-23 16:30:00,27.724,27.787,27.651,27.762,13580.72
2026-08-23 16:35:00,27.762,27.816,27.64,27.791,270318.57
2026-08-23 16:40:00,27.791,27.835,27.742,27.762,37784.84
2026-08-23 16:45:00,27.762,27.832,27.65,27.804,83603.73
2026-08-23 16:50:00,27.804,27.896,27.719,27.877,248583.65
2026-08-23 16:55:00,27.877,27.897,27.736,27.807,20981.93
2026-08-23 17:00:00,27.807,27.845,27.76,27.839,1643.31
2026-08-23 17:05:00,27.839,27.86,27.8,27.843,12037.9
2026-08-23 17:10:00,27.843,27.989,27.825,27.95,23561.18
2026-08-23 17:15:00,27.95,27.989,27.768,27.829,9625.62
2026-08-23 17:20:00,27.829,27.983,27.813,27.957,33293.36
2026-08-23 17:25:00,27.957,28.094,27.951,28.04,30138.44
2026-08-23 17:30:00,28.04,28.116,28.039,28.071,9724.67
2026-08-23 17:35:00,28.071,28.116,28.027,28.114,46584.18
2026-08-23 17:40:00,28.114,28.155,28.009,28.033,6116.26
2026-08-23 17:45:00,28.033,28.046,28.015,28.023,48414.61
2026-08-23 17:50:00,28.023,28.076,27.974,27.996,73684.75
2026-08-23 17:55:00,27.996,28.002,27.903,27.914,27585.74
2026-08-23 18:00:00,27.914,27.95,27.834,27.845,8353.33
2026-08-23 18:05:00,27.845,28.071,27.845,28.044,9338.94
2026-08-23 18:10:00,28.044,28.104,27.922,27.97,17486.57
2026-08-23 18:15:00,27.97,28.039,27.969,28.02,128478.59
2026-08-23 18:20:00,28.02,28.07,27.974,27.995,5531.46
2026-08-23 18:25:00,27.995,28.083,27.98,27.982,23405.49
2026-08-23 18:30:00,27.982,28.074,27.958,28.053,172097.52
2026-08-23 18:35:00,28.053,28.111,28.03,28.08,62233.19
2026-08-23 18:40:00,28.08,28.168,28.069,28.154,31966.34
2026-08-23 18:45:00,28.154,28.226,28.09,28.111,308190.14
2026-08-23 18:50:00,28.111,28.131,28.03,28.097,56328.1
2026-08-23 18:55:00,28.097,28.192,27.997,28.021,485537.72
2026-08-23 19:00:00,28.021,28.031,27.885,27.92,6812.72
2026-08-23 19:05:00,27.92,27.924,27.879,27.916,122155.63
2026-08-23 19:10:00,27.916,28.009,27.913,27.958,84833.92
2026-08-23 19:15:00,27.958,28.096,27.895,27.984,102200.25
2026-08-23 19:20:00,27.984,28.01,27.958,28.004,85019.25
2026-08-23 19:25:00,28.004,28.125,27.928,28.068,22807.92
2026-08-23 19:30:00,28.068,28.119,28.043,28.089,88224.52
2026-08-23 19:35:00,28.089,28.183,28.067,28.161,41855.28
2026-08-23 19:40:00,28.161,28.222,28.075,28.09,17355.07
2026-08-23 19:45:00,28.09,28.141,28.021,28.076,63936.74
2026-08-23 19:50:00,28.076,28.095,27.939,28.014,36471.36
2026-08-23 19:55:00,28.014,28.022,27.874,27.924,121412.62
2026-08-23 20:00:00,27.924,27.974,27.792,27.869,17884.38
2026-08-23 20:05:00,27.869,27.909,27.814,27.907,74780.65
2026-08-23 20:10:00,27.907,27.948,27.81,27.857,30125.47
2026-08-23 20:15:00,27.857,27.894,27.826,27.86,25775.91
2026-08-23 20:20:00,27.86,27.954,27.807,27.94,40876.16
2026-08-23 20:25:00,27.94,28.048,27.932,27.998,214856.06
2026-08-23 20:30:00,27.998,28.02,27.867,27.874,60223.51
2026-08-23 20:35:00,27.874,27.875,27.723,27.805,18308.38
2026-08-23 20:40:00,27.805,27.851,27.748,27.822,190425.4
2026-08-23 20:45:00,27.822,27.898,27.809,27.86,127091.27
2026-08-23 20:50:00,27.86,27.893,27.853,27.888,71053.67
2026-08-23 20:55:00,27.888,27.89,27.772,27.805,22017.29
2026-08-23 21:00:00,27.805,27.811,27.787,27.793,95985.88
2026-08-23 21:05:00,27.793,27.812,27.749,27.796,69921.93
2026-08-23 21:10:00,27.796,27.796,27.693,27.764,64586.62
2026-08-23 21:15:00,27.764,27.768,27.652,27.708,297.2
2026-08-23 21:20:00,27.708,27.712,27.486,27.545,173708.53
2026-08-23 21:25:00,27.545,27.603,27.423,27.592,40495.19
2026-08-23 21:30:00,27.592,27.635,27.528,27.584,140362.8
2026-08-23 21:35:00,27.584,27.633,27.462,27.533,1634.4
2026-08-23 21:40:00,27.533,27.634,27.478,27.607,88927.68
2026-08-23 21:45:00,27.607,27.664,27.494,27.638,81554.38
2026-08-23 21:50:00,27.638,27.693,27.516,27.68,239529.57
2026-08-23 21:55:00,27.68,27.723,27.632,27.721,12446.8
2026-08-23 22:00:00,27.721,27.724,27.658,27.689,74334.96
2026-08-23 22:05:00,27.689,27.765,27.623,27.638,2995.83
2026-08-23 22:10:00,27.638,27.657,27.487,27.542,11984.07
2026-08-23 22:15:00,27.542,27.686,27.516,27.662,193879.53
2026-08-23 22:20:00,27.662,27.726,27.6,27.702,107443.67
2026-08-23 22:25:00,27.702,27.757,27.569,27.668,220217.56
2026-08-23 22:30:00,27.668,27.731,27.561,27.712,3959.66
2026-08-23 22:35:00,27.712,27.803,27.668,27.758,7645.03
2026-08-23 22:40:00,27.758,27.792,27.613,27.675,10390.31
2026-08-23 22:45:00,27.675,27.777,27.652,27.713,237432.35
2026-08-23 22:50:00,27.713,27.714,27.588,27.621,98778.23
2026-08-23 22:55:00,27.621,27.646,27.591,27.591,10713.94
2026-08-23 23:00:00,27.591,27.671,27.538,27.653,271416.34
2026-08-23 23:05:00,27.653,27.703,27.581,27.679,118803.8
2026-08-23 23:10:00,27.679,27.771,27.586,27.75,11566.19
2026-08-23 23:15:00,27.75,27.96,27.714,27.9,53662.15
2026-08-23 23:20:00,27.9,27.925,27.768,27.816,20118.29
2026-08-23 23:25:00,27.816,27.9,27.71,27.711,51089.69
2026-08-23 23:30:00,27.711,27.727,27.655,27.66,4389.77
2026-08-23 23:35:00,27.66,27.689,27.521,27.544,87128.73
2026-08-23 23:40:00,27.544,27.565,27.496,27.502,31538.73
2026-08-23 23:45:00,27.502,27.507,27.435,27.469,10329.52
2026-08-23 23:50:00,27.469,27.626,27.411,27.583,272656.38
2026-08-23 23:55:00,27.583,27.674,27.571,27.666,40554.48
2026-08-24 00:00:00,27.666,27.722,27.647,27.654,96760.41
2026-08-24 00:05:00,27.654,27.782,27.633,27.746,2760.7
2026-08-24 00:10:00,27.746,27.799,27.739,27.789,19873.38
2026-08-24 00:15:00,27.789,27.82,27.678,27.759,119649.14
2026-08-24 00:20:00,27.759,27.845,27.744,27.826,118858.35
2026-08-24 00:25:00,27.826,27.854,27.698,27.743,267309.54
2026-08-24 00:30:00,27.743,27.748,27.73,27.738,18881.75
2026-08-24 00:35:00,27.738,27.768,27.737,27.756,29176.54
2026-08-24 00:40:00,27.756,27.801,27.672,27.782,35310.23
2026-08-24 00:45:00,27.782,27.783,27.695,27.737,36292.01
2026-08-24 00:50:00,27.737,27.781,27.573,27.58,20404.25
2026-08-24 00:55:00,27.58,27.61,27.566,27.578,4293.62
2026-08-24 01:00:00,27.578,27.633,27.466,27.618,134440.61
2026-08-24 01:05:00,27.618,27.651,27.568,27.585,36553.86
2026-08-24 01:10:00,27.585,27.63,27.489,27.617,166948.65
2026-08-24 01:15:00,27.617,27.655,27.589,27.619,12002.92
2026-08-24 01:20:00,27.619,27.66,27.485,27.588,8237.48
2026-08-24 01:25:00,27.588,27.646,27.524,27.623,4994.38
2026-08-24 01:30:00,27.623,27.747,27.552,27.739,31602.7
2026-08-24 01:35:00,27.739,27.877,27.702,27.838,130425.4
2026-08-24 01:40:00,27.838,27.845,27.777,27.78,19822.62
2026-08-24 01:45:00,27.78,27.798,27.67,27.73,45162.04
2026-08-24 01:50:00,27.73,27.752,27.55,27.646,65048.88
2026-08-24 01:55:00,27.646,27.647,27.581,27.623,984.46
2026-08-24 02:00:00,27.623,27.627,27.565,27.607,56225.08
2026-08-24 02:05:00,27.607,27.664,27.552,27.638,3856.36
2026-08-24 02:10:00,27.638,27.777,27.543,27.74,56615.51
2026-08-24 02:15:00,27.74,27.799,27.704,27.756,99361.0
2026-08-24 02:20:00,27.756,27.857,27.755,27.827,7948.59
2026-08-24 02:25:00,27.827,27.912,27.818,27.86,10638.98
2026-08-24 02:30:00,27.86,27.953,27.828,27.92,115633.46
2026-08-24 02:35:00,27.92,28.064,27.919,28.029,30536.53
2026-08-24 02:40:00,28.029,28.126,28.008,28.093,17393.38
2026-08-24 02:45:00,28.093,28.141,28.07,28.117,55021.37
2026-08-24 02:50:00,28.117,28.285,28.103,28.191,4635.16
2026-08-24 02:55:00,28.191,28.197,28.009,28.084,30910.2
2026-08-24 03:00:00,28.084,28.101,27.996,28.01,200343.78
2026-08-24 03:05:00,28.01,28.025,27.89,27.939,132352.98
2026-08-24 03:10:00,27.939,27.941,27.808,27.838,51634.06
2026-08-24 03:15:00,27.838,27.934,27.812,27.908,4979.18
2026-08-24 03:20:00,27.908,27.993,27.882,27.99,88981.47
2026-08-24 03:25:00,27.99,28.06,27.987,28.021,26385.71
2026-08-24 03:30:00,28.021,28.121,28.006,28.102,56022.31
2026-08-24 03:35:00,28.102,28.155,28.086,28.121,3776.95
2026-08-24 03:40:00,28.121,28.173,28.055,28.167,11373.69
2026-08-24 03:45:00,28.167,28.21,28.04,28.102,5583.09
2026-08-24 03:50:00,28.102,28.187,27.994,28.083,162.51
2026-08-24 03:55:00,28.083,28.137,28.069,28.125,55962.56
2026-08-24 04:00:00,28.125,28.265,28.099,28.245,80528.68
2026-08-24 04:05:00,28.245,28.308,28.143,28.172,14259.46
2026-08-24 04:10:00,28.172,28.247,28.148,28.246,32433.03
2026-08-24 04:15:00,28.246,28.286,28.182,28.213,893.52
2026-08-24 04:20:00,28.213,28.215,28.055,28.092,17665.67
2026-08-24 04:25:00,28.092,28.147,28.021,28.126,30750.45
2026-08-24 04:30:00,28.126,28.176,28.028,28.141,20366.97
2026-08-24 04:35:00,28.141,28.2,28.108,28.188,42045.99
2026-08-24 04:40:00,28.188,28.232,28.107,28.121,80386.91
2026-08-24 04:45:00,28.121,28.184,28.057,28.06,70143.91
2026-08-24 04:50:00,28.06,28.087,27.955,28.01,18330.63
2026-08-24 04:55:00,28.01,28.02,27.954,27.992,3723.74
2026-08-24 05:00:00,27.992,27.999,27.93,27.998,53551.52
2026-08-24 05:05:00,27.998,28.029,27.91,27.955,13472.13
2026-08-24 05:10:00,27.955,27.974,27.848,27.885,3056.73
2026-08-24 05:15:00,27.885,27.93,27.815,27.883,113747.48
2026-08-24 05:20:00,27.883,27.926,27.815,27.817,48874.23
2026-08-24 05:25:00,27.817,27.817,27.706,27.767,147135.33
2026-08-24 05:30:00,27.767,27.831,27.752,27.816,17182.25
2026-08-24 05:35:00,27.816,27.868,27.653,27.695,46025.92
2026-08-24 05:40:00,27.695,27.781,27.664,27.694,15077.08
2026-08-24 05:45:00,27.694,27.764,27.643,27.676,53692.61
2026-08-24 05:50:00,27.676,27.864,27.676,27.748,16654.66
2026-08-24 05:55:00,27.748,27.758,27.71,27.721,33084.82
2026-08-24 06:00:00,27.721,27.737,27.719,27.735,36163.63
2026-08-24 06:05:00,27.735,27.79,27.698,27.715,129948.36
2026-08-24 06:10:00,27.715,27.731,27.683,27.709,161906.39
2026-08-24 06:15:00,27.709,27.784,27.533,27.569,32092.37
2026-08-24 06:20:00,27.569,27.586,27.519,27.521,14936.46
2026-08-24 06:25:00,27.521,27.614,27.499,27.522,471.04
2026-08-24 06:30:00,27.522,27.561,27.425,27.551,616443.61
2026-08-24 06:35:00,27.551,27.571,27.435,27.47,26197.3
2026-08-24 06:40:00,27.47,27.515,27.399,27.502,97330.86
2026-08-24 06:45:00,27.502,27.568,27.498,27.566,38157.87
2026-08-24 06:50:00,27.566,27.715,27.554,27.698,239400.81
2026-08-24 06:55:00,27.698,27.822,27.638,27.746,120255.47
2026-08-24 07:00:00,27.746,27.766,27.699,27.71,30192.2
2026-08-24 07:05:00,27.71,27.743,27.626,27.688,80348.66
2026-08-24 07:10:00,27.688,27.715,27.645,27.71,156779.57
2026-08-24 07:15:00,27.71,27.769,27.666,27.75,39105.03
2026-08-24 07:20:00,27.75,27.769,27.713,27.736,69636.76
2026-08-24 07:25:00,27.736,27.8,27.676,27.798,54353.73
2026-08-24 07:30:00,27.798,27.833,27.681,27.709,79509.41
2026-08-24 07:35:00,27.709,27.786,27.685,27.781,919.45
2026-08-24 07:40:00,27.781,27.89,27.78,27.869,19259.32
2026-08-24 07:45:00,27.869,27.883,27.834,27.868,4315.62
2026-08-24 07:50:00,27.868,27.97,27.862,27.916,16454.56
2026-08-24 07:55:00,27.916,27.979,27.773,27.833,82168.65
2026-08-24 08:00:00,27.833,27.931,27.771,27.909,27293.02
2026-08-24 08:05:00,27.909,27.937,27.779,27.877,7050.74
2026-08-24 08:10:00,27.877,28.03,27.819,27.83,38611.14
2026-08-24 08:15:00,27.83,28.02,27.756,27.949,87338.87
2026-08-24 08:20:00,27.949,27.999,27.848,27.863,23834.18
2026-08-24 08:25:00,27.863,27.911,27.835,27.847,21752.46
2026-08-24 08:30:00,27.847,27.86,27.821,27.859,31358.96
2026-08-24 08:35:00,27.859,27.915,27.735,27.76,107676.96
2026-08-24 08:40:00,27.76,27.828,27.689,27.693,48052.87
2026-08-24 08:45:00,27.693,27.7,27.644,27.697,23059.08
2026-08-24 08:50:00,27.697,27.772,27.691,27.755,143909.13
2026-08-24 08:55:00,27.755,27.764,27.67,27.726,50964.23
2026-08-24 09:00:00,27.726,27.823,27.638,27.667,168748.93
2026-08-24 09:05:00,27.667,27.759,27.665,27.71,31711.66
2026-08-24 09:10:00,27.71,27.75,27.621,27.642,24878.8
2026-08-24 09:15:00,27.642,27.73,27.625,27.692,10470.35
2026-08-24 09:20:00,27.692,27.775,27.649,27.722,82704.63
2026-08-24 09:25:00,27.722,27.792,27.694,27.772,44592.94
2026-08-24 09:30:00,27.772,27.832,27.701,27.739,360.54
2026-08-24 09:35:00,27.739,27.81,27.663,27.705,5081.01
2026-08-24 09:40:00,27.705,27.726,27.66,27.7,134603.25
2026-08-24 09:45:00,27.7,27.781,27.667,27.778,14873.45
2026-08-24 09:50:00,27.778,27.981,27.68,27.91,18932.15
2026-08-24 09:55:00,27.91,27.923,27.725,27.771,244314.59
2026-08-24 10:00:00,27.771,27.848,27.672,27.71,32504.32
2026-08-24 10:05:00,27.71,27.713,27.673,27.685,29387.83
2026-08-24 10:10:00,27.685,27.721,27.629,27.664,2423.74
2026-08-24 10:15:00,27.664,27.685,27.597,27.615,65080.94
2026-08-24 10:20:00,27.615,27.674,27.607,27.638,43474.91
2026-08-24 10:25:00,27.638,27.669,27.575,27.598,119555.93
2026-08-24 10:30:00,27.598,27.607,27.537,27.561,8073.44
2026-08-24 10:35:00,27.561,27.637,27.505,27.621,25070.23
2026-08-24 10:40:00,27.621,27.647,27.6,27.613,9145.34
2026-08-24 10:45:00,27.613,27.773,27.581,27.703,9930.3
2026-08-24 10:50:00,27.703,27.874,27.632,27.827,24369.38
2026-08-24 10:55:00,27.827,27.925,27.784,27.803,14925.87
2026-08-24 11:00:00,27.803,27.836,27.701,27.756,212205.88
2026-08-24 11:05:00,27.756,27.884,27.693,27.812,94077.2
2026-08-24 11:10:00,27.812,27.953,27.784,27.933,233138.93
2026-08-24 11:15:00,27.933,27.964,27.923,27.951,23957.78
2026-08-24 11:20:00,27.951,28.005,27.924,28.004,21235.82
2026-08-24 11:25:00,28.004,28.028,27.763,27.787,23334.86
2026-08-24 11:30:00,27.787,27.844,27.686,27.732,152101.67
2026-08-24 11:35:00,27.732,27.783,27.726,27.753,42299.54
2026-08-24 11:40:00,27.753,27.841,27.713,27.786,2500.18
2026-08-24 11:45:00,27.786,27.797,27.726,27.73,45324.68
2026-08-24 11:50:00,27.73,27.739,27.551,27.596,25198.04
2026-08-24 11:55:00,27.596,27.742,27.587,27.662,3418.99
2026-08-24 12:00:00,27.662,27.673,27.501,27.547,26701.75
2026-08-24 12:05:00,27.547,27.57,27.456,27.5,22286.02
2026-08-24 12:10:00,27.5,27.521,27.422,27.446,1216.11
2026-08-24 12:15:00,27.446,27.544,27.397,27.528,255676.97
2026-08-24 12:20:00,27.528,27.612,27.458,27.6,10154.33
2026-08-24 12:25:00,27.6,27.693,27.488,27.668,233129.44
2026-08-24 12:30:00,27.668,27.686,27.563,27.584,62533.92
2026-08-24 12:35:00,27.584,27.655,27.574,27.624,83151.73
2026-08-24 12:40:00,27.624,27.683,27.542,27.543,12130.63
2026-08-24 12:45:00,27.543,27.627,27.521,27.601,195665.91
2026-08-24 12:50:00,27.601,27.72,27.575,27.685,22068.08
2026-08-24 12:55:00,27.685,27.834,27.647,27.743,1565.03
2026-08-24 13:00:00,27.743,27.777,27.722,27.769,69518.1
2026-08-24 13:05:00,27.769,27.846,27.71,27.726,3878.51
2026-08-24 13:10:00,27.726,27.739,27.637,27.684,16702.74
2026-08-24 13:15:00,27.684,27.868,27.622,27.845,121453.94
2026-08-24 13:20:00,27.845,27.931,27.837,27.917,20476.35
2026-08-24 13:25:00,27.917,28.024,27.885,27.948,104745.34
2026-08-24 13:30:00,27.948,27.975,27.904,27.95,5773.96
2026-08-24 13:35:00,27.95,28.031,27.893,27.901,29218.72
2026-08-24 13:40:00,27.901,27.942,27.888,27.94,41665.43
2026-08-24 13:45:00,27.94,27.983,27.822,27.88,24363.43
2026-08-24 13:50:00,27.88,27.894,27.86,27.887,14069.35
2026-08-24 13:55:00,27.887,27.96,27.654,27.72,10063.85
2026-08-24 14:00:00,27.72,27.779,27.695,27.75,32118.43
2026-08-24 14:05:00,27.75,27.812,27.749,27.795,65068.68
2026-08-24 14:10:00,27.795,27.857,27.744,27.831,158312.73
2026-08-24 14:15:00,27.831,27.914,27.748,27.879,166006.41
2026-08-24 14:20:00,27.879,27.937,27.865,27.877,72396.24
2026-08-24 14:25:00,27.877,27.895,27.856,27.877,28467.1
2026-08-24 14:30:00,27.877,27.938,27.703,27.799,88635.32
2026-08-24 14:35:00,27.799,27.911,27.723,27.883,95193.91
2026-08-24 14:40:00,27.883,27.933,27.869,27.883,203800.1
2026-08-24 14:45:00,27.883,28.124,27.866,28.023,8833.55
2026-08-24 14:50:00,28.023,28.037,27.882,27.903,54905.13
2026-08-24 14:55:00,27.903,27.919,27.703,27.757,47101.54
2026-08-24 15:00:00,27.757,27.813,27.705,27.767,1324.49
2026-08-24 15:05:00,27.767,27.771,27.605,27.607,8008.9
2026-08-24 15:10:00,27.607,27.674,27.56,27.664,563369.19
2026-08-24 15:15:00,27.664,27.706,27.628,27.673,63381.27
2026-08-24 15:20:00,27.673,27.681,27.611,27.622,57912.2
2026-08-24 15:25:00,27.622,27.669,27.558,27.58,36455.18
2026-08-24 15:30:00,27.58,27.706,27.522,27.65,5465.3
2026-08-24 15:35:00,27.65,27.694,27.635,27.684,109164.79
2026-08-24 15:40:00,27.684,27.705,27.577,27.6,91582.13
2026-08-24 15:45:00,27.6,27.613,27.591,27.598,607.9
2026-08-24 15:50:00,27.598,27.621,27.575,27.584,34327.64
2026-08-24 15:55:00,27.584,27.608,27.573,27.606,38881.34
2026-08-24 16:00:00,27.606,27.7,27.559,27.689,35327.02
2026-08-24 16:05:00,27.689,27.844,27.644,27.824,18783.19
2026-08-24 16:10:00,27.824,27.972,27.822,27.906,30646.58
2026-08-24 16:15:00,27.906,27.908,27.867,27.877,139331.79
2026-08-24 16:20:00,27.877,28.004,27.856,27.936,184447.56
2026-08-24 16:25:00,27.936,27.959,27.803,27.898,23542.23
2026-08-24 16:30:00,27.898,27.993,27.893,27.932,85978.27
2026-08-24 16:35:00,27.932,27.948,27.906,27.908,10034.47
2026-08-24 16:40:00,27.908,27.968,27.872,27.939,24771.22
2026-08-24 16:45:00,27.939,28.077,27.91,27.96,11220.62
2026-08-24 16:50:00,27.96,27.997,27.907,27.946,22279.57
2026-08-24 16:55:00,27.946,27.999,27.918,27.992,73984.9
2026-08-24 17:00:00,27.992,28.057,27.924,27.954,26404.68
2026-08-24 17:05:00,27.954,28.007,27.929,27.987,92450.17
2026-08-24 17:10:00,27.987,28.025,27.909,27.92,12107.36
2026-08-24 17:15:00,27.92,27.978,27.893,27.945,123585.4
2026-08-24 17:20:00,27.945,28.018,27.869,27.907,53636.87
2026-08-24 17:25:00,27.907,28.036,27.862,27.927,44850.83
2026-08-24 17:30:00,27.927,28.012,27.847,28.006,36112.26
2026-08-24 17:35:00,28.006,28.091,27.92,27.935,14923.83
2026-08-24 17:40:00,27.935,27.997,27.872,27.875,78242.52
2026-08-24 17:45:00,27.875,27.895,27.857,27.881,95517.73
2026-08-24 17:50:00,27.881,27.913,27.81,27.89,65100.39
2026-08-24 17:55:00,27.89,27.904,27.835,27.839,17136.72
2026-08-24 18:00:00,27.839,27.871,27.736,27.755,47992.73
2026-08-24 18:05:00,27.755,27.78,27.748,27.778,44579.16
2026-08-24 18:10:00,27.778,27.806,27.604,27.637,48921.01
2026-08-24 18:15:00,27.637,27.689,27.618,27.637,202999.55
2026-08-24 18:20:00,27.637,27.715,27.601,27.635,29603.64
2026-08-24 18:25:00,27.635,27.663,27.627,27.658,46667.82
2026-08-24 18:30:00,27.658,27.719,27.584,27.695,17794.32
2026-08-24 18:35:00,27.695,27.733,27.561,27.623,36557.32
2026-08-24 18:40:00,27.623,27.698,27.494,27.566,223412.85
2026-08-24 18:45:00,27.566,27.737,27.529,27.728,13956.86
2026-08-24 18:50:00,27.728,27.848,27.596,27.633,60775.07
2026-08-24 18:55:00,27.633,27.811,27.609,27.724,209.51
2026-08-24 19:00:00,27.724,27.764,27.69,27.735,7103.72
2026-08-24 19:05:00,27.735,27.798,27.656,27.79,37401.06
2026-08-24 19:10:00,27.79,27.892,27.749,27.835,12477.78
2026-08-24 19:15:00,27.835,27.898,27.763,27.892,3274.92
2026-08-24 19:20:00,27.892,27.902,27.847,27.872,2734.2
2026-08-24 19:25:00,27.872,27.988,27.823,27.932,30437.96
2026-08-24 19:30:00,27.932,28.0,27.897,27.91,46289.03
2026-08-24 19:35:00,27.91,27.999,27.836,27.853,13729.69
2026-08-24 19:40:00,27.853,27.94,27.818,27.904,61101.79
2026-08-24 19:45:00,27.904,27.938,27.815,27.896,5219.51
2026-08-24 19:50:00,27.896,27.983,27.883,27.932,129365.21
2026-08-24 19:55:00,27.932,28.063,27.898,28.062,46290.55
2026-08-24 20:00:00,28.062,28.081,27.98,28.034,59297.72
2026-08-24 20:05:00,28.034,28.225,27.983,28.191,43549.17
2026-08-24 20:10:00,28.191,28.244,28.098,28.115,28317.19
2026-08-24 20:15:00,28.115,28.173,28.097,28.157,8690.99
2026-08-24 20:20:00,28.157,28.198,27.933,28.002,16710.2
2026-08-24 20:25:00,28.002,28.053,27.929,27.956,162178.95
2026-08-24 20:30:00,27.956,28.0,27.905,27.931,597328.35
2026-08-24 20:35:00,27.931,28.006,27.867,27.943,15152.18
2026-08-24 20:40:00,27.943,28.0,27.916,27.921,17365.87
2026-08-24 20:45:00,27.921,27.962,27.897,27.945,77168.28
2026-08-24 20:50:00,27.945,27.991,27.907,27.986,12498.64
2026-08-24 20:55:00,27.986,28.085,27.939,27.961,177369.01
2026-08-24 21:00:00,27.961,28.11,27.941,28.029,52962.88
2026-08-24 21:05:00,28.029,28.039,27.996,28.03,88000.76
2026-08-24 21:10:00,28.03,28.045,27.96,28.011,27795.36
2026-08-24 21:15:00,28.011,28.108,27.938,27.956,66543.98
2026-08-24 21:20:00,27.956,27.978,27.942,27.953,36140.79
2026-08-24 21:25:00,27.953,28.056,27.947,28.034,27014.46
2026-08-24 21:30:00,28.034,28.119,28.033,28.066,89130.3
2026-08-24 21:35:00,28.066,28.134,27.976,27.994,117536.26
2026-08-24 21:40:00,27.994,28.08,27.902,27.928,22414.37
2026-08-24 21:45:00,27.928,28.052,27.899,28.02,137939.71
2026-08-24 21:50:00,28.02,28.049,27.976,28.028,121850.49
2026-08-24 21:55:00,28.028,28.107,27.997,28.1,20369.79
2026-08-24 22:00:00,28.1,28.128,27.98,27.999,121312.17
2026-08-24 22:05:00,27.999,28.086,27.995,28.065,8921.18
2026-08-24 22:10:00,28.065,28.146,28.013,28.038,661888.16
2026-08-24 22:15:00,28.038,28.052,27.987,28.011,148173.25
2026-08-24 22:20:00,28.011,28.185,28.01,28.161,245896.98
2026-08-24 22:25:00,28.161,28.326,28.063,28.234,105816.74
2026-08-24 22:30:00,28.234,28.274,28.17,28.211,232529.44
2026-08-24 22:35:00,28.211,28.214,28.139,28.143,20614.85
2026-08-24 22:40:00,28.143,28.243,28.061,28.088,99804.63
2026-08-24 22:45:00,28.088,28.122,28.042,28.065,39113.62
2026-08-24 22:50:00,28.065,28.093,28.023,28.089,65937.03
2026-08-24 22:55:00,28.089,28.153,28.046,28.064,33323.74
2026-08-24 23:00:00,28.064,28.132,27.967,27.985,3426.76
2026-08-24 23:05:00,27.985,27.992,27.753,27.813,49063.68
2026-08-24 23:10:00,27.813,27.82,27.718,27.731,19957.22
2026-08-24 23:15:00,27.731,27.877,27.718,27.786,798.04
2026-08-24 23:20:00,27.786,27.88,27.749,27.84,93195.56
2026-08-24 23:25:00,27.84,27.894,27.822,27.883,9211.93
2026-08-24 23:30:00,27.883,27.981,27.859,27.949,65494.24
2026-08-24 23:35:00,27.949,27.986,27.873,27.937,10956.63
2026-08-24 23:40:00,27.937,27.956,27.865,27.872,62886.35
2026-08-24 23:45:00,27.872,27.908,27.833,27.867,36943.8
2026-08-24 23:50:00,27.867,27.939,27.811,27.903,11696.12
2026-08-24 23:55:00,27.903,27.934,27.801,27.828,168471.32
2026-08-25 00:00:00,27.828,27.857,27.728,27.779,2373.31
2026-08-25 00:05:00,27.779,27.829,27.679,27.738,57991.89
2026-08-25 00:10:00,27.738,27.791,27.641,27.711,710.73
2026-08-25 00:15:00,27.711,27.79,27.613,27.778,18164.35
2026-08-25 00:20:00,27.778,27.834,27.685,27.793,46567.32
2026-08-25 00:25:00,27.793,27.848,27.771,27.772,19791.24
2026-08-25 00:30:00,27.772,27.809,27.676,27.695,62481.37
2026-08-25 00:35:00,27.695,27.749,27.655,27.717,16673.56
2026-08-25 00:40:00,27.717,27.798,27.616,27.789,120968.46
2026-08-25 00:45:00,27.789,27.844,27.65,27.703,143445.35
2026-08-25 00:50:00,27.703,27.71,27.601,27.659,913.32
2026-08-25 00:55:00,27.659,27.728,27.637,27.693,211630.52
2026-08-25 01:00:00,27.693,27.779,27.629,27.771,44898.47
2026-08-25 01:05:00,27.771,27.844,27.647,27.819,178326.87
2026-08-25 01:10:00,27.819,27.837,27.818,27.833,17418.99
2026-08-25 01:15:00,27.833,27.934,27.79,27.872,21775.49
2026-08-25 01:20:00,27.872,27.883,27.866,27.869,53105.15
2026-08-25 01:25:00,27.869,27.988,27.856,27.985,47706.08
2026-08-25 01:30:00,27.985,28.019,27.785,27.886,140662.61
2026-08-25 01:35:00,27.886,27.924,27.882,27.896,12090.31
2026-08-25 01:40:00,27.896,27.899,27.84,27.86,43553.01
2026-08-25 01:45:00,27.86,27.885,27.737,27.756,213.24
2026-08-25 01:50:00,27.756,27.798,27.685,27.758,922.7
2026-08-25 01:55:00,27.758,27.853,27.697,27.829,591178.24
2026-08-25 02:00:00,27.829,27.922,27.727,27.849,21182.27
2026-08-25 02:05:00,27.849,27.93,27.756,27.797,206061.48
2026-08-25 02:10:00,27.797,27.862,27.608,27.632,4392.55
2026-08-25 02:15:00,27.632,27.726,27.555,27.712,30543.24
2026-08-25 02:20:00,27.712,27.758,27.648,27.726,88175.36
2026-08-25 02:25:00,27.726,27.795,27.676,27.689,4731.9
2026-08-25 02:30:00,27.689,27.739,27.656,27.677,4228.81
2026-08-25 02:35:00,27.677,27.783,27.632,27.759,324362.11
2026-08-25 02:40:00,27.759,27.939,27.706,27.901,3741.93
2026-08-25 02:45:00,27.901,27.916,27.818,27.848,118557.67
2026-08-25 02:50:00,27.848,27.914,27.73,27.743,69576.63
2026-08-25 02:55:00,27.743,27.79,27.676,27.722,39791.96
2026-08-25 03:00:00,27.722,27.779,27.634,27.771,127124.91
2026-08-25 03:05:00,27.771,27.849,27.645,27.65,30479.89
2026-08-25 03:10:00,27.65,27.74,27.623,27.695,776.1
2026-08-25 03:15:00,27.695,27.709,27.591,27.644,65762.72
2026-08-25 03:20:00,27.644,27.714,27.566,27.704,139189.07
2026-08-25 03:25:00,27.704,27.784,27.606,27.768,19680.49
2026-08-25 03:30:00,27.768,27.781,27.621,27.651,13367.45
2026-08-25 03:35:00,27.651,27.693,27.531,27.68,224096.18
2026-08-25 03:40:00,27.68,27.686,27.67,27.684,104843.43
2026-08-25 03:45:00,27.684,27.748,27.656,27.743,4136.48
2026-08-25 03:50:00,27.743,27.832,27.714,27.827,24490.7
2026-08-25 03:55:00,27.827,27.864,27.752,27.766,22862.58
2026-08-25 04:00:00,27.766,27.876,27.748,27.798,36356.51
2026-08-25 04:05:00,27.798,27.987,27.754,27.889,6766.06
2026-08-25 04:10:00,27.889,27.919,27.877,27.912,10095.86
2026-08-25 04:15:00,27.912,28.032,27.896,27.951,59123.07
2026-08-25 04:20:00,27.951,27.959,27.858,27.918,79259.32
2026-08-25 04:25:00,27.918,27.957,27.785,27.883,28218.73
2026-08-25 04:30:00,27.883,27.972,27.862,27.898,21861.0
2026-08-25 04:35:00,27.898,27.944,27.876,27.925,50970.65
2026-08-25 04:40:00,27.925,28.014,27.772,27.829,114287.96
2026-08-25 04:45:00,27.829,27.894,27.795,27.826,64527.77
2026-08-25 04:50:00,27.826,27.865,27.777,27.859,9337.86
2026-08-25 04:55:00,27.859,27.876,27.776,27.777,26893.03
2026-08-25 05:00:00,27.777,27.802,27.642,27.699,192007.33
2026-08-25 05:05:00,27.699,27.905,27.662,27.844,67899.0
2026-08-25 05:10:00,27.844,27.859,27.726,27.8,147874.12
2026-08-25 05:15:00,27.8,27.954,27.787,27.881,290035.12
2026-08-25 05:20:00,27.881,27.891,27.75,27.786,129063.54
2026-08-25 05:25:00,27.786,27.939,27.746,27.864,74522.38
2026-08-25 05:30:00,27.864,27.944,27.814,27.882,79857.99
2026-08-25 05:35:00,27.882,27.945,27.849,27.934,102927.31
2026-08-25 05:40:00,27.934,27.947,27.862,27.862,28974.08
2026-08-25 05:45:00,27.862,27.956,27.831,27.921,7722.62
2026-08-25 05:50:00,27.921,27.945,27.831,27.896,56065.72
2026-08-25 05:55:00,27.896,27.903,27.77,27.819,23842.77
2026-08-25 06:00:00,27.819,27.972,27.674,27.904,66343.2
2026-08-25 06:05:00,27.904,27.945,27.887,27.919,19356.54
2026-08-25 06:10:00,27.919,27.959,27.835,27.841,7679.93
2026-08-25 06:15:00,27.841,27.847,27.741,27.826,8867.6
2026-08-25 06:20:00,27.826,27.84,27.752,27.822,24855.32
2026-08-25 06:25:00,27.822,27.913,27.712,27.889,11026.09
2026-08-25 06:30:00,27.889,27.91,27.833,27.872,19920.57
2026-08-25 06:35:00,27.872,28.007,27.818,27.968,54474.19
2026-08-25 06:40:00,27.968,28.055,27.937,28.005,14095.42
2026-08-25 06:45:00,28.005,28.037,27.986,27.998,921.74
2026-08-25 06:50:00,27.998,28.051,27.942,27.969,39474.61
2026-08-25 06:55:00,27.969,28.064,27.869,27.892,24575.92
2026-08-25 07:00:00,27.892,27.992,27.728,27.761,31376.66
2026-08-25 07:05:00,27.761,27.783,27.672,27.688,8788.81
2026-08-25 07:10:00,27.688,27.757,27.569,27.646,39166.79
2026-08-25 07:15:00,27.646,27.689,27.56,27.677,218573.83
2026-08-25 07:20:00,27.677,27.76,27.563,27.746,347.83
2026-08-25 07:25:00,27.746,27.821,27.589,27.636,28787.74
2026-08-25 07:30:00,27.636,27.648,27.588,27.625,52446.9
2026-08-25 07:35:00,27.625,27.685,27.512,27.665,8499.46
2026-08-25 07:40:00,27.665,27.745,27.612,27.731,177843.42
2026-08-25 07:45:00,27.731,27.737,27.653,27.657,40824.22
2026-08-25 07:50:00,27.657,27.738,27.55,27.729,231112.72
2026-08-25 07:55:00,27.729,27.736,27.675,27.729,10624.56
2026-08-25 08:00:00,27.729,27.752,27.667,27.741,77798.45
2026-08-25 08:05:00,27.741,27.759,27.634,27.651,91943.49
2026-08-25 08:10:00,27.651,27.73,27.604,27.712,98818.67
2026-08-25 08:15:00,27.712,27.751,27.588,27.631,29798.52
2026-08-25 08:20:00,27.631,27.652,27.487,27.59,107224.91
2026-08-25 08:25:00,27.59,27.658,27.47,27.649,10302.48
2026-08-25 08:30:00,27.649,27.719,27.547,27.694,218929.76
2026-08-25 08:35:00,27.694,27.737,27.549,27.578,64617.02
2026-08-25 08:40:00,27.578,27.614,27.465,27.604,39887.67
2026-08-25 08:45:00,27.604,27.655,27.534,27.642,94894.42
2026-08-25 08:50:00,27.642,27.708,27.521,27.693,118755.76
2026-08-25 08:55:00,27.693,27.706,27.529,27.58,78819.67
2026-08-25 09:00:00,27.58,27.641,27.566,27.589,27454.99
2026-08-25 09:05:00,27.589,27.605,27.559,27.576,48978.78
2026-08-25 09:10:00,27.576,27.58,27.5,27.538,78766.02
2026-08-25 09:15:00,27.538,27.538,27.454,27.478,89683.9
2026-08-25 09:20:00,27.478,27.637,27.476,27.603,34253.71
2026-08-25 09:25:00,27.603,27.683,27.488,27.657,254273.03
2026-08-25 09:30:00,27.657,27.73,27.543,27.711,253255.48
2026-08-25 09:35:00,27.711,27.827,27.657,27.764,65660.32
2026-08-25 09:40:00,27.764,27.813,27.671,27.704,34271.75
2026-08-25 09:45:00,27.704,27.752,27.66,27.689,18957.65
2026-08-25 09:50:00,27.689,27.742,27.595,27.722,184124.1
2026-08-25 09:55:00,27.722,27.833,27.715,27.796,17757.69
2026-08-25 10:00:00,27.796,27.917,27.746,27.831,33797.5
2026-08-25 10:05:00,27.831,27.861,27.617,27.648,10973.46
2026-08-25 10:10:00,27.648,27.719,27.542,27.697,57198.07
2026-08-25 10:15:00,27.697,27.723,27.611,27.614,105488.12
2026-08-25 10:20:00,27.614,27.686,27.541,27.677,19958.13
2026-08-25 10:25:00,27.677,27.791,27.647,27.74,39389.1
2026-08-25 10:30:00,27.74,27.778,27.637,27.688,38097.52
2026-08-25 10:35:00,27.688,27.733,27.626,27.732,11999.18
2026-08-25 10:40:00,27.732,27.762,27.662,27.709,135656.31
2026-08-25 10:45:00,27.709,27.743,27.701,27.709,33767.99
2026-08-25 10:50:00,27.709,27.734,27.691,27.699,84959.58
2026-08-25 10:55:00,27.699,27.755,27.546,27.603,328045.06
2026-08-25 11:00:00,27.603,27.711,27.547,27.66,132048.41
2026-08-25 11:05:00,27.66,27.694,27.659,27.664,346.97
2026-08-25 11:10:00,27.664,27.712,27.65,27.687,1154.84
2026-08-25 11:15:00,27.687,27.728,27.608,27.684,83792.02
2026-08-25 11:20:00,27.684,27.742,27.58,27.714,27267.96
2026-08-25 11:25:00,27.714,27.881,27.684,27.829,43063.46
2026-08-25 11:30:00,27.829,27.895,27.826,27.875,59639.02
2026-08-25 11:35:00,27.875,27.937,27.854,27.859,41211.49
2026-08-25 11:40:00,27.859,27.904,27.805,27.829,24967.45
2026-08-25 11:45:00,27.829,27.83,27.677,27.695,21691.02
2026-08-25 11:50:00,27.695,27.764,27.606,27.707,10991.45
2026-08-25 11:55:00,27.707,27.727,27.559,27.618,10479.45
2026-08-25 12:00:00,27.618,27.698,27.575,27.686,50515.31
2026-08-25 12:05:00,27.686,27.753,27.685,27.722,56986.09
2026-08-25 12:10:00,27.722,27.782,27.681,27.689,55271.42
2026-08-25 12:15:00,27.689,27.746,27.647,27.709,2225.96
2026-08-25 12:20:00,27.709,27.709,27.607,27.698,107179.38
2026-08-25 12:25:00,27.698,27.706,27.598,27.621,93758.9
2026-08-25 12:30:00,27.621,27.752,27.611,27.691,41578.17
2026-08-25 12:35:00,27.691,27.694,27.605,27.669,2513.9
2026-08-25 12:40:00,27.669,27.833,27.631,27.826,82876.42
2026-08-25 12:45:00,27.826,27.869,27.772,27.79,67458.41
2026-08-25 12:50:00,27.79,27.899,27.743,27.844,277213.96
2026-08-25 12:55:00,27.844,27.933,27.806,27.879,26573.16
2026-08-25 13:00:00,27.879,28.015,27.834,27.951,37504.86
2026-08-25 13:05:00,27.951,28.042,27.849,27.868,29207.91
2026-08-25 13:10:00,27.868,27.87,27.794,27.865,37462.89
2026-08-25 13:15:00,27.865,27.893,27.85,27.851,51814.42
2026-08-25 13:20:00,27.851,27.95,27.778,27.927,117128.49
2026-08-25 13:25:00,27.927,28.047,27.908,27.95,65590.59
2026-08-25 13:30:00,27.95,28.023,27.878,27.933,73983.65
2026-08-25 13:35:00,27.933,27.991,27.85,27.87,251201.08
2026-08-25 13:40:00,27.87,27.984,27.791,27.803,45964.17
2026-08-25 13:45:00,27.803,27.811,27.759,27.775,116195.34
2026-08-25 13:50:00,27.775,27.856,27.761,27.829,285572.26
2026-08-25 13:55:00,27.829,27.858,27.727,27.817,38451.06
2026-08-25 14:00:00,27.817,27.937,27.737,27.751,46113.24
2026-08-25 14:05:00,27.751,27.766,27.723,27.75,137442.95
2026-08-25 14:10:00,27.75,27.801,27.737,27.779,16926.94
2026-08-25 14:15:00,27.779,27.872,27.702,27.716,77436.28
2026-08-25 14:20:00,27.716,27.845,27.68,27.816,383713.84
2026-08-25 14:25:00,27.816,27.821,27.731,27.746,133317.8
2026-08-25 14:30:00,27.746,27.774,27.616,27.654,17460.39
2026-08-25 14:35:00,27.654,27.7,27.576,27.584,15247.69
2026-08-25 14:40:00,27.584,27.645,27.556,27.625,17468.65
2026-08-25 14:45:00,27.625,27.628,27.479,27.487,49561.85
2026-08-25 14:50:00,27.487,27.521,27.468,27.491,73229.95
2026-08-25 14:55:00,27.491,27.594,27.47,27.578,9009.08
2026-08-25 15:00:00,27.578,27.634,27.484,27.487,76584.14
2026-08-25 15:05:00,27.487,27.535,27.351,27.393,93714.83
2026-08-25 15:10:00,27.393,27.492,27.345,27.471,106778.47
2026-08-25 15:15:00,27.471,27.531,27.412,27.463,13192.49
2026-08-25 15:20:00,27.463,27.521,27.368,27.503,21522.47
2026-08-25 15:25:00,27.503,27.528,27.476,27.499,15999.66
2026-08-25 15:30:00,27.499,27.519,27.374,27.439,72567.53
2026-08-25 15:35:00,27.439,27.497,27.384,27.41,45003.35
2026-08-25 15:40:00,27.41,27.465,27.283,27.288,56395.68
2026-08-25 15:45:00,27.288,27.359,27.264,27.32,80919.73
2026-08-25 15:50:00,27.32,27.385,27.274,27.355,7386.74
2026-08-25 15:55:00,27.355,27.412,27.293,27.389,71742.35
2026-08-25 16:00:00,27.389,27.497,27.345,27.47,324059.18
2026-08-25 16:05:00,27.47,27.48,27.373,27.468,153559.49
2026-08-25 16:10:00,27.468,27.506,27.376,27.412,31917.15
2026-08-25 16:15:00,27.412,27.48,27.364,27.462,17660.01
2026-08-25 16:20:00,27.462,27.472,27.436,27.44,11400.62
2026-08-25 16:25:00,27.44,27.473,27.416,27.417,12459.5
2026-08-25 16:30:00,27.417,27.53,27.388,27.519,38766.1
2026-08-25 16:35:00,27.519,27.748,27.484,27.668,5279.19
2026-08-25 16:40:00,27.668,27.741,27.663,27.694,50103.78
2026-08-25 16:45:00,27.694,27.791,27.631,27.757,86435.88
2026-08-25 16:50:00,27.757,27.76,27.69,27.716,5087.19
2026-08-25 16:55:00,27.716,27.761,27.638,27.645,75943.4
2026-08-25 17:00:00,27.645,27.706,27.497,27.508,3269.11
2026-08-25 17:05:00,27.508,27.518,27.431,27.475,53984.28
2026-08-25 17:10:00,27.475,27.594,27.416,27.56,12958.23
2026-08-25 17:15:00,27.56,27.635,27.496,27.537,1799.96
2026-08-25 17:20:00,27.537,27.543,27.423,27.515,4759.78
2026-08-25 17:25:00,27.515,27.695,27.469,27.681,51985.88
2026-08-25 17:30:00,27.681,27.685,27.572,27.628,4938.69
2026-08-25 17:35:00,27.628,27.73,27.62,27.692,157839.25
2026-08-25 17:40:00,27.692,27.782,27.68,27.749,52585.05
2026-08-25 17:45:00,27.749,27.793,27.648,27.684,8789.6
2026-08-25 17:50:00,27.684,27.73,27.615,27.628,46482.11
2026-08-25 17:55:00,27.628,27.745,27.565,27.675,127171.73
2026-08-25 18:00:00,27.675,27.698,27.6,27.623,15672.79
2026-08-25 18:05:00,27.623,27.641,27.443,27.455,24340.5
2026-08-25 18:10:00,27.455,27.544,27.375,27.473,8400.52
2026-08-25 18:15:00,27.473,27.635,27.47,27.578,29872.67
2026-08-25 18:20:00,27.578,27.655,27.54,27.638,122.38
2026-08-25 18:25:00,27.638,27.776,27.573,27.756,3651.42
2026-08-25 18:30:00,27.756,27.854,27.729,27.818,27437.11
2026-08-25 18:35:00,27.818,27.861,27.7,27.794,45437.17
2026-08-25 18:40:00,27.794,27.841,27.71,27.8,98121.81
2026-08-25 18:45:00,27.8,27.866,27.572,27.654,7046.57
2026-08-25 18:50:00,27.654,27.729,27.556,27.59,57511.23
2026-08-25 18:55:00,27.59,27.639,27.547,27.605,39577.78
2026-08-25 19:00:00,27.605,27.715,27.57,27.686,7306.66
2026-08-25 19:05:00,27.686,27.687,27.66,27.678,42349.02
2026-08-25 19:10:00,27.678,27.702,27.564,27.592,14930.34
2026-08-25 19:15:00,27.592,27.703,27.574,27.612,23949.78
2026-08-25 19:20:00,27.612,27.644,27.567,27.589,113859.2
2026-08-25 19:25:00,27.589,27.663,27.548,27.663,20978.62
2026-08-25 19:30:00,27.663,27.681,27.597,27.605,1364.9
2026-08-25 19:35:00,27.605,27.667,27.434,27.456,61313.45
2026-08-25 19:40:00,27.456,27.535,27.448,27.453,4843.92
2026-08-25 19:45:00,27.453,27.474,27.423,27.448,85452.63
2026-08-25 19:50:00,27.448,27.477,27.352,27.395,192847.81
2026-08-25 19:55:00,27.395,27.444,27.366,27.431,1794.05
2026-08-25 20:00:00,27.431,27.456,27.421,27.443,168904.93
2026-08-25 20:05:00,27.443,27.499,27.416,27.473,24292.08
2026-08-25 20:10:00,27.473,27.487,27.373,27.39,5999.64
2026-08-25 20:15:00,27.39,27.574,27.309,27.481,133498.11
2026-08-25 20:20:00,27.481,27.532,27.431,27.462,22455.71
2026-08-25 20:25:00,27.462,27.491,27.383,27.478,68893.89
2026-08-25 20:30:00,27.478,27.48,27.391,27.433,67323.15
2026-08-25 20:35:00,27.433,27.468,27.421,27.45,60585.94
2026-08-25 20:40:00,27.45,27.54,27.363,27.445,42831.9
2026-08-25 20:45:00,27.445,27.467,27.232,27.333,8661.0
2026-08-25 20:50:00,27.333,27.394,27.26,27.375,224751.2
2026-08-25 20:55:00,27.375,27.378,27.253,27.322,193778.9
2026-08-25 21:00:00,27.322,27.441,27.28,27.336,114579.79
2026-08-25 21:05:00,27.336,27.437,27.311,27.422,86397.0
2026-08-25 21:10:00,27.422,27.453,27.389,27.453,51870.09
2026-08-25 21:15:00,27.453,27.483,27.442,27.466,99686.38
2026-08-25 21:20:00,27.466,27.473,27.411,27.44,7828.22
2026-08-25 21:25:00,27.44,27.452,27.363,27.369,107819.75
2026-08-25 21:30:00,27.369,27.602,27.337,27.514,46423.04
2026-08-25 21:35:00,27.514,27.518,27.454,27.496,123394.52
2026-08-25 21:40:00,27.496,27.566,27.371,27.478,3539.55
2026-08-25 21:45:00,27.478,27.483,27.399,27.46,6250.68
2026-08-25 21:50:00,27.46,27.501,27.412,27.461,6411.17
2026-08-25 21:55:00,27.461,27.489,27.401,27.406,88927.0
2026-08-25 22:00:00,27.406,27.41,27.357,27.378,31684.81
2026-08-25 22:05:00,27.378,27.38,27.346,27.377,40744.99
2026-08-25 22:10:00,27.377,27.447,27.325,27.336,25995.14
2026-08-25 22:15:00,27.336,27.434,27.248,27.406,146431.14
2026-08-25 22:20:00,27.406,27.443,27.288,27.304,5169.94
2026-08-25 22:25:00,27.304,27.411,27.259,27.397,29010.07
2026-08-25 22:30:00,27.397,27.481,27.364,27.481,17514.41
2026-08-25 22:35:00,27.481,27.582,27.441,27.532,292918.94
2026-08-25 22:40:00,27.532,27.58,27.353,27.358,42207.2
2026-08-25 22:45:00,27.358,27.428,27.301,27.305,45351.3
2026-08-25 22:50:00,27.305,27.366,27.207,27.354,173176.25
2026-08-25 22:55:00,27.354,27.495,27.341,27.407,35117.21
2026-08-25 23:00:00,27.407,27.443,27.366,27.388,17084.78
2026-08-25 23:05:00,27.388,27.396,27.352,27.363,10269.27
2026-08-25 23:10:00,27.363,27.527,27.321,27.433,122079.42
2026-08-25 23:15:00,27.433,27.468,27.353,27.405,124329.49
2026-08-25 23:20:00,27.405,27.549,27.359,27.538,25264.53
2026-08-25 23:25:00,27.538,27.549,27.459,27.465,46774.72
2026-08-25 23:30:00,27.465,27.54,27.269,27.392,132944.49
2026-08-25 23:35:00,27.392,27.443,27.359,27.421,22853.21
2026-08-25 23:40:00,27.421,27.438,27.363,27.388,77188.12
2026-08-25 23:45:00,27.388,27.442,27.274,27.332,33548.99
2026-08-25 23:50:00,27.332,27.399,27.313,27.318,30832.63
2026-08-25 23:55:00,27.318,27.41,27.302,27.349,52755.72
2026-08-26 00:00:00,27.349,27.399,27.327,27.399,90591.26
2026-08-26 00:05:00,27.399,27.457,27.358,27.438,3153.77
2026-08-26 00:10:00,27.438,27.495,27.198,27.238,12869.63
2026-08-26 00:15:00,27.238,27.263,27.08,27.123,41892.63
2026-08-26 00:20:00,27.123,27.194,27.008,27.169,30732.05
2026-08-26 00:25:00,27.169,27.223,27.145,27.222,50141.77
2026-08-26 00:30:00,27.222,27.274,27.145,27.179,67099.66
2026-08-26 00:35:00,27.179,27.218,27.165,27.209,15023.0
2026-08-26 00:40:00,27.209,27.398,27.15,27.28,34275.68
2026-08-26 00:45:00,27.28,27.353,27.193,27.332,160460.33
2026-08-26 00:50:00,27.332,27.418,27.254,27.395,48581.09
2026-08-26 00:55:00,27.395,27.415,27.27,27.279,56369.16
2026-08-26 01:00:00,27.279,27.365,27.212,27.323,11533.66
2026-08-26 01:05:00,27.323,27.37,27.217,27.232,23582.85
2026-08-26 01:10:00,27.232,27.286,26.972,27.082,814.3
2026-08-26 01:15:00,27.082,27.084,27.033,27.06,27396.29
2026-08-26 01:20:00,27.06,27.132,27.009,27.127,47831.03
2026-08-26 01:25:00,27.127,27.137,27.067,27.08,5785.72
2026-08-26 01:30:00,27.08,27.165,26.994,27.14,149225.08
2026-08-26 01:35:00,27.14,27.192,27.083,27.16,155868.17
2026-08-26 01:40:00,27.16,27.242,27.075,27.196,3331.56
2026-08-26 01:45:00,27.196,27.313,27.167,27.308,68604.28
2026-08-26 01:50:00,27.308,27.4,27.198,27.388,69841.85
2026-08-26 01:55:00,27.388,27.515,27.357,27.485,23407.49
2026-08-26 02:00:00,27.485,27.489,27.317,27.43,24785.69
2026-08-26 02:05:00,27.43,27.491,27.387,27.444,109598.81
2026-08-26 02:10:00,27.444,27.454,27.365,27.382,1437.15
2026-08-26 02:15:00,27.382,27.438,27.365,27.411,29951.58
2026-08-26 02:20:00,27.411,27.466,27.378,27.443,78174.2
2026-08-26 02:25:00,27.443,27.473,27.277,27.322,126822.81
2026-08-26 02:30:00,27.322,27.337,27.139,27.17,30133.94
2026-08-26 02:35:00,27.17,27.22,27.129,27.18,5395.04
2026-08-26 02:40:00,27.18,27.261,27.155,27.239,51408.89
2026-08-26 02:45:00,27.239,27.255,27.156,27.21,16324.05
2026-08-26 02:50:00,27.21,27.267,27.188,27.253,24904.55
2026-08-26 02:55:00,27.253,27.347,27.148,27.326,202391.47
2026-08-26 03:00:00,27.326,27.416,27.238,27.389,16313.4
2026-08-26 03:05:00,27.389,27.417,27.315,27.359,35740.18
2026-08-26 03:10:00,27.359,27.364,27.33,27.35,13720.59
2026-08-26 03:15:00,27.35,27.352,27.342,27.349,2272.64
2026-08-26 03:20:00,27.349,27.423,27.338,27.389,58527.87
2026-08-26 03:25:00,27.389,27.416,27.363,27.371,92962.94
2026-08-26 03:30:00,27.371,27.458,27.335,27.439,15740.52
2026-08-26 03:35:00,27.439,27.467,27.42,27.424,94153.49
2026-08-26 03:40:00,27.424,27.462,27.36,27.404,221325.27
2026-08-26 03:45:00,27.404,27.446,27.381,27.42,151152.16
2026-08-26 03:50:00,27.42,27.5,27.358,27.406,76907.99
2026-08-26 03:55:00,27.406,27.485,27.404,27.473,74648.0
2026-08-26 04:00:00,27.473,27.495,27.368,27.371,9218.35
2026-08-26 04:05:00,27.371,27.415,27.218,27.297,6439.4
2026-08-26 04:10:00,27.297,27.345,27.089,27.144,70745.14
2026-08-26 04:15:00,27.144,27.2,27.044,27.108,53577.51
2026-08-26 04:20:00,27.108,27.187,27.047,27.168,681879.72
2026-08-26 04:25:00,27.168,27.263,27.101,27.206,5678.7
2026-08-26 04:30:00,27.206,27.291,27.159,27.208,58549.92
2026-08-26 04:35:00,27.208,27.282,27.204,27.254,105641.41
2026-08-26 04:40:00,27.254,27.289,27.137,27.218,60356.38
2026-08-26 04:45:00,27.218,27.31,27.19,27.28,28330.65
2026-08-26 04:50:00,27.28,27.379,27.216,27.278,67805.73
2026-08-26 04:55:00,27.278,27.481,27.269,27.432,15887.33
2026-08-26 05:00:00,27.432,27.459,27.387,27.402,90913.07
2026-08-26 05:05:00,27.402,27.445,27.371,27.433,4000.6
2026-08-26 05:10:00,27.433,27.538,27.367,27.516,10956.88
2026-08-26 05:15:00,27.516,27.647,27.473,27.604,6193.29
2026-08-26 05:20:00,27.604,27.615,27.539,27.57,73564.06
2026-08-26 05:25:00,27.57,27.69,27.538,27.547,226660.84
2026-08-26 05:30:00,27.547,27.638,27.494,27.506,9481.9
2026-08-26 05:35:00,27.506,27.554,27.491,27.527,45239.11
2026-08-26 05:40:00,27.527,27.543,27.497,27.519,56797.48
2026-08-26 05:45:00,27.519,27.576,27.436,27.445,360438.7
2026-08-26 05:50:00,27.445,27.476,27.36,27.38,72685.76
2026-08-26 05:55:00,27.38,27.386,27.231,27.253,9921.5
2026-08-26 06:00:00,27.253,27.291,27.209,27.286,150334.14
2026-08-26 06:05:00,27.286,27.297,27.211,27.237,170898.22
2026-08-26 06:10:00,27.237,27.264,27.196,27.242,47720.13
2026-08-26 06:15:00,27.242,27.287,27.224,27.27,58265.29
2026-08-26 06:20:00,27.27,27.343,27.208,27.268,37901.18
2026-08-26 06:25:00,27.268,27.31,27.254,27.305,60733.7
2026-08-26 06:30:00,27.305,27.323,27.22,27.275,26202.26
2026-08-26 06:35:00,27.275,27.391,27.263,27.332,58751.86
2026-08-26 06:40:00,27.332,27.365,27.226,27.242,62092.73
2026-08-26 06:45:00,27.242,27.266,27.178,27.192,78754.37
2026-08-26 06:50:00,27.192,27.238,27.113,27.153,25590.43
2026-08-26 06:55:00,27.153,27.205,27.109,27.181,3423.33
2026-08-26 07:00:00,27.181,27.277,27.174,27.274,11151.57
2026-08-26 07:05:00,27.274,27.461,27.232,27.392,45799.56
2026-08-26 07:10:00,27.392,27.468,27.357,27.45,107760.94
2026-08-26 07:15:00,27.45,27.514,27.388,27.41,21370.97
2026-08-26 07:20:00,27.41,27.46,27.324,27.411,221.23
2026-08-26 07:25:00,27.411,27.485,27.351,27.374,29926.01
2026-08-26 07:30:00,27.374,27.48,27.314,27.429,56120.73
2026-08-26 07:35:00,27.429,27.481,27.364,27.446,13921.95
2026-08-26 07:40:00,27.446,27.536,27.433,27.491,91968.59
2026-08-26 07:45:00,27.491,27.543,27.465,27.488,31648.85
2026-08-26 07:50:00,27.488,27.494,27.358,27.397,875.06
2026-08-26 07:55:00,27.397,27.416,27.32,27.374,78456.26
2026-08-26 08:00:00,27.374,27.508,27.345,27.499,115825.85
2026-08-26 08:05:00,27.499,27.571,27.497,27.51,85984.41
2026-08-26 08:10:00,27.51,27.635,27.497,27.548,35506.03
2026-08-26 08:15:00,27.548,27.647,27.526,27.601,6142.14
2026-08-26 08:20:00,27.601,27.677,27.511,27.538,184879.89
2026-08-26 08:25:00,27.538,27.573,27.501,27.544,28898.25
2026-08-26 08:30:00,27.544,27.619,27.538,27.607,193165.89
2026-08-26 08:35:00,27.607,27.636,27.581,27.601,11527.28
2026-08-26 08:40:00,27.601,27.675,27.535,27.544,126547.51
2026-08-26 08:45:00,27.544,27.637,27.466,27.598,64279.62
2026-08-26 08:50:00,27.598,27.692,27.504,27.516,439218.75
2026-08-26 08:55:00,27.516,27.699,27.487,27.564,12922.0
2026-08-26 09:00:00,27.564,27.595,27.476,27.507,67449.48
2026-08-26 09:05:00,27.507,27.556,27.386,27.396,23762.88
2026-08-26 09:10:00,27.396,27.447,27.225,27.227,14552.66
2026-08-26 09:15:00,27.227,27.294,27.202,27.291,9849.35
2026-08-26 09:20:00,27.291,27.299,27.219,27.233,85442.14
2026-08-26 09:25:00,27.233,27.252,27.111,27.185,213848.11
2026-08-26 09:30:00,27.185,27.312,27.155,27.276,126776.27
2026-08-26 09:35:00,27.276,27.397,27.242,27.339,40343.99
2026-08-26 09:40:00,27.339,27.38,27.249,27.275,7519.54
2026-08-26 09:45:00,27.275,27.362,27.27,27.322,51324.88
2026-08-26 09:50:00,27.322,27.326,27.303,27.323,11298.49
2026-08-26 09:55:00,27.323,27.371,27.304,27.31,100316.95
2026-08-26 10:00:00,27.31,27.449,27.299,27.397,164359.25
2026-08-26 10:05:00,27.397,27.421,27.33,27.4,1546.19
2026-08-26 10:10:00,27.4,27.469,27.322,27.439,112592.14
2026-08-26 10:15:00,27.439,27.514,27.419,27.485,94905.73
2026-08-26 10:20:00,27.485,27.627,27.449,27.604,17364.39
2026-08-26 10:25:00,27.604,27.663,27.505,27.533,52775.12
2026-08-26 10:30:00,27.533,27.615,27.49,27.609,255222.31
2026-08-26 10:35:00,27.609,27.719,27.526,27.537,161461.75
2026-08-26 10:40:00,27.537,27.546,27.5,27.534,71109.63
2026-08-26 10:45:00,27.534,27.622,27.494,27.573,14643.34
2026-08-26 10:50:00,27.573,27.643,27.53,27.598,6153.41
2026-08-26 10:55:00,27.598,27.665,27.547,27.647,94633.14
2026-08-26 11:00:00,27.647,27.795,27.646,27.704,26746.79
2026-08-26 11:05:00,27.704,27.789,27.609,27.625,38291.01
2026-08-26 11:10:00,27.625,27.64,27.483,27.6,23146.21
2026-08-26 11:15:00,27.6,27.662,27.579,27.654,54040.92
2026-08-26 11:20:00,27.654,27.777,27.587,27.605,475820.39
2026-08-26 11:25:00,27.605,27.611,27.498,27.505,123659.24
2026-08-26 11:30:00,27.505,27.558,27.47,27.553,31928.0
2026-08-26 11:35:00,27.553,27.634,27.504,27.602,140310.7
2026-08-26 11:40:00,27.602,27.723,27.595,27.667,2417.8
2026-08-26 11:45:00,27.667,27.722,27.663,27.665,26910.46
2026-08-26 11:50:00,27.665,27.768,27.558,27.736,72376.04
2026-08-26 11:55:00,27.736,27.797,27.66,27.682,93299.82
2026-08-26 12:00:00,27.682,27.751,27.586,27.719,123951.45
2026-08-26 12:05:00,27.719,27.82,27.627,27.643,98507.89
2026-08-26 12:10:00,27.643,27.802,27.64,27.763,3403.83
2026-08-26 12:15:00,27.763,27.913,27.713,27.909,30100.52
2026-08-26 12:20:00,27.909,27.984,27.838,27.865,2501.32
2026-08-26 12:25:00,27.865,27.987,27.831,27.953,9674.37
2026-08-26 12:30:00,27.953,27.959,27.941,27.951,78945.41
2026-08-26 12:35:00,27.951,28.059,27.911,27.925,143289.16
2026-08-26 12:40:00,27.925,28.033,27.823,28.001,16002.18
2026-08-26 12:45:00,28.001,28.013,27.867,27.905,60379.7
2026-08-26 12:50:00,27.905,27.949,27.878,27.901,3912.11
2026-08-26 12:55:00,27.901,27.931,27.879,27.898,47603.36
2026-08-26 13:00:00,27.898,27.979,27.85,27.864,31972.73
2026-08-26 13:05:00,27.864,27.913,27.796,27.911,15214.46
2026-08-26 13:10:00,27.911,28.01,27.879,28.003,97516.41
2026-08-26 13:15:00,28.003,28.23,27.967,28.116,1881.55
2026-08-26 13:20:00,28.116,28.241,28.035,28.056,7192.44
2026-08-26 13:25:00,28.056,28.18,28.003,28.023,441678.07
2026-08-26 13:30:00,28.023,28.056,27.95,27.961,76258.32
2026-08-26 13:35:00,27.961,28.04,27.855,27.881,112909.33
2026-08-26 13:40:00,27.881,27.896,27.833,27.84,28973.65
2026-08-26 13:45:00,27.84,27.909,27.817,27.872,12695.88
2026-08-26 13:50:00,27.872,27.945,27.762,27.939,9402.58
2026-08-26 13:55:00,27.939,27.991,27.907,27.946,47463.65
2026-08-26 14:00:00,27.946,28.063,27.87,27.889,35928.35
2026-08-26 14:05:00,27.889,27.962,27.78,27.842,23755.95
2026-08-26 14:10:00,27.842,27.904,27.787,27.878,19822.28
2026-08-26 14:15:00,27.878,27.946,27.796,27.806,116425.34
2026-08-26 14:20:00,27.806,27.856,27.755,27.782,104780.42
2026-08-26 14:25:00,27.782,27.785,27.711,27.74,10644.06
2026-08-26 14:30:00,27.74,27.802,27.662,27.684,113265.27
2026-08-26 14:35:00,27.684,27.711,27.647,27.66,36552.59
2026-08-26 14:40:00,27.66,27.806,27.645,27.772,109790.95
2026-08-26 14:45:00,27.772,27.882,27.727,27.844,116218.43
2026-08-26 14:50:00,27.844,27.899,27.776,27.798,126181.41
2026-08-26 14:55:00,27.798,27.828,27.762,27.78,65193.25
2026-08-26 15:00:00,27.78,27.888,27.68,27.706,149402.81
2026-08-26 15:05:00,27.706,27.752,27.618,27.645,39642.4
2026-08-26 15:10:00,27.645,27.76,27.585,27.704,114447.75
2026-08-26 15:15:00,27.704,27.704,27.642,27.655,104048.52
2026-08-26 15:20:00,27.655,27.702,27.6,27.691,414.17
2026-08-26 15:25:00,27.691,27.769,27.654,27.748,9619.71
2026-08-26 15:30:00,27.748,27.819,27.701,27.783,19003.26
2026-08-26 15:35:00,27.783,28.0,27.769,27.992,7594.2
2026-08-26 15:40:00,27.992,28.039,27.849,27.851,2570.78
2026-08-26 15:45:00,27.851,27.874,27.709,27.765,23823.05
2026-08-26 15:50:00,27.765,27.957,27.713,27.88,8060.55
2026-08-26 15:55:00,27.88,27.972,27.835,27.862,70147.14
2026-08-26 16:00:00,27.862,27.891,27.784,27.788,43898.97
2026-08-26 16:05:00,27.788,27.796,27.712,27.715,12691.89
2026-08-26 16:10:00,27.715,27.748,27.646,27.71,9707.85
2026-08-26 16:15:00,27.71,27.854,27.637,27.645,19336.64
2026-08-26 16:20:00,27.645,27.677,27.621,27.652,25137.08
2026-08-26 16:25:00,27.652,27.739,27.618,27.721,6402.86
2026-08-26 16:30:00,27.721,27.808,27.696,27.8,60334.14
2026-08-26 16:35:00,27.8,27.816,27.73,27.812,155936.46
2026-08-26 16:40:00,27.812,27.879,27.615,27.68,66471.11
2026-08-26 16:45:00,27.68,27.683,27.615,27.669,53245.62
2026-08-26 16:50:00,27.669,27.719,27.537,27.543,57141.73
2026-08-26 16:55:00,27.543,27.587,27.352,27.4,28868.08
2026-08-26 17:00:00,27.4,27.426,27.345,27.417,34969.28
2026-08-26 17:05:00,27.417,27.499,27.315,27.472,389052.25
2026-08-26 17:10:00,27.472,27.558,27.47,27.518,114753.55
2026-08-26 17:15:00,27.518,27.566,27.439,27.474,1890.4
2026-08-26 17:20:00,27.474,27.479,27.314,27.33,797.29
2026-08-26 17:25:00,27.33,27.415,27.218,27.392,129195.36
2026-08-26 17:30:00,27.392,27.431,27.391,27.425,73110.17
2026-08-26 17:35:00,27.425,27.442,27.395,27.431,3415.06
2026-08-26 17:40:00,27.431,27.496,27.34,27.481,680149.98
2026-08-26 17:45:00,27.481,27.528,27.42,27.428,18181.22
2026-08-26 17:50:00,27.428,27.441,27.386,27.402,164069.92
2026-08-26 17:55:00,27.402,27.472,27.297,27.45,1061272.93
2026-08-26 18:00:00,27.45,27.5,27.383,27.481,64959.57
2026-08-26 18:05:00,27.481,27.488,27.395,27.476,179671.52
2026-08-26 18:10:00,27.476,27.546,27.417,27.423,119723.54
2026-08-26 18:15:00,27.423,27.483,27.309,27.46,41540.88
2026-08-26 18:20:00,27.46,27.51,27.415,27.498,783750.12
2026-08-26 18:25:00,27.498,27.542,27.369,27.396,6727.07
2026-08-26 18:30:00,27.396,27.468,27.374,27.446,4577.38
2026-08-26 18:35:00,27.446,27.536,27.365,27.526,206219.15
2026-08-26 18:40:00,27.526,27.62,27.476,27.596,211247.96
2026-08-26 18:45:00,27.596,27.636,27.475,27.508,174994.82
2026-08-26 18:50:00,27.508,27.614,27.487,27.56,34997.0
2026-08-26 18:55:00,27.56,27.611,27.479,27.539,23836.75
2026-08-26 19:00:00,27.539,27.552,27.478,27.511,138693.55
2026-08-26 19:05:00,27.511,27.559,27.453,27.539,93943.03
2026-08-26 19:10:00,27.539,27.579,27.419,27.497,11712.65
2026-08-26 19:15:00,27.497,27.584,27.391,27.441,26542.53
2026-08-26 19:20:00,27.441,27.536,27.348,27.514,59639.72
2026-08-26 19:25:00,27.514,27.524,27.476,27.496,43412.0
2026-08-26 19:30:00,27.496,27.539,27.427,27.439,19667.39
2026-08-26 19:35:00,27.439,27.476,27.349,27.353,148907.97
2026-08-26 19:40:00,27.353,27.431,27.345,27.396,793.11
2026-08-26 19:45:00,27.396,27.453,27.321,27.333,29915.29
2026-08-26 19:50:00,27.333,27.339,27.244,27.274,51795.77
2026-08-26 19:55:00,27.274,27.297,27.178,27.188,1153.13
2026-08-26 20:00:00,27.188,27.242,27.121,27.144,54533.01
2026-08-26 20:05:00,27.144,27.156,27.053,27.088,32434.81
2026-08-26 20:10:00,27.088,27.096,27.03,27.058,28119.33
2026-08-26 20:15:00,27.058,27.182,27.037,27.121,3727.02
2026-08-26 20:20:00,27.121,27.202,27.06,27.18,657738.88
2026-08-26 20:25:00,27.18,27.257,27.066,27.237,62652.76
2026-08-26 20:30:00,27.237,27.245,27.188,27.194,14518.14
2026-08-26 20:35:00,27.194,27.325,27.085,27.101,26475.62
2026-08-26 20:40:00,27.101,27.123,27.092,27.105,8201.0
2026-08-26 20:45:00,27.105,27.206,27.037,27.194,92066.32
2026-08-26 20:50:00,27.194,27.255,27.169,27.184,73209.65
2026-08-26 20:55:00,27.184,27.227,27.177,27.224,156953.3
2026-08-26 21:00:00,27.224,27.243,27.173,27.174,63022.2
2026-08-26 21:05:00,27.174,27.276,27.106,27.254,84905.59
2026-08-26 21:10:00,27.254,27.304,27.196,27.292,422367.8
2026-08-26 21:15:00,27.292,27.297,27.198,27.252,104063.61
2026-08-26 21:20:00,27.252,27.299,27.239,27.297,45059.55
2026-08-26 21:25:00,27.297,27.369,27.292,27.336,203205.37
2026-08-26 21:30:00,27.336,27.377,27.27,27.294,186337.73
2026-08-26 21:35:00,27.294,27.392,27.24,27.374,8817.27
2026-08-26 21:40:00,27.374,27.448,27.347,27.373,173247.02
2026-08-26 21:45:00,27.373,27.386,27.23,27.253,32610.0
2026-08-26 21:50:00,27.253,27.347,27.164,27.321,24355.43
2026-08-26 21:55:00,27.321,27.457,27.308,27.403,33092.01
2026-08-26 22:00:00,27.403,27.455,27.29,27.301,48518.52
2026-08-26 22:05:00,27.301,27.348,27.187,27.327,483572.12
2026-08-26 22:10:00,27.327,27.361,27.249,27.305,32907.18
2026-08-26 22:15:00,27.305,27.31,27.21,27.235,21519.13
2026-08-26 22:20:00,27.235,27.334,27.127,27.31,339129.52
2026-08-26 22:25:00,27.31,27.395,27.196,27.375,83676.33
2026-08-26 22:30:00,27.375,27.464,27.355,27.404,129215.25
2026-08-26 22:35:00,27.404,27.422,27.217,27.326,17885.61
2026-08-26 22:40:00,27.326,27.397,27.21,27.381,75225.72
2026-08-26 22:45:00,27.381,27.464,27.332,27.451,45141.62
2026-08-26 22:50:00,27.451,27.532,27.331,27.368,74631.47
2026-08-26 22:55:00,27.368,27.383,27.33,27.379,48505.66
2026-08-26 23:00:00,27.379,27.499,27.311,27.419,138935.87
2026-08-26 23:05:00,27.419,27.462,27.387,27.406,8485.07
2026-08-26 23:10:00,27.406,27.418,27.374,27.403,27384.85
2026-08-26 23:15:00,27.403,27.448,27.391,27.446,4434.66
2026-08-26 23:20:00,27.446,27.554,27.431,27.491,67301.35
2026-08-26 23:25:00,27.491,27.659,27.491,27.623,8003.93
2026-08-26 23:30:00,27.623,27.717,27.572,27.581,287448.11
2026-08-26 23:35:00,27.581,27.68,27.472,27.5,361.45
2026-08-26 23:40:00,27.5,27.562,27.462,27.47,147091.96
2026-08-26 23:45:00,27.47,27.592,27.455,27.518,44162.13
2026-08-26 23:50:00,27.518,27.589,27.479,27.558,201298.83
2026-08-26 23:55:00,27.558,27.581,27.499,27.509,11107.27
2026-08-27 00:00:00,27.509,27.515,27.371,27.42,34736.67
2026-08-27 00:05:00,27.42,27.555,27.389,27.499,8172.03
2026-08-27 00:10:00,27.499,27.563,27.484,27.537,124160.24
2026-08-27 00:15:00,27.537,27.604,27.493,27.564,17150.19
2026-08-27 00:20:00,27.564,27.586,27.546,27.569,55838.64
2026-08-27 00:25:00,27.569,27.607,27.383,27.418,1675.3
2026-08-27 00:30:00,27.418,27.439,27.343,27.405,9873.63
2026-08-27 00:35:00,27.405,27.454,27.36,27.437,27532.11
2026-08-27 00:40:00,27.437,27.451,27.349,27.358,2999.93
2026-08-27 00:45:00,27.358,27.465,27.335,27.45,63185.83
2026-08-27 00:50:00,27.45,27.477,27.382,27.398,44992.99
2026-08-27 00:55:00,27.398,27.524,27.384,27.501,15749.96
2026-08-27 01:00:00,27.501,27.526,27.447,27.482,120158.16
2026-08-27 01:05:00,27.482,27.565,27.431,27.513,62055.34
2026-08-27 01:10:00,27.513,27.533,27.447,27.46,26574.98
2026-08-27 01:15:00,27.46,27.509,27.366,27.381,32226.53
2026-08-27 01:20:00,27.381,27.443,27.374,27.405,13253.86
2026-08-27 01:25:00,27.405,27.431,27.355,27.401,11812.87
2026-08-27 01:30:00,27.401,27.421,27.397,27.419,2333.35
2026-08-27 01:35:00,27.419,27.462,27.361,27.406,13320.85
2026-08-27 01:40:00,27.406,27.56,27.292,27.548,22460.47
2026-08-27 01:45:00,27.548,27.668,27.526,27.618,40048.71
2026-08-27 01:50:00,27.618,27.673,27.555,27.634,23659.36
2026-08-27 01:55:00,27.634,27.737,27.578,27.592,50422.51
2026-08-27 02:00:00,27.592,27.621,27.5,27.51,83041.73
2026-08-27 02:05:00,27.51,27.723,27.447,27.662,58869.18
2026-08-27 02:10:00,27.662,27.78,27.573,27.593,203487.83
2026-08-27 02:15:00,27.593,27.628,27.578,27.62,90720.55
2026-08-27 02:20:00,27.62,27.656,27.59,27.651,29827.66
2026-08-27 02:25:00,27.651,27.821,27.64,27.797,12810.55
2026-08-27 02:30:00,27.797,27.868,27.714,27.734,243742.34
2026-08-27 02:35:00,27.734,27.842,27.645,27.662,150468.08
2026-08-27 02:40:00,27.662,27.715,27.63,27.711,30739.56
2026-08-27 02:45:00,27.711,27.789,27.659,27.667,3976.74
2026-08-27 02:50:00,27.667,27.677,27.551,27.661,50292.53
2026-08-27 02:55:00,27.661,27.689,27.613,27.655,49889.29
2026-08-27 03:00:00,27.655,27.726,27.636,27.702,14247.99
2026-08-27 03:05:00,27.702,27.747,27.665,27.676,57355.83
2026-08-27 03:10:00,27.676,27.824,27.642,27.816,19687.62
2026-08-27 03:15:00,27.816,27.881,27.78,27.832,40004.73
2026-08-27 03:20:00,27.832,27.846,27.76,27.791,112005.53
2026-08-27 03:25:00,27.791,27.821,27.75,27.817,56919.16
2026-08-27 03:30:00,27.817,27.836,27.698,27.758,115531.32
2026-08-27 03:35:00,27.758,27.926,27.66,27.886,70246.68
2026-08-27 03:40:00,27.886,27.948,27.862,27.907,33958.76
2026-08-27 03:45:00,27.907,27.95,27.895,27.914,23471.0
2026-08-27 03:50:00,27.914,27.916,27.882,27.902,82689.8
2026-08-27 03:55:00,27.902,27.91,27.864,27.904,24975.52
2026-08-27 04:00:00,27.904,27.954,27.895,27.914,56029.26
2026-08-27 04:05:00,27.914,28.053,27.862,27.955,36326.68
2026-08-27 04:10:00,27.955,28.031,27.871,27.894,87464.46
2026-08-27 04:15:00,27.894,27.921,27.771,27.837,59930.82
2026-08-27 04:20:00,27.837,27.859,27.795,27.84,9844.57
2026-08-27 04:25:00,27.84,27.947,27.75,27.759,821522.3
2026-08-27 04:30:00,27.759,27.853,27.706,27.822,26077.32
2026-08-27 04:35:00,27.822,27.895,27.764,27.778,45956.66
2026-08-27 04:40:00,27.778,27.811,27.769,27.803,4577.18
2026-08-27 04:45:00,27.803,27.837,27.736,27.796,84953.63
2026-08-27 04:50:00,27.796,27.907,27.713,27.739,84265.37
2026-08-27 04:55:00,27.739,27.83,27.678,27.739,125561.48
2026-08-27 05:00:00,27.739,27.77,27.673,27.694,56264.4
2026-08-27 05:05:00,27.694,27.709,27.625,27.668,27897.09
2026-08-27 05:10:00,27.668,27.672,27.503,27.532,44186.66
2026-08-27 05:15:00,27.532,27.672,27.44,27.641,154107.7
2026-08-27 05:20:00,27.641,27.683,27.503,27.567,46989.83
2026-08-27 05:25:00,27.567,27.602,27.379,27.44,49111.52
2026-08-27 05:30:00,27.44,27.472,27.358,27.462,45247.12
2026-08-27 05:35:00,27.462,27.504,27.364,27.404,41953.45
2026-08-27 05:40:00,27.404,27.464,27.326,27.346,50705.47
2026-08-27 05:45:00,27.346,27.39,27.3,27.369,408833.06
2026-08-27 05:50:00,27.369,27.376,27.3,27.326,34287.89
2026-08-27 05:55:00,27.326,27.348,27.304,27.305,83277.67
2026-08-27 06:00:00,27.305,27.353,27.264,27.329,121787.61
2026-08-27 06:05:00,27.329,27.419,27.23,27.402,22257.71
2026-08-27 06:10:00,27.402,27.661,27.377,27.6,806.5
2026-08-27 06:15:00,27.6,27.685,27.504,27.564,38793.68
2026-08-27 06:20:00,27.564,27.763,27.529,27.707,70961.66
2026-08-27 06:25:00,27.707,27.735,27.659,27.713,63627.02
2026-08-27 06:30:00,27.713,27.829,27.711,27.728,175972.31
2026-08-27 06:35:00,27.728,27.821,27.658,27.682,8686.4
2026-08-27 06:40:00,27.682,27.783,27.632,27.725,29941.61
2026-08-27 06:45:00,27.725,27.766,27.667,27.755,14967.32
2026-08-27 06:50:00,27.755,27.755,27.573,27.587,80212.97
2026-08-27 06:55:00,27.587,27.628,27.469,27.485,20411.25
2026-08-27 07:00:00,27.485,27.55,27.429,27.471,73409.5
2026-08-27 07:05:00,27.471,27.522,27.449,27.49,92426.26
2026-08-27 07:10:00,27.49,27.577,27.439,27.569,74374.1
2026-08-27 07:15:00,27.569,27.588,27.501,27.512,32049.26
2026-08-27 07:20:00,27.512,27.549,27.37,27.418,87510.45
2026-08-27 07:25:00,27.418,27.521,27.395,27.464,1970.59
2026-08-27 07:30:00,27.464,27.466,27.392,27.443,11409.95
2026-08-27 07:35:00,27.443,27.526,27.428,27.51,54264.84
2026-08-27 07:40:00,27.51,27.557,27.461,27.55,56194.59
2026-08-27 07:45:00,27.55,27.562,27.331,27.452,8354.13
2026-08-27 07:50:00,27.452,27.511,27.421,27.509,43646.35
2026-08-27 07:55:00,27.509,27.634,27.459,27.612,19385.5
2026-08-27 08:00:00,27.612,27.635,27.58,27.612,24247.43
2026-08-27 08:05:00,27.612,27.659,27.608,27.644,15496.39
2026-08-27 08:10:00,27.644,27.653,27.542,27.579,128528.4
2026-08-27 08:15:00,27.579,27.61,27.402,27.494,242931.15
2026-08-27 08:20:00,27.494,27.546,27.447,27.529,30632.36
2026-08-27 08:25:00,27.529,27.582,27.487,27.565,117873.51
2026-08-27 08:30:00,27.565,27.684,27.509,27.663,17683.41
2026-08-27 08:35:00,27.663,27.678,27.56,27.591,15844.21
2026-08-27 08:40:00,27.591,27.624,27.498,27.564,142483.71
2026-08-27 08:45:00,27.564,27.601,27.367,27.398,167118.31
2026-08-27 08:50:00,27.398,27.404,27.388,27.391,123585.99
2026-08-27 08:55:00,27.391,27.432,27.353,27.416,127008.07
2026-08-27 09:00:00,27.416,27.463,27.362,27.414,30693.06
2026-08-27 09:05:00,27.414,27.441,27.388,27.421,68696.22
2026-08-27 09:10:00,27.421,27.466,27.402,27.437,74753.52
2026-08-27 09:15:00,27.437,27.552,27.388,27.488,12392.62
2026-08-27 09:20:00,27.488,27.506,27.454,27.473,20405.93
2026-08-27 09:25:00,27.473,27.476,27.321,27.322,95807.53
2026-08-27 09:30:00,27.322,27.397,27.3,27.31,23428.45
2026-08-27 09:35:00,27.31,27.374,27.226,27.35,124033.1
2026-08-27 09:40:00,27.35,27.456,27.313,27.421,65545.95
2026-08-27 09:45:00,27.421,27.515,27.329,27.366,143136.33
2026-08-27 09:50:00,27.366,27.47,27.334,27.449,40030.44
2026-08-27 09:55:00,27.449,27.529,27.434,27.483,46380.03
2026-08-27 10:00:00,27.483,27.517,27.472,27.484,142747.79
2026-08-27 10:05:00,27.484,27.633,27.402,27.599,145056.91
2026-08-27 10:10:00,27.599,27.651,27.544,27.643,37677.88
2026-08-27 10:15:00,27.643,27.649,27.496,27.497,55606.92
2026-08-27 10:20:00,27.497,27.607,27.429,27.56,86280.0
2026-08-27 10:25:00,27.56,27.687,27.53,27.669,18298.02
2026-08-27 10:30:00,27.669,27.77,27.642,27.716,4652.92
2026-08-27 10:35:00,27.716,27.897,27.688,27.857,44973.08
2026-08-27 10:40:00,27.857,27.872,27.84,27.871,36212.54
2026-08-27 10:45:00,27.871,27.983,27.862,27.923,27443.16
2026-08-27 10:50:00,27.923,27.93,27.824,27.834,13679.56
2026-08-27 10:55:00,27.834,27.846,27.826,27.837,37065.34
2026-08-27 11:00:00,27.837,27.944,27.718,27.748,41601.91
2026-08-27 11:05:00,27.748,27.748,27.72,27.724,6398.22
2026-08-27 11:10:00,27.724,27.746,27.687,27.728,4929.55
2026-08-27 11:15:00,27.728,27.768,27.705,27.723,27771.24
2026-08-27 11:20:00,27.723,27.814,27.658,27.712,28148.76
2026-08-27 11:25:00,27.712,27.806,27.708,27.747,81550.23
2026-08-27 11:30:00,27.747,27.806,27.734,27.804,112266.42
2026-08-27 11:35:00,27.804,27.839,27.783,27.83,71500.02
2026-08-27 11:40:00,27.83,27.859,27.762,27.792,10167.07
2026-08-27 11:45:00,27.792,27.954,27.73,27.89,18059.06
2026-08-27 11:50:00,27.89,28.003,27.832,27.851,117751.93
2026-08-27 11:55:00,27.851,27.973,27.847,27.963,95880.48
2026-08-27 12:00:00,27.963,28.031,27.869,27.893,183810.97
2026-08-27 12:05:00,27.893,27.998,27.835,27.853,129815.15
2026-08-27 12:10:00,27.853,27.974,27.815,27.913,164705.33
2026-08-27 12:15:00,27.913,27.989,27.842,27.869,446905.8
2026-08-27 12:20:00,27.869,28.014,27.858,27.964,801.26
2026-08-27 12:25:00,27.964,28.08,27.877,27.887,297435.94
2026-08-27 12:30:00,27.887,27.947,27.742,27.799,58949.88
2026-08-27 12:35:00,27.799,27.818,27.594,27.634,89612.32
2026-08-27 12:40:00,27.634,27.807,27.606,27.791,6038.63
2026-08-27 12:45:00,27.791,27.796,27.724,27.743,151372.34
2026-08-27 12:50:00,27.743,27.875,27.725,27.842,14268.46
2026-08-27 12:55:00,27.842,27.875,27.822,27.863,47232.42
2026-08-27 13:00:00,27.863,27.908,27.757,27.792,15999.61
2026-08-27 13:05:00,27.792,27.856,27.65,27.667,57657.61
2026-08-27 13:10:00,27.667,27.701,27.649,27.696,42694.94
2026-08-27 13:15:00,27.696,27.754,27.662,27.725,37311.83
2026-08-27 13:20:00,27.725,27.975,27.708,27.905,3165.08
2026-08-27 13:25:00,27.905,27.984,27.874,27.974,15087.23
2026-08-27 13:30:00,27.974,27.999,27.917,27.946,166054.0
2026-08-27 13:35:00,27.946,28.041,27.865,27.879,270463.8
2026-08-27 13:40:00,27.879,27.914,27.728,27.802,23181.02
2026-08-27 13:45:00,27.802,27.867,27.773,27.829,90019.17
2026-08-27 13:50:00,27.829,27.853,27.726,27.794,83134.51
2026-08-27 13:55:00,27.794,27.801,27.635,27.698,105952.92
2026-08-27 14:00:00,27.698,27.796,27.688,27.727,84829.98
2026-08-27 14:05:00,27.727,27.77,27.648,27.676,29444.65
2026-08-27 14:10:00,27.676,27.749,27.674,27.707,66508.34
2026-08-27 14:15:00,27.707,27.855,27.661,27.774,494.04
2026-08-27 14:20:00,27.774,27.791,27.703,27.753,75869.28
2026-08-27 14:25:00,27.753,27.807,27.722,27.728,15486.98
2026-08-27 14:30:00,27.728,27.821,27.718,27.766,37711.39
2026-08-27 14:35:00,27.766,27.774,27.707,27.714,78114.51
2026-08-27 14:40:00,27.714,27.735,27.623,27.631,38639.98
2026-08-27 14:45:00,27.631,27.633,27.562,27.604,254119.94
2026-08-27 14:50:00,27.604,27.619,27.562,27.581,52530.23
2026-08-27 14:55:00,27.581,27.653,27.428,27.502,53865.19
2026-08-27 15:00:00,27.502,27.53,27.407,27.504,18653.63
2026-08-27 15:05:00,27.504,27.602,27.479,27.552,43536.42
2026-08-27 15:10:00,27.552,27.576,27.496,27.529,37267.11
2026-08-27 15:15:00,27.529,27.586,27.509,27.562,16336.74
2026-08-27 15:20:00,27.562,27.733,27.526,27.725,73456.31
2026-08-27 15:25:00,27.725,27.742,27.689,27.724,68226.2
2026-08-27 15:30:00,27.724,27.871,27.624,27.799,41231.36
2026-08-27 15:35:00,27.799,27.853,27.775,27.85,5581.22
2026-08-27 15:40:00,27.85,27.93,27.715,27.736,34444.14
2026-08-27 15:45:00,27.736,27.881,27.716,27.833,87699.85
2026-08-27 15:50:00,27.833,27.954,27.829,27.896,28149.24
2026-08-27 15:55:00,27.896,27.971,27.843,27.871,109828.96
2026-08-27 16:00:00,27.871,27.906,27.81,27.876,31159.65
2026-08-27 16:05:00,27.876,27.906,27.831,27.835,3671.7
2026-08-27 16:10:00,27.835,27.902,27.759,27.821,5803.03
2026-08-27 16:15:00,27.821,27.836,27.771,27.773,9350.86
2026-08-27 16:20:00,27.773,27.809,27.741,27.781,14709.46
2026-08-27 16:25:00,27.781,27.8,27.653,27.695,126301.56
2026-08-27 16:30:00,27.695,27.725,27.668,27.706,20758.74
2026-08-27 16:35:00,27.706,27.81,27.673,27.784,65781.01
2026-08-27 16:40:00,27.784,27.928,27.779,27.816,21617.86
2026-08-27 16:45:00,27.816,27.923,27.793,27.87,67616.56
2026-08-27 16:50:00,27.87,28.049,27.763,27.993,11224.57
2026-08-27 16:55:00,27.993,28.102,27.952,27.968,189103.31
2026-08-27 17:00:00,27.968,28.021,27.924,27.944,31302.7
2026-08-27 17:05:00,27.944,27.985,27.891,27.902,29845.34
2026-08-27 17:10:00,27.902,28.069,27.899,28.017,14568.55
2026-08-27 17:15:00,28.017,28.028,27.812,27.871,7937.62
2026-08-27 17:20:00,27.871,27.872,27.823,27.842,7748.62
2026-08-27 17:25:00,27.842,27.958,27.841,27.907,48332.67
2026-08-27 17:30:00,27.907,27.92,27.842,27.854,50415.4
2026-08-27 17:35:00,27.854,27.914,27.809,27.902,122924.47
2026-08-27 17:40:00,27.902,27.952,27.76,27.77,620.55
2026-08-27 17:45:00,27.77,27.984,27.759,27.883,181290.76
2026-08-27 17:50:00,27.883,27.893,27.816,27.824,33754.38
2026-08-27 17:55:00,27.824,27.959,27.772,27.939,10344.62
2026-08-27 18:00:00,27.939,28.055,27.849,27.861,62796.42
2026-08-27 18:05:00,27.861,27.915,27.776,27.902,72426.16
2026-08-27 18:10:00,27.902,27.924,27.863,27.886,30565.57
2026-08-27 18:15:00,27.886,27.939,27.815,27.904,155827.48
2026-08-27 18:20:00,27.904,27.906,27.847,27.881,99999.03
2026-08-27 18:25:00,27.881,27.963,27.814,27.918,54442.67
2026-08-27 18:30:00,27.918,27.926,27.814,27.896,22890.53
2026-08-27 18:35:00,27.896,27.93,27.85,27.857,3414.14
2026-08-27 18:40:00,27.857,27.905,27.662,27.778,10051.17
2026-08-27 18:45:00,27.778,27.81,27.731,27.753,76493.75
2026-08-27 18:50:00,27.753,27.824,27.744,27.758,130248.24
2026-08-27 18:55:00,27.758,27.865,27.731,27.842,25624.33
2026-08-27 19:00:00,27.842,27.87,27.806,27.868,7334.55
2026-08-27 19:05:00,27.868,27.903,27.76,27.762,633.41
2026-08-27 19:10:00,27.762,27.765,27.656,27.733,119197.65
2026-08-27 19:15:00,27.733,27.823,27.73,27.779,95579.27
2026-08-27 19:20:00,27.779,27.796,27.701,27.753,42200.03
2026-08-27 19:25:00,27.753,27.771,27.627,27.73,66039.53
2026-08-27 19:30:00,27.73,27.921,27.682,27.84,62952.2
2026-08-27 19:35:00,27.84,27.945,27.818,27.934,59755.71
2026-08-27 19:40:00,27.934,28.046,27.904,28.007,266282.22
2026-08-27 19:45:00,28.007,28.126,27.937,27.951,90310.99
2026-08-27 19:50:00,27.951,28.019,27.928,27.966,1450.72
2026-08-27 19:55:00,27.966,28.052,27.916,27.925,30779.29
2026-08-27 20:00:00,27.925,27.931,27.795,27.866,22150.41
2026-08-27 20:05:00,27.866,27.954,27.862,27.907,78584.42
2026-08-27 20:10:00,27.907,27.961,27.818,27.852,24867.65
2026-08-27 20:15:00,27.852,27.931,27.696,27.773,2795.03
2026-08-27 20:20:00,27.773,27.774,27.67,27.742,31272.16
2026-08-27 20:25:00,27.742,27.755,27.701,27.741,15718.95
2026-08-27 20:30:00,27.741,27.816,27.725,27.737,49766.39
2026-08-27 20:35:00,27.737,27.875,27.725,27.869,84216.85
2026-08-27 20:40:00,27.869,27.921,27.819,27.824,43264.11
2026-08-27 20:45:00,27.824,27.921,27.783,27.839,45410.38
2026-08-27 20:50:00,27.839,28.11,27.751,28.015,3310.77
2026-08-27 20:55:00,28.015,28.079,27.969,27.98,415556.81
2026-08-27 21:00:00,27.98,28.027,27.944,27.989,24583.68
2026-08-27 21:05:00,27.989,28.091,27.916,28.066,34922.01
2026-08-27 21:10:00,28.066,28.197,28.042,28.161,48286.72
2026-08-27 21:15:00,28.161,28.272,28.11,28.124,69351.18
2026-08-27 21:20:00,28.124,28.208,28.087,28.162,108771.28
2026-08-27 21:25:00,28.162,28.182,28.104,28.136,17951.57
2026-08-27 21:30:00,28.136,28.257,28.08,28.097,219523.84
2026-08-27 21:35:00,28.097,28.125,28.056,28.103,49140.25
2026-08-27 21:40:00,28.103,28.155,28.044,28.072,218044.97
2026-08-27 21:45:00,28.072,28.196,27.987,28.003,90579.96
2026-08-27 21:50:00,28.003,28.056,27.962,27.975,164942.88
2026-08-27 21:55:00,27.975,28.023,27.896,27.907,64757.76
2026-08-27 22:00:00,27.907,28.024,27.883,27.972,6296.84
2026-08-27 22:05:00,27.972,28.026,27.881,27.897,175125.23
2026-08-27 22:10:00,27.897,27.928,27.827,27.882,106642.04
2026-08-27 22:15:00,27.882,27.885,27.773,27.811,61575.53
2026-08-27 22:20:00,27.811,27.865,27.805,27.832,25940.85
2026-08-27 22:25:00,27.832,27.833,27.725,27.788,8192.53
2026-08-27 22:30:00,27.788,27.871,27.678,27.786,23911.65
2026-08-27 22:35:00,27.786,27.832,27.697,27.729,160363.11
2026-08-27 22:40:00,27.729,27.736,27.71,27.713,22593.35
2026-08-27 22:45:00,27.713,27.871,27.628,27.791,510.72
2026-08-27 22:50:00,27.791,27.824,27.782,27.818,43098.12
2026-08-27 22:55:00,27.818,27.829,27.692,27.705,1350.33
2026-08-27 23:00:00,27.705,27.768,27.674,27.689,25562.57
2026-08-27 23:05:00,27.689,27.703,27.64,27.681,11444.27
2026-08-27 23:10:00,27.681,27.748,27.601,27.724,76467.77
2026-08-27 23:15:00,27.724,27.767,27.588,27.603,41847.34
2026-08-27 23:20:00,27.603,27.629,27.512,27.538,55267.41
2026-08-27 23:25:00,27.538,27.575,27.378,27.416,98694.01
2026-08-27 23:30:00,27.416,27.472,27.39,27.401,56703.88
2026-08-27 23:35:00,27.401,27.536,27.372,27.506,166280.06
2026-08-27 23:40:00,27.506,27.526,27.304,27.335,11208.09
2026-08-27 23:45:00,27.335,27.387,27.285,27.378,82865.78
2026-08-27 23:50:00,27.378,27.412,27.332,27.406,124275.36
2026-08-27 23:55:00,27.406,27.411,27.321,27.332,67070.7
2026-08-28 00:00:00,27.332,27.541,27.323,27.482,37645.73
2026-08-28 00:05:00,27.482,27.482,27.409,27.462,62257.1
2026-08-28 00:10:00,27.462,27.475,27.398,27.423,151908.24
2026-08-28 00:15:00,27.423,27.46,27.38,27.403,72766.75
2026-08-28 00:20:00,27.403,27.421,27.373,27.397,17856.05
2026-08-28 00:25:00,27.397,27.414,27.343,27.383,5136.34
2026-08-28 00:30:00,27.383,27.455,27.359,27.401,78341.82
2026-08-28 00:35:00,27.401,27.49,27.355,27.464,182891.44
2026-08-28 00:40:00,27.464,27.558,27.453,27.52,55386.76
2026-08-28 00:45:00,27.52,27.589,27.497,27.526,15383.52
2026-08-28 00:50:00,27.526,27.583,27.521,27.567,80197.34
2026-08-28 00:55:00,27.567,27.769,27.53,27.737,10954.51
2026-08-28 01:00:00,27.737,27.803,27.648,27.715,29199.82
2026-08-28 01:05:00,27.715,27.733,27.527,27.597,1857.6
2026-08-28 01:10:00,27.597,27.602,27.463,27.48,59162.82
2026-08-28 01:15:00,27.48,27.506,27.356,27.363,2285.41
2026-08-28 01:20:00,27.363,27.439,27.257,27.417,30652.79
2026-08-28 01:25:00,27.417,27.494,27.353,27.466,234870.4
2026-08-28 01:30:00,27.466,27.571,27.442,27.538,33022.5
2026-08-28 01:35:00,27.538,27.582,27.457,27.553,14446.96
2026-08-28 01:40:00,27.553,27.565,27.41,27.42,4046.24
2026-08-28 01:45:00,27.42,27.503,27.243,27.477,109132.62
2026-08-28 01:50:00,27.477,27.5,27.466,27.487,38506.2
2026-08-28 01:55:00,27.487,27.615,27.446,27.558,6889.03
2026-08-28 02:00:00,27.558,27.572,27.44,27.47,21118.59
2026-08-28 02:05:00,27.47,27.504,27.369,27.494,181906.7
2026-08-28 02:10:00,27.494,27.526,27.417,27.442,118943.95
2026-08-28 02:15:00,27.442,27.448,27.425,27.443,78296.06
2026-08-28 02:20:00,27.443,27.452,27.385,27.398,10465.09
2026-08-28 02:25:00,27.398,27.472,27.314,27.461,11189.87
2026-08-28 02:30:00,27.461,27.55,27.406,27.527,119006.95
2026-08-28 02:35:00,27.527,27.731,27.502,27.597,226880.88
2026-08-28 02:40:00,27.597,27.727,27.564,27.671,15001.22
2026-08-28 02:45:00,27.671,27.676,27.637,27.653,19156.55
2026-08-28 02:50:00,27.653,27.724,27.579,27.686,31563.14
2026-08-28 02:55:00,27.686,27.706,27.666,27.685,14071.24
2026-08-28 03:00:00,27.685,27.692,27.636,27.665,10662.25
2026-08-28 03:05:00,27.665,27.8,27.641,27.782,26750.8
2026-08-28 03:10:00,27.782,27.862,27.679,27.85,75384.7
2026-08-28 03:15:00,27.85,27.919,27.833,27.879,3836.69
2026-08-28 03:20:00,27.879,27.938,27.783,27.829,62105.46
2026-08-28 03:25:00,27.829,27.852,27.811,27.821,77584.12
2026-08-28 03:30:00,27.821,27.828,27.776,27.827,91270.08
2026-08-28 03:35:00,27.827,27.928,27.777,27.798,53279.89
2026-08-28 03:40:00,27.798,27.824,27.698,27.748,31676.51
2026-08-28 03:45:00,27.748,27.885,27.743,27.871,216655.17
2026-08-28 03:50:00,27.871,27.918,27.84,27.857,22834.72
2026-08-28 03:55:00,27.857,27.971,27.771,27.782,65725.28
2026-08-28 04:00:00,27.782,27.977,27.761,27.944,9008.01
2026-08-28 04:05:00,27.944,28.053,27.893,27.903,183892.42
2026-08-28 04:10:00,27.903,27.962,27.828,27.942,47099.87
2026-08-28 04:15:00,27.942,27.986,27.798,27.82,34535.9
2026-08-28 04:20:00,27.82,27.892,27.762,27.84,13746.31
2026-08-28 04:25:00,27.84,27.907,27.73,27.793,10020.65
2026-08-28 04:30:00,27.793,27.866,27.747,27.849,4989.44
2026-08-28 04:35:00,27.849,27.9,27.772,27.785,237322.08
2026-08-28 04:40:00,27.785,27.82,27.752,27.775,9232.18
2026-08-28 04:45:00,27.775,27.837,27.759,27.774,27272.96
2026-08-28 04:50:00,27.774,27.936,27.739,27.848,41131.56
2026-08-28 04:55:00,27.848,27.879,27.785,27.8,7345.62
2026-08-28 05:00:00,27.8,27.823,27.605,27.647,35066.05
2026-08-28 05:05:00,27.647,27.75,27.522,27.547,5453.49
2026-08-28 05:10:00,27.547,27.654,27.529,27.625,62962.51
2026-08-28 05:15:00,27.625,27.678,27.504,27.507,100941.46
2026-08-28 05:20:00,27.507,27.56,27.495,27.558,11976.18
2026-08-28 05:25:00,27.558,27.623,27.296,27.359,24868.27
2026-08-28 05:30:00,27.359,27.397,27.296,27.347,91725.66
2026-08-28 05:35:00,27.347,27.414,27.224,27.401,451932.99
2026-08-28 05:40:00,27.401,27.433,27.302,27.331,171366.82
2026-08-28 05:45:00,27.331,27.419,27.228,27.397,333835.43
2026-08-28 05:50:00,27.397,27.462,27.378,27.447,908.99
2026-08-28 05:55:00,27.447,27.468,27.428,27.437,37259.57
2026-08-28 06:00:00,27.437,27.582,27.419,27.548,32598.9
2026-08-28 06:05:00,27.548,27.69,27.446,27.654,6801.13
2026-08-28 06:10:00,27.654,27.766,27.605,27.725,6824.71
2026-08-28 06:15:00,27.725,27.822,27.687,27.818,227270.09
2026-08-28 06:20:00,27.818,27.866,27.762,27.862,55361.85
2026-08-28 06:25:00,27.862,27.871,27.738,27.741,2835.06
2026-08-28 06:30:00,27.741,27.824,27.703,27.774,47075.73
2026-08-28 06:35:00,27.774,27.778,27.664,27.697,20781.87
2026-08-28 06:40:00,27.697,27.777,27.653,27.752,40280.81
2026-08-28 06:45:00,27.752,27.923,27.734,27.864,21447.49
2026-08-28 06:50:00,27.864,27.871,27.794,27.824,4208.82
2026-08-28 06:55:00,27.824,27.891,27.738,27.747,249549.69
2026-08-28 07:00:00,27.747,27.874,27.73,27.805,54291.35
2026-08-28 07:05:00,27.805,27.888,27.75,27.855,15830.04
2026-08-28 07:10:00,27.855,27.9,27.741,27.869,14604.43
2026-08-28 07:15:00,27.869,27.929,27.785,27.799,167287.82
2026-08-28 07:20:00,27.799,27.955,27.726,27.9,56802.37
2026-08-28 07:25:00,27.9,28.072,27.854,28.039,85127.56
2026-08-28 07:30:00,28.039,28.091,27.957,28.02,44571.02
2026-08-28 07:35:00,28.02,28.025,27.923,27.931,77720.55
2026-08-28 07:40:00,27.931,27.961,27.877,27.907,19546.03
2026-08-28 07:45:00,27.907,27.987,27.832,27.949,118476.81
2026-08-28 07:50:00,27.949,27.988,27.865,27.904,113954.54
2026-08-28 07:55:00,27.904,27.967,27.834,27.951,19418.06
2026-08-28 08:00:00,27.951,28.031,27.926,28.004,99572.75
2026-08-28 08:05:00,28.004,28.091,27.984,28.014,13675.34
2026-08-28 08:10:00,28.014,28.137,27.959,27.98,288885.79
2026-08-28 08:15:00,27.98,28.037,27.761,27.815,18.96
2026-08-28 08:20:00,27.815,27.911,27.731,27.84,22432.61
2026-08-28 08:25:00,27.84,27.898,27.806,27.873,34978.59
2026-08-28 08:30:00,27.873,27.894,27.773,27.853,117510.28
2026-08-28 08:35:00,27.853,27.903,27.848,27.868,56705.04
2026-08-28 08:40:00,27.868,27.931,27.833,27.865,135640.46
2026-08-28 08:45:00,27.865,27.939,27.831,27.866,76300.55
2026-08-28 08:50:00,27.866,27.885,27.767,27.782,112.23
2026-08-28 08:55:00,27.782,27.812,27.769,27.787,14503.44
2026-08-28 09:00:00,27.787,27.974,27.757,27.878,35567.09
2026-08-28 09:05:00,27.878,27.977,27.866,27.939,37062.54
2026-08-28 09:10:00,27.939,27.94,27.787,27.793,80895.47
2026-08-28 09:15:00,27.793,27.807,27.762,27.789,43366.03
2026-08-28 09:20:00,27.789,27.97,27.727,27.865,29247.76
2026-08-28 09:25:00,27.865,27.946,27.843,27.902,50663.41
2026-08-28 09:30:00,27.902,27.926,27.845,27.857,68310.58
2026-08-28 09:35:00,27.857,27.903,27.848,27.902,38991.11
2026-08-28 09:40:00,27.902,27.985,27.791,27.967,89505.41
2026-08-28 09:45:00,27.967,28.057,27.957,27.965,64594.76
2026-08-28 09:50:00,27.965,28.054,27.932,27.955,59487.89
2026-08-28 09:55:00,27.955,28.028,27.925,28.003,31512.52
2026-08-28 10:00:00,28.003,28.102,27.977,28.065,114612.61
2026-08-28 10:05:00,28.065,28.077,28.029,28.039,822.6
2026-08-28 10:10:00,28.039,28.07,27.93,27.996,70488.69
2026-08-28 10:15:00,27.996,28.05,27.973,28.003,45722.84
2026-08-28 10:20:00,28.003,28.046,27.907,27.934,33347.24
2026-08-28 10:25:00,27.934,27.956,27.893,27.934,46232.38
2026-08-28 10:30:00,27.934,27.978,27.863,27.887,10767.04
2026-08-28 10:35:00,27.887,27.892,27.838,27.859,44902.75
2026-08-28 10:40:00,27.859,27.906,27.801,27.822,33856.46
2026-08-28 10:45:00,27.822,27.894,27.761,27.773,32083.5
2026-08-28 10:50:00,27.773,27.8,27.694,27.695,58563.87
2026-08-28 10:55:00,27.695,27.802,27.619,27.66,2764.93
2026-08-28 11:00:00,27.66,27.725,27.64,27.691,122567.37
2026-08-28 11:05:00,27.691,27.766,27.67,27.706,11810.45
2026-08-28 11:10:00,27.706,27.869,27.642,27.763,20288.06
2026-08-28 11:15:00,27.763,27.779,27.659,27.7,15137.6
2026-08-28 11:20:00,27.7,27.76,27.697,27.726,28768.93
2026-08-28 11:25:00,27.726,27.759,27.699,27.728,90721.44
2026-08-28 11:30:00,27.728,27.745,27.624,27.639,125469.76
2026-08-28 11:35:00,27.639,27.694,27.625,27.66,3052.49
2026-08-28 11:40:00,27.66,27.752,27.603,27.714,172018.17
2026-08-28 11:45:00,27.714,27.808,27.697,27.786,36384.63
2026-08-28 11:50:00,27.786,27.805,27.671,27.695,18973.59
2026-08-28 11:55:00,27.695,27.742,27.64,27.721,7320.83
2026-08-28 12:00:00,27.721,27.734,27.714,27.719,133550.61
2026-08-28 12:05:00,27.719,27.725,27.66,27.704,1186.02
2026-08-28 12:10:00,27.704,27.747,27.605,27.731,94239.5
2026-08-28 12:15:00,27.731,27.765,27.668,27.693,8752.54
2026-08-28 12:20:00,27.693,27.74,27.622,27.722,3660.2
2026-08-28 12:25:00,27.722,27.768,27.628,27.659,11331.39
2026-08-28 12:30:00,27.659,27.664,27.518,27.575,38834.25
2026-08-28 12:35:00,27.575,27.695,27.543,27.687,184081.15
2026-08-28 12:40:00,27.687,27.755,27.565,27.74,2041.8
2026-08-28 12:45:00,27.74,27.758,27.623,27.679,89186.16
2026-08-28 12:50:00,27.679,27.753,27.621,27.743,24662.72
2026-08-28 12:55:00,27.743,27.787,27.631,27.693,139881.13
2026-08-28 13:00:00,27.693,27.8,27.69,27.732,11094.96
2026-08-28 13:05:00,27.732,27.739,27.667,27.73,35415.67
2026-08-28 13:10:00,27.73,27.792,27.639,27.715,18150.71
2026-08-28 13:15:00,27.715,27.77,27.593,27.751,176097.32
2026-08-28 13:20:00,27.751,27.84,27.711,27.737,34312.32
2026-08-28 13:25:00,27.737,27.921,27.732,27.849,24618.83
2026-08-28 13:30:00,27.849,28.032,27.833,27.965,54496.52
2026-08-28 13:35:00,27.965,28.033,27.841,27.857,55562.55
2026-08-28 13:40:00,27.857,27.888,27.805,27.807,58616.3
2026-08-28 13:45:00,27.807,27.838,27.681,27.763,1124.58
2026-08-28 13:50:00,27.763,27.773,27.67,27.717,129.41
2026-08-28 13:55:00,27.717,27.761,27.64,27.66,42767.83
2026-08-28 14:00:00,27.66,27.702,27.625,27.681,44304.63
2026-08-28 14:05:00,27.681,27.694,27.561,27.586,10124.65
2026-08-28 14:10:00,27.586,27.607,27.484,27.485,55369.18
2026-08-28 14:15:00,27.485,27.601,27.429,27.592,57134.63
2026-08-28 14:20:00,27.592,27.691,27.522,27.585,112318.57
2026-08-28 14:25:00,27.585,27.599,27.449,27.458,43209.8
2026-08-28 14:30:00,27.458,27.487,27.441,27.465,6169.94
2026-08-28 14:35:00,27.465,27.546,27.391,27.454,1731.63
2026-08-28 14:40:00,27.454,27.485,27.398,27.472,7164.96
2026-08-28 14:45:00,27.472,27.492,27.413,27.421,89857.35
2026-08-28 14:50:00,27.421,27.471,27.365,27.445,209292.05
2026-08-28 14:55:00,27.445,27.458,27.42,27.433,23432.81
2026-08-28 15:00:00,27.433,27.457,27.353,27.43,33479.8
2026-08-28 15:05:00,27.43,27.436,27.308,27.376,85310.58
2026-08-28 15:10:00,27.376,27.392,27.309,27.337,49123.03
2026-08-28 15:15:00,27.337,27.404,27.277,27.393,158990.54
2026-08-28 15:20:00,27.393,27.426,27.351,27.421,44262.76
2026-08-28 15:25:00,27.421,27.512,27.314,27.496,29907.93
2026-08-28 15:30:00,27.496,27.65,27.457,27.556,5985.6
2026-08-28 15:35:00,27.556,27.713,27.543,27.662,197742.21
2026-08-28 15:40:00,27.662,27.763,27.63,27.666,12633.28
2026-08-28 15:45:00,27.666,27.862,27.593,27.803,26907.02
2026-08-28 15:50:00,27.803,27.879,27.798,27.829,33102.89
2026-08-28 15:55:00,27.829,27.87,27.802,27.842,48579.05
2026-08-28 16:00:00,27.842,27.897,27.831,27.866,36115.16
2026-08-28 16:05:00,27.866,27.875,27.769,27.806,1891.58
2026-08-28 16:10:00,27.806,27.847,27.781,27.839,76719.78
2026-08-28 16:15:00,27.839,27.881,27.79,27.804,20445.5
2026-08-28 16:20:00,27.804,27.824,27.778,27.82,51092.93
2026-08-28 16:25:00,27.82,27.863,27.814,27.823,32176.28
2026-08-28 16:30:00,27.823,27.941,27.787,27.864,53550.57
2026-08-28 16:35:00,27.864,28.131,27.851,28.025,50488.0
2026-08-28 16:40:00,28.025,28.081,27.916,27.919,36909.72
2026-08-28 16:45:00,27.919,28.017,27.907,27.935,162417.25
2026-08-28 16:50:00,27.935,28.06,27.852,27.877,189192.28
2026-08-28 16:55:00,27.877,27.889,27.753,27.793,53639.06
2026-08-28 17:00:00,27.793,27.905,27.705,27.718,2555.16
2026-08-28 17:05:00,27.718,27.825,27.699,27.798,911.59
2026-08-28 17:10:00,27.798,27.961,27.771,27.956,23.07
2026-08-28 17:15:00,27.956,28.001,27.872,27.896,75328.33
2026-08-28 17:20:00,27.896,27.909,27.842,27.858,37876.44
2026-08-28 17:25:00,27.858,27.907,27.811,27.858,25768.7
2026-08-28 17:30:00,27.858,27.875,27.816,27.823,75532.05
2026-08-28 17:35:00,27.823,27.955,27.788,27.849,69910.58
2026-08-28 17:40:00,27.849,27.895,27.795,27.81,94433.62
2026-08-28 17:45:00,27.81,27.866,27.792,27.81,113424.16
2026-08-28 17:50:00,27.81,27.832,27.672,27.72,39992.76
2026-08-28 17:55:00,27.72,27.815,27.621,27.782,92824.28
2026-08-28 18:00:00,27.782,27.849,27.755,27.771,31572.1
2026-08-28 18:05:00,27.771,27.842,27.577,27.586,6073.67
2026-08-28 18:10:00,27.586,27.628,27.486,27.5,25998.03
2026-08-28 18:15:00,27.5,27.531,27.4,27.463,32972.79
2026-08-28 18:20:00,27.463,27.478,27.395,27.457,112557.81
2026-08-28 18:25:00,27.457,27.53,27.428,27.51,44562.22
2026-08-28 18:30:00,27.51,27.518,27.491,27.501,18894.54
2026-08-28 18:35:00,27.501,27.625,27.454,27.599,7458.74
2026-08-28 18:40:00,27.599,27.671,27.574,27.667,45421.12
2026-08-28 18:45:00,27.667,27.703,27.592,27.622,11122.21
2026-08-28 18:50:00,27.622,27.688,27.616,27.659,165800.97
2026-08-28 18:55:00,27.659,27.8,27.61,27.761,548.09
2026-08-28 19:00:00,27.761,27.785,27.633,27.639,110726.11
2026-08-28 19:05:00,27.639,27.697,27.588,27.671,18805.82
2026-08-28 19:10:00,27.671,27.716,27.628,27.653,87767.52
2026-08-28 19:15:00,27.653,27.723,27.639,27.648,64647.2
2026-08-28 19:20:00,27.648,27.715,27.585,27.634,2277.68
2026-08-28 19:25:00,27.634,27.757,27.621,27.648,9148.25
2026-08-28 19:30:00,27.648,27.669,27.583,27.621,4604.88
2026-08-28 19:35:00,27.621,27.664,27.557,27.565,18332.56
2026-08-28 19:40:00,27.565,27.605,27.469,27.537,135386.39
2026-08-28 19:45:00,27.537,27.592,27.482,27.587,26135.61
2026-08-28 19:50:00,27.587,27.598,27.415,27.431,5418.48
2026-08-28 19:55:00,27.431,27.518,27.367,27.509,96175.65
2026-08-28 20:00:00,27.509,27.602,27.457,27.576,127955.04
2026-08-28 20:05:00,27.576,27.61,27.398,27.46,120099.9
2026-08-28 20:10:00,27.46,27.494,27.408,27.471,9698.24
2026-08-28 20:15:00,27.471,27.555,27.423,27.538,17187.33
2026-08-28 20:20:00,27.538,27.589,27.472,27.56,29203.89
2026-08-28 20:25:00,27.56,27.628,27.427,27.491,95639.29
2026-08-28 20:30:00,27.491,27.509,27.382,27.497,57943.06
2026-08-28 20:35:00,27.497,27.511,27.453,27.491,3555.15
2026-08-28 20:40:00,27.491,27.544,27.445,27.452,7341.56
2026-08-28 20:45:00,27.452,27.547,27.35,27.523,49531.18
2026-08-28 20:50:00,27.523,27.551,27.478,27.492,4548.17
2026-08-28 20:55:00,27.492,27.67,27.462,27.637,9116.48
2026-08-28 21:00:00,27.637,27.676,27.536,27.587,22896.73
2026-08-28 21:05:00,27.587,27.658,27.559,27.585,91940.52
2026-08-28 21:10:00,27.585,27.644,27.537,27.555,86870.54
2026-08-28 21:15:00,27.555,27.618,27.429,27.506,1672.5
2026-08-28 21:20:00,27.506,27.569,27.469,27.511,41879.97
2026-08-28 21:25:00,27.511,27.721,27.498,27.692,67312.36
2026-08-28 21:30:00,27.692,27.747,27.617,27.634,33378.54
2026-08-28 21:35:00,27.634,27.815,27.601,27.761,32452.7
2026-08-28 21:40:00,27.761,27.921,27.655,27.906,13690.24
2026-08-28 21:45:00,27.906,27.948,27.885,27.935,9828.96
2026-08-28 21:50:00,27.935,27.942,27.772,27.862,47931.61
2026-08-28 21:55:00,27.862,27.927,27.8,27.907,36608.84
2026-08-28 22:00:00,27.907,27.932,27.834,27.864,471.46
2026-08-28 22:05:00,27.864,27.901,27.853,27.859,80449.7
2026-08-28 22:10:00,27.859,27.91,27.837,27.838,56020.22
2026-08-28 22:15:00,27.838,27.859,27.684,27.771,27584.4
2026-08-28 22:20:00,27.771,27.906,27.768,27.9,61255.79
2026-08-28 22:25:00,27.9,27.952,27.826,27.856,137382.36
2026-08-28 22:30:00,27.856,27.886,27.855,27.869,89289.94
2026-08-28 22:35:00,27.869,28.007,27.861,27.974,63151.45
2026-08-28 22:40:00,27.974,28.01,27.973,27.994,35701.59
2026-08-28 22:45:00,27.994,28.048,27.857,27.875,69300.2
2026-08-28 22:50:00,27.875,27.928,27.855,27.925,55369.33
2026-08-28 22:55:00,27.925,27.96,27.884,27.915,52979.35
2026-08-28 23:00:00,27.915,28.084,27.867,28.049,11942.49
2026-08-28 23:05:00,28.049,28.151,28.012,28.024,64681.8
2026-08-28 23:10:00,28.024,28.098,28.013,28.082,8157.28
2026-08-28 23:15:00,28.082,28.136,27.989,28.017,247066.45
2026-08-28 23:20:00,28.017,28.118,27.977,27.986,103113.14
2026-08-28 23:25:00,27.986,28.041,27.982,28.025,72527.97
2026-08-28 23:30:00,28.025,28.102,27.974,28.091,23010.98
2026-08-28 23:35:00,28.091,28.273,28.07,28.232,16203.04
2026-08-28 23:40:00,28.232,28.266,28.181,28.241,32555.04
2026-08-28 23:45:00,28.241,28.336,28.216,28.31,42768.01
2026-08-28 23:50:00,28.31,28.333,28.27,28.302,14445.12
2026-08-28 23:55:00,28.302,28.305,28.176,28.204,28510.77
2026-08-29 00:00:00,28.204,28.252,28.002,28.064,24031.34
2026-08-29 00:05:00,28.064,28.102,28.009,28.024,24423.12
2026-08-29 00:10:00,28.024,28.063,27.95,27.981,52595.36
2026-08-29 00:15:00,27.981,28.055,27.979,28.043,2224.07
2026-08-29 00:20:00,28.043,28.087,28.008,28.072,81778.81
2026-08-29 00:25:00,28.072,28.133,28.001,28.026,218525.36
2026-08-29 00:30:00,28.026,28.105,27.925,27.952,195390.54
2026-08-29 00:35:00,27.952,28.033,27.887,27.999,710.13
2026-08-29 00:40:00,27.999,28.029,27.948,27.964,85565.28
2026-08-29 00:45:00,27.964,28.083,27.947,27.987,1010.64
2026-08-29 00:50:00,27.987,28.046,27.921,27.942,18482.43
2026-08-29 00:55:00,27.942,27.972,27.834,27.885,25369.77
2026-08-29 01:00:00,27.885,28.013,27.864,27.927,20924.1
2026-08-29 01:05:00,27.927,27.976,27.888,27.922,105874.84
2026-08-29 01:10:00,27.922,27.941,27.919,27.931,43069.63
2026-08-29 01:15:00,27.931,27.996,27.923,27.971,19983.87
2026-08-29 01:20:00,27.971,28.012,27.868,27.952,74952.53
2026-08-29 01:25:00,27.952,28.039,27.945,27.991,41246.89
2026-08-29 01:30:00,27.991,27.995,27.844,27.856,31486.9
2026-08-29 01:35:00,27.856,28.016,27.815,27.931,1154.78
2026-08-29 01:40:00,27.931,27.963,27.822,27.89,52778.85
2026-08-29 01:45:00,27.89,27.96,27.722,27.762,26107.24
2026-08-29 01:50:00,27.762,27.831,27.76,27.816,21518.13
2026-08-29 01:55:00,27.816,27.843,27.647,27.654,32963.29
2026-08-29 02:00:00,27.654,27.701,27.544,27.576,2630.22
2026-08-29 02:05:00,27.576,27.593,27.503,27.516,95937.25
2026-08-29 02:10:00,27.516,27.651,27.501,27.629,100373.93
2026-08-29 02:15:00,27.629,27.659,27.524,27.536,26842.8
2026-08-29 02:20:00,27.536,27.561,27.478,27.485,12351.2
2026-08-29 02:25:00,27.485,27.516,27.474,27.506,202820.42
2026-08-29 02:30:00,27.506,27.522,27.422,27.432,9334.82
2026-08-29 02:35:00,27.432,27.483,27.384,27.473,923001.04
2026-08-29 02:40:00,27.473,27.543,27.453,27.534,111861.56
2026-08-29 02:45:00,27.534,27.632,27.478,27.572,23800.82
2026-08-29 02:50:00,27.572,27.604,27.538,27.58,89452.05
2026-08-29 02:55:00,27.58,27.759,27.547,27.727,73023.34
2026-08-29 03:00:00,27.727,27.749,27.687,27.734,13361.88
2026-08-29 03:05:00,27.734,27.752,27.681,27.72,8458.81
2026-08-29 03:10:00,27.72,27.778,27.625,27.637,1065.66
2026-08-29 03:15:00,27.637,27.649,27.604,27.644,30086.3
2026-08-29 03:20:00,27.644,27.662,27.566,27.655,20070.3
2026-08-29 03:25:00,27.655,27.674,27.466,27.476,19311.54
2026-08-29 03:30:00,27.476,27.576,27.37,27.55,75511.14
2026-08-29 03:35:00,27.55,27.579,27.412,27.436,23144.12
2026-08-29 03:40:00,27.436,27.457,27.397,27.416,87138.07
2026-08-29 03:45:00,27.416,27.425,27.326,27.341,16409.93
2026-08-29 03:50:00,27.341,27.423,27.22,27.414,73107.12
2026-08-29 03:55:00,27.414,27.424,27.3,27.362,195573.14
2026-08-29 04:00:00,27.362,27.445,27.265,27.433,592313.88
2026-08-29 04:05:00,27.433,27.532,27.367,27.509,42220.46
2026-08-29 04:10:00,27.509,27.512,27.47,27.473,49805.76
2026-08-29 04:15:00,27.473,27.547,27.391,27.529,76670.04
2026-08-29 04:20:00,27.529,27.58,27.456,27.57,106860.87
2026-08-29 04:25:00,27.57,27.581,27.519,27.547,24574.91
2026-08-29 04:30:00,27.547,27.694,27.507,27.641,23184.03
2026-08-29 04:35:00,27.641,27.685,27.605,27.637,76226.23
2026-08-29 04:40:00,27.637,27.745,27.621,27.693,38565.32
2026-08-29 04:45:00,27.693,27.704,27.624,27.67,14044.86
2026-08-29 04:50:00,27.67,27.723,27.653,27.703,25318.45
2026-08-29 04:55:00,27.703,27.812,27.677,27.801,47206.43
2026-08-29 05:00:00,27.801,27.822,27.743,27.758,44893.34
2026-08-29 05:05:00,27.758,27.836,27.74,27.751,181990.78
2026-08-29 05:10:00,27.751,27.847,27.738,27.787,21327.29
2026-08-29 05:15:00,27.787,27.874,27.751,27.844,48204.13
2026-08-29 05:20:00,27.844,27.921,27.787,27.801,10464.69
2026-08-29 05:25:00,27.801,27.836,27.684,27.701,111064.14
2026-08-29 05:30:00,27.701,27.742,27.696,27.734,20141.44
2026-08-29 05:35:00,27.734,27.755,27.663,27.72,32517.18
2026-08-29 05:40:00,27.72,27.734,27.636,27.678,40393.29
2026-08-29 05:45:00,27.678,27.703,27.575,27.579,45196.38
2026-08-29 05:50:00,27.579,27.63,27.521,27.585,11626.96
2026-08-29 05:55:00,27.585,27.649,27.504,27.626,76251.63
2026-08-29 06:00:00,27.626,27.766,27.543,27.627,1636.31
2026-08-29 06:05:00,27.627,27.699,27.627,27.687,41537.92
2026-08-29 06:10:00,27.687,27.746,27.635,27.665,38329.65
2026-08-29 06:15:00,27.665,27.689,27.597,27.625,69564.4
2026-08-29 06:20:00,27.625,27.629,27.57,27.586,19535.97
2026-08-29 06:25:00,27.586,27.597,27.5,27.526,36630.31
2026-08-29 06:30:00,27.526,27.569,27.496,27.537,11738.72
2026-08-29 06:35:00,27.537,27.571,27.488,27.501,36047.58
2026-08-29 06:40:00,27.501,27.559,27.463,27.466,141114.57
2026-08-29 06:45:00,27.466,27.558,27.425,27.552,113274.18
2026-08-29 06:50:00,27.552,27.66,27.551,27.643,11699.0
2026-08-29 06:55:00,27.643,27.774,27.589,27.707,103200.92
2026-08-29 07:00:00,27.707,27.72,27.651,27.696,93385.43
2026-08-29 07:05:00,27.696,27.801,27.642,27.722,38855.14
2026-08-29 07:10:00,27.722,27.79,27.703,27.762,17454.61
2026-08-29 07:15:00,27.762,27.844,27.755,27.801,34703.79
2026-08-29 07:20:00,27.801,27.801,27.685,27.728,11216.93
2026-08-29 07:25:00,27.728,27.736,27.686,27.693,37547.31
2026-08-29 07:30:00,27.693,27.756,27.667,27.723,232119.85
2026-08-29 07:35:00,27.723,27.823,27.555,27.59,36139.77
2026-08-29 07:40:00,27.59,27.598,27.456,27.498,33459.3
2026-08-29 07:45:00,27.498,27.511,27.472,27.499,45935.21
2026-08-29 07:50:00,27.499,27.563,27.315,27.369,115897.34
2026-08-29 07:55:00,27.369,27.436,27.303,27.358,8485.41
2026-08-29 08:00:00,27.358,27.377,27.24,27.317,95795.22
2026-08-29 08:05:00,27.317,27.345,27.295,27.299,30247.19
2026-08-29 08:10:00,27.299,27.364,27.237,27.259,150218.22
2026-08-29 08:15:00,27.259,27.284,27.207,27.214,55588.35
2026-08-29 08:20:00,27.214,27.228,26.978,27.012,136693.88
2026-08-29 08:25:00,27.012,27.16,27.01,27.062,55553.17
2026-08-29 08:30:00,27.062,27.116,26.931,26.965,129023.87
2026-08-29 08:35:00,26.965,27.038,26.938,27.01,93803.0
2026-08-29 08:40:00,27.01,27.053,26.935,27.043,118530.52
2026-08-29 08:45:00,27.043,27.051,27.029,27.043,28181.3
2026-08-29 08:50:00,27.043,27.113,26.952,27.094,316156.01
2026-08-29 08:55:00,27.094,27.186,27.033,27.172,256605.51
2026-08-29 09:00:00,27.172,27.23,27.144,27.146,51055.94
2026-08-29 09:05:00,27.146,27.216,27.098,27.192,7441.66
2026-08-29 09:10:00,27.192,27.234,27.072,27.216,33082.73
2026-08-29 09:15:00,27.216,27.265,27.2,27.233,16278.54
2026-08-29 09:20:00,27.233,27.248,27.182,27.211,23141.97
2026-08-29 09:25:00,27.211,27.238,27.146,27.159,59890.84
2026-08-29 09:30:00,27.159,27.217,27.097,27.195,392492.59
2026-08-29 09:35:00,27.195,27.337,27.177,27.297,12921.15
2026-08-29 09:40:00,27.297,27.311,27.142,27.191,75011.85
2026-08-29 09:45:00,27.191,27.21,26.995,27.027,30663.6
2026-08-29 09:50:00,27.027,27.076,26.917,27.065,3452.95
2026-08-29 09:55:00,27.065,27.159,27.065,27.111,14273.15
2026-08-29 10:00:00,27.111,27.116,26.958,26.968,18168.07
2026-08-29 10:05:00,26.968,27.049,26.911,27.034,582439.14
2026-08-29 10:10:00,27.034,27.059,26.883,26.945,42706.34
2026-08-29 10:15:00,26.945,27.093,26.924,27.05,60752.3
2026-08-29 10:20:00,27.05,27.113,26.955,27.104,261256.12
2026-08-29 10:25:00,27.104,27.163,27.038,27.148,479376.37
2026-08-29 10:30:00,27.148,27.314,27.138,27.286,124267.53
2026-08-29 10:35:00,27.286,27.314,27.254,27.303,4196.97
2026-08-29 10:40:00,27.303,27.307,27.26,27.265,157204.7
2026-08-29 10:45:00,27.265,27.32,27.26,27.291,83875.33
2026-08-29 10:50:00,27.291,27.395,27.274,27.365,5900.04
2026-08-29 10:55:00,27.365,27.412,27.264,27.392,242465.78
2026-08-29 11:00:00,27.392,27.421,27.38,27.398,63886.98
2026-08-29 11:05:00,27.398,27.493,27.312,27.453,27124.79
2026-08-29 11:10:00,27.453,27.457,27.357,27.423,1509.17
2026-08-29 11:15:00,27.423,27.514,27.398,27.475,79513.25
2026-08-29 11:20:00,27.475,27.572,27.413,27.557,102759.32
2026-08-29 11:25:00,27.557,27.607,27.475,27.495,25454.14
2026-08-29 11:30:00,27.495,27.506,27.469,27.491,42731.01
2026-08-29 11:35:00,27.491,27.566,27.413,27.44,38484.29
2026-08-29 11:40:00,27.44,27.666,27.419,27.641,32138.06
2026-08-29 11:45:00,27.641,27.686,27.414,27.513,36003.7
2026-08-29 11:50:00,27.513,27.568,27.332,27.381,62408.83
2026-08-29 11:55:00,27.381,27.437,27.312,27.407,29297.22
2026-08-29 12:00:00,27.407,27.477,27.397,27.452,91503.76
2026-08-29 12:05:00,27.452,27.513,27.422,27.451,63452.63
2026-08-29 12:10:00,27.451,27.457,27.449,27.452,16101.28
2026-08-29 12:15:00,27.452,27.503,27.411,27.496,21827.96
2026-08-29 12:20:00,27.496,27.59,27.478,27.574,19385.07
2026-08-29 12:25:00,27.574,27.613,27.395,27.43,47209.27
2026-08-29 12:30:00,27.43,27.446,27.275,27.315,3141.15
2026-08-29 12:35:00,27.315,27.339,27.314,27.329,56786.93
2026-08-29 12:40:00,27.329,27.366,27.261,27.35,234256.08
2026-08-29 12:45:00,27.35,27.388,27.318,27.386,13266.31
2026-08-29 12:50:00,27.386,27.397,27.323,27.388,63415.41
2026-08-29 12:55:00,27.388,27.4,27.258,27.287,74625.61
2026-08-29 13:00:00,27.287,27.327,27.207,27.325,178999.01
2026-08-29 13:05:00,27.325,27.365,27.312,27.335,84827.45
2026-08-29 13:10:00,27.335,27.402,27.248,27.384,49724.23
2026-08-29 13:15:00,27.384,27.515,27.347,27.505,11114.34
2026-08-29 13:20:00,27.505,27.642,27.468,27.604,13001.18
2026-08-29 13:25:00,27.604,27.628,27.523,27.526,76221.95
2026-08-29 13:30:00,27.526,27.579,27.483,27.509,145959.06
2026-08-29 13:35:00,27.509,27.536,27.453,27.469,19470.96
2026-08-29 13:40:00,27.469,27.496,27.399,27.421,130670.18
2026-08-29 13:45:00,27.421,27.489,27.28,27.318,101918.75
2026-08-29 13:50:00,27.318,27.35,27.263,27.34,101342.09
2026-08-29 13:55:00,27.34,27.358,27.304,27.356,333.04
2026-08-29 14:00:00,27.356,27.499,27.255,27.28,35992.66
2026-08-29 14:05:00,27.28,27.34,27.27,27.338,7653.88
2026-08-29 14:10:00,27.338,27.424,27.283,27.361,5019.32
2026-08-29 14:15:00,27.361,27.405,27.302,27.328,50529.5
2026-08-29 14:20:00,27.328,27.378,27.317,27.368,29678.86
2026-08-29 14:25:00,27.368,27.388,27.342,27.363,13537.59
2026-08-29 14:30:00,27.363,27.387,27.253,27.344,4863.02
2026-08-29 14:35:00,27.344,27.351,27.214,27.317,90871.23
2026-08-29 14:40:00,27.317,27.329,27.145,27.158,84208.88
2026-08-29 14:45:00,27.158,27.158,27.045,27.087,168075.06
2026-08-29 14:50:00,27.087,27.145,27.029,27.034,13185.51
2026-08-29 14:55:00,27.034,27.074,26.973,27.017,29355.32
2026-08-29 15:00:00,27.017,27.049,26.878,26.945,45997.03
2026-08-29 15:05:00,26.945,26.947,26.89,26.917,17033.38
2026-08-29 15:10:00,26.917,26.974,26.859,26.953,173091.8
2026-08-29 15:15:00,26.953,27.064,26.953,27.015,39928.59
2026-08-29 15:20:00,27.015,27.027,26.993,27.018,34108.78
2026-08-29 15:25:00,27.018,27.121,27.007,27.092,32594.46
2026-08-29 15:30:00,27.092,27.171,27.09,27.127,56530.48
2026-08-29 15:35:00,27.127,27.217,27.098,27.164,27658.18
2026-08-29 15:40:00,27.164,27.183,27.096,27.117,7451.01
2026-08-29 15:45:00,27.117,27.159,26.919,26.977,79275.46
2026-08-29 15:50:00,26.977,27.056,26.974,27.048,52393.78
2026-08-29 15:55:00,27.048,27.095,27.01,27.016,56626.97
2026-08-29 16:00:00,27.016,27.086,26.906,26.956,92675.07
2026-08-29 16:05:00,26.956,27.001,26.927,26.989,58397.47
2026-08-29 16:10:00,26.989,27.017,26.834,26.893,130313.03
2026-08-29 16:15:00,26.893,26.944,26.825,26.923,51796.93
2026-08-29 16:20:00,26.923,26.958,26.825,26.869,39116.96
2026-08-29 16:25:00,26.869,26.917,26.802,26.89,219332.72
2026-08-29 16:30:00,26.89,26.953,26.843,26.931,11294.68
2026-08-29 16:35:00,26.931,27.037,26.868,27.011,67382.29
2026-08-29 16:40:00,27.011,27.044,27.005,27.021,48854.29
2026-08-29 16:45:00,27.021,27.155,26.96,27.075,12911.76
2026-08-29 16:50:00,27.075,27.213,27.048,27.146,76278.69
2026-08-29 16:55:00,27.146,27.172,27.103,27.156,147312.71
2026-08-29 17:00:00,27.156,27.179,26.986,27.072,928.2
2026-08-29 17:05:00,27.072,27.152,26.989,27.142,5947.4
2026-08-29 17:10:00,27.142,27.204,27.065,27.147,75174.51
2026-08-29 17:15:00,27.147,27.149,27.034,27.08,74062.52
2026-08-29 17:20:00,27.08,27.178,27.007,27.156,42711.17
2026-08-29 17:25:00,27.156,27.205,27.119,27.182,16484.29
2026-08-29 17:30:00,27.182,27.274,27.148,27.265,9446.04
2026-08-29 17:35:00,27.265,27.308,27.092,27.127,5669.79
2026-08-29 17:40:00,27.127,27.14,26.985,27.029,28284.12
2026-08-29 17:45:00,27.029,27.142,27.003,27.133,10214.08
2026-08-29 17:50:00,27.133,27.142,26.997,27.004,18155.23
2026-08-29 17:55:00,27.004,27.06,26.918,26.926,6366.33
2026-08-29 18:00:00,26.926,26.981,26.823,26.957,773126.16
2026-08-29 18:05:00,26.957,27.027,26.845,27.008,251577.1
2026-08-29 18:10:00,27.008,27.102,26.972,27.071,46658.51
2026-08-29 18:15:00,27.071,27.076,27.028,27.038,27876.5
2026-08-29 18:20:00,27.038,27.07,26.962,27.029,29227.66
2026-08-29 18:25:00,27.029,27.116,27.022,27.056,2634.9
2026-08-29 18:30:00,27.056,27.1,26.934,26.983,8355.03
2026-08-29 18:35:00,26.983,26.994,26.925,26.943,139252.09
2026-08-29 18:40:00,26.943,27.113,26.899,27.097,36560.77
2026-08-29 18:45:00,27.097,27.156,27.081,27.102,194239.77
2026-08-29 18:50:00,27.102,27.239,27.099,27.162,19832.42
2026-08-29 18:55:00,27.162,27.202,27.135,27.138,25688.08
2026-08-29 19:00:00,27.138,27.17,27.113,27.137,42960.85
2026-08-29 19:05:00,27.137,27.195,27.091,27.105,3909.4
2026-08-29 19:10:00,27.105,27.194,27.062,27.157,13217.42
2026-08-29 19:15:00,27.157,27.219,27.078,27.112,28134.77
2026-08-29 19:20:00,27.112,27.137,27.094,27.106,28754.54
2026-08-29 19:25:00,27.106,27.194,26.987,26.993,33355.5
2026-08-29 19:30:00,26.993,27.019,26.965,26.978,26880.76
2026-08-29 19:35:00,26.978,27.006,26.967,26.99,938.58
2026-08-29 19:40:00,26.99,27.019,26.926,26.989,44145.44
2026-08-29 19:45:00,26.989,27.043,26.826,26.903,24530.66
2026-08-29 19:50:00,26.903,26.964,26.862,26.942,6423.08
2026-08-29 19:55:00,26.942,27.019,26.939,27.007,18875.24
2026-08-29 20:00:00,27.007,27.011,26.94,26.994,15695.33
2026-08-29 20:05:00,26.994,27.124,26.964,27.008,83559.45
2026-08-29 20:10:00,27.008,27.015,26.928,26.93,13601.93
2026-08-29 20:15:00,26.93,26.987,26.896,26.961,35882.02
2026-08-29 20:20:00,26.961,26.964,26.929,26.963,72155.02
2026-08-29 20:25:00,26.963,27.134,26.96,27.071,120289.54
2026-08-29 20:30:00,27.071,27.176,27.047,27.15,21869.56
2026-08-29 20:35:00,27.15,27.257,27.141,27.182,4063.47
2026-08-29 20:40:00,27.182,27.337,27.152,27.307,55795.52
2026-08-29 20:45:00,27.307,27.335,27.181,27.183,54274.87
2026-08-29 20:50:00,27.183,27.191,26.994,27.072,20665.87
2026-08-29 20:55:00,27.072,27.154,27.018,27.129,62767.43
2026-08-29 21:00:00,27.129,27.185,27.071,27.16,44193.6
2026-08-29 21:05:00,27.16,27.191,27.096,27.154,29950.2
2026-08-29 21:10:00,27.154,27.168,27.121,27.153,19129.18
2026-08-29 21:15:00,27.153,27.219,27.12,27.195,18066.02
2026-08-29 21:20:00,27.195,27.278,27.141,27.234,29851.95
2026-08-29 21:25:00,27.234,27.262,27.219,27.246,220651.18
2026-08-29 21:30:00,27.246,27.26,27.067,27.093,22509.43
2026-08-29 21:35:00,27.093,27.223,27.074,27.192,21182.0
2026-08-29 21:40:00,27.192,27.208,27.182,27.182,38334.89
2026-08-29 21:45:00,27.182,27.209,27.175,27.199,40403.75
2026-08-29 21:50:00,27.199,27.217,27.159,27.17,102450.72
2026-08-29 21:55:00,27.17,27.237,27.038,27.065,4199.32
2026-08-29 22:00:00,27.065,27.15,27.064,27.109,50153.66
2026-08-29 22:05:00,27.109,27.138,27.047,27.068,61083.77
2026-08-29 22:10:00,27.068,27.079,26.878,26.944,27932.63
2026-08-29 22:15:00,26.944,26.975,26.916,26.944,6460.64
2026-08-29 22:20:00,26.944,26.968,26.906,26.937,384.52
2026-08-29 22:25:00,26.937,26.951,26.917,26.938,856.67
2026-08-29 22:30:00,26.938,26.972,26.93,26.956,36425.81
2026-08-29 22:35:00,26.956,26.991,26.84,26.87,57172.93
2026-08-29 22:40:00,26.87,26.919,26.851,26.894,2679.36
2026-08-29 22:45:00,26.894,26.968,26.838,26.958,3525.37
2026-08-29 22:50:00,26.958,27.062,26.914,27.037,14188.76
2026-08-29 22:55:00,27.037,27.159,26.942,27.139,2139.61
2026-08-29 23:00:00,27.139,27.22,27.134,27.179,225.94
2026-08-29 23:05:00,27.179,27.212,27.001,27.004,6777.13
2026-08-29 23:10:00,27.004,27.077,26.937,26.957,674.72
2026-08-29 23:15:00,26.957,27.038,26.923,26.981,20447.09
2026-08-29 23:20:00,26.981,27.049,26.96,27.001,14920.94
2026-08-29 23:25:00,27.001,27.118,26.991,27.111,3811.92
2026-08-29 23:30:00,27.111,27.178,27.095,27.111,11723.48
2026-08-29 23:35:00,27.111,27.158,27.091,27.154,32236.72
2026-08-29 23:40:00,27.154,27.165,27.122,27.145,21546.38
2026-08-29 23:45:00,27.145,27.155,26.97,27.021,4094.67
2026-08-29 23:50:00,27.021,27.051,26.988,27.006,1569.46
2026-08-29 23:55:00,27.006,27.125,26.894,26.931,53348.86
2026-08-30 00:00:00,26.931,27.023,26.921,27.007,46037.79
2026-08-30 00:05:00,27.007,27.048,26.995,27.033,13517.65
2026-08-30 00:10:00,27.033,27.05,26.992,27.031,26721.18
2026-08-30 00:15:00,27.031,27.071,26.961,26.976,93855.23
2026-08-30 00:20:00,26.976,26.998,26.902,26.943,50657.53
2026-08-30 00:25:00,26.943,26.989,26.936,26.94,8772.13
2026-08-30 00:30:00,26.94,26.973,26.931,26.968,27428.0
2026-08-30 00:35:00,26.968,27.022,26.915,27.012,48975.66
2026-08-30 00:40:00,27.012,27.117,27.006,27.078,38376.94
2026-08-30 00:45:00,27.078,27.082,26.976,27.038,4181.48
2026-08-30 00:50:00,27.038,27.073,26.944,26.972,28641.85
2026-08-30 00:55:00,26.972,27.05,26.936,26.999,35685.5
2026-08-30 01:00:00,26.999,27.039,26.827,26.923,129386.2
2026-08-30 01:05:00,26.923,27.004,26.856,26.983,61742.22
2026-08-30 01:10:00,26.983,27.014,26.931,26.968,129158.67
2026-08-30 01:15:00,26.968,27.06,26.958,27.008,101126.4
2026-08-30 01:20:00,27.008,27.027,26.858,26.888,56725.87
2026-08-30 01:25:00,26.888,26.974,26.799,26.953,73406.19
2026-08-30 01:30:00,26.953,27.028,26.907,27.002,11217.64
2026-08-30 01:35:00,27.002,27.015,26.915,26.921,15029.83
2026-08-30 01:40:00,26.921,26.991,26.881,26.969,472761.12
2026-08-30 01:45:00,26.969,26.991,26.803,26.883,3920.95
2026-08-30 01:50:00,26.883,26.939,26.819,26.927,149168.1
2026-08-30 01:55:00,26.927,27.065,26.896,26.982,44753.62
2026-08-30 02:00:00,26.982,26.993,26.919,26.988,115554.26
2026-08-30 02:05:00,26.988,27.036,26.973,27.033,19089.78
2026-08-30 02:10:00,27.033,27.139,27.029,27.119,66882.38
2026-08-30 02:15:00,27.119,27.255,27.105,27.164,10609.34
2026-08-30 02:20:00,27.164,27.219,27.107,27.179,56616.0
2026-08-30 02:25:00,27.179,27.215,26.984,27.03,6021.69
2026-08-30 02:30:00,27.03,27.049,26.909,26.919,94271.96
2026-08-30 02:35:00,26.919,26.961,26.779,26.824,257245.17
2026-08-30 02:40:00,26.824,26.96,26.799,26.887,82966.31
2026-08-30 02:45:00,26.887,26.922,26.853,26.905,169873.39
2026-08-30 02:50:00,26.905,26.944,26.869,26.943,57000.94
2026-08-30 02:55:00,26.943,26.949,26.828,26.842,20896.62
2026-08-30 03:00:00,26.842,26.904,26.775,26.893,224991.66
2026-08-30 03:05:00,26.893,26.992,26.866,26.98,96887.5
2026-08-30 03:10:00,26.98,27.048,26.967,27.046,71576.1
2026-08-30 03:15:00,27.046,27.175,27.045,27.143,66884.03
2026-08-30 03:20:00,27.143,27.169,27.024,27.084,43910.83
2026-08-30 03:25:00,27.084,27.145,26.978,27.042,50748.7
2026-08-30 03:30:00,27.042,27.109,26.894,26.95,6083.7
2026-08-30 03:35:00,26.95,26.969,26.802,26.845,37551.08
2026-08-30 03:40:00,26.845,26.94,26.813,26.902,15841.04
2026-08-30 03:45:00,26.902,26.934,26.754,26.834,95977.08
2026-08-30 03:50:00,26.834,26.993,26.816,26.97,18245.45
2026-08-30 03:55:00,26.97,27.181,26.955,27.144,32919.44
2026-08-30 04:00:00,27.144,27.295,27.077,27.272,14108.08
2026-08-30 04:05:00,27.272,27.292,27.203,27.222,10791.12
2026-08-30 04:10:00,27.222,27.285,27.179,27.19,424069.37
2026-08-30 04:15:00,27.19,27.256,27.123,27.149,86245.43
2026-08-30 04:20:00,27.149,27.253,27.059,27.081,500289.72
2026-08-30 04:25:00,27.081,27.104,26.996,26.998,32217.78
2026-08-30 04:30:00,26.998,27.017,26.885,26.991,69000.74
2026-08-30 04:35:00,26.991,27.09,26.966,26.967,94710.86
2026-08-30 04:40:00,26.967,26.972,26.914,26.92,11525.4
2026-08-30 04:45:00,26.92,27.027,26.868,26.982,45421.99
2026-08-30 04:50:00,26.982,27.017,26.918,26.937,17884.96
2026-08-30 04:55:00,26.937,26.997,26.841,26.905,291270.33
2026-08-30 05:00:00,26.905,26.964,26.861,26.88,5846.7
2026-08-30 05:05:00,26.88,26.881,26.761,26.822,48750.24
2026-08-30 05:10:00,26.822,26.904,26.708,26.878,128351.77
2026-08-30 05:15:00,26.878,27.011,26.865,26.975,52557.31
2026-08-30 05:20:00,26.975,27.007,26.974,26.994,87605.54
2026-08-30 05:25:00,26.994,27.035,26.937,27.026,12435.53
2026-08-30 05:30:00,27.026,27.29,27.009,27.242,19864.3
2026-08-30 05:35:00,27.242,27.337,27.166,27.188,197296.98
2026-08-30 05:40:00,27.188,27.219,27.165,27.179,16735.12
2026-08-30 05:45:00,27.179,27.224,27.124,27.147,32079.05
2026-08-30 05:50:00,27.147,27.192,27.128,27.136,89900.02
2026-08-30 05:55:00,27.136,27.16,27.087,27.145,3673.77
2026-08-30 06:00:00,27.145,27.23,27.104,27.115,52769.94
2026-08-30 06:05:00,27.115,27.154,27.094,27.096,18803.7
2026-08-30 06:10:00,27.096,27.136,26.978,27.06,62715.01
2026-08-30 06:15:00,27.06,27.289,27.025,27.199,56589.5
2026-08-30 06:20:00,27.199,27.259,27.194,27.244,43014.58
2026-08-30 06:25:00,27.244,27.308,27.079,27.132,54602.84
2026-08-30 06:30:00,27.132,27.136,27.04,27.108,133268.59
2026-08-30 06:35:00,27.108,27.3,27.083,27.253,87141.1
2026-08-30 06:40:00,27.253,27.284,27.211,27.27,8835.55
2026-08-30 06:45:00,27.27,27.446,27.217,27.423,69919.84
2026-08-30 06:50:00,27.423,27.521,27.408,27.465,14905.94
2026-08-30 06:55:00,27.465,27.467,27.367,27.398,41327.03
2026-08-30 07:00:00,27.398,27.475,27.346,27.354,714026.34
2026-08-30 07:05:00,27.354,27.357,27.297,27.339,7784.04
2026-08-30 07:10:00,27.339,27.405,27.25,27.267,122754.3
2026-08-30 07:15:00,27.267,27.305,27.243,27.292,5915.22
2026-08-30 07:20:00,27.292,27.31,27.18,27.193,14845.92
2026-08-30 07:25:00,27.193,27.265,27.158,27.17,64443.44
2026-08-30 07:30:00,27.17,27.211,27.066,27.08,35569.53
2026-08-30 07:35:00,27.08,27.102,27.063,27.087,4368.1
2026-08-30 07:40:00,27.087,27.19,27.024,27.153,43615.99
2026-08-30 07:45:00,27.153,27.193,27.065,27.123,14868.41
2026-08-30 07:50:00,27.123,27.191,27.094,27.122,97422.47
2026-08-30 07:55:00,27.122,27.183,27.081,27.086,74184.35
2026-08-30 08:00:00,27.086,27.144,26.996,27.14,25315.52
2026-08-30 08:05:00,27.14,27.208,27.02,27.085,14788.72
2026-08-30 08:10:00,27.085,27.169,27.079,27.08,58.96
2026-08-30 08:15:00,27.08,27.172,27.064,27.156,63387.76
2026-08-30 08:20:00,27.156,27.168,27.098,27.123,31659.16
2026-08-30 08:25:00,27.123,27.139,27.082,27.121,95057.69
2026-08-30 08:30:00,27.121,27.243,27.028,27.215,38054.0
2026-08-30 08:35:00,27.215,27.222,27.139,27.179,6632.02
2026-08-30 08:40:00,27.179,27.184,27.089,27.134,234.6
2026-08-30 08:45:00,27.134,27.193,27.088,27.17,15932.83
2026-08-30 08:50:00,27.17,27.29,27.065,27.2,17572.11
2026-08-30 08:55:00,27.2,27.235,27.121,27.137,8789.32
2026-08-30 09:00:00,27.137,27.147,27.121,27.123,11607.08
2026-08-30 09:05:00,27.123,27.173,27.023,27.063,118931.55
2026-08-30 09:10:00,27.063,27.13,27.054,27.09,149681.57
2026-08-30 09:15:00,27.09,27.177,27.068,27.144,53294.86
2026-08-30 09:20:00,27.144,27.156,27.035,27.114,36955.09
2026-08-30 09:25:00,27.114,27.116,26.924,26.935,18078.24
2026-08-30 09:30:00,26.935,27.017,26.886,27.006,71417.53
2026-08-30 09:35:00,27.006,27.055,26.964,27.02,159439.52
2026-08-30 09:40:00,27.02,27.04,26.936,26.939,65047.02
2026-08-30 09:45:00,26.939,26.965,26.93,26.934,2999.22
2026-08-30 09:50:00,26.934,26.941,26.9,26.914,102418.9
2026-08-30 09:55:00,26.914,26.945,26.766,26.788,98778.63
2026-08-30 10:00:00,26.788,26.832,26.706,26.815,54412.56
2026-08-30 10:05:00,26.815,26.871,26.712,26.85,600904.91
2026-08-30 10:10:00,26.85,26.908,26.787,26.899,495138.14
2026-08-30 10:15:00,26.899,26.903,26.79,26.799,31836.66
2026-08-30 10:20:00,26.799,26.852,26.773,26.833,77613.53
2026-08-30 10:25:00,26.833,26.866,26.798,26.81,134576.06
2026-08-30 10:30:00,26.81,26.914,26.786,26.849,35227.29
2026-08-30 10:35:00,26.849,26.907,26.773,26.886,44763.12
2026-08-30 10:40:00,26.886,26.95,26.826,26.853,7762.04
2026-08-30 10:45:00,26.853,26.96,26.824,26.932,7812.17
2026-08-30 10:50:00,26.932,27.002,26.877,27.001,44355.27
2026-08-30 10:55:00,27.001,27.12,26.994,27.055,46275.68
2026-08-30 11:00:00,27.055,27.134,27.026,27.111,68718.86
2026-08-30 11:05:00,27.111,27.124,27.033,27.106,108055.46
2026-08-30 11:10:00,27.106,27.174,27.07,27.162,803.43
2026-08-30 11:15:00,27.162,27.182,27.154,27.173,36209.99
2026-08-30 11:20:00,27.173,27.177,27.097,27.136,17764.55
2026-08-30 11:25:00,27.136,27.166,27.111,27.152,2270.56
2026-08-30 11:30:00,27.152,27.279,27.121,27.209,5495.83
2026-08-30 11:35:00,27.209,27.281,27.139,27.157,179796.87
2026-08-30 11:40:00,27.157,27.21,27.112,27.194,62768.61
2026-08-30 11:45:00,27.194,27.268,27.123,27.144,179591.18
2026-08-30 11:50:00,27.144,27.243,27.12,27.222,134111.7
2026-08-30 11:55:00,27.222,27.245,27.2,27.241,19407.48
2026-08-30 12:00:00,27.241,27.265,27.175,27.252,522.75
2026-08-30 12:05:00,27.252,27.317,27.251,27.256,13298.56
2026-08-30 12:10:00,27.256,27.284,27.196,27.232,21112.52
2026-08-30 12:15:00,27.232,27.31,27.228,27.307,22604.02
2026-08-30 12:20:00,27.307,27.416,27.248,27.273,110730.4
2026-08-30 12:25:00,27.273,27.387,27.203,27.228,12948.02
2026-08-30 12:30:00,27.228,27.306,27.14,27.158,327694.89
2026-08-30 12:35:00,27.158,27.222,27.137,27.202,62808.24
2026-08-30 12:40:00,27.202,27.321,27.19,27.309,11831.61
2026-08-30 12:45:00,27.309,27.358,27.238,27.249,170383.64
2026-08-30 12:50:00,27.249,27.308,27.249,27.289,98678.5
2026-08-30 12:55:00,27.289,27.316,27.237,27.264,120789.83
2026-08-30 13:00:00,27.264,27.284,27.154,27.201,19846.47
2026-08-30 13:05:00,27.201,27.318,27.124,27.142,144278.64
2026-08-30 13:10:00,27.142,27.159,27.078,27.099,11182.9
2026-08-30 13:15:00,27.099,27.188,27.07,27.18,49146.9
2026-08-30 13:20:00,27.18,27.272,27.127,27.14,44954.51
2026-08-30 13:25:00,27.14,27.149,26.973,27.047,12573.08
2026-08-30 13:30:00,27.047,27.091,27.012,27.07,175471.64
2026-08-30 13:35:00,27.07,27.075,27.026,27.031,67034.2
2026-08-30 13:40:00,27.031,27.044,26.963,26.979,136539.97
2026-08-30 13:45:00,26.979,27.022,26.939,26.951,42304.76
2026-08-30 13:50:00,26.951,26.966,26.891,26.956,15619.53
2026-08-30 13:55:00,26.956,26.973,26.824,26.831,86356.83
2026-08-30 14:00:00,26.831,26.898,26.785,26.872,37570.27
2026-08-30 14:05:00,26.872,26.899,26.799,26.833,15944.54
2026-08-30 14:10:00,26.833,26.877,26.821,26.844,1906.72
2026-08-30 14:15:00,26.844,26.962,26.827,26.889,16634.41
2026-08-30 14:20:00,26.889,26.91,26.874,26.887,76845.03
2026-08-30 14:25:00,26.887,26.957,26.885,26.937,21310.68
2026-08-30 14:30:00,26.937,26.966,26.909,26.913,57193.96
2026-08-30 14:35:00,26.913,26.942,26.844,26.852,65086.18
2026-08-30 14:40:00,26.852,26.853,26.782,26.791,356314.39
2026-08-30 14:45:00,26.791,26.847,26.726,26.824,432706.89
2026-08-30 14:50:00,26.824,26.846,26.76,26.769,2839.26
2026-08-30 14:55:00,26.769,26.861,26.663,26.843,8862.21
2026-08-30 15:00:00,26.843,26.919,26.827,26.839,42248.25
2026-08-30 15:05:00,26.839,26.928,26.788,26.904,364603.86
2026-08-30 15:10:00,26.904,26.93,26.876,26.923,111766.41
2026-08-30 15:15:00,26.923,27.045,26.881,27.032,5892.47
2026-08-30 15:20:00,27.032,27.052,26.913,26.971,44788.37
2026-08-30 15:25:00,26.971,26.985,26.884,26.94,40670.77
2026-08-30 15:30:00,26.94,26.957,26.929,26.931,18662.64
2026-08-30 15:35:00,26.931,26.94,26.832,26.882,95122.58
2026-08-30 15:40:00,26.882,26.985,26.87,26.937,35357.45
2026-08-30 15:45:00,26.937,27.065,26.92,27.023,20189.05
2026-08-30 15:50:00,27.023,27.087,27.005,27.024,79183.6
2026-08-30 15:55:00,27.024,27.121,26.992,27.063,14078.89
2026-08-30 16:00:00,27.063,27.142,27.023,27.097,24882.62
2026-08-30 16:05:00,27.097,27.216,27.094,27.139,5456.4
2026-08-30 16:10:00,27.139,27.157,27.045,27.116,21743.43
2026-08-30 16:15:00,27.116,27.126,27.082,27.097,80866.89
2026-08-30 16:20:00,27.097,27.165,27.062,27.104,29572.99
2026-08-30 16:25:00,27.104,27.239,27.016,27.229,8626.65
2026-08-30 16:30:00,27.229,27.262,27.217,27.257,11009.57
2026-08-30 16:35:00,27.257,27.335,27.257,27.327,69053.01
2026-08-30 16:40:00,27.327,27.384,27.24,27.26,496404.37
2026-08-30 16:45:00,27.26,27.376,27.232,27.306,10956.13
2026-08-30 16:50:00,27.306,27.361,27.24,27.254,82928.98
2026-08-30 16:55:00,27.254,27.323,27.214,27.271,28432.11
2026-08-30 17:00:00,27.271,27.335,27.197,27.214,77057.84
2026-08-30 17:05:00,27.214,27.274,27.158,27.221,10894.1
2026-08-30 17:10:00,27.221,27.229,27.165,27.18,39254.5
2026-08-30 17:15:00,27.18,27.207,27.141,27.147,11702.59
2026-08-30 17:20:00,27.147,27.17,27.124,27.126,21355.55
2026-08-30 17:25:00,27.126,27.148,27.104,27.107,39889.98
2026-08-30 17:30:00,27.107,27.193,27.08,27.177,30028.01
2026-08-30 17:35:00,27.177,27.291,27.058,27.058,13583.26
2026-08-30 17:40:00,27.058,27.073,26.986,26.994,12359.83
2026-08-30 17:45:00,26.994,27.073,26.989,27.042,8160.39
2026-08-30 17:50:00,27.042,27.043,26.941,26.948,122309.65
2026-08-30 17:55:00,26.948,26.985,26.918,26.982,17039.6
2026-08-30 18:00:00,26.982,27.013,26.943,26.998,8794.56
2026-08-30 18:05:00,26.998,27.018,26.979,27.001,33328.42
2026-08-30 18:10:00,27.001,27.119,26.939,27.111,156713.82
2026-08-30 18:15:00,27.111,27.16,27.102,27.125,85852.96
2026-08-30 18:20:00,27.125,27.161,27.063,27.088,76977.27
2026-08-30 18:25:00,27.088,27.165,27.063,27.114,51512.61
2026-08-30 18:30:00,27.114,27.375,27.097,27.295,34194.88
2026-08-30 18:35:00,27.295,27.387,27.244,27.271,165641.21
2026-08-30 18:40:00,27.271,27.283,27.143,27.149,209981.42
2026-08-30 18:45:00,27.149,27.241,27.146,27.198,109880.65
2026-08-30 18:50:00,27.198,27.239,27.127,27.235,24940.43
2026-08-30 18:55:00,27.235,27.302,27.12,27.26,175.08
2026-08-30 19:00:00,27.26,27.36,27.2,27.222,810446.68
2026-08-30 19:05:00,27.222,27.3,27.215,27.231,89027.89
2026-08-30 19:10:00,27.231,27.319,27.162,27.312,60946.33
2026-08-30 19:15:00,27.312,27.407,27.231,27.243,2740.37
2026-08-30 19:20:00,27.243,27.273,27.109,27.155,30470.69
2026-08-30 19:25:00,27.155,27.204,27.126,27.192,18381.88
2026-08-30 19:30:00,27.192,27.231,27.177,27.198,10087.38
2026-08-30 19:35:00,27.198,27.231,27.131,27.157,78389.04
2026-08-30 19:40:00,27.157,27.263,27.137,27.161,11825.92
2026-08-30 19:45:00,27.161,27.219,27.118,27.207,479.06
2026-08-30 19:50:00,27.207,27.362,27.14,27.287,95369.06
2026-08-30 19:55:00,27.287,27.297,27.243,27.278,70248.96
2026-08-30 20:00:00,27.278,27.387,27.179,27.201,240078.5
2026-08-30 20:05:00,27.201,27.268,27.093,27.128,16122.65
2026-08-30 20:10:00,27.128,27.17,27.116,27.134,216947.38
2026-08-30 20:15:00,27.134,27.274,27.114,27.253,88848.17
2026-08-30 20:20:00,27.253,27.319,27.219,27.228,125580.3
2026-08-30 20:25:00,27.228,27.289,27.209,27.252,34661.33
2026-08-30 20:30:00,27.252,27.352,27.237,27.295,54066.82
2026-08-30 20:35:00,27.295,27.411,27.232,27.254,768461.95
2026-08-30 20:40:00,27.254,27.28,27.135,27.16,7556.09
2026-08-30 20:45:00,27.16,27.17,27.048,27.063,4172.53
2026-08-30 20:50:00,27.063,27.096,27.048,27.093,40661.56
2026-08-30 20:55:00,27.093,27.124,26.954,26.965,5601.83
2026-08-30 21:00:00,26.965,27.007,26.941,26.972,45496.18
2026-08-30 21:05:00,26.972,27.013,26.894,26.946,135009.6
2026-08-30 21:10:00,26.946,27.038,26.912,26.991,5321.45
2026-08-30 21:15:00,26.991,27.001,26.918,26.97,7689.89
2026-08-30 21:20:00,26.97,27.026,26.846,26.892,48745.05
2026-08-30 21:25:00,26.892,26.974,26.784,26.958,62239.53
2026-08-30 21:30:00,26.958,26.992,26.842,26.887,21997.29
2026-08-30 21:35:00,26.887,26.906,26.796,26.839,22627.96
2026-08-30 21:40:00,26.839,26.873,26.766,26.82,218358.6
2026-08-30 21:45:00,26.82,26.86,26.777,26.841,80916.29
2026-08-30 21:50:00,26.841,26.927,26.801,26.884,52114.4
2026-08-30 21:55:00,26.884,27.018,26.876,26.95,12114.95
2026-08-30 22:00:00,26.95,26.961,26.884,26.915,57434.46
2026-08-30 22:05:00,26.915,26.958,26.797,26.846,49996.48
2026-08-30 22:10:00,26.846,26.917,26.787,26.884,25302.48
2026-08-30 22:15:00,26.884,26.997,26.875,26.962,67709.73
2026-08-30 22:20:00,26.962,27.03,26.945,26.987,2077.4
2026-08-30 22:25:00,26.987,27.009,26.846,26.911,9362.37
2026-08-30 22:30:00,26.911,26.951,26.87,26.89,19421.5
2026-08-30 22:35:00,26.89,26.971,26.828,26.962,946395.03
2026-08-30 22:40:00,26.962,26.987,26.817,26.825,56397.69
2026-08-30 22:45:00,26.825,26.834,26.717,26.807,33236.06
2026-08-30 22:50:00,26.807,26.952,26.804,26.935,50803.7
2026-08-30 22:55:00,26.935,27.044,26.887,27.034,23096.27
2026-08-30 23:00:00,27.034,27.06,26.852,26.912,112959.8
2026-08-30 23:05:00,26.912,26.953,26.894,26.939,15160.5
2026-08-30 23:10:00,26.939,26.994,26.884,26.909,53093.28
2026-08-30 23:15:00,26.909,26.933,26.855,26.874,9769.15
2026-08-30 23:20:00,26.874,26.937,26.826,26.908,14089.61
2026-08-30 23:25:00,26.908,26.919,26.898,26.918,8347.41
2026-08-30 23:30:00,26.918,26.94,26.837,26.904,17301.65
2026-08-30 23:35:00,26.904,27.037,26.899,26.964,4420.63
2026-08-30 23:40:00,26.964,27.003,26.908,26.996,28571.57
2026-08-30 23:45:00,26.996,27.021,26.936,26.986,95681.29
2026-08-30 23:50:00,26.986,26.988,26.898,26.899,53540.31
2026-08-30 23:55:00,26.899,26.934,26.847,26.879,15293.38
2026-08-31 00:00:00,26.879,26.938,26.819,26.924,62774.37
2026-08-31 00:05:00,26.924,27.049,26.92,27.03,107979.42
2026-08-31 00:10:00,27.03,27.128,26.958,27.11,18364.87
2026-08-31 00:15:00,27.11,27.12,27.009,27.02,28481.37
2026-08-31 00:20:00,27.02,27.045,26.981,27.032,94821.89
2026-08-31 00:25:00,27.032,27.04,26.966,26.974,3825.16
2026-08-31 00:30:00,26.974,27.07,26.955,27.016,71973.21
2026-08-31 00:35:00,27.016,27.154,27.004,27.12,79164.55
2026-08-31 00:40:00,27.12,27.148,27.1,27.129,88306.4
2026-08-31 00:45:00,27.129,27.23,27.02,27.056,169961.78
2026-08-31 00:50:00,27.056,27.061,26.996,27.016,92837.83
2026-08-31 00:55:00,27.016,27.089,27.009,27.026,107410.19
2026-08-31 01:00:00,27.026,27.082,26.887,26.919,187544.51
2026-08-31 01:05:00,26.919,26.995,26.765,26.777,50573.98
2026-08-31 01:10:00,26.777,26.83,26.728,26.828,33008.56
2026-08-31 01:15:00,26.828,26.983,26.777,26.936,125930.22
2026-08-31 01:20:00,26.936,26.937,26.744,26.805,59787.66
2026-08-31 01:25:00,26.805,26.922,26.787,26.871,10388.19
2026-08-31 01:30:00,26.871,26.99,26.806,26.946,47983.34
2026-08-31 01:35:00,26.946,26.993,26.882,26.989,29120.77
2026-08-31 01:40:00,26.989,27.059,26.915,26.966,49358.96
2026-08-31 01:45:00,26.966,27.11,26.93,27.024,38059.91
2026-08-31 01:50:00,27.024,27.052,26.928,26.931,74381.26
2026-08-31 01:55:00,26.931,26.953,26.819,26.923,69445.18
2026-08-31 02:00:00,26.923,26.939,26.787,26.816,121035.92
2026-08-31 02:05:00,26.816,26.889,26.755,26.845,27096.31
2026-08-31 02:10:00,26.845,26.853,26.793,26.827,3238.86
2026-08-31 02:15:00,26.827,26.914,26.813,26.856,20026.71
2026-08-31 02:20:00,26.856,26.908,26.804,26.888,9690.91
2026-08-31 02:25:00,26.888,26.925,26.873,26.903,48558.99
2026-08-31 02:30:00,26.903,26.968,26.849,26.931,2050.63
2026-08-31 02:35:00,26.931,26.992,26.869,26.885,9323.25
2026-08-31 02:40:00,26.885,26.916,26.819,26.819,40503.8
2026-08-31 02:45:00,26.819,26.923,26.761,26.922,79058.51
2026-08-31 02:50:00,26.922,26.932,26.885,26.929,27883.57
2026-08-31 02:55:00,26.929,26.995,26.897,26.978,41611.68
2026-08-31 03:00:00,26.978,26.999,26.942,26.991,114222.31
2026-08-31 03:05:00,26.991,27.086,26.948,27.01,81427.65
2026-08-31 03:10:00,27.01,27.1,27.0,27.066,9868.46
2026-08-31 03:15:00,27.066,27.095,26.899,26.919,125902.76
2026-08-31 03:20:00,26.919,26.982,26.869,26.88,13269.13
2026-08-31 03:25:00,26.88,26.908,26.782,26.809,5819.71
2026-08-31 03:30:00,26.809,26.826,26.76,26.772,24763.68
2026-08-31 03:35:00,26.772,26.923,26.739,26.847,84102.3
2026-08-31 03:40:00,26.847,26.985,26.828,26.896,3811.13
2026-08-31 03:45:00,26.896,26.935,26.857,26.881,13053.04
2026-08-31 03:50:00,26.881,26.895,26.81,26.814,16079.33
2026-08-31 03:55:00,26.814,26.903,26.775,26.882,15157.61
2026-08-31 04:00:00,26.882,26.943,26.857,26.911,3921.6
2026-08-31 04:05:00,26.911,26.97,26.897,26.963,17074.02
2026-08-31 04:10:00,26.963,27.04,26.915,27.0,25742.27
2026-08-31 04:15:00,27.0,27.111,26.96,27.101,52255.93
2026-08-31 04:20:00,27.101,27.184,27.018,27.027,4659.83
2026-08-31 04:25:00,27.027,27.115,27.008,27.056,36025.06
2026-08-31 04:30:00,27.056,27.087,27.022,27.072,13112.63
2026-08-31 04:35:00,27.072,27.096,26.959,26.959,80590.0
2026-08-31 04:40:00,26.959,27.024,26.892,26.951,168251.11
2026-08-31 04:45:00,26.951,27.02,26.906,26.94,57590.23
2026-08-31 04:50:00,26.94,26.983,26.932,26.981,5211.59
2026-08-31 04:55:00,26.981,26.996,26.905,26.933,30683.61
2026-08-31 05:00:00,26.933,26.948,26.819,26.828,77732.67
2026-08-31 05:05:00,26.828,26.938,26.76,26.869,57077.82
2026-08-31 05:10:00,26.869,26.878,26.817,26.83,51307.61
2026-08-31 05:15:00,26.83,26.958,26.829,26.932,81708.42
2026-08-31 05:20:00,26.932,26.977,26.884,26.888,104331.76
2026-08-31 05:25:00,26.888,27.032,26.828,26.953,154672.7
2026-08-31 05:30:00,26.953,26.988,26.821,26.863,39436.29
2026-08-31 05:35:00,26.863,26.913,26.833,26.905,41973.34
2026-08-31 05:40:00,26.905,26.982,26.834,26.946,1709.39
2026-08-31 05:45:00,26.946,27.068,26.918,27.059,17653.81
2026-08-31 05:50:00,27.059,27.091,27.01,27.083,70723.93
2026-08-31 05:55:00,27.083,27.145,27.015,27.025,32610.4
2026-08-31 06:00:00,27.025,27.026,26.913,26.955,21997.99
2026-08-31 06:05:00,26.955,26.997,26.934,26.98,4955.21
2026-08-31 06:10:00,26.98,27.057,26.923,27.036,39239.23
2026-08-31 06:15:00,27.036,27.074,26.985,26.989,95344.57
2026-08-31 06:20:00,26.989,27.019,26.948,26.972,46768.58
2026-08-31 06:25:00,26.972,27.026,26.871,26.936,23532.84
2026-08-31 06:30:00,26.936,26.944,26.894,26.921,157125.6
2026-08-31 06:35:00,26.921,26.938,26.913,26.929,56252.43
2026-08-31 06:40:00,26.929,26.957,26.849,26.872,73463.23
2026-08-31 06:45:00,26.872,26.951,26.87,26.938,44706.09
2026-08-31 06:50:00,26.938,26.973,26.818,26.889,32808.98
2026-08-31 06:55:00,26.889,27.017,26.804,26.973,49352.57
2026-08-31 07:00:00,26.973,26.986,26.948,26.973,2567.88
2026-08-31 07:05:00,26.973,27.16,26.951,27.092,5535.95
2026-08-31 07:10:00,27.092,27.125,27.02,27.072,7596.51
2026-08-31 07:15:00,27.072,27.245,27.067,27.205,27286.19
2026-08-31 07:20:00,27.205,27.221,27.099,27.193,16358.27
2026-08-31 07:25:00,27.193,27.263,27.101,27.117,48975.72
2026-08-31 07:30:00,27.117,27.133,27.093,27.117,44361.16
2026-08-31 07:35:00,27.117,27.149,27.054,27.136,14854.98
2026-08-31 07:40:00,27.136,27.195,27.11,27.18,35253.93
2026-08-31 07:45:00,27.18,27.354,27.136,27.334,34663.34
2026-08-31 07:50:00,27.334,27.4,27.329,27.364,13164.21
2026-08-31 07:55:00,27.364,27.483,27.305,27.448,7020.08
2026-08-31 08:00:00,27.448,27.541,27.426,27.427,59531.19
2026-08-31 08:05:00,27.427,27.432,27.371,27.407,14518.52
2026-08-31 08:10:00,27.407,27.481,27.336,27.346,249165.29
2026-08-31 08:15:00,27.346,27.352,27.267,27.283,99440.14
2026-08-31 08:20:00,27.283,27.343,27.225,27.248,39205.35
2026-08-31 08:25:00,27.248,27.255,27.183,27.184,27501.39
2026-08-31 08:30:00,27.184,27.203,27.139,27.203,57268.43
2026-08-31 08:35:00,27.203,27.251,27.149,27.163,25385.08
2026-08-31 08:40:00,27.163,27.204,27.08,27.104,167635.93
2026-08-31 08:45:00,27.104,27.274,27.052,27.216,101399.47
2026-08-31 08:50:00,27.216,27.335,27.186,27.248,15817.03
2026-08-31 08:55:00,27.248,27.257,27.088,27.153,60769.88
2026-08-31 09:00:00,27.153,27.231,27.131,27.222,27786.16
2026-08-31 09:05:00,27.222,27.329,27.144,27.158,131871.77
2026-08-31 09:10:00,27.158,27.228,27.108,27.126,540506.9
2026-08-31 09:15:00,27.126,27.176,26.996,27.011,2016.9
2026-08-31 09:20:00,27.011,27.081,26.993,27.066,13049.93
2026-08-31 09:25:00,27.066,27.16,27.061,27.116,5336.03
2026-08-31 09:30:00,27.116,27.137,27.072,27.122,15759.5
2026-08-31 09:35:00,27.122,27.179,26.917,26.949,2366.25
2026-08-31 09:40:00,26.949,26.977,26.911,26.974,175.37
2026-08-31 09:45:00,26.974,27.063,26.958,27.015,5647.06
2026-08-31 09:50:00,27.015,27.046,27.004,27.043,36638.58
2026-08-31 09:55:00,27.043,27.051,26.904,26.938,43617.39
2026-08-31 10:00:00,26.938,27.055,26.868,27.041,2244.11
2026-08-31 10:05:00,27.041,27.123,27.004,27.013,50438.46
2026-08-31 10:10:00,27.013,27.02,26.913,26.93,76983.14
2026-08-31 10:15:00,26.93,26.955,26.893,26.942,23677.79
2026-08-31 10:20:00,26.942,27.121,26.897,27.024,38351.91
2026-08-31 10:25:00,27.024,27.031,27.006,27.01,12323.28
2026-08-31 10:30:00,27.01,27.024,26.808,26.873,36716.18
2026-08-31 10:35:00,26.873,26.882,26.768,26.813,96807.91
2026-08-31 10:40:00,26.813,26.821,26.748,26.78,27184.17
2026-08-31 10:45:00,26.78,26.87,26.691,26.859,94755.09
2026-08-31 10:50:00,26.859,26.894,26.846,26.882,2764.07
2026-08-31 10:55:00,26.882,26.942,26.859,26.913,9396.06
2026-08-31 11:00:00,26.913,27.037,26.851,26.949,18930.38
2026-08-31 11:05:00,26.949,27.066,26.942,26.995,57573.49
2026-08-31 11:10:00,26.995,27.035,26.952,27.013,38834.04
2026-08-31 11:15:00,27.013,27.013,26.992,27.011,69111.39
2026-08-31 11:20:00,27.011,27.028,26.937,27.026,984.41
2026-08-31 11:25:00,27.026,27.029,26.983,26.99,22822.94
2026-08-31 11:30:00,26.99,27.096,26.975,27.078,89182.63
2026-08-31 11:35:00,27.078,27.225,27.018,27.166,27574.63
2026-08-31 11:40:00,27.166,27.238,27.121,27.204,1093.88
2026-08-31 11:45:00,27.204,27.252,27.108,27.144,27894.7
2026-08-31 11:50:00,27.144,27.174,27.127,27.169,122607.14
2026-08-31 11:55:00,27.169,27.189,27.102,27.162,2734.9
2026-08-31 12:00:00,27.162,27.274,27.096,27.241,73378.46
2026-08-31 12:05:00,27.241,27.298,27.24,27.254,60645.92
2026-08-31 12:10:00,27.254,27.274,27.227,27.237,69692.55
2026-08-31 12:15:00,27.237,27.302,27.174,27.216,14858.61
2026-08-31 12:20:00,27.216,27.379,27.168,27.3,2351.6
2026-08-31 12:25:00,27.3,27.337,27.261,27.322,10360.53
2026-08-31 12:30:00,27.322,27.353,27.268,27.332,230533.88
2026-08-31 12:35:00,27.332,27.352,27.225,27.264,22779.65
2026-08-31 12:40:00,27.264,27.325,27.262,27.31,39356.02
2026-08-31 12:45:00,27.31,27.389,27.153,27.173,17416.35
2026-08-31 12:50:00,27.173,27.222,27.04,27.052,93968.34
2026-08-31 12:55:00,27.052,27.154,27.047,27.047,91370.75
2026-08-31 13:00:00,27.047,27.057,26.956,26.989,63499.3
2026-08-31 13:05:00,26.989,27.073,26.942,27.07,3126.32
2026-08-31 13:10:00,27.07,27.089,27.052,27.063,55849.96
2026-08-31 13:15:00,27.063,27.1,26.949,26.949,608.13
2026-08-31 13:20:00,26.949,26.995,26.845,26.845,26067.02
2026-08-31 13:25:00,26.845,26.847,26.79,26.791,166206.01
2026-08-31 13:30:00,26.791,26.808,26.71,26.771,9098.99
2026-08-31 13:35:00,26.771,26.782,26.623,26.648,41119.74
2026-08-31 13:40:00,26.648,26.661,26.519,26.598,133629.65
2026-08-31 13:45:00,26.598,26.678,26.533,26.663,348673.59
2026-08-31 13:50:00,26.663,26.744,26.553,26.72,115699.89
2026-08-31 13:55:00,26.72,26.816,26.684,26.81,14775.72
2026-08-31 14:00:00,26.81,26.854,26.709,26.842,232215.62
2026-08-31 14:05:00,26.842,26.979,26.813,26.952,41950.76
2026-08-31 14:10:00,26.952,26.963,26.802,26.846,40672.42
2026-08-31 14:15:00,26.846,26.856,26.827,26.83,14717.6
2026-08-31 14:20:00,26.83,26.85,26.723,26.731,42432.96
2026-08-31 14:25:00,26.731,26.738,26.712,26.719,787.48
2026-08-31 14:30:00,26.719,26.793,26.713,26.73,14797.11
2026-08-31 14:35:00,26.73,26.742,26.616,26.65,2134.34
2026-08-31 14:40:00,26.65,26.706,26.586,26.69,18537.03
2026-08-31 14:45:00,26.69,26.766,26.59,26.754,12155.02
2026-08-31 14:50:00,26.754,26.799,26.53,26.6,51343.89
2026-08-31 14:55:00,26.6,26.752,26.546,26.744,32987.72
2026-08-31 15:00:00,26.744,26.777,26.637,26.673,24933.08
2026-08-31 15:05:00,26.673,26.726,26.577,26.681,92094.59
2026-08-31 15:10:00,26.681,26.761,26.608,26.747,1290108.42
2026-08-31 15:15:00,26.747,26.833,26.707,26.832,240912.92
2026-08-31 15:20:00,26.832,26.884,26.829,26.856,29708.18
2026-08-31 15:25:00,26.856,26.937,26.82,26.841,48731.28
2026-08-31 15:30:00,26.841,26.87,26.815,26.857,25978.86
2026-08-31 15:35:00,26.857,26.888,26.834,26.838,44355.97
2026-08-31 15:40:00,26.838,26.844,26.77,26.79,48005.62
2026-08-31 15:45:00,26.79,26.927,26.771,26.917,25671.06
2026-08-31 15:50:00,26.917,26.949,26.876,26.919,119765.53
2026-08-31 15:55:00,26.919,27.069,26.873,27.006,87795.34
2026-08-31 16:00:00,27.006,27.017,26.868,26.898,7396.52
2026-08-31 16:05:00,26.898,27.041,26.873,27.005,39267.54
2026-08-31 16:10:00,27.005,27.014,26.907,26.94,55078.98
2026-08-31 16:15:00,26.94,26.975,26.898,26.938,72773.58
2026-08-31 16:20:00,26.938,26.944,26.84,26.847,36311.84
2026-08-31 16:25:00,26.847,26.873,26.773,26.831,76665.36
2026-08-31 16:30:00,26.831,26.833,26.725,26.79,40908.79
2026-08-31 16:35:00,26.79,26.808,26.667,26.684,16743.32
2026-08-31 16:40:00,26.684,26.755,26.65,26.715,146406.89
2026-08-31 16:45:00,26.715,26.752,26.657,26.711,41902.73
2026-08-31 16:50:00,26.711,26.771,26.697,26.756,77162.81
2026-08-31 16:55:00,26.756,26.818,26.695,26.714,65523.75
2026-08-31 17:00:00,26.714,26.758,26.674,26.727,6682.88
2026-08-31 17:05:00,26.727,26.775,26.636,26.658,165671.07
2026-08-31 17:10:00,26.658,26.756,26.654,26.699,81952.44
2026-08-31 17:15:00,26.699,26.712,26.648,26.656,17690.34
2026-08-31 17:20:00,26.656,26.677,26.536,26.581,25753.17
2026-08-31 17:25:00,26.581,26.605,26.482,26.522,5650.46
2026-08-31 17:30:00,26.522,26.556,26.48,26.546,20847.4
2026-08-31 17:35:00,26.546,26.648,26.527,26.621,190264.34
2026-08-31 17:40:00,26.621,26.626,26.583,26.596,121762.2
2026-08-31 17:45:00,26.596,26.639,26.529,26.62,229480.06
2026-08-31 17:50:00,26.62,26.67,26.567,26.664,8680.84
2026-08-31 17:55:00,26.664,26.688,26.57,26.639,44872.43
2026-08-31 18:00:00,26.639,26.74,26.612,26.728,113721.41
2026-08-31 18:05:00,26.728,26.907,26.622,26.841,39097.38
2026-08-31 18:10:00,26.841,26.904,26.695,26.791,84384.52
2026-08-31 18:15:00,26.791,26.827,26.673,26.745,57901.82
2026-08-31 18:20:00,26.745,26.81,26.74,26.807,25713.38
2026-08-31 18:25:00,26.807,26.939,26.806,26.925,75524.43
2026-08-31 18:30:00,26.925,27.116,26.868,27.1,24475.94
2026-08-31 18:35:00,27.1,27.128,27.099,27.119,5564.04
2026-08-31 18:40:00,27.119,27.135,27.076,27.13,50022.8
2026-08-31 18:45:00,27.13,27.196,27.095,27.144,292858.73
2026-08-31 18:50:00,27.144,27.18,27.04,27.081,47374.49
2026-08-31 18:55:00,27.081,27.086,27.027,27.041,2754.09
2026-08-31 19:00:00,27.041,27.055,27.018,27.036,34320.14
2026-08-31 19:05:00,27.036,27.111,26.946,26.951,84180.95
2026-08-31 19:10:00,26.951,26.982,26.925,26.953,4023.97
2026-08-31 19:15:00,26.953,26.961,26.856,26.867,25884.64
2026-08-31 19:20:00,26.867,27.053,26.83,27.043,98823.01
2026-08-31 19:25:00,27.043,27.079,27.006,27.067,25951.68
2026-08-31 19:30:00,27.067,27.076,26.955,27.041,8363.71
2026-08-31 19:35:00,27.041,27.053,26.898,26.934,3574.68
2026-08-31 19:40:00,26.934,27.058,26.902,26.978,20736.6
2026-08-31 19:45:00,26.978,27.028,26.945,27.019,13801.78
2026-08-31 19:50:00,27.019,27.078,26.918,26.955,9124.22
2026-08-31 19:55:00,26.955,26.97,26.875,26.891,6440.7
2026-08-31 20:00:00,26.891,26.903,26.836,26.855,49521.97
2026-08-31 20:05:00,26.855,26.903,26.828,26.849,17382.76
2026-08-31 20:10:00,26.849,26.885,26.723,26.746,53675.91
2026-08-31 20:15:00,26.746,26.84,26.719,26.777,5026.73
2026-08-31 20:20:00,26.777,26.916,26.729,26.809,69648.1
2026-08-31 20:25:00,26.809,26.878,26.784,26.859,83859.75
2026-08-31 20:30:00,26.859,26.909,26.775,26.815,48278.16
2026-08-31 20:35:00,26.815,26.857,26.792,26.83,52641.4
2026-08-31 20:40:00,26.83,26.876,26.757,26.787,13084.06
2026-08-31 20:45:00,26.787,26.862,26.784,26.814,89886.23
2026-08-31 20:50:00,26.814,26.832,26.793,26.804,5812.47
2026-08-31 20:55:00,26.804,26.823,26.685,26.701,71475.47
2026-08-31 21:00:00,26.701,26.767,26.671,26.719,114920.25
2026-08-31 21:05:00,26.719,26.897,26.67,26.829,36099.81
2026-08-31 21:10:00,26.829,26.899,26.822,26.849,85030.4
2026-08-31 21:15:00,26.849,26.913,26.794,26.883,39038.78
2026-08-31 21:20:00,26.883,26.907,26.845,26.879,37060.23
2026-08-31 21:25:00,26.879,26.897,26.797,26.8,49615.87
2026-08-31 21:30:00,26.8,26.847,26.676,26.79,19586.04
2026-08-31 21:35:00,26.79,26.794,26.6,26.662,108664.29
2026-08-31 21:40:00,26.662,26.824,26.642,26.808,3551.81
2026-08-31 21:45:00,26.808,26.812,26.743,26.775,5987.88
2026-08-31 21:50:00,26.775,26.785,26.609,26.713,18833.16
2026-08-31 21:55:00,26.713,26.779,26.645,26.705,15928.14
2026-08-31 22:00:00,26.705,26.752,26.692,26.738,12741.85
2026-08-31 22:05:00,26.738,26.754,26.735,26.743,29532.81
2026-08-31 22:10:00,26.743,26.771,26.684,26.701,5514.14
2026-08-31 22:15:00,26.701,26.782,26.678,26.762,133410.58
2026-08-31 22:20:00,26.762,26.801,26.675,26.695,147740.12
2026-08-31 22:25:00,26.695,26.821,26.686,26.756,5429.98
2026-08-31 22:30:00,26.756,26.836,26.691,26.734,21246.62
2026-08-31 22:35:00,26.734,26.795,26.703,26.775,27689.52
2026-08-31 22:40:00,26.775,26.856,26.732,26.844,37580.6
2026-08-31 22:45:00,26.844,26.873,26.746,26.779,27034.58
2026-08-31 22:50:00,26.779,26.835,26.755,26.82,68402.15
2026-08-31 22:55:00,26.82,26.893,26.76,26.866,9825.39
2026-08-31 23:00:00,26.866,26.946,26.854,26.906,78777.91
2026-08-31 23:05:00,26.906,26.912,26.887,26.897,102142.27
2026-08-31 23:10:00,26.897,26.916,26.741,26.783,2283.53
2026-08-31 23:15:00,26.783,26.812,26.676,26.728,29687.98
2026-08-31 23:20:00,26.728,26.769,26.727,26.759,21721.58
2026-08-31 23:25:00,26.759,26.798,26.707,26.724,74775.94
2026-08-31 23:30:00,26.724,26.802,26.669,26.698,68597.78
2026-08-31 23:35:00,26.698,26.745,26.668,26.723,11316.48
2026-08-31 23:40:00,26.723,26.809,26.69,26.728,102135.63
2026-08-31 23:45:00,26.728,26.876,26.708,26.859,6139.13
2026-08-31 23:50:00,26.859,26.904,26.642,26.742,47307.2
2026-08-31 23:55:00,26.742,26.796,26.679,26.702,124786.52
2026-09-01 00:00:00,26.702,26.739,26.629,26.664,53015.85
2026-09-01 00:05:00,26.664,26.703,26.579,26.686,621897.11
2026-09-01 00:10:00,26.686,26.757,26.588,26.744,365760.96
2026-09-01 00:15:00,26.744,26.902,26.71,26.856,216696.19
2026-09-01 00:20:00,26.856,26.908,26.77,26.895,39236.59
2026-09-01 00:25:00,26.895,26.958,26.87,26.906,60125.41
2026-09-01 00:30:00,26.906,26.945,26.857,26.867,171808.33
2026-09-01 00:35:00,26.867,26.871,26.835,26.848,18776.78
2026-09-01 00:40:00,26.848,26.907,26.828,26.888,62350.51
2026-09-01 00:45:00,26.888,26.947,26.832,26.857,10958.17
2026-09-01 00:50:00,26.857,26.991,26.848,26.937,24607.96
2026-09-01 00:55:00,26.937,26.954,26.923,26.928,8140.76
2026-09-01 01:00:00,26.928,27.077,26.926,27.061,124427.23
2026-09-01 01:05:00,27.061,27.103,27.045,27.091,82100.81
2026-09-01 01:10:00,27.091,27.188,27.066,27.156,35019.96
2026-09-01 01:15:00,27.156,27.231,27.092,27.103,125386.06
2026-09-01 01:20:00,27.103,27.135,27.027,27.108,28999.73
2026-09-01 01:25:00,27.108,27.124,27.014,27.075,17070.88
2026-09-01 01:30:00,27.075,27.185,27.0,27.026,39866.15
2026-09-01 01:35:00,27.026,27.095,26.995,27.084,68008.06
2026-09-01 01:40:00,27.084,27.174,27.015,27.024,10542.37
2026-09-01 01:45:00,27.024,27.031,26.92,26.93,76787.85
2026-09-01 01:50:00,26.93,26.999,26.828,26.854,46488.79
2026-09-01 01:55:00,26.854,26.921,26.811,26.91,87839.81
2026-09-01 02:00:00,26.91,26.932,26.871,26.904,82730.34
2026-09-01 02:05:00,26.904,26.931,26.756,26.789,35133.15
2026-09-01 02:10:00,26.789,26.921,26.748,26.902,9095.92
2026-09-01 02:15:00,26.902,26.929,26.845,26.907,386.94
2026-09-01 02:20:00,26.907,26.921,26.888,26.909,8416.1
2026-09-01 02:25:00,26.909,26.964,26.882,26.93,42002.59
2026-09-01 02:30:00,26.93,27.075,26.891,27.062,18649.8
2026-09-01 02:35:00,27.062,27.196,27.057,27.166,103778.4
2026-09-01 02:40:00,27.166,27.193,26.999,27.035,16956.35
2026-09-01 02:45:00,27.035,27.057,27.019,27.051,13425.28
2026-09-01 02:50:00,27.051,27.082,26.972,27.082,21079.17
2026-09-01 02:55:00,27.082,27.163,27.016,27.025,23923.24
2026-09-01 03:00:00,27.025,27.038,26.976,27.004,45718.97
2026-09-01 03:05:00,27.004,27.01,26.973,27.004,65047.53
2026-09-01 03:10:00,27.004,27.033,26.978,27.0,6690.09
2026-09-01 03:15:00,27.0,27.02,26.903,26.936,2700.56
2026-09-01 03:20:00,26.936,26.98,26.925,26.976,37573.18
2026-09-01 03:25:00,26.976,27.055,26.975,26.993,40064.0
2026-09-01 03:30:00,26.993,27.022,26.965,27.013,11397.34
2026-09-01 03:35:00,27.013,27.017,26.936,26.982,145694.31
2026-09-01 03:40:00,26.982,26.997,26.979,26.995,21234.12
2026-09-01 03:45:00,26.995,27.059,26.977,27.024,42662.82
2026-09-01 03:50:00,27.024,27.035,27.017,27.032,60791.2
2026-09-01 03:55:00,27.032,27.161,27.009,27.087,149778.44
2026-09-01 04:00:00,27.087,27.128,27.015,27.038,88083.83
2026-09-01 04:05:00,27.038,27.091,27.028,27.089,42191.47
2026-09-01 04:10:00,27.089,27.138,27.043,27.119,5602.45
2026-09-01 04:15:00,27.119,27.132,26.941,26.981,7049.16
2026-09-01 04:20:00,26.981,27.011,26.867,26.888,24292.08
2026-09-01 04:25:00,26.888,26.928,26.831,26.897,57381.89
2026-09-01 04:30:00,26.897,26.917,26.825,26.886,15036.64
2026-09-01 04:35:00,26.886,26.907,26.746,26.746,33429.22
2026-09-01 04:40:00,26.746,26.788,26.585,26.644,79130.18
2026-09-01 04:45:00,26.644,26.658,26.557,26.628,7353.24
2026-09-01 04:50:00,26.628,26.667,26.585,26.66,62377.19
2026-09-01 04:55:00,26.66,26.728,26.525,26.545,48992.8
2026-09-01 05:00:00,26.545,26.553,26.453,26.527,28744.71
2026-09-01 05:05:00,26.527,26.545,26.502,26.514,11070.86
2026-09-01 05:10:00,26.514,26.613,26.401,26.594,175296.78
2026-09-01 05:15:00,26.594,26.672,26.491,26.663,316577.63
2026-09-01 05:20:00,26.663,26.767,26.556,26.743,183287.86
2026-09-01 05:25:00,26.743,26.754,26.638,26.696,208776.47
2026-09-01 05:30:00,26.696,26.879,26.667,26.871,14416.29
2026-09-01 05:35:00,26.871,26.947,26.805,26.905,108025.31
2026-09-01 05:40:00,26.905,26.913,26.826,26.858,7328.13
2026-09-01 05:45:00,26.858,26.871,26.681,26.722,59708.51
2026-09-01 05:50:00,26.722,26.77,26.637,26.683,27831.48
2026-09-01 05:55:00,26.683,26.737,26.586,26.724,251555.45
2026-09-01 06:00:00,26.724,26.758,26.548,26.571,74459.11
2026-09-01 06:05:00,26.571,26.67,26.491,26.648,265788.92
2026-09-01 06:10:00,26.648,26.763,26.624,26.719,24761.95
2026-09-01 06:15:00,26.719,26.73,26.681,26.697,43434.49
2026-09-01 06:20:00,26.697,26.808,26.628,26.737,14645.7
2026-09-01 06:25:00,26.737,26.796,26.72,26.764,38789.15
2026-09-01 06:30:00,26.764,26.886,26.763,26.861,51091.52
2026-09-01 06:35:00,26.861,26.92,26.82,26.917,55682.94
2026-09-01 06:40:00,26.917,27.068,26.862,27.007,85439.67
2026-09-01 06:45:00,27.007,27.009,26.925,26.934,32816.4
2026-09-01 06:50:00,26.934,26.969,26.868,26.91,8196.81
2026-09-01 06:55:00,26.91,26.986,26.854,26.969,120476.97
2026-09-01 07:00:00,26.969,26.997,26.912,26.932,21848.03
2026-09-01 07:05:00,26.932,27.007,26.883,26.98,44234.9
2026-09-01 07:10:00,26.98,27.006,26.934,26.951,88213.94
2026-09-01 07:15:00,26.951,26.958,26.762,26.816,121570.19
2026-09-01 07:20:00,26.816,26.816,26.792,26.8,35116.5
2026-09-01 07:25:00,26.8,26.871,26.786,26.86,36022.9
2026-09-01 07:30:00,26.86,26.886,26.803,26.81,14163.94
2026-09-01 07:35:00,26.81,26.871,26.785,26.827,6092.52
2026-09-01 07:40:00,26.827,26.902,26.773,26.887,65865.36
2026-09-01 07:45:00,26.887,26.971,26.855,26.958,29810.84
2026-09-01 07:50:00,26.958,26.973,26.896,26.962,44817.55
2026-09-01 07:55:00,26.962,27.105,26.954,27.064,38112.82
2026-09-01 08:00:00,27.064,27.114,27.002,27.024,56694.41
2026-09-01 08:05:00,27.024,27.044,26.948,26.978,8563.39
2026-09-01 08:10:00,26.978,27.025,26.938,26.95,66823.74
2026-09-01 08:15:00,26.95,27.069,26.835,27.066,64916.97
2026-09-01 08:20:00,27.066,27.15,27.015,27.121,19042.28
2026-09-01 08:25:00,27.121,27.247,27.053,27.193,97203.15
2026-09-01 08:30:00,27.193,27.286,27.146,27.271,126530.23
2026-09-01 08:35:00,27.271,27.281,27.216,27.223,13645.01
2026-09-01 08:40:00,27.223,27.231,27.102,27.184,42777.07
2026-09-01 08:45:00,27.184,27.193,27.149,27.159,22963.6
2026-09-01 08:50:00,27.159,27.189,26.894,26.904,82406.75
2026-09-01 08:55:00,26.904,26.911,26.794,26.828,20261.35
2026-09-01 09:00:00,26.828,26.938,26.812,26.86,23479.49
2026-09-01 09:05:00,26.86,26.974,26.794,26.946,5386.88
2026-09-01 09:10:00,26.946,27.015,26.81,26.877,55152.19
2026-09-01 09:15:00,26.877,26.902,26.833,26.892,15909.98
2026-09-01 09:20:00,26.892,26.93,26.852,26.93,25345.02
2026-09-01 09:25:00,26.93,26.944,26.902,26.928,9569.56
2026-09-01 09:30:00,26.928,27.011,26.813,26.85,48783.42
2026-09-01 09:35:00,26.85,26.866,26.75,26.856,86217.85
2026-09-01 09:40:00,26.856,26.899,26.824,26.895,16240.45
2026-09-01 09:45:00,26.895,26.897,26.764,26.779,10040.45
2026-09-01 09:50:00,26.779,26.835,26.755,26.767,12631.83
2026-09-01 09:55:00,26.767,26.854,26.731,26.83,8237.56
2026-09-01 10:00:00,26.83,26.888,26.741,26.848,85837.57
2026-09-01 10:05:00,26.848,26.923,26.847,26.914,10057.56
2026-09-01 10:10:00,26.914,27.043,26.898,27.023,69206.68
2026-09-01 10:15:00,27.023,27.176,27.015,27.154,1944.29
2026-09-01 10:20:00,27.154,27.199,27.072,27.138,18892.4
2026-09-01 10:25:00,27.138,27.153,27.018,27.047,26922.26
2026-09-01 10:30:00,27.047,27.075,26.909,26.964,38801.16
2026-09-01 10:35:00,26.964,26.965,26.952,26.965,33419.82
2026-09-01 10:40:00,26.965,27.042,26.954,26.972,59783.75
2026-09-01 10:45:00,26.972,27.003,26.922,26.931,57862.31
2026-09-01 10:50:00,26.931,26.975,26.887,26.897,42809.16
2026-09-01 10:55:00,26.897,27.02,26.826,27.0,7379.94
2026-09-01 11:00:00,27.0,27.066,26.984,27.018,12872.38
2026-09-01 11:05:00,27.018,27.023,26.968,27.012,33898.73
2026-09-01 11:10:00,27.012,27.035,26.862,26.91,34882.1
2026-09-01 11:15:00,26.91,27.026,26.906,26.972,36858.19
2026-09-01 11:20:00,26.972,27.007,26.944,26.945,4558.99
2026-09-01 11:25:00,26.945,27.001,26.832,26.874,25993.35
2026-09-01 11:30:00,26.874,26.918,26.857,26.881,47892.68
2026-09-01 11:35:00,26.881,26.975,26.879,26.965,28660.48
2026-09-01 11:40:00,26.965,27.017,26.958,26.996,4745.67
2026-09-01 11:45:00,26.996,27.024,26.93,26.937,52014.85
2026-09-01 11:50:00,26.937,26.974,26.909,26.958,11893.43
2026-09-01 11:55:00,26.958,26.978,26.924,26.934,71867.37
2026-09-01 12:00:00,26.934,26.934,26.885,26.922,70406.41
2026-09-01 12:05:00,26.922,26.958,26.783,26.828,1109.75
2026-09-01 12:10:00,26.828,26.929,26.753,26.89,10053.75
2026-09-01 12:15:00,26.89,26.948,26.888,26.913,29447.67
2026-09-01 12:20:00,26.913,26.954,26.855,26.869,75853.98
2026-09-01 12:25:00,26.869,26.952,26.861,26.893,8129.3
2026-09-01 12:30:00,26.893,26.927,26.872,26.91,107.03
2026-09-01 12:35:00,26.91,26.934,26.9,26.927,4966.81
2026-09-01 12:40:00,26.927,26.995,26.749,26.83,81675.78
2026-09-01 12:45:00,26.83,26.838,26.715,26.764,45055.32
2026-09-01 12:50:00,26.764,26.779,26.686,26.717,9878.51
2026-09-01 12:55:00,26.717,26.824,26.716,26.78,27025.32
2026-09-01 13:00:00,26.78,26.78,26.738,26.754,16160.41
2026-09-01 13:05:00,26.754,26.821,26.689,26.805,23476.84
2026-09-01 13:10:00,26.805,26.867,26.788,26.859,232621.67
2026-09-01 13:15:00,26.859,26.925,26.795,26.813,24064.46
2026-09-01 13:20:00,26.813,26.857,26.654,26.736,8027.42
2026-09-01 13:25:00,26.736,26.738,26.651,26.687,11712.48
2026-09-01 13:30:00,26.687,26.739,26.597,26.728,635539.36
2026-09-01 13:35:00,26.728,26.806,26.677,26.784,174157.58
2026-09-01 13:40:00,26.784,26.929,26.775,26.921,6804.79
2026-09-01 13:45:00,26.921,27.059,26.886,26.969,56330.39
2026-09-01 13:50:00,26.969,27.035,26.911,27.03,111057.26
2026-09-01 13:55:00,27.03,27.117,27.028,27.096,5681.11
2026-09-01 14:00:00,27.096,27.115,27.021,27.109,79334.76
2026-09-01 14:05:00,27.109,27.135,27.086,27.093,18145.73
2026-09-01 14:10:00,27.093,27.251,27.087,27.188,6914.12
2026-09-01 14:15:00,27.188,27.23,27.133,27.154,5984.44
2026-09-01 14:20:00,27.154,27.181,27.045,27.064,96506.61
2026-09-01 14:25:00,27.064,27.173,27.062,27.162,138259.11
2026-09-01 14:30:00,27.162,27.217,26.971,26.999,75484.6
2026-09-01 14:35:00,26.999,27.079,26.989,27.037,251133.5
2026-09-01 14:40:00,27.037,27.108,27.019,27.071,25834.49
2026-09-01 14:45:00,27.071,27.278,27.059,27.201,27357.5
2026-09-01 14:50:00,27.201,27.292,27.198,27.283,1162.7
2026-09-01 14:55:00,27.283,27.376,27.212,27.235,63222.84
2026-09-01 15:00:00,27.235,27.252,27.107,27.121,163631.53
2026-09-01 15:05:00,27.121,27.171,27.102,27.157,50981.29
2026-09-01 15:10:00,27.157,27.2,27.122,27.199,25924.46
2026-09-01 15:15:00,27.199,27.237,27.197,27.227,9445.0
2026-09-01 15:20:00,27.227,27.339,27.148,27.164,2345.3
2026-09-01 15:25:00,27.164,27.171,27.114,27.152,93019.62
2026-09-01 15:30:00,27.152,27.214,27.09,27.211,4347.41
2026-09-01 15:35:00,27.211,27.237,27.182,27.229,86980.91
2026-09-01 15:40:00,27.229,27.238,27.153,27.17,23790.96
2026-09-01 15:45:00,27.17,27.243,27.168,27.222,65351.73
2026-09-01 15:50:00,27.222,27.227,27.099,27.131,12911.47
2026-09-01 15:55:00,27.131,27.132,27.089,27.105,196817.17
2026-09-01 16:00:00,27.105,27.229,27.021,27.062,58598.44
2026-09-01 16:05:00,27.062,27.187,27.037,27.167,138894.67
2026-09-01 16:10:00,27.167,27.241,27.113,27.121,1201.62
2026-09-01 16:15:00,27.121,27.147,27.105,27.108,24081.2
2026-09-01 16:20:00,27.108,27.173,27.098,27.1,34707.89
2026-09-01 16:25:00,27.1,27.201,27.062,27.14,34755.83
2026-09-01 16:30:00,27.14,27.212,27.131,27.202,46817.68
2026-09-01 16:35:00,27.202,27.25,27.019,27.105,23136.81
2026-09-01 16:40:00,27.105,27.146,26.958,26.986,8099.63
2026-09-01 16:45:00,26.986,27.016,26.904,26.909,13665.96
2026-09-01 16:50:00,26.909,26.954,26.903,26.933,21968.49
2026-09-01 16:55:00,26.933,27.123,26.881,27.077,2309.25
2026-09-01 17:00:00,27.077,27.243,27.026,27.163,24336.93
2026-09-01 17:05:00,27.163,27.174,27.085,27.164,81198.41
2026-09-01 17:10:00,27.164,27.268,27.16,27.257,35536.13
2026-09-01 17:15:00,27.257,27.279,27.153,27.196,117277.75
2026-09-01 17:20:00,27.196,27.374,27.176,27.332,31386.8
2026-09-01 17:25:00,27.332,27.358,27.218,27.219,77463.72
2026-09-01 17:30:00,27.219,27.229,26.896,26.946,148517.07
2026-09-01 17:35:00,26.946,26.971,26.884,26.938,70788.54
2026-09-01 17:40:00,26.938,26.943,26.814,26.857,51427.87
2026-09-01 17:45:00,26.857,26.913,26.712,26.735,148193.19
2026-09-01 17:50:00,26.735,26.833,26.638,26.809,57344.86
2026-09-01 17:55:00,26.809,26.886,26.791,26.863,42396.72
2026-09-01 18:00:00,26.863,26.915,26.778,26.872,55438.35
2026-09-01 18:05:00,26.872,26.889,26.848,26.882,36506.78
2026-09-01 18:10:00,26.882,27.008,26.831,26.978,8097.48
2026-09-01 18:15:00,26.978,27.0,26.97,26.99,15271.57
2026-09-01 18:20:00,26.99,27.011,26.958,26.989,11510.28
2026-09-01 18:25:00,26.989,27.005,26.982,27.001,6802.22
2026-09-01 18:30:00,27.001,27.066,26.953,27.061,135.11
2026-09-01 18:35:00,27.061,27.181,27.03,27.097,125795.49
2026-09-01 18:40:00,27.097,27.146,26.998,27.069,132311.93
2026-09-01 18:45:00,27.069,27.092,26.987,27.019,50024.64
2026-09-01 18:50:00,27.019,27.038,26.843,26.885,322155.64
2026-09-01 18:55:00,26.885,26.961,26.847,26.853,147074.1
2026-09-01 19:00:00,26.853,26.892,26.845,26.891,42918.87
2026-09-01 19:05:00,26.891,26.933,26.778,26.783,29525.52
2026-09-01 19:10:00,26.783,26.805,26.683,26.691,22899.26
2026-09-01 19:15:00,26.691,26.802,26.628,26.779,108647.25
2026-09-01 19:20:00,26.779,26.83,26.747,26.783,75546.52
2026-09-01 19:25:00,26.783,26.847,26.778,26.839,31626.74
2026-09-01 19:30:00,26.839,26.918,26.788,26.9,32678.5
2026-09-01 19:35:00,26.9,26.91,26.768,26.815,13649.75
2026-09-01 19:40:00,26.815,26.891,26.81,26.858,100107.91
2026-09-01 19:45:00,26.858,26.943,26.717,26.76,770.35
2026-09-01 19:50:00,26.76,26.797,26.739,26.789,3355.52
2026-09-01 19:55:00,26.789,26.901,26.768,26.879,54014.26
2026-09-01 20:00:00,26.879,26.904,26.854,26.873,46418.21
2026-09-01 20:05:00,26.873,26.873,26.785,26.817,7578.61
2026-09-01 20:10:00,26.817,26.838,26.702,26.765,41296.09
2026-09-01 20:15:00,26.765,26.845,26.73,26.746,54360.4
2026-09-01 20:20:00,26.746,26.77,26.703,26.761,132248.4
2026-09-01 20:25:00,26.761,26.835,26.737,26.812,2555.98
2026-09-01 20:30:00,26.812,26.873,26.786,26.813,66050.86
2026-09-01 20:35:00,26.813,26.876,26.797,26.845,1240.54
2026-09-01 20:40:00,26.845,27.07,26.835,26.971,8006.76
2026-09-01 20:45:00,26.971,27.041,26.891,26.914,8855.04
2026-09-01 20:50:00,26.914,26.92,26.818,26.841,65831.03
2026-09-01 20:55:00,26.841,26.865,26.713,26.718,204660.61
2026-09-01 21:00:00,26.718,26.784,26.662,26.671,19226.46
2026-09-01 21:05:00,26.671,26.723,26.639,26.701,28584.93
2026-09-01 21:10:00,26.701,26.717,26.579,26.613,71741.6
2026-09-01 21:15:00,26.613,26.642,26.493,26.515,222043.11
2026-09-01 21:20:00,26.515,26.542,26.495,26.512,102346.4
2026-09-01 21:25:00,26.512,26.564,26.454,26.456,72193.28
2026-09-01 21:30:00,26.456,26.469,26.417,26.437,96929.05
2026-09-01 21:35:00,26.437,26.533,26.384,26.424,35417.44
2026-09-01 21:40:00,26.424,26.523,26.341,26.501,83900.57
2026-09-01 21:45:00,26.501,26.574,26.392,26.551,10524.23
2026-09-01 21:50:00,26.551,26.603,26.498,26.583,16497.22
2026-09-01 21:55:00,26.583,26.605,26.521,26.565,20884.79
2026-09-01 22:00:00,26.565,26.623,26.472,26.611,383634.5
2026-09-01 22:05:00,26.611,26.78,26.573,26.775,71211.38
2026-09-01 22:10:00,26.775,26.787,26.578,26.613,7525.25
2026-09-01 22:15:00,26.613,26.671,26.611,26.655,127993.66
2026-09-01 22:20:00,26.655,26.745,26.611,26.721,10766.28
2026-09-01 22:25:00,26.721,26.795,26.678,26.771,180979.01
2026-09-01 22:30:00,26.771,26.9,26.77,26.869,139038.3
2026-09-01 22:35:00,26.869,26.959,26.811,26.811,7632.12
2026-09-01 22:40:00,26.811,26.846,26.723,26.791,21484.68
2026-09-01 22:45:00,26.791,26.793,26.771,26.784,37361.5
2026-09-01 22:50:00,26.784,26.786,26.751,26.766,10248.47
2026-09-01 22:55:00,26.766,26.817,26.642,26.704,2360.82
2026-09-01 23:00:00,26.704,26.764,26.615,26.64,66826.96
2026-09-01 23:05:00,26.64,26.711,26.548,26.567,291517.22
2026-09-01 23:10:00,26.567,26.632,26.477,26.616,153127.96
2026-09-01 23:15:00,26.616,26.625,26.601,26.61,15308.92
2026-09-01 23:20:00,26.61,26.725,26.523,26.695,18578.59
2026-09-01 23:25:00,26.695,26.699,26.662,26.676,190482.83
2026-09-01 23:30:00,26.676,26.698,26.656,26.674,22851.16
2026-09-01 23:35:00,26.674,26.745,26.645,26.711,88644.69
2026-09-01 23:40:00,26.711,26.896,26.667,26.784,96788.49
2026-09-01 23:45:00,26.784,26.8,26.742,26.775,41938.64
2026-09-01 23:50:00,26.775,26.865,26.737,26.763,53276.75
2026-09-01 23:55:00,26.763,26.794,26.721,26.754,682.32
2026-09-02 00:00:00,26.754,26.793,26.709,26.748,99960.22
2026-09-02 00:05:00,26.748,26.773,26.613,26.668,216540.62
2026-09-02 00:10:00,26.668,26.679,26.517,26.527,16097.91
2026-09-02 00:15:00,26.527,26.609,26.466,26.561,2833.27
2026-09-02 00:20:00,26.561,26.588,26.448,26.5,107119.88
2026-09-02 00:25:00,26.5,26.52,26.407,26.471,44714.59
2026-09-02 00:30:00,26.471,26.61,26.449,26.61,95351.91
2026-09-02 00:35:00,26.61,26.668,26.506,26.568,173890.13
2026-09-02 00:40:00,26.568,26.569,26.439,26.53,58690.09
2026-09-02 00:45:00,26.53,26.576,26.462,26.546,6215.67
2026-09-02 00:50:00,26.546,26.6,26.519,26.53,375.29
2026-09-02 00:55:00,26.53,26.613,26.477,26.512,134694.31
2026-09-02 01:00:00,26.512,26.637,26.433,26.543,42769.81
2026-09-02 01:05:00,26.543,26.561,26.486,26.503,6230.2
2026-09-02 01:10:00,26.503,26.654,26.433,26.618,45152.47
2026-09-02 01:15:00,26.618,26.636,26.54,26.598,23519.95
2026-09-02 01:20:00,26.598,26.638,26.591,26.626,49549.46
2026-09-02 01:25:00,26.626,26.785,26.614,26.707,7147.26
2026-09-02 01:30:00,26.707,26.863,26.696,26.808,10739.14
2026-09-02 01:35:00,26.808,26.825,26.7,26.715,62561.57
2026-09-02 01:40:00,26.715,26.777,26.675,26.755,75873.45
2026-09-02 01:45:00,26.755,26.906,26.727,26.824,27134.1
2026-09-02 01:50:00,26.824,26.867,26.778,26.842,76290.0
2026-09-02 01:55:00,26.842,26.883,26.769,26.783,30825.44
2026-09-02 02:00:00,26.783,26.831,26.735,26.768,10601.39
2026-09-02 02:05:00,26.768,26.811,26.683,26.723,45906.09
2026-09-02 02:10:00,26.723,26.791,26.673,26.727,92522.93
2026-09-02 02:15:00,26.727,26.813,26.69,26.719,71697.05
2026-09-02 02:20:00,26.719,26.719,26.572,26.658,39903.06
2026-09-02 02:25:00,26.658,26.673,26.559,26.642,30212.88
2026-09-02 02:30:00,26.642,26.734,26.601,26.612,7847.89
2026-09-02 02:35:00,26.612,26.625,26.567,26.588,62919.2
2026-09-02 02:40:00,26.588,26.618,26.582,26.607,11223.05
2026-09-02 02:45:00,26.607,26.641,26.549,26.557,171412.73
2026-09-02 02:50:00,26.557,26.565,26.523,26.539,33596.88
2026-09-02 02:55:00,26.539,26.546,26.488,26.521,49777.43
2026-09-02 03:00:00,26.521,26.686,26.478,26.627,88180.08
2026-09-02 03:05:00,26.627,26.665,26.62,26.626,86634.07
2026-09-02 03:10:00,26.626,26.676,26.609,26.649,22136.06
2026-09-02 03:15:00,26.649,26.736,26.626,26.641,17861.41
2026-09-02 03:20:00,26.641,26.721,26.61,26.682,40815.52
2026-09-02 03:25:00,26.682,26.693,26.592,26.635,130988.84
2026-09-02 03:30:00,26.635,26.671,26.499,26.558,48106.28
2026-09-02 03:35:00,26.558,26.59,26.525,26.544,11151.32
2026-09-02 03:40:00,26.544,26.551,26.378,26.456,44566.43
2026-09-02 03:45:00,26.456,26.54,26.407,26.519,350272.13
2026-09-02 03:50:00,26.519,26.601,26.485,26.523,41016.16
2026-09-02 03:55:00,26.523,26.542,26.365,26.424,16626.26
2026-09-02 04:00:00,26.424,26.468,26.346,26.458,69532.92
2026-09-02 04:05:00,26.458,26.554,26.378,26.531,572229.53
2026-09-02 04:10:00,26.531,26.667,26.488,26.651,82255.67
2026-09-02 04:15:00,26.651,26.688,26.493,26.548,79507.41
2026-09-02 04:20:00,26.548,26.62,26.525,26.588,97218.86
2026-09-02 04:25:00,26.588,26.628,26.505,26.541,87740.77
2026-09-02 04:30:00,26.541,26.677,26.526,26.657,107118.18
2026-09-02 04:35:00,26.657,26.672,26.653,26.665,83826.57
2026-09-02 04:40:00,26.665,26.73,26.576,26.7,53773.53
2026-09-02 04:45:00,26.7,26.821,26.632,26.783,45904.49
2026-09-02 04:50:00,26.783,26.828,26.778,26.814,38987.02
2026-09-02 04:55:00,26.814,26.927,26.743,26.889,24092.31
2026-09-02 05:00:00,26.889,26.97,26.871,26.938,136448.04
2026-09-02 05:05:00,26.938,27.004,26.868,26.886,492637.72
2026-09-02 05:10:00,26.886,26.994,26.85,26.976,126559.06
2026-09-02 05:15:00,26.976,27.076,26.919,26.939,69632.74
2026-09-02 05:20:00,26.939,26.954,26.867,26.911,248910.61
2026-09-02 05:25:00,26.911,26.991,26.871,26.879,30024.33
2026-09-02 05:30:00,26.879,26.92,26.87,26.878,4499.29
2026-09-02 05:35:00,26.878,26.952,26.811,26.823,42087.06
2026-09-02 05:40:00,26.823,26.837,26.723,26.831,7604.88
2026-09-02 05:45:00,26.831,26.93,26.741,26.87,10202.58
2026-09-02 05:50:00,26.87,26.893,26.83,26.854,1877.45
2026-09-02 05:55:00,26.854,27.003,26.778,26.955,4523.1
2026-09-02 06:00:00,26.955,27.02,26.888,26.901,26994.17
2026-09-02 06:05:00,26.901,26.986,26.847,26.87,131958.66
2026-09-02 06:10:00,26.87,26.911,26.808,26.902,85910.04
2026-09-02 06:15:00,26.902,26.947,26.83,26.874,14994.38
2026-09-02 06:20:00,26.874,26.983,26.786,26.809,305707.81
2026-09-02 06:25:00,26.809,26.888,26.736,26.881,12239.7
2026-09-02 06:30:00,26.881,26.924,26.796,26.844,18217.92
2026-09-02 06:35:00,26.844,26.856,26.732,26.786,8805.44
2026-09-02 06:40:00,26.786,26.866,26.776,26.827,1341.13
2026-09-02 06:45:00,26.827,26.887,26.755,26.792,22124.42
2026-09-02 06:50:00,26.792,26.826,26.727,26.792,24315.54
2026-09-02 06:55:00,26.792,26.897,26.719,26.742,19072.55
2026-09-02 07:00:00,26.742,26.783,26.741,26.78,148663.18
2026-09-02 07:05:00,26.78,26.794,26.725,26.728,41751.65
2026-09-02 07:10:00,26.728,26.823,26.716,26.754,31510.98
2026-09-02 07:15:00,26.754,26.803,26.736,26.767,13320.86
2026-09-02 07:20:00,26.767,26.808,26.645,26.682,7610.16
2026-09-02 07:25:00,26.682,26.756,26.664,26.719,97684.42
2026-09-02 07:30:00,26.719,26.83,26.632,26.81,90425.7
2026-09-02 07:35:00,26.81,26.875,26.745,26.866,109732.42
2026-09-02 07:40:00,26.866,26.883,26.819,26.83,6868.57
2026-09-02 07:45:00,26.83,26.893,26.799,26.815,4584.46
2026-09-02 07:50:00,26.815,26.927,26.774,26.839,4651.55
2026-09-02 07:55:00,26.839,26.931,26.801,26.878,19482.61
2026-09-02 08:00:00,26.878,26.909,26.874,26.898,135685.43
2026-09-02 08:05:00,26.898,27.034,26.897,27.032,85959.57
2026-09-02 08:10:00,27.032,27.086,26.97,26.981,184039.84
2026-09-02 08:15:00,26.981,27.084,26.907,26.931,154548.1
2026-09-02 08:20:00,26.931,26.947,26.855,26.866,40666.35
2026-09-02 08:25:00,26.866,26.911,26.786,26.804,58875.26
2026-09-02 08:30:00,26.804,27.037,26.767,26.943,58287.99
2026-09-02 08:35:00,26.943,27.05,26.859,26.872,217255.82
2026-09-02 08:40:00,26.872,26.921,26.813,26.88,22371.04
2026-09-02 08:45:00,26.88,26.935,26.797,26.934,11963.95
2026-09-02 08:50:00,26.934,26.957,26.814,26.859,52134.69
2026-09-02 08:55:00,26.859,27.068,26.856,26.942,90924.57
2026-09-02 09:00:00,26.942,26.999,26.884,26.897,147364.61
2026-09-02 09:05:00,26.897,26.96,26.858,26.941,119501.14
2026-09-02 09:10:00,26.941,26.996,26.885,26.914,75653.03
2026-09-02 09:15:00,26.914,26.969,26.813,26.871,3230.81
2026-09-02 09:20:00,26.871,26.955,26.744,26.794,47828.22
2026-09-02 09:25:00,26.794,26.914,26.789,26.835,323470.21
2026-09-02 09:30:00,26.835,26.881,26.814,26.874,65817.96
2026-09-02 09:35:00,26.874,26.892,26.835,26.878,13754.39
2026-09-02 09:40:00,26.878,26.895,26.816,26.852,13161.4
2026-09-02 09:45:00,26.852,26.865,26.794,26.849,109784.86
2026-09-02 09:50:00,26.849,26.907,26.691,26.715,104479.79
2026-09-02 09:55:00,26.715,26.716,26.66,26.705,21895.13
2026-09-02 10:00:00,26.705,26.743,26.52,26.552,2669.49
2026-09-02 10:05:00,26.552,26.642,26.547,26.6,163402.58
2026-09-02 10:10:00,26.6,26.611,26.508,26.538,63600.01
2026-09-02 10:15:00,26.538,26.609,26.519,26.539,7824.03
2026-09-02 10:20:00,26.539,26.61,26.538,26.596,31675.69
2026-09-02 10:25:00,26.596,26.654,26.525,26.605,42619.73
2026-09-02 10:30:00,26.605,26.717,26.512,26.691,18363.69
2026-09-02 10:35:00,26.691,26.764,26.659,26.749,115411.68
2026-09-02 10:40:00,26.749,26.809,26.718,26.743,115749.75
2026-09-02 10:45:00,26.743,26.755,26.65,26.723,59092.09
2026-09-02 10:50:00,26.723,26.764,26.717,26.757,46675.27
2026-09-02 10:55:00,26.757,26.818,26.684,26.692,10430.25
2026-09-02 11:00:00,26.692,26.736,26.653,26.715,26629.84
2026-09-02 11:05:00,26.715,26.725,26.599,26.612,4958.58
2026-09-02 11:10:00,26.612,26.668,26.565,26.582,36574.79
2026-09-02 11:15:00,26.582,26.629,26.396,26.416,1173.85
2026-09-02 11:20:00,26.416,26.459,26.323,26.389,59333.27
2026-09-02 11:25:00,26.389,26.47,26.353,26.44,30518.28
2026-09-02 11:30:00,26.44,26.547,26.371,26.5,78185.18
2026-09-02 11:35:00,26.5,26.553,26.45,26.546,43767.18
2026-09-02 11:40:00,26.546,26.588,26.521,26.559,35253.01
2026-09-02 11:45:00,26.559,26.559,26.389,26.463,1697.91
2026-09-02 11:50:00,26.463,26.522,26.44,26.46,73493.75
2026-09-02 11:55:00,26.46,26.467,26.385,26.457,793.34
2026-09-02 12:00:00,26.457,26.57,26.425,26.5,60241.07
2026-09-02 12:05:00,26.5,26.56,26.49,26.531,37553.08
2026-09-02 12:10:00,26.531,26.543,26.472,26.477,228814.12
2026-09-02 12:15:00,26.477,26.641,26.46,26.631,235154.53
2026-09-02 12:20:00,26.631,26.872,26.61,26.717,7612.5
2026-09-02 12:25:00,26.717,26.76,26.673,26.679,14200.35
2026-09-02 12:30:00,26.679,26.709,26.618,26.675,23285.25
2026-09-02 12:35:00,26.675,26.692,26.594,26.654,133446.4
2026-09-02 12:40:00,26.654,26.713,26.554,26.588,15282.84
2026-09-02 12:45:00,26.588,26.617,26.553,26.575,17573.6
2026-09-02 12:50:00,26.575,26.635,26.541,26.631,349315.22
2026-09-02 12:55:00,26.631,26.852,26.578,26.765,5037.46
2026-09-02 13:00:00,26.765,26.867,26.718,26.865,74716.3
2026-09-02 13:05:00,26.865,26.939,26.856,26.917,52145.77
2026-09-02 13:10:00,26.917,26.948,26.848,26.935,51651.67
2026-09-02 13:15:00,26.935,27.053,26.713,26.777,39541.18
2026-09-02 13:20:00,26.777,26.797,26.711,26.734,132422.64
2026-09-02 13:25:00,26.734,26.771,26.688,26.701,102048.72
2026-09-02 13:30:00,26.701,26.887,26.647,26.885,10922.0
2026-09-02 13:35:00,26.885,26.997,26.848,26.993,33738.05
2026-09-02 13:40:00,26.993,27.094,26.977,27.035,10085.49
2026-09-02 13:45:00,27.035,27.134,26.974,26.998,7679.94
2026-09-02 13:50:00,26.998,27.04,26.916,26.933,57993.61
2026-09-02 13:55:00,26.933,27.006,26.916,26.982,12660.08
2026-09-02 14:00:00,26.982,27.049,26.968,27.04,52637.5
2026-09-02 14:05:00,27.04,27.088,27.0,27.012,209759.76
2026-09-02 14:10:00,27.012,27.107,27.001,27.104,6709.57
2026-09-02 14:15:00,27.104,27.198,27.039,27.066,841413.16
2026-09-02 14:20:00,27.066,27.126,26.984,26.994,49916.21
2026-09-02 14:25:00,26.994,26.995,26.964,26.992,16926.09
2026-09-02 14:30:00,26.992,27.06,26.935,26.946,5232.95
2026-09-02 14:35:00,26.946,27.084,26.927,27.078,2811.37
2026-09-02 14:40:00,27.078,27.131,27.01,27.026,178928.65
2026-09-02 14:45:00,27.026,27.052,26.9,26.944,67364.09
2026-09-02 14:50:00,26.944,27.058,26.868,26.973,10241.47
2026-09-02 14:55:00,26.973,26.996,26.914,26.955,100780.04
2026-09-02 15:00:00,26.955,26.983,26.9,26.953,68556.45
2026-09-02 15:05:00,26.953,27.021,26.812,26.856,16248.54
2026-09-02 15:10:00,26.856,26.938,26.856,26.859,6582.61
2026-09-02 15:15:00,26.859,26.865,26.759,26.789,2856.72
2026-09-02 15:20:00,26.789,26.882,26.742,26.852,3244.82
2026-09-02 15:25:00,26.852,27.021,26.778,26.98,38957.18
2026-09-02 15:30:00,26.98,26.99,26.863,26.926,39391.21
2026-09-02 15:35:00,26.926,27.014,26.836,26.867,14624.12
2026-09-02 15:40:00,26.867,26.987,26.825,26.976,22619.88
2026-09-02 15:45:00,26.976,27.132,26.972,27.099,31188.86
2026-09-02 15:50:00,27.099,27.185,27.015,27.026,195501.37
2026-09-02 15:55:00,27.026,27.066,26.852,26.905,16549.74
2026-09-02 16:00:00,26.905,26.95,26.895,26.933,18545.04
2026-09-02 16:05:00,26.933,26.948,26.915,26.935,53041.5
2026-09-02 16:10:00,26.935,27.109,26.924,27.108,31461.34
2026-09-02 16:15:00,27.108,27.158,27.067,27.141,2137.61
2026-09-02 16:20:00,27.141,27.205,27.062,27.071,222552.1
2026-09-02 16:25:00,27.071,27.074,27.056,27.069,8315.4
2026-09-02 16:30:00,27.069,27.091,27.061,27.065,125815.71
2026-09-02 16:35:00,27.065,27.135,27.025,27.047,27518.44
2026-09-02 16:40:00,27.047,27.082,27.013,27.024,121882.16
2026-09-02 16:45:00,27.024,27.065,26.97,27.053,28231.1
2026-09-02 16:50:00,27.053,27.168,27.003,27.019,150026.49
2026-09-02 16:55:00,27.019,27.036,26.872,26.877,52739.67
2026-09-02 17:00:00,26.877,26.908,26.769,26.843,93596.84
2026-09-02 17:05:00,26.843,27.02,26.79,26.94,36926.3
2026-09-02 17:10:00,26.94,27.093,26.893,27.06,65256.38
2026-09-02 17:15:00,27.06,27.179,27.059,27.163,26295.07
2026-09-02 17:20:00,27.163,27.274,27.098,27.117,55110.66
2026-09-02 17:25:00,27.117,27.195,27.093,27.096,119085.62
2026-09-02 17:30:00,27.096,27.168,27.077,27.164,91006.55
2026-09-02 17:35:00,27.164,27.165,27.092,27.101,2104.35
2026-09-02 17:40:00,27.101,27.191,27.055,27.071,112982.33
2026-09-02 17:45:00,27.071,27.178,27.023,27.04,10805.4
2026-09-02 17:50:00,27.04,27.091,27.001,27.072,3691.08
2026-09-02 17:55:00,27.072,27.076,26.886,26.952,57907.91
2026-09-02 18:00:00,26.952,26.975,26.95,26.973,77497.55
2026-09-02 18:05:00,26.973,26.982,26.856,26.913,20305.72
2026-09-02 18:10:00,26.913,26.98,26.869,26.895,23548.03
2026-09-02 18:15:00,26.895,26.9,26.82,26.824,50054.9
2026-09-02 18:20:00,26.824,26.864,26.77,26.858,10174.36
2026-09-02 18:25:00,26.858,26.874,26.813,26.842,3052.14
2026-09-02 18:30:00,26.842,26.869,26.829,26.839,17163.49
2026-09-02 18:35:00,26.839,26.871,26.798,26.803,22059.42
2026-09-02 18:40:00,26.803,26.907,26.772,26.844,191803.21
2026-09-02 18:45:00,26.844,26.938,26.772,26.855,68743.36
2026-09-02 18:50:00,26.855,26.869,26.736,26.755,49670.59
2026-09-02 18:55:00,26.755,26.865,26.734,26.788,13695.88
2026-09-02 19:00:00,26.788,26.865,26.769,26.863,38145.88
2026-09-02 19:05:00,26.863,26.873,26.819,26.824,5560.79
2026-09-02 19:10:00,26.824,26.839,26.74,26.805,36497.71
2026-09-02 19:15:00,26.805,26.936,26.782,26.907,146957.14
2026-09-02 19:20:00,26.907,27.008,26.855,26.947,144232.39
2026-09-02 19:25:00,26.947,26.964,26.781,26.792,44246.61
2026-09-02 19:30:00,26.792,26.838,26.732,26.754,67003.82
2026-09-02 19:35:00,26.754,26.809,26.702,26.801,72647.79
2026-09-02 19:40:00,26.801,26.86,26.792,26.815,3165.82
2026-09-02 19:45:00,26.815,26.863,26.796,26.831,17622.2
2026-09-02 19:50:00,26.831,26.853,26.773,26.781,3796.31
2026-09-02 19:55:00,26.781,26.848,26.774,26.788,70600.25
2026-09-02 20:00:00,26.788,26.856,26.778,26.853,73313.61
2026-09-02 20:05:00,26.853,27.044,26.843,26.931,78544.17
2026-09-02 20:10:00,26.931,26.992,26.884,26.983,107297.17
2026-09-02 20:15:00,26.983,27.034,26.95,26.984,687.41
2026-09-02 20:20:00,26.984,26.989,26.861,26.895,9646.27
2026-09-02 20:25:00,26.895,26.943,26.887,26.922,60631.11
2026-09-02 20:30:00,26.922,26.965,26.868,26.896,76290.38
2026-09-02 20:35:00,26.896,26.925,26.872,26.877,34008.66
2026-09-02 20:40:00,26.877,26.964,26.827,26.938,129720.85
2026-09-02 20:45:00,26.938,26.94,26.906,26.92,49590.36
2026-09-02 20:50:00,26.92,26.924,26.811,26.814,2307.15
2026-09-02 20:55:00,26.814,26.902,26.806,26.884,34221.2
2026-09-02 21:00:00,26.884,26.9,26.766,26.825,46354.04
2026-09-02 21:05:00,26.825,26.905,26.816,26.85,30328.62
2026-09-02 21:10:00,26.85,26.983,26.791,26.956,259016.85
2026-09-02 21:15:00,26.956,26.978,26.812,26.838,308.71
2026-09-02 21:20:00,26.838,26.911,26.761,26.785,36985.29
2026-09-02 21:25:00,26.785,26.798,26.663,26.753,38794.88
2026-09-02 21:30:00,26.753,26.85,26.651,26.833,41085.83
2026-09-02 21:35:00,26.833,26.844,26.803,26.826,2493.18
2026-09-02 21:40:00,26.826,26.836,26.771,26.831,117769.01
2026-09-02 21:45:00,26.831,26.867,26.721,26.724,28343.57
2026-09-02 21:50:00,26.724,26.808,26.666,26.724,17121.57
2026-09-02 21:55:00,26.724,26.819,26.712,26.802,1085.4
2026-09-02 22:00:00,26.802,26.872,26.757,26.856,66514.26
2026-09-02 22:05:00,26.856,26.914,26.84,26.851,42024.99
2026-09-02 22:10:00,26.851,26.905,26.843,26.872,33800.45
2026-09-02 22:15:00,26.872,26.88,26.694,26.743,50171.55
2026-09-02 22:20:00,26.743,26.782,26.702,26.714,22894.36
2026-09-02 22:25:00,26.714,26.758,26.659,26.748,90941.87
2026-09-02 22:30:00,26.748,26.874,26.682,26.723,12550.43
2026-09-02 22:35:00,26.723,26.782,26.666,26.757,88104.9
2026-09-02 22:40:00,26.757,26.808,26.656,26.701,3506.28
2026-09-02 22:45:00,26.701,26.79,26.688,26.748,60152.76
2026-09-02 22:50:00,26.748,26.781,26.677,26.744,193033.7
2026-09-02 22:55:00,26.744,26.747,26.597,26.633,16724.54
2026-09-02 23:00:00,26.633,26.674,26.597,26.663,56380.74
2026-09-02 23:05:00,26.663,26.794,26.646,26.713,77413.06
2026-09-02 23:10:00,26.713,26.772,26.625,26.747,189404.54
2026-09-02 23:15:00,26.747,26.814,26.743,26.803,10052.06
2026-09-02 23:20:00,26.803,26.886,26.754,26.856,85365.51
2026-09-02 23:25:00,26.856,26.907,26.856,26.867,70360.68
2026-09-02 23:30:00,26.867,26.96,26.848,26.885,15811.37
2026-09-02 23:35:00,26.885,27.03,26.82,26.978,10552.54
2026-09-02 23:40:00,26.978,27.027,26.927,27.006,19586.02
2026-09-02 23:45:00,27.006,27.102,26.965,26.991,28782.1
2026-09-02 23:50:00,26.991,27.002,26.891,26.997,14748.7
2026-09-02 23:55:00,26.997,27.012,26.961,26.974,14868.75
2026-09-03 00:00:00,26.974,27.033,26.912,26.937,1114.45
2026-09-03 00:05:00,26.937,26.995,26.861,26.884,205960.2
2026-09-03 00:10:00,26.884,26.888,26.838,26.84,49756.84
2026-09-03 00:15:00,26.84,26.87,26.772,26.8,21195.95
2026-09-03 00:20:00,26.8,26.826,26.779,26.802,579.55
2026-09-03 00:25:00,26.802,26.804,26.787,26.799,85483.8
2026-09-03 00:30:00,26.799,26.867,26.658,26.671,45576.93
2026-09-03 00:35:00,26.671,26.674,26.606,26.629,41422.83
2026-09-03 00:40:00,26.629,26.69,26.578,26.643,50390.98
2026-09-03 00:45:00,26.643,26.733,26.597,26.712,202688.61
2026-09-03 00:50:00,26.712,26.835,26.698,26.76,94024.42
2026-09-03 00:55:00,26.76,26.866,26.658,26.706,38493.44
2026-09-03 01:00:00,26.706,26.709,26.659,26.663,96726.7
2026-09-03 01:05:00,26.663,26.727,26.577,26.709,18756.51
2026-09-03 01:10:00,26.709,26.738,26.662,26.701,24150.55
2026-09-03 01:15:00,26.701,26.766,26.609,26.741,72625.5
2026-09-03 01:20:00,26.741,26.837,26.73,26.812,43711.65
2026-09-03 01:25:00,26.812,26.952,26.796,26.932,123035.61
2026-09-03 01:30:00,26.932,27.041,26.881,26.893,368310.12
2026-09-03 01:35:00,26.893,26.928,26.766,26.841,59861.02
2026-09-03 01:40:00,26.841,26.854,26.762,26.775,68531.16
2026-09-03 01:45:00,26.775,26.862,26.732,26.842,76666.08
2026-09-03 01:50:00,26.842,26.936,26.818,26.903,154335.86
2026-09-03 01:55:00,26.903,26.918,26.795,26.805,7805.33
2026-09-03 02:00:00,26.805,26.828,26.771,26.822,15632.88
2026-09-03 02:05:00,26.822,26.898,26.756,26.887,68914.52
2026-09-03 02:10:00,26.887,26.964,26.862,26.945,183676.55
2026-09-03 02:15:00,26.945,26.986,26.898,26.918,216120.96
2026-09-03 02:20:00,26.918,27.007,26.869,26.9,25657.05
2026-09-03 02:25:00,26.9,26.994,26.846,26.867,4082.98
2026-09-03 02:30:00,26.867,26.868,26.776,26.833,2537.92
2026-09-03 02:35:00,26.833,26.969,26.797,26.903,62078.37
2026-09-03 02:40:00,26.903,26.917,26.865,26.913,107391.8
2026-09-03 02:45:00,26.913,26.945,26.836,26.899,14092.87
2026-09-03 02:50:00,26.899,26.918,26.88,26.908,33958.94
2026-09-03 02:55:00,26.908,27.008,26.85,27.003,9428.61
2026-09-03 03:00:00,27.003,27.142,26.965,27.094,32770.08
2026-09-03 03:05:00,27.094,27.103,27.069,27.094,2052.85
2026-09-03 03:10:00,27.094,27.175,27.006,27.015,11519.01
2026-09-03 03:15:00,27.015,27.029,26.943,26.945,48372.7
2026-09-03 03:20:00,26.945,26.948,26.858,26.9,14308.85
2026-09-03 03:25:00,26.9,26.919,26.789,26.822,57071.3
